race_url,race_id,race_name,finish_position,frame_number,horse_number,horse_name,sex_age,weight,jockey,popularity,odds,time,margin,passing_order,last_3f,trainer,horse_weight,indices,expected_race_name,expected_date,expected_year,race_id_keibalab
https://www.keibalab.jp/db/race/202502150511/,202502150511,,1,5,7,エンブロイダリー,牝3,55.0,ルメール,3,4.9,1:32.2,,②②,34.9,[美]森一誠,482(＋8),オメガ指数を見るには、会員の方はログイン会員でない方は会員登録してご覧下さい,フェブラリーS,2025-02-15,2025,202502150511
https://www.keibalab.jp/db/race/202502150511/,202502150511,,2,4,6,マピュース,牝3,55.0,田辺裕信,8,23.4,1:32.6,２1/2,⑦④,34.8,[美]和田勇介,494(0),,フェブラリーS,2025-02-15,2025,202502150511
https://www.keibalab.jp/db/race/202502150511/,202502150511,,3,8,13,エストゥペンダ,牝3,55.0,三浦皇成,6,16.2,1:32.8,１1/2,⑫⑪,34.3,[美]高柳瑞樹,442(0),,フェブラリーS,2025-02-15,2025,202502150511
https://www.keibalab.jp/db/race/202502150511/,202502150511,,4,7,12,コートアリシアン,牝3,55.0,坂井瑠星,4,6.9,1:33.1,１3/4,⑦⑨,34.8,[美]伊藤大士,440(－2),,フェブラリーS,2025-02-15,2025,202502150511
https://www.keibalab.jp/db/race/202502150511/,202502150511,,5,2,2,スライビングロード,牝3,55.0,菅原明良,9,35.1,1:33.2,クビ,⑨⑦,35.1,[栗]福永祐一,454(0),,フェブラリーS,2025-02-15,2025,202502150511
https://www.keibalab.jp/db/race/202502150511/,202502150511,,6,7,11,マディソンガール,牝3,55.0,川田将雅,1,2.6,1:33.3,1/2,⑭⑬,34.6,[栗]中内田充,442(－6),,フェブラリーS,2025-02-15,2025,202502150511
https://www.keibalab.jp/db/race/202502150511/,202502150511,,7,4,5,ロートホルン,牝3,55.0,横山武史,5,12.7,1:33.3,クビ,①①,36.1,[美]加藤征弘,462(－4),,フェブラリーS,2025-02-15,2025,202502150511
https://www.keibalab.jp/db/race/202502150511/,202502150511,,8,5,8,ティラトーレ,牝3,55.0,木幡巧也,7,19.2,1:33.3,アタマ,③③,35.8,[美]牧光二,486(－2),,フェブラリーS,2025-02-15,2025,202502150511
https://www.keibalab.jp/db/race/202502150511/,202502150511,,9,3,4,ショウナンザナドゥ,牝3,55.0,池添謙一,2,4.8,1:33.4,クビ,④④,35.6,[栗]松下武士,432(－6),,フェブラリーS,2025-02-15,2025,202502150511
https://www.keibalab.jp/db/race/202502150511/,202502150511,,10,6,10,ロンドボス,牝3,55.0,戸崎圭太,10,39.7,1:33.9,３1/2,⑬⑬,35.2,[栗]藤原英昭,446(－2),,フェブラリーS,2025-02-15,2025,202502150511
https://www.keibalab.jp/db/race/202502150511/,202502150511,,11,1,1,ヴィヴァラリス,牝3,55.0,キング,12,97.1,1:34.1,3/4,⑩⑨,35.9,[美]尾関知人,392(－8),,フェブラリーS,2025-02-15,2025,202502150511
https://www.keibalab.jp/db/race/202502150511/,202502150511,,12,6,9,レイユール,牝3,55.0,嶋田純次,11,45.4,1:34.6,３,⑩⑪,36.1,[美]手塚貴久,412(－4),,フェブラリーS,2025-02-15,2025,202502150511
https://www.keibalab.jp/db/race/202502150511/,202502150511,,13,8,14,ギフテッド,牝3,55.0,岩田康誠,13,233.5,1:35.0,２1/2,④⑦,36.9,[美]武井亮,452(－6),,フェブラリーS,2025-02-15,2025,202502150511
https://www.keibalab.jp/db/race/202502150511/,202502150511,,14,3,3,ミラーダカリエンテ,牝3,55.0,石川裕紀,14,257.0,1:35.1,1/2,④④,37.3,[美]相沢郁,474(＋2),,フェブラリーS,2025-02-15,2025,202502150511
https://www.keibalab.jp/db/race/202502150512/,202502150512,,1,3,5,(地)シンバーシア,牝4,56.0,戸崎圭太,5,7.6,1:33.5,,①①,35.2,[美]萩原清,458(＋5),オメガ指数を見るには、会員の方はログイン会員でない方は会員登録してご覧下さい,フェブラリーS,2025-02-15,2025,202502150512
https://www.keibalab.jp/db/race/202502150512/,202502150512,,2,8,15,レッドレナート,牡4,55.0,▲長浜鴻,13,125.9,1:33.5,クビ,②②,35.1,[美]手塚貴久,496(－2),,フェブラリーS,2025-02-15,2025,202502150512
https://www.keibalab.jp/db/race/202502150512/,202502150512,,3,1,1,エフォートレス,牡4,58.0,横山和生,1,3.7,1:33.6,１,④③,35.1,[美]嘉藤貴行,478(＋4),,フェブラリーS,2025-02-15,2025,202502150512
https://www.keibalab.jp/db/race/202502150512/,202502150512,,4,5,10,エールトゥヘヴン,牡6,58.0,大野拓弥,7,15.1,1:33.8,3/4,⑪⑨,34.8,[美]戸田博文,466(－2),,フェブラリーS,2025-02-15,2025,202502150512
https://www.keibalab.jp/db/race/202502150512/,202502150512,,5,1,2,ゴールドシーン,セ5,58.0,津村明秀,4,7.6,1:33.9,3/4,⑫⑫,34.6,[美]林徹,462(＋6),,フェブラリーS,2025-02-15,2025,202502150512
https://www.keibalab.jp/db/race/202502150512/,202502150512,,6,4,7,ドリーミングアップ,牡4,58.0,吉田豊,8,16.0,1:34.0,１,⑯⑮,34.1,[美]高橋文雅,472(－4),,フェブラリーS,2025-02-15,2025,202502150512
https://www.keibalab.jp/db/race/202502150512/,202502150512,,7,2,4,ヴァンガーズハート,セ6,58.0,北村宏司,2,4.7,1:34.0,ハナ,⑧⑥,35.1,[美]鹿戸雄一,532(＋4),,フェブラリーS,2025-02-15,2025,202502150512
https://www.keibalab.jp/db/race/202502150512/,202502150512,,8,8,16,シルバースペード,牡5,58.0,キング,9,21.2,1:34.3,１1/2,⑨⑩,35.2,[美]小野次郎,484(＋12),,フェブラリーS,2025-02-15,2025,202502150512
https://www.keibalab.jp/db/race/202502150512/,202502150512,,9,3,6,ダノンアーリー,セ6,58.0,岩田康誠,12,97.9,1:34.4,1/2,⑭⑬,34.8,[美]森一誠,476(＋2),,フェブラリーS,2025-02-15,2025,202502150512
https://www.keibalab.jp/db/race/202502150512/,202502150512,,10,5,9,グランカンタンテ,牝4,56.0,菅原明良,11,73.8,1:34.6,１1/4,⑨⑩,35.5,[美]鹿戸雄一,416(－10),,フェブラリーS,2025-02-15,2025,202502150512
https://www.keibalab.jp/db/race/202502150512/,202502150512,,11,2,3,ハーエクセレンシー,牝5,56.0,坂井瑠星,6,15.0,1:34.7,1/2,⑤⑤,36.0,[美]大和田成,440(＋14),,フェブラリーS,2025-02-15,2025,202502150512
https://www.keibalab.jp/db/race/202502150512/,202502150512,,12,6,12,ジュンブライト,牝5,56.0,三浦皇成,3,5.2,1:34.7,クビ,⑬⑬,35.1,[美]高柳瑞樹,466(0),,フェブラリーS,2025-02-15,2025,202502150512
https://www.keibalab.jp/db/race/202502150512/,202502150512,,13,4,8,(地)ミヤジテン,牝4,56.0,丸田恭介,16,266.8,1:34.8,クビ,⑮⑯,34.7,[美]南田美知,498(－1),,フェブラリーS,2025-02-15,2025,202502150512
https://www.keibalab.jp/db/race/202502150512/,202502150512,,14,7,13,カイトグート,牝4,56.0,柴田大知,10,28.7,1:35.1,２,⑥⑥,36.2,[美]和田雄二,472(＋6),,フェブラリーS,2025-02-15,2025,202502150512
https://www.keibalab.jp/db/race/202502150512/,202502150512,,15,6,11,ホイッスルソング,牝5,55.0,☆原優介,14,142.7,1:35.3,１1/2,⑥⑥,36.4,[美]黒岩陽一,478(＋6),,フェブラリーS,2025-02-15,2025,202502150512
https://www.keibalab.jp/db/race/202502150512/,202502150512,,16,7,14,(地)イズジョーノヒカリ,牝4,56.0,木幡初也,15,216.1,1:36.9,１０,②③,38.4,[美]本間忍,484(－2),,フェブラリーS,2025-02-15,2025,202502150512
https://www.keibalab.jp/db/race/202502160511/,202502160511,,1,2,2,マスカレードボール,牡3,57.0,坂井瑠星,1,3.8,1:46.0,,②③③,33.7,[美]手塚貴久,464(－8),オメガ指数を見るには、会員の方はログイン会員でない方は会員登録してご覧下さい,フェブラリーS,2025-02-16,2025,202502160511
https://www.keibalab.jp/db/race/202502160511/,202502160511,,2,4,4,カラマティアノス,牡3,57.0,戸崎圭太,6,14.1,1:46.1,１,⑥⑥⑤,33.4,[美]奥村武,466(＋4),,フェブラリーS,2025-02-16,2025,202502160511
https://www.keibalab.jp/db/race/202502160511/,202502160511,,3,8,9,リトルジャイアンツ,牡3,57.0,横山典弘,4,5.4,1:46.4,２,⑧⑧⑧,33.3,[美]村田一誠,446(－4),,フェブラリーS,2025-02-16,2025,202502160511
https://www.keibalab.jp/db/race/202502160511/,202502160511,,4,5,5,ネブラディスク,牡3,57.0,武豊,5,5.7,1:46.6,１1/4,⑤⑤⑤,34.0,[栗]福永祐一,442(－6),,フェブラリーS,2025-02-16,2025,202502160511
https://www.keibalab.jp/db/race/202502160511/,202502160511,,5,1,1,サトノカルナバル,牡3,57.0,キング,3,4.1,1:46.7,1/2,③④④,34.2,[美]堀宣行,518(---),,フェブラリーS,2025-02-16,2025,202502160511
https://www.keibalab.jp/db/race/202502160511/,202502160511,,6,6,6,ショウナンマクベス,牡3,57.0,横山和生,8,33.4,1:47.5,５,⑥⑦⑦,34.6,[美]武市康男,482(＋4),,フェブラリーS,2025-02-16,2025,202502160511
https://www.keibalab.jp/db/race/202502160511/,202502160511,,7,7,7,チョングク,牡3,57.0,丸田恭介,9,245.9,1:47.7,１1/4,⑧⑨⑨,34.3,[美]南田美知,472(＋2),,フェブラリーS,2025-02-16,2025,202502160511
https://www.keibalab.jp/db/race/202502160511/,202502160511,,8,8,8,レッドキングリー,牡3,57.0,北村宏司,2,3.9,1:47.7,アタマ,①①①,35.9,[美]木村哲也,504(0),,フェブラリーS,2025-02-16,2025,202502160511
https://www.keibalab.jp/db/race/202502160511/,202502160511,,9,3,3,ワンモアスマイル,牡3,57.0,横山武史,7,26.2,1:48.1,２1/2,③②②,36.2,[栗]藤岡健一,460(＋4),,フェブラリーS,2025-02-16,2025,202502160511
https://www.keibalab.jp/db/race/202502160512/,202502160512,,1,4,7,カフェニクス,牝4,56.0,菅原明良,1,1.8,1:25.0,,②②,35.8,[美]中舘英二,490(＋2),オメガ指数を見るには、会員の方はログイン会員でない方は会員登録してご覧下さい,フェブラリーS,2025-02-16,2025,202502160512
https://www.keibalab.jp/db/race/202502160512/,202502160512,,2,7,12,リンクスルーファス,牝6,53.0,▲長浜鴻,6,19.3,1:25.4,２,⑦⑦,35.4,[美]手塚貴久,516(＋8),,フェブラリーS,2025-02-16,2025,202502160512
https://www.keibalab.jp/db/race/202502160512/,202502160512,,3,3,5,トーセンサウダージ,牡5,58.0,大野拓弥,5,13.7,1:25.7,２,⑨⑨,35.5,[美]杉浦宏昭,538(＋12),,フェブラリーS,2025-02-16,2025,202502160512
https://www.keibalab.jp/db/race/202502160512/,202502160512,,4,7,13,ウォルラス,牡5,58.0,宮崎北斗,11,60.8,1:25.9,１1/4,⑦⑦,36.0,[美]中川公成,516(－2),,フェブラリーS,2025-02-16,2025,202502160512
https://www.keibalab.jp/db/race/202502160512/,202502160512,,5,2,3,メモリーグラス,牡5,58.0,三浦皇成,4,9.3,1:26.0,クビ,⑤⑤,36.4,[美]松永康利,492(－4),,フェブラリーS,2025-02-16,2025,202502160512
https://www.keibalab.jp/db/race/202502160512/,202502160512,,6,6,11,レオスパーク,牡4,58.0,木幡巧也,3,8.9,1:26.1,クビ,①①,37.2,[美]牧光二,510(＋4),,フェブラリーS,2025-02-16,2025,202502160512
https://www.keibalab.jp/db/race/202502160512/,202502160512,,7,2,2,ルージュシュエット,牝4,56.0,坂井瑠星,7,22.1,1:26.2,3/4,③④,36.8,[栗]矢作芳人,460(－4),,フェブラリーS,2025-02-16,2025,202502160512
https://www.keibalab.jp/db/race/202502160512/,202502160512,,8,8,14,ゴキゲンサン,牝5,55.0,☆原優介,10,59.7,1:26.3,1/2,⑪⑪,35.6,[美]伊藤大士,502(－6),,フェブラリーS,2025-02-16,2025,202502160512
https://www.keibalab.jp/db/race/202502160512/,202502160512,,9,1,1,エヴィダンシア,牡6,58.0,内田博幸,13,150.6,1:26.3,クビ,⑤⑤,36.7,[栗]緒方努,494(－8),,フェブラリーS,2025-02-16,2025,202502160512
https://www.keibalab.jp/db/race/202502160512/,202502160512,,10,4,6,ヴィブラツィオーネ,セ6,58.0,石川裕紀,12,126.6,1:26.5,１,⑪⑪,35.8,[美]辻哲英,466(－16),,フェブラリーS,2025-02-16,2025,202502160512
https://www.keibalab.jp/db/race/202502160512/,202502160512,,11,5,8,トウカイファクター,セ6,58.0,吉田豊,8,47.4,1:26.6,3/4,⑩⑨,36.3,[美]菊川正達,466(－6),,フェブラリーS,2025-02-16,2025,202502160512
https://www.keibalab.jp/db/race/202502160512/,202502160512,,12,5,9,(地)ルージュブラゾン,牝6,56.0,長岡禎仁,14,186.3,1:27.2,３1/2,③③,37.9,[美]小島茂之,506(＋7),,フェブラリーS,2025-02-16,2025,202502160512
https://www.keibalab.jp/db/race/202502160512/,202502160512,,13,3,4,フィールザワールド,牡7,58.0,田辺裕信,9,50.0,1:27.3,3/4,⑮⑮,36.1,[美]岩戸孝樹,482(－2),,フェブラリーS,2025-02-16,2025,202502160512
https://www.keibalab.jp/db/race/202502160512/,202502160512,,14,8,15,フクチャントウメイ,牡4,58.0,キング,2,4.4,1:27.4,クビ,⑬⑬,36.4,[美]加藤征弘,540(0),,フェブラリーS,2025-02-16,2025,202502160512
https://www.keibalab.jp/db/race/202502160512/,202502160512,,15,6,10,サイモンメガライズ,牡7,58.0,野中悠太,15,355.4,1:27.9,３,⑬⑬,36.9,[美]根本康広,518(＋10),,フェブラリーS,2025-02-16,2025,202502160512
https://www.keibalab.jp/db/race/202502220511/,202502220511,,1,4,8,ヘデントール,牡4,57.0,戸崎圭太,1,1.9,3:32.2,,⑤⑤⑤①,34.9,[美]木村哲也,482(＋10),オメガ指数を見るには、会員の方はログイン会員でない方は会員登録してご覧下さい,フェブラリーS,2025-02-22,2025,202502220511
https://www.keibalab.jp/db/race/202502220511/,202502220511,,2,3,5,ジャンカズマ,牡7,54.0,野中悠太,12,88.2,3:32.9,４,②②②②,35.4,[美]西田雄一,492(0),,フェブラリーS,2025-02-22,2025,202502220511
https://www.keibalab.jp/db/race/202502220511/,202502220511,,3,5,9,ヴェルミセル,牝5,53.0,川又賢治,10,33.1,3:33.2,１1/2,⑫⑬⑩⑨,35.1,[栗]吉村圭司,466(＋4),,フェブラリーS,2025-02-22,2025,202502220511
https://www.keibalab.jp/db/race/202502220511/,202502220511,,4,1,1,ワープスピード,牡6,58.0,横山武史,2,4.6,3:33.2,クビ,⑥⑥⑥②,35.8,[美]高木登,512(---),,フェブラリーS,2025-02-22,2025,202502220511
https://www.keibalab.jp/db/race/202502220511/,202502220511,,5,6,11,シュトルーヴェ,セ6,59.0,鮫島克駿,3,7.8,3:33.3,1/2,⑦⑦⑦⑧,35.3,[美]堀宣行,482(＋4),,フェブラリーS,2025-02-22,2025,202502220511
https://www.keibalab.jp/db/race/202502220511/,202502220511,,6,8,16,ショウナンバシット,牡5,57.5,横山和生,6,20.2,3:34.0,４,②②③⑤,36.3,[栗]須貝尚介,494(＋4),,フェブラリーS,2025-02-22,2025,202502220511
https://www.keibalab.jp/db/race/202502220511/,202502220511,,7,3,6,メイショウブレゲ,牡6,56.0,藤岡佑介,9,25.1,3:34.2,3/4,⑬⑫⑧⑦,36.3,[栗]本田優,476(＋2),,フェブラリーS,2025-02-22,2025,202502220511
https://www.keibalab.jp/db/race/202502220511/,202502220511,,8,2,4,セイウンプラチナ,牡6,54.0,内田博幸,11,85.7,3:34.3,1/2,①①①②,36.9,[美]千葉直人,506(－6),,フェブラリーS,2025-02-22,2025,202502220511
https://www.keibalab.jp/db/race/202502220511/,202502220511,,9,6,12,コパノサントス,牡5,56.0,石橋脩,7,21.4,3:34.3,クビ,④④④⑤,36.6,[栗]梅田智之,460(－16),,フェブラリーS,2025-02-22,2025,202502220511
https://www.keibalab.jp/db/race/202502220511/,202502220511,,10,2,3,サスツルギ,牡5,56.0,北村宏司,13,146.8,3:34.5,１,⑨⑨⑩⑪,36.1,[美]木村哲也,490(－6),,フェブラリーS,2025-02-22,2025,202502220511
https://www.keibalab.jp/db/race/202502220511/,202502220511,,11,7,14,マイネルケレリウス,牡5,55.0,石川裕紀,4,11.4,3:34.6,1/2,⑭⑭⑭⑫,36.1,[美]奥村武,436(＋8),,フェブラリーS,2025-02-22,2025,202502220511
https://www.keibalab.jp/db/race/202502220511/,202502220511,,12,7,13,シルブロン,牡7,57.0,大野拓弥,5,17.0,3:34.6,クビ,⑧⑧⑧⑨,36.5,[美]稲垣幸雄,516(＋16),,フェブラリーS,2025-02-22,2025,202502220511
https://www.keibalab.jp/db/race/202502220511/,202502220511,,13,1,2,オーロイプラータ,牡5,56.0,松岡正海,15,167.3,3:36.1,９,⑩⑩⑬⑮,37.0,[栗]宮本博,542(－18),,フェブラリーS,2025-02-22,2025,202502220511
https://www.keibalab.jp/db/race/202502220511/,202502220511,,14,4,7,ダンディズム,セ9,57.0,田辺裕信,8,21.8,3:36.3,１,⑯⑯⑯⑭,37.5,[栗]野中賢二,474(＋2),,フェブラリーS,2025-02-22,2025,202502220511
https://www.keibalab.jp/db/race/202502220511/,202502220511,,15,5,10,トウセツ,牡6,55.0,吉田豊,16,288.8,3:36.3,クビ,⑮⑮⑮⑯,37.0,[栗]杉山佳明,480(－4),,フェブラリーS,2025-02-22,2025,202502220511
https://www.keibalab.jp/db/race/202502220511/,202502220511,,16,8,15,(地)フタイテンロック,牡6,54.0,木幡巧也,14,155.6,3:37.8,９,⑩⑩⑫⑫,39.3,[美]佐藤吉勝,504(＋12),,フェブラリーS,2025-02-22,2025,202502220511
https://www.keibalab.jp/db/race/202502220512/,202502220512,,1,7,14,ホウオウフェイント,牡4,58.0,戸崎圭太,1,2.8,1:38.2,,②②,37.6,[美]高木登,500(＋8),オメガ指数を見るには、会員の方はログイン会員でない方は会員登録してご覧下さい,フェブラリーS,2025-02-22,2025,202502220512
https://www.keibalab.jp/db/race/202502220512/,202502220512,,2,8,16,ベルフィーヌ,牝4,56.0,松岡正海,6,16.3,1:38.6,２1/2,⑦⑦,37.5,[美]堀内岳志,514(－2),,フェブラリーS,2025-02-22,2025,202502220512
https://www.keibalab.jp/db/race/202502220512/,202502220512,,3,5,9,フィリップ,牡4,58.0,木幡巧也,8,20.3,1:38.7,クビ,④④,37.8,[美]岩戸孝樹,492(－4),,フェブラリーS,2025-02-22,2025,202502220512
https://www.keibalab.jp/db/race/202502220512/,202502220512,,4,5,10,トラジェクトワール,牡4,58.0,北村宏司,5,16.3,1:38.7,ハナ,⑪⑩,37.3,[美]尾関知人,488(＋6),,フェブラリーS,2025-02-22,2025,202502220512
https://www.keibalab.jp/db/race/202502220512/,202502220512,,5,2,4,(地)マシュー,牡4,58.0,石川裕紀,7,17.8,1:38.8,1/2,④④,38.0,[美]尾形和幸,470(－2),,フェブラリーS,2025-02-22,2025,202502220512
https://www.keibalab.jp/db/race/202502220512/,202502220512,,6,3,6,(地)ノルドヴェスト,牡5,58.0,横山武史,2,3.0,1:38.8,ハナ,⑭⑬,37.0,[美]萩原清,468(0),,フェブラリーS,2025-02-22,2025,202502220512
https://www.keibalab.jp/db/race/202502220512/,202502220512,,7,3,5,サンセットブライト,牝4,55.0,☆横山琉,9,27.1,1:38.8,クビ,⑦⑦,37.7,[美]相沢郁,492(－2),,フェブラリーS,2025-02-22,2025,202502220512
https://www.keibalab.jp/db/race/202502220512/,202502220512,,8,1,1,ワイドブリザード,セ4,58.0,鮫島克駿,3,7.4,1:39.0,１1/4,④④,38.2,[美]武井亮,446(＋26),,フェブラリーS,2025-02-22,2025,202502220512
https://www.keibalab.jp/db/race/202502220512/,202502220512,,9,4,8,ディナトセレーネ,牝5,55.0,☆原優介,10,74.2,1:39.1,アタマ,①①,38.6,[美]尾関知人,464(0),,フェブラリーS,2025-02-22,2025,202502220512
https://www.keibalab.jp/db/race/202502220512/,202502220512,,10,6,11,ホワイトクロウ,セ7,58.0,石橋脩,4,7.5,1:39.3,１1/4,⑯⑯,37.2,[美]矢野英一,466(－4),,フェブラリーS,2025-02-22,2025,202502220512
https://www.keibalab.jp/db/race/202502220512/,202502220512,,11,8,15,(地)テンフェリーチェ,牝5,53.0,▲長浜鴻,13,190.1,1:39.9,３1/2,⑪⑮,38.0,[美]辻哲英,482(＋8),,フェブラリーS,2025-02-22,2025,202502220512
https://www.keibalab.jp/db/race/202502220512/,202502220512,,12,2,3,(地)ヴィーゲイツ,牝4,56.0,木幡育也,16,264.9,1:40.0,１,⑭⑬,38.3,[美]千葉直人,452(－6),,フェブラリーS,2025-02-22,2025,202502220512
https://www.keibalab.jp/db/race/202502220512/,202502220512,,13,6,12,カーリングホリデー,牝4,55.0,☆高杉吏,11,76.8,1:40.2,１1/4,⑪⑪,38.6,[美]宗像義忠,462(－4),,フェブラリーS,2025-02-22,2025,202502220512
https://www.keibalab.jp/db/race/202502220512/,202502220512,,14,1,2,(地)ストロングブラック,牡4,58.0,柴田大知,12,182.1,1:40.7,３,⑦⑦,39.6,[美]粕谷昌央,476(－7),,フェブラリーS,2025-02-22,2025,202502220512
https://www.keibalab.jp/db/race/202502220512/,202502220512,,15,4,7,(地)ユキノフルマチ,牝4,53.0,▲佐藤翔,15,239.8,1:40.8,クビ,⑩⑪,39.2,[美]杉浦宏昭,480(－17),,フェブラリーS,2025-02-22,2025,202502220512
https://www.keibalab.jp/db/race/202502220512/,202502220512,,16,7,13,アルプスオジョー,牝4,56.0,小林凌大,14,208.2,1:42.0,７,②③,41.3,[美]小西一男,504(－6),,フェブラリーS,2025-02-22,2025,202502220512
https://www.keibalab.jp/db/race/202502230511/,202502230511,,1,5,9,コスタノヴァ,牡5,58.0,キング,2,4.3,1:35.5,,④⑤,35.6,[美]木村哲也,494(－2),オメガ指数を見るには、会員の方はログイン会員でない方は会員登録してご覧下さい,フェブラリーS,2025-02-23,2025,202502230511
https://www.keibalab.jp/db/race/202502230511/,202502230511,,2,6,12,サンライズジパング,牡4,58.0,幸英明,5,7.0,1:35.7,3/4,⑬⑫,35.2,[栗]音無秀孝,526(＋2),,フェブラリーS,2025-02-23,2025,202502230511
https://www.keibalab.jp/db/race/202502230511/,202502230511,,3,7,14,ミッキーファイト,牡4,58.0,戸崎圭太,1,3.3,1:35.9,１1/4,⑦⑦,35.8,[美]田中博康,550(－5),,フェブラリーS,2025-02-23,2025,202502230511
https://www.keibalab.jp/db/race/202502230511/,202502230511,,4,6,11,ペプチドナイル,牡7,58.0,藤岡佑介,4,6.2,1:35.9,クビ,⑦⑦,35.8,[栗]武英智,532(－2),,フェブラリーS,2025-02-23,2025,202502230511
https://www.keibalab.jp/db/race/202502230511/,202502230511,,5,1,1,エンペラーワケア,牡5,58.0,横山武史,3,5.9,1:36.0,1/2,④④,36.2,[栗]杉山晴紀,550(＋12),,フェブラリーS,2025-02-23,2025,202502230511
https://www.keibalab.jp/db/race/202502230511/,202502230511,,6,3,6,メイショウハリオ,牡8,58.0,浜中俊,11,68.1,1:36.3,１1/2,⑮⑮,35.5,[栗]岡田稲男,508(＋7),,フェブラリーS,2025-02-23,2025,202502230511
https://www.keibalab.jp/db/race/202502230511/,202502230511,,7,8,15,ガイアフォース,牡6,58.0,長岡禎仁,6,11.9,1:36.5,１1/4,⑪⑫,35.9,[栗]杉山晴紀,498(＋2),,フェブラリーS,2025-02-23,2025,202502230511
https://www.keibalab.jp/db/race/202502230511/,202502230511,,8,1,2,タガノビューティー,牡8,58.0,石橋脩,10,56.9,1:36.6,1/2,⑪⑩,36.3,[栗]西園正都,520(－2),,フェブラリーS,2025-02-23,2025,202502230511
https://www.keibalab.jp/db/race/202502230511/,202502230511,,9,3,5,アーテルアストレア,牝6,56.0,横山典弘,9,38.9,1:36.6,アタマ,⑯⑯,35.6,[栗]橋口慎介,480(＋4),,フェブラリーS,2025-02-23,2025,202502230511
https://www.keibalab.jp/db/race/202502230511/,202502230511,,10,4,7,サンデーファンデー,牡5,58.0,鮫島克駿,8,30.5,1:36.8,１1/4,②②,37.1,[栗]音無秀孝,536(＋10),,フェブラリーS,2025-02-23,2025,202502230511
https://www.keibalab.jp/db/race/202502230511/,202502230511,,11,4,8,ドゥラエレーデ,牡5,58.0,横山和生,7,29.4,1:37.1,２,⑦⑦,37.0,[栗]池添学,514(－2),,フェブラリーS,2025-02-23,2025,202502230511
https://www.keibalab.jp/db/race/202502230511/,202502230511,,11,8,16,[地]ヘリオス,セ9,58.0,原優介,16,308.5,1:37.1,２,⑬⑫,36.5,[招]工藤真司,476(－6),,フェブラリーS,2025-02-23,2025,202502230511
https://www.keibalab.jp/db/race/202502230511/,202502230511,,13,2,4,ウィリアムバローズ,牡7,58.0,岩田望来,12,84.6,1:37.4,１3/4,②②,37.8,[栗]上村洋行,490(－4),,フェブラリーS,2025-02-23,2025,202502230511
https://www.keibalab.jp/db/race/202502230511/,202502230511,,14,7,13,デルマソトガケ,牡5,58.0,松若風馬,13,90.6,1:37.9,３1/2,⑦⑩,37.5,[栗]音無秀孝,528(＋1),,フェブラリーS,2025-02-23,2025,202502230511
https://www.keibalab.jp/db/race/202502230511/,202502230511,,15,2,3,ミトノオー,牡5,58.0,田辺裕信,15,159.6,1:38.3,２1/2,①①,38.9,[美]牧光二,518(＋4),,フェブラリーS,2025-02-23,2025,202502230511
https://www.keibalab.jp/db/race/202502230511/,202502230511,,16,5,10,アンモシエラ,牝4,56.0,吉田豊,14,141.5,1:38.4,1/2,④⑤,38.5,[栗]松永幹夫,504(＋5),,フェブラリーS,2025-02-23,2025,202502230511
https://www.keibalab.jp/db/race/202502230512/,202502230512,,1,6,9,ヴァンドーム,牡4,58.0,横山和生,1,3.3,1:24.5,,⑧⑦,35.9,[栗]安田翔伍,506(＋12),オメガ指数を見るには、会員の方はログイン会員でない方は会員登録してご覧下さい,フェブラリーS,2025-02-23,2025,202502230512
https://www.keibalab.jp/db/race/202502230512/,202502230512,,2,7,12,ピックアップライン,牡5,58.0,原優介,7,36.3,1:25.0,２1/2,②②,37.2,[美]田中剛,520(＋4),,フェブラリーS,2025-02-23,2025,202502230512
https://www.keibalab.jp/db/race/202502230512/,202502230512,,3,6,10,トーセンサウダージ,牡5,58.0,佐藤翔馬,11,50.4,1:25.0,クビ,⑩⑩,36.2,[美]杉浦宏昭,540(＋2),,フェブラリーS,2025-02-23,2025,202502230512
https://www.keibalab.jp/db/race/202502230512/,202502230512,,4,4,5,プロミシングスター,牡4,58.0,戸崎圭太,4,5.8,1:25.1,3/4,⑥⑥,36.7,[栗]高橋義忠,464(＋10),,フェブラリーS,2025-02-23,2025,202502230512
https://www.keibalab.jp/db/race/202502230512/,202502230512,,5,3,3,トクシーカイザー,牡5,58.0,Mデムー,5,7.3,1:25.2,クビ,③③,37.1,[美]小島茂之,476(＋8),,フェブラリーS,2025-02-23,2025,202502230512
https://www.keibalab.jp/db/race/202502230512/,202502230512,,6,5,7,リンクスルーファス,牝6,56.0,長浜鴻緒,10,50.4,1:25.3,1/2,⑫⑫,36.1,[美]手塚貴久,518(＋2),,フェブラリーS,2025-02-23,2025,202502230512
https://www.keibalab.jp/db/race/202502230512/,202502230512,,7,5,8,ゴールデンオスカー,牡4,58.0,石川裕紀,2,3.6,1:25.9,３1/2,③③,37.9,[美]堀内岳志,502(0),,フェブラリーS,2025-02-23,2025,202502230512
https://www.keibalab.jp/db/race/202502230512/,202502230512,,8,3,4,ミスヨコハマ,牝5,56.0,斎藤新,8,37.5,1:26.1,１1/2,③③,38.0,[美]斎藤誠,488(＋10),,フェブラリーS,2025-02-23,2025,202502230512
https://www.keibalab.jp/db/race/202502230512/,202502230512,,9,8,14,レヴィテーション,牝4,56.0,宮崎北斗,9,38.3,1:26.1,ハナ,⑭⑭,36.2,[美]中川公成,442(＋4),,フェブラリーS,2025-02-23,2025,202502230512
https://www.keibalab.jp/db/race/202502230512/,202502230512,,10,8,13,レッドダンルース,牡5,58.0,横山武史,3,5.7,1:26.7,３1/2,⑥⑨,38.0,[栗]福永祐一,478(＋4),,フェブラリーS,2025-02-23,2025,202502230512
https://www.keibalab.jp/db/race/202502230512/,202502230512,,11,1,1,ブループリマドンナ,牝4,56.0,鮫島克駿,12,63.3,1:26.8,3/4,⑬⑬,37.1,[栗]小林真也,468(－12),,フェブラリーS,2025-02-23,2025,202502230512
https://www.keibalab.jp/db/race/202502230512/,202502230512,,12,2,2,テンクウジョー,牡4,58.0,田辺裕信,13,88.1,1:27.1,１3/4,⑩⑦,38.6,[美]小西一男,482(＋12),,フェブラリーS,2025-02-23,2025,202502230512
https://www.keibalab.jp/db/race/202502230512/,202502230512,,13,4,6,チュウワスプリング,牝5,56.0,伊藤工真,14,270.6,1:27.3,１1/4,①①,39.5,[美]林徹,428(＋12),,フェブラリーS,2025-02-23,2025,202502230512
https://www.keibalab.jp/db/race/202502230512/,202502230512,,14,7,11,メイショウミシガン,牡4,58.0,内田博幸,6,20.4,1:27.9,３1/2,⑨⑩,39.1,[栗]鮫島一歩,474(＋4),,フェブラリーS,2025-02-23,2025,202502230512
https://www.keibalab.jp/db/race/202503220711/,202503220711,,1,3,6,ヤンキーバローズ,牡3,57.0,岩田望来,3,6.3,1:21.0,,⑩⑧,34.3,[栗]上村洋行,482(＋6),オメガ指数を見るには、会員の方はログイン会員でない方は会員登録してご覧下さい,高松宮記念,2025-03-22,2025,202503220711
https://www.keibalab.jp/db/race/202503220711/,202503220711,,2,8,18,モンドデラモーレ,牡3,57.0,杉原誠人,6,9.6,1:21.1,クビ,④③,34.8,[美]千葉直人,482(－2),,高松宮記念,2025-03-22,2025,202503220711
https://www.keibalab.jp/db/race/202503220711/,202503220711,,3,7,14,リリーフィールド,牝3,55.0,国分恭介,13,67.0,1:21.1,クビ,①①,35.1,[栗]小崎憲,424(－6),,高松宮記念,2025-03-22,2025,202503220711
https://www.keibalab.jp/db/race/202503220711/,202503220711,,4,2,4,パンジャタワー,牡3,57.0,藤岡佑介,1,4.5,1:21.1,クビ,⑧⑦,34.6,[栗]橋口慎介,484(－2),,高松宮記念,2025-03-22,2025,202503220711
https://www.keibalab.jp/db/race/202503220711/,202503220711,,5,6,12,ラパンチュール,牝3,55.0,吉田豊,11,43.7,1:21.3,１,⑱⑯,34.1,[美]蛯名正義,456(－8),,高松宮記念,2025-03-22,2025,202503220711
https://www.keibalab.jp/db/race/202503220711/,202503220711,,6,4,7,シルバーレイン,牡3,57.0,ルメール,2,4.6,1:21.4,１,⑮⑭,34.4,[美]萩原清,472(0),,高松宮記念,2025-03-22,2025,202503220711
https://www.keibalab.jp/db/race/202503220711/,202503220711,,7,7,15,アーリントンロウ,牡3,57.0,西村淳也,9,16.7,1:21.6,１,②②,35.5,[栗]松下武士,512(＋2),,高松宮記念,2025-03-22,2025,202503220711
https://www.keibalab.jp/db/race/202503220711/,202503220711,,8,5,9,チムグクル,牡3,57.0,団野大成,12,54.9,1:21.7,1/2,⑩⑩,34.9,[栗]福永祐一,426(＋4),,高松宮記念,2025-03-22,2025,202503220711
https://www.keibalab.jp/db/race/202503220711/,202503220711,,9,8,17,モジャーリオ,牡3,57.0,斎藤新,14,151.3,1:21.7,クビ,⑫⑩,34.9,[美]斎藤誠,460(－4),,高松宮記念,2025-03-22,2025,202503220711
https://www.keibalab.jp/db/race/202503220711/,202503220711,,10,6,11,トータルクラリティ,牡3,57.0,北村友一,4,8.8,1:21.9,１1/4,③③,35.6,[栗]池添学,474(0),,高松宮記念,2025-03-22,2025,202503220711
https://www.keibalab.jp/db/race/202503220711/,202503220711,,11,1,1,タイセイカレント,牡3,57.0,丸山元気,8,14.6,1:22.0,1/2,⑮⑭,35.0,[栗]矢作芳人,474(－6),,高松宮記念,2025-03-22,2025,202503220711
https://www.keibalab.jp/db/race/202503220711/,202503220711,,12,3,5,モズナナスター,牝3,55.0,丹内祐次,10,25.1,1:22.1,クビ,⑫⑯,34.9,[栗]矢作芳人,450(－2),,高松宮記念,2025-03-22,2025,202503220711
https://www.keibalab.jp/db/race/202503220711/,202503220711,,13,1,2,ライツユーアップ,牝3,55.0,角田大和,17,237.5,1:22.1,クビ,④③,35.8,[栗]角田晃一,430(－4),,高松宮記念,2025-03-22,2025,202503220711
https://www.keibalab.jp/db/race/202503220711/,202503220711,,14,2,3,バニーラビット,牡3,57.0,吉田隼人,15,181.9,1:22.1,ハナ,⑮⑱,34.7,[栗]武幸四郎,490(＋2),,高松宮記念,2025-03-22,2025,202503220711
https://www.keibalab.jp/db/race/202503220711/,202503220711,,15,4,8,ニタモノドウシ,牡3,57.0,菅原明良,5,9.0,1:22.2,１,⑫⑩,35.4,[美]高木登,468(＋4),,高松宮記念,2025-03-22,2025,202503220711
https://www.keibalab.jp/db/race/202503220711/,202503220711,,16,7,13,クラスペディア,牡3,57.0,小崎綾也,7,12.2,1:22.4,１1/4,⑧⑩,35.6,[栗]河嶋宏樹,492(－8),,高松宮記念,2025-03-22,2025,202503220711
https://www.keibalab.jp/db/race/202503220711/,202503220711,,17,5,10,キャッスルレイク,牝3,55.0,亀田温心,16,208.7,1:22.7,１3/4,④⑧,36.0,[栗]松下武士,462(－6),,高松宮記念,2025-03-22,2025,202503220711
https://www.keibalab.jp/db/race/202503220711/,202503220711,,18,8,16,スマッシュアウト,牡3,57.0,永島まな,18,286.7,1:25.1,大差,④③,38.7,[美]栗田徹,444(＋6),,高松宮記念,2025-03-22,2025,202503220711
https://www.keibalab.jp/db/race/202503220712/,202503220712,,1,8,16,ヨシノヤッタルデー,牡4,58.0,角田大和,3,5.4,1:11.4,,②②,36.5,[栗]中竹和也,458(＋6),オメガ指数を見るには、会員の方はログイン会員でない方は会員登録してご覧下さい,高松宮記念,2025-03-22,2025,202503220712
https://www.keibalab.jp/db/race/202503220712/,202503220712,,2,2,4,(地)カネコメファミリー,牝4,56.0,斎藤新,8,17.5,1:11.4,クビ,①①,36.6,[栗]中尾秀正,496(－2),,高松宮記念,2025-03-22,2025,202503220712
https://www.keibalab.jp/db/race/202503220712/,202503220712,,3,4,8,キーウィル,牡5,55.0,▲橋木太,10,20.1,1:11.8,２1/2,③③,36.7,[栗]宮徹,500(－4),,高松宮記念,2025-03-22,2025,202503220712
https://www.keibalab.jp/db/race/202503220712/,202503220712,,4,4,7,テイエムタリスマ,牡4,58.0,西村淳也,1,4.2,1:11.8,クビ,③③,36.7,[栗]高橋一哉,472(－2),,高松宮記念,2025-03-22,2025,202503220712
https://www.keibalab.jp/db/race/202503220712/,202503220712,,5,8,15,ソーニャシュニク,牝4,53.0,▲今村聖,4,6.4,1:12.0,１1/2,⑧⑦,36.4,[美]武井亮,470(－2),,高松宮記念,2025-03-22,2025,202503220712
https://www.keibalab.jp/db/race/202503220712/,202503220712,,6,5,9,トモジャアルマンド,牡8,58.0,国分恭介,5,10.8,1:12.2,１,⑥⑤,36.8,[栗]大根田裕,506(＋6),,高松宮記念,2025-03-22,2025,202503220712
https://www.keibalab.jp/db/race/202503220712/,202503220712,,7,1,1,(外)スターチスブーケ,牝4,56.0,丸山元気,12,62.6,1:12.5,１3/4,⑪⑪,36.4,[美]田中勝春,492(－2),,高松宮記念,2025-03-22,2025,202503220712
https://www.keibalab.jp/db/race/202503220712/,202503220712,,8,5,10,(地)ナンヨークリスタル,セ5,55.0,▲川端海,2,4.9,1:12.7,１1/2,⑨⑨,36.9,[栗]松永幹夫,482(－4),,高松宮記念,2025-03-22,2025,202503220712
https://www.keibalab.jp/db/race/202503220712/,202503220712,,9,3,5,マイネルサンテ,牡5,58.0,丹内祐次,9,18.9,1:13.3,３1/2,⑫⑫,37.0,[栗]緒方努,500(＋2),,高松宮記念,2025-03-22,2025,202503220712
https://www.keibalab.jp/db/race/202503220712/,202503220712,,10,6,12,ミッキードラマー,牡4,58.0,亀田温心,11,25.4,1:13.4,1/2,⑥⑤,38.0,[美]菊沢隆徳,524(－4),,高松宮記念,2025-03-22,2025,202503220712
https://www.keibalab.jp/db/race/202503220712/,202503220712,,11,3,6,(外)パトジュニア,牡4,58.0,小崎綾也,15,223.7,1:13.5,1/2,⑭⑭,36.9,[栗]小崎憲,514(＋2),,高松宮記念,2025-03-22,2025,202503220712
https://www.keibalab.jp/db/race/202503220712/,202503220712,,12,1,2,アフトクラーティラ,牝5,56.0,団野大成,7,16.1,1:13.6,1/2,⑩⑨,37.6,[美]上原佑紀,490(＋4),,高松宮記念,2025-03-22,2025,202503220712
https://www.keibalab.jp/db/race/202503220712/,202503220712,,13,7,13,(地)ショコラブレッド,牝4,56.0,杉原誠人,13,189.9,1:13.9,２,⑫⑬,37.7,[美]畠山吉宏,458(－4),,高松宮記念,2025-03-22,2025,202503220712
https://www.keibalab.jp/db/race/202503220712/,202503220712,,14,6,11,(地)ゴレイジョウ,牝5,53.0,▲石神深,14,215.7,1:14.7,５,⑤⑦,39.5,[美]和田雄二,458(－6),,高松宮記念,2025-03-22,2025,202503220712
https://www.keibalab.jp/db/race/202503220712/,202503220712,,15,7,14,(地)プラタルス,牡6,58.0,吉田豊,16,311.0,1:15.6,５,⑯⑯,38.4,[美]高橋文雅,482(－2),,高松宮記念,2025-03-22,2025,202503220712
https://www.keibalab.jp/db/race/202503220712/,202503220712,,16,2,3,ローガンパス,牡4,58.0,シュタル,6,11.6,1:15.7,1/2,⑮⑮,38.7,[栗]奥村豊,500(＋4),,高松宮記念,2025-03-22,2025,202503220712
https://www.keibalab.jp/db/race/202503230711/,202503230711,,1,8,16,ワイドラトゥール,牝4,55.0,北村友一,10,25.5,1:20.2,,⑮⑬,34.6,[栗]藤原英昭,426(0),オメガ指数を見るには、会員の方はログイン会員でない方は会員登録してご覧下さい,高松宮記念,2025-03-23,2025,202503230711
https://www.keibalab.jp/db/race/202503230711/,202503230711,,2,3,6,シングザットソング,牝5,56.0,斎藤新,3,7.1,1:20.4,１1/2,⑩⑨,35.2,[栗]高野友和,444(＋4),,高松宮記念,2025-03-23,2025,202503230711
https://www.keibalab.jp/db/race/202503230711/,202503230711,,3,5,9,カピリナ,牝4,55.0,戸崎圭太,1,4.5,1:20.4,アタマ,⑥⑧,35.3,[美]田島俊明,470(－8),,高松宮記念,2025-03-23,2025,202503230711
https://www.keibalab.jp/db/race/202503230711/,202503230711,,4,7,13,グランテスト,牝5,55.0,団野大成,8,14.2,1:20.6,3/4,⑥⑥,35.7,[栗]今野貞一,476(＋4),,高松宮記念,2025-03-23,2025,202503230711
https://www.keibalab.jp/db/race/202503230711/,202503230711,,5,1,2,エポックヴィーナス,牝4,55.0,和田竜二,11,27.5,1:20.7,1/2,⑮⑯,34.8,[栗]新谷功一,444(0),,高松宮記念,2025-03-23,2025,202503230711
https://www.keibalab.jp/db/race/202503230711/,202503230711,,6,8,17,スウィープフィート,牝4,56.0,永島まな,5,9.4,1:20.8,1/2,⑰⑰,34.4,[栗]庄野靖志,490(＋24),,高松宮記念,2025-03-23,2025,202503230711
https://www.keibalab.jp/db/race/202503230711/,202503230711,,7,5,10,モリノドリーム,牝6,55.0,荻野極,14,45.0,1:20.8,クビ,⑩⑪,35.5,[美]鹿戸雄一,486(－8),,高松宮記念,2025-03-23,2025,202503230711
https://www.keibalab.jp/db/race/202503230711/,202503230711,,8,8,18,ナナオ,牝4,55.0,小沢大仁,12,41.4,1:21.0,１1/4,⑫⑫,35.5,[栗]小栗実,440(＋8),,高松宮記念,2025-03-23,2025,202503230711
https://www.keibalab.jp/db/race/202503230711/,202503230711,,9,6,12,ベガリス,牝5,55.0,藤懸貴志,15,56.3,1:21.2,１1/4,②②,36.9,[栗]高橋義忠,440(＋10),,高松宮記念,2025-03-23,2025,202503230711
https://www.keibalab.jp/db/race/202503230711/,202503230711,,10,3,5,コラソンビート,牝4,55.0,丹内祐次,9,18.7,1:21.2,ハナ,⑬⑬,35.6,[美]加藤士津,460(－4),,高松宮記念,2025-03-23,2025,202503230711
https://www.keibalab.jp/db/race/202503230711/,202503230711,,11,4,7,イフェイオン,牝4,55.0,川又賢治,4,8.6,1:21.3,1/2,④④,36.6,[栗]杉山佳明,482(－6),,高松宮記念,2025-03-23,2025,202503230711
https://www.keibalab.jp/db/race/202503230711/,202503230711,,12,7,14,(外)エトヴプレ,牝4,56.0,幸英明,13,42.6,1:21.3,アタマ,⑥⑥,36.4,[栗]藤岡健一,462(＋6),,高松宮記念,2025-03-23,2025,202503230711
https://www.keibalab.jp/db/race/202503230711/,202503230711,,13,4,8,ドナベティ,牝4,55.0,丸山元気,17,214.1,1:21.3,ハナ,⑱⑱,34.6,[栗]矢作芳人,430(－10),,高松宮記念,2025-03-23,2025,202503230711
https://www.keibalab.jp/db/race/202503230711/,202503230711,,14,2,4,セントメモリーズ,牝4,55.0,石川裕紀,6,10.4,1:21.4,1/2,⑭⑮,35.7,[美]斎藤誠,484(－8),,高松宮記念,2025-03-23,2025,202503230711
https://www.keibalab.jp/db/race/202503230711/,202503230711,,15,6,11,クランフォード,牝4,55.0,西村淳也,2,5.1,1:21.7,１3/4,④④,37.0,[栗]杉山晴紀,466(＋8),,高松宮記念,2025-03-23,2025,202503230711
https://www.keibalab.jp/db/race/202503230711/,202503230711,,16,7,15,オードリーバローズ,牝5,55.0,シュタル,7,13.7,1:21.7,クビ,⑨⑨,36.5,[栗]清水久詞,474(－8),,高松宮記念,2025-03-23,2025,202503230711
https://www.keibalab.jp/db/race/202503230711/,202503230711,,17,1,1,テイエムスパーダ,牝6,56.0,川須栄彦,16,75.8,1:22.0,１1/2,①①,37.8,[栗]小椋研介,494(＋2),,高松宮記念,2025-03-23,2025,202503230711
https://www.keibalab.jp/db/race/202503230711/,202503230711,,18,2,3,リバーラ,牝5,55.0,角田大和,18,240.8,1:22.4,２1/2,②②,38.1,[美]高柳瑞樹,440(－8),,高松宮記念,2025-03-23,2025,202503230711
https://www.keibalab.jp/db/race/202503230712/,202503230712,,1,7,14,アドマイヤジェイ,牡6,58.0,丹内祐次,1,3.3,1:09.1,,⑦⑦,34.5,[栗]友道康夫,490(＋2),オメガ指数を見るには、会員の方はログイン会員でない方は会員登録してご覧下さい,高松宮記念,2025-03-23,2025,202503230712
https://www.keibalab.jp/db/race/202503230712/,202503230712,,2,8,18,(地)カフェクロニクル,牡6,58.0,西村淳也,8,22.4,1:09.2,1/2,⑨⑨,34.4,[美]堀宣行,470(＋12),,高松宮記念,2025-03-23,2025,202503230712
https://www.keibalab.jp/db/race/202503230712/,202503230712,,3,6,11,ソレントフレイバー,牡6,58.0,亀田温心,5,10.3,1:09.2,クビ,⑫⑫,34.1,[美]久保田貴,488(－4),,高松宮記念,2025-03-23,2025,202503230712
https://www.keibalab.jp/db/race/202503230712/,202503230712,,4,2,3,ピースフルナイト,牝5,56.0,斎藤新,7,16.4,1:09.4,１,⑨⑪,34.5,[栗]高野友和,400(－6),,高松宮記念,2025-03-23,2025,202503230712
https://www.keibalab.jp/db/race/202503230712/,202503230712,,5,3,6,ベルタソ,牝5,56.0,小崎綾也,9,23.7,1:09.4,ハナ,⑥⑥,34.9,[栗]小崎憲,452(－2),,高松宮記念,2025-03-23,2025,202503230712
https://www.keibalab.jp/db/race/202503230712/,202503230712,,6,8,16,ブラックサンライズ,牝4,53.0,▲鷲頭虎,14,29.7,1:09.4,アタマ,⑫⑫,34.3,[栗]井上智史,478(－6),,高松宮記念,2025-03-23,2025,202503230712
https://www.keibalab.jp/db/race/202503230712/,202503230712,,7,8,17,クリノハレルヤ,牝4,56.0,富田暁,3,9.1,1:09.6,１,②②,35.8,[栗]武英智,482(－4),,高松宮記念,2025-03-23,2025,202503230712
https://www.keibalab.jp/db/race/202503230712/,202503230712,,8,5,9,ガットネロ,牝5,56.0,和田竜二,2,4.7,1:09.7,1/2,⑤④,35.4,[栗]東田明士,482(－2),,高松宮記念,2025-03-23,2025,202503230712
https://www.keibalab.jp/db/race/202503230712/,202503230712,,9,1,1,スウィートリワード,牝4,56.0,小沢大仁,4,10.3,1:09.7,クビ,⑫⑭,34.5,[栗]宮本博,454(－4),,高松宮記念,2025-03-23,2025,202503230712
https://www.keibalab.jp/db/race/202503230712/,202503230712,,10,2,4,(外)ワールドシリーズ,牡4,55.0,▲和田陽,10,25.8,1:09.7,ハナ,③④,35.4,[栗]中内田充,466(0),,高松宮記念,2025-03-23,2025,202503230712
https://www.keibalab.jp/db/race/202503230712/,202503230712,,11,4,8,(外)サクソフィーナ,牝4,56.0,北村友一,11,27.0,1:09.9,3/4,⑧⑦,35.3,[美]田中博康,492(＋2),,高松宮記念,2025-03-23,2025,202503230712
https://www.keibalab.jp/db/race/202503230712/,202503230712,,12,3,5,エルプロフェッサー,牝4,53.0,▲橋木太,12,28.4,1:10.0,１,⑮⑮,34.7,[栗]高橋康之,414(＋2),,高松宮記念,2025-03-23,2025,202503230712
https://www.keibalab.jp/db/race/202503230712/,202503230712,,13,4,7,マイネルトゥルネー,牡4,58.0,川須栄彦,16,147.3,1:10.0,ハナ,⑨⑨,35.2,[栗]梅田智之,500(＋2),,高松宮記念,2025-03-23,2025,202503230712
https://www.keibalab.jp/db/race/202503230712/,202503230712,,14,5,10,ハッピーデービー,牝4,56.0,団野大成,15,36.1,1:10.1,クビ,③③,36.0,[美]鈴木伸尋,456(＋4),,高松宮記念,2025-03-23,2025,202503230712
https://www.keibalab.jp/db/race/202503230712/,202503230712,,15,6,12,(外)ランベントライト,牝5,53.0,▲古川奈,17,198.7,1:10.2,3/4,①①,36.6,[美]田島俊明,454(－2),,高松宮記念,2025-03-23,2025,202503230712
https://www.keibalab.jp/db/race/202503230712/,202503230712,,16,7,15,(地)カゲンノツキ,牝4,56.0,秋山稔樹,18,269.6,1:10.4,１1/4,⑮⑯,34.8,[美]勢司和浩,432(＋4),,高松宮記念,2025-03-23,2025,202503230712
https://www.keibalab.jp/db/race/202503230712/,202503230712,,17,7,13,ラブカムーン,牝4,56.0,戸崎圭太,6,14.4,1:12.1,１０,⑰⑰,36.0,[栗]千田輝彦,456(－8),,高松宮記念,2025-03-23,2025,202503230712
https://www.keibalab.jp/db/race/202503230712/,202503230712,,18,1,2,ウインラグラス,牝4,54.0,◇永島ま,13,29.7,1:12.2,1/2,⑱⑱,34.7,[栗]吉田直弘,442(＋34),,高松宮記念,2025-03-23,2025,202503230712
https://www.keibalab.jp/db/race/202503290711/,202503290711,,1,7,9,バウンシーステップ,牝4,56.0,鮫島克駿,3,3.9,1:35.2,,④④④,34.1,[栗]高橋亮,470(＋4),オメガ指数を見るには、会員の方はログイン会員でない方は会員登録してご覧下さい,高松宮記念,2025-03-29,2025,202503290711
https://www.keibalab.jp/db/race/202503290711/,202503290711,,2,2,2,メルトユアハート,牝4,56.0,荻野極,2,3.8,1:35.2,ハナ,①①①,34.8,[栗]長谷川浩,498(＋4),,高松宮記念,2025-03-29,2025,202503290711
https://www.keibalab.jp/db/race/202503290711/,202503290711,,3,6,6,アウフヘーベン,牝5,56.0,角田大和,6,12.0,1:35.3,3/4,⑪⑪⑪,33.6,[栗]高橋亮,460(＋14),,高松宮記念,2025-03-29,2025,202503290711
https://www.keibalab.jp/db/race/202503290711/,202503290711,,4,8,11,セフィロ,牝5,56.0,吉田隼人,4,7.9,1:35.4,1/2,⑨⑧⑧,33.9,[美]菊沢隆徳,472(0),,高松宮記念,2025-03-29,2025,202503290711
https://www.keibalab.jp/db/race/202503290711/,202503290711,,5,3,3,ルミノメテオール,牝5,56.0,シュタル,8,25.4,1:35.5,クビ,⑧⑤⑥,34.2,[美]金成貴史,464(＋6),,高松宮記念,2025-03-29,2025,202503290711
https://www.keibalab.jp/db/race/202503290711/,202503290711,,6,7,8,スミ,牝6,56.0,菱田裕二,1,3.4,1:35.6,3/4,②②②,34.9,[栗]高橋亮,492(＋8),,高松宮記念,2025-03-29,2025,202503290711
https://www.keibalab.jp/db/race/202503290711/,202503290711,,7,5,5,カヨウネンカ,牝6,56.0,長岡禎仁,5,10.3,1:35.7,1/2,⑨⑧⑧,34.3,[美]斎藤誠,462(－2),,高松宮記念,2025-03-29,2025,202503290711
https://www.keibalab.jp/db/race/202503290711/,202503290711,,8,1,1,ミタマ,牝5,56.0,小崎綾也,11,103.7,1:35.8,１,⑤⑧⑧,34.4,[栗]小崎憲,492(0),,高松宮記念,2025-03-29,2025,202503290711
https://www.keibalab.jp/db/race/202503290711/,202503290711,,9,4,4,オックスリップ,牝5,56.0,佐々木大,9,29.7,1:36.1,１1/2,⑤⑤④,35.0,[栗]佐藤悠太,460(－6),,高松宮記念,2025-03-29,2025,202503290711
https://www.keibalab.jp/db/race/202503290711/,202503290711,,10,6,7,ソノママソノママ,牝5,56.0,泉谷楓真,7,24.1,1:36.3,１1/4,②②②,35.6,[栗]奥村豊,440(－2),,高松宮記念,2025-03-29,2025,202503290711
https://www.keibalab.jp/db/race/202503290711/,202503290711,,11,8,10,ランスオブサターン,牝5,56.0,松本大輝,10,54.9,1:37.5,７,⑤⑤⑥,36.2,[栗]本田優,446(0),,高松宮記念,2025-03-29,2025,202503290711
https://www.keibalab.jp/db/race/202503290712/,202503290712,,1,7,14,(地)ダズリングダンス,セ5,58.0,川須栄彦,1,3.3,1:12.2,,③③,37.4,[栗]小椋研介,486(－6),オメガ指数を見るには、会員の方はログイン会員でない方は会員登録してご覧下さい,高松宮記念,2025-03-29,2025,202503290712
https://www.keibalab.jp/db/race/202503290712/,202503290712,,2,6,12,ベンダバール,牡4,58.0,国分恭介,3,4.1,1:12.4,１1/4,⑧⑧,37.1,[栗]牧浦充徳,468(0),,高松宮記念,2025-03-29,2025,202503290712
https://www.keibalab.jp/db/race/202503290712/,202503290712,,3,5,9,ランスオブセヘル,牝4,53.0,▲和田陽,2,3.5,1:12.7,２,②②,38.1,[栗]奥村豊,478(－4),,高松宮記念,2025-03-29,2025,202503290712
https://www.keibalab.jp/db/race/202503290712/,202503290712,,4,6,11,ジーベック,牡4,58.0,鮫島克駿,6,15.5,1:12.7,ハナ,⑩⑩,37.2,[栗]矢作芳人,454(－8),,高松宮記念,2025-03-29,2025,202503290712
https://www.keibalab.jp/db/race/202503290712/,202503290712,,5,8,15,ビーコング,牡4,56.0,◇永島ま,7,22.9,1:12.7,ハナ,⑬⑩,37.0,[美]小手川準,492(0),,高松宮記念,2025-03-29,2025,202503290712
https://www.keibalab.jp/db/race/202503290712/,202503290712,,6,5,10,スーパーバイザー,牡4,58.0,黛弘人,8,34.3,1:12.9,3/4,⑬⑬,37.2,[美]菊沢隆徳,468(－10),,高松宮記念,2025-03-29,2025,202503290712
https://www.keibalab.jp/db/race/202503290712/,202503290712,,7,2,3,ミルフルール,牝4,56.0,荻野極,5,9.3,1:13.0,1/2,①①,38.4,[美]伊坂重信,468(－6),,高松宮記念,2025-03-29,2025,202503290712
https://www.keibalab.jp/db/race/202503290712/,202503290712,,8,4,8,ミスエル,牡4,58.0,吉田隼人,4,8.9,1:13.2,１1/4,⑬⑬,37.5,[美]菊沢隆徳,480(－10),,高松宮記念,2025-03-29,2025,202503290712
https://www.keibalab.jp/db/race/202503290712/,202503290712,,9,4,7,コウユーユメノヨウ,牝4,56.0,長岡禎仁,9,57.9,1:13.3,1/2,⑧⑦,38.0,[美]竹内正洋,462(＋2),,高松宮記念,2025-03-29,2025,202503290712
https://www.keibalab.jp/db/race/202503290712/,202503290712,,10,3,5,サイモンカーチス,牡6,58.0,富田暁,16,172.4,1:13.3,クビ,⑩⑩,37.8,[美]根本康広,494(－10),,高松宮記念,2025-03-29,2025,202503290712
https://www.keibalab.jp/db/race/202503290712/,202503290712,,11,7,13,(地)アップフルーク,牡6,55.0,▲柴田裕,12,118.4,1:13.8,３,⑤④,38.8,[美]松山将樹,520(－6),,高松宮記念,2025-03-29,2025,202503290712
https://www.keibalab.jp/db/race/202503290712/,202503290712,,12,2,4,(地)レモンシフォン,牝4,53.0,▲川端海,14,159.3,1:14.0,１1/4,⑤⑧,39.0,[美]尾関知人,498(－6),,高松宮記念,2025-03-29,2025,202503290712
https://www.keibalab.jp/db/race/202503290712/,202503290712,,13,1,2,(地)シエラメンテ,牝6,56.0,亀田温心,15,171.9,1:14.6,３1/2,⑤④,39.5,[美]堀内岳志,490(－8),,高松宮記念,2025-03-29,2025,202503290712
https://www.keibalab.jp/db/race/202503290712/,202503290712,,14,3,6,(地)シンゼンシャイン,牡7,58.0,小沢大仁,11,111.6,1:14.7,3/4,③④,39.9,[栗]飯田祐史,494(－8),,高松宮記念,2025-03-29,2025,202503290712
https://www.keibalab.jp/db/race/202503290712/,202503290712,,15,8,16,ジャーニーメモリー,牡5,58.0,佐々木大,13,122.9,1:15.2,３,⑫⑬,39.6,[美]粕谷昌央,476(0),,高松宮記念,2025-03-29,2025,202503290712
https://www.keibalab.jp/db/race/202503290712/,202503290712,,16,1,1,(地)マロンドレ,牡5,58.0,シュタル,10,72.2,1:17.1,大差,⑯⑯,39.8,[美]大竹正博,472(＋10),,高松宮記念,2025-03-29,2025,202503290712
https://www.keibalab.jp/db/race/202503300711/,202503300711,,1,5,10,サトノレーヴ,牡6,58.0,モレイラ,2,3.8,1:07.9,,⑦⑨,33.4,[美]堀宣行,530(－7),オメガ指数を見るには、会員の方はログイン会員でない方は会員登録してご覧下さい,高松宮記念,2025-03-30,2025,202503300711
https://www.keibalab.jp/db/race/202503300711/,202503300711,,2,7,14,ナムラクレア,牝6,56.0,ルメール,1,3.5,1:08.0,3/4,⑬⑬,33.3,[栗]長谷川浩,480(0),,高松宮記念,2025-03-30,2025,202503300711
https://www.keibalab.jp/db/race/202503300711/,202503300711,,3,7,15,ママコチャ,牝6,56.0,川田将雅,6,14.6,1:08.2,１1/4,⑨⑧,33.8,[栗]池江泰寿,492(－2),,高松宮記念,2025-03-30,2025,202503300711
https://www.keibalab.jp/db/race/202503300711/,202503300711,,4,6,12,トウシンマカオ,牡6,58.0,横山武史,5,7.3,1:08.3,クビ,⑩⑨,33.8,[美]高柳瑞樹,480(＋5),,高松宮記念,2025-03-30,2025,202503300711
https://www.keibalab.jp/db/race/202503300711/,202503300711,,5,7,13,エイシンフェンサー,牝5,56.0,川又賢治,8,26.1,1:08.5,１1/2,⑤⑤,34.2,[栗]吉村圭司,482(＋2),,高松宮記念,2025-03-30,2025,202503300711
https://www.keibalab.jp/db/race/202503300711/,202503300711,,6,1,1,(外)マッドクール,牡6,58.0,坂井瑠星,4,7.1,1:08.7,１1/4,⑦⑤,34.4,[栗]池添学,540(－2),,高松宮記念,2025-03-30,2025,202503300711
https://www.keibalab.jp/db/race/202503300711/,202503300711,,7,3,6,ルガル,牡5,58.0,西村淳也,3,5.7,1:08.8,3/4,②②,34.8,[栗]杉山晴紀,530(－1),,高松宮記念,2025-03-30,2025,202503300711
https://www.keibalab.jp/db/race/202503300711/,202503300711,,8,8,17,ドロップオブライト,牝6,56.0,幸英明,17,186.4,1:08.8,アタマ,⑩⑫,34.2,[栗]福永祐一,436(－4),,高松宮記念,2025-03-30,2025,202503300711
https://www.keibalab.jp/db/race/202503300711/,202503300711,,9,2,3,ビッグシーザー,牡5,58.0,北村友一,7,19.7,1:08.9,クビ,①①,35.1,[栗]西園正都,520(＋2),,高松宮記念,2025-03-30,2025,202503300711
https://www.keibalab.jp/db/race/202503300711/,202503300711,,10,4,8,カンチェンジュンガ,牡5,58.0,武豊,9,42.4,1:09.0,1/2,⑩⑨,34.5,[栗]庄野靖志,492(－4),,高松宮記念,2025-03-30,2025,202503300711
https://www.keibalab.jp/db/race/202503300711/,202503300711,,11,2,4,トゥラヴェスーラ,牡10,58.0,丸山元気,16,171.9,1:09.1,1/2,⑮⑮,34.2,[栗]高橋康之,484(－10),,高松宮記念,2025-03-30,2025,202503300711
https://www.keibalab.jp/db/race/202503300711/,202503300711,,12,8,16,バルサムノート,牡5,58.0,亀田温心,18,234.2,1:09.2,1/2,⑬⑬,34.4,[栗]高野友和,518(＋6),,高松宮記念,2025-03-30,2025,202503300711
https://www.keibalab.jp/db/race/202503300711/,202503300711,,13,4,7,モズメイメイ,牝5,56.0,松若風馬,14,148.3,1:09.2,ハナ,⑤⑤,35.0,[栗]前川恭子,474(＋6),,高松宮記念,2025-03-30,2025,202503300711
https://www.keibalab.jp/db/race/202503300711/,202503300711,,14,3,5,(外)オフトレイル,牡4,58.0,菱田裕二,11,57.4,1:09.2,クビ,⑱⑰,34.0,[栗]吉村圭司,460(＋4),,高松宮記念,2025-03-30,2025,202503300711
https://www.keibalab.jp/db/race/202503300711/,202503300711,,15,5,9,キタノエクスプレス,牡7,58.0,国分恭介,13,130.5,1:09.4,１,⑮⑮,34.4,[栗]坂口智康,510(＋4),,高松宮記念,2025-03-30,2025,202503300711
https://www.keibalab.jp/db/race/202503300711/,202503300711,,16,1,2,ウイングレイテスト,牡8,58.0,松岡正海,12,91.3,1:09.5,1/2,④②,35.5,[美]畠山吉宏,516(0),,高松宮記念,2025-03-30,2025,202503300711
https://www.keibalab.jp/db/race/202503300711/,202503300711,,17,6,11,スズハローム,牡5,58.0,佐々木大,15,170.4,1:10.1,３1/2,⑰⑱,34.8,[栗]牧田和弥,458(－8),,高松宮記念,2025-03-30,2025,202503300711
https://www.keibalab.jp/db/race/202503300711/,202503300711,,18,8,18,ペアポルックス,牡4,58.0,岩田康誠,10,56.5,1:10.3,１1/4,②②,36.3,[栗]梅田智之,476(＋4),,高松宮記念,2025-03-30,2025,202503300711
https://www.keibalab.jp/db/race/202503300712/,202503300712,,1,3,6,セミマル,牡5,58.0,モレイラ,1,3.0,1:24.7,,⑦⑦,36.5,[栗]西村真幸,526(－4),オメガ指数を見るには、会員の方はログイン会員でない方は会員登録してご覧下さい,高松宮記念,2025-03-30,2025,202503300712
https://www.keibalab.jp/db/race/202503300712/,202503300712,,2,6,11,ルージュスタニング,牝4,56.0,坂井瑠星,2,4.7,1:24.9,１,③③,37.1,[栗]友道康夫,510(－2),,高松宮記念,2025-03-30,2025,202503300712
https://www.keibalab.jp/db/race/202503300712/,202503300712,,3,6,12,ニシノスピカ,牝6,56.0,横山武史,6,11.7,1:25.3,２1/2,⑩⑩,36.7,[美]鈴木伸尋,484(－6),,高松宮記念,2025-03-30,2025,202503300712
https://www.keibalab.jp/db/race/202503300712/,202503300712,,4,4,8,(地)キングクー,牡6,58.0,松若風馬,7,28.0,1:25.4,クビ,⑯⑯,36.2,[美]根本康広,526(－2),,高松宮記念,2025-03-30,2025,202503300712
https://www.keibalab.jp/db/race/202503300712/,202503300712,,5,5,10,フラーハ,牝4,56.0,菱田裕二,10,82.8,1:25.4,アタマ,②②,37.8,[美]嘉藤貴行,482(0),,高松宮記念,2025-03-30,2025,202503300712
https://www.keibalab.jp/db/race/202503300712/,202503300712,,6,5,9,(外)ミッドナイトラスタ,牝4,56.0,岩田康誠,4,6.0,1:25.5,1/2,⑨⑨,37.1,[美]加藤征弘,482(0),,高松宮記念,2025-03-30,2025,202503300712
https://www.keibalab.jp/db/race/202503300712/,202503300712,,7,4,7,ワイアウ,牝5,56.0,永島まな,14,153.3,1:25.6,1/2,①①,38.1,[美]鈴木慎太,458(－8),,高松宮記念,2025-03-30,2025,202503300712
https://www.keibalab.jp/db/race/202503300712/,202503300712,,8,7,14,トーホウキザン,牡5,58.0,小沢大仁,15,157.2,1:25.7,1/2,⑬⑬,36.7,[栗]高橋康之,488(0),,高松宮記念,2025-03-30,2025,202503300712
https://www.keibalab.jp/db/race/202503300712/,202503300712,,9,3,5,ロードオルデン,牡6,58.0,和田竜二,8,31.8,1:25.8,クビ,⑬⑪,36.8,[栗]辻野泰之,488(＋2),,高松宮記念,2025-03-30,2025,202503300712
https://www.keibalab.jp/db/race/202503300712/,202503300712,,10,8,16,シュバルツガイスト,牡5,58.0,幸英明,13,137.3,1:25.9,1/2,⑤④,37.9,[美]国枝栄,504(－4),,高松宮記念,2025-03-30,2025,202503300712
https://www.keibalab.jp/db/race/202503300712/,202503300712,,11,1,2,クレイヴィンオナー,牡4,58.0,北村友一,5,7.9,1:25.9,クビ,⑬⑮,36.9,[美]嘉藤貴行,524(－4),,高松宮記念,2025-03-30,2025,202503300712
https://www.keibalab.jp/db/race/202503300712/,202503300712,,12,2,3,フミサウンド,牡5,58.0,シュタル,9,42.2,1:26.1,１,⑤④,38.1,[美]鹿戸雄一,450(－4),,高松宮記念,2025-03-30,2025,202503300712
https://www.keibalab.jp/db/race/202503300712/,202503300712,,13,1,1,(外)オルゴーリオ,牡4,58.0,武豊,3,5.1,1:26.3,１1/4,③④,38.4,[美]菊沢隆徳,506(＋2),,高松宮記念,2025-03-30,2025,202503300712
https://www.keibalab.jp/db/race/202503300712/,202503300712,,14,7,13,レッドフランカー,セ7,58.0,西村淳也,12,108.9,1:26.4,1/2,⑦⑦,38.2,[栗]前川恭子,456(－2),,高松宮記念,2025-03-30,2025,202503300712
https://www.keibalab.jp/db/race/202503300712/,202503300712,,15,2,4,プウスカンドゥール,牝5,56.0,佐々木大,11,97.3,1:26.5,クビ,⑪⑪,37.8,[栗]坂口智康,452(－8),,高松宮記念,2025-03-30,2025,202503300712
https://www.keibalab.jp/db/race/202503300712/,202503300712,,16,8,15,(地)シックザイン,牡6,58.0,松岡正海,16,278.5,1:26.7,１1/2,⑫⑬,37.8,[美]水野貴広,490(0),,高松宮記念,2025-03-30,2025,202503300712
https://www.keibalab.jp/db/race/202503290911/,202503290911,,1,7,7,ファンダム,牡3,57.0,北村宏司,2,4.5,1:45.9,,⑦⑨,32.5,[美]辻哲英,470(0),オメガ指数を見るには、会員の方はログイン会員でない方は会員登録してご覧下さい,大阪杯,2025-03-29,2025,202503290911
https://www.keibalab.jp/db/race/202503290911/,202503290911,,2,3,3,ガルダイア,牡3,57.0,藤岡佑介,7,30.8,1:46.1,１,①①,33.5,[美]国枝栄,478(－4),,大阪杯,2025-03-29,2025,202503290911
https://www.keibalab.jp/db/race/202503290911/,202503290911,,3,5,5,ネブラディスク,牡3,57.0,武豊,5,9.7,1:46.2,１,⑦⑥,33.1,[栗]福永祐一,434(－8),,大阪杯,2025-03-29,2025,202503290911
https://www.keibalab.jp/db/race/202503290911/,202503290911,,4,4,4,アスクシュタイン,牡3,57.0,川田将雅,4,7.9,1:46.5,１1/2,④③,33.7,[栗]藤原英昭,498(0),,大阪杯,2025-03-29,2025,202503290911
https://www.keibalab.jp/db/race/202503290911/,202503290911,,5,6,6,エコロディノス,牡3,57.0,岩田望来,6,15.2,1:46.7,１1/2,②②,34.0,[栗]大久保龍,464(0),,大阪杯,2025-03-29,2025,202503290911
https://www.keibalab.jp/db/race/202503290911/,202503290911,,6,2,2,ウォータークラーク,牡3,57.0,幸英明,8,57.5,1:46.7,アタマ,②③,33.9,[栗]石橋守,468(－6),,大阪杯,2025-03-29,2025,202503290911
https://www.keibalab.jp/db/race/202503290911/,202503290911,,7,7,8,リラエンブレム,牡3,57.0,浜中俊,1,2.1,1:46.7,クビ,⑤⑤,33.7,[栗]武幸四郎,480(＋4),,大阪杯,2025-03-29,2025,202503290911
https://www.keibalab.jp/db/race/202503290911/,202503290911,,8,1,1,キングノジョー,牡3,57.0,坂井瑠星,3,4.6,1:47.0,１3/4,⑤⑥,33.9,[美]田中博康,440(－8),,大阪杯,2025-03-29,2025,202503290911
https://www.keibalab.jp/db/race/202503290911/,202503290911,,9,8,9,セルズパワー,牡3,57.0,Mデムー,9,138.3,1:47.1,1/2,⑨⑧,33.8,[栗]牧田和弥,464(－4),,大阪杯,2025-03-29,2025,202503290911
https://www.keibalab.jp/db/race/202503290911/,202503290911,,除外,8,10,ヴォラヴィア,牡3,57.0,団野大成,,---,,,⑩⑩,,[栗]杉山佳明,450(0),,大阪杯,2025-03-29,2025,202503290911
https://www.keibalab.jp/db/race/202503290912/,202503290912,,1,8,8,オペラプラージュ,牡4,58.0,川田将雅,2,2.5,2:07.5,,①①①①,37.4,[栗]新谷功一,508(＋14),オメガ指数を見るには、会員の方はログイン会員でない方は会員登録してご覧下さい,大阪杯,2025-03-29,2025,202503290912
https://www.keibalab.jp/db/race/202503290912/,202503290912,,2,4,4,アーマルコライト,牡4,57.0,☆西塚洸,5,21.7,2:07.5,クビ,②②②②,37.2,[栗]寺島良,532(＋10),,大阪杯,2025-03-29,2025,202503290912
https://www.keibalab.jp/db/race/202503290912/,202503290912,,3,7,7,ホルトバージ,牡4,58.0,武豊,1,2.3,2:07.8,１1/2,④④③③,37.3,[栗]寺島良,474(－4),,大阪杯,2025-03-29,2025,202503290912
https://www.keibalab.jp/db/race/202503290912/,202503290912,,4,8,9,ジョウショーパワー,牡5,58.0,和田竜二,3,5.5,2:07.9,3/4,⑦⑦⑤④,37.0,[栗]中尾秀正,468(－4),,大阪杯,2025-03-29,2025,202503290912
https://www.keibalab.jp/db/race/202503290912/,202503290912,,5,1,1,ノッテルーナ,牝5,53.0,▲田山旺,8,74.9,2:08.5,３1/2,⑤⑤⑤⑥,37.6,[栗]宮本博,466(0),,大阪杯,2025-03-29,2025,202503290912
https://www.keibalab.jp/db/race/202503290912/,202503290912,,6,3,3,サイモンルモンド,セ8,58.0,松若風馬,9,201.7,2:08.8,１3/4,⑨⑨⑧⑧,37.4,[美]根本康広,454(－14),,大阪杯,2025-03-29,2025,202503290912
https://www.keibalab.jp/db/race/202503290912/,202503290912,,7,6,6,サンライズウェーヴ,牡4,58.0,岩田康誠,4,7.9,2:09.0,１,⑦⑦⑦⑦,37.8,[栗]石坂公一,486(0),,大阪杯,2025-03-29,2025,202503290912
https://www.keibalab.jp/db/race/202503290912/,202503290912,,8,5,5,デルマアートマン,セ4,56.0,△吉村誠,7,30.6,2:09.0,アタマ,⑥⑥⑨⑨,37.1,[栗]牧田和弥,488(－12),,大阪杯,2025-03-29,2025,202503290912
https://www.keibalab.jp/db/race/202503290912/,202503290912,,9,2,2,ミアステラ,牡6,58.0,幸英明,6,25.1,2:09.6,３1/2,③③③④,39.1,[栗]大根田裕,520(＋4),,大阪杯,2025-03-29,2025,202503290912
https://www.keibalab.jp/db/race/202503300911/,202503300911,,1,6,8,ダディーズビビッド,牡7,59.0,池添謙一,9,33.7,1:32.2,,⑧⑨,33.4,[栗]千田輝彦,518(＋2),オメガ指数を見るには、会員の方はログイン会員でない方は会員登録してご覧下さい,大阪杯,2025-03-30,2025,202503300911
https://www.keibalab.jp/db/race/202503300911/,202503300911,,2,7,10,シリウスコルト,牡4,57.0,古川吉洋,7,22.1,1:32.2,ハナ,⑤④,34.0,[美]田中勝春,492(＋4),,大阪杯,2025-03-30,2025,202503300911
https://www.keibalab.jp/db/race/202503300911/,202503300911,,3,6,7,トランキリテ,牡6,57.0,Mデムー,4,10.7,1:32.2,ハナ,⑪⑪,33.0,[栗]松永幹夫,474(－2),,大阪杯,2025-03-30,2025,202503300911
https://www.keibalab.jp/db/race/202503300911/,202503300911,,4,5,6,セオ,牡5,58.0,鮫島克駿,2,3.3,1:32.3,1/2,②②,34.3,[栗]上村洋行,496(＋10),,大阪杯,2025-03-30,2025,202503300911
https://www.keibalab.jp/db/race/202503300911/,202503300911,,5,7,9,ホウオウリアリティ,牡7,57.0,団野大成,12,74.1,1:32.4,1/2,⑩⑩,33.4,[栗]井上智史,482(－10),,大阪杯,2025-03-30,2025,202503300911
https://www.keibalab.jp/db/race/202503300911/,202503300911,,6,8,11,グラティアス,牡7,57.0,浜中俊,6,13.9,1:32.5,1/2,③②,34.4,[栗]安田翔伍,506(0),,大阪杯,2025-03-30,2025,202503300911
https://www.keibalab.jp/db/race/202503300911/,202503300911,,7,5,5,ニホンピロキーフ,牡5,57.0,田口貫太,1,2.9,1:32.6,3/4,④⑤,34.3,[栗]大橋勇樹,490(－8),,大阪杯,2025-03-30,2025,202503300911
https://www.keibalab.jp/db/race/202503300911/,202503300911,,8,8,12,レディントン,牡4,57.0,松山弘平,3,5.3,1:32.6,ハナ,⑦⑦,34.1,[栗]杉山晴紀,492(＋6),,大阪杯,2025-03-30,2025,202503300911
https://www.keibalab.jp/db/race/202503300911/,202503300911,,9,1,1,フルメタルボディー,セ5,57.0,吉村誠之,5,11.2,1:33.1,３,①①,35.4,[栗]清水久詞,498(－8),,大阪杯,2025-03-30,2025,202503300911
https://www.keibalab.jp/db/race/202503300911/,202503300911,,10,2,2,ゼルトザーム,牡4,57.0,高杉吏麒,11,59.6,1:34.5,８,⑤⑤,36.1,[栗]藤野健太,490(－8),,大阪杯,2025-03-30,2025,202503300911
https://www.keibalab.jp/db/race/202503300911/,202503300911,,11,4,4,ラインベック,セ8,58.0,荻野極,10,39.7,1:34.6,１,⑧⑧,36.0,[栗]友道康夫,498(0),,大阪杯,2025-03-30,2025,202503300911
https://www.keibalab.jp/db/race/202503300911/,202503300911,,中止,3,3,バレエマスター,牡6,57.0,斎藤新,8,27.5,,,⑪⑫,,[栗]梅田智之,478(－6),,大阪杯,2025-03-30,2025,202503300911
https://www.keibalab.jp/db/race/202503300912/,202503300912,,1,8,13,ノボリショウリュウ,牡4,58.0,浜中俊,1,4.1,1:11.9,,③②,35.8,[栗]石橋守,464(＋4),オメガ指数を見るには、会員の方はログイン会員でない方は会員登録してご覧下さい,大阪杯,2025-03-30,2025,202503300912
https://www.keibalab.jp/db/race/202503300912/,202503300912,,2,5,8,アスクアイルビゼア,牡4,55.0,▲古川奈,3,5.8,1:12.0,1/2,⑦⑦,35.7,[栗]矢作芳人,474(0),,大阪杯,2025-03-30,2025,202503300912
https://www.keibalab.jp/db/race/202503300912/,202503300912,,3,8,14,(外)ジェネラーレ,牡4,58.0,池添謙一,4,7.4,1:12.2,１1/4,①①,36.6,[栗]野中賢二,484(－6),,大阪杯,2025-03-30,2025,202503300912
https://www.keibalab.jp/db/race/202503300912/,202503300912,,4,5,7,クリノオリーブ,牝4,56.0,田口貫太,2,4.8,1:12.2,クビ,②②,36.4,[栗]谷潔,462(－4),,大阪杯,2025-03-30,2025,202503300912
https://www.keibalab.jp/db/race/202503300912/,202503300912,,5,3,3,オコタンペ,牡4,58.0,富田暁,6,8.6,1:12.4,１,③⑤,36.3,[栗]須貝尚介,498(－2),,大阪杯,2025-03-30,2025,202503300912
https://www.keibalab.jp/db/race/202503300912/,202503300912,,6,3,4,イミュータブル,牡5,58.0,鮫島克駿,8,17.3,1:12.9,３,③⑤,36.9,[栗]浜田多実,478(＋4),,大阪杯,2025-03-30,2025,202503300912
https://www.keibalab.jp/db/race/202503300912/,202503300912,,7,4,6,ジョニール,牝4,56.0,中井裕二,10,41.1,1:12.9,アタマ,⑪⑩,36.2,[栗]森田直行,462(＋6),,大阪杯,2025-03-30,2025,202503300912
https://www.keibalab.jp/db/race/202503300912/,202503300912,,8,2,2,(外)ジュウオウ,牡4,57.0,長岡禎仁,13,185.1,1:13.1,１1/4,⑧⑧,36.7,[美]伊藤大士,540(－12),,大阪杯,2025-03-30,2025,202503300912
https://www.keibalab.jp/db/race/202503300912/,202503300912,,9,6,9,(地)テイエムヒショウ,牡5,57.0,☆高杉吏,12,68.5,1:13.3,１1/4,③②,37.3,[栗]浜田多実,492(－4),,大阪杯,2025-03-30,2025,202503300912
https://www.keibalab.jp/db/race/202503300912/,202503300912,,10,7,11,サンガネーブ,牡5,58.0,松山弘平,5,8.0,1:13.3,クビ,⑧⑧,36.8,[栗]田中克典,500(0),,大阪杯,2025-03-30,2025,202503300912
https://www.keibalab.jp/db/race/202503300912/,202503300912,,11,6,10,カイタロー,牡6,55.0,▲今村聖,14,185.3,1:13.3,ハナ,⑭⑬,36.2,[美]和田雄二,482(－8),,大阪杯,2025-03-30,2025,202503300912
https://www.keibalab.jp/db/race/202503300912/,202503300912,,12,4,5,ゼンノツキヨミ,牝4,53.0,▲森田誠,11,43.0,1:13.3,ハナ,⑩⑩,36.7,[栗]武幸四郎,444(－6),,大阪杯,2025-03-30,2025,202503300912
https://www.keibalab.jp/db/race/202503300912/,202503300912,,13,7,12,(地)カナウ,牡5,56.0,△吉村誠,9,19.7,1:13.4,クビ,⑪⑩,36.6,[栗]杉山晴紀,538(＋8),,大阪杯,2025-03-30,2025,202503300912
https://www.keibalab.jp/db/race/202503300912/,202503300912,,14,1,1,(外)エコロネオ,牡4,58.0,団野大成,7,12.9,1:14.8,９,⑬⑬,37.7,[栗]森秀行,488(－6),,大阪杯,2025-03-30,2025,202503300912
https://www.keibalab.jp/db/race/202504120911/,202504120911,,1,7,11,サフィラ,牝4,55.0,松山弘平,9,29.7,1:32.8,,②②,33.3,[栗]池添学,464(0),オメガ指数を見るには、会員の方はログイン会員でない方は会員登録してご覧下さい,桜花賞,2025-04-12,2025,202504120911
https://www.keibalab.jp/db/race/202504120911/,202504120911,,2,1,1,アルジーヌ,牝5,55.0,幸英明,3,6.2,1:32.8,ハナ,⑤⑥,33.0,[栗]中内田充,464(＋12),,桜花賞,2025-04-12,2025,202504120911
https://www.keibalab.jp/db/race/202504120911/,202504120911,,3,6,9,ラヴァンダ,牝4,55.0,岩田望来,8,19.1,1:32.8,ハナ,⑩⑪,32.7,[栗]中村直也,482(－2),,桜花賞,2025-04-12,2025,202504120911
https://www.keibalab.jp/db/race/202504120911/,202504120911,,4,2,2,ビヨンドザヴァレー,牝5,55.0,菱田裕二,6,15.3,1:33.0,3/4,⑤④,33.3,[栗]橋口慎介,474(＋2),,桜花賞,2025-04-12,2025,202504120911
https://www.keibalab.jp/db/race/202504120911/,202504120911,,5,6,10,ボンドガール,牝4,55.0,武豊,1,2.5,1:33.0,アタマ,⑪⑪,32.9,[美]手塚貴久,448(－8),,桜花賞,2025-04-12,2025,202504120911
https://www.keibalab.jp/db/race/202504120911/,202504120911,,6,3,4,ソーダズリング,牝5,55.0,坂井瑠星,5,9.7,1:33.1,１,⑦⑥,33.3,[栗]新谷功一,468(－4),,桜花賞,2025-04-12,2025,202504120911
https://www.keibalab.jp/db/race/202504120911/,202504120911,,7,3,3,タガノエルピーダ,牝4,55.0,団野大成,2,5.5,1:33.2,クビ,③③,33.6,[栗]斉藤崇史,458(－8),,桜花賞,2025-04-12,2025,202504120911
https://www.keibalab.jp/db/race/202504120911/,202504120911,,8,4,5,ドゥアイズ,牝5,55.0,鮫島克駿,7,16.6,1:33.2,アタマ,⑧⑨,33.2,[栗]庄野靖志,484(0),,桜花賞,2025-04-12,2025,202504120911
https://www.keibalab.jp/db/race/202504120911/,202504120911,,9,4,6,ドナベティ,牝4,55.0,藤岡佑介,14,300.2,1:33.3,1/2,⑬⑬,33.0,[栗]矢作芳人,428(－2),,桜花賞,2025-04-12,2025,202504120911
https://www.keibalab.jp/db/race/202504120911/,202504120911,,10,8,13,ウンブライル,牝5,55.0,シュタル,10,36.8,1:33.4,1/2,⑫⑬,33.1,[美]木村哲也,476(－14),,桜花賞,2025-04-12,2025,202504120911
https://www.keibalab.jp/db/race/202504120911/,202504120911,,11,5,8,キミノナハマリア,牝5,55.0,Mデムー,12,87.6,1:33.4,ハナ,⑧⑨,33.4,[栗]千田輝彦,506(－8),,桜花賞,2025-04-12,2025,202504120911
https://www.keibalab.jp/db/race/202504120911/,202504120911,,12,5,7,スウィープフィート,牝4,55.0,横山典弘,4,7.2,1:33.4,クビ,⑭⑥,33.6,[栗]庄野靖志,488(－2),,桜花賞,2025-04-12,2025,202504120911
https://www.keibalab.jp/db/race/202504120911/,202504120911,,13,7,12,ヒルノローザンヌ,牝6,55.0,池添謙一,13,266.6,1:33.7,１1/2,③④,34.0,[栗]西村真幸,478(－12),,桜花賞,2025-04-12,2025,202504120911
https://www.keibalab.jp/db/race/202504120911/,202504120911,,14,8,14,イフェイオン,牝4,55.0,北村友一,11,47.4,1:34.2,３,①①,34.8,[栗]杉山佳明,486(＋4),,桜花賞,2025-04-12,2025,202504120911
https://www.keibalab.jp/db/race/202504120912/,202504120912,,1,1,2,メイショウホウレン,牡4,58.0,幸英明,3,5.5,1:11.7,,②②,36.8,[栗]安達昭夫,510(＋12),オメガ指数を見るには、会員の方はログイン会員でない方は会員登録してご覧下さい,桜花賞,2025-04-12,2025,202504120912
https://www.keibalab.jp/db/race/202504120912/,202504120912,,2,6,12,オコタンペ,牡4,58.0,Mデムー,4,7.2,1:11.9,１1/4,⑨⑧,36.2,[栗]須貝尚介,496(－2),,桜花賞,2025-04-12,2025,202504120912
https://www.keibalab.jp/db/race/202504120912/,202504120912,,3,3,6,イミュータブル,牡5,58.0,松山弘平,8,29.3,1:11.9,クビ,③②,36.9,[栗]浜田多実,478(0),,桜花賞,2025-04-12,2025,202504120912
https://www.keibalab.jp/db/race/202504120912/,202504120912,,4,6,11,アンジュフィールド,牝5,56.0,広瀬航,1,3.2,1:12.2,１1/2,③④,37.1,[栗]矢作芳人,458(0),,桜花賞,2025-04-12,2025,202504120912
https://www.keibalab.jp/db/race/202504120912/,202504120912,,5,4,7,ゼンノツキヨミ,牝4,56.0,横山典弘,12,83.6,1:12.2,ハナ,⑥⑥,36.9,[栗]秋山真一,440(－4),,桜花賞,2025-04-12,2025,202504120912
https://www.keibalab.jp/db/race/202504120912/,202504120912,,6,2,3,ブルーノート,牡6,58.0,シュタル,13,119.8,1:12.3,クビ,⑤⑤,37.2,[栗]梅田智之,502(－10),,桜花賞,2025-04-12,2025,202504120912
https://www.keibalab.jp/db/race/202504120912/,202504120912,,7,7,13,(外)ディキシーガンナー,牡5,58.0,藤岡佑介,2,3.9,1:12.4,1/2,⑧⑥,36.9,[栗]中内田充,498(＋4),,桜花賞,2025-04-12,2025,202504120912
https://www.keibalab.jp/db/race/202504120912/,202504120912,,8,4,8,スナークシュンソウ,牡7,58.0,岩田望来,9,52.3,1:12.4,ハナ,⑨⑪,36.7,[栗]野中賢二,530(0),,桜花賞,2025-04-12,2025,202504120912
https://www.keibalab.jp/db/race/202504120912/,202504120912,,9,7,14,ヨシノヤッタルデー,牡4,57.0,☆西塚洸,6,14.7,1:12.4,クビ,⑭⑪,36.4,[栗]中竹和也,456(－2),,桜花賞,2025-04-12,2025,202504120912
https://www.keibalab.jp/db/race/202504120912/,202504120912,,10,2,4,サウンドサンビーム,牡8,55.0,▲田山旺,16,234.3,1:12.6,１1/2,⑨⑨,37.0,[栗]安達昭夫,486(＋2),,桜花賞,2025-04-12,2025,202504120912
https://www.keibalab.jp/db/race/202504120912/,202504120912,,11,8,16,ストームバンガード,牡4,58.0,水口優也,7,16.4,1:12.7,1/2,⑮⑮,36.6,[栗]岡田稲男,496(＋2),,桜花賞,2025-04-12,2025,202504120912
https://www.keibalab.jp/db/race/202504120912/,202504120912,,12,5,10,ミロワール,牝6,56.0,古川吉洋,10,70.0,1:12.8,クビ,⑫⑨,37.2,[栗]河嶋宏樹,468(0),,桜花賞,2025-04-12,2025,202504120912
https://www.keibalab.jp/db/race/202504120912/,202504120912,,13,5,9,タイセイフェスタ,セ4,58.0,内田博幸,11,71.4,1:13.1,２,⑫⑭,37.2,[美]森一誠,474(－6),,桜花賞,2025-04-12,2025,202504120912
https://www.keibalab.jp/db/race/202504120912/,202504120912,,14,1,1,クリノオリーブ,牝4,55.0,☆吉村誠,5,7.7,1:13.1,ハナ,①①,38.3,[栗]谷潔,466(＋4),,桜花賞,2025-04-12,2025,202504120912
https://www.keibalab.jp/db/race/202504120912/,202504120912,,15,8,15,テンクウフラワー,牝6,53.0,▲和田陽,14,124.2,1:13.5,２1/2,⑥⑪,38.0,[栗]渡辺薫彦,444(＋12),,桜花賞,2025-04-12,2025,202504120912
https://www.keibalab.jp/db/race/202504120912/,202504120912,,16,3,5,(地)カナウ,牡5,58.0,団野大成,15,149.8,1:13.5,ハナ,⑯⑯,37.0,[栗]杉山晴紀,532(－6),,桜花賞,2025-04-12,2025,202504120912
https://www.keibalab.jp/db/race/202504130911/,202504130911,,1,4,7,エンブロイダリー,牝3,55.0,モレイラ,3,5.0,1:33.1,,⑨⑧,34.0,[美]森一誠,482(0),オメガ指数を見るには、会員の方はログイン会員でない方は会員登録してご覧下さい,桜花賞,2025-04-13,2025,202504130911
https://www.keibalab.jp/db/race/202504130911/,202504130911,,2,5,9,アルマヴェローチェ,牝3,55.0,岩田望来,2,3.8,1:33.1,クビ,⑪⑩,33.9,[栗]上村洋行,496(＋12),,桜花賞,2025-04-13,2025,202504130911
https://www.keibalab.jp/db/race/202504130911/,202504130911,,3,6,12,リンクスティップ,牝3,55.0,Mデムー,4,6.8,1:33.5,２1/2,⑱⑮,34.0,[栗]西村真幸,472(0),,桜花賞,2025-04-13,2025,202504130911
https://www.keibalab.jp/db/race/202504130911/,202504130911,,4,2,3,マピュース,牝3,55.0,田辺裕信,9,35.8,1:34.0,２1/2,⑫⑫,34.7,[美]和田勇介,486(－8),,桜花賞,2025-04-13,2025,202504130911
https://www.keibalab.jp/db/race/202504130911/,202504130911,,5,1,2,エリカエクスプレス,牝3,55.0,戸崎圭太,1,3.4,1:34.2,１1/2,①①,35.6,[栗]杉山晴紀,456(0),,桜花賞,2025-04-13,2025,202504130911
https://www.keibalab.jp/db/race/202504130911/,202504130911,,6,7,13,チェルビアット,牝3,55.0,北村友一,12,53.0,1:34.2,ハナ,⑮⑰,34.5,[栗]高野友和,482(－2),,桜花賞,2025-04-13,2025,202504130911
https://www.keibalab.jp/db/race/202504130911/,202504130911,,7,8,17,プリムツァール,牝3,55.0,津村明秀,18,158.0,1:34.2,ハナ,⑮⑮,34.6,[美]蛯名正義,450(－4),,桜花賞,2025-04-13,2025,202504130911
https://www.keibalab.jp/db/race/202504130911/,202504130911,,8,1,1,ヴーレヴー,牝3,55.0,浜中俊,10,38.5,1:34.5,１3/4,⑨⑧,35.4,[栗]武幸四郎,480(＋6),,桜花賞,2025-04-13,2025,202504130911
https://www.keibalab.jp/db/race/202504130911/,202504130911,,9,8,18,ブラウンラチェット,牝3,55.0,横山武史,8,29.4,1:34.5,ハナ,⑰⑰,34.8,[美]手塚貴久,444(＋16),,桜花賞,2025-04-13,2025,202504130911
https://www.keibalab.jp/db/race/202504130911/,202504130911,,10,2,4,ショウナンザナドゥ,牝3,55.0,池添謙一,6,21.1,1:34.9,２1/2,④④,36.1,[栗]松下武士,440(－2),,桜花賞,2025-04-13,2025,202504130911
https://www.keibalab.jp/db/race/202504130911/,202504130911,,11,3,6,ビップデイジー,牝3,55.0,幸英明,5,12.8,1:35.0,1/2,⑥④,36.1,[栗]松下武士,440(＋6),,桜花賞,2025-04-13,2025,202504130911
https://www.keibalab.jp/db/race/202504130911/,202504130911,,12,3,5,ボンヌソワレ,牝3,55.0,川田将雅,13,77.3,1:35.1,1/2,④④,36.2,[美]宮田敬介,442(－6),,桜花賞,2025-04-13,2025,202504130911
https://www.keibalab.jp/db/race/202504130911/,202504130911,,13,8,16,ナムラクララ,牝3,55.0,藤岡佑介,16,93.8,1:35.7,３1/2,②②,37.0,[栗]長谷川浩,464(－6),,桜花賞,2025-04-13,2025,202504130911
https://www.keibalab.jp/db/race/202504130911/,202504130911,,14,4,8,ウォーターガーベラ,牝3,55.0,武豊,11,40.9,1:35.7,クビ,⑫⑫,36.3,[栗]石橋守,438(－8),,桜花賞,2025-04-13,2025,202504130911
https://www.keibalab.jp/db/race/202504130911/,202504130911,,15,7,15,クリノメイ,牝3,55.0,酒井学,7,27.3,1:36.0,１3/4,②②,37.3,[栗]須貝尚介,440(－6),,桜花賞,2025-04-13,2025,202504130911
https://www.keibalab.jp/db/race/202504130911/,202504130911,,16,7,14,ダンツエラン,牝3,55.0,団野大成,17,109.1,1:36.9,５,⑫⑫,37.5,[栗]本田優,488(－4),,桜花賞,2025-04-13,2025,202504130911
https://www.keibalab.jp/db/race/202504130911/,202504130911,,17,6,11,ミストレス,牝3,55.0,坂井瑠星,14,84.2,1:37.9,６,⑥④,39.0,[栗]矢作芳人,478(---),,桜花賞,2025-04-13,2025,202504130911
https://www.keibalab.jp/db/race/202504130911/,202504130911,,18,5,10,トワイライトシティ,牝3,55.0,松山弘平,15,90.2,1:38.3,２1/2,⑥⑩,39.1,[栗]杉山晴紀,452(－2),,桜花賞,2025-04-13,2025,202504130911
https://www.keibalab.jp/db/race/202504130912/,202504130912,,1,4,7,ネバーモア,牝4,56.0,藤岡佑介,1,3.1,1:52.8,,⑦⑦④④,37.0,[栗]宮本博,490(－4),オメガ指数を見るには、会員の方はログイン会員でない方は会員登録してご覧下さい,桜花賞,2025-04-13,2025,202504130912
https://www.keibalab.jp/db/race/202504130912/,202504130912,,2,8,15,キュールエフウジン,牡6,58.0,松若風馬,8,20.3,1:53.6,５,⑯⑯⑯⑯,36.4,[栗]中尾秀正,494(－4),,桜花賞,2025-04-13,2025,202504130912
https://www.keibalab.jp/db/race/202504130912/,202504130912,,3,5,9,グーデンドラーク,牡6,58.0,幸英明,3,6.0,1:53.7,1/2,②③③②,38.1,[栗]池添学,528(＋2),,桜花賞,2025-04-13,2025,202504130912
https://www.keibalab.jp/db/race/202504130912/,202504130912,,4,7,13,タイゲン,牡6,58.0,和田竜二,12,79.5,1:54.1,２1/2,⑧⑨⑦⑥,38.0,[栗]平田修,480(＋2),,桜花賞,2025-04-13,2025,202504130912
https://www.keibalab.jp/db/race/202504130912/,202504130912,,5,8,16,レーウィン,セ4,58.0,岩田康誠,2,5.4,1:54.1,ハナ,④⑤④④,38.3,[栗]上村洋行,502(－2),,桜花賞,2025-04-13,2025,202504130912
https://www.keibalab.jp/db/race/202504130912/,202504130912,,6,7,14,アスクデビューモア,牡4,58.0,戸崎圭太,4,6.8,1:54.1,1/2,⑮⑮⑭⑭,37.3,[栗]福永祐一,464(0),,桜花賞,2025-04-13,2025,202504130912
https://www.keibalab.jp/db/race/202504130912/,202504130912,,7,3,5,(地)アイファーエポック,牡6,58.0,田辺裕信,11,46.8,1:54.2,クビ,⑪⑫⑬⑩,37.6,[美]根本康広,484(－12),,桜花賞,2025-04-13,2025,202504130912
https://www.keibalab.jp/db/race/202504130912/,202504130912,,8,6,12,シャンデルナゴル,牡5,58.0,北村友一,5,8.5,1:54.2,クビ,②②②②,38.7,[栗]石坂公一,492(0),,桜花賞,2025-04-13,2025,202504130912
https://www.keibalab.jp/db/race/202504130912/,202504130912,,9,5,10,クレメダンジュ,牝5,56.0,吉村誠之,13,100.0,1:54.4,3/4,⑭⑭⑭⑩,37.6,[栗]鈴木孝志,474(＋4),,桜花賞,2025-04-13,2025,202504130912
https://www.keibalab.jp/db/race/202504130912/,202504130912,,10,4,8,(外)ガンウルフ,牡5,58.0,松山弘平,6,9.5,1:54.4,クビ,①①①①,39.0,[栗]藤岡健一,496(＋6),,桜花賞,2025-04-13,2025,202504130912
https://www.keibalab.jp/db/race/202504130912/,202504130912,,11,1,1,ヨリノサファイヤ,牝5,56.0,▲和田陽,14,171.8,1:54.4,アタマ,⑥⑥⑦⑦,38.2,[美]根本康広,514(0),,桜花賞,2025-04-13,2025,202504130912
https://www.keibalab.jp/db/race/202504130912/,202504130912,,12,2,4,スズノテレサ,牝6,56.0,津村明秀,16,243.6,1:54.7,１1/2,⑪⑩⑨⑦,38.5,[美]深山雅史,440(－4),,桜花賞,2025-04-13,2025,202504130912
https://www.keibalab.jp/db/race/202504130912/,202504130912,,13,3,6,シゲルバクハツ,牡7,58.0,酒井学,10,45.4,1:54.7,クビ,⑬⑫⑩⑨,38.4,[栗]谷潔,504(－4),,桜花賞,2025-04-13,2025,202504130912
https://www.keibalab.jp/db/race/202504130912/,202504130912,,14,6,11,アルムラトゥール,牡5,58.0,団野大成,7,18.1,1:55.4,４,⑧⑩⑫⑩,38.9,[栗]西園翔太,490(0),,桜花賞,2025-04-13,2025,202504130912
https://www.keibalab.jp/db/race/202504130912/,202504130912,,15,2,3,ライジングラパス,牝5,56.0,長岡禎仁,9,33.1,1:56.1,４,⑧⑦⑩⑭,39.6,[栗]宮本博,438(＋4),,桜花賞,2025-04-13,2025,202504130912
https://www.keibalab.jp/db/race/202504130912/,202504130912,,16,1,2,サウンドブライアン,牡7,58.0,西塚洸二,15,203.0,1:59.7,大差,④③④⑩,43.7,[栗]加藤公太,484(＋2),,桜花賞,2025-04-13,2025,202504130912
https://www.keibalab.jp/db/race/202504190611/,202504190611,,1,6,7,エコロデュエル,牡6,63.0,草野太郎,5,6.2,4:50.5,レコード,,13.6,[美]岩戸孝樹,476(－2),オメガ指数を見るには、会員の方はログイン会員でない方は会員登録してご覧下さい,皐月賞,2025-04-19,2025,202504190611
https://www.keibalab.jp/db/race/202504190611/,202504190611,,2,1,1,ネビーイーム,牡7,63.0,小坂忠士,6,16.2,4:51.8,８,,13.7,[栗]佐々木晶,536(＋2),,皐月賞,2025-04-19,2025,202504190611
https://www.keibalab.jp/db/race/202504190611/,202504190611,,3,6,8,インプレス,牡6,63.0,小牧加矢,4,5.8,4:52.2,２1/2,,13.7,[栗]佐々木晶,524(－2),,皐月賞,2025-04-19,2025,202504190611
https://www.keibalab.jp/db/race/202504190611/,202504190611,,4,4,4,ジューンベロシティ,牡7,63.0,森一馬,2,3.8,4:53.3,７,,13.8,[栗]武英智,470(＋2),,皐月賞,2025-04-19,2025,202504190611
https://www.keibalab.jp/db/race/202504190611/,202504190611,,5,3,3,マイネルグロン,牡7,63.0,石神深一,1,3.4,4:54.0,４,,13.8,[美]青木孝文,516(－6),,皐月賞,2025-04-19,2025,202504190611
https://www.keibalab.jp/db/race/202504190611/,202504190611,,6,5,6,スマイルスルー,牡5,63.0,高田潤,3,4.0,4:54.1,クビ,,13.8,[栗]斉藤崇史,528(＋4),,皐月賞,2025-04-19,2025,202504190611
https://www.keibalab.jp/db/race/202504190611/,202504190611,,7,5,5,アランデル,セ7,63.0,上野翔,7,37.8,4:54.7,３1/2,,13.8,[美]大竹正博,538(－4),,皐月賞,2025-04-19,2025,202504190611
https://www.keibalab.jp/db/race/202504190611/,202504190611,,8,8,12,ピーターサイト,牡5,63.0,伴啓太,12,263.2,4:56.3,１０,,13.9,[美]村田一誠,476(－4),,皐月賞,2025-04-19,2025,202504190611
https://www.keibalab.jp/db/race/202504190611/,202504190611,,9,7,9,プラチナドリーム,牡6,63.0,中村将之,11,242.2,4:56.7,２1/2,,13.9,[美]菊川正達,476(－4),,皐月賞,2025-04-19,2025,202504190611
https://www.keibalab.jp/db/race/202504190611/,202504190611,,10,7,10,ザレストノーウェア,牡7,63.0,五十嵐雄,10,187.4,4:58.0,８,,14.0,[美]新開幸一,472(－4),,皐月賞,2025-04-19,2025,202504190611
https://www.keibalab.jp/db/race/202504190611/,202504190611,,11,2,2,テイエムタツマキ,牡7,63.0,黒岩悠,9,119.6,5:04.6,大差,,14.3,[栗]武英智,512(＋4),,皐月賞,2025-04-19,2025,202504190611
https://www.keibalab.jp/db/race/202504190611/,202504190611,,中止,8,11,バーンパッション,牡8,63.0,大江原圭,8,56.5,,,,,[美]天間昭一,480(－10),,皐月賞,2025-04-19,2025,202504190611
https://www.keibalab.jp/db/race/202504190612/,202504190612,,1,1,1,(地)グレタ,牝6,56.0,杉原誠人,8,36.0,1:12.4,,①①,37.2,[美]清水英克,482(＋2),オメガ指数を見るには、会員の方はログイン会員でない方は会員登録してご覧下さい,皐月賞,2025-04-19,2025,202504190612
https://www.keibalab.jp/db/race/202504190612/,202504190612,,2,3,5,オセアエクスプレス,牡4,58.0,田辺裕信,7,24.8,1:12.4,クビ,③③,37.0,[美]菊川正達,490(0),,皐月賞,2025-04-19,2025,202504190612
https://www.keibalab.jp/db/race/202504190612/,202504190612,,3,3,6,キュムロンニンバス,牡7,58.0,内田博幸,15,173.9,1:12.5,1/2,⑪⑨,36.5,[美]南田美知,516(＋12),,皐月賞,2025-04-19,2025,202504190612
https://www.keibalab.jp/db/race/202504190612/,202504190612,,4,2,3,(地)キングクー,牡6,58.0,長浜鴻緒,5,20.5,1:12.5,ハナ,⑭⑫,36.1,[美]根本康広,530(＋4),,皐月賞,2025-04-19,2025,202504190612
https://www.keibalab.jp/db/race/202504190612/,202504190612,,5,8,15,テセラリアン,牝4,56.0,石橋脩,1,1.7,1:12.7,１,③③,37.3,[美]鈴木慎太,434(－8),,皐月賞,2025-04-19,2025,202504190612
https://www.keibalab.jp/db/race/202504190612/,202504190612,,6,1,2,メモリーグラス,牡5,58.0,三浦皇成,6,21.9,1:12.8,1/2,⑧⑤,37.0,[美]松永康利,486(0),,皐月賞,2025-04-19,2025,202504190612
https://www.keibalab.jp/db/race/202504190612/,202504190612,,7,4,8,セキテイオー,牡6,58.0,江田照男,10,75.3,1:12.9,3/4,⑬⑭,36.6,[美]田中剛,476(－4),,皐月賞,2025-04-19,2025,202504190612
https://www.keibalab.jp/db/race/202504190612/,202504190612,,8,5,9,ベルシャンソン,牝5,56.0,吉田豊,14,172.2,1:13.0,1/2,③⑤,37.5,[美]西田雄一,482(0),,皐月賞,2025-04-19,2025,202504190612
https://www.keibalab.jp/db/race/202504190612/,202504190612,,9,5,10,メラーキ,牡8,58.0,松岡正海,11,88.1,1:13.0,クビ,⑩⑨,37.1,[美]稲垣幸雄,490(0),,皐月賞,2025-04-19,2025,202504190612
https://www.keibalab.jp/db/race/202504190612/,202504190612,,10,6,12,ヤマカツパトリシア,牝8,56.0,菅原明良,13,90.4,1:13.3,１3/4,⑭⑮,36.9,[栗]谷潔,466(－10),,皐月賞,2025-04-19,2025,202504190612
https://www.keibalab.jp/db/race/202504190612/,202504190612,,11,8,16,(地)ターニングアップ,牡7,58.0,丸田恭介,12,90.3,1:13.4,アタマ,③⑤,37.9,[美]南田美知,480(＋8),,皐月賞,2025-04-19,2025,202504190612
https://www.keibalab.jp/db/race/202504190612/,202504190612,,12,7,14,メイショウヤーキス,牡4,58.0,横山和生,3,7.0,1:13.5,1/2,⑦⑧,37.9,[栗]飯田祐史,428(－20),,皐月賞,2025-04-19,2025,202504190612
https://www.keibalab.jp/db/race/202504190612/,202504190612,,13,4,7,ルーラルハピネス,牝5,56.0,北村宏司,2,4.3,1:13.5,ハナ,②②,38.3,[美]伊藤大士,470(0),,皐月賞,2025-04-19,2025,202504190612
https://www.keibalab.jp/db/race/202504190612/,202504190612,,14,6,11,コースタルテラス,セ6,58.0,原優介,9,74.2,1:13.5,クビ,⑪⑫,37.5,[美]矢嶋大樹,496(＋2),,皐月賞,2025-04-19,2025,202504190612
https://www.keibalab.jp/db/race/202504190612/,202504190612,,15,7,13,アンスリウム,牝5,56.0,津村明秀,4,13.6,1:13.5,アタマ,⑧⑨,37.7,[美]加藤征弘,494(＋10),,皐月賞,2025-04-19,2025,202504190612
https://www.keibalab.jp/db/race/202504190612/,202504190612,,除外,2,4,ロサンゼルス,牡4,58.0,モレイラ,,---,,,⑯⑯,,[美]伊藤圭三,516(＋2),,皐月賞,2025-04-19,2025,202504190612
https://www.keibalab.jp/db/race/202504200611/,202504200611,,1,6,11,ミュージアムマイル,牡3,57.0,モレイラ,3,10.6,1:57.0,,⑧⑧⑧⑩,34.1,[栗]高柳大輔,500(－2),オメガ指数を見るには、会員の方はログイン会員でない方は会員登録してご覧下さい,皐月賞,2025-04-20,2025,202504200611
https://www.keibalab.jp/db/race/202504200611/,202504200611,,2,5,10,クロワデュノール,牡3,57.0,北村友一,1,1.5,1:57.3,１1/2,④④⑥②,34.7,[栗]斉藤崇史,500(＋4),,皐月賞,2025-04-20,2025,202504200611
https://www.keibalab.jp/db/race/202504200611/,202504200611,,3,3,6,マスカレードボール,牡3,57.0,横山武史,4,13.7,1:57.3,クビ,⑪⑩⑭⑬,33.9,[美]手塚貴久,460(－4),,皐月賞,2025-04-20,2025,202504200611
https://www.keibalab.jp/db/race/202504200611/,202504200611,,4,3,5,ジョバンニ,牡3,57.0,松山弘平,7,23.4,1:57.4,1/2,⑥⑥⑪⑩,34.3,[栗]杉山晴紀,482(＋2),,皐月賞,2025-04-20,2025,202504200611
https://www.keibalab.jp/db/race/202504200611/,202504200611,,5,8,16,サトノシャイニング,牡3,57.0,西村淳也,2,8.6,1:57.4,アタマ,⑨⑩⑧⑦,34.5,[栗]杉山晴紀,496(＋4),,皐月賞,2025-04-20,2025,202504200611
https://www.keibalab.jp/db/race/202504200611/,202504200611,,6,8,18,マジックサンズ,牡3,57.0,佐々木大,16,201.5,1:57.6,１,⑯⑰⑰⑬,33.8,[栗]須貝尚介,516(＋6),,皐月賞,2025-04-20,2025,202504200611
https://www.keibalab.jp/db/race/202504200611/,202504200611,,7,2,3,キングスコール,牡3,57.0,藤岡佑介,9,40.1,1:57.7,１,⑭⑭⑰⑰,33.9,[栗]矢作芳人,494(－2),,皐月賞,2025-04-20,2025,202504200611
https://www.keibalab.jp/db/race/202504200611/,202504200611,,8,7,13,アロヒアリイ,牡3,57.0,横山和生,11,56.5,1:57.9,１,⑰⑱③②,35.5,[美]田中博康,492(－2),,皐月賞,2025-04-20,2025,202504200611
https://www.keibalab.jp/db/race/202504200611/,202504200611,,9,7,15,ヴィンセンシオ,牡3,57.0,ルメール,6,19.8,1:57.9,クビ,⑭⑭⑬⑬,34.7,[美]森一誠,506(－10),,皐月賞,2025-04-20,2025,202504200611
https://www.keibalab.jp/db/race/202504200611/,202504200611,,10,7,14,カラマティアノス,牡3,57.0,戸崎圭太,12,60.8,1:58.0,クビ,⑫⑫⑭⑬,34.6,[美]奥村武,464(－2),,皐月賞,2025-04-20,2025,202504200611
https://www.keibalab.jp/db/race/202504200611/,202504200611,,11,1,2,エリキング,牡3,57.0,川田将雅,5,18.7,1:58.0,ハナ,⑨⑧⑪⑩,34.9,[栗]中内田充,500(＋2),,皐月賞,2025-04-20,2025,202504200611
https://www.keibalab.jp/db/race/202504200611/,202504200611,,12,2,4,ジュタ,牡3,57.0,坂井瑠星,15,110.1,1:58.0,クビ,②②④②,35.5,[栗]矢作芳人,500(＋2),,皐月賞,2025-04-20,2025,202504200611
https://www.keibalab.jp/db/race/202504200611/,202504200611,,13,1,1,ニシノエージェント,牡3,57.0,津村明秀,14,91.1,1:58.1,1/2,④④⑧⑦,35.3,[美]千葉直人,470(－2),,皐月賞,2025-04-20,2025,202504200611
https://www.keibalab.jp/db/race/202504200611/,202504200611,,14,4,8,ジーティーアダマン,牡3,57.0,岩田望来,10,41.3,1:58.2,クビ,③③④⑥,35.7,[栗]上村洋行,496(＋4),,皐月賞,2025-04-20,2025,202504200611
https://www.keibalab.jp/db/race/202504200611/,202504200611,,15,8,17,ファウストラーゼン,牡3,57.0,杉原誠人,8,39.8,1:58.2,クビ,⑱⑭①①,36.0,[栗]西村真幸,456(0),,皐月賞,2025-04-20,2025,202504200611
https://www.keibalab.jp/db/race/202504200611/,202504200611,,16,4,7,フクノブルーレイク,牡3,57.0,松岡正海,18,261.1,1:58.6,２,⑫⑫⑭⑰,35.1,[美]竹内正洋,456(＋4),,皐月賞,2025-04-20,2025,202504200611
https://www.keibalab.jp/db/race/202504200611/,202504200611,,17,6,12,ドラゴンブースト,牡3,57.0,丹内祐次,17,244.6,1:58.6,1/2,⑥⑥⑥⑦,36.0,[栗]藤野健太,476(＋6),,皐月賞,2025-04-20,2025,202504200611
https://www.keibalab.jp/db/race/202504200611/,202504200611,,18,5,9,ピコチャンブラック,牡3,57.0,石橋脩,13,74.7,1:58.9,１1/2,①①②②,36.7,[美]上原佑紀,484(－4),,皐月賞,2025-04-20,2025,202504200611
https://www.keibalab.jp/db/race/202504200612/,202504200612,,1,4,4,コスモフリーゲン,牡5,57.0,柴田大知,2,3.0,2:10.4,,②②②②,34.4,[美]畠山吉宏,502(－2),オメガ指数を見るには、会員の方はログイン会員でない方は会員登録してご覧下さい,皐月賞,2025-04-20,2025,202504200612
https://www.keibalab.jp/db/race/202504200612/,202504200612,,2,7,11,(地)イヤサカ,牝7,52.0,江田照男,11,111.5,2:10.7,２,①①①①,34.8,[美]天間昭一,492(－2),,皐月賞,2025-04-20,2025,202504200612
https://www.keibalab.jp/db/race/202504200612/,202504200612,,3,3,3,(外)シャイニングソード,牡4,56.0,川田将雅,1,2.8,2:10.8,クビ,⑩⑧⑨⑦,34.1,[栗]中内田充,514(＋10),,皐月賞,2025-04-20,2025,202504200612
https://www.keibalab.jp/db/race/202504200612/,202504200612,,4,6,9,レッドヴェロシティ,牡7,56.0,杉原誠人,10,92.1,2:10.8,クビ,⑧⑧③③,34.6,[美]木村哲也,540(－10),,皐月賞,2025-04-20,2025,202504200612
https://www.keibalab.jp/db/race/202504200612/,202504200612,,5,6,8,ナイトインロンドン,牡5,56.0,モレイラ,3,3.7,2:11.0,１1/4,⑪⑪⑪⑪,34.1,[美]大竹正博,492(＋2),,皐月賞,2025-04-20,2025,202504200612
https://www.keibalab.jp/db/race/202504200612/,202504200612,,6,8,13,キントリヒ,牡6,55.0,松山弘平,9,86.8,2:11.1,クビ,④④⑤⑤,34.6,[美]矢野英一,478(0),,皐月賞,2025-04-20,2025,202504200612
https://www.keibalab.jp/db/race/202504200612/,202504200612,,7,4,5,ウインリブルマン,牡7,55.0,松岡正海,13,240.8,2:11.1,クビ,③③③③,34.8,[栗]緒方努,508(0),,皐月賞,2025-04-20,2025,202504200612
https://www.keibalab.jp/db/race/202504200612/,202504200612,,8,1,1,ジオフロント,牡7,56.0,北村宏司,7,36.4,2:11.2,アタマ,④⑤⑦⑨,34.6,[栗]清水久詞,476(＋6),,皐月賞,2025-04-20,2025,202504200612
https://www.keibalab.jp/db/race/202504200612/,202504200612,,9,8,12,ハギノアルデバラン,牡5,55.0,佐々木大,8,48.1,2:11.2,ハナ,⑨⑧⑦⑦,34.6,[栗]佐藤悠太,508(－22),,皐月賞,2025-04-20,2025,202504200612
https://www.keibalab.jp/db/race/202504200612/,202504200612,,10,5,7,メイテソーロ,牡5,54.0,木幡巧也,12,216.1,2:11.2,クビ,⑦⑦⑨⑨,34.5,[美]武市康男,496(－6),,皐月賞,2025-04-20,2025,202504200612
https://www.keibalab.jp/db/race/202504200612/,202504200612,,11,5,6,アドマイヤサジー,牝5,54.0,丹内祐次,4,9.2,2:11.3,3/4,⑫⑫⑪⑪,34.4,[美]宮田敬介,444(－4),,皐月賞,2025-04-20,2025,202504200612
https://www.keibalab.jp/db/race/202504200612/,202504200612,,12,2,2,ルクスビッグスター,牡5,56.0,石橋脩,6,27.9,2:11.8,２1/2,⑬⑬⑬⑬,34.7,[栗]清水久詞,482(－2),,皐月賞,2025-04-20,2025,202504200612
https://www.keibalab.jp/db/race/202504200612/,202504200612,,13,7,10,サトノクローク,牡5,56.0,戸崎圭太,5,12.5,2:11.8,クビ,⑥⑥⑤⑥,35.3,[栗]橋口慎介,480(－2),,皐月賞,2025-04-20,2025,202504200612
https://www.keibalab.jp/db/race/202504260811/,202504260811,,1,8,13,ドンアミティエ,牡5,59.0,坂井瑠星,1,2.7,1:10.7,,⑤⑤,35.2,[栗]今野貞一,496(－4),オメガ指数を見るには、会員の方はログイン会員でない方は会員登録してご覧下さい,天皇賞(春),2025-04-26,2025,202504260811
https://www.keibalab.jp/db/race/202504260811/,202504260811,,2,4,6,(外)インユアパレス,牡4,57.0,団野大成,3,6.0,1:10.8,1/2,⑨⑧,34.9,[栗]須貝尚介,480(－2),,天皇賞(春),2025-04-26,2025,202504260811
https://www.keibalab.jp/db/race/202504260811/,202504260811,,3,5,8,ファーンヒル,牡6,57.0,吉村誠之,11,126.2,1:10.8,ハナ,②②,35.7,[栗]清水久詞,486(－2),,天皇賞(春),2025-04-26,2025,202504260811
https://www.keibalab.jp/db/race/202504260811/,202504260811,,4,6,10,ボナンザ,牡5,58.0,川田将雅,2,5.0,1:10.8,ハナ,③②,35.6,[栗]庄野靖志,506(＋6),,天皇賞(春),2025-04-26,2025,202504260811
https://www.keibalab.jp/db/race/202504260811/,202504260811,,5,8,14,スマートフォルス,牡5,57.0,武豊,6,12.7,1:11.2,２,⑪⑫,35.0,[栗]吉村圭司,482(＋2),,天皇賞(春),2025-04-26,2025,202504260811
https://www.keibalab.jp/db/race/202504260811/,202504260811,,6,2,2,エーティーマクフィ,牡6,57.0,藤岡佑介,4,8.4,1:11.2,アタマ,⑭⑬,34.7,[栗]武英智,476(－10),,天皇賞(春),2025-04-26,2025,202504260811
https://www.keibalab.jp/db/race/202504260811/,202504260811,,7,5,7,(地)メイショウミツヤス,牡7,57.0,和田竜二,13,185.8,1:11.4,１1/4,⑪⑩,35.3,[栗]飯田祐史,512(－8),,天皇賞(春),2025-04-26,2025,202504260811
https://www.keibalab.jp/db/race/202504260811/,202504260811,,8,7,12,(地)ルクスメテオール,牡5,57.0,浜中俊,7,13.1,1:11.5,1/2,⑦⑧,35.8,[栗]小林真也,488(－2),,天皇賞(春),2025-04-26,2025,202504260811
https://www.keibalab.jp/db/race/202504260811/,202504260811,,9,1,1,タイセイブリリオ,牡6,57.0,田口貫太,12,160.9,1:11.8,２,⑦⑥,36.2,[栗]大橋勇樹,488(－2),,天皇賞(春),2025-04-26,2025,202504260811
https://www.keibalab.jp/db/race/202504260811/,202504260811,,10,7,11,(外)エコロガイア,牡4,57.0,岩田望来,8,20.2,1:11.8,アタマ,③②,36.5,[栗]森秀行,476(＋2),,天皇賞(春),2025-04-26,2025,202504260811
https://www.keibalab.jp/db/race/202504260811/,202504260811,,11,3,3,サンライズアムール,牡6,60.0,鮫島克駿,5,10.3,1:11.9,1/2,⑬⑬,35.5,[栗]小林真也,526(＋6),,天皇賞(春),2025-04-26,2025,202504260811
https://www.keibalab.jp/db/race/202504260811/,202504260811,,12,4,5,(地)ステラフィオーレ,牝6,55.0,松若風馬,9,22.5,1:11.9,クビ,①①,37.6,[栗]小栗実,490(＋12),,天皇賞(春),2025-04-26,2025,202504260811
https://www.keibalab.jp/db/race/202504260811/,202504260811,,13,3,4,ムーンプローブ,牝5,55.0,北村友一,14,265.0,1:12.1,3/4,⑩⑩,36.2,[栗]上村洋行,486(＋6),,天皇賞(春),2025-04-26,2025,202504260811
https://www.keibalab.jp/db/race/202504260811/,202504260811,,14,6,9,メズメライザー,セ6,57.0,幸英明,10,30.4,1:12.1,クビ,⑤⑥,36.7,[栗]千田輝彦,532(－2),,天皇賞(春),2025-04-26,2025,202504260811
https://www.keibalab.jp/db/race/202504260812/,202504260812,,1,4,4,ブリックワーク,牝4,55.0,☆西塚洸,1,2.3,1:32.9,,①①,33.9,[栗]辻野泰之,436(0),オメガ指数を見るには、会員の方はログイン会員でない方は会員登録してご覧下さい,天皇賞(春),2025-04-26,2025,202504260812
https://www.keibalab.jp/db/race/202504260812/,202504260812,,2,2,2,トーホウガレオン,牡5,58.0,田口貫太,5,17.3,1:33.1,１1/2,②②,34.0,[栗]谷潔,518(－4),,天皇賞(春),2025-04-26,2025,202504260812
https://www.keibalab.jp/db/race/202504260812/,202504260812,,3,6,6,オトコギアンパン,牡4,57.0,☆吉村誠,2,3.3,1:33.3,１1/4,⑤⑤,33.7,[栗]小栗実,490(－4),,天皇賞(春),2025-04-26,2025,202504260812
https://www.keibalab.jp/db/race/202504260812/,202504260812,,4,1,1,レッドベルアーム,牡6,58.0,幸英明,3,4.7,1:33.4,クビ,③③,34.2,[栗]河嶋宏樹,526(－4),,天皇賞(春),2025-04-26,2025,202504260812
https://www.keibalab.jp/db/race/202504260812/,202504260812,,5,7,7,(地)ヒロノゴウカイ,牡6,58.0,菅原隆一,7,58.9,1:33.7,２,⑥⑥,33.9,[美]蛯名利弘,502(－8),,天皇賞(春),2025-04-26,2025,202504260812
https://www.keibalab.jp/db/race/202504260812/,202504260812,,6,3,3,タガノスペルノヴァ,牡7,58.0,松若風馬,8,68.5,1:33.7,ハナ,⑥⑥,33.8,[栗]中尾秀正,434(＋12),,天皇賞(春),2025-04-26,2025,202504260812
https://www.keibalab.jp/db/race/202504260812/,202504260812,,7,5,5,テラステラ,牡5,58.0,坂井瑠星,4,5.1,1:34.0,１3/4,③③,34.8,[栗]矢作芳人,474(－6),,天皇賞(春),2025-04-26,2025,202504260812
https://www.keibalab.jp/db/race/202504260812/,202504260812,,8,8,9,(地)イーサンアイ,牡6,58.0,鮫島良太,9,114.0,1:34.3,１3/4,⑧⑧,33.9,[栗]河嶋宏樹,466(＋6),,天皇賞(春),2025-04-26,2025,202504260812
https://www.keibalab.jp/db/race/202504260812/,202504260812,,9,8,8,トゥーテイルズ,牝5,56.0,北村友一,6,55.8,1:34.4,1/2,⑨⑨,33.6,[栗]藤原英昭,466(0),,天皇賞(春),2025-04-26,2025,202504260812
https://www.keibalab.jp/db/race/202504270811/,202504270811,,1,8,10,ロングラン,セ7,57.0,岩田康誠,5,10.2,1:31.7,,⑥⑦,33.3,[美]和田勇介,478(0),オメガ指数を見るには、会員の方はログイン会員でない方は会員登録してご覧下さい,天皇賞(春),2025-04-27,2025,202504270811
https://www.keibalab.jp/db/race/202504270811/,202504270811,,2,3,3,ジュンブロッサム,牡6,58.0,武豊,1,2.1,1:31.8,1/2,⑧⑧,33.2,[栗]友道康夫,482(＋4),,天皇賞(春),2025-04-27,2025,202504270811
https://www.keibalab.jp/db/race/202504270811/,202504270811,,3,7,8,セオ,牡5,57.0,岩田望来,2,4.4,1:32.1,１1/2,②②,34.2,[栗]上村洋行,498(＋2),,天皇賞(春),2025-04-27,2025,202504270811
https://www.keibalab.jp/db/race/202504270811/,202504270811,,4,2,2,ニホンピロキーフ,牡5,57.0,田口貫太,3,4.8,1:32.2,1/2,⑥⑥,33.9,[栗]大橋勇樹,486(－4),,天皇賞(春),2025-04-27,2025,202504270811
https://www.keibalab.jp/db/race/202504270811/,202504270811,,5,7,7,グラティアス,牡7,57.0,北村友一,9,41.9,1:32.3,1/2,⑤④,34.1,[栗]安田翔伍,494(－12),,天皇賞(春),2025-04-27,2025,202504270811
https://www.keibalab.jp/db/race/202504270811/,202504270811,,6,1,1,ホウオウリアリティ,牡7,57.0,団野大成,10,43.4,1:32.3,アタマ,⑧⑧,33.6,[栗]井上智史,484(＋2),,天皇賞(春),2025-04-27,2025,202504270811
https://www.keibalab.jp/db/race/202504270811/,202504270811,,7,5,5,(外)エアファンディタ,牡8,57.0,Mデムー,7,29.0,1:32.3,クビ,⑩⑩,33.1,[栗]池添学,470(＋10),,天皇賞(春),2025-04-27,2025,202504270811
https://www.keibalab.jp/db/race/202504270811/,202504270811,,8,8,9,(外)レイベリング,牡5,57.0,和田竜二,6,26.5,1:33.0,４,④②,35.0,[美]鹿戸雄一,484(－12),,天皇賞(春),2025-04-27,2025,202504270811
https://www.keibalab.jp/db/race/202504270811/,202504270811,,9,4,4,ビーアストニッシド,牡6,57.0,西村太一,8,35.9,1:33.6,３1/2,①①,35.8,[美]堀内岳志,476(－4),,天皇賞(春),2025-04-27,2025,202504270811
https://www.keibalab.jp/db/race/202504270811/,202504270811,,10,6,6,ミスタージーティー,牡4,57.0,坂井瑠星,4,9.7,1:33.6,ハナ,②④,35.5,[栗]矢作芳人,472(＋2),,天皇賞(春),2025-04-27,2025,202504270811
https://www.keibalab.jp/db/race/202504270812/,202504270812,,1,5,5,スマートリアファル,牡4,58.0,武豊,6,12.8,1:52.0,,①①②②,37.1,[栗]加藤公太,492(0),オメガ指数を見るには、会員の方はログイン会員でない方は会員登録してご覧下さい,天皇賞(春),2025-04-27,2025,202504270812
https://www.keibalab.jp/db/race/202504270812/,202504270812,,2,6,8,ワイドブリザード,セ4,58.0,浜中俊,1,2.3,1:52.0,クビ,⑩⑩①①,37.2,[栗]佐藤悠太,440(－2),,天皇賞(春),2025-04-27,2025,202504270812
https://www.keibalab.jp/db/race/202504270812/,202504270812,,3,6,7,クリノフィガロ,牡4,58.0,和田竜二,3,9.2,1:52.4,２1/2,⑤⑤④④,37.3,[栗]荒川義之,498(－6),,天皇賞(春),2025-04-27,2025,202504270812
https://www.keibalab.jp/db/race/202504270812/,202504270812,,4,8,11,リアド,牡6,58.0,幸英明,8,18.4,1:52.6,１,⑨⑨②③,37.7,[栗]小椋研介,482(－6),,天皇賞(春),2025-04-27,2025,202504270812
https://www.keibalab.jp/db/race/202504270812/,202504270812,,5,7,10,シュプリンガー,セ6,58.0,長岡禎仁,11,35.9,1:52.7,1/2,⑥⑤⑦⑦,37.2,[栗]小栗実,496(－2),,天皇賞(春),2025-04-27,2025,202504270812
https://www.keibalab.jp/db/race/202504270812/,202504270812,,6,1,1,シンリミテス,牡6,58.0,太宰啓介,9,21.8,1:52.8,3/4,⑪⑪⑪⑨,36.9,[栗]大根田裕,500(－4),,天皇賞(春),2025-04-27,2025,202504270812
https://www.keibalab.jp/db/race/202504270812/,202504270812,,7,5,6,ケイアイメキラ,セ5,58.0,北村友一,7,16.0,1:52.9,クビ,⑫⑫⑫⑪,36.7,[栗]秋山真一,472(＋2),,天皇賞(春),2025-04-27,2025,202504270812
https://www.keibalab.jp/db/race/202504270812/,202504270812,,8,2,2,ブルーペクトライト,牝5,56.0,Mデムー,10,24.2,1:53.0,1/2,⑥⑦⑨⑨,37.3,[栗]宮地貴稔,488(＋6),,天皇賞(春),2025-04-27,2025,202504270812
https://www.keibalab.jp/db/race/202504270812/,202504270812,,9,3,3,ワンダースティング,牡7,58.0,高倉稜,4,9.4,1:53.0,クビ,③③④④,37.9,[栗]渡辺薫彦,520(－2),,天皇賞(春),2025-04-27,2025,202504270812
https://www.keibalab.jp/db/race/202504270812/,202504270812,,10,4,4,マサハヤウォルズ,牡5,58.0,田口貫太,12,172.8,1:53.5,３,⑧⑦⑨⑥,38.0,[栗]今野貞一,472(＋6),,天皇賞(春),2025-04-27,2025,202504270812
https://www.keibalab.jp/db/race/202504270812/,202504270812,,11,8,12,タマモキャリコ,セ4,57.0,☆吉村誠,5,12.1,1:53.8,１3/4,③③⑦⑪,38.2,[栗]宮地貴稔,424(－2),,天皇賞(春),2025-04-27,2025,202504270812
https://www.keibalab.jp/db/race/202504270812/,202504270812,,12,7,9,(外)エアサンサーラ,牡4,58.0,岩田望来,2,4.7,1:55.4,１０,②②④⑦,40.2,[栗]辻野泰之,578(－12),,天皇賞(春),2025-04-27,2025,202504270812
https://www.keibalab.jp/db/race/202505100511/,202505100511,,1,8,16,セイウンハーデス,牡6,57.0,幸英明,6,13.2,1:43.9,レコード,⑥⑧⑧,34.3,[栗]橋口慎介,482(－6),オメガ指数を見るには、会員の方はログイン会員でない方は会員登録してご覧下さい,NHKマイルC,2025-05-10,2025,202505100511
https://www.keibalab.jp/db/race/202505100511/,202505100511,,2,2,4,ドゥラドーレス,牡6,57.0,ルメール,1,3.7,1:44.2,１3/4,⑯⑮⑭,34.1,[美]宮田敬介,502(0),,NHKマイルC,2025-05-10,2025,202505100511
https://www.keibalab.jp/db/race/202505100511/,202505100511,,3,3,6,トーセンリョウ,牡6,57.0,団野大成,10,28.9,1:44.4,１1/2,⑯⑯⑯,34.1,[美]加藤征弘,462(0),,NHKマイルC,2025-05-10,2025,202505100511
https://www.keibalab.jp/db/race/202505100511/,202505100511,,4,4,8,クルゼイロドスル,牡5,57.0,横山武史,4,6.9,1:44.4,アタマ,⑧⑥⑥,35.0,[栗]高橋義忠,496(－6),,NHKマイルC,2025-05-10,2025,202505100511
https://www.keibalab.jp/db/race/202505100511/,202505100511,,5,4,7,コントラポスト,牡5,57.0,田辺裕信,8,18.3,1:44.5,クビ,⑧⑧⑧,34.9,[美]菊沢隆徳,474(＋2),,NHKマイルC,2025-05-10,2025,202505100511
https://www.keibalab.jp/db/race/202505100511/,202505100511,,6,8,17,ダノンエアズロック,牡4,57.0,レーン,2,5.5,1:44.7,１1/4,⑥⑥⑥,35.3,[美]堀宣行,498(－2),,NHKマイルC,2025-05-10,2025,202505100511
https://www.keibalab.jp/db/race/202505100511/,202505100511,,7,6,12,ディープモンスター,牡7,57.0,ディー,7,16.0,1:44.7,クビ,⑪⑪⑪,34.8,[栗]池江泰寿,470(＋6),,NHKマイルC,2025-05-10,2025,202505100511
https://www.keibalab.jp/db/race/202505100511/,202505100511,,8,2,3,エヒト,牡8,57.0,古川吉洋,15,161.9,1:45.0,１3/4,⑬⑪⑪,35.1,[栗]森秀行,464(－2),,NHKマイルC,2025-05-10,2025,202505100511
https://www.keibalab.jp/db/race/202505100511/,202505100511,,9,7,14,デビットバローズ,セ6,57.0,岩田望来,5,7.1,1:45.1,1/2,⑤④④,35.9,[栗]上村洋行,504(－2),,NHKマイルC,2025-05-10,2025,202505100511
https://www.keibalab.jp/db/race/202505100511/,202505100511,,10,7,15,カラテ,牡9,57.0,杉原誠人,13,109.6,1:45.2,1/2,⑪⑪⑪,35.3,[栗]東田明士,542(0),,NHKマイルC,2025-05-10,2025,202505100511
https://www.keibalab.jp/db/race/202505100511/,202505100511,,11,6,11,トップナイフ,牡5,57.0,横山和生,11,38.2,1:45.3,3/4,④③②,36.3,[栗]昆貢,492(－4),,NHKマイルC,2025-05-10,2025,202505100511
https://www.keibalab.jp/db/race/202505100511/,202505100511,,12,3,5,コレペティトール,セ5,57.0,柴田裕一,17,385.5,1:45.5,3/4,⑭⑯⑯,35.2,[栗]中竹和也,468(－10),,NHKマイルC,2025-05-10,2025,202505100511
https://www.keibalab.jp/db/race/202505100511/,202505100511,,13,1,2,シュトラウス,牡4,57.0,北村宏司,3,5.7,1:45.5,クビ,②①①,36.7,[美]武井亮,524(0),,NHKマイルC,2025-05-10,2025,202505100511
https://www.keibalab.jp/db/race/202505100511/,202505100511,,14,1,1,キョウエイブリッサ,牡5,57.0,津村明秀,12,60.8,1:45.6,クビ,⑱⑱⑯,35.2,[美]武市康男,492(＋4),,NHKマイルC,2025-05-10,2025,202505100511
https://www.keibalab.jp/db/race/202505100511/,202505100511,,15,5,9,ラケマーダ,牡5,57.0,鮫島克駿,16,188.3,1:46.2,３1/2,⑭⑭⑭,36.1,[栗]千田輝彦,502(＋6),,NHKマイルC,2025-05-10,2025,202505100511
https://www.keibalab.jp/db/race/202505100511/,202505100511,,16,5,10,ジューンテイク,牡4,59.0,藤岡佑介,9,24.6,1:46.3,3/4,⑧⑧⑩,36.5,[栗]武英智,488(－8),,NHKマイルC,2025-05-10,2025,202505100511
https://www.keibalab.jp/db/race/202505100511/,202505100511,,17,8,18,ビーアストニッシド,牡6,58.0,西村太一,18,387.2,1:47.1,５,②④④,37.9,[美]堀内岳志,476(0),,NHKマイルC,2025-05-10,2025,202505100511
https://www.keibalab.jp/db/race/202505100511/,202505100511,,18,7,13,メイショウチタン,牡8,57.0,吉田豊,14,110.1,1:47.7,３1/2,①②②,38.8,[栗]本田優,482(＋8),,NHKマイルC,2025-05-10,2025,202505100511
https://www.keibalab.jp/db/race/202505100512/,202505100512,,1,4,7,イノセントキャット,牝4,56.0,横山武史,1,2.3,1:22.3,,②②,35.8,[美]久保田貴,454(－4),オメガ指数を見るには、会員の方はログイン会員でない方は会員登録してご覧下さい,NHKマイルC,2025-05-10,2025,202505100512
https://www.keibalab.jp/db/race/202505100512/,202505100512,,2,1,1,フラーハ,牝4,56.0,ディー,10,34.9,1:22.6,２,①①,36.2,[美]嘉藤貴行,486(＋4),,NHKマイルC,2025-05-10,2025,202505100512
https://www.keibalab.jp/db/race/202505100512/,202505100512,,3,6,12,ウェイトゥゴー,牝4,56.0,横山和生,8,23.0,1:22.7,クビ,⑭⑭,34.5,[栗]昆貢,470(0),,NHKマイルC,2025-05-10,2025,202505100512
https://www.keibalab.jp/db/race/202505100512/,202505100512,,4,1,2,スティールブルー,牝4,56.0,北村宏司,3,7.5,1:22.8,1/2,⑨⑧,35.6,[美]田中勝春,446(＋8),,NHKマイルC,2025-05-10,2025,202505100512
https://www.keibalab.jp/db/race/202505100512/,202505100512,,5,6,11,ベルブリエ,牝4,56.0,三浦皇成,5,9.0,1:22.9,3/4,⑨⑪,35.3,[美]尾関知人,458(＋2),,NHKマイルC,2025-05-10,2025,202505100512
https://www.keibalab.jp/db/race/202505100512/,202505100512,,6,4,8,アルジェンタージョ,牝4,56.0,木幡巧也,6,10.7,1:23.0,1/2,⑦⑦,36.0,[美]伊藤圭三,462(0),,NHKマイルC,2025-05-10,2025,202505100512
https://www.keibalab.jp/db/race/202505100512/,202505100512,,7,7,14,メジャーデビュー,牝4,56.0,石橋脩,2,6.4,1:23.4,２1/2,④⑤,36.6,[美]鈴木慎太,442(＋2),,NHKマイルC,2025-05-10,2025,202505100512
https://www.keibalab.jp/db/race/202505100512/,202505100512,,8,2,3,ニシノスピカ,牝6,56.0,津村明秀,4,8.0,1:23.5,1/2,⑪⑨,36.1,[美]鈴木伸尋,484(－2),,NHKマイルC,2025-05-10,2025,202505100512
https://www.keibalab.jp/db/race/202505100512/,202505100512,,9,5,10,イルザ,牝6,56.0,田辺裕信,12,95.2,1:23.5,クビ,⑯⑯,35.1,[美]小手川準,468(0),,NHKマイルC,2025-05-10,2025,202505100512
https://www.keibalab.jp/db/race/202505100512/,202505100512,,10,3,5,ワイアウ,牝5,56.0,江田照男,11,73.4,1:23.5,ハナ,④③,36.8,[美]鈴木慎太,460(＋2),,NHKマイルC,2025-05-10,2025,202505100512
https://www.keibalab.jp/db/race/202505100512/,202505100512,,11,2,4,エリカコレクト,牝6,56.0,古川吉洋,15,164.7,1:23.5,アタマ,⑭⑭,35.4,[美]国枝栄,488(0),,NHKマイルC,2025-05-10,2025,202505100512
https://www.keibalab.jp/db/race/202505100512/,202505100512,,12,8,16,シュヴァルツリーベ,牝5,56.0,伊藤工真,7,18.5,1:23.7,１1/4,④⑤,36.9,[美]林徹,454(＋10),,NHKマイルC,2025-05-10,2025,202505100512
https://www.keibalab.jp/db/race/202505100512/,202505100512,,13,3,6,ヤマカツパトリシア,牝8,56.0,菅原明良,13,96.7,1:23.8,アタマ,⑪⑪,36.3,[栗]谷潔,464(－2),,NHKマイルC,2025-05-10,2025,202505100512
https://www.keibalab.jp/db/race/202505100512/,202505100512,,14,5,9,チェイスザウェイ,牝5,56.0,岩田望来,9,33.8,1:23.9,1/2,⑧⑨,36.5,[美]伊藤圭三,468(－2),,NHKマイルC,2025-05-10,2025,202505100512
https://www.keibalab.jp/db/race/202505100512/,202505100512,,15,7,13,トーホウフランゴ,牝5,54.0,◇永島ま,14,117.0,1:24.1,１1/2,⑪⑬,36.2,[栗]高橋康之,442(＋2),,NHKマイルC,2025-05-10,2025,202505100512
https://www.keibalab.jp/db/race/202505100512/,202505100512,,16,8,15,ナックダンス,牝5,53.0,▲遠藤汰,16,168.6,1:24.2,1/2,②③,37.6,[美]杉浦宏昭,508(－2),,NHKマイルC,2025-05-10,2025,202505100512
https://www.keibalab.jp/db/race/202505110511/,202505110511,,1,6,11,パンジャタワー,牡3,57.0,松山弘平,9,26.1,1:31.7,,⑩⑨,34.2,[栗]橋口慎介,480(－4),オメガ指数を見るには、会員の方はログイン会員でない方は会員登録してご覧下さい,NHKマイルC,2025-05-11,2025,202505110511
https://www.keibalab.jp/db/race/202505110511/,202505110511,,2,5,10,マジックサンズ,牡3,57.0,武豊,3,8.4,1:31.7,アタマ,⑰⑯,33.7,[栗]須貝尚介,514(－2),,NHKマイルC,2025-05-11,2025,202505110511
https://www.keibalab.jp/db/race/202505110511/,202505110511,,3,2,3,チェルビアット,牝3,55.0,ディー,12,73.7,1:31.7,ハナ,⑩⑨,34.3,[栗]高野友和,478(－4),,NHKマイルC,2025-05-11,2025,202505110511
https://www.keibalab.jp/db/race/202505110511/,202505110511,,4,1,1,モンドデラモーレ,牡3,57.0,戸崎圭太,6,13.1,1:31.8,1/2,⑦⑦,34.7,[美]千葉直人,484(＋2),,NHKマイルC,2025-05-11,2025,202505110511
https://www.keibalab.jp/db/race/202505110511/,202505110511,,5,3,5,ランスオブカオス,牡3,57.0,吉村誠之,4,8.8,1:32.0,１1/4,④⑥,35.0,[栗]奥村豊,494(－2),,NHKマイルC,2025-05-11,2025,202505110511
https://www.keibalab.jp/db/race/202505110511/,202505110511,,6,8,16,サトノカルナバル,牡3,57.0,レーン,7,14.2,1:32.2,3/4,⑫⑫,34.5,[美]堀宣行,518(0),,NHKマイルC,2025-05-11,2025,202505110511
https://www.keibalab.jp/db/race/202505110511/,202505110511,,7,6,12,マピュース,牝3,55.0,田辺裕信,5,10.1,1:32.2,アタマ,⑫⑫,34.6,[美]和田勇介,482(－4),,NHKマイルC,2025-05-11,2025,202505110511
https://www.keibalab.jp/db/race/202505110511/,202505110511,,8,5,9,マイネルチケット,牡3,57.0,横山武史,13,102.1,1:32.2,ハナ,⑮⑮,34.4,[栗]宮徹,456(－12),,NHKマイルC,2025-05-11,2025,202505110511
https://www.keibalab.jp/db/race/202505110511/,202505110511,,9,2,4,ヤンキーバローズ,牡3,57.0,岩田望来,10,39.8,1:32.3,3/4,⑭⑫,34.6,[栗]上村洋行,476(－6),,NHKマイルC,2025-05-11,2025,202505110511
https://www.keibalab.jp/db/race/202505110511/,202505110511,,10,8,18,コートアリシアン,牝3,55.0,菅原明良,11,45.4,1:32.4,3/4,⑱⑱,34.1,[美]伊藤大士,432(－2),,NHKマイルC,2025-05-11,2025,202505110511
https://www.keibalab.jp/db/race/202505110511/,202505110511,,11,3,6,イミグラントソング,牡3,57.0,ルメール,2,5.4,1:32.4,ハナ,④④,35.5,[美]辻哲英,484(＋2),,NHKマイルC,2025-05-11,2025,202505110511
https://www.keibalab.jp/db/race/202505110511/,202505110511,,12,7,13,ミニトランザット,牡3,57.0,鮫島克駿,14,104.8,1:32.4,アタマ,⑮⑯,34.5,[栗]杉山佳明,466(－2),,NHKマイルC,2025-05-11,2025,202505110511
https://www.keibalab.jp/db/race/202505110511/,202505110511,,13,7,15,アルテヴェローチェ,牡3,57.0,佐々木大,8,16.3,1:32.5,1/2,⑦⑦,35.3,[栗]須貝尚介,456(－6),,NHKマイルC,2025-05-11,2025,202505110511
https://www.keibalab.jp/db/race/202505110511/,202505110511,,14,4,8,アドマイヤズーム,牡3,57.0,川田将雅,1,2.5,1:32.7,3/4,③②,36.0,[栗]友道康夫,478(＋2),,NHKマイルC,2025-05-11,2025,202505110511
https://www.keibalab.jp/db/race/202505110511/,202505110511,,15,8,17,ヴーレヴー,牝3,55.0,浜中俊,17,181.7,1:33.0,２,①①,36.6,[栗]武幸四郎,472(－8),,NHKマイルC,2025-05-11,2025,202505110511
https://www.keibalab.jp/db/race/202505110511/,202505110511,,16,1,2,ショウナンザナドゥ,牝3,55.0,池添謙一,15,118.5,1:33.5,３,⑨⑨,36.1,[栗]松下武士,438(－2),,NHKマイルC,2025-05-11,2025,202505110511
https://www.keibalab.jp/db/race/202505110511/,202505110511,,17,7,14,ティラトーレ,牝3,55.0,木幡巧也,18,201.0,1:33.7,１1/2,④④,36.8,[美]牧光二,488(＋2),,NHKマイルC,2025-05-11,2025,202505110511
https://www.keibalab.jp/db/race/202505110511/,202505110511,,18,4,7,トータルクラリティ,牡3,57.0,北村友一,16,167.2,1:34.5,５,②②,37.7,[栗]池添学,464(－10),,NHKマイルC,2025-05-11,2025,202505110511
https://www.keibalab.jp/db/race/202505110512/,202505110512,,1,7,14,(外)ウェットシーズン,セ4,56.0,三浦皇成,3,5.8,1:34.0,,②②,35.8,[美]田中博康,508(－16),オメガ指数を見るには、会員の方はログイン会員でない方は会員登録してご覧下さい,NHKマイルC,2025-05-11,2025,202505110512
https://www.keibalab.jp/db/race/202505110512/,202505110512,,2,5,9,ナイトアクアリウム,牡5,57.0,長岡禎仁,5,8.0,1:34.9,５,⑩⑩,35.7,[栗]杉山佳明,496(0),,NHKマイルC,2025-05-11,2025,202505110512
https://www.keibalab.jp/db/race/202505110512/,202505110512,,3,5,10,ダノンザボルケーノ,牡4,56.0,横山和生,2,4.4,1:35.0,１,⑭⑬,35.6,[美]菊沢隆徳,474(－2),,NHKマイルC,2025-05-11,2025,202505110512
https://www.keibalab.jp/db/race/202505110512/,202505110512,,4,8,15,(外)ラップスター,牡5,55.0,武豊,9,37.0,1:35.1,3/4,③③,36.6,[栗]森秀行,512(－6),,NHKマイルC,2025-05-11,2025,202505110512
https://www.keibalab.jp/db/race/202505110512/,202505110512,,5,4,8,(外)ソレルビュレット,牡4,56.0,ルメール,1,3.8,1:35.2,クビ,⑤⑥,36.5,[美]宮田敬介,524(＋2),,NHKマイルC,2025-05-11,2025,202505110512
https://www.keibalab.jp/db/race/202505110512/,202505110512,,6,6,11,ジョディーズマロン,牡7,57.0,戸崎圭太,6,12.1,1:35.3,1/2,⑮⑮,35.7,[栗]北出成人,478(＋14),,NHKマイルC,2025-05-11,2025,202505110512
https://www.keibalab.jp/db/race/202505110512/,202505110512,,7,1,1,タイゲン,牡6,55.0,池添謙一,12,79.6,1:35.3,ハナ,⑮⑯,35.5,[栗]平田修,474(－6),,NHKマイルC,2025-05-11,2025,202505110512
https://www.keibalab.jp/db/race/202505110512/,202505110512,,8,2,4,フラッパールック,牝5,52.0,北村宏司,13,87.7,1:35.3,クビ,⑧⑦,36.3,[美]林徹,456(－6),,NHKマイルC,2025-05-11,2025,202505110512
https://www.keibalab.jp/db/race/202505110512/,202505110512,,9,6,12,ゴッドブルービー,牡5,57.0,浜中俊,7,12.1,1:35.4,クビ,⑤③,36.9,[栗]角田晃一,470(＋10),,NHKマイルC,2025-05-11,2025,202505110512
https://www.keibalab.jp/db/race/202505110512/,202505110512,,10,2,3,レアンダー,牡4,54.0,石川裕紀,15,106.6,1:35.4,アタマ,①①,37.4,[栗]大根田裕,468(＋2),,NHKマイルC,2025-05-11,2025,202505110512
https://www.keibalab.jp/db/race/202505110512/,202505110512,,11,8,16,エイシンレジューム,牡5,55.0,内田博幸,8,27.3,1:35.7,２,⑪⑩,36.6,[栗]中尾秀正,512(－2),,NHKマイルC,2025-05-11,2025,202505110512
https://www.keibalab.jp/db/race/202505110512/,202505110512,,12,3,6,サンライズグルーヴ,牡5,55.0,菅原明良,10,57.6,1:35.8,クビ,③⑤,37.2,[栗]前川恭子,508(－14),,NHKマイルC,2025-05-11,2025,202505110512
https://www.keibalab.jp/db/race/202505110512/,202505110512,,13,4,7,ポワンキュルミナン,牡5,55.0,ディー,14,103.4,1:36.1,２,⑪⑩,36.9,[栗]岡田稲男,436(－2),,NHKマイルC,2025-05-11,2025,202505110512
https://www.keibalab.jp/db/race/202505110512/,202505110512,,14,1,2,リフレクトザムーン,牝4,51.0,小林凌大,16,257.5,1:36.1,クビ,⑪⑬,36.7,[美]尾形和幸,456(＋2),,NHKマイルC,2025-05-11,2025,202505110512
https://www.keibalab.jp/db/race/202505110512/,202505110512,,15,3,5,グロッシェン,牡4,56.0,横山武史,4,6.2,1:36.1,クビ,⑤⑦,37.1,[美]宮田敬介,478(＋8),,NHKマイルC,2025-05-11,2025,202505110512
https://www.keibalab.jp/db/race/202505110512/,202505110512,,16,7,13,プラーヴィ,セ5,55.0,松山弘平,11,58.2,1:36.8,４,⑧⑦,37.8,[美]黒岩陽一,474(－6),,NHKマイルC,2025-05-11,2025,202505110512
https://www.keibalab.jp/db/race/202505170511/,202505170511,,1,6,7,ラスカンブレス,牡4,58.0,ルメール,1,2.4,2:26.3,,⑤⑤⑤⑤,36.4,[美]林徹,490(＋10),オメガ指数を見るには、会員の方はログイン会員でない方は会員登録してご覧下さい,ヴィクトリアM,2025-05-17,2025,202505170511
https://www.keibalab.jp/db/race/202505170511/,202505170511,,2,5,6,ミスタージーティー,牡4,58.0,津村明秀,4,7.9,2:26.5,１,⑤⑥⑦⑥,36.4,[栗]矢作芳人,470(－2),,ヴィクトリアM,2025-05-17,2025,202505170511
https://www.keibalab.jp/db/race/202505170511/,202505170511,,3,2,2,エンドウノハナ,牡6,58.0,田辺裕信,3,6.0,2:26.6,3/4,⑪⑪⑪⑪,36.0,[美]中舘英二,492(－2),,ヴィクトリアM,2025-05-17,2025,202505170511
https://www.keibalab.jp/db/race/202505170511/,202505170511,,4,4,4,コスモフロイデ,牡6,58.0,松岡正海,12,181.3,2:27.0,２1/2,②③③③,37.3,[美]天間昭一,484(＋6),,ヴィクトリアM,2025-05-17,2025,202505170511
https://www.keibalab.jp/db/race/202505170511/,202505170511,,5,8,11,ルドヴィクス,牡7,58.0,吉田豊,10,130.4,2:27.1,3/4,②②②②,37.6,[美]久保田貴,514(－4),,ヴィクトリアM,2025-05-17,2025,202505170511
https://www.keibalab.jp/db/race/202505170511/,202505170511,,6,6,8,フルール,牝5,56.0,横山和生,5,12.8,2:27.2,クビ,④④⑤⑥,37.2,[美]上原佑紀,492(0),,ヴィクトリアM,2025-05-17,2025,202505170511
https://www.keibalab.jp/db/race/202505170511/,202505170511,,7,7,10,ナイトインロンドン,牡5,58.0,レーン,2,3.6,2:27.6,２1/2,⑨⑨⑨⑨,37.3,[美]大竹正博,492(0),,ヴィクトリアM,2025-05-17,2025,202505170511
https://www.keibalab.jp/db/race/202505170511/,202505170511,,8,3,3,メイテソーロ,牡5,58.0,木幡巧也,11,175.4,2:27.8,１1/4,⑦⑦③③,38.1,[美]武市康男,498(＋2),,ヴィクトリアM,2025-05-17,2025,202505170511
https://www.keibalab.jp/db/race/202505170511/,202505170511,,9,7,9,シーウィザード,セ5,58.0,石川裕紀,7,18.9,2:28.3,３,⑫⑫⑫⑫,37.6,[美]鹿戸雄一,492(＋2),,ヴィクトリアM,2025-05-17,2025,202505170511
https://www.keibalab.jp/db/race/202505170511/,202505170511,,10,5,5,グランアルティスタ,牡4,58.0,☆西塚洸,8,35.3,2:28.7,２1/2,⑨⑨⑩⑨,38.3,[栗]寺島良,520(－6),,ヴィクトリアM,2025-05-17,2025,202505170511
https://www.keibalab.jp/db/race/202505170511/,202505170511,,11,8,12,ブロッケンボウ,牡4,58.0,三浦皇成,6,15.3,2:29.2,３,①①①①,39.8,[栗]佐々木晶,474(0),,ヴィクトリアM,2025-05-17,2025,202505170511
https://www.keibalab.jp/db/race/202505170511/,202505170511,,12,1,1,エイカイマッケンロ,牡6,58.0,ディー,9,35.6,2:35.2,大差,⑦⑧⑦⑧,45.0,[栗]藤原英昭,484(－10),,ヴィクトリアM,2025-05-17,2025,202505170511
https://www.keibalab.jp/db/race/202505170512/,202505170512,,1,5,8,プチボヌール,牝5,56.0,原優介,10,38.6,1:36.3,,②③,37.0,[美]畠山吉宏,446(－6),オメガ指数を見るには、会員の方はログイン会員でない方は会員登録してご覧下さい,ヴィクトリアM,2025-05-17,2025,202505170512
https://www.keibalab.jp/db/race/202505170512/,202505170512,,2,3,4,ロフティーイデアル,牝5,56.0,レーン,2,3.3,1:36.4,1/2,④④,36.9,[美]林徹,472(＋8),,ヴィクトリアM,2025-05-17,2025,202505170512
https://www.keibalab.jp/db/race/202505170512/,202505170512,,3,3,3,バランスダンサー,牝4,56.0,横山和生,1,3.3,1:36.6,１1/4,②②,37.4,[美]久保田貴,480(＋4),,ヴィクトリアM,2025-05-17,2025,202505170512
https://www.keibalab.jp/db/race/202505170512/,202505170512,,4,8,14,フイノマジワリ,牝4,56.0,田辺裕信,9,24.7,1:37.0,２1/2,⑪⑦,37.3,[美]竹内正洋,440(－4),,ヴィクトリアM,2025-05-17,2025,202505170512
https://www.keibalab.jp/db/race/202505170512/,202505170512,,5,4,6,サンキャメロン,牝4,56.0,吉田豊,8,19.2,1:37.1,3/4,⑤④,37.6,[美]上原博之,460(＋2),,ヴィクトリアM,2025-05-17,2025,202505170512
https://www.keibalab.jp/db/race/202505170512/,202505170512,,6,6,10,ドレミファニー,牝5,56.0,三浦皇成,4,8.4,1:37.2,1/2,⑤⑥,37.6,[美]西田雄一,502(－6),,ヴィクトリアM,2025-05-17,2025,202505170512
https://www.keibalab.jp/db/race/202505170512/,202505170512,,7,2,2,(地)ミランカ,牝4,56.0,木幡巧也,12,80.7,1:37.3,クビ,⑭⑬,36.9,[美]岩戸孝樹,466(0),,ヴィクトリアM,2025-05-17,2025,202505170512
https://www.keibalab.jp/db/race/202505170512/,202505170512,,8,5,7,ジークルーネ,牝4,56.0,津村明秀,13,96.6,1:37.4,3/4,①①,38.2,[美]浅利英明,474(＋2),,ヴィクトリアM,2025-05-17,2025,202505170512
https://www.keibalab.jp/db/race/202505170512/,202505170512,,9,4,5,ベルフィーヌ,牝4,56.0,松岡正海,3,6.1,1:37.5,クビ,⑪⑩,37.5,[美]堀内岳志,510(－2),,ヴィクトリアM,2025-05-17,2025,202505170512
https://www.keibalab.jp/db/race/202505170512/,202505170512,,10,6,9,サンマルソムニア,牝6,56.0,宮崎北斗,14,233.4,1:37.5,クビ,⑦⑦,37.8,[美]佐藤吉勝,472(－2),,ヴィクトリアM,2025-05-17,2025,202505170512
https://www.keibalab.jp/db/race/202505170512/,202505170512,,11,1,1,カルネヴァーレ,牝4,56.0,内田博幸,6,13.5,1:37.7,１1/4,⑪⑪,37.5,[美]菊沢隆徳,520(－4),,ヴィクトリアM,2025-05-17,2025,202505170512
https://www.keibalab.jp/db/race/202505170512/,202505170512,,12,8,13,レグザゴン,牝4,56.0,斎藤新,11,62.7,1:37.9,１1/4,⑨⑪,37.8,[美]斎藤誠,446(－2),,ヴィクトリアM,2025-05-17,2025,202505170512
https://www.keibalab.jp/db/race/202505170512/,202505170512,,13,7,11,ルージュカエラ,牝4,56.0,ディー,5,13.1,1:39.2,８,⑦⑨,39.4,[美]加藤征弘,440(－6),,ヴィクトリアM,2025-05-17,2025,202505170512
https://www.keibalab.jp/db/race/202505170512/,202505170512,,中止,7,12,シュネルラウフェン,牝4,56.0,北村宏司,7,15.5,,,⑨⑬,,[美]手塚貴久,440(＋6),,ヴィクトリアM,2025-05-17,2025,202505170512
https://www.keibalab.jp/db/race/202505180511/,202505180511,,1,8,17,アスコリピチェーノ,牝4,56.0,ルメール,1,2.5,1:32.1,,⑮⑮,33.3,[美]黒岩陽一,476(---),オメガ指数を見るには、会員の方はログイン会員でない方は会員登録してご覧下さい,ヴィクトリアM,2025-05-18,2025,202505180511
https://www.keibalab.jp/db/race/202505180511/,202505180511,,2,8,16,クイーンズウォーク,牝4,56.0,川田将雅,4,8.5,1:32.1,クビ,⑬⑫,33.6,[栗]中内田充,536(＋2),,ヴィクトリアM,2025-05-18,2025,202505180511
https://www.keibalab.jp/db/race/202505180511/,202505180511,,3,6,12,シランケド,牝5,56.0,Mデムー,7,18.1,1:32.1,ハナ,⑮⑰,33.2,[栗]牧浦充徳,508(＋2),,ヴィクトリアM,2025-05-18,2025,202505180511
https://www.keibalab.jp/db/race/202505180511/,202505180511,,4,2,3,アルジーヌ,牝5,56.0,レーン,5,9.1,1:32.1,アタマ,⑦④,34.1,[栗]中内田充,458(－6),,ヴィクトリアM,2025-05-18,2025,202505180511
https://www.keibalab.jp/db/race/202505180511/,202505180511,,5,8,18,アリスヴェリテ,牝5,56.0,池添謙一,15,97.7,1:32.2,3/4,①①,35.4,[栗]中竹和也,482(＋10),,ヴィクトリアM,2025-05-18,2025,202505180511
https://www.keibalab.jp/db/race/202505180511/,202505180511,,6,4,8,シンリョクカ,牝5,56.0,木幡初也,14,77.2,1:32.3,1/2,④④,34.2,[美]竹内正洋,464(0),,ヴィクトリアM,2025-05-18,2025,202505180511
https://www.keibalab.jp/db/race/202505180511/,202505180511,,7,5,9,アドマイヤマツリ,牝4,56.0,田辺裕信,6,16.7,1:32.4,1/2,②②,34.8,[美]宮田敬介,454(＋2),,ヴィクトリアM,2025-05-18,2025,202505180511
https://www.keibalab.jp/db/race/202505180511/,202505180511,,8,1,2,ステレンボッシュ,牝4,56.0,戸崎圭太,3,8.0,1:32.4,アタマ,⑧⑧,34.2,[美]国枝栄,468(＋8),,ヴィクトリアM,2025-05-18,2025,202505180511
https://www.keibalab.jp/db/race/202505180511/,202505180511,,9,1,1,クリスマスパレード,牝4,56.0,石川裕紀,8,20.4,1:32.5,1/2,⑪⑫,34.0,[美]加藤士津,460(＋2),,ヴィクトリアM,2025-05-18,2025,202505180511
https://www.keibalab.jp/db/race/202505180511/,202505180511,,10,6,11,シングザットソング,牝5,56.0,斎藤新,16,112.2,1:32.5,アタマ,⑧⑧,34.2,[栗]高野友和,452(＋8),,ヴィクトリアM,2025-05-18,2025,202505180511
https://www.keibalab.jp/db/race/202505180511/,202505180511,,11,4,7,ワイドラトゥール,牝4,56.0,北村友一,13,56.6,1:32.6,クビ,⑬⑫,34.0,[栗]藤原英昭,430(＋4),,ヴィクトリアM,2025-05-18,2025,202505180511
https://www.keibalab.jp/db/race/202505180511/,202505180511,,12,3,5,ラヴェル,牝5,56.0,津村明秀,10,27.2,1:32.7,1/2,⑪⑧,34.4,[栗]矢作芳人,466(－12),,ヴィクトリアM,2025-05-18,2025,202505180511
https://www.keibalab.jp/db/race/202505180511/,202505180511,,13,2,4,サフィラ,牝4,56.0,松山弘平,9,25.1,1:32.8,1/2,④④,34.8,[栗]池添学,454(－10),,ヴィクトリアM,2025-05-18,2025,202505180511
https://www.keibalab.jp/db/race/202505180511/,202505180511,,14,7,14,マサノカナリア,牝4,56.0,横山典弘,17,167.7,1:32.9,1/2,⑧⑧,34.7,[栗]藤野健太,462(0),,ヴィクトリアM,2025-05-18,2025,202505180511
https://www.keibalab.jp/db/race/202505180511/,202505180511,,15,7,13,ビヨンドザヴァレー,牝5,56.0,菱田裕二,11,39.3,1:32.9,アタマ,③③,35.0,[栗]橋口慎介,470(－4),,ヴィクトリアM,2025-05-18,2025,202505180511
https://www.keibalab.jp/db/race/202505180511/,202505180511,,16,5,10,ボンドガール,牝4,56.0,武豊,2,6.2,1:33.0,1/2,⑮⑮,34.2,[美]手塚貴久,456(＋8),,ヴィクトリアM,2025-05-18,2025,202505180511
https://www.keibalab.jp/db/race/202505180511/,202505180511,,17,7,15,ソーダズリング,牝5,56.0,坂井瑠星,12,43.6,1:33.3,２,④④,35.3,[栗]新谷功一,470(＋2),,ヴィクトリアM,2025-05-18,2025,202505180511
https://www.keibalab.jp/db/race/202505180511/,202505180511,,取消,3,6,ミアネーロ,牝4,56.0,ディー,,---,,,⑱⑱,,[美]林徹,---(---),,ヴィクトリアM,2025-05-18,2025,202505180511
https://www.keibalab.jp/db/race/202505180512/,202505180512,,1,7,14,サンライズパスカル,牡5,58.0,斎藤新,13,59.8,1:22.8,,④⑥,35.9,[栗]石坂公一,540(0),オメガ指数を見るには、会員の方はログイン会員でない方は会員登録してご覧下さい,ヴィクトリアM,2025-05-18,2025,202505180512
https://www.keibalab.jp/db/race/202505180512/,202505180512,,2,2,3,ドンレパルス,牡6,58.0,菅原明良,10,35.6,1:22.9,1/2,⑩⑩,35.6,[美]高木登,518(0),,ヴィクトリアM,2025-05-18,2025,202505180512
https://www.keibalab.jp/db/race/202505180512/,202505180512,,3,5,9,ストレングス,牡4,58.0,武豊,1,3.0,1:23.0,クビ,①①,36.4,[栗]寺島良,472(＋2),,ヴィクトリアM,2025-05-18,2025,202505180512
https://www.keibalab.jp/db/race/202505180512/,202505180512,,4,4,8,アッチャゴーラ,牡5,58.0,レーン,2,4.7,1:23.0,アタマ,⑥⑥,36.0,[美]浅利英明,508(0),,ヴィクトリアM,2025-05-18,2025,202505180512
https://www.keibalab.jp/db/race/202505180512/,202505180512,,5,1,2,カフェニクス,牝4,56.0,横山和生,4,7.7,1:23.2,１1/4,③③,36.4,[美]柄崎将寿,492(＋2),,ヴィクトリアM,2025-05-18,2025,202505180512
https://www.keibalab.jp/db/race/202505180512/,202505180512,,6,1,1,ルージュスタニング,牝4,56.0,石川裕紀,6,13.6,1:23.3,クビ,⑥⑧,36.1,[栗]友道康夫,512(＋6),,ヴィクトリアM,2025-05-18,2025,202505180512
https://www.keibalab.jp/db/race/202505180512/,202505180512,,7,8,16,ライジン,牡5,58.0,坂井瑠星,5,10.0,1:23.3,クビ,④③,36.6,[栗]池添学,478(－14),,ヴィクトリアM,2025-05-18,2025,202505180512
https://www.keibalab.jp/db/race/202505180512/,202505180512,,8,3,6,マルカラピッド,牝5,56.0,菱田裕二,16,174.1,1:23.3,アタマ,⑭⑭,35.3,[栗]今野貞一,484(＋4),,ヴィクトリアM,2025-05-18,2025,202505180512
https://www.keibalab.jp/db/race/202505180512/,202505180512,,9,2,4,ビーアイオラクル,牡6,58.0,津村明秀,12,57.9,1:23.4,1/2,⑥⑧,36.2,[栗]牧田和弥,496(＋2),,ヴィクトリアM,2025-05-18,2025,202505180512
https://www.keibalab.jp/db/race/202505180512/,202505180512,,10,3,5,(外)(地)キャンディドライヴ,牡6,58.0,野中悠太,15,96.1,1:23.6,１1/4,⑫⑫,36.0,[美]黒岩陽一,506(＋6),,ヴィクトリアM,2025-05-18,2025,202505180512
https://www.keibalab.jp/db/race/202505180512/,202505180512,,11,8,15,ツークフォーゲル,牡5,58.0,北村宏司,8,34.3,1:23.7,1/2,⑪⑩,36.4,[栗]荒川義之,552(－10),,ヴィクトリアM,2025-05-18,2025,202505180512
https://www.keibalab.jp/db/race/202505180512/,202505180512,,12,5,10,(地)ロレンツォ,牡7,58.0,ディー,9,34.6,1:24.0,１3/4,⑬⑫,36.3,[美]加藤征弘,484(0),,ヴィクトリアM,2025-05-18,2025,202505180512
https://www.keibalab.jp/db/race/202505180512/,202505180512,,13,6,12,ニュージーズ,牡4,58.0,ルメール,3,5.5,1:24.1,クビ,⑥③,37.3,[美]木村哲也,498(0),,ヴィクトリアM,2025-05-18,2025,202505180512
https://www.keibalab.jp/db/race/202505180512/,202505180512,,14,7,13,スマイルアップ,牝6,56.0,原優介,14,81.9,1:24.3,１1/4,②②,37.7,[美]萱野浩二,456(－2),,ヴィクトリアM,2025-05-18,2025,202505180512
https://www.keibalab.jp/db/race/202505180512/,202505180512,,15,4,7,ベルウェザー,牡4,58.0,横山典弘,7,16.7,1:26.3,大差,⑮⑮,35.8,[栗]茶木太樹,484(＋2),,ヴィクトリアM,2025-05-18,2025,202505180512
https://www.keibalab.jp/db/race/202505180512/,202505180512,,中止,6,11,ウナギノボリ,牡6,58.0,北村友一,11,42.3,,,⑮⑯,,[栗]東田明士,500(＋4),,ヴィクトリアM,2025-05-18,2025,202505180512
https://www.keibalab.jp/db/race/202505240511/,202505240511,,1,8,15,ビダーヤ,牡4,57.0,レーン,1,1.5,1:23.2,,⑦⑦,35.1,[栗]矢作芳人,494(＋8),オメガ指数を見るには、会員の方はログイン会員でない方は会員登録してご覧下さい,オークス,2025-05-24,2025,202505240511
https://www.keibalab.jp/db/race/202505240511/,202505240511,,2,6,12,(外)インユアパレス,牡4,57.0,戸崎圭太,4,9.2,1:23.2,クビ,⑦⑨,35.0,[栗]須貝尚介,482(＋2),,オークス,2025-05-24,2025,202505240511
https://www.keibalab.jp/db/race/202505240511/,202505240511,,3,7,13,(地)コンクイスタ,セ5,57.0,北村宏司,2,6.3,1:23.5,１3/4,⑤④,35.7,[栗]吉岡辰弥,488(－2),,オークス,2025-05-24,2025,202505240511
https://www.keibalab.jp/db/race/202505240511/,202505240511,,4,4,7,(外)ジャスパーゴールド,セ7,58.0,菅原明良,9,64.1,1:24.0,３,②②,36.5,[栗]森秀行,466(＋4),,オークス,2025-05-24,2025,202505240511
https://www.keibalab.jp/db/race/202505240511/,202505240511,,5,4,8,フルム,牡6,58.0,水口優也,5,13.4,1:24.1,クビ,⑤⑥,36.2,[栗]浜田多実,492(0),,オークス,2025-05-24,2025,202505240511
https://www.keibalab.jp/db/race/202505240511/,202505240511,,6,2,4,アスクドゥラメンテ,牡6,57.0,石橋脩,12,261.5,1:24.2,3/4,⑪⑪,35.7,[栗]藤原英昭,534(＋4),,オークス,2025-05-24,2025,202505240511
https://www.keibalab.jp/db/race/202505240511/,202505240511,,6,5,10,ナスティウェザー,牡4,57.0,横山武史,6,31.7,1:24.2,3/4,③③,36.5,[美]加藤征弘,468(0),,オークス,2025-05-24,2025,202505240511
https://www.keibalab.jp/db/race/202505240511/,202505240511,,8,2,3,ロードヴァレンチ,セ6,57.0,木幡巧也,7,32.4,1:24.2,ハナ,①①,36.9,[美]中舘英二,492(＋4),,オークス,2025-05-24,2025,202505240511
https://www.keibalab.jp/db/race/202505240511/,202505240511,,9,3,5,ハギノアトラス,セ9,57.0,柴田大知,15,564.8,1:24.3,1/2,⑦⑦,36.3,[栗]宮地貴稔,482(＋6),,オークス,2025-05-24,2025,202505240511
https://www.keibalab.jp/db/race/202505240511/,202505240511,,10,1,1,バグラダス,牡5,57.0,ルメール,3,7.5,1:24.5,１,⑬⑬,35.7,[美]嘉藤貴行,486(0),,オークス,2025-05-24,2025,202505240511
https://www.keibalab.jp/db/race/202505240511/,202505240511,,11,3,6,アルムブラーヴ,牡6,57.0,内田博幸,10,85.6,1:24.8,２,③④,37.0,[栗]鈴木孝志,502(＋4),,オークス,2025-05-24,2025,202505240511
https://www.keibalab.jp/db/race/202505240511/,202505240511,,12,6,11,コパノニコルソン,牡6,57.0,松岡正海,11,208.2,1:24.9,クビ,⑭⑭,35.8,[栗]宮徹,534(－2),,オークス,2025-05-24,2025,202505240511
https://www.keibalab.jp/db/race/202505240511/,202505240511,,13,1,2,コパノパサディナ,牡5,57.0,長浜鴻緒,13,270.4,1:25.4,３1/2,⑯⑯,36.0,[美]上原博之,540(＋16),,オークス,2025-05-24,2025,202505240511
https://www.keibalab.jp/db/race/202505240511/,202505240511,,14,7,14,ニシノスーベニア,牡6,58.0,大野拓弥,8,54.6,1:25.7,１1/2,⑩⑨,37.4,[美]上原博之,528(－6),,オークス,2025-05-24,2025,202505240511
https://www.keibalab.jp/db/race/202505240511/,202505240511,,15,8,16,カルリーノ,セ9,57.0,野中悠太,16,569.0,1:26.6,５,⑫⑫,38.0,[美]矢嶋大樹,504(－4),,オークス,2025-05-24,2025,202505240511
https://www.keibalab.jp/db/race/202505240511/,202505240511,,16,5,9,エクロジャイト,セ5,57.0,原優介,14,272.4,1:26.8,3/4,⑭⑭,37.7,[栗]福永祐一,500(－24),,オークス,2025-05-24,2025,202505240511
https://www.keibalab.jp/db/race/202505240512/,202505240512,,1,3,4,アルゴナヴィス,牡4,58.0,レーン,2,4.0,1:37.4,,②②,36.2,[栗]池江泰寿,480(0),オメガ指数を見るには、会員の方はログイン会員でない方は会員登録してご覧下さい,オークス,2025-05-24,2025,202505240512
https://www.keibalab.jp/db/race/202505240512/,202505240512,,2,7,12,ホウオウプレミア,牡6,58.0,横山和生,4,8.2,1:37.5,1/2,⑬⑭,35.1,[美]奥村武,482(－2),,オークス,2025-05-24,2025,202505240512
https://www.keibalab.jp/db/race/202505240512/,202505240512,,3,6,10,スペイドアン,牡4,55.0,▲上里直,7,21.8,1:37.6,1/2,①①,36.5,[美]加藤士津,510(＋16),,オークス,2025-05-24,2025,202505240512
https://www.keibalab.jp/db/race/202505240512/,202505240512,,4,6,9,(地)カプラローラ,牝6,54.0,△長浜鴻,3,5.5,1:37.6,アタマ,⑫⑫,35.4,[美]菊沢隆徳,490(＋6),,オークス,2025-05-24,2025,202505240512
https://www.keibalab.jp/db/race/202505240512/,202505240512,,5,2,2,マスグラバイト,セ5,58.0,菅原明良,6,12.2,1:37.7,3/4,⑭⑫,35.4,[美]高木登,470(＋2),,オークス,2025-05-24,2025,202505240512
https://www.keibalab.jp/db/race/202505240512/,202505240512,,6,3,3,フミサウンド,牡5,58.0,石川裕紀,13,75.1,1:37.7,アタマ,⑧⑦,36.0,[美]鹿戸雄一,446(＋2),,オークス,2025-05-24,2025,202505240512
https://www.keibalab.jp/db/race/202505240512/,202505240512,,7,1,1,カムランベイ,牡5,58.0,木幡巧也,9,28.2,1:37.8,クビ,③③,36.4,[美]岩戸孝樹,502(－4),,オークス,2025-05-24,2025,202505240512
https://www.keibalab.jp/db/race/202505240512/,202505240512,,8,7,11,アオイミモザ,セ4,58.0,戸崎圭太,1,3.3,1:37.9,1/2,⑥③,36.4,[美]古賀慎明,486(－4),,オークス,2025-05-24,2025,202505240512
https://www.keibalab.jp/db/race/202505240512/,202505240512,,9,8,13,キングツェッペリン,牡4,58.0,水口優也,8,23.2,1:38.0,１,⑩⑩,36.1,[栗]牧田和弥,472(0),,オークス,2025-05-24,2025,202505240512
https://www.keibalab.jp/db/race/202505240512/,202505240512,,10,8,14,グラヴィス,牡4,58.0,横山武史,5,9.3,1:38.3,２,⑩⑩,36.3,[栗]矢作芳人,490(－4),,オークス,2025-05-24,2025,202505240512
https://www.keibalab.jp/db/race/202505240512/,202505240512,,11,4,5,(外)バニシングポイント,セ7,58.0,北村宏司,12,49.4,1:38.4,クビ,⑨⑦,36.7,[美]古賀慎明,496(0),,オークス,2025-05-24,2025,202505240512
https://www.keibalab.jp/db/race/202505240512/,202505240512,,12,4,6,ニフェーデービル,セ5,58.0,内田博幸,11,45.6,1:38.8,２1/2,③③,37.4,[美]中舘英二,468(－6),,オークス,2025-05-24,2025,202505240512
https://www.keibalab.jp/db/race/202505240512/,202505240512,,13,5,8,パンテレリア,牡6,58.0,伊藤工真,14,76.4,1:39.5,４,⑥⑦,37.8,[美]林徹,506(－4),,オークス,2025-05-24,2025,202505240512
https://www.keibalab.jp/db/race/202505240512/,202505240512,,14,5,7,ベネロングポイント,セ6,58.0,原優介,10,40.3,1:40.4,５,③③,39.0,[美]和田正一,492(0),,オークス,2025-05-24,2025,202505240512
https://www.keibalab.jp/db/race/202505250511/,202505250511,,1,7,15,カムニャック,牝3,55.0,シュタル,4,14.3,2:25.7,,⑪⑪⑫⑪,33.8,[栗]友道康夫,474(＋4),オメガ指数を見るには、会員の方はログイン会員でない方は会員登録してご覧下さい,オークス,2025-05-25,2025,202505250511
https://www.keibalab.jp/db/race/202505250511/,202505250511,,2,1,1,アルマヴェローチェ,牝3,55.0,岩田望来,2,3.4,2:25.7,アタマ,⑥⑤⑤⑤,34.2,[栗]上村洋行,490(－6),,オークス,2025-05-25,2025,202505250511
https://www.keibalab.jp/db/race/202505250511/,202505250511,,3,7,13,タガノアビー,牝3,55.0,藤岡佑介,10,49.0,2:25.9,１1/4,⑱⑱⑱⑰,33.5,[栗]千田輝彦,492(－4),,オークス,2025-05-25,2025,202505250511
https://www.keibalab.jp/db/race/202505250511/,202505250511,,4,2,3,パラディレーヌ,牝3,55.0,丹内祐次,7,17.7,2:26.0,クビ,⑨⑧⑧⑧,34.3,[栗]千田輝彦,498(0),,オークス,2025-05-25,2025,202505250511
https://www.keibalab.jp/db/race/202505250511/,202505250511,,5,3,5,リンクスティップ,牝3,55.0,Mデムー,3,3.7,2:26.2,１1/4,⑭⑭⑧⑧,34.5,[栗]西村真幸,472(0),,オークス,2025-05-25,2025,202505250511
https://www.keibalab.jp/db/race/202505250511/,202505250511,,6,6,11,ウィルサヴァイブ,牝3,55.0,団野大成,18,328.8,2:26.4,１1/4,⑧⑧⑧⑧,34.7,[栗]須貝尚介,432(＋2),,オークス,2025-05-25,2025,202505250511
https://www.keibalab.jp/db/race/202505250511/,202505250511,,7,6,12,ブラウンラチェット,牝3,55.0,レーン,6,15.3,2:26.6,１1/2,⑩⑩⑪⑪,34.6,[美]手塚貴久,442(－2),,オークス,2025-05-25,2025,202505250511
https://www.keibalab.jp/db/race/202505250511/,202505250511,,8,8,17,ケリフレッドアスク,牝3,55.0,ディー,14,188.7,2:26.7,クビ,②②②②,35.6,[栗]藤原英昭,444(＋6),,オークス,2025-05-25,2025,202505250511
https://www.keibalab.jp/db/race/202505250511/,202505250511,,9,5,9,エンブロイダリー,牝3,55.0,ルメール,1,3.3,2:26.7,クビ,⑥⑤⑤⑤,35.2,[美]森一誠,482(0),,オークス,2025-05-25,2025,202505250511
https://www.keibalab.jp/db/race/202505250511/,202505250511,,10,8,18,エリカエクスプレス,牝3,55.0,戸崎圭太,5,14.5,2:26.8,3/4,①①①①,35.8,[栗]杉山晴紀,456(0),,オークス,2025-05-25,2025,202505250511
https://www.keibalab.jp/db/race/202505250511/,202505250511,,11,5,10,タイセイプランセス,牝3,55.0,石橋脩,9,42.8,2:26.9,クビ,⑯⑯⑯⑮,34.7,[美]池上昌和,400(－6),,オークス,2025-05-25,2025,202505250511
https://www.keibalab.jp/db/race/202505250511/,202505250511,,12,2,4,アイサンサン,牝3,55.0,北村宏司,15,253.7,2:27.0,１,⑪⑪⑫⑪,35.0,[栗]佐々木晶,448(＋2),,オークス,2025-05-25,2025,202505250511
https://www.keibalab.jp/db/race/202505250511/,202505250511,,13,3,6,ビップデイジー,牝3,55.0,幸英明,12,79.3,2:27.0,ハナ,⑮⑮⑫⑮,34.8,[栗]松下武士,438(－2),,オークス,2025-05-25,2025,202505250511
https://www.keibalab.jp/db/race/202505250511/,202505250511,,14,1,2,レーヴドロペラ,牝3,55.0,大野拓弥,17,295.0,2:27.1,1/2,⑬⑬⑫⑪,35.1,[美]加藤士津,450(＋4),,オークス,2025-05-25,2025,202505250511
https://www.keibalab.jp/db/race/202505250511/,202505250511,,15,4,8,サタデーサンライズ,牝3,55.0,田辺裕信,16,288.1,2:27.3,１,④④③③,36.0,[栗]石坂公一,442(＋2),,オークス,2025-05-25,2025,202505250511
https://www.keibalab.jp/db/race/202505250511/,202505250511,,16,4,7,レーゼドラマ,牝3,55.0,坂井瑠星,8,29.4,2:27.3,クビ,②③③③,36.0,[栗]辻野泰之,460(－4),,オークス,2025-05-25,2025,202505250511
https://www.keibalab.jp/db/race/202505250511/,202505250511,,17,7,14,サヴォンリンナ,牝3,55.0,北村友一,11,76.0,2:28.1,５,⑤⑤⑤⑤,36.6,[栗]田中克典,450(＋6),,オークス,2025-05-25,2025,202505250511
https://www.keibalab.jp/db/race/202505250511/,202505250511,,18,8,16,ゴーソーファー,牝3,55.0,津村明秀,13,131.4,2:31.1,大差,⑯⑰⑰⑰,38.7,[美]手塚貴久,458(0),,オークス,2025-05-25,2025,202505250511
https://www.keibalab.jp/db/race/202505250512/,202505250512,,1,5,10,カズタンジャー,牡4,55.0,団野大成,1,3.8,2:07.2,,⑬⑬⑭⑬,34.9,[栗]新谷功一,508(－2),オメガ指数を見るには、会員の方はログイン会員でない方は会員登録してご覧下さい,オークス,2025-05-25,2025,202505250512
https://www.keibalab.jp/db/race/202505250512/,202505250512,,2,3,6,ヤマニンエンディマ,牡5,54.0,大野拓弥,14,75.0,2:08.0,５,②②③②,36.7,[美]辻哲英,512(＋4),,オークス,2025-05-25,2025,202505250512
https://www.keibalab.jp/db/race/202505250512/,202505250512,,3,7,13,(地)フジマサインパクト,牡7,54.0,石川裕紀,15,114.5,2:08.0,アタマ,⑮⑮⑮⑮,35.5,[美]菊川正達,430(0),,オークス,2025-05-25,2025,202505250512
https://www.keibalab.jp/db/race/202505250512/,202505250512,,4,1,2,エレクトリックブギ,牡4,55.0,丹内祐次,12,55.2,2:08.1,クビ,⑦⑧⑧⑧,36.3,[美]鹿戸雄一,446(＋4),,オークス,2025-05-25,2025,202505250512
https://www.keibalab.jp/db/race/202505250512/,202505250512,,4,2,4,ペンナヴェローチェ,牡4,56.0,ルメール,2,4.5,2:08.1,クビ,⑦⑧⑧⑧,36.2,[栗]須貝尚介,500(＋2),,オークス,2025-05-25,2025,202505250512
https://www.keibalab.jp/db/race/202505250512/,202505250512,,6,4,8,アスクデビューモア,牡4,55.0,戸崎圭太,5,10.7,2:08.3,１1/4,⑨⑪⑩⑩,36.3,[栗]福永祐一,462(－2),,オークス,2025-05-25,2025,202505250512
https://www.keibalab.jp/db/race/202505250512/,202505250512,,7,2,3,オメガタキシード,セ5,57.0,岩田望来,10,26.3,2:08.3,クビ,⑬⑬⑫⑩,36.2,[栗]井上智史,452(0),,オークス,2025-05-25,2025,202505250512
https://www.keibalab.jp/db/race/202505250512/,202505250512,,8,5,9,タンゴバイラリン,牡4,55.0,田辺裕信,4,8.3,2:08.3,クビ,⑫⑫⑫⑬,36.0,[美]栗田徹,518(0),,オークス,2025-05-25,2025,202505250512
https://www.keibalab.jp/db/race/202505250512/,202505250512,,9,4,7,ペンティメント,牡5,56.0,ディー,13,55.2,2:08.5,１1/4,④⑤⑤⑤,36.9,[美]嘉藤貴行,510(0),,オークス,2025-05-25,2025,202505250512
https://www.keibalab.jp/db/race/202505250512/,202505250512,,10,6,12,コスモジンバック,牡4,55.0,石橋脩,3,6.8,2:08.6,1/2,⑨⑩⑩⑩,36.5,[美]相沢郁,494(－2),,オークス,2025-05-25,2025,202505250512
https://www.keibalab.jp/db/race/202505250512/,202505250512,,11,6,11,ホークフィールド,牡4,56.0,幸英明,11,31.1,2:08.7,クビ,③④③②,37.3,[栗]武英智,490(＋6),,オークス,2025-05-25,2025,202505250512
https://www.keibalab.jp/db/race/202505250512/,202505250512,,12,7,14,プラウドヘリテージ,牡6,57.0,シュタル,7,13.8,2:09.1,２1/2,④②②①,37.8,[美]田中剛,508(－6),,オークス,2025-05-25,2025,202505250512
https://www.keibalab.jp/db/race/202505250512/,202505250512,,13,8,15,マテンロウガイ,牡5,56.0,角田大和,6,12.5,2:09.6,３,⑥⑥⑤⑤,37.9,[栗]角田晃一,508(0),,オークス,2025-05-25,2025,202505250512
https://www.keibalab.jp/db/race/202505250512/,202505250512,,14,8,16,セブンスレター,セ6,53.0,吉田豊,16,160.4,2:09.7,1/2,⑨⑥⑤⑤,38.0,[美]高橋文雅,500(＋14),,オークス,2025-05-25,2025,202505250512
https://www.keibalab.jp/db/race/202505250512/,202505250512,,15,1,1,ビップスコーピオン,牡5,57.0,Mデムー,8,14.3,2:09.8,1/2,⑮⑮⑯⑮,37.3,[美]田島俊明,454(－2),,オークス,2025-05-25,2025,202505250512
https://www.keibalab.jp/db/race/202505250512/,202505250512,,16,3,5,オペラプラージュ,牡4,55.0,北村友一,9,17.0,2:10.4,３1/2,①①①②,39.0,[栗]新谷功一,506(－2),,オークス,2025-05-25,2025,202505250512
https://www.keibalab.jp/db/race/202505310511/,202505310511,,1,1,2,(外)ウェイワードアクト,牡5,58.0,戸崎圭太,1,2.6,1:34.1,,①①,36.6,[美]田中博康,540(－6),オメガ指数を見るには、会員の方はログイン会員でない方は会員登録してご覧下さい,日本ダービー,2025-05-31,2025,202505310511
https://www.keibalab.jp/db/race/202505310511/,202505310511,,2,2,3,レディントン,牡4,58.0,横山武史,8,16.0,1:34.3,１1/2,⑤③,36.4,[栗]杉山晴紀,484(－8),,日本ダービー,2025-05-31,2025,202505310511
https://www.keibalab.jp/db/race/202505310511/,202505310511,,3,1,1,エルゲルージ,牡6,58.0,大野拓弥,11,46.1,1:34.4,クビ,⑧⑦,36.2,[栗]石坂公一,516(0),,日本ダービー,2025-05-31,2025,202505310511
https://www.keibalab.jp/db/race/202505310511/,202505310511,,4,6,11,ハビレ,牡4,58.0,三浦皇成,2,5.4,1:34.6,１1/4,⑮⑭,35.9,[美]武井亮,506(－2),,日本ダービー,2025-05-31,2025,202505310511
https://www.keibalab.jp/db/race/202505310511/,202505310511,,5,5,10,ナチュラルハイ,牡5,60.0,原優介,15,176.2,1:34.8,１1/4,⑬⑫,36.2,[美]黒岩陽一,494(＋4),,日本ダービー,2025-05-31,2025,202505310511
https://www.keibalab.jp/db/race/202505310511/,202505310511,,6,3,6,バトゥーキ,牡5,58.0,水口優也,4,9.0,1:35.1,１3/4,⑫⑭,36.4,[栗]浜田多実,498(0),,日本ダービー,2025-05-31,2025,202505310511
https://www.keibalab.jp/db/race/202505310511/,202505310511,,7,2,4,ユティタム,牡5,59.0,佐々木大,12,54.7,1:35.3,１1/4,⑧⑦,37.0,[栗]須貝尚介,514(－4),,日本ダービー,2025-05-31,2025,202505310511
https://www.keibalab.jp/db/race/202505310511/,202505310511,,8,7,13,サルヴァトーレ,牡5,58.0,レーン,5,10.3,1:35.4,１,⑥⑦,37.2,[美]和田正一,486(－4),,日本ダービー,2025-05-31,2025,202505310511
https://www.keibalab.jp/db/race/202505310511/,202505310511,,9,6,12,アサヒ,牡6,57.0,田辺裕信,9,16.5,1:35.4,ハナ,⑬⑫,36.8,[美]金成貴史,516(＋6),,日本ダービー,2025-05-31,2025,202505310511
https://www.keibalab.jp/db/race/202505310511/,202505310511,,10,4,7,タマモロック,牡5,58.0,ディー,10,29.7,1:35.5,1/2,⑧⑩,37.0,[美]伊藤圭三,504(＋2),,日本ダービー,2025-05-31,2025,202505310511
https://www.keibalab.jp/db/race/202505310511/,202505310511,,11,8,16,(地)カズプレスト,牡6,57.0,津村明秀,7,15.7,1:35.7,１,③⑤,37.7,[栗]高柳大輔,522(－6),,日本ダービー,2025-05-31,2025,202505310511
https://www.keibalab.jp/db/race/202505310511/,202505310511,,12,3,5,ドゥアイズ,牝5,57.0,ルメール,6,13.6,1:35.9,１1/4,⑯⑯,36.6,[栗]庄野靖志,482(－2),,日本ダービー,2025-05-31,2025,202505310511
https://www.keibalab.jp/db/race/202505310511/,202505310511,,13,8,15,タガノエスコート,牡6,58.0,北村宏司,3,7.8,1:36.1,１1/4,③③,38.2,[栗]小林真也,498(－2),,日本ダービー,2025-05-31,2025,202505310511
https://www.keibalab.jp/db/race/202505310511/,202505310511,,14,4,8,ピースオブザライフ,牝5,56.0,武藤雅,14,165.0,1:36.2,1/2,⑥⑤,38.2,[栗]野中賢二,492(－6),,日本ダービー,2025-05-31,2025,202505310511
https://www.keibalab.jp/db/race/202505310511/,202505310511,,15,5,9,ハチメンロッピ,牡5,58.0,石橋脩,13,127.2,1:36.5,１1/2,⑧⑩,38.1,[美]矢野英一,520(0),,日本ダービー,2025-05-31,2025,202505310511
https://www.keibalab.jp/db/race/202505310511/,202505310511,,16,7,14,コンバスチョン,セ6,60.0,木幡巧也,16,177.4,1:38.5,大差,②②,40.8,[美]伊藤圭三,508(－2),,日本ダービー,2025-05-31,2025,202505310511
https://www.keibalab.jp/db/race/202505310512/,202505310512,,1,3,4,ユアフラッシュ,牝5,53.0,▲川端海,11,51.1,2:08.8,,④④③③,36.6,[栗]辻野泰之,468(0),オメガ指数を見るには、会員の方はログイン会員でない方は会員登録してご覧下さい,日本ダービー,2025-05-31,2025,202505310512
https://www.keibalab.jp/db/race/202505310512/,202505310512,,2,2,3,レッドリベルタ,牡4,58.0,戸崎圭太,6,12.8,2:08.8,アタマ,⑤⑤⑤⑤,36.2,[栗]庄野靖志,450(0),,日本ダービー,2025-05-31,2025,202505310512
https://www.keibalab.jp/db/race/202505310512/,202505310512,,3,1,1,シグムンド,牡4,58.0,内田博幸,12,55.1,2:09.3,３,①①①①,37.6,[美]岩戸孝樹,502(－2),,日本ダービー,2025-05-31,2025,202505310512
https://www.keibalab.jp/db/race/202505310512/,202505310512,,4,7,13,タイセイアディクト,牡4,58.0,レーン,1,1.8,2:09.4,3/4,⑩⑨⑨⑨,36.4,[美]池上昌和,496(＋2),,日本ダービー,2025-05-31,2025,202505310512
https://www.keibalab.jp/db/race/202505310512/,202505310512,,5,6,11,ロードブレイズ,牡4,58.0,横山和生,2,6.7,2:09.6,3/4,⑩⑪⑪⑪,36.4,[美]稲垣幸雄,500(－6),,日本ダービー,2025-05-31,2025,202505310512
https://www.keibalab.jp/db/race/202505310512/,202505310512,,6,5,9,タナサンブラック,牡5,58.0,三浦皇成,7,14.6,2:09.7,1/2,⑥⑥⑥⑦,36.9,[美]伊坂重信,510(＋4),,日本ダービー,2025-05-31,2025,202505310512
https://www.keibalab.jp/db/race/202505310512/,202505310512,,7,3,5,オセアバトルプラン,牡5,55.0,▲上里直,15,134.7,2:09.8,3/4,⑧⑥⑥⑤,37.2,[美]菊川正達,484(0),,日本ダービー,2025-05-31,2025,202505310512
https://www.keibalab.jp/db/race/202505310512/,202505310512,,8,8,14,インペリアルライン,セ6,58.0,原優介,8,31.9,2:09.9,1/2,⑬⑫⑫⑬,36.5,[美]中舘英二,484(＋2),,日本ダービー,2025-05-31,2025,202505310512
https://www.keibalab.jp/db/race/202505310512/,202505310512,,9,6,10,ソムリエ,牡5,57.0,☆横山琉,10,48.6,2:10.0,１,⑧⑨⑨⑨,37.0,[美]相沢郁,466(＋12),,日本ダービー,2025-05-31,2025,202505310512
https://www.keibalab.jp/db/race/202505310512/,202505310512,,10,4,7,キングオブフジ,牡4,56.0,△長浜鴻,4,11.9,2:10.1,クビ,⑭⑭⑭⑬,36.6,[栗]角田晃一,494(－12),,日本ダービー,2025-05-31,2025,202505310512
https://www.keibalab.jp/db/race/202505310512/,202505310512,,11,2,2,ポルポラジール,牡4,58.0,ルメール,3,8.8,2:10.2,3/4,②③③④,37.7,[栗]新谷功一,516(＋2),,日本ダービー,2025-05-31,2025,202505310512
https://www.keibalab.jp/db/race/202505310512/,202505310512,,12,5,8,ルーラーリッチ,セ5,58.0,吉田豊,14,107.8,2:10.3,クビ,⑫⑫⑫⑪,37.0,[美]小島茂之,488(＋6),,日本ダービー,2025-05-31,2025,202505310512
https://www.keibalab.jp/db/race/202505310512/,202505310512,,13,4,6,(地)マウンテンエース,牡5,58.0,佐々木大,13,88.7,2:10.7,２1/2,⑭⑮⑮⑬,37.2,[美]和田雄二,514(＋4),,日本ダービー,2025-05-31,2025,202505310512
https://www.keibalab.jp/db/race/202505310512/,202505310512,,14,8,15,ユメハハテシナク,牡5,58.0,石川裕紀,9,34.3,2:11.0,１3/4,②②②②,39.0,[栗]石坂公一,478(－6),,日本ダービー,2025-05-31,2025,202505310512
https://www.keibalab.jp/db/race/202505310512/,202505310512,,15,7,12,ホウオウベルクソン,牡4,58.0,ディー,5,12.4,2:11.8,５,⑥⑥⑥⑦,39.0,[美]大竹正博,534(－8),,日本ダービー,2025-05-31,2025,202505310512
https://www.keibalab.jp/db/race/202506070511/,202506070511,,1,8,15,サフランヒーロー,牡4,55.0,黛弘人,5,8.7,1:22.7,,①①,35.9,[美]森一誠,452(0),オメガ指数を見るには、会員の方はログイン会員でない方は会員登録してご覧下さい,安田記念,2025-06-07,2025,202506070511
https://www.keibalab.jp/db/race/202506070511/,202506070511,,2,8,16,ペプチドタイガー,牡5,57.0,横山武史,4,8.0,1:22.7,アタマ,②②,35.8,[栗]吉村圭司,452(＋2),,安田記念,2025-06-07,2025,202506070511
https://www.keibalab.jp/db/race/202506070511/,202506070511,,3,2,4,ドンレパルス,牡6,57.0,菅原明良,6,9.3,1:23.1,２1/2,④④,35.9,[美]高木登,518(0),,安田記念,2025-06-07,2025,202506070511
https://www.keibalab.jp/db/race/202506070511/,202506070511,,4,4,7,スタンリーテソーロ,牡4,56.0,戸崎圭太,7,11.9,1:23.2,クビ,⑧⑧,35.7,[美]稲垣幸雄,432(0),,安田記念,2025-06-07,2025,202506070511
https://www.keibalab.jp/db/race/202506070511/,202506070511,,5,5,10,プロミシングスター,牡4,56.0,荻野極,2,4.5,1:23.4,１1/2,⑦⑦,36.1,[栗]高橋義忠,454(－6),,安田記念,2025-06-07,2025,202506070511
https://www.keibalab.jp/db/race/202506070511/,202506070511,,6,1,2,キュムロンニンバス,牡7,55.0,内田博幸,9,32.6,1:23.6,3/4,⑪⑪,35.9,[美]南田美知,512(0),,安田記念,2025-06-07,2025,202506070511
https://www.keibalab.jp/db/race/202506070511/,202506070511,,7,3,6,ナッカーフェイス,牡6,54.0,高倉稜,11,40.4,1:23.7,１,⑧⑧,36.3,[栗]北出成人,470(＋12),,安田記念,2025-06-07,2025,202506070511
https://www.keibalab.jp/db/race/202506070511/,202506070511,,8,6,11,アイファースキャン,牡5,52.0,丸山元気,15,199.6,1:23.8,1/2,⑬⑬,35.7,[美]根本康広,496(＋4),,安田記念,2025-06-07,2025,202506070511
https://www.keibalab.jp/db/race/202506070511/,202506070511,,9,4,8,(外)ハードワイヤード,牡5,57.0,津村明秀,10,36.6,1:24.0,１,⑫⑫,36.2,[美]加藤征弘,516(－2),,安田記念,2025-06-07,2025,202506070511
https://www.keibalab.jp/db/race/202506070511/,202506070511,,10,5,9,ヒルノドゴール,牡4,56.0,岩田康誠,1,4.5,1:24.1,１,④④,36.9,[栗]北出成人,514(－2),,安田記念,2025-06-07,2025,202506070511
https://www.keibalab.jp/db/race/202506070511/,202506070511,,11,7,13,ホワイトガーベラ,牡6,55.0,大野拓弥,13,104.3,1:24.5,２,⑮⑮,36.2,[美]千葉直人,508(＋2),,安田記念,2025-06-07,2025,202506070511
https://www.keibalab.jp/db/race/202506070511/,202506070511,,12,1,1,パーティーベル,牡6,55.0,ディー,14,120.8,1:24.7,１1/4,⑧⑧,37.3,[栗]松永幹夫,462(＋2),,安田記念,2025-06-07,2025,202506070511
https://www.keibalab.jp/db/race/202506070511/,202506070511,,13,6,12,ヘルモーズ,牡4,56.0,レーン,3,4.6,1:24.7,クビ,⑮⑮,36.4,[栗]小林真也,514(－2),,安田記念,2025-06-07,2025,202506070511
https://www.keibalab.jp/db/race/202506070511/,202506070511,,14,3,5,メイショウオーギシ,牡8,54.0,石橋脩,16,337.8,1:25.4,４,⑬⑬,37.3,[栗]飯田祐史,496(＋8),,安田記念,2025-06-07,2025,202506070511
https://www.keibalab.jp/db/race/202506070511/,202506070511,,15,2,3,スクーバー,牡5,55.0,丹内祐次,8,29.9,1:26.1,４,④④,39.0,[美]武藤善則,498(－14),,安田記念,2025-06-07,2025,202506070511
https://www.keibalab.jp/db/race/202506070511/,202506070511,,16,7,14,(外)エコロアレス,牡5,55.0,田辺裕信,12,40.8,1:28.7,大差,②②,41.7,[栗]森秀行,486(＋2),,安田記念,2025-06-07,2025,202506070511
https://www.keibalab.jp/db/race/202506070512/,202506070512,,1,8,15,(外)ロッシニアーナ,牡3,55.0,ルメール,1,1.5,1:36.7,,②②,37.1,[美]木村哲也,518(＋2),オメガ指数を見るには、会員の方はログイン会員でない方は会員登録してご覧下さい,安田記念,2025-06-07,2025,202506070512
https://www.keibalab.jp/db/race/202506070512/,202506070512,,2,4,6,サトノシャムロック,牡3,55.0,原優介,2,6.1,1:37.0,１3/4,⑦⑦,36.7,[美]田中博康,502(－4),,安田記念,2025-06-07,2025,202506070512
https://www.keibalab.jp/db/race/202506070512/,202506070512,,3,5,8,ゴットランド,牡3,54.0,☆横山琉,5,20.1,1:37.0,ハナ,⑤⑤,36.9,[美]斎藤誠,504(＋6),,安田記念,2025-06-07,2025,202506070512
https://www.keibalab.jp/db/race/202506070512/,202506070512,,4,3,5,キョウエイカンセ,牡4,55.0,▲遠藤汰,10,99.1,1:37.3,１1/2,⑬⑫,36.3,[美]萱野浩二,498(＋8),,安田記念,2025-06-07,2025,202506070512
https://www.keibalab.jp/db/race/202506070512/,202506070512,,5,2,3,メッエフアパラ,牡4,58.0,大野拓弥,9,46.6,1:37.3,クビ,⑥⑤,37.1,[美]辻哲英,458(－4),,安田記念,2025-06-07,2025,202506070512
https://www.keibalab.jp/db/race/202506070512/,202506070512,,6,4,7,キャストロププ,牡3,55.0,丹内祐次,6,20.6,1:37.3,クビ,⑧⑧,36.8,[美]尾形和幸,496(＋8),,安田記念,2025-06-07,2025,202506070512
https://www.keibalab.jp/db/race/202506070512/,202506070512,,7,7,13,フォローウィンド,牡4,58.0,菊沢一樹,3,7.3,1:37.6,１1/2,⑪⑩,36.8,[美]岩戸孝樹,524(＋4),,安田記念,2025-06-07,2025,202506070512
https://www.keibalab.jp/db/race/202506070512/,202506070512,,8,1,1,オブシディアン,牡5,58.0,内田博幸,14,249.2,1:37.7,3/4,⑭⑮,36.5,[美]石栗龍彦,532(＋4),,安田記念,2025-06-07,2025,202506070512
https://www.keibalab.jp/db/race/202506070512/,202506070512,,9,5,9,(地)チェイスザウィンド,牡4,55.0,▲水沼元,11,151.1,1:38.3,３1/2,⑧⑩,37.6,[美]石栗龍彦,500(－6),,安田記念,2025-06-07,2025,202506070512
https://www.keibalab.jp/db/race/202506070512/,202506070512,,10,8,14,ユニヴェール,セ4,58.0,荻野極,8,46.3,1:38.3,クビ,①①,39.0,[美]高木登,468(－2),,安田記念,2025-06-07,2025,202506070512
https://www.keibalab.jp/db/race/202506070512/,202506070512,,11,6,11,(地)エリム,牝5,56.0,吉田豊,15,277.2,1:38.9,３1/2,⑭⑭,37.8,[美]上原博之,450(－4),,安田記念,2025-06-07,2025,202506070512
https://www.keibalab.jp/db/race/202506070512/,202506070512,,12,6,10,リゼレインボー,牡6,55.0,▲上里直,13,205.3,1:39.0,1/2,⑧⑧,38.5,[美]松山将樹,480(－8),,安田記念,2025-06-07,2025,202506070512
https://www.keibalab.jp/db/race/202506070512/,202506070512,,13,3,4,ダノンストラーダ,牡4,58.0,菅原明良,4,11.0,1:39.3,１1/2,④③,39.5,[美]国枝栄,510(＋2),,安田記念,2025-06-07,2025,202506070512
https://www.keibalab.jp/db/race/202506070512/,202506070512,,14,7,12,ガレストロ,牡5,58.0,佐々木大,12,188.2,1:39.6,２,③③,39.7,[美]萩原清,486(0),,安田記念,2025-06-07,2025,202506070512
https://www.keibalab.jp/db/race/202506070512/,202506070512,,15,2,2,スパークインザアイ,セ8,58.0,ディー,7,39.1,1:41.4,大差,⑪⑫,40.4,[美]小島茂之,488(＋4),,安田記念,2025-06-07,2025,202506070512
https://www.keibalab.jp/db/race/202506080511/,202506080511,,1,5,10,ジャンタルマンタル,牡4,58.0,川田将雅,2,4.3,1:32.7,,③③,34.2,[栗]高野友和,498(－5),オメガ指数を見るには、会員の方はログイン会員でない方は会員登録してご覧下さい,安田記念,2025-06-08,2025,202506080511
https://www.keibalab.jp/db/race/202506080511/,202506080511,,2,4,7,ガイアフォース,牡6,58.0,吉村誠之,9,32.2,1:32.9,１1/2,⑧⑧,33.9,[栗]杉山晴紀,494(＋12),,安田記念,2025-06-08,2025,202506080511
https://www.keibalab.jp/db/race/202506080511/,202506080511,,3,7,13,ソウルラッシュ,牡7,58.0,浜中俊,1,3.3,1:33.0,クビ,⑫⑫,33.9,[栗]池江泰寿,512(---),,安田記念,2025-06-08,2025,202506080511
https://www.keibalab.jp/db/race/202506080511/,202506080511,,4,8,18,ブレイディヴェーグ,牝5,56.0,戸崎圭太,4,9.4,1:33.0,クビ,⑧⑧,34.1,[美]宮田敬介,470(---),,安田記念,2025-06-08,2025,202506080511
https://www.keibalab.jp/db/race/202506080511/,202506080511,,5,2,4,ウインマーベル,牡6,58.0,松山弘平,11,38.3,1:33.1,クビ,①②,34.7,[美]深山雅史,484(---),,安田記念,2025-06-08,2025,202506080511
https://www.keibalab.jp/db/race/202506080511/,202506080511,,6,5,9,シャンパンカラー,牡5,58.0,内田博幸,14,73.9,1:33.2,1/2,⑰⑰,33.6,[美]田中剛,514(＋2),,安田記念,2025-06-08,2025,202506080511
https://www.keibalab.jp/db/race/202506080511/,202506080511,,7,4,8,エコロヴァルツ,牡4,58.0,Mデムー,7,18.8,1:33.2,クビ,⑧⑧,34.2,[栗]牧浦充徳,492(0),,安田記念,2025-06-08,2025,202506080511
https://www.keibalab.jp/db/race/202506080511/,202506080511,,8,6,11,サクラトゥジュール,セ8,58.0,レーン,13,72.1,1:33.2,ハナ,⑫⑫,34.0,[美]堀宣行,508(－8),,安田記念,2025-06-08,2025,202506080511
https://www.keibalab.jp/db/race/202506080511/,202506080511,,9,7,14,ウォーターリヒト,牡4,58.0,菅原明良,5,13.0,1:33.3,クビ,⑭⑮,33.9,[栗]石橋守,466(－2),,安田記念,2025-06-08,2025,202506080511
https://www.keibalab.jp/db/race/202506080511/,202506080511,,10,2,3,(外)マッドクール,牡6,58.0,坂井瑠星,10,35.4,1:33.3,ハナ,②①,34.9,[栗]池添学,544(＋4),,安田記念,2025-06-08,2025,202506080511
https://www.keibalab.jp/db/race/202506080511/,202506080511,,11,8,17,ジュンブロッサム,牡6,58.0,武豊,6,13.7,1:33.4,クビ,⑭⑮,34.0,[栗]友道康夫,474(－8),,安田記念,2025-06-08,2025,202506080511
https://www.keibalab.jp/db/race/202506080511/,202506080511,,12,1,1,シックスペンス,牡4,58.0,ルメール,3,4.4,1:33.4,クビ,④④,34.7,[美]国枝栄,504(＋4),,安田記念,2025-06-08,2025,202506080511
https://www.keibalab.jp/db/race/202506080511/,202506080511,,13,6,12,ロングラン,セ7,58.0,岩田康誠,15,87.6,1:33.7,２,④④,35.1,[美]和田勇介,476(－2),,安田記念,2025-06-08,2025,202506080511
https://www.keibalab.jp/db/race/202506080511/,202506080511,,14,1,2,ダディーズビビッド,牡7,58.0,池添謙一,16,235.2,1:33.8,1/2,⑧⑧,34.8,[栗]千田輝彦,516(－2),,安田記念,2025-06-08,2025,202506080511
https://www.keibalab.jp/db/race/202506080511/,202506080511,,15,3,5,レッドモンレーヴ,牡6,58.0,ディー,12,59.0,1:33.9,クビ,⑥④,35.2,[美]蛯名正義,524(0),,安田記念,2025-06-08,2025,202506080511
https://www.keibalab.jp/db/race/202506080511/,202506080511,,16,3,6,グラティアス,牡7,58.0,横山和生,17,418.2,1:34.1,１,⑭⑭,34.8,[栗]安田翔伍,490(－4),,安田記念,2025-06-08,2025,202506080511
https://www.keibalab.jp/db/race/202506080511/,202506080511,,17,8,16,トロヴァトーレ,牡4,58.0,横山武史,8,29.6,1:34.1,ハナ,⑥⑦,35.3,[美]鹿戸雄一,498(－10),,安田記念,2025-06-08,2025,202506080511
https://www.keibalab.jp/db/race/202506080511/,202506080511,,18,7,15,ホウオウリアリティ,牡7,58.0,丹内祐次,18,430.1,1:34.1,クビ,⑰⑰,34.6,[栗]井上智史,474(－10),,安田記念,2025-06-08,2025,202506080511
https://www.keibalab.jp/db/race/202506080512/,202506080512,,1,7,11,ゴールデンオスカー,牡4,58.0,石川裕紀,7,17.2,1:35.9,,⑨⑩,35.3,[美]堀内岳志,498(－2),オメガ指数を見るには、会員の方はログイン会員でない方は会員登録してご覧下さい,安田記念,2025-06-08,2025,202506080512
https://www.keibalab.jp/db/race/202506080512/,202506080512,,2,7,12,サノノワンダー,牡3,55.0,横山和生,1,2.3,1:36.2,２,⑫⑪,35.5,[美]栗田徹,516(＋2),,安田記念,2025-06-08,2025,202506080512
https://www.keibalab.jp/db/race/202506080512/,202506080512,,3,6,9,トーホウキザン,牡5,58.0,橋木太希,13,191.3,1:36.8,３1/2,⑫⑭,35.8,[栗]高橋康之,484(－2),,安田記念,2025-06-08,2025,202506080512
https://www.keibalab.jp/db/race/202506080512/,202506080512,,4,2,2,マンダリンボレロ,牡5,58.0,松岡正海,3,9.1,1:37.0,3/4,③②,37.3,[美]伊藤伸一,508(0),,安田記念,2025-06-08,2025,202506080512
https://www.keibalab.jp/db/race/202506080512/,202506080512,,5,3,4,グラヴィス,牡4,58.0,坂井瑠星,8,30.3,1:37.0,ハナ,③②,37.3,[栗]矢作芳人,490(0),,安田記念,2025-06-08,2025,202506080512
https://www.keibalab.jp/db/race/202506080512/,202506080512,,6,1,1,アイファーバトル,牡4,58.0,長浜鴻緒,9,36.1,1:37.1,1/2,⑫⑪,36.3,[美]根本康広,464(＋4),,安田記念,2025-06-08,2025,202506080512
https://www.keibalab.jp/db/race/202506080512/,202506080512,,7,8,13,ベルブリエ,牝4,56.0,三浦皇成,4,11.6,1:37.2,1/2,⑤⑤,37.1,[美]尾関知人,462(＋4),,安田記念,2025-06-08,2025,202506080512
https://www.keibalab.jp/db/race/202506080512/,202506080512,,8,6,10,テーオードラッカー,牡4,58.0,佐々木大,6,14.1,1:37.6,２1/2,①①,38.2,[栗]高柳大輔,514(－8),,安田記念,2025-06-08,2025,202506080512
https://www.keibalab.jp/db/race/202506080512/,202506080512,,9,4,5,レッドダンルース,牡5,58.0,川田将雅,2,3.0,1:37.7,1/2,⑤⑤,37.6,[栗]福永祐一,474(0),,安田記念,2025-06-08,2025,202506080512
https://www.keibalab.jp/db/race/202506080512/,202506080512,,10,5,8,ハリウッドブルース,牡4,58.0,松山弘平,5,13.1,1:37.7,ハナ,⑦⑦,37.2,[栗]浜田多実,462(＋2),,安田記念,2025-06-08,2025,202506080512
https://www.keibalab.jp/db/race/202506080512/,202506080512,,11,4,6,ロミオボス,牡5,58.0,丹内祐次,12,151.6,1:37.8,クビ,⑪⑪,37.0,[美]加藤征弘,482(－6),,安田記念,2025-06-08,2025,202506080512
https://www.keibalab.jp/db/race/202506080512/,202506080512,,12,5,7,アイズ,牡4,58.0,菊沢一樹,10,68.8,1:37.9,1/2,②②,38.3,[美]菊沢隆徳,492(－10),,安田記念,2025-06-08,2025,202506080512
https://www.keibalab.jp/db/race/202506080512/,202506080512,,13,8,14,ファイヴレター,牡8,58.0,木幡巧也,14,222.0,1:38.2,２,⑨⑦,37.7,[美]佐藤吉勝,480(－2),,安田記念,2025-06-08,2025,202506080512
https://www.keibalab.jp/db/race/202506080512/,202506080512,,14,3,3,ジャスパージェット,牡6,58.0,菅原明良,11,144.5,1:38.6,２1/2,⑦⑦,38.1,[栗]森秀行,510(－8),,安田記念,2025-06-08,2025,202506080512
