tree
version=v4
num_class=1
num_tree_per_iteration=1
label_index=0
max_feature_idx=18
objective=binary sigmoid:1
feature_names=year month day_of_week venue_code race_number sex_encoded age weight last_3f horse_weight_kg horse_weight_change field_size race_avg_odds race_avg_weight trainer_encoded trainer_frequency jockey_encoded jockey_frequency race_type_encoded
feature_infos=[2000:2024] [2:12] [0:6] [5:9] [11:12] [0:2] [3:11] [48:59] [32.200000000000003:103.5] [374:628] none [6:72] [9.7333333333333343:335.44444444444446] [52.75:57.75] [0:50] [1:795] [0:50] [1:1441] [0:20]
tree_sizes=3306 3415 3410 3423 3416 3429 3436 3420 3448 3431 3419 3424 3422 3411 3434 3402 3432 3434 3444 3422 3412 3427 3434 3429 3435 3436 3433 3432 3428 3426 3432 3449 3418 3432 3435 3430 3426 3431 3426 3432 3407 3442 3429 3436 3420 3434 3429 3423 3443 3431 3423 3417 3422 3440 3427 3435 3418 3417 3425 3422 3415 3418 3407 3403 3460 3408 3448 3428 3433 3416 3419 3437 3428 3308 3419 3404 3411 3411 3430 3403 3441 3435 3439 3442 3430 3436 3415 3428 3432 3403 3194 2468 3202 3290 3393 3207 3367 3421 3424 2481 3429 3428 3430 3432 3443 3421 3417 3440 3430 3436 3437 3308 3438 3418 3451 2803 3417 3025 2779 3435 2687 2798 2701 2928 2911 3396 2888 3409 3438 3436 3417 3412 3437 3408 3420 3436 3306 3414 3209 3428 3421 3405 2472 2838 3449

Tree=0
num_leaves=31
num_cat=0
split_feature=8 6 17 8 9 8 5 12 7 8 17 6 6 0 0 8 17 18 0 9 18 17 8 8 7 14 12 13 6 9
split_gain=693.062 230.333 134.524 67.2726 54.4467 51.5025 41.9457 34.5834 27.9994 27.6753 27.3678 26.6738 22.61 22.1236 20.5103 20.8626 17.8733 17.9099 17.0182 16.9594 16.5363 18.1737 14.9992 14.4077 14.2525 14.0777 13.8699 14.1504 13.7388 12.5946
threshold=37.250000000000007 5.5000000000000009 642.50000000000011 37.850000000000001 489.00000000000006 34.150000000000013 1.0000000180025095e-35 40.981349206349215 57.750000000000007 33.650000000000013 260.00000000000006 5.5000000000000009 4.5000000000000009 2003.5000000000002 2008.5000000000002 34.550000000000004 96.500000000000014 15.500000000000002 2003.5000000000002 437.00000000000006 12.500000000000002 657.50000000000011 39.350000000000001 38.650000000000013 54.500000000000007 47.500000000000007 27.0425 55.483333333333341 6.5000000000000009 529.00000000000011
decision_type=2 2 2 2 2 2 2 2 2 2 2 2 2 2 2 2 2 2 2 2 2 2 2 2 2 2 2 2 2 2
left_child=1 2 4 11 16 26 8 9 -7 -3 -9 18 25 23 15 -12 -1 -18 -2 -8 -20 -22 -15 29 -14 -6 27 -4 -16 -5
right_child=3 7 5 13 12 6 19 10 -10 -11 14 -13 24 22 28 -17 17 -19 20 -21 21 -23 -24 -25 -26 -27 -28 -29 -30 -31
leaf_value=-1.3943882737891491 -1.3688475721439171 -1.2296188550672407 -1.4358073753761242 -1.3987757342563469 -1.3354313507274562 -1.3413049170927267 -1.4080694339387949 -1.4293699009128533 -1.2760419288835994 -1.3794078423408334 -1.2631736647695841 -1.4259457123685602 -1.422973364284007 -1.4271301290101988 -1.3957982965690527 -1.379175325310628 -1.3808641076302262 -1.3490685326080376 -1.4106728243467355 -1.3609880375524828 -1.4021144646772303 -1.3593788533776208 -1.4464616278191862 -1.4228098677461078 -1.3637944795509829 -1.4347207428580273 -1.3001519477689674 -1.3041158728944597 -1.4282131767327686 -1.2995384831662127
leaf_weight=198.45916032791138 55.376507639884949 3.2009541988372794 4.0011927485465986 65.619561076164246 118.27525764703751 407.48146951198578 21.12629771232605 110.91306298971176 17.125104963779449 84.185095429420471 4.3212881684303275 82.744666039943695 11.843530535697935 384.91474241018295 95.228387415409088 37.611211836338043 237.99094468355179 54.416221380233765 140.84198474884033 202.14025765657425 59.537748098373413 42.732738554477692 135.72045803070068 115.71449428796768 72.18151718378067 3.6810973286628714 77.623139321804047 4.1612404584884644 49.774837791919708 3.3610019087791434
leaf_count=1240 346 20 25 410 739 2546 132 693 107 526 27 517 74 2405 595 235 1487 340 880 1263 372 267 848 723 451 23 485 26 311 21
internal_value=-1.38616 -1.36726 -1.35802 -1.41775 -1.37375 -1.34308 -1.3479 -1.40158 -1.33867 -1.37392 -1.40969 -1.40083 -1.35218 -1.4269 -1.39802 -1.36722 -1.38281 -1.37495 -1.39386 -1.36544 -1.39956 -1.38426 -1.43217 -1.41203 -1.37214 -1.33843 -1.30667 -1.36867 -1.40693 -1.39394
internal_weight=2902.31 1815.74 1430.51 1086.56 696.848 733.659 647.873 385.235 424.607 87.386 297.849 381.234 205.981 705.33 186.936 41.9325 490.866 292.407 298.489 223.267 243.112 102.27 520.635 184.695 84.025 121.956 85.7856 8.16243 145.003 68.9806
internal_count=18134 11345 8938 6789 4354 4584 4048 2407 2653 546 1861 2382 1287 4407 1168 262 3067 1827 1865 1395 1519 639 3253 1154 525 762 536 51 906 431
is_linear=0
shrinkage=1


Tree=1
num_leaves=31
num_cat=0
split_feature=8 6 17 8 9 8 9 12 17 6 15 7 8 15 12 15 6 3 8 6 5 6 9 15 9 8 12 7 15 11
split_gain=630.848 204.101 115.385 64.1265 47.6572 42.1218 38.0258 31.7508 25.9457 25.0386 22.8875 22.7305 22.4703 20.7132 24.8059 20.6685 19.2464 18.7757 18.3335 18.142 17.0095 18.9908 15.2131 14.6765 14.2326 13.9638 13.2973 13.0333 11.5268 18.7446
threshold=37.250000000000007 5.5000000000000009 642.50000000000011 37.850000000000001 489.00000000000006 34.150000000000013 463.00000000000006 40.981349206349215 260.00000000000006 5.5000000000000009 385.00000000000006 57.750000000000007 33.650000000000013 357.50000000000006 30.13571428571429 407.00000000000006 6.5000000000000009 5.5000000000000009 38.650000000000013 4.5000000000000009 1.0000000180025095e-35 4.5000000000000009 529.00000000000011 431.00000000000006 423.00000000000006 34.550000000000004 49.925000000000004 55.750000000000007 340.50000000000006 37.500000000000007
decision_type=2 2 2 2 2 2 2 2 2 2 2 2 2 2 2 2 2 2 2 2 2 2 2 2 2 2 2 2 2 2
left_child=1 2 4 9 13 -4 24 12 -9 15 19 -8 -3 27 -15 17 25 -2 20 -6 21 22 -5 -17 -7 -10 -12 -1 -14 -30
right_child=3 7 5 18 10 6 11 8 16 -11 26 -13 28 14 -16 23 -18 -19 -20 -21 -22 -23 -24 -25 -26 -27 -28 -29 29 -31
leaf_value=-0.0088619802752238266 -0.029536299115043293 0.13531134640645717 0.071656325181795585 -0.012500678774423485 0.037390345953667969 -0.042447448998268994 0.0403633181959097 -0.042531999222486246 0.036804958296846761 -0.039105283228009269 0.10973516380295745 0.098893810826375619 -0.0036672589761261179 0.12953837635362084 0.018928553854442368 0.1154527691428938 -0.034245939541036961 -0.002033392345971715 -0.047818036230232355 0.0048404192362368819 -0.047505039278719685 -0.037281825192506717 0.069072062692536976 0.017158093082200541 0.018877441535814832 -0.007882293628468099 0.044126117447979944 0.0091462313874047102 0.014342878384836466 0.13659046258906449
leaf_weight=246.93334291875362 97.57594521343708 3.5011982917785636 89.864486396312714 95.78961469233036 105.96945148706436 10.02536331117153 467.24214044213295 108.01918396353722 21.108301803469658 80.755095258355141 12.740001708269117 17.198186174035072 66.192435145378113 5.4648390710353842 69.949292942881584 4.4937772303819683 62.7176423817873 170.46706625819206 361.32026202976704 71.821184903383255 109.82106517255306 114.96541836857796 6.0783514976501456 24.511191606521606 168.1528735011816 101.74223302304745 19.610347628593445 169.40091620385647 14.298851281404497 4.0165312588214865
leaf_count=1542 615 20 536 611 644 63 2852 693 131 517 78 101 412 34 436 28 399 1068 2323 445 701 734 38 154 1032 638 120 1055 89 25
internal_value=-0.000369946 0.0173925 0.0259319 -0.0309686 0.0113497 0.0395336 0.0351771 -0.0151533 -0.0230499 -0.0144182 0.0312801 0.0424412 0.0111888 0.00283276 0.0269438 -0.00770675 -0.0117094 -0.0120453 -0.0400573 0.0242413 -0.0314729 -0.023353 -0.00763332 0.032387 0.0154269 -0.000204085 0.0699638 -0.00153468 0.00604633 0.0411516
internal_weight=2901.75 1835.97 1454.37 1065.78 701.889 752.483 662.619 381.596 293.587 377.803 210.141 484.44 88.009 491.748 75.4141 297.048 185.568 268.043 687.975 177.791 326.654 216.833 101.868 29.005 178.178 122.851 32.3503 416.334 84.5078 18.3154
internal_count=18134 11345 8938 6789 4354 4584 4048 2407 1861 2382 1287 2953 546 3067 470 1865 1168 1683 4407 1089 2084 1383 649 182 1095 769 198 2597 526 114
is_linear=0
shrinkage=0.05


Tree=2
num_leaves=31
num_cat=0
split_feature=8 6 17 8 9 9 15 17 8 6 8 0 15 11 6 15 15 16 0 15 15 11 9 6 1 6 11 8 15 8
split_gain=574.556 181.212 99.4901 61.1045 41.8279 36.1704 28.7494 28.4222 28.3806 23.4926 23.3942 22.0288 20.7076 20.2162 19.8035 19.1378 18.4907 20.7617 19.0467 18.3529 17.8868 16.7415 16.3863 15.7346 15.4905 19.0978 15.1857 14.9361 15.7431 13.2546
threshold=37.250000000000007 5.5000000000000009 642.50000000000011 37.850000000000001 489.00000000000006 469.00000000000006 741.50000000000011 493.50000000000006 34.150000000000013 5.5000000000000009 34.550000000000004 2003.5000000000002 444.50000000000006 49.500000000000007 4.5000000000000009 385.00000000000006 407.00000000000006 40.500000000000007 2003.5000000000002 357.50000000000006 497.50000000000006 17.500000000000004 423.00000000000006 4.5000000000000009 4.5000000000000009 6.5000000000000009 57.000000000000007 39.350000000000001 340.50000000000006 38.650000000000013
decision_type=2 2 2 2 2 2 2 2 2 2 2 2 2 2 2 2 2 2 2 2 2 2 2 2 2 2 2 2 2 2
left_child=1 2 4 9 19 6 22 20 13 16 12 29 -9 -7 -10 23 18 -18 -2 -1 -3 -8 -4 -6 25 -12 -26 28 -13 -5
right_child=3 7 5 11 15 8 21 10 14 -11 24 27 -14 -15 -16 -17 17 -19 -20 -21 -22 -23 -24 -25 26 -27 -28 -29 -30 -31
leaf_value=-0.0014604987206454029 0.015698711137918302 -0.032696601127128071 -0.039847385812265379 -0.0064750269161429966 0.034740951339066399 0.070007090336790451 0.036355896748821517 0.017152794356486457 0.048797414863147578 -0.038083611548952193 0.037815266602675653 -0.044310433087518475 0.11486361556149841 0.17851677449780332 0.026887767457487579 0.063753297194138109 0.011781720551084986 0.12572876249675519 -0.018103245927424679 0.025167563028737107 0.02900222196398991 0.18406402717322443 0.022012976199013101 0.0045848391268600765 -0.022381485094039141 -0.045329159627919537 0.057777303136869643 -0.059251010496611793 -0.017714497721260269 -0.03463406909641361
leaf_weight=415.94960162043571 51.732637763023376 173.01887579262257 11.170703738927839 67.449928283691406 108.28596563637257 46.444671183824539 3.5063491165637961 28.096961155533791 279.32366439700127 78.825029402971268 29.439732521772385 298.48893593251705 6.7189971357583991 4.729524537920951 163.509776070714 33.682448595762253 24.803738877177242 4.7656449675559989 214.36250823736191 76.630444183945656 12.602401942014692 4.2357137203216553 256.90176187455654 72.028134539723396 112.88670666515827 9.0233434885740262 6.2347581535577765 126.93593406677246 68.390324503183365 109.84923930466175
leaf_count=2597 322 1117 71 431 644 266 21 173 1661 517 185 1957 40 27 972 198 153 29 1361 470 80 25 1541 445 715 58 39 848 448 723
internal_value=-0.000372001 0.0163395 0.0242484 -0.0300105 0.0107004 0.0366833 0.0221786 -0.0145495 0.0447816 -0.0138296 -0.00108308 -0.0390396 0.0360096 0.0800356 0.0407076 0.0291573 -0.00736345 0.0301464 -0.0115317 0.00268202 -0.0285077 0.117168 0.0194352 0.0226948 -0.00927816 0.0183098 -0.018186 -0.0444676 -0.0393527 -0.0239215
internal_weight=2900.02 1854.42 1476.4 1045.6 706.577 769.822 275.815 378.022 494.008 374.49 192.4 671.114 34.816 51.1742 442.833 213.997 295.665 29.5694 266.095 492.58 185.621 7.74206 268.072 180.314 157.585 38.4631 119.121 493.815 366.879 177.299
internal_count=18134 11345 8938 6789 4354 4584 1658 2407 2926 2382 1210 4407 213 293 2633 1287 1865 182 1683 3067 1197 46 1612 1089 997 243 754 3253 2405 1154
is_linear=0
shrinkage=0.05


Tree=3
num_leaves=31
num_cat=0
split_feature=8 6 5 8 7 15 12 8 8 6 11 9 15 8 8 8 5 6 15 3 12 18 15 9 14 13 11 15 9 8
split_gain=523.535 161.166 77.3276 58.1923 34.4109 35.7405 28.8241 23.9175 23.13 22.0291 20.0325 19.7383 18.2617 17.6754 17.616 17.0426 16.679 18.1116 16.555 17.4625 15.5432 20.4093 15.248 13.745 13.2269 12.2521 11.6911 11.5873 10.6241 10.278
threshold=37.250000000000007 5.5000000000000009 1.0000000180025095e-35 37.850000000000001 54.500000000000007 135.50000000000003 40.981349206349215 34.150000000000013 34.150000000000013 5.5000000000000009 33.000000000000007 423.00000000000006 376.00000000000006 33.650000000000013 38.650000000000013 34.550000000000004 1.0000000180025095e-35 4.5000000000000009 407.00000000000006 5.5000000000000009 61.47729166666668 7.5000000000000009 497.50000000000006 537.00000000000011 18.500000000000004 56.585784313725497 14.500000000000002 444.50000000000006 483.00000000000006 37.650000000000013
decision_type=2 2 2 2 2 2 2 2 2 2 2 2 2 2 2 2 2 2 2 2 2 2 2 2 2 2 2 2 2 2
left_child=1 2 4 9 20 10 13 -4 -7 18 -6 -9 -13 -3 16 22 17 23 19 26 21 -1 25 -5 -20 -8 -2 -22 -21 -26
right_child=3 6 7 14 5 8 15 11 -10 -11 -12 12 -14 -15 -16 -17 -18 -19 24 28 27 -23 -24 -25 29 -27 -28 -29 -30 -31
leaf_value=-0.019912461527552619 0.045221196732925399 0.11636906169658801 0.036718337133726089 -0.0095000822368963046 0.023541761674713297 0.068791392877820753 -0.013978743727022003 -0.039427314514046768 0.037652015656240101 -0.037081639446841341 -0.020816721700788739 0.0025600251074297028 0.029190268489803058 0.0062883855435174043 -0.045914438785268338 -0.02683920943198705 -0.045822046610299157 -0.035343219614118314 -0.0096356301275042563 -0.012868291358337215 -0.036750575845476113 0.041950363423201013 0.079099168836310962 0.090126927976237947 0.08400228496667804 0.08606441645079399 -0.032366636073640778 0.05707691390962253 0.012293529975211936 0.00073821944761388219
leaf_weight=21.870091110467911 5.1321930140256873 3.8115667551755896 65.33263024687767 95.911544531583786 198.00106753408909 66.993049949407578 34.218473270535469 24.26652555167675 542.89209516346455 76.955238863825798 29.206249967217445 405.46887998282909 76.527291283011436 84.248222157359123 340.81515058875084 242.66859450936317 104.42563670873642 110.00206595659256 13.105952709913256 92.033609300851822 28.335142239928246 34.152049884200096 6.2867683470249167 3.5916820466518393 11.522763192653658 3.3609799295663825 89.964854508638382 3.722823739051818 77.092429578304291 5.4635660499334326
leaf_count=132 33 20 380 627 1182 382 218 155 3203 517 174 2475 456 526 2323 1585 701 734 80 581 172 205 37 22 69 21 582 22 487 33
internal_value=-0.000372474 0.0153651 0.0227057 -0.0290764 0.0316386 0.0347666 -0.0139657 0.0082471 0.0410725 -0.0132633 0.0178397 0.00457292 0.00678815 0.0110531 -0.0380432 -0.0216547 -0.0294978 -0.0213612 -0.00703553 -0.0110375 0.00191142 0.0178002 0.00702608 -0.00590393 0.0281031 -0.00503122 -0.0281794 -0.0258546 -0.00139882 0.0572208
internal_weight=2897.38 1871.36 1496.77 1026.02 925.173 837.092 374.595 571.595 609.885 371.271 227.207 506.263 481.996 88.0598 654.746 286.535 313.931 209.505 294.315 264.223 88.0801 56.0221 43.8662 99.5032 30.0923 37.5795 95.097 32.058 169.126 16.9863
internal_count=18134 11345 8938 6789 5472 4941 2407 3466 3585 2382 1356 3086 2931 546 4407 1861 2084 1383 1865 1683 531 337 276 649 182 239 615 194 1068 102
is_linear=0
shrinkage=0.05


Tree=4
num_leaves=31
num_cat=0
split_feature=8 17 8 0 8 12 14 1 3 14 9 12 18 9 9 13 16 0 17 0 12 17 8 2 12 2 9 16 8 11
split_gain=477.258 123.812 55.6664 36.6737 31.1367 30.9852 27.7299 24.8637 21.6017 21.2845 18.3278 17.8922 16.4371 14.9635 14.5594 21.246 13.2895 12.4389 16.1856 15.7785 12.2466 12.0947 12.0144 11.7213 22.8936 11.094 14.2808 19.7555 17.6487 10.4534
threshold=37.250000000000007 622.50000000000011 38.650000000000013 2003.5000000000002 34.150000000000013 18.805000000000003 1.0000000180025095e-35 10.500000000000002 5.5000000000000009 3.5000000000000004 481.00000000000006 30.905476190476197 12.500000000000002 523.00000000000011 501.00000000000006 55.91608391608392 11.500000000000002 2005.5000000000002 483.50000000000006 2017.5000000000002 32.583689839572202 107.50000000000001 34.850000000000001 5.5000000000000009 39.271282051282057 5.5000000000000009 465.00000000000006 11.500000000000002 33.250000000000007 49.500000000000007
decision_type=2 2 2 2 2 2 2 2 2 2 2 2 2 2 2 2 2 2 2 2 2 2 2 2 2 2 2 2 2 2
left_child=1 6 3 13 25 -6 10 8 -7 12 29 -8 -5 16 -13 -16 -2 18 -12 -19 -18 -14 -9 24 -11 26 27 -3 -28 -1
right_child=2 4 -4 9 5 7 11 22 -10 23 17 14 21 -15 15 -17 20 19 -20 -21 -22 -23 -24 -25 -26 -27 28 -29 -30 -31
leaf_value=-0.0092545728611808358 -0.012496972676754179 -0.055045744843199795 -0.044973478875582812 -0.04038739951535094 0.16829159863873638 0.020878576466113102 0.065025143093113177 0.027329911737224863 0.040050059124415976 0.078592223064393674 0.017309765799889878 0.005157994865342656 -0.04029801933077154 0.073148277370656489 0.001196565325819917 0.070014441168443339 0.10234189738405522 -0.011355551177711748 0.1094004391297609 0.016532470157824303 0.013090796749740383 -0.011774643158939644 0.0020803073190932132 -0.023947176495877673 -0.0056097805413852274 0.0343478642552126 0.18172359569928262 0.057622509908320421 0.07156377613527129 -0.041669481113017187
leaf_weight=351.79935948550701 79.851875931024551 4.9737637341022518 330.80449068546295 226.66299811005592 3.6677035987377158 405.49781991541386 17.014576286077499 64.562884777784348 230.42656178772449 9.2535892724990827 57.871249213814735 172.00844016671181 52.564271152019501 7.3390939235687247 21.486755266785622 23.461527764797211 4.2537412941455832 128.91201004385948 5.2000476121902457 83.616937816143036 39.854469820857048 126.85783639550209 174.30007754266262 66.338450744748116 63.248063534498215 56.982134476304054 4.0359694361686698 17.866633355617523 36.674200743436813 26.764141038060188
leaf_count=2214 514 28 2323 1525 22 2402 99 378 1360 60 355 1048 352 45 127 137 27 795 31 514 254 840 1028 436 413 316 22 99 200 170
internal_value=-0.000370985 0.0144613 -0.0281659 -0.0199437 0.0265369 0.0232672 0.00087836 0.0226591 0.0278253 -0.0256594 -0.00440539 0.0156513 -0.0314374 0.00377762 0.0117792 0.0371172 -0.000329493 0.00540331 0.0249024 -0.000383347 0.0216981 -0.020131 0.00890509 -0.00875947 0.00513716 0.0503675 0.0647313 0.0330877 0.0824849 -0.0115463
internal_weight=2894.15 1887.12 1007.03 676.224 998.988 878.455 888.135 874.787 635.924 544.925 654.164 233.971 406.085 131.299 216.957 44.9483 123.96 275.6 63.0713 212.529 44.1082 179.422 238.863 138.84 72.5017 120.533 63.5506 22.8404 40.7102 378.564
internal_count=18134 11345 6789 4466 5855 5190 5490 5168 3762 3626 4079 1411 2717 840 1312 264 795 1695 386 1309 281 1192 1406 909 473 665 349 127 222 2384
is_linear=0
shrinkage=0.05


Tree=5
num_leaves=31
num_cat=0
split_feature=6 17 15 17 16 15 15 12 12 3 6 14 17 0 17 5 12 6 17 16 15 12 12 9 16 0 15 15 12 9
split_gain=158.268 107.634 36.5688 34.9536 31.4511 29.984 23.4806 24.2939 22.223 21.9345 25.7048 20.9184 19.3533 19.2983 56.8519 19.2493 17.7146 15.3339 16.4979 14.0186 13.386 11.8047 11.349 11.2213 11.008 10.5723 12.9602 10.4447 10.0231 9.93213
threshold=5.5000000000000009 622.50000000000011 318.00000000000006 1327.5000000000002 33.500000000000007 242.50000000000003 340.50000000000006 31.565625000000004 40.68012820512822 5.5000000000000009 4.5000000000000009 47.500000000000007 96.500000000000014 2004.5000000000002 107.50000000000001 1.0000000180025095e-35 43.928125000000001 3.5000000000000004 213.50000000000003 24.500000000000004 89.500000000000014 30.905476190476197 30.13571428571429 489.00000000000006 47.500000000000007 2007.5000000000002 109.50000000000001 97.000000000000014 65.371875000000017 511.00000000000006
decision_type=2 2 2 2 2 2 2 2 2 2 2 2 2 2 2 2 2 2 2 2 2 2 2 2 2 2 2 2 2 2
left_child=1 2 12 5 -5 9 7 -2 21 19 -11 24 28 14 -14 22 -10 18 -17 -3 -9 -6 -4 -24 -7 26 -22 -15 29 -1
right_child=6 3 15 4 8 11 -8 20 16 10 -12 -13 13 27 -16 17 -18 -19 -20 -21 25 -23 23 -25 -26 -27 -28 -29 -30 -31
leaf_value=-0.016320501392807295 0.015580272075899205 0.0052883495890666508 0.082175743372861043 0.005117179902741892 0.067314581022753492 0.021598541328117078 -0.0035129973107318906 -0.050285839283365621 0.14569368647541445 0.023546974332492324 -0.0076663312330426565 -0.027480388358969904 0.20780748448088332 -0.024106746870653104 0.0083352979063742137 -0.003262556206584344 0.057895283360877452 -0.016762228783145577 0.1079501516715463 -0.018472556574089083 0.035997423026669639 -0.011999499993497005 0.0060334784081577664 0.036409108594652483 0.049466719147057844 -0.032592846700631208 -0.020199054861380333 -0.0044668367892433799 -0.030706714516287544 0.014337729512242367
leaf_weight=263.50906737148762 28.831743210554123 125.09156516194344 8.1415217816829664 51.459968760609627 6.4401388615369823 405.94732768833637 113.3398320376873 80.064915537834167 6.185580685734748 205.82185485959053 97.065306931734085 20.622632533311844 3.6971721947193137 85.527660891413689 105.56916481256485 8.3448458611965162 80.677397981286049 63.976989939808846 5.5543126463890067 123.22377899289131 11.840931013226507 17.276241198182106 60.899470090866089 60.717536687850952 38.823709353804588 270.08819144964218 76.825898140668869 324.67512765526772 114.27050411701202 29.360772609710693
leaf_count=1713 183 748 46 307 37 2410 730 547 36 1241 594 123 23 550 675 51 475 398 34 748 80 102 376 361 232 1809 517 2061 747 188
internal_value=-0.000600572 0.00525995 -0.00573528 0.0158411 0.0374081 0.0124034 -0.0239308 -0.0288793 0.0524352 0.00451307 0.0135441 0.0217485 -0.00998513 -0.00358792 0.0150847 0.0132305 0.0641475 -0.00642088 0.0411797 -0.00650274 -0.0318004 0.00953809 0.0250245 0.0211986 0.0240311 -0.0276749 -0.0126943 -0.00856178 -0.0181473 -0.013247
internal_weight=2893.87 2312.88 1134.24 1178.64 162.039 1016.6 580.992 467.652 110.579 551.203 302.887 465.394 926.609 519.469 109.266 207.635 86.863 77.8761 13.8992 248.315 438.82 23.7164 129.759 121.617 444.771 358.755 88.6668 410.203 407.14 292.87
internal_count=18142 14276 7223 7053 957 6096 3866 3136 650 3331 1835 2765 5957 3309 698 1266 511 483 85 1496 2953 139 783 737 2642 2406 597 2611 2648 1901
is_linear=0
shrinkage=0.05


Tree=6
num_leaves=31
num_cat=0
split_feature=6 15 16 7 3 12 6 15 9 14 14 12 0 15 9 15 14 9 15 16 0 15 18 9 6 16 0 0 12 0
split_gain=144.681 74.8104 36.4735 36.3168 28.5385 22.6773 20.9974 18.8933 15.6919 13.4465 12.6717 11.9409 11.8936 39.8657 11.6562 15.912 10.985 10.525 10.3936 9.90199 9.48918 9.21062 9.01556 8.45914 8.19329 8.9986 7.75367 7.40577 7.28976 7.20037
threshold=5.5000000000000009 242.50000000000003 1.5000000000000002 55.250000000000007 5.5000000000000009 37.916105769230775 4.5000000000000009 340.50000000000006 421.00000000000006 38.500000000000007 47.500000000000007 66.54062500000002 2001.5000000000002 287.50000000000006 499.00000000000006 79.000000000000014 1.5000000000000002 513.00000000000011 95.500000000000014 18.500000000000004 2019.5000000000002 97.000000000000014 1.0000000180025095e-35 483.00000000000006 4.5000000000000009 1.0000000180025095e-35 2002.5000000000002 2007.5000000000002 26.702820512820512 2014.5000000000002
decision_type=2 2 2 2 2 2 2 2 2 2 2 2 2 2 2 2 2 2 2 2 2 2 2 2 2 2 2 2 2 2
left_child=1 2 23 9 14 26 8 18 -6 11 12 19 13 -5 28 -16 -14 -8 -7 -3 -13 -20 -9 -1 25 -25 -2 -23 -4 -28
right_child=5 3 4 10 6 7 17 22 -10 -11 -12 20 16 -15 15 -17 -18 -19 21 -21 -22 27 -24 24 -26 -27 29 -29 -30 -31
leaf_value=-0.016774321717208798 0.05738146512842035 0.0059796075699417028 0.057859388826390447 0.15608869123347563 -0.061656489379293425 -0.04874992290483144 -0.0081706351038880326 0.058044935558890745 0.02138979810986498 -0.01298941858071705 -0.014789732935193907 -0.014731543286876772 0.012077107530663645 0.0020484061290592273 -0.048394376364168101 0.017266162872264585 0.029273175357108702 0.033681610806077983 0.030271564075984709 0.025302683304043311 0.050018911054268311 -0.015787815254073394 -0.010910674161709344 0.07919851496045005 -0.016452714811115373 0.001312667282648507 -0.016031133550781215 -0.033969349605627218 -0.012846585794574343 0.013111703871652926
leaf_weight=359.56279301643372 5.4429933428764334 157.19862289726734 3.6986795961856833 7.2689003944396999 5.7952611148357382 77.227546483278275 126.82760846614838 5.0122432559728614 307.93755708634853 83.576383128762245 19.549520269036293 63.973275259137154 125.65464967489243 9.9491629004478437 10.491974398493765 76.525762632489204 355.96284234523773 17.040162101387978 6.5814888477325431 114.65659795701504 6.2072759568691245 74.169662475585938 87.323043063282967 3.8200502544641486 83.601394176483154 126.99208450317383 51.853937551379204 228.72736001014709 252.88393031060696 35.847102507948875
leaf_count=2356 35 973 22 43 38 544 787 33 1855 512 119 393 763 61 66 461 2082 105 45 678 39 506 570 22 544 807 332 1570 1550 231
internal_value=-0.000581614 0.00497392 -0.00246638 0.0158127 0.00442579 -0.0230993 0.0126029 -0.0274885 0.0198558 0.00498941 0.0246989 0.00938253 0.0262465 0.0670792 -0.00646431 0.00934929 0.0247867 -0.00321352 -0.0323406 0.0141292 -0.00900454 -0.0282458 -0.00716755 -0.012087 -0.00422655 0.00358713 -0.000525357 -0.0295173 -0.0118273 -0.00411923
internal_weight=2891.36 2319.17 1375.18 943.997 801.201 572.185 457.601 479.041 313.733 425.612 518.385 342.036 498.836 17.2181 343.6 87.0177 481.617 143.868 386.706 271.855 70.1806 309.479 92.3353 573.976 214.414 130.812 93.144 302.897 256.583 87.701
internal_count=18142 14276 8613 5663 4884 3866 2785 3268 1893 2595 3068 2083 2949 104 2099 527 2845 892 2665 1651 432 2121 603 3729 1373 829 598 2076 1572 563
is_linear=0
shrinkage=0.05


Tree=7
num_leaves=31
num_cat=0
split_feature=8 6 8 5 3 8 17 6 18 17 1 17 0 12 1 8 16 17 18 12 1 11 0 1 8 8 12 8 6 11
split_gain=429.505 101.692 60.1068 55.4144 33.5282 27.8382 26.9591 24.9111 22.4768 22.4762 21.8671 20.4755 18.714 18.2931 17.4354 26.2506 21.568 16.3074 15.3475 14.0656 13.8796 15.7754 13.4829 13.1277 12.0871 11.519 11.5144 10.863 10.8578 10.5853
threshold=37.150000000000013 5.5000000000000009 38.150000000000013 1.0000000180025095e-35 5.5000000000000009 34.850000000000001 740.50000000000011 5.5000000000000009 15.500000000000002 1253.5000000000002 4.5000000000000009 83.500000000000014 2003.5000000000002 52.110416666666673 9.5000000000000018 34.550000000000004 28.500000000000004 1253.5000000000002 12.500000000000002 32.40801282051283 10.500000000000002 16.500000000000004 2008.5000000000002 4.5000000000000009 34.350000000000001 40.350000000000001 50.47276785714287 39.350000000000001 3.5000000000000004 57.000000000000007
decision_type=2 2 2 2 2 2 2 2 2 2 2 2 2 2 2 2 2 2 2 2 2 2 2 2 2 2 2 2 2 2
left_child=1 3 4 6 29 9 8 17 10 23 -1 -3 25 26 15 16 -13 -6 -19 -17 21 -7 -16 -5 -11 -4 -8 -14 -10 -2
right_child=2 11 12 5 7 20 13 -9 28 24 -12 14 27 -15 22 19 -18 18 -20 -21 -22 -23 -24 -25 -26 -27 -28 -29 -30 -31
leaf_value=0.043159035882687935 -0.03437741525800702 -0.034187952050782358 -0.016866730842261722 -0.025312247805377736 -0.0022025382627288291 0.01816723009905739 0.02860509147206064 -0.032803223172639367 0.076891558945570315 0.039646515715649047 0.0078428399548943189 0.073013687156640514 -0.039032108716293666 0.044831108185602271 0.010132464260280406 0.044282710626093895 -0.010069407880667909 -0.0038094042489905939 0.087213836757830066 -0.0089418278058256521 -0.012444375031830598 -0.0067987651858900482 -0.037712062788278607 0.023410062024314157 0.12157028113932107 -0.054149947630766394 -0.01162123714747096 -0.057831180185812653 0.032228959729395192 0.008443283908001217
leaf_weight=50.897803202271461 187.39781095087528 71.697407990694046 115.23623438179493 15.535212785005568 263.21917037665844 141.66300581395626 206.11302979290485 67.551161617040634 16.238727420568466 9.8281776458024996 315.69742995500565 21.93742635846138 235.00255914032459 246.83524177968502 20.14626532793045 13.491572335362433 12.130791515111921 8.4425649195909518 10.257509544491766 155.26347050070763 142.69068798422813 114.34660820662975 54.722118183970451 125.60073354840279 8.3085999190807325 25.257866308093071 19.469862207770348 114.18277603387833 83.999875128269196 15.636538848280905
leaf_count=301 1258 497 800 92 1681 856 1135 482 93 52 1870 133 1664 1359 131 82 73 52 61 1030 866 696 364 738 47 181 108 847 491 102
internal_value=-0.000561296 0.0139224 -0.0262245 0.0195905 -0.0149201 0.00711026 0.0270045 -0.00553183 0.0184831 0.0247803 0.0127461 -0.0103668 -0.0389793 0.0354252 -0.00421642 0.0033955 0.04343 0.00100272 0.0461194 -0.00468665 5.14478e-05 0.00701618 -0.0248376 0.0180471 0.0771764 -0.0235695 0.0251332 -0.0451794 0.0394643 -0.0310796
internal_weight=2888.8 1846.61 1042.18 1497.22 552.505 557.973 939.252 349.47 466.834 159.273 366.595 349.389 489.679 472.418 277.692 202.823 34.0682 281.919 18.7001 168.755 398.7 256.01 74.8684 141.136 18.1368 140.494 225.583 349.185 100.239 203.034
internal_count=18142 11014 7128 8704 3636 3347 5357 2276 2755 929 2171 2310 3492 2602 1813 1318 206 1794 113 1112 2418 1552 495 830 99 981 1243 2511 584 1360
is_linear=0
shrinkage=0.05


Tree=8
num_leaves=31
num_cat=0
split_feature=6 17 15 17 16 15 12 7 12 17 6 15 12 17 5 6 15 12 6 14 15 16 12 1 12 17 17 17 15 5
split_gain=121.983 83.5083 29.7927 27.1881 25.1576 23.414 20.6957 18.7213 18.5146 18.3496 21.3836 17.6546 17.1318 16.666 15.9063 14.2227 13.6987 13.3629 11.053 10.9383 10.2253 9.61919 9.53673 9.49377 9.44949 9.33616 17.4628 9.24741 16.0883 8.85846
threshold=5.5000000000000009 622.50000000000011 318.00000000000006 1327.5000000000002 33.500000000000007 242.50000000000003 37.916105769230775 55.250000000000007 40.68012820512822 1141.5000000000002 4.5000000000000009 340.50000000000006 30.905476190476197 96.500000000000014 1.0000000180025095e-35 3.5000000000000004 407.00000000000006 44.353589743589758 4.5000000000000009 47.500000000000007 95.500000000000014 23.500000000000004 30.905476190476197 4.5000000000000009 61.677083333333336 778.00000000000011 843.50000000000011 105.50000000000001 97.000000000000014 1.0000000180025095e-35
decision_type=2 2 2 2 2 2 2 2 2 2 2 2 2 2 2 2 2 2 2 2 2 2 2 2 2 2 2 2 2 2
left_child=1 2 13 5 -5 9 -2 16 22 10 -3 20 -4 24 21 -16 -7 -10 29 -9 -8 -14 -6 -20 -1 -13 -27 -22 -29 -15
right_child=6 3 12 4 8 7 11 19 17 -11 -12 25 14 18 15 -17 -18 -19 23 -21 27 -23 -24 -25 -26 26 -28 28 -30 -31
leaf_value=-0.011451368498431289 1.6928346391427065e-05 0.017846919295647735 0.061200897641484321 0.0034632865907862072 0.056264988792167736 -0.0023359938978628897 -0.04742765647554547 0.028803614751778818 0.11949076177932155 -0.010899253976909417 -0.006369222061165733 -0.021664695619604352 0.024476577272471493 0.0085471646355608968 0.035848978830179797 -0.021928241397359952 0.026126947409924689 0.049822274096241938 0.0047962519798434335 -0.024258927087545588 -0.041556831303940271 -0.013580808866082431 -0.013115417586450738 -0.019865523269128178 -0.027787359151650332 0.087284581134355929 -0.0025027795275641817 0.072210467840701315 -0.023373099445428744 -0.0086050135877079464
leaf_weight=265.95131306350231 92.419682681560516 258.61434926092625 16.108606040477753 52.298244893550873 6.9075653851032284 132.15133152902126 73.477440655231476 273.35719919204712 7.494432419538497 156.25273081660271 140.7891484349966 46.920816764235497 103.74856571853161 207.40669442713261 13.049359649419783 57.964127764105797 62.154599502682686 84.345329195261002 54.624168246984482 10.069890066981314 76.896118760108948 19.766969919204712 17.503909155726433 136.64119683206081 132.68976712226868 6.3232017010450354 37.716746091842651 4.493148833513259 217.8296984732151 118.16273017972708
leaf_count=1756 598 1526 89 307 37 786 544 1560 40 947 858 319 614 1299 78 368 359 471 355 60 564 117 102 887 892 40 244 30 1527 768
internal_value=-0.000548518 0.00447703 -0.00530634 0.0136432 0.0322635 0.0106062 -0.0215883 0.018723 0.0452199 0.00362763 0.00931076 -0.0258948 0.0116483 -0.00920736 0.00754496 -0.0113112 0.00676873 0.0555075 -0.0032825 0.0269184 -0.0307149 0.018386 0.00651673 -0.0128223 -0.0168889 -0.00614555 0.0103888 -0.0266108 -0.0214414 0.00232192
internal_weight=2884.13 2328.05 1126.11 1201.94 168.549 1033.39 556.077 477.733 116.251 555.656 399.403 463.657 210.638 915.476 194.529 71.0135 194.306 91.8398 516.835 283.427 372.696 123.516 24.4115 191.265 398.641 90.9608 44.0399 299.219 222.323 325.569
internal_count=18142 14276 7223 7053 957 6096 3866 2765 650 3331 2384 3268 1266 5957 1177 446 1145 511 3309 1620 2665 731 139 1242 2648 603 284 2121 1557 2067
is_linear=0
shrinkage=0.05


Tree=9
num_leaves=31
num_cat=0
split_feature=8 6 8 5 3 15 7 0 16 15 15 11 17 8 13 8 0 0 6 8 15 17 6 16 17 17 11 17 0 7
split_gain=387.352 82.3888 57.9784 45.1345 36.8064 27.9895 26.3735 25.2075 24.8136 24.3355 20.313 20.6858 19.7365 18.2141 17.5864 18.6653 15.1442 14.0023 13.9412 12.8715 12.6254 12.5462 15.8743 15.3067 12.3348 12.2518 11.1625 10.2715 10.9771 10.1126
threshold=37.150000000000013 5.5000000000000009 38.650000000000013 1.0000000180025095e-35 5.5000000000000009 135.50000000000003 57.750000000000007 2003.5000000000002 43.500000000000007 217.50000000000003 407.00000000000006 57.000000000000007 186.00000000000003 34.150000000000013 55.36038961038961 36.95000000000001 2000.5000000000002 2006.5000000000002 5.5000000000000009 38.050000000000004 282.00000000000006 493.50000000000006 6.5000000000000009 2.5000000000000004 603.50000000000011 740.50000000000011 33.000000000000007 57.000000000000007 2007.5000000000002 52.500000000000007
decision_type=2 2 2 2 2 2 2 2 2 2 2 2 2 2 2 2 2 2 2 2 2 2 2 2 2 2 2 2 2 2
left_child=1 3 4 5 10 6 26 12 13 16 -2 -12 -6 17 29 -16 -3 -5 19 -9 -14 -11 23 -23 -15 -8 -1 -18 -29 -7
right_child=2 9 -4 8 7 14 25 18 -10 21 11 -13 20 24 15 -17 27 -19 -20 -21 -22 22 -24 -25 -26 -27 -28 28 -30 -31
leaf_value=0.0097390201148013222 -0.037367734225337144 0.091101248163336479 -0.043386056702016985 0.11459503009209021 -0.010036075622916821 -0.047425788290023051 0.034529506400268112 -0.0037014044303618856 0.039697101683145185 -0.012248652594999496 -0.0084830901557276569 0.12151552643789441 0.050339481247621158 -0.0079376078029654695 0.037001611741520869 0.0054905031288812536 -0.047342673852732969 0.022362504862269959 -0.035117365152178108 -0.027444573710867379 -0.0047355217420485748 0.12598714184998699 -0.014131040204106722 0.023954812408987735 0.0087026010638261864 0.11442466587666288 -0.022284662962422225 0.0072881580375096129 -0.025106872660057719 0.01777414863998376
leaf_weight=195.49877423048019 230.48885222524405 2.9370989352464667 308.25336763262749 4.4396532773971549 46.539775252342224 6.1811538040637961 12.76699309051037 208.95351746678352 51.934788659214973 62.600213274359703 23.949812278151516 3.5083658248186103 37.073373839259148 235.85256087779999 494.50834414362907 51.929688721895218 35.772708892822266 56.274809896945953 69.668902695178986 78.534736707806587 14.466181784868239 3.9017710387706748 29.473511651158333 63.455430775880814 210.99524310231209 7.6879436820745459 31.612022683024406 34.291237324476242 110.14436714351177 157.09569410979748
leaf_count=1136 1615 19 2315 25 307 37 77 1332 294 429 150 21 230 1487 2715 287 261 315 521 549 88 22 195 398 1226 40 191 231 755 874
internal_value=-0.000529904 0.0130592 -0.0252666 0.0180612 -0.017435 0.0246551 0.0101792 -0.00888481 0.00677925 -0.00908728 -0.0325249 0.008127 0.0135673 0.00341103 0.0297046 0.034007 -0.0215209 0.0291069 -0.0150504 -0.0101875 0.034881 0.00519583 0.0164735 0.0298652 -8.03354e-05 0.0645579 0.00528158 -0.0233565 -0.0174158 0.0153059
internal_weight=2880.79 1859.35 1021.44 1516.78 713.184 957.281 247.566 455.236 559.497 342.576 257.947 27.4582 98.0793 507.562 709.715 546.438 183.145 60.7145 357.157 287.488 51.5396 159.431 96.8307 67.3572 446.848 20.4549 227.111 180.208 144.436 163.277
internal_count=18142 11014 7128 8704 4813 5357 1444 3027 3347 2310 1786 171 625 3053 3913 3002 1266 340 2402 1881 318 1044 615 420 2713 117 1327 1247 986 911
is_linear=0
shrinkage=0.05


Tree=10
num_leaves=31
num_cat=0
split_feature=8 6 8 7 1 0 15 6 8 1 3 18 12 15 13 16 8 0 6 14 16 13 6 15 13 13 13 0 6 13
split_gain=368.641 89.6504 57.0386 35.998 41.1938 32.3165 30.6295 30.4947 27.4359 34.3596 19.5619 19.4334 17.4658 17.1242 16.1577 15.7485 14.2714 13.2131 13.1822 14.2779 11.2769 16.505 16.307 11.2113 8.99516 8.77721 13.2704 8.66415 8.48855 8.27713
threshold=37.250000000000007 4.5000000000000009 38.650000000000013 54.500000000000007 7.5000000000000009 2003.5000000000002 120.50000000000001 6.5000000000000009 34.750000000000007 10.500000000000002 8.5000000000000018 17.500000000000004 117.62256944444447 318.00000000000006 54.12916666666667 1.0000000180025095e-35 33.250000000000007 2002.5000000000002 5.5000000000000009 18.500000000000004 11.500000000000002 55.281746031746039 4.5000000000000009 242.50000000000003 53.449519230769234 55.828431372549026 55.433035714285722 2010.5000000000002 3.5000000000000004 54.822916666666679
decision_type=2 2 2 2 2 2 2 2 2 2 2 2 2 2 2 2 2 2 2 2 2 2 2 2 2 2 2 2 2 2
left_child=1 6 5 27 7 20 11 13 14 12 18 24 -10 -5 -8 -11 -6 -16 19 -7 -2 -22 -23 -18 -1 26 -13 -3 -12 -9
right_child=2 3 -4 4 16 10 8 29 9 15 28 25 -14 -15 17 -17 23 -19 -20 -21 21 22 -24 -25 -26 -27 -28 -29 -30 -31
leaf_value=0.064748520913204641 -0.0060099230428251778 -0.009146642565748769 -0.043628647995651484 0.011907401187471127 0.090528974411921079 -0.027626185437257329 0.11276964741341816 0.029326065938075963 0.031561232383415558 0.099958602089178505 0.04553099141305883 0.050395962025113733 -0.064428420207966061 0.03353119708521448 0.13384234264302394 0.0021940167486976434 -0.019679367208386339 0.038865617783970165 -0.04379413664312122 -0.0018894197438620343 -0.013662925947060473 0.075633575995253943 -0.001600722279116159 0.00096180415856042089 -0.00013971921327082215 0.069460837989317292 -0.040776516730859039 -0.036352016895108218 -0.0062296611286307303 -0.026065267788220638
leaf_weight=5.4851365834474555 75.846910506486893 52.1353430300951 298.45350244641304 325.02561376988888 3.4621793180704108 266.81461237370968 8.1190583109855634 7.6900190114974967 395.28603653609753 4.2146497964859 8.8230072706937772 11.284237608313562 4.7964249104261389 127.45969791710377 3.7355971634387961 181.93554086983204 168.47463876008987 185.69396384060383 92.070242941379547 67.527054682374001 17.284381344914436 18.97016736865044 10.682966396212576 107.9286105632782 203.14874802529812 15.945660248398779 6.1753003895282736 66.715469636023045 77.469455353915691 54.83986958116293
leaf_count=34 507 342 2310 1988 18 1845 45 51 2207 23 57 65 28 715 20 1042 1065 1005 714 442 108 112 68 637 1209 90 35 441 530 382
internal_value=0.000210126 0.0126374 -0.0255981 0.00124746 0.00508498 -0.0171301 0.0227828 0.0134757 0.027584 0.0221536 -0.0226479 0.00723537 0.0304105 0.0179986 0.043699 0.00440752 -0.0103558 0.0407386 -0.0270414 -0.0224281 0.00591029 0.0251723 0.0478088 -0.0116195 0.00156624 0.0426422 0.018149 -0.0244181 -0.000937373 -0.0192532
internal_weight=2873.49 1939.55 933.942 913.731 794.881 635.489 1025.82 515.015 783.781 586.233 512.704 242.039 400.082 452.485 197.549 186.15 279.865 189.43 426.412 334.342 122.784 46.9375 29.6531 276.403 208.634 33.4052 17.4595 118.851 86.2925 62.5299
internal_count=18135 11442 6693 5639 4856 4383 5803 3136 4370 3300 3588 1433 2235 2703 1070 1065 1720 1025 3001 2287 795 288 180 1702 1243 190 100 783 587 433
is_linear=0
shrinkage=0.05


Tree=11
num_leaves=31
num_cat=0
split_feature=8 6 8 9 17 16 0 8 8 9 17 8 11 15 17 7 8 3 11 6 12 3 17 12 11 3 14 9 12 15
split_gain=338.668 81.5442 42.193 40.9398 35.2345 30.3284 26.127 22.9579 21.8028 17.7561 16.8689 15.9761 23.1157 19.9455 15.7371 13.5705 14.4354 13.3496 18.2308 13.2343 14.9537 12.4604 15.307 10.6781 10.5267 10.3965 10.3635 10.004 8.91228 12.3169
threshold=37.45000000000001 4.5000000000000009 38.650000000000013 467.00000000000006 622.50000000000011 41.500000000000007 2003.5000000000002 35.350000000000001 33.250000000000007 421.00000000000006 1327.5000000000002 36.850000000000001 39.500000000000007 119.50000000000001 107.50000000000001 53.500000000000007 36.650000000000013 5.5000000000000009 16.500000000000004 5.5000000000000009 40.071031746031757 5.5000000000000009 1170.0000000000002 67.372569444444466 57.000000000000007 7.5000000000000009 19.500000000000004 529.00000000000011 64.890625000000014 241.50000000000003
decision_type=2 2 2 2 2 2 2 2 2 2 2 2 2 2 2 2 2 2 2 2 2 2 2 2 2 2 2 2 2 2
left_child=1 3 6 5 19 7 21 9 -6 -1 11 13 -13 -5 -8 -10 -17 24 -19 -3 26 28 27 -7 -16 -9 -21 -23 29 -2
right_child=2 4 -4 10 8 23 14 25 15 -11 -12 12 -14 -15 17 16 -18 18 -20 20 -22 22 -24 -25 -26 -27 -28 -29 -30 -31
leaf_value=-0.047814462598512797 -0.027274658006048932 -0.0024234423617050995 -0.042765537689380968 0.010136831949164362 0.095670434298065044 0.060381758520793832 -0.042395290615578139 -0.016381233466748572 -0.043033845856897103 0.021461252675566318 0.051920865517506014 0.01671060395965214 -0.052424486880214963 0.034544544138555129 -0.036373234674567247 0.014954378361182318 -0.0042331894999487977 -0.0022915180594970854 -0.041185507558513759 -0.0033781058186214347 -0.026707451478957995 0.0015954115682595398 0.077705020262054975 -0.00048351879836914456 0.01411870156658584 0.0075318816429515364 0.066800648362102089 0.087404415588927697 -0.060934934864238927 0.061787268688100999
leaf_weight=9.8692127764224988 14.926829069852834 272.07452189922333 289.48251357674599 106.88750906288624 7.229784667491912 33.552848979830742 95.352930061519146 134.94753517210484 12.591228902339934 147.33700251579285 64.170277446508408 126.51930300891399 13.368186458945273 385.85370519757271 112.85592918843031 347.68333508074284 136.51027300953865 143.15469153225422 38.159931495785713 36.887895315885544 154.18521116673946 62.847112417221069 8.4433580338954908 9.176895469427107 11.361780583858488 68.535998329520226 6.135573908686637 3.5907015502452841 10.488261133432387 5.2464721202850333
leaf_count=61 103 1674 2310 616 36 183 709 818 79 841 333 735 81 2082 830 2018 837 985 264 243 1138 407 50 51 81 407 37 20 72 34
internal_value=0.000186793 0.0108292 -0.0275388 0.0201552 0.000287004 0.00747928 -0.018835 0.00276066 0.00946667 0.0171122 0.027494 0.0250163 0.0101038 0.0292499 -0.0246622 0.00821214 0.00954477 -0.0191279 -0.0104772 -0.00957205 -0.0194345 0.00329858 0.014292 0.04731 -0.0317549 -0.00832697 0.00663008 0.00623305 -0.0235494 -0.00411232
internal_weight=2869.43 2073.52 795.911 1100.22 973.298 403.419 506.428 360.69 504.015 157.206 696.799 632.629 139.887 492.741 400.885 496.785 484.194 305.532 181.315 469.283 197.209 105.543 74.8812 42.7297 124.218 203.484 43.0235 66.4378 30.6616 20.1733
internal_count=18135 12270 5865 6208 6062 2361 3555 2127 2970 902 3847 3514 816 2698 2869 2934 2855 2160 1249 3092 1418 686 477 234 911 1225 280 427 209 137
is_linear=0
shrinkage=0.05


Tree=12
num_leaves=31
num_cat=0
split_feature=6 17 11 17 9 17 0 17 6 6 11 17 7 16 12 12 0 6 9 6 12 12 2 12 12 17 13 9 12 9
split_gain=93.1997 60.3827 25.1863 22.4678 20.161 19.835 16.1599 37.4211 15.8258 14.7518 19.2734 14.666 15.2258 14.6425 14.7881 13.2278 18.9014 12.4765 11.633 10.6687 10.1847 10.0788 9.81755 15.5305 9.08955 7.66712 8.87958 7.60507 6.97051 11.3419
threshold=5.5000000000000009 622.50000000000011 14.500000000000002 76.500000000000014 511.00000000000006 96.500000000000014 2004.5000000000002 107.50000000000001 6.5000000000000009 3.5000000000000004 27.000000000000004 1327.5000000000002 56.250000000000007 33.500000000000007 40.68012820512822 36.620416666666671 2013.5000000000002 3.5000000000000004 439.00000000000006 4.5000000000000009 54.52812500000001 75.56354166666668 5.5000000000000009 35.563750000000006 28.943636363636369 603.50000000000011 55.972222222222229 515.00000000000011 40.981349206349215 531.00000000000011
decision_type=2 2 2 2 2 2 2 2 2 2 2 2 2 2 2 2 2 2 2 2 2 2 2 2 2 2 2 2 2 2
left_child=1 4 -3 24 5 20 7 -7 28 10 -6 12 17 19 -15 16 -10 -4 -8 -13 -1 -14 23 -11 -2 -17 -27 -24 29 -5
right_child=3 2 11 8 9 6 18 -9 15 22 -12 13 21 14 -16 25 -18 -19 -20 -21 -22 -23 27 -25 -26 26 -28 -29 -30 -31
leaf_value=-0.0071031329882647156 0.034204544948949554 0.029012261147642805 0.011092459640132767 0.0025021761783093647 0.022654136454256527 0.15856117790938123 -0.032304813757443693 0.010724249356811953 -0.027439494471410447 0.08932644458369314 0.13381382462672639 0.017201155042224678 0.0095992234223516819 -0.0057821563072074688 0.042815618345862241 -0.047754170970621797 0.083846617106773005 -0.0061238436747250739 -0.0022580021934875227 -0.033113872845599829 -0.022827318107611686 0.02891649266107308 0.056429421570660665 -0.014167458953904009 -0.040841084198556324 -0.0018852889285268873 -0.040350357230095314 0.012408485235558693 -0.011230279036032501 0.10090275308646751
leaf_weight=210.85216170549393 4.186430722475051 187.45296266674995 166.61008986830711 69.203357890248299 13.159639708697798 4.4559195041656485 34.938223846256733 108.7037640735507 10.16542585194111 3.8932199999690047 5.5414923429489127 31.520467326045036 348.58974611014128 19.170111320912838 85.34020958840847 52.954131320118904 6.1081421971321097 285.66224197298288 413.04925691336393 15.824878968298433 201.28947933018208 83.746476046741009 12.784887343645094 52.594865217804909 111.46692711114883 29.190324261784554 30.871700741350651 42.182667881250381 220.24462547898293 3.0577870532870284
leaf_count=1399 28 1045 956 449 79 25 224 703 67 23 33 182 2017 108 453 412 38 1719 2612 93 1375 485 76 342 886 212 229 264 1581 20
internal_value=0.000165641 0.00449941 0.0121465 -0.0186013 -0.00398252 -0.00645404 -0.000336876 0.0165457 -0.0132481 0.014499 0.0555928 0.00909614 0.00663187 0.0234513 0.0339014 -0.0278157 0.0143308 0.000218375 -0.00460133 0.000383679 -0.0147828 0.0133411 0.00760391 -0.00703455 -0.0381246 -0.0338845 -0.0216562 0.0226473 -0.00680913 0.00666607
internal_weight=2864.81 2327.36 1223.92 537.449 1103.45 973.289 561.147 113.16 421.795 130.157 18.7011 1036.46 884.609 151.856 104.51 129.29 16.2736 452.272 447.987 47.3453 412.142 432.336 111.456 56.4881 115.653 113.016 60.062 54.9676 292.506 72.2611
internal_count=18135 14213 7058 3922 7155 6338 3564 728 3008 817 112 6013 5177 836 561 958 105 2675 2836 275 2774 2502 705 365 914 853 441 340 2050 469
is_linear=0
shrinkage=0.05


Tree=13
num_leaves=31
num_cat=0
split_feature=8 6 8 1 9 6 7 9 8 3 18 9 15 8 15 16 15 15 15 12 16 6 15 18 8 16 12 15 15 12
split_gain=307.218 67.8784 40.8055 35.1473 34.7001 29.9325 26.3906 23.4742 26.0426 22.7925 21.0143 17.3467 16.3985 15.9781 15.9457 14.0471 13.2775 12.3562 13.4837 10.9263 10.77 9.87602 9.49287 9.0888 13.0768 10.2049 8.64843 8.3345 10.0087 13.0273
threshold=37.45000000000001 4.5000000000000009 38.850000000000001 5.5000000000000009 421.00000000000006 6.5000000000000009 54.500000000000007 507.00000000000006 34.650000000000013 5.5000000000000009 17.500000000000004 545.00000000000011 119.50000000000001 34.150000000000013 319.50000000000006 20.500000000000004 218.50000000000003 242.50000000000003 247.50000000000003 27.436363636363641 33.500000000000007 4.5000000000000009 142.50000000000003 17.500000000000004 36.650000000000013 12.500000000000002 45.756696428571438 414.00000000000006 695.00000000000011 60.784375000000004
decision_type=2 2 2 2 2 2 2 2 2 2 2 2 2 2 2 2 2 2 2 2 2 2 2 2 2 2 2 2 2 2
left_child=1 4 9 5 -1 6 -3 8 12 27 -10 15 -6 19 -8 -11 -13 20 -19 -5 -15 -17 -21 24 -9 -25 -7 -2 29 -29
right_child=2 3 -4 13 7 26 14 23 10 11 -12 16 -14 17 -16 21 -18 18 -20 22 -22 -23 -24 25 -26 -27 -28 28 -30 -31
leaf_value=-0.042304965826632325 -0.036958414568626904 -0.019560555218878031 -0.043919323012546072 0.09937382127001336 0.00060509938730190344 0.00065128441379808566 0.011383024578860756 0.042956205985566404 0.0091323712727745532 -0.019506131084276224 0.033064901355973106 -0.00093203706321615598 0.039803720472284698 -0.026060318330286367 0.032851270360883499 0.016284567296424503 0.14280580557048686 0.0720107762070267 -0.0052463830715421666 -0.031776307406424488 0.0010179628512430173 -0.015424904100027913 0.027159128110363591 0.025660897407915051 0.0090716290760428104 0.095622411416992931 -0.034225516185289497 0.057737554091388359 -0.053673069780913824 -0.049887658414798565
leaf_weight=22.91619399189949 165.2307328209281 54.349015049636364 237.40481158345938 3.9070544093847266 32.02568145096302 29.010453544557095 307.09939765185118 95.881494864821434 633.92619763314724 250.72163619101048 107.23931843042374 3.2694757357239714 159.8742014169693 187.99630047380924 120.40839000046253 57.082579530775547 3.1589369773864746 5.8953287228941909 134.46313983947039 9.3791854530572873 45.634630762040615 43.092247858643532 25.164444603025913 8.6729004532098788 40.500482454895973 13.063124299049376 45.894266478717327 8.7416180074214953 6.3257391899824134 4.1448625177144995
leaf_count=149 1261 360 1965 21 184 197 1891 496 3619 1799 589 22 834 1254 665 366 20 36 809 58 278 306 142 47 224 66 351 57 42 27
internal_value=0.000150259 0.0101678 -0.0266341 0.000491426 0.0185858 0.00868654 0.0132574 0.0198645 0.0168456 -0.0190597 0.0125952 -0.0116915 0.033262 -0.0105713 0.0174296 -0.0131826 0.0697011 -0.0137269 -0.00200143 0.020121 -0.0207712 0.00264409 0.0111572 0.0376794 0.0328937 0.067707 -0.0207178 -0.0333341 -0.00216423 0.0231205
internal_weight=2862.47 2083.3 779.173 969.202 1114.1 556.762 481.857 1091.18 933.065 541.768 741.166 357.325 191.9 412.44 427.508 350.896 6.42841 373.989 140.358 38.4507 233.631 100.175 34.5436 158.118 136.382 21.736 74.9047 184.443 19.2122 12.8865
internal_count=18135 12270 5865 6062 6208 3464 2916 6059 5226 3900 4208 2513 1018 2598 2556 2471 42 2377 845 221 1532 672 200 833 720 113 548 1387 126 84
is_linear=0
shrinkage=0.05


Tree=14
num_leaves=31
num_cat=0
split_feature=6 17 15 17 5 17 15 9 12 18 6 1 13 12 12 14 15 17 16 15 14 9 16 9 12 15 12 17 15 9
split_gain=80.0906 51.0946 24.3289 24.5325 22.1145 20.9673 14.3448 14.2321 14.1228 13.9618 13.955 16.0283 12.1769 12.1726 11.0764 10.9102 10.5973 17.0961 13.9883 10.4779 14.3953 13.2062 10.1441 9.74242 9.40099 10.6391 8.56624 8.06152 8.01076 8.73338
threshold=5.5000000000000009 96.500000000000014 135.50000000000003 1253.5000000000002 1.0000000180025095e-35 76.500000000000014 140.50000000000003 511.00000000000006 40.071031746031757 17.500000000000004 6.5000000000000009 5.5000000000000009 55.513888888888893 36.620416666666671 21.670833333333338 18.500000000000004 79.000000000000014 483.50000000000006 45.500000000000007 402.50000000000006 12.500000000000002 521.00000000000011 33.500000000000007 501.00000000000006 54.52812500000001 553.50000000000011 28.943636363636369 47.500000000000007 450.50000000000006 515.00000000000011
decision_type=2 2 2 2 2 2 2 2 2 2 2 2 2 2 2 2 2 2 2 2 2 2 2 2 2 2 2 2 2 2
left_child=1 7 9 4 15 26 -5 24 -9 14 11 19 -6 23 -3 -4 17 -11 -18 21 -21 -7 -8 -12 25 27 -2 -1 29 -10
right_child=5 2 3 6 12 10 22 8 28 16 13 -13 -14 -15 -16 -17 18 -19 -20 20 -22 -23 -24 -25 -26 -27 -28 -29 -30 -31
leaf_value=-0.0026646552492137266 0.032979496671536351 0.057521324200882622 0.0093703252890682993 0.11520114715984842 0.0076268225818934042 -0.0074092073951169991 0.0043385734837948437 0.081847779759959785 0.043128685733303702 -0.0046495923027284492 0.03724964883319612 -0.022701436120851192 -0.0097752594138542283 -0.032350115345027519 -0.0063113962209360372 0.021973019430478063 -0.0049785255099298598 0.075522187845914732 0.083256372561823097 0.093482673645041731 0.01094428551841802 0.044773786080544602 0.032343740625932864 -0.050215213577881071 -0.021787411595364507 0.045088532363900473 -0.039559418908516136 -0.0248942587415108 0.081968022734664109 -0.016228326300135539
leaf_weight=142.36075756698847 4.2312238812446585 6.9087219685316077 540.29495824873447 4.6048901528120032 202.27398859709501 146.58142396062613 42.117942690849304 6.8291219025850287 8.0029303655028325 11.243769817054273 11.967496596276762 98.508105397224426 199.8413719907403 108.59948055446148 416.44102892279625 251.74611320346594 44.113548241555691 16.274054765701294 5.001074641942977 6.6958947479724911 25.027874328196049 13.217721320688723 139.21814145892859 4.3377385810017577 197.27395092695951 9.5133551433682424 106.7745667770505 57.159856610000134 3.0221980810165396 27.460971668362617
leaf_count=960 28 39 3160 23 1233 1050 241 41 51 74 76 716 1229 853 2607 1401 273 94 28 42 150 92 741 29 1375 55 886 384 17 187
internal_value=0.000131811 0.00410728 0.0077349 0.0111584 0.00852783 -0.017493 0.0280522 -0.0109943 0.0155838 -0.00171486 -0.0123294 -0.00631194 -0.00102158 -0.026302 -0.0052697 0.013376 0.0179235 0.042764 0.00400595 0.00211785 0.0283656 -0.00309291 0.0258391 0.0139811 -0.0139585 -0.00656999 -0.0367944 -0.00903312 0.00382564 -0.00283358
internal_weight=2857.64 2331.7 1880.08 1380.1 1194.16 525.942 185.941 451.623 45.3152 499.982 414.936 290.031 402.115 124.905 423.35 792.041 76.6324 27.5178 49.1146 191.523 31.7238 159.799 181.336 16.3052 406.308 209.034 111.006 199.521 38.4861 35.4639
internal_count=18135 14213 11143 8028 7023 3922 1005 3070 296 3115 3008 2050 2462 958 2646 4561 469 168 301 1334 192 1142 982 105 2774 1399 914 1344 255 238
is_linear=0
shrinkage=0.05


Tree=15
num_leaves=31
num_cat=0
split_feature=8 17 8 8 1 8 3 9 9 0 8 3 13 17 3 16 0 17 9 8 2 9 1 17 0 14 9 13 8 0
split_gain=265.527 52.5898 29.3699 23.7338 22.4533 20.1997 18.265 18.294 16.9215 21.1895 20.419 17.2766 16.8402 14.0261 13.6303 17.8221 13.2366 13.177 12.8549 11.6179 11.2283 12.221 10.757 12.826 10.5974 10.5272 10.5086 9.88446 9.71109 8.92521
threshold=37.650000000000013 622.50000000000011 36.850000000000001 39.050000000000004 10.500000000000002 34.45000000000001 5.5000000000000009 517.00000000000011 453.00000000000006 2005.5000000000002 34.550000000000004 5.5000000000000009 56.806250000000006 1170.0000000000002 5.5000000000000009 2.5000000000000004 2018.5000000000002 648.00000000000011 429.00000000000006 33.250000000000007 5.5000000000000009 497.00000000000006 10.500000000000002 1253.5000000000002 2003.5000000000002 24.500000000000004 487.00000000000006 56.825757575757585 36.95000000000001 2002.5000000000002
decision_type=2 2 2 2 2 2 2 2 2 2 2 2 2 2 2 2 2 2 2 2 2 2 2 2 2 2 2 2 2 2
left_child=1 8 4 6 18 17 12 13 -1 10 11 -10 -2 -8 15 -4 -11 -6 -3 -20 21 -14 23 -16 -5 -9 -12 -17 -18 -24
right_child=3 2 14 24 5 -7 7 25 9 16 26 -13 20 -15 22 27 28 -19 19 -21 -22 -23 29 -25 -26 -27 -28 -29 -30 -31
leaf_value=-0.014722020683705032 -0.043463046241040887 -0.0240598357381927 0.073853514652503477 -0.027044042723973788 -0.03893209050920076 -0.0011938537609743009 -0.023779553175851748 0.0067578108245318919 0.15019662143380128 -0.0071606668759075344 0.0023734823773501009 0.027125024400052419 -0.011557977838090639 0.016705217788614998 0.0097529249760694523 -0.010423935840412948 0.0139862642367393 0.034001965586674635 0.086640348360552025 0.02435312920918669 -0.023636789739165658 0.12397631374445282 0.057764921104876403 0.053525576925979867 -0.051891659868725126 0.084298024377000638 0.027252892218763439 -0.051974239896813025 -0.011276167504738669 -0.025605491453168858
leaf_weight=180.96064608544111 127.96599921584129 13.582648158073424 5.7483637332916251 64.226741589605808 6.7413823902606955 204.60574755072594 243.70938892662525 30.910575956106186 5.0964562892913801 432.38612271845341 101.78958164900541 6.4737467169761658 3.1417393311858186 23.452894762158394 97.414848990738392 101.0433935970068 162.75770942866802 76.118840515613556 7.5780112445354453 618.72217183560133 9.944681741297245 3.5342007353901863 3.6366529613733318 20.206256337463856 129.29845068603754 5.0993524193763724 72.79697535187006 16.675683863461018 49.645114347338676 27.376991428434849
leaf_count=1169 1002 80 33 535 35 1130 1812 217 29 2769 655 37 25 154 574 635 995 382 37 3355 79 26 20 108 1126 33 443 102 337 165
internal_value=-0.000686745 0.00752804 0.0146103 -0.029014 0.0188484 0.00724073 -0.0226903 -0.0157164 -0.000866798 0.00215055 0.0170104 0.0813357 -0.0373133 -0.0202256 0.000166342 -0.012112 -0.00213963 0.0280682 0.0240631 0.0251068 0.0100348 0.060193 0.0103657 0.0172727 -0.0436453 0.0177383 0.0127474 -0.0163098 0.00808165 -0.0158295
internal_weight=2852.64 2211.36 1199.45 641.284 927.349 287.466 447.759 303.172 1011.91 830.946 186.157 11.5702 144.587 267.162 272.102 123.467 644.789 82.8602 639.883 626.3 16.6206 6.67594 148.635 117.621 193.525 36.0099 174.587 117.719 212.403 31.0136
internal_count=18099 13090 6656 5009 5019 1547 3348 2216 6434 5265 1164 66 1132 1966 1637 770 4101 417 3472 3392 130 51 867 682 1661 250 1098 737 1332 185
is_linear=0
shrinkage=0.05


Tree=16
num_leaves=31
num_cat=0
split_feature=8 6 1 6 17 8 18 7 15 11 8 3 13 8 13 15 17 11 13 17 11 11 16 11 11 12 8 18 12 11
split_gain=243.8 62.6015 32.9845 28.3087 24.5702 23.0604 19.9917 18.8536 21.3329 20.3334 18.0067 17.4248 15.9499 15.6994 22.5585 11.9944 15.4612 11.9167 11.8781 10.8791 10.3 10.2394 9.81817 7.84799 14.0059 10.8872 7.8149 8.49997 7.65793 9.70242
threshold=37.650000000000013 4.5000000000000009 5.5000000000000009 6.5000000000000009 96.500000000000014 39.050000000000004 17.500000000000004 55.250000000000007 319.50000000000006 57.000000000000007 36.550000000000004 5.5000000000000009 56.806250000000006 36.850000000000001 56.184659090909101 179.50000000000003 827.50000000000011 44.500000000000007 56.741666666666667 1170.0000000000002 11.500000000000002 19.000000000000004 12.500000000000002 16.500000000000004 21.000000000000004 77.85312500000002 38.250000000000007 8.5000000000000018 45.756696428571438 53.000000000000007
decision_type=2 2 2 2 2 2 2 2 2 2 2 2 2 2 2 2 2 2 2 2 2 2 2 2 2 2 2 2 2 2
left_child=1 4 3 7 23 11 13 9 -9 -3 15 12 -2 14 -6 16 -4 -15 -8 20 -13 -17 -20 -1 -25 -26 -21 -28 29 -5
right_child=5 2 10 28 6 -7 18 8 -10 -11 -12 19 -14 17 -16 21 -18 -19 22 26 -22 -23 -24 24 25 -27 27 -29 -30 -31
leaf_value=0.0072672965097684743 -0.04259717275279222 -0.0076798986123696985 -0.03112539129668911 -0.015087985602636243 0.013202807519963809 -0.042853084271811878 0.032068857624411744 0.0086070081501612456 0.036145825626224419 0.052250809110426559 -0.027799039069392413 0.039703177258622074 0.0094100760558152915 0.0065857535645094667 0.033587025117774984 -0.0034518215289775626 0.0084807749637863181 -0.034730979403968375 0.027011032455597717 -0.0092223814745582885 -0.019728903154212756 0.026790802607958443 0.13135133789279882 -0.03972896850596358 0.010705273470215895 -0.06194932975448119 0.093715809057675348 0.009150024963562731 -0.034403448162543385 0.062389601021530308
leaf_weight=120.9772547930479 124.13672453165054 173.51567483693361 76.627520672976971 23.716178782284263 498.90358744561672 187.41518564522266 123.43949617445469 230.93063881248236 101.11520457267761 15.410069502890108 133.58836585283279 7.4960256218910208 16.729192994534969 152.04136940836906 186.44837887585163 144.04687351733446 36.320310018956661 19.714886069297791 3.7198972254991514 14.80784095823765 265.43922582268715 34.737580612301826 5.7235686033964157 30.399083137512207 47.449998706579208 5.7848150730133048 5.1417190954089147 7.0398236662149429 49.393531627953053 4.8706782311201087
leaf_count=742 1002 1101 528 162 2678 1661 649 1413 539 93 898 54 130 890 966 870 215 126 20 92 1988 214 29 191 297 38 35 47 397 34
internal_value=-0.000663482 0.00712175 -0.00194809 0.00561291 0.0148984 -0.0281616 0.0181583 0.00981842 0.0169932 -0.00279154 -0.0125958 -0.0219151 -0.0364208 0.0153607 0.0187483 -0.00563398 -0.0183893 0.00184325 0.0362036 -0.0151021 -0.0180966 0.00242428 0.0902504 -0.00087457 -0.0126519 0.00281019 0.0151805 0.0448445 -0.0224833 -0.00188722
internal_weight=2847.08 2218.87 1024.27 598.952 1194.6 628.206 989.991 520.972 332.046 188.926 425.321 440.791 140.866 857.108 685.352 291.732 112.948 171.756 132.883 299.925 272.935 178.784 9.44347 204.611 83.6339 53.2348 26.9894 12.1815 77.9804 28.5869
internal_count=18099 13090 6464 3739 6626 5009 5358 3146 1952 1194 2725 3348 1132 4660 3644 1827 743 1016 698 2216 2042 1084 49 1268 526 335 174 82 593 196
is_linear=0
shrinkage=0.05


Tree=17
num_leaves=31
num_cat=0
split_feature=8 15 8 16 14 1 18 8 9 5 8 11 8 13 8 13 11 0 9 9 8 15 9 0 1 15 0 12 13 15
split_gain=223.759 33.0444 22.3877 20.6612 20.4474 22.3472 17.6844 22.0885 18.2538 16.2432 15.5438 13.7771 13.4833 15.9644 14.2717 12.964 12.2492 12.2487 11.7599 11.7333 11.384 12.562 11.2731 10.8759 10.4965 9.91133 9.75125 9.08112 9.01375 8.44582
threshold=37.650000000000013 236.00000000000003 39.050000000000004 1.5000000000000002 30.500000000000004 10.500000000000002 15.500000000000002 36.850000000000001 507.00000000000006 1.0000000180025095e-35 35.150000000000013 12.500000000000002 36.95000000000001 54.958333333333336 35.750000000000007 56.968750000000007 53.000000000000007 2003.5000000000002 531.00000000000011 481.00000000000006 35.050000000000004 249.50000000000003 437.00000000000006 2003.5000000000002 4.5000000000000009 793.50000000000011 2005.5000000000002 36.203125000000007 54.605555555555569 119.50000000000001
decision_type=2 2 2 2 2 2 2 2 2 2 2 2 2 2 2 2 2 2 2 2 2 2 2 2 2 2 2 2 2 2
left_child=1 3 9 19 5 12 7 8 -5 11 25 -2 14 -14 -3 22 18 29 -12 27 -7 -22 -8 -4 -19 26 -6 28 -1 -13
right_child=2 4 23 6 10 20 15 -9 -10 -11 16 17 13 -15 -16 -17 -18 24 -20 -21 21 -23 -24 -25 -26 -27 -28 -29 -30 -31
leaf_value=0.063165661554845376 0.030668256000660518 0.018859995237365462 -0.024868821989432237 0.0036697931133423583 0.05024695941321481 0.018098498468548819 -0.064346999589456208 -0.015255661851016556 0.031220208715690867 -0.035559228263794436 -0.0044736871588940373 -0.016304631217103585 0.049267678787148161 0.0002399930658809989 0.038779061257240149 0.10420992309338505 -0.051064224878512525 -0.0076848448363434872 0.049438377342667199 0.0024104649583189374 0.040461040914332461 -0.013006174700736116 0.021916182007874957 -0.050773793118572476 -0.030740920283037237 0.06115577292482597 0.0071065724164521976 -0.017254173910944328 -0.0018582065693908694 0.019929273410496991
leaf_weight=6.3828706592321387 15.873883523046969 174.15891334414482 61.043358512222767 411.91959723085165 15.175142452120779 81.543653078377247 3.897626280784606 134.01378468424082 70.397270366549492 134.87934026867151 189.06489492952824 31.866810262203217 20.324338734149933 90.704523555934429 185.92354613542557 4.6668670177459708 13.346518188714979 75.135720036923885 10.686888746917246 195.71151057630777 12.443732254207132 93.753973446786404 133.82474655658007 120.49507980793715 143.92201911658049 11.829139366745947 95.735160484910011 237.39534440636635 32.300048820674419 32.468487575650215
leaf_count=41 113 938 535 2352 80 428 23 868 390 1079 1088 235 124 551 1012 26 75 574 58 1268 75 539 747 1126 1125 60 515 1624 208 222
internal_value=-0.000641512 0.00673971 -0.0273186 0.00126153 0.0135166 0.0186348 0.00637056 0.00270149 0.00769095 -0.0211532 0.00347569 -0.0146604 0.0244479 0.00921473 0.0291449 0.0222521 -0.004688 -0.0171995 -0.00158935 -0.00695468 0.00404771 -0.00674115 0.0194749 -0.0420631 -0.0228328 0.0176494 0.0130092 -0.0135936 0.00887105 0.00198175
internal_weight=2840.88 2225.2 615.685 1230.51 994.69 658.853 758.72 616.331 482.317 434.146 335.838 299.267 471.111 111.029 360.082 142.389 213.098 283.393 199.752 471.79 187.741 106.198 137.722 181.538 219.058 122.739 110.91 276.078 38.6829 64.3353
internal_count=18099 13090 5009 7547 5543 3667 4406 3610 2742 3348 1876 2269 2625 675 1950 796 1221 2156 1146 3141 1042 614 770 1661 1699 655 595 1873 249 457
is_linear=0
shrinkage=0.05


Tree=18
num_leaves=31
num_cat=0
split_feature=6 17 17 9 11 6 1 9 1 15 17 11 5 17 15 11 14 13 13 17 12 12 18 13 12 9 9 9 16 11
split_gain=68.3024 37.3844 32.2071 23.7702 18.4776 13.7211 13.9998 12.6483 12.4896 12.7451 17.5675 17.0741 12.3113 13.8281 12.0825 11.5145 11.4735 10.4501 11.1679 17.2556 9.5984 12.1421 9.14837 8.92283 8.84683 8.54171 8.18294 8.13104 11.8751 9.38017
threshold=4.5000000000000009 648.00000000000011 96.500000000000014 485.00000000000006 14.500000000000002 6.5000000000000009 4.5000000000000009 533.00000000000011 5.5000000000000009 230.50000000000003 705.00000000000011 62.000000000000007 1.0000000180025095e-35 1369.0000000000002 369.50000000000006 25.000000000000004 15.500000000000002 55.939338235294123 55.727777777777781 827.50000000000011 64.158333333333346 60.784375000000004 17.500000000000004 55.689903846153854 71.656250000000014 439.00000000000006 485.00000000000006 483.00000000000006 40.500000000000007 12.500000000000002
decision_type=2 2 2 2 2 2 2 2 2 2 2 2 2 2 2 2 2 2 2 2 2 2 2 2 2 2 2 2 2 2
left_child=2 5 3 -1 27 6 7 26 9 -3 -11 -12 13 22 24 -15 -16 18 -10 -20 21 23 -6 -5 -8 -14 -2 28 -4 -29
right_child=1 8 4 20 12 -7 14 -9 17 10 11 -13 25 15 16 -17 -18 -19 19 -21 -22 -23 -24 -25 -26 -27 -28 29 -30 -31
leaf_value=-0.018731620174686804 -0.014457595344613919 -0.0041535563829030306 0.0085935493111622876 0.033582652385751408 0.0064456294306469821 -0.034082980569864967 -0.019121271273374423 0.064167224965453115 -0.0088435188093126445 0.081237626996579049 0.0072046163770164056 0.07225276476330042 -0.019299647750421471 0.016695597171153206 0.036980552005544086 0.06713777020632071 -0.011529078554091472 -0.021681253890370754 -0.053129547610757867 0.043802250230425194 -0.013998003193143614 0.095725173530839952 0.021879478935371652 -0.0028921034117628999 -0.039221750837206498 0.0028905691222729565 0.0064738318885964241 0.055317100635463912 0.04903445934295686 0.021264804855535863
leaf_weight=190.71888805180788 109.02858806401491 188.35678754746914 103.53221589326859 33.527226611971855 523.6452316865325 99.331100523471832 267.01656261831522 6.746806986629962 85.673349261283875 9.2230603620409948 189.80607703328133 10.654338285326956 51.137815408408642 27.494961522519588 15.96119663864374 19.223675131797791 51.580710895359516 98.288043007254601 5.6090518310666111 25.30404931306839 26.956472210586071 5.0516649782657614 117.57183541357517 33.541195333003998 68.857907898724079 285.39680149406195 81.668726295232773 35.444681540131569 22.011777192354202 47.093681611120701
leaf_count=1350 793 1232 583 216 3005 845 1945 47 537 55 1125 59 323 147 104 98 320 616 38 153 186 34 683 211 509 1748 579 186 115 257
internal_value=-0.000619268 -0.00897498 0.00658798 -0.00841045 0.0101144 -0.0168682 -0.0140224 -0.00311307 4.22577e-05 0.00528639 0.0137662 0.0106619 0.00735534 0.011189 -0.0193618 0.0374514 -6.55031e-05 -0.00967213 0.000452145 0.0262144 0.0114574 0.020972 0.00927554 0.0153415 -0.0232421 -0.000481325 -0.00549343 0.0236982 0.0156841 0.035888
internal_weight=2835.45 1313.11 1522.35 289.795 1232.55 700.192 600.86 197.444 612.915 398.04 209.683 200.46 1024.47 687.936 403.416 46.7186 67.5419 214.874 116.586 30.9131 99.0766 72.1201 641.217 67.0684 335.874 336.535 190.697 208.082 125.544 82.5384
internal_count=18099 8957 9142 1997 7145 5142 4297 1419 3815 2471 1239 1184 6004 3933 2878 245 424 1344 728 191 647 461 3688 427 2454 2071 1372 1141 698 443
is_linear=0
shrinkage=0.05


Tree=19
num_leaves=31
num_cat=0
split_feature=8 6 9 1 6 15 0 8 17 11 8 0 12 17 8 17 17 15 16 9 1 8 14 15 9 9 16 15 0 18
split_gain=204.815 51.7641 27.5461 25.9009 24.531 22.0171 19.5915 19.3509 16.2302 16.051 15.9003 14.3425 13.772 13.3147 13.2324 12.9647 14.893 12.8977 12.8863 11.8349 11.7346 11.728 11.0692 28.8164 10.8518 8.43779 8.42205 8.22719 12.3877 8.22648
threshold=37.750000000000007 4.5000000000000009 467.00000000000006 5.5000000000000009 6.5000000000000009 352.00000000000006 2003.5000000000002 39.350000000000001 96.500000000000014 53.000000000000007 36.550000000000004 2008.5000000000002 26.003333333333337 1327.5000000000002 34.850000000000001 148.50000000000003 160.50000000000003 95.500000000000014 25.500000000000004 439.00000000000006 4.5000000000000009 40.350000000000001 15.500000000000002 162.50000000000003 487.00000000000006 419.00000000000006 44.500000000000007 538.50000000000011 2019.5000000000002 16.500000000000004
decision_type=2 2 2 2 2 2 2 2 2 2 2 2 2 2 2 2 2 2 2 2 2 2 2 2 2 2 2 2 2 2
left_child=1 2 5 4 15 8 21 20 -1 13 11 17 -13 18 19 -3 -17 -5 -4 -7 24 26 23 -11 -8 -10 -2 -22 -29 -15
right_child=6 3 9 10 -6 14 7 -9 25 22 -12 12 -14 29 -16 16 -18 -19 -20 -21 27 -23 -24 -25 -26 -27 -28 28 -30 -31
leaf_value=-0.023383914652282622 -0.0099570683659662082 -0.008028898147211071 0.022174794503125438 -0.028802303545843729 -0.021923634954159856 0.003954327331178762 -0.029590795878494305 -0.05477650345226448 -0.041594734346339216 -0.048390490795257535 -0.025635590477591275 0.064382709338592553 -0.014221759082877409 0.033765001912285098 0.0084917287480987726 0.091490334996393086 0.0108387297929009 0.022015230283558125 0.0071973299107415609 0.065193250645280906 -0.03773951033231282 -0.047567827096367171 -0.067121855101692135 0.066471926301863243 0.0013113293368396031 0.0046015286241829715 0.046952189846933376 -0.022541482474898039 0.093561868118483438 0.082510132183635732
leaf_weight=75.336857505142689 124.19754636287689 100.22641105204821 499.29290077835321 15.323009014129637 77.355370260775089 11.154123187065123 60.434588633477688 84.927138946950436 10.273853152990339 12.679369986057287 137.42382232099771 5.7318484187126151 200.34388000518084 56.903195917606354 52.039646789431572 5.8008876815438262 431.49581681936979 67.440205298364162 201.59831441938877 26.955844953656197 191.3852341324091 20.592604607343674 8.1195043176412565 9.5905812829732877 53.611845880746841 260.82317597419024 6.8602833077311507 10.620693445205687 2.9315816238522521 10.208250194787977
leaf_count=509 974 693 2731 104 604 59 499 836 70 77 957 32 1279 277 286 36 2513 412 1051 134 1603 187 44 49 421 1470 46 77 22 47
internal_value=-0.000595063 0.00604845 0.0129717 -0.00216378 0.00440245 0.00287352 -0.0278133 -0.0335666 -0.00285429 0.0184937 -0.0116355 -0.00497453 -0.0120354 0.019904 0.0248848 0.00819106 0.0119086 0.0126067 0.0178668 0.0472697 -0.0279196 -0.0124898 -0.0171458 0.00107515 -0.0150641 0.00285081 -0.00697813 -0.0350737 0.0025736 0.0411796
internal_weight=2831.68 2276.12 1234.98 1041.14 614.878 436.584 555.562 403.911 346.434 798.392 426.263 288.839 206.076 768.003 90.1496 537.523 437.297 82.7632 700.891 38.11 318.984 151.65 30.3895 22.27 114.046 271.097 131.058 204.938 13.5523 67.1114
internal_count=18099 13434 6804 6630 3846 2528 4665 3458 2049 4276 2784 1827 1311 4106 479 3242 2549 516 3782 193 2622 1207 170 126 920 1540 1020 1702 99 324
is_linear=0
shrinkage=0.05


Tree=20
num_leaves=31
num_cat=0
split_feature=8 6 8 9 0 0 11 16 9 8 8 9 13 12 8 15 6 6 8 15 11 9 11 13 8 2 12 13 16 14
split_gain=208.412 46.0632 24.3579 22.2352 20.2819 16.7197 15.6484 16.7763 15.1971 15.0498 14.8567 19.1674 14.938 13.6453 12.884 13.6876 12.786 9.95871 9.23005 8.57488 8.47877 8.37766 7.81161 7.23756 7.1262 9.1365 6.96003 6.59729 6.43922 5.85507
threshold=37.850000000000001 4.5000000000000009 36.95000000000001 419.00000000000006 2006.5000000000002 2003.5000000000002 53.000000000000007 39.500000000000007 477.00000000000006 33.850000000000001 35.050000000000004 467.00000000000006 53.449519230769234 74.453125000000014 38.850000000000001 345.00000000000006 6.5000000000000009 6.5000000000000009 40.45000000000001 522.50000000000011 57.000000000000007 499.00000000000006 16.500000000000004 55.513888888888893 38.150000000000013 5.5000000000000009 59.821875000000006 53.984375000000007 46.500000000000007 9.5000000000000018
decision_type=2 2 2 2 2 2 2 2 2 2 2 2 2 2 2 2 2 2 2 2 2 2 2 2 2 2 2 2 2 2
left_child=1 3 4 -1 9 18 10 23 19 -3 12 -12 -5 -11 15 21 20 -10 27 -6 22 -7 -4 -8 25 -17 -9 -2 -23 -22
right_child=5 2 16 6 8 14 7 26 17 13 11 -13 -14 -15 -16 24 -18 -19 -20 -21 29 28 -24 -25 -26 -27 -28 -29 -30 -31
leaf_value=-0.041917008692058319 -0.053484660964493447 0.12268333251048508 -0.0063453513783763293 0.11929554002031778 -0.013939272890798039 -0.040999148529012777 -0.0034258878506701509 0.098580789308514924 0.0081720454724483731 0.0090665348737963957 -8.5538608790163335e-05 0.015975731969755054 0.022431600101585871 0.046938472110350724 -0.04786859250112234 0.06530206404667302 -0.045925262005438082 -0.01559837426114977 -0.050732701751931342 0.016689951552889576 0.062369792464653163 -0.021160770805262383 -0.026198159724173116 -0.046861863558536582 -0.019867676608633068 -0.0080638475599403986 0.0057047197342612625 -0.0075438242783041568 0.061759940418783778 -0.015582039269686203
leaf_weight=18.561503827571869 8.3749281615018827 3.4000108391046515 143.39760550111532 4.0320881605148307 229.2676360309124 129.74226870387793 16.640659689903259 3.9099073559045774 324.08886913955212 124.02237299084663 269.71804340928793 596.7193939909339 309.51804880797863 29.427467152476311 132.83338650316 7.1298231258988389 29.820197656750679 50.995832711458206 16.194178514182568 25.380078054964542 6.4445287361741048 49.494056135416031 75.709761321544647 22.635684594511986 25.056570835411549 10.482759088277817 4.166975274682045 116.80521147698164 2.4574959576129904 3.8467987030744553
leaf_count=130 65 18 993 22 1462 1117 103 21 1903 775 1608 3249 1586 186 1316 51 264 389 153 137 44 408 535 126 187 75 24 929 18 21
internal_value=-0.000469739 0.00590397 -0.00183325 0.0123985 0.00254728 -0.0297668 0.01322 -0.014963 -0.00145969 0.0186348 0.014351 0.0109759 0.0236772 0.0163293 -0.0355272 -0.0282205 -0.0151257 0.00494026 -0.0152125 -0.0108865 -0.011122 -0.0342052 -0.0132052 -0.0284588 -0.00273629 0.0216357 0.0506647 -0.0106174 -0.0172383 0.0332322
internal_weight=2790.27 2291.7 1045.8 1245.9 786.582 498.571 1227.34 47.3532 629.732 156.85 1179.99 866.437 313.55 153.45 357.196 224.363 259.219 375.085 141.374 254.648 229.399 181.694 219.107 39.2763 42.6692 17.6126 8.07688 125.18 51.9516 10.2913
internal_count=17915 13596 6727 6869 4870 4319 6739 274 3891 979 6465 4857 1608 961 3172 1856 1857 2292 1147 1599 1593 1543 1528 229 313 126 45 994 426 65
is_linear=0
shrinkage=0.05


Tree=21
num_leaves=31
num_cat=0
split_feature=8 17 6 7 8 12 11 12 11 8 8 18 15 15 3 15 9 17 3 9 18 9 8 8 15 15 14 9 8 5
split_gain=191.818 44.099 33.9519 19.7531 18.9082 18.31 16.4281 15.301 14.8952 14.0403 12.6751 12.508 9.64366 17.6955 9.57193 14.9943 14.2792 11.3886 13.0936 16.4382 9.31497 13.4585 8.90014 8.73453 7.9085 5.76415 7.87022 5.75625 5.49118 5.35496
threshold=37.850000000000001 99.000000000000014 4.5000000000000009 53.500000000000007 37.250000000000007 18.805000000000003 16.500000000000004 62.920535714285727 53.000000000000007 38.650000000000013 36.650000000000013 14.500000000000002 307.50000000000006 162.50000000000003 5.5000000000000009 450.50000000000006 485.00000000000006 112.50000000000001 6.5000000000000009 517.00000000000011 16.500000000000004 433.00000000000006 36.850000000000001 33.750000000000007 162.50000000000003 251.50000000000003 28.500000000000004 527.00000000000011 40.45000000000001 1.0000000180025095e-35
decision_type=2 2 2 2 2 2 2 2 2 2 2 2 2 2 2 2 2 2 2 2 2 2 2 2 2 2 2 2 2 2
left_child=1 6 8 -4 5 -5 23 10 20 14 11 -8 13 -10 15 -2 -17 27 19 -19 22 -22 -3 -1 -6 -25 -27 -16 29 -11
right_child=9 2 3 4 24 -7 7 -9 12 28 -12 -13 -14 -15 17 16 -18 18 -20 -21 21 -23 -24 25 -26 26 -28 -29 -30 -31
leaf_value=0.076796446067267099 -0.042307189587985392 0.016799621140537107 -0.040804178055126594 0.12080817674566387 -0.033240213936819821 0.0052904821819491944 -0.0076575195790824961 -0.042617397271247609 -0.035966296342350913 -0.028202936665758706 -0.034764891654711153 0.048551475880572181 -0.04856164794335556 0.043806038703701519 -0.039151370379811701 0.11191972892124238 -0.022181020881588201 0.0067915898347710698 -0.015834966348535595 0.10801986305372553 -0.046686141477238187 0.030239696829583735 0.0043350581881380469 -0.0074869631906387462 -0.005989008754341843 0.02157412678036183 -0.01121937238878561 0.028836154396606379 -0.053815826504285603 -0.045778361556581527
leaf_weight=3.5264487639069548 71.780350975692272 650.89613542705774 26.800379864871502 3.4470371901988974 42.242810785770416 706.60923297703266 54.665829494595528 56.866744242608547 14.391924113035204 129.95664373785257 34.61685448884964 12.085409209132193 13.791769266128538 13.447361789643763 44.971345685422421 3.1725480556488019 5.3036381527781487 28.544484168291092 87.952114120125771 4.6659780889749518 5.908479467034339 150.86402261257172 183.61225880682468 174.09951027482748 72.002898924052715 47.436759121716022 29.782618381083012 3.3448615074157706 42.937407307326794 65.024863332509995
leaf_count=21 640 3354 185 18 332 4228 362 423 88 1223 247 78 76 73 385 22 39 215 652 30 36 763 1095 1217 519 293 188 24 445 644
internal_value=-0.000455615 0.00559067 0.00883459 0.00144023 0.00281371 0.00585127 -0.0092045 -0.0218587 0.0149274 -0.0289366 -0.0102132 0.0025192 -0.0143715 0.00256657 -0.0206557 -0.0348806 0.0280115 -0.0139196 -0.00573476 0.0210139 0.0161579 0.0273405 0.0140571 -0.00134746 -0.0160653 -0.00244396 0.00892605 -0.0344447 -0.0376288 -0.0340642
internal_weight=2784.75 2297.09 1884.01 851.102 824.302 710.056 413.08 158.235 1032.91 487.654 101.368 66.7512 41.6311 27.8393 249.735 80.2565 8.47619 169.479 121.163 33.2105 991.281 156.773 834.508 254.845 114.246 251.319 77.2194 48.3162 237.919 194.982
internal_count=17915 13596 10767 5282 5097 4246 2829 1110 5485 4319 687 440 237 161 2007 701 61 1306 897 245 5248 799 4449 1719 851 1698 481 409 2312 1867
is_linear=0
shrinkage=0.05


Tree=22
num_leaves=31
num_cat=0
split_feature=8 17 6 1 0 7 8 11 12 11 0 1 8 9 8 13 1 8 8 3 3 17 15 15 8 13 8 7 9 13
split_gain=176.549 39.752 30.2844 24.5327 16.6058 15.3453 15.2207 15.1703 14.533 13.3608 12.9306 12.0138 19.9772 12.578 11.7687 12.9738 11.1883 11.1093 9.298 9.48716 18.2542 10.3297 8.97683 15.9177 8.95811 8.78319 7.76039 8.45849 6.43266 17.9809
threshold=37.850000000000001 99.000000000000014 4.5000000000000009 5.5000000000000009 2006.5000000000002 53.500000000000007 36.550000000000004 16.500000000000004 62.920535714285727 53.000000000000007 2006.5000000000002 10.500000000000002 35.150000000000013 503.00000000000006 36.650000000000013 56.547008547008552 10.500000000000002 38.850000000000001 40.45000000000001 5.5000000000000009 7.5000000000000009 1192.5000000000002 307.50000000000006 162.50000000000003 38.550000000000004 56.806250000000006 34.150000000000013 55.750000000000007 449.00000000000006 55.220486111111121
decision_type=2 2 2 2 2 2 2 2 2 2 2 2 2 2 2 2 2 2 2 2 2 2 2 2 2 2 2 2 2 2
left_child=1 7 9 5 18 -4 16 26 14 11 -7 13 -13 -3 15 -9 -5 25 19 28 21 -21 23 -11 -22 -6 27 -1 29 -2
right_child=4 2 3 6 17 10 -8 8 -10 22 -12 12 -14 -15 -16 -17 -18 -19 -20 20 24 -23 -24 -25 -26 -27 -28 -29 -30 -31
leaf_value=0.0024649971734033382 0.12650998267950042 0.015818967848765599 -0.036609795694078948 0.010778118544270292 -0.032586993994472423 0.02692099953530093 -0.025356422673083818 -0.0036901906885021146 -0.041690197675720748 -0.034905131316465061 0.0060492758460102486 0.020511252371175653 -0.00318837078649517 0.033301475554039707 -0.033805619104236316 0.082280223587863688 -0.011438045674442407 -0.048796956910091477 -0.050651448698298886 0.0084083076652156242 -0.0040697812304234466 0.077537714529797214 -0.047328600449945211 0.040734823906164438 -0.036458196798908264 4.6697692242966702e-05 -0.0030853853539926602 0.093814749426428867 -0.043679432167536975 -0.056934986939210112
leaf_weight=6.0005764886736852 2.1817699074745169 512.60783844441175 18.433125555515289 97.384963758289814 156.51443486660719 90.707480482757092 101.42400115728378 62.122313886880875 55.265889622271061 14.095618948340418 407.91709630936384 166.91486816108227 190.28853465616703 128.71759578585625 33.839208692312241 4.7219864428043357 135.55676037073135 104.19628255814314 18.34152702242136 44.182459220290184 40.652476541697979 6.1568333655595771 13.452227458357809 13.730538338422773 44.960170015692711 23.746979542076588 244.16508344560862 4.3865034580230713 32.724634498357773 3.4450234025716782
leaf_count=37 21 2726 130 591 1348 547 708 411 423 88 2467 833 1043 646 247 29 839 1104 191 381 296 47 76 73 404 194 1657 25 300 33
internal_value=-0.000442153 0.0052957 0.00835701 0.00136487 -0.0281238 0.00819001 -0.00918942 -0.00880813 -0.0210884 0.0140824 0.00984616 0.0152347 0.00788605 0.0193278 -0.00977988 0.00238289 -0.00215023 -0.0358004 -0.0167888 -0.0132255 -0.00702989 0.0168633 -0.0137935 0.00241865 -0.0210788 -0.028288 -0.00128474 0.0410423 -0.0351883 0.0141952
internal_weight=2778.83 2301.73 1891.23 851.423 477.103 517.058 334.366 410.502 155.949 1039.81 498.625 998.529 357.203 641.325 100.684 66.8443 232.942 284.458 192.645 174.303 135.952 50.3393 41.2784 27.8262 85.6126 180.261 254.552 10.3871 38.3514 5.62679
internal_count=17915 13596 10767 5282 4319 3144 2138 2829 1110 5485 3014 5248 1876 3372 687 440 1430 2646 1673 1482 1128 428 237 161 700 1542 1719 62 354 54
is_linear=0
shrinkage=0.05


Tree=23
num_leaves=31
num_cat=0
split_feature=8 6 17 8 1 8 9 12 0 0 1 17 16 8 8 11 17 16 8 11 1 12 13 9 0 8 8 14 0 13
split_gain=162.437 36.965 23.7666 23.2632 17.4307 20.8271 17.2725 16.3292 16.1457 16.1408 15.5268 15.6336 15.7583 15.0664 12.8203 11.1035 10.9627 10.3934 10.1045 10.0988 9.66669 9.5997 12.5169 8.91428 8.58684 8.43509 7.15054 7.06164 6.96384 6.7632
threshold=37.850000000000001 5.5000000000000009 96.500000000000014 34.550000000000004 10.500000000000002 35.150000000000013 465.00000000000006 41.618028846153855 2004.5000000000002 2003.5000000000002 7.5000000000000009 105.50000000000001 1.5000000000000002 33.250000000000007 39.350000000000001 46.500000000000007 1369.0000000000002 41.500000000000007 35.550000000000004 16.500000000000004 4.5000000000000009 62.920535714285727 55.972222222222229 489.00000000000006 2000.5000000000002 40.250000000000007 34.150000000000013 3.5000000000000004 2014.5000000000002 53.984375000000007
decision_type=2 2 2 2 2 2 2 2 2 2 2 2 2 2 2 2 2 2 2 2 2 2 2 2 2 2 2 2 2 2
left_child=1 2 19 10 6 17 15 24 -7 25 11 -3 -13 -8 27 -4 20 -6 -18 26 -9 22 -21 -12 -5 29 -1 -11 -25 -2
right_child=9 3 4 7 5 8 13 16 -10 14 23 12 -14 -15 -16 -17 18 -19 -20 21 -22 -23 -24 28 -26 -27 -28 -29 -30 -31
leaf_value=0.046162070867097442 -0.052367157240989719 -0.047776179252674529 0.0081553015155721633 0.082388742637838061 0.0094159189948185649 0.020259051131235981 0.096546361791326321 -0.0081180798762432328 -0.012941749967584786 -0.033208190814952264 -0.04409490069706911 0.12968050882038484 0.034783941769716137 0.017234656692362932 -0.051945414815241446 -0.017157038774281354 -0.06170102519404707 0.041074449544155567 0.047552039957627711 -0.018351094932570637 -0.029687689797290997 -0.036240912542304778 0.026264433082597349 0.076070661411711482 0.0016350765804874882 -0.043239582617404924 0.00026974949294356705 -0.014847113956497361 -0.021347253396727946 -0.0043502347562577046
leaf_weight=8.8716042935848218 7.8690521270036689 4.8352687880396834 268.67161602526903 3.4287198185920706 188.23994110524654 44.231900058686733 6.0340589284896842 76.313334085047245 212.74207096546888 187.61100178211927 11.964946150779726 5.0729533135890952 31.782703995704651 782.65105138719082 71.822485469281673 51.654147669672966 2.6759949028491965 30.065532684326172 10.119643725454806 56.789729416370392 162.66194335371256 39.416845768690109 21.737984023988247 3.5608171299099913 82.506384149193764 19.410672836005688 196.23431994020939 72.641807548701763 3.7838436216115952 107.72523668408394
leaf_count=49 65 42 1507 21 969 252 27 583 1208 1756 86 29 184 4158 820 299 18 146 70 371 1294 285 138 22 554 202 1257 596 27 880
internal_value=-0.000429368 0.00501677 0.00791108 -0.00882905 0.0104314 0.00242009 0.0138647 -0.0139621 -0.00722703 -0.0273178 0.0195881 0.0367557 0.0478459 0.0178415 -0.0332442 0.00407356 -0.0203855 0.013776 0.0247036 -0.00444901 -0.0227997 -0.0161069 -0.00600066 -0.017478 0.00485706 -0.0127404 0.00225477 -0.0280832 0.0258826 -0.00761897
internal_weight=2773.13 2306.05 1907.34 398.707 1584.29 475.279 1109.01 337.706 256.974 467.08 61.0005 41.6909 36.8557 788.685 332.075 320.326 251.771 218.305 12.7956 323.05 238.975 117.945 78.5277 19.3096 85.9351 135.005 205.106 260.253 7.34466 115.594
internal_count=17915 13596 10666 2930 8566 2575 5991 2540 1460 4319 390 255 213 4185 3172 1806 1965 1115 88 2100 1877 794 509 135 575 1147 1306 2352 49 945
is_linear=0
shrinkage=0.05


Tree=24
num_leaves=31
num_cat=0
split_feature=8 8 17 0 6 0 8 8 0 15 16 11 11 13 13 8 17 13 18 12 15 15 11 17 12 12 15 14 15 0
split_gain=151.6 32.7425 26.0006 24.2106 15.7289 18.5844 19.8458 14.729 14.287 13.9332 13.5374 13.3884 13.0607 13.6427 13.1133 12.5793 31.4433 13.2076 11.2465 11.1567 11.5655 17.4207 11.0317 11.0028 10.1112 10.1107 14.8095 9.55284 9.48709 8.44438
threshold=37.250000000000007 38.650000000000013 622.50000000000011 2003.5000000000002 5.5000000000000009 2007.5000000000002 34.750000000000007 33.250000000000007 2000.5000000000002 395.00000000000006 2.5000000000000004 16.500000000000004 46.500000000000007 55.935416666666676 54.870833333333344 36.650000000000013 1369.0000000000002 56.870833333333344 12.500000000000002 70.683333333333351 282.00000000000006 119.50000000000001 57.000000000000007 232.50000000000003 46.74785714285715 36.780357142857149 220.50000000000003 5.5000000000000009 95.500000000000014 2006.5000000000002
decision_type=2 2 2 2 2 2 2 2 2 2 2 2 2 2 2 2 2 2 2 2 2 2 2 2 2 2 2 2 2 2
left_child=2 3 4 19 12 6 -6 -4 -8 11 -9 18 13 24 27 17 -17 -12 -5 20 21 -2 -11 -16 -1 26 -7 -14 -15 -3
right_child=1 29 7 9 5 25 8 10 -10 22 15 -13 14 28 23 16 -18 -19 -20 -21 -22 -23 -24 -25 -26 -27 -28 -29 -30 -31
leaf_value=0.010639070276226112 0.0033844053318747751 -0.024694703845531379 0.061633475355278772 -0.024538011430139534 0.10026361327127742 -0.031515859951312127 0.099940288522489512 0.034695736476187719 -0.0075368786734447959 -0.00080266176582418584 0.011450025550636888 -0.034875279266215219 0.094979909404453264 -0.0069617916003561322 -0.0082531356268800773 -0.0069031702075997795 0.055213292706368391 0.040545428100647339 -0.00388955321661819 -0.023243080207356739 -0.021824013678302237 0.051859256512216637 0.091513824292857912 -0.054705189427858562 -0.0060210391075124249 -0.029802008840908376 0.056438124423465554 -0.015174350571391562 0.019271984433603583 -0.044389763387045728
leaf_weight=143.29371957480907 44.078027233481407 100.16321389377117 14.772669509053229 142.92197762429714 5.7834961786866179 10.206537298858168 3.3695231154561034 58.859036043286324 37.549687936902046 57.028150111436844 771.990044914186 124.67386455833912 4.0693946480751029 41.228685617446899 30.832674793899059 198.50074177980423 22.703092373907566 41.080213256180286 122.43932477384806 23.322483628988266 17.02373531460762 31.982262872159481 3.4308097362518302 21.733557432889938 249.90094473212957 102.22066892683506 9.0116107910871488 3.811831459403038 210.00586242973804 119.18341898918152
leaf_count=833 310 991 67 1177 36 71 21 297 291 384 4030 1033 24 248 197 1092 115 211 922 165 109 214 18 131 1517 843 52 20 1175 1321
internal_value=-0.000416563 -0.0189927 0.00695649 -0.0126459 0.000503408 -0.0132379 0.013567 0.0120415 0.00131341 -0.0178983 0.0113713 -0.0213604 0.00378125 0.00586574 -0.0184414 0.0100439 -0.000527893 0.0129201 -0.0150107 0.0076812 0.0154294 0.0237674 0.00443594 -0.0274588 5.04803e-05 -0.0235464 0.00972678 0.0417027 0.0149669 -0.0353961
internal_weight=2767.17 786.247 1980.92 566.901 873.018 168.142 46.7027 1107.91 40.9192 450.494 1093.13 390.035 704.877 644.429 60.4475 1034.27 221.204 813.07 265.361 116.407 93.084 76.0603 60.459 52.5662 393.195 121.439 19.2181 7.88123 251.235 219.347
internal_count=17915 6644 11271 4332 5459 1314 348 5812 312 3534 5745 3132 4145 3773 372 5448 1207 4241 2099 798 633 524 402 328 2350 966 123 44 1423 2312
is_linear=0
shrinkage=0.05


Tree=25
num_leaves=31
num_cat=0
split_feature=8 6 9 1 8 0 8 8 6 9 8 15 11 1 15 14 12 15 11 11 13 8 1 1 6 18 9 12 9 15
split_gain=129.297 34.3738 25.1351 18.7538 19.9459 16.8267 15.984 15.3224 14.6574 13.174 12.7007 13.2859 11.5162 11.4063 11.2229 11.1625 9.9616 9.68594 14.7687 9.30241 9.05094 8.80277 8.36545 8.22105 7.65221 7.27727 6.4631 6.22593 6.09765 5.92829
threshold=37.850000000000001 5.5000000000000009 465.00000000000006 10.500000000000002 34.150000000000013 2003.5000000000002 36.95000000000001 39.350000000000001 4.5000000000000009 419.00000000000006 34.550000000000004 125.50000000000001 15.500000000000002 9.5000000000000018 340.50000000000006 45.500000000000007 44.12187500000001 395.00000000000006 46.500000000000007 12.500000000000002 55.972222222222229 40.45000000000001 2.5000000000000004 4.5000000000000009 6.5000000000000009 19.500000000000004 491.00000000000006 21.670833333333338 517.00000000000011 340.50000000000006
decision_type=2 2 2 2 2 2 2 2 2 2 2 2 2 2 2 2 2 2 2 2 2 2 2 2 2 2 2 2 2 2
left_child=1 2 9 6 20 21 15 14 -6 -1 11 -3 -8 26 22 -4 29 27 -19 -16 -5 25 -7 24 -18 -2 -13 -11 -25 -12
right_child=5 10 3 4 8 7 12 -9 -10 17 16 13 -14 -15 19 -17 23 18 -20 -21 -22 -23 -24 28 -26 -27 -28 -29 -30 -31
leaf_value=-0.039699644444868371 -0.0078893649368387258 -0.038284964739842026 0.020284282241680673 0.050139964442452556 0.0035807721903499228 -0.0004594012070385745 0.028599708812928296 -0.052000562827738628 -0.01951888213577023 0.05035191766196339 -0.0064409168793454616 0.051152302600909784 0.00067420261806426735 -0.015038493555190817 0.084314784951140281 -0.010147861520889744 0.0051808210217770918 0.023863877429800534 -0.042285541846917546 -0.0098493115929121564 0.0099298328645387752 -0.048050208035663226 -0.034218969792426231 -0.028666702876258388 -0.030748617657125211 0.054362765690377381 0.0069126734435859399 -0.0031680436259004015 0.0014869730295371773 0.022607714436930691
leaf_weight=21.660319976508617 112.48727899044752 11.10306705534458 642.01726686954498 27.260327905416489 254.81682284921408 20.449440822005272 43.38328468054533 68.113033257424831 94.007702820003033 5.4941706806421271 75.17300546169281 25.18609581142664 247.75431231409311 14.924119524657725 2.7650947123765937 31.616589963436127 53.106597006320953 71.454314097762108 9.5676324218511564 50.9656096175313 28.758425310254097 13.411906622350214 178.73543512821198 139.87784314155579 20.555094160139561 4.8990754261612883 12.281573265790938 495.42825467884541 19.048903197050095 22.918607890605927
leaf_count=155 934 82 3281 131 1358 203 258 840 575 29 534 142 1532 102 21 158 382 368 51 419 136 151 1739 1130 184 43 74 2949 156 138
internal_value=-0.000282027 0.00439587 0.00708868 0.010835 0.00180295 -0.0247924 0.014625 -0.0309514 -0.00264455 -0.00141185 -0.00908417 0.0113979 0.00483547 0.0219269 -0.0252826 0.018856 -0.013017 1.32456e-05 0.0160525 -0.00500343 0.0294972 -0.00967575 -0.030753 -0.0186528 -0.00484519 -0.0052913 0.0366509 -0.00258103 -0.0250525 0.000346148
internal_weight=2819.22 2367.39 1973.22 1369.61 404.843 451.827 964.771 321.029 348.825 603.605 394.175 63.4949 291.138 52.3918 252.916 673.634 330.68 581.944 81.0219 53.7307 56.0188 130.798 199.185 232.588 73.6617 117.386 37.4677 500.922 158.927 98.0916
internal_count=18255 13905 10981 7429 2200 4350 5229 3222 1933 3552 2924 400 1790 318 2382 3439 2524 3397 419 440 267 1128 1942 1852 566 977 216 2978 1286 672
is_linear=0
shrinkage=0.05


Tree=26
num_leaves=31
num_cat=0
split_feature=8 6 8 1 0 8 14 11 8 0 8 8 7 15 8 15 12 0 8 11 1 3 1 12 5 6 15 12 11 14
split_gain=118.755 31.0502 17.7094 26.1327 16.0168 15.2005 13.877 17.6864 13.8174 13.4857 19.4516 11.5459 14.445 10.6223 9.80731 9.38887 9.19643 8.61169 8.37592 8.00654 7.9469 11.7437 7.67645 7.16913 6.64846 11.7636 10.6783 6.64833 5.98134 5.87189
threshold=37.850000000000001 5.5000000000000009 34.150000000000013 10.500000000000002 2003.5000000000002 39.350000000000001 45.500000000000007 31.000000000000004 36.95000000000001 2003.5000000000002 36.45000000000001 34.550000000000004 57.250000000000007 340.50000000000006 36.45000000000001 125.50000000000001 44.12187500000001 2004.5000000000002 40.45000000000001 12.500000000000002 2.5000000000000004 5.5000000000000009 4.5000000000000009 48.862500000000004 1.0000000180025095e-35 4.5000000000000009 251.50000000000003 32.40801282051283 62.000000000000007 43.500000000000007
decision_type=2 2 2 2 2 2 2 2 2 2 2 2 2 2 2 2 2 2 2 2 2 2 2 2 2 2 2 2 2 2
left_child=1 2 17 6 18 13 8 -8 -4 14 -11 12 15 20 -5 -3 -13 -1 24 -15 21 -6 23 -18 25 26 -2 -17 -24 -19
right_child=4 11 3 9 5 -7 7 -9 -10 10 -12 16 -14 19 -16 27 22 29 -20 -21 -22 -23 28 -25 -26 -27 -28 -29 -30 -31
leaf_value=0.079295562619576668 0.0036994090178147361 -0.040358304052878213 0.013477436837190167 0.00072631773756075019 -0.037223226725700297 -0.051622163926612577 0.0076361734380608077 -0.055770826607237034 0.0020249065846659783 -0.0014293169374156164 -0.025744300479802099 0.00032676281122540106 0.091922872062190658 0.075712140957243032 0.044794982484745144 0.06199536263195872 -0.044729767617237556 0.02160721435266387 -0.047497807705665342 -0.0094234863002510549 -0.033390585674231595 0.038604800895223501 -0.025873217059404555 0.0014646477822627825 -0.022952360705989425 -0.021258724531715928 0.055506733469579218 0.0059021735830149056 0.034141205796615393 -0.015066281862812021
leaf_weight=6.1782960444688788 36.241714924573898 9.9936971440911275 857.8743022531271 29.152747228741646 10.525053165853024 65.254088573157787 27.067137479782104 18.524552196264267 380.04022539407015 346.23704383522272 107.88035369664431 98.066607117652893 5.0487971603870383 2.9209832549095145 22.268706321716309 6.0286206603050223 9.6745716258883458 171.98636277019978 12.902438566088675 50.614375047385693 174.1295198649168 9.9172014743089676 151.90062680095434 63.701816849410534 35.924945548176765 31.087384358048439 13.708421520888804 42.676401175558567 4.2683752104639998 11.6543623059988
leaf_count=29 285 76 4549 165 109 840 144 104 2383 1915 668 672 30 21 130 31 72 836 151 419 1739 94 1253 494 322 269 101 263 33 58
internal_value=-0.000275201 0.00416695 0.00671195 0.00517123 -0.0240303 -0.0301492 0.00896377 -0.018127 0.00996151 -0.00445759 -0.0072056 -0.00870153 0.0107675 -0.0245016 0.0198108 0.00378716 -0.0124899 0.0212332 -0.00926575 -0.00477834 -0.0299283 -0.000436588 -0.0179654 -0.00462602 -0.00504827 0.00288884 0.0179175 0.0128453 -0.0242329 0.0192798
internal_weight=2813.45 2370.22 1978.86 1789.05 443.226 313.361 1283.51 45.5917 1237.91 505.539 454.117 391.36 63.7475 248.107 51.4215 58.6987 327.612 189.819 129.865 53.5354 194.572 20.4423 229.545 73.3764 116.962 81.0375 49.9501 48.705 156.169 183.641
internal_count=18255 13905 10981 10058 4350 3222 7180 248 6932 2878 2583 2924 400 2382 295 370 2524 923 1128 440 1942 203 1852 566 977 655 386 294 1286 894
is_linear=0
shrinkage=0.05


Tree=27
num_leaves=31
num_cat=0
split_feature=8 6 9 0 1 8 8 11 14 0 9 15 9 8 12 15 15 12 11 8 7 15 11 8 11 1 11 8 0 18
split_gain=109.087 28.0434 22.6811 15.2062 15.1441 17.0049 15.0621 14.1632 13.39 13.1305 12.2156 10.8453 18.8191 13.6459 15.0231 10.418 10.0463 9.107 9.06128 8.7354 9.12891 8.72672 8.75403 7.96109 7.8331 7.52802 6.93905 6.84299 6.59166 6.259
threshold=37.850000000000001 5.5000000000000009 465.00000000000006 2003.5000000000002 10.500000000000002 34.95000000000001 39.350000000000001 12.500000000000002 44.500000000000007 2003.5000000000002 419.00000000000006 162.50000000000003 509.00000000000006 35.95000000000001 41.618028846153855 119.50000000000001 340.50000000000006 36.620416666666671 41.000000000000007 34.550000000000004 57.250000000000007 522.50000000000011 46.500000000000007 40.45000000000001 57.000000000000007 2.5000000000000004 12.500000000000002 33.750000000000007 2006.5000000000002 19.500000000000004
decision_type=2 2 2 2 2 2 2 2 2 2 2 2 2 2 2 2 2 2 2 2 2 2 2 2 2 2 2 2 2 2
left_child=1 2 10 23 7 15 16 -4 -9 -7 -1 12 17 18 -15 -6 25 -3 -14 20 -13 27 -23 29 28 -5 -18 -12 -21 -2
right_child=3 11 4 6 5 9 -8 8 -10 -11 21 19 13 14 -16 -17 26 -19 -20 24 -22 22 -24 -25 -26 -27 -28 -29 -30 -31
leaf_value=-0.038975594122345775 -0.0073095040102265051 0.0052221350965456935 0.040425545026788468 -0.00044247448657137411 -0.013537952736676798 0.027658521193464659 -0.051252090027803149 0.013236614952999879 -0.015683729298379953 -0.010276203740591849 0.022489216784615053 0.010694509426398411 0.096414392513091446 0.093980036481834131 -0.031555891424709777 0.020568386015149522 0.068499405209184488 -0.033426000102001439 -0.010050035543842841 0.010888420100361326 0.088835691367975284 0.029001183940672127 -0.032355342992660081 -0.046949068951430667 0.054663478386189658 -0.032568803708196724 -0.009013511476344941 -0.0034697038400694513 -0.012629918208724984 0.049293642940791776
leaf_weight=21.225205682218075 111.36320937424898 17.955035306513309 45.760702759027481 20.429807007312775 27.075416743755341 25.417463168501854 62.508523672819138 887.3987857028842 41.913738779723644 222.45796380192041 26.717581391334534 42.57606403529644 6.995013356208803 2.9091502279043224 13.182722263038157 129.38652573525906 3.0632029473781577 100.89784501492977 2.7980047166347504 36.860255017876625 4.0973504781723014 40.581532582640648 6.7853572368621817 12.413017645478247 5.0996202155947676 169.71060909330845 50.279473304748535 509.786167293787 155.40304462611675 5.1078775674104682
leaf_count=155 934 122 229 203 148 140 840 4774 226 1278 133 253 50 21 117 634 21 847 19 263 22 202 35 151 35 1739 419 3027 1175 43
internal_value=-0.000268591 0.00394986 0.00635552 -0.0232903 0.00989583 0.00176019 -0.0293582 0.0132695 0.0119323 -0.00638633 -0.00171517 -0.00832986 -0.0191736 0.0194596 -0.00886103 0.0146664 -0.0237375 -0.0275874 0.065996 -0.00189846 0.0175543 -0.000360661 0.0202118 -0.00888398 -0.00649876 -0.029117 -0.00456233 -0.00217696 -0.00812104 -0.00482715
internal_weight=2808.16 2373.28 1984.51 434.876 1379.41 404.337 305.992 975.073 929.313 247.875 605.096 388.774 144.738 25.8849 16.0919 156.462 243.483 118.853 9.79302 244.036 46.6734 583.871 47.3669 128.884 197.363 190.14 53.3427 536.504 192.263 116.471
internal_count=18255 13905 10981 4350 7429 2200 3222 5229 5000 1418 3552 2924 1176 207 138 782 2382 969 69 1748 275 3397 237 1128 1473 1942 440 3160 1438 977
is_linear=0
shrinkage=0.05


Tree=28
num_leaves=31
num_cat=0
split_feature=8 17 6 9 3 8 3 9 3 8 12 8 5 11 12 3 15 9 11 15 9 17 9 17 8 6 8 12 8 8
split_gain=100.128 31.7295 18.5759 16.4192 18.1343 17.2941 15.0696 16.2965 13.2938 11.438 10.8215 10.5469 11.0649 9.88333 9.65997 8.64624 9.30543 8.2629 8.3111 8.18904 11.6326 8.13245 8.26892 7.97161 7.45522 7.30892 6.87576 6.73924 6.19109 5.95819
threshold=37.850000000000001 103.50000000000001 6.5000000000000009 463.00000000000006 8.5000000000000018 36.45000000000001 5.5000000000000009 423.00000000000006 7.5000000000000009 38.550000000000004 27.436363636363641 40.45000000000001 1.0000000180025095e-35 17.500000000000004 28.943636363636369 7.5000000000000009 522.50000000000011 483.00000000000006 37.500000000000007 450.50000000000006 479.00000000000006 129.50000000000003 419.00000000000006 76.500000000000014 37.250000000000007 3.5000000000000004 36.45000000000001 81.053125000000009 36.95000000000001 36.650000000000013
decision_type=2 2 2 2 2 2 2 2 2 2 2 2 2 2 2 2 2 2 2 2 2 2 2 2 2 2 2 2 2 2
left_child=1 15 3 21 5 -5 7 -2 11 10 -10 12 23 -6 -4 16 17 18 -1 -9 -21 -3 -23 -8 -19 -12 -18 29 -16 -17
right_child=6 2 14 4 13 -7 8 19 9 -11 25 -13 -14 -15 28 27 26 24 -20 20 -22 22 -24 -25 -26 -27 -28 -29 -30 -31
leaf_value=-0.019371522373976404 0.11458852108402295 0.041208522909147012 0.059690309797721809 0.013187986016173431 0.032988877578594762 0.0012893231672502807 -0.015095196018868143 -0.04360327323084643 0.077129209196175122 -0.037593476975419982 0.014647120994582178 -0.046618463245347998 -0.02060730488101039 -0.041073862668216499 -0.012663951609333195 0.01236246091439511 0.043934282647431169 0.0020947580389062029 -0.052447828724200209 0.063986143857777622 -0.035219043944273408 -0.039286068773357295 -0.00036573135283817626 0.023630798714892112 -0.036781599404826545 -0.022524237293964595 -0.029438485918151305 -0.034564217105438014 -0.045833327920084904 -0.0071551118123585403
leaf_weight=124.93470032513142 1.7473460063338269 11.398851394653319 4.0017942264676085 782.56604711711407 104.27037066221237 500.814312890172 17.964461270719767 111.28438855707645 3.2438422664999953 90.085339844226837 16.127563178539276 12.584089063107966 36.111943945288658 4.7078512012958518 64.973707914352417 79.812644794583321 11.04474890232086 69.603339232504368 22.396242119371891 4.4383152052760115 8.8413002938032133 14.069747693836687 454.13939394801855 51.055100105702877 14.987230777740477 73.464388191699982 4.4913486614823332 13.076429918408392 17.955767966806889 76.66010843962431
leaf_count=907 17 71 23 4051 563 2932 178 1265 23 1007 127 166 369 23 508 511 59 457 183 38 82 100 2566 448 114 630 30 93 172 542
internal_value=-0.000262052 0.00374404 0.00641 0.00745925 0.0102076 0.00854476 -0.0225554 -0.0370476 -0.0164666 -0.0249011 -0.0125847 -0.00336001 0.00181797 0.0297894 -0.0161844 -0.00877934 -0.0147388 -0.0172483 -0.0243996 -0.0391747 -0.00206267 -0.0005194 -0.00153529 0.0135512 -0.00479311 -0.015833 0.0227229 -8.14366e-05 -0.0198457 0.00280029
internal_weight=2802.85 2375.9 1958.9 1871.97 1392.36 1283.38 426.948 126.311 300.637 182.921 92.8358 117.716 105.132 108.978 86.9313 417.007 247.458 231.922 147.331 124.564 13.2796 479.608 468.209 69.0196 84.5906 89.592 15.5361 169.549 82.9295 156.473
internal_count=18255 13905 11009 10306 7569 6983 4350 1402 2948 1787 780 1161 995 586 703 2896 1750 1661 1090 1385 120 2737 2666 626 571 757 89 1146 680 1053
is_linear=0
shrinkage=0.05


Tree=29
num_leaves=31
num_cat=0
split_feature=8 17 6 7 0 12 0 8 9 0 13 11 8 12 17 15 8 15 11 8 5 7 13 8 9 9 6 11 0 5
split_gain=91.9211 28.6633 18.0135 17.4239 17.0347 17.9594 14.4999 15.0128 12.6723 20.4823 17.6509 12.7282 9.91937 11.2451 10.4938 9.42605 9.22542 7.4739 10.9059 9.45984 9.69342 8.19332 10.9378 7.4202 7.15304 6.68885 8.42089 6.11498 6.011 5.9382
threshold=37.850000000000001 103.50000000000001 4.5000000000000009 53.500000000000007 2007.5000000000002 58.952777777777783 2003.5000000000002 39.350000000000001 467.00000000000006 2019.5000000000002 55.535897435897446 62.000000000000007 35.150000000000013 56.743750000000006 1253.5000000000002 340.50000000000006 33.250000000000007 402.50000000000006 37.500000000000007 36.45000000000001 1.0000000180025095e-35 55.750000000000007 56.06904761904763 40.45000000000001 545.00000000000011 467.00000000000006 4.5000000000000009 12.500000000000002 2019.5000000000002 1.0000000180025095e-35
decision_type=2 2 2 2 2 2 2 2 2 2 2 2 2 2 2 2 2 2 2 2 2 2 2 2 2 2 2 2 2 2
left_child=1 17 8 -4 5 -5 23 15 12 11 -11 -10 14 -14 -3 24 -6 18 25 21 -21 -19 -23 29 -8 -1 -27 -17 -29 -2
right_child=6 2 3 4 16 -7 7 -9 9 10 -12 -13 13 -15 -16 27 -18 19 -20 20 -22 22 -24 -25 -26 26 -28 28 -30 -31
leaf_value=-0.016854800467867873 0.0036563774189437926 0.0080117929064530032 -0.039668192736239269 0.0025251004435807968 0.049507182060015531 0.03266050186368518 -0.028888310899017819 -0.050663550810366824 0.011224482446191411 0.059624265989996872 0.019379973541232332 -0.052644939264195438 0.0057105496809699919 -0.017081626907025478 0.049643727540712217 0.063803420860849475 -0.0027584634066859359 0.0045988115304840494 -0.038627702196495591 -0.0458523317200841 0.038678110581160607 0.10897361127932739 0.014476392234346963 -0.045901051995614665 0.053241245206917559 0.0071361973221533885 -0.013077258551961738 -0.015854798119250047 0.03058016782190497 -0.021153064591006882
leaf_weight=132.16573768109083 80.080119624733925 122.83021373301744 25.904809936881065 125.05948229134083 8.5570136755704862 81.763792313635349 179.79330874979496 58.232972353696823 596.72751028090715 40.886483192443848 81.665444359183311 7.903800204396247 129.07042013853788 93.189445018768311 17.263652145862579 3.1587360277771941 633.29495806992054 15.521289631724359 31.952586442232132 10.941654048860071 4.9149337857961646 5.8202338740229589 6.4620822817087173 11.52719611674547 2.6908114179968825 108.62492606788874 98.018856160342693 40.970691993832588 8.3979734107851964 34.51437970250845
leaf_count=967 655 632 188 748 40 497 1918 840 2968 208 410 49 732 537 80 21 3920 87 266 69 31 29 34 151 24 656 757 347 72 322
internal_value=-0.000255712 0.00354971 0.00607096 0.000726463 0.00195946 0.0144386 -0.0218391 -0.0279364 0.010361 0.0141675 0.0328065 0.0103896 0.00272209 -0.00384579 0.0131421 -0.0223048 -0.00206167 -0.00839953 -0.0107037 0.0111676 -0.0196511 0.0287437 0.0592559 -0.00766238 -0.0276773 -0.00807025 -0.0024518 -0.00364062 -0.00795587 -0.00381591
internal_weight=2797.91 2378.54 1964.12 874.58 848.675 206.823 419.366 293.244 1089.54 727.183 122.552 604.631 362.354 222.26 140.094 235.012 641.852 414.422 370.762 43.6602 15.8566 27.8036 12.2823 126.122 182.484 338.81 206.644 52.5274 49.3687 114.594
internal_count=18255 13905 11009 5393 5205 1245 4350 3222 5616 3635 618 3017 1981 1269 712 2382 3960 2896 2646 250 100 150 63 1128 1942 2380 1413 440 419 977
is_linear=0
shrinkage=0.05


Tree=30
num_leaves=31
num_cat=0
split_feature=17 6 9 15 11 11 0 15 14 11 11 9 9 0 9 17 0 17 5 9 11 16 9 12 9 9 9 12 6 11
split_gain=32.0521 18.123 17.1066 13.0772 22.2338 12.9253 13.2468 12.6497 12.2192 15.6961 13.6014 13.764 19.5305 11.6562 10.916 10.5576 11.1822 18.5272 10.5128 10.1832 8.66024 8.39986 8.24776 8.05983 7.99427 7.3955 7.0197 6.80073 8.78354 8.22909
threshold=648.00000000000011 6.5000000000000009 511.00000000000006 163.50000000000003 35.000000000000007 49.500000000000007 2005.5000000000002 56.500000000000007 43.500000000000007 31.000000000000004 57.000000000000007 505.00000000000006 483.00000000000006 2002.5000000000002 445.00000000000006 96.500000000000014 2005.5000000000002 107.50000000000001 1.0000000180025095e-35 441.00000000000006 10.500000000000002 34.500000000000007 441.00000000000006 38.483333333333341 517.00000000000011 549.00000000000011 465.00000000000006 54.409375000000004 5.5000000000000009 16.500000000000004
decision_type=2 2 2 2 2 2 2 2 2 2 2 2 2 2 2 2 2 2 2 2 2 2 2 2 2 2 2 2 2 2
left_child=1 2 15 4 18 6 7 -4 10 22 13 12 -12 14 -5 27 17 -17 -2 -18 -20 -6 -10 -8 -13 -15 -22 28 -1 -29
right_child=3 -3 5 8 21 -7 23 -9 9 -11 11 24 -14 25 -16 16 19 -19 20 -21 26 -23 -24 -25 -26 -27 -28 29 -30 -31
leaf_value=-0.0025824431995844946 0.0088187349634712524 -0.028116504664181037 -0.013649710034399395 -0.035483116283279222 -0.01591857053402973 -0.046368584007381843 0.036049236441695193 0.058651273464842037 0.067464045643871651 -0.042230587919417674 0.050630661056612548 0.14804345390898938 -0.049845358481688001 0.0081065253158986196 0.0420359512807848 0.082127469962516589 -0.030471494170577675 0.005218483054895951 0.072247597068328728 -0.0039406624698003776 -0.025759027077236721 -0.054319571819831158 -0.00094445228660176243 0.0012466326202080463 0.042765373747959821 -0.044531301229894765 -0.00096224293972547136 -0.011332190663314437 -0.031566493058883115 -0.032085826609788246
leaf_weight=198.98317191004753 239.41963299736381 82.775677997618914 7.8750596791505805 5.1047385931015006 39.786018654704094 9.3255313560366613 19.731178820133209 26.099738135933876 4.8177440017461768 25.72426987811923 18.575314439833168 4.1507457643747321 6.5390344113111487 786.30119866132736 41.150982916355133 8.2538203746080381 38.95014327019453 152.71999738737941 3.1680533885955802 506.29999174550176 49.756494928151369 22.179090052843094 51.569940261542797 106.04133612662554 3.1882656663656235 6.7299692630767813 66.936424750834703 130.8309290446341 30.092154536396265 75.229326993227005
leaf_count=1433 1444 828 53 31 260 69 117 169 26 161 100 25 44 4465 233 47 265 1034 16 3359 320 157 293 713 19 42 428 1082 272 620
internal_value=-8.15524e-05 -0.00542658 -0.00399333 0.00533387 -0.00200339 0.0108496 0.0141898 0.0418925 0.00857419 -0.00986497 0.010311 0.042072 0.0244697 0.00908291 0.033481 -0.00619205 -0.00241736 0.00916194 0.00276713 -0.0058359 -0.00932083 -0.0296634 0.00490035 0.00670646 0.102308 0.00765982 -0.0115353 -0.0123184 -0.00638989 -0.018909
internal_weight=2768.31 1393.21 1310.43 1375.1 421.246 169.073 159.747 33.9748 953.852 82.112 871.74 32.4534 25.1143 839.287 46.2557 1141.36 706.224 160.974 359.281 545.25 119.861 61.9651 56.3877 125.773 7.33901 793.031 116.693 435.136 229.075 206.06
internal_count=18125 10061 9233 8064 2625 1121 1052 222 5439 480 4959 188 144 4771 264 8112 4705 1081 2208 3624 764 417 319 830 44 4507 748 3407 1705 1702
is_linear=0
shrinkage=0.05


Tree=31
num_leaves=31
num_cat=0
split_feature=17 6 15 11 1 14 11 11 6 12 12 15 11 0 5 14 13 6 11 16 13 13 13 12 15 12 17 5 17 0
split_gain=28.956 17.6774 11.737 20.4276 11.1565 10.9911 14.5479 11.9241 13.0652 18.5402 17.8222 10.9347 10.619 10.263 9.48516 9.45511 9.0485 8.18178 8.1473 8.06994 10.9295 7.85377 7.72987 7.61705 7.1401 7.01169 14.1369 6.76411 8.27069 6.53064
threshold=648.00000000000011 4.5000000000000009 163.50000000000003 35.000000000000007 4.5000000000000009 43.500000000000007 31.000000000000004 57.000000000000007 4.5000000000000009 38.12187500000001 75.438194444444463 283.50000000000006 57.000000000000007 2002.5000000000002 1.0000000180025095e-35 14.500000000000002 54.515625000000007 7.5000000000000009 15.500000000000002 34.500000000000007 56.788888888888899 55.741666666666667 54.559027777777786 71.954444444444462 76.500000000000014 63.922916666666673 19.500000000000004 1.0000000180025095e-35 622.50000000000011 2006.5000000000002
decision_type=2 2 2 2 2 2 2 2 2 2 2 2 2 2 2 2 2 2 2 2 2 2 2 2 2 2 2 2 2 2
left_child=1 12 3 14 17 7 -7 13 10 -10 -9 23 25 21 -2 18 -15 27 -13 20 24 -4 -16 29 -5 -1 -27 -3 -29 -6
right_child=2 4 5 19 11 6 -8 8 9 -11 -12 15 -14 16 22 -17 -18 -19 -20 -21 -22 -23 -24 -25 -26 26 -28 28 -30 -31
leaf_value=0.0040818235055264489 0.0083397198365908736 0.0065710581951631307 0.020268497036348088 0.01977127502914142 -0.0049650392995248885 0.0046396324204924823 -0.041080292152745515 0.056551673785925322 -0.010191336739157633 0.093263859085126133 -0.065027919958539904 0.081867769788166317 -0.044295461501908939 -0.0081825221807173797 0.013265330458104026 -0.010913194933821639 0.0090917396063969758 -0.050405923398233493 0.010471581190344654 -0.053357408897327957 0.060622226604031763 0.069188415450829377 -0.016221334044033493 -0.035984486241899885 -0.035874533965102311 -0.035664576616318069 -0.00094395587754635385 -0.016924962957661532 0.055883992723339729 -0.022017421083167312
leaf_weight=513.50541295856237 240.48464171215892 136.65705431252718 36.379703566431999 7.2636234983801833 81.886696960777044 56.521043606102467 25.137427981942892 6.2352469414472562 6.1145033463835743 14.843744389712809 5.8350181207060814 4.7823262512683895 13.214993081986902 84.855900567024946 29.554031230509281 83.08893146365881 711.0090914145112 8.3394516631960851 24.295734163373709 21.468192648142576 4.2355174347758284 10.593445152044294 89.637470901012421 63.381777375936508 27.935888417065144 35.212625220417976 175.10073641687632 65.403836987912655 4.14778247475624 178.6216353289783
leaf_count=3308 1444 1054 201 52 660 319 161 33 36 81 38 30 113 484 188 586 4023 88 169 157 24 63 576 554 184 288 1158 540 27 1486
internal_value=-8.22768e-05 -0.0051807 0.00505142 -0.00191098 -0.0111873 0.00810956 -0.00943461 0.00974523 0.0392159 0.0630811 -0.00222244 -0.0157799 0.000121492 0.00859036 0.00262341 -0.0023254 0.00724994 -0.00185291 0.0222138 -0.0286897 -0.0152608 0.031301 -0.00890999 -0.0204394 -0.0243917 0.000932426 -0.00675721 0.000110658 -0.0125829 -0.0166573
internal_weight=2765.74 1387.64 1378.1 420.579 650.605 957.525 81.6585 875.867 33.0285 20.9582 12.0703 436.057 737.034 842.838 359.676 112.167 795.865 214.548 29.0781 60.9032 39.435 46.9731 119.192 323.89 35.1995 723.819 210.313 206.209 69.5516 260.508
internal_count=18125 10061 8064 2625 5194 5439 480 4959 188 117 71 3485 4867 4771 2208 785 4507 1709 199 417 260 264 764 2700 236 4754 1446 1621 567 2146
is_linear=0
shrinkage=0.05


Tree=32
num_leaves=31
num_cat=0
split_feature=8 6 8 15 3 3 9 7 9 8 0 7 6 14 12 8 8 9 0 7 13 15 12 9 8 2 12 16 0 11
split_gain=91.9277 25.5524 21.582 18.5476 22.8346 18.4251 17.285 16.0421 14.4168 13.3674 11.691 11.2191 10.7035 10.5987 10.2106 10.0118 10.0052 9.12414 8.11201 8.00521 16.9443 7.78708 6.64123 6.14376 5.34694 5.08062 7.11776 5.7524 4.81485 5.92617
threshold=38.250000000000007 6.5000000000000009 36.650000000000013 164.50000000000003 7.5000000000000009 5.5000000000000009 507.00000000000006 54.500000000000007 515.00000000000011 35.150000000000013 2003.5000000000002 57.250000000000007 5.5000000000000009 31.500000000000004 36.620416666666671 37.050000000000004 39.95000000000001 509.00000000000006 2013.5000000000002 55.750000000000007 54.696691176470587 216.00000000000003 35.563750000000006 511.00000000000006 36.95000000000001 5.5000000000000009 83.53055555555558 32.500000000000007 2009.5000000000002 13.500000000000002
decision_type=2 2 2 2 2 2 2 2 2 2 2 2 2 2 2 2 2 2 2 2 2 2 2 2 2 2 2 2 2 2
left_child=1 2 3 4 6 12 -1 9 10 -5 -7 -6 15 -9 17 -4 19 18 21 28 -21 -3 -10 -14 -16 27 -27 -22 29 -2
right_child=16 14 5 7 11 8 -8 13 22 -11 -12 -13 23 -15 24 -17 -18 -19 -20 20 25 -23 -24 -25 -26 26 -28 -29 -30 -31
leaf_value=-0.011435548921044286 0.037516773112868544 0.046744427328012872 0.0038992173095042841 0.012746361227874724 0.01212688334743643 0.016844985712798157 0.022308067118956741 0.01795252399327078 0.073953066727722422 -0.014894383332959544 -0.0033669039213590694 0.069708371274291178 -0.043887402607719603 0.0042548997698082939 -0.018138420059185558 -0.015515530464953062 -0.046823354257703807 -0.060423420357074133 0.073845019025079839 0.091023229739611661 -0.00041623408050745701 -0.050975166741064386 0.020009612810891076 0.00033829542512420083 -0.043106293040370613 -0.03152458463893526 0.061863858973614121 -0.034992787920694726 -0.045985068298379672 -0.027959663758331713
leaf_weight=303.82475361227989 3.682350166141986 4.1623514741659182 109.30931787192822 82.797759309411049 160.84125497937202 87.953891292214394 43.368388004601002 619.71374279260635 6.2823858857154837 92.72797854244709 383.47741233557463 8.9289013594388944 35.354950308799744 182.90271705389023 69.828050784766674 169.16899823397398 51.804487034678459 3.2628558650612822 6.4718154072761527 3.7045482955873004 53.344649601727724 3.9958130493760109 62.161014512181282 10.095046654343603 30.945661187171936 57.087439309805632 2.1159388124942771 15.53105879947543 42.198322631418705 56.161325287073851
leaf_count=1835 37 29 591 449 908 546 232 3192 34 558 2536 46 320 934 609 1241 716 24 40 35 565 25 373 85 335 590 23 152 502 563
internal_value=-8.26458e-05 0.00301388 0.00415277 0.007788 0.000127638 -0.00213924 -0.00722059 0.0118366 0.00351724 -0.00185589 0.000403983 0.0151553 -0.0115666 0.0148311 -0.0196255 -0.00789478 -0.0269422 0.0151814 0.0320432 -0.0225374 -0.0143966 -0.00111796 0.0249611 -0.0340643 -0.0258056 -0.0174458 -0.0281869 -0.00821304 -0.033051 -0.0239307
internal_weight=2763.21 2477.58 2358.91 1495.11 516.963 863.803 347.193 978.142 539.875 175.526 471.431 169.77 323.928 802.616 118.667 278.478 285.63 17.8928 14.63 233.826 131.784 8.15816 68.4434 45.45 100.774 128.079 59.2034 68.8757 102.042 59.8437
internal_count=18125 14942 13880 8154 3021 5726 2067 5133 3489 1007 3082 954 2237 4126 1062 1832 3183 118 94 2467 1365 54 407 405 944 1330 613 717 1102 600
is_linear=0
shrinkage=0.05


Tree=33
num_leaves=31
num_cat=0
split_feature=8 6 1 6 16 9 16 7 8 3 15 8 7 3 14 13 8 0 15 6 15 0 9 0 8 16 1 2 3 3
split_gain=84.6988 23.3685 22.5035 17.9903 15.5918 18.1471 16.9463 13.2814 12.3033 11.9649 12.2253 11.8621 18.0608 11.6638 11.1897 10.2135 9.87854 8.98855 9.46262 8.15547 8.20117 7.6774 11.3323 7.46227 7.43737 6.96625 6.85939 8.34017 6.53415 8.82575
threshold=38.250000000000007 4.5000000000000009 7.5000000000000009 6.5000000000000009 14.500000000000002 491.00000000000006 22.500000000000004 57.750000000000007 36.45000000000001 7.5000000000000009 163.50000000000003 36.650000000000013 54.500000000000007 5.5000000000000009 23.500000000000004 55.677083333333336 40.250000000000007 2002.5000000000002 553.50000000000011 3.5000000000000004 414.00000000000006 2007.5000000000002 547.00000000000011 2004.5000000000002 36.95000000000001 9.5000000000000018 10.500000000000002 5.5000000000000009 5.5000000000000009 7.5000000000000009
decision_type=2 2 2 2 2 2 2 2 2 2 2 2 2 2 2 2 2 2 2 2 2 2 2 2 2 2 2 2 2 2
left_child=1 4 3 11 5 19 7 15 26 10 -8 12 -3 -13 -11 -6 21 -7 -19 20 -1 22 28 -21 25 -5 27 -4 -2 -30
right_child=16 2 8 24 6 17 9 -9 -10 14 -12 13 -14 -15 -16 -17 -18 18 -20 23 -22 -23 -24 -25 -26 -27 -28 -29 29 -31
leaf_value=0.0019463873946031559 -0.038080653926388007 -0.017777345232602118 0.028134970332632819 -0.028335541900026878 0.010404029779283288 0.048256702076813554 -0.011197821441357593 0.095724696957765198 -0.025218828828291014 0.022054080479214349 0.0091384853170651207 -0.013119163517906349 0.014515452716980768 0.0074715489684824086 -0.032631449779342729 0.035413052258848859 -0.050075716038636732 0.0075747804897613128 0.046663722001907354 0.0065063308197357561 0.039628364682764934 -0.03135580391125211 0.1008234009374863 -0.012167920011525135 -0.041006132081985357 0.0056752846078975735 -0.011180192409366685 -0.0093613114276685522 0.0097668965729401317 -0.021773948870837223
leaf_weight=145.6107285246253 25.405815552920103 49.374304957687855 28.618961542844772 27.005911365151405 78.205206625163555 17.773422002792358 108.77626133710146 6.6150932982563964 129.88524757325649 160.29786244034767 230.50778609514236 139.10034983605146 351.81956818699837 136.03828540444374 9.9340265542268735 85.409482754766941 37.433871608227491 172.98454685509205 17.004540100693703 68.264038383960724 16.028877943754196 121.40691290423274 2.1275640726089469 247.28959786891937 26.718382239341736 34.024545185267925 160.6920723170042 30.779233708977699 36.351963631808758 56.887436307966709
leaf_count=882 290 333 179 249 402 92 628 30 1013 790 1170 1024 1956 919 49 434 555 922 81 438 82 1438 16 1490 293 257 1038 191 343 541
internal_value=-8.47851e-05 0.0028579 -0.00251531 0.00229408 0.00724426 0.00192022 0.0126091 0.0262674 -0.0130154 0.00804586 0.00261856 0.00505759 0.0105412 -0.00293839 0.0188629 0.0234591 -0.0261715 0.0142543 0.0110733 -0.00344984 0.00568309 -0.0224767 -0.0135509 -0.0081281 -0.0190059 -0.00937447 -0.00581356 0.00870497 -0.0156019 -0.00947688
internal_weight=2758.37 2478.76 1114.06 764.081 1364.7 684.956 679.746 170.23 349.976 509.516 339.284 676.333 401.194 275.139 170.232 163.615 279.614 207.763 189.989 477.193 161.64 242.18 120.773 315.554 87.7488 61.0305 220.09 59.3982 118.645 93.2394
internal_count=18125 14942 7452 5031 7490 3987 3503 866 2421 2637 1798 4232 2289 1943 839 836 3183 1095 1003 2892 964 2628 1190 1928 799 506 1408 370 1174 884
is_linear=0
shrinkage=0.05


Tree=34
num_leaves=31
num_cat=0
split_feature=8 6 8 15 3 3 14 14 8 0 15 6 8 5 7 12 8 5 17 0 3 12 14 0 17 15 15 13 8 12
split_gain=78.0157 21.4317 18.227 16.0577 19.8036 15.7511 13.7208 14.6307 11.47 11.0533 12.6304 9.82027 9.75489 9.64597 9.56988 9.38114 9.0939 8.08363 7.69623 6.79737 11.3133 8.70345 7.20366 6.44509 6.28113 5.48445 5.20327 5.09611 4.87114 6.17785
threshold=38.250000000000007 6.5000000000000009 36.650000000000013 164.50000000000003 7.5000000000000009 5.5000000000000009 31.500000000000004 19.500000000000004 35.250000000000007 2003.5000000000002 291.50000000000006 5.5000000000000009 39.95000000000001 1.0000000180025095e-35 57.250000000000007 36.620416666666671 37.050000000000004 1.0000000180025095e-35 778.00000000000011 2006.5000000000002 5.5000000000000009 61.80937500000001 46.500000000000007 2013.5000000000002 989.00000000000011 216.00000000000003 150.00000000000003 56.710084033613448 37.350000000000001 86.137500000000017
decision_type=2 2 2 2 2 2 2 2 2 2 2 2 2 2 2 2 2 2 2 2 2 2 2 2 2 2 2 2 2 2
left_child=1 2 3 4 18 11 7 -5 -8 10 -7 16 17 -11 -6 23 -4 19 -1 20 -2 -22 -21 25 -25 -3 -13 28 29 -17
right_child=12 15 5 6 14 9 8 -9 -10 13 -12 26 -14 -15 -16 27 -18 -19 -20 22 21 -23 -24 24 -26 -27 -28 -29 -30 -31
leaf_value=-0.013703155409498693 -0.04775864532920715 0.023027988698884241 0.0038479723905997885 0.010938826124121451 0.011004084570944943 0.02645446552290023 0.011389411155086005 0.02949751261205415 -0.010735575529509815 0.004625040107452431 -0.019849776439219681 -0.05431018006437939 -0.045867786441924151 -0.011437666359083283 0.063351418403431434 -0.018253151282138863 -0.014704488947968455 -0.035311931202980089 0.0012887639705006122 -0.026337917827459319 -0.0064908034314770102 0.036118382918800478 0.070726311197185268 0.012285347692658599 0.10321651827473094 -0.0512608190391622 -0.019025396648647906 -0.053479177090769658 -0.045507587086149062 0.042216271771402129
leaf_weight=190.30412079393864 11.836363792419432 5.3008798584342021 109.29985622316599 622.91252759099007 162.28536842763424 82.069502830505371 116.28637586534023 128.02243056893349 118.04124454408884 307.11719288676977 17.947663150727749 17.162522554397583 48.068149026483297 134.3521895557642 9.227291673421858 64.543344929814339 166.93359135091305 69.056338392198086 155.60095649212599 84.633574720472097 41.331844609230757 16.878842327743769 1.955671653151511 4.7512156739830962 3.1636780649423599 4.6759747564792633 26.706700004637241 13.088002473115919 15.263556286692618 4.5195957571268073
leaf_count=1235 129 36 591 3291 908 502 581 625 636 1939 101 167 716 947 46 592 1241 822 832 975 370 151 20 34 16 32 238 127 183 42
internal_value=-8.63121e-05 0.00271027 0.00373684 0.00706111 -7.12579e-05 -0.00206095 0.0108067 0.0141028 0.000244071 0.00313692 0.0181454 -0.0108537 -0.0254163 -0.000263317 0.0138203 -0.0183388 -0.00736366 -0.0210605 -0.00695923 -0.0147774 -0.00319684 0.00586421 -0.0241457 0.0149392 0.0486316 -0.0117899 -0.0328295 -0.0244508 -0.0199454 -0.0142959
internal_weight=2753.34 2479.58 2364.27 1502.68 517.418 861.589 985.263 750.935 234.328 541.487 100.017 320.103 273.761 441.469 171.513 115.306 276.233 225.693 345.905 156.636 70.0471 58.2107 86.5892 17.8917 7.91489 9.97685 43.8692 97.4145 84.3265 69.0629
internal_count=18125 14942 13880 8154 3021 5726 5133 3916 1217 3489 603 2237 3183 2886 954 1062 1832 2467 2067 1645 650 521 995 118 50 68 405 944 817 634
is_linear=0
shrinkage=0.05


Tree=35
num_leaves=31
num_cat=0
split_feature=8 8 9 0 6 1 1 18 18 11 11 11 6 17 15 15 15 11 11 17 12 8 9 17 1 5 8 15 11 8
split_gain=80.6944 21.9135 20.9773 18.2344 16.5456 18.7473 16.1203 16.0103 15.4283 13.1516 12.7392 24.8221 12.2302 13.2497 11.8518 11.1962 10.5751 17.2844 10.7584 8.44973 7.49627 12.5961 7.35766 7.11345 7.08707 7.89581 7.05242 7.00308 6.01671 5.5098
threshold=37.150000000000013 38.650000000000013 429.00000000000006 2003.5000000000002 4.5000000000000009 9.5000000000000018 9.5000000000000018 17.500000000000004 12.500000000000002 11.500000000000002 16.500000000000004 21.000000000000004 6.5000000000000009 1408.5000000000002 40.500000000000007 276.50000000000006 58.500000000000007 31.000000000000004 12.500000000000002 61.500000000000007 31.565625000000004 34.45000000000001 437.00000000000006 18.500000000000004 3.5000000000000004 1.0000000180025095e-35 35.050000000000004 369.50000000000006 11.500000000000002 40.45000000000001
decision_type=2 2 2 2 2 2 2 2 2 2 2 2 2 2 2 2 2 2 2 2 2 2 2 2 2 2 2 2 2 2
left_child=2 3 28 14 7 12 8 10 15 -10 26 -12 13 -6 -2 -5 17 -16 -18 -14 21 -7 -9 -24 25 29 -4 -22 -1 -3
right_child=1 24 4 6 5 20 -8 22 9 -11 11 -13 19 -15 16 -17 18 -19 -20 -21 27 -23 23 -25 -26 -27 -28 -29 -30 -31
leaf_value=0.038370879475529827 -0.033624253907099826 0.020833484790127997 0.021345645646439513 -0.024965085337662271 0.010326735671480267 0.059735900014002558 -0.027683404149142027 -0.034873041303087382 0.093043803048793824 0.0026801862880982412 -0.017106200393806056 0.010505830056381081 -0.056061434875870744 -0.035945305847482331 0.023508510890633542 0.00025193787107936043 0.075998227614139935 0.1481527282280235 0.0032205171814997571 -0.0063307960155202713 -0.016756623019142727 -0.0087513421213370867 0.066471205774264852 0.025427331803326791 -0.03337437535087287 -0.044473985055867533 0.0093132005634228229 0.0057070126766802787 -0.030650246513935275 -0.04208652700789127
leaf_weight=3.3837088644504538 15.191367611289023 18.25175075232983 178.04239532351494 129.43498811125755 507.68964280933142 9.9800303876400012 137.46827225387096 4.6567381322383872 4.1502046883106223 135.11818921938539 123.45514480769634 238.88672446459532 10.092015966773031 15.956915214657782 12.78665577620268 66.700354546308517 5.3708672672510138 3.5544662550091735 93.119135975837708 55.595595642924309 191.75123540312052 20.512572303414345 11.592109218239782 118.17540353536606 145.66346295922995 10.035713974386452 385.35733191668987 42.359683707356453 47.217499479651451 4.2988445162773123
leaf_count=20 121 208 854 1199 2909 51 1117 26 28 1045 647 1234 108 87 89 501 34 24 616 458 1316 121 64 551 1908 142 1995 242 319 68
internal_value=0.00033643 -0.0132572 0.00574111 -0.00870364 0.00658114 0.00140146 -0.0132633 0.0107532 -0.0073531 0.00537303 0.00841185 0.00109801 0.0063656 0.0089167 0.00787917 -0.0163895 0.0133698 0.0506207 0.00718924 -0.0139712 -0.00965483 0.0136641 0.0268778 0.0290938 -0.0286588 -0.00757999 0.0131156 -0.0126921 -0.0260348 0.00883897
internal_weight=2745.85 781.144 1964.7 602.895 1914.1 853.938 472.872 1060.17 335.404 139.268 925.742 362.342 589.334 523.647 130.022 196.135 114.831 16.3411 98.49 65.6876 264.604 30.4926 134.424 129.768 178.25 32.5863 563.4 234.111 50.6012 22.5506
internal_count=18102 7100 11002 4774 10663 5292 3890 5371 2773 1073 4730 1881 3562 2996 884 1700 763 113 650 566 1730 172 641 615 2326 418 2849 1558 339 276
is_linear=0
shrinkage=0.05


Tree=36
num_leaves=31
num_cat=0
split_feature=8 8 9 3 6 1 8 11 11 11 15 11 1 11 9 15 6 6 7 12 11 8 1 12 13 17 13 14 11 18
split_gain=73.3706 20.6621 19.1215 17.0701 14.856 15.6222 19.3601 11.7635 15.7677 11.4776 11.9407 22.4501 10.7856 9.36254 8.80827 8.77151 8.71823 8.3043 8.93085 8.17891 7.56124 7.12446 8.03009 6.8382 5.67241 11.9198 5.72059 5.55659 9.90695 8.82941
threshold=37.150000000000013 38.650000000000013 429.00000000000006 5.5000000000000009 6.5000000000000009 10.500000000000002 34.850000000000001 16.500000000000004 19.000000000000004 13.500000000000002 407.00000000000006 57.000000000000007 9.5000000000000018 11.500000000000002 513.00000000000011 133.50000000000003 5.5000000000000009 4.5000000000000009 54.500000000000007 34.315625000000004 25.000000000000004 40.45000000000001 3.5000000000000004 28.943636363636369 56.184659090909101 1014.0000000000001 57.218750000000007 35.500000000000007 37.500000000000007 6.5000000000000009
decision_type=2 2 2 2 2 2 2 2 2 2 2 2 2 2 2 2 2 2 2 2 2 2 2 2 2 2 2 2 2 2
left_child=2 3 23 9 5 7 16 14 -9 -2 19 -12 13 -5 -4 -15 -7 18 -14 -11 -8 22 24 -1 25 -3 -26 -6 29 -29
right_child=1 21 4 12 27 6 20 8 -10 10 11 -13 17 15 -16 -17 -18 -19 -20 -21 -22 -23 -24 -25 26 -27 -28 28 -30 -31
leaf_value=0.055713785760528739 0.035988279466760767 0.003940418038831231 0.012710272152059228 0.068015215159898793 -0.018292385420717042 0.014240617107568283 -0.011497045287209519 -0.011844047028476867 0.0090191502776015755 0.0083479766479106193 -0.010649148570384917 0.11858044012434432 -0.03282160388418106 -0.010585223522323002 0.030510028456994201 0.0098864768245087789 -0.027601246726868169 -0.028422559276623557 0.003424229866433036 -0.030818172271895223 0.0062362783817336816 -0.051523552047387726 -0.029020493958255157 -0.029396431553105781 -0.03378216943037779 0.13406850081835811 0.065360279951988592 0.053573183051611899 0.10291943968044533 -0.059198646785240706
leaf_weight=2.483955278992652 8.7427161522209627 10.868919860571625 593.8053949996829 5.6533216610550872 78.110471531748772 206.98309991508722 257.25935641676188 111.03144013881683 491.23945882171392 14.586735017597674 22.400935918092731 3.9539406895637503 21.480980642139912 79.474124439060688 78.716270603239536 153.16900888830423 13.246037647128103 53.571163360029459 81.375870421528816 154.65134814381599 78.438716366887093 26.971208434551954 120.80721527710557 47.306973859667778 11.677339818328617 2.0998029336333266 1.66209016740322 3.1013547480106336 2.7125959023833275 3.9416290819644928
leaf_count=15 65 126 3183 36 690 1020 1494 626 2622 118 157 20 160 629 394 1125 95 485 524 1455 463 463 1547 324 145 23 22 25 18 33
internal_value=0.000314061 -0.0127374 0.00544045 -0.00833108 0.00623435 0.00719824 0.000203989 0.0102484 0.00517292 -0.0200619 -0.0225672 0.00873877 -0.00225843 0.00443801 0.0147937 0.00289306 0.011724 -0.0124595 -0.00414548 -0.0274424 -0.0073535 -0.0279002 -0.0235692 -0.0251505 0.00146321 0.0250098 -0.021429 -0.0138488 0.02173 -0.00953994
internal_weight=2741.52 773.147 1968.38 599.06 1918.59 1830.72 555.927 1274.79 602.271 204.336 195.593 26.3549 394.724 238.296 672.522 232.643 220.229 156.428 102.857 169.238 335.698 174.087 147.115 49.7909 26.3082 12.9687 13.3394 87.8661 9.75558 7.04298
internal_count=18102 7100 11002 4774 10663 9897 3072 6825 3248 1815 1750 177 2959 1790 3577 1754 1115 1169 684 1573 1957 2326 1863 339 316 149 167 766 76 58
is_linear=0
shrinkage=0.05


Tree=37
num_leaves=31
num_cat=0
split_feature=8 8 9 0 3 6 1 18 7 8 7 11 11 14 11 9 11 11 11 9 1 11 8 1 5 13 13 8 9 0
split_gain=66.7251 19.4661 17.4291 16.769 16.4139 14.6108 16.9595 13.9252 12.6057 11.455 11.2115 11.0323 21.4167 10.5177 10.2497 9.2302 8.92608 8.23455 8.75611 15.5667 7.95797 7.41509 7.06688 7.54354 8.29988 11.6649 6.80945 8.38294 6.53146 6.01149
threshold=37.150000000000013 38.650000000000013 429.00000000000006 2003.5000000000002 8.5000000000000018 4.5000000000000009 4.5000000000000009 17.500000000000004 54.500000000000007 34.45000000000001 53.500000000000007 16.500000000000004 21.000000000000004 1.5000000000000002 57.000000000000007 477.00000000000006 10.500000000000002 53.000000000000007 31.000000000000004 449.00000000000006 4.5000000000000009 12.500000000000002 40.45000000000001 3.5000000000000004 1.0000000180025095e-35 56.184659090909101 56.483333333333341 38.350000000000001 437.00000000000006 2004.5000000000002
decision_type=2 2 2 2 2 2 2 2 2 2 2 2 2 2 2 2 2 2 2 2 2 2 2 2 2 2 2 2 2 2
left_child=2 3 -1 17 13 7 8 11 29 16 -11 -4 -13 20 -15 -10 -8 18 21 -20 -5 -2 23 24 25 -3 27 -6 -9 -7
right_child=1 22 5 4 26 6 9 28 15 10 -12 12 -14 14 -16 -17 -18 -19 19 -21 -22 -23 -24 -25 -26 -27 -28 -29 -30 -31
leaf_value=-0.024287849167492562 0.052453389409535846 0.066788108343818195 0.011977019910229097 -0.0075943259914052685 0.024147342192095276 0.034959911067837482 0.082814403835477848 -0.033913642811018684 0.0029622636536004061 -0.041101702139026641 -0.0047413357007046759 -0.016227764142479804 0.0094694521402594514 -0.0082122495928593671 0.050185763367501447 0.025686806376059093 0.0082975644990795159 -0.058535633943217674 0.13235291564022866 0.020418315147390204 -0.027241459361116518 3.2394266680152545e-05 -0.051268684123096479 -0.028249973818016312 -0.041803836678622294 -0.013787835535059337 -0.015629644399590928 -0.034897848112137135 0.026789496880039194 -0.030675411045964912
leaf_weight=49.011621072888374 7.2695805430412284 7.6698487885296407 567.93656820058823 69.60840842872858 51.127549506723881 4.1693148985505131 4.1644454151391974 4.5857165902853003 70.223628029227257 22.147075563669205 496.10242448747158 122.23544334620237 240.82632883638144 109.47549217939377 8.0673994570970518 122.86954701691866 114.87727422267199 4.5003550201654425 3.6539270728826549 20.714660361409187 198.55632359161973 93.663220576941967 25.780139997601509 117.97020815312862 7.8316922932863227 10.83988159522414 21.705293260514736 6.8122265860438338 131.56617435067892 21.366057373583317
leaf_count=339 44 76 2849 599 369 30 20 26 416 183 3154 647 1234 819 50 692 640 38 29 139 1828 634 463 1547 108 132 157 68 615 157
internal_value=0.00029307 -0.0122387 0.0051559 -0.00797552 -0.0124081 0.00590631 0.00103993 0.00980944 0.0130564 -0.00308241 -0.00629517 0.00762523 0.000817727 -0.0166752 -0.00420418 0.0174224 0.0109044 0.00791579 0.0103025 0.0372023 -0.0221416 0.00380796 -0.0271557 -0.0228482 0.00134394 0.0196003 0.00825684 0.0172051 0.024745 -0.0199587
internal_weight=2737.33 765.246 1972.08 595.154 465.353 1923.07 855.92 1067.15 218.629 637.291 518.25 930.998 363.062 385.708 117.543 193.093 119.042 129.802 125.301 24.3686 268.165 100.933 170.092 144.312 26.3414 18.5097 79.6451 57.9398 136.152 25.5354
internal_count=18102 7100 11002 4774 3890 10663 5292 5371 1295 3997 3337 4730 1881 3296 869 1108 660 884 846 168 2427 678 2326 1863 316 208 594 437 641 187
is_linear=0
shrinkage=0.05


Tree=38
num_leaves=31
num_cat=0
split_feature=8 8 9 3 6 12 0 7 17 11 0 11 17 9 12 8 12 17 13 8 8 7 8 11 11 5 12 12 13 17
split_gain=60.6716 18.3259 15.8776 15.4423 13.0993 15.9431 16.0903 15.4917 11.6771 10.0781 8.93987 11.8854 10.1061 9.60547 8.68211 7.92767 7.91697 7.61953 8.66159 7.05666 7.00072 5.74449 5.62793 5.49485 7.91364 9.0441 8.01871 5.43643 5.13832 5.0527
threshold=37.150000000000013 38.650000000000013 429.00000000000006 5.5000000000000009 4.5000000000000009 18.805000000000003 2007.5000000000002 57.250000000000007 61.500000000000007 13.500000000000002 2003.5000000000002 16.500000000000004 1170.0000000000002 465.00000000000006 117.62256944444447 37.45000000000001 76.253125000000011 1327.5000000000002 56.261363636363647 37.550000000000004 40.45000000000001 55.750000000000007 34.150000000000013 31.000000000000004 27.000000000000004 1.0000000180025095e-35 56.907986111111107 31.06130952380953 55.741666666666667 16.500000000000004
decision_type=2 2 2 2 2 2 2 2 2 2 2 2 2 2 2 2 2 2 2 2 2 2 2 2 2 2 2 2 2 2
left_child=2 3 27 9 14 -6 7 -7 -8 -2 12 13 28 -12 17 -13 19 22 -19 -11 23 -14 -4 24 25 -3 -26 -1 -5 -25
right_child=1 20 4 10 5 6 8 -9 -10 16 11 15 21 -15 -16 -17 -18 18 -20 -21 -22 -23 -24 29 26 -27 -28 -29 -30 -31
leaf_value=0.030947435566731987 0.032776410195764154 -0.01088488083850233 0.019050173727094052 -0.0021021186027787102 0.10552726778310778 0.010580156800018696 -0.022608114721661757 0.10924208794379167 -0.0010410338248095028 -0.0051116505539829833 -0.018838298671008349 -0.0012831632818429287 0.018156497832255758 0.004680130267793953 -0.029719058836973553 -0.03919460462714236 -0.045677732330942883 0.014262005635876132 0.048437710658431984 -0.026201925080409739 -0.051018946628140487 0.089900520463393321 0.0070814588300702119 0.028027706084485474 -0.013770851405225696 -0.043004925424001049 0.09683010969666625 -0.028611636806497955 0.025154029535874076 -0.047331859784239004
leaf_weight=4.1961407959461203 8.9868846721947175 74.03292378038168 111.04146714508533 62.371867068111897 3.6314614862203589 208.32404082268476 70.537936106324196 4.056155025959014 569.28824969381094 69.640439167618752 57.57624726369977 21.200915560126305 5.296133525669573 176.51869255304337 14.08211664110422 39.445045825093985 28.559581611305475 70.330325648188591 25.176423743367195 92.13568302616477 24.63984913751483 5.8964692279696465 850.53546115010977 2.4208208732306984 3.6447514705359927 31.131191108375788 2.9776555970311165 44.079083308577538 23.923976838588715 27.394655533134937
leaf_count=26 65 907 508 412 17 1284 566 19 3406 541 479 146 30 1349 77 364 274 317 109 935 463 30 4360 33 48 454 43 313 149 378
internal_value=0.000273266 -0.0117542 0.00488749 -0.00763231 0.00559701 0.000985051 0.000539571 0.0124645 -0.00341871 -0.0189647 -0.00187344 -0.00621476 0.0112519 -0.00110429 0.00928187 -0.0259413 -0.0214077 0.00980143 0.023271 -0.0171231 -0.0264217 0.0559526 0.00846359 -0.0221416 -0.0170548 -0.0203932 0.035959 -0.0234347 0.00545416 -0.0412132
internal_weight=2733.07 757.794 1975.28 591.552 1927 855.838 852.206 212.38 639.826 199.323 392.229 294.741 97.4884 234.095 1071.17 60.646 190.336 1057.08 95.5067 161.776 166.242 11.1926 961.577 141.602 111.787 105.164 6.62241 48.2752 86.2958 29.8155
internal_count=18102 7100 11002 4774 10663 5292 5275 1303 3972 1815 2959 2338 621 1828 5371 510 1750 5294 426 1476 2326 60 4868 1863 1452 1361 91 339 561 411
is_linear=0
shrinkage=0.05


Tree=39
num_leaves=31
num_cat=0
split_feature=6 1 9 6 16 11 11 7 17 9 14 17 15 14 2 1 1 15 9 11 17 17 13 13 14 17 16 11 14 6
split_gain=20.8529 17.5595 14.8544 14.6996 14.3209 11.725 10.5544 9.00172 13.933 9.76922 8.31716 8.47343 8.18074 8.00447 7.776 7.52643 8.43734 7.32375 6.89018 6.71627 6.34412 6.10014 12.4686 12.0582 7.79764 7.40581 6.03755 5.92565 5.55461 10.2971
threshold=4.5000000000000009 5.5000000000000009 467.00000000000006 6.5000000000000009 10.500000000000002 12.500000000000002 68.000000000000014 55.250000000000007 1408.5000000000002 477.00000000000006 38.500000000000007 1369.0000000000002 11.500000000000002 46.500000000000007 4.5000000000000009 9.5000000000000018 5.5000000000000009 99.500000000000014 423.00000000000006 57.000000000000007 61.500000000000007 934.00000000000011 55.939338235294123 55.925824175824182 21.500000000000004 908.00000000000011 35.500000000000007 11.500000000000002 29.500000000000004 3.5000000000000004
decision_type=2 2 2 2 2 2 2 2 2 2 2 2 2 2 2 2 2 2 2 2 2 2 2 2 2 2 2 2 2 2
left_child=2 3 4 7 19 15 12 10 9 -9 11 -2 -7 18 -14 16 -4 -17 -6 28 -5 25 23 24 -23 -3 -20 -24 -1 -30
right_child=1 21 5 20 13 6 -8 8 -10 -11 -12 -13 14 -15 -16 17 -18 -19 26 -21 -22 22 27 -25 -26 -27 -28 -29 29 -31
leaf_value=-0.013164881286369024 -0.0043097277223192185 -0.01452853333781709 0.032680328884847752 -0.048439034256584135 -0.034072395293500618 -0.048762987275604713 -0.066494181979549968 -0.0025299726890920683 -0.045414058246812827 0.01394855172426062 -0.036158113447096844 0.047464413820390315 -0.018987863815451804 0.057863732702022379 0.0078094255031136307 -0.028763819744661884 0.10435028688537247 0.025011425300752611 -0.00031608303086631237 -0.059550015556012838 -0.012938372192738454 0.013075269126553999 0.028230740951248126 0.077927701521750395 -0.032324153944479316 -0.064534323118125195 0.015959022420139822 -0.025220400560025266 0.041814553697376362 -0.014351123634983011
leaf_weight=204.44374712556601 203.54659961163998 336.62421522289515 14.273933961987497 15.306255731731651 11.448753774166105 6.6245905980467787 4.9647431373596183 132.84522195905447 12.283445116132496 278.49690523743629 19.836535219103098 8.2218799479305726 27.915748655796051 7.0452401451766482 895.28714966401458 7.4308730363845816 5.7650534175336352 42.797144077718258 156.54528421163559 7.0598695054650298 70.7735948972404 52.435141768306494 5.7526533231139174 6.1979007646441451 11.539533395320175 7.5706157870590678 89.599016524851322 52.561756946146488 13.858535114675758 19.847166631370783
leaf_count=1463 1496 2727 71 198 87 46 31 885 73 1836 142 49 157 38 5268 41 38 203 898 61 694 336 34 37 66 49 511 355 82 130
internal_value=0.000255213 -0.00462731 0.00416789 0.000174477 -0.00278363 0.00769427 0.00621363 0.00272646 0.00705975 0.00862672 -0.00519952 -0.0022996 0.00660185 0.00528272 0.00699913 0.0273918 0.0532992 0.0170558 0.00384461 -0.0114891 -0.0192509 -0.012158 -0.00286131 0.0113376 0.00488628 -0.0156284 0.00560822 -0.0199475 -0.0100643 0.00874212
internal_weight=2728.9 1213.99 1514.91 741.31 509.848 1005.06 934.792 655.231 423.626 411.342 231.605 211.768 929.827 264.638 923.203 70.267 20.039 50.228 257.593 245.209 86.0799 472.682 128.487 70.1726 63.9747 344.195 246.144 58.3144 238.149 33.7057
internal_count=18102 8977 9125 5373 3270 5855 5502 4481 2794 2721 1687 1545 5471 1534 5425 353 109 244 1496 1736 892 3604 828 439 402 2776 1409 389 1675 212
is_linear=0
shrinkage=0.05


Tree=40
num_leaves=31
num_cat=0
split_feature=8 8 3 15 7 9 15 9 13 15 0 11 8 3 0 0 16 16 9 8 3 8 8 18 13 0 1 13 13 15
split_gain=47.4668 19.6344 18.5288 16.6236 16.1216 14.3308 13.4768 12.9269 12.385 12.1316 11.1434 10.3662 10.3095 10.1766 13.0991 10.0169 9.8633 10.2391 9.79785 10.5327 9.24919 9.23572 9.08959 9.0792 8.85422 10.5514 8.56658 28.7728 11.2062 9.95321
threshold=37.150000000000013 39.150000000000013 5.5000000000000009 193.00000000000003 54.500000000000007 535.00000000000011 407.00000000000006 503.00000000000006 57.343750000000007 695.00000000000011 2007.5000000000002 57.000000000000007 34.150000000000013 6.5000000000000009 2009.5000000000002 2003.5000000000002 34.500000000000007 38.500000000000007 483.00000000000006 36.95000000000001 7.5000000000000009 37.050000000000004 34.050000000000004 12.500000000000002 55.942810457516345 2006.5000000000002 5.5000000000000009 55.620192307692314 56.148351648351657 170.50000000000003
decision_type=2 2 2 2 2 2 2 2 2 2 2 2 2 2 2 2 2 2 2 2 2 2 2 2 2 2 2 2 2 2
left_child=3 2 6 7 -5 13 8 12 -2 11 16 -8 24 14 -4 20 21 -18 22 -20 -3 -6 -12 -15 25 -1 27 29 -28 -9
right_child=1 15 5 4 10 -7 9 26 -10 -11 18 -13 -14 23 -16 -17 17 -19 19 -21 -22 -23 -24 -25 -26 -27 28 -29 -30 -31
leaf_value=0.10870252652722762 -0.025951812574181665 0.0077758018010874357 0.027633561363140532 -0.0045221898223276758 0.02503003296420412 0.047535568999706714 0.016695570304118969 0.061345987687674366 0.076592492456684355 -0.041445454325639688 0.020913144372708956 0.1109458789694599 -0.005546510849471986 -0.021020193289659993 -0.0069849495983650353 -0.043998007376095861 -0.05548999813405079 0.010897126494501792 0.01631350715117183 -0.015864743374037364 -0.04038399839186152 0.087822090800447117 -0.00064237064050176574 -0.002133389387154563 -0.0084337424912058114 0.02164285630377084 -0.010702885742096175 0.0066416153540643785 0.030684767721276152 0.15321561892473953
leaf_weight=3.8565853834152213 176.9556621722877 24.473470617085695 54.846552420407534 196.67279084771872 153.91220247745514 14.625952862203119 17.141035571694381 13.678073957562448 2.994325563311576 7.5169422104954711 57.732299014925957 3.5157499760389319 623.45196992531419 87.447935912758112 54.455715596675873 58.57082561776042 6.7259092181920996 42.564247235655785 354.90115880221128 27.393486626446247 16.822221726179123 6.0876237899065009 319.9171505048871 233.63539592921734 23.860707975924015 35.671075537800789 55.345589570701122 50.45119708776474 23.215724512934685 3.7582888305187216
leaf_count=19 1771 307 410 1160 797 99 122 80 31 56 275 17 3793 709 465 1031 34 204 1787 147 206 35 1738 1880 126 201 301 282 128 19
internal_value=0.000645597 -0.0100537 -0.00689658 0.00467551 0.00853003 -0.00113732 -0.0192111 -0.000717591 -0.0242455 0.0129445 0.0111785 0.0327368 -0.00359323 -0.00279139 0.0103862 -0.0307015 0.0213945 0.00183824 0.00836502 0.0140078 -0.0118426 0.0274191 0.00265288 -0.00727726 0.0156182 0.030137 0.012769 0.0257779 0.00152762 0.0811479
internal_weight=2752.2 753.002 653.135 1999.2 1165.91 445.012 208.124 833.289 179.95 28.1737 969.234 20.6568 686.84 430.386 109.302 99.8665 209.29 49.2902 759.944 382.295 41.2957 160 377.649 321.083 63.3884 39.5277 146.449 67.8876 78.5613 17.4364
internal_count=18230 7104 5560 11126 6177 3563 1997 4949 1802 195 5017 139 4139 3464 875 1544 1070 238 3947 1934 513 832 2013 2589 346 220 810 381 429 99
is_linear=0
shrinkage=0.05


Tree=41
num_leaves=31
num_cat=0
split_feature=8 8 3 6 8 1 8 14 13 0 13 1 0 3 3 6 13 12 3 8 8 0 16 2 13 8 12 13 13 12
split_gain=43.0878 18.5024 17.1021 13.7233 13.3827 10.5144 11.3722 10.5704 10.0641 9.77613 9.66955 9.566 9.50243 20.8089 8.66725 7.6705 10.0211 7.5938 7.46149 9.55795 8.28222 7.08221 6.89766 6.23836 6.15578 10.2979 5.98051 5.68328 5.06773 4.70748
threshold=37.150000000000013 39.150000000000013 5.5000000000000009 4.5000000000000009 33.250000000000007 10.500000000000002 34.150000000000013 47.500000000000007 57.343750000000007 2003.5000000000002 55.566964285714292 5.5000000000000009 2009.5000000000002 6.5000000000000009 7.5000000000000009 5.5000000000000009 55.781746031746039 79.18125000000002 5.5000000000000009 35.150000000000013 35.550000000000004 2020.5000000000002 1.0000000180025095e-35 5.5000000000000009 54.822916666666679 39.850000000000001 55.620833333333337 56.870833333333344 55.433035714285722 87.702521008403366
decision_type=2 2 2 2 2 2 2 2 2 2 2 2 2 2 2 2 2 2 2 2 2 2 2 2 2 2 2 2 2 2
left_child=4 2 8 12 -1 7 10 15 17 14 28 -5 13 -4 24 16 -6 23 20 -20 -8 -14 -17 -2 25 -3 -26 -13 -7 -12
right_child=1 9 3 11 5 6 18 -9 -10 -11 29 27 21 -15 -16 22 -18 -19 19 -21 -22 -23 -24 -25 26 -27 -28 -29 -30 -31
leaf_value=0.043308969483624456 -0.008414299266909982 0.097259410089864939 0.051809751915180814 -0.0021215638380620481 0.0039047260230947027 0.028481233559343479 -0.031962148648685657 -0.025130633127595482 0.063220252304542424 -0.043484131356357342 -0.0021974029128903933 -0.028583130866124563 -0.011008578422842891 0.0049476908879555401 -0.039681377309782363 0.072668553349707649 0.013417550777940017 -0.049691687599722978 0.0076100892416184375 -0.0077492796018899775 0.0010705771180975156 0.016563478679271861 -0.001809689771966925 -0.027015242291309822 0.015598871830424322 -0.0075677025162607069 -0.047671273247498445 0.028147002140106427 0.081155960562819277 0.037502583357616255
leaf_weight=21.893561959266663 99.250106535851955 4.2084091752767581 30.655946984887123 113.99294109269977 539.88188741356134 22.410717166960243 46.854999825358391 26.101847946643829 3.6958378180861464 56.356166627258062 50.745589151978493 70.954751644283533 88.384223349392414 104.23533175513148 16.277985144406557 3.1480351686477652 568.22117947787046 19.503824155777693 164.68533810973167 263.11269793659449 31.891267217695713 31.623016696423292 248.97536730766296 82.580233231186867 8.4219402410089952 5.2850668802857399 6.7111333571374407 4.7077216133475295 5.7345376983284941 8.7553473189473134
leaf_count=101 958 41 206 944 2857 110 271 144 34 1031 249 702 674 736 206 17 2827 199 889 1582 197 250 1813 806 102 76 88 51 27 42
internal_value=0.000608919 -0.00964054 -0.00659532 -0.00108567 0.00443169 0.00400192 -0.00156278 0.00638699 -0.0185415 -0.029979 0.0150664 -0.0112701 0.00649201 0.0155978 -0.0113723 0.00699179 0.00878278 -0.0200424 -0.0044401 -0.00183653 -0.0185843 -0.00374309 -0.000879748 -0.0168621 0.00733989 0.0389016 -0.0124598 -0.0250534 0.0392136 0.00364431
internal_weight=2749.26 746.845 649.584 444.554 2002.41 1980.52 594.19 1386.33 205.03 97.2607 87.6462 189.655 254.899 134.891 40.9045 1360.23 1108.1 201.334 506.544 427.798 78.7463 120.007 252.123 181.83 24.6265 9.49348 15.1331 75.6625 28.1453 59.5009
internal_count=18230 7104 5560 3563 11126 11025 3367 7658 1997 1544 428 1697 1866 942 513 7514 5684 1963 2939 2471 468 924 1830 1764 307 117 190 753 137 291
is_linear=0
shrinkage=0.05


Tree=42
num_leaves=31
num_cat=0
split_feature=8 17 16 8 8 15 8 17 9 11 18 8 8 11 8 9 11 12 12 18 6 16 15 17 16 12 9 2 12 12
split_gain=39.8547 17.4591 14.4054 16.4626 11.1784 10.9173 13.242 12.8371 9.84608 9.82046 9.44737 12.6434 11.6124 11.1675 10.7769 12.8571 10.655 9.69991 8.06141 7.63657 7.44577 7.15014 8.73007 7.13248 6.56291 8.57734 8.16034 5.85221 10.442 5.60029
threshold=37.850000000000001 648.00000000000011 2.5000000000000004 33.250000000000007 39.45000000000001 189.50000000000003 36.95000000000001 934.00000000000011 545.00000000000011 39.500000000000007 15.500000000000002 34.150000000000013 33.850000000000001 43.000000000000007 37.45000000000001 511.00000000000006 15.500000000000002 37.344848484848491 55.414743589743587 19.500000000000004 4.5000000000000009 28.500000000000004 66.000000000000014 12.500000000000002 14.500000000000002 72.627500000000012 489.00000000000006 5.5000000000000009 40.77884615384616 41.150000000000006
decision_type=2 2 2 2 2 2 2 2 2 2 2 2 2 2 2 2 2 2 2 2 2 2 2 2 2 2 2 2 2 2
left_child=1 10 9 -4 8 7 -7 -5 20 -3 11 12 13 -1 15 23 -17 -14 -10 -6 24 -13 -23 -12 26 -26 -2 28 -22 -16
right_child=4 2 3 5 19 6 -8 -9 18 -11 14 21 17 -15 29 16 -18 -19 -20 -21 27 22 -24 -25 25 -27 -28 -29 -30 -31
leaf_value=0.0083736916756995509 -0.024364031912159651 0.022325460129876448 0.061007654641092403 -0.013301293677057405 -0.038341102291834031 0.012058119927076699 -0.0047292643753557581 0.0049178919295664834 -0.00064933957608471799 0.082076762798585473 0.03315045302843022 -0.0040623349154835656 0.099957898166365411 -0.063121369706808109 0.018397095274782803 0.092332215790422958 0.024236393563225437 0.025685672169220866 0.11502499014389223 0.021597751889813378 0.036953318947999851 0.025633780877933651 -0.02160774298867927 0.0026677268916403154 -0.0023694904838372343 0.040231498175770958 0.0078138250038522136 -0.03071611929243577 -0.018418547911459197 -0.026667622650855285
leaf_weight=39.648135006427765 58.82114627584815 64.103324674069881 13.289118498563765 146.62810233980417 61.69095066562295 592.36038988828659 146.52728838473558 283.83816356211901 3.2838282734155646 7.7029870301485053 21.526050686836243 656.10545347258449 5.2058177888393393 6.3345767036080352 8.763235926628111 7.4739643409848204 24.824892334640026 28.257959254086018 2.7823524698615074 5.8148904852569094 10.079451452940701 10.745576839894055 108.75824059173465 176.82395491749048 53.729103080928326 15.146358948200939 29.627182751893997 69.259101092815399 54.829965982586145 32.322104014456272
leaf_count=213 638 316 58 837 1069 2898 912 1574 27 37 139 4389 25 45 61 37 138 155 20 82 107 71 680 1047 504 136 292 812 666 245
internal_value=0.000574613 0.00293302 0.00699067 0.00567041 -0.0148088 0.00504153 0.00872905 -0.00128804 -0.0106414 0.0287353 -0.00158434 -0.00416528 0.0148319 -0.00147547 0.00653703 0.0107396 0.0399938 0.0372399 0.0524066 -0.033178 -0.0119535 -0.00611118 -0.0173599 0.00597588 -0.00457381 0.00699887 -0.0135855 -0.0206068 -0.00982013 -0.0170556
internal_weight=2746.3 2381.24 1254.45 1182.64 365.064 1169.35 738.888 430.466 297.558 71.8063 1126.79 855.056 79.4465 45.9827 271.734 230.649 32.2989 33.4638 6.06618 67.5058 291.492 775.609 119.504 198.35 157.324 68.8755 88.4483 134.169 64.9094 41.0853
internal_count=18230 13877 6632 6279 4353 6221 3810 2411 3202 353 7245 5578 438 258 1667 1361 175 180 47 1151 3155 5140 751 1186 1570 640 930 1585 773 306
is_linear=0
shrinkage=0.05


Tree=43
num_leaves=31
num_cat=0
split_feature=17 15 6 6 18 0 0 9 11 11 13 6 15 15 12 12 9 17 11 9 1 0 9 13 12 17 12 13 11 0
split_gain=20.1448 13.5948 13.9625 11.8391 11.7628 9.64547 10.7964 10.3804 12.6469 9.44363 8.86794 7.9452 7.90693 19.511 16.0666 12.3712 17.9044 12.3058 10.7007 9.6697 8.15415 8.15059 15.893 7.72764 12.6746 7.37706 7.13677 7.11889 5.73763 4.57115
threshold=622.50000000000011 522.50000000000011 6.5000000000000009 3.5000000000000004 6.5000000000000009 2007.5000000000002 2019.5000000000002 489.00000000000006 44.500000000000007 33.000000000000007 56.394444444444453 3.5000000000000004 200.00000000000003 202.00000000000003 18.805000000000003 53.011111111111113 459.00000000000006 1369.0000000000002 14.500000000000002 439.00000000000006 10.500000000000002 2009.5000000000002 533.00000000000011 56.620192307692314 51.851428571428578 642.50000000000011 52.477500000000006 56.514705882352949 62.000000000000007 2000.5000000000002
decision_type=2 2 2 2 2 2 2 2 2 2 2 2 2 2 2 2 2 2 2 2 2 2 2 2 2 2 2 2 2 2
left_child=1 2 5 4 -3 7 9 10 -9 -7 -1 -8 14 -14 -2 18 29 -18 -16 -20 21 22 -15 -5 -25 -22 -6 -27 -23 -17
right_child=12 3 -4 23 26 6 11 8 -10 -11 -12 -13 13 20 15 16 17 -19 19 -21 25 28 -24 24 -26 27 -28 -29 -30 -31
leaf_value=-0.00019410082723061821 0.11187322490748193 0.11583467823705298 -0.028338263990388607 -0.0016731834543780605 -0.020623971303985467 -0.0098271370614009691 0.021537812176537413 0.019051604405222682 -0.03903519031737037 -0.034302651981474488 -0.02843550169685647 -0.0030984952851828718 0.097330355551639547 0.015106221771038753 0.010162428088369117 0.033106099594186145 0.0090967828094760794 0.048425944118930642 -0.063362924921264802 -0.010899389213181884 -0.04569220364212595 0.0046549888940839263 0.093827446814613399 0.082534139445212859 -0.015159474486102227 0.0035330500295766712 0.065855095874034694 -0.026071314667360224 0.033997826598170876 -0.022435941600877654
leaf_weight=252.67578502744436 3.1882350184023371 5.2728172764182082 63.374981451779604 55.242353670299053 4.7530318200588209 429.32395294308662 39.513860698789358 111.30497782677412 10.232032477855681 43.394311632961035 31.232329718768597 190.50833276286721 5.9918152019381514 210.69486606866121 63.788587115705013 3.9846687465906134 209.76348781213164 21.972780477255583 9.1503796875476819 218.69953963905573 9.0761810168623906 443.84574255719781 6.6127563454210749 7.711453862488268 5.8300696052610874 188.48238414898515 4.7900024019181728 22.758746076375246 17.309459216892719 52.673290640115738
leaf_count=1985 15 26 762 333 23 3108 262 789 81 329 239 1421 36 1213 366 23 1363 122 62 1376 54 2536 38 44 39 994 27 121 102 341
internal_value=0.000542354 -0.00412292 -0.00551296 0.015357 0.0558992 -0.00420763 -0.00775082 0.00193362 0.0141614 -0.0120739 -0.0033009 0.0011336 0.00447764 0.00740395 -6.20582e-05 -0.000677327 0.00666576 0.0128259 -0.00793873 -0.0130063 0.00680444 0.00951834 0.0175017 0.00662433 0.0404738 -0.00155296 0.0227831 0.000343528 0.00575637 -0.0185298
internal_weight=2743.15 1255.16 1171.56 83.5997 14.8159 1108.19 702.74 405.445 121.537 472.718 283.908 230.022 1487.99 904.772 583.221 580.033 288.394 231.736 291.639 227.85 898.78 678.463 217.308 68.7839 13.5415 220.317 9.54303 211.241 461.155 56.658
internal_count=18230 9468 8976 492 76 8214 5120 3094 870 3437 2224 1683 8762 5094 3668 3653 1849 1485 1804 1438 5058 3889 1251 416 83 1169 50 1115 2638 364
is_linear=0
shrinkage=0.05


Tree=44
num_leaves=31
num_cat=0
split_feature=17 16 6 9 11 6 14 17 17 9 16 11 17 17 14 12 6 12 17 17 13 1 11 11 7 13 11 12 14 1
split_gain=18.1902 12.7727 12.1207 10.1371 11.9985 10.2846 12.1777 9.27196 19.7621 12.2512 9.13444 11.7468 8.88202 8.81862 10.0187 10.9452 9.69172 7.91132 7.75872 19.2871 7.3001 7.0829 6.81167 6.80075 21.1046 6.22916 5.84761 5.57211 5.42628 5.3526
threshold=622.50000000000011 2.5000000000000004 6.5000000000000009 489.00000000000006 62.000000000000007 4.5000000000000009 47.500000000000007 934.00000000000011 964.00000000000011 471.00000000000006 1.5000000000000002 46.500000000000007 505.00000000000006 886.00000000000011 7.5000000000000009 68.637500000000003 5.5000000000000009 38.314583333333339 1014.0000000000001 1073.5000000000002 56.88750000000001 4.5000000000000009 31.000000000000004 57.000000000000007 56.750000000000007 56.24038461538462 41.000000000000007 46.554086538461547 19.500000000000004 11.500000000000002
decision_type=2 2 2 2 2 2 2 2 2 2 2 2 2 2 2 2 2 2 2 2 2 2 2 2 2 2 2 2 2 2
left_child=2 10 3 12 5 6 -5 13 9 27 20 17 -1 23 15 -15 -16 -12 28 -20 25 -7 -19 26 -25 -2 -3 -9 -10 -14
right_child=1 7 -4 4 -6 21 -8 8 18 -11 11 -13 29 14 16 -17 -18 22 19 -21 -22 -23 -24 24 -26 -27 -28 -29 -30 -31
leaf_value=-0.0048965048005071791 -0.00097771344723480112 0.0024503156050333114 -0.024997018928764932 0.013801372323581843 -0.060586701961080583 0.0086531428011503621 -0.065745292268728717 0.042863541266389742 -0.005922400757550266 0.058077413384803205 -0.023278487570004031 0.11079115066710465 -0.038806672059648717 -0.012458875496087388 0.017957219875334621 -0.0519811778137814 -0.043148729773085572 0.051552698624389097 0.033354447716527763 0.0037939923093430628 -0.051268993060111505 -0.011210499882091496 -0.0067272315664177575 0.111931300152822 -0.017077130221441573 0.045562784463067982 -0.020447816103129228 -0.019408945379155482 -0.050139863565259318 0.0021683475952543958
leaf_weight=725.95308088511229 21.937452748417854 337.85781694203615 64.760955967009068 213.90492329746485 7.1826464347541323 71.367384154349566 4.9219785258173934 5.6179616749286643 74.905521471053362 28.818724248558283 5.8913671970367423 5.100467011332511 31.609226807951927 74.533579237759113 36.14197339490056 22.899982381612062 7.9089127518236628 25.032858539372686 59.893761310726404 701.17187650501728 4.8839694783091536 120.90946140885353 6.2693105340003958 5.4844891242682916 7.5126593708992004 10.6946516148746 30.389556307345629 9.9625374004244787 7.6466119959950438 10.6573573872447
leaf_count=5473 123 2017 789 1307 65 523 28 30 466 154 32 24 238 493 197 152 58 134 330 4063 27 979 33 35 40 60 192 55 47 66
internal_value=0.000511758 0.00424314 -0.00393321 -0.00278352 0.00347969 0.00459904 0.0120122 0.00314226 0.00625225 0.0387656 0.0237027 0.039634 -0.00619377 -0.00214102 -0.0128016 -0.0217479 0.00698623 0.029876 0.00454109 0.00612032 0.00574243 -0.00383771 0.0398802 0.00181524 0.0373614 0.0142752 0.000560651 0.00304505 -0.0100182 -0.028475
internal_weight=2741.82 1490.56 1251.27 1186.51 418.286 411.104 218.827 1410.75 888.017 44.3992 79.8101 42.294 768.22 522.729 141.484 97.4336 44.0509 37.1935 843.618 761.066 37.5161 192.277 31.3022 381.245 12.9971 32.6321 368.247 15.5805 82.5521 42.2666
internal_count=18230 8762 9468 8679 2902 2837 1335 8329 5145 239 433 223 5777 3184 900 645 255 199 4906 4393 210 1502 167 2284 75 183 2209 85 513 304
is_linear=0
shrinkage=0.05


Tree=45
num_leaves=31
num_cat=0
split_feature=8 0 1 14 8 9 8 13 8 0 11 13 11 8 8 11 8 1 15 15 13 6 13 7 6 15 0 0 0 13
split_gain=47.8233 16.6522 13.6931 14.0488 13.4815 15.4718 12.3347 12.3181 9.6207 15.2745 14.0856 9.01543 8.75249 10.5952 8.62075 8.37111 7.84764 8.28908 7.64283 10.4889 7.93774 7.64052 7.5502 7.3813 7.34342 7.84499 7.32477 7.28418 7.03826 6.82801
threshold=37.750000000000007 2007.5000000000002 10.500000000000002 47.500000000000007 36.750000000000007 439.00000000000006 33.250000000000007 56.845238095238095 35.150000000000013 2012.5000000000002 9.5000000000000018 54.343137254901968 25.000000000000004 36.750000000000007 40.350000000000001 16.500000000000004 39.150000000000013 9.5000000000000018 135.50000000000003 301.00000000000006 55.433035714285722 3.5000000000000004 56.870833333333344 56.750000000000007 3.5000000000000004 553.50000000000011 2019.5000000000002 2017.5000000000002 2009.5000000000002 56.677083333333336
decision_type=2 2 2 2 2 2 2 2 2 2 2 2 2 2 2 2 2 2 2 2 2 2 2 2 2 2 2 2 2 2
left_child=2 14 3 4 5 15 -7 11 10 12 -4 -6 -10 -14 18 -1 17 21 -2 20 -20 26 -11 -23 25 -12 -3 -9 -26 -21
right_child=1 16 8 -5 7 6 -8 27 9 22 24 -13 13 -15 -16 -17 -18 -19 19 29 -22 23 -24 -25 28 -27 -28 -29 -30 -31
leaf_value=0.0044223994282817118 -0.014873175884895125 -0.0073552768593629332 0.1035042527027491 -0.029135212000918329 0.024603879257651791 0.060985301184493683 0.0094410809245687888 -0.040138385700859758 -0.0080507528003077641 -0.025081968219197916 0.008417989846275167 -0.00059930505482656696 0.032844914855855882 -0.0083431118160073627 -0.045380026774896824 -0.030941333728929505 -0.04650141784781614 -0.041807924928593171 -0.0036152817426921033 -0.023471095174389264 0.030723852410207517 -0.035538151781442311 0.028584959736528921 -0.0097875884798497813 0.010784266425722139 0.065194666551856573 0.071745679476845362 -0.003327268688122071 -0.011072264758432877 0.049579600896798422
leaf_weight=30.945341296494007 79.287805337458849 8.0374184958636743 3.4245790988206855 30.126874834299088 38.521245494484901 11.740567386150358 1017.8777209073305 30.092528074979782 132.63488712161779 132.17477720603347 100.44329162687063 449.81823525205255 35.158211670815945 28.087174110114574 12.915249314159153 36.439743757247925 38.508865421637893 38.813608482480049 28.130312979221344 32.472980506718159 41.889348793774843 44.523745808750391 6.8955868259072295 74.218790847808123 51.951090388000011 6.4763302952051154 4.6025725752115241 24.283536300063133 126.57717916369438 3.5483186654746524
leaf_count=189 821 82 17 183 262 51 5504 192 819 831 486 2910 205 190 246 247 759 463 271 301 415 541 44 756 272 28 44 161 707 27
internal_value=-0.000464654 -0.0162609 0.00233796 0.00469924 0.00532089 0.00850975 0.0100288 -0.00112484 -0.0039827 -0.00974911 0.00270351 0.00138878 -0.000752381 0.0145534 -0.00588318 -0.0147012 -0.0261184 -0.0215066 -0.00313071 0.00564924 0.0169281 -0.015509 -0.022421 -0.019443 0.00149418 0.0118571 0.0214476 -0.0236991 -0.00471209 -0.0162752
internal_weight=2700.62 406.949 2293.67 1669.85 1639.72 1097 1029.62 542.716 623.823 334.951 288.872 488.339 195.88 63.2454 198.244 67.3851 208.705 170.196 185.329 106.041 70.0197 131.383 139.07 118.743 285.448 106.92 12.64 54.3761 178.528 36.0213
internal_count=18024 4726 13298 9699 9516 5991 5555 3525 3599 2089 1510 3172 1214 395 2081 436 2645 1886 1835 1014 686 1423 875 1297 1493 514 126 353 979 328
is_linear=0
shrinkage=0.05


Tree=46
num_leaves=31
num_cat=0
split_feature=8 0 17 11 13 8 1 9 14 9 15 11 17 12 17 8 12 9 8 8 1 13 11 12 12 15 15 13 17 0
split_gain=43.7498 15.6535 13.8823 14.7196 12.2018 10.9748 12.4269 17.1897 11.222 10.9136 10.5301 10.4199 10.355 13.6352 9.33122 9.21443 8.48905 8.97994 8.1785 7.74516 7.97577 7.25218 7.21234 7.98833 10.2857 7.73536 11.3151 7.14154 6.78927 6.1487
threshold=37.750000000000007 2007.5000000000002 1253.5000000000002 51.500000000000007 55.513888888888893 36.750000000000007 10.500000000000002 439.00000000000006 43.500000000000007 531.00000000000011 22.500000000000004 16.500000000000004 1408.5000000000002 39.444642857142867 21.500000000000004 34.150000000000013 114.0746527777778 481.00000000000006 40.350000000000001 39.150000000000013 9.5000000000000018 54.59411764705883 14.500000000000002 37.344848484848491 39.670378151260515 138.50000000000003 301.00000000000006 56.845238095238095 1207.5000000000002 2003.5000000000002
decision_type=2 2 2 2 2 2 2 2 2 2 2 2 2 2 2 2 2 2 2 2 2 2 2 2 2 2 2 2 2 2
left_child=2 18 5 9 -5 6 7 11 16 12 -9 -1 13 -4 21 -16 28 -18 22 20 -3 -8 23 -2 -25 29 -27 -14 -7 -24
right_child=1 19 3 4 -6 8 14 10 -10 -11 -12 -13 27 -15 15 -17 17 -19 -20 -21 -22 -23 25 24 -26 26 -28 -29 -30 -31
leaf_value=0.0013486936966688359 -0.0083930164461460659 -0.014927243846591238 -0.0076509162808973286 0.026195274267003577 -0.058747422737103976 -0.0035280103200506247 0.024397381649659766 0.059152387657518124 -0.039123816314512679 0.069620266126073957 0.0075466358188307388 -0.040134949631582678 0.00072032835182678939 0.0282457793681434 0.0137560265189152 -0.0046942865643907657 0.10745376695270335 0.0010099263013253622 -0.044925064797141617 -0.046092061956757385 -0.041093915659707755 -0.036398531085036455 -0.0098431560466280075 0.15101532284320696 0.029867795260797005 0.015234587221456429 -0.02179333788034353 -0.069348466233508502 -0.044385543765063644 -0.042673224517186741
leaf_weight=30.27073260396719 10.621418207883837 129.79074659943581 33.206104137003422 6.4799673557281521 12.164079785346983 534.50779409706593 5.7871735244989386 9.993346802890299 23.097574386745691 9.441652871668337 911.51642036437988 30.278868436813354 49.298243649303913 130.1001870855689 82.74522203207016 371.45181193947792 3.5114211365580541 4.5473470166325569 12.406659353524445 36.947935231029987 37.545968160033226 32.187561959028244 49.587292768061161 2.1200780086219302 10.092590305954216 61.354340083897114 31.084903910756111 3.9261035919189444 10.364775814115999 20.02000430598855
leaf_count=186 89 1423 163 33 65 3557 40 63 161 44 4977 219 259 621 398 2139 25 31 246 759 463 225 471 19 95 597 294 23 69 270
internal_value=-0.000446795 -0.0156719 0.00221739 0.0134759 -0.0292245 0.000874134 0.0031608 0.00641061 -0.00497814 0.016999 0.00810628 -0.0193959 0.0147045 0.0209467 -0.00332373 -0.00133302 -0.00355177 0.0473904 -0.0056266 -0.0253731 -0.0207984 -0.0271335 -0.00298943 0.0233187 0.0508986 -0.00669653 0.00278306 -0.00444831 -0.00430522 -0.0192855
internal_weight=2696.45 401.572 2294.88 244.616 18.644 2050.26 1474.23 982.059 576.029 225.972 921.51 60.5496 216.531 163.306 492.172 454.197 552.931 8.05877 197.287 204.285 167.337 37.9747 184.881 22.8341 12.2127 162.047 92.4392 53.2243 544.873 69.6073
internal_count=18024 4726 13298 1208 98 12090 8247 5445 3843 1110 5040 405 1066 784 2802 2537 3682 56 2081 2645 1886 265 1835 203 114 1632 891 282 3626 741
is_linear=0
shrinkage=0.05


Tree=47
num_leaves=31
num_cat=0
split_feature=8 6 1 0 6 8 9 8 0 9 7 0 2 8 9 12 3 3 15 9 6 8 0 8 7 9 11 15 12 8
split_gain=40.5947 15.0034 11.9787 11.7703 10.3164 14.1252 11.0041 10.2889 9.59836 11.3615 9.97273 9.42547 12.3804 9.20707 8.33335 7.37116 7.2489 8.30934 7.75093 7.14203 9.54691 7.00076 6.98996 7.90295 7.59906 6.50442 8.62232 6.47397 6.1648 5.33949
threshold=38.250000000000007 5.5000000000000009 10.500000000000002 2007.5000000000002 3.5000000000000004 36.750000000000007 449.00000000000006 34.550000000000004 2019.5000000000002 431.00000000000006 53.500000000000007 2007.5000000000002 5.5000000000000009 34.150000000000013 427.00000000000006 40.981349206349215 5.5000000000000009 7.5000000000000009 38.500000000000007 507.00000000000006 3.5000000000000004 40.45000000000001 2004.5000000000002 36.45000000000001 56.750000000000007 513.00000000000011 35.000000000000007 150.00000000000003 25.314335664335669 35.750000000000007
decision_type=2 2 2 2 2 2 2 2 2 2 2 2 2 2 2 2 2 2 2 2 2 2 2 2 2 2 2 2 2 2
left_child=1 2 4 16 8 6 -6 11 9 -1 -10 12 -3 28 -7 -9 -2 18 -18 -19 -21 -20 24 -24 -15 26 -13 -17 -4 -29
right_child=3 7 13 -5 5 14 -8 15 10 -11 -12 25 -14 22 -16 27 17 19 21 20 -22 -23 23 -25 -26 -27 -28 29 -30 -31
leaf_value=-0.048229598808649257 -0.035091675421826597 -0.0070684459427471022 0.067673814925526932 -0.03238937994549923 -0.0073575056747104892 0.050440732002956928 0.01020772562981688 0.0019056748792564372 0.076587903219171485 0.013401997026041274 0.021382122706557233 -0.0083422397001369202 0.10894932952274768 -0.0020536399708552993 -0.0036900660972319062 -0.026663729379615669 -0.046671575761735251 -0.025016560115815423 0.027375550293826951 0.11033516170026009 -0.0047884805639366581 -0.040922343906885365 -0.0047668794132796691 -0.02190003477892016 0.030980071217477367 -0.053704126033881264 0.036497417174245143 -0.024471511669362379 0.0087962729759949367 -0.0039512087277372987
leaf_weight=7.8214193135499945 23.103941146284342 4.1197576075792295 4.6967740356922141 108.88288707844913 102.45271198451519 7.2167170085012904 687.39678575098515 81.744632594287395 11.760848186910151 170.15153856948018 26.872649744153023 28.26385211199522 5.204234316945076 60.905579797923565 480.91069962084293 84.194476909935474 4.9249954000115386 46.428473312407732 34.425926338881254 2.3151211291551581 8.1066475473344308 4.2110253311693659 321.29550463706255 85.14198961481452 24.377654649317265 4.6026284322142592 17.273226350545883 43.554313167929649 83.234881058335304 116.4828529432416
leaf_count=59 342 24 20 1703 613 55 3403 579 72 911 136 188 25 363 3183 840 56 553 338 21 79 86 1762 592 132 30 107 342 382 1028
internal_value=-0.000429817 0.00145748 0.00314083 -0.0204046 0.00550713 0.00379693 0.00792931 -0.00760146 0.0155973 0.0106935 0.0381879 0.0115254 0.0576875 -0.00296047 -0.00288977 -0.0110905 -0.00983976 -0.00402953 0.0124018 -0.0166202 0.0207854 0.0199318 -0.00562524 -0.00835599 0.00738883 0.00294107 0.00866644 -0.0154404 0.0119412 -0.00953583
internal_weight=2692.07 2459.68 2074.24 232.399 1494.58 1277.98 789.849 385.44 216.606 177.973 38.6335 59.4637 9.32399 579.652 488.127 325.976 123.516 100.412 43.5619 56.8502 10.4218 38.637 491.721 406.437 85.2832 50.1397 45.5371 244.232 87.9317 160.037
internal_count=18024 14846 11683 3178 8432 7254 4016 3163 1178 970 208 374 49 3251 3238 2789 1475 1133 480 653 100 424 2849 2354 495 325 295 2210 402 1370
is_linear=0
shrinkage=0.05


Tree=48
num_leaves=31
num_cat=0
split_feature=6 16 17 0 12 9 17 9 12 15 15 0 9 17 17 15 12 15 16 9 14 14 6 17 0 15 17 16 16 9
split_gain=16.511 11.824 10.5254 9.95075 13.1308 9.12833 8.51393 10.1819 14.9438 13.5349 9.68176 8.01454 10.5558 10.1585 28.4725 9.50446 8.85095 7.89845 7.27511 7.11242 7.89493 6.96125 6.71621 6.48854 13.2069 6.67397 6.15918 9.78299 5.77411 5.75036
threshold=5.5000000000000009 47.500000000000007 52.500000000000007 2007.5000000000002 32.098611111111119 507.00000000000006 740.50000000000011 461.00000000000006 52.110416666666673 36.500000000000007 407.00000000000006 2004.5000000000002 449.00000000000006 99.000000000000014 107.50000000000001 318.00000000000006 44.254292929292937 395.00000000000006 8.5000000000000018 517.00000000000011 11.500000000000002 18.500000000000004 7.5000000000000009 335.50000000000006 2005.5000000000002 102.50000000000001 493.50000000000006 2.5000000000000004 21.500000000000004 465.00000000000006
decision_type=2 2 2 2 2 2 2 2 2 2 2 2 2 2 2 2 2 2 2 2 2 2 2 2 2 2 2 2 2 2
left_child=1 6 17 22 -5 29 11 10 9 -9 28 13 -13 16 -15 -14 -1 -2 -10 -7 -21 -12 23 25 -25 -4 -6 -28 -8 -3
right_child=2 5 3 4 26 19 7 8 18 -11 21 12 15 14 -16 -17 -18 -19 -20 20 -22 -23 -24 24 -26 -27 27 -29 -30 -31
leaf_value=0.013509474474565436 -0.034235684960686921 0.029785125821547992 -0.0027005517890570721 0.025635278122555227 -0.025891187793814288 0.095706316308835734 -0.018669111723222678 0.088038351141097843 0.027444138245479269 -0.0019206426687313806 -0.016790672829613544 -0.019068205412201705 -0.0057270474835180319 0.13014586720582308 0.0099060810547079142 0.0072416021341937219 -0.014802905785242702 0.031377157935102713 0.010008188849521758 -0.018355153642473861 0.068827101375142904 0.032402716452053261 -0.038183539114261984 -0.016639698138511783 0.03321951837692947 0.043530909522737943 0.048046211167633197 -0.011727665428847418 -0.0013440385288583203 0.0018538622245477924
leaf_weight=41.440860591828823 55.400961617007852 28.032261941581964 11.819458469748495 21.918684102594852 82.187895497307181 5.9895303845405605 94.463712099939585 4.2308830097317687 72.322875898331404 356.47118890285492 10.009681999683378 111.74213665723801 592.31734904646873 5.1030727773904792 139.87773727625608 185.53210958838463 82.675705675035715 5.000762876123189 346.22168172895908 4.9565030708909017 5.4543461799621582 25.541752014309168 7.587358931079506 38.432983607053757 20.295234829187393 22.991531388834119 7.1716246493160716 150.41105201467872 97.969049111008644 53.777649980038404
leaf_count=325 669 159 123 139 867 32 560 22 392 1938 52 831 4177 25 920 1086 686 46 1934 32 25 125 81 288 160 195 46 1218 567 304
internal_value=-0.000413271 0.00128117 -0.00947819 -0.00626091 -0.0114084 0.0182497 0.000511759 0.00387403 0.00659318 -0.000865462 -0.00542 -0.00241101 -0.00469811 0.00514976 0.0141383 -0.00263377 -0.00534978 -0.0288035 0.0130211 0.0522955 0.0273205 0.0185521 0.00705943 0.0107293 0.000590597 0.0278338 -0.0147947 -0.00900734 -0.00984878 0.0114245
internal_weight=2687.35 2264.13 423.218 362.816 261.689 98.2103 2165.92 1007.23 779.247 360.702 227.984 1158.69 889.592 269.097 144.981 777.849 124.117 60.4017 418.545 16.4004 10.4108 35.5514 101.127 93.5392 58.7282 34.811 239.771 157.583 192.433 81.8099
internal_count=18024 14192 3832 3117 2270 552 13640 5590 4286 1960 1304 8050 6094 1956 945 5263 1011 715 2326 89 57 177 847 766 448 318 2131 1264 1127 463
is_linear=0
shrinkage=0.05


Tree=49
num_leaves=31
num_cat=0
split_feature=8 8 14 1 9 8 11 12 6 1 8 15 12 17 11 6 8 14 17 11 17 5 11 9 11 11 12 15 8 11
split_gain=37.261 12.5411 15.2646 11.1045 12.3723 11.969 10.9928 14.6799 13.6285 12.9759 10.8849 10.5744 10.3083 9.05937 8.50224 8.20722 7.72178 8.34255 8.17342 7.01641 6.82266 6.69864 6.61399 6.09409 5.80699 7.10067 5.38178 4.76984 4.47375 2.82771
threshold=38.250000000000007 36.750000000000007 43.500000000000007 10.500000000000002 437.00000000000006 33.250000000000007 57.000000000000007 47.587500000000013 4.5000000000000009 4.5000000000000009 35.750000000000007 66.000000000000014 75.438194444444463 21.500000000000004 39.500000000000007 4.5000000000000009 40.350000000000001 45.500000000000007 1130.0000000000002 10.500000000000002 886.00000000000011 1.0000000180025095e-35 15.500000000000002 551.00000000000011 16.500000000000004 44.500000000000007 21.670833333333338 212.50000000000003 32.95000000000001 29.000000000000004
decision_type=2 2 2 2 2 2 2 2 2 2 2 2 2 2 2 2 2 2 2 2 2 2 2 2 2 2 2 2 2 2
left_child=1 3 6 4 24 28 8 20 11 -10 -7 -3 -9 -5 16 19 17 18 23 -15 -8 -19 -20 -2 27 -26 -17 -1 -6 -4
right_child=14 2 29 13 5 10 7 12 9 -11 -12 -13 -14 15 -16 26 -18 21 22 -21 -22 -23 -24 -25 25 -27 -28 -29 -30 -31
leaf_value=-0.018525260426753516 -0.021748846329518675 0.026680471266241026 -0.027258904766731637 -0.02591340785009405 0.019083086482272006 0.002394080458770472 0.018227077960896346 0.11866572586537523 0.00072082071889189008 -0.019223913767347306 0.012539949870353435 1.4037192693229297e-05 0.027920859077325173 0.041210409213313585 -0.053843661750037977 0.050584422331684399 -0.047329443111138216 0.082170756642633389 0.052932622003145052 0.0025675125090180145 -0.064425842937021013 -0.030012589898856967 -0.0041350512290527861 0.066543835437746918 -0.049130322300462777 0.0030434931603371906 -0.011570572834975243 0.023903472101184282 0.081518460440837076 -0.059031179893322627
leaf_weight=14.686104081571104 152.24269535019994 41.419623892754316 20.775978900492195 37.052212134003639 4.6815361678600294 544.45249750092626 6.9500708207488078 5.5749135650694353 140.09699367359281 195.13625639677048 513.84564043581486 362.87501050904393 7.1347782611846924 12.171745687723158 16.906345546245575 3.5678312033414832 19.083061750978231 3.941546067595481 6.3292110115289715 336.36985006183386 3.8965777531266212 2.008861918002367 25.666203107684851 1.9797522537410248 19.432945702224973 9.8150285556912404 145.92727154493332 12.066593013703821 7.4111282378435135 10.563548047095535
leaf_count=97 2016 279 144 265 20 2901 43 37 1035 1728 2785 2274 54 59 295 17 434 41 71 1702 25 29 275 17 143 72 972 69 32 93
internal_value=-0.000396732 0.00139888 -0.00376829 0.00386953 0.00668687 0.00788548 -0.00236371 0.0312612 -0.00343477 -0.0108888 0.0073203 0.00274599 0.0677247 -0.00206115 -0.0197248 -0.000286624 -0.0169943 -0.0139819 -0.0158442 0.003917 -0.0114654 0.0442976 0.00715386 -0.0206154 -0.0162231 -0.0316218 -0.0100872 0.000611885 0.0573473 -0.0379683
internal_weight=2684.06 2455.9 794.424 1661.48 1126.39 1070.39 763.084 23.5563 739.528 335.233 1058.3 404.295 12.7097 535.089 228.158 498.037 211.251 192.168 186.218 348.542 10.8466 5.95041 31.9954 154.222 56.0007 29.248 149.495 26.7527 12.0927 31.3395
internal_count=18024 14846 5712 9134 6119 5738 5475 159 5316 2763 5686 2553 91 3015 3178 2750 2883 2449 2379 1761 68 70 346 2033 381 215 989 166 52 237
is_linear=0
shrinkage=0.05


Tree=50
num_leaves=31
num_cat=0
split_feature=6 15 0 7 7 9 3 7 12 0 0 11 12 11 9 11 7 0 0 17 17 15 17 11 15 17 15 18 0 12
split_gain=13.8954 11.29 13.4879 12.9276 9.95647 8.04646 11.7937 7.60491 12.0372 9.11098 11.1073 8.93301 7.44263 7.36885 7.03965 9.33714 8.16428 6.88752 8.10393 7.8711 7.24857 6.84674 6.91699 6.77011 5.95272 5.93279 5.83556 5.02963 4.63063 4.54971
threshold=6.5000000000000009 142.50000000000003 2007.5000000000002 54.500000000000007 57.250000000000007 515.00000000000011 8.5000000000000018 57.250000000000007 113.3732638888889 2003.5000000000002 2016.5000000000002 62.000000000000007 100.46607142857145 31.000000000000004 459.00000000000006 46.500000000000007 56.750000000000007 2014.5000000000002 2007.5000000000002 1327.5000000000002 10.500000000000002 128.50000000000003 216.50000000000003 49.500000000000007 146.00000000000003 622.50000000000011 379.50000000000006 16.500000000000004 2022.5000000000002 86.137500000000017
decision_type=2 2 2 2 2 2 2 2 2 2 2 2 2 2 2 2 2 2 2 2 2 2 2 2 2 2 2 2 2 2
left_child=1 7 3 13 27 24 12 9 21 14 23 -12 -7 29 15 -1 -16 18 -2 20 -19 22 -9 -11 -4 -8 -26 -5 -22 -3
right_child=17 2 5 4 -6 6 25 8 -10 10 11 -13 -14 -15 16 -17 -18 19 -20 -21 28 -23 -24 -25 26 -27 -28 -29 -30 -31
leaf_value=0.011874802131318788 -0.0086685270865997349 0.0043830079204063123 0.047370152638114296 0.010510892847631067 0.08252189068415168 0.0089024340318283584 0.022278266473451519 -0.015348661716480467 -0.066159226420586664 -0.012644887289299619 0.0023834356163460781 -0.058098953527488499 -0.045300302142836021 -0.032481790217588888 -0.0097620557887286366 0.075701119530225291 0.017286837897132517 0.080110214877498448 -0.04380222926225457 0.070972176587057276 -0.0065468108020700095 0.08634236653109234 0.034861503003080968 -0.049012041840785149 -0.0034105079674554375 0.081135409793606741 0.0046420710023584956 0.025023169001785618 -0.056025123054720898 -0.043073882856359276
leaf_weight=44.742035809904337 30.754051111638546 71.660504069179296 6.3246868103742591 311.23941471427679 5.2648951038718215 129.84789567813277 9.0164189934730548 10.205970287323 3.8918496221303931 329.35919543355703 202.88165704719722 6.2943254038691512 6.6579463779926291 20.824276376515627 94.025454733520746 6.5716020315885535 39.665860146284103 2.2157810665667048 35.197288243100047 3.3715381175279608 38.924827164039016 4.2090523093938819 20.917169602587819 13.31459867954254 846.44953709281981 8.1531569138169271 306.4338151216507 73.87559287250042 5.3827081676572552 5.4333149753510943
leaf_count=363 341 488 39 1881 28 784 63 70 26 2355 1479 67 41 175 699 52 265 28 411 24 414 24 128 118 5412 48 1669 498 73 43
internal_value=0.000125456 0.000886906 0.00305917 0.0101539 0.0142284 0.00042045 0.0111712 -0.00415465 0.0172979 -0.0052966 -0.00851577 0.000563457 0.00625875 -0.00609035 0.00430581 0.0200489 -0.00173672 -0.0168147 -0.0274189 -0.00279805 -0.00814417 0.0264907 0.0183965 -0.0140579 -0.00100477 0.0502272 -0.00127015 0.0132947 -0.0125577 0.0010384
internal_weight=2693.11 2577.26 1801.18 488.298 390.38 1312.88 153.675 776.079 39.224 736.855 551.85 209.176 136.506 97.9181 185.005 51.3136 133.691 115.846 65.9513 49.8949 46.5233 35.3322 31.1231 342.674 1159.21 17.1696 1152.88 385.115 44.3075 77.0938
internal_count=18106 16815 11169 3113 2407 8056 936 5646 248 5398 4019 1546 825 706 1379 415 964 1291 752 539 515 222 198 2473 7120 111 7081 2379 487 531
is_linear=0
shrinkage=0.05


Tree=51
num_leaves=31
num_cat=0
split_feature=8 6 15 3 16 9 0 7 8 8 0 15 17 0 3 17 12 12 6 0 8 0 8 9 14 17 8 16 17 15
split_gain=22.1689 14.0467 9.30921 16.1798 13.3325 10.2763 10.8323 10.7173 9.11273 8.50704 8.01825 9.07122 8.17985 7.27622 6.82863 8.02343 8.5971 11.5624 6.32795 5.62522 10.5962 9.25417 6.12172 5.55748 5.24826 4.99338 3.0811 2.53821 1.94066 5.11119
threshold=39.45000000000001 6.5000000000000009 161.50000000000003 5.5000000000000009 34.500000000000007 419.00000000000006 2007.5000000000002 54.500000000000007 37.750000000000007 36.95000000000001 2003.5000000000002 154.50000000000003 107.50000000000001 2003.5000000000002 7.5000000000000009 112.50000000000001 45.756696428571438 57.445208333333341 5.5000000000000009 2014.5000000000002 36.650000000000013 2006.5000000000002 36.350000000000001 497.00000000000006 1.0000000180025095e-35 386.50000000000006 35.45000000000001 43.500000000000007 30.500000000000004 189.50000000000003
decision_type=2 2 2 2 2 2 2 2 2 2 2 2 2 2 2 2 2 2 2 2 2 2 2 2 2 2 2 2 2 2
left_child=1 2 3 4 18 -4 7 -7 -8 19 11 -5 -12 14 15 24 -17 -18 -1 21 23 22 -3 -21 -2 -6 -23 -16 29 -11
right_child=13 9 5 10 25 6 8 -9 -10 28 12 -13 -14 -15 27 16 17 -19 -20 20 -22 26 -24 -25 -26 -27 -28 -29 -30 -31
leaf_value=-0.0032682197426625748 -0.046842710053354275 -0.0059880494749216468 -0.044782024853017022 0.010251631781467397 0.026389372466857793 -0.0054040836642157714 0.0030642671910146128 0.01496572560820238 -0.012398712329897652 -0.053687268988746997 -0.013732700690467886 0.062619878513188579 0.0031249260548506814 -0.046241772680087584 -0.05416684648036129 -0.055627117786155006 0.15419179429464958 0.02084492045335079 -0.024684741415961841 -0.016238751941499773 0.082087044986989377 -0.016780896611704354 0.073576763601816905 0.029310702921455864 0.064956870564793059 -0.035312390487366917 -0.050621038223964701 0.02010189710627569 -0.042484425140377605 0.029032792847579036
leaf_weight=235.0846729837358 6.6800282001495424 8.396672308444975 10.80957720428705 111.70484305545688 3.4702355340123168 79.839742537587881 1099.4427551366389 337.69133962318301 104.32070134952664 3.8802793696522704 91.392553459852934 8.9304221570491773 338.43799802660942 32.086018659174442 8.5853321850299817 1.9135433249175529 2.3794282600283623 5.1314750239253044 40.42145037278533 22.327227301895622 4.1799986287951461 11.815309196710588 3.395001456141471 9.5655171349644643 1.2454362213611601 59.496897932142019 15.617145538330076 1.3284236006438721 28.581242669373751 3.599885743111372
leaf_count=1620 109 71 92 746 30 542 5909 1928 1169 65 763 58 2114 753 131 25 29 59 372 208 35 102 30 81 16 413 159 17 405 55
internal_value=0.000115949 0.000797279 0.00156491 -0.00255203 -0.0111545 0.00380724 0.00413119 0.0110706 0.00172421 -0.0165812 0.00273751 0.0141284 -0.00045942 -0.0301038 -0.0111115 0.00780394 0.0389846 0.0630888 -0.00641039 -0.00701735 0.00723342 -0.0201232 0.0169199 -0.00257721 -0.0292741 -0.0319119 -0.0360459 -0.044215 -0.0365506 -0.0138776
internal_weight=2691.75 2632.4 2521.04 888.939 338.473 1632.1 1621.29 417.531 1203.76 111.358 550.466 120.635 429.831 59.3497 27.2637 17.3499 9.42445 7.5109 275.506 75.2969 36.0727 39.2241 11.7917 31.8927 7.92546 62.9671 27.4325 9.91376 36.0614 7.48017
internal_count=18106 16967 15756 6116 2435 9640 9548 2470 7078 1211 3681 804 2877 1139 386 238 113 88 1992 686 324 362 101 289 125 443 261 148 525 120
is_linear=0
shrinkage=0.05


Tree=52
num_leaves=31
num_cat=0
split_feature=8 6 1 8 11 17 0 0 11 13 15 15 16 7 13 7 8 7 6 17 15 7 8 11 0 17 0 8 0 15
split_gain=20.8855 12.8422 11.6022 13.292 9.7153 21.2846 8.37789 11.9165 10.5332 9.02346 8.11938 19.6556 16.2648 9.89392 8.31847 7.50592 9.2433 7.37339 7.26805 6.40422 6.21921 6.20846 5.88125 5.70258 5.13259 9.97765 7.82313 4.89822 4.33919 7.67944
threshold=39.750000000000007 4.5000000000000009 4.5000000000000009 37.150000000000013 62.000000000000007 603.50000000000011 2004.5000000000002 2019.5000000000002 62.000000000000007 55.861904761904761 247.50000000000003 287.50000000000006 35.500000000000007 56.750000000000007 56.20714285714287 53.500000000000007 34.850000000000001 53.500000000000007 6.5000000000000009 1369.0000000000002 538.50000000000011 56.750000000000007 36.250000000000007 21.000000000000004 2022.5000000000002 153.50000000000003 2013.5000000000002 35.150000000000013 2019.5000000000002 164.50000000000003
decision_type=2 2 2 2 2 2 2 2 2 2 2 2 2 2 2 2 2 2 2 2 2 2 2 2 2 2 2 2 2 2
left_child=1 6 18 4 17 -6 10 8 9 -8 14 12 -12 -13 23 16 -9 -4 19 27 -17 -16 -21 -1 26 -26 -5 -3 -20 -30
right_child=-2 2 3 24 5 -7 7 15 -10 -11 11 13 -14 -15 21 20 -18 -19 28 22 -22 -23 -24 -25 25 -27 -28 -29 29 -31
leaf_value=0.0026605434911053556 -0.035782263910883842 -0.010539738235717092 -0.030490305182951313 -0.013331348330434714 -0.034039633816837701 0.06404293891174849 -0.004792247882894703 0.10199400134702963 -0.044063081785475938 0.0051094190671349153 0.075968747454854546 -0.0080217331931912387 -0.012053261361085898 0.035302367083054183 -0.065278004617376997 0.0065804256475058033 0.022808407452516045 -0.0033165398458551774 -0.025408736194607304 -0.0027933916094297086 0.039679634687989546 -0.0054412819863839633 0.066001412055708156 0.021248653939588597 -0.055193600441657199 0.045006326359979539 -0.036659781066233639 0.0077318531962089227 -0.037554598691719593 0.078653272772604435
leaf_weight=118.38211672753096 39.937297608703375 42.654707133769989 26.066665887832642 106.2798059117049 8.7336995154619235 15.084743797779081 484.96902543306351 4.6018461287021664 13.825306907296179 437.79943725094199 23.725413158535961 38.160037148743868 6.738819181919097 20.12935733795166 6.4576301425695428 220.08089796081185 18.503801446408033 589.93463128060102 28.770298322662711 4.9281297773122779 15.170123390853403 13.188175436109304 8.405574865639208 63.336492110043764 3.6312828958034498 7.8668519407510757 54.298083743080497 261.84896994009614 2.7569565698504439 2.9353088848292828
leaf_count=757 840 231 224 1185 57 74 2770 24 97 2518 129 230 36 101 41 1281 141 3711 334 24 77 74 47 413 50 90 651 1833 36 30
internal_value=0.000106097 0.000647109 -0.00328465 -0.00657266 -0.00325489 0.0280782 0.00372935 0.0018789 -0.00074352 -9.44885e-05 0.011351 0.0239502 0.0564979 0.00693959 0.00579782 0.0113857 0.0385794 -0.00446642 0.00429276 0.00665756 0.00871482 -0.0251098 0.0405749 0.00913927 -0.0189089 0.0133617 -0.0212197 0.00517238 -0.017517 0.0223699
internal_weight=2689.2 2649.26 1164.2 811.896 639.82 23.8184 1485.07 1194.95 936.594 922.768 290.118 88.7536 30.4642 58.2894 201.364 258.357 23.1056 616.001 352.3 317.837 235.251 19.6458 13.3337 181.719 172.076 11.4981 160.578 304.504 34.4626 5.69227
internal_count=18106 17266 8577 6042 4066 131 8689 6908 5385 5288 1781 496 165 331 1285 1523 165 3935 2535 2135 1358 115 71 1170 1976 140 1836 2064 400 66
is_linear=0
shrinkage=0.05


Tree=53
num_leaves=31
num_cat=0
split_feature=8 8 3 17 12 17 15 0 11 8 11 1 13 13 11 14 0 0 2 12 13 12 14 11 17 8 14 12 11 0
split_gain=19.4677 11.2512 16.8289 9.86995 11.6764 14.6991 8.90096 13.2445 12.2887 22.6789 10.1774 8.51223 8.40235 9.11422 10.5371 8.06083 7.60087 7.25897 7.23242 9.93655 10.334 9.33415 6.95861 6.49938 17.2781 7.76987 5.50987 4.7675 4.16861 3.46957
threshold=39.750000000000007 36.95000000000001 5.5000000000000009 1369.0000000000002 53.853571428571435 1408.5000000000002 167.00000000000003 2000.5000000000002 25.000000000000004 35.850000000000001 68.000000000000014 2.5000000000000004 55.620192307692314 56.06904761904763 53.000000000000007 2.5000000000000004 2003.5000000000002 2017.5000000000002 5.5000000000000009 81.053125000000009 56.559027777777786 52.760763888888896 15.500000000000002 62.000000000000007 622.50000000000011 34.750000000000007 39.500000000000007 23.890064102564107 14.500000000000002 2006.5000000000002
decision_type=2 2 2 2 2 2 2 2 2 2 2 2 2 2 2 2 2 2 2 2 2 2 2 2 2 2 2 2 2 2
left_child=1 6 18 11 -5 -6 7 8 28 -10 17 26 23 14 -14 -15 -13 -9 19 20 -3 27 -23 25 -25 -8 -4 -20 -1 -2
right_child=29 2 3 4 5 -7 12 10 9 -11 -12 16 13 15 -16 -17 -18 -19 21 -21 -22 22 -24 24 -26 -27 -28 -29 -30 -31
leaf_value=0.023081521568843189 -0.021896633055559594 -0.0090732189016045454 0.031535546954456213 -0.018072318346082038 0.091973893146383767 -0.023118935629644798 0.0086377008935605484 -0.0066091559740932039 0.0065311660309044983 0.12628173150833974 -0.062048535452081194 0.0081237404976171688 0.020316235698332061 -0.0026410850709887206 -0.0095382597551341396 0.010799677365142455 -0.0058977351562056963 0.0054036422253925086 0.016547166896644105 -0.040797455334663661 0.027920710335370476 0.0031152437074028136 -0.038000601866893441 -0.020843499934828383 0.12190234214413415 -0.0050168066611002704 -0.033533110729367446 -0.041471845791445139 -0.020832738866816095 -0.052073117555252672
leaf_weight=11.41882421821356 21.754152113571763 109.70522623881698 28.753344800323248 7.0916179940104511 10.19872936978936 3.8107449188828459 155.33295682072639 419.36173303052783 8.8425966054201108 7.1511965841054908 7.3889372944831839 130.52232148870826 222.57867509871721 208.89287610352039 34.081392005085945 239.3834233880043 372.47371199913323 179.61820087209344 3.7795049622654906 19.66268352419138 22.801212826743722 36.083254866302013 14.396442480385302 4.708027631044386 3.8561991006135941 316.39513861387968 3.668485388159751 56.039700172841549 10.259434096515177 16.944726813584566
leaf_count=62 381 1069 251 43 52 27 766 2544 53 40 52 954 1173 1102 183 1178 3224 1052 35 205 239 386 120 30 16 1764 28 555 63 459
internal_value=9.72052e-05 0.000611683 -0.004259 0.000663175 0.0342046 0.0606673 0.00279235 -0.0019391 0.0268276 0.0600744 -0.00372629 -0.00065871 0.00536337 0.00883831 0.0163519 0.0045364 -0.00225931 -0.00300684 -0.0146956 -0.00762928 -0.00270744 -0.0244444 -0.0086107 0.00026312 0.0434304 -0.000520583 0.0241731 -0.0378061 0.0022987 -0.0351097
internal_weight=2686.96 2648.26 818.987 556.519 21.1011 14.0095 1829.27 644.041 37.6721 15.9938 606.369 535.418 1185.23 704.936 256.66 448.276 502.996 598.98 262.468 152.169 132.506 110.299 50.4797 480.292 8.56423 471.728 32.4218 59.8192 21.6783 38.6989
internal_count=18106 17266 7188 4579 122 79 10078 3866 218 93 3648 4457 6212 3636 1356 2280 4178 3596 2609 1513 1308 1096 506 2576 46 2530 279 590 125 840
is_linear=0
shrinkage=0.05


Tree=54
num_leaves=31
num_cat=0
split_feature=6 2 15 17 1 9 17 14 15 14 17 7 9 16 0 0 1 17 13 17 5 17 15 15 18 0 17 6 9 9
split_gain=11.1525 11.1093 10.1262 10.154 9.42051 8.45136 8.47214 8.06318 10.931 10.2013 7.83862 7.6119 7.49983 11.7529 9.59495 11.1247 10.3992 9.4713 9.00883 9.53573 10.0751 8.52906 9.44665 8.01068 7.43569 14.2058 10.0648 7.94061 7.83212 7.34806
threshold=4.5000000000000009 5.5000000000000009 142.50000000000003 908.00000000000011 4.5000000000000009 475.00000000000006 136.50000000000003 12.500000000000002 301.00000000000006 16.500000000000004 9.5000000000000018 52.500000000000007 467.00000000000006 41.500000000000007 2019.5000000000002 2012.5000000000002 7.5000000000000009 430.00000000000006 55.535897435897446 740.50000000000011 1.0000000180025095e-35 57.000000000000007 127.00000000000001 134.50000000000003 15.500000000000002 2018.5000000000002 260.00000000000006 5.5000000000000009 511.00000000000006 537.00000000000011
decision_type=2 2 2 2 2 2 2 2 2 2 2 2 2 2 2 2 2 2 2 2 2 2 2 2 2 2 2 2 2 2
left_child=12 2 24 -4 5 6 -3 8 -5 -9 -7 -6 13 -1 15 16 -14 -15 21 -20 -21 -16 -23 -18 27 -26 -27 -2 -29 -13
right_child=1 4 3 7 11 10 -8 9 -10 -11 -12 29 14 17 18 -17 23 -19 19 20 -22 22 -24 -25 25 26 -28 28 -30 -31
leaf_value=-0.0047748115427164815 -0.0051288325147744382 -0.045736002837318213 0.00035647085638523725 0.022330408674795119 -0.053056109880247448 0.070211426687354736 -0.0030563392199300034 -0.063744374575643276 0.086365037587738946 0.010418986360644561 0.006202572988608223 -0.0097854055491064414 -0.00031032706066913237 0.086063310318752431 -0.01355358095729404 -0.0044784650376641037 0.001122350198933048 0.013129842143523472 -0.0033557834336757292 0.0377462736619638 -0.018200418171278789 0.0051513586631540204 0.052572463758044002 0.019341720026273216 -0.003878685186387211 0.13139357655357153 0.018286146909295319 -0.038704665610937744 0.025867078413751261 -0.048163963495906612
leaf_weight=446.00126491487026 83.595064396038651 15.572178069502113 237.31422804482281 63.837978173047304 10.977722026407717 4.9770560394972554 45.903229460120201 5.1017222143709651 7.4414132088422766 50.877015240490437 122.66536385565996 427.47545736655593 231.85208224318922 4.8696892000734797 8.960758797824381 302.97094736807048 85.943066664040089 51.821845602244139 73.356768375262618 36.723258335143328 10.30535778030753 14.600105002522467 37.415635108947754 202.44798612780869 35.296517260372639 3.6364027280360451 4.2837519198656082 39.987334446981549 5.3209513109177342 12.846790336072443
leaf_count=2973 657 154 1916 395 117 46 321 26 46 286 890 3156 1377 28 71 1737 530 285 454 181 58 94 206 1123 322 32 36 439 54 96
internal_value=8.8738e-05 -0.00355814 0.00174794 0.00646698 -0.00800482 0.00136308 -0.0138674 0.017862 0.0290155 0.00365998 0.00869842 -0.0119304 0.00293679 -0.00204908 0.00543173 0.00313813 0.00757377 0.0193947 0.0158425 0.00791155 0.0254867 0.0315005 0.039262 0.0139122 -0.00824759 0.00970064 0.0702175 -0.014265 -0.0311214 -0.0109051
internal_weight=2684.38 1177.11 536.692 364.572 640.418 189.118 61.4754 127.258 71.2794 55.9787 127.642 451.3 1507.27 502.693 1004.58 823.214 520.243 56.6915 181.362 120.385 47.0286 60.9765 52.0157 288.391 172.12 43.2167 7.92015 128.903 45.3083 440.322
internal_count=18106 8989 4209 2669 4780 1411 475 753 441 312 936 3369 9117 3286 5831 4767 3030 313 1064 693 239 371 300 1653 1540 390 68 1150 493 3252
is_linear=0
shrinkage=0.05


Tree=55
num_leaves=31
num_cat=0
split_feature=8 0 9 8 1 15 8 9 6 15 17 16 0 8 8 11 9 16 16 16 11 8 13 9 11 0 2 13 13 11
split_gain=34.3917 16.3995 12.0878 10.6084 10.2421 11.0011 11.1751 10.791 9.90843 11.8333 8.6516 9.1116 10.6199 8.25343 7.90405 14.5453 7.68152 6.8018 17.3734 11.5207 6.59911 6.51467 8.51402 7.07831 6.40676 6.05637 5.42029 9.34321 3.18387 2.79999
threshold=37.45000000000001 2003.5000000000002 419.00000000000006 39.350000000000001 9.5000000000000018 414.00000000000006 38.150000000000013 485.00000000000006 5.5000000000000009 89.500000000000014 1327.5000000000002 33.500000000000007 2004.5000000000002 40.45000000000001 34.550000000000004 35.000000000000007 445.00000000000006 25.500000000000004 36.500000000000007 14.500000000000002 53.000000000000007 37.650000000000013 54.696691176470587 423.00000000000006 57.000000000000007 2001.5000000000002 5.5000000000000009 55.727777777777781 54.193750000000009 14.500000000000002
decision_type=2 2 2 2 2 2 2 2 2 2 2 2 2 2 2 2 2 2 2 2 2 2 2 2 2 2 2 2 2 2
left_child=2 13 -1 4 5 7 -7 -3 10 25 17 16 -13 20 15 -11 -12 19 -19 -4 21 22 -2 -23 -16 -10 27 -6 -28 -5
right_child=1 3 8 29 26 6 -8 -9 9 14 11 12 -14 -15 24 -17 -18 18 -20 -21 -22 23 -24 -25 -26 -27 28 -29 -30 -31
leaf_value=-0.041680631950765143 0.082140401506257815 -0.02452423552047241 0.0027604527645112521 -0.0077714904806270406 -0.039794656580161888 0.038205348285684865 -0.021234899621496786 -0.0021546889259177345 0.02071032694086096 -0.0048000641638494294 0.06212515638533346 0.056599983481962303 0.016243219079800173 -0.052457173030856868 -0.007332761341274409 0.046958414691109784 -0.0089675437462612504 -0.013054062516713811 0.0063379946452131256 0.014621954198743179 -0.056502632518829768 0.067964609766233072 0.011651431090386358 -0.00012140673674536961 0.034536499609082505 -0.039196794426564506 0.021352913364611016 0.0020365489246648985 -0.045426570894396105 -0.050440093044184654
leaf_weight=15.237910166382788 6.0626520738005665 109.12807055562735 904.60564090311527 4.4610690344125024 25.803577061742544 22.125454537570477 12.304909188300369 106.55254357308149 4.8467459045350543 35.370949171483517 4.1651412844657889 19.838580220937729 91.4327282756567 6.6364265196025363 225.35537790134549 22.026594549417496 43.293450549244881 196.23120958358049 280.73661155998707 264.58505000174046 4.3028210289776316 3.9415953122079364 14.600357286632059 121.02758060768247 9.5227462053298932 32.566138949245214 1.870746474713086 27.654907569289207 38.885814990848303 27.834659328684211
leaf_count=136 37 1228 5046 103 284 144 120 1121 35 223 22 85 405 154 1806 125 209 1046 1388 1296 49 35 90 1068 67 324 20 299 433 720
internal_value=-0.000125101 -0.011492 0.00269411 -0.0171459 -0.014576 -0.00928329 0.0169623 -0.013473 0.00301088 -0.00495969 0.00446682 0.0156149 0.0234384 0.00210799 -0.00157058 0.0150625 -0.00272819 0.00339188 -0.00164017 0.00544468 0.00452315 0.00632621 0.0323333 0.00202606 -0.00563524 -0.031436 -0.0286263 -0.0181547 -0.0423614 -0.0445462
internal_weight=2683.01 533.193 2149.81 376.622 344.326 250.111 34.4304 215.681 2134.58 329.689 1804.89 158.73 111.271 156.571 292.276 57.3975 47.4586 1646.16 476.968 1169.19 149.935 145.632 20.663 124.969 234.878 37.4129 94.215 53.4585 40.7566 32.2957
internal_count=18118 5905 12213 4472 3649 2613 264 2349 12077 2580 9497 721 490 1433 2221 348 231 8776 2434 6342 1279 1230 127 1103 1873 359 1036 583 453 823
is_linear=0
shrinkage=0.05


Tree=56
num_leaves=31
num_cat=0
split_feature=8 0 9 8 1 15 8 8 18 8 0 12 9 17 0 17 3 0 9 15 11 8 13 9 2 13 13 11 9 0
split_gain=31.3412 15.1222 11.2179 10.3057 9.6277 10.1698 13.1161 7.78376 7.56396 9.0456 10.162 9.26541 8.50677 7.32254 10.1435 7.78231 6.78065 6.53091 11.0566 9.27588 6.18531 5.74755 7.18089 6.41571 5.2471 8.80977 3.02682 2.78344 4.74799 7.46622
threshold=37.45000000000001 2003.5000000000002 419.00000000000006 39.350000000000001 9.5000000000000018 282.00000000000006 38.150000000000013 40.45000000000001 15.500000000000002 34.150000000000013 2004.5000000000002 63.290833333333346 433.00000000000006 1207.5000000000002 2004.5000000000002 964.00000000000011 5.5000000000000009 2000.5000000000002 435.00000000000006 167.00000000000003 53.000000000000007 37.650000000000013 54.696691176470587 451.00000000000006 5.5000000000000009 55.727777777777781 54.193750000000009 14.500000000000002 493.00000000000006 2009.5000000000002
decision_type=2 2 2 2 2 2 2 2 2 2 2 2 2 2 2 2 2 2 2 2 2 2 2 2 2 2 2 2 2 2
left_child=2 7 -1 4 5 16 -7 20 9 10 -4 -12 -10 15 -15 -14 -3 18 -11 -19 21 22 -2 -23 25 -6 -26 28 -5 -30
right_child=1 3 8 27 24 6 -8 -9 12 17 11 -13 13 14 -16 -17 -18 19 -20 -21 -22 23 -24 -25 26 -27 -28 -29 29 -31
leaf_value=-0.040851225491839782 0.074727966182176725 -0.029823444937995398 0.065764564359916886 -0.052362468331318857 -0.038993685214268048 0.021270486512782408 -0.021328257896564822 -0.052332027537693553 -0.046726955402189158 0.086105814811988562 0.0022379723828247645 0.026139926837975294 0.011179646150265616 0.095229260727849041 0.020488894886589903 -0.0078621750070982498 -0.0086655230844066844 -0.0058152166143644575 0.0097496166664466748 0.0024535488712581549 -0.056157166611355495 0.028221070754675094 0.011000937053348014 -0.0029533133968176043 0.019967491730224968 0.0019317178398517015 -0.044721528283809216 -0.050245687666192931 0.14592676546466507 -0.052437153207740464
leaf_weight=14.781595878303049 6.3236350119113949 57.053570080548525 8.1899480819702131 2.5266691241413382 25.036563541740179 50.347304247319698 28.185394763946533 6.3274790979921809 6.7314814403653136 5.3174999803304663 144.4883688762784 56.360389865934849 291.9727759025991 5.2162055671215048 34.996203169226646 65.738844014704227 112.60563233494759 529.4895853959024 43.732319034636021 943.5856804177165 4.117511421442031 19.561564490199089 14.688178189098833 105.58836472034454 1.8997447714209545 27.696794297546148 37.557769142091274 26.577019523829222 1.0040210150182245 0.89922235533595074
leaf_count=136 37 778 35 63 284 381 320 154 48 32 691 280 1633 22 160 330 1134 3398 248 5200 49 181 90 922 20 299 433 720 19 21
internal_value=-0.000123263 -0.0110386 0.00255658 -0.0165334 -0.0140196 -0.00889455 0.00598179 0.0019922 0.002857 0.00141841 0.0111713 0.00894513 0.00901144 0.00995434 0.0301839 0.00768021 -0.0157806 7.90198e-05 0.0180274 -0.000518618 0.00427951 0.00598206 0.03018 0.0019194 -0.027817 -0.0174987 -0.041607 -0.0441296 -0.00743621 0.0522061
internal_weight=2678.6 527.996 2150.6 371.39 340.383 248.192 78.5327 156.607 2135.82 1731.16 209.039 200.849 404.656 397.924 40.2124 357.712 169.659 1522.13 49.0498 1473.08 150.279 146.162 21.0118 125.15 92.1909 52.7334 39.4575 31.0069 4.42991 1.90324
internal_count=18118 5905 12213 4472 3649 2613 701 1433 12077 9884 1006 971 2193 2145 182 1963 1912 8878 280 8598 1279 1230 127 1103 1036 583 453 823 103 40
is_linear=0
shrinkage=0.05


Tree=57
num_leaves=31
num_cat=0
split_feature=8 0 9 8 6 1 15 17 9 18 8 0 9 8 16 17 11 8 9 1 8 9 0 12 18 12 9 11 9 16
split_gain=28.5636 13.9431 10.5038 10.008 9.08708 9.03984 9.43459 10.5556 10.1302 7.61267 7.90951 9.82573 7.4447 7.34405 6.85148 6.13823 5.80149 5.08319 5.68867 5.23361 4.27154 6.47827 4.22695 5.87131 3.16845 3.12306 4.44247 2.74973 4.30097 2.508
threshold=37.45000000000001 2003.5000000000002 423.00000000000006 39.350000000000001 7.5000000000000009 9.5000000000000018 414.00000000000006 1141.5000000000002 485.00000000000006 15.500000000000002 34.150000000000013 2004.5000000000002 425.00000000000006 40.45000000000001 1.0000000180025095e-35 1327.5000000000002 53.000000000000007 37.650000000000013 423.00000000000006 5.5000000000000009 34.45000000000001 419.00000000000006 2022.5000000000002 62.07500000000001 17.500000000000004 32.583689839572202 511.00000000000006 14.500000000000002 493.00000000000006 17.500000000000004
decision_type=2 2 2 2 2 2 2 2 2 2 2 2 2 2 2 2 2 2 2 2 2 2 2 2 2 2 2 2 2 2
left_child=2 13 20 5 9 6 8 -8 -3 10 11 -4 -12 16 -11 -16 17 19 -19 -2 21 -1 24 -24 -7 -6 -27 28 -5 -30
right_child=1 3 4 27 25 22 7 -9 -10 14 12 -13 -14 -15 15 -17 -18 18 -20 -21 -22 -23 23 -25 -26 26 -28 -29 29 -31
leaf_value=-0.042510979983088226 0.00082052795017515518 -0.023395186261669847 0.064889104514657167 -0.052242855515388431 0.031235582262250386 -0.040857738691875263 0.02702841973206432 -0.050890112535875234 -0.0015113059937506166 -0.053569474242917539 0.071325732061871122 0.0086585928707995936 0.00025649602897169678 -0.052213513007682469 0.0080756372650849732 0.029708391741105612 -0.055831523995986836 0.058935271870641272 -0.00016822333493756011 0.050609248977377452 -0.039269589583984292 0.065345721222744665 -0.018490754734233152 0.07411210535177036 -0.021112504579031296 -0.044994328523265868 0.011747121566651079 -0.050052942950781769 -0.0057653336182002628 0.10650008995919612
leaf_weight=2.8594089895486858 9.5900697410106677 106.11423423141241 8.0837508440017682 2.4088058825582292 2.0299655124545124 39.058727208524942 29.675487704575062 5.092374797910451 105.41625307127833 4.2781081199645987 3.6940164268016806 199.47872345522046 1490.4890254288912 6.0322009921073905 359.8214539475739 36.079333990812302 3.9389641582965842 4.212825793772935 121.12152854353189 11.738933756947516 20.877337105572224 2.7132612839341164 6.5225806310772878 2.3207095712423325 42.342345379292965 17.235136285424236 4.3127416744828215 25.37575357966125 1.0585986990481613 0.93853639066219319
leaf_count=22 57 1228 34 63 12 467 222 42 1121 20 23 955 8599 154 1957 160 49 35 1068 70 184 18 73 31 465 189 40 720 22 18
internal_value=-0.000121127 -0.0106022 0.00242593 -0.0159408 0.00281561 -0.0134823 -0.00852198 0.0156159 -0.0124894 0.00316187 0.00170268 0.0108486 0.000432198 0.00188334 0.00936699 0.0100471 0.00405012 0.00565837 0.0018184 0.028223 -0.0288885 0.0100031 -0.0270202 0.00581065 -0.0305869 -0.0280524 -0.0336377 -0.0437223 -0.00726107 0.0469928
internal_weight=2674.91 522.959 2151.95 366.324 2125.5 336.543 246.298 34.7679 211.53 2101.92 1701.75 207.562 1494.18 156.635 400.179 395.901 150.602 146.663 125.334 21.329 26.45 5.57267 90.2444 8.84329 81.4011 23.5778 21.5479 29.7817 4.40594 1.99714
internal_count=18118 5905 12213 4472 11989 3649 2613 264 2349 11748 9611 989 8622 1433 2137 2117 1279 1230 1103 127 224 40 1036 104 932 241 229 823 103 40
is_linear=0
shrinkage=0.05


Tree=58
num_leaves=31
num_cat=0
split_feature=8 0 8 14 1 15 8 6 15 0 17 16 0 8 3 7 7 0 8 7 13 15 13 17 0 1 2 13 13 13
split_gain=26.0178 12.8394 9.72362 9.61435 9.18799 9.43811 10.0237 8.19 11.1699 7.45243 7.1768 8.74007 9.81624 6.93224 6.8592 6.77669 6.23011 8.91463 6.05125 9.74568 5.84611 5.14496 5.33598 5.77432 4.88186 4.67042 4.63934 8.75449 4.38163 5.1926
threshold=37.45000000000001 2003.5000000000002 39.150000000000013 47.500000000000007 9.5000000000000018 282.00000000000006 38.150000000000013 5.5000000000000009 89.500000000000014 2000.5000000000002 1327.5000000000002 33.500000000000007 2004.5000000000002 40.45000000000001 5.5000000000000009 56.750000000000007 56.750000000000007 2017.5000000000002 34.550000000000004 57.250000000000007 56.925000000000004 39.500000000000007 56.433035714285722 1408.5000000000002 2002.5000000000002 5.5000000000000009 5.5000000000000009 55.727777777777781 55.91608391608392 56.24038461538462
decision_type=2 2 2 2 2 2 2 2 2 2 2 2 2 2 2 2 2 2 2 2 2 2 2 2 2 2 2 2 2 2
left_child=3 13 4 7 5 14 -7 10 9 -9 16 15 -13 21 -3 -12 17 -1 19 -10 -20 -2 23 -23 -18 -5 27 -6 -27 -30
right_child=1 2 -4 25 26 6 -8 8 18 -11 11 12 -14 -15 -16 -17 24 -19 20 -21 -22 22 -24 -25 -26 28 -28 -29 29 -31
leaf_value=-0.0025607263115063829 -0.024200442942504757 -0.028896125216379322 -0.038651748813328883 -0.040848668281664405 -0.03913764915243164 0.019840650539952681 -0.018857418690498243 0.064922798579598914 0.0071081807902122433 -0.035952800313120266 0.012957841431919824 0.053972033515586104 0.015014670873106543 -0.0521012525409741 -0.0069507316877735524 -0.02544128396060992 0.025089050242298135 0.008538193418585598 -0.006956068970854855 0.081968497816530178 0.025765861019930777 0.010670570483630341 -0.03804564181380149 -0.059878533992645491 0.0056990986059325902 -0.021589578826865376 -0.040017780747047815 0.0031834595984911508 0.071966662288072747 -0.013609003511619587
leaf_weight=677.99798715114594 14.763514295220373 53.397581018507481 39.857102856040001 17.943794302642345 22.820973921567202 50.989847268909216 24.907683178782463 1.9332573935389508 52.144927091896534 34.582362394779921 26.224634185433388 19.659532010555267 91.094731867313385 5.7500583138316861 106.8662691488862 20.449450924992561 34.104343757033348 246.76531822234392 214.30310670286417 4.7430433928966513 14.578456249088047 126.84258960559964 6.3045349009335032 2.9682740569114676 673.98263662308455 15.567757040262224 36.462564840912819 26.304380144923925 3.2803291529417029 3.8568696826696396
leaf_count=3777 150 740 1023 109 267 381 275 12 316 347 129 83 402 154 1068 98 168 1364 1724 25 107 1058 48 23 3417 92 436 282 20 23
internal_value=-0.000118657 -0.0101767 -0.0153563 0.0023021 -0.0124705 -0.00738395 0.00714091 0.00276556 -0.00457193 -0.0306121 0.00408645 0.0142819 0.0219298 0.00178139 -0.0142626 -0.00386608 0.00310347 0.000400927 -0.00124452 0.0133497 -0.00487187 0.00383488 0.00687569 0.00905738 0.006633 -0.0217841 -0.0265057 -0.0164766 -0.00671726 0.0257224
internal_weight=2671.45 518.235 361.606 2153.21 321.749 236.161 75.8975 2112.56 322.285 36.5156 1790.28 157.428 110.754 156.629 160.264 46.6741 1632.85 924.763 285.77 56.888 228.882 150.879 136.115 129.811 708.087 40.6488 85.5879 49.1254 22.705 7.1372
internal_count=18118 5905 4472 12213 3449 2464 656 11969 2531 359 9438 712 485 1433 1808 227 8726 5141 2172 341 1831 1279 1129 1081 3585 244 985 549 135 43
is_linear=0
shrinkage=0.05


Tree=59
num_leaves=31
num_cat=0
split_feature=8 3 9 9 14 8 9 6 15 14 13 14 14 15 0 17 17 18 3 17 13 15 1 13 13 12 1 17 15 14
split_gain=23.708 10.5157 30.0448 10.4705 8.34471 8.27341 8.5368 8.12372 10.558 9.60356 8.01676 10.0242 19.6021 9.40423 7.9343 7.69623 7.69311 7.19299 6.96592 15.0299 6.48755 6.35627 5.42786 4.24097 8.93193 4.02268 3.51543 3.86277 3.49364 3.19937
threshold=37.650000000000013 5.5000000000000009 427.00000000000006 429.00000000000006 47.500000000000007 40.45000000000001 537.00000000000011 4.5000000000000009 318.00000000000006 31.500000000000004 56.483333333333341 38.500000000000007 41.500000000000007 52.000000000000007 2009.5000000000002 264.50000000000006 1327.5000000000002 17.500000000000004 7.5000000000000009 898.50000000000011 54.515625000000007 135.50000000000003 5.5000000000000009 55.91608391608392 56.184659090909101 27.436363636363641 11.500000000000002 705.00000000000011 564.50000000000011 49.500000000000007
decision_type=2 2 2 2 2 2 2 2 2 2 2 2 2 2 2 2 2 2 2 2 2 2 2 2 2 2 2 2 2 2
left_child=3 2 -2 26 7 6 18 16 14 -10 25 13 -13 -12 -9 -8 17 -5 19 -3 -20 -18 -6 29 -25 -4 -1 -28 -27 -24
right_child=1 5 10 4 22 -7 15 8 9 -11 11 12 -14 -15 -16 -17 21 -19 20 -21 -22 -23 23 24 -26 28 27 -29 -30 -31
leaf_value=-0.026538105010029667 0.15182431120621548 -0.0080285277658793449 0.016903044039616726 0.0026467125177278912 -0.040282246757049979 -0.051800876342989521 0.088355152883907134 0.0028284254841838049 0.015000768778634852 -0.0048865216426632928 0.092710770561818118 0.15119841606722573 -0.027799280151654671 -0.028813947415111105 -0.0081265873811816689 -0.014355286848056504 -0.004827582613934964 0.014191909046320528 0.013396063598514774 0.03319237955622259 -0.016148722037934961 0.024637455660799085 -0.035502334437476003 0.090842790818620761 -0.019153632068172076 -0.043219513076264364 -0.01962134974231616 0.049468133712973268 -0.0032368516393006808 0.013623638975252981
leaf_weight=42.033239033073187 2.3657706566154948 77.894739743322134 3.2622527554631224 944.41239526122808 18.248804144561291 9.6806201692670566 4.5790167301893225 271.00951909646392 169.76597384363413 94.49318291246891 1.6999382283538604 2.6864373106509438 3.5515224803239107 25.064278112724423 423.65777114033699 3.0311879552900791 23.34512086212635 157.39487697929144 21.199057769030333 30.880363300442696 150.42580114491284 84.748903229832649 9.9123350307345408 3.1726077646017066 4.4122285544872284 65.32707804068923 4.8829025626182538 3.4542564153671265 5.9621972739696494 4.9789488166570655
leaf_count=328 23 861 29 4914 117 303 36 1822 923 545 32 19 46 420 2963 24 107 757 233 265 1681 370 60 18 28 1047 38 21 59 29
internal_value=-0.000116315 -0.0112154 -0.0244317 0.00188557 0.00239942 -0.00633539 -0.0048072 0.00282048 -0.000616819 0.00788952 -0.0283087 -0.0077917 0.0492878 -0.0210953 -0.00385272 0.047445 0.00554477 0.00429596 -0.00622535 0.00367375 -0.0124994 0.0182739 -0.0200242 -0.0035763 0.026856 -0.0373911 -0.0206553 0.00900384 -0.0398756 -0.0190769
internal_weight=2667.53 407.61 109.919 2259.92 2209.55 297.691 288.01 2168.83 958.926 264.259 107.554 33.0022 6.23796 26.7642 694.667 7.6102 1209.9 1101.81 280.4 108.775 171.625 108.094 40.7249 22.4761 7.58484 74.5515 50.3704 8.33716 71.2893 14.8913
internal_count=18118 5078 1675 13040 12653 3403 3100 12401 6253 1468 1652 517 65 452 4785 60 6148 5671 3040 1126 1914 477 252 135 46 1135 387 59 1106 89
is_linear=0
shrinkage=0.05


Tree=60
num_leaves=31
num_cat=0
split_feature=17 17 17 6 0 13 4 17 17 2 17 6 17 13 6 18 13 0 3 17 14 17 3 18 14 13 11 11 14 11
split_gain=9.88734 10.6159 23.4884 9.79677 16.7883 11.1155 9.49388 8.49034 25.3831 6.94546 6.94157 6.77842 7.25869 6.70138 6.65302 8.91207 6.47713 6.42536 18.3163 6.52919 6.12419 7.5501 6.00014 5.82544 5.0718 4.12275 11.2535 6.70728 5.41374 3.96855
threshold=105.50000000000001 158.00000000000003 144.50000000000003 4.5000000000000009 2019.5000000000002 55.972222222222229 11.500000000000002 171.00000000000003 176.50000000000003 5.5000000000000009 648.00000000000011 4.5000000000000009 41.500000000000007 55.741666666666667 5.5000000000000009 17.500000000000004 55.972222222222229 2005.5000000000002 5.5000000000000009 107.50000000000001 1.0000000180025095e-35 9.5000000000000018 8.5000000000000018 16.500000000000004 37.500000000000007 54.379807692307701 31.000000000000004 16.500000000000004 12.500000000000002 12.500000000000002
decision_type=2 2 2 2 2 2 2 2 2 2 2 2 2 2 2 2 2 2 2 2 2 2 2 2 2 2 2 2 2 2
left_child=11 2 17 5 -5 -4 -3 9 16 -8 -10 25 14 -11 15 22 -9 18 -2 -19 23 -22 -13 -16 -21 26 27 28 -1 -14
right_child=1 6 3 4 -6 -7 7 8 10 13 -12 12 29 -15 20 -17 -18 19 -20 24 21 -23 -24 -25 -26 -27 -28 -29 -30 -31
leaf_value=0.029549655004925485 0.08787477646436942 -0.020997011122994572 0.082056236733729832 0.039119669120842783 0.18150423685802775 -0.023361848196761511 -0.058696014431019794 0.051691159598622097 -0.0032178448499226853 0.056990616795947871 0.0030063934086476656 0.0026278803528364675 0.021976381068947184 -0.02855316177685745 -0.039599748713471015 -0.036336629341806134 0.14833037109575509 -0.062759110696211748 -0.0011614872789786101 -0.0038785786163076015 0.073282387269729451 -0.014816933269555164 0.041895213494340167 0.0088779698828477145 0.06218468156212123 -0.0039811568565743319 0.079307433547879558 -0.029368578747231096 -0.045345281294663177 -0.028412246311188862
leaf_weight=17.581761274486787 8.1462716422975081 50.688161231577396 5.6149416882544774 4.2533574290573579 4.0334655027836561 4.5083078593015671 10.777443397790194 3.7414647080004206 675.10150195285678 3.3341198787093163 1331.284418201074 60.014956807717681 4.1287797279655924 7.3067017644643784 31.770854229107499 12.777420520782469 3.2313232496380806 4.4691101498901835 19.853699857369065 44.142878595739603 3.4392860420048228 8.3028148654848319 11.61035707965493 7.6987017635256043 3.1099209934473029 226.05762593820691 5.6027891449630252 10.867261406034229 2.7966648377478114 72.934550093486905
leaf_count=143 43 279 34 27 34 28 94 24 4832 26 7882 511 33 57 433 121 19 33 134 315 38 94 102 102 19 1742 43 84 23 716
internal_value=-0.000289147 0.00113372 0.0172053 0.0681094 0.108423 0.0351091 0.000377464 0.000909922 0.00124305 -0.0304044 0.000912084 -0.00682209 -0.0134589 -0.00174948 -0.0064957 0.00213076 0.0964756 0.0054501 0.0247426 -0.00499401 -0.0207131 0.0109875 0.00899306 -0.030144 0.000469344 -0.00145324 0.014055 0.00235435 0.0192713 -0.0257126
internal_weight=2659.18 2183.6 98.132 18.4101 8.28682 10.1232 2085.47 2034.78 2013.36 21.4183 2006.39 475.584 212.678 10.6408 135.614 84.4027 6.97279 79.7219 28 51.7219 51.2117 11.7421 71.6253 39.4696 47.2528 262.906 36.8485 31.2457 20.3784 77.0633
internal_count=18065 13880 667 123 61 62 13213 12934 12757 177 12714 4185 2150 83 1401 734 43 544 177 367 667 132 613 535 334 2035 293 250 166 749
is_linear=0
shrinkage=0.05


Tree=61
num_leaves=31
num_cat=0
split_feature=8 1 17 17 11 15 11 0 8 0 1 17 17 9 9 6 15 7 17 8 16 0 9 13 11 8 0 9 13 16
split_gain=12.547 8.64179 8.65233 10.839 9.08383 16.077 15.1172 8.5895 11.9604 7.97708 8.74677 11.814 7.91481 10.6925 11.3972 7.91097 11.8413 10.4754 7.49765 7.32835 8.44891 6.88511 6.8536 11.8308 7.10802 6.56421 8.30592 11.4657 6.19822 7.5645
threshold=38.550000000000004 10.500000000000002 622.50000000000011 505.00000000000006 46.500000000000007 66.000000000000014 37.500000000000007 2003.5000000000002 35.150000000000013 2003.5000000000002 3.5000000000000004 225.00000000000003 638.50000000000011 491.00000000000006 475.00000000000006 4.5000000000000009 50.500000000000007 55.750000000000007 1369.0000000000002 36.850000000000001 2.5000000000000004 2000.5000000000002 489.00000000000006 54.12916666666667 12.500000000000002 39.350000000000001 2022.5000000000002 499.00000000000006 56.870833333333344 1.0000000180025095e-35
decision_type=2 2 2 2 2 2 2 2 2 2 2 2 2 2 2 2 2 2 2 2 2 2 2 2 2 2 2 2 2 2
left_child=1 2 3 4 6 -6 -1 15 22 10 11 -2 13 14 -4 16 -3 -18 -12 21 -21 -14 23 -9 -24 26 -11 -28 29 -10
right_child=9 7 12 -5 5 -7 -8 8 28 25 18 -13 19 -15 -16 -17 17 -19 -20 20 -22 -23 24 -25 -26 -27 27 -29 -30 -31
leaf_value=0.00085117406661326255 -0.007490979885907606 0.083610549296782369 0.024024820541197103 -0.024199042135828117 0.033757569726331878 -0.025492261418173054 0.061268351930043943 0.066281441889285295 0.049576048783155607 -0.021296599524755253 -0.013024667235008695 0.10509500384078506 0.048029282581460747 -0.01419724896855494 0.11680801995594803 -0.013495710147388021 -0.0074066993844435994 0.045196559737126343 0.084752074385437942 0.033429903999794335 -0.0032278234490748636 0.0069492399458753506 0.045703760260552784 -0.006273879265593453 0.0066419960565105981 -0.044654298426179462 -0.012109595598729388 0.13522058541566609 0.027418481087582731 -0.015240683431681681
leaf_weight=658.22643557935953 5.1393043957650644 7.0493179932236663 8.2012119665741938 49.905733335763216 13.709699872881172 69.434743706136942 10.519029419869183 5.794432394206523 4.5703517496585837 50.178740853443742 47.864248927682638 4.2626893110573292 10.353007428348063 7.068974006921052 5.5493604019284239 20.288149084895849 24.061621055006981 15.600472643971441 2.0443643778562537 16.531281769275665 319.67625413835049 688.9983289167285 13.85660172998905 184.96668524295092 73.00855166465044 27.532251317054033 3.5549953170120707 2.1009982116520405 9.1899383999407274 298.28261964209378
leaf_count=4645 69 43 49 366 115 553 83 30 23 808 623 43 51 41 30 139 137 73 16 103 2251 3357 67 1002 368 845 54 28 64 1989
internal_value=-0.000278496 0.000539825 0.00228222 -0.00163404 -0.000136315 -0.0157225 0.00180151 -0.00439062 -0.00631821 -0.0147023 -0.000685592 0.0435534 0.00525468 0.035778 0.0614696 0.0125742 0.0238971 0.013284 -0.00901952 0.00464101 -0.00142537 0.00755738 0.00123125 -0.00406999 0.0128731 -0.0246743 -0.0148221 0.0426183 -0.013035 -0.0142625
internal_weight=2657.52 2514.84 1858.17 801.796 751.89 83.1444 668.745 656.669 589.669 142.678 59.3106 9.40199 1056.38 20.8195 13.7506 66.9996 46.7114 39.6621 49.9086 1035.56 336.208 699.351 277.626 190.761 86.8652 83.367 55.8347 5.65599 312.043 302.853
internal_count=18065 15579 11644 5762 5396 668 4728 3935 3543 2486 751 112 5882 120 79 392 253 210 639 5762 2354 3408 1467 1032 435 1735 890 82 2076 2012
is_linear=0
shrinkage=0.05


Tree=62
num_leaves=31
num_cat=0
split_feature=8 0 9 1 8 12 8 3 8 8 6 0 3 3 9 0 8 15 9 12 16 0 8 2 13 16 16 13 9 9
split_gain=11.5492 8.40872 10.9118 10.1168 9.87469 15.0273 9.38393 7.96147 7.49479 7.48415 9.33378 8.72298 6.43109 9.38818 7.62688 7.81358 11.5253 7.77216 14.4562 6.9052 11.5269 7.62661 6.3719 8.33644 13.4145 6.28679 5.68141 5.30363 5.52118 5.28675
threshold=38.250000000000007 2003.5000000000002 437.00000000000006 10.500000000000002 38.150000000000013 40.77884615384616 36.45000000000001 5.5000000000000009 34.350000000000001 36.95000000000001 6.5000000000000009 2017.5000000000002 5.5000000000000009 7.5000000000000009 419.00000000000006 2023.5000000000002 38.850000000000001 497.50000000000006 477.00000000000006 36.620416666666671 28.500000000000004 2009.5000000000002 39.350000000000001 5.5000000000000009 56.193750000000009 23.500000000000004 32.500000000000007 56.433035714285722 417.00000000000006 511.00000000000006
decision_type=2 2 2 2 2 2 2 2 2 2 2 2 2 2 2 2 2 2 2 2 2 2 2 2 2 2 2 2 2 2
left_child=1 4 -3 9 8 -6 7 -5 -1 11 -11 -4 14 19 -2 17 -17 -16 -19 20 29 25 23 24 -15 -21 -25 28 -10 -14
right_child=12 2 3 6 5 -7 -8 -9 27 10 -12 -13 13 22 15 16 -18 18 -20 21 -22 -23 -24 26 -26 -27 -28 -29 -30 -31
leaf_value=0.050187462448108691 0.12307694299369745 -0.018200076428926428 0.0017252516311403827 -0.01602983177992914 0.14479168587663704 0.0079173177815804758 -0.018680147470113352 0.00092947565475075223 -0.047271898931211059 -0.001545926036960349 -0.036642737406507565 0.011569684428176265 0.060513890284243893 -0.011149581652678297 -0.042022416951786878 0.17999064736808887 -0.052102355624080693 0.16227139485779463 -0.028281783459359212 0.003309195854030938 -0.05619170084197727 -0.022666782462323426 -0.0427467763083655 -0.042299525309992925 0.058271009037154542 0.04960320382524918 0.0081519264413736844 -0.021475465594914964 0.0081514627903392419 0.17314509933743211
leaf_weight=9.6930048465728742 0.82442734390497108 82.984480652958155 760.46491919457912 85.361210577189922 3.3132865801453573 5.0796277448534966 108.15799014642835 365.55225820466876 4.5715340599417678 407.98088250309229 19.866021271795034 319.58662195503712 3.3941427059471598 29.855778008699417 40.285745851695538 1.0616001524031156 1.0781094357371328 1.372804695740341 3.6196280904114246 28.155684620141983 1.695019384846091 20.159348508343101 19.314958073198795 22.832788424566392 9.0738312490284425 9.9165867157280427 7.385051302611827 17.150471717119217 263.2934281937778 1.5033263396471737
leaf_count=45 8 596 4067 484 20 39 802 2046 42 3095 307 1700 50 369 864 14 31 18 53 354 26 325 457 301 105 99 75 98 1559 16
internal_value=-0.000268659 0.000676625 -0.000422534 0.000291197 0.00847317 0.0619515 -0.00545362 -0.00228105 0.00695017 0.00242116 -0.00317556 0.00463821 -0.0117749 -0.00676409 -0.0276963 -0.0303177 0.0630488 -0.0347299 0.024116 0.00769096 0.0561913 0.00220017 -0.0173566 -0.0102643 0.00503118 0.0153673 -0.0299695 0.00547973 0.00720558 0.0950871
internal_weight=2654.58 2453.06 2149.95 2066.97 303.101 8.39291 559.071 450.913 294.708 1507.9 427.847 1080.05 201.529 153.287 48.2423 47.4179 2.13971 45.2782 4.99243 64.8241 6.59249 58.2316 88.4624 69.1474 38.9296 38.0723 30.2178 285.015 267.865 4.89747
internal_count=18065 14900 13097 12501 1803 59 3332 2530 1744 9169 3402 5767 3165 2177 988 980 45 935 71 870 92 778 1307 850 474 453 376 1699 1601 66
is_linear=0
shrinkage=0.05


Tree=63
num_leaves=31
num_cat=0
split_feature=8 8 0 9 1 8 0 3 17 12 1 6 17 8 8 0 9 17 13 9 15 12 9 17 13 0 8 15 15 17
split_gain=10.7124 7.58201 7.73415 9.52456 9.24895 8.37364 7.25401 8.07378 10.2154 9.10725 8.47771 7.17874 6.65573 6.36897 6.3491 7.06254 8.60297 5.70282 6.19192 5.53176 5.37886 5.00826 4.72938 9.59245 5.87268 4.63931 4.11552 4.15983 3.7915 5.90795
threshold=38.550000000000004 33.250000000000007 2003.5000000000002 437.00000000000006 10.500000000000002 36.45000000000001 2003.5000000000002 7.5000000000000009 86.500000000000014 32.40801282051283 9.5000000000000018 6.5000000000000009 269.50000000000006 34.350000000000001 39.350000000000001 2022.5000000000002 499.00000000000006 827.50000000000011 55.591666666666676 415.00000000000006 283.50000000000006 51.782142857142865 489.00000000000006 23.500000000000004 55.322916666666679 2018.5000000000002 33.650000000000013 577.50000000000011 140.50000000000003 493.50000000000006
decision_type=2 2 2 2 2 2 2 2 2 2 2 2 2 2 2 2 2 2 2 2 2 2 2 2 2 2 2 2 2 2
left_child=1 17 13 26 11 -6 7 8 9 -2 12 -5 -10 21 15 28 -17 18 -1 -15 -21 -3 -9 -24 -25 -19 -4 -28 -8 -30
right_child=6 2 3 4 5 -7 14 22 10 -11 -12 -13 -14 19 -16 16 -18 25 -20 20 -22 -23 23 24 -26 -27 27 -29 29 -31
leaf_value=-0.040166955593309399 0.11511558512969418 0.079298063542329156 0.033072408759764103 0.0026065249571367586 -0.0026717443101198007 -0.01809991583226921 -0.042497317768813193 -0.03750481255567506 0.10856196861131005 -0.030756277071750899 -0.014073666790917995 -0.012854901777387821 0.035531406650185608 -0.057309932397282187 -0.044021133109058946 -0.011896390793782033 0.1108367622531493 0.077487129571920332 0.036609474353242466 0.010112263401239533 -0.0065216270283988452 0.0074441212285399905 0.11064404438140807 0.06130526388044745 -0.045625194119223611 0.01321141894691105 -0.022871031310011933 0.025721395928381404 0.012072195891019558 -0.029398405301824516
leaf_weight=4.6980015560984629 1.1717163361608971 5.4137367457151395 3.8339597284793845 1452.853088490665 441.80163541808724 109.80668636783957 13.668928675353525 16.545216161757711 4.5256926678121117 12.326014345511792 5.619861500337719 79.164669191464782 10.042868521064518 3.3923807814717284 25.714803213253617 3.5391325019299975 2.3933313637971878 7.3965885043144208 5.9545882269740105 250.55810445174575 60.296361498534679 4.3928498327732086 1.8052503019571284 1.7116496860980985 5.139542318880558 4.5247302502393723 73.98543182387948 4.683093048632144 15.146214412525294 19.834474142640829
leaf_count=21 16 25 21 8698 2490 840 253 215 53 190 58 883 108 34 845 54 28 32 28 1538 341 20 24 22 65 20 562 26 263 292
internal_value=-0.000259698 0.000488218 0.000226716 -0.000851057 -0.000191315 -0.00574297 -0.0137621 -0.000433039 0.0155804 -0.0180934 0.0380943 0.00180758 0.0582182 0.00743106 -0.0235373 -0.013887 0.0376178 0.0293351 0.00274956 0.00619278 0.00688579 0.0471112 -0.0218376 0.00810734 -0.0189105 0.0530913 -0.017513 -0.0199784 -0.0201676 -0.0114421
internal_weight=2651.94 2512.76 2490.18 2166.13 2083.63 551.608 139.185 58.8878 33.6862 13.4977 20.1884 1532.02 14.5686 324.053 80.2969 54.5821 5.93246 22.5739 10.6526 314.247 310.854 9.80659 25.2017 8.65644 6.85119 11.9213 82.5025 78.6685 48.6496 34.9807
internal_count=18065 15579 15478 13520 12911 3330 2486 751 425 206 219 9581 161 1958 1735 890 82 101 49 1913 1879 45 326 111 87 52 609 588 808 555
is_linear=0
shrinkage=0.05


Tree=64
num_leaves=31
num_cat=0
split_feature=8 15 0 8 9 1 2 0 8 12 13 12 1 16 12 8 13 15 8 8 0 16 0 0 9 6 14 12 12 5
split_gain=9.91428 8.15479 7.92772 13.0549 10.046 8.25802 7.96656 11.0651 6.35484 5.68462 5.33775 5.11568 4.55599 7.62514 3.85333 3.58441 1.25362 1.01237 0.0266148 0.00208659 0.00148483 0.000432869 0.000305919 0.000278327 5.63369e-05 5.13792e-05 4.19917e-05 2.39511e-05 1.50704e-05 1.49795e-05
threshold=40.250000000000007 7.5000000000000009 2003.5000000000002 38.150000000000013 437.00000000000006 10.500000000000002 5.5000000000000009 2018.5000000000002 34.350000000000001 23.890064102564107 56.433035714285722 51.782142857142865 3.5000000000000004 34.500000000000007 107.14687500000001 33.850000000000001 55.620192307692314 1.5000000000000002 37.150000000000013 40.45000000000001 2003.5000000000002 15.500000000000002 2008.5000000000002 2003.5000000000002 505.00000000000006 5.5000000000000009 12.500000000000002 67.862500000000026 57.667083333333345 1.0000000180025095e-35
decision_type=2 2 2 2 2 2 2 2 2 2 2 2 2 2 2 2 2 2 2 2 2 2 2 2 2 2 2 2 2 2
left_child=1 17 8 4 15 -6 7 -5 11 -10 -11 -3 13 16 -8 -4 -2 -1 -19 20 21 -14 -18 24 27 26 -25 -21 -24 -22
right_child=12 2 3 6 5 -7 14 -9 9 10 -12 -13 19 -15 -16 -17 22 18 -20 23 29 -23 28 25 -26 -27 -28 -29 -30 -31
leaf_value=-0.02317815771587009 0.0090936136964960435 0.08003888937897663 0.0139148923651288 -0.019184258396114956 0.0025908491958514072 -0.0045734832029168697 -0.033301028756986532 0.022150597140813869 0.076189750194890452 0.0067386209625758774 -0.020262728928697515 0.007059154257225979 -0.053027889551071385 0.15817007550983594 0.050800686542944 -0.020861345319680934 -0.052785206937512666 -0.062747728313443371 -0.055720443142337511 -0.051824562299513072 -0.05168519315765964 -0.054370905680087317 -0.051585573736369274 -0.051293462810311719 -0.052217727427415796 -0.051037432316264612 -0.051638477990743982 -0.051474138491453547 -0.05122063356175121 -0.051340694594846074
leaf_weight=2.6749059967696649 1.6134343128651409 5.285249248147009 8.2517544105648977 50.139623509719968 1491.272108854726 550.77346213907003 52.418925680220127 23.911911265924573 2.8494514599442473 340.92682867497206 19.341612685471773 4.4005866795778275 1.3190093487501142 0.70376564934849728 1.3982991408556689 72.597732774913311 0.62937824986875046 3.8128826841711998 2.0837012268602848 2.2824150361120692 0.70444697700440861 1.100609205663204 0.58954030275344826 3.365797771140933 0.82592088729143132 1.398422075435519 1.1950435377657411 0.62009263411164273 0.54386903624981642 0.57157414779067039
leaf_count=21 38 24 47 809 8947 3285 908 372 21 2300 120 20 26 15 22 544 17 28 27 70 23 16 21 140 21 72 41 23 24 23
internal_value=-0.000250059 -9.33183e-07 0.000158143 -0.000960454 -2.58874e-05 0.00065851 -0.0164763 -0.00583686 0.00691155 0.00584538 0.00528901 0.0468818 -0.0377993 0.00845484 -0.0311159 -0.017312 -0.0227529 -0.0486909 -0.0602645 -0.0519002 -0.052911 -0.0536388 -0.0519013 -0.0515146 -0.0518534 -0.0513026 -0.0513839 -0.0517497 -0.0514105 -0.0515309
internal_weight=2649.6 2632.14 2623.57 2250.76 2122.9 2042.05 127.869 74.0515 372.804 363.118 360.268 9.68584 17.4633 4.07999 53.8172 80.8495 3.37622 8.57149 5.89658 13.3833 3.69564 2.41962 1.76279 9.68769 3.72843 5.95926 4.56084 2.90251 1.13341 1.27602
internal_count=18065 17495 17419 14934 12823 12232 2111 1181 2485 2441 2420 44 570 115 930 591 100 76 55 455 88 42 62 367 114 253 181 93 45 46
is_linear=0
shrinkage=0.05


Tree=65
num_leaves=31
num_cat=0
split_feature=8 15 3 1 15 17 9 8 17 9 8 11 17 12 11 12 8 15 8 13 13 0 13 8 9 15 13 13 13 13
split_gain=13.0271 11.5465 10.1924 13.1203 15.665 10.7645 10.7999 10.3105 8.36131 8.25517 7.9407 11.1364 13.1196 8.76603 7.93096 8.81339 25.9337 8.67918 8.64271 20.4245 12.9134 7.6201 20.4523 20.6281 10.3536 7.35407 7.86519 7.32057 13.9509 7.31428
threshold=36.650000000000013 167.00000000000003 5.5000000000000009 10.500000000000002 50.500000000000007 1369.0000000000002 511.00000000000006 38.45000000000001 186.00000000000003 519.00000000000011 38.350000000000001 57.000000000000007 335.50000000000006 40.556410256410267 16.500000000000004 77.159375000000011 33.750000000000007 153.50000000000003 36.550000000000004 55.763888888888893 56.060661764705891 2022.5000000000002 56.968750000000007 36.050000000000004 491.00000000000006 93.500000000000014 55.806250000000006 56.080128205128212 55.422619047619051 57.343750000000007
decision_type=2 2 2 2 2 2 2 2 2 2 2 2 2 2 2 2 2 2 2 2 2 2 2 2 2 2 2 2 2 2
left_child=1 14 9 5 7 6 8 -5 -4 10 11 13 -13 -2 17 18 -17 -1 20 -20 -16 22 -3 -24 -25 26 -11 28 -7 -12
right_child=2 21 3 4 -6 27 -8 -9 -10 25 29 12 -14 -15 15 16 -18 -19 19 -21 -22 -23 23 24 -26 -27 -28 -29 -30 -31
leaf_value=0.006523521821226729 0.010345130345637455 0.0064545835919593945 -0.010866284808204521 0.076882745308358827 -0.020884070075996686 0.068261411773708772 0.017023280161023981 -0.037751262443868283 0.0032583478179973482 -0.056682890625018835 -0.035492554365631285 -0.041678361292194599 0.046211447328502034 -0.012878796273723049 -0.015105217187509219 0.065048170484637 -0.04378438377828673 -0.016349968701906758 0.12933686783940443 -0.038418946077027449 0.013030376544597464 -0.0098445951133442448 0.13026658651285292 -0.013694236936005201 0.076787060433240809 -0.040735784691399685 0.087880290259096827 0.067362199899656972 -0.043883759478270418 0.076672998935881032
leaf_weight=257.14469234645367 50.318311877548695 966.0250971801579 161.14454931300133 7.0810908973216993 109.07309856265783 5.261468196287753 92.688542915508151 2.713076563552022 299.52672470919788 1.5438865870237344 33.452970849350095 5.4530795626342323 19.182624038308859 211.08359637856483 136.15087619051337 6.3430878147482863 39.9407604560256 49.446576602756977 3.7817447781562796 3.4877851456403732 58.22119240090251 67.788150079548359 6.5625445991754559 8.0434752702712995 5.209240809082984 33.132113136351109 2.4089424796402454 10.497464571148155 5.8639905713498592 1.5194404423236836
leaf_count=1507 362 5047 1657 50 917 33 707 37 2352 24 743 46 133 1766 847 35 289 279 23 21 340 343 31 37 24 300 31 64 33 34
internal_value=0.000467456 0.00329741 -0.0038588 -0.00032307 -0.0154449 0.0028031 0.00145074 0.045128 -0.0016825 -0.0107097 -0.00812935 -0.00537961 0.0267572 -0.00840833 -0.00254268 -0.00919227 -0.0288691 0.00283452 -0.00467573 0.0488508 -0.00667763 0.00637101 0.00748602 0.0577703 0.0218712 -0.0330451 0.0314171 0.0374119 0.0091521 -0.0306193
internal_weight=2660.09 1608.15 1051.94 693.85 118.867 574.983 553.36 9.79417 460.671 358.095 321.01 286.038 24.6357 261.402 554.517 247.925 46.2838 306.591 201.642 7.26953 194.372 1053.63 985.84 19.8153 13.2527 37.0849 3.95283 21.6229 11.1255 34.9724
internal_count=18112 8823 9289 5850 1004 4846 4716 87 4009 3439 3084 2307 179 2128 3341 1555 324 1786 1231 44 1187 5482 5139 92 61 355 55 130 66 777
is_linear=0
shrinkage=0.05


Tree=66
num_leaves=31
num_cat=0
split_feature=8 11 11 8 16 8 16 6 13 15 9 0 12 18 0 2 6 8 16 7 8 15 0 0 11 3 16 5 5 12
split_gain=11.8645 8.51563 18.4261 21.11 10.42 11.7726 10.0979 10.9977 10.0622 9.22994 9.88779 12.8456 8.13568 5.98262 8.92706 6.2613 6.17689 8.32529 6.71926 5.68922 5.54683 5.15429 6.67414 5.09939 4.9484 6.75726 7.94658 8.68359 5.0101 4.63017
threshold=38.650000000000013 16.500000000000004 19.000000000000004 36.050000000000004 47.500000000000007 35.050000000000004 27.500000000000004 4.5000000000000009 55.433035714285722 242.50000000000003 489.00000000000006 2023.5000000000002 46.672142857142866 15.500000000000002 2015.5000000000002 5.5000000000000009 3.5000000000000004 34.45000000000001 35.500000000000007 54.500000000000007 40.350000000000001 118.50000000000001 2005.5000000000002 2019.5000000000002 35.000000000000007 7.5000000000000009 34.500000000000007 1.0000000180025095e-35 1.5000000000000002 43.646875000000009
decision_type=2 2 2 2 2 2 2 2 2 2 2 2 2 2 2 2 2 2 2 2 2 2 2 2 2 2 2 2 2 2
left_child=1 9 3 21 6 -6 12 -8 -7 13 29 23 -4 16 19 -16 17 -1 -18 -15 24 -3 -23 -12 25 26 27 -2 -27 -11
right_child=20 2 4 -5 5 8 7 -9 -10 10 11 -13 -14 14 15 -17 18 -19 -20 -21 -22 22 -24 -25 -26 28 -28 -29 -30 -31
leaf_value=0.034770010228118639 0.028257250968383288 -0.025027550573182934 0.011243931369150702 -0.048873497382712329 0.06864160095198478 -0.033354598443078302 0.001625428041978953 -0.019340144511551294 0.028148804181284154 -0.0038115321773949926 0.015257987120312167 -0.040449012747295489 -0.0012915823592699873 0.026427020290972731 0.039894598458896813 0.009128971853507117 -0.0073550874121298118 0.001800561114556764 0.0083700473463642535 -0.0038507494298373984 -0.044603580018115804 0.018376936527064677 -0.0090160644296738059 0.035876928667548096 -0.052326153890925479 -0.026014190276209409 -0.036132221518190157 -0.020306680715967394 0.060423801488455268 0.0074267772065514607
leaf_weight=22.563837647438049 29.677739402279258 35.789170626550913 213.71910605207086 38.346199326217175 11.411491766571997 9.5847204253077525 129.68204484507442 120.83032892644405 21.720554858446121 146.48480429500341 200.16643505170941 9.6712457798421365 328.20453204773366 17.936041850596666 29.419745657593012 37.767982807010412 418.93653452955186 126.47098583355546 81.078943809494376 114.92850517854095 13.991968048736451 27.414025761187077 117.72304154187441 35.270244359970093 6.7960496246814719 42.577725064009428 10.077468376606701 13.343220394104717 1.7451068144291628 244.83593652769923
leaf_count=104 420 240 1316 283 52 58 661 808 130 788 1106 49 2292 131 201 246 2974 766 496 717 504 146 652 194 176 719 155 258 37 1433
internal_value=0.000440196 0.00116083 -0.00227553 -0.0151749 0.00111126 0.0251661 -0.000185438 -0.00848695 0.00931834 0.00359995 0.00815228 0.016027 0.00365206 0.000187834 0.00774751 0.0226004 -0.00214223 0.00679213 -0.00480521 0.000236596 -0.0150441 -0.00803271 -0.00384197 0.0183469 -0.0110755 -0.00819786 0.00383314 0.0131948 -0.0226109 0.00321989
internal_weight=2658.17 2539.96 1054.43 219.272 835.153 42.7168 792.436 250.512 31.3053 1485.53 636.429 245.108 541.924 849.103 200.052 67.1877 649.05 149.035 500.015 132.865 118.209 180.926 145.137 235.437 104.217 97.4213 53.0984 43.021 44.3228 391.321
internal_count=18112 15843 6638 1321 5317 240 5077 1469 188 9205 3570 1349 3608 5635 1295 447 4340 870 3470 848 2269 1038 798 1300 1765 1589 833 678 756 2221
is_linear=0
shrinkage=0.05


Tree=67
num_leaves=31
num_cat=0
split_feature=8 15 17 18 3 9 6 1 17 6 15 9 9 16 16 17 13 8 8 9 13 15 16 16 3 8 15 15 15 0
split_gain=11.6473 9.85227 9.23957 9.73567 9.05968 11.4144 10.8645 9.82752 9.04045 8.73654 8.19124 7.10316 7.09148 6.97663 9.75093 9.5499 8.91192 7.92051 7.5379 6.88105 10.1851 9.40775 10.958 9.74322 8.94971 8.50657 13.0659 8.25302 6.70405 6.65189
threshold=36.650000000000013 167.00000000000003 1369.0000000000002 15.500000000000002 5.5000000000000009 511.00000000000006 3.5000000000000004 2.5000000000000004 1150.5000000000002 5.5000000000000009 220.50000000000003 419.00000000000006 515.00000000000011 47.500000000000007 22.500000000000004 648.00000000000011 56.759615384615394 35.750000000000007 35.750000000000007 503.00000000000006 56.449494949494955 116.50000000000001 28.500000000000004 24.500000000000004 5.5000000000000009 34.550000000000004 102.50000000000001 21.500000000000004 54.500000000000007 2002.5000000000002
decision_type=2 2 2 2 2 2 2 2 2 2 2 2 2 2 2 2 2 2 2 2 2 2 2 2 2 2 2 2 2 2
left_child=1 19 4 -4 8 7 -7 -6 9 12 -5 -3 -2 14 18 -16 17 -15 -13 24 29 23 -23 -22 25 26 -1 -27 -9 -21
right_child=2 11 3 10 5 6 -8 28 -10 -11 -12 13 -14 16 15 -17 -18 -19 -20 20 21 22 -24 -25 -26 27 -28 -29 -30 -31
leaf_value=-0.032508077879714402 -9.0732068834418442e-05 -0.048951825575928615 0.0021260594291648569 0.086705761982400528 0.023157664006346033 0.050659839237796191 0.0067263963826958255 0.01338595529458201 -0.03015201377458774 -0.026572946232436268 0.01484547835687804 0.0048677039258781191 -0.025477150815229679 0.033640936046091328 -0.014932534639681212 0.0035806730218647023 0.091433826825623843 -0.010003031879485225 0.016106465942116701 0.041755751141552964 0.039849705284534583 0.030265411800133941 0.12586668874867252 -0.043933204720035701 0.0013624195195935374 0.037871635371660467 0.027572795501841919 -0.020126328747974848 -0.0075740351874020078 -0.0066632998412703565
leaf_weight=13.523981679230927 196.03457969427109 5.8661132864654055 33.410506373271346 7.6967171356081954 30.780853727832437 16.523088198155165 94.864204751327634 41.431733747944236 54.181565405800939 50.848606096580625 8.1805299017578346 403.9112502373755 31.999292021617293 28.669989831745625 94.308592390269041 266.50856959819794 4.524515137076377 16.308966584503651 236.58252282440662 8.0988606289029104 9.3239477053284663 7.7201022058725339 4.8997513502836227 5.5269327461719504 257.18393114954233 6.3858434706926337 27.348149083554745 155.38833740353584 481.65136704500765 57.134259734302759
leaf_count=97 1775 56 224 42 279 102 747 394 480 755 49 2118 280 134 525 1261 19 80 1289 41 53 39 24 31 1529 44 153 1009 4162 321
internal_value=0.000415083 0.00308621 -0.00368801 0.017445 -0.00473137 -0.00136111 0.0132434 -0.00429822 -0.011463 -0.0078321 0.0496808 0.00591525 -0.00365313 0.00622154 0.00531567 -0.00125822 0.0245445 0.017816 0.00901902 -0.00232412 0.0101029 0.0356419 0.0673833 0.00866889 -0.00482947 -0.0126878 0.00769293 -0.0178369 -0.00591386 -0.000651949
internal_weight=2656.82 1609.21 1047.6 49.2878 998.315 665.251 111.387 553.864 333.064 278.882 15.8772 1056.68 228.034 1050.81 1001.31 360.817 49.5035 44.979 640.494 552.534 92.7039 27.4707 12.6199 14.8509 459.83 202.646 40.8721 161.774 523.083 65.2331
internal_count=18112 8823 9289 315 8974 5684 849 4835 3290 2810 91 5482 2055 5426 5193 1786 233 214 3407 3341 509 147 63 84 2832 1303 250 1053 4556 362
is_linear=0
shrinkage=0.05


Tree=68
num_leaves=31
num_cat=0
split_feature=8 1 17 11 11 8 16 15 16 8 9 15 12 8 13 8 12 12 1 17 9 16 9 6 15 13 0 0 11 9
split_gain=10.7428 14.3273 11.0632 7.62787 16.8355 19.788 8.91194 10.2311 8.8994 10.3727 8.26128 10.1882 11.3303 10.8404 7.47347 8.78121 7.35557 7.23581 6.62175 6.22223 5.87229 13.2291 5.61263 5.94528 5.3083 5.2148 7.8358 8.35521 5.51177 4.99463
threshold=38.650000000000013 3.5000000000000004 3.5000000000000004 16.500000000000004 19.000000000000004 36.050000000000004 47.500000000000007 173.50000000000003 27.500000000000004 33.650000000000013 489.00000000000006 538.50000000000011 61.268571428571441 34.250000000000007 54.838541666666679 36.45000000000001 47.193465909090918 46.672142857142866 10.500000000000002 1327.5000000000002 469.00000000000006 38.500000000000007 505.00000000000006 3.5000000000000004 626.50000000000011 54.89204545454546 2004.5000000000002 2001.5000000000002 15.500000000000002 439.00000000000006
decision_type=2 2 2 2 2 2 2 2 2 2 2 2 2 2 2 2 2 2 2 2 2 2 2 2 2 2 2 2 2 2
left_child=3 -2 -3 10 5 29 8 -8 17 -10 14 12 -12 -14 20 18 -9 -6 -16 -17 21 -1 24 -24 -13 26 27 -4 -27 -5
right_child=1 2 25 4 6 -7 7 16 9 -11 11 22 13 -15 15 19 -18 -19 -20 -21 -22 -23 23 -25 -26 28 -28 -29 -30 -31
leaf_value=0.0084759805248415428 0.020274124800254735 0.11158739337015003 -0.044179024452309708 -0.034572615132033566 0.010560827203592565 -0.047818948569811871 -0.018545611002028558 0.0069889167394017312 0.035565815627657461 -0.010388484754145656 0.00085455858243591541 -0.028356423409596206 0.073393699172945942 0.01387779240123386 0.0091578719682059925 -0.0099825930238761351 0.056262455762253361 -0.0012476812103539242 -0.0040823111800307697 0.016246925212439031 -0.0019853168736902751 0.052479507550526751 0.097161662750006358 0.034830953985845903 0.027383840142548212 -0.0065485017043375865 -0.04605259122817517 0.038611558854716468 -0.040242263185625814 -0.0051498791563939599
leaf_weight=120.86814397200942 23.657437333837152 1.4952651495113958 4.2054053433239487 15.81181553006172 214.76274237781763 37.132987117394805 10.942856159061192 12.254999972879885 12.954214245080946 235.74647093564272 337.31103913672268 6.0458061993122127 8.0311566814780218 161.64887770079076 207.91110343486071 302.76572055742145 19.829377070069313 327.64593695662916 173.01817567273974 24.435043379664421 84.414303280413151 19.891262270510197 4.6531710475683239 21.512549847364426 14.552170567214487 15.78531048633158 7.6973403692245475 11.067456124350427 52.524463952519 164.30216083675623
leaf_count=809 389 23 52 117 1316 283 73 66 58 1411 1986 30 37 1028 1105 2270 101 2292 976 134 513 109 20 112 76 301 204 156 1144 921
internal_value=0.000391696 -0.0144592 -0.0233162 0.00107288 -0.00218678 -0.0145846 0.00104217 0.0232029 -0.000163121 -0.00799484 0.00337752 0.00821571 0.00615596 0.0166948 0.000506895 -0.00201613 0.0374419 0.00342781 0.00314418 -0.0080238 0.00844135 0.0146943 0.0305465 0.0459155 0.0110233 -0.025526 -0.00491687 0.015815 -0.0324562 -0.00773284
internal_weight=2654.87 116.433 92.7752 2538.44 1051.38 217.247 834.137 43.0272 791.109 248.701 1487.06 553.755 506.991 169.68 933.304 708.13 32.0844 542.409 380.929 327.201 225.174 140.759 46.7637 26.1657 20.598 91.28 22.9702 15.2729 68.3098 180.114
internal_count=18112 2269 1880 15843 6638 1321 5317 240 5077 1469 9205 3289 3051 1065 5916 4485 167 3608 2081 2404 1431 918 238 132 106 1857 412 208 1445 1038
is_linear=0
shrinkage=0.05


Tree=69
num_leaves=31
num_cat=0
split_feature=17 17 0 12 9 15 12 17 15 9 14 9 1 15 0 12 0 12 12 14 9 0 17 12 12 15 9 17 15 2
split_gain=7.49204 8.78143 22.2074 7.67256 12.8138 6.00001 13.538 7.12488 5.63506 5.58657 5.75099 4.90623 7.88461 4.78702 9.99302 11.0463 7.90712 6.06868 5.77776 5.48176 4.34833 6.55059 4.10029 7.03226 5.31081 3.99889 7.59355 5.21697 3.88756 4.98315
threshold=103.50000000000001 107.50000000000001 2004.5000000000002 44.353589743589758 511.00000000000006 44.500000000000007 40.071031746031757 36.000000000000007 793.50000000000011 549.00000000000011 15.500000000000002 537.00000000000011 5.5000000000000009 119.50000000000001 2017.5000000000002 89.067708333333343 2008.5000000000002 114.0746527777778 55.620833333333337 37.500000000000007 483.00000000000006 2013.5000000000002 5.5000000000000009 48.213701923076933 46.74785714285715 125.50000000000001 429.00000000000006 34.500000000000007 97.000000000000014 5.5000000000000009
decision_type=2 2 2 2 2 2 2 2 2 2 2 2 2 2 2 2 2 2 2 2 2 2 2 2 2 2 2 2 2 2
left_child=3 2 -2 4 5 6 7 -1 11 13 -11 22 -13 14 17 -16 18 -3 -15 -18 21 -4 23 -5 -24 26 -7 -27 -6 -30
right_child=1 9 20 8 28 25 -8 -9 -10 10 -12 12 -14 16 15 -17 19 -19 -20 -21 -22 -23 24 -25 -26 27 -28 -29 29 -31
leaf_value=-0.034917786942828932 0.11890904984458961 -0.0090704942099529631 0.082544512258040825 0.065839079689931565 -0.0054339312192725414 0.063575266027568342 0.11178695512233168 0.06295442962410995 0.061452741293885338 -0.054298564127830823 0.010771607304150504 0.072419517420103885 -0.030266744726307832 0.0036298539254426701 0.013516011174385962 -0.032952747670965642 0.0017409959947426998 0.049869050637255087 0.014428533141480102 -0.0087003395386544922 -0.042182086203384164 -0.026548755354294087 -0.039220616129345041 -0.0033266122170365776 -0.011290508769417687 0.011778418693061191 -0.022434287210653554 -0.014721215366249686 0.10519696335292335 0.036147084381991268
leaf_weight=5.5924512706696969 5.5818303599953643 295.11485211364925 2.5681050196289998 4.2266633547842494 2.5049360468983641 2.7519368529319754 3.7633377723395816 2.7857998721301556 2.7673814147710791 8.9687478318810445 5.4645092114806166 4.4520524889230719 3.2224402353167534 314.13968554139137 115.91719588451087 14.37490341812372 1056.8543093465269 4.4329776316881171 204.50613328814507 142.67328795511276 4.4787161033600569 2.9643522538244724 18.182615296915174 28.154767474159598 266.14340167958289 53.267608722671866 38.023175340145826 28.515289522707462 4.3414870463311654 6.5623374748975039
leaf_count=43 25 2138 16 32 17 21 34 21 15 71 28 40 28 1855 848 98 6514 32 1305 885 36 28 167 268 2516 419 319 216 29 48
internal_value=0.00036902 0.00161013 0.0389977 -0.00531879 0.00412309 -0.000517038 0.0330101 -0.00237491 -0.00959336 0.00134053 -0.0296626 -0.0101995 0.0293026 0.00154885 -0.0031703 0.00838919 0.00272946 -0.00819825 0.00788786 0.000499091 -0.00555764 0.0240911 -0.0111567 0.0057014 -0.0130766 -0.0038385 -0.0166295 0.00253878 0.0507362 0.0636401
internal_weight=2653.3 2178.04 15.593 475.258 148.108 134.7 12.1416 8.37825 327.149 2162.45 14.4333 324.382 7.67449 2148.01 429.84 130.292 1718.17 299.548 518.646 1199.53 10.0112 5.53246 316.707 32.3814 284.326 122.558 40.7751 81.7829 13.4088 10.9038
internal_count=18112 13879 105 4233 1167 1073 98 64 3066 13774 99 3051 68 13675 3116 946 10559 2170 3160 7399 80 44 2983 300 2683 975 340 635 94 77
is_linear=0
shrinkage=0.05


Tree=70
num_leaves=31
num_cat=0
split_feature=8 4 15 17 17 0 17 17 0 0 13 12 0 9 17 12 9 13 16 8 0 0 9 7 8 13 17 15 9 15
split_gain=10.6778 7.49786 7.63463 6.94469 18.9249 13.1087 9.67877 10.3963 19.3804 9.57625 9.12894 9.07083 8.92824 7.88202 6.93568 6.73429 6.53899 5.28894 5.20612 3.84254 7.33806 3.83263 2.99626 4.42817 3.75084 2.95364 1.39766 1.17798 0.816162 0.357334
threshold=39.750000000000007 11.500000000000002 110.50000000000001 934.00000000000011 964.00000000000011 2016.5000000000002 886.00000000000011 827.50000000000011 2014.5000000000002 2006.5000000000002 55.620192307692314 53.318750000000009 2019.5000000000002 475.00000000000006 1253.5000000000002 69.981250000000017 475.00000000000006 54.781746031746039 47.500000000000007 36.250000000000007 2005.5000000000002 2002.5000000000002 451.00000000000006 55.750000000000007 40.45000000000001 56.535897435897446 1369.0000000000002 626.50000000000011 537.00000000000011 32.500000000000007
decision_type=2 2 2 2 2 2 2 2 2 2 2 2 2 2 2 2 2 2 2 2 2 2 2 2 2 2 2 2 2 2
left_child=1 2 29 6 5 16 7 9 -9 -3 12 13 -8 -6 -13 -12 -5 -7 19 20 -4 22 -2 -24 -25 -21 27 28 -23 -1
right_child=21 3 18 4 11 17 10 8 -10 -11 15 14 -14 -15 -16 -17 -18 -19 -20 25 -22 26 23 24 -26 -27 -28 -29 -30 -31
leaf_value=-0.04077414712820273 0.050696416690561047 0.00491082316827424 0.033295668023890855 -0.016872121486864886 0.0055456396565833621 0.015411374766924064 -0.043297113197120068 -0.0059936615250093259 0.032576144109111735 -0.003922020702868961 0.0034451733038897109 0.0032695356263449295 0.013767141034858167 -0.008597928944176934 0.017333178988080327 -0.02920916741590221 0.034803189063808117 0.079181930144184953 -0.063489363552346953 -0.06427306271246612 -0.012352277779908875 -0.051963554140641355 -0.054736659609559514 0.050549878470812583 -0.051923373237703456 -0.00012844134830145029 0.031738796570411169 0.015516586245140712 -0.0069975760185573407 -0.061883347085475784
leaf_weight=2.7370479442179185 1.9057291783392454 438.62324734963477 12.513575732707976 11.05827432498336 170.63636080920696 4.086151376366618 36.336659988388419 64.533347090706229 65.755396153777838 1021.4508544895798 63.857607912272215 256.5692599285394 8.4481956586241704 233.02827470563352 133.16829601675272 20.974874701350927 13.713929168879984 15.915339913219212 4.0674748942255965 4.3583105541765681 29.69843190908432 16.075304130092274 4.2287042327225191 2.8178378641605377 1.3072784133255479 3.0509354807436466 0.58986540324985881 0.73460640572011371 1.0767251020297397 7.4936468452215195
leaf_count=27 39 3127 64 64 976 21 237 384 348 7422 401 1547 56 1322 697 142 78 77 21 30 162 580 80 37 40 23 15 23 31 56
internal_value=-6.79457e-05 0.000264265 -0.0166504 0.000686903 0.00441878 0.0360456 -0.0011317 -6.09194e-05 0.0134721 -0.00126853 -0.0142699 0.002634 -0.0325325 -0.00261919 0.0080749 -0.00462863 0.0117354 0.0661541 -0.00910714 -0.0046494 0.00117987 -0.0303811 -0.00587632 -0.0187821 0.0180754 -0.03786 -0.043988 -0.0464853 -0.0491408 -0.0562359
internal_weight=2650.81 2622.08 63.9194 2558.16 838.176 44.7737 1719.98 1590.36 130.289 1460.07 129.617 793.402 44.7849 403.665 389.738 84.8325 24.7722 20.0015 53.6887 49.6213 42.212 28.7361 10.2595 8.35382 4.12512 7.40925 18.4765 17.8866 17.152 10.2307
internal_count=18127 17282 383 16899 4782 240 12117 11281 732 10549 836 4542 293 2298 2244 543 142 98 300 279 226 845 196 157 77 53 649 634 611 83
is_linear=0
shrinkage=0.05


Tree=71
num_leaves=31
num_cat=0
split_feature=1 8 6 8 7 12 8 13 9 2 8 0 8 16 15 6 13 13 7 16 12 6 12 13 13 12 0 12 12 9
split_gain=10.7617 9.00274 7.13658 8.81021 9.96565 8.48595 8.4339 7.98975 6.87896 6.61201 6.43279 7.94349 9.21948 8.56334 8.00327 10.5019 7.24965 7.05042 6.80769 5.87333 5.44866 5.1792 7.3366 6.59911 4.60352 4.36988 4.20843 3.78098 3.74614 4.60624
threshold=10.500000000000002 39.750000000000007 3.5000000000000004 37.550000000000004 55.750000000000007 18.805000000000003 38.45000000000001 56.074175824175832 469.00000000000006 5.5000000000000009 38.95000000000001 2006.5000000000002 35.250000000000007 1.0000000180025095e-35 553.50000000000011 3.5000000000000004 54.12916666666667 56.870833333333344 56.750000000000007 24.500000000000004 83.693198529411788 4.5000000000000009 75.812222222222246 55.972222222222229 54.541958041958047 34.01250000000001 2002.5000000000002 30.905476190476197 76.762500000000017 467.00000000000006
decision_type=2 2 2 2 2 2 2 2 2 2 2 2 2 2 2 2 2 2 2 2 2 2 2 2 2 2 2 2 2 2
left_child=1 2 7 5 8 -4 -6 19 -5 -7 11 18 14 -14 16 -16 -13 -15 25 20 -1 22 -20 -23 -21 27 -3 -2 29 -9
right_child=10 26 3 4 6 9 -8 28 -10 -11 -12 12 13 17 15 -17 -18 -19 21 24 -22 23 -24 -25 -26 -27 -28 -29 -30 -31
leaf_value=0.017411850000223262 -0.0015674103803745593 0.0011892223699472254 0.064045698412956528 -0.0047122264078194448 -0.0068797667750737056 0.0061079911076997451 0.014842074894805476 0.010888245128254226 -0.030788376500481929 -0.00075612016941947974 -0.045307195921751059 0.048442378410108761 0.053469531639901008 -0.018842126923403067 0.070261355130549819 0.00035136930057105484 -0.0059704374075883176 0.028828511321367406 0.021337913858352126 -0.026869989621961417 -0.0122564901113519 0.048395765592399692 0.085802287626164458 -0.017903094055713002 0.002778976282401131 0.0021328470973361615 -0.042901889761249437 -0.045981892500291659 -0.0044178940566972627 0.065724683733909453
leaf_weight=118.94155632331967 9.4494725689291972 8.0753288324922341 5.6188471838831893 45.158209236338735 148.4883736576885 663.19513595290482 63.923653228208423 5.5375593807548347 57.489506522193551 744.89042100682855 10.041068722493945 6.2842523306608191 4.3878221809864035 209.86530323885381 8.5404127836227435 14.479671463370321 236.29702703654766 8.0539375059306604 26.657542169094089 16.822925586253405 17.790096692740917 5.0705649554729488 5.2893703505396834 14.447619538754223 59.035404978320003 92.768800681456923 16.4094018638134 9.7214247286319715 4.0513417497277251 12.4158963188529
leaf_count=736 53 159 26 559 1374 3920 904 33 772 4239 179 37 22 1464 36 71 1280 63 135 100 115 32 27 108 329 613 600 52 22 67
internal_value=-6.69661e-05 0.00177118 0.00214694 0.00103647 -0.00652451 0.00272152 -0.000342757 0.0103302 -0.0193166 0.00247681 -0.00559191 -0.00497963 -0.00817517 -0.0156878 -0.00188713 0.0262879 -0.00456083 -0.0170803 0.00456189 0.00736147 0.0135517 0.0196132 0.0320111 -0.000679531 -0.00379621 -0.00235805 -0.0283602 -0.0240897 0.0390109 0.0488109
internal_weight=2649.2 1987.84 1963.36 1728.76 315.06 1413.7 212.412 234.595 102.648 1408.09 661.354 651.313 487.908 222.307 265.601 23.0201 242.581 217.919 163.405 212.59 136.732 51.4651 31.9469 19.5182 75.8583 111.94 24.4847 19.1709 22.0048 17.9535
internal_count=18127 13955 13196 11794 3609 8185 2278 1402 1331 8159 4172 3993 2973 1549 1424 107 1317 1527 1020 1280 851 302 162 140 429 718 759 105 122 100
is_linear=0
shrinkage=0.05


Tree=72
num_leaves=31
num_cat=0
split_feature=1 8 17 12 9 17 15 8 9 12 9 12 8 0 8 16 15 6 17 17 0 7 14 6 12 8 15 8 16 12
split_gain=9.74864 8.41114 7.38788 7.62129 9.66763 7.52871 7.32725 7.0358 6.78559 6.46155 10.7026 7.66079 6.10055 7.96065 8.49552 7.68614 7.2015 9.34391 6.25275 5.74428 5.48011 5.4673 7.43581 7.30268 4.00211 3.52615 3.50852 3.32982 3.01386 2.16207
threshold=10.500000000000002 40.45000000000001 103.50000000000001 49.079086538461546 537.00000000000011 39.500000000000007 158.00000000000003 33.250000000000007 489.00000000000006 60.609375000000007 489.00000000000006 58.189761904761909 38.650000000000013 2006.5000000000002 35.250000000000007 1.0000000180025095e-35 553.50000000000011 3.5000000000000004 1408.5000000000002 23.500000000000004 2017.5000000000002 56.750000000000007 41.500000000000007 4.5000000000000009 34.01250000000001 36.550000000000004 202.00000000000003 34.150000000000013 9.5000000000000018 32.098611111111119
decision_type=2 2 2 2 2 2 2 2 2 2 2 2 2 2 2 2 2 2 2 2 2 2 2 2 2 2 2 2 2 2
left_child=1 2 3 5 20 6 -1 28 -7 11 -11 -9 13 21 16 -16 18 -18 -15 -17 -5 24 23 -23 25 -2 -6 -26 -4 -14
right_child=12 -3 7 4 26 8 -8 9 -10 10 -12 -13 29 14 15 19 17 -19 -20 -21 -22 22 -24 -25 27 -27 -28 -29 -30 -31
leaf_value=-0.0030178683538929344 -0.0059241935255572023 -0.045977390072973495 0.076118656362007708 -0.016994392175341745 0.01913104196996494 -0.027181720396569922 0.02529644633654107 0.0020751313932507302 0.013074101884248035 0.0015319811938408531 0.015957215468838753 -0.013349601926260099 0.026461969452836603 -0.0032603935388471985 0.049711001793200496 -0.045955679016602115 0.066069746926922218 0.00033375815399471262 -0.06402609624933378 -0.014185556122306396 0.0017157135135136355 0.028126955174354869 0.086824197173573481 -0.012599277546451014 0.042217034863379889 -0.051182353398397412 0.099023254263311336 0.00070807254104916914 0.023408843858335211 -0.043593347644860572
leaf_weight=41.22873206064105 11.808677449822428 9.215383989736436 4.1089213788509351 156.26622561179101 3.1108592972159377 28.279203297570348 51.254451071843505 999.98855846002698 16.620668135583401 306.99431619234383 221.25501542165875 87.543783793225884 1.2028076928108919 237.80576165020466 4.481075093150138 15.320995323359965 8.625772029161455 14.481455229222773 4.3101779371500006 199.39877916499972 52.21236786339432 30.051659099757671 3.697910100221633 17.368879977613688 5.121660888195037 6.7717772275209418 2.4616402387619019 85.262736340984702 7.9765835553407669 13.057903102599083
leaf_count=350 59 399 17 1491 27 242 392 6373 124 2060 1424 517 15 1297 22 140 36 71 20 1367 485 149 21 126 23 42 18 559 36 225
internal_value=-6.61984e-05 0.0016802 0.00190209 -0.00467239 -0.0105713 0.00451843 0.012674 0.00332143 -0.0122801 0.00303714 0.00757393 0.000833477 -0.00533777 -0.00462205 -0.00781646 -0.0150999 -0.00179686 0.0248726 -0.00434215 -0.0164525 -0.0123085 0.00504447 0.0185353 0.01321 -0.00128444 -0.0224188 0.0544233 0.00306019 0.0413295 -0.0376846
internal_weight=2647.28 1988.52 1979.3 351.434 214.051 137.383 92.4832 1627.87 44.8999 1615.78 528.249 1087.53 658.768 644.507 484.424 219.201 265.223 23.1072 242.116 214.72 208.479 160.083 51.1184 47.4205 108.965 18.5805 5.5725 90.3844 12.0855 14.2607
internal_count=18127 13955 13556 3129 2021 1108 742 10427 366 10374 3484 6890 4172 3932 2953 1529 1424 107 1317 1507 1976 979 296 275 683 101 45 582 53 240
is_linear=0
shrinkage=0.05


Tree=73
num_leaves=30
num_cat=0
split_feature=8 4 15 12 6 15 9 0 16 0 8 15 8 0 0 17 3 17 15 8 12 17 15 9 17 15 17 0 8
split_gain=8.81012 6.63528 7.26185 6.18708 7.55366 6.73354 5.84093 5.71093 4.80749 3.7142 3.57527 4.11571 3.5062 6.42115 3.2619 3.06855 2.81349 3.74944 4.48883 3.92348 1.49329 1.40333 1.21493 0.84555 0.782456 0.351404 0.0126075 0.00444447 0.000757683
threshold=39.750000000000007 11.500000000000002 110.50000000000001 18.805000000000003 7.5000000000000009 156.50000000000003 415.00000000000006 2008.5000000000002 47.500000000000007 2002.5000000000002 36.750000000000007 230.50000000000003 36.250000000000007 2005.5000000000002 2017.5000000000002 1130.0000000000002 7.5000000000000009 1150.5000000000002 50.500000000000007 40.45000000000001 44.254292929292937 1369.0000000000002 626.50000000000011 537.00000000000011 16.500000000000004 32.500000000000007 827.50000000000011 2003.5000000000002 40.350000000000001
decision_type=2 2 2 2 2 2 2 2 2 2 2 2 2 2 2 2 2 2 2 2 2 2 2 2 2 2 2 2 2
left_child=1 2 25 5 6 -3 14 -8 12 16 11 -6 13 -4 -5 -7 17 18 -2 -20 -14 22 23 27 -12 -1 -27 -11 -18
right_child=9 3 8 4 10 15 7 -9 -10 21 24 -13 20 -15 -16 -17 28 -19 19 -21 -22 -23 -24 -25 -26 26 -28 -29 -30
leaf_value=-0.039760864561303434 -0.053999708188282119 0.083346471668138564 0.031035492677855978 -0.0462805933343646 0.0080254142714284073 -0.01724341051382014 0.0041657537114765967 -0.00084473685060075835 -0.061541889932824723 -0.053297817541883764 -0.011324500435035571 -0.039639630075396615 -0.01666542667418161 -0.011567297600081978 0.027208428041665851 0.048721626032851517 -0.053492233379795188 -0.05659119719876643 0.08156772405770131 -0.017347741911674427 -0.062661187179839581 0.033589661774368527 0.018459937898249221 -0.004879971035840619 -0.054598885454243677 -0.059323314279250694 -0.063573385874167374 -0.051274034438032891 -0.05163870411871057
leaf_weight=2.637158051133154 1.2934331949800268 4.664140433073042 12.657294832170008 9.6959354244172555 10.667364630848175 4.7969335801899433 873.5002474989742 1629.8207849208266 3.9568757712841025 3.6200686432421234 1.1866969522088755 7.8700426742434493 4.0897075589746228 29.361751429736614 1.7884851731359948 2.7874073162674904 1.4080182649195196 1.6505083236843345 3.2614979948848486 1.4473816249519584 3.1038513071835041 0.57741539366543193 0.70488123781979162 1.0294549781829125 8.7218216992914659 4.1489369124174118 3.0114445388317108 10.825677373446522 0.90620209462940682
leaf_count=27 32 22 64 108 115 32 5757 10584 21 81 24 72 29 162 19 20 24 23 40 45 24 15 23 31 146 36 20 499 32
internal_value=-6.52869e-05 0.00022623 -0.0158083 0.000621319 0.000450584 0.0360723 0.000740393 0.000903607 -0.0085194 -0.0286281 -0.0251704 -0.0122107 -0.0042562 0.00126584 -0.034836 0.00700015 -0.00445852 0.0101498 0.0285022 0.0511638 -0.0365115 -0.0430037 -0.0457371 -0.0486612 -0.0494161 -0.0553641 -0.0611108 -0.0517812 -0.0527664
internal_weight=2645.19 2618.47 62.967 2555.5 2543.25 12.2485 2514.81 2503.32 53.1695 26.7245 28.4459 18.5374 49.2126 42.019 11.4844 7.58434 9.96704 7.65282 6.00231 4.70888 7.19356 16.7575 16.1801 15.4752 9.90852 9.79754 7.16038 14.4457 2.31422
internal_count=18127 17282 383 16899 16825 74 16468 16341 300 845 357 187 279 226 127 52 196 140 117 85 53 649 634 611 170 83 56 580 56
is_linear=0
shrinkage=0.05


Tree=74
num_leaves=31
num_cat=0
split_feature=8 4 15 9 6 8 0 11 2 13 16 0 8 0 0 13 9 9 7 9 7 8 15 11 9 0 15 16 8 16
split_gain=8.20229 6.05588 6.92369 5.38419 5.38902 9.31099 13.0101 7.70751 5.30657 4.89039 4.46939 3.59038 3.24395 5.75299 3.07357 2.81413 2.72732 2.61845 4.21193 3.65494 2.29775 1.75824 1.00175 0.755066 1.7472 2.17046 0.347985 0.00796454 0.00786897 0.00408927
threshold=39.750000000000007 11.500000000000002 110.50000000000001 415.00000000000006 4.5000000000000009 37.550000000000004 2006.5000000000002 68.000000000000014 4.5000000000000009 56.677083333333336 47.500000000000007 2002.5000000000002 36.250000000000007 2005.5000000000002 2017.5000000000002 56.535897435897446 449.00000000000006 451.00000000000006 55.750000000000007 471.00000000000006 56.750000000000007 38.050000000000004 626.50000000000011 15.500000000000002 503.00000000000006 2006.5000000000002 32.500000000000007 1.5000000000000002 40.250000000000007 23.500000000000004
decision_type=2 2 2 2 2 2 2 2 2 2 2 2 2 2 2 2 2 2 2 2 2 2 2 2 2 2 2 2 2 2
left_child=1 2 26 14 7 6 -6 8 -5 -7 12 17 13 -4 21 -14 -9 -2 28 -20 -21 29 23 24 -13 -26 -1 -28 -19 -3
right_child=11 3 10 4 5 9 -8 16 -10 -11 -12 22 15 -15 -16 -17 -18 18 19 20 -22 -23 -24 -25 25 -27 27 -29 -30 -31
leaf_value=-0.038892437034334558 0.047455881524830691 -0.055280962575710552 0.029158443565616032 -0.01396736825718799 0.011193524393029503 -0.016523790424884447 -0.0029980819663603304 -0.012344524171747034 0.0036411353365040223 0.0039302872466716763 -0.059923853795837881 -0.052014018201390427 -0.062697479164278688 -0.011046148569813709 0.025301680711986099 0.0012443450444012945 -0.063906660481970787 -0.057150591842112144 -0.053974277814498775 0.0089702600878067557 0.099098431194166656 -0.00046723209421627729 0.013590636854880859 -0.051673942529028308 0.074108621256603405 -0.051417349548003616 -0.058528464804062756 -0.06196182296524895 -0.052559163605781306 -0.05783389642703525
leaf_weight=2.5631377790123206 1.9586523659527317 5.3890574909746629 12.794819600880144 44.163698012009263 207.21724571660161 142.02162693999708 731.89914353191853 4.7374885529279691 1372.3048515822738 36.793726464733481 3.8629306554794303 2.3730950159952058 4.042331062257289 29.213543400168419 1.8260942697525013 2.9961290080100298 5.5913544371724129 1.5656838715076449 1.2233479367569087 1.5807404145598412 1.2796290162950754 1.75240783393383 0.75655793026089746 11.575686048716305 0.77718684822320916 0.61836687941104174 2.9779644943773746 3.9028758630156517 2.3099282700568438 2.2125964500010014
leaf_count=27 39 68 64 257 1303 1850 4812 37 8017 452 21 89 30 162 19 23 44 18 24 33 20 19 24 496 15 25 28 28 62 21
internal_value=-6.37029e-05 0.000213898 -0.0151816 0.000589485 0.000741596 -0.00185783 0.000133314 0.00277831 0.00309212 -0.0123151 -0.0081425 -0.0279985 -0.0040642 0.00119928 -0.0340327 -0.0354787 -0.0402569 -0.00433339 -0.0170778 0.0183557 0.0492904 -0.0456159 -0.042576 -0.0453453 -0.0259066 0.0184883 -0.054618 -0.0604759 -0.054414 -0.056024
internal_weight=2644.28 2618.26 62.3537 2555.91 2544.73 1117.93 939.116 1426.8 1416.47 178.815 52.9098 26.0189 49.0468 42.0084 11.1802 7.03846 10.3288 9.91798 7.95933 4.08372 2.86037 9.35406 16.1009 15.3443 3.76865 1.39555 9.44398 6.88084 3.87561 7.60165
internal_count=18127 17282 383 16899 16772 8417 6115 8355 8274 2302 300 845 279 226 127 53 81 196 157 77 53 108 649 625 129 40 83 56 80 89
is_linear=0
shrinkage=0.05


Tree=75
num_leaves=31
num_cat=0
split_feature=8 1 9 6 1 9 7 15 15 5 9 14 8 8 8 18 1 0 14 8 12 0 18 8 9 12 9 8 0 14
split_gain=10.629 7.51291 7.45091 7.10395 10.7663 7.9523 7.3801 6.69669 6.77337 6.3233 6.11312 7.99393 5.56058 4.92769 3.75013 7.79253 9.09331 4.18021 3.85048 3.74895 3.88957 4.8127 4.70438 7.03775 3.70186 3.51101 4.0764 7.05944 4.44585 3.40743
threshold=38.550000000000004 3.5000000000000004 429.00000000000006 4.5000000000000009 4.5000000000000009 525.00000000000011 53.500000000000007 7.5000000000000009 24.500000000000004 1.0000000180025095e-35 533.00000000000011 30.500000000000004 33.150000000000013 37.150000000000013 37.350000000000001 15.500000000000002 5.5000000000000009 2021.5000000000002 37.500000000000007 40.350000000000001 39.444642857142867 2000.5000000000002 16.500000000000004 38.95000000000001 415.00000000000006 83.693198529411788 507.00000000000006 39.050000000000004 2002.5000000000002 7.5000000000000009
decision_type=2 2 2 2 2 2 2 2 2 2 2 2 2 2 2 2 2 2 2 2 2 2 2 2 2 2 2 2 2 2
left_child=2 9 14 7 10 6 -6 -4 13 25 11 -5 -10 -9 17 16 -16 18 -1 20 21 -3 24 -24 -22 26 28 -28 -2 -7
right_child=1 19 3 4 5 29 -8 8 12 -11 -12 -13 -14 -15 15 -17 -18 -19 -20 -21 22 -23 23 -25 -26 -27 27 -29 -30 -31
leaf_value=-0.032116171751894733 0.048878864180994464 0.025684801273157361 -0.059291892808532767 0.0078166981777021676 -0.028919524295185791 -0.035436964639246289 -0.0022769688456407153 0.054878589718895303 0.052333031871216434 -0.031655876364943394 0.038341220312307467 -0.016700203220968483 0.0037277040408663442 -0.0074146555004934167 0.11187950562878116 -0.044780747096341611 -0.018192093067954638 0.021448193329165196 0.029246572732746379 -0.051436781133645706 0.066755402402814787 -0.050658029288726883 -0.025457886024031668 0.030223805561131235 -0.022130789013109088 -0.034917054555846136 0.15584757464881918 0.022638842975552909 -0.0078855037153762724 -0.0059806014546007731
leaf_weight=37.954573456197977 6.4007110893726438 2.4326596818864372 4.1505222041159859 274.97355078533292 27.006566174328327 28.515219703316689 692.32405053451657 11.127559036016462 5.909971445798873 6.8204875346273175 14.24767295271158 37.82142436131835 1352.6772927828133 4.4419922307133666 2.8485538326203805 3.5615197233855724 2.5434431508183479 4.7792521156370631 2.7411292046308509 8.4819530490785819 1.1979233808815468 13.636674594134091 9.8162467330694216 13.450545651838182 52.830119846388698 2.2496349383145562 1.6308598294854153 2.5493015730753541 7.4809339540079236 14.972697969526051
leaf_count=313 68 27 35 1856 274 238 4954 54 25 155 85 230 7372 30 24 33 26 35 20 395 14 245 134 228 1011 30 15 47 129 89
internal_value=0.000618741 -0.0133813 0.00133455 0.00173808 -0.00127853 -0.00453247 -0.00327724 0.00412339 0.00431493 0.00999885 0.0063112 0.00485225 0.00393914 0.0371063 -0.0169644 0.0126137 0.0505238 -0.0227879 -0.027983 -0.0196099 -0.0167184 -0.0391009 -0.0120652 0.00673173 -0.02016 0.0239863 0.0313229 0.0746093 0.0182881 -0.0252953
internal_weight=2651.58 128.978 2522.6 2468.17 1089.86 762.819 719.331 1378.31 1374.16 27.1319 327.043 312.795 1358.59 15.5696 54.4285 8.95352 5.392 45.475 40.6957 101.846 93.3642 16.0693 77.2948 23.2668 54.028 20.3114 18.0618 4.18016 13.8816 43.4879
internal_count=18191 2498 15693 15242 7726 5555 5228 7516 7481 444 2171 2086 7397 84 451 83 50 368 333 2054 1659 272 1387 362 1025 289 259 62 197 327
is_linear=0
shrinkage=0.05


Tree=76
num_leaves=31
num_cat=0
split_feature=17 15 17 17 12 12 9 17 17 17 12 17 18 6 14 15 12 9 12 6 12 12 15 9 18 12 9 6 18 14
split_gain=10.2555 7.92978 6.66405 21.1104 11.5752 8.78702 8.84945 8.20508 9.49167 7.7967 7.12977 6.78403 5.6386 5.50903 5.4283 6.58061 5.3608 5.13637 5.09542 5.97606 8.51829 8.09962 7.03297 9.42344 5.85766 4.93131 4.85476 4.94976 6.81735 6.18591
threshold=96.500000000000014 318.00000000000006 158.00000000000003 144.50000000000003 54.186805555555573 52.760763888888896 443.00000000000006 165.50000000000003 176.50000000000003 107.50000000000001 68.637500000000003 171.00000000000003 16.500000000000004 4.5000000000000009 43.500000000000007 108.00000000000001 40.981349206349215 471.00000000000006 62.07500000000001 4.5000000000000009 57.136666666666677 57.667083333333345 42.500000000000007 493.00000000000006 10.500000000000002 55.414743589743587 491.00000000000006 3.5000000000000004 16.500000000000004 34.500000000000007
decision_type=2 2 2 2 2 2 2 2 2 2 2 2 2 2 2 2 2 2 2 2 2 2 2 2 2 2 2 2 2 2
left_child=1 18 3 5 -5 6 -2 -4 10 17 11 -9 -8 -6 15 -10 -16 -7 19 20 25 -22 23 -21 -24 -1 -3 -28 29 -29
right_child=2 26 7 4 13 9 12 8 14 -11 -12 -13 -14 -15 16 -17 -18 -19 -20 22 21 -23 24 -25 -26 -27 27 28 -30 -31
leaf_value=-0.00067764011402095714 -0.060180525003245611 -0.0016991395282542202 -0.035518566202949027 0.030452373184551969 0.071362193608153657 0.057377391332954608 0.036427918014172035 -0.01580380534896712 -0.0046421203595197712 -0.022283309891369629 0.098956877396743803 0.056614372318716466 -0.0078624449098815032 0.15688339011379959 0.0079260490565442494 0.0032196222464762158 -0.016091716138910597 -0.004578154342908012 -0.01832639152588655 0.053021298813683372 0.11305524853357236 0.01877848828665379 -0.03089213292286018 -0.058401184612054041 -0.0066736051564318501 -0.033599495952800075 0.059980405703477936 0.040698997202467502 -0.062304704438977745 -0.020311575284674345
leaf_weight=118.03528222534806 3.1808501817286006 46.96792499255389 14.986636635847388 12.363384123891594 4.3148551825433961 5.8443426936864835 31.713406512513757 6.3072325317189115 318.43230919260532 36.965573319233954 3.8337997384369364 6.6369515284895897 9.2915016673505288 3.341256046667695 32.429501560516655 1621.9731525955722 81.925561333075166 7.8234680090099573 110.42899753618985 7.6201854813843948 2.5975921992212561 18.529629863798618 48.45653557125479 2.5268343575298786 51.505030845291913 12.587530585005878 7.2667404655367163 14.017886932939296 2.6813994385302058 5.9046765444800249
leaf_count=885 26 357 127 78 29 44 219 53 2306 262 23 39 63 24 190 10028 544 64 1204 78 27 158 488 29 542 99 39 96 23 47
internal_value=0.00058529 -0.00630039 0.00199012 0.0137164 0.0603711 0.00386604 0.0201598 0.00134472 0.00161141 -0.0103528 0.039066 0.0213276 0.0263919 0.108685 0.00130558 0.00192946 -0.00928061 0.021914 -0.00931872 -0.00552007 0.000914067 0.0303698 -0.0143875 0.0252746 -0.0184136 -0.00385017 0.0083236 0.0240831 0.0125428 0.0226166
internal_weight=2650.49 449.126 2201.36 114.839 20.0195 94.8191 44.1858 2086.53 2071.54 50.6334 16.778 12.9442 41.0049 7.65611 2054.76 1940.41 114.355 13.6678 372.288 261.859 151.75 21.1272 110.109 10.147 99.9616 130.623 76.8386 29.8707 22.604 19.9226
internal_count=18191 4072 14119 809 131 678 308 13310 13183 370 115 92 282 53 13068 12334 734 108 3510 2306 1169 185 1137 107 1030 984 562 205 166 143
is_linear=0
shrinkage=0.05


Tree=77
num_leaves=31
num_cat=0
split_feature=8 17 0 14 17 13 1 8 13 14 0 12 12 17 1 1 8 5 8 12 17 9 13 17 17 12 13 16 12 6
split_gain=9.67354 7.81259 6.95866 10.5043 9.05819 11.9749 6.9309 5.73614 9.08469 8.00853 7.47375 7.38411 7.12643 6.82356 8.60695 6.76636 5.79428 5.66023 5.23475 5.01936 4.21501 4.10207 9.22444 5.13681 3.87834 3.82321 8.98958 17.4249 6.72226 3.43673
threshold=38.550000000000004 96.500000000000014 2001.5000000000002 43.500000000000007 129.50000000000003 55.781746031746039 3.5000000000000004 37.150000000000013 54.515625000000007 6.5000000000000009 2018.5000000000002 67.372569444444466 57.136666666666677 24.500000000000004 10.500000000000002 2.5000000000000004 35.750000000000007 1.0000000180025095e-35 33.250000000000007 46.74785714285715 3.5000000000000004 423.00000000000006 56.464102564102568 101.50000000000001 843.50000000000011 54.409375000000004 54.870833333333344 15.500000000000002 54.603125000000013 4.5000000000000009
decision_type=2 2 2 2 2 2 2 2 2 2 2 2 2 2 2 2 2 2 2 2 2 2 2 2 2 2 2 2 2 2
left_child=1 7 3 4 -3 -6 17 10 9 12 11 16 -9 14 -12 -13 -1 -2 24 -15 -8 22 -20 -23 -4 -22 27 -27 -28 -26
right_child=6 2 18 -5 5 -7 20 8 -10 -11 13 15 -14 19 -16 -17 -18 -19 21 -21 25 23 -24 -25 29 26 28 -29 -30 -31
leaf_value=-0.011112503373766723 0.02235241790369143 0.06997746469043177 0.0010004383898614532 -0.05044436680690139 0.0070236010477287385 0.053754582029551058 0.057426906427890737 -0.017989610015125591 -0.019969971008886311 0.10480474418118718 0.038548011949117202 0.03195166660378497 0.060288850437736047 -0.034490917484278662 -0.017129273314526638 -0.028383984604389453 0.0075244627388468353 -0.030823309394934703 -0.03828113113210773 0.0086246582255968974 -0.031008109997475809 0.053625371807433909 0.069840128234343074 0.0015430827335666661 0.011492163999021327 -0.020375738750368952 0.041005164710650882 0.095412313764244833 -0.030112735697852527 0.066621486570112826
leaf_weight=75.543185047805309 20.648432016372684 7.5161852836608878 8.4345446079969424 6.0973942875862113 101.21416549384594 15.856497921049593 1.7732396945357312 9.5994216129183787 101.31805803254247 2.3937989659607402 31.478509623557329 5.1594587936997405 4.1708512026816598 9.7931888140738028 8.9047163873910886 46.758684396743774 93.106290150433779 6.6051724888384333 14.262672297656538 21.724540688097477 45.359129614196718 4.7458540610969058 2.2893255725502959 1940.1324537005275 4.6091067641973478 8.5841323509812337 3.6656939266249529 5.2282080622389904 35.51633783057332 7.3112939745187759
leaf_count=525 289 35 38 35 555 83 28 85 1053 18 197 35 43 65 67 400 660 155 129 145 944 34 17 11422 21 162 75 69 776 31
internal_value=0.000553215 0.0012321 0.00245793 0.0136331 0.0167691 0.013353 -0.0128903 -0.00508457 -0.0144164 0.0203938 -0.00133604 -0.00589952 0.00572 0.0126632 0.0262709 -0.022388 -0.000823596 0.00946477 0.00172101 -0.00477221 -0.0189752 0.00145923 -0.0233268 0.00167017 0.0269466 -0.0203527 -0.0112324 0.023452 -0.0234593 0.0453053
internal_weight=2649.8 2522.42 2112.47 130.684 124.587 117.071 127.38 409.951 117.482 16.1641 292.469 220.568 13.7703 71.901 40.3832 51.9181 168.649 27.2536 1981.79 31.5177 100.127 1961.43 16.552 1944.88 20.3549 98.3535 52.9944 13.8123 39.182 11.9204
internal_count=18191 15693 12400 708 673 638 2498 3293 1199 146 2094 1620 128 474 264 435 1185 444 11692 210 2054 11602 146 11456 90 2026 1082 231 851 52
is_linear=0
shrinkage=0.05


Tree=78
num_leaves=31
num_cat=0
split_feature=11 11 17 14 14 17 9 17 15 0 15 2 9 0 0 17 12 16 15 16 12 15 9 6 16 1 9 18 14 14
split_gain=8.70976 11.2833 10.8322 9.13115 19.7049 7.71418 8.07242 8.83405 6.94651 6.88168 10.1871 7.49543 8.56069 11.7505 6.49372 6.47297 6.07363 6.23946 7.80952 5.75002 7.01288 5.40248 7.50154 5.36908 5.29899 4.43424 6.01712 6.1626 5.31169 8.05566
threshold=16.500000000000004 21.000000000000004 36.000000000000007 43.500000000000007 39.500000000000007 1130.0000000000002 439.00000000000006 1014.0000000000001 95.500000000000014 2014.5000000000002 76.500000000000014 5.5000000000000009 459.00000000000006 2020.5000000000002 2021.5000000000002 1130.0000000000002 35.919230769230772 28.500000000000004 793.50000000000011 40.500000000000007 56.743750000000006 778.00000000000011 485.00000000000006 4.5000000000000009 13.500000000000002 9.5000000000000018 533.00000000000011 15.500000000000002 31.500000000000004 41.500000000000007
decision_type=2 2 2 2 2 2 2 2 2 2 2 2 2 2 2 2 2 2 2 2 2 2 2 2 2 2 2 2 2 2
left_child=8 2 -2 4 21 6 -4 -8 9 10 -1 12 14 -14 -11 24 -5 18 -18 20 -13 23 -23 -3 -6 26 28 -28 -10 -30
right_child=1 3 5 16 15 -7 7 -9 25 11 -12 19 13 -15 -16 -17 17 -19 -20 -21 -22 22 -24 -25 -26 -27 27 -29 29 -31
leaf_value=-0.0060718588281052834 -0.044589653064755028 0.0042330445248336002 -0.042376230949465576 0.036638853710059732 0.068718446934934202 -0.026066173367397655 -0.0029140159006362781 0.053992044215646511 0.0075029052322821577 -0.047740731946095925 -0.04274797993400635 -0.04073952648827793 0.073112140747311247 0.011086428288893963 0.021849491233212882 0.10115557463194197 -0.034628729218627884 -0.060301351265869441 0.026062249353564312 0.037325513103927649 0.0082738317885773013 0.0098567501079203767 -0.06726593013311026 -0.0039897054538516287 0.00029150568335622665 0.00073763739196734852 0.011065265823179378 0.058235302701391711 -0.01631982064509311 0.01028153446230938
leaf_weight=120.6198584549129 24.104975360445678 406.97585208900273 12.193857083097098 3.7847747653722754 5.5285951420664805 50.141246248036623 129.64405549410731 7.1986654307693234 661.01024296972901 6.9769042059779149 22.458460103720427 16.957166668958966 11.793987323530017 21.65714062191546 6.452591328881681 5.1848713755607596 17.056661825627092 11.530232314020394 7.6903202012181273 5.2031376939266911 12.812205422669647 5.72806268930435 7.0137332230806351 387.57970012351871 5.7948617041110992 531.20743220578879 18.442173146642748 11.086877262219785 62.230496722273529 52.444264498539269
leaf_count=996 220 2492 93 22 40 263 774 35 4695 54 186 130 97 164 49 27 140 83 46 35 103 29 42 3076 41 3343 114 67 386 349
internal_value=0.000522775 -0.00291343 -0.0129328 -0.000323736 0.000809872 -0.00910159 -0.00339409 7.95499e-05 0.00291536 -0.00521387 -0.0118288 0.00634889 0.0194171 0.0329551 -0.0143041 0.0548865 -0.0236344 -0.0299227 -0.0157685 -0.0111691 -0.0196451 -0.000295935 -0.0325955 0.000222034 0.0337005 0.00428358 0.00662287 0.0287756 0.00577956 -0.00415421
internal_weight=2648.5 1087.15 223.283 863.868 823.806 199.178 149.037 136.843 1561.35 224.931 143.078 81.8531 46.8806 33.4511 13.4295 16.5083 40.062 36.2772 24.747 34.9725 29.7694 807.297 12.7418 794.556 11.3235 1336.42 805.214 29.5291 775.685 114.675
internal_count=18191 7423 1385 6038 5747 1165 902 809 10768 1814 1182 632 364 261 103 108 291 269 186 268 233 5639 71 5568 81 8954 5611 181 5430 735
is_linear=0
shrinkage=0.05


Tree=79
num_leaves=31
num_cat=0
split_feature=17 15 0 17 17 12 12 9 17 17 17 0 12 2 9 3 7 1 2 9 0 15 12 6 12 12 15 9 12 12
split_gain=8.29997 7.04908 6.88908 5.57201 18.4376 9.28644 7.65176 7.83751 7.52342 8.39058 6.82994 9.85178 6.03713 8.44962 5.34747 5.02108 7.64532 4.69996 8.36403 5.93755 4.61453 4.61434 4.42911 5.42805 7.41396 6.59519 6.56032 8.39486 4.68725 4.38701
threshold=96.500000000000014 318.00000000000006 2002.5000000000002 158.00000000000003 144.50000000000003 54.186805555555573 52.760763888888896 443.00000000000006 165.50000000000003 176.50000000000003 107.50000000000001 2013.5000000000002 39.271282051282057 5.5000000000000009 491.00000000000006 7.5000000000000009 55.750000000000007 10.500000000000002 5.5000000000000009 541.00000000000011 2019.5000000000002 247.50000000000003 62.07500000000001 4.5000000000000009 57.136666666666677 57.667083333333345 42.500000000000007 493.00000000000006 55.414743589743587 56.529513888888893
decision_type=2 2 2 2 2 2 2 2 2 2 2 2 2 2 2 2 2 2 2 2 2 2 2 2 2 2 2 2 2 2
left_child=1 22 -3 4 6 21 7 -2 -5 12 11 -8 -10 -14 -4 16 -16 18 -11 -19 -9 -6 23 24 28 -26 27 -25 -1 -12
right_child=3 2 14 8 5 -7 10 20 9 17 29 -13 13 -15 15 -17 -18 19 -20 -21 -22 -23 -24 26 25 -27 -28 -29 -30 -31
leaf_value=-0.00039339352901155453 -0.059518873705427945 -0.034855774670225111 0.0019124900356200646 -0.034553096623702727 0.06097497006707886 0.09694695428499267 0.05999410328120737 0.033791974505275435 -0.010856601776697779 0.0062615568239181938 -0.06533293298310866 -0.02425461559480941 0.013679433218713741 0.096871829304110174 -0.028766589596708383 0.05945002062260786 0.039660355450852648 -0.0024277887480691068 -0.0010833013550403672 -0.048886524171027075 -0.0039683495682834267 0.00015275023142908466 -0.017139448590795189 0.049454708845469965 0.099904936841151537 0.017526118985926226 -0.017587058026149856 -0.057738194460064979 -0.032785986522919787 -0.01470634840918067
leaf_weight=117.46487636119127 3.024749729782342 8.344646040350197 41.248982506804168 14.644447398371993 5.8029859773814696 8.1095882430672628 7.2392627391964179 30.685650130733848 4.850699580274525 753.76758830714971 4.9493899047374716 6.6644557220861316 6.1331521198153478 6.0758287869393826 6.4477408872917357 9.6462521031498891 11.125921124592422 497.7951276358217 797.90487606544048 6.9735585022717705 10.988112334161995 6.7404873743653297 107.78023080062121 7.8442329596728069 2.7913188766688135 18.749308530241251 98.24281345680356 2.380890280008316 12.341093512251971 31.595890074968338
leaf_count=885 26 61 316 127 40 53 46 205 29 4942 36 62 43 43 49 67 69 2970 5113 43 77 38 1204 78 27 158 1030 29 99 226
internal_value=0.000493906 -0.00573956 0.00803605 0.00175084 0.0124266 0.0552493 0.0031314 0.0181951 0.0011588 0.00141102 -0.0102152 0.0196112 0.036332 0.0550803 0.0132635 0.0304648 0.0145546 0.00112132 0.00248467 -0.00306963 0.0238357 0.0282909 -0.00861815 -0.00508321 0.001035 0.0282011 -0.01362 0.0244952 -0.00347307 -0.0215628
internal_weight=2648.35 444.408 76.8135 2203.95 115.801 20.6531 95.1475 44.6985 2088.15 2073.5 50.449 13.9037 17.0597 12.209 68.4689 27.2199 17.5737 2056.44 1551.67 504.769 41.6738 12.5435 367.595 259.815 151.347 21.5406 108.468 10.2251 129.806 36.5453
internal_count=18191 4072 562 14119 809 131 678 308 13310 13183 370 108 115 86 501 185 118 13068 10055 3013 282 78 3510 2306 1169 185 1137 107 984 262
is_linear=0
shrinkage=0.05


Tree=80
num_leaves=31
num_cat=0
split_feature=11 11 14 16 16 2 12 11 12 2 14 0 7 0 3 14 12 15 6 15 6 7 13 15 16 1 16 16 0 13
split_gain=6.85077 12.9297 7.84384 7.41424 23.3854 8.19352 6.62397 5.79119 5.10618 5.0869 9.7332 5.01638 9.19975 7.36143 14.3337 7.10333 6.27277 5.28767 4.86458 4.65091 4.52911 4.51507 4.3592 3.95097 3.82102 5.8099 4.257 5.76031 3.20852 3.02213
threshold=16.500000000000004 19.000000000000004 47.500000000000007 15.500000000000002 16.500000000000004 5.5000000000000009 18.805000000000003 9.5000000000000018 37.344848484848491 5.5000000000000009 17.500000000000004 2008.5000000000002 54.500000000000007 2015.5000000000002 8.5000000000000018 40.500000000000007 52.477500000000006 395.00000000000006 6.5000000000000009 7.5000000000000009 4.5000000000000009 54.500000000000007 53.449519230769234 95.500000000000014 26.500000000000004 7.5000000000000009 6.5000000000000009 2.5000000000000004 2011.5000000000002 54.720486111111121
decision_type=2 2 2 2 2 2 2 2 2 2 2 2 2 2 2 2 2 2 2 2 2 2 2 2 2 2 2 2 2 2
left_child=3 23 6 7 5 -5 -3 -1 -4 10 -8 12 17 16 -15 -14 -13 -6 19 -9 -11 -20 -21 29 26 -26 27 -25 -27 -2
right_child=1 2 8 4 11 -7 9 18 -10 20 -12 13 15 14 -16 -17 -18 -19 21 22 -22 -23 -24 24 25 28 -28 -29 -30 -31
leaf_value=0.043092396245144084 -0.01051910926028353 0.065040821045098882 0.022430174528773029 0.024368979304193402 -0.0044781613962627193 0.11776909561930478 0.00019335353222092922 -0.049812871532953884 -0.05272529431459614 0.0018774010921703407 0.019799229784206743 -0.011198837016688206 0.012576076225146799 0.0035373214471292077 0.039257522561865564 0.047640929923186949 0.0038849239076365425 -0.059966400305421746 0.015241752739815029 0.028463626671586612 -0.0083903145063844355 -0.029798415016377585 -0.0008800276269225123 -0.0088033606077746185 -0.0051163097578612975 -0.058047373054593635 0.0047987661969073189 -0.050445974831289903 -0.024481563766841664 -0.043798044960791926
leaf_weight=7.3526606969535342 10.931055292487146 3.9257764108479014 2.8341203778982154 3.8067912161350232 28.805202875286341 6.1278753131628036 331.00786846317351 4.7922689821571103 11.157230641692875 193.43976850993931 78.271754358895123 134.69069009274244 163.8950802674517 196.40243556629866 32.770739750936627 15.838782975450156 141.16322923451662 5.0454354640096417 7.0667756125330916 12.863252661190925 241.46390225365758 26.169597797095776 787.9323969297111 66.01675777323544 26.545771215111017 11.439762048423292 49.723732916638255 9.4993815049529058 18.852105271071196 18.148429178632796
leaf_count=38 91 30 17 23 177 31 2474 46 95 1097 490 781 989 1239 218 89 889 24 102 97 1802 353 5708 465 140 62 275 51 109 143
internal_value=-4.83232e-06 -0.00308541 -0.000369371 0.00209475 0.0057922 0.0819798 0.000243204 -0.00108871 -0.0375016 -5.81296e-05 0.00394283 0.00473892 0.0111627 0.0020222 0.00864515 0.0156661 -0.00348 -0.0127487 -0.00147598 -0.000702573 -0.00382336 -0.0202219 -0.000408678 -0.0141743 -0.011441 -0.0221929 -0.00656151 -0.0140417 -0.0371577 -0.0312884
internal_weight=2647.98 1073.26 862.1 1574.72 728.546 9.93467 848.109 846.177 13.9914 844.183 409.28 718.612 213.585 505.027 229.173 179.734 275.854 33.8506 838.824 805.588 434.904 33.2364 800.796 211.157 182.078 56.8376 125.24 75.5161 30.2919 29.0795
internal_count=18145 7341 6005 10804 4460 54 5893 6344 112 5863 2964 4406 1279 3127 1457 1078 1670 201 6306 5851 2899 455 5805 1336 1102 311 791 516 171 234
is_linear=0
shrinkage=0.05


Tree=81
num_leaves=31
num_cat=0
split_feature=8 0 8 7 3 0 6 15 11 11 8 12 9 9 7 3 15 12 3 2 8 16 16 0 7 0 15 7 9 8
split_gain=9.16381 10.2055 7.23165 6.83622 8.32635 6.59875 6.36644 6.13662 6.0986 13.1515 20.1214 10.2677 7.10483 8.30115 5.8386 8.97778 7.42051 7.71603 6.09838 5.90327 5.7432 5.46661 18.0196 5.57416 7.92624 6.0319 5.13347 6.86392 4.99709 4.65574
threshold=37.750000000000007 2007.5000000000002 39.150000000000013 56.750000000000007 5.5000000000000009 2012.5000000000002 4.5000000000000009 255.50000000000003 16.500000000000004 19.000000000000004 36.050000000000004 18.805000000000003 527.00000000000011 517.00000000000011 54.500000000000007 7.5000000000000009 188.50000000000003 75.438194444444463 5.5000000000000009 5.5000000000000009 39.45000000000001 15.500000000000002 16.500000000000004 2008.5000000000002 54.500000000000007 2015.5000000000002 60.500000000000007 52.500000000000007 525.00000000000011 33.850000000000001
decision_type=2 2 2 2 2 2 2 2 2 2 2 2 2 2 2 2 2 2 2 2 2 2 2 2 2 2 2 2 2 2
left_child=8 14 3 4 -3 28 -6 -7 21 10 -10 -11 13 -13 19 16 18 -18 -16 -2 -17 29 -23 24 -24 -25 -21 -28 -5 -1
right_child=1 2 -4 5 6 7 -8 -9 9 11 -12 12 -14 -15 15 20 17 -19 -20 26 -22 22 23 25 -26 -27 27 -29 -30 -31
leaf_value=0.021187837506390278 -0.033665215376594372 -0.053962593092858273 -0.044481342177790657 -0.034175848801947732 -0.0012917538314552134 -0.0068979318746652252 -0.04296454168036079 0.026496213447377806 -0.0062393281318504157 0.090952031326400104 -0.048646561892344141 0.00065223640926403926 -0.020209467636668341 0.025441346832055872 -0.023984336882820839 -0.0033914594823582973 0.046243065980579222 -0.01435092773461405 0.016587604142853651 -0.055457803734173153 -0.053029464901975278 0.078742465043695933 -0.010713935748796786 -0.0023958660025429177 0.018086522093733817 0.0092441930739458941 -0.054523224000255902 0.03966664336405494 0.040755315824590188 -0.00052316632944250597
leaf_weight=25.632551483809948 21.695402865298092 17.889712413772941 20.438263799063861 20.299879824742678 31.205356419086456 36.320832399651408 12.976023992523549 22.144930072128773 173.71612951159477 3.1682909876108161 33.340139526873827 693.22960153408349 38.389340151101351 35.501503478735685 13.960975115187464 56.035360865294933 27.165414919145405 6.5135356783866873 27.51761878747493 2.6763466242700806 6.5036055613309136 8.5594924315810186 28.620768260210752 250.72364293038845 144.51672820001841 200.13992122933269 2.4116618456318966 9.7699309606105071 2.4989092200994483 673.45311470329762
leaf_count=124 290 327 779 271 348 458 205 225 1025 15 259 4116 232 202 233 517 279 67 294 41 161 41 151 1347 730 1068 41 119 27 4153
internal_value=-6.82247e-06 -0.00769578 -0.0166572 -0.0126898 -0.0251839 -0.00314656 -0.013531 0.00575068 0.0011188 -0.00188067 -0.0130677 0.00112645 0.000755458 0.00185988 0.000726905 0.00544254 0.0170887 0.0345241 0.00293179 -0.0170369 -0.00855346 0.00332022 0.00668804 0.00569966 0.0133256 0.0027712 0.00724357 0.0210193 -0.0259629 0.000272886
internal_weight=2647.01 338.024 163.774 143.336 62.0711 81.2646 44.1814 58.4658 2308.99 977.345 207.056 770.289 767.12 728.731 174.25 137.697 75.1575 33.679 41.4786 36.5533 62.539 1331.65 632.561 624.001 173.137 450.864 14.8579 12.1816 22.7988 699.086
internal_count=18145 4682 2640 1861 880 981 553 683 13463 5849 1284 4565 4550 4318 2042 1551 873 346 527 491 678 7614 3337 3296 881 2415 201 160 298 4277
is_linear=0
shrinkage=0.05


Tree=82
num_leaves=31
num_cat=0
split_feature=8 0 13 1 5 12 11 11 8 14 9 9 13 13 1 8 12 0 13 13 18 8 11 2 12 13 0 8 12 0
split_gain=8.35733 9.40394 7.9088 7.18 9.20324 5.73079 5.50218 11.9719 18.9951 9.48249 5.64138 7.64266 6.44971 5.06407 6.15842 7.74467 8.83364 7.29527 4.90965 7.81621 14.6028 14.4306 5.21883 7.54657 4.9291 4.73193 5.71883 4.49375 4.36065 4.60561
threshold=37.750000000000007 2007.5000000000002 53.704861111111121 4.5000000000000009 1.0000000180025095e-35 30.905476190476197 16.500000000000004 19.000000000000004 36.050000000000004 47.500000000000007 527.00000000000011 517.00000000000011 56.261363636363647 57.296703296703306 10.500000000000002 35.050000000000004 23.890064102564107 2013.5000000000002 54.31009615384616 54.781746031746039 13.500000000000002 39.750000000000007 14.500000000000002 5.5000000000000009 56.907986111111107 54.986111111111121 2019.5000000000002 39.350000000000001 114.0746527777778 2022.5000000000002
decision_type=2 2 2 2 2 2 2 2 2 2 2 2 2 2 2 2 2 2 2 2 2 2 2 2 2 2 2 2 2 2
left_child=6 18 -3 4 5 -4 13 8 -8 10 11 -9 -12 14 28 16 -16 -17 -2 20 24 -22 23 -21 -20 -5 -27 -24 -1 -30
right_child=1 2 3 25 -6 -7 7 9 -10 -11 12 -13 -14 -15 15 17 -18 -19 19 22 21 -23 27 -25 -26 26 -28 -29 29 -31
leaf_value=0.0054981818784414303 -0.02496933842424846 0.059093643316068957 0.07976275285362508 -0.049424473817016652 -0.038781200364260582 0.001143823026671803 -0.0059453495642113503 0.0015783829947403618 -0.047693950871374208 -0.042552839501081685 -0.038068089987566722 0.025455797365583888 0.0039814799981270433 -0.020087273511713803 0.062128102682242219 -0.00069095482898732185 0.0038925003409837817 -0.019452614027477194 -0.04186351406298542 0.05676339803592461 0.11789627074739201 -0.0041270622389044014 -0.00052946918724974747 -0.0089221310540499137 0.027365141806588656 -0.030234113570188594 0.00065927358865674394 -0.027426626508048009 0.08149198575661884 0.0027748625827612827
leaf_weight=907.63461916521192 16.856869617477059 3.4247423475608221 2.432411825284361 18.554172643460333 15.780867386609314 49.249829964712262 173.20398349687457 686.60745112039149 32.331516422331333 12.259977392852305 18.559644762426615 35.232410430908203 17.928111426532269 23.041054956614971 6.7713995277881613 133.79962480068207 169.86910868808627 84.55723649263382 5.6126739233732241 8.9201664626598358 6.6705629266798478 3.8049763338640332 100.57977124676108 8.5773637723177671 4.7448413856327534 50.694607329554856 21.263452741317451 18.363998425193131 3.8923829570412627 3.555586151778698
leaf_count=5132 198 49 27 344 295 623 1025 4059 259 88 120 197 101 117 31 851 883 558 63 104 54 71 1009 85 68 898 404 390 22 20
internal_value=-9.92255e-06 -0.00738349 -0.016078 -0.0177076 -0.00536074 0.004844 0.00106145 -0.00179078 -0.0125126 0.00106899 0.00177423 0.00274382 -0.0174072 0.00314988 0.00355857 -0.00165925 0.00612492 -0.00795628 0.000675338 0.00342397 0.0319496 0.0735744 -0.000931579 0.0245641 -0.0101494 -0.0269104 -0.0211052 -0.00468218 0.00581085 0.0439132
internal_weight=2644.78 335.531 161.4 157.975 67.4631 51.6822 2309.24 976.123 205.535 770.588 758.328 721.84 36.4878 1333.12 1310.08 394.997 176.641 218.357 174.131 157.274 20.8331 10.4755 136.441 17.4975 10.3575 90.5122 71.9581 118.944 915.083 7.44797
internal_count=18145 4682 2640 2591 945 650 13463 5849 1284 4565 4477 4256 221 7614 7497 2323 914 1409 2042 1844 256 125 1588 189 131 1646 1302 1399 5174 42
is_linear=0
shrinkage=0.05


Tree=83
num_leaves=31
num_cat=0
split_feature=8 6 17 17 17 8 0 7 11 8 11 15 17 17 0 7 14 8 11 9 9 8 17 11 9 14 8 15 17 8
split_gain=7.83763 6.33327 6.87104 6.84148 7.50199 6.39959 5.20944 15.76 10.3805 21.7697 17.271 10.0518 8.85182 6.67805 7.70023 7.80528 11.6532 7.57664 24.3758 17.5983 10.3623 8.54846 6.99219 6.64502 8.50492 8.38459 6.49618 6.23393 6.19091 5.5318
threshold=36.95000000000001 6.5000000000000009 30.500000000000004 1408.5000000000002 1369.0000000000002 38.750000000000007 2010.5000000000002 57.250000000000007 35.000000000000007 34.45000000000001 29.000000000000004 352.00000000000006 1141.5000000000002 740.50000000000011 2018.5000000000002 56.750000000000007 38.500000000000007 35.850000000000001 37.500000000000007 519.00000000000011 517.00000000000011 33.650000000000013 1130.0000000000002 27.000000000000004 495.00000000000006 39.500000000000007 35.350000000000001 522.50000000000011 73.500000000000014 36.45000000000001
decision_type=2 2 2 2 2 2 2 2 2 2 2 2 2 2 2 2 2 2 2 2 2 2 2 2 2 2 2 2 2 2
left_child=6 2 -2 4 5 -4 7 8 10 12 26 -11 -10 14 23 16 -16 21 20 -20 -19 27 -23 24 -8 -25 -1 -15 -17 -12
right_child=1 -3 3 -5 -6 -7 13 -9 9 11 29 -13 -14 17 15 28 -18 18 19 -21 -22 22 -24 25 -26 -27 -28 -29 -30 -31
leaf_value=0.010638871485912808 -0.014902840027720882 -0.026864113390851298 0.00024442896051254248 -0.036641170219698621 0.029159989736642512 -0.015414932746894334 0.00085755324549187687 0.075027222308373415 0.019052288544234151 -0.0090895506498578863 0.047581233746536979 -0.04618081916457175 0.097072438955674772 0.028814938109559114 0.015945922102086518 0.019075259375868719 -0.031407505906067182 -0.0005717949510556067 0.062943384420264661 -0.041401816117187247 0.034083876667523036 0.0024506030128095273 -0.01296803652178885 -0.025635156211938567 -0.020785597982919308 0.054553956824063755 -0.00046940081744556336 -0.022283951971295367 -0.013517324499331891 0.016864309739413837
leaf_weight=227.45872217416763 109.02059326600283 29.530973926186562 555.16154537908733 13.459845762699841 20.472339699044824 73.933475704863667 160.52838217839599 7.9622627943754187 11.257742024958135 82.682920277118683 30.394249938428402 23.445236042141914 5.3693874776363364 34.074053443968296 115.03654202818871 17.610681965947151 14.646345831453798 179.64271416515112 30.045371361076832 4.6686600372195235 24.51311544328928 165.31092600151896 132.43626093864441 75.213513359427452 63.285514526069164 3.4074841327965251 312.35157216712832 7.2362561225891104 84.381852481514215 28.3086849860847
leaf_count=1196 1275 576 4349 117 114 1552 1040 37 56 494 176 117 23 149 682 112 82 886 149 25 117 821 655 520 363 25 1778 30 471 158
internal_value=-1.28368e-05 -0.00413962 -0.00327041 -0.0013577 -0.000626584 -0.00159591 0.00178372 0.00506796 0.00429566 -0.00894923 0.00701219 -0.0172835 0.0442473 -0.000369953 -0.00440043 0.00245891 0.0105978 0.00335494 0.0101756 0.0489101 0.00358933 -0.00145031 -0.00440752 -0.00965492 -0.00526225 -0.0221597 0.00421127 0.019864 -0.00788968 0.0327684
internal_weight=2642.85 801.579 772.048 663.027 649.567 629.095 1841.27 729.231 721.269 122.755 598.513 106.128 16.6271 1112.04 534.11 231.675 129.683 577.927 238.87 34.714 204.156 339.057 297.747 302.435 223.814 78.621 539.81 41.3103 101.993 58.7029
internal_count=18145 7983 7407 6132 6015 5901 10162 4035 3998 690 3308 611 79 6127 3295 1347 764 2832 1177 174 1003 1655 1476 1948 1403 545 2974 179 583 334
is_linear=0
shrinkage=0.05


Tree=84
num_leaves=31
num_cat=0
split_feature=8 8 3 3 17 13 8 15 13 0 7 9 15 9 13 6 9 9 0 7 15 3 9 9 8 0 8 0 17 6
split_gain=7.24659 5.93578 11.7131 9.37146 8.40237 7.53262 7.89156 7.38414 6.58954 6.0142 5.14568 5.86932 5.41767 4.94409 15.9058 5.84999 5.24449 5.05015 5.31424 15.5783 6.43211 2.03086 1.93796 1.82649 1.37122 0.351011 0.0091521 0.000528985 0.000153207 6.1981e-05
threshold=40.45000000000001 36.95000000000001 5.5000000000000009 7.5000000000000009 26.500000000000004 54.566964285714292 39.350000000000001 553.50000000000011 54.31009615384616 2006.5000000000002 53.500000000000007 427.00000000000006 466.00000000000006 537.00000000000011 56.160256410256416 4.5000000000000009 543.00000000000011 535.00000000000011 2010.5000000000002 57.250000000000007 379.50000000000006 5.5000000000000009 547.00000000000011 439.00000000000006 37.250000000000007 2014.5000000000002 37.650000000000013 2002.5000000000002 843.50000000000011 3.5000000000000004
decision_type=2 2 2 2 2 2 2 2 2 2 2 2 2 2 2 2 2 2 2 2 2 2 2 2 2 2 2 2 2 2
left_child=1 13 10 4 9 8 -7 -6 -5 -4 24 -12 -13 17 21 -16 -17 18 19 -1 -20 25 -23 -2 -3 -15 -26 28 29 -25
right_child=23 2 3 5 7 6 -8 -9 -10 -11 11 12 -14 14 15 16 -18 -19 20 -21 -22 22 -24 27 26 -27 -28 -29 -30 -31
leaf_value=0.0044438173994357649 0.046118740135867906 -0.017663232870166735 0.0065425124608574099 0.004511265864155567 0.015661482795346595 -0.0054406058844830773 -0.052569000244694603 -0.04170246226476719 0.052352162741045399 -0.03974279042586585 0.053806182967683247 -0.014653893516260844 0.010157521834716687 -0.057243231952171729 0.060142308331371123 -0.052239562961195175 0.025893927493551613 0.044726013228897049 -0.0023032818365176979 0.075408859364828107 0.0071735465743714283 -0.054539105279655289 -0.010225467739343824 -0.051871403310358305 -0.056831170285498646 -0.078465559855549774 -0.053497816983819085 -0.050917625119072829 -0.052330914440379572 -0.05130881010881938
leaf_weight=708.46411224082112 0.51204175781458516 3.4807643070816985 14.469274852424862 27.822886634618044 160.38555146381259 306.8619966134429 9.1473312014713866 5.8133235760033122 9.7096023857593519 13.629046040587125 3.4452933631837359 201.80400833208114 24.693521030247211 3.6611795797944096 5.7464309334754935 3.5049315392971021 5.5460764355957508 6.9022413939237586 859.77472285181284 7.8187473863363257 226.14077132940292 5.4559971466660482 4.5039351731538773 0.79908325895666976 3.3021611571311933 4.1647761762142181 5.4706376316025853 5.3209312101826072 0.83073902502655972 1.2639031326398251
leaf_count=3918 21 31 136 267 1355 2535 264 39 89 155 29 2280 192 22 24 25 30 33 4902 36 1096 34 22 26 37 20 116 335 21 55
internal_value=-1.49029e-05 0.000135933 -0.00348961 0.000558391 0.00937973 -0.00428958 -0.0068048 0.013655 0.0168876 -0.0159081 -0.012646 -0.0109636 -0.0119489 0.0016912 -0.0176124 0.0206872 -0.00436265 0.00203887 0.00187539 0.00521845 -0.000329742 -0.0494768 -0.0345002 -0.0455025 -0.0442169 -0.0685372 -0.0547525 -0.0512135 -0.0517576 -0.0515267
internal_weight=2640.45 2631.72 790.035 547.839 194.297 353.542 316.009 166.199 37.5325 28.0983 242.196 229.943 226.498 1841.68 32.5833 14.7974 9.05101 1809.1 1802.2 716.283 1085.92 17.7859 9.95993 8.7267 12.2536 7.82596 8.7728 8.21466 2.89373 2.06299
internal_count=18145 17687 7525 4840 1685 3155 2799 1394 356 291 2685 2501 2472 10162 177 79 55 9985 9952 3954 5998 98 56 458 184 42 153 437 102 81
is_linear=0
shrinkage=0.05


Tree=85
num_leaves=31
num_cat=0
split_feature=6 8 9 11 5 9 5 13 13 16 9 14 11 2 0 13 16 17 17 9 13 18 9 8 16 13 13 16 16 13
split_gain=8.54437 6.65825 11.7497 10.2621 7.02549 8.14329 7.27429 6.20941 7.53227 5.85595 5.4421 5.23811 8.2182 5.10808 4.70411 6.72765 9.81399 5.89554 4.40704 4.39006 4.34553 3.96997 9.88645 3.96701 3.83301 3.18529 2.92734 2.89443 11.442 2.41599
threshold=6.5000000000000009 37.750000000000007 419.00000000000006 12.500000000000002 1.0000000180025095e-35 469.00000000000006 1.5000000000000002 56.483333333333341 54.822916666666679 4.5000000000000009 421.00000000000006 47.500000000000007 25.000000000000004 5.5000000000000009 2015.5000000000002 54.322916666666679 10.500000000000002 1327.5000000000002 269.50000000000006 469.00000000000006 56.06904761904763 15.500000000000002 433.00000000000006 33.850000000000001 22.500000000000004 54.799107142857146 55.935416666666676 19.500000000000004 13.500000000000002 56.689903846153854
decision_type=2 2 2 2 2 2 2 2 2 2 2 2 2 2 2 2 2 2 2 2 2 2 2 2 2 2 2 2 2 2
left_child=1 2 -1 7 5 10 19 8 -3 -10 -5 21 26 -7 15 16 -2 25 -9 -6 -8 24 -23 -17 -4 -16 -13 28 -27 -29
right_child=14 3 11 4 6 13 20 18 9 -11 -12 12 -14 -15 17 23 -18 -19 -20 -21 -22 22 -24 -25 -26 27 -28 29 -30 -31
leaf_value=-0.045376794663383041 -0.030271734832533786 -0.03700249173329867 0.0022119869061872272 0.058163184439016226 -0.016009882971027956 0.0088816486565149542 -0.013207314449892926 0.037964929082040862 0.023002204712447013 0.096174210679539129 -0.026181296485745111 -0.015775114109573041 -0.053304301495985966 -0.0083620463973868801 -0.047170998678268079 0.045611068687250463 0.089667171888840186 0.064456046264739275 -0.059100969977177578 -0.040566004900247261 0.044661619749894896 -0.053771448077680362 0.0065990643082076555 -0.032322093544618687 -0.0026692969933074895 -0.0038331605783007276 0.017333524766820176 -0.032290181054416875 0.1141636695318828 0.023187610855731414
leaf_weight=13.670123670250176 3.8738952130079261 2.2093545272946384 1057.6981665361673 1.9966910332441319 39.943998586386442 91.516998954117298 7.0850146422162634 1.9954174170270551 4.8699502106755954 6.235110379755497 45.336879785172641 16.65087100118399 11.154507067054508 80.923514194786549 4.4077981282025567 1.6861458681523789 3.0470939967781305 3.1045936681330195 2.8247851133346558 33.436380476690829 5.9840466836467385 6.8884159773588172 437.25132516771555 51.704745838418603 648.90972077101469 17.801604139618579 11.144725978374479 9.7243788726627809 2.3225079812109461 2.4586080601438871
leaf_count=156 51 25 6233 16 636 1126 129 20 64 53 617 99 82 1040 47 12 33 22 29 574 103 54 2304 688 3480 253 64 111 24 26
internal_value=-0.000717794 -0.000150341 0.000834245 -0.00683865 -0.00900292 -0.00425304 -0.0210782 0.0297074 0.0473115 0.0640858 -0.0226234 0.00112274 -0.0170494 0.000789464 -0.0150426 -0.0238484 0.0225336 -0.00170503 -0.0189186 -0.0271991 0.0132896 0.00145184 0.00566274 -0.0298609 0.000355959 -0.00729958 -0.00250011 -0.00185975 0.00978476 -0.0210944
internal_weight=2627.86 2527.73 2203.37 324.358 306.224 219.774 86.4494 18.1346 13.3144 11.1051 47.3336 2189.7 38.9501 172.441 100.131 60.3119 6.92099 39.8195 4.8202 73.3804 13.0691 2150.75 444.14 53.3909 1706.61 36.7149 27.7956 32.3071 20.1241 12.183
internal_count=18171 16904 12472 4432 4241 2799 1442 191 142 117 633 12316 245 2166 1267 784 84 483 49 1210 232 12071 2358 700 9713 461 163 414 277 137
is_linear=0
shrinkage=0.05


Tree=86
num_leaves=31
num_cat=0
split_feature=6 3 15 16 11 15 9 16 9 15 2 9 13 15 9 16 15 15 15 1 0 9 15 18 15 9 0 13 9 18
split_gain=8.28174 7.11421 12.3045 9.88969 10.5482 8.50741 8.29593 10.5297 6.31001 6.13232 5.48643 9.86843 12.9939 7.08366 16.849 6.5875 6.2607 5.17421 4.98049 4.78106 5.62361 15.9741 4.99093 5.36337 4.62885 4.16759 2.99805 2.90439 3.73744 2.68683
threshold=7.5000000000000009 5.5000000000000009 162.50000000000003 34.500000000000007 35.000000000000007 155.50000000000003 439.00000000000006 21.500000000000004 427.00000000000006 113.50000000000001 5.5000000000000009 517.00000000000011 56.559027777777786 211.50000000000003 453.00000000000006 7.5000000000000009 216.00000000000003 222.50000000000003 262.00000000000006 2.5000000000000004 2021.5000000000002 485.00000000000006 793.50000000000011 6.5000000000000009 106.50000000000001 443.00000000000006 2010.5000000000002 56.566964285714292 515.00000000000011 15.500000000000002
decision_type=2 2 2 2 2 2 2 2 2 2 2 2 2 2 2 2 2 2 2 2 2 2 2 2 2 2 2 2 2 2
left_child=1 2 3 5 9 8 7 29 -1 -5 11 15 -13 14 -12 -4 -15 -9 -19 20 24 -22 25 -24 -8 -21 -7 -2 -29 -3
right_child=27 6 10 4 -6 26 19 17 -10 -11 13 12 -14 16 -16 -17 -18 18 -20 22 21 -23 23 -25 -26 -27 -28 28 -30 -31
leaf_value=0.043176358895216399 -0.038179058742362326 -0.018856722712910928 0.016957567208520971 0.0006960303976550733 -0.059257191324464935 -0.018725584731314346 -0.021917148478888843 -0.0081593627431960671 -0.0060702461591597943 -0.037794507844943565 -0.052588642940263344 -0.040759548820130997 0.034387886858708243 -0.042474820197310213 0.02139183812753424 0.0019046818030234913 -0.0055236114979645727 0.087071610775850142 0.015363695827233148 0.020304995600530135 -0.034280651642787201 0.15532001344125823 0.081499263792370658 0.0058092621898652181 0.019737939759022629 0.0014490974037196847 -0.055986002158664297 -0.022551656907544012 0.069356703885754822 -0.042792555368148598
leaf_weight=6.6791200023144475 19.703808960504833 33.197721498087049 113.99974439386278 24.954914624802768 20.02625516243279 10.734438561834397 8.0651758350431901 14.74791613314301 248.87497609108686 17.67885669041425 8.9236685298383218 23.323510823771361 7.6356840059161177 11.886776114813982 55.955540199298412 200.52930253278464 321.68262722995132 3.4255467914044848 8.2611286193132383 29.95552527718246 1.9994226209819306 2.4998626057058573 4.0814428329467756 5.4867980219423771 38.532782183028758 1347.7747772540897 10.860848759301005 4.0086454749107352 1.5276613384485243 18.125439342111349
leaf_count=63 282 288 835 182 179 82 84 103 2018 135 67 157 59 77 384 1192 1896 21 49 208 27 24 19 29 273 9081 110 53 15 179
internal_value=-0.000685707 -0.000408998 -0.00350259 -0.0113855 -0.0293248 -0.00732968 0.0018023 -0.0141051 -0.00478314 -0.0152648 9.81156e-05 0.00470934 -0.0222254 -0.0039002 0.0112164 0.00736054 -0.00684037 0.0115325 0.0363824 0.00266223 0.0176825 0.071064 0.002109 0.0380957 0.0125283 0.00185907 -0.0374648 -0.0291885 0.00280909 -0.02731
internal_weight=2625.14 2599.9 1083.75 339.809 62.66 277.149 1516.15 77.7578 255.554 42.6338 743.937 345.488 30.9592 398.449 64.8792 314.529 333.569 26.4346 11.6867 1438.4 51.0972 4.49929 1387.3 9.56824 46.598 1377.73 21.5953 25.2401 5.53631 51.3232
internal_count=18171 17821 7436 2769 496 2273 10385 640 2081 317 4667 2243 216 2424 451 2027 1973 173 70 9745 408 51 9337 48 357 9289 192 350 68 467
is_linear=0
shrinkage=0.05


Tree=87
num_leaves=31
num_cat=0
split_feature=6 8 3 3 17 9 12 9 11 0 17 0 9 15 15 13 17 17 12 9 0 7 12 0 12 9 9 1 7 3
split_gain=7.67275 6.93818 10.2515 9.12636 12 8.92801 8.71489 7.2148 7.06781 5.78829 7.97618 6.4736 6.30841 8.55329 7.09706 5.68781 4.46246 19.7516 9.46501 9.40248 6.80013 7.86676 7.2408 4.15895 2.7605 3.12958 5.87179 2.51179 1.85476 0.855918
threshold=7.5000000000000009 36.95000000000001 5.5000000000000009 7.5000000000000009 213.50000000000003 419.00000000000006 36.389732142857149 535.00000000000011 12.500000000000002 2013.5000000000002 8.5000000000000018 2022.5000000000002 437.00000000000006 103.50000000000001 68.500000000000014 54.59411764705883 934.00000000000011 964.00000000000011 46.74785714285715 487.00000000000006 2017.5000000000002 56.750000000000007 62.07500000000001 2021.5000000000002 32.583689839572202 517.00000000000011 529.00000000000011 5.5000000000000009 55.750000000000007 7.5000000000000009
decision_type=2 2 2 2 2 2 2 2 2 2 2 2 2 2 2 2 2 2 2 2 2 2 2 2 2 2 2 2 2 2
left_child=1 5 9 4 7 29 -6 -4 23 12 -11 -12 14 -14 -3 -10 20 19 -19 -18 21 -7 -22 -5 -2 27 -27 -26 -29 -1
right_child=24 2 3 8 6 16 -8 -9 15 10 11 -13 13 -15 -16 -17 17 18 -20 -21 22 -23 -24 -25 25 26 -28 28 -30 -31
leaf_value=-0.055359438602691935 0.024775034182078923 0.096188050055750596 -0.011735493675479292 0.008125688135330187 -0.016883370516056838 -0.0069543456602190927 0.02192634896510531 0.074246036099084409 0.011692019494174038 0.083292002898204764 -0.028725110579155239 0.010575931044533476 -0.034364085040372347 -0.0026186896136902271 -0.00033989479274185261 -0.0090445286476125448 0.019828153407304885 -0.0050182177145233495 0.0079832514001104814 0.07429911380571208 0.010693741071540945 0.0029213738294406517 -0.0046800022822475638 0.063595090019660308 -0.052304823274786819 0.06915927105403509 -0.055304945235093439 0.030958154377497743 -0.035383528638622833 -0.023794941433758311
leaf_weight=6.9628772661089879 2.2196092051453915 3.0844021290540677 67.854670971632004 8.9999192543327791 16.576473272405565 468.5169111341238 113.56467736233026 2.5307977916672817 37.094370427541435 1.764436600729822 86.497148678638041 11.922194379381834 26.515106681734324 106.21759095415473 4.9765347130596638 304.68018794246018 18.605658747255802 229.12076695263386 359.81622228771448 13.797187075018881 233.05037003010511 354.02066068723798 114.08030398562551 5.4108385276049367 14.240637795068329 1.9201147332787507 1.8708962397649882 1.7449069619178761 2.6590421367436647 3.1056405827403069
leaf_count=91 18 24 744 77 122 2829 965 21 373 22 1040 167 362 1129 49 2793 87 1102 1741 61 1277 1976 687 47 209 20 33 25 45 35
internal_value=-0.000654794 -0.000391414 -0.00427344 -0.000544198 0.0079879 0.00132792 0.016983 -0.00864392 -0.00534763 -0.0128888 -0.0220753 -0.0239643 -0.00635204 -0.00896025 0.0365951 -0.0067939 0.00159186 0.00501619 0.00292514 0.043022 -0.000227173 -0.00270383 0.00564135 0.0289529 -0.0284162 -0.0336785 0.00773512 -0.0420991 -0.00909801 -0.0456233
internal_weight=2623.42 2598.77 797.689 556.712 200.527 1801.08 130.141 70.3855 356.185 240.977 100.184 98.4193 140.794 132.733 8.06094 341.775 1791.01 621.34 588.937 32.4028 1169.67 822.538 347.131 14.4108 24.6552 22.4356 3.79101 18.6446 4.40395 10.0685
internal_count=18171 17821 7935 5142 1852 9886 1087 765 3290 2793 1229 1207 1564 1491 73 3166 9760 2991 2843 148 6769 4805 1964 124 350 332 53 279 70 126
is_linear=0
shrinkage=0.05


Tree=88
num_leaves=31
num_cat=0
split_feature=6 8 9 5 11 9 5 3 16 16 8 17 9 0 16 9 9 6 2 9 0 9 17 17 13 8 13 17 13 3
split_gain=7.122 6.4098 10.2697 9.21287 10.1419 7.70073 6.77231 4.59197 6.07697 10.6969 5.81855 5.06401 6.37257 4.55057 4.47854 4.45836 6.73646 4.12647 3.97359 4.9484 3.98243 3.74656 3.72183 4.73149 2.76783 3.82135 2.29424 1.33598 1.27964 3.47688
threshold=7.5000000000000009 37.750000000000007 419.00000000000006 1.0000000180025095e-35 13.500000000000002 469.00000000000006 1.5000000000000002 5.5000000000000009 22.500000000000004 18.500000000000004 33.650000000000013 1253.5000000000002 513.00000000000011 2003.5000000000002 44.500000000000007 449.00000000000006 447.00000000000006 3.5000000000000004 5.5000000000000009 461.00000000000006 2008.5000000000002 437.00000000000006 18.500000000000004 148.50000000000003 56.566964285714292 36.050000000000004 54.031250000000007 865.50000000000011 55.174242424242429 6.5000000000000009
decision_type=2 2 2 2 2 2 2 2 2 2 2 2 2 2 2 2 2 2 2 2 2 2 2 2 2 2 2 2 2 2
left_child=1 2 28 4 18 13 15 8 9 -4 -10 21 -13 -6 -7 16 -5 -17 20 -20 -3 -9 -8 -24 26 -26 -2 -27 -1 -30
right_child=24 3 7 6 5 14 22 11 10 -11 -12 12 -14 -15 -16 17 -18 -19 19 -21 -22 -23 23 -25 25 27 -28 -29 29 -31
leaf_value=-0.05601788660862661 0.031888878905599778 0.079214538620576758 -0.0011706628859770218 -0.014822968180154057 -0.0072327165570575478 -0.0024212425433755742 0.075461961085666537 -0.012540188155931815 0.021106614817319496 0.018317053575073083 -0.0076925523812562992 0.0087216419693172519 0.046478582508898594 -0.038141177919546881 0.027327604516794057 -0.0053781755367891858 0.089895455976571337 -0.039945038759804673 0.084244084709492809 -0.0095675500453670861 0.021572812006187193 0.0024025339393765662 -0.054177253351492739 0.016783877057129182 0.057362153014510087 -0.054076789010301343 -0.041314218941141186 0.010663912887938432 -0.055056945942434932 0.035860350060893352
leaf_weight=8.1639847680926305 1.1400226801633895 5.9397179912775755 503.51988878846169 16.962509690783921 23.703117933124304 158.85755509790033 1.8983112638816226 43.612612757831812 18.365694470703602 81.865301318466663 389.44503918662667 102.39528862386942 12.544429399073122 23.931344245560467 13.746056304313241 10.609866240061818 1.6886557117104519 46.354345405474305 1.7078938595950601 7.9444032246246934 6.0472360420972109 1099.1748157739639 3.0405558915808788 10.329237435013054 2.0604497492313376 2.0661426568403845 17.509376039262861 1.297150023281574 2.9888066463172427 1.6223724484443662
leaf_count=97 17 58 3138 266 248 2089 33 309 83 413 2214 468 57 420 136 143 22 855 17 95 66 6294 64 177 16 37 265 15 41 18
internal_value=-0.000625577 -0.000374589 0.000577896 -0.00685414 -0.00175442 -0.00496369 -0.0204265 0.000831609 -0.00170974 0.00155467 -0.00639559 0.00283845 0.0128424 -0.022761 -5.20608e-05 -0.0265597 -0.00534188 -0.0335068 0.0309086 0.00703164 0.0501352 0.00183227 0.00994793 0.00064591 -0.0276963 0.00374173 -0.0368394 -0.0291077 -0.0441251 -0.0230691
internal_weight=2620.53 2596.46 2263.7 332.761 241.877 220.238 90.8835 2250.92 993.196 585.385 407.811 1257.73 114.94 47.6345 172.604 75.6154 18.6512 56.9642 21.6393 9.6523 11.987 1142.79 15.2681 13.3698 24.0731 5.42374 18.6494 3.36329 12.7752 4.61118
internal_count=18171 17821 13132 4689 3129 2893 1560 12976 5848 3551 2297 7128 525 668 2225 1286 288 998 236 112 124 6603 274 241 350 68 282 52 156 59
is_linear=0
shrinkage=0.05


Tree=89
num_leaves=31
num_cat=0
split_feature=6 15 8 18 9 3 15 17 5 11 0 0 17 17 12 15 12 17 1 9 16 11 12 9 0 16 16 0 0 11
split_gain=6.82602 6.46107 5.69022 7.88436 6.30258 5.2106 9.82755 7.06124 5.14222 4.72497 4.56587 5.58533 5.14717 4.92048 6.19518 4.79208 4.57789 4.4089 5.57677 4.00008 3.83476 3.80625 3.37424 3.36248 3.17061 2.90413 4.29867 2.89021 2.04046 1.98883
threshold=6.5000000000000009 7.5000000000000009 39.45000000000001 19.500000000000004 419.00000000000006 5.5000000000000009 162.50000000000003 1253.5000000000002 1.0000000180025095e-35 13.500000000000002 2015.5000000000002 2003.5000000000002 843.50000000000011 1327.5000000000002 54.703125000000007 95.500000000000014 52.92604166666667 964.00000000000011 5.5000000000000009 429.00000000000006 18.500000000000004 53.000000000000007 66.815625000000011 465.00000000000006 2001.5000000000002 23.500000000000004 7.5000000000000009 2007.5000000000002 2008.5000000000002 15.500000000000002
decision_type=2 2 2 2 2 2 2 2 2 2 2 2 2 2 2 2 2 2 2 2 2 2 2 2 2 2 2 2 2 2
left_child=1 -1 4 9 8 6 -6 -7 -3 20 11 12 15 14 16 24 21 -13 28 -11 -4 -12 -17 -5 -2 26 -16 -20 -19 -10
right_child=10 2 3 23 5 7 -8 -9 29 19 13 17 -14 -15 25 22 -18 18 27 -21 -22 -23 -24 -25 -26 -27 -28 -29 -30 -31
leaf_value=-0.046051841504764782 0.04888737495982437 0.025340417198994609 0.05665729230857694 0.10237349905400361 -0.0095655809060723306 0.0013641261476268361 0.0010671818712249675 0.013512284479782628 -0.010468335141088633 0.082900517128519258 -0.0056824604348935364 -0.038446690647107533 -0.057463229644675311 0.058859336882824236 -0.028045689289753824 0.029560362597268526 0.090413290026203463 0.00052145746008900728 0.072320196744856874 -0.038533368810739335 -0.053654510657247259 0.052376679167967004 0.13104903932119333 0.01067042826522787 -0.05374173670059923 -0.055904313361170715 0.059363947924139654 0.0011091697864091228 -0.048484961511608901 -0.055411569629488323
leaf_weight=7.625339137390255 1.3609375171363336 3.3095439113676557 2.6651270119473369 1.5533146364614356 313.40781247057021 1306.6514953542501 708.7921066340059 131.67316090874374 3.2668156772851953 0.69552344363183038 14.945454251952475 35.039174602366984 1.8527681939303873 3.2184792496263972 7.5388679243624193 1.6724142814055087 1.7272706367075432 3.3720439756289107 2.5436170771718016 27.157587862573564 1.1184573266655204 3.4802576508373013 1.6049543609842656 2.8042400181293488 1.6834792550653219 6.2195164933800688 1.7291669901460407 3.2396331988275051 5.7390370182693005 9.9860914796590787
leaf_count=82 14 27 60 30 2369 8383 4164 642 37 15 168 531 20 22 123 20 36 33 18 893 29 35 21 41 32 78 21 32 63 132
internal_value=-0.000597419 -9.6639e-05 4.2801e-05 -0.0196944 0.0003296 0.000536522 -0.00219284 0.00247624 -0.0304108 -0.0283792 -0.0136154 -0.022488 0.0158245 -0.000347853 -0.00569449 0.0373035 0.0125801 -0.0287601 -0.0059721 -0.035501 0.0240483 0.00528378 0.0792602 0.0433593 -0.00786372 -0.029474 -0.0117374 0.0324295 -0.0303475 -0.0443332
internal_weight=2617.67 2520.71 2513.08 35.9943 2477.09 2460.52 1022.2 1438.32 16.5625 31.6367 96.9671 58.1081 8.17455 38.859 35.6405 6.32179 20.153 49.9335 14.8943 27.8531 3.78358 18.4257 3.27737 4.35755 3.04442 15.4876 9.26803 5.78325 9.11108 13.2529
internal_count=18171 16904 16822 1068 15754 15558 6533 9025 196 997 1267 784 107 483 461 87 239 677 146 908 89 203 41 71 46 222 144 50 96 169
is_linear=0
shrinkage=0.05


Tree=90
num_leaves=29
num_cat=0
split_feature=8 6 14 0 15 4 7 13 7 13 9 9 15 8 13 7 8 8 7 8 17 15 9 14 0 8 0 15
split_gain=9.11362 7.17372 9.53721 7.47332 7.87344 7.13187 6.7406 6.5082 8.56413 8.47298 9.19631 7.52466 7.13514 6.47004 6.25726 5.94881 6.86351 5.15498 5.13812 4.82699 4.67578 4.56057 4.15547 3.61333 2.48105 1.26901 0.226312 0.0153554
threshold=33.250000000000007 3.5000000000000004 49.500000000000007 2019.5000000000002 444.50000000000006 11.500000000000002 51.500000000000007 55.193750000000009 55.750000000000007 53.636029411764717 461.00000000000006 473.00000000000006 538.50000000000011 36.650000000000013 55.25833333333334 53.500000000000007 35.750000000000007 34.050000000000004 56.750000000000007 35.650000000000013 648.00000000000011 112.00000000000001 455.00000000000006 1.0000000180025095e-35 2016.5000000000002 34.550000000000004 2016.5000000000002 77.500000000000014
decision_type=2 2 2 2 2 2 2 2 2 2 2 2 2 2 2 2 2 2 2 2 2 2 2 2 2 2 2 2
left_child=18 3 5 7 15 21 23 9 14 10 -2 -11 -10 -8 -9 16 -5 -17 20 -6 -1 27 -23 -7 -22 -4 -27 -3
right_child=1 2 25 4 19 6 13 8 12 11 -12 -13 -14 -15 -16 17 -18 -19 -20 -21 24 22 -24 -25 -26 26 -28 -29
leaf_value=-0.030357375493747476 -0.0084474040913941305 -0.05667460227652138 -0.02109456472807486 0.08351668759529024 0.026980749142392752 -0.057444114171921273 0.0014044591199126443 0.060695505459835153 -0.010451036895403797 0.00076371698752748449 0.063973188305410586 -0.022906656331818109 0.047206801438708756 -0.0042674301354508667 0.011958182269420043 0.037990419629111385 0.012042047952493265 -0.0013795023881187098 0.065146692105973167 0.097527085941470887 0.057165391276349058 -0.057924038266405464 -0.008296625787089687 0.021840458621324495 0.0073150766707505942 -0.047961914553463741 -0.06520236266661672 -0.06150047584940032
leaf_weight=4.1666724681854275 9.0004670508205908 4.1654346808791152 3.1662033125758162 5.869459539651869 4.9955477118492109 7.8480877187103015 1212.1433955281973 6.8862837050110093 72.215460823848844 73.10787364654243 8.5456655547022802 62.090155606158078 5.7963724732398978 859.18357527814806 150.86618599016219 10.183893010020254 7.8521851627156138 45.295770005322993 7.5799774825572959 4.7117538712918758 5.0852185636758787 4.8153457045555106 34.008791018277407 1.7591611184179781 4.9020472764968872 3.1175854876637441 4.8878161180764437 2.7278029285371304
leaf_count=19 66 50 17 31 22 94 6811 47 378 497 50 371 28 8011 932 46 66 263 34 25 21 29 207 14 22 21 33 20
internal_value=-0.000317445 -0.000586432 -0.00181326 0.00502472 0.0190533 -0.00157121 -0.00114204 0.00217543 0.0073843 -0.00586459 0.0268243 -0.010107 -0.00616699 -0.000948233 0.0140857 0.0131379 0.0426155 0.00584727 0.0319261 0.0612227 0.0141352 -0.0211062 -0.0144519 -0.0429265 0.0326974 -0.0478904 -0.0584883 -0.0585843
internal_weight=2626.97 2605.24 2137.82 467.417 78.9086 2126.65 2080.93 388.508 235.764 152.744 17.5461 135.198 78.0118 2071.33 157.752 69.2013 13.7216 55.4797 21.7339 9.7073 14.1539 45.7174 38.8241 9.60725 9.98727 11.1716 8.0054 6.89324
internal_count=18225 18129 15307 2822 453 15236 14930 2369 1385 984 116 868 406 14822 979 406 97 309 96 47 62 306 236 108 43 71 54 70
is_linear=0
shrinkage=0.05


Tree=91
num_leaves=22
num_cat=0
split_feature=8 15 6 14 8 0 15 7 17 7 0 8 16 16 11 8 0 16 17 8 0
split_gain=8.23632 7.06676 6.87492 8.90776 6.12909 6.08219 7.04688 6.07152 5.09869 4.59105 4.26561 4.15396 3.40504 7.95787 2.86059 1.23762 0.413844 0.224223 0.0165257 0.00155662 0.00018989
threshold=33.250000000000007 7.5000000000000009 3.5000000000000004 49.500000000000007 40.45000000000001 2019.5000000000002 444.50000000000006 51.500000000000007 1130.0000000000002 56.750000000000007 2020.5000000000002 35.650000000000013 24.500000000000004 21.500000000000004 16.500000000000004 34.550000000000004 2019.5000000000002 3.5000000000000004 109.50000000000001 37.350000000000001 2003.5000000000002
decision_type=2 2 2 2 2 2 2 2 2 2 2 2 2 2 2 2 2 2 2 2 2
left_child=9 16 5 4 7 12 8 -4 -7 10 -1 -8 13 -3 -14 -5 18 -17 19 -2 -6
right_child=1 2 3 15 20 6 11 -9 -10 -11 -12 -13 14 -15 -16 17 -18 -19 -20 -21 -22
leaf_value=0.034396143823844427 -0.057452317667146507 0.0040212348728663194 -0.04193288130399115 -0.020246423863377098 -0.051328102358319583 0.016878229275394167 0.025473863369463709 -0.0010732421462515771 -0.026357113334607152 0.061682873864484171 -0.022684263970806133 0.090426754136455789 0.0016728333118127586 0.044551566414751165 -0.012866243533935347 -0.046445381041828479 -0.030428165176949292 -0.064040079730457375 -0.062334265855197295 -0.05527746859687193 -0.050764207600952398
leaf_weight=8.932609289884569 1.6586791612207883 224.9900626661256 9.1312040640041214 3.1347156688570958 2.4958570757880798 61.52354581002146 5.025698170065878 2105.238466585055 7.6689971834421149 7.6046451181173316 5.1658232957124701 4.8245352804660797 95.966362804174423 12.79991214815527 52.25250156223774 2.8865949511528015 1.7728577554225919 4.8583636954426765 1.7980605885386465 1.6324973050504921 3.7154006958007812
leaf_count=39 17 1435 104 17 113 366 22 14699 38 34 23 25 548 73 282 20 19 34 15 27 275
internal_value=-0.000303354 -0.00055907 -0.00042515 -0.00162692 -0.00139539 0.00508288 0.0177191 -0.0012497 0.0120862 0.0303708 0.0134812 0.0572871 0.00249537 0.00620293 -0.00345272 -0.0467538 -0.0512323 -0.0574824 -0.0584795 -0.0563735 -0.0509908
internal_weight=2625.08 2603.37 2596.51 2131.46 2120.58 465.052 79.0428 2114.37 69.1925 21.7031 14.0984 9.85023 386.009 237.79 148.219 10.8797 6.86209 7.74496 5.08924 3.29118 6.21126
internal_count=18225 18129 18051 15262 15191 2789 451 14803 404 96 62 47 2338 1508 830 71 78 54 59 44 388
is_linear=0
shrinkage=0.05


Tree=92
num_leaves=29
num_cat=0
split_feature=15 17 7 9 15 17 12 13 0 9 12 1 12 17 13 12 13 17 12 17 0 2 12 12 13 0 17 13
split_gain=6.70134 4.08783 5.32154 5.34713 5.33232 5.01911 9.34607 9.68436 5.90278 9.39415 6.35271 4.28205 4.89146 4.02724 16.7218 11.2145 10.4588 6.19646 13.232 6.69128 3.70833 2.58367 6.11524 2.4042 1.17655 0.414743 0.0140967 0.002077
threshold=7.5000000000000009 1408.5000000000002 56.750000000000007 451.00000000000006 109.50000000000001 1369.0000000000002 39.071153846153855 56.261363636363647 2007.5000000000002 489.00000000000006 56.743750000000006 7.5000000000000009 41.150000000000006 1141.5000000000002 56.422619047619051 28.943636363636369 55.064583333333339 1014.0000000000001 66.022142857142867 989.00000000000011 2007.5000000000002 5.5000000000000009 57.667083333333345 47.756875000000008 55.36038961038961 2019.5000000000002 109.50000000000001 55.408333333333339
decision_type=2 2 2 2 2 2 2 2 2 2 2 2 2 2 2 2 2 2 2 2 2 2 2 2 2 2 2 2
left_child=25 5 4 -4 -3 13 7 24 9 -8 -10 12 -6 17 16 -16 -15 19 -19 -2 -13 22 -5 -23 -7 26 27 -1
right_child=1 2 3 21 11 6 8 -9 10 -11 -12 20 -14 14 15 -17 -18 18 -20 -21 -22 23 -24 -25 -26 -27 -28 -29
leaf_value=-0.057320883969568109 0.00024980748630110182 -0.042652262744509686 0.039514991013652884 -0.053639557863880541 0.075954794059504366 -0.036804540756030402 0.020024965707778362 0.028732517292900356 0.03002598277661649 0.08769438144842237 -0.010936998273594775 0.018318194882882551 0.011565438602397051 -0.012303957240243206 0.045614023036129776 -0.026010638225678229 0.0073374762701482951 0.0010705826625911575 0.031117375658390414 -0.021137019895668911 -0.034203083706196687 -0.02414224000216551 0.013437517567066929 -0.0637043409392513 -0.073387837468602252 -0.029562672608557158 -0.061657266352264289 -0.054752644090687967
leaf_weight=1.5757582355290645 1837.0783985387534 5.855322189629077 2.7615435533225527 6.2815345823764801 3.861125377006835 4.162197679281233 17.161399116739634 5.4346973374485961 18.223401369526982 7.3148394152522078 19.693131700158119 5.9869377315044385 12.492595404386519 99.469463253393769 5.7858164198696604 98.57579948566854 212.71182554680854 130.63952200673521 50.924274578690529 37.31555834133178 7.6619958709925413 6.630780866369606 7.4015926197171211 9.1247036997228843 4.656627744436264 1.7345117442309854 1.7286710701882837 1.5731853414326904
leaf_count=19 13600 39 16 39 22 22 79 25 91 32 95 32 73 610 34 627 1252 755 275 229 40 41 38 59 22 19 15 25
internal_value=-0.000289206 -0.000162196 -0.0122558 -0.0270099 0.000993268 0.000160683 0.0127618 -0.0237678 0.0211069 0.0402483 0.00875058 0.00951114 0.0267678 -0.000229945 -0.00471309 -0.0220398 0.00107918 0.000678354 0.00949798 -0.000175963 -0.0111653 -0.0332504 -0.0173557 -0.0470544 -0.0561217 -0.0505619 -0.0580294 -0.0560378
internal_weight=2623.82 2617.21 68.0581 32.2002 35.858 2549.15 76.6463 14.2535 62.3928 24.4762 37.9165 30.0027 16.3537 2472.5 416.543 104.362 312.181 2055.96 181.564 1874.39 13.6489 29.4386 13.6831 15.7555 8.81883 6.61213 4.87761 3.14894
internal_count=18225 18147 399 193 206 17748 366 69 297 111 186 167 95 17382 2523 661 1862 14859 1030 13829 72 177 77 100 44 78 59 44
is_linear=0
shrinkage=0.05


Tree=93
num_leaves=30
num_cat=0
split_feature=8 6 11 17 12 15 7 8 17 17 17 15 8 9 12 12 8 11 7 17 9 1 9 8 11 13 13 1 15
split_gain=7.4665 6.40568 6.8102 11.7365 10.0595 8.19896 7.41887 8.08935 10.588 8.6701 7.13215 11.9114 6.028 5.13607 4.99659 5.10277 4.4265 4.275 4.16482 4.17662 3.63553 3.92955 3.34842 4.20957 2.91174 2.71439 2.29233 1.56317 0.0386742
threshold=33.250000000000007 4.5000000000000009 62.000000000000007 186.00000000000003 54.409375000000004 236.00000000000003 55.250000000000007 36.550000000000004 99.000000000000014 1408.5000000000002 13.500000000000002 287.50000000000006 37.350000000000001 421.00000000000006 117.62256944444447 104.70625000000001 39.95000000000001 68.000000000000014 56.750000000000007 648.00000000000011 501.00000000000006 5.5000000000000009 459.00000000000006 35.050000000000004 12.500000000000002 55.620192307692314 55.677083333333336 5.5000000000000009 340.50000000000006
decision_type=2 2 2 2 2 2 2 2 2 2 2 2 2 2 2 2 2 2 2 2 2 2 2 2 2 2 2 2 2
left_child=18 14 6 28 5 -5 10 9 -9 -8 11 -3 -6 -12 15 16 17 -2 19 -1 21 -16 26 -24 -18 -23 -17 -21 -4
right_child=1 2 3 4 12 -7 7 8 -10 -11 13 -13 -14 -15 20 22 24 -19 -20 27 -22 25 23 -25 -26 -27 -28 -29 -30
leaf_value=-0.029360471633286624 0.0020911672010011763 -0.0049047513946964393 -0.056049819289740427 -0.03816936081155179 0.088727658445932583 0.031283037873226116 0.0049854331251835112 -0.028821092161369535 -0.0032590686557435254 -0.03788767935629065 0.045459762447888859 0.058842923545401361 0.0073760831923487501 -0.013056704762273282 -0.054605173235418428 -0.041281306272022006 0.051428176785787899 -0.030853563648910454 0.05870782587627961 0.009332379688943104 -0.06481507905892013 -0.018710270713966259 0.092515941931229043 0.025688244419609436 -0.041297064508764032 0.030699105330700756 0.024911561107158364 0.049043585275671014 -0.065776695247798292
leaf_weight=4.1429583877325085 1410.2001153025776 32.186967644840479 2.0792745137587181 6.5644326210022035 8.2903019785881025 12.049191314727066 386.34643772058189 47.195175185799599 285.99394920514897 12.163430303335188 3.7944103851914397 9.487820709589867 3.1393923964351407 319.34121850319207 4.0284719094634083 2.6317978650331524 0.93847328424453635 9.9162386171519739 7.6186578422784796 4.6737924963235837 4.1801094040274611 6.3513836488127691 2.8727809190750113 13.111964568495749 8.6515299286693317 4.9429457373917103 2.6002316847443581 5.2749353051185608 2.0095768123865128
leaf_count=19 8337 392 31 60 41 72 2297 632 2625 71 37 83 52 2654 32 25 21 82 34 21 31 46 14 90 340 32 20 22 12
internal_value=-0.00027627 -0.000519998 -0.00334967 0.0186447 0.0294611 0.00678939 -0.00403431 -0.00113029 -0.00687985 0.00367685 -0.0098589 0.00960826 0.0663828 -0.0123696 0.0016558 0.00199372 0.0016325 0.00186112 0.0289242 0.0128218 -0.0234838 -0.0122084 0.0263345 0.0376985 -0.032223 0.00291367 -0.00838455 0.0303877 -0.0608304
internal_weight=2622.78 2601.07 1130.64 34.1322 30.0433 18.6136 1096.51 731.699 333.189 398.51 364.81 41.6748 11.4297 323.136 1470.43 1450.92 1429.71 1420.12 21.7103 14.0917 19.5029 15.3228 21.2168 15.9847 9.59 11.2943 5.23203 9.94873 4.08885
internal_count=18225 18129 9059 268 225 132 8791 5625 3257 2368 3166 475 93 2691 9070 8929 8780 8419 96 62 141 110 149 104 361 78 45 43 43
is_linear=0
shrinkage=0.05


Tree=94
num_leaves=31
num_cat=0
split_feature=8 14 12 12 0 8 11 1 8 6 12 7 1 11 12 3 8 6 12 0 7 18 11 14 14 14 11 8 13 11
split_gain=6.97729 7.12183 5.99491 7.39716 8.47599 5.36316 7.30359 5.5847 5.33318 5.33791 7.1006 7.59238 5.8681 5.69658 5.3766 5.08804 5.07164 4.90056 4.97735 4.75124 4.68935 6.73857 4.38328 4.29789 3.66938 3.3842 6.2939 3.01635 2.79013 2.44775
threshold=34.150000000000013 9.5000000000000018 21.670833333333338 52.477500000000006 2007.5000000000002 34.250000000000007 23.000000000000004 11.500000000000002 40.150000000000013 4.5000000000000009 120.67222222222223 56.750000000000007 5.5000000000000009 68.000000000000014 117.62256944444447 7.5000000000000009 33.250000000000007 3.5000000000000004 64.629044117647069 2020.5000000000002 54.500000000000007 7.5000000000000009 13.500000000000002 23.500000000000004 12.500000000000002 17.500000000000004 43.000000000000007 36.550000000000004 55.528594771241842 14.500000000000002
decision_type=2 2 2 2 2 2 2 2 2 2 2 2 2 2 2 2 2 2 2 2 2 2 2 2 2 2 2 2 2 2
left_child=1 2 -1 4 22 6 7 -2 9 13 12 -12 -11 14 -7 20 -6 18 -5 -19 21 -3 -4 28 -8 -22 -27 -15 -17 -30
right_child=5 15 3 17 16 8 24 -9 -10 10 11 -13 -14 27 -16 23 -18 19 -20 -21 25 -23 -24 -25 -26 26 -28 -29 29 -31
leaf_value=0.073795143418683637 -0.04245924528145862 0.020938681080316223 0.010537057639930521 0.014333490581516695 0.031745188904264261 0.0021064874481270751 -0.013838041239443426 0.019381306939804707 -0.032840239970615019 -0.000747766130368676 0.10010945779591772 0.005428159797289815 -0.0086158672002731602 -0.063983854936116594 -0.027223174975870928 0.025791638935535238 -0.0076135195585045187 0.025527931672696392 0.072459986668007625 -0.01774969495407723 -0.031197048390777662 -0.057330741346509388 0.076561681232837159 -0.056495175373930701 0.04776737411090054 0.003648389766854266 0.045500830076250859 0.0045807792425936302 0.0052910126893724613 -0.045257777537357678
leaf_weight=4.1714839190244666 23.49523522332311 4.6083138883113843 4.6465565711259824 5.9222494661808005 9.3906319290399534 1293.2198364790529 4.7381212040781957 4.322504684329032 12.896350989118217 629.09429583419114 3.378653805702923 5.6716453824192286 380.18304813094437 5.0550736412405959 15.816608171910046 4.1375723332166698 63.739318009465933 35.827150586992502 9.7399128600954992 7.70597069710493 4.7096518650650969 6.8192015513777733 5.4766164645552635 7.0731434300541869 4.9342508018016815 39.840607151389122 11.597944527864454 2.3496450781822205 4.2461590617895109 5.4930527061223984
leaf_count=18 133 20 20 27 42 7882 31 22 620 4840 24 49 3276 36 122 18 322 195 44 42 24 33 24 31 23 178 52 33 18 26
internal_value=-0.000264576 0.0079527 0.0147141 0.0129839 0.00337629 -0.00107469 -0.0198368 -0.0328501 -0.000775079 -0.000597964 -0.00331622 0.0407745 -0.00371159 0.00150473 0.00175211 -0.00324579 -0.00255946 0.0264963 0.0504809 0.0178672 0.00342853 -0.0257674 0.0462562 -0.0247743 0.0175893 0.00937061 0.0130849 -0.0422271 -0.00860589 -0.0232192
internal_weight=2620.3 235.146 146.62 142.448 83.2531 2385.16 37.4901 27.8177 2347.67 2334.77 1018.33 9.0503 1009.28 1316.44 1309.04 88.5256 73.1299 59.1953 15.6622 43.5331 67.5757 11.4275 10.1232 20.9499 9.67237 56.1482 51.4386 7.40472 13.8768 9.73921
internal_count=18225 1134 734 716 408 17091 209 155 16882 16262 8189 73 8116 8073 8004 400 364 308 71 237 307 53 44 93 54 254 230 69 62 44
is_linear=0
shrinkage=0.05


Tree=95
num_leaves=29
num_cat=0
split_feature=15 6 17 17 12 13 13 9 12 18 12 12 2 9 8 8 17 0 17 13 17 6 0 8 12 8 8 15
split_gain=5.7067 5.61531 4.51147 13.5532 9.14881 11.1039 10.0357 5.30665 7.18123 6.86503 4.68715 9.61345 5.51541 4.49708 4.16361 5.51366 11.7668 5.25881 6.23017 4.79694 3.33445 3.24116 4.5569 3.15367 1.47242 0.00903965 0.0085626 0.00156731
threshold=7.5000000000000009 6.5000000000000009 1408.5000000000002 1369.0000000000002 40.071031746031757 56.261363636363647 54.720486111111121 511.00000000000006 131.57058823529414 14.500000000000002 54.186805555555573 55.620833333333337 5.5000000000000009 451.00000000000006 36.95000000000001 38.850000000000001 648.00000000000011 2007.5000000000002 86.500000000000014 56.136111111111113 30.500000000000004 4.5000000000000009 2013.5000000000002 36.550000000000004 39.670378151260515 35.750000000000007 37.150000000000013 232.00000000000003
decision_type=2 2 2 2 2 2 2 2 2 2 2 2 2 2 2 2 2 2 2 2 2 2 2 2 2 2 2 2
left_child=24 2 3 7 5 -5 -6 8 -2 -9 21 -12 -13 25 17 20 -17 18 -15 -19 -16 22 -4 -23 -1 -3 -26 -27
right_child=1 13 10 4 6 -7 -8 9 -10 -11 11 12 -14 14 15 16 -18 19 -20 -21 -22 23 -24 -25 26 27 -28 -29
leaf_value=-0.0039443265450057252 -0.00097886617958903169 -0.058163960572825836 0.0091742664442183153 -0.045297553460033245 0.079740391595159485 0.041677016004120132 0.02221345914792236 0.001281513745546305 0.044288638428704147 0.017147075458163918 0.075924906679302739 0.0078569811394152023 -0.040679549803149917 -0.03836414753794639 0.0031732482598574984 -0.052245184791201771 0.13155944845481957 0.0017554624597389608 0.042125890700931416 -0.029968713941220911 -0.0453495299602691 -0.060682005319614457 -0.042332623604060038 -0.010609912839104802 -0.058079176970992019 -0.052916846937790911 -0.05392374927406092 -0.055230758399888426
leaf_weight=1.7334250435233105 2035.3991339895874 2.5177752748131743 10.468441177159553 9.6017188932746631 8.978315167129038 5.9398847073316565 48.725739916786551 223.22850709781051 8.7991197248920781 98.165683666244149 3.780262183398011 16.344494942575693 9.1183223146945256 3.0753316059708586 4.4329794328659835 1.9017028445377939 1.6061267312616108 32.335056532174349 11.015036582946776 18.869389843195677 17.587351931259036 9.4529173672199232 7.2807315476238719 4.7121341731399289 3.7260222584009171 1.4584769969806077 1.8578077424317596 1.4688287377357481
leaf_count=15 13872 24 61 49 43 27 227 1462 69 616 22 87 59 43 98 87 40 335 87 190 324 55 37 44 37 33 39 20
internal_value=-0.000106063 1.82101e-05 0.000474514 0.000810864 0.0219934 -0.0120565 0.0311642 0.00015499 -0.000784015 0.00612744 -0.0129385 0.00152191 -0.00952412 -0.0118316 -0.00918553 -0.0263068 0.0319133 -0.00249166 0.0245583 -0.00993524 -0.0355813 -0.0261886 -0.0119539 -0.0440251 -0.0441998 -0.0559673 -0.0566966 -0.0540779
internal_weight=2603.58 2596.26 2500 2438.84 73.2457 15.5416 57.7041 2365.59 2044.2 321.394 61.1573 29.2431 25.4628 96.2681 90.823 25.5282 3.50783 65.2948 14.0904 51.2044 22.0203 31.9142 17.7492 14.1651 7.31726 5.44508 5.58383 2.92731
internal_count=18102 18011 16730 16365 346 76 270 16019 13941 2078 365 168 146 1281 1204 549 127 655 130 525 422 197 98 99 91 77 76 53
is_linear=0
shrinkage=0.05


Tree=96
num_leaves=30
num_cat=0
split_feature=15 8 9 3 8 16 15 16 8 9 15 15 9 15 17 9 15 1 13 13 17 11 8 17 8 11 17 13 14
split_gain=5.33993 4.38375 3.91979 6.50572 5.07386 7.68425 6.46525 6.40808 4.63815 5.77462 5.03157 4.61842 11.1923 5.20482 4.56894 8.61479 6.88254 2.44327 3.29213 1.25673 0.00801246 0.00241274 0.000380269 0.000177112 0.000162614 0.000104148 4.27642e-05 2.00481e-05 1.90695e-05
threshold=7.5000000000000009 40.350000000000001 511.00000000000006 5.5000000000000009 34.150000000000013 7.5000000000000009 189.50000000000003 17.500000000000004 36.750000000000007 545.00000000000011 72.500000000000014 369.50000000000006 513.00000000000011 92.500000000000014 386.50000000000006 507.00000000000006 27.500000000000004 3.5000000000000004 55.620192307692314 55.193750000000009 181.50000000000003 16.500000000000004 40.45000000000001 657.50000000000011 40.750000000000007 14.500000000000002 1253.5000000000002 56.118055555555564 1.0000000180025095e-35
decision_type=2 2 2 2 2 2 2 2 2 2 2 2 2 2 2 2 2 2 2 2 2 2 2 2 2 2 2 2 2
left_child=19 2 4 8 5 6 -2 -7 10 -10 -4 13 -13 -5 15 -6 -16 18 -3 -1 21 -21 23 -19 -20 28 -27 -26 -24
right_child=1 17 3 11 14 7 -8 -9 9 -11 -12 12 -14 -15 16 -17 -18 22 24 20 -22 -23 25 -25 27 26 -28 -29 -30
leaf_value=-0.010112721079820156 0.041871986559956331 0.06197167236323952 -0.045847104451884918 -0.0072619286994549011 -0.0035687140967696862 -0.021468016057654679 0.009925043797290263 0.0051125269158091655 -0.0091606422474464193 -0.063104001849012242 0.0064729974041775303 0.06175226578041762 -0.013980279066542445 0.018113247160919409 0.03446464276474593 -0.034571899629444319 3.7093314488695538e-06 -0.051372970496100616 -0.052180072488839872 -0.056647711501038027 -0.060086082399661948 -0.054047808988183302 -0.051207980399133185 -0.052627874502457123 -0.051289579368640106 -0.050771886774739074 -0.051421598032579841 -0.050774880152208039 -0.051643664843604102
leaf_weight=2.0164041109383097 22.650449771434069 1.3102774620056137 4.8480994626879683 23.569361662492156 720.66041584126651 28.413038678467274 52.645568080246449 112.27067184820771 48.567445290274918 5.5256589241325846 88.099095225334167 5.6210731491446486 36.933222549036145 141.70526492688805 14.657860431820152 23.125414641574025 1256.7788915708661 0.62853211304172851 0.48735506553202845 2.1994012799113993 1.3556015379726885 1.5015773158520458 0.73839001776650526 0.50875602662563324 0.34909682348370552 3.9472379302605987 0.27063199691474427 0.41304450947791338 0.38061027601361275
leaf_count=23 132 38 31 161 6057 138 265 512 456 56 449 29 200 903 92 190 7825 29 21 28 13 27 38 14 18 301 12 29 15
internal_value=-0.000102736 1.55113e-05 0.000136971 0.00501806 -0.000639358 0.00664388 0.0195353 -0.000255785 -0.0030305 -0.014671 0.003744 0.0107125 -0.00397663 0.0144946 -0.00141993 -0.00453265 0.000400995 -0.0347539 0.00659923 -0.0434883 -0.0567974 -0.0555929 -0.0511042 -0.0519343 -0.0514668 -0.0509273 -0.0508136 -0.0510106 -0.0513562
internal_weight=2602.18 2595.11 2586.07 354.869 2231.2 215.98 75.296 140.684 147.04 54.0931 92.9472 207.829 42.5543 165.275 2015.22 743.786 1271.44 9.03393 2.55977 7.07298 5.05658 3.70098 6.47416 1.13729 1.2495 5.33687 4.21787 0.762141 1.119
internal_count=18102 18011 17496 2285 15211 1047 397 650 992 512 480 1293 229 1064 14164 6247 7917 515 106 91 68 55 409 43 68 366 313 47 53
is_linear=0
shrinkage=0.05


Tree=97
num_leaves=31
num_cat=0
split_feature=6 12 9 9 8 0 7 9 13 17 6 17 9 13 9 9 12 9 12 17 12 16 8 0 9 8 17 8 0 12
split_gain=5.06214 6.76887 5.73159 5.06651 4.17851 4.29986 15.1618 6.45331 6.36779 10.6127 8.89642 7.84065 6.50109 12.1488 8.31776 5.56641 3.48595 5.87603 2.79649 2.28907 1.73939 1.70797 1.9456 0.64064 1.10308 0.427765 0.0157656 0.000566283 0.00014689 0.000142053
threshold=7.5000000000000009 28.101373626373633 517.00000000000011 527.00000000000011 40.350000000000001 2009.5000000000002 57.250000000000007 415.00000000000006 56.559027777777786 1150.5000000000002 6.5000000000000009 1253.5000000000002 537.00000000000011 56.369318181818194 517.00000000000011 449.00000000000006 82.812500000000014 465.00000000000006 59.117291666666667 11.500000000000002 67.862500000000026 29.500000000000004 36.350000000000001 2000.5000000000002 485.00000000000006 38.050000000000004 827.50000000000011 40.45000000000001 2003.5000000000002 58.952777777777783
decision_type=2 2 2 2 2 2 2 2 2 2 2 2 2 2 2 2 2 2 2 2 2 2 2 2 2 2 2 2 2 2
left_child=4 -2 19 -4 5 6 7 25 12 10 -10 -11 14 -14 -7 -9 23 -18 -8 -3 -5 26 -23 24 -6 -1 -21 29 -29 -25
right_child=1 2 3 20 16 8 18 15 9 11 -12 -13 13 -15 -16 -17 17 -19 -20 21 -22 22 -24 27 -26 -27 -28 28 -30 -31
leaf_value=-0.055018700774391943 0.076950480652404354 0.021822424364289356 0.092637902041137449 -0.055741474684146836 -0.051686511692763684 -0.0036004885600100442 0.036964745502202405 0.012280911441953373 0.011455902860473566 -0.037885806573838485 -0.042672799377112963 0.0018365422651743753 -0.045752690008958256 0.061760657613431795 0.012750023107636531 0.0010344678527364974 0.20588839067112646 -0.051878493028666262 0.088067719523528154 -0.053634070885637375 0.02485271079180245 0.01812580446134528 -0.0547234411536478 -0.051569696727538306 0.043690206733158619 -0.024401295485640878 -0.057312076092414545 -0.051230667115207629 -0.050692932260923952 -0.052627061783205156
leaf_weight=4.9172463007271281 1.5920112952590013 1.3160157902166307 1.6051246114075173 1.4884874178096654 0.73014123365282813 1151.731090717949 5.4829375408589822 125.75713033415377 230.53069197293371 22.109221251681447 7.849494080990552 28.355376951396465 18.298031143844131 3.0681045502424231 83.41639652941376 879.39631399139762 0.38744310988113273 0.51492960471659899 5.2312847301363945 9.3302329224534351 1.2166888434439895 1.9359908290207379 1.7404915858060119 0.66807122714817502 0.51838668622076511 1.4854120612144468 4.2365142069756976 2.0632775709964335 3.3030825299210846 0.60557368863373995
leaf_count=70 8 24 15 27 30 7614 29 892 1581 155 112 167 129 15 537 5884 16 28 24 184 15 18 32 27 14 16 44 101 275 19
internal_value=-9.89959e-05 -0.0227372 -0.0296768 0.0222636 0.000115941 0.000233762 0.00274948 0.0021228 -0.00143041 0.00526382 0.00967353 -0.0155664 -0.00296927 -0.0303141 -0.00249625 0.00244154 -0.034297 0.0587964 0.0619161 -0.0417397 -0.0194932 -0.0465908 -0.0163619 -0.044946 -0.0120863 -0.0479155 -0.0547826 -0.0511246 -0.0508997 -0.0520724
internal_weight=2600.88 24.4616 22.8695 4.3103 2576.42 2567.63 1022.27 1011.56 1545.36 288.845 238.38 50.4646 1256.51 21.3661 1235.15 1005.15 8.79091 0.902373 10.7142 18.5592 2.70518 17.2432 3.67648 7.88853 1.24853 6.40266 13.5667 6.64001 5.36636 1.27364
internal_count=18102 367 359 57 17735 17225 6915 6862 10310 2015 1693 322 8295 144 8151 6776 510 44 53 302 42 278 50 466 44 86 228 422 376 46
is_linear=0
shrinkage=0.05


Tree=98
num_leaves=31
num_cat=0
split_feature=15 6 17 17 12 13 13 13 16 13 13 12 8 8 17 13 8 16 6 12 11 17 17 8 15 12 15 8 13 0
split_gain=5.0035 4.77358 4.13504 11.9985 8.15172 10.0537 8.54353 4.70479 7.47267 4.45355 5.57366 4.6811 3.80295 4.87939 9.20739 4.27954 10.5096 5.56103 3.76336 3.26177 11.7229 4.89533 3.24231 3.22221 2.99365 1.95159 1.01562 0.00655286 0.00120353 0.000824638
threshold=7.5000000000000009 6.5000000000000009 1408.5000000000002 1369.0000000000002 40.071031746031757 56.261363636363647 54.720486111111121 56.925000000000004 47.500000000000007 56.825757575757585 56.585784313725497 54.186805555555573 36.95000000000001 38.850000000000001 648.00000000000011 56.027777777777786 36.750000000000007 10.500000000000002 3.5000000000000004 38.12187500000001 25.000000000000004 372.50000000000006 30.500000000000004 37.550000000000004 154.50000000000003 38.800000000000004 153.50000000000003 37.150000000000013 56.369318181818194 2005.5000000000002
decision_type=2 2 2 2 2 2 2 2 2 2 2 2 2 2 2 2 2 2 2 2 2 2 2 2 2 2 2 2 2 2
left_child=25 2 3 7 5 -5 -6 18 -9 10 11 -4 15 22 29 16 17 -3 -2 20 -17 -21 23 -14 -16 -1 -24 28 -27 -15
right_child=1 12 9 4 6 -7 -8 8 -10 -11 -12 -13 13 14 24 19 -18 -19 -20 21 -22 -23 26 -25 -26 27 -28 -29 -30 -31
leaf_value=0.010808695559289464 0.0037648295580454821 -0.022035324073290383 -0.028712833936144891 -0.043781566071748573 0.073526927035636513 0.03898645134283954 0.02093035676123459 0.0075662359987558924 0.082258924853946244 -0.057620050085441958 0.036049396505101132 0.002089792105395818 0.0514638930109238 -0.053085570838409084 0.17092965879251465 -0.047630646677952311 0.098030458966770442 0.017535515494052419 -0.0013973320445166879 0.00025180383274225524 0.080089874745809544 -0.047644370109905534 -0.028895754209608934 -0.033916259220776623 0.044494827624822028 -0.058100181447841161 -0.053902500243904555 -0.053543935023096192 -0.056304501693909229 -0.050987874600132946
leaf_weight=1.3610127102583636 439.07225228473544 16.876897227019072 25.863983540795743 9.446629745885728 9.1684103664010745 5.9987858533859244 48.899616535753012 119.5156841063872 3.4450956955552092 5.0079985186457625 6.2612421549856654 23.578633529134095 1.9025963861495316 1.0604182486422353 0.88350789248943307 3.9798107147216824 2.8833100795745841 18.734445095062256 1802.3738078493625 8.8632280044257659 3.2750996276736259 13.400909215211867 6.1550119910389212 2.6361311953514814 0.99590900354087353 1.9902607910335066 11.930405028164385 1.7382748443633316 1.7567905932664869 0.83934439858421672
leaf_count=11 2653 199 159 49 43 27 227 846 24 33 37 136 36 30 19 31 31 165 12496 120 19 129 134 65 25 19 216 40 21 62
internal_value=-9.59401e-05 1.67674e-05 0.000433791 0.000754777 0.0206479 -0.0116356 0.0292349 0.000136267 0.00965896 -0.0124556 -0.00839511 -0.0140234 -0.0110193 -0.0271248 0.0254662 -0.00476701 0.00621599 -0.00121786 -0.000386127 -0.0190895 0.0100265 -0.0285772 -0.0359096 0.00187438 0.103931 -0.0427839 -0.045392 -0.0560812 -0.0572583 -0.0521588
internal_weight=2599.9 2593.05 2498.63 2437.92 73.5134 15.4454 58.068 2364.41 122.961 60.7119 55.7039 49.4426 94.417 26.4033 3.77918 68.0137 38.4947 35.6113 2241.45 29.519 7.25491 22.2641 22.6241 4.53873 1.87942 6.84634 18.0854 5.48533 3.74705 1.89976
internal_count=18102 18011 16730 16365 346 76 270 16019 870 365 332 295 1281 587 136 694 395 364 15149 299 50 249 451 101 44 91 350 80 40 92
is_linear=0
shrinkage=0.05


Tree=99
num_leaves=22
num_cat=0
split_feature=15 6 5 17 8 18 15 8 16 9 9 9 15 9 13 9 13 17 8 17 11
split_gain=4.68345 4.5351 4.36733 4.84391 3.77638 4.67001 3.20516 3.26945 8.14469 4.7161 2.18385 1.86204 1.62069 1.59668 1.26987 0.90629 0.713454 0.00635102 0.000513163 0.00026953 7.0157e-05
threshold=7.5000000000000009 7.5000000000000009 1.5000000000000002 865.50000000000011 40.350000000000001 19.500000000000004 10.500000000000002 34.150000000000013 8.5000000000000018 511.00000000000006 521.00000000000011 529.00000000000011 183.50000000000003 485.00000000000006 55.193750000000009 459.00000000000006 54.394444444444453 51.500000000000007 40.45000000000001 657.50000000000011 14.500000000000002
decision_type=2 2 2 2 2 2 2 2 2 2 2 2 2 2 2 2 2 2 2 2 2
left_child=14 4 10 13 6 18 -2 8 -8 -9 15 -12 -7 -4 -1 -3 -17 -16 19 -6 -20
right_child=1 2 3 -5 5 12 7 9 -10 -11 11 -13 -14 -15 17 16 -18 -19 20 -21 -22
leaf_value=-0.0081629970803468749 0.049890479571386204 -0.012918497632262488 -0.055326065318262153 0.071570429469436717 -0.051309446336018021 0.002692418796288783 0.018725048589911513 -0.0012238828126389073 -0.0009764852028237422 0.0051937989939148969 0.046350069759359763 -0.029216554293608379 0.10747356751432741 0.018761366833546098 -0.054167146069833028 -0.0063104857862853973 -0.050437853273427882 -0.057879772057509299 -0.051240627505108383 -0.052766147743990258 -0.050790630598670394
leaf_weight=1.9454507585614909 3.2572956103831521 2.316857851110405 1.7378884861245745 2.3544094562530518 0.6793108768761138 0.89887172449380137 80.868860621005297 1992.2764992788434 149.31966353952885 334.29781338665634 1.425496002659201 1.9041556431911884 0.62608438450843096 1.2505036764778195 2.0627846093848348 0.99463546089827914 11.584294148720799 2.6086749136447906 1.0747747840359805 0.59627561084926128 4.4620917025022209
leaf_count=23 25 37 28 15 34 25 416 13877 685 2143 16 31 21 22 39 16 200 29 56 16 348
internal_value=-9.3215e-05 1.40368e-05 -0.0218191 0.0179338 0.000214386 -0.0333815 0.0003238 0.000260653 0.00594497 -0.000301747 -0.0334727 0.00313515 0.0457113 -0.0243239 -0.0421051 -0.0416557 -0.0469486 -0.0562404 -0.0510863 -0.0519904 -0.050878
internal_weight=2598.54 2591.93 23.5682 5.3428 2568.36 8.33741 2560.02 2556.76 230.189 2326.57 18.2254 3.32965 1.52496 2.98839 6.61691 14.8958 12.5789 4.67146 6.81245 1.27559 5.53687
internal_count=18102 18011 365 65 17646 500 17146 17121 1101 16020 300 47 46 50 91 253 216 68 454 50 404
is_linear=0
shrinkage=0.05


Tree=100
num_leaves=31
num_cat=0
split_feature=1 9 9 16 13 16 9 16 13 18 7 14 11 14 13 15 15 13 9 15 15 11 18 15 13 0 7 16 0 9
split_gain=5.46848 6.5114 5.29153 10.1955 10.1538 9.40275 10.4974 7.15803 8.83616 8.94271 7.67581 7.38472 7.91253 7.81269 6.86398 6.87278 6.46769 7.04242 6.46614 5.71135 6.14177 5.66241 5.59339 7.57013 5.56143 5.08276 4.9659 4.80531 4.54631 4.53321
threshold=10.500000000000002 541.00000000000011 483.00000000000006 25.500000000000004 56.696153846153855 21.500000000000004 491.00000000000006 14.500000000000002 56.759615384615394 17.500000000000004 56.750000000000007 32.500000000000007 46.500000000000007 29.500000000000004 57.379807692307701 44.500000000000007 450.50000000000006 56.861904761904761 455.00000000000006 91.500000000000014 369.50000000000006 14.500000000000002 16.500000000000004 263.50000000000006 57.16041666666667 2023.5000000000002 56.750000000000007 23.500000000000004 2014.5000000000002 535.00000000000011
decision_type=2 2 2 2 2 2 2 2 2 2 2 2 2 2 2 2 2 2 2 2 2 2 2 2 2 2 2 2 2 2
left_child=2 29 7 5 19 14 26 16 11 10 -10 13 -13 -9 15 -4 17 21 -18 28 -21 -1 24 -24 -6 -19 -7 -8 -5 -2
right_child=1 -3 3 4 22 6 27 8 9 -11 -12 12 -14 -15 -16 -17 18 25 -20 20 -22 -23 23 -25 -26 -27 -28 -29 -30 -31
leaf_value=-0.019308842898041467 -0.004054171706396748 -0.050288448719922677 0.034863176736464968 -0.036929519556122774 -0.036442944054036641 0.10779379931402105 0.028964345156839551 0.0018471027675821981 0.061572206602648616 0.094853634746757703 0.0072531015906781519 -0.0088555343226550537 -0.063544848106038151 0.045159869885249643 -0.032094819235106452 0.0057056642509845093 0.042950781947197106 -0.047301966162221654 0.0012988120405754075 0.0076708389666683974 -0.010379939928087372 -0.0034353542687784681 -0.024935267981308032 0.059107556565617975 0.01657132416943213 -0.0023384964650808152 0.035858230935283439 -0.01496933309551423 0.010124210696394709 0.047247768685886662
leaf_weight=65.693263126537204 639.65523686259985 7.5912196170538655 21.038219175301492 16.675594558939341 40.653252521529794 5.4648811724036914 22.281044971197847 384.38600265607238 7.8671832652762523 3.9776820465922347 37.52499038586393 44.799031539820135 7.7593211540952316 10.701235359534619 11.556709317490457 513.52293037204072 12.428813838399945 18.101389505900443 37.225650454871356 184.35542369587347 63.305855426937342 388.04109808243811 6.5263070231303555 4.5457042939960957 5.6323803355917326 9.6284261448308843 4.2765412190929055 8.636444400995968 7.4166317051276556 4.3352276161313048
leaf_count=464 4096 57 191 118 271 30 135 2484 42 22 257 267 61 54 79 3723 75 158 228 1192 353 3331 49 26 38 87 26 73 53 26
internal_value=-0.000287336 -0.00425149 0.00104134 0.00380518 -0.00323879 0.007756 0.0309527 -0.00142077 0.00289197 0.0229668 0.0166675 0.000677953 -0.0169295 0.00302026 0.00602899 0.00685319 -0.00545658 -0.00722851 0.0117246 0.000795999 0.0030568 -0.00573357 -0.0223551 0.0095692 -0.0299918 -0.0316896 0.0762137 0.016692 -0.0224443 -0.00370882
internal_weight=2595.6 651.582 1944.02 915.888 329.111 586.777 40.6589 1028.13 497.015 49.3699 45.3922 447.646 52.5584 395.087 546.118 534.561 531.119 481.464 49.6545 271.754 247.661 453.734 57.3576 11.072 46.2856 27.7298 9.74142 30.9175 24.0922 643.99
internal_count=18066 4179 13887 6357 2100 4257 264 7530 3187 321 299 2866 328 2538 3993 3914 4343 4040 303 1716 1545 3795 384 75 309 245 56 208 171 4122
is_linear=0
shrinkage=0.05


Tree=101
num_leaves=31
num_cat=0
split_feature=8 1 8 11 12 8 13 7 13 8 13 15 12 15 1 16 12 8 9 15 11 11 17 2 13 17 17 9 9 17
split_gain=8.36185 7.03848 9.53509 6.96329 6.92895 6.71595 10.4801 7.5775 8.68551 7.44909 7.44195 7.50933 10.0277 7.73976 7.19136 6.44098 5.97649 6.14888 5.2423 5.91111 5.42668 5.18315 8.11414 5.09854 8.63328 7.93412 17.781 5.91517 6.75356 5.6091
threshold=36.95000000000001 10.500000000000002 35.050000000000004 10.500000000000002 25.314335664335669 35.750000000000007 57.400641025641029 53.500000000000007 55.91608391608392 35.95000000000001 56.483333333333341 183.50000000000003 56.743750000000006 206.00000000000003 9.5000000000000018 46.500000000000007 21.670833333333338 36.850000000000001 449.00000000000006 319.50000000000006 31.000000000000004 13.500000000000002 10.500000000000002 5.5000000000000009 56.845238095238095 1170.0000000000002 964.00000000000011 455.00000000000006 465.00000000000006 1369.0000000000002
decision_type=2 2 2 2 2 2 2 2 2 2 2 2 2 2 2 2 2 2 2 2 2 2 2 2 2 2 2 2 2 2
left_child=1 5 3 4 -3 10 7 8 -7 -9 11 12 -1 -13 15 -12 -4 -18 19 -5 -20 22 -2 24 27 26 -26 29 -29 -23
right_child=21 2 16 18 -6 6 -8 9 -10 -11 14 13 -14 -15 -16 -17 17 -19 20 -21 -22 23 -24 -25 25 -27 -28 28 -30 -31
leaf_value=-0.021591530225348998 -0.048714151756009717 0.087343796639937507 -0.062048592322966827 0.004429535020262703 0.0077996206003071765 -0.020583576315713791 -0.038139973203318772 0.023145926536792635 0.054181285634664227 0.0070852187714590485 0.0050749525903863646 0.028399441766159175 0.00343897842576986 -0.00060671351495821728 0.062128190206737599 0.05904476427284662 -0.0073902401461447796 -0.051037076518978597 -0.0024627586964115458 0.045223763210956391 0.044102486219897818 0.0072796010641165759 0.01527874164055122 -0.010429566662143666 0.023716557351104416 -0.056843634855404002 0.18118892300004535 -0.025572847214865635 -0.0035030037595963678 0.07404221509472679
leaf_weight=98.778334207832813 5.447295614052563 4.8062818944454175 5.3665252923965445 25.458463612943888 6.3611239120364189 37.342375008389354 12.625457484275101 83.192068506032228 4.3355499841272822 546.21464281156659 83.728736747056246 24.926484428346157 67.258368423208594 297.23173523321748 6.757227584719657 5.91909235715866 258.10572921857238 8.3296101056039316 222.41845932044089 13.636376962065695 6.4378797337412825 54.073159537743777 54.654170712456107 325.38377294456586 13.812433003447952 2.2160400785505763 2.0599584188312283 39.673472776077688 274.5065082279034 3.3404082059860221
leaf_count=591 62 22 27 154 31 254 69 443 24 2945 432 145 430 1525 33 26 1647 56 1156 68 35 618 468 3389 189 28 19 455 2706 19
internal_value=-0.000275265 0.00157766 -0.00314117 0.00334995 0.0420342 0.00362739 0.00699176 0.00784085 -0.0128062 0.00920805 -0.000307367 -0.00281427 -0.0114521 0.00163759 0.0123876 0.00863837 -0.00980702 -0.00875478 0.00173771 0.0186587 -0.00115285 -0.00462386 0.00947875 -0.00580919 -0.00195118 0.0317804 0.0441537 -0.00359317 -0.0062899 0.011164
internal_weight=2594.4 1819.23 550.92 279.119 11.1674 1268.31 683.71 671.085 41.6779 629.407 584.6 488.195 166.037 322.158 96.4051 89.6478 271.802 266.435 267.951 39.0948 228.856 775.167 60.1015 715.066 389.682 18.0884 15.8724 371.594 314.18 57.4136
internal_count=18066 10113 3196 1466 53 6917 3735 3666 278 3388 3182 2691 1021 1670 491 458 1730 1703 1413 222 1191 7953 530 7423 4034 236 208 3798 3161 637
is_linear=0
shrinkage=0.05


Tree=102
num_leaves=31
num_cat=0
split_feature=8 3 1 8 11 0 11 0 12 2 15 8 16 13 8 12 8 3 9 9 9 0 0 2 13 9 8 15 9 12
split_gain=7.57038 6.59206 6.35107 8.65023 6.19759 7.03319 6.10333 8.06581 16.5524 14.7744 7.8928 6.93751 16.3817 10.1983 6.49975 5.58891 5.78881 5.6438 4.841 7.4016 4.82994 6.65946 5.44749 4.78714 6.75728 6.46597 6.12548 6.11673 8.65038 5.48504
threshold=36.95000000000001 5.5000000000000009 10.500000000000002 35.050000000000004 10.500000000000002 2015.5000000000002 16.500000000000004 2017.5000000000002 59.363194444444453 5.5000000000000009 345.00000000000006 35.250000000000007 16.500000000000004 55.064583333333339 33.95000000000001 21.670833333333338 36.850000000000001 7.5000000000000009 527.00000000000011 537.00000000000011 487.00000000000006 2008.5000000000002 2017.5000000000002 5.5000000000000009 57.343750000000007 427.00000000000006 37.650000000000013 260.00000000000006 517.00000000000011 30.905476190476197
decision_type=2 2 2 2 2 2 2 2 2 2 2 2 2 2 2 2 2 2 2 2 2 2 2 2 2 2 2 2 2 2
left_child=2 23 6 4 5 -4 10 11 9 -9 18 12 -8 -13 -10 -5 17 -17 -1 -20 21 -12 -22 24 25 -2 27 28 -25 -27
right_child=1 -3 3 15 -6 -7 7 8 14 -11 20 13 -14 -15 -16 16 -18 -19 19 -21 22 -23 -24 26 -26 29 -28 -29 -30 -31
leaf_value=0.0028260017783199544 0.05884257057978029 -0.0013884214339411657 0.0021186906394037685 -0.060573237710264717 0.0016482787403860654 0.081146363833858537 -0.01171168897648517 0.056271628706995959 0.021272118918007496 0.010621126804749283 0.032112612262143646 -0.025387111757746463 0.017265741101682584 -0.0029504628685590511 -0.022702426136802761 -0.013766466182422631 -0.050036260836241908 0.0011213739365547577 0.050597752233014805 -0.0087615946562054851 0.019023170823487451 0.00084705119380253005 0.05335672599014557 -0.0054883956293829252 0.066585991966615091 0.059055693853393779 -0.037106886567966534 -0.026968451451068999 0.072058645312952224 -0.010568773577312552
leaf_weight=487.55689515918493 3.6088311206549397 540.99755924893543 5.9588921666145307 5.2259561568498603 268.13122247718275 5.3368110135197639 89.732547149062157 24.884913317859173 10.842174321413038 61.590566352009773 23.454011879861355 66.073628423735499 106.84978333860636 216.92465070821345 37.351391699165106 141.09254053980112 8.0778324343264085 115.98822578042746 13.134538646787407 8.7500707730650884 44.815920993685722 62.193154722452164 15.565821371972559 27.738481870852414 3.1796036576852194 2.8934700023382893 33.932883892208338 29.717819949612021 4.1318972948938599 126.48948331782594
leaf_count=2634 28 5123 27 27 1413 26 536 134 57 324 109 431 541 1238 236 920 56 727 65 45 201 297 69 249 46 25 700 207 38 1537
internal_value=-0.000264324 -0.00441071 0.0014965 -0.00299262 0.00317665 0.0394564 0.00344037 -0.000140629 0.0106717 0.0237579 0.00679616 -0.00317679 0.00403862 -0.00818891 -0.0128094 -0.0093682 -0.00835901 -0.00704946 0.00385864 0.0268642 0.0170441 0.00940896 0.027874 -0.0114677 -0.00544823 -0.00717044 -0.0200489 -0.0106505 0.00456534 -0.00901172
internal_weight=2592.22 772.69 1819.53 549.811 279.427 11.2957 1269.72 614.25 134.669 86.4755 655.47 479.581 196.582 282.998 48.1936 270.385 265.159 257.081 509.442 21.8846 146.029 85.6472 60.3817 231.692 136.171 132.992 95.5211 61.5882 31.8704 129.383
internal_count=18066 7953 10113 3196 1466 53 6917 3497 751 458 3420 2746 1077 1669 293 1730 1703 1647 2744 110 676 406 270 2830 1636 1590 1194 494 287 1562
is_linear=0
shrinkage=0.05


Tree=103
num_leaves=31
num_cat=0
split_feature=8 3 1 8 8 0 11 17 11 8 11 12 17 17 17 0 15 17 0 11 0 17 6 1 8 12 6 12 15 17
split_gain=6.85201 6.039 5.73187 7.84989 5.96001 8.44644 11.312 23.4249 10.5218 8.28748 7.90394 6.58089 5.532 10.7346 21.392 8.33503 8.01871 6.17867 6.06819 5.51307 6.11172 5.27477 5.09504 8.00889 4.95473 5.10736 4.78347 12.2882 4.65151 5.54629
threshold=36.95000000000001 5.5000000000000009 10.500000000000002 35.050000000000004 35.750000000000007 2017.5000000000002 37.500000000000007 603.50000000000011 31.000000000000004 35.95000000000001 16.500000000000004 81.053125000000009 103.50000000000001 158.00000000000003 144.50000000000003 2012.5000000000002 444.50000000000006 30.500000000000004 2012.5000000000002 10.500000000000002 2015.5000000000002 22.500000000000004 4.5000000000000009 2.5000000000000004 36.850000000000001 21.670833333333338 3.5000000000000004 41.618028846153855 381.50000000000006 234.50000000000003
decision_type=2 2 2 2 2 2 2 2 2 2 2 2 2 2 2 2 2 2 2 2 2 2 2 2 2 2 2 2 2 2
left_child=2 -2 4 19 12 9 8 -8 -7 11 -11 -6 16 14 -14 -15 17 -1 -18 20 -4 -5 23 28 25 -23 27 -21 29 -3
right_child=1 22 3 21 5 6 7 -9 -10 10 -12 -13 13 15 -16 -17 18 -19 -20 26 -22 24 -24 -25 -26 -27 -28 -29 -30 -31
leaf_value=-0.0064240837843995676 -0.010997093758783988 0.0071022617109300582 0.0020116636167213688 -0.033264386585470256 0.013936995207725589 0.015002379378463285 -0.014488192133432391 0.073104405494890251 -0.021974985561670587 0.0058807031376248934 -0.008035222692780189 0.064721235433178773 0.0094147240716357748 0.0061240056246175175 0.12273096509943587 -0.0069841789095128094 -0.010918712185547614 -0.037704824974437182 0.073148177776697951 -0.013455016811962556 0.075208170165410468 -0.05823684898073677 -0.0072385392181749525 0.0010521657121911896 -0.048030692083087995 -0.0047120577236256043 -0.0037751494049048937 0.022471296221659751 -0.023113403631538122 0.082227286821345724
leaf_weight=38.648180296644568 229.75156719191 3.8439321089535934 5.9620452374219877 20.596891298890114 59.296010188758373 135.94515062496066 11.867904484272001 21.38906043022871 22.409104362130165 260.06519734673202 167.92208356037736 7.1482349485158911 19.704806216061119 249.79635549709201 5.2811756432056418 235.70244566723704 4.1870298087596876 26.686915867030621 4.404850646853447 36.594619423151016 5.4667262956500053 4.542359545826911 217.39476687042043 310.17365970415995 7.1234950982034198 236.72002837061882 163.61991040222347 68.083353523164988 2.3125988058745852 6.8082719203084707
leaf_count=297 2830 47 27 173 326 707 74 100 126 1367 998 37 106 1274 23 1231 20 209 22 173 26 24 2418 2588 50 1483 913 327 15 55
internal_value=-0.00025386 -0.00420649 0.00141979 -0.00285082 0.00326427 0.00642508 0.0153371 0.0418466 0.00976962 0.00297134 0.000420748 0.0194005 -0.000446208 0.00140503 0.0333659 -0.000239823 -0.0132295 -0.0192011 0.0321804 0.00301361 0.0370238 -0.0089495 -0.00132016 0.00266149 -0.00693323 -0.00571979 0.00156487 0.00991173 0.0411633 0.0551178
internal_weight=2589.45 770.285 1819.16 548.709 1270.45 686.043 191.611 33.257 158.354 494.432 427.987 66.4442 584.412 510.485 24.986 485.499 73.927 65.3351 8.59188 279.727 11.4288 268.983 540.533 323.138 248.386 241.262 268.298 104.678 12.9648 10.6522
internal_count=18066 7953 10113 3196 6917 3735 1007 174 833 2728 2365 363 3182 2634 129 2505 548 506 42 1466 53 1730 5123 2705 1557 1507 1413 500 117 102
is_linear=0
shrinkage=0.05


Tree=104
num_leaves=31
num_cat=0
split_feature=8 3 1 9 8 13 15 15 8 8 11 15 2 17 9 15 6 1 13 11 14 17 14 15 18 17 2 14 8 13
split_gain=6.19759 5.51313 5.17378 8.19016 7.09826 5.66123 6.67128 11.365 7.07636 5.58232 5.51409 5.74744 5.01619 4.79723 6.17329 5.06661 4.61611 7.02455 7.86845 7.39493 5.63303 5.46959 5.14652 6.07404 6.78352 4.50318 4.47793 6.05323 7.02486 5.90804
threshold=36.95000000000001 5.5000000000000009 10.500000000000002 541.00000000000011 35.050000000000004 57.400641025641029 24.500000000000004 34.500000000000007 35.750000000000007 36.050000000000004 10.500000000000002 133.50000000000003 5.5000000000000009 22.500000000000004 475.00000000000006 37.500000000000007 4.5000000000000009 2.5000000000000004 56.218253968253983 12.500000000000002 36.500000000000007 234.50000000000003 7.5000000000000009 236.00000000000003 4.5000000000000009 57.000000000000007 5.5000000000000009 24.500000000000004 37.250000000000007 57.343750000000007
decision_type=2 2 2 2 2 2 2 2 2 2 2 2 2 2 2 2 2 2 2 2 2 2 2 2 2 2 2 2 2 2
left_child=2 26 5 4 10 6 12 -8 -9 -7 11 -4 -1 14 -6 -15 17 20 19 -19 21 -3 23 -18 -25 -20 29 28 -28 -2
right_child=1 16 3 -5 13 9 7 8 -10 -11 -12 -13 -14 15 -16 -17 22 18 25 -21 -22 -23 -24 24 -26 -27 27 -29 -30 -31
leaf_value=0.062790891325826034 -0.0063535638792408221 0.0045890200830271703 0.083332470736881492 -0.067682675787460442 -0.0046564977629972139 -9.4929805411867393e-05 -0.052176861150258685 -0.00050639653818391138 0.007098225044771516 -0.053537987327040015 0.0019988809270502219 0.0096336602938541308 -0.0071554955600076674 0.050544476876607028 -0.060569773166532705 -0.0069987450735237156 -0.0081405027735673412 0.046039264966959842 -0.044170136231586443 0.0036546190609168558 -0.038416292181448375 0.077656427556115792 -0.022290580822204045 0.091336551700783933 0.0086206016123763669 -0.0081336162203385475 0.0088236544836444268 -0.041841737364801374 -0.02375819357210162 0.061333831227351879
leaf_weight=8.1501303389668447 131.27346704760566 3.9475166657939535 4.2825611308217031 4.8087547793984404 10.209794823080303 11.21463603898883 9.2096849046647531 570.11949412152171 660.10494501702487 8.6588754057884199 266.56974213384092 6.9200537204742432 3.7391747198998919 3.8869670554995528 9.5580524206161481 241.24292578175664 133.4031275077723 10.793154762126504 9.9261327460408193 221.18503017304465 2.0345675256103268 7.2931752521544695 43.47003788407892 2.6577789345756164 36.778469973243773 68.454883988015354 26.051554908044636 22.044031899422407 45.328014893922955 3.3049610322341314
leaf_count=48 1590 46 20 31 93 56 68 3106 3564 50 1404 31 25 26 78 1513 1596 80 113 1865 16 55 406 28 388 530 184 253 757 46
internal_value=-0.000243692 -0.0040101 0.00134669 -0.00271698 -0.0021413 0.00309684 0.00351734 0.00315978 0.00357404 -0.02338 0.00344305 0.0378074 0.0407928 -0.00799706 -0.0316914 -0.0060863 -0.00125715 0.00252244 0.000998944 0.00562663 0.0381399 0.0519965 -0.00691202 -0.00304423 0.0141952 -0.0126973 -0.0105295 -0.0189396 -0.0118667 -0.0046913
internal_weight=2586.62 767.946 1818.68 547.479 542.67 1271.2 1251.32 1239.43 1230.22 19.8735 277.772 11.2026 11.8893 264.898 19.7678 245.13 539.944 323.634 310.359 231.978 13.2753 11.2407 216.309 172.839 39.4362 78.381 228.002 93.4236 71.3796 134.578
internal_count=18066 7953 10113 3196 3165 6917 6811 6738 6670 106 1455 51 73 1710 171 1539 5123 2705 2588 1945 117 101 2418 2012 416 643 2830 1194 941 1636
is_linear=0
shrinkage=0.05


Tree=105
num_leaves=31
num_cat=0
split_feature=8 5 8 1 14 12 13 12 13 8 14 8 7 8 0 17 15 17 0 12 1 6 12 15 6 0 12 5 6 12
split_gain=5.0784 4.50616 11.3815 11.9868 11.0685 9.14561 8.3794 10.3071 9.38197 7.92543 7.89539 7.44368 6.5415 6.43956 5.12829 4.64063 6.20203 5.9107 7.13467 6.93326 4.757 5.79974 5.63338 4.4119 4.27192 6.12774 3.89313 3.19985 2.119 1.18262
threshold=40.45000000000001 1.0000000180025095e-35 35.250000000000007 11.500000000000002 37.500000000000007 77.268333333333345 55.654761904761905 38.314583333333339 56.741666666666667 34.550000000000004 42.500000000000007 34.650000000000013 56.750000000000007 35.750000000000007 2009.5000000000002 1408.5000000000002 90.500000000000014 1369.0000000000002 2009.5000000000002 42.451458333333342 2.5000000000000004 7.5000000000000009 39.071153846153855 213.50000000000003 4.5000000000000009 2005.5000000000002 56.743750000000006 1.5000000000000002 5.5000000000000009 82.812500000000014
decision_type=2 2 2 2 2 2 2 2 2 2 2 2 2 2 2 2 2 2 2 2 2 2 2 2 2 2 2 2 2 2
left_child=1 15 6 4 5 -4 7 9 10 -3 -8 -9 -6 14 -5 17 -17 20 19 -19 22 -22 -1 -10 25 -18 -20 -15 -26 -2
right_child=29 2 3 13 12 -7 8 11 23 -11 -12 -13 -14 27 -16 16 24 18 26 -21 21 -23 -24 -25 28 -27 -28 -29 -30 -31
leaf_value=-0.015534752015320487 -0.050971632323859678 -0.026506592722958151 -0.00053408744927549033 0.025617300509511071 -0.039162073896866684 -0.022696269677936181 -0.013224036347065149 0.030828617449979001 -0.0015114371419195146 0.020428438523809673 0.039140947885350733 0.0064068108603778581 0.022205958090495328 -0.054424220625953063 -0.026940368708068575 0.04918030232255996 -0.056926642562895896 -0.011367226837817055 0.016771097462128341 0.0478318740463664 0.00073722133585806622 -0.031175213062152096 0.016092474802645231 0.062885564199431851 -0.053945971030487976 0.0077130380869974841 -0.021084508606077777 -0.0031266920720375655 -0.018291623620760419 0.016502425540917649
leaf_weight=16.618803411722183 5.9992322959005824 25.543793842196465 423.82295692618936 6.653343670070174 32.866650201380253 52.294662328436971 101.56490110605955 66.291010841727257 4.293874226510523 13.882569938898085 7.7474216073751441 58.944924812763929 5.0035087130963793 22.995161959901456 15.347744371742008 3.4582060538232318 4.656124476343396 6.3264836296439197 14.721165779978039 22.664888508617878 1502.4731572372839 14.373537780717013 92.144935004413128 6.9885628297924995 10.151251692324879 17.248807962983847 12.608909800648687 3.5031470395624629 7.0691960398107758 0.72822619648650277
leaf_count=96 425 123 3484 41 271 465 576 358 26 78 40 372 36 182 107 24 24 30 72 100 9919 239 634 34 58 88 60 30 59 37
internal_value=-0.000282659 -0.00016919 -0.003154 -0.00727972 -0.00503761 -0.00296828 0.00498134 0.0123151 -0.00503228 -0.00998012 -0.00951271 0.019334 -0.031054 -0.0310412 -0.0110464 0.0012981 -0.0150027 0.0017108 0.017635 0.0349135 0.00115909 0.000434821 0.0112599 0.0383773 -0.0206757 -0.00602681 -0.000693835 -0.0476426 -0.0393094 -0.0436678
internal_weight=2578.99 2572.26 847.744 562.487 513.988 476.118 285.257 164.662 120.595 39.4264 109.312 125.236 37.8702 48.4994 22.0011 1724.52 42.5836 1681.93 56.3214 28.9914 1625.61 1516.85 108.764 11.2824 39.1254 21.9049 27.3301 26.4983 17.2204 6.72746
internal_count=18088 17626 6223 4616 4256 3949 1607 931 676 201 616 730 307 360 148 11403 253 11150 262 130 10888 10158 730 60 229 112 132 212 117 462
is_linear=0
shrinkage=0.05


Tree=106
num_leaves=31
num_cat=0
split_feature=9 12 17 17 1 12 13 8 12 16 16 16 16 17 17 17 13 16 9 13 12 6 16 15 9 9 15 15 15 17
split_gain=8.22671 6.89217 8.26169 7.96099 13.0033 6.29433 6.49031 6.89744 6.93874 7.63486 5.99549 9.47257 5.98686 5.78779 11.9048 12.8692 7.97168 6.15141 5.45879 5.45866 4.80024 7.99727 5.33428 4.7052 4.56 8.61055 11.3217 8.04904 15.9549 11.3472
threshold=483.00000000000006 59.545208333333342 36.000000000000007 11.500000000000002 4.5000000000000009 120.67222222222223 54.822916666666679 33.650000000000013 77.159375000000011 47.500000000000007 42.500000000000007 35.500000000000007 9.5000000000000018 1141.5000000000002 908.00000000000011 886.00000000000011 56.193750000000009 35.500000000000007 525.00000000000011 55.31009615384616 135.42048611111113 4.5000000000000009 22.500000000000004 129.50000000000003 499.00000000000006 511.00000000000006 91.500000000000014 44.500000000000007 36.500000000000007 657.50000000000011
decision_type=2 2 2 2 2 2 2 2 2 2 2 2 2 2 2 2 2 2 2 2 2 2 2 2 2 2 2 2 2 2
left_child=5 24 3 4 23 6 -1 10 9 -9 11 -8 -10 14 15 -4 19 -16 -18 -15 21 22 -7 -3 27 -26 -27 28 29 -2
right_child=1 2 13 -5 -6 20 7 8 12 -11 -12 -13 -14 16 17 -17 18 -19 -20 -21 -22 -23 -24 -25 25 26 -28 -29 -30 -31
leaf_value=0.0030069672248573629 -0.030510384415229515 0.11762614482703999 0.010982619736076704 -0.039581723036170802 -0.030270010039715241 0.062163421244030251 0.012058986946224155 -0.0052181214049765072 -0.0050412585226332889 0.017122130316109145 -0.03384812468658905 0.08576648223735911 -0.025792686233682305 -0.011030978284530773 0.038444777442900743 -0.043952248969727485 -0.026475377066011486 -0.016508801822955908 0.028681213067265149 0.02209946213027851 -0.016621672760781313 0.11774285757188614 -0.041503606982350089 0.029849668253288227 -0.011868931703394533 -0.029258801927199252 0.0069100330077955345 0.0024876220593539264 0.10801342992820183 0.092356779763818189
leaf_weight=326.81773573672399 7.2420630538836104 2.5003780783154061 220.92797894822434 17.193851473275572 8.4883063463494164 2.7690396299585682 29.505432780832052 845.75988793419674 64.673406307585537 40.055415582843125 5.3667890802025786 5.1145790517330161 75.138174411840737 18.62622888199985 54.450550050009042 11.20144340302795 32.056881986558437 5.617800084874033 5.2156582027673712 37.391332841478288 3.3162416927516452 3.1109589114785194 2.2485309541225433 3.9207082134671509 178.43784467596561 24.325341110117733 195.71842316444963 342.05134250270203 5.4684186466038218 2.5375663116574287
leaf_count=2341 61 21 1611 189 97 26 142 6136 562 252 25 21 493 109 329 84 200 42 29 210 24 23 18 49 1207 200 1251 2283 39 14
internal_value=-0.000270901 0.00281905 0.00797433 -0.0163959 0.0103425 -0.00285351 -0.00315704 -0.0050475 -0.00584179 -0.00420792 0.0153253 0.0229481 -0.0161936 0.0100039 0.0134657 0.00833173 -0.000838929 0.0333053 -0.0187572 0.0110834 0.0340752 0.0547582 0.015707 0.0640299 -2.93944e-05 -0.00370701 0.00291165 0.0040721 0.039616 0.00137054
internal_weight=2577.25 1173.37 417.591 32.1032 14.9094 1403.88 1392.43 1065.61 1025.63 885.815 39.9868 34.62 139.812 385.488 292.198 232.129 93.2901 60.0684 37.2725 56.0176 11.4448 8.12853 5.01757 6.42109 755.781 398.482 220.044 357.299 15.248 9.77963
internal_count=18088 8025 2970 356 167 10063 9972 7631 7443 6388 188 163 1055 2614 2066 1695 548 371 229 319 91 67 44 70 5055 2658 1451 2397 114 75
is_linear=0
shrinkage=0.05


Tree=107
num_leaves=31
num_cat=0
split_feature=9 13 15 13 15 13 9 0 6 13 0 16 17 16 13 15 1 3 13 17 13 13 16 1 17 17 16 13 11 11
split_gain=7.42127 5.78032 5.66673 6.81827 7.98256 6.47419 5.56942 5.51684 11.0656 7.1272 5.48151 5.17281 13.0486 16.2801 9.3146 8.74439 7.2735 7.1765 9.4615 8.35245 11.6505 6.54768 5.80303 5.51607 5.14272 6.97633 4.7333 9.20357 7.53738 7.43103
threshold=483.00000000000006 57.379807692307701 466.00000000000006 55.513888888888893 497.50000000000006 55.369318181818194 477.00000000000006 2011.5000000000002 3.5000000000000004 55.870833333333344 2003.5000000000002 22.500000000000004 1141.5000000000002 18.500000000000004 56.968750000000007 82.500000000000014 5.5000000000000009 5.5000000000000009 56.696153846153855 1170.0000000000002 55.160256410256416 56.36038961038961 44.500000000000007 2.5000000000000004 827.50000000000011 964.00000000000011 15.500000000000002 56.759615384615394 44.500000000000007 35.000000000000007
decision_type=2 2 2 2 2 2 2 2 2 2 2 2 2 2 2 2 2 2 2 2 2 2 2 2 2 2 2 2 2 2
left_child=2 11 10 4 -4 6 -6 -5 -9 -10 -1 12 13 16 21 -15 -2 18 -13 23 -21 -14 -20 -19 -3 -26 -12 28 -28 -29
right_child=1 24 3 7 5 -7 -8 8 9 -11 26 17 14 15 -16 -17 -18 19 22 20 -22 -23 -24 -25 25 -27 27 29 -30 -31
leaf_value=0.0034062956146548974 0.011210628168059421 -0.040557639845261534 0.085085551971060977 -0.016906410564420132 0.017969420603978027 0.076315697870053989 -0.027270191023357922 0.067951570416881768 -0.048320065750521765 0.0086578025515575766 -0.0085706286819546042 -0.0027180231580710632 -0.0082058818332607399 0.092430578036590827 0.057126563165725924 0.026070880913042455 1.1765904314745976e-05 -0.048683180166052956 -0.03936840518766907 -0.019614778522791584 0.027242943618973493 -0.041401599454895938 0.0096639435740650571 -0.000205844950616597 0.061081530905569163 -0.029672137302704168 -0.0019774574074993504 0.0059610753496528992 -0.024224899112561982 0.048890812905418586
leaf_weight=220.53423318685964 276.30295483022928 14.320227075368168 4.4309837557375422 35.576319852843881 37.235020602121949 3.9651879146695128 8.3240705225616676 6.8477994203567496 6.5998509600758544 32.590769790578634 532.43385069351643 166.11354351043701 46.291422895155847 5.4045476242899886 4.2868575025349847 60.947595959529281 305.07781183626503 6.1291293939575544 31.710682477802038 16.646151538938284 65.316681711003184 21.873888565227389 7.4524953421205273 137.74652002379298 3.6316122561693174 5.0792699567973614 423.8489803140983 32.770622363779694 41.828726273495704 14.558482755441217
leaf_count=1690 2061 104 26 200 193 23 44 32 40 184 4341 1124 300 24 31 345 2217 48 230 94 343 141 43 871 18 31 2672 210 308 100
internal_value=-0.000260081 0.00267186 -0.0027167 0.00699876 0.0207897 0.015037 0.00970372 -0.00211837 0.00930914 -0.000937489 -0.00375711 0.00316801 0.00576107 0.00801198 -0.0143623 0.031476 0.00533406 -0.00116375 -0.00793017 0.00498661 0.0177264 -0.0188582 -0.0300379 -0.00227099 -0.0221302 0.00816354 -0.00526822 -0.00184075 -0.0039758 0.0191663
internal_weight=2575.88 1174.33 1401.54 135.57 53.9553 49.5243 45.5591 81.6147 46.0384 39.1906 1265.97 1151.3 720.185 647.733 72.4522 66.3521 581.381 431.115 205.277 225.838 81.9628 68.1653 39.1632 143.876 23.0311 8.71088 1045.44 513.007 465.678 47.3291
internal_count=18088 8025 10063 742 286 260 237 456 256 224 9321 7872 5119 4647 472 369 4278 2753 1397 1356 437 441 273 919 153 49 7631 3290 2980 310
is_linear=0
shrinkage=0.05


Tree=108
num_leaves=31
num_cat=0
split_feature=9 12 14 17 14 14 8 12 0 6 12 8 1 16 12 1 9 8 0 15 16 2 16 12 9 14 9 0 0 16
split_gain=6.70035 6.3723 6.56631 7.0047 8.73117 12.0736 6.53594 5.62741 6.0055 6.13415 5.59298 6.56311 7.55914 9.20729 5.50318 7.35799 5.55446 5.07825 6.12137 7.84418 5.6377 7.82576 4.93747 4.72034 4.48742 13.9399 8.36772 8.69227 9.00762 8.09687
threshold=483.00000000000006 53.318750000000009 47.500000000000007 430.00000000000006 10.500000000000002 4.5000000000000009 35.650000000000013 120.67222222222223 2017.5000000000002 4.5000000000000009 77.159375000000011 34.150000000000013 4.5000000000000009 9.5000000000000018 84.282638888888911 2.5000000000000004 487.00000000000006 37.95000000000001 2006.5000000000002 376.00000000000006 46.500000000000007 5.5000000000000009 9.5000000000000018 72.82187500000002 499.00000000000006 37.500000000000007 511.00000000000006 2019.5000000000002 2009.5000000000002 10.500000000000002
decision_type=2 2 2 2 2 2 2 2 2 2 2 2 2 2 2 2 2 2 2 2 2 2 2 2 2 2 2 2 2 2
left_child=7 24 3 14 5 -5 -6 10 9 -9 17 12 -12 -14 16 -16 -3 20 -19 -20 23 -22 -4 -1 25 -2 27 28 -26 -29
right_child=1 2 22 4 6 -7 -8 8 -10 -11 11 -13 13 -15 15 -17 -18 18 19 -21 21 -23 -24 -25 26 -27 -28 29 -30 -31
leaf_value=-0.002113237030331323 -0.00028063516084374555 0.026382650360603239 0.0080224054368977418 0.013763449229503722 -0.017441917279153719 0.060310768935690255 0.0080179477175317728 0.022769034908325023 -0.01110772388669189 0.11908335437727061 -0.047107932314332197 -0.015410585368081245 0.052133871387777322 -0.0065022997894705744 0.039369338083475924 -0.030038668246212586 -0.00037273566119051132 -0.0021195579988448204 -0.036710670667800441 0.017735109895997945 0.034140901797413345 -0.0038037432623088453 -0.06295491152577877 0.015548943628147528 -0.0043161248723042741 0.035936863167756829 0.002270961487813371 -0.01750986865664966 -0.032720676833607146 0.033919305201329339
leaf_weight=1004.7184427175671 254.35318179056048 22.26211054250598 4.1741335690021497 228.60973755270243 36.889926210045815 14.835234193131326 79.601858587935567 4.0499524381011707 4.7465961459092796 2.7933859676122665 4.9769781418144694 150.42976226052269 12.195170594379308 14.843626298010347 4.470333872362974 26.182312586344779 150.78353525139391 63.098555554635823 35.302513008471578 8.1410127179697138 27.033956434577703 27.320816308259964 5.9327690759673715 39.308994378894567 49.254122832324356 29.667050263378769 172.86934694787487 14.533555658534171 64.410656204912812 16.165643903426826
leaf_count=6268 1678 193 32 1529 175 82 491 38 34 19 27 1187 70 67 35 235 1299 852 808 131 143 145 50 274 331 179 1088 101 434 93
internal_value=-0.000249379 0.0025342 0.00630358 0.00701986 0.0112131 0.0166 -4.4531e-05 -0.00258732 0.0321085 0.0620836 -0.00287717 -0.0110356 0.00952058 0.0199441 -0.000389579 -0.0199163 0.00306931 -0.00164184 -0.0120641 -0.0265079 -0.000630885 0.0150685 -0.0336414 -0.00144823 -0.00106271 0.00350243 -0.0051499 -0.0140361 -0.0204122 0.00957181
internal_weight=2573.96 1175 573.742 563.635 359.937 243.445 116.492 1398.96 11.5899 6.84334 1387.37 182.446 32.0158 27.0388 203.698 30.6526 173.046 1204.92 106.542 43.4435 1098.38 54.3548 10.1069 1044.03 601.254 284.02 317.233 144.364 113.665 30.6992
internal_count=18088 8025 4121 4039 2277 1611 666 10063 91 57 9972 1351 164 137 1762 270 1492 8621 1791 939 6830 288 82 6542 3904 1857 2047 959 765 194
is_linear=0
shrinkage=0.05


Tree=109
num_leaves=31
num_cat=0
split_feature=9 12 17 0 17 9 13 11 12 17 9 13 12 16 12 11 12 16 2 17 16 9 13 0 13 16 9 11 9 0
split_gain=6.04886 5.78466 7.24786 9.32095 8.52251 5.28768 12.5816 7.83066 6.47464 6.02214 5.59199 5.20032 7.37211 5.63512 5.21503 5.11591 4.9297 5.18058 4.45259 7.93197 4.43765 4.25313 6.85962 8.11739 3.90553 3.76636 3.68912 12.9465 7.10759 12.1891
threshold=483.00000000000006 59.545208333333342 36.000000000000007 2019.5000000000002 9.5000000000000018 485.00000000000006 55.483333333333341 31.000000000000004 82.812500000000014 486.00000000000006 489.00000000000006 54.822916666666679 120.67222222222223 25.500000000000004 18.805000000000003 62.000000000000007 76.253125000000011 47.500000000000007 5.5000000000000009 11.500000000000002 11.500000000000002 471.00000000000006 54.031250000000007 2006.5000000000002 54.535897435897446 9.5000000000000018 499.00000000000006 57.000000000000007 511.00000000000006 2019.5000000000002
decision_type=2 2 2 2 2 2 2 2 2 2 2 2 2 2 2 2 2 2 2 2 2 2 2 2 2 2 2 2 2 2
left_child=11 26 3 18 -5 6 -4 -8 10 -10 -7 15 14 20 -13 21 17 -16 -3 -20 -14 -1 23 -23 -24 -18 27 -2 29 -28
right_child=1 2 5 4 -6 8 7 -9 9 -11 -12 12 13 -15 16 -17 25 -19 19 -21 -22 22 24 -25 -26 -27 28 -29 -30 -31
leaf_value=0.0056404548293197791 0.0047851765405074439 -0.042608833606766955 0.11318996932858821 0.11650385538503882 -0.0066444665935041503 -0.0082382212451687017 -0.0049260720393136913 0.073979965794791672 -0.023204936897213927 0.0042757625495076692 0.014306203792606895 0.048818599349233993 0.033480376949249324 -0.0092249813080311528 -0.0041875625467801859 0.053538224743706592 -0.0043737956791354204 0.013923142939126474 0.043994189394470397 -0.058292673865646474 0.12477075335087916 0.051544921596196724 -0.027290828924113317 -0.010052978709185902 -0.0020858636373471623 -0.020094284212522715 -0.018064023088151662 -0.064817401888756676 0.0024551902088147015 0.013425714664025834
leaf_weight=240.47608044743538 352.05244136648253 17.942699766252197 4.0001569800078896 2.2794459694996467 3.6618911013938487 31.143903522286564 12.721345668658616 4.1765450350940219 27.410865229088813 73.105021456256509 235.47988419886678 4.5597272720187894 3.0755318230949324 3.3848440274596214 858.40577223990113 4.9380576638504854 69.149885937571526 41.390322330407798 4.6739066368900231 3.1881338302046061 2.3471158817410469 9.4581385366618651 34.035885313525796 12.308847661130129 28.022986778523773 84.853186213877052 137.05119286989793 6.8102501761168233 220.60685387020931 39.613175419159234
leaf_count=1747 2334 197 24 29 41 209 81 27 220 432 1621 28 32 26 6198 33 600 253 47 42 12 64 236 87 195 552 952 63 1451 255
internal_value=-0.00023951 0.00240266 0.00710926 -0.0158604 0.0406025 0.00898845 0.0334525 0.0145766 0.00759592 -0.00321827 0.0116728 -0.00246449 -0.0041593 0.0413962 -0.0045384 0.00302888 -0.00476927 -0.00335448 -0.0288605 0.00251587 0.0729941 0.00225979 -0.00743853 0.0167124 -0.0159094 -0.0130355 -0.000210305 0.00346431 -0.00352965 -0.0110031
internal_weight=2572.32 1175.92 419.784 31.7461 5.94134 388.038 20.898 16.8979 367.14 100.516 266.624 1396.41 1067.17 8.80749 1058.36 329.24 1053.8 899.796 25.8047 7.86204 5.42265 324.302 83.8259 21.767 62.0589 154.003 756.134 358.863 397.271 176.664
internal_count=18088 8025 2970 356 70 2614 132 108 2482 652 1830 10063 7701 70 7631 2362 7603 6451 286 89 44 2329 582 151 431 1152 5055 2397 2658 1207
is_linear=0
shrinkage=0.05


Tree=110
num_leaves=31
num_cat=0
split_feature=0 8 7 6 13 16 14 9 9 14 14 9 8 11 9 13 13 8 9 16 16 13 8 0 9 13 12 9 8 7
split_gain=4.70646 8.35752 6.72907 5.2685 7.8579 10.2341 15.0685 7.2022 8.17678 7.05961 10.7811 8.21617 8.62015 7.9226 6.91907 4.89934 4.75192 7.18602 4.81197 4.75013 7.8267 6.22048 4.40002 9.09697 4.8783 4.36371 3.74671 0.0113171 0.000449788 0.000211811
threshold=2008.5000000000002 39.550000000000004 57.250000000000007 3.5000000000000004 55.939338235294123 2.5000000000000004 22.500000000000004 439.00000000000006 469.00000000000006 30.500000000000004 27.500000000000004 479.00000000000006 34.250000000000007 14.500000000000002 441.00000000000006 54.322916666666679 53.927083333333336 33.650000000000013 429.00000000000006 34.500000000000007 45.500000000000007 55.064583333333339 35.550000000000004 2001.5000000000002 459.00000000000006 54.535897435897446 59.117291666666667 421.00000000000006 39.750000000000007 55.750000000000007
decision_type=2 2 2 2 2 2 2 2 2 2 2 2 2 2 2 2 2 2 2 2 2 2 2 2 2 2 2 2 2 2
left_child=2 3 16 4 5 6 -2 -6 -9 10 14 12 -11 -12 -5 -13 18 -18 27 21 -21 -19 24 -24 -20 -7 -4 -1 29 -3
right_child=1 28 26 9 7 25 -8 8 -10 11 13 15 -14 -15 -16 -17 17 19 22 20 -22 -23 23 -25 -26 -27 -28 -29 -30 -31
leaf_value=-0.05568956339824957 0.0035718176902325878 -0.051101604086695042 0.015960003537990982 -0.021742401296195722 -0.038551867212352653 -0.026200942350222141 0.061466792746321691 0.048856562419792693 0.011229531880067194 0.0038058274550774734 -0.037527580783565287 0.044626828876810229 -0.034169833002237325 0.033518295912328619 -0.0016505805677423065 -0.0056709112069009407 0.050266468136778833 0.013368762165745946 0.031316035192002795 -0.013538001051792318 0.00961990518282675 0.001822935116253103 0.0030443774542240959 -0.052182981636894665 -0.0088105553813505339 -0.0036200969586234603 0.075561170801743155 -0.060507970998882138 -0.050862594000202856 -0.052028007926874537
leaf_weight=2.9999289680272332 51.726712785661221 1.0367681412026271 6.078029837459324 44.607093991711736 5.1148341335356227 25.599148811772466 14.358902063220738 21.008975382894278 46.167045529931784 20.12359581142664 4.4610721655189982 5.0556808970868579 58.048087153583765 32.594612058252096 1087.7204312365502 114.28458101302385 7.9754120111465445 150.52496081683785 11.908486098051069 101.43330672290176 56.981802232563496 518.49207640066743 17.404907323420051 13.044922229833899 20.811150901019573 130.28010618686676 4.6572809331119061 2.0522917360067368 6.0617631915956736 1.5239310180768368
leaf_count=37 357 52 34 380 34 145 77 113 240 102 23 30 407 185 7538 717 34 1151 66 657 340 3871 118 109 113 701 24 16 442 48
internal_value=-0.000419699 -0.00199873 0.00246386 -0.00174387 0.00432508 -0.000337866 0.0161511 0.0186424 0.0229972 -0.00305036 -0.00157359 -0.0117936 -0.0243938 0.0249652 -0.00244208 -0.00354012 0.00199634 0.00303249 -0.0106918 0.00257721 -0.00520812 0.00442068 -0.00693637 -0.0206154 0.00579373 -0.00732842 0.0418167 -0.0576469 -0.0510973 -0.0516529
internal_weight=2584.14 1669.77 914.365 1661.15 294.256 221.965 66.0856 72.2909 67.176 1366.9 1169.38 197.512 78.1717 37.0557 1132.33 119.34 903.629 835.408 68.2217 827.432 158.415 669.017 63.1695 30.4498 32.7196 155.879 10.7353 5.05222 8.62246 2.5607
internal_count=18161 11591 6570 11049 1667 1280 434 387 353 9382 8126 1256 509 208 7918 747 6512 6053 459 6019 997 5022 406 227 179 846 58 53 542 100
is_linear=0
shrinkage=0.05


Tree=111
num_leaves=30
num_cat=0
split_feature=15 12 0 17 15 7 7 15 9 0 6 16 0 11 16 1 11 17 11 11 18 9 9 1 15 9 0 12 15
split_gain=4.26251 5.0505 4.58944 9.10754 6.72156 6.41809 5.76619 6.17616 6.04604 5.71144 5.1321 12.5752 11.1265 8.71808 7.45997 11.6765 6.54251 4.47453 4.43624 4.17465 12.7149 5.46442 3.51202 2.81105 2.7655 4.65605 1.58293 1.13656 0.540108
threshold=19.000000000000004 34.01250000000001 2008.5000000000002 14.500000000000002 28.500000000000004 57.250000000000007 53.500000000000007 102.50000000000001 503.00000000000006 2007.5000000000002 4.5000000000000009 37.500000000000007 2019.5000000000002 53.000000000000007 26.500000000000004 5.5000000000000009 27.000000000000004 827.50000000000011 31.000000000000004 16.500000000000004 3.5000000000000004 439.00000000000006 491.00000000000006 9.5000000000000018 262.00000000000006 483.00000000000006 2023.5000000000002 44.353589743589758 3.5000000000000004
decision_type=2 2 2 2 2 2 2 2 2 2 2 2 2 2 2 2 2 2 2 2 2 2 2 2 2 2 2 2 2
left_child=1 -1 3 9 17 6 8 -8 -5 19 11 13 -13 -6 15 -12 -16 23 26 20 -2 -21 -7 -4 25 -11 27 -3 -29
right_child=2 18 4 5 10 22 7 -9 -10 24 14 12 -14 -15 16 -17 -18 -19 -20 21 -22 -23 -24 -25 -26 -27 -28 28 -30
leaf_value=0.054587899558308797 0.11722624510608939 -0.020797618197524483 -0.018290885365733166 -0.018555177023838219 -0.0015167016596509689 0.061790880414409659 -0.0066165711519008104 0.0042790524046483185 0.042628303673405255 0.12114599293515876 0.0042204711592914879 0.0069132202063118854 0.04104864623964409 -0.034174930034363213 -0.006259402369248334 -0.011739927137102675 -0.023874412378987062 0.080063749797826739 0.031215221477378402 0.078747816373120158 0.016013626635866588 -0.011565960700778602 0.0029440215426328746 0.045260515008251748 0.012117915778355096 0.026454574494471229 -0.0083707224520638227 -0.03062515182069199 -0.059253078195114176
leaf_weight=1.9549914952367569 3.3833322469145051 3.4169738516211572 3.499261739663778 56.075675707310438 729.43786178622395 6.7065890878438932 166.45364402607083 594.92197848064825 4.3510848302394143 3.0499565862119189 307.10349158756435 152.24494144506752 28.311057615093887 21.0240344023332 144.30389456124976 182.81040912261233 83.051008437760174 3.9266291260719299 2.6169637525454155 1.8422908410429979 37.451679702848196 18.427867925725877 4.0765728689730167 3.4610981605947018 2.0209998497739434 2.260229803621769 3.493612226098775 2.0281895804218939 8.7789951628074032
leaf_count=13 32 33 37 439 4511 36 1361 3877 38 33 2420 815 163 153 1047 1635 676 26 27 22 348 186 22 25 20 20 30 35 81
internal_value=-0.000401037 -0.0221715 -0.000211497 0.00266121 -0.00177153 0.00121999 0.000717125 0.00189703 -0.0141496 0.0201949 -0.00203018 0.00041868 0.0122656 -0.00243162 -0.0052088 -0.00173512 -0.012694 0.0373866 -0.0295512 0.0151917 0.0243995 -0.00335763 0.0395438 0.0133106 0.0618964 0.0808415 -0.0385266 -0.0459332 -0.0538805
internal_weight=2582.49 22.2897 2560.2 901.022 1659.17 832.586 821.802 761.376 60.4268 68.4364 1648.29 931.018 180.556 750.462 717.269 489.914 227.355 10.887 20.3347 61.1052 40.835 20.2702 10.7832 6.96036 7.33119 5.31019 17.7178 14.2242 10.8072
internal_count=18161 219 17942 6434 11508 5773 5715 5238 477 661 11420 5642 978 4664 5778 4055 1723 88 206 588 380 208 58 62 73 53 179 149 116
is_linear=0
shrinkage=0.05


Tree=112
num_leaves=31
num_cat=0
split_feature=8 0 17 8 8 17 17 12 8 9 8 9 8 12 6 16 0 9 16 17 14 12 15 9 18 0 8 8 17 13
split_gain=4.61022 4.07612 6.8549 9.90778 6.61957 5.95026 13.4209 8.89286 10.5869 8.05424 5.5258 4.95565 4.94406 4.80009 4.59802 10.2587 8.58829 7.355 7.14268 8.49743 3.65804 3.62839 6.80643 3.1057 2.95693 0.00063105 0.000461178 0.000186362 0.000201348 7.40248e-05
threshold=40.350000000000001 2008.5000000000002 14.500000000000002 37.750000000000007 34.850000000000001 103.50000000000001 107.50000000000001 43.928125000000001 36.45000000000001 475.00000000000006 39.550000000000004 539.00000000000011 33.750000000000007 57.445208333333341 4.5000000000000009 37.500000000000007 2019.5000000000002 449.00000000000006 26.500000000000004 129.50000000000003 31.500000000000004 82.812500000000014 217.50000000000003 443.00000000000006 12.500000000000002 2003.5000000000002 40.45000000000001 39.750000000000007 1014.0000000000001 56.355042016806728
decision_type=2 2 2 2 2 2 2 2 2 2 2 2 2 2 2 2 2 2 2 2 2 2 2 2 2 2 2 2 2 2
left_child=1 2 3 4 -1 7 9 8 -4 -7 14 -9 -8 -6 15 17 -17 -3 19 -16 24 25 -23 -20 -5 26 -2 28 29 -12
right_child=21 10 5 20 13 6 12 11 -10 -11 27 -13 -14 -15 18 16 -18 -19 23 -21 -22 22 -24 -25 -26 -27 -28 -29 -30 -31
leaf_value=-0.046017114009171807 -0.052548450080951742 -0.014735448457613452 -0.024879500119496446 -0.047362443187155427 0.043402162174377659 0.11131340954667449 0.033843355992437894 -0.020124434035881263 0.024711947982879224 0.016001908347342907 -0.051088350426958765 0.04930739182511986 0.0016644784300520153 0.011018552035512354 -0.013577246042571845 0.0065895727264081178 0.035951721564412627 5.6390976111181189e-05 -0.041472559578785796 0.0022835083894767287 0.052093633065302916 -0.052162970382331503 0.22317964978723995 -0.010752607843246159 -0.0040870183923187838 -0.050630456424774629 -0.05126398840885793 -0.05098994578142077 -0.0524954960697466 -0.051711269398374254
leaf_weight=2.8539896458387366 0.93387994077056591 96.346982633695006 15.938029628247021 6.8411766961216989 33.21605122834444 4.4777509048581106 12.149292916059492 84.384489274583757 33.138756576925516 4.3892593495547771 1.1459696656092995 2.6506703570485106 681.92670572828501 17.45688696205616 108.16812546085566 152.43500409834087 29.767363039776683 657.83006172906607 8.5489094201475364 385.06072814855725 1.8353383224457491 0.5875279395841061 0.36319275805726647 218.71742671728134 9.3313732668757421 3.2175216991454363 2.7763958107680082 3.1811134326271713 0.47432637587189663 0.81691204383969296
leaf_count=19 26 672 104 116 231 20 52 829 286 21 59 21 4305 152 1178 789 163 3821 66 2751 23 29 17 1609 119 313 143 186 12 29
internal_value=-0.000383379 -0.000266447 0.00242252 0.01728 0.0280731 0.00115582 0.00300863 -0.00841292 0.00860678 0.0641333 -0.00173926 -0.0180099 0.00222775 0.032246 -0.0015714 0.000739069 0.0113866 -0.00183328 -0.00457416 -0.00119485 -0.0148015 -0.0385729 0.053023 -0.0119082 -0.022393 -0.0511429 -0.0515873 -0.051242 -0.051571 -0.0513476
internal_weight=2580.96 2573.08 910.59 71.5348 53.5269 839.055 702.943 136.112 49.0768 8.86701 1662.49 87.0352 694.076 50.6729 1656.87 936.379 182.202 754.177 720.495 493.229 18.0079 7.87852 0.950721 227.266 16.1725 6.9278 3.71028 5.61832 2.43721 1.96288
internal_count=18161 17633 6298 660 402 5638 4398 1240 390 41 11335 850 4357 383 11049 5445 952 4493 5604 3929 258 528 46 1675 235 482 169 286 100 88
is_linear=0
shrinkage=0.05


Tree=113
num_leaves=31
num_cat=0
split_feature=15 0 17 7 9 7 15 3 15 15 18 15 13 6 15 14 14 9 11 13 13 9 11 15 14 9 12 9 9 18
split_gain=4.05468 3.72635 6.8867 5.99321 5.50998 5.38911 5.38428 4.98587 5.81363 7.62081 5.19343 9.33823 4.68645 4.34228 9.74008 6.32024 9.47127 7.44024 7.05958 6.61064 5.55971 6.3875 5.37449 4.92882 4.45599 3.71354 3.39617 1.86379 1.58116 1.58251
threshold=9.0000000000000018 2008.5000000000002 14.500000000000002 53.500000000000007 503.00000000000006 57.250000000000007 102.50000000000001 8.5000000000000018 123.00000000000001 161.50000000000003 3.5000000000000004 376.00000000000006 55.074175824175832 3.5000000000000004 44.500000000000007 30.500000000000004 27.500000000000004 479.00000000000006 14.500000000000002 54.62916666666667 55.939338235294123 439.00000000000006 31.000000000000004 626.50000000000011 39.500000000000007 507.00000000000006 59.117291666666667 479.00000000000006 477.00000000000006 6.5000000000000009
decision_type=2 2 2 2 2 2 2 2 2 2 2 2 2 2 2 2 2 2 2 2 2 2 2 2 2 2 2 2 2 2
left_child=28 2 7 4 12 6 -5 10 27 -10 11 -2 -4 14 -3 16 19 23 -18 -15 22 -22 -16 -17 -19 -12 -7 -9 29 -1
right_child=1 13 3 5 -6 26 -8 8 9 -11 25 -13 -14 15 20 17 18 24 -20 -21 21 -23 -24 -25 -26 -27 -28 -29 -30 -31
leaf_value=0.024850390712088142 0.018680800558265386 0.068291365671467472 -0.011226110253801094 -0.0060626098325492674 0.039527573782608384 0.012812434069880217 0.0039847582645218789 -0.021063282837550532 0.15221262623874304 0.037638381188272986 0.0095544693070453539 0.13138482339753491 -0.047691467806864465 0.0084704356631243229 0.00088062054544151306 -0.02817087070471341 -0.035994494604632533 -0.013180120416809042 0.031220415158301956 -0.0036348857964503011 -0.044076325392797384 0.018739788485501799 -0.028804026614798778 0.009415305740427057 0.0061487980748813446 -0.032032704758572832 0.06932791034915782 0.037037467198400092 -0.052665283199876005 -0.041280575842755768
leaf_weight=1.7495005223900064 8.8471915367990714 5.7478641998022786 45.258030567318201 171.76987255271524 4.4408918232657006 6.1463399566709978 596.00729590374976 2.6020544618368131 2.3087354265153408 3.9080196255818009 42.166995393577963 2.3198389932513228 10.940964837558566 127.04980700463057 202.79030271852389 66.935443593654782 4.4302362296730271 58.532973695080727 33.044404435902834 1004.1003882377408 4.3137304261326781 65.439584718551487 16.487740370444953 10.029088884592054 60.778618466574699 6.1509875478222957 4.6840506680309772 2.9397303517907858 5.0321112992241979 1.8732945099472997
leaf_count=21 90 35 357 1410 38 34 3877 24 19 36 411 18 91 963 1212 475 24 361 195 7352 30 348 90 51 417 55 24 21 60 22
internal_value=-0.000366695 -0.000251644 0.00231878 0.00105181 -0.0140885 0.00223098 0.00173692 0.0172436 0.0469941 0.0801882 0.0113628 0.0420939 -0.0183253 -0.00166176 0.00384148 -0.00285031 -0.00145592 -0.0111524 0.0232743 -0.00227523 0.00255979 0.0148551 -0.0013514 -0.0232731 -0.00333376 0.00426033 0.0372549 0.00975721 -0.0345321 -0.00934497
internal_weight=2578.83 2570.17 910.491 839.247 60.6399 778.608 767.777 71.2436 11.7585 6.21676 59.485 11.167 56.199 1659.68 294.779 1364.9 1168.62 196.276 37.4746 1131.15 289.031 69.7533 219.278 76.9645 119.312 48.318 10.8304 5.54178 8.65491 3.6228
internal_count=18161 18058 6505 5831 486 5345 5287 674 100 55 574 108 448 11553 1715 9838 8534 1304 219 8315 1680 378 1302 526 778 466 58 45 103 43
is_linear=0
shrinkage=0.05


Tree=114
num_leaves=31
num_cat=0
split_feature=8 15 12 15 8 9 0 17 8 7 8 6 8 12 15 8 1 8 12 7 1 0 8 8 3 9 14 18 8 18
split_gain=4.34114 3.63924 4.64749 4.17203 5.34223 4.76138 3.63492 6.02215 8.12479 5.8521 5.19938 4.18351 3.56806 3.37465 5.89813 3.23126 3.84709 1.45047 2.3558 1.30289 0.0175637 0.000556867 0.000424856 0.00015619 6.27775e-05 5.60526e-05 1.8096e-05 1.84965e-05 6.38026e-06 4.55913e-06
threshold=40.350000000000001 19.000000000000004 34.01250000000001 24.500000000000004 37.050000000000004 485.00000000000006 2008.5000000000002 14.500000000000002 37.650000000000013 53.500000000000007 39.550000000000004 4.5000000000000009 35.850000000000001 82.812500000000014 248.50000000000003 36.150000000000013 9.5000000000000018 37.650000000000013 44.869711538461544 55.750000000000007 4.5000000000000009 2003.5000000000002 40.45000000000001 39.750000000000007 7.5000000000000009 481.00000000000006 15.500000000000002 16.500000000000004 40.45000000000001 19.500000000000004
decision_type=2 2 2 2 2 2 2 2 2 2 2 2 2 2 2 2 2 2 2 2 2 2 2 2 2 2 2 2 2 2
left_child=1 2 -1 4 12 -6 7 8 -5 -9 11 -8 -3 21 -15 16 -4 20 -19 -18 -17 22 -2 -12 25 -24 28 -28 -23 -30
right_child=13 3 15 6 5 -7 10 9 -10 -11 23 -13 -14 14 -16 17 19 18 -20 -21 -22 26 24 -25 -26 -27 27 -29 29 -31
leaf_value=0.052511927971378991 -0.052461632172579611 0.016992411685367786 0.032896511052806131 0.027055846270968378 -0.058888171486631002 0.030846377522326763 0.00075271256426487571 -0.014188909006647486 -0.010997615463965375 0.0023112334679571025 -0.051490053330807466 -0.0043481616589170612 0.0790962841246408 -0.051949212479608556 0.1953299875611797 -0.065382462450235837 -0.0093016112346851736 0.016067992160055052 -0.054820208978634405 -0.061605266615803206 -0.059893911489977664 -0.050785864089210889 -0.051064570541914781 -0.050941363447833787 -0.050718765117032043 -0.051581001725723066 -0.05063880281439527 -0.051147774004120496 -0.050470992996469934 -0.050711419241581603
leaf_weight=1.9684043303132082 0.89520125929266159 4.3864230513572675 3.7534174732863921 50.329596627503633 2.7694145338609806 3.1707761362195015 927.32204070314765 57.804917212575674 19.446833830326796 763.67430918570608 2.2993461368605486 709.52949027251452 4.8922882974147797 0.60065460065379717 0.4028973737731576 2.3447456732392293 2.4439854510128498 2.0026807114481926 2.8256065901368856 2.3217623513191938 3.8525130832567811 0.21178501239046532 1.0443532206118114 2.9752450985834002 0.53727131709456433 1.0574271506629882 0.56946756737306703 0.2600004319101572 1.7962748126592489 0.22149099782109249
leaf_count=11 26 23 24 363 31 28 5388 451 259 5055 99 5523 28 32 14 16 18 22 49 26 36 17 60 183 40 43 53 14 212 17
internal_value=-0.000350415 -0.000238858 -0.0207174 -6.59961e-05 0.0260347 -0.0109893 -0.000222792 0.00234802 0.0164503 0.00115017 -0.00161808 -0.00145837 0.0497373 -0.0380916 0.0473263 -0.0280925 -0.00496427 -0.0459631 -0.0254171 -0.0347827 -0.0619705 -0.0510929 -0.0515204 -0.0511806 -0.0512011 -0.0513244 -0.050599 -0.0507983 -0.0505248 -0.0504974
internal_weight=2577.71 2570.11 21.5131 2548.6 15.2189 5.94019 2533.38 891.256 69.7764 821.479 1642.13 1636.85 9.27871 7.59682 1.00355 19.5447 8.51917 11.0255 4.82829 4.76575 6.19726 6.59327 3.53425 5.27459 2.63905 2.10178 3.05902 0.829468 2.22955 2.01777
internal_count=18161 17633 202 17431 110 59 17321 6128 622 5506 11193 10911 51 528 46 191 68 123 71 44 52 482 169 282 143 103 313 67 246 229
is_linear=0
shrinkage=0.05


Tree=115
num_leaves=25
num_cat=0
split_feature=4 9 9 9 1 15 0 16 15 9 9 1 9 9 5 17 17 13 17 17 0 15 0 3
split_gain=5.19426 4.10238 9.05069 3.90244 5.75329 3.78348 3.27017 5.11222 8.86258 6.52606 4.71745 4.41862 2.67214 2.88443 4.91606 3.34757 3.08022 1.66662 0.920528 0.502018 0.0109955 0.00611924 0.00447177 0.000700435
threshold=11.500000000000002 561.00000000000011 565.00000000000011 549.00000000000011 4.5000000000000009 106.50000000000001 2006.5000000000002 37.500000000000007 553.50000000000011 465.00000000000006 413.00000000000006 3.5000000000000004 455.00000000000006 473.00000000000006 1.0000000180025095e-35 237.00000000000003 483.50000000000006 55.792857142857152 989.00000000000011 827.50000000000011 2010.5000000000002 43.500000000000007 2013.5000000000002 5.5000000000000009
decision_type=2 2 2 2 2 2 2 2 2 2 2 2 2 2 2 2 2 2 2 2 2 2 2 2
left_child=5 3 -3 6 -5 19 10 9 -9 -8 23 -12 20 16 15 -15 -14 -18 22 21 -7 -1 -6 -2
right_child=1 2 -4 4 18 12 7 8 -10 -11 11 -13 13 14 -16 -17 17 -19 -20 -21 -22 -23 -24 -25
leaf_value=-0.054224257561099033 -0.053850802519451395 0.10370436825498835 -0.0042401614655447218 0.028718361502655915 -0.065223349816501089 -0.041540276884205099 -0.0071246249476146911 0.0078576467620475998 -0.022503233984080717 0.00051026764228987245 0.016258671424525774 0.0028424869731791154 -0.022910150473023357 0.036089527900957902 -0.053509011784874189 -0.011243288470147153 0.057360744780343878 0.012494188736594931 -0.029337238955450057 -0.030839699187675568 -0.037374997403721702 -0.057878755290285536 -0.068282596076395266 -0.055287691095540284
leaf_weight=1.9144803043454874 1.5456877220422023 3.0970645342022163 5.2061352115124464 2.9688615128397924 2.4269182281568646 3.1504665389657012 374.51536276284605 304.27447297004983 26.098173630423844 1107.7483443911187 68.217082187533379 611.59843170130625 3.5128142945468417 4.4959423579275635 5.9519751854240885 22.084130985662341 3.7963030487298948 4.5512220934033394 2.5106488801538944 3.2134865447878838 3.1873573698103428 2.8516596630215645 2.3522975370287895 1.8793264683336017
leaf_count=33 28 20 38 19 25 19 2830 1899 148 7828 557 4316 25 33 37 123 19 24 19 24 21 29 16 25
internal_value=0.000592443 0.000935712 0.0360228 0.000819464 -0.0299557 -0.0141092 0.000945958 -0.000165199 0.00545925 -0.0014188 0.00389386 0.00418875 -0.00907509 -0.00473916 -0.0124347 -0.00323708 0.0163691 0.0328987 -0.0538512 -0.046113 -0.0394455 -0.0564108 -0.0667291 -0.0546392
internal_weight=2573.15 2514.44 8.3032 2506.14 10.2587 58.7098 2495.88 1812.64 330.373 1482.26 683.241 679.816 50.7302 44.3924 32.532 26.5801 11.8603 8.34753 7.28986 7.97963 6.33782 4.76614 4.77922 3.42501
internal_count=18155 17768 58 17710 79 387 17631 12705 2047 10658 4926 4873 301 261 193 156 68 43 60 86 40 62 41 53
is_linear=0
shrinkage=0.05


Tree=116
num_leaves=31
num_cat=0
split_feature=4 8 8 15 11 0 0 3 15 8 0 12 12 16 16 11 8 8 14 16 12 0 13 13 15 15 8 1 11 11
split_gain=4.73421 6.07766 4.88219 6.61245 5.16687 7.41917 10.2598 6.09406 8.10949 6.0913 4.82611 4.62043 12.032 4.97007 12.361 6.1709 3.75137 6.67941 3.44552 3.30043 6.8843 7.89533 7.57894 3.22302 9.76285 6.05626 2.9043 6.18125 1.59397 1.28407
threshold=11.500000000000002 33.750000000000007 37.150000000000013 20.500000000000004 16.500000000000004 2000.5000000000002 2003.5000000000002 5.5000000000000009 66.000000000000014 37.650000000000013 2006.5000000000002 43.928125000000001 42.892857142857146 34.500000000000007 32.500000000000007 51.500000000000007 34.050000000000004 34.350000000000001 44.500000000000007 47.500000000000007 42.115833333333342 2012.5000000000002 56.20714285714287 55.828431372549026 741.50000000000011 741.50000000000011 35.750000000000007 10.500000000000002 15.500000000000002 31.000000000000004
decision_type=2 2 2 2 2 2 2 2 2 2 2 2 2 2 2 2 2 2 2 2 2 2 2 2 2 2 2 2 2 2
left_child=1 -1 10 -4 7 29 -7 9 -9 -5 11 12 18 14 -13 -15 -3 -18 -2 23 21 -21 -22 24 -12 -25 27 -19 -28 -6
right_child=2 16 3 4 5 6 -8 8 -10 -11 19 13 -14 15 -16 -17 17 26 -20 20 22 -23 -24 25 -26 -27 28 -29 -30 -31
leaf_value=0.040090046983165595 0.0096482299468701512 -0.061765079830744807 -0.045998344048149509 0.0018969349140932443 -0.06360829208293349 0.013639858939449155 -0.013941457964763877 0.025364357046629701 0.00085045153125914725 -0.026201118541899989 -0.001192974356042902 0.0030397009714424146 0.088541001306239209 -0.014899367622197316 0.042326097855079042 0.040990213078668042 0.03105137425582858 0.04831606768599616 0.048216251613275807 0.012991735894465971 0.01051989162173155 -0.064361064095945927 0.059990854360427517 0.0016125803412285783 -0.036526784320364374 0.024777898456404018 -0.0057104930914805624 -0.021633793779529772 -0.04820270663356771 -0.029996681495201807
leaf_weight=4.8437305260449639 117.58682351559401 4.5617371052503577 8.7994348397478444 38.960657006129622 6.2285060957074148 45.643186894245446 129.04150672163814 37.857091094367206 310.00328414957039 38.200623549986631 624.37140272744 226.33937828615308 5.2913391590118399 52.998428519815207 21.965076111257076 5.446406014263629 6.9473015498369923 3.6399094425141838 6.0907781869173041 8.3291342556476575 30.06880185008049 5.4621375799179068 10.426417421549557 731.31684070266783 20.181385278701782 29.346410259604454 2.7246113400906316 23.865291897207499 11.617214870639144 5.2254179120063782
leaf_count=24 615 25 132 346 48 437 1794 390 3115 756 3641 1358 29 268 98 27 36 23 29 38 152 28 51 4113 98 136 28 155 96 69
internal_value=0.000561825 -0.0135364 0.000888051 -0.00296355 -0.00234393 -0.00929087 -0.00673476 0.000698483 0.00351826 -0.0120137 0.00214797 0.00676581 0.0147065 0.00342725 0.00651499 -0.00969108 -0.0184047 -0.014351 0.0115476 0.000769372 0.0128664 -0.0176444 0.0232573 0.000302039 -0.0022993 0.0025063 -0.0218886 -0.012377 -0.0401302 -0.0482743
internal_weight=2573.38 58.1998 2515.18 619.96 611.16 186.139 174.685 425.022 347.86 77.1613 1895.22 435.718 128.969 306.749 248.304 58.4448 53.3561 48.7943 123.678 1459.5 54.2865 13.7913 40.4952 1405.22 644.553 760.663 41.847 27.5052 14.3418 11.4539
internal_count=18155 387 17768 7087 6955 2348 2231 4607 3505 1102 10681 2424 673 1751 1456 295 363 338 644 8257 269 66 203 7988 3739 4249 302 178 124 117
is_linear=0
shrinkage=0.05


Tree=117
num_leaves=27
num_cat=0
split_feature=8 15 8 15 15 1 12 2 11 13 17 11 5 8 12 8 15 7 15 17 17 8 18 11 17 3
split_gain=4.2405 3.79395 3.36797 5.15556 7.755 5.12047 10.1642 8.92558 8.60685 8.12546 6.89592 4.82114 2.98312 2.91271 2.75996 2.07912 1.44818 1.42032 2.22688 0.303151 0.0174211 0.00115401 0.000305157 8.2992e-05 2.81391e-05 1.27927e-05
threshold=40.45000000000001 7.5000000000000009 37.150000000000013 27.500000000000004 33.500000000000007 3.5000000000000004 36.389732142857149 5.5000000000000009 62.000000000000007 56.193750000000009 153.50000000000003 25.000000000000004 1.0000000180025095e-35 33.550000000000004 46.305803571428577 36.050000000000004 1.5000000000000002 53.500000000000007 251.50000000000003 440.00000000000006 186.00000000000003 36.95000000000001 19.500000000000004 13.500000000000002 1253.5000000000002 5.5000000000000009
decision_type=2 2 2 2 2 2 2 2 2 2 2 2 2 2 2 2 2 2 2 2 2 2 2 2 2 2
left_child=1 16 3 11 14 6 19 8 -7 -9 -8 12 -3 -6 -5 -13 -1 18 -2 -4 21 -18 23 -19 25 -25
right_child=17 2 5 4 13 7 10 9 -10 -11 -12 15 -14 -15 -16 -17 20 22 -20 -21 -22 -23 -24 24 -26 -27
leaf_value=-0.0026275303837989812 -0.050645578492499135 -0.011815092399125145 -0.064002659139260634 -0.0063967060427607067 0.013062679809913533 0.0027096005770632292 -0.0094503642061178911 -0.0043162680961044376 -0.056052726097624107 -0.023554930669200946 0.021711948664832496 0.084518546763980407 0.031183342626078876 0.0013403185666567103 -0.064018468615828716 0.030545994609714123 -0.055115255967117138 -0.051312827203006506 0.14185225786147107 -0.041122838251624223 -0.061197983383751015 -0.052991497648135315 -0.051766136864468182 -0.050486339591783558 -0.051107544686011669 -0.050698955449353447
leaf_weight=1.8050586339086283 0.36207521753385563 7.9657090492546603 3.5408788081258527 3.1612233147025091 54.545089289546013 283.09320939844474 24.971106960903853 141.91806093696505 6.3716584276407948 89.491441910155118 61.417090008035302 3.8099954873323432 8.1717700883746147 1860.6637230962515 6.0652844291180372 3.3560445457696915 1.529315801337362 0.59764967206865538 0.25679366895928979 2.4491204814985394 1.3598448801785705 1.099530756473541 0.93421661481261242 1.0368815551046289 0.34290834423154581 2.2269501152914017
leaf_count=23 35 46 28 18 246 3000 325 1563 100 1011 577 18 52 10533 44 23 21 31 12 26 14 27 39 125 21 197
internal_value=0.000531939 0.000628082 0.000719514 0.00173694 0.00145387 -0.00251192 0.00833701 -0.004436 0.00141613 -0.0117563 0.0127043 0.0251137 0.00995865 0.00167417 -0.0442759 0.0592418 -0.0397872 -0.0423304 0.0292295 -0.0546478 -0.0566036 -0.054227 -0.0509487 -0.0507671 -0.0506767 -0.0506314
internal_weight=2572.54 2566.79 2560.99 1947.74 1924.44 613.253 92.3782 520.874 289.465 231.41 86.3882 23.3035 16.1375 1915.21 9.22651 7.16604 5.79375 5.75748 0.618869 5.99 3.98869 2.62885 5.13861 4.20439 3.60674 3.26383
internal_count=18155 17695 17610 10980 10841 6630 956 5674 3100 2574 902 139 98 10779 62 41 85 460 47 54 62 48 413 374 343 322
is_linear=0
shrinkage=0.05


Tree=118
num_leaves=25
num_cat=0
split_feature=4 9 9 15 9 1 6 9 13 9 16 9 6 15 15 15 13 18 13 7 2 18 16 11
split_gain=4.33607 3.7073 7.97943 3.59317 3.55458 5.3125 2.98747 4.88196 9.65601 2.92983 2.79535 2.59114 2.69654 3.1483 4.77869 2.54542 2.0747 1.84384 1.77576 0.854792 0.778045 0.0603906 0.0128606 0.000111075
threshold=11.500000000000002 561.00000000000011 565.00000000000011 106.50000000000001 549.00000000000011 4.5000000000000009 7.5000000000000009 463.00000000000006 55.935416666666676 413.00000000000006 16.500000000000004 455.00000000000006 5.5000000000000009 385.00000000000006 213.50000000000003 7.5000000000000009 56.322916666666679 15.500000000000002 56.514705882352949 55.750000000000007 5.5000000000000009 10.500000000000002 1.5000000000000002 17.500000000000004
decision_type=2 2 2 2 2 2 2 2 2 2 2 2 2 2 2 2 2 2 2 2 2 2 2 2
left_child=3 4 -3 19 6 -6 9 8 -8 17 -9 21 13 14 -13 -11 -14 -2 -15 -1 -7 -5 23 -21
right_child=1 2 -4 11 5 20 7 10 -10 15 -12 12 16 18 -16 -17 -18 -19 -20 22 -22 -23 -24 -25
leaf_value=-0.02304289029239243 -0.045532366065877031 0.097028190912907819 -0.0039562793083730025 -0.043211959327602543 0.026691843721858701 -0.066264717918779845 -0.054955796021291296 -0.045910206440933597 0.085211507548581839 -0.03596956976987039 -0.0043440899102928756 0.01749467698294388 -0.064505771481244298 0.043186979595731138 -0.024516411395498931 0.0011463905093383282 -0.0043387332262937103 0.020382643949601136 0.00051098154763514934 -0.055702555537118684 -0.032390292356873539 -0.033332841081686611 -0.06053487141080989 -0.055033440133523584
leaf_weight=2.7814044617116442 5.2746814452111712 3.1401168839074654 5.1881114058196545 3.2150794938206664 3.0074329013004881 4.2242450164631009 2.1307646934874382 10.651573131326588 2.9022857961244881 4.6280022463761261 6.5211181533522895 11.306758709251882 3.0089980438351622 5.7304904982447606 16.866019129753113 2462.5957912364975 2.7351548802107573 1.3280765372328458 4.2419830448925495 1.2162548853084447 2.8312615435570478 2.9814835786819458 2.3279511481523514 1.2656581476330755
leaf_count=27 83 20 38 20 19 37 35 211 38 68 89 68 23 27 93 17087 27 20 23 20 23 20 19 20
internal_value=0.000504052 0.000814978 0.0341194 -0.0130507 0.000704301 -0.0289528 0.000823866 -0.017434 0.025871 0.000987753 -0.030126 -0.00819216 -0.00391896 0.000890386 -0.00765584 0.00107677 -0.0358564 -0.0322742 0.0250339 -0.0451065 -0.0526715 -0.0384586 -0.0578653 -0.0553613
internal_weight=2572.1 2514.42 8.32823 57.6772 2506.1 10.0629 2496.03 22.2057 5.03305 2473.83 17.1727 50.086 43.8894 38.1453 28.1728 2467.22 5.74415 6.60276 9.97247 7.59127 7.05551 6.19656 4.80986 2.48191
internal_count=18155 17768 58 387 17710 79 17631 373 73 17258 300 301 261 211 161 17155 50 103 50 86 60 40 59 40
is_linear=0
shrinkage=0.05


Tree=119
num_leaves=31
num_cat=0
split_feature=4 15 6 12 12 15 17 12 17 17 11 15 11 15 6 15 17 14 14 16 16 7 15 17 14 7 17 17 15 15
split_gain=3.95186 3.41185 2.89666 6.21843 6.39662 2.45724 2.27242 2.26016 7.54676 17.3458 6.24981 4.32681 5.25735 4.92135 2.02864 2.05082 3.89135 4.93113 3.97262 3.56104 2.50126 1.93474 1.81744 1.4035 0.935977 0.850051 0.0127965 0.0122477 0.00258585 0.000189754
threshold=11.500000000000002 106.50000000000001 7.5000000000000009 32.583689839572202 87.702521008403366 7.5000000000000009 11.500000000000002 53.318750000000009 908.00000000000011 886.00000000000011 46.500000000000007 189.50000000000003 68.000000000000014 206.00000000000003 5.5000000000000009 213.50000000000003 666.50000000000011 22.500000000000004 26.500000000000004 10.500000000000002 29.500000000000004 57.750000000000007 1.5000000000000002 827.50000000000011 23.500000000000004 55.750000000000007 827.50000000000011 186.00000000000003 38.500000000000007 4.5000000000000009
decision_type=2 2 2 2 2 2 2 2 2 2 2 2 2 2 2 2 2 2 2 2 2 2 2 2 2 2 2 2 2 2
left_child=1 25 5 -4 6 22 -5 11 9 -9 -10 12 -7 -13 15 19 17 -17 -18 -3 -21 -8 -2 24 -16 -1 28 29 -27 -24
right_child=2 14 3 4 -6 7 21 8 10 -11 -12 13 -14 -15 23 16 18 -19 -20 20 -22 -23 27 -25 -26 26 -28 -29 -30 -31
leaf_value=-0.022260147688119361 0.011358763364537819 -0.026659079255609338 0.05418539655610103 0.031664227153786098 0.06910402651994145 -0.0035491373038726323 -0.045391100258809873 0.0011870601321208923 0.0055766088066935881 -0.035542105595206659 0.023799804067459063 0.017388640131669696 -0.06415002878384056 0.00089709825480149179 -0.037425870747960069 -0.033179371101273489 -0.0040827052118564992 0.044376394282360093 -0.04743141351148368 0.062085453855680844 0.0077416262512163495 0.018457222056214403 -0.05354863670230503 -0.064548143227852808 0.0094545670962694391 -0.053540671038893151 -0.060453981484898778 -0.060398557764803219 -0.056688448985957429 -0.054540238144811015
leaf_weight=2.7364138029515734 1.4267665371298779 3.8728465549647799 2.6754088972229537 1.1692271018400848 1.5853002252988506 518.49537413241342 15.335008206078784 747.24407403310761 379.80987833580002 33.589863201137632 53.702246112283319 48.346861956175417 3.6037698164582244 703.47752340324223 2.3905488378368309 3.1744436360895651 12.593101762235166 5.7838181406259537 9.1076634749770147 3.7056065835058671 4.9402138963341713 1.2859874367713917 0.95187817886471771 2.3547166250646114 1.9196454696357248 1.2864025309681895 1.9978484846651552 1.2535825446248052 1.323862489312887 0.97830538637936115
leaf_count=27 17 27 19 27 28 3797 291 6002 2258 267 322 335 25 4315 26 21 64 36 45 21 28 11 24 18 15 27 16 14 16 16
internal_value=0.000477873 -0.012519 0.00077341 -0.0172689 -0.0271355 0.000933004 -0.0357114 0.00100058 0.00254402 -0.000392953 0.00783405 -0.000470686 -0.00396743 0.0019576 -0.00783091 -0.00386777 -0.0108309 0.0168938 -0.0222759 0.0131854 0.0310334 -0.0404511 -0.0355354 -0.0335056 -0.0165466 -0.0443342 -0.0574423 -0.0565504 -0.0551371 -0.0540512
internal_weight=2572.12 57.1871 2514.93 22.0509 19.3755 2492.88 17.7902 2488.27 1214.35 780.834 433.512 1273.92 522.099 751.824 49.8426 43.1777 30.659 8.95826 21.7008 12.5187 8.64582 16.621 4.61053 6.66491 4.31019 7.34453 4.60811 3.18377 2.61027 1.93018
internal_count=18155 387 17768 376 357 17392 329 17321 8849 6269 2580 8472 3822 4650 301 242 166 57 109 76 49 302 71 59 41 86 59 54 43 40
is_linear=0
shrinkage=0.05


Tree=120
num_leaves=24
num_cat=0
split_feature=8 9 17 8 9 11 17 15 9 11 17 16 11 13 13 16 15 7 0 1 11 17 0
split_gain=4.99268 4.88397 4.44848 3.63947 4.26358 3.45939 4.11237 5.91113 5.03057 3.24944 10.7764 9.21498 3.24495 6.28857 3.34287 2.03777 1.41495 0.224636 0.000316098 0.000219475 4.33986e-05 1.36478e-05 6.5412e-06
threshold=33.250000000000007 465.00000000000006 934.00000000000011 40.45000000000001 425.00000000000006 68.000000000000014 1014.0000000000001 74.500000000000014 471.00000000000006 62.000000000000007 335.50000000000006 17.500000000000004 53.000000000000007 56.968750000000007 55.781746031746039 2.5000000000000004 216.00000000000003 56.750000000000007 2002.5000000000002 3.5000000000000004 13.500000000000002 225.00000000000003 2006.5000000000002
decision_type=2 2 2 2 2 2 2 2 2 2 2 2 2 2 2 2 2 2 2 2 2 2 2
left_child=1 -1 15 5 -5 9 7 -7 -8 12 16 -12 14 -14 -2 -3 -11 -9 19 -6 -20 -21 -22
right_child=3 2 -4 4 18 6 8 17 -10 10 11 -13 13 -15 -16 -17 -18 -19 20 21 22 -23 -24
leaf_value=-0.0093678913730844537 -0.0015953136240573415 0.046146578383404864 0.077590120987595129 0.17433467580919834 -0.05196612574592796 0.023287741608693447 -0.027545606583646964 -0.0505268210788977 0.046949236059982274 -0.0080743158509303716 0.08550705139698786 0.01273491333885046 -0.012206591064203487 0.061487340181290873 0.0021337897835306896 -0.00093895162102922657 -0.059932336186728864 -0.065920905473426689 -0.051131051184444387 -0.050714466704457187 -0.05064107842631576 -0.051082683626221273 -0.050472357982270372
leaf_weight=7.3190546333789852 1148.0456696576439 4.133781820535658 5.2338477820157996 0.2192341536283483 0.90006359200924624 2.9484008513391045 5.1048738062381727 5.0602585952728969 4.0754920691251755 1.993376880884173 6.2042054878547814 14.556841236539183 81.755543954670429 3.0011319853365412 1261.1330862306058 5.1738001629710197 3.8673312421888113 4.4571568146348 0.32419213885441456 0.52226363401859976 0.80222963448613915 0.48566320817917585 2.0233447670470923
leaf_count=33 7779 18 23 8 33 30 31 60 19 32 58 125 535 37 8825 24 36 28 21 41 72 27 248
internal_value=0.000151102 0.0239442 0.040711 -5.30722e-05 -0.0415337 3.30314e-05 -0.0198701 -0.0385724 0.00552531 0.000203957 0.01758 0.034482 1.84749e-05 -0.00959718 0.000356761 0.0199732 -0.0422941 -0.0577361 -0.0508908 -0.0513986 -0.0505831 -0.0508919 -0.0505203
internal_weight=2569.34 21.8605 14.5414 2547.48 5.27699 2542.2 21.6462 12.4658 9.18037 2520.56 26.6218 20.761 2493.94 84.7567 2409.18 9.30758 5.86071 9.51742 5.05776 1.90799 3.14977 1.00793 2.82557
internal_count=18143 98 65 18045 450 17595 168 118 50 17427 251 183 17176 572 16604 42 68 88 442 101 341 68 320
is_linear=0
shrinkage=0.05


Tree=121
num_leaves=25
num_cat=0
split_feature=8 9 9 8 9 11 6 9 15 11 14 15 6 16 15 0 9 15 8 18 18 12 11 0
split_gain=4.51827 4.42283 3.90702 3.43408 4.45743 3.17795 4.11936 3.90331 4.1756 2.9182 10.3378 10.7699 3.45558 6.29128 4.50987 2.18518 1.6428 0.0473599 0.00676838 0.00278588 0.000345305 0.000108393 5.22734e-05 3.24733e-05
threshold=33.250000000000007 465.00000000000006 471.00000000000006 40.45000000000001 419.00000000000006 68.000000000000014 4.5000000000000009 471.00000000000006 240.00000000000003 62.000000000000007 33.500000000000007 407.00000000000006 4.5000000000000009 8.5000000000000018 282.00000000000006 2016.5000000000002 449.00000000000006 190.50000000000003 37.050000000000004 7.5000000000000009 19.500000000000004 60.085763888888899 13.500000000000002 2003.5000000000002
decision_type=2 2 2 2 2 2 2 2 2 2 2 2 2 2 2 2 2 2 2 2 2 2 2 2
left_child=1 -1 -3 5 -5 9 16 19 -9 12 11 -11 14 -14 -2 -4 -7 -18 -12 -8 22 -22 -6 -24
right_child=3 2 15 4 20 6 7 8 -10 10 18 -13 13 -15 -16 -17 17 -19 -20 -21 21 -23 23 -25
leaf_value=-0.0089128934961190606 0.0035469983123777417 0.080305197760328337 0.046369457461040473 0.1856912623851299 -0.051093507009169793 -0.017198538502382937 -0.034309775997010135 -0.013723674783057055 0.06254815273475077 0.0096914219414110502 -0.060445422155696628 0.089094264143160809 0.0023153232484918922 -0.0054770246319032186 -0.0024519377352501723 0.00055467377639817339 -0.057023236194642404 -0.066268296544035155 -0.056290405380582137 -0.03201793985434636 -0.051137491534176606 -0.052194353643907766 -0.050758730696071092 -0.050440032701160868
leaf_weight=7.3083347529172924 973.23223209893331 4.0745747089385977 5.0090623795986158 0.20766865648329158 0.54694269597530398 3.2635293826460856 2.7766952067613584 3.6962665189057589 3.4875749796628952 17.061192101798959 1.8926778435707086 5.6963500380516043 452.05271560093388 606.61446478031576 462.0306266346015 5.417570985853672 2.6301916390657425 2.926664412021637 2.0328050050884485 2.537933386862278 0.46112966956570733 0.51195187168195844 1.3231789274141195 2.0187998511828482
leaf_count=33 6184 18 22 6 33 34 21 26 15 186 15 24 4152 4343 2497 25 37 16 26 19 26 18 104 263
internal_value=0.000142835 0.0228039 0.0387886 -5.12079e-05 -0.0411617 3.07835e-05 -0.0191927 -0.000729063 0.0233044 0.000193372 0.0166408 0.0295664 1.73977e-05 -0.00214968 0.00161586 0.0225646 -0.0453557 -0.0618924 -0.0582938 -0.0332153 -0.0508512 -0.0516935 -0.0506404 -0.0505662
internal_weight=2568.81 21.8095 14.5012 2547 5.06967 2541.93 21.3189 12.4985 7.18384 2520.61 26.683 22.7575 2493.93 1058.67 1435.26 10.4266 8.82039 5.55686 3.92548 5.31463 4.862 0.973082 3.88892 3.34198
internal_count=18143 98 65 18045 450 17595 168 81 41 17427 251 210 17176 8495 8681 47 87 53 41 40 444 44 400 367
is_linear=0
shrinkage=0.05


Tree=122
num_leaves=24
num_cat=0
split_feature=8 9 17 8 9 11 0 8 17 17 13 13 17 17 0 17 9 7 6 18 11 8 0
split_gain=4.08696 4.00286 4.14095 3.24108 3.74253 2.92467 4.27525 16.365 5.319 3.0444 8.19364 7.31118 5.01123 4.70705 8.28656 4.57812 1.77213 0.186555 0.00267605 0.000296955 4.49647e-05 4.01327e-05 2.79253e-05
threshold=33.250000000000007 465.00000000000006 934.00000000000011 40.45000000000001 419.00000000000006 68.000000000000014 2004.5000000000002 36.95000000000001 1014.0000000000001 1141.5000000000002 56.514705882352949 56.759615384615394 1170.0000000000002 934.00000000000011 2004.5000000000002 886.00000000000011 483.00000000000006 56.750000000000007 4.5000000000000009 19.500000000000004 13.500000000000002 41.350000000000001 2003.5000000000002
decision_type=2 2 2 2 2 2 2 2 2 2 2 2 2 2 2 2 2 2 2 2 2 2 2
left_child=1 -1 16 5 -5 9 7 -7 17 13 12 -12 -11 15 -15 -2 -3 -8 -9 20 -6 -21 -22
right_child=3 2 -4 4 19 6 8 18 -10 10 11 -13 -14 14 -16 -17 -18 -19 -20 21 22 -23 -24
leaf_value=-0.0084796463185103834 0.00078804504692143746 0.038711714475358233 0.072996561665640641 0.15114816827545688 -0.051039579340925789 0.13014088973854746 -0.049517430484335989 -0.05338431577089963 0.00091413452287822752 -0.010978479499411142 -0.029584965632813751 -0.0031441567393180416 0.0025526634535132675 -0.025049810695739329 0.0090095386025207894 -0.0092593168063883225 -0.0048714928375409106 -0.064046256517554842 -0.056478287683630307 -0.051900326273734587 -0.050721366161661945 -0.051237358074085852 -0.050418436494359287
leaf_weight=7.2979216575622585 1560.4897996569052 4.7019826769828779 5.1359628438949576 0.24135775398462911 0.52080383244901929 2.0495083928108242 4.265628997236492 1.693102702498436 7.1632308214902869 85.224984200671315 49.768679700791836 55.077529177069664 347.1179268443957 19.06743872910738 281.6285672141239 122.25926133710891 4.6280644461512566 4.5836574882268906 1.190147751942277 0.52051435923203815 1.2595505416393282 0.40657681645825505 1.9211436402983961
leaf_count=33 11710 21 23 6 33 9 42 36 36 531 308 339 1969 117 1617 836 21 31 14 21 104 23 263
internal_value=0.000135094 0.0217102 0.0369407 -4.93037e-05 -0.0408002 2.87795e-05 -0.0185779 0.0221219 -0.0311157 0.000183392 -0.00315558 -0.0156952 -0.000114644 0.00108771 0.0068498 5.80592e-05 0.0170928 -0.0570429 -0.0546614 -0.0508093 -0.0506089 -0.0516096 -0.0505384
internal_weight=2568.21 21.7639 14.466 2546.45 4.86995 2541.58 20.9453 4.93276 16.0125 2520.63 537.189 104.846 432.343 1983.45 300.696 1682.75 9.33005 8.84929 2.88325 4.62859 3.7015 0.927091 3.18069
internal_count=18143 98 65 18045 450 17595 168 59 109 17427 3147 647 2500 14280 1734 12546 42 73 50 444 400 44 367
is_linear=0
shrinkage=0.05


Tree=123
num_leaves=26
num_cat=0
split_feature=8 9 17 8 9 17 13 16 17 13 9 16 16 17 8 13 14 9 13 7 16 18 8 17 6
split_gain=3.70378 3.63411 3.8386 3.05794 3.24005 2.40414 7.53243 8.40924 6.96829 9.0015 6.18248 5.8376 12.5852 9.36409 8.91133 7.89896 6.00601 5.64612 5.19059 4.53705 1.87816 0.000255527 3.45288e-05 2.06145e-05 1.24238e-05
threshold=33.250000000000007 465.00000000000006 934.00000000000011 40.45000000000001 419.00000000000006 1141.5000000000002 56.514705882352949 33.500000000000007 1369.0000000000002 56.788888888888899 459.00000000000006 28.500000000000004 36.500000000000007 412.00000000000006 34.150000000000013 56.458041958041967 37.500000000000007 463.00000000000006 54.677083333333336 56.750000000000007 2.5000000000000004 19.500000000000004 41.350000000000001 1253.5000000000002 4.5000000000000009
decision_type=2 2 2 2 2 2 2 2 2 2 2 2 2 2 2 2 2 2 2 2 2 2 2 2 2
left_child=1 -1 20 5 -5 11 7 17 9 -8 -10 13 16 14 -2 -15 -13 -7 -14 -9 -3 23 -23 24 -6
right_child=3 2 -4 4 21 6 8 19 10 -11 -12 12 18 15 -16 -17 -18 -19 -20 -21 -22 22 -24 -25 -26
leaf_value=-0.008067121293900718 0.019018097035980168 0.041131660566406922 0.070289946240680884 0.12713525825979199 -0.050623192876634561 -0.019583125136076303 -0.039586048156650851 0.00085387290464748885 0.058020256963772027 -0.0052439657112819523 -0.0043498717679859291 -0.012517114601333104 0.018631575774357322 0.0036293613440055907 -0.0024744379461498775 0.016225724836128389 -0.045589294967071599 -0.0019092389932250675 -0.00078416577511735807 0.015674341126930721 -0.003977003436052162 -0.05180634670079081 -0.05117628715732217 -0.050951670579989596 -0.050422962950487996
leaf_weight=7.2878220826387432 51.236414788290858 4.1812058538198453 5.0687485039234152 0.27170847728848357 1.85910967970267 62.035071827471256 39.068778803572059 122.01949441153556 4.8017369378358152 37.296440699137747 23.029110990464687 138.59775656834245 40.406007004901767 535.32659020833671 821.62636643927544 162.15646234247833 15.236983157694338 166.39753381442279 232.47561103478074 89.531553998589516 5.1495111659169197 0.49600409856066097 0.38719770824536681 0.33572997711598862 1.3281632771249858
leaf_count=33 291 18 23 6 191 395 256 673 23 238 130 1034 258 3206 7009 996 118 1015 1491 462 24 21 23 23 186
internal_value=0.00012755 0.0207029 0.035264 -4.77207e-05 -0.0404364 2.66267e-05 -0.0029195 -5.68111e-05 -0.0150076 -0.0228135 0.00641103 0.000829416 -0.00435643 0.00223859 -0.00121284 0.00655787 -0.0157928 -0.00670891 0.00209075 0.00712612 0.0162367 -0.0507697 -0.0515301 -0.050579 -0.0505398
internal_weight=2567.61 21.6873 14.3995 2545.92 4.67791 2541.24 544.18 439.984 104.196 76.3652 27.8308 1997.06 426.716 1570.35 872.863 697.483 153.835 228.433 272.882 211.551 9.33072 4.4062 0.883202 3.523 3.18727
internal_count=18143 98 65 18045 450 17595 3192 2545 647 494 153 14403 2901 11502 7300 4202 1152 1410 1749 1135 42 444 44 400 377
is_linear=0
shrinkage=0.05


Tree=124
num_leaves=26
num_cat=0
split_feature=11 13 17 11 12 13 9 12 9 9 17 3 14 17 13 12 17 13 17 17 14 9 16 7 16
split_gain=2.91161 3.98019 4.79524 2.67245 4.17512 6.89618 4.60032 3.29724 3.20924 3.50312 3.44949 3.12665 5.65023 2.73845 10.5312 6.67144 6.08117 8.02306 5.59858 5.25743 2.72776 1.26943 0.813715 0.182807 0.261243
threshold=68.000000000000014 55.654761904761905 1014.0000000000001 12.500000000000002 31.989010989010993 56.968750000000007 435.00000000000006 18.805000000000003 489.00000000000006 455.00000000000006 84.500000000000014 5.5000000000000009 2.5000000000000004 1141.5000000000002 56.514705882352949 49.925000000000004 934.00000000000011 56.355042016806728 886.00000000000011 1369.0000000000002 39.500000000000007 451.00000000000006 12.500000000000002 56.750000000000007 25.500000000000004
decision_type=2 2 2 2 2 2 2 2 2 2 2 2 2 2 2 2 2 2 2 2 2 2 2 2 2
left_child=3 21 23 4 5 8 22 -5 9 -1 -10 20 -13 16 15 -15 18 -18 -9 -16 -8 -2 -6 24 -3
right_child=1 2 -4 7 6 -7 11 13 10 -11 -12 12 -14 14 19 -17 17 -19 -20 -21 -22 -23 -24 -25 -26
leaf_value=0.0050150692815991594 -0.0094409792276182927 -0.061932332222092261 -0.0011697410159811361 0.045870668659416677 -0.046368953726623877 0.05569865228769353 0.0090797752117359621 0.00022227037190807844 -0.034359675351751093 -0.021441264282435979 0.015924836024591243 0.011977955719409371 0.044143301535083015 -0.0082606546393401946 -0.025612666341021953 0.0050406778542582617 0.0022534291615024945 0.021268141549119806 -0.011397180992424399 0.00088948604476472089 -0.028345475924710858 0.042485487318233872 -0.0093448198155524961 -0.063238104934336042 -0.036659499950158707
leaf_weight=18.912958268076181 2.0014695897698429 1.9355567675083856 7.4035734832286826 3.8777266703546038 3.3747751647606483 4.8496204186230889 31.732661578804255 1455.2900181151927 4.0024643056094673 36.971465488895774 23.062623778358102 46.461281600408256 19.334714036434889 152.08003237983212 69.788358822464943 247.9882848742418 206.18908809544519 75.895026887767017 111.61983618978411 25.569687750190496 5.7511371448636046 2.857156147249043 2.6488281488418579 4.417708121240139 2.1676984280347824
leaf_count=97 31 22 38 31 28 35 182 11355 23 189 112 318 104 928 469 1463 1189 469 788 145 28 32 16 31 20
internal_value=0.000120021 -0.0185187 -0.0306048 0.000272205 0.00586434 -0.00225518 0.0123864 -0.000197166 -0.00564343 -0.0124877 0.00848862 0.0148637 0.02143 -0.000273363 -0.00357465 -1.56263e-05 0.000611195 0.00736936 -0.000605449 -0.0185063 0.00333762 0.0210948 -0.0300879 -0.05618 -0.048581
internal_weight=2566.18 20.7832 15.9245 2545.4 197.103 87.7991 109.303 2348.3 82.9495 55.8844 27.0651 103.28 65.796 2344.42 495.426 400.068 1848.99 282.084 1566.91 95.358 37.4838 4.85863 6.0236 8.52096 4.10326
internal_count=18143 174 111 17969 1132 456 676 16837 421 286 135 632 422 16806 3005 2391 13801 1658 12143 614 210 63 44 73 42
is_linear=0
shrinkage=0.05


Tree=125
num_leaves=31
num_cat=0
split_feature=0 8 11 17 12 15 18 15 15 13 13 13 9 12 8 12 13 9 9 16 8 15 15 13 11 18 13 11 17 15
split_gain=4.88053 6.56977 4.32096 6.47671 3.64528 7.18953 7.35192 6.50375 13.0111 10.3095 7.27529 6.75192 8.93734 6.23482 5.74274 5.02083 4.92493 5.29968 9.08591 6.9522 5.18939 4.02389 3.35784 6.59366 9.03802 5.64046 5.18648 8.4981 5.29213 4.97733
threshold=2003.5000000000002 39.350000000000001 14.500000000000002 1073.5000000000002 56.907986111111107 414.00000000000006 9.5000000000000018 287.50000000000006 251.50000000000003 56.464102564102568 55.763888888888893 54.940972222222229 471.00000000000006 40.981349206349215 35.650000000000013 27.0425 53.927083333333336 439.00000000000006 435.00000000000006 44.500000000000007 35.150000000000013 466.00000000000006 120.50000000000001 56.060661764705891 16.500000000000004 17.500000000000004 56.38194444444445 25.000000000000004 115.00000000000001 121.50000000000001
decision_type=2 2 2 2 2 2 2 2 2 2 2 2 2 2 2 2 2 2 2 2 2 2 2 2 2 2 2 2 2 2
left_child=4 22 3 -3 7 16 -7 8 9 15 14 -10 -13 -12 -9 -1 20 18 -18 -19 -6 -15 23 24 25 -2 27 -25 -28 -24
right_child=1 2 -4 -5 5 6 -8 10 11 -11 13 12 -14 21 -16 -17 17 19 -20 -21 -22 -23 29 26 -26 -27 28 -29 -30 -31
leaf_value=-0.029071815163590253 -0.0051127293374799657 -0.025376478591374253 -0.047012621006105704 0.14976487034637781 0.028707377811894787 0.11904344164563407 0.024709580828179298 0.0048397991831348949 -0.024129515280074273 -0.063994128416533208 0.069156940971338801 0.096118728393620831 0.023852992417366214 0.013632787619118542 -0.044972962495733196 0.00578875888097198 0.01708337549970753 0.005155803630369377 0.11827324142196201 0.059149786199250654 -0.043236770263164491 -0.055798698588949674 0.049436685713614453 0.0018562672546050746 -0.023057329652947888 0.034975972857351045 -0.025252626878362067 0.038439835352154464 0.0010923858095862394 0.00044983890786884964
leaf_weight=11.029984910972415 136.74772659689188 1.8674643954727792 11.849066181341184 0.73585513932630409 3.5862786956131449 2.9806620581075531 6.7262960504740477 8.1422664225101489 3.1338516417890814 5.8355800136923781 3.712624453008174 7.6322048483416465 9.7364016957581025 7.1555645326152426 19.993851189501584 162.45919731399044 8.0288937361910921 93.198407458141446 3.0653138384222975 6.3691422631964079 8.3246886618435365 2.9458549190312624 5.2007909864187232 54.486184476874769 84.84459875524044 9.3758497536182386 23.756517559289932 22.400273620150983 96.468860471621156 1746.2627195138484
leaf_count=67 1063 72 747 19 23 20 45 38 18 35 19 43 61 49 134 1160 72 801 20 42 64 18 38 407 699 79 229 201 685 11105
internal_value=0.000302281 -0.000597739 -0.0341978 0.024129 0.00558126 0.0122544 0.0536762 0.00193032 0.00568769 0.00137367 -0.0159677 0.0434202 0.0556084 0.013749 -0.0305577 0.00357242 0.00897403 0.0122622 0.045042 0.00860969 -0.0215751 -0.00661537 -0.00037494 -0.00434462 -0.0100772 -0.00254048 0.00237261 0.0125146 -0.00411338 0.0005953
internal_weight=2568.05 2194 14.4524 2.60332 374.057 132.28 9.70696 241.777 199.827 179.325 41.9502 20.5025 17.3686 13.814 28.1361 173.489 122.573 110.662 11.0942 99.5675 11.911 10.1014 2179.54 428.08 230.968 146.124 197.112 76.8865 120.225 1751.46
internal_count=18073 15344 838 91 2729 1087 65 1642 1384 1262 258 122 104 86 172 1227 1022 935 92 843 87 67 14506 3363 1841 1142 1522 608 914 11143
is_linear=0
shrinkage=0.05


Tree=126
num_leaves=26
num_cat=0
split_feature=15 12 7 15 17 6 15 13 15 11 15 17 15 11 12 13 11 9 18 9 9 16 6 1 5
split_gain=2.70903 4.23058 6.50946 7.4097 17.1202 5.62419 4.20295 3.98546 3.81715 3.73076 7.64953 5.52232 4.89842 7.86077 4.91841 2.95411 2.88637 2.33206 5.69331 3.58419 5.10406 2.55302 2.51119 1.27145 0.636788
threshold=120.50000000000001 32.40801282051283 52.500000000000007 110.50000000000001 386.50000000000006 5.5000000000000009 121.50000000000001 57.656250000000007 66.000000000000014 14.500000000000002 100.50000000000001 117.50000000000001 114.50000000000001 23.000000000000004 72.82187500000002 56.63068181818182 27.000000000000004 561.00000000000011 9.5000000000000018 549.00000000000011 545.00000000000011 19.500000000000004 4.5000000000000009 5.5000000000000009 1.0000000180025095e-35
decision_type=2 2 2 2 2 2 2 2 2 2 2 2 2 2 2 2 2 2 2 2 2 2 2 2 2
left_child=1 2 -1 5 -5 16 24 9 -7 10 15 -12 13 -11 -14 -3 -4 19 -19 20 22 -22 -8 -21 -2
right_child=6 7 3 4 -6 8 17 -9 -10 12 11 -13 14 -15 -16 -17 -18 18 -20 23 21 -23 -24 -25 -26
leaf_value=0.058303336673257523 0.02807977885427931 -0.0065396705250997285 -0.028821412980375029 -0.053439896473518739 0.073875802011330788 0.051468874617982309 0.0024936197962173402 -0.063867830398861861 -0.028924792699154152 -0.0053918369015565452 -0.020308654942287466 0.047297644249185734 -0.021884957170660357 0.0096476951287090534 0.013745771362221618 0.028917395746399472 -0.064113989629457455 -0.022354879360409897 0.070659604507053941 -0.013495837017023267 0.071740937222151815 0.013787275009569184 -0.0011235056125713226 -0.05574588737424449 0.062620887633627872
leaf_weight=2.8403994198888531 2.6489002676680675 39.435630064923316 31.327634512446821 4.7060309946537 6.015985943377018 3.4092202596366397 1102.8444023188204 2.5323274582624427 2.6044897846877575 267.77079682145268 3.672054081689569 17.024842971004546 52.8222885299474 128.61479905201122 11.859966631047426 6.9025873951613894 7.1076769055798641 2.8957786508835843 3.8092439109459519 3.5899220407009116 3.6974592106416813 3.9098536930978298 849.40279574249871 3.5332194063812494 2.6887071481905878
leaf_count=20 18 295 207 35 33 24 6496 17 21 2274 34 113 435 1170 91 46 49 21 22 26 21 24 6531 27 23
internal_value=0.00028488 -0.00269299 -0.0155129 -0.0193132 0.0179953 -0.0283127 0.00117063 -0.00129146 0.016651 -0.000991397 0.0100301 0.0353029 -0.00259382 -0.000511976 -0.0153518 -0.00125795 -0.0353479 0.0010508 0.0304883 0.000950453 0.00107913 0.0419551 0.000919846 -0.0344527 0.0454791
internal_weight=2567.67 588.647 58.0114 55.171 10.722 44.449 1979.02 530.635 6.01371 528.103 67.0351 20.6969 461.068 396.386 64.6823 46.3382 38.4353 1973.68 6.70502 1966.98 1959.85 7.60731 1952.25 7.12314 5.33761
internal_count=18073 4864 389 369 68 301 13209 4475 45 4458 488 147 3970 3444 526 341 256 13168 43 13125 13072 45 13027 53 41
is_linear=0
shrinkage=0.05


Tree=127
num_leaves=31
num_cat=0
split_feature=0 8 11 17 6 11 15 13 17 13 9 11 15 15 12 12 15 15 15 13 13 13 9 9 12 8 12 13 8 9
split_gain=4.47294 6.15708 4.07994 5.06991 3.7417 8.10896 6.28784 6.05558 7.91014 7.15615 5.71829 9.68074 6.11883 5.65828 5.79822 3.24289 6.28618 5.95788 11.4359 9.69732 6.689 5.93169 7.5224 5.69171 5.47562 5.39922 4.63827 4.41997 4.79053 4.63336
threshold=2003.5000000000002 39.350000000000001 14.500000000000002 1073.5000000000002 3.5000000000000004 16.500000000000004 19.000000000000004 56.355042016806728 1369.0000000000002 56.440972222222229 465.00000000000006 46.500000000000007 21.500000000000004 60.500000000000007 40.000000000000007 56.907986111111107 414.00000000000006 287.50000000000006 251.50000000000003 56.31009615384616 55.763888888888893 54.940972222222229 471.00000000000006 467.00000000000006 40.981349206349215 35.650000000000013 27.0425 53.927083333333336 35.150000000000013 439.00000000000006
decision_type=2 2 2 2 2 2 2 2 2 2 2 2 2 2 2 2 2 2 2 2 2 2 2 2 2 2 2 2 2 2
left_child=15 4 3 -3 5 13 -6 8 -7 -9 11 -8 -12 -2 -15 17 27 18 19 26 25 -20 -23 -18 -22 -19 -1 28 -17 -29
right_child=1 2 -4 -5 6 7 10 9 -10 -11 12 -13 -14 14 -16 16 23 20 21 -21 24 22 -24 -25 -26 -27 -28 29 -30 -31
leaf_value=-0.027413984621778048 0.043321599688850937 -0.024776372143267722 -0.046760708104483933 0.1235397330735768 -0.05009564772361829 -0.0069048454982484318 -0.0034866049691612321 0.079945308536855789 -0.065124968359587948 0.0025066965932600115 0.075979888562493408 -0.026975493177926503 0.00025747126099871895 -0.0057193627356826298 0.011935733587573586 0.027062363483693525 -0.0067865671235289573 0.0046365199677938567 -0.023241419575339387 -0.044932790817566431 0.064213476681025394 0.087961168986704863 0.022429239638438361 0.075308668794112257 -0.0062904926887760717 -0.043800412561530847 0.006461515024470516 0.041924281061543806 -0.042047753837076707 0.0081561836037402809
leaf_weight=10.795751456171272 11.569599790498613 1.829098517308011 11.324729355517773 0.84116295957937826 6.5912562254816285 109.23226724565029 371.15442334767431 4.1137057468295088 6.1633383557200423 10.857296794652937 2.6730913184583178 49.744729584082961 1357.4676566487178 61.863395415246487 187.31319327652454 3.6303546614944926 3.0551563343033177 8.1527400091290492 3.103948529809716 10.635554237291215 3.791919916868209 7.9114888571202782 9.8081608768552524 6.8338706232607365 10.059923228807746 19.548511108383536 157.86605331208557 11.307671867310999 8.1070969421416503 99.942342344205827
leaf_count=67 81 72 747 19 76 624 2678 28 29 52 18 366 9138 333 1083 23 26 38 18 73 19 43 61 39 67 134 1122 92 64 843
internal_value=0.000269282 -0.000593281 -0.0336516 0.0219449 -0.000380934 0.00404892 -0.00135013 -0.00613295 -0.0100144 0.0237851 -0.00116974 -0.00626268 0.000406289 0.0091396 0.00755248 0.005319 0.0115934 0.00186923 0.00544654 0.00137322 -0.0153592 0.0405191 0.051688 0.0499458 0.0130099 -0.029545 0.0042932 0.00850961 -0.0206722 0.0115884
internal_weight=2567.29 2192.74 13.995 2.67026 2178.74 391.113 1787.63 130.367 115.396 14.971 1781.04 420.899 1360.14 260.746 249.177 374.551 132.876 241.674 200.121 179.297 41.5531 20.8236 17.7196 9.88903 13.8518 27.7013 168.662 122.987 11.7375 111.25
internal_count=18073 15344 838 91 14506 2230 12276 733 653 80 12200 3044 9156 1497 1416 2729 1087 1642 1384 1262 258 122 104 65 86 172 1189 1022 87 935
is_linear=0
shrinkage=0.05


Tree=128
num_leaves=31
num_cat=0
split_feature=0 8 11 9 6 11 18 5 8 9 12 12 14 7 14 9 6 8 7 12 12 14 13 14 14 2 9 11 8 7
split_gain=4.0218 5.7677 3.8873 4.73034 3.37087 7.29789 5.87075 6.83732 6.15502 5.13936 9.48099 13.9811 7.52272 4.70651 4.67235 4.01742 3.78088 3.09268 4.25315 3.30676 5.74872 5.09995 3.84056 9.29936 4.5587 3.05705 2.64415 1.51119 0.000522583 0.00022928
threshold=2003.5000000000002 39.350000000000001 14.500000000000002 493.00000000000006 3.5000000000000004 16.500000000000004 17.500000000000004 1.0000000180025095e-35 34.650000000000013 465.00000000000006 47.587500000000013 41.403333333333343 32.500000000000007 56.750000000000007 49.500000000000007 423.00000000000006 7.5000000000000009 33.95000000000001 50.500000000000007 56.907986111111107 57.539423076923086 45.500000000000007 56.464102564102568 34.500000000000007 42.500000000000007 5.5000000000000009 541.00000000000011 17.500000000000004 39.750000000000007 55.750000000000007
decision_type=2 2 2 2 2 2 2 2 2 2 2 2 2 2 2 2 2 2 2 2 2 2 2 2 2 2 2 2 2 2
left_child=17 4 3 -3 5 13 8 -8 -7 10 11 -6 -12 15 16 -2 -11 -1 -19 22 25 -22 24 -24 -20 -21 28 -16 29 -4
right_child=1 2 26 -5 9 6 7 -9 -10 14 12 -13 -14 -15 27 -17 -18 18 19 20 21 -23 23 -25 -26 -27 -28 -29 -30 -31
leaf_value=0.059789801183204032 -0.038811509607667188 -0.051755552926932472 -0.051074660788455073 0.080674274705720528 -0.0077085941675058686 0.0020758947660738654 0.022163729747250168 -0.020975321627450576 -0.02488873440474668 0.00071025412397848807 -0.0093575580593596077 0.021820365663368278 -0.037173392347245635 0.060147182300375128 -0.017697668111138456 0.0086119646324840215 -0.023992791554904119 -0.058728119814328753 0.0042905838104907827 0.12663989673762338 0.0080076092053150624 0.063981611873666078 -0.061576255115224514 0.034694930520648641 -0.035298731797316976 0.027188819390130937 0.08579143763052241 -0.061907820885769731 -0.05075729886026617 -0.051738322923314123
leaf_weight=2.5614318698644629 4.5461085215210906 1.2381937853060656 2.217252916656431 1.4806770822033284 112.93719317577779 36.919182762503624 30.394149042665958 13.162961486726998 49.589027833193541 1342.3028213074431 218.11898702662438 62.141331813298166 27.355424577370286 4.3624062165617934 4.1108932159841052 252.84150471538305 15.670137105509637 2.6275869738310567 218.95592717593536 1.6055285325273863 125.34513544617221 4.2059757951647034 7.054950909689067 3.8923716992139816 7.5212908573448649 1.4896984472870827 0.36495060892775733 3.648373257368803 5.0970122662838548 3.1506808251142502
leaf_count=11 45 57 119 34 743 176 156 78 323 8905 1676 436 199 22 25 1430 262 28 1503 27 1006 28 45 19 48 14 25 30 482 121
internal_value=0.000253753 -0.000565193 -0.033087 0.0203648 -0.000362892 0.00383699 -0.00584335 0.00912711 -0.013381 -0.00128412 -0.00611717 0.00277224 -0.0124573 0.00864721 0.000204132 0.00777435 0.000425197 0.00503669 0.00466039 0.00511046 0.0114338 0.00982485 0.0015777 -0.0273466 0.00297583 0.0787752 -0.0465062 -0.0384851 -0.0511199 -0.0514642
internal_weight=2566.91 2191.65 13.5488 2.71887 2178.1 391.815 130.065 43.5571 86.5082 1786.29 420.553 175.079 245.474 261.75 1365.73 257.388 1357.97 375.26 372.698 370.071 132.646 129.551 237.425 10.9473 226.477 3.09523 10.8299 7.75927 10.4649 5.36793
internal_count=18073 15344 838 91 14506 2230 733 234 499 12276 3054 1179 1875 1497 9222 1475 9167 2729 2718 2690 1075 1034 1615 64 1551 41 747 55 722 240
is_linear=0
shrinkage=0.05


Tree=129
num_leaves=31
num_cat=0
split_feature=0 8 17 9 8 17 12 17 12 0 9 17 17 12 12 12 9 6 17 14 0 17 17 0 17 0 12 12 8 8
split_gain=3.61909 5.40305 3.5734 3.70751 3.58922 3.06036 3.04859 3.09146 4.6223 6.43453 7.80833 4.27842 15.2146 10.4669 7.97721 6.89068 3.95825 3.02384 5.44712 5.41374 5.00032 4.94957 4.86343 4.68201 2.07769 0.543507 0.423118 2.28401 0.000282056 0.000221951
threshold=2003.5000000000002 39.350000000000001 1073.5000000000002 493.00000000000006 39.650000000000013 1.5000000000000002 23.890064102564107 6.5000000000000009 42.683639705882364 2001.5000000000002 495.00000000000006 105.50000000000001 107.50000000000001 44.254292929292937 39.271282051282057 45.639236111111117 511.00000000000006 3.5000000000000004 1369.0000000000002 30.500000000000004 2008.5000000000002 1141.5000000000002 6.5000000000000009 2013.5000000000002 1327.5000000000002 2002.5000000000002 39.670378151260515 39.071153846153855 40.250000000000007 39.750000000000007
decision_type=2 2 2 2 2 2 2 2 2 2 2 2 2 2 2 2 2 2 2 2 2 2 2 2 2 2 2 2 2 2
left_child=6 5 26 -4 -5 -2 -1 8 -8 10 -10 13 -13 14 -9 -14 -15 21 19 -19 -20 22 -7 -23 -6 -11 27 29 -28 -3
right_child=1 2 3 4 24 17 7 11 9 25 -12 12 15 16 -16 -17 -18 18 20 -21 -22 23 -24 -25 -26 -27 28 -29 -30 -31
leaf_value=0.051454293677504315 -0.058666737102868585 -0.051915632266571581 -0.051569201921858966 0.14611450413188673 -0.051397933308474898 -0.036164857741117849 -0.015486136736059581 -0.0051290097907462908 -0.022246906749658187 0.10137608206642537 0.08857904054831213 0.091807986862148749 -0.0053922030805913035 -0.022831983086654115 0.0413799408510813 0.01158182700533106 0.017877441466941899 -0.00063401870454017628 0.027816247969795305 -0.0086504073386363557 0.0027271920802681556 0.0011459821605587562 0.0075013318501011049 -0.024268001186467131 0.10635307255307867 0.068620723885836801 -0.051248019614864117 0.090766400745612402 -0.050530825545675707 -0.050670926727669978
leaf_weight=3.4648332074284545 2.2470889203250399 0.91172853764146455 1.174144045915454 0.74596630223095395 0.64458000077866018 6.5136114172637454 5.0787015035748508 21.040844429284334 5.2035543434321863 2.4643463334068656 2.2882338650524616 5.1481066495180121 97.877857888583094 54.160839323420078 16.410525904037058 153.65102137904614 6.7109587341547003 1444.9091496216133 29.154966987669468 246.54704827163368 62.289049696177244 54.984832335263491 303.25776027515531 27.032811727374792 0.30868177721276879 2.6052827481180429 6.6772030321881157 0.34782759915105987 1.7250553895719347 0.58985942625440657
leaf_count=28 25 36 67 15 51 50 35 153 56 21 19 22 585 564 137 1028 61 10175 151 1584 344 280 1753 144 8 20 353 13 237 58
internal_value=0.000239144 -0.000538989 -0.0325231 0.0167559 0.0639677 -0.000346153 0.00477022 0.00433614 0.0247662 0.0410407 0.0116029 0.00332096 0.00671825 -0.00554779 0.0152504 0.00497669 -0.0183439 -0.000285891 -0.00115989 -0.00180249 0.0107263 0.00369141 0.00658316 -0.0072304 -0.000315574 0.0845431 -0.0463351 -0.0246838 -0.0511008 -0.0514267
internal_weight=2566.17 2190.06 13.125 2.87337 1.69923 2176.94 376.105 372.64 17.6401 12.5614 7.49179 355 256.677 98.3232 37.4514 251.529 60.8718 2174.69 1782.9 1691.46 91.444 391.789 309.771 82.0176 0.953262 5.06963 10.2517 1.84942 8.40226 1.50159
internal_count=18073 15344 838 141 74 14506 2729 2701 151 116 75 2550 1635 915 290 1613 625 14481 12254 11759 495 2227 1803 424 59 41 697 107 590 94
is_linear=0
shrinkage=0.05


Tree=130
num_leaves=31
num_cat=0
split_feature=4 8 15 14 0 9 9 8 1 15 0 0 2 14 8 7 18 16 9 5 2 15 14 17 7 14 14 17 8 8
split_gain=3.10526 8.6582 3.47347 3.88202 3.6037 3.19623 3.97867 2.62276 4.92604 5.11952 3.85132 4.56559 6.61245 3.69345 12.6488 3.69078 3.4621 3.05617 3.50254 2.43204 5.70104 7.10698 10.8372 4.47006 3.73673 3.59565 5.29228 3.56029 3.2331 3.12386
threshold=11.500000000000002 33.45000000000001 402.50000000000006 41.500000000000007 2012.5000000000002 479.00000000000006 467.00000000000006 38.750000000000007 3.5000000000000004 318.00000000000006 2006.5000000000002 2002.5000000000002 5.5000000000000009 33.500000000000007 39.050000000000004 56.750000000000007 17.500000000000004 35.500000000000007 485.00000000000006 1.0000000180025095e-35 5.5000000000000009 778.00000000000011 37.500000000000007 9.5000000000000018 53.500000000000007 37.500000000000007 23.500000000000004 2.5000000000000004 38.350000000000001 37.95000000000001
decision_type=2 2 2 2 2 2 2 2 2 2 2 2 2 2 2 2 2 2 2 2 2 2 2 2 2 2 2 2 2 2
left_child=1 -1 3 5 -4 6 -3 19 9 17 11 15 -13 16 -15 -10 -12 18 -9 24 21 22 -21 -22 25 26 -2 -26 -29 -25
right_child=7 2 4 -5 -6 -7 -8 8 10 -11 13 12 -14 14 -16 -17 -18 -19 -20 20 23 -23 -24 29 27 -27 -28 28 -30 -31
leaf_value=0.064490521091155009 -0.01625195430699734 -0.031695488649989986 -0.016450339326807818 0.030458747770487817 0.036531669409869856 -0.041796030374950388 0.020021876721498789 0.012244091205507276 -0.031689158431140889 -0.041734406968431649 -0.044647146940945369 0.040218215055990554 -0.019792207502397366 0.18901329800059341 -0.052328774042861792 0.015305654043049545 0.0047105700522143776 -0.033053573256446978 0.06231848653428354 0.0037346578269208176 -0.035866487113162114 0.047772091510787346 -0.024816922033290261 -0.0039116301071568608 0.049941024212227077 -0.06472677289479567 0.047518205504143318 0.0021355584752504628 0.015963810637113031 -0.026964083039668241
leaf_weight=3.5437620636075726 27.999968438409272 9.5669075194746238 7.6139450483024103 3.0303847044706336 5.5481155570596457 19.891009065089747 6.0836329944431773 7.9916481133550459 16.674660159740601 3.3600866752676657 18.981765863252811 10.367904076119885 8.2375591923482716 0.82110151275992338 1.6023740565869955 5.5746639389544717 4.3708842303603879 1.9222528222016979 6.2024535527452826 434.75592656992376 12.243932992219923 8.4665334373712522 35.986147940158844 294.06141059286892 3.9669295325875273 3.1659014150500289 3.6812169365584841 1545.0753594329581 43.458154277876019 15.468990433961151
leaf_count=17 258 75 39 20 36 150 39 151 289 68 757 220 157 16 76 76 156 31 118 3037 116 43 255 1860 33 27 21 9212 496 229
internal_value=0.000605661 -0.0111169 -0.016296 -0.0238641 0.00588281 -0.0284959 -0.0115921 0.000863371 -0.0077122 0.0144076 -0.0141779 -0.00462964 0.0136486 -0.0293118 0.0294407 -0.0199144 -0.0354089 0.0261126 0.0341253 0.00116746 -0.00108798 0.00236862 0.00155202 -0.00623578 0.00227758 -0.0139193 -0.00884214 0.002632 0.00251386 -0.00506369
internal_weight=2569.72 55.2778 51.734 38.5719 13.1621 35.5415 15.6505 2514.44 86.1074 19.4764 66.6309 40.8548 18.6055 25.7761 2.42348 22.2493 23.3527 16.1164 14.1941 2428.33 800.983 479.209 470.742 321.774 1627.35 34.8471 31.6812 1592.5 1588.53 309.53
internal_count=18078 376 359 284 75 264 114 17702 2115 368 1747 742 377 1005 92 365 913 300 269 15587 5540 3335 3292 2205 10047 306 279 9741 9708 2089
is_linear=0
shrinkage=0.05


Tree=131
num_leaves=31
num_cat=0
split_feature=4 8 8 11 0 17 0 11 8 17 15 17 3 3 8 1 11 15 15 0 11 8 5 0 11 8 6 15 1 11
split_gain=2.82839 7.7897 3.41066 5.06412 3.29512 3.74904 3.3725 3.13897 2.47774 5.90243 6.43505 6.29852 7.85563 10.2576 6.05164 6.93213 5.91622 4.56752 9.35132 4.91584 4.05176 9.55844 4.60024 3.90171 3.81401 3.60336 3.45203 5.05823 3.31671 2.98533
threshold=11.500000000000002 33.45000000000001 35.650000000000013 15.500000000000002 2004.5000000000002 819.00000000000011 2013.5000000000002 17.500000000000004 36.650000000000013 1369.0000000000002 282.00000000000006 1150.5000000000002 5.5000000000000009 6.5000000000000009 37.250000000000007 5.5000000000000009 16.500000000000004 24.500000000000004 47.500000000000007 2000.5000000000002 53.000000000000007 33.850000000000001 1.0000000180025095e-35 2020.5000000000002 35.000000000000007 35.850000000000001 5.5000000000000009 89.500000000000014 9.5000000000000018 25.000000000000004
decision_type=2 2 2 2 2 2 2 2 2 2 2 2 2 2 2 2 2 2 2 2 2 2 2 2 2 2 2 2 2 2
left_child=1 -1 4 -4 -3 7 -7 -6 17 11 14 26 -13 -14 15 -11 -16 19 24 -2 22 -22 -20 -21 29 -25 28 -28 -10 -19
right_child=8 2 3 -5 5 6 -8 -9 9 10 -12 12 13 -15 16 -17 -18 18 20 23 21 -23 -24 25 -26 -27 27 -29 -30 -31
leaf_value=0.060674689871022716 0.072871311689167328 0.034920504354161823 0.019470838937649004 -0.054289751516491402 0.022119526207715626 -0.039769977818142649 0.0030933511933574449 -0.035225505049395922 0.0034071569802476723 0.079614701616674721 -0.01021415476698505 -0.028614148973937371 0.022329580832185732 -0.015866990692814966 0.030053253479064592 0.014400511662269133 -0.038185381195247406 -0.022165300757480411 0.0051894162861410107 -0.022454416383059426 0.038240579448366868 -0.014122394367388999 -0.00083554058399081313 0.0057755645555051388 -0.060348717404469621 0.064097520158961682 -0.032846116366310914 -0.0039209194278460755 -0.0038283570613547556 0.024300542882303995
leaf_weight=3.5773805752396575 4.3250268101692226 3.9963701143860808 3.012828745879232 10.222355418838559 9.7769740642979723 14.353523977100851 6.7457170858979216 3.1568957641720763 463.57895692414604 9.0539829507470184 15.037460113875566 46.87310751224868 26.818752680905163 51.003632433246821 8.7651284513995034 7.4099849835038176 4.9815287962555876 26.856158936396245 889.03545361943543 5.2724069915711906 9.8398622386157495 76.252317260950804 492.23423539474607 6.3959131576120836 5.8100368455052367 4.5200451947748661 17.859775518998504 98.31829232419841 240.57729586889036 3.9673692956566802
leaf_count=17 22 26 31 90 74 77 38 23 4057 40 99 469 197 372 75 39 43 172 4643 38 54 496 2917 39 48 27 330 1426 2077 22
internal_value=0.00057319 -0.0106599 -0.0156378 -0.037499 -0.00802952 -0.013073 -0.026066 0.00812277 0.000818159 -0.00112914 0.0165121 -0.00197381 -0.0124436 -0.00270388 0.0298152 0.0502636 0.00532486 0.00208307 0.00176345 0.0255172 0.0023864 -0.00813759 0.00304234 0.0128657 -0.0231889 0.0299253 -0.000382346 -0.00836752 0.00093512 -0.0161846
internal_weight=2569.63 54.842 51.2647 13.2352 38.0295 34.0331 21.0992 12.9339 2514.79 990.278 45.2481 945.03 124.695 77.8224 30.2106 16.464 13.7467 1524.51 1504 20.5134 1467.36 86.0922 1381.27 16.1884 36.6336 10.916 820.334 116.178 704.156 30.8235
internal_count=18078 376 359 121 238 212 115 97 17702 9224 296 8928 1038 569 197 79 118 8478 8352 126 8110 550 7560 104 242 66 7890 1756 6134 194
is_linear=0
shrinkage=0.05


Tree=132
num_leaves=31
num_cat=0
split_feature=17 15 15 11 0 11 0 0 12 0 4 13 12 13 16 16 16 16 15 11 9 15 14 0 11 15 11 13 14 12
split_gain=2.72335 6.60654 8.56475 10.9037 6.96388 8.5615 7.03906 6.48786 6.28042 5.27221 4.80921 4.51324 4.34102 3.67125 3.30195 9.28326 7.87372 10.8041 13.8574 7.79224 7.76354 6.35183 6.07914 5.53044 7.36449 5.23294 5.19163 6.84706 18.5634 8.40995
threshold=1141.5000000000002 414.00000000000006 134.50000000000003 33.000000000000007 2013.5000000000002 25.000000000000004 2004.5000000000002 2002.5000000000002 83.693198529411788 2023.5000000000002 11.500000000000002 54.541958041958047 96.706250000000026 54.986111111111121 28.500000000000004 36.500000000000007 15.500000000000002 16.500000000000004 60.500000000000007 43.000000000000007 429.00000000000006 48.500000000000007 46.500000000000007 2006.5000000000002 23.000000000000004 741.50000000000011 23.000000000000004 54.958333333333336 6.5000000000000009 53.13750000000001
decision_type=2 2 2 2 2 2 2 2 2 2 2 2 2 2 2 2 2 2 2 2 2 2 2 2 2 2 2 2 2 2
left_child=14 2 3 7 6 -6 -3 11 -9 10 -4 -2 -12 -5 16 19 26 23 21 20 -16 -19 -20 24 -18 -17 -1 28 -28 -29
right_child=1 4 9 13 5 -7 -8 8 -10 -11 12 -13 -14 -15 15 25 17 18 22 -21 -22 -23 -24 -25 -26 -27 27 29 -30 -31
leaf_value=-0.0015665331302926928 -0.026085860461561434 0.018731497299615828 -0.02938051973219576 -0.0020847881828736435 0.027451486758178257 -0.030392339068142777 -0.037766303071280538 -0.0070799759604987331 -0.05187068525332194 -0.045533440317572227 0.0063553822485122955 0.036611421119264985 -0.023063053575760602 -0.062217244487370364 0.070535691333485931 0.0039630950211090336 0.051569830061061729 0.027647993502190563 0.0037658825386235311 -0.04409601303860157 -0.010154226137717277 0.096083837280142081 0.050453796219621073 0.079713337893296599 -0.028960896789540249 -0.039839787707279417 0.034295904698803718 -0.0068767305333933357 -0.021671505878257304 0.010603175976056447
leaf_weight=870.34529828745872 3.6997203677892712 6.4832414118573061 10.356840707361696 3.15747803449631 15.322870989795776 10.981587681919335 36.840580906253308 75.34388035023585 8.7334073395468277 5.4171350318938485 322.79016179521568 12.803824626840649 13.046715905889867 12.942922621965407 3.0487853875383726 278.19428485049866 8.5699866544455308 8.3570653144270164 329.68083627149463 17.163776851259172 134.06771220779046 5.7052470091730347 7.1228956580162039 7.1770328076090655 4.245287984609603 6.9896830171346656 54.424933005124331 135.51235576882027 20.357774161733687 139.79655159637332
leaf_count=6716 23 34 58 28 81 59 197 497 54 35 1894 79 79 113 28 1797 45 61 2008 179 982 39 45 39 30 38 448 1003 145 1244
internal_value=0.000543101 -0.00262017 -0.000483529 -0.0122217 -0.0169904 0.00330284 -0.0293116 -0.00610638 -0.0117325 0.00341175 0.00417763 0.0225561 0.00521252 -0.0504246 0.00138101 -0.00245553 0.00244054 0.00882079 0.00678366 -0.0123357 -0.00836009 0.0554132 0.00475326 0.0445727 0.0248926 0.00288951 0.000501746 0.00564359 0.0190601 0.00199923
internal_weight=2568.68 537.92 468.292 116.681 69.6283 26.3045 43.3238 100.581 84.0773 351.611 346.194 16.5035 335.837 16.1004 2030.76 439.464 1591.3 370.858 350.866 154.28 137.116 14.0623 336.804 19.9923 12.8153 285.184 1220.44 350.092 74.7827 275.309
internal_count=18078 3231 2860 794 371 140 231 653 551 2066 2031 102 1973 141 14847 3024 11823 2267 2153 1189 1010 100 2053 114 75 1835 9556 2840 593 2247
is_linear=0
shrinkage=0.05


Tree=133
num_leaves=31
num_cat=0
split_feature=1 14 17 15 2 6 0 16 14 17 16 17 11 15 17 9 1 15 9 17 17 17 17 18 11 15 14 0 9 9
split_gain=2.82027 6.87671 10.8014 7.70871 6.76949 10.8204 6.03127 7.73663 11.3076 7.80909 6.86769 7.09141 6.23761 5.98764 5.85152 7.01379 5.81384 5.03862 5.03137 4.84614 8.89542 8.51889 8.78791 7.96325 7.52993 6.46081 4.74134 4.88666 4.48441 6.63713
threshold=10.500000000000002 33.500000000000007 819.00000000000011 283.50000000000006 5.5000000000000009 3.5000000000000004 2019.5000000000002 5.5000000000000009 17.500000000000004 73.500000000000014 9.5000000000000018 865.50000000000011 62.000000000000007 47.500000000000007 705.00000000000011 469.00000000000006 11.500000000000002 357.50000000000006 439.00000000000006 412.00000000000006 14.500000000000002 486.00000000000006 622.50000000000011 12.500000000000002 15.500000000000002 14.500000000000002 26.500000000000004 2010.5000000000002 479.00000000000006 467.00000000000006
decision_type=2 2 2 2 2 2 2 2 2 2 2 2 2 2 2 2 2 2 2 2 2 2 2 2 2 2 2 2 2 2
left_child=4 -2 3 -3 6 18 19 8 12 -10 -9 -12 -8 -7 15 -5 17 -4 -6 20 23 24 -23 -1 -21 -22 27 -20 29 -18
right_child=1 2 16 14 5 13 7 10 9 -11 11 -13 -14 -15 -16 -17 28 -19 26 21 25 22 -24 -25 -26 -27 -28 -29 -30 -31
leaf_value=-0.0038686212580187965 -0.0043571608515277985 0.087531361500115951 -0.073482506906476577 -0.015078388571184024 -0.035852848530946092 -0.025161385299195246 0.012805564401967713 -0.041165584056266538 0.0082371027350400458 0.094359872049987636 -0.012487163778055223 0.020353860278125278 0.079106441450286252 -0.0024970042829246392 0.076786607576237995 0.03180322803795356 0.0013852904391877148 -0.010459293947248044 0.025698312242157059 -0.02493606962633765 0.057721649043986106 -0.021666329656071841 0.0056454369928977044 0.032071229085559885 0.039884396844274791 -0.0079396594775842048 0.043111089798864563 0.00016132480624843996 -0.014633034004582601 0.078290205472562033
leaf_weight=30.249799531186 556.42225184268318 4.8933923728764048 5.1325591756030908 12.871539150131865 4.7114526666700831 30.201551149133593 76.498341038590297 8.5045172278769297 3.8282091519795349 8.4242847766727191 28.407741391099989 39.010112212505192 3.7199853919446459 830.0271713687107 4.1645816564559928 20.983843253925443 8.286630794405939 8.2998630441725236 35.122531426139176 5.310461549088358 3.807727698236703 31.545471670571715 443.97075733589008 31.423213018570095 28.659839966334403 232.41102537000552 14.713884516153483 40.145593076944351 12.830641735345123 4.2415096685290328
leaf_count=329 3673 37 30 90 36 287 648 65 33 55 219 256 24 5827 19 127 45 51 235 34 24 269 2728 282 209 2043 85 230 66 22
internal_value=0.000513527 -0.00236819 0.011177 0.0284616 0.00146598 -0.00152684 0.00439486 0.0130024 0.0227134 0.0674514 0.00117463 0.0065157 0.0158802 -0.00329272 0.0208589 0.0139792 -0.00794425 -0.0345406 0.014515 0.00259961 -0.0024664 0.00556166 0.00383359 0.0144432 0.0297512 -0.00688123 0.0171523 0.0120777 0.0061437 0.0274221
internal_weight=2568.82 638.127 81.7046 42.9134 1930.69 954.922 975.771 168.393 92.4708 12.2525 75.9224 67.4179 80.2183 860.229 38.02 33.8554 38.7912 13.4324 94.6935 807.378 297.892 509.487 475.516 61.673 33.9703 236.219 89.982 75.2681 25.3588 12.5281
internal_count=18078 4160 487 273 13918 6700 7218 1300 760 88 540 475 672 6114 236 217 214 81 586 5918 2678 3240 2997 611 243 2067 550 465 133 67
is_linear=0
shrinkage=0.05


Tree=134
num_leaves=31
num_cat=0
split_feature=1 14 17 2 6 7 13 13 14 1 1 0 17 17 13 17 11 17 13 13 1 12 17 12 11 11 13 17 12 13
split_gain=2.54718 6.18059 9.6185 6.09569 9.7258 7.7821 5.83767 8.96696 16.9905 9.66369 5.33099 5.30577 5.202 5.0338 8.11211 5.51908 4.56405 7.52775 4.3621 4.35334 4.61406 4.29027 3.89665 10.8198 10.2182 3.71052 3.43242 3.34196 3.76713 3.19546
threshold=10.500000000000002 33.500000000000007 819.00000000000011 5.5000000000000009 3.5000000000000004 52.500000000000007 56.559027777777786 56.620192307692314 21.500000000000004 4.5000000000000009 11.500000000000002 2015.5000000000002 505.00000000000006 622.50000000000011 57.343750000000007 1150.5000000000002 35.000000000000007 908.00000000000011 56.559027777777786 56.559027777777786 5.5000000000000009 60.337500000000006 12.500000000000002 49.55397727272728 13.500000000000002 17.500000000000004 55.483333333333341 105.50000000000001 42.892857142857146 55.031250000000007
decision_type=2 2 2 2 2 2 2 2 2 2 2 2 2 2 2 2 2 2 2 2 2 2 2 2 2 2 2 2 2 2
left_child=3 -2 11 6 19 -6 22 8 9 -8 -4 18 -13 14 -9 -15 21 -18 -3 20 -5 -7 23 24 -1 -25 -22 -24 -29 -12
right_child=1 2 10 4 5 16 7 13 -10 -11 29 12 -14 15 -16 -17 17 -19 -20 -21 26 -23 27 25 -26 -27 -28 28 -30 -31
leaf_value=-0.029653067698299541 -0.0041482374569575386 0.033295764191152342 -0.033315846020039203 0.061689346918536059 -0.034454401498661538 -0.0029916445613505944 -0.025979123550441498 -0.010158492984587273 0.14181357290275118 0.074085887270962242 -0.027868704419665203 -0.011992286114788267 0.049034624769565105 0.028807077059398691 0.062658450899846119 -0.0044425214932342534 0.00049204179026911114 -0.019367226371956842 0.0957060804701 0.05765211863451445 1.9611279529956859e-05 0.0059962182951602211 -0.0060794249136381069 0.0091147378141562575 0.055735170544016305 -0.022735543061017636 0.020296014466167439 -0.0045526121452607402 0.0049210031505890943 0.015141968156814227
leaf_weight=4.24178686924279 555.25447137537412 22.963856915012006 13.238721542991696 4.2933512376621357 19.384597503114492 462.16732485056855 5.5173633471131307 39.996117170900106 3.843181691132485 4.2879275612067431 5.5146702677011517 12.402644710615279 4.8603856228291979 42.437027967534959 4.2292423150502136 17.6802634363994 97.734397080494091 93.241841104347259 3.1885201036930075 5.3214227468706659 49.487841493915766 186.29250469151884 116.12173676420934 28.958517745835707 20.133860588306561 13.36433018138632 36.09502030024305 129.86874566832557 546.55418237531558 19.906840339303017
leaf_count=33 3673 148 81 41 222 3166 37 353 38 68 31 82 27 286 44 128 728 577 16 29 306 1421 1167 295 162 149 210 790 3668 102
internal_value=0.000485702 -0.00225518 0.0105517 0.00139022 -0.00145282 -0.00313362 0.00416571 0.0145943 0.0527058 0.0177801 -0.00758705 0.0267037 0.00518977 0.0096091 -0.00319506 0.0190285 -0.00241035 -0.00920401 0.0409049 0.0137104 0.0111087 -0.00040957 0.00273367 0.0143404 0.0408761 -0.000942659 0.00857129 0.00175687 0.00310213 0.00581169
internal_weight=2568.58 637.33 82.0756 1931.25 954.018 858.821 977.234 117.991 13.6485 9.80529 38.6602 43.4154 17.263 104.343 44.2254 60.1173 839.436 190.976 26.1524 95.1976 89.8762 648.46 859.243 66.6985 24.3756 42.3228 85.5829 792.545 676.423 25.4215
internal_count=18078 4160 487 13918 6700 6114 7218 954 143 105 214 273 109 811 397 414 5892 1305 164 586 557 4587 6264 639 195 444 516 5625 4458 133
is_linear=0
shrinkage=0.05


Tree=135
num_leaves=31
num_cat=0
split_feature=1 6 13 12 12 15 8 17 7 8 17 17 17 11 8 11 11 17 17 17 9 8 15 12 15 3 15 8 15 11
split_gain=3.75986 5.27693 8.98419 6.55837 6.55824 7.20361 6.40294 6.60574 5.07205 5.30791 10.2849 8.01586 7.73965 6.95101 13.4238 6.22881 5.18039 5.19868 8.89919 4.83371 4.59366 4.53394 4.45001 5.04395 4.18216 6.28887 8.89743 7.38127 4.94706 5.26016
threshold=10.500000000000002 3.5000000000000004 55.935416666666676 36.780357142857149 27.436363636363641 255.50000000000003 37.850000000000001 1150.5000000000002 53.500000000000007 36.650000000000013 622.50000000000011 964.00000000000011 505.00000000000006 57.000000000000007 38.150000000000013 15.500000000000002 37.500000000000007 30.500000000000004 4.5000000000000009 898.50000000000011 493.00000000000006 34.050000000000004 793.50000000000011 54.186805555555573 50.500000000000007 5.5000000000000009 19.000000000000004 35.150000000000013 54.500000000000007 31.000000000000004
decision_type=2 2 2 2 2 2 2 2 2 2 2 2 2 2 2 2 2 2 2 2 2 2 2 2 2 2 2 2 2 2
left_child=1 2 3 4 -1 -6 7 19 16 10 12 -12 -10 15 -15 -11 17 18 -3 -4 -8 -19 24 -24 25 -2 -27 -28 -26 -30
right_child=22 8 6 -5 5 -7 20 -9 9 13 11 -13 -14 14 -16 -17 -18 21 -20 -21 -22 -23 23 -25 28 26 27 -29 29 -31
leaf_value=-0.0084330100965490842 -0.032275743364104284 -0.058445913193283933 0.034148363093238675 0.00052804853763022781 0.020962185772155098 0.08600965042656758 -0.056176880392260369 -0.015469224632164527 -0.0011878452293218507 0.0063780887389356848 0.01496033746927003 0.0025783274711768055 -0.029510409035100368 0.039487057041139507 -0.053283882346204618 -0.0056622077017620823 -0.046869914604821983 0.029300697408896393 0.019398059983537445 0.079076155162908932 0.033702391268677571 -0.029560564967809202 0.060506196720092303 -0.0093691270004712321 -0.048242268204881249 -0.037394971877825346 -0.0031986433110890253 0.067418663220985983 -0.0057545917983492295 0.0091311302790166773
leaf_weight=9.0445402488112467 5.4118720572441843 4.3217578865587738 18.920764125883583 181.48720445670187 12.361506002023818 6.4913508505560449 3.3428879594430319 4.7481821626424781 318.55105648934841 133.04220116813667 223.87072413787246 314.10202281549573 26.097139712423086 21.664501499384645 4.7552357870154074 557.67680825921707 9.740088777150957 3.7430843077600029 24.400465254904702 8.757803723216055 2.4734916882589459 25.971223715925589 5.7648130375891906 4.6786831989884377 6.4119555344805113 4.1495660487562445 5.4954442307353046 11.328634828096254 530.2330965611618 66.826707585714757
leaf_count=49 67 48 94 1144 80 33 45 21 1994 1157 1112 1537 173 149 153 5312 143 19 276 39 26 233 30 24 44 41 30 90 3366 499
internal_value=0.000148022 0.00125676 0.00806763 0.00399745 0.0265677 0.0433591 0.0303523 0.039017 0.000245598 0.000814795 0.00341088 0.00773095 -0.00333246 -0.00238034 0.0227894 -0.00334308 -0.0131106 -0.00748361 0.00768508 0.048364 -0.0179545 -0.0221459 -0.00316896 0.0292021 -0.0037057 0.015779 0.0281787 0.0443521 -0.00455763 -0.00408849
internal_weight=2555.86 1915.56 247.628 209.385 27.8974 18.8529 38.2431 32.4268 1667.94 1599.76 882.621 537.973 344.648 717.139 26.4197 690.719 68.1766 58.4365 28.7222 27.6786 5.81638 29.7143 640.301 10.4435 629.857 26.3855 20.9736 16.8241 603.472 597.06
internal_count=18028 13837 1531 1306 162 113 225 154 12306 11587 4816 2649 2167 6771 302 6469 719 576 324 133 71 252 4191 54 4137 228 161 120 3909 3865
is_linear=0
shrinkage=0.05


Tree=136
num_leaves=30
num_cat=0
split_feature=12 8 9 11 15 6 18 9 17 16 9 2 14 0 15 9 9 15 15 17 6 8 15 15 14 4 8 17 15
split_gain=3.35591 6.74511 7.91513 6.47369 6.46665 4.84073 4.35057 6.48765 4.76696 7.03144 4.54265 3.92326 3.55357 4.9818 3.63691 3.51086 4.1587 7.16207 3.4252 3.30219 3.16235 4.94791 6.0091 4.67035 4.15151 3.42588 3.28349 0.00295742 0.000333611
threshold=83.49375000000002 34.050000000000004 443.00000000000006 16.500000000000004 538.50000000000011 8.5000000000000018 15.500000000000002 485.00000000000006 1192.5000000000002 39.500000000000007 503.00000000000006 5.5000000000000009 27.500000000000004 2017.5000000000002 276.50000000000006 465.00000000000006 471.00000000000006 186.50000000000003 165.50000000000003 1.5000000000000002 3.5000000000000004 33.750000000000007 152.00000000000003 369.50000000000006 49.500000000000007 11.500000000000002 35.250000000000007 372.50000000000006 222.50000000000003
decision_type=2 2 2 2 2 2 2 2 2 2 2 2 2 2 2 2 2 2 2 2 2 2 2 2 2 2 2 2 2
left_child=5 2 -2 6 12 19 8 11 9 -3 -10 -8 14 -14 -5 -4 -17 -18 -9 -1 21 23 -23 -21 25 -22 -26 -7 -29
right_child=1 3 15 4 -6 27 7 18 10 -11 -12 -13 13 -15 -16 16 17 -19 -20 20 24 22 -24 -25 26 -27 -28 28 -30
leaf_value=-0.047742980474400086 0.075744624927310461 -0.004836444343424594 -0.02451508602679732 -0.024095518906013705 0.029456044284949731 -0.052439685570712893 0.025748989082479346 -0.0034699686121642728 0.036910837567334091 -0.045523259063557031 -0.020700111786824071 -0.041014192529039359 0.02128331474423921 -0.044884104748079613 -0.059398105851867604 0.060722960838229714 0.049132232088102072 -0.019441577992669653 0.059705313773054464 -0.034705609004142504 -0.014875937564653047 0.014967891644596682 0.001829878593870743 0.022369116364081714 0.0072716151550548825 0.00047553179131374159 -0.061695920404544961 -0.055917185481948406 -0.054803778157078431
leaf_weight=3.4942977647297075 4.7062322981655589 84.843199962750077 7.1694174669683006 52.710221243090928 6.13967166468501 1.2811324361246073 3.836252979468556 2.8493252368643871 11.254014676436784 12.13801333028823 4.916493158787488 5.1604990768246353 8.7702496871352178 4.2103885486721984 8.467554157599805 4.1674774661660221 5.8991021998226669 10.740123957395552 8.6859319049399328 14.09045270085335 37.076885411981493 127.38762199529447 274.75009327707812 4.8070954233407965 2.684690259397029 1834.2914751032367 4.8317594975233078 1.3403680594637992 1.3507833043113349
leaf_count=38 27 676 35 425 35 37 41 27 60 82 25 41 54 29 51 19 34 49 69 62 267 850 1582 21 16 13298 38 20 20
internal_value=0.000138602 -0.00540469 0.0157518 -0.00863601 -0.0198573 0.000731191 -0.00189584 0.0192789 -0.00573812 -0.00992874 0.0193948 -0.0125461 -0.0239401 -0.000178692 -0.0289817 0.0056596 0.016057 0.00486988 0.0441004 0.000826295 0.000900087 0.00481669 0.00599169 -0.0201871 2.24243e-05 0.000171378 -0.0370624 -0.054417 -0.0553583
internal_weight=2554.05 246.664 32.6824 213.982 80.2981 2307.39 133.684 20.532 113.152 96.9812 16.1705 8.99675 74.1584 12.9806 61.1778 27.9761 20.8067 16.6392 11.5353 2303.41 2299.92 421.035 402.138 18.8975 1878.88 1871.37 7.51645 3.97228 2.69115
internal_count=18028 1779 164 1615 594 16249 1021 178 843 758 85 82 559 83 476 137 102 83 96 16172 16134 2515 2432 83 13619 13565 54 77 40
is_linear=0
shrinkage=0.05


Tree=137
num_leaves=31
num_cat=0
split_feature=1 5 13 15 12 18 13 15 13 8 8 15 8 12 15 17 17 15 12 15 8 9 12 18 7 3 14 12 13 9
split_gain=3.38297 5.11943 7.89001 13.2611 7.47464 7.08931 6.11807 8.01624 5.44892 4.41628 4.15728 5.23051 7.30286 5.17846 4.65352 4.41785 7.58209 4.13654 4.656 4.04746 3.96455 4.80773 4.43771 5.0914 3.72422 3.14992 5.0191 5.91008 5.11949 4.65111
threshold=10.500000000000002 1.5000000000000002 55.031250000000007 240.00000000000003 60.085763888888899 10.500000000000002 55.528594771241842 163.50000000000003 56.464102564102568 37.850000000000001 38.650000000000013 50.500000000000007 37.95000000000001 31.989010989010993 54.500000000000007 129.50000000000003 23.500000000000004 793.50000000000011 54.186805555555573 37.500000000000007 37.850000000000001 537.00000000000011 92.500694444444463 8.5000000000000018 56.750000000000007 5.5000000000000009 7.5000000000000009 27.0425 54.242647058823536 419.00000000000006
decision_type=2 2 2 2 2 2 2 2 2 2 2 2 2 2 2 2 2 2 2 2 2 2 2 2 2 2 2 2 2 2
left_child=1 20 -3 6 8 -6 7 -4 -5 -8 11 12 15 -12 -13 16 -2 24 -19 -17 25 22 23 -22 -16 29 27 -27 -28 -1
right_child=10 2 3 4 5 -7 9 -9 -10 -11 13 14 -14 -15 17 19 -18 18 -20 -21 21 -23 -24 -25 -26 26 28 -29 -30 -31
leaf_value=-0.055238125043457244 -0.035946751799601356 -0.039007257046147652 -0.012966853718788078 0.069195171102708924 -0.063661284064039578 0.023327792608273598 -0.032812202699837888 0.10935893092345257 0.013514383116024573 0.014417376251758665 0.069486418386615859 -0.046890120033521332 0.095752407308596466 -0.042228108387818375 -0.0065326261713041711 0.0091149799445716332 0.069028393088496967 0.05839823362507101 -0.008850741461947885 -0.052839860180385979 0.0075687039970831309 0.033885577347020641 -0.037267601340501215 -0.0092625484930838071 0.0017357410100130308 -0.01927599283403042 0.022785159378709174 0.0082694715263048127 -0.0052216515562680463 0.00080605669643136829
leaf_weight=3.7184005118906489 2.4154023122973793 18.987739861011505 4.0089096887968472 9.7061426637228632 3.816781716886906 6.0621661534532905 34.877402501180768 2.0111821061000228 8.0278638303279859 5.7681639797519884 1.143851805012672 6.0831675231456748 2.8248540973290792 11.140341564547269 370.23870854824781 9.8897360675036889 5.9755376540124416 5.7518539354205114 4.6583726927638054 3.5942217968404284 64.582305877702311 7.9356995280832043 10.615539586869998 147.66032348573208 215.4300799164921 20.186455443501472 18.186636112630367 550.98470323346555 158.71753899008036 838.7985518919304
leaf_count=55 35 149 42 65 35 57 265 19 56 120 12 42 25 233 2312 61 46 27 24 26 1147 102 187 2202 1348 106 93 3228 796 5113
internal_value=0.000130279 0.00118171 -0.0102438 -0.002891 0.0245735 -0.0102809 -0.0191422 0.0278995 0.0439895 -0.0261097 -0.00301943 -0.00245493 0.0200961 -0.0318257 -0.00337994 0.0103261 0.0388104 -0.00293591 0.0283056 -0.00739942 0.00176676 -0.00435721 -0.00571898 -0.00414105 -0.00349122 0.00265535 0.00501668 0.00729595 -0.00234241 0.000558709
internal_weight=2553.8 1914.65 93.2664 74.2786 27.613 9.87895 46.6657 6.02009 17.734 40.6456 639.146 626.862 24.6998 12.2842 602.162 21.8749 8.39094 596.079 10.4102 13.484 1821.39 230.794 222.858 212.243 585.669 1590.59 748.075 571.171 176.904 842.517
internal_count=18028 13837 808 659 213 92 446 61 121 385 4191 3946 193 245 3753 168 81 3711 51 87 13029 3638 3536 3349 3660 9391 4223 3334 889 5168
is_linear=0
shrinkage=0.05


Tree=138
num_leaves=29
num_cat=0
split_feature=11 8 13 16 0 3 16 16 15 8 16 16 12 15 17 12 16 8 13 12 11 17 8 15 15 0 17 0
split_gain=3.14846 6.50875 6.09513 5.2656 4.96793 7.81454 4.25023 3.40645 3.00888 2.65378 2.9245 6.61172 2.62625 7.15006 5.68603 4.85439 7.62196 3.17205 1.67029 1.16471 0.287798 0.00373936 0.000777976 0.000754946 0.00046781 0.000261413 0.0002527 4.76213e-05
threshold=10.500000000000002 35.050000000000004 56.968750000000007 9.5000000000000018 2017.5000000000002 5.5000000000000009 28.500000000000004 9.5000000000000018 7.5000000000000009 40.350000000000001 34.500000000000007 35.500000000000007 27.0425 60.500000000000007 19.500000000000004 30.13571428571429 29.500000000000004 33.150000000000013 54.452083333333341 30.905476190476197 23.000000000000004 214.50000000000003 40.45000000000001 1.5000000000000002 4.5000000000000009 2002.5000000000002 554.00000000000011 2006.5000000000002
decision_type=2 2 2 2 2 2 2 2 2 2 2 2 2 2 2 2 2 2 2 2 2 2 2 2 2 2 2 2
left_child=1 4 3 19 7 -6 -5 -1 18 12 22 -12 13 20 -15 16 -14 -17 -2 -3 -10 23 26 -20 -25 -24 -11 -13
right_child=8 2 -4 6 5 -7 -8 -9 9 10 11 27 15 14 -16 17 -18 -19 21 -21 -22 -23 25 24 -26 -27 -28 -29
leaf_value=-0.028043097818152132 0.0095802387207269621 -0.066850200921007727 0.040765399492207192 0.046388623621511679 0.016435227456103409 0.10201328249919064 -0.026986840166571782 0.028070786875273663 -0.047698872941577132 -0.051698628121743632 0.21241644090520562 -0.051284010120805759 0.026169559688079838 -0.064832239856271179 -0.0011053499906161341 0.025444904290328571 -0.015817353321917176 -0.00013509901741393571 -0.054909576407475881 -0.0268613274187488 -0.068467811194241321 -0.05728909709674887 -0.0513545040670257 -0.05235719740337115 -0.053881868680391846 -0.050472553126698183 -0.053129120712175341 -0.050440199910833761
leaf_weight=3.9758449047803905 1.3709485344588745 4.8040114119648951 5.0651240162551394 3.605225695297122 5.6856208443641645 5.025420144200325 4.360651858150959 8.4586117863655073 3.2309159487485877 0.68532073264941462 0.36668165540322639 0.38634276064112782 40.568192576058209 3.6882879398763171 68.671421421691775 12.182120203971861 14.734697932377456 2351.5893802987412 0.90079709421843368 2.9322909526526928 3.4482101052999496 0.96965578198432911 1.5675737122073772 0.94472664780914817 1.0762449689209459 1.810691980179399 0.56181449629366398 0.29478801134973764
leaf_count=21 11 29 36 18 26 23 24 36 22 36 10 22 279 24 377 55 88 16348 16 24 19 11 90 32 19 271 16 45
internal_value=0.00012163 0.0133942 -0.00692778 -0.0223124 0.0316281 0.0565869 0.00622169 0.0101287 -0.000110664 -3.12843e-05 -0.0341895 0.0412353 4.62889e-05 -0.00892256 -0.00435361 0.000339329 0.0149827 -3.26788e-06 -0.0378788 -0.0516932 -0.0584212 -0.0545986 -0.0512758 -0.0537057 -0.0531691 -0.0508818 -0.052343 -0.0509188
internal_weight=2552.96 43.9128 20.7673 15.7022 23.1455 10.711 7.96588 12.4345 2509.05 2503.79 5.67321 1.04781 2498.11 79.0388 72.3597 2419.07 55.3029 2363.77 5.26237 7.7363 6.67913 3.89142 4.6254 2.92177 2.02097 3.37827 1.24714 0.681131
internal_count=18028 237 131 95 106 49 42 57 17791 17702 490 77 17212 442 401 16770 367 16403 89 53 41 78 413 67 51 361 52 67
is_linear=0
shrinkage=0.05


Tree=139
num_leaves=31
num_cat=0
split_feature=1 5 13 15 0 11 14 17 0 1 6 13 0 7 17 18 11 16 15 0 17 16 15 17 15 11 15 17 15 17
split_gain=3.11863 4.66044 7.31521 11.991 6.83828 6.42777 6.00861 5.47539 4.5374 5.04581 4.11224 9.62124 6.10391 5.13684 5.82662 5.45319 4.58284 6.43294 4.60597 3.68858 6.50926 7.67 6.9063 6.2519 8.59359 11.1478 5.74174 5.32514 5.74856 5.70994
threshold=10.500000000000002 1.5000000000000002 55.031250000000007 240.00000000000003 2008.5000000000002 31.000000000000004 17.500000000000004 1192.5000000000002 2020.5000000000002 3.5000000000000004 3.5000000000000004 55.935416666666676 2012.5000000000002 53.500000000000007 666.50000000000011 10.500000000000002 15.500000000000002 8.5000000000000018 133.50000000000003 2011.5000000000002 250.50000000000003 15.500000000000002 101.50000000000001 26.500000000000004 50.500000000000007 31.000000000000004 241.50000000000003 11.500000000000002 553.50000000000011 73.500000000000014
decision_type=2 2 2 2 2 2 2 2 2 2 2 2 2 2 2 2 2 2 2 2 2 2 2 2 2 2 2 2 2 2
left_child=1 10 5 4 7 -3 -7 -4 9 -5 11 -1 -13 14 15 -12 17 -15 -18 20 23 22 -22 -2 -25 -26 -24 -21 -29 -30
right_child=19 2 3 8 -6 6 -8 -9 -10 -11 13 12 -14 16 -16 -17 18 -19 -20 27 21 -23 26 24 25 -27 -28 28 29 -31
leaf_value=0.0034842507149554247 -0.0080353771813897936 -0.064959503919397893 0.023704731374722662 -0.034282988925212358 -0.032976469317241394 0.024588438195528403 -0.063469615177338901 -0.041688344931583021 0.073755393025281724 0.025733928829294091 -0.021825627800781587 0.058115941401013109 0.016001610288075001 -0.0019128365371038289 -0.039091608836537256 0.011291919684864947 -0.0050833098894016628 0.013440791255711033 0.0018568053992646873 -0.042669383711588203 -0.056818600864990902 0.0023374965996932123 0.0062307555117671783 0.068414925305320562 0.0043761999750906036 0.061967064150677459 -0.026248722551198818 -0.007460412665452572 0.070847355998251371 0.0068028402148687566
leaf_weight=205.26071991445497 29.652432886883616 10.050504428334536 12.533321246039124 4.2566146496683421 29.337547556962818 5.5807933965697867 2.9671740755438805 4.2990277856588355 3.8210945213213554 19.755821962375194 23.72257085563615 13.377979734446852 24.108798509463668 116.21661556814797 16.074928314890712 26.11234848597087 324.59445674740709 165.19897650182247 907.36953556560911 9.9359674502629769 9.8969448050484043 144.3090134463273 25.011866697110236 7.9072148590348652 54.844627215992659 9.923111208714543 29.841852044686675 291.73859571735375 4.1864139912650016 20.631543355062604
leaf_count=1276 269 79 118 34 298 43 27 30 33 146 280 85 135 877 141 281 2770 992 6192 97 82 866 158 63 395 85 172 1872 25 107
internal_value=0.000114561 0.00112333 -0.00981897 -0.00277389 -0.0184009 -0.0378514 -0.00597831 0.00700316 0.023148 0.0150949 0.00167946 0.00773822 0.031031 0.000748184 -0.0129161 -0.0044728 0.00134328 0.00710018 2.82431e-05 -0.00291334 0.00097995 -0.00407767 -0.0183751 0.0113129 0.0192073 0.0131997 -0.0114389 -0.0066265 -0.0054952 0.0176062
internal_weight=2552.52 1914.64 92.6019 74.0034 46.1699 18.5985 8.54797 16.8323 27.8335 24.0124 1822.04 242.747 37.4868 1579.29 65.9098 49.8349 1513.38 281.416 1231.96 637.88 311.387 209.06 64.7507 102.327 72.675 64.7677 54.8537 326.493 316.557 24.818
internal_count=18028 13837 808 659 446 149 70 148 213 180 13029 1496 220 11533 702 561 10831 1869 8962 4191 2090 1278 412 812 543 480 330 2101 2004 132
is_linear=0
shrinkage=0.05


Tree=140
num_leaves=31
num_cat=0
split_feature=9 13 9 17 8 12 12 12 0 0 12 1 17 12 15 0 15 8 12 17 5 1 18 0 0 11 15 17 8 17
split_gain=3.58056 5.56858 5.06419 5.03915 4.93896 4.6011 4.27602 4.24609 6.13104 9.19147 10.1134 6.58828 6.60285 5.80536 5.91745 8.60989 8.19137 5.09171 4.64185 4.47423 5.13028 4.97554 3.77726 3.77316 3.7478 5.25298 7.04141 8.37146 4.79676 4.50314
threshold=489.00000000000006 57.379807692307701 495.00000000000006 1014.0000000000001 37.95000000000001 120.67222222222223 57.136666666666677 59.545208333333342 2019.5000000000002 2007.5000000000002 54.603125000000013 7.5000000000000009 1170.0000000000002 83.49375000000002 137.50000000000003 2003.5000000000002 379.50000000000006 36.250000000000007 54.703125000000007 190.50000000000003 1.0000000180025095e-35 2.5000000000000004 15.500000000000002 2017.5000000000002 2003.5000000000002 15.500000000000002 357.50000000000006 898.50000000000011 38.150000000000013 23.500000000000004
decision_type=2 2 2 2 2 2 2 2 2 2 2 2 2 2 2 2 2 2 2 2 2 2 2 2 2 2 2 2 2 2
left_child=4 7 -3 6 5 -1 -4 8 9 10 -2 12 -10 14 15 -9 -16 -13 -11 21 -21 -15 -8 -7 29 26 28 -28 -26 -6
right_child=1 2 3 -5 24 23 22 13 11 18 -12 17 -14 19 16 -17 -18 -19 -20 20 -22 -23 -24 -25 25 -27 27 -29 -30 -31
leaf_value=-0.00117454227356076 0.01250192890266631 -0.070459263551779699 -0.035084647215052139 -0.06691774865877724 -0.028641743721580806 0.055103217836124464 0.044777841967932171 0.032194943676305814 0.013734634374409511 -0.0098013380295763671 -0.019655116482146615 0.0083529365787482508 0.059165853293606185 0.025941077323620301 0.021588699481164115 -0.011662350023720762 -0.001081829786163049 -0.030048686385111302 0.0070171224266194349 0.0070369049856001294 -0.030809225206592607 -0.039279783864827833 -0.024332439610499284 -0.0032646642447546116 -0.056444247412908072 -0.025700080983028069 -0.0078917868081283312 0.14028501726781448 0.0072885383746289847 0.004851362917126764
leaf_weight=1445.2623739466071 143.2697225920856 4.4611438196152475 4.9575494190212366 3.2394122891128054 12.517525587230919 6.63222513720393 6.174830664880572 14.27933713654056 64.291114872088656 273.8215048701968 29.481729901861399 22.070363134145737 9.1338807428255659 3.6645794939249781 139.98874986963347 51.734978319844231 55.698354753199965 14.176321571227161 48.255962545983493 62.757038719486445 10.444735393859444 14.473661765456198 2.9083289261907339 4.7532215751707554 4.1272298954427269 57.555408394662663 1.9243474067188793 1.8887538472190497 10.370845984900368 50.615209271665663
leaf_count=9042 921 30 30 19 182 43 45 113 482 1800 212 112 50 34 959 442 338 101 365 383 74 137 17 31 48 1331 29 14 226 567
internal_value=-0.000323775 0.00205623 -0.0229659 -0.0107047 -0.00178443 -0.000925126 0.00226449 0.00262436 7.98729e-05 -0.00229073 0.00701401 0.0107758 0.0193862 0.0069812 0.0107691 -0.00217572 0.015136 -0.0066662 -0.00728148 -0.00387167 0.00163686 -0.0261028 0.0226495 0.0307357 -0.0107896 -0.0182791 0.00504649 0.065505 -0.0108545 -0.00178942
internal_weight=2574.93 979.283 21.7413 17.2801 1595.65 1456.65 14.0407 957.542 604.501 494.829 172.751 109.672 73.425 353.041 261.701 66.0143 195.687 36.2467 322.077 91.34 73.2018 18.1382 9.08316 11.3854 138.999 75.8666 18.3112 3.8131 14.4981 63.1327
internal_count=18177 6664 141 111 11513 9116 92 6523 4043 3298 1133 745 532 2480 1852 555 1297 213 2165 628 457 171 62 74 2397 1648 317 43 274 749
is_linear=0
shrinkage=0.05


Tree=141
num_leaves=31
num_cat=0
split_feature=9 8 0 9 7 9 15 11 8 17 17 15 9 3 3 15 14 1 8 11 1 11 8 0 0 15 0 8 7 11
split_gain=3.2295 4.52476 3.62646 7.23603 9.87347 7.27083 6.77796 6.29548 5.74845 4.70191 8.46447 4.31973 3.52766 4.34805 3.725 7.10324 10.5024 3.92553 5.64324 3.9754 3.20617 6.23502 6.23195 6.10766 6.51137 4.17883 4.10931 7.53269 5.82211 4.05917
threshold=489.00000000000006 37.95000000000001 2007.5000000000002 491.00000000000006 56.750000000000007 553.00000000000011 101.50000000000001 31.000000000000004 36.45000000000001 648.00000000000011 386.50000000000006 124.50000000000001 419.00000000000006 5.5000000000000009 5.5000000000000009 340.50000000000006 17.500000000000004 2.5000000000000004 38.850000000000001 13.500000000000002 9.5000000000000018 11.500000000000002 36.45000000000001 2010.5000000000002 2009.5000000000002 564.50000000000011 2011.5000000000002 33.850000000000001 57.750000000000007 13.500000000000002
decision_type=2 2 2 2 2 2 2 2 2 2 2 2 2 2 2 2 2 2 2 2 2 2 2 2 2 2 2 2 2 2
left_child=1 -1 3 4 6 9 -2 8 -6 10 -5 -11 13 -3 15 -14 -17 18 -16 -19 21 -4 23 24 -22 29 27 -23 -28 -24
right_child=2 12 20 5 7 -7 -8 -9 -10 11 -12 -13 14 -15 17 16 -18 19 -20 -21 22 26 25 -25 -26 -27 28 -29 -30 -31
leaf_value=-0.00087942489848413612 0.055520266366801942 0.083847915872401702 0.042280314103065118 0.0046468818179990394 0.071428020794157776 0.076805278396508359 -0.030005316430699865 0.10657420514037047 -0.00352583672169527 -0.021646849912953934 0.041897224441167294 0.0012135323039806608 -0.041773750751711483 -0.014071556393080937 -0.016095623125500211 0.15300761019562761 -0.013602267170501987 0.019669940505133623 0.059357357716295668 -0.01411117781975218 0.0064181450601027736 -0.062516462157557268 -0.051370531263795455 -0.0028922482513389193 0.061410307106097017 -0.056635803877374782 0.0065929626193444021 -0.0036459741541426172 -0.015886413866825069 -0.0092164503201048603
leaf_weight=1456.0179761210456 3.325478482991457 2.1818538922816506 9.6873179441317898 108.27000669250265 5.4979923069477064 3.4014318631961933 7.6357569508254528 4.6675004363060006 4.7836888590827584 26.810416032094508 17.750591475516558 90.149195700418204 21.257295608520511 2.3599121058359742 4.8654871527105552 1.1913906396366645 4.5896820609923452 9.6846562628634256 5.050289599923417 86.457940936554223 16.967479769140486 5.742712438106536 6.225525075569748 150.45854409039021 7.8839699849486342 5.8315660706721237 302.74418381857686 100.97564721945673 31.83255764353089 69.073891007574275
leaf_count=9116 25 15 57 834 27 21 55 27 32 181 109 524 608 35 56 21 105 128 83 1346 89 27 48 805 41 47 2203 678 193 641
internal_value=-0.000309765 -0.00169856 0.00194933 0.00685258 0.031987 0.00420934 -0.00405811 0.0584165 0.0365547 0.00319308 0.00989377 -0.00402671 -0.0103639 0.0329687 -0.0118425 -0.0284091 0.0207335 -0.00761909 0.022334 -0.0107083 6.20326e-05 0.0026003 -0.00440182 0.000900652 0.0238641 -0.0158595 0.00172924 -0.0068139 0.00445421 -0.0127016
internal_weight=2573.37 1593.66 979.715 272.292 25.9104 246.382 10.9612 14.9492 10.2817 242.98 126.021 116.96 137.639 4.54177 133.097 27.0384 5.78107 106.058 9.91578 96.1426 707.423 450.982 256.441 175.31 24.8514 81.131 441.295 106.718 334.577 75.2994
internal_count=18177 11513 6664 1835 166 1669 80 86 59 1648 943 705 2397 50 2347 734 126 1613 139 1474 4829 3158 1671 935 130 736 3101 705 2396 689
is_linear=0
shrinkage=0.05


Tree=142
num_leaves=22
num_cat=0
split_feature=9 17 15 1 12 0 9 0 15 11 9 0 14 18 9 13 7 13 17 13 0
split_gain=2.93155 9.5125 2.69741 6.32527 7.69009 6.50714 4.07578 2.75469 4.503 6.70127 5.86487 4.62126 8.92727 4.63605 3.68023 3.88312 9.57179 4.56872 1.83103 0.563801 0.00175692
threshold=561.00000000000011 239.00000000000003 793.50000000000011 11.500000000000002 38.483333333333341 2010.5000000000002 503.00000000000006 2010.5000000000002 741.50000000000011 15.500000000000002 473.00000000000006 2015.5000000000002 36.500000000000007 15.500000000000002 413.00000000000006 56.12916666666667 54.500000000000007 55.878676470588239 1130.0000000000002 55.220486111111121 2000.5000000000002
decision_type=2 2 2 2 2 2 2 2 2 2 2 2 2 2 2 2 2 2 2 2 2
left_child=2 -2 7 4 -4 18 -7 14 11 -10 -11 13 -13 -9 19 17 -17 -16 -6 20 -1
right_child=1 -3 3 -5 5 6 -8 8 9 10 -12 12 -14 -15 15 16 -18 -19 -20 -21 -22
leaf_value=-0.056321380448695349 0.098798260527684936 -0.018836371045832953 -0.047696146671824223 0.055736795465682568 0.0038896738915567331 0.067224229823014139 0.0038864548860055646 -0.0026246320423861866 0.027467339334980884 0.0052775670582249148 -0.044491516790518437 0.0022807412405360951 -0.015570134650723131 -0.013620082128120593 0.0018071412852334102 0.048335356371719332 -0.0040449238694543555 0.012395235396463164 -0.044785566844656233 -0.015256450436614114 -0.053916205972448152
leaf_weight=1.207772504538297 3.0269107897765926 3.9759386819787323 5.8908524550497594 7.0861951038241378 4.5985217355191734 6.6728119701147062 4.1009316332638264 393.32797870412469 6.1709838304668656 8.3570722788572329 20.293739967513829 777.67952152283397 76.971090004313737 126.760850984836 632.07236111932434 8.9401181200519186 356.87021819525398 121.46028982894495 3.3319628946483135 1.246172960847616 2.0446766167879105
leaf_count=14 24 28 30 33 27 34 28 2779 33 42 123 5619 535 815 4447 83 2465 941 19 23 35
internal_value=-0.000296435 0.03201 -0.000384634 0.0141145 0.00212257 0.0178129 0.0431153 -0.000565952 -0.00203815 -0.0197949 -0.0299745 -0.00158837 0.000673065 -0.00530454 0.00128052 0.00146191 -0.00276479 0.00351381 -0.016561 -0.0438527 -0.0548093
internal_weight=2572.09 7.00285 2565.08 31.6813 24.5951 18.7042 10.7737 2533.4 1409.56 34.8218 28.6508 1374.74 854.651 520.089 1123.84 1119.34 365.81 753.533 7.93048 4.49862 3.25245
internal_count=18177 52 18125 171 138 108 62 17954 9946 198 165 9748 6154 3594 8008 7936 2548 5388 46 72 49
is_linear=0
shrinkage=0.05


Tree=143
num_leaves=25
num_cat=0
split_feature=8 13 17 8 12 14 8 17 5 13 6 13 11 17 16 12 0 17 6 0 11 8 1 12
split_gain=2.90531 2.57298 3.71845 3.25902 3.09456 2.87706 2.66106 4.61496 2.29565 3.57979 4.46342 2.60781 2.23848 4.79075 3.68377 0.915682 0.000155968 4.06204e-05 3.35242e-05 1.77234e-05 1.36369e-05 4.44674e-06 1.00966e-06 1.23012e-07
threshold=40.45000000000001 57.422619047619051 153.50000000000003 32.850000000000001 57.136666666666677 24.500000000000004 35.350000000000001 1014.0000000000001 1.5000000000000002 55.031250000000007 4.5000000000000009 54.066964285714292 16.500000000000004 103.50000000000001 15.500000000000002 82.812500000000014 2002.5000000000002 843.50000000000011 3.5000000000000004 2003.5000000000002 14.500000000000002 40.650000000000013 4.5000000000000009 61.553125000000001
decision_type=2 2 2 2 2 2 2 2 2 2 2 2 2 2 2 2 2 2 2 2 2 2 2 2
left_child=1 3 4 -1 -3 6 -4 -8 12 11 -11 -10 14 -14 -5 16 17 18 -2 23 -21 -20 -22 -18
right_child=15 2 5 8 -6 -7 7 -9 9 10 -12 -13 13 -15 -16 -17 19 -19 21 20 22 -23 -24 -25
leaf_value=-0.039099656099882862 -0.051282295472750067 -0.014589098113207391 0.02216705086781922 -0.00072499767674809432 0.055270229979546642 -0.059337133683538427 -0.0088999014050557719 -0.064380944320353767 0.011940944680836917 0.012088292298746245 -0.010372074393341577 -0.0334644116095014 -0.010220080112475346 -5.1477052354282783e-05 0.0043334149295786674 0.0095696713263124303 -0.050744896012812117 -0.05147025761129366 -0.050897417732150077 -0.050674117823316524 -0.050351613135751205 -0.050633971041071472 -0.05026234848730167 -0.050693041508369556
leaf_weight=5.3249903172254553 0.42840533936396175 3.1004741396754971 4.1001082658767762 771.02589354198426 3.2436554357409477 4.2109859380871049 16.012016717344526 4.8937075100839129 3.8599225170910385 33.663206949830055 64.503223656211048 17.496602737344801 134.72065929975361 826.0496903420426 675.02304967539385 0.75773791084066022 0.23920680768787894 0.50660870131105173 0.2420209595002234 0.29626938514411438 0.53325055656023301 0.47364760283380747 0.78034543176181614 0.21915143355727196
leaf_count=23 23 25 20 5721 32 26 102 32 30 213 584 137 1321 5376 4068 35 20 22 18 29 87 43 170 20
internal_value=-0.000282643 -0.000212466 -0.0135683 -2.4863e-05 0.0211289 -0.0211025 -0.0146638 -0.0218872 5.74983e-05 -0.00670603 -0.00266997 -0.025258 0.000393376 -0.00147733 0.0016363 -0.0405276 -0.0507351 -0.0510975 -0.0509325 -0.0504458 -0.0503677 -0.0507231 -0.0502986 -0.0507201
internal_weight=2571.7 2567.23 35.5609 2531.67 6.34413 29.2168 25.0058 20.9057 2526.34 119.523 98.1664 21.3565 2406.82 960.77 1446.05 4.47664 3.71891 1.65068 1.14407 2.06822 1.60987 0.715669 1.3136 0.458358
internal_count=18177 17710 237 17473 57 180 154 134 17450 964 797 167 16486 6697 9789 467 432 106 84 326 286 61 257 40
is_linear=0
shrinkage=0.05


Tree=144
num_leaves=31
num_cat=0
split_feature=9 13 9 17 12 0 0 12 1 17 17 0 13 12 15 13 12 0 12 7 12 13 12 15 15 12 12 9 11 9
split_gain=2.94974 4.62276 4.80685 4.42603 3.82075 5.42106 7.72802 9.02622 5.54561 5.82205 5.10692 8.41285 8.03671 7.14571 6.3588 4.20957 4.20397 4.0059 3.68075 3.52865 3.10353 3.06205 4.80971 4.01014 7.56323 7.03639 3.62253 10.1384 5.68034 4.50917
threshold=489.00000000000006 57.379807692307701 495.00000000000006 1014.0000000000001 59.545208333333342 2019.5000000000002 2007.5000000000002 54.603125000000013 7.5000000000000009 1170.0000000000002 740.50000000000011 2003.5000000000002 54.620192307692314 81.309375000000017 497.50000000000006 54.720486111111121 54.703125000000007 2016.5000000000002 57.136666666666677 56.750000000000007 120.67222222222223 55.942810457516345 18.805000000000003 129.50000000000003 136.50000000000003 32.583689839572202 38.314583333333339 465.00000000000006 27.000000000000004 459.00000000000006
decision_type=2 2 2 2 2 2 2 2 2 2 2 2 2 2 2 2 2 2 2 2 2 2 2 2 2 2 2 2 2 2
left_child=20 4 -3 18 5 6 7 -2 9 -7 11 13 17 -6 -14 -13 -8 -12 -4 -10 21 26 -23 25 -25 -24 27 -1 -29 -28
right_child=1 2 3 -5 10 8 16 -9 19 -11 12 15 14 -15 -16 -17 -18 -19 -20 -21 -22 22 23 24 -26 -27 29 28 -30 -31
leaf_value=-0.00626318477326312 0.011384990898349729 -0.068832387593564734 -0.032653113505536811 -0.063575373468476096 0.046356841244109194 0.012546805322338801 -0.0092609181340025902 -0.019061431348348794 -0.021385377295198557 0.054941418181124781 -0.044636588240220258 -0.035846070734547354 0.019295773037544598 -0.020723767112296513 -0.0087854803196454247 -0.0015097591808730208 0.0067384101920990556 0.018523609031287337 0.021202611534395229 0.0099218905099179716 0.023369002522022272 0.047013953095370639 -0.032801443763840761 -0.040184096932517593 -0.0059187556213543459 0.0058908395690453006 0.003545652728059494 0.011734309508334222 0.043672025528725816 -0.0044144404183323752
leaf_weight=87.103844519238919 144.29648505244404 4.2328488761559155 4.8473655362613526 3.0823139995336524 16.118780629243705 64.842208931222558 272.35114716901444 29.283021258655936 18.404666747897863 9.254088419955222 8.7704834342002851 9.5157178002409619 143.21384664694779 5.2673426996916524 23.462284633889794 144.10044440836646 48.346203590510413 3.5172272510826579 9.1824381994083506 17.613966844044626 12.350117497146128 4.4931697249412528 12.910954702645538 16.693956363946199 455.80254284455441 130.68174529541284 278.62673750333488 83.535578297683969 16.706497758161277 492.17824450077023
leaf_count=587 921 30 30 19 128 482 1800 212 106 50 55 74 864 42 135 1164 365 18 62 107 96 27 99 133 3119 1161 2172 510 110 3499
internal_value=-0.00026922 0.00188916 -0.0211247 -0.00932375 0.00240173 -1.42934e-05 -0.00224936 0.00624865 0.0100183 0.0178416 0.00652707 0.0004537 0.012466 0.0298351 0.0153429 -0.00363671 -0.00684897 -0.0265576 0.0025952 -0.00607538 -0.00159823 -0.00179355 -0.00452969 -0.0049056 -0.0071294 0.00241187 -2.13812e-05 0.00621466 0.0170571 -0.00153707
internal_weight=2570.79 979.703 21.345 17.1121 958.358 604.392 494.277 173.58 110.115 74.0963 353.966 175.002 178.964 21.3861 166.676 153.616 320.697 12.2877 14.0298 36.0186 1591.08 1578.73 620.582 616.089 472.496 143.593 958.151 187.346 100.242 770.805
internal_count=18177 6664 141 111 6523 4043 3298 1133 745 532 2480 1408 1072 170 999 1238 2165 73 92 213 11513 11417 4539 4512 3252 1260 6878 1207 620 5671
is_linear=0
shrinkage=0.05


end of trees

feature_importances:
last_3f=555
jockey_frequency=434
horse_weight_kg=433
trainer_frequency=426
year=353
race_avg_odds=353
race_avg_weight=291
field_size=289
age=211
jockey_encoded=193
month=155
trainer_encoded=146
weight=119
venue_code=100
race_type_encoded=81
sex_encoded=51
day_of_week=50
race_number=13

parameters:
[boosting: gbdt]
[objective: binary]
[metric: auc]
[tree_learner: serial]
[device_type: cpu]
[data_sample_strategy: bagging]
[data: ]
[valid: ]
[num_iterations: 200]
[learning_rate: 0.05]
[num_leaves: 31]
[num_threads: 0]
[seed: 0]
[deterministic: 0]
[force_col_wise: 0]
[force_row_wise: 0]
[histogram_pool_size: -1]
[max_depth: 6]
[min_data_in_leaf: 20]
[min_sum_hessian_in_leaf: 0.001]
[bagging_fraction: 0.8]
[pos_bagging_fraction: 1]
[neg_bagging_fraction: 1]
[bagging_freq: 5]
[bagging_seed: 3]
[bagging_by_query: 0]
[feature_fraction: 0.8]
[feature_fraction_bynode: 1]
[feature_fraction_seed: 2]
[extra_trees: 0]
[extra_seed: 6]
[early_stopping_round: 0]
[early_stopping_min_delta: 0]
[first_metric_only: 0]
[max_delta_step: 0]
[lambda_l1: 0]
[lambda_l2: 0]
[linear_lambda: 0]
[min_gain_to_split: 0]
[drop_rate: 0.1]
[max_drop: 50]
[skip_drop: 0.5]
[xgboost_dart_mode: 0]
[uniform_drop: 0]
[drop_seed: 4]
[top_rate: 0.2]
[other_rate: 0.1]
[min_data_per_group: 100]
[max_cat_threshold: 32]
[cat_l2: 10]
[cat_smooth: 10]
[max_cat_to_onehot: 4]
[top_k: 20]
[monotone_constraints: ]
[monotone_constraints_method: basic]
[monotone_penalty: 0]
[feature_contri: ]
[forcedsplits_filename: ]
[refit_decay_rate: 0.9]
[cegb_tradeoff: 1]
[cegb_penalty_split: 0]
[cegb_penalty_feature_lazy: ]
[cegb_penalty_feature_coupled: ]
[path_smooth: 0]
[interaction_constraints: ]
[verbosity: -1]
[saved_feature_importance_type: 0]
[use_quantized_grad: 0]
[num_grad_quant_bins: 4]
[quant_train_renew_leaf: 0]
[stochastic_rounding: 1]
[linear_tree: 0]
[max_bin: 255]
[max_bin_by_feature: ]
[min_data_in_bin: 3]
[bin_construct_sample_cnt: 200000]
[data_random_seed: 1]
[is_enable_sparse: 1]
[enable_bundle: 1]
[use_missing: 1]
[zero_as_missing: 0]
[feature_pre_filter: 1]
[pre_partition: 0]
[two_round: 0]
[header: 0]
[label_column: ]
[weight_column: ]
[group_column: ]
[ignore_column: ]
[categorical_feature: ]
[forcedbins_filename: ]
[precise_float_parser: 0]
[parser_config_file: ]
[objective_seed: 5]
[num_class: 1]
[is_unbalance: 0]
[scale_pos_weight: 1]
[sigmoid: 1]
[boost_from_average: 1]
[reg_sqrt: 0]
[alpha: 0.9]
[fair_c: 1]
[poisson_max_delta_step: 0.7]
[tweedie_variance_power: 1.5]
[lambdarank_truncation_level: 30]
[lambdarank_norm: 1]
[label_gain: ]
[lambdarank_position_bias_regularization: 0]
[eval_at: ]
[multi_error_top_k: 1]
[auc_mu_weights: ]
[num_machines: 1]
[local_listen_port: 12400]
[time_out: 120]
[machine_list_filename: ]
[machines: ]
[gpu_platform_id: -1]
[gpu_device_id: -1]
[gpu_use_dp: 0]
[num_gpu: 1]

end of parameters

pandas_categorical:[]
