tree
version=v4
num_class=1
num_tree_per_iteration=1
label_index=0
max_feature_idx=18
objective=binary sigmoid:1
feature_names=year month day_of_week venue_code race_number sex_encoded age weight last_3f horse_weight_kg horse_weight_change field_size race_avg_odds race_avg_weight trainer_encoded trainer_frequency jockey_encoded jockey_frequency race_type_encoded
feature_infos=[2000:2024] [2:12] [0:6] [5:9] [11:12] [0:2] [2:13] [48:63.5] [13.300000000000001:102.7] [340:628] none [6:72] [8.5222222222222221:205.93125000000001] [51.899999999999999:63.5] [0:50] [1:795] [0:50] [1:1441] [0:20]
tree_sizes=3342 3432 3438 3437 3420 3445 3435 3442 3449 3445 3445 3439 3434 3448 3451 3462 3439 3446 3457 3450 3436 3445 3441 3441 3450 3449 3458 3461 3430 3440 3467 3468 3452 3456 3449 3444 3443 3456 3459 3458 3450 3439 3442 3461 3463 3450 3437 3455 3443 3430 3433 3439 3447 3444 3447 3450 3444 3451 3430 3448 3445 3443 3461 3439 3462 3445 3463 3438 3453 3418 3442 3437 3473 3464 3454 3452 3467 3446 3450 3457 3460 3432 3466 3426 3425 3420 3444 3445 3426 3437 3425 3416 3439 3449 3452 3435 3444 3439 3455 3424 3448 3431 3433 3430 3428 3455 3456 3442 3469 3442 3426 3438 3407 3442 3441 3437 3466 3435 3441 3453 3447 3443 3443 3466 3446 3436 3448 3438 3408 3424 3442 3425 3446 3465 3457 3230 3023 3328 3445 3440 3444 3454 3436 3460 3465 3448 3438 3443 3412 3449 3463 3468 3435 3442 3454 3137 3432 3446 3428 2900 3436 3435 3421 3421 3433 3452 3439 3440 3452 3454 3425 3439 3416 3443 3441 3425 3429 3448 3434 3443 3403 3409 2782 3011 3420 3410 3435 3429 3432 3436 3448

Tree=0
num_leaves=31
num_cat=0
split_feature=8 6 8 5 8 17 4 4 17 17 8 16 17 16 16 8 6 0 8 18 17 0 8 0 9 17 17 17 12 6
split_gain=984.777 399.542 284.007 223.768 94.9621 93.1862 76.2432 54.4422 53.7557 50.8024 42.5347 42.4071 39.5111 36.6108 50.3744 36.3914 33.7962 31.3913 29.8621 27.5693 25.5849 25.2795 21.7751 21.6237 19.8587 18.0562 18.0313 16.9259 15.5751 14.3226
threshold=37.250000000000007 5.5000000000000009 34.550000000000004 1.0000000180025095e-35 38.050000000000004 1253.5000000000002 11.500000000000002 11.500000000000002 622.50000000000011 740.50000000000011 13.850000000000003 2.5000000000000004 638.50000000000011 2.5000000000000004 11.500000000000002 35.45000000000001 6.5000000000000009 2001.5000000000002 34.050000000000004 17.500000000000004 1369.0000000000002 2014.5000000000002 39.45000000000001 2003.5000000000002 493.00000000000006 865.50000000000011 1369.0000000000002 934.00000000000011 40.95277777777779 6.5000000000000009
decision_type=2 2 2 2 2 2 2 2 2 2 2 2 2 2 2 2 2 2 2 2 2 2 2 2 2 2 2 2 2 2
left_child=1 2 9 5 16 6 -4 15 10 17 -3 -10 -9 21 -15 -5 23 -1 25 -7 -20 -11 26 -2 -19 -13 -6 -25 -12 -30
right_child=4 8 3 7 22 19 -8 12 11 13 28 18 -14 14 -16 -17 -18 24 20 -21 -22 -23 -24 27 -26 -27 -28 -29 29 -31
leaf_value=-1.285470515338853 -1.3919337945474299 -1.3298104556773918 -1.3881807087800955 -1.4017996474934331 -1.4373041363244841 -1.3454335006095091 -1.363911513212553 -1.4049605205673736 -1.3176354813358264 -1.3697164019820767 -1.4092301522542829 -1.3303011743846958 -1.3746685154040268 -1.3822028509055069 -1.3351748340926404 -1.4305888807910079 -1.4494031975810868 -1.3727107875633806 -1.4106699808205505 -1.2885771353625723 -1.3668102788578635 -1.2787634930545249 -1.4526067072907574 -1.4229405128483008 -1.3430008681238808 -1.3864171028590973 -1.3864571373005612 -1.4030482352956117 -1.4202818490954203 -1.4395738964572893
leaf_weight=12.404166072607039 105.43541161715984 12.404166072607039 666.96246805787086 219.29929505288601 586.17636081576347 145.98749300837517 628.63677544891834 237.74651639163494 15.584721475839613 9.5416662096977216 141.21665990352631 18.288193568587303 196.71735168993473 68.54096893966198 336.50276166200638 219.7763783633709 69.177080020308495 267.16665387153625 382.30275946855545 24.96735991537571 36.417359367012978 38.325692608952522 282.59234757721424 348.58887219429016 71.244441032409668 66.314580157399178 17.970138028264046 154.25693705677986 223.27498930692673 169.04651968181133
leaf_count=78 663 78 4194 1379 3686 918 3953 1495 98 60 888 115 1237 431 2116 1382 435 1680 2404 157 229 241 1777 2192 448 417 113 970 1404 1063
internal_value=-1.39651 -1.38392 -1.37495 -1.38376 -1.43038 -1.37183 -1.37641 -1.40379 -1.41039 -1.34931 -1.42134 -1.39887 -1.39124 -1.33825 -1.34313 -1.41621 -1.41629 -1.36359 -1.40138 -1.33713 -1.40686 -1.29689 -1.44115 -1.41252 -1.36646 -1.37429 -1.43579 -1.41684 -1.42347 -1.42859
internal_weight=5772.87 4208.67 3143.82 2340.09 1564.2 1466.55 1295.6 873.54 1064.85 803.726 545.942 518.908 434.464 452.911 405.044 439.076 677.458 350.815 503.323 170.955 418.72 47.8674 886.739 608.281 338.411 84.6028 604.146 502.846 533.538 392.322
internal_count=36301 26465 19769 14715 9836 9222 8147 5493 6696 5054 3433 3263 2732 2848 2547 2761 4260 2206 3165 1075 2633 301 5576 3825 2128 532 3799 3162 3355 2467
is_linear=0
shrinkage=1


Tree=1
num_leaves=31
num_cat=0
split_feature=8 6 8 5 17 8 15 3 17 9 8 17 17 8 11 8 17 17 11 18 12 6 12 17 1 12 17 13 6 6
split_gain=901.684 363.587 252.164 204.819 80.3451 78.8395 75.269 50.2401 49.6031 41.5304 38.2678 37.1766 36.4311 34.8912 34.0165 33.5288 30.128 28.1058 37.8432 24.445 24.0343 23.0081 25.0625 21.4331 22.0017 18.5301 17.8321 16.1586 15.5876 13.7453
threshold=37.350000000000001 5.5000000000000009 34.550000000000004 1.0000000180025095e-35 1253.5000000000002 38.650000000000013 387.50000000000006 5.5000000000000009 622.50000000000011 431.00000000000006 13.850000000000003 1253.5000000000002 365.00000000000006 34.45000000000001 16.500000000000004 33.050000000000004 740.50000000000011 865.50000000000011 41.000000000000007 17.500000000000004 56.102136752136758 4.5000000000000009 25.73721590909091 1369.0000000000002 9.5000000000000018 23.056818181818183 1408.5000000000002 56.870833333333344 6.5000000000000009 6.5000000000000009
decision_type=2 2 2 2 2 2 2 2 2 2 2 2 2 2 2 2 2 2 2 2 2 2 2 2 2 2 2 2 2 2
left_child=1 2 6 4 12 7 16 -2 10 -5 -3 21 -4 17 -11 -8 20 18 -10 -6 -1 22 -9 24 -15 -18 -17 -13 -12 -19
right_child=5 8 3 9 19 -7 15 11 13 14 28 27 -14 23 -16 26 25 29 -20 -21 -22 -23 -24 -25 -26 -27 -28 -29 -30 -31
leaf_value=0.035798142012605748 -0.040852838915244327 0.060770636198676488 0.0074771405796204716 -0.040360954124134089 0.046217450308532318 -0.049632390098049414 0.14914774032040606 0.11646135363888961 0.036771861987571451 0.0071935878429373705 -0.019084886053796657 0.044876292410910214 0.024570499993243358 -0.0055847357457794013 -0.013402414290581225 0.060705666378078837 0.11015061573691598 0.020139607661889783 0.18766928966107521 0.097871437549330961 0.0060813183965891977 -0.02974858698433834 -0.010927982394618556 0.028149546233307544 -0.032200232068324376 0.042268790288975407 0.14132044057188661 -0.062280576162746473 -0.036289705132694958 -0.018171103364914818
leaf_weight=145.53751382231712 332.5316908955574 12.903537243604658 487.18372525274754 86.856471329927444 153.81333877146244 534.46037200093269 12.012986510992048 3.920303836464881 31.602308541536331 369.69303891062737 311.38341370224953 31.742087841033936 865.46640899777412 247.1754654198885 437.98918750882149 210.15141227841377 10.386259868741034 59.949872970581055 4.7839059531688681 26.91215106844902 127.77749484777451 275.88197588920593 255.20452953875065 33.007997259497643 113.2118486315012 313.64983803033829 7.091294825077056 3.9565891027450553 228.07926887273788 38.41548715531826
leaf_count=897 2125 78 3028 550 939 3461 73 25 194 2331 1983 201 5382 1566 2770 1283 63 376 29 159 788 1767 1630 204 717 1907 43 25 1466 241
internal_value=-9.72993e-05 0.0112827 0.0196263 0.0115054 0.0225975 -0.0344111 0.0434789 -0.0254044 -0.0138481 -0.00750812 -0.0243235 -0.0164031 0.018414 -0.00289221 -0.00397519 0.0678336 0.0341318 0.0190661 0.0566112 0.0539093 0.0219052 -0.0196996 -0.00900071 -0.0104137 -0.0139457 0.0444446 0.0633371 0.0329998 -0.0263589 0.00517779
internal_weight=5772.73 4335.03 3254.52 2427.91 1533.38 1437.7 826.607 903.237 1080.51 894.539 552.366 570.705 1352.65 528.147 807.682 229.256 597.351 134.752 36.3862 180.725 273.315 535.007 259.125 393.395 360.387 324.036 217.243 35.6987 539.463 98.3654
internal_count=36301 27067 20213 15159 9508 9234 5054 5773 6854 5651 3527 3648 8410 3327 5101 1399 3655 840 223 1098 1685 3422 1655 2487 2283 1970 1326 226 3449 617
is_linear=0
shrinkage=0.05


Tree=2
num_leaves=31
num_cat=0
split_feature=8 6 8 5 8 17 8 4 4 15 17 16 0 8 6 3 11 17 8 6 8 17 11 3 17 17 8 16 0 0
split_gain=826.171 317.945 216.232 159.628 88.8694 74.5887 60.6478 59.1385 54.1112 49.2158 46.0893 35.1581 34.265 34.127 32.119 29.6624 28.8776 27.1541 24.5902 21.8208 21.2904 21.2758 22.5352 21.0088 22.3414 20.9705 20.0612 19.1084 16.6516 15.8441
threshold=37.250000000000007 5.5000000000000009 34.150000000000013 1.0000000180025095e-35 38.050000000000004 1327.5000000000002 34.850000000000001 11.500000000000002 11.500000000000002 381.50000000000006 622.50000000000011 2.5000000000000004 2013.5000000000002 13.850000000000003 6.5000000000000009 5.5000000000000009 16.500000000000004 666.50000000000011 34.050000000000004 4.5000000000000009 39.45000000000001 622.50000000000011 35.000000000000007 5.5000000000000009 1170.0000000000002 1369.0000000000002 33.050000000000004 2.5000000000000004 2018.5000000000002 2022.5000000000002
decision_type=2 2 2 2 2 2 2 2 2 2 2 2 2 2 2 2 2 2 2 2 2 2 2 2 2 2 2 2 2 2
left_child=1 2 9 5 14 7 12 -4 -8 21 13 -12 -5 -3 15 29 17 -17 -13 -7 23 22 -1 -6 -25 -20 -11 -23 -28 -2
right_child=4 10 3 6 20 19 8 -9 -10 26 11 18 -14 -15 -16 16 -18 -19 25 -21 -22 27 -24 24 -26 -27 28 -29 -30 -31
leaf_value=0.032346961166152342 -0.032749289268053199 0.05570977932189191 0.0098824253010662676 0.03499381999424251 -0.051062772557229942 0.06739431061869583 -0.023830268336971001 0.02961953851015281 0.0030359574477213107 0.1300567221020581 0.069593592871554796 0.019656320451627945 -0.0012953539242297686 -0.025231551924707957 -0.051465640806532903 -0.0097076669231511842 -0.02871616619655952 0.023107465651415887 -0.013198313280858865 0.02827315842746311 -0.054519207299515884 0.096874396501742829 -0.018937638192296907 -0.03466200733834604 0.0059008025669109168 0.025948148340423652 0.075711274887244814 0.042716996605676925 0.039317996529671849 0.016174229673315756
leaf_weight=100.59078493714333 208.28212770819664 13.359511971473692 805.65489527583122 140.89959473907948 188.95254370570183 110.39761726558208 356.49766473472118 717.55155707895756 395.16828972101212 13.057564944028853 16.505053922533989 86.597223520278931 120.83254842460155 516.39375464618206 65.643937528133392 166.61702658236027 100.52831511199474 101.41183108091354 376.49630941450596 52.640110924839973 264.65639187395573 17.674964010715485 27.215928450226784 350.34450723230839 37.588648244738579 37.630075961351395 112.47720462083817 207.4530139118433 43.619981944561005 17.977347239851952
leaf_count=612 1349 78 4955 864 1251 648 2287 4371 2485 73 98 532 741 3355 435 1072 643 644 2404 310 1777 102 166 2306 242 229 662 1236 257 117
internal_value=-0.000109529 0.0111126 0.0188916 0.0131952 -0.0320031 0.0226206 -0.00248829 0.0191802 -0.00970607 0.0483471 -0.0128245 -0.00220764 0.0182404 -0.0231903 -0.0182745 -0.0146116 -0.00586308 0.00270832 -0.00457439 0.0547632 -0.0427776 0.0377192 0.0214261 -0.0373909 -0.0307317 -0.00964122 0.0705216 0.0469689 0.0655415 -0.0288621
internal_weight=5770.72 4268.71 3221.73 2699.64 1502 1686.24 1013.4 1523.21 751.666 522.089 1046.98 517.229 261.732 529.753 660.461 594.817 368.557 268.029 500.724 163.038 841.542 352.935 127.807 576.886 387.933 414.126 169.155 225.128 156.097 226.259
internal_count=36301 26465 19769 16661 9836 10284 6377 9326 4772 3108 6696 3263 1605 3433 4260 3825 2359 1716 3165 958 5576 2116 778 3799 2548 2633 992 1338 919 1466
is_linear=0
shrinkage=0.05


Tree=3
num_leaves=31
num_cat=0
split_feature=8 6 8 5 8 4 15 4 3 13 6 8 18 8 12 9 6 9 11 15 7 12 9 8 7 12 11 11 9 13
split_gain=758.389 290.925 191.598 161.992 74.4284 61.5488 54.6654 46.2946 45.8457 43.3265 36.2967 35.5889 33.2423 29.6165 29.5244 28.9211 28.5327 25.605 28.8165 23.7582 23.7476 19.4442 19.121 17.8293 15.4485 15.3256 14.7785 12.8538 12.3029 11.7345
threshold=37.350000000000001 5.5000000000000009 34.550000000000004 1.0000000180025095e-35 38.650000000000013 11.500000000000002 402.50000000000006 11.500000000000002 5.5000000000000009 54.25833333333334 6.5000000000000009 35.45000000000001 15.500000000000002 36.350000000000001 19.080000000000002 483.00000000000006 4.5000000000000009 439.00000000000006 13.500000000000002 220.50000000000003 57.250000000000007 25.73721590909091 529.00000000000011 33.050000000000004 58.250000000000007 48.666727941176482 12.500000000000002 31.000000000000004 495.00000000000006 55.806250000000006
decision_type=2 2 2 2 2 2 2 2 2 2 2 2 2 2 2 2 2 2 2 2 2 2 2 2 2 2 2 2 2 2
left_child=1 2 6 5 8 9 17 11 -2 -4 13 -5 -7 19 -12 -9 21 -1 -19 28 25 -10 -23 29 -21 -16 -25 -15 -3 -8
right_child=4 10 3 7 -6 12 23 15 16 -11 14 -13 -14 27 20 -17 -18 18 -20 24 -22 22 -24 26 -26 -27 -28 -29 -30 -31
leaf_value=-0.0026239461308803407 -0.038869538334127603 -0.019332344375804535 0.050668656237254354 -0.004241314336065608 -0.047799391223848742 0.024423211154665114 0.067368560629633353 -0.0026450948761426994 0.097653936485848955 0.0067173702089292665 0.085408140921244713 -0.032924898307021548 0.049572898808188812 -0.014702710580159149 -0.018342244803788901 0.027308087608705664 -0.026239415412685835 0.058524049325443452 0.028287806823342504 0.0098507333828458596 0.0025235186202360428 -0.0080533047852088743 0.060303628803910651 0.093639000492261121 0.092401610579590066 -0.039079856938458946 0.050729540565913223 -0.046092300378255818 0.007121828386905945 0.16306211523022626
leaf_weight=54.729009538888931 316.52399256825447 141.7196746468544 60.697524964809418 216.09252797067165 503.0362851023674 609.38932414352894 6.3091451972722989 349.74134957790375 4.6576310396194449 735.88352186977863 6.1008038073778144 216.46945102512836 167.50748734176159 122.09093841910362 154.31663204729557 104.7165551930666 282.21097253262997 93.863235980272293 491.02402248978615 248.55953632295132 64.831102252006531 261.33331137895584 10.64705093204975 22.424583405256271 5.7996394783258429 210.78785572946072 190.79922896623611 44.501313790678978 63.706455409526825 6.5084326863288879
leaf_count=323 2125 909 371 1379 3461 3650 33 2197 28 4487 39 1419 1000 791 1003 656 1859 550 2893 1584 413 1692 69 128 36 1381 1093 288 410 34
internal_value=-0.000119754 0.010042 0.0173177 0.0101998 -0.0324727 0.0198323 0.0375494 -0.00688738 -0.0236652 0.0100664 -0.0127364 -0.0185956 0.0298458 -0.00502558 -0.0238132 0.00425674 -0.0150537 0.03008 0.0331401 0.0015188 -0.025363 -0.00364268 -0.00537738 0.0586852 0.011733 -0.0303148 0.0552423 -0.0230877 -0.0111284 0.115959
internal_weight=5766.98 4388.57 3326.16 2460.5 1378.41 1573.48 865.658 887.02 875.373 796.581 1062.41 432.562 776.897 626.378 436.036 454.458 558.849 639.616 584.887 459.785 429.936 276.638 271.98 226.041 254.359 365.104 213.224 166.592 205.426 12.8176
internal_count=36301 27067 20213 15159 9234 9508 5054 5651 5773 4858 6854 2798 4650 4018 2836 2853 3648 3766 3443 2939 2797 1789 1761 1288 1620 2384 1221 1079 1319 67
is_linear=0
shrinkage=0.05


Tree=4
num_leaves=31
num_cat=0
split_feature=8 8 17 11 8 4 17 17 8 16 3 17 0 17 16 11 4 0 11 17 18 0 9 11 17 0 0 0 4 12
split_gain=695.055 189.859 124.023 88.6728 72.0735 66.1383 60.4828 55.5462 54.2832 43.912 43.5486 43.3445 40.6045 39.327 31.844 29.1547 25.453 25.2943 24.2455 24.1159 23.3096 20.4988 20.0508 19.5895 19.5176 17.1017 15.887 15.4919 15.0543 13.6614
threshold=37.350000000000001 34.45000000000001 1327.5000000000002 16.500000000000004 38.650000000000013 11.500000000000002 483.50000000000006 622.50000000000011 35.150000000000013 2.5000000000000004 5.5000000000000009 486.00000000000006 2003.5000000000002 96.500000000000014 11.500000000000002 16.500000000000004 11.500000000000002 2014.5000000000002 11.500000000000002 1014.0000000000001 15.500000000000002 2001.5000000000002 449.00000000000006 31.000000000000004 648.00000000000011 2011.5000000000002 2008.5000000000002 2008.5000000000002 11.500000000000002 49.421634615384619
decision_type=2 2 2 2 2 2 2 2 2 2 2 2 2 2 2 2 2 2 2 2 2 2 2 2 2 2 2 2 2 2
left_child=1 7 3 6 10 8 -3 18 -5 17 -2 -8 24 -7 28 19 27 26 -1 -14 29 -20 -19 -23 -12 -16 -9 -4 -11 -18
right_child=4 2 16 5 -6 13 11 9 -10 14 12 -13 15 -15 25 -17 20 22 21 -21 -22 23 -24 -25 -26 -27 -28 -29 -30 -31
leaf_value=0.05096904898667879 -0.037882643831062129 -0.0017548132404665011 0.041830376278211651 0.00044672543411480826 -0.046888879156266064 -0.020000721172845973 0.11388553328275659 0.090422897513502853 -0.025747435100097023 -0.005503216275434957 -0.0016851280572823325 0.016545374982662942 -0.020944047403283105 0.011107235279136025 0.049875470564708944 -0.044503702618153673 0.019191963837445616 0.016545876113786603 0.069677807581222648 0.012448544632165779 0.094353602737931017 0.01426730299644877 0.10650292282363727 -0.012134158298357104 0.043037786270191142 0.030806963885192291 -0.041614606749206438 0.009569351614341283 0.03634029622349054 0.058934795708927901
leaf_weight=38.306410774588585 308.73149317502975 716.30968129634857 63.451862797141075 301.17450553178787 487.55939888954163 128.35688970983028 11.589733853936194 3.5399518013000471 576.16274383664131 70.516001865267754 79.403544157743454 864.49558456242085 267.27553422749043 487.35945188999176 188.33272109925747 103.90885205566883 38.584872990846634 7.2868347316980353 13.450621172785757 67.779708176851273 27.3150544911623 247.146843329072 41.319770619273186 98.167325869202614 35.214357599616051 313.00270296633244 6.3914757668972015 89.987145990133286 30.920919433236122 49.188217118382454
leaf_count=227 2125 4499 378 1891 3461 807 71 20 3684 420 523 5330 1775 2993 1083 690 229 40 79 434 156 1493 222 603 226 1800 36 536 182 288
internal_value=-0.000128036 0.00947692 0.00365064 0.000814187 -0.031524 -0.00793956 0.00902183 0.0279402 -0.0167554 0.036816 -0.0228365 0.0178331 -0.0144453 0.00462224 0.0328009 -0.0213648 0.0362422 0.0781604 0.0131578 -0.0141889 0.0540168 0.0091206 0.0930171 0.00676179 0.0120552 0.0379703 0.00544876 0.0229103 0.0072519 0.0414639
internal_weight=5762.23 4412.36 3353.98 3085.45 1349.87 1493.05 1592.39 1058.38 877.337 661.31 862.313 876.085 553.582 615.716 602.772 438.964 268.527 58.538 397.071 335.055 115.088 358.765 48.6066 345.314 114.618 501.335 9.93143 153.439 101.437 87.7731
internal_count=36301 27067 20862 19275 9234 9375 9900 6205 5575 3803 5773 5401 3648 3800 3485 2899 1587 318 2402 2209 673 2175 262 2096 749 2883 56 914 602 517
is_linear=0
shrinkage=0.05


Tree=5
num_leaves=31
num_cat=0
split_feature=6 17 17 16 17 5 15 9 0 15 16 16 0 17 15 15 12 9 12 6 15 0 0 17 16 2 6 17 1 12
split_gain=334.24 155.484 64.449 69.9853 59.412 47.4041 46.8483 35.2217 33.0269 32.2002 30.5808 22.3432 23.877 22.2092 23.5713 24.2566 20.6406 18.2875 17.5805 17.4051 17.019 15.3188 15.1473 18.0825 14.8938 23.8777 16.8348 14.5621 12.9142 12.7182
threshold=5.5000000000000009 666.50000000000011 1327.5000000000002 2.5000000000000004 622.50000000000011 1.0000000180025095e-35 247.50000000000003 423.00000000000006 2007.5000000000002 379.50000000000006 1.5000000000000002 1.5000000000000002 2015.5000000000002 70.500000000000014 28.500000000000004 22.500000000000004 37.772474747474753 493.00000000000006 40.498263888888893 6.5000000000000009 240.00000000000003 2022.5000000000002 2007.5000000000002 105.50000000000001 33.500000000000007 5.5000000000000009 4.5000000000000009 622.50000000000011 10.500000000000002 48.666727941176482
decision_type=2 2 2 2 2 2 2 2 2 2 2 2 2 2 2 2 2 2 2 2 2 2 2 2 2 2 2 2 2 2
left_child=1 5 3 11 18 6 17 -5 -4 -9 -6 21 -13 -7 15 -15 -16 27 -2 20 -12 -3 23 -8 26 -26 -10 -1 -22 -21
right_child=4 2 8 7 10 13 22 9 24 -11 19 12 -14 14 16 -17 -18 -19 -20 29 28 -23 -24 -25 25 -27 -28 -29 -30 -31
leaf_value=-0.013155988808549677 -0.017481469591522816 0.033744622112301989 0.055733519727462315 -0.045343737216996596 0.068488739289995423 -0.025157083133829267 0.00068411111208662801 0.0060726606315107227 0.021533093358576019 0.022213987886541955 -0.016269925256552267 0.021004939153961469 0.081909525738413064 0.016524514820170793 0.011815947179647681 0.17851655131265534 -0.012675786066133832 0.0056346949904593595 -0.035397202693306373 -0.0096027962553086686 0.01044885717257709 -0.035846756337874534 0.0086757142986318182 0.036655498819877737 0.056671468992093993 0.018157400079115257 -0.028481981702484546 0.01575611015874356 -0.021691582602812239 -0.031838960562273887
leaf_weight=456.69711871445179 181.11887584626675 63.457880571484566 126.85691998898983 29.022715404629707 12.043034017086027 233.91140535473824 48.554597139358521 1199.5238548517227 56.983302667737007 416.16908177733421 186.32151578366756 22.923821315169334 54.000194102525711 7.5986374169588071 104.49196203052998 3.320838987827301 486.75335597991943 274.56434105336666 561.26566876471043 115.81642551720142 169.81952963769436 9.0334905683994275 373.61368604004383 124.56828258931637 64.972438156604767 105.73414757847786 23.87344066798687 48.142624959349632 38.303312927484512 144.58070960640907
leaf_count=2879 1205 380 739 183 71 1533 313 7407 332 2526 1208 136 309 48 664 21 3134 1738 3819 754 1081 55 2301 773 371 613 141 294 245 952
internal_value=-0.000142925 0.00673416 0.0161812 0.0122261 -0.0212961 -0.00275802 0.00312035 0.00924967 0.0349326 0.0102303 -0.0104644 0.0449899 0.0637596 -0.012082 -0.00700294 0.0657896 -0.00834731 -0.00475065 -0.0310263 -0.0119164 -0.00529321 0.0250725 0.0143409 0.0265668 0.0244432 0.0328162 0.00676584 -0.0103989 0.00453367 -0.021949
internal_weight=5744.04 4334.77 2172.55 1794.13 1409.27 2162.22 1326.14 1644.72 378.42 1615.69 666.885 149.415 76.924 836.076 602.165 10.9195 591.245 779.404 742.385 654.841 394.444 72.4914 546.737 173.123 251.563 170.707 80.8567 504.84 208.123 260.397
internal_count=36225 26890 13192 10996 9335 13698 8298 10116 2196 9933 4311 880 445 5400 3867 69 3798 4911 5024 4240 2534 435 3387 1086 1457 984 473 3173 1326 1706
is_linear=0
shrinkage=0.05


Tree=6
num_leaves=31
num_cat=0
split_feature=6 15 5 16 7 16 16 16 13 9 16 12 0 12 12 13 16 12 6 13 9 13 0 9 6 15 15 7 6 6
split_gain=304.673 103.062 77.2986 45.8079 36.9963 36.0646 39.1443 32.9806 30.4499 23.4362 22.8086 22.7469 19.1009 18.8077 18.4197 16.8617 16.7818 16.544 15.5356 14.9976 14.8965 14.6124 14.0168 14.1974 13.6653 14.7425 11.9602 11.5358 11.2463 11.0428
threshold=5.5000000000000009 379.50000000000006 1.0000000180025095e-35 14.500000000000002 58.250000000000007 1.0000000180025095e-35 1.5000000000000002 19.500000000000004 56.878676470588239 469.00000000000006 15.500000000000002 32.026201923076933 2011.5000000000002 64.296428571428592 85.352777777777789 54.940972222222229 25.500000000000004 46.406971153846158 7.5000000000000009 56.878676470588239 417.00000000000006 56.559027777777786 2006.5000000000002 473.00000000000006 2.5000000000000004 522.50000000000011 383.50000000000006 51.500000000000007 6.5000000000000009 6.5000000000000009
decision_type=2 2 2 2 2 2 2 2 2 2 2 2 2 2 2 2 2 2 2 2 2 2 2 2 2 2 2 2 2 2
left_child=1 2 3 9 5 -2 29 14 -9 17 13 -8 20 -4 -5 -11 -14 -1 -13 21 -12 24 23 -23 25 -3 -6 -26 -28 -7
right_child=4 19 10 7 26 6 11 8 -10 15 12 18 16 -15 -16 -17 -18 -19 -20 -21 -22 22 -24 -25 27 -27 28 -29 -30 -31
leaf_value=0.0039220761840263975 0.062620154806321354 0.089015756466032533 -0.0081749539263374707 0.033722024671575035 0.014427662627525409 -0.027936971063100943 0.007479606022000606 0.016168969679956478 -0.009408474783918876 0.022413108244569126 -0.061306190343661228 -0.016389634562290954 0.011097334647563966 -0.026004908372808163 0.099077394103938191 0.0020585222103521681 -0.015292841023564836 -0.021180117332177357 -0.037796474372947586 0.0064856489442838457 0.01188032573204955 0.03599835417774673 0.032482559599073799 0.12630219254693756 -0.038605751168404645 0.017592229167390169 0.15581877909390365 0.020136089952641503 0.02868247612649202 -0.043412172364461092
leaf_weight=105.57881125807762 12.500566512346266 14.947399169206621 470.84389536082745 107.17685106396675 32.338269978761673 287.81184831261635 89.971825465559959 774.15907888114452 136.94622778892517 120.32715572416782 7.151567891240119 671.25807559490204 81.083678632974625 215.63888430595398 11.986757606267927 658.87397547066212 234.35963854193687 173.50933009386063 97.002143025398254 161.76301887631416 250.1965701431036 8.4897987097501773 74.593508794903755 8.9313113093376142 8.4571565538644773 13.984150692820547 3.18764404952526 711.64679428935051 3.8286830484867096 192.30216154456139
leaf_count=657 71 86 3047 652 201 1979 581 4670 831 751 48 4441 503 1401 72 4119 1471 1087 660 964 1571 50 455 53 54 81 19 4267 24 1359
internal_value=-0.00014394 0.00636726 0.00215544 0.00805488 -0.0205208 -0.021913 -0.0227026 0.0155598 0.0123245 0.000748711 -0.00762902 -0.0163068 -0.000262278 -0.0137757 0.0402962 0.00520175 -0.00850933 -0.011684 -0.0190925 0.0204282 0.00984651 0.0231098 0.0419135 0.0822946 0.0207999 0.054493 0.0272669 0.0194462 0.0864428 -0.0341353
internal_weight=5740.85 4350.65 3347.83 2088.56 1390.2 1350.85 1338.35 1030.27 911.105 1058.29 1259.27 858.232 572.791 686.483 119.164 779.201 315.443 279.088 768.26 1002.81 257.348 841.05 92.0146 17.4211 749.036 28.9315 39.3546 720.104 7.01633 480.114
internal_count=36225 26890 20880 12839 9335 9091 9020 6225 5501 6614 8041 5682 3593 4448 724 4870 1974 1744 5101 6010 1619 5046 558 103 4488 167 244 4321 43 3338
is_linear=0
shrinkage=0.05


Tree=7
num_leaves=31
num_cat=0
split_feature=8 6 8 5 8 17 11 11 8 4 11 8 0 17 0 6 11 6 3 16 17 12 0 17 8 8 7 8 4 8
split_gain=664.121 245.655 128.83 95.4893 83.2486 47.1696 43.3026 87.9779 41.8072 44.8155 31.3531 30.864 30.0468 29.0901 26.5992 25.5984 33.2766 24.8231 23.3062 22.2819 21.38 20.7082 20.0897 19.7015 17.8389 16.6097 16.5228 15.3346 15.1148 14.0536
threshold=37.250000000000007 5.5000000000000009 34.150000000000013 1.0000000180025095e-35 38.050000000000004 622.50000000000011 16.500000000000004 21.000000000000004 34.750000000000007 11.500000000000002 16.500000000000004 13.750000000000002 2013.5000000000002 666.50000000000011 2006.5000000000002 3.5000000000000004 68.000000000000014 6.5000000000000009 5.5000000000000009 2.5000000000000004 483.50000000000006 37.31009615384616 2003.5000000000002 1207.5000000000002 33.250000000000007 33.95000000000001 58.250000000000007 38.650000000000013 11.500000000000002 39.050000000000004
decision_type=2 2 2 2 2 2 2 2 2 2 2 2 2 2 2 2 2 2 2 2 2 2 2 2 2 2 2 2 2 2
left_child=1 2 14 6 10 11 13 -8 12 -10 17 -3 -5 -4 23 16 -16 18 -2 -7 -20 -21 27 25 -17 -1 -23 -6 -12 -24
right_child=4 5 3 8 22 19 7 -9 9 -11 28 -13 -14 -15 15 24 -18 -19 20 21 -22 26 29 -25 -26 -27 -28 -29 -30 -31
leaf_value=0.076899994730310589 -0.02564648074180453 0.069461039900691871 0.017223587874099913 0.034299806286051289 -0.0069663773679420338 0.052629612488470236 -0.01243375758259537 0.022125888678649955 -0.018794001961976878 0.0053239665804598445 -0.048127844562675735 -0.024408178970379682 -0.0014648719053106708 0.035098094188241946 0.046511075399215146 0.050003608247487077 0.17922273354657112 -0.047341350108247575 -0.0099483541650292051 0.017254398258061906 0.018311522048773718 -0.0096680004214536423 -0.038972856121433967 0.11636846054211324 0.020769254257030686 0.016193817852966808 0.069210322144392725 -0.036918331249760288 -0.021720923788610194 -0.054734839450661654
leaf_weight=27.694040566682816 92.404176071286201 8.9142395406961423 446.68532945215702 127.81418743729591 63.780571609735489 18.500363647937775 277.23969176411629 548.4482736736536 367.72827835381031 404.47420606017113 82.889932826161385 495.86146990954876 108.64359152317047 464.14485886693001 156.23448105156422 64.409237802028656 4.8707221299409857 36.345249354839325 140.97781309485435 98.659444391727448 127.41833710670471 391.80370615422726 333.79196108877659 16.082347556948662 274.87816850841045 18.99680332839489 6.7535171508789054 129.49351225793362 156.49658326804638 245.37890829145908
leaf_count=153 634 50 2650 744 433 101 1641 3210 2427 2529 570 3423 651 2658 862 351 26 267 936 625 799 2538 2352 85 1533 106 40 953 1063 1815
internal_value=-0.000143649 0.00956116 0.0161764 0.0117075 -0.02996 -0.0118849 0.0188146 0.0105219 -0.000528251 -0.00616118 -0.0165715 -0.0227505 0.0178673 0.0263322 0.0379605 0.0341118 0.0505234 -0.00795615 -0.00398868 -0.00124985 0.00346773 -0.00325459 -0.0409927 0.0686405 0.026319 0.0522009 -0.00833141 -0.0270342 -0.0308646 -0.0456508
internal_weight=5737.81 4328.84 3308.34 2745.18 1408.98 1020.49 1736.52 825.688 1008.66 772.202 636.532 504.776 236.458 910.83 563.166 500.393 161.105 397.146 360.8 515.717 268.396 497.217 772.445 62.7732 339.287 46.6908 398.557 193.274 239.387 579.171
internal_count=36225 26403 19626 16510 9822 6777 10159 4851 6351 4956 4269 3473 1395 5308 3116 2772 888 2636 2369 3304 1735 3203 5553 344 1884 259 2578 1386 1633 4167
is_linear=0
shrinkage=0.05


Tree=8
num_leaves=31
num_cat=0
split_feature=6 17 17 16 17 15 5 7 17 17 16 16 13 17 13 16 13 12 7 16 2 7 6 6 6 15 7 12 17 17
split_gain=255.743 123.511 53.3039 59.5367 50.7772 38.4111 31.31 27.0578 25.3273 57.6767 23.2517 23.0832 18.9506 18.7052 18.4774 17.8987 17.3573 16.6107 17.4244 15.2957 17.6568 28.9491 16.2914 29.4261 12.4914 12.3596 12.351 12.2282 11.846 11.53
threshold=5.5000000000000009 666.50000000000011 1327.5000000000002 2.5000000000000004 622.50000000000011 247.50000000000003 1.0000000180025095e-35 58.250000000000007 1141.5000000000002 934.00000000000011 2.5000000000000004 48.500000000000007 56.935416666666676 117.50000000000001 53.878676470588239 1.5000000000000002 57.825757575757585 32.026201923076933 58.750000000000007 33.500000000000007 5.5000000000000009 54.250000000000007 4.5000000000000009 3.5000000000000004 6.5000000000000009 91.500000000000014 54.250000000000007 66.720138888888897 34.500000000000007 105.50000000000001
decision_type=2 2 2 2 2 2 2 2 2 2 2 2 2 2 2 2 2 2 2 2 2 2 2 2 2 2 2 2 2 2
left_child=1 5 3 15 7 13 12 24 9 -5 -6 -10 28 -1 -15 25 -16 26 -19 22 21 -21 23 -4 29 -3 -12 -17 -7 -2
right_child=4 2 19 8 10 6 -8 -9 11 -11 17 -13 -14 14 16 27 -18 18 -20 20 -22 -23 -24 -25 -26 -27 -28 -29 -30 -31
leaf_value=-0.015843212283497901 -0.036068304750501975 -0.064300958773190406 -0.0011920979397023934 0.001091108192443213 0.038822507773489973 -0.0026033931745356037 -0.0073340588387109194 0.017196443782317463 -0.0059150255330716666 0.023959668086932624 -0.035547632996648419 0.019500619778265008 -0.0098509186882886068 0.034326113790171538 -0.0056598352870716332 0.041336013183139293 0.083842716967821251 -0.014792275552012136 0.06473609671688231 -0.0010283558291222161 0.027316534424268037 0.066677724779287781 -0.011117982880355592 0.056249982305024808 -0.038852368375418438 0.027197325494627073 0.021554956331249871 0.081577782341301003 0.019573531615763817 -0.018473673180950143
leaf_weight=497.86207602918148 147.38501766324043 3.8955596685409537 43.658114016056061 572.99405060708523 24.377035319805145 70.743870079517365 311.71386528015137 31.022678911685944 454.26027089357376 531.4357888251543 11.327552706003187 111.2084072381258 81.291085317730904 31.055371955037117 756.80682353675365 50.297370031476021 5.455950438976287 552.81892009079456 6.9742763787508002 19.480883210897446 161.07527853548527 83.278783440589905 37.541896626353264 45.563553705811501 271.12704576551914 70.214449182152748 57.732981979846954 30.219908326864243 404.61761613190174 252.86241317540407
leaf_count=3263 1054 23 249 3498 138 446 2010 190 2786 3172 73 660 496 199 4805 281 34 3694 41 111 908 452 220 256 1999 412 365 164 2445 1781
internal_value=-0.000149158 0.00573089 0.0140262 0.0104375 -0.0191243 -0.00277789 0.00535339 -0.0284564 0.00768903 0.0120951 -0.00908993 -0.000916635 0.0124581 -0.00824647 -0.003479 0.0401192 -0.00501921 -0.0109472 -0.0138015 0.0307895 0.0376479 0.0538422 0.0165151 0.0281423 -0.0305659 0.0223878 0.0121888 0.0564396 0.0162731 -0.0249526
internal_weight=5730.3 4374.67 2215.12 1824.53 1355.63 2159.55 868.366 702.397 1669.9 1104.43 653.231 565.469 556.653 1291.18 793.318 154.627 762.263 628.854 559.793 390.599 263.835 102.76 126.764 89.2217 671.374 74.11 69.0605 80.5173 475.361 400.247
internal_count=36225 26890 13192 10996 9335 13698 5397 5024 10116 6670 4311 3446 3387 8301 5038 880 4839 4173 3735 2196 1471 563 725 505 4834 435 438 445 2891 2835
is_linear=0
shrinkage=0.05


Tree=9
num_leaves=31
num_cat=0
split_feature=8 6 8 5 8 17 11 11 8 15 12 11 0 8 6 0 6 3 8 17 11 17 0 15 17 12 8 8 8 11
split_gain=601.823 199.649 108.942 81.3408 79.8361 40.8278 38.2751 77.777 36.8077 32.0917 31.0955 29.5497 26.4509 26.2812 22.5398 23.6292 22.4181 21.3732 20.8597 25.4759 28.9327 20.4631 19.8575 18.7423 17.9279 17.2196 14.9775 14.5204 14.024 18.54
threshold=37.250000000000007 5.5000000000000009 34.150000000000013 1.0000000180025095e-35 38.050000000000004 622.50000000000011 16.500000000000004 21.000000000000004 34.750000000000007 196.00000000000003 63.025625000000012 16.500000000000004 2013.5000000000002 13.750000000000002 2.5000000000000004 2006.5000000000002 6.5000000000000009 5.5000000000000009 34.750000000000007 865.50000000000011 41.000000000000007 1327.5000000000002 2003.5000000000002 387.50000000000006 483.50000000000006 38.270833333333336 33.850000000000001 38.650000000000013 39.050000000000004 12.500000000000002
decision_type=2 2 2 2 2 2 2 2 2 2 2 2 2 2 2 2 2 2 2 2 2 2 2 2 2 2 2 2 2 2
left_child=1 2 14 6 11 13 9 -8 12 -4 -10 16 -5 -3 -1 26 17 -2 19 20 -7 25 27 -17 -19 -20 -16 -6 29 -24
right_child=4 5 3 8 22 18 7 -9 10 -11 -12 -13 -14 -15 15 23 -18 24 21 -21 -22 -23 28 -25 -26 -27 -28 -29 -30 -31
leaf_value=0.085179238708019037 -0.024726499763810517 0.062166682037830781 0.012881517616344488 0.031697701247134606 -0.0064231544588059025 0.030064351204963938 -0.012257570053299412 0.020172968414195757 0.0012023105479299562 0.031838016798958764 -0.02009042652975087 -0.029869694479380211 -0.0016805444364839661 -0.022588413921324033 0.089687204831110034 0.022064918143719831 -0.045957225628188672 -0.009110467260277505 0.011419505694403396 0.0016785810195610808 0.14995157717208671 0.027216163838326108 0.018383296688437894 0.0427208438397466 0.016740746245298425 -0.018416785884313613 0.040378390709199609 -0.035796561763652854 -0.053990265993476887 -0.040498462682019523
leaf_weight=21.211368918418884 90.755235478281975 9.324557423591612 374.36598102748394 130.50309859216213 63.270601436495781 41.408340498805046 276.48859432339668 557.96759553253651 511.6803861707449 553.14749109745026 257.88066497445107 234.23028431087732 108.86955018341541 478.93984280526638 26.96993100643158 327.93244889378548 34.475869424641132 139.2645063996315 60.630064383149147 128.9107644110918 5.7287187427282324 36.621882632374763 13.969812400639055 165.11014825105667 129.36713063716888 238.92820781469345 35.899735912680626 125.58521207422018 235.58269841223955 310.67514744400978
leaf_count=110 634 50 2173 744 433 245 1641 3210 3275 3135 1681 1633 651 3423 140 1821 267 936 390 817 30 226 99 853 799 1596 192 953 1815 2253
internal_value=-0.000148604 0.00897391 0.0148305 0.0107143 -0.0289535 -0.0106245 0.0171968 0.00942744 -0.000606626 0.0241867 -0.00593291 -0.0158065 0.0165169 -0.0209698 0.0345934 0.0326632 -0.00744304 -0.00374839 -0.000763107 0.0131801 0.0446346 -0.00806477 -0.039977 0.0289822 0.00333891 -0.012378 0.061531 -0.0259559 -0.0447037 -0.0379647
internal_weight=5725.7 4348.52 3348.03 2770.9 1377.18 1000.49 1761.97 834.456 1008.93 927.513 769.561 628.093 239.373 488.264 577.124 555.912 393.863 359.387 512.228 176.048 47.1371 336.18 749.083 493.043 268.632 299.558 62.8697 188.856 560.228 324.645
internal_count=36225 26403 19626 16510 9822 6777 10159 4851 6351 5308 4956 4269 1395 3473 3116 3006 2636 2369 3304 1092 275 2212 5553 2674 1735 1986 332 1386 4167 2352
is_linear=0
shrinkage=0.05


Tree=10
num_leaves=31
num_cat=0
split_feature=8 6 8 5 8 3 4 8 0 4 6 8 1 16 6 15 15 1 8 12 16 1 12 6 13 15 8 4 14 16
split_gain=542.529 149.498 102.648 85.6612 62.3161 39.5975 39.0464 46.8789 35.3345 34.1552 51.34 27.7276 27.229 23.7519 23.3224 20.0893 19.3206 18.3018 17.6952 18.304 17.4195 16.2793 16.257 15.7134 15.1937 13.5752 11.7821 11.7274 26.3915 11.246
threshold=37.350000000000001 5.5000000000000009 34.150000000000013 1.0000000180025095e-35 38.650000000000013 5.5000000000000009 11.500000000000002 35.45000000000001 2003.5000000000002 11.500000000000002 3.5000000000000004 35.95000000000001 10.500000000000002 43.500000000000007 6.5000000000000009 387.50000000000006 381.50000000000006 9.5000000000000018 13.750000000000002 48.666727941176482 44.500000000000007 7.5000000000000009 25.73721590909091 6.5000000000000009 56.972222222222229 340.50000000000006 33.150000000000013 11.500000000000002 15.500000000000002 3.5000000000000004
decision_type=2 2 2 2 2 2 2 2 2 2 2 2 2 2 2 2 2 2 2 2 2 2 2 2 2 2 2 2 2 2
left_child=1 2 16 9 5 25 7 -5 20 10 -4 14 -11 -8 15 21 24 23 -16 -20 -7 -3 -19 -10 -1 -2 -18 -27 -29 -13
right_child=4 11 3 6 -6 8 13 -9 17 12 -12 29 -14 -15 18 -17 26 22 19 -21 -22 -23 -24 -25 -26 27 -28 28 -30 -31
leaf_value=0.029040365826080494 -0.041893580818966436 0.0089204013152023361 -0.0056392156243203328 0.00022991621618835461 -0.044166904048769301 0.0071581453777246175 0.0043270290847713397 -0.030105265116234372 -0.0069877579413160492 0.027955508720349007 0.01823425373872626 -0.03085015663429504 0.0079871614828402344 0.042495613174988241 0.063088518392177148 0.027409978926401152 0.078817280257236347 0.079877421507481394 -0.001530253241138968 -0.02821103826897535 0.091808068393179024 -0.015471223870112575 -0.034737037433116756 -0.050209314799956474 -0.0025802115281480676 -0.038869292593182836 0.04037939740461613 0.12242838185492487 -0.012157064102657555 -0.012825287796288169
leaf_weight=349.95819991827011 217.62774357944727 174.9258481413126 364.01005241274834 324.07644093036652 440.09245759993792 107.70997481048107 458.61801360547543 209.80954343080521 226.90754818916321 656.0225710272789 590.54253627359867 141.19984026998281 230.77858336269855 44.735090672969818 7.2793942391872397 82.233525112271309 22.445772707462311 3.1548776850104323 118.88873410224915 139.952661678195 6.4408718794584265 112.33597065508366 159.98253286629915 23.176428578794003 42.615531459450722 30.952463574707508 178.31868313252926 4.1035262867808333 32.426426380872726 223.5209763944149
leaf_count=1905 1618 1155 2124 1990 3462 713 2852 1436 1533 3694 3422 1032 1304 267 38 526 106 20 806 996 39 754 1114 182 234 226 906 29 235 1529
internal_value=7.07632e-05 0.00821663 0.0131236 0.00922038 -0.0290137 -0.0208058 -0.00227176 -0.0116914 -0.0126898 0.0156939 0.00913032 -0.00881423 0.022759 0.00771923 -0.0025085 0.0056197 0.0320601 -0.0194921 -0.0137941 -0.0159563 0.0119345 -0.000618134 -0.0325205 -0.0109933 0.0256078 -0.0358182 0.0446768 -0.0162253 0.00296135 -0.0198035
internal_weight=5724.84 4472.27 3471.93 2878.59 1252.57 812.482 1037.24 533.886 527.372 1841.35 954.553 1000.34 886.801 503.353 635.616 369.495 593.338 413.221 266.121 258.841 114.151 287.262 163.137 250.084 392.574 285.11 200.764 67.4824 36.53 364.721
internal_count=36247 27076 20240 17089 9171 5709 6545 3426 3601 10544 5546 6836 4998 3119 4275 2435 3151 2849 1840 1802 752 1909 1134 1715 2139 2108 1012 490 264 2561
is_linear=0
shrinkage=0.05


Tree=11
num_leaves=31
num_cat=0
split_feature=8 6 8 4 6 9 8 8 8 8 5 15 3 15 12 0 17 8 17 16 3 0 17 6 7 9 17 9 11 8
split_gain=501.236 148.524 102.513 81.7345 71.2007 46.8605 46.4791 42.0236 38.3012 34.5468 29.2909 28.2306 28.1721 24.9516 23.9101 22.7472 21.5134 18.6998 18.3292 17.8348 17.7558 17.5592 17.155 16.2405 15.8161 15.5442 14.3452 14.2475 21.1384 13.5104
threshold=37.650000000000013 5.5000000000000009 34.650000000000013 11.500000000000002 3.5000000000000004 467.00000000000006 35.45000000000001 36.95000000000001 39.150000000000013 35.95000000000001 1.0000000180025095e-35 385.00000000000006 5.5000000000000009 695.00000000000011 55.183482142857152 2003.5000000000002 638.50000000000011 13.850000000000003 1369.0000000000002 2.5000000000000004 7.5000000000000009 2004.5000000000002 740.50000000000011 7.5000000000000009 58.250000000000007 515.00000000000011 1369.0000000000002 455.00000000000006 58.000000000000007 36.850000000000001
decision_type=2 2 2 2 2 2 2 2 2 2 2 2 2 2 2 2 2 2 2 2 2 2 2 2 2 2 2 2 2 2
left_child=1 2 11 4 6 13 -4 -7 12 16 -6 14 -2 -5 21 18 17 -3 25 -18 -17 -1 -16 -19 -21 -14 -11 -13 -29 -28
right_child=8 9 3 5 10 7 -8 -9 -10 26 -12 27 15 -15 22 20 19 23 -20 24 -22 -23 -24 -25 -26 -27 29 28 -30 -31
leaf_value=0.056584926582942729 -0.040602998814187691 0.041079391615296598 0.00062384143865021487 -0.00044833808882885362 0.013349956053179022 0.02744264887071677 -0.029171357455321453 0.003679372404379903 -0.048124345493051023 -0.022710455344949913 -0.010218127624145142 0.018159340231526523 -0.0093128011127019284 0.069855287912831895 -0.0025046767561386235 -0.01134674764573316 0.062088535332576578 -0.0098394798308524944 0.11540132997770725 0.0023792774546458899 -0.034302582962787612 0.024069049840146531 0.019841931042374448 -0.042627096009125419 0.081727552367972023 0.055073977749258818 0.057455245988703663 0.040634369450689017 0.12180194367130799 -0.041914467017331924
leaf_weight=47.325744152069092 229.5316650941968 15.699397981166838 224.58927528560162 449.14070269465446 525.31043890118599 683.61491492390633 313.7292801886797 255.61034820973873 279.90835447609425 404.01331216841936 176.0033280402422 72.556448355317116 100.981176443398 12.985573843121527 153.62528996169567 136.85445415228605 13.773558691143988 241.55646622180939 3.3479481786489478 312.15978474915028 219.08282922953367 338.43491204082966 194.76422175765038 44.767030954360962 6.4090179502964011 10.332975521683691 10.766419202089308 226.71141387522221 8.3155732750892621 5.0133657157421103
leaf_count=252 1768 83 1383 2725 3070 3892 2014 1580 2297 2918 1174 377 703 74 891 980 71 1731 20 2017 1589 1854 1048 338 35 71 65 1153 41 33
internal_value=5.7176e-05 0.00679137 0.0115282 0.00628897 -0.00306329 0.014562 -0.0167406 0.0209755 -0.0324916 -0.00975692 0.00743526 0.0248107 -0.0262417 0.00152717 0.019483 -0.019237 -0.00239368 -0.0120526 0.000130977 0.00638404 -0.0254763 0.0280582 0.00998801 -0.0149659 0.00397562 -0.00333596 -0.0208838 0.0375271 0.0435062 0.0258847
internal_weight=5716.92 4736.88 3682.72 2640.98 1239.63 1401.35 538.319 939.225 980.039 1054.16 701.314 1041.73 700.131 462.126 734.15 470.599 634.365 302.023 114.662 332.342 355.937 385.761 348.39 286.323 318.569 111.314 419.793 307.583 235.027 15.7798
internal_count=36247 28819 21528 15912 7641 8271 3397 5472 7428 7291 4244 5616 5131 2799 4045 3363 4275 2152 794 2123 2569 2106 1939 2069 2052 774 3016 1571 1194 98
is_linear=0
shrinkage=0.05


Tree=12
num_leaves=31
num_cat=0
split_feature=6 17 17 9 12 6 17 11 7 0 9 7 12 7 13 0 17 12 16 12 6 4 13 12 9 17 16 17 5 11
split_gain=159.373 94.3431 60.7687 40.5257 37.2856 34.451 34.1609 32.7183 29.4014 28.6833 27.7942 20.0814 18.8207 17.1782 28.8682 21.1786 18.8374 17.2864 18.9782 17.0994 17.273 16.7253 15.1361 13.6146 13.0073 12.8901 12.8209 11.9126 11.6795 11.6321
threshold=5.5000000000000009 1327.5000000000002 96.500000000000014 467.00000000000006 37.452500000000008 4.5000000000000009 622.50000000000011 12.500000000000002 54.250000000000007 2010.5000000000002 459.00000000000006 58.250000000000007 66.86597222222224 57.250000000000007 57.211111111111116 2008.5000000000002 1327.5000000000002 27.149230769230773 2.5000000000000004 27.78948863636364 6.5000000000000009 11.500000000000002 55.36038961038961 22.147008547008546 479.00000000000006 1253.5000000000002 43.500000000000007 105.50000000000001 1.0000000180025095e-35 15.500000000000002
decision_type=2 2 2 2 2 2 2 2 2 2 2 2 2 2 2 2 2 2 2 2 2 2 2 2 2 2 2 2 2 2
left_child=1 2 12 4 23 7 11 -5 -7 22 -11 19 28 17 15 16 -15 26 -19 24 27 -6 -3 -4 -2 -20 -8 -21 -1 -17
right_child=6 9 3 5 21 8 13 -9 -10 10 -12 -13 -14 14 -16 29 -18 18 25 20 -22 -23 -24 -25 -26 -27 -28 -29 -30 -31
leaf_value=-0.000288633101836046 -0.034644665719611459 0.059542430444919262 0.055464261099544693 0.039483812741023222 -0.012976389167724204 -0.028204470196220612 0.011126506502588061 0.011419423325742434 0.0038986585597986833 -0.018243361391620423 0.024919244276799282 0.013946880040822783 -0.025964673122503713 0.062429637464973209 -0.014232741920211622 0.094139634265711369 0.20527636445738939 0.040204302624111975 -0.017214965143728857 -0.032679723456102712 -0.038012473148329888 0.00041046357807009084 0.030473330551580347 0.01258210496036866 0.035630223892096961 0.0044806734077746735 0.094552385668135702 -0.013613310677334121 -0.016180944866078278 0.0028773272101753487
leaf_weight=288.01471885293722 9.9871663823723811 74.014958649873734 20.708285175263882 113.10175638645887 512.8430578187108 78.495487071573734 24.226931929588321 1270.0232323110104 780.22572720050812 48.249416336417198 164.31443379819393 33.891910970211029 171.35941985994577 6.8140072226524371 34.578873157501221 4.471221216022971 3.4899729490280151 16.807491630315781 433.31980926543474 128.21520060300827 233.18106866627932 428.08144200593233 113.37462292611599 174.31631970405579 19.326885618269444 81.308584302663803 5.6861970052123061 226.90805820375681 193.13163225352764 15.934818759560583
leaf_count=1837 74 408 119 639 3156 491 151 7729 4709 272 895 205 1145 44 228 29 19 94 3008 984 1872 2665 610 1051 139 533 34 1683 1322 102
internal_value=4.46093e-05 0.00453203 0.00223352 0.00493198 -0.00276183 0.00883046 -0.0155095 0.0137143 0.00096412 0.027694 0.0151219 -0.0235261 -0.0117355 -0.00717465 0.0170997 0.0523794 0.110812 -0.00999793 -0.0120796 -0.0255824 -0.0274395 -0.00688593 0.041955 0.0171355 0.0116879 -0.0137872 0.026985 -0.0204971 -0.00666779 0.0228741
internal_weight=5708.4 4430.25 4030.3 3377.8 1135.95 2241.85 1278.15 1383.12 858.721 399.953 212.564 651.51 652.506 626.638 65.2889 30.71 10.304 561.349 531.436 617.618 588.304 940.924 187.39 195.025 29.3141 514.628 29.9131 355.123 481.146 20.406
internal_count=36247 27048 24863 20559 6991 13568 9199 8368 5200 2185 1167 4957 4304 4242 422 194 63 3820 3635 4752 4539 5821 1018 1170 213 3541 185 2667 3159 131
is_linear=0
shrinkage=0.05


Tree=13
num_leaves=31
num_cat=0
split_feature=8 6 8 4 6 1 8 17 8 8 6 3 5 15 6 3 12 8 15 12 17 1 11 1 8 12 17 11 8 12
split_gain=458 121.06 90.0742 72.3863 64.8333 48.2667 42.9432 38.6089 37.4501 31.2815 30.8441 26.9462 25.4329 24.4709 20.1799 20.1604 20.0431 19.6783 18.6388 23.4881 14.6048 14.3795 14.2005 13.9448 18.5828 13.2407 13.1301 13.5077 13.2559 14.4505
threshold=37.650000000000013 5.5000000000000009 34.650000000000013 11.500000000000002 3.5000000000000004 10.500000000000002 35.45000000000001 96.500000000000014 39.150000000000013 35.95000000000001 4.5000000000000009 5.5000000000000009 1.0000000180025095e-35 385.00000000000006 7.5000000000000009 7.5000000000000009 55.183482142857152 13.850000000000003 466.00000000000006 27.149230769230773 740.50000000000011 5.5000000000000009 10.500000000000002 11.500000000000002 33.650000000000013 25.73721590909091 1073.5000000000002 17.500000000000004 36.850000000000001 34.77692307692309
decision_type=2 2 2 2 2 2 2 2 2 2 2 2 2 2 2 2 2 2 2 2 2 2 2 2 2 2 2 2 2 2
left_child=1 2 13 4 6 7 -4 -5 11 14 -7 -2 -6 16 18 22 -1 -16 19 -3 -18 -20 -13 24 -15 -17 27 -11 29 -28
right_child=8 9 3 5 12 10 -8 -9 -10 26 -12 15 -14 23 17 25 20 -19 21 -21 -22 -23 -24 -25 -26 -27 28 -29 -30 -31
leaf_value=0.025774844054528512 -0.039640164167489819 0.037556804884289058 0.00033670468339475399 -0.0012000966432772332 0.012272980501862481 0.0066540674097493313 -0.028373366729531647 0.023515420415255454 -0.047328571544510444 -0.016038315817784827 -0.025891408484953596 0.087593745162536124 -0.0097212633616697054 0.051366442223522935 0.055087687360696608 0.047208995501026176 -0.0022582808062205223 -0.030718073577086287 0.040561005899852412 -0.0054362088381788281 0.018321210423283992 -0.00038878783251885147 -0.007408677110552455 0.084557417420527164 0.024262600988890604 -0.028262747918629247 0.083170161504007523 -0.037063718636833567 -0.02699429873208857 0.0036500407148985187
leaf_weight=392.69264581799507 222.51049652695656 34.392690494656563 225.22545354068279 194.05199404060841 530.72370140254498 271.74003656208515 308.8560635894537 850.76493981480598 269.60594225674868 199.58733552694321 99.440063714981079 4.0244987010955802 174.70342825353146 90.596359208226204 7.2747554779052725 5.9345751553773871 153.17358879745007 81.978091806173325 50.136760361492634 416.31135725229979 197.20649683475494 37.451505832374096 173.88819950073957 13.412055924534796 209.4290246963501 280.03102049231529 6.5209969133138648 123.75528590381145 32.800855703651905 46.109903603792191
leaf_count=2106 1768 218 1383 1212 3070 1598 2014 4875 2297 1490 586 27 1174 435 37 39 891 603 320 2849 1048 248 1249 69 1067 2048 41 945 231 309
internal_value=3.66817e-05 0.00639376 0.0106121 0.0056993 -0.003124 0.0134229 -0.0162662 0.0189251 -0.0315383 -0.00871599 -0.00206495 -0.0253361 0.00682597 0.0229603 -0.0017049 -0.0184748 0.0180181 -0.0237243 0.00194608 -0.00215546 0.0093246 0.0230515 -0.00525966 0.0346768 0.0324469 -0.0266965 -0.0194793 -0.0240855 -0.00204585 0.0135026
internal_weight=5704.33 4748.34 3712.02 2655.51 1239.51 1416 534.082 1044.82 955.995 1036.32 371.18 686.389 705.427 1056.51 627.545 463.878 743.073 89.2528 538.292 450.704 350.38 87.5883 177.913 313.437 300.025 285.966 408.774 323.343 85.4318 52.6309
internal_count=36247 28819 21528 15912 7641 8271 3397 6087 7428 7291 2184 5131 4244 5616 4275 3363 4045 640 3635 3067 1939 568 1276 1571 1502 2087 3016 2435 581 350
is_linear=0
shrinkage=0.05


Tree=14
num_leaves=31
num_cat=0
split_feature=6 17 15 17 17 9 12 16 12 12 13 9 7 13 7 15 16 12 17 13 1 15 5 1 6 16 16 12 9 17
split_gain=133.718 81.0312 58.1817 47.9912 31.2097 28.21 39.9794 25.2867 23.4189 18.1546 15.7331 15.9258 15.3353 25.1303 14.9644 14.6378 14.5085 16.219 14.1238 13.2789 13.1508 14.7962 13.1279 12.8153 12.0591 11.4787 12.1435 16.6503 11.9943 11.0704
threshold=5.5000000000000009 1327.5000000000002 407.00000000000006 96.500000000000014 622.50000000000011 467.00000000000006 37.772474747474753 25.500000000000004 65.269791666666677 40.498263888888893 53.984375000000007 459.00000000000006 57.250000000000007 57.211111111111116 54.250000000000007 155.50000000000003 2.5000000000000004 27.149230769230773 1369.0000000000002 54.878676470588239 9.5000000000000018 73.500000000000014 1.0000000180025095e-35 7.5000000000000009 6.5000000000000009 23.500000000000004 21.500000000000004 43.596875000000004 461.00000000000006 51.500000000000007
decision_type=2 2 2 2 2 2 2 2 2 2 2 2 2 2 2 2 2 2 2 2 2 2 2 2 2 2 2 2 2 2
left_child=1 2 3 8 9 6 -5 -7 22 14 -3 15 16 18 -2 -12 -6 -18 19 -14 -13 -22 -1 -19 -11 26 -4 -28 -27 -16
right_child=4 10 25 5 12 7 -8 -9 -10 24 11 20 13 -15 29 -17 17 23 -20 -21 21 -23 -24 -25 -26 28 27 -29 -30 -31
leaf_value=-0.00048113873392009233 -0.032204501774909015 0.077131825474950622 0.016786165898408031 0.016927116364352592 0.034168929251121714 0.0099818016270808701 -0.01006771723783118 -0.0022879146979169658 -0.0305908111284874 -0.020405562513103794 -0.034948488327809134 0.020262575024916695 -0.050477117901311257 -0.013309500895575933 -0.024715772789896225 0.015173098368107641 0.025706306598924086 -0.0071676605983494145 0.12126745625595999 0.048488119593710841 0.13094626022703054 0.038184615402482434 -0.018494166247226641 -0.024120282686048169 -0.036586780037418359 -0.014977577728358078 -0.025007683057042179 0.066685888414370162 0.012332933530650849 0.011055736125772882
leaf_weight=247.34194673597813 44.404491737484932 14.165866911411284 490.71755347400904 167.37960189580917 18.694965831935406 1156.5207962617278 759.57980354130268 659.29830784350634 155.15255207568407 278.23817843198776 18.115733668208122 175.43184980005026 4.0084165632724824 34.074730969965458 28.964783363044262 74.35866417735815 29.025096371769905 339.9216041341424 5.5219074934720984 21.952167041599751 4.4582834988832465 120.22465601563454 171.13367954641581 165.88129997998476 196.42871098965406 56.165562257170677 6.1508290022611645 25.378148108720779 141.45230539143085 85.39367688447237
leaf_count=1600 342 76 2844 999 104 7049 4778 3994 1075 2146 104 946 25 228 206 409 175 2371 29 140 22 628 1198 1170 1628 333 35 137 821 635
internal_value=2.58262e-05 0.00409353 0.00194998 -0.000846838 -0.0144035 0.00190382 -0.0051933 0.00552684 -0.013999 -0.0222063 0.0253642 0.0234962 -0.0064199 0.0164466 -0.00756991 0.00535428 -0.00912813 -0.0106416 0.0486529 0.0332075 0.0290863 0.0415015 -0.00784748 -0.0127274 -0.0271017 0.0148349 0.0187188 0.0487979 0.00457093 0.00199551
internal_weight=5695.54 4443.03 4036.27 3316.41 1252.51 2742.78 926.959 1815.82 573.628 633.43 406.755 392.589 619.08 65.5572 158.763 92.4744 553.523 534.828 31.4825 25.9606 300.115 124.683 418.476 505.803 474.667 719.864 522.247 31.529 197.618 114.358
internal_count=36247 27048 24863 20693 9199 16820 5777 11043 3873 4957 2185 2109 4242 422 1183 513 3820 3716 194 165 1596 650 2798 3541 3774 4170 3016 172 1154 841
is_linear=0
shrinkage=0.05


Tree=15
num_leaves=31
num_cat=0
split_feature=8 8 4 17 8 8 0 17 16 16 5 0 8 13 9 12 3 9 3 0 12 12 8 12 17 17 12 4 12 7
split_gain=441.315 96.2021 64.6228 51.5806 41.4015 35.2757 35.0491 37.0358 34.1546 27.3609 25.5391 24.907 24.6007 25.4164 22.0534 18.2653 17.736 17.4035 17.0121 17.7606 16.4269 16.2595 14.7917 14.7125 14.5179 14.2477 13.5333 11.8329 11.5907 10.7355
threshold=37.650000000000013 34.95000000000001 11.500000000000002 386.50000000000006 36.250000000000007 38.650000000000013 2005.5000000000002 740.50000000000011 2.5000000000000004 17.500000000000004 1.0000000180025095e-35 2014.5000000000002 36.95000000000001 55.820855614973269 457.00000000000006 21.240909090909096 5.5000000000000009 485.00000000000006 6.5000000000000009 2005.5000000000002 65.269791666666677 24.214743589743595 36.650000000000013 65.091830065359488 1014.0000000000001 1253.5000000000002 53.853125000000013 11.500000000000002 33.321590909090922 53.500000000000007
decision_type=2 2 2 2 2 2 2 2 2 2 2 2 2 2 2 2 2 2 2 2 2 2 2 2 2 2 2 2 2 2
left_child=1 6 4 20 10 16 25 15 11 -10 17 -9 13 -5 -6 -8 -2 -3 19 -18 22 -20 -4 -12 -16 27 -17 28 -1 -29
right_child=5 2 3 12 14 -7 7 8 9 -11 23 -13 -14 -15 24 26 18 -19 21 -21 -22 -23 -24 -25 -26 -27 -28 29 -30 -31
leaf_value=0.043565047799527613 -0.036385856956834391 -0.0036880522364674492 0.0089303484432980539 0.008810643446319176 -0.042534191165644136 -0.042893348018086044 0.060961134822940792 -0.0099356318363594837 -0.00099456802828052629 0.021433748673996673 -0.0050024301392435633 0.061789947673096882 0.0012821716756011099 0.02777517600253426 -0.019560103236907114 0.0093709904404394636 0.031422298264484422 0.012982481035176366 0.086056760578883423 -0.013667590871532194 -0.017146528099557828 -0.025165799272027823 -0.0091990332253542098 -0.029682894426574041 0.00035412469503811038 0.055654839334133503 -0.0053265235974354541 -0.017817502051863058 0.013235055615052544 0.057247736529526409
leaf_weight=41.157476305961609 174.05445497483015 303.934136942029 262.42361520975828 316.03499165922403 79.394797019660473 399.43142028152943 13.427340865135191 14.63152891397476 181.10523396730423 545.75198774039745 173.61530033499002 70.054350808262825 253.20914495736361 400.64565725624561 325.84054987132549 313.29329962283373 31.690175160765648 322.87172942608595 3.3284942954778662 70.257457710802555 167.18273374438286 257.12815189361572 196.95039700716734 92.585238263010979 127.26593154668808 50.848713383078575 313.19724549353123 5.3806622475385657 134.23555570095778 41.496438845992088
leaf_count=234 1412 1868 1655 1815 557 3452 76 76 1031 2951 1194 333 1566 2279 2207 1864 210 2001 20 494 1107 1866 1302 653 791 255 1911 32 784 236
internal_value=-0.000263587 0.00592372 0.000546324 0.0074555 -0.00719136 -0.0316436 0.0153464 0.0122544 0.0193467 0.0158455 -0.000611356 0.0493976 0.0146791 0.0194124 -0.0182261 0.00326005 -0.0232674 0.00489905 -0.0169669 0.000348492 -0.00372643 -0.0237444 0.00115762 -0.0135864 -0.0139667 0.0317786 0.00202336 0.0263164 0.0203522 0.0486316
internal_weight=5682.42 4746.53 3021.95 1596.45 1425.51 935.89 1724.58 1451.46 811.543 726.857 893.006 84.6859 969.89 716.681 532.501 639.918 536.459 626.806 362.404 101.948 626.557 260.457 459.374 266.201 453.106 273.119 626.491 222.27 175.393 46.8771
internal_count=36232 28778 18995 9724 9271 7454 9783 8242 4391 3982 5716 409 5660 4094 3555 3851 4002 3869 2590 704 4064 1886 2957 1847 2998 1541 3775 1286 1018 268
is_linear=0
shrinkage=0.05


Tree=16
num_leaves=31
num_cat=0
split_feature=8 6 8 11 11 11 17 8 15 11 15 12 12 17 8 8 7 13 6 8 7 3 6 11 12 16 16 12 8 17
split_gain=406.302 104.452 83.3423 66.1429 69.1998 40.8832 34.7477 34.3531 30.6449 28.3245 25.2175 19.9626 19.8362 19.4073 19.0561 18.6398 16.1013 15.6876 13.8077 16.6559 13.0582 13.0274 11.4309 11.3334 13.3649 11.6718 11.1977 10.2324 9.23334 8.67011
threshold=37.650000000000013 6.5000000000000009 34.850000000000001 16.500000000000004 21.000000000000004 33.500000000000007 1369.0000000000002 38.650000000000013 379.50000000000006 13.500000000000002 369.50000000000006 16.820129870129872 35.966239316239324 1253.5000000000002 36.050000000000004 13.750000000000002 54.250000000000007 54.566964285714292 3.5000000000000004 33.650000000000013 56.250000000000007 5.5000000000000009 4.5000000000000009 16.500000000000004 48.666727941176482 7.5000000000000009 33.500000000000007 26.53166666666667 39.95000000000001 1253.5000000000002
decision_type=2 2 2 2 2 2 2 2 2 2 2 2 2 2 2 2 2 2 2 2 2 2 2 2 2 2 2 2 2 2
left_child=1 2 8 6 14 -6 10 9 12 17 -4 -3 16 -14 -5 -13 -1 -2 19 -10 -20 -11 27 25 -25 -17 -8 -23 -9 -24
right_child=7 11 3 4 5 -7 26 28 18 21 -12 15 13 -15 -16 23 -18 -19 20 -21 -22 22 29 24 -26 -27 -28 -29 -30 -31
leaf_value=0.0023657908213493158 -0.047391233131805877 0.1150265696053205 0.0048841145789824689 -0.016467878963215322 0.013001551616418916 -0.0075606913708345866 0.024713361067620395 -0.036842605997018309 0.079030254933702693 -0.037322458444872329 0.020990560249218179 0.056531259518889557 0.0065370575816857028 0.028563223509959098 -0.041632140487323457 -0.025709783479469603 0.036762136832156858 0.033084353482478464 0.013396197658576296 0.033500434809682005 0.03480161032301142 0.07882124730725576 -0.032590921287653368 -0.014361349132963051 -0.040159452119047125 -0.001055596051658987 0.063236593032479832 -0.012509727368954161 -0.053456794496357873 0.01492085826507831
leaf_weight=45.804989248514175 7.4471760764718047 2.7786928266286841 1160.0242946445942 240.96968025714159 434.7741452306509 544.46215002983809 39.719441592693329 264.79731776565313 23.67090916633606 163.02731206268072 307.42456315457821 7.9153064191341391 729.97496254742146 115.88198719918728 109.38242030888796 88.108697906136513 132.27580948174 32.411601081490517 176.72325366735458 132.67331105470657 119.37770652770996 3.1259164214134207 149.49098977446556 87.620656177401543 117.56097880005836 105.47415865212679 35.924828857183456 162.10996723175049 122.22629456222057 10.261094242334364
leaf_count=254 53 16 7104 1515 2647 3466 214 2328 111 1360 1805 39 4181 599 727 693 710 225 920 676 613 18 1145 627 916 761 184 1137 1124 64
internal_value=-0.000258739 0.00560834 0.00788134 0.0029193 -0.00525415 0.0015688 0.00996186 -0.0307743 0.0175363 -0.0224783 0.00825835 -0.0185343 0.0127478 0.00955463 -0.0243243 -0.0194469 0.0279149 0.0180484 0.0283731 0.0403938 0.0220261 -0.0257883 -0.0200023 -0.020955 -0.0291426 -0.0122769 0.0430087 -0.0107819 -0.0420895 -0.0295392
internal_weight=5673.42 4758.52 4349.06 2872.68 1329.59 979.236 1543.09 914.898 1476.38 527.874 1467.45 409.458 1023.94 845.857 350.352 406.68 178.081 39.8588 452.445 156.344 296.101 488.015 324.988 398.764 205.182 193.583 75.6443 165.236 387.024 159.752
internal_count=36232 28778 25726 17662 8355 6113 9307 7454 8064 4002 8909 3052 5744 4780 2242 3036 964 278 2320 787 1533 3724 2364 2997 1543 1454 398 1155 3452 1209
is_linear=0
shrinkage=0.05


Tree=17
num_leaves=31
num_cat=0
split_feature=8 11 8 8 11 8 11 15 15 8 0 12 9 11 8 0 1 11 16 15 9 8 18 8 16 13 1 8 14 12
split_gain=374.475 65.7289 61.055 55.1145 37.3635 45.5283 36.7091 34.6508 33.8284 25.1024 23.3166 22.9845 22.8576 22.2587 16.0509 18.9846 15.3384 13.8025 13.0207 12.177 12.1078 11.5542 11.8803 11.3566 10.6778 10.4875 11.2516 10.2891 9.82192 9.46877
threshold=37.250000000000007 16.500000000000004 38.550000000000004 34.150000000000013 21.000000000000004 35.350000000000001 33.500000000000007 164.50000000000003 369.50000000000006 36.350000000000001 2011.5000000000002 26.53166666666667 495.00000000000006 16.500000000000004 33.150000000000013 2006.5000000000002 10.500000000000002 9.5000000000000018 15.500000000000002 385.00000000000006 527.00000000000011 38.150000000000013 16.500000000000004 34.45000000000001 1.5000000000000002 57.226495726495735 10.500000000000002 39.95000000000001 27.500000000000004 47.952291666666675
decision_type=2 2 2 2 2 2 2 2 2 2 2 2 2 2 2 2 2 2 2 2 2 2 2 2 2 2 2 2 2 2
left_child=1 8 13 11 5 10 19 -8 9 12 -5 -3 18 17 29 -16 20 -2 -1 -6 -11 22 -19 -10 -18 26 -25 -4 -14 -13
right_child=2 3 27 4 6 -7 7 -9 23 16 -12 14 28 -15 15 -17 24 21 -20 -21 -22 -23 -24 25 -26 -27 -28 -29 -30 -31
leaf_value=0.0032608327453903818 0.10081862523426531 0.074805627975353631 -0.035401864942955732 0.010826540985407756 0.0084129035018404887 -0.031040527511478774 -0.022749235131210067 0.0011415261948012805 0.036852417887621912 0.0020075075226353625 -0.016124840783575348 0.073622697961968325 0.028378604131449315 -0.027845219767468888 0.040290668398050095 0.006839549305634446 -0.041131114115868332 -0.011134554426439049 0.015557487983097154 0.029016118472227445 0.042850589159192501 -0.024875679955362062 0.011488734857291488 0.028659097972418942 -0.0057083757105026575 -0.0092814014828404151 0.0098479385528342303 -0.05293390012166032 0.00093553533982990177 0.024967769295977257
leaf_weight=453.05801994353533 2.7614326179027548 15.890609636902807 291.51189869642258 168.40394286811352 398.99260675162077 232.95981580764055 210.0617408156395 546.95819959044456 129.36358018219471 369.37833964079618 153.30393469333649 15.715503357350824 267.51910074055195 293.27860138565302 47.881410479545593 371.52006153017282 33.6620157584548 336.28833670914173 410.18344471603632 87.429417036473751 19.082927510142326 120.21911858767271 70.132838435471058 227.38409754633904 57.810820609331131 28.85239090770483 122.21961665898561 117.38474265486002 37.129140421748161 27.492793157696724
leaf_count=2773 18 81 2597 1016 2419 1554 1367 3375 640 2256 933 82 1576 2262 249 2009 223 2404 2342 505 114 924 481 1319 352 169 707 1124 216 145
internal_value=-0.000254163 0.00652295 -0.0246439 0.000598069 -0.00341514 -0.0142066 0.00139868 -0.0054878 0.0127803 0.00930318 -0.00201664 0.0156789 0.0132592 -0.0167954 0.0136479 0.0106585 -0.000323623 -0.010674 0.00910379 0.0121161 0.0040139 -0.0112586 -0.00723064 0.0240633 -0.0187439 0.0196917 0.0220828 -0.0404349 0.025034 0.0426643
internal_weight=5663.83 4432.25 1231.58 2276.61 1798.11 554.668 1243.44 757.02 2155.64 1647.82 321.708 478.5 1167.89 822.68 462.61 419.401 479.934 529.402 863.241 486.422 388.461 526.64 406.421 507.82 91.4728 378.456 349.604 408.897 304.648 43.2083
internal_count=36232 26422 9810 13735 11169 3503 7666 4742 12687 9852 1949 2566 6907 6089 2485 2258 2945 3827 5115 2924 2370 3809 2885 2835 575 2195 2026 3721 1792 227
is_linear=0
shrinkage=0.05


Tree=18
num_leaves=31
num_cat=0
split_feature=6 17 16 11 17 12 15 9 9 6 12 16 11 12 1 6 0 16 0 15 16 15 11 18 15 9 15 17 9 13
split_gain=118.707 75.4694 27.1303 31.0796 24.9819 22.2387 23.8589 18.1155 17.4574 22.6688 17.3638 17.1822 17.9576 16.472 16.2485 18.5295 16.1865 20.1299 20.029 15.0765 14.7123 13.1029 11.7162 10.9623 14.6463 13.8018 10.8307 16.723 10.3945 11.059
threshold=5.5000000000000009 740.50000000000011 2.5000000000000004 16.500000000000004 622.50000000000011 44.961805555555564 407.00000000000006 429.00000000000006 469.00000000000006 4.5000000000000009 40.498263888888893 12.500000000000002 12.500000000000002 25.147222222222229 5.5000000000000009 6.5000000000000009 2014.5000000000002 1.5000000000000002 2018.5000000000002 230.50000000000003 33.500000000000007 142.50000000000003 62.000000000000007 14.500000000000002 230.50000000000003 461.00000000000006 152.00000000000003 232.50000000000003 439.00000000000006 54.986111111111121
decision_type=2 2 2 2 2 2 2 2 2 2 2 2 2 2 2 2 2 2 2 2 2 2 2 2 2 2 2 2 2 2
left_child=1 5 16 11 10 21 8 -5 -7 -10 23 -4 -13 -9 15 19 -3 18 -18 -6 -17 -1 -19 24 -2 -26 27 -23 -8 -30
right_child=4 2 3 7 14 6 28 13 9 -11 -12 12 -14 -15 -16 20 17 22 -20 -21 -22 26 -24 -25 25 -27 -28 -29 29 -31
leaf_value=-0.0052053209770003264 -0.034418968598943389 0.0023205969582028264 0.0029053809323755933 -0.034267033183201928 -0.0057319877800242613 -0.016458062778428654 -0.029282414412431582 0.046714844570735117 0.0024512350778595768 -0.014794904978109756 -0.026019599544966493 0.035381420058314225 0.015107834650894998 0.0028445473217369273 -0.016217221157042092 -0.0018870373685970826 0.049200806078396483 0.051385520432331466 -0.010380939170171948 0.021157791776617921 -0.035927858845979564 -0.0088148737846619543 0.13689539842015711 0.0094358817283334753 0.071891886261773549 -0.0073994282481609904 0.0075586296131950328 0.090005849834995807 0.036978883420652309 0.006287842773071638
leaf_weight=242.92868691682816 55.033241257071495 40.974941812455654 222.36068326234818 32.256296560168266 92.01119726151228 485.6158103197813 17.183503277599812 21.873463369905949 477.86366818845272 316.89556901156902 458.2063124999404 133.18227970600128 607.24796943366528 981.59586270153522 263.12447640299797 89.112298101186752 25.708465829491615 64.614870116114616 31.250735491514206 120.25662753731012 49.301627643406391 7.4949050992727306 4.2706145644187918 62.587480314075947 6.4654272198677054 36.308165952563286 477.06497528403997 9.984034135937689 34.778496459126472 188.09869552403688
leaf_count=1576 437 232 1332 203 643 3291 107 123 3089 2061 3799 713 3501 5727 1827 637 140 327 183 771 363 51 22 448 49 272 2930 58 205 1115
internal_value=-0.000248896 0.00357471 0.0102439 0.00862695 -0.0139722 -0.00282109 -0.00627698 0.00261525 -0.00898907 -0.00442534 -0.0210634 0.0150941 0.0187545 0.00380083 -0.00682569 0.000220991 0.0296155 0.0385027 0.0165112 0.00950195 -0.014012 0.00430388 0.0566868 -0.00690465 -0.0173611 0.00458582 0.00897496 0.0476319 0.00818806 0.011077
internal_weight=5655.65 4423.24 2165.34 1998.52 1232.41 2257.91 1520.44 1035.73 1280.38 794.759 618.601 962.791 740.43 1003.47 613.806 350.682 166.82 125.845 56.9592 212.268 138.414 737.473 68.8855 160.394 97.8068 42.7736 494.544 17.4789 240.061 222.877
internal_count=36232 26986 12503 11599 9246 14483 9868 6053 8441 5150 5005 5546 4214 5850 4241 2414 904 672 323 1414 1000 4615 349 1206 758 321 3039 109 1427 1320
is_linear=0
shrinkage=0.05


Tree=19
num_leaves=31
num_cat=0
split_feature=8 6 11 8 9 8 11 15 11 8 9 6 8 15 12 1 1 17 12 8 9 8 12 8 17 6 0 15 15 12
split_gain=344.083 88.8176 55.2928 42.2748 36.8969 32.2224 31.9001 28.9319 25.2288 23.7542 23.0411 22.9126 22.6137 20.9963 19.8972 17.2753 17.1842 17.0599 16.9164 16.5748 13.852 19.3506 13.6928 13.6392 13.0848 11.6854 11.4128 12.4295 15.0368 10.4071
threshold=37.650000000000013 5.5000000000000009 16.500000000000004 34.150000000000013 469.00000000000006 38.650000000000013 21.000000000000004 369.50000000000006 13.500000000000002 36.350000000000001 493.00000000000006 6.5000000000000009 35.150000000000013 222.50000000000003 26.53166666666667 10.500000000000002 5.5000000000000009 117.50000000000001 16.820129870129872 13.750000000000002 463.00000000000006 34.350000000000001 27.149230769230773 33.650000000000013 1253.5000000000002 4.5000000000000009 2003.5000000000002 119.50000000000001 282.00000000000006 48.666727941176482
decision_type=2 2 2 2 2 2 2 2 2 2 2 2 2 2 2 2 2 2 2 2 2 2 2 2 2 2 2 2 2 2
left_child=1 2 7 14 12 8 -6 9 -2 10 -1 13 -5 20 -4 -11 17 -15 -13 -20 24 -22 -16 -9 -3 -25 27 -10 -29 -21
right_child=5 11 3 4 6 -7 -8 23 26 15 -12 18 -14 16 22 -17 -18 -19 19 29 21 -23 -24 25 -26 -27 -28 28 -30 -31
leaf_value=0.011408129973650587 0.017001791589391271 -0.042071337108773151 0.083552084816538863 0.00085921044988098393 -0.0098183734642627585 -0.040471170860259573 0.01072850330843768 0.055876903833663609 -0.029759205418105179 0.0069673144099298215 0.029663670404762189 0.10155594745528225 -0.019077395107421763 -0.024649886537413679 -0.068972023300943403 -0.016870948971044099 -0.0055790028856112159 0.023278395550636127 0.052522628170487598 -0.010653551096667673 0.025224392315683592 -0.012993166112067104 0.016612794908437291 0.029532931280771432 0.040434475310735969 0.011618538515595555 -0.028120844180648159 0.026930708910679863 -0.027866327525673962 -0.027095324558661246
leaf_weight=677.33694600313902 40.255726166069508 50.430582776665688 11.068414390087126 240.9375107139349 261.14723767340183 362.80239958316088 682.85043343901634 35.085563898086548 40.093605041503906 402.34415309876204 232.06144297122955 2.9671713411808005 347.20650672912598 21.141321964561939 4.7336859703063956 93.700042776763439 152.09419944137335 152.45189332962036 8.0986753106117231 174.01424051076174 39.930811762809753 194.2282670289278 367.34742714464664 264.83220836520195 5.311632275581359 138.70519386231899 377.42925993353128 34.384189434349537 19.687551274895668 215.34927369654179
leaf_count=3821 278 372 51 1409 1575 3452 3960 158 305 2369 1243 16 2289 156 24 576 1050 976 39 1266 258 1416 1845 1395 33 750 3028 252 139 1731
internal_value=-0.000240975 0.00503971 0.00858466 0.00263464 -0.00108009 -0.0290721 0.00504442 0.0147645 -0.0209925 0.0112658 0.0160666 -0.0080769 -0.0109102 -0.00202107 0.0174892 0.0024644 0.00669099 0.0174414 -0.0173867 -0.0182746 -0.0118086 -0.00647598 0.015524 0.0259751 -0.0342094 0.0233753 -0.0242357 -0.0086633 0.00697908 -0.0197472
internal_weight=5650.03 4775.37 3759.36 1915.29 1532.14 874.653 943.998 1844.07 511.85 1405.44 909.398 1016.02 588.144 615.589 383.15 496.044 325.687 173.593 400.429 397.462 289.901 234.159 372.081 438.623 55.7422 403.537 471.595 94.1653 54.0717 389.364
internal_count=36232 28778 21465 11153 9233 7454 5535 10312 4002 8009 5064 7313 3698 4261 1920 2945 2182 1132 3052 3036 2079 1674 1869 2303 405 2145 3724 696 391 2997
is_linear=0
shrinkage=0.05


Tree=20
num_leaves=31
num_cat=0
split_feature=8 8 4 8 11 9 6 0 0 11 14 11 8 9 6 11 12 9 18 8 11 12 0 9 11 16 0 3 6 11
split_gain=296.597 68.1722 63.2104 49.2084 39.0999 34.5825 29.8714 31.1049 28.6748 28.479 27.1195 26.5621 26.3218 28.7694 24.7264 23.8638 21.3327 20.839 20.4311 17.6314 22.9522 17.3038 17.1806 18.7036 16.759 16.5889 15.491 15.2815 17.873 14.8968
threshold=37.350000000000001 34.750000000000007 11.500000000000002 38.750000000000007 17.500000000000004 483.00000000000006 4.5000000000000009 2007.5000000000002 2003.5000000000002 35.000000000000007 39.500000000000007 58.000000000000007 36.150000000000013 483.00000000000006 5.5000000000000009 17.500000000000004 36.225833333333341 435.00000000000006 15.500000000000002 33.250000000000007 10.500000000000002 19.080000000000002 2015.5000000000002 471.00000000000006 16.500000000000004 5.5000000000000009 2020.5000000000002 5.5000000000000009 4.5000000000000009 31.000000000000004
decision_type=2 2 2 2 2 2 2 2 2 2 2 2 2 2 2 2 2 2 2 2 2 2 2 2 2 2 2 2 2 2
left_child=1 6 4 8 -3 18 11 10 9 29 25 15 13 -6 26 17 -17 -1 21 -9 -21 -4 -13 -24 27 -8 -7 -10 -29 -2
right_child=3 2 5 -5 12 14 7 19 24 -11 -12 22 -14 -15 -16 16 -18 -19 -20 20 -22 -23 23 -25 -26 -27 -28 28 -30 -31
leaf_value=-0.012640768228517923 0.0041892306655557507 0.001382376086759834 0.092128947194304395 -0.040512034190293457 -0.019024643312699308 0.017065261319528305 -0.0023685922928246852 0.02211778005636238 -0.033455589673597019 -0.058440020070709336 0.086468095122841065 0.12564756034347727 -0.029229993664479009 0.0048454031367515622 -0.0037707717271185191 0.046614423907807317 0.006999192940408014 0.031619019324281822 0.016251332113650506 0.057542949165787338 -0.0049970919212445446 -0.0037642391261604909 0.0022297845635745701 0.092150407794228395 -0.033622062490678117 0.032967723585365115 0.039689518699172116 0.0018901621891474992 -0.022236067402381789 0.063043766913976507
leaf_weight=28.963734403252602 131.62982096523046 754.59512264281511 4.7389617264270774 318.19544643908739 289.18754363059998 469.28812001645565 55.493339017033577 81.890744566917419 97.064048245549202 17.575413540005684 16.572365008294582 8.5377399921417254 221.45201905071735 224.01121021807194 126.42289995402098 37.22427724301815 390.2773324996233 325.17178629338741 173.38875039666891 15.153938703238962 459.99582961946726 645.5140355527401 12.828638017177584 10.529355928301809 207.97197373211384 82.726829402148724 90.203624740242958 147.09023312479258 160.55612581223249 11.707945235073565
leaf_count=155 940 4727 26 3142 1950 2529 337 453 822 145 90 45 1535 1423 938 182 2038 1638 1032 82 2735 3927 68 51 1725 456 495 1022 1256 84
internal_value=-0.000570251 0.00507446 0.000697046 -0.0239608 -0.00661152 0.00790727 0.0136803 0.00620013 -0.017153 0.0016309 0.0260275 0.0202253 -0.0148224 -0.00860537 0.0162002 0.0184002 0.0104486 0.0279991 0.00100107 0.000690439 -0.0030025 -0.00306538 0.0649502 0.0427644 -0.0220863 0.0187807 0.0207128 -0.0161583 -0.010701 0.00899652
internal_weight=5615.96 4524.17 2998.8 1091.79 1489.25 1509.56 1525.37 711.833 773.596 160.913 154.793 813.533 734.651 513.199 685.915 781.637 427.502 354.136 823.642 557.041 475.15 650.253 31.8957 23.358 612.682 138.22 559.492 404.71 307.646 143.338
internal_count=36048 26912 18582 9136 9635 8947 8330 4153 5994 1169 883 4177 4908 3373 3962 4013 2220 1793 4985 3270 2817 3953 164 119 4825 793 3024 3100 2278 1024
is_linear=0
shrinkage=0.05


Tree=21
num_leaves=31
num_cat=0
split_feature=8 6 8 9 8 11 17 6 14 17 9 3 17 11 17 11 11 15 12 8 15 11 17 8 17 6 12 17 3 3
split_gain=271.92 63.8998 63.4441 59.9829 47.4443 31.803 29.9898 27.08 23.2173 22.7216 22.1486 21.2737 19.9731 16.37 16.117 15.9855 16.1825 15.3897 14.5716 13.4299 12.7829 9.96979 9.62606 9.51651 8.76475 8.25749 8.07002 7.56455 7.37027 10.104
threshold=37.350000000000001 6.5000000000000009 34.550000000000004 483.00000000000006 38.750000000000007 16.500000000000004 1253.5000000000002 4.5000000000000009 30.500000000000004 63.500000000000007 469.00000000000006 5.5000000000000009 1327.5000000000002 33.500000000000007 33.500000000000007 13.500000000000002 58.000000000000007 131.50000000000003 19.080000000000002 13.750000000000002 216.00000000000003 10.500000000000002 1327.5000000000002 40.250000000000007 365.00000000000006 6.5000000000000009 46.897321428571438 1253.5000000000002 5.5000000000000009 7.5000000000000009
decision_type=2 2 2 2 2 2 2 2 2 2 2 2 2 2 2 2 2 2 2 2 2 2 2 2 2 2 2 2 2 2
left_child=1 2 10 5 7 20 9 11 -8 -5 17 -2 -7 14 -13 -12 -17 -1 -3 -20 -4 -9 -19 28 26 27 -21 -23 -6 -30
right_child=4 18 3 6 23 12 8 21 -10 -11 15 13 -14 -15 -16 16 -18 22 19 24 -22 25 -24 -25 -26 -27 -28 -29 29 -31
leaf_value=-0.010504335482915808 -0.02571441918485385 0.06396684869285213 -0.0033405871396235843 -0.012002904801436976 -0.048131408824331111 -0.013624310422867564 0.039351303193635737 0.042431079753348436 -0.013658434931999442 0.010203201279820585 0.03964458072534531 -0.025874997965668285 0.012770911661521804 -0.058825152390953386 0.0085981096163019657 0.017195042833163865 0.061068071397330725 0.0093996989975175232 0.048234873942324119 -0.012661851692697141 0.0089830377061852814 -0.025612914496695918 0.031840515196201617 -0.05412377877839622 -0.011775422992968312 -0.043565698422353846 -0.038013724476630879 0.0042589876211025137 -0.014249950250847396 -0.039798205217903004
leaf_weight=89.005154952406883 107.45914954692125 5.7387741208076468 408.7564704567194 129.22128956764936 67.945604935288429 710.35580692440271 132.15389229357243 5.2886781990528098 24.48226560652256 1061.2981946095824 110.18823899328709 40.206523053348064 79.711812153458595 11.099916905164717 216.32409091293812 554.27588853240013 21.846422418951988 351.97322266548872 7.8800509572029105 51.820231303572655 433.67240534722805 300.00446657836437 55.294477388262749 83.786770530045033 225.56419468671083 60.972473710775375 79.620630897581577 22.804211996495724 69.807999946177006 86.844208531081676
leaf_count=490 896 32 2496 811 695 4653 679 36 127 6210 546 305 447 88 1492 2896 111 1842 37 411 2512 2425 262 892 1638 594 712 158 693 862
internal_value=-0.00054985 0.00480698 0.00657847 0.00268949 -0.0231893 -0.00375493 0.0104989 -0.0165088 0.0310659 0.00779291 0.0163772 -0.00692253 -0.0109612 0.0006228 0.00319507 0.0221959 0.0188587 0.00833031 -0.0150874 -0.0163307 0.00300347 -0.0257506 0.0124465 -0.0397432 -0.0177559 -0.0266901 -0.0280188 -0.0235027 -0.0343784 -0.0284133
internal_weight=5605.4 4532.86 4162.24 2979.65 1072.54 1632.5 1347.16 764.16 156.636 1190.52 1182.58 375.09 790.068 267.631 256.531 686.311 576.122 496.273 370.624 364.885 842.429 389.07 407.268 308.385 357.005 383.781 131.441 322.809 224.598 156.652
internal_count=36048 26912 24082 17935 9136 10108 7827 5994 806 7021 6147 2781 5100 1885 1797 3553 3007 2594 2830 2798 5008 3213 2104 3142 2761 3177 1123 2583 2250 1555
is_linear=0
shrinkage=0.05


Tree=22
num_leaves=31
num_cat=0
split_feature=8 6 9 8 8 9 0 11 17 7 13 17 6 0 11 17 8 1 11 17 15 11 6 1 8 7 13 12 11 13
split_gain=249.285 58.7239 50.2762 53.4987 45.7083 28.7213 26.6088 26.4286 25.0419 24.4083 31.7777 20.6116 17.4942 26.5657 19.2962 17.3018 17.2824 16.7368 15.8422 15.8921 15.8075 15.3403 14.6659 22.686 14.1719 13.8883 25.7255 13.7434 13.6237 13.2899
threshold=37.350000000000001 5.5000000000000009 495.00000000000006 34.150000000000013 38.750000000000007 429.00000000000006 2003.5000000000002 35.000000000000007 1327.5000000000002 57.250000000000007 57.193750000000009 1369.0000000000002 3.5000000000000004 2006.5000000000002 68.000000000000014 117.50000000000001 13.850000000000003 7.5000000000000009 16.500000000000004 1369.0000000000002 291.50000000000006 11.500000000000002 6.5000000000000009 5.5000000000000009 36.650000000000013 54.250000000000007 54.986111111111121 19.080000000000002 31.000000000000004 55.806250000000006
decision_type=2 2 2 2 2 2 2 2 2 2 2 2 2 2 2 2 2 2 2 2 2 2 2 2 2 2 2 2 2 2
left_child=1 2 3 12 6 -5 7 17 -7 15 11 21 14 -14 -1 28 -12 -2 19 20 -8 -11 23 -17 25 -4 -27 -24 -3 -19
right_child=4 9 24 5 -6 8 18 -9 -10 10 16 -13 13 -15 -16 22 -18 29 -20 -21 -22 -23 27 -25 -26 26 -28 -29 -30 -31
leaf_value=0.028498413936729479 -0.0074071557091041733 -0.016421424996965014 -0.00044888911158553514 -0.026597776002398679 -0.038983635576251091 4.8491365344886431e-05 -0.02299120806056482 -0.057714920070213574 0.018666273619339837 0.14645662889649344 0.042141790088076732 0.1357913272456594 0.048931071515637491 0.0066034364159413732 0.12038107196375761 0.0093346145069293802 -0.016682390684298134 0.013697262233771434 -0.032210482620057393 0.037418769801901473 2.8623813240872996e-05 0.026028587619323241 0.063614808059452174 -0.013415317658136942 0.0053495894660252896 0.04887493406686038 0.019252827133416261 -0.017744496191678342 -0.052252931244234739 0.063384931065757349
leaf_weight=165.7939323335886 73.726041607558727 102.33336752653122 69.515711009502411 92.750062979757786 298.94857989251614 1876.2865821048617 280.03225839138031 16.470950625836849 199.85191923379898 2.8455577194690695 15.548859685659407 5.7441814988851538 42.500757068395615 290.06196278333664 5.9180286079645148 244.33636245876551 63.39350002259016 50.923696294426918 199.963284984231 13.978825390338896 101.64534693956375 37.398323997855186 5.3031675368547431 198.69270946085453 186.63836395740509 84.090821921825409 570.88372810184956 244.55782793462276 35.811579331755638 18.291361190378666
leaf_count=799 543 839 382 614 3142 11082 2242 145 1024 17 77 28 200 1444 26 1607 449 359 1725 91 767 255 28 1361 1031 434 3019 1886 310 122
internal_value=-0.000529612 0.00455577 0.00749245 0.00403523 -0.022436 0.000624527 -0.0158841 0.0022595 0.00184066 -0.00645501 0.014151 0.0471902 0.0187047 0.0120128 0.0316651 -0.00955273 -0.0050961 0.00917029 -0.0207401 -0.014943 -0.0168607 0.0345438 -0.00633136 -0.000868431 0.0176356 0.0208006 0.0230559 -0.0160177 -0.0257101 0.0268281
internal_weight=5594.24 4540.26 3584.29 2673.16 1053.98 2168.89 755.032 159.412 2076.14 955.965 124.93 45.9881 504.275 332.563 171.712 831.035 78.9424 142.941 595.62 395.656 381.678 40.2439 692.89 443.029 911.129 724.49 654.975 249.861 138.145 69.2151
internal_count=36048 26912 20055 15189 9136 12720 5994 1169 12106 6857 826 300 2469 1644 825 6031 526 1024 4825 3100 3009 272 4882 2968 4866 3835 3453 1914 1149 481
is_linear=0
shrinkage=0.05


Tree=23
num_leaves=31
num_cat=0
split_feature=8 17 8 16 17 4 6 8 6 9 8 12 0 8 3 13 8 12 9 12 6 1 16 6 11 0 16 0 11 17
split_gain=228.443 54.6527 43.9644 32.2549 35.5628 29.7957 28.7746 27.1225 25.3973 24.1281 27.3832 27.1957 23.0988 21.239 19.2937 19.0114 17.107 16.0851 14.7549 12.5389 12.387 15.0816 11.6121 11.2532 11.2207 11.0473 13.2805 21.3001 10.7779 10.1949
threshold=37.350000000000001 666.50000000000011 38.750000000000007 2.5000000000000004 1253.5000000000002 11.500000000000002 5.5000000000000009 34.750000000000007 4.5000000000000009 489.00000000000006 34.150000000000013 80.828888888888898 2014.5000000000002 36.850000000000001 5.5000000000000009 56.885620915032682 13.850000000000003 53.653888888888893 537.00000000000011 33.321590909090922 4.5000000000000009 10.500000000000002 38.500000000000007 3.5000000000000004 46.500000000000007 2014.5000000000002 1.5000000000000002 2021.5000000000002 53.000000000000007 38.500000000000007
decision_type=2 2 2 2 2 2 2 2 2 2 2 2 2 2 2 2 2 2 2 2 2 2 2 2 2 2 2 2 2 2
left_child=1 6 8 25 5 7 9 -5 14 10 23 -12 17 -7 -2 18 -8 -6 -16 22 29 -22 -18 -1 -21 -3 27 -27 -14 -11
right_child=2 3 -4 4 12 13 16 -9 -10 20 11 -13 28 -15 15 -17 19 -19 -20 24 21 -23 -24 -25 -26 26 -28 -29 -30 -31
leaf_value=0.035558542881128634 -0.024225631504549004 0.0076325810923967884 -0.038220783547078738 0.0082461625652008024 0.015997123829839102 0.016533177563464948 0.039320582010317094 -0.008373876991949334 -0.024403959166173723 -0.0068330513120973815 -0.0025659268557443465 -0.028345632837146459 0.0090535537840818036 -0.0070777733232197659 0.0035023262421997694 -0.040920700021795868 -0.0023606149946679136 0.036850776502632625 0.084145736143407382 -0.013925441008733325 0.0092765074617717751 -0.020170400687844731 0.055715782636846414 0.0075952196807414583 -0.039611626858580572 0.036964461074961923 0.052383623000481119 -0.034421806414483204 -0.027024245512023412 0.020551859009782809
leaf_weight=51.382702589035034 103.86134053766727 39.745777450501919 289.90108030289412 433.36103790998459 190.85984709858894 553.33031695336103 15.823852464556692 566.1843007132411 377.1166178509593 38.936127126216888 831.15340781956911 116.66102599352598 156.700394526124 115.04984670132399 235.22106778621674 24.338964894413948 65.303367994725704 179.37472143024206 5.8121782168745986 368.90446907281876 167.88646237552166 58.679651811718941 9.9136030972003919 120.00512902438641 48.055289633572102 44.063454270362854 70.402361080050468 13.697764702141283 23.852060034871101 267.33438432961702
leaf_count=260 896 210 3142 2303 976 3044 77 3608 3213 226 5084 744 814 672 1659 188 466 926 38 2941 929 333 58 621 404 217 329 76 125 1469
internal_value=-0.000510387 0.00431814 -0.0216961 0.00953331 0.00793426 0.00429661 -0.00144409 -0.00116812 -0.0152774 0.00175603 -0.00241328 -0.005739 0.01895 0.012469 -0.00595608 0.00119426 -0.011851 0.0261005 0.00544693 -0.0134962 0.0105135 0.00164988 0.00529386 0.0159787 -0.0168858 0.0306628 0.0378049 0.0200356 0.00428746 0.0170704
internal_weight=5582.91 4546.66 1036.25 2386.62 2218.71 1667.93 2160.04 999.545 746.35 1652.04 1119.2 947.814 550.787 668.38 369.234 265.372 508.001 370.235 241.033 492.177 532.837 226.566 75.217 171.388 416.96 167.909 128.164 57.7612 180.552 306.271
internal_count=36048 26912 9136 13300 12468 9627 13612 5911 5994 9666 6709 5828 2841 3716 2781 1885 3946 1902 1697 3869 2957 1262 524 881 3345 832 622 293 939 1695
is_linear=0
shrinkage=0.05


Tree=24
num_leaves=31
num_cat=0
split_feature=8 6 8 11 11 8 11 8 11 7 13 17 18 8 17 17 8 13 0 11 17 11 6 15 16 15 13 16 17 16
split_gain=209.522 58.5473 45.3006 36.8991 43.3197 39.4753 37.8931 28.4021 27.8243 23.1534 32.6189 19.4409 19.2767 18.4234 18.2976 16.1763 15.4194 14.0431 12.6217 12.2801 11.5155 10.6982 10.5835 9.94811 12.757 9.73362 8.82777 8.70101 7.75812 7.94497
threshold=37.750000000000007 5.5000000000000009 34.150000000000013 16.500000000000004 21.000000000000004 35.45000000000001 33.500000000000007 39.650000000000013 13.500000000000002 57.250000000000007 57.193750000000009 33.500000000000007 3.5000000000000004 36.850000000000001 638.50000000000011 1369.0000000000002 13.850000000000003 54.566964285714292 2004.5000000000002 35.000000000000007 1192.5000000000002 10.500000000000002 7.5000000000000009 340.50000000000006 1.0000000180025095e-35 466.00000000000006 53.612500000000004 1.5000000000000002 9.5000000000000018 38.500000000000007
decision_type=2 2 2 2 2 2 2 2 2 2 2 2 2 2 2 2 2 2 2 2 2 2 2 2 2 2 2 2 2 2
left_child=1 2 21 11 5 -5 -6 8 17 13 15 -4 -13 14 25 22 -12 -2 19 20 -10 -1 -11 26 -25 -3 -20 -16 -23 -30
right_child=7 9 3 4 6 -7 -8 -9 18 10 16 12 -14 -15 27 -17 -18 -19 23 -21 -22 28 -24 24 -26 -27 -28 -29 29 -31
leaf_value=0.047525174725316907 -0.046894644658872525 -0.018383643549237456 -0.0077110065617477441 -0.003073790604914764 0.014874095479304961 -0.033031971038309481 -0.0042289214138712368 -0.047244639132736022 -0.012077390497469956 0.045653347608753198 0.036757102506964762 -0.0040535523415049235 0.012845512668134003 -0.025806583076438318 0.04707862392870045 0.12082086026336723 -0.017873714946260343 0.02540837800081433 0.032955913882569458 -0.056404304350321378 0.035338409284996819 -0.041326465040115445 -0.017427079743066339 0.093772338536572492 -0.017900641148317801 0.0095643687463091501 -0.034269654620676805 -0.00077089224303979122 0.019967176709135566 0.00530949970092566
leaf_weight=29.535634189844131 7.946908012032508 301.60497215390205 160.02008417248726 282.81801880896091 438.99194343388081 179.90883291512728 635.2414508163929 124.55674614012241 116.29422415047884 34.880224622786045 16.074327856302261 194.17538560181856 1288.8422555923462 157.823904722929 9.7447799742221815 6.0683791339397422 65.740164287388325 43.346052415668964 4.9629943445324889 13.828574277460573 14.389278739690779 5.7024274617433539 8.2155003175139409 2.6279379799962035 95.229815252125263 34.74259664863348 304.48796740174294 379.27814707159996 501.21925251185894 113.35746778547764
leaf_count=134 64 2453 1001 1665 2519 1229 3894 1454 997 228 77 1092 7171 1325 45 28 480 345 45 140 102 30 62 22 853 265 2866 2497 2422 543
internal_value=-0.00049144 0.00326657 0.00609529 0.0036371 -0.00193163 -0.0147216 0.00357764 -0.0255079 -0.0210188 -0.00741548 0.0122023 0.00884631 0.0106329 -0.0103248 -0.00695633 0.0443904 -0.00714024 0.0142063 -0.0242931 -0.0115978 -0.00685654 0.0181249 0.0336281 -0.0287973 -0.0149017 -0.0154968 -0.0331915 0.000427708 0.016725 0.0172636
internal_weight=5571.66 4843.99 3829.81 3180 1536.96 462.727 1074.23 727.67 603.114 1014.17 130.979 1643.04 1483.02 883.194 725.37 49.1641 81.8145 51.293 551.821 144.512 130.684 649.815 43.0957 407.309 97.8578 336.348 309.451 389.023 620.279 614.577
internal_count=36048 29160 21700 18571 9307 2894 6413 6888 5434 7460 875 9264 8263 6585 5260 318 557 409 5025 1239 1099 3129 290 3786 875 2718 2911 2542 2995 2965
is_linear=0
shrinkage=0.05


Tree=25
num_leaves=31
num_cat=0
split_feature=8 8 4 11 6 1 0 9 8 6 9 6 8 0 13 6 9 1 11 8 11 9 8 6 8 0 11 11 15 14
split_gain=194.28 60.3005 63.2143 47.529 37.3085 46.9563 32.4759 31.4837 30.6013 27.7653 31.1205 26.5026 25.0463 21.677 21.2791 19.5048 18.4637 17.3185 16.2458 16.091 16.0867 33.73 15.0355 13.5543 13.2865 12.3639 12.2847 11.397 10.9876 10.9546
threshold=38.050000000000004 35.050000000000004 11.500000000000002 16.500000000000004 4.5000000000000009 5.5000000000000009 2004.5000000000002 453.00000000000006 36.150000000000013 4.5000000000000009 439.00000000000006 6.5000000000000009 36.850000000000001 2003.5000000000002 53.784615384615385 2.5000000000000004 483.00000000000006 10.500000000000002 17.500000000000004 39.350000000000001 43.000000000000007 449.00000000000006 36.250000000000007 6.5000000000000009 40.150000000000013 2002.5000000000002 13.500000000000002 35.000000000000007 147.50000000000003 12.500000000000002
decision_type=2 2 2 2 2 2 2 2 2 2 2 2 2 2 2 2 2 2 2 2 2 2 2 2 2 2 2 2 2 2
left_child=1 6 3 15 7 11 20 -4 16 10 28 -6 -9 24 -10 -3 -5 23 -12 26 29 -22 -17 -11 27 -23 -15 -2 -8 -1
right_child=13 2 4 8 5 -7 9 12 14 17 18 -13 -14 19 -16 22 -18 -19 -20 -21 21 25 -24 -25 -26 -27 -28 -29 -30 -31
leaf_value=0.016403339606010769 -0.00033906654815564941 -0.030091672583507006 -0.0083670681434768971 -0.019484701806861321 0.01167055167708354 -0.01718997958095414 -0.041153177749030413 0.023449512639086737 0.04736775451602649 0.0085616838715055123 0.024538748135729045 -0.024127539662766744 0.0049224070498110166 0.0095658160645019467 -0.033819385844135096 0.0096924585046877197 0.0017950700229420165 -0.012598428991554953 0.010369756517323112 -0.049873949567995471 0.16713750071154318 0.099130321613606312 -0.0054744510146107969 -0.010653373623596684 -0.046385456987667661 -0.0026434277753054724 -0.030646411199425294 -0.055824849855842885 -0.0031235937663201922 0.041803569084501765
leaf_weight=152.53087245672941 111.39797557145357 50.099287025630474 157.08957727998495 225.42995548248291 422.50162275135517 330.28998371213675 25.221558153629303 466.52392966300249 8.3214417174458486 477.19762978702784 368.46023999154568 58.911159552633762 299.54626499116421 20.424154713749886 268.00457969307899 334.31224317103624 186.07503527402878 186.83828087896109 448.61910983920097 115.60373442620039 6.2114064693450954 4.2448683977127066 319.63598227500916 113.63106203079224 23.009307868778706 10.048033103346823 270.99471715837717 10.093314453959463 76.91452756524086 58.816823683679104
leaf_count=843 1006 300 990 1583 2715 2188 148 2508 60 2652 1844 519 1883 169 2011 2049 1196 1116 2320 1396 35 24 2186 835 277 56 2644 110 418 303
internal_value=-4.89773e-06 0.00306921 -0.00121963 -0.00915676 0.00514832 -0.00267121 0.010022 0.0120238 -0.0185045 0.00762376 0.0135065 0.00728989 0.0162051 -0.0281834 -0.0313745 -2.42815e-05 -0.00986238 0.0006702 0.0167592 -0.0340896 0.0275743 0.0698581 0.0022792 0.00486615 -0.0115468 0.0275825 -0.0278281 -0.00494874 -0.0125146 0.0234721
internal_weight=5607 5055.48 3126.74 1391.88 1734.86 811.703 1928.73 923.16 687.831 1696.88 919.215 481.413 766.07 551.523 276.326 704.048 411.505 777.667 817.079 407.023 231.852 20.5043 653.948 590.829 144.501 14.2929 291.419 121.491 102.136 211.348
internal_count=36384 30782 20188 9385 10803 5422 10594 5381 4850 9333 4730 3234 4391 5602 2071 4535 2779 4603 4164 4209 1261 115 4235 3487 1393 80 2813 1116 566 1146
is_linear=0
shrinkage=0.05


Tree=26
num_leaves=31
num_cat=0
split_feature=8 6 8 4 6 1 8 0 11 8 15 8 0 12 11 6 7 6 1 11 11 11 7 7 18 8 3 5 6 14
split_gain=179.084 54.3374 46.1402 51.9355 47.3307 39.4257 30.2255 27.0679 24.2846 22.7301 22.097 21.1697 22.7074 19.8856 15.8757 14.9642 14.9042 14.4709 12.0697 10.9233 10.8232 10.6567 10.4377 9.73683 12.2591 8.63552 10.1371 8.41788 7.91018 6.66758
threshold=38.050000000000004 6.5000000000000009 35.050000000000004 11.500000000000002 3.5000000000000004 10.500000000000002 36.95000000000001 2006.5000000000002 68.000000000000014 36.150000000000013 379.50000000000006 40.150000000000013 2003.5000000000002 50.874346405228771 17.500000000000004 4.5000000000000009 54.250000000000007 4.5000000000000009 11.500000000000002 13.500000000000002 35.000000000000007 14.500000000000002 54.250000000000007 57.250000000000007 6.5000000000000009 35.050000000000004 5.5000000000000009 1.0000000180025095e-35 4.5000000000000009 5.5000000000000009
decision_type=2 2 2 2 2 2 2 2 2 2 2 2 2 2 2 2 2 2 2 2 2 2 2 2 2 2 2 2 2 2
left_child=1 2 7 4 14 6 -5 8 16 -6 17 12 20 23 -4 -7 -1 -9 -12 27 22 -15 -2 25 -25 26 -3 -14 -24 -26
right_child=11 13 3 5 9 15 -8 10 -10 -11 18 -13 19 21 -16 -17 -18 -19 -20 -21 -22 -23 28 24 29 -27 -28 -29 -30 -31
leaf_value=0.00070271248082071861 -0.025208053629237843 -0.015413308373980703 -0.0079624664210290168 0.016365971873358833 0.0078934075157355132 -0.0010608897501441278 0.00054009770529603589 0.0086705165466725975 0.12868131220072374 -0.0089070975689417992 0.014563147614810382 -0.051504144100961463 0.017024736853207587 0.0043475533617459289 -0.028180414810508078 -0.022509609277453633 0.026594830847223958 -0.0036824334638971058 0.047662467287700315 -0.032519368495643179 -0.055509995784700866 -0.030446641831296913 0.024607459583892058 0.092030131804726412 -0.0072266173993277179 -0.017698546547856724 0.024322479635101889 -0.049644885781156944 -0.0066820738372200114 0.049446466052228945
leaf_weight=69.30427123606205 30.569463938474655 30.097552180290222 151.96318073570728 802.2704168856144 418.14755041897297 245.62335098534822 483.5426431670785 552.9174419939518 5.362540900707244 388.25673738121986 431.35079119354486 77.914029836654663 19.879594653844837 25.198750577867031 268.92017266154289 121.5657502412796 280.64591156691313 415.03969423472881 29.420720785856247 314.40026392042637 9.6541360020637494 173.7021828815341 40.736737452447414 5.1955382451415089 19.305459201335911 99.795483708381653 34.390115819871426 6.2147900685667983 40.06449793279171 7.0979811474680892
leaf_count=374 281 222 940 4526 2566 1425 3298 2924 30 2616 2127 997 176 195 1932 788 1472 2387 151 3255 110 1537 352 35 127 821 241 58 373 48
internal_value=-1.09914e-05 0.00290907 0.0044166 0.000502798 -0.00728918 0.00628802 0.0104145 0.0107353 0.0230853 -0.000195475 0.00766403 -0.027397 -0.0233272 -0.0149023 -0.0208806 -0.00816194 0.0214671 0.00337383 0.0166766 -0.0299393 -0.00472452 -0.0260386 -0.000322194 -0.00359442 0.0218236 -0.00848343 0.00577707 0.00114631 0.00909285 0.00800869
internal_weight=5598.55 5059.11 4664.33 2880.29 1227.29 1653 1285.81 1784.04 355.313 806.404 1428.73 539.434 461.519 394.783 420.883 367.189 349.95 967.957 460.772 340.495 121.025 198.901 111.371 195.882 31.599 164.283 64.4877 26.0944 80.8012 26.4034
internal_count=36384 30782 27556 18091 8054 10037 7824 9465 1876 5182 7589 5602 4605 3226 2872 2213 1846 5311 2278 3489 1116 1732 1006 1494 210 1284 463 234 725 175
is_linear=0
shrinkage=0.05


Tree=27
num_leaves=31
num_cat=0
split_feature=8 6 8 4 6 1 8 0 9 6 15 8 0 8 11 12 11 7 7 11 11 11 7 9 14 8 5 6 6 15
split_gain=165.042 49.3978 41.3501 46.9215 43.5321 35.4299 26.8878 23.9412 24.5029 24.9958 24.4791 20.8848 21.4468 20.5335 20.0737 18.5403 14.9022 14.4515 13.7523 10.3424 10.2772 10.1002 9.53913 9.29003 10.831 7.89962 7.7895 7.00013 6.68321 6.80819
threshold=38.050000000000004 6.5000000000000009 35.050000000000004 11.500000000000002 3.5000000000000004 10.500000000000002 36.95000000000001 2006.5000000000002 467.00000000000006 4.5000000000000009 140.50000000000003 40.150000000000013 2003.5000000000002 36.150000000000013 68.000000000000014 50.874346405228771 17.500000000000004 56.750000000000007 53.500000000000007 13.500000000000002 35.000000000000007 31.000000000000004 54.250000000000007 499.00000000000006 29.500000000000004 35.150000000000013 1.0000000180025095e-35 4.5000000000000009 5.5000000000000009 345.00000000000006
decision_type=2 2 2 2 2 2 2 2 2 2 2 2 2 2 2 2 2 2 2 2 2 2 2 2 2 2 2 2 2 2
left_child=1 2 7 4 16 6 -5 14 10 -10 -9 12 20 -6 18 23 -4 -7 -1 26 22 -17 -2 -3 25 -25 -14 -24 29 -21
right_child=11 15 3 5 13 17 -8 8 9 -11 -12 -13 19 -15 -16 21 -18 -19 -20 28 -22 -23 27 24 -26 -27 -28 -29 -30 -31
leaf_value=-0.011249958073438414 -0.024406298085306068 -0.010834392305892154 -0.0076001934947081684 0.015414434065150856 0.0074642087682984361 -0.015251549609313842 0.00051291754121448772 -0.022943770164221024 0.020100587330510192 0.0033974605224334656 0.0040498320056514027 -0.051127410797859478 0.015972891647949943 -0.0085093765787755318 0.11475067318104992 -0.017232594212787822 -0.02728292177637754 0.0054636718669472681 0.023287179822531683 -0.031934353740799497 -0.055213739182579193 -0.041412497751799185 0.022965966754249372 0.045842376787250734 -0.038144884739563185 0.0060000692974521014 -0.048979352581947702 -0.0063799957181657901 -0.044638848232483083 -0.010921069833681138
leaf_weight=31.660234041512012 30.009483076632023 133.72729247808456 151.26466123014688 809.02568329870701 420.03201796114445 233.86522980034351 483.70358432084322 104.42445674538612 479.03162962198257 420.67919763922691 429.14128248393536 74.646481558680534 20.122795440256599 386.13877997547388 5.7032634615898123 130.64669889956713 264.00524049252272 131.55202338844538 321.6684450134635 182.31897127628326 9.2313248813152295 64.51372117549181 41.446980431675911 20.19481023401022 8.9702617451548559 32.402938507497311 5.9899925142526618 39.868518128991127 75.343072183430195 48.880994372069836
leaf_count=173 281 1024 940 4526 2566 1428 3298 600 2373 2328 2288 997 176 2616 30 1139 1932 785 1673 1887 110 593 352 135 68 267 58 373 894 474
internal_value=-1.59987e-05 0.00275819 0.00418605 0.000474948 -0.00696151 0.00595287 0.0098387 0.0101484 0.00725618 0.0122907 -0.0012331 -0.0266214 -0.0225852 -0.000186801 0.0216945 -0.0143265 -0.0201134 -0.00779397 0.0201925 -0.029133 -0.00451745 -0.0252257 -0.000313599 -0.00343493 0.0126369 0.0212975 0.00107355 0.00857781 -0.0317061 -0.0274917
internal_weight=5590.21 5062.35 4671.9 2879.59 1221.44 1658.15 1292.73 1792.31 1433.28 899.711 533.566 527.859 453.212 806.171 359.032 390.456 415.27 365.417 353.329 332.656 120.556 195.16 111.325 195.295 61.568 52.5977 26.1128 81.3155 306.543 231.2
internal_count=36384 30782 27556 18091 8054 10037 7824 9465 7589 4701 2888 5602 4605 5182 1876 3226 2872 2213 1846 3489 1116 1732 1006 1494 470 402 234 725 3255 2361
is_linear=0
shrinkage=0.05


Tree=28
num_leaves=31
num_cat=0
split_feature=8 6 9 8 11 17 8 8 3 3 12 17 15 4 9 17 11 12 11 9 17 12 7 15 12 5 7 15 8 7
split_gain=152.264 43.362 38.6006 36.6432 31.6041 27.2624 24.9138 24.1194 19.6121 25.4797 16.3055 13.6846 15.0189 12.8215 12.3406 10.2717 11.9554 10.9341 10.2425 9.1459 8.59047 22.2784 7.88927 10.3909 11.2356 7.58387 7.37915 6.82031 9.83192 9.22796
threshold=37.850000000000001 6.5000000000000009 435.00000000000006 34.050000000000004 16.500000000000004 1253.5000000000002 39.750000000000007 36.95000000000001 5.5000000000000009 6.5000000000000009 50.874346405228771 908.00000000000011 88.000000000000014 11.500000000000002 413.00000000000006 648.00000000000011 21.000000000000004 65.269791666666677 14.500000000000002 499.00000000000006 1327.5000000000002 37.772474747474753 56.750000000000007 564.50000000000011 61.703125000000007 1.0000000180025095e-35 57.250000000000007 279.00000000000006 37.250000000000007 57.750000000000007
decision_type=2 2 2 2 2 2 2 2 2 2 2 2 2 2 2 2 2 2 2 2 2 2 2 2 2 2 2 2 2 2
left_child=1 2 14 15 5 -5 8 -6 22 11 19 25 -13 -11 -1 16 -4 -17 -12 20 26 -22 -2 -24 -25 -10 -3 28 -21 -29
right_child=6 10 3 4 7 -7 -8 -9 9 13 18 12 -14 -15 -16 17 -18 -19 -20 27 21 -23 23 24 -26 -27 -28 29 -30 -31
leaf_value=-0.047593112885056112 -0.043470209513746527 -0.01921312000128602 0.015512478660264634 0.005804108098084999 0.00088896537798809007 0.025350501574193791 -0.045991691649314437 -0.016117354208549203 0.0046563913671051529 -0.042422706240011862 0.0062690173556185537 0.12157749539712025 0.020301707797843481 -0.01554936082524158 -0.011592637355399275 0.027580416625255982 -0.0093882636848356977 0.010202323696534107 -0.028420080168187735 0.033336574911749371 0.12960448973523733 -0.048308173700889856 -0.027035365370537398 0.08834606688318869 -0.056176058282859966 -0.02844926114447462 0.012956565907580306 -0.021562170375364481 -0.056107847611179124 0.073062090618945738
leaf_weight=27.049766011536121 89.519785083830357 102.51111027598381 162.47927689552307 1771.6934070289135 1513.478208206594 198.36347000300884 101.02310569211841 241.7990869358182 59.933076739311218 57.733913704752922 24.494177803397179 4.1245212554931632 32.55545162409544 191.96522086113691 198.41250824183226 254.44004827737808 68.536753803491592 140.49377600848675 162.13833407312632 35.343873411417007 3.6207363605499259 3.423148587346077 58.857146210968494 4.1373209208250037 1.9924789518117902 24.318619087338448 21.57825943082571 19.509806215763096 3.3648574501276007 2.9686120674014083
leaf_count=188 992 819 841 10436 9044 989 1373 1766 552 561 190 32 267 1790 1245 1199 365 664 1484 257 22 22 643 41 21 234 143 149 35 20
internal_value=-2.04757e-05 0.00291494 0.00426076 0.005306 0.00342519 0.00777222 -0.0232526 -0.00145375 -0.0188782 -0.0126394 -0.013339 0.00619859 0.0316898 -0.0217629 -0.0159118 0.0164996 0.00812504 0.0213983 -0.0238674 -0.00312194 -0.01057 0.0431435 -0.0338437 -0.0205832 0.0413694 -0.00489931 -0.013619 0.0128404 0.0255614 -0.00906562
internal_weight=5581.86 4955.7 4576.75 4351.28 3725.33 1970.06 626.161 1755.28 525.138 370.631 378.953 120.932 36.68 249.699 225.462 625.95 231.016 394.934 186.633 192.32 131.133 7.04388 154.507 64.9869 6.1298 84.2517 124.089 61.1871 38.7087 22.4784
internal_count=36384 29878 26737 25304 22235 11425 6506 10810 5133 3436 3141 1085 299 2351 1433 3069 1206 1863 1674 1467 1006 44 1697 705 62 786 962 461 292 169
is_linear=0
shrinkage=0.05


Tree=29
num_leaves=31
num_cat=0
split_feature=8 6 9 7 15 17 8 8 0 4 0 11 0 8 6 4 13 17 11 11 8 12 17 13 8 8 8 0 12 7
split_gain=140.799 42.3065 58.4844 32.8928 30.8254 24.6499 20.6312 20.333 20.2831 19.4928 18.6277 28.4994 18.2954 18.0632 35.7455 26.1016 20.2485 19.6679 19.5752 18.1665 17.3999 16.0604 14.9837 14.5378 13.8522 13.697 13.5028 13.1826 12.8252 12.8032
threshold=38.050000000000004 4.5000000000000009 467.00000000000006 56.250000000000007 285.50000000000006 989.00000000000011 35.350000000000001 40.150000000000013 2003.5000000000002 11.500000000000002 2013.5000000000002 68.000000000000014 2006.5000000000002 35.050000000000004 3.5000000000000004 11.500000000000002 55.440972222222229 1369.0000000000002 33.500000000000007 58.000000000000007 33.150000000000013 48.286153846153859 1192.5000000000002 54.12916666666667 33.250000000000007 13.65 38.350000000000001 2002.5000000000002 64.973579545454555 54.250000000000007
decision_type=2 2 2 2 2 2 2 2 2 2 2 2 2 2 2 2 2 2 2 2 2 2 2 2 2 2 2 2 2 2
left_child=1 2 6 5 25 21 10 8 22 -8 11 -1 -7 16 15 -15 19 -16 -18 -4 -12 27 -2 -6 -14 -5 -24 -3 -27 -11
right_child=7 3 13 4 23 12 9 -9 -10 29 20 -13 24 14 17 -17 18 -19 -20 -21 -22 -23 26 -25 -26 28 -28 -29 -30 -31
leaf_value=0.0092889325940011518 -0.010064591685386842 0.018529214202276025 0.027725160588819121 0.085767179887447753 0.11644363985339563 0.026138852494010763 -0.022755933175324945 -0.050427901660901712 -0.027739045185257973 -0.018050162558753528 0.064120395353060966 0.084519493818745406 0.044404697642804344 -0.013874888766096806 0.013700090468347413 0.011479036287440339 0.018581077456811427 0.048844154770422088 -0.0090660934928280031 0.084454059574812973 -0.0079056581541991546 -0.018549322940457545 0.13384806414239822 0.013485968133165349 -0.0053784917101006987 0.0011748811609592017 0.01798340844524076 -0.008509339212812498 -0.013302885867313239 0.0055368545472375642
leaf_weight=269.93120972812176 104.34919482842088 51.655062630772591 204.4759097546339 4.3704451024532309 3.4564538896083823 70.641409948468208 190.03627009689808 68.779409125447273 319.42833152413368 83.619181871414185 8.6645395904779416 13.204692289233206 14.815297573804854 232.5799598172307 608.91911590099335 180.13189700990915 291.55767312645912 42.594855323433876 82.039648845791817 15.158636316657065 259.97816552966833 484.83005529642105 3.2706486731767646 425.85854042321444 245.81107641011477 529.47626030445099 10.877482160925863 354.09417286515236 215.1158207282424 184.41608829051256
leaf_count=1445 1005 349 1001 20 19 423 1415 997 3489 547 41 78 76 1529 3491 1004 1423 203 410 70 1429 3430 20 2581 1480 3405 91 2331 1481 1101
internal_value=-2.41369e-05 0.0024887 0.00682242 -0.00232744 0.00363314 -0.00807547 -0.00266278 -0.0251544 -0.0211851 -0.0105065 0.00384883 0.0127975 0.0035689 0.0126015 0.00870443 -0.00280893 0.0195927 0.0159977 0.0125099 0.0316404 -0.0055826 -0.0124068 -0.00351778 0.0143149 -0.00254857 -0.00248978 0.044768 -0.00506712 -0.00300781 -0.00182161
internal_weight=5574.14 5067.43 2667.31 2400.12 1178.28 1221.85 1009.85 506.705 437.926 458.072 551.779 283.136 331.268 1657.46 1064.23 412.712 593.232 651.514 373.597 219.635 268.643 890.579 118.497 429.315 260.626 748.963 14.1481 405.749 744.592 268.035
internal_count=36384 30782 15187 15595 7506 8089 6056 5602 4605 3063 2993 1523 1979 9131 6227 2533 2904 3694 1833 1071 1470 6110 1116 2600 1556 4906 111 2680 4886 1648
is_linear=0
shrinkage=0.05


Tree=30
num_leaves=31
num_cat=0
split_feature=17 6 16 17 17 16 16 16 11 0 14 9 15 12 6 16 12 12 0 11 17 11 5 0 16 0 7 7 15 17
split_gain=64.2203 39.6123 25.8182 32.1139 21.9483 42.7863 44.5861 17.5317 15.0893 14.0228 14.8306 13.9499 16.6962 19.3372 13.7283 13.4208 18.6283 12.3617 11.8902 11.7998 11.6441 10.619 19.1334 10.3565 12.6684 28.0557 14.9586 9.98182 11.237 9.65839
threshold=740.50000000000011 5.5000000000000009 2.5000000000000004 1253.5000000000002 1141.5000000000002 25.500000000000004 18.500000000000004 35.500000000000007 31.000000000000004 2009.5000000000002 43.500000000000007 511.00000000000006 379.50000000000006 70.143055555555563 4.5000000000000009 43.500000000000007 72.197222222222237 28.935416666666669 2002.5000000000002 68.000000000000014 83.500000000000014 17.500000000000004 1.5000000000000002 2015.5000000000002 1.5000000000000002 2018.5000000000002 56.250000000000007 57.250000000000007 98.500000000000014 493.50000000000006
decision_type=2 2 2 2 2 2 2 2 2 2 2 2 2 2 2 2 2 2 2 2 2 2 2 2 2 2 2 2 2 2
left_child=1 11 23 4 5 6 -4 -7 17 15 14 12 13 18 -11 16 -5 -3 -1 29 -10 -6 -23 -2 25 26 -25 28 -19 -14
right_child=2 8 3 9 21 7 -8 -9 20 10 -12 -13 19 -15 -16 -17 -18 27 -20 -21 -22 22 -24 24 -26 -27 -28 -29 -30 -31
leaf_value=0.0081807890079085479 0.0064212260611071145 0.011861011282353503 0.0018735322939672436 0.023246824075366445 -0.0014358737643940887 -0.020616694832871998 0.02577272770079081 -0.00030075816812443075 -0.053781173510916026 0.017610783502028392 -0.036093476141503787 0.0089047222520142206 0.011772599146127841 -0.016590858092852486 -0.0029339881922357276 0.010605718911859198 0.06717747222616216 -0.036626884199021457 -0.0051887183643792301 -0.045860469423623963 -0.022074320116885041 -0.017844827585242633 0.049493380313582497 0.018418039420156879 0.044647701918473899 -0.015249431369753147 0.098063535311087691 0.0033822356015527177 -0.013780052993647008 -0.00722550184554978
leaf_weight=197.85950334370136 65.094976603984833 49.135352492332458 509.48508430272341 117.57463622093201 328.5022101290524 173.33603589609265 316.31074001640081 274.13710745051503 37.985317893326283 202.29289491474628 18.957726702094078 248.69080594927073 281.07649612426758 335.21773159876466 135.96166804805398 138.50279676914215 30.362809531390667 64.888267125934362 1042.6815664209425 10.762996561825274 121.8141620978713 247.78670009970665 11.018012821674345 12.717999741435053 73.26101516187191 34.655260697007179 10.989341609179972 66.034408241510391 315.50721150264144 87.796351477503777
leaf_count=1364 351 337 3152 607 2057 1162 1849 1685 396 1062 101 1574 1652 2368 779 768 155 611 6839 84 1097 1643 70 65 358 201 58 487 2815 512
internal_value=-0.000235856 -0.00545826 0.00529302 0.00392289 0.000592603 0.00428084 0.0110278 -0.00817047 -0.0162506 0.0135496 0.0069409 -0.00224925 -0.00366783 -0.00593561 0.0093528 0.0217911 0.0322632 -0.0119424 -0.00305636 0.00574506 -0.0296112 -0.00740342 -0.0149781 0.0227347 0.0308027 0.0134233 0.055337 -0.0145622 -0.0176773 0.00725081
internal_weight=5560.4 2859.45 2700.95 2504.23 1860.58 1273.27 825.796 447.473 655.365 643.653 357.212 2204.09 1955.39 1575.76 338.255 286.44 147.937 495.565 1240.54 379.636 159.799 587.307 258.805 196.719 131.624 58.3626 23.7073 446.43 380.395 368.873
internal_count=36259 20136 16123 15090 11618 7848 5001 2847 5743 3472 1942 14393 12819 10571 1841 1530 762 4250 8203 2248 1493 3770 1713 1033 682 324 123 3913 3426 2164
is_linear=0
shrinkage=0.05


Tree=31
num_leaves=31
num_cat=0
split_feature=17 6 16 17 17 16 16 16 11 17 0 15 15 11 18 0 14 12 17 15 13 6 12 0 16 0 7 13 12 16
split_gain=58.0222 36.4374 23.0454 28.76 19.8408 38.4775 39.4421 16.1018 14.2397 13.8732 15.3013 14.3917 22.2173 16.5924 13.1158 12.6458 11.8412 11.4906 11.4565 11.1776 10.8912 10.1304 9.74406 9.17463 11.1121 24.8232 12.6847 9.55752 8.80198 10.1046
threshold=740.50000000000011 5.5000000000000009 2.5000000000000004 1253.5000000000002 1141.5000000000002 25.500000000000004 18.500000000000004 35.500000000000007 31.000000000000004 33.500000000000007 2007.5000000000002 247.50000000000003 249.50000000000003 49.500000000000007 14.500000000000002 2007.5000000000002 43.500000000000007 40.95277777777779 83.500000000000014 152.00000000000003 57.292857142857152 4.5000000000000009 92.237500000000011 2015.5000000000002 1.5000000000000002 2018.5000000000002 56.250000000000007 56.878676470588239 42.231597222222227 43.500000000000007
decision_type=2 2 2 2 2 2 2 2 2 2 2 2 2 2 2 2 2 2 2 2 2 2 2 2 2 2 2 2 2 2
left_child=1 9 23 4 5 6 -4 -7 17 -1 11 13 -13 -11 21 28 19 -3 -10 -17 -16 -12 -6 -2 25 26 -25 -27 -5 -30
right_child=2 8 3 15 22 7 -8 -9 18 10 14 12 -14 -15 20 16 -18 -19 -20 -21 -22 -23 -24 24 -26 27 -28 -29 29 -31
leaf_value=-0.011200540146203936 0.0060820527026735271 -0.00053910606171411312 0.0017780034071460686 0.0073006670122537851 -0.0053289979351840364 -0.019827853650875783 0.024163191183667311 -0.0002857676179651867 -0.053336342899976678 0.0025273163285510114 -0.0028009141470532704 0.12947330409120189 0.013235867377637447 -0.039819275117912174 0.0022583770101789538 -0.0097636821950666409 -0.027576288242017546 -0.016811433696720605 -0.021317734517061128 0.013277090364892911 0.041877032528798486 -0.014025268539903497 -0.031045502093843266 0.017381084122127695 0.041811942958800398 0.00085028504496764863 0.089949156732551994 -0.059560516931434375 0.040523450421957194 0.015442081146861422
leaf_weight=354.5393438488245 65.283844023942947 161.76274151727557 510.0022497586906 69.306162096560001 545.28547083213925 171.27412578463554 320.40232485160232 274.0928785726428 36.426495928317308 341.19013687968254 531.26905773580074 4.1797428280115119 249.63845620304346 24.814255155622959 353.47094905376434 62.567172847688198 22.623663626611233 329.41329322010279 119.88071310147643 331.66144893690944 18.241965755820274 323.38510992377996 39.503083355724812 12.800721928477289 74.290545143187046 25.605630151927471 11.371135488152502 8.79639685153961 84.552758991718292 76.478897914290428
leaf_count=2570 351 1249 3152 356 3515 1162 1849 1685 396 2299 3292 30 1548 179 2311 358 123 3001 1097 1779 113 2051 255 65 358 144 58 57 428 428
internal_value=-0.000227889 -0.00520904 0.00501524 0.00371818 0.000560146 0.0040559 0.0104151 -0.00780104 -0.0156352 -0.00214151 -0.000401831 0.006001 0.01515 -0.000343685 -0.00363791 0.012797 0.00760158 -0.0114523 -0.0287795 0.00962034 0.00420268 -0.007048 -0.00706617 0.0214307 0.0289724 0.0126877 0.0515192 -0.0145964 0.0221993 0.0286115
internal_weight=5554.11 2848.21 2705.9 2507.75 1860.56 1275.77 830.405 445.367 647.483 2200.73 1846.19 619.823 253.818 366.004 1226.37 647.19 416.852 491.176 156.307 394.229 371.713 854.654 584.789 198.148 132.864 58.5739 24.1719 34.402 230.338 161.032
internal_count=36259 20136 16123 15090 11618 7848 5001 2847 5743 14393 11823 4056 1578 2478 7767 3472 2260 4250 1493 2137 2424 5343 3770 1033 682 324 123 201 1212 856
is_linear=0
shrinkage=0.05


Tree=32
num_leaves=31
num_cat=0
split_feature=8 8 17 3 11 17 9 6 6 8 0 9 16 9 12 8 11 8 9 12 8 15 11 11 12 8 15 13 14 11
split_gain=133.07 46.6373 38.9948 29.4196 25.5111 23.5526 22.7093 20.8885 18.767 18.7652 15.7961 15.0246 13.4022 13.1932 13.043 13.2871 12.6261 12.4285 12.0581 11.6195 17.7985 21.0786 19.6974 11.001 10.8141 10.6649 13.3216 10.4437 9.80476 10.6099
threshold=36.95000000000001 39.150000000000013 740.50000000000011 5.5000000000000009 16.500000000000004 1369.0000000000002 457.00000000000006 5.5000000000000009 4.5000000000000009 33.550000000000004 2003.5000000000002 511.00000000000006 43.500000000000007 545.00000000000011 28.076923076923084 37.350000000000001 35.000000000000007 35.050000000000004 495.00000000000006 56.102136752136758 33.850000000000001 407.00000000000006 16.500000000000004 10.500000000000002 23.056818181818183 35.150000000000013 98.500000000000014 53.984375000000007 38.500000000000007 17.500000000000004
decision_type=2 2 2 2 2 2 2 2 2 2 2 2 2 2 2 2 2 2 2 2 2 2 2 2 2 2 2 2 2 2
left_child=2 3 7 14 5 11 25 19 13 16 12 -5 -6 23 15 -2 -10 24 -11 28 21 -21 -22 -8 -9 26 -4 -28 -1 -30
right_child=1 -3 6 4 10 -7 8 17 9 18 -12 -13 -14 -15 -16 -17 -18 -19 -20 20 22 -23 -24 -25 -26 -27 27 -29 29 -31
leaf_value=0.0071503250958460211 0.078737975751300024 -0.038648098964807788 -0.032756348502332576 -0.0050443814140683305 -0.004194992624260512 0.053599280295120837 0.047718802392504665 0.04696051294422194 0.01500146568237315 -0.0017422278626072893 -0.028812722670494742 0.017232464844677112 0.085610033643376174 0.08955706709228449 -0.023485249644897042 -0.012256128522203291 0.06027003106069323 -0.017501857382038362 0.011328629597746866 0.0021016857150366244 0.0046080364391649573 0.059253156392207476 -0.013662569783703622 0.014803628159652714 -0.0037295689065062992 -0.011395002937018554 0.055303070213334263 0.0057687474288021477 0.0043097478055127356 -0.033661256959919485
leaf_weight=835.17327640205622 6.3095605745911625 167.81317675858736 21.827978551387787 466.77204244583845 41.880722001194954 20.14586067199707 26.126091182231903 11.132595121860502 43.444518879055977 442.44412141293287 143.80187956988811 90.338339008390903 4.6119714304804793 6.0926112681627265 377.65096000954509 11.016618512570856 23.864768452942371 257.05626103281975 293.48712260276079 51.891270324587822 256.27793382108212 23.412553697824478 347.6020033583045 895.15139508992434 191.73100886493921 165.22581698000431 11.135931760072706 239.4033832103014 43.724378973245621 31.760245554149151
leaf_count=4700 41 2304 120 3559 326 113 121 66 218 2556 1208 688 26 29 3288 102 121 2185 1696 277 1467 106 2193 4550 1445 1045 56 1242 234 177
internal_value=-0.00021994 -0.0140079 0.00412877 -0.0104511 -0.00474523 0.000488483 0.00880315 -0.000815706 0.0113763 0.00578162 -0.0206216 -0.00143208 0.00471347 0.016222 -0.0215391 0.0208806 0.0310516 -0.0102001 0.00347039 0.00189908 -0.00305053 0.0198705 -0.00590879 0.0157371 -0.000947837 -0.00137307 0.00470653 0.00797044 0.00559059 -0.0116666
internal_weight=5548.31 1330.34 4217.97 1162.53 767.551 577.256 2168.2 2049.76 1730.61 803.241 190.295 557.11 46.4927 927.37 394.977 17.3262 67.3093 459.92 735.931 1589.84 679.184 75.3038 603.88 921.277 202.864 437.593 272.367 250.539 910.658 75.4846
internal_count=36259 11655 24604 9351 5920 4360 11754 12850 9291 4591 1560 4247 352 4700 3431 143 339 3696 4252 9154 4043 383 3660 4671 1511 2463 1418 1298 5111 411
is_linear=0
shrinkage=0.05


Tree=33
num_leaves=31
num_cat=0
split_feature=8 6 9 7 1 8 11 8 3 3 15 15 9 11 8 13 6 7 13 8 8 4 2 9 0 1 15 15 11 15
split_gain=124.249 40.7243 33.7015 31.967 35.0817 27.6985 23.549 25.0659 22.9978 28.919 22.6888 20.3534 18.0567 17.8082 17.6662 16.6551 14.7487 14.4065 17.4957 21.1377 13.5487 36.7723 14.345 12.0836 11.4948 11.4751 11.0704 11.0195 10.3388 9.84934
threshold=37.650000000000013 4.5000000000000009 467.00000000000006 56.250000000000007 5.5000000000000009 39.150000000000013 17.500000000000004 35.150000000000013 5.5000000000000009 7.5000000000000009 319.50000000000006 131.50000000000003 423.00000000000006 43.000000000000007 36.350000000000001 55.36038961038961 6.5000000000000009 53.500000000000007 54.566964285714292 33.45000000000001 35.95000000000001 11.500000000000002 5.5000000000000009 491.00000000000006 2006.5000000000002 10.500000000000002 335.50000000000006 319.50000000000006 11.500000000000002 369.50000000000006
decision_type=2 2 2 2 2 2 2 2 2 2 2 2 2 2 2 2 2 2 2 2 2 2 2 2 2 2 2 2 2 2
left_child=1 2 6 17 10 8 12 11 -2 23 16 -8 -1 -12 15 -6 -5 -3 24 -20 -4 22 -22 27 -19 -23 -16 -10 -25 -14
right_child=5 3 20 4 14 -7 7 -9 9 -11 13 -13 29 -15 26 -17 -18 18 19 -21 21 25 -24 28 -26 -27 -28 -29 -30 -31
leaf_value=-0.031465036141016603 -0.03059994122655918 -0.023661509569539097 0.015100668795373653 0.010243936528063321 0.033658769475167376 -0.037959497504280841 -0.029220734240347931 -0.020941301351893139 -0.011046084036044188 -0.019073581902687507 0.017987501513388335 0.0078850088984642273 0.0058514219347557284 0.054742802320196342 -0.028919862886292082 -0.0034492671741725199 -0.012872825514438767 0.025791509221649262 0.02180643866719786 -0.011600707583121733 0.0040256548343818388 0.018514600698504122 -0.022687053700912355 0.10148040517541396 -0.00043843346775254596 -0.0013639025542747194 0.0038632791727489253 0.032133993101868458 0.020524740766467035 0.023450309681722688
leaf_weight=28.086918495595455 156.08714270964265 132.17237751185894 972.3219371214509 332.71699184179306 33.148065507411957 162.45156851038337 44.071340844035149 214.6395168825984 74.445022374391556 230.08311251550913 143.97924755513668 228.9301298558712 349.93065325170755 42.736812271177769 106.2447427213192 344.40924136340618 87.050834372639656 57.422681555151939 50.54849599301815 748.27288950234652 86.002916321158409 329.77596178650856 120.9206171259284 4.2358473613858214 153.21037922799587 93.092848621308804 33.989907808601856 18.433797657489777 57.204022601246834 102.87395207583904
leaf_count=180 1722 976 4965 1981 194 2304 259 1555 640 2078 836 1206 2018 251 739 2083 718 364 271 4939 528 1763 794 28 978 521 224 143 481 520
internal_value=-0.000213466 0.00264132 0.00694885 -0.00224554 0.00373893 -0.0198557 -0.000414286 -0.00815664 -0.0144143 -0.00784213 0.0118999 0.00189493 0.00743673 0.0264003 -0.00581992 -0.000191326 0.00545002 -0.00813906 -0.00610663 -0.00948674 0.0114001 0.00568693 -0.0115845 0.00890352 0.00671236 0.0141384 -0.0209739 -0.00247607 0.0261061 0.00984976
internal_weight=5539.49 4836.55 2570.65 2265.9 1124.28 702.941 968.533 487.641 540.489 384.402 606.484 273.001 480.892 186.716 517.792 377.557 419.768 1141.63 1009.45 798.821 1602.11 629.792 206.924 154.319 210.633 422.869 140.235 92.8788 61.4399 452.805
internal_count=36259 28863 14309 14554 7026 7396 5738 3020 5092 3370 3786 1465 2718 1087 3240 2277 2699 7528 6552 5210 8571 3606 1322 1292 1342 2284 963 783 509 2538
is_linear=0
shrinkage=0.05


Tree=34
num_leaves=31
num_cat=0
split_feature=8 6 7 15 8 4 6 17 13 2 8 17 3 3 17 8 18 0 6 8 13 0 0 0 8 17 15 0 14 15
split_gain=115 37.9184 30.3634 27.8025 25.5397 51.4171 37.326 23.4969 19.1393 17.595 17.5773 16.5159 15.1608 24.2955 15.6532 14.8047 14.3599 14.2998 19.5573 12.2817 13.3971 12.1364 11.547 11.4773 13.6575 10.6212 10.1808 9.83102 13.186 12.7847
threshold=38.050000000000004 4.5000000000000009 56.250000000000007 318.00000000000006 35.050000000000004 11.500000000000002 3.5000000000000004 73.500000000000014 54.146428571428579 5.5000000000000009 39.750000000000007 989.00000000000011 5.5000000000000009 7.5000000000000009 3.5000000000000004 35.45000000000001 15.500000000000002 2007.5000000000002 4.5000000000000009 33.150000000000013 56.718253968253983 2001.5000000000002 2016.5000000000002 2006.5000000000002 33.350000000000001 666.50000000000011 98.500000000000014 2004.5000000000002 42.500000000000007 103.50000000000001
decision_type=2 2 2 2 2 2 2 2 2 2 2 2 2 2 2 2 2 2 2 2 2 2 2 2 2 2 2 2 2 2
left_child=1 4 11 21 19 6 15 -7 -5 -8 12 26 14 17 -2 -6 -9 18 -14 20 -1 -4 -10 -13 -25 -23 -3 28 -21 -29
right_child=10 2 3 8 5 7 9 16 22 -11 -12 23 13 -15 -16 -17 -18 -19 -20 27 -22 25 -24 24 -26 -27 -28 29 -30 -31
leaf_value=0.056367278207678742 0.11090040903612719 -0.025875755125974322 0.023980700594769394 0.11421631217539646 -0.0024844515255112924 -0.0081726973270630585 0.019180873860040533 0.0092939811866065512 0.018580619934307506 -0.0067570503631622014 -0.04399581434729613 0.019164904751924713 0.052455025258916092 -0.025765104495302643 -0.037373141602671869 -0.023931696226320638 0.025079105332911224 -0.011705478618728209 -0.0074813821008018859 0.019013924271903643 -0.019518670378485686 -0.0095553303513602975 -0.00030717906538743427 0.035640264872289058 -0.0070150604293372082 0.0023136785510197585 -0.0097853984688165106 -0.0088545554890343322 0.074822039020971953 0.011179829561248097
leaf_weight=28.425868481397629 1.8098976612091053 113.25684485584497 41.677429519593716 4.7116933092474929 110.77216496318579 155.34015214443207 130.35060408711433 596.32469914108515 265.47027135640383 131.1798107624054 87.140447333455086 70.518404014408588 27.652113974094391 159.46214944496751 107.68853209912777 294.07601362466812 189.97793179005384 65.618845891207457 26.802361745387316 110.3185722976923 7.3121432811021796 384.44979971274734 116.39703617990017 20.390235885977745 235.54204943031073 369.79210516065359 744.8368141502142 88.040938787162304 11.707453727722166 833.56734538823366
leaf_count=126 23 855 271 24 711 1013 771 3333 1581 791 1366 415 233 1661 1348 2157 1027 673 258 548 35 2742 699 100 1444 2222 5171 479 55 4127
internal_value=-0.000208017 0.00200497 -0.0026095 0.00305835 0.00606936 0.00207588 -0.00855234 0.00959723 0.0140592 0.00617079 -0.0236981 -0.00826755 -0.0191516 -0.012974 -0.0349223 -0.0180634 0.0131078 0.00401316 0.0229545 0.0120188 0.0408407 -0.00228479 0.0128234 0.00130449 -0.00361669 -0.00373616 -0.0119091 0.0110318 0.0243683 0.00926595
internal_weight=5530.61 5054.44 2367.04 1182.5 2687.39 1608.02 666.379 941.643 386.579 261.53 476.174 1184.54 389.034 279.535 109.498 404.848 786.303 120.073 54.4545 1079.37 35.738 795.919 381.867 326.451 255.932 754.242 858.094 1043.63 122.026 921.608
internal_count=36259 30697 15524 7539 15173 9803 4430 5373 2304 1562 5562 7985 4196 2825 1371 2868 4360 1164 491 5370 161 5235 2280 1959 1544 4964 6026 5209 603 4606
is_linear=0
shrinkage=0.05


Tree=35
num_leaves=31
num_cat=0
split_feature=8 6 9 8 11 8 8 9 2 1 6 11 11 0 11 1 6 8 0 17 8 17 12 17 11 2 9 14 15 15
split_gain=114.34 39.322 37.6572 35.7129 22.1859 22.0842 18.0613 16.7105 16.365 15.8168 20.0354 14.8203 14.2606 14.037 11.9641 11.7757 11.3484 11.2316 11.0028 12.5949 10.5789 9.36058 8.81579 13.155 8.09663 7.45004 6.40553 5.80772 5.021 4.43602
threshold=38.050000000000004 6.5000000000000009 483.00000000000006 35.150000000000013 16.500000000000004 36.550000000000004 40.150000000000013 421.00000000000006 5.5000000000000009 10.500000000000002 4.5000000000000009 11.500000000000002 39.500000000000007 2006.5000000000002 10.500000000000002 4.5000000000000009 2.5000000000000004 36.850000000000001 2003.5000000000002 1192.5000000000002 39.350000000000001 73.500000000000014 38.452083333333341 1327.5000000000002 16.500000000000004 5.5000000000000009 477.00000000000006 45.500000000000007 121.50000000000001 94.500000000000014
decision_type=2 2 2 2 2 2 2 2 2 2 2 2 2 2 2 2 2 2 2 2 2 2 2 2 2 2 2 2 2 2
left_child=1 2 3 7 16 9 12 -1 -6 21 -11 28 18 -9 -7 -16 -5 22 19 27 25 -4 23 -13 -24 -20 -21 -2 29 -3
right_child=6 11 5 4 8 14 -8 13 -10 10 -12 17 -14 -15 15 -17 -18 -19 20 26 -22 -23 24 -25 -26 -27 -28 -29 -30 -31
leaf_value=-0.030510257909733326 -0.012157030221493869 0.024158268075049526 -0.00073647041296865333 -0.029831164860842821 -0.0043008865430567795 0.07133261306643586 -0.049974057720125892 0.016928308201744395 -0.020621940348596341 0.012491655320229986 -0.010385928959087756 -0.001912812944530223 -0.051466190382082312 0.0037128241414802195 0.010704317557987245 -0.0046873754580402157 0.00063161185451106501 -0.03579045703877564 -0.01018203970262545 0.083035162150445749 -0.04575101289141853 0.016453666301533078 -0.0060858124759401505 0.08562924989782178 -0.025336383222390194 -0.028472794233471755 0.011906765816490967 0.067024677283266471 0.010432514825380629 0.10784421425748195
leaf_weight=31.08451160043478 92.902098819613457 3.48854982107878 86.41127735376358 31.831051275134087 282.89385775476694 5.8906323611736289 57.909847252070904 257.97290320694447 336.02090901136398 237.89230628311634 160.11323647946119 54.093670882284641 33.355503402650356 908.7259114086628 174.29575241357088 432.92759824544191 773.44618887454271 61.443938508629799 122.64502816647291 5.5435057431459409 42.268255237489939 947.96655752509832 98.529083415865898 4.6611777544021598 122.5672517940402 101.94918794184923 7.3779559582471848 2.3749727904796591 17.696242585778236 2.8998555466532707
leaf_count=186 919 25 532 203 1968 36 975 1344 2441 1195 945 393 456 4843 1095 2842 4781 666 1334 42 623 5049 818 27 1101 1136 56 20 122 20
internal_value=-0.000156438 0.00203818 0.00327473 -0.000692054 -0.00604352 0.00835946 -0.0238419 0.00567097 -0.0131619 0.0117585 0.00328826 -0.0137579 -0.0201366 0.00663495 0.000418547 -0.000269385 -0.000572523 -0.0164329 -0.0173504 -0.00390096 -0.0228034 0.0150176 -0.0121828 0.00503213 -0.0167576 -0.0184847 0.0424219 -0.0101833 0.0241493 0.0621454
internal_weight=5499.18 5032.85 4667.47 2621.98 1424.19 2045.5 466.326 1197.78 618.915 1432.38 398.006 365.38 408.417 1166.7 613.114 607.223 805.277 341.295 375.061 108.199 266.862 1034.38 279.851 58.7548 221.096 224.594 12.9215 95.2771 24.0846 6.38841
internal_count=36193 30632 27460 15766 9393 11694 5561 6373 4409 7721 2140 3172 4586 6187 3973 3937 4984 3005 4130 1037 3093 5581 2339 420 1919 2470 98 939 167 45
is_linear=0
shrinkage=0.05


Tree=36
num_leaves=31
num_cat=0
split_feature=8 6 9 8 8 9 8 4 3 3 7 8 7 13 12 11 15 15 3 14 9 9 4 12 11 8 17 12 14 13
split_gain=105.481 35.7721 27.5091 20.648 19.7449 19.3559 23.5614 31.7091 14.9077 29.7872 13.6746 13.3644 16.1379 13.8914 12.7972 32.4862 12.4827 12.5742 11.347 10.9876 10.977 10.2922 8.98805 8.27647 9.52265 8.48923 7.15569 6.73058 13.2914 9.6457
threshold=37.850000000000001 5.5000000000000009 429.00000000000006 40.150000000000013 36.850000000000001 483.00000000000006 35.350000000000001 11.500000000000002 5.5000000000000009 7.5000000000000009 53.500000000000007 36.650000000000013 54.250000000000007 53.894444444444453 46.289930555555564 58.000000000000007 564.50000000000011 626.50000000000011 5.5000000000000009 47.500000000000007 455.00000000000006 409.00000000000006 11.500000000000002 34.413541666666667 15.500000000000002 34.550000000000004 1170.0000000000002 44.132638888888899 41.500000000000007 56.369318181818194
decision_type=2 2 2 2 2 2 2 2 2 2 2 2 2 2 2 2 2 2 2 2 2 2 2 2 2 2 2 2 2 2
left_child=1 2 21 8 10 6 19 -8 16 27 26 12 -7 -13 15 -12 -2 -18 -6 -4 -16 -1 -11 24 -23 -25 -3 28 -10 -29
right_child=3 4 5 -5 18 11 7 -9 9 22 14 13 -14 -15 20 -17 17 -19 -20 -21 -22 23 -24 25 -26 -27 -28 29 -30 -31
leaf_value=-0.057533489894880219 -0.036149403281657722 -0.031339553990047946 0.0075707187125786451 -0.049652887517189451 -0.037573015800838397 -0.0041887148113067462 -0.014720042002488987 0.0032743331388199169 0.01124578826257995 -0.043734477148694814 0.0049398350988236186 0.062451362665907943 0.013734088411385702 0.00013685787065687832 -0.031448285465242747 0.1599867154172363 0.085906426557449206 -0.018086082562585624 -0.010994199685056234 -0.033519989674176291 -0.0041827222961865387 -0.007672597448024474 -0.018937583541353935 0.0025418833701888882 0.090118323202881129 -0.029411334880020013 0.028631847101574272 0.0065868502103371826 0.10274515880377931 -0.027177330784381077
leaf_weight=15.396118618547915 127.65103605762124 55.458443477749825 1098.7213195711374 55.432913195341825 69.231111600995064 141.72213827818632 392.31224815547466 651.20744320005178 50.157101716846228 47.272433530539274 294.60716674476862 9.1380581706762296 1103.7443998754025 420.04755997657776 40.537721171975136 3.4176048114895812 4.2229351587593547 9.3268459998071176 95.615355156362057 16.513354517519474 412.99121890962124 6.8702672719955427 161.01419518142939 31.50540429353714 3.9040697067975998 61.095601886510849 5.4640311971306792 72.450206216424704 4.30999906733632 29.874671351164579
leaf_count=116 1642 484 5738 975 678 765 2731 3865 469 516 1988 57 5609 2543 307 26 47 112 855 91 3160 40 1649 167 27 455 35 709 37 300
internal_value=-0.000152888 0.00218638 0.00430445 -0.0206819 -0.00637888 0.00503872 0.00190943 -0.00349067 -0.0175099 -0.012174 -0.00317767 0.00907261 0.0116946 0.00146363 -0.00133083 0.00671784 -0.0313059 0.0143243 -0.0221566 0.00696229 -0.0066198 -0.0193944 -0.0245655 -0.0137141 0.0277618 -0.01854 -0.0259608 0.00428716 0.0184862 -0.00327091
internal_weight=5491.21 4929.5 3952.18 561.712 977.323 3833.41 2158.75 1043.52 506.279 365.079 812.476 1674.65 1245.47 429.186 751.554 298.025 141.201 13.5498 164.846 1115.23 453.529 118.771 208.287 103.375 10.7743 92.601 60.9225 156.792 54.4671 102.325
internal_count=36193 29737 22204 6456 7533 21399 12425 6596 5481 3680 6000 8974 6374 2600 5481 2014 1801 159 1533 5829 3467 805 2165 689 67 622 519 1515 506 1009
is_linear=0
shrinkage=0.05


Tree=37
num_leaves=31
num_cat=0
split_feature=8 6 9 8 4 11 1 8 3 8 9 7 11 9 11 11 0 0 4 11 8 3 3 11 11 13 0 11 7 13
split_gain=97.6046 33.9069 31.1729 29.6579 32.7892 19.8848 17.5826 17.5691 23.1061 17.356 15.835 14.6518 17.0492 14.2927 13.8434 13.3202 12.531 12.4988 12.1498 12.0812 10.1762 10.0327 11.107 7.47668 6.65398 6.85535 5.39797 5.05847 4.81623 11.2463
threshold=38.050000000000004 6.5000000000000009 483.00000000000006 35.150000000000013 11.500000000000002 17.500000000000004 10.500000000000002 36.550000000000004 5.5000000000000009 40.150000000000013 519.00000000000011 54.250000000000007 43.000000000000007 421.00000000000006 39.500000000000007 11.500000000000002 2016.5000000000002 2006.5000000000002 11.500000000000002 16.500000000000004 36.850000000000001 7.5000000000000009 5.5000000000000009 10.500000000000002 16.500000000000004 56.322916666666679 2013.5000000000002 27.000000000000004 57.750000000000007 57.226495726495735
decision_type=2 2 2 2 2 2 2 2 2 2 2 2 2 2 2 2 2 2 2 2 2 2 2 2 2 2 2 2 2 2
left_child=1 2 3 13 5 -5 -6 11 10 14 -9 16 -13 -1 18 -3 -4 -15 23 -10 24 22 -20 -2 25 -17 -26 -23 -22 -30
right_child=9 15 7 4 6 -7 -8 8 19 -11 -12 12 -14 17 -16 20 -18 -19 21 -21 28 27 -24 -25 26 -27 -28 -29 29 -31
leaf_value=-0.028839453449172471 0.034070212443588953 0.02272416869302293 -0.011585592683225527 -0.005695876365468467 0.0046139109728120407 -0.024499495873290842 -0.012353705035981759 -0.0051905453346666715 0.013707729128233679 -0.049333918683664241 -0.037271431606491622 0.010398855199430537 0.028928573763644841 0.015668926550960482 -0.050902638573494398 0.0074161882520015019 0.019087124404239274 0.0032485065544469666 -0.019069852745298658 -0.0065133460920196356 -0.038867729936488266 -0.026846339200417808 0.0100291745225621 -0.033637412772610918 -0.027052410849706155 -0.016024642664060423 -0.0079749634052450648 -0.0041200410536199007 0.093894770284432633 -0.055977338822306599
leaf_weight=30.184923127293587 4.2549191340804091 24.389035396277905 122.78069987148046 286.752865023911 651.98924735933542 275.84861444681883 199.36581560224295 189.7841947004199 272.87620283663273 53.061782661825418 48.242568105459213 1137.7108750119805 139.34244469553232 260.36625472456217 31.106341186910868 69.732131369411945 45.689003057777882 912.20002160221338 53.417132575064898 101.2816072255373 53.58166491612792 91.37606318295002 84.933418333530426 97.677493680268526 84.081460878252983 56.432312689721584 66.330171950161457 33.447754304856062 2.2969304993748656 2.7507784217596054
leaf_count=186 38 167 707 1863 4079 2192 1259 1280 1680 975 328 6010 749 1344 456 593 255 4843 721 685 615 997 866 1131 717 429 600 377 21 30
internal_value=-0.000149833 0.00184306 0.00298121 -0.000639627 -0.00554907 -0.0149155 0.000640525 0.00758569 0.000486255 -0.0224797 -0.0116926 0.0105923 0.0124207 0.00513193 -0.0188833 -0.0129519 -0.00326715 0.00600644 -0.0161553 0.00823404 -0.0155477 -0.0104788 -0.00120596 -0.0308111 -0.0115366 -0.0030687 -0.0186394 -0.0207566 -0.0344692 0.0122211
internal_weight=5483.28 5034.01 4674.42 2616.71 1413.96 562.601 851.355 2057.71 612.185 449.275 238.027 1445.52 1277.05 1202.75 396.213 359.594 168.47 1172.57 365.107 374.158 335.205 263.174 138.351 101.932 276.576 126.164 150.412 124.824 58.6294 5.04771
internal_count=36193 30632 27460 15766 9393 4055 5338 11694 3973 5561 1608 7721 6759 6373 4586 3172 962 6187 4130 2365 3005 2961 1587 1169 2339 1022 1317 1374 666 51
is_linear=0
shrinkage=0.05


Tree=38
num_leaves=31
num_cat=0
split_feature=8 6 9 9 8 8 8 11 17 14 16 11 7 13 11 9 4 17 17 17 6 12 3 3 3 16 12 16 11 11
split_gain=89.7467 31.0091 24.4135 20.9983 23.9219 17.4971 17.0405 15.7287 13.5763 19.3659 14.6025 13.4813 12.6698 15.1521 14.0908 11.5883 11.4897 14.0073 11.4402 13.3951 11.2525 10.0998 9.50774 9.28899 10.1171 8.32912 7.67818 12.3511 6.82993 5.68301
threshold=38.050000000000004 5.5000000000000009 415.00000000000006 483.00000000000006 34.050000000000004 36.850000000000001 40.150000000000013 17.500000000000004 1253.5000000000002 30.500000000000004 24.500000000000004 39.500000000000007 56.250000000000007 55.096875000000004 33.500000000000007 543.00000000000011 11.500000000000002 1253.5000000000002 122.00000000000001 158.00000000000003 3.5000000000000004 41.186904761904763 5.5000000000000009 7.5000000000000009 5.5000000000000009 44.500000000000007 45.172836538461546 45.500000000000007 10.500000000000002 31.000000000000004
decision_type=2 2 2 2 2 2 2 2 2 2 2 2 2 2 2 2 2 2 2 2 2 2 2 2 2 2 2 2 2 2
left_child=1 2 -1 4 20 12 11 -6 10 -10 -5 16 18 14 -14 -15 17 28 29 -20 -4 -19 -7 24 -18 -25 27 -24 -2 -3
right_child=6 5 3 8 7 22 -8 -9 9 -11 -12 -13 13 15 -16 -17 23 21 19 -21 -22 -23 26 25 -26 -27 -28 -29 -30 -31
leaf_value=-0.04310814956574411 0.027793922674362526 -0.019665732985982249 0.024747584990268245 0.0096409441578608982 0.0027857234116790983 -0.034080207606865615 -0.049016358787929343 -0.0062920549662009474 0.026255294248822159 -0.013905555356997806 -0.0011863718766121521 -0.05055687869388914 0.06955332873503868 -0.00029632399321571305 -0.0093819549352363169 0.075580227112468729 -0.018413938258267898 0.10354846817112512 0.05563263317531067 -0.0071886351589932054 0.0062553335330884849 -0.0066669059671540607 -0.00057575340010793021 -0.023515844629242985 0.009453956148137297 0.028865021424998267 -0.019808434247543423 0.10482943195377636 -0.039225256566194106 -0.052917136670785396
leaf_weight=27.675752878189087 3.9781781435012809 51.37274282425642 125.40690059959888 1065.9495702236891 1046.7496122121811 73.458624310791492 50.792726758867502 876.92599341273308 185.23553374409676 35.822220988571644 439.92512817680836 29.78653996437788 15.738718375563623 382.56971954554319 8.8231985643506032 5.0991014614701262 52.575714819133282 2.9718963354825956 8.7160060629248601 320.76587055623531 239.12080425024033 6.9150981940329075 31.068318337202072 114.69879524037242 85.578961238265038 8.1268870607018453 74.137964062392712 3.0522519871592513 85.609716881066561 17.136112548410892
leaf_count=213 35 462 570 5842 6042 769 975 5620 870 172 2409 456 102 2729 59 36 721 21 70 2353 1134 71 264 1286 866 88 702 25 1042 189
internal_value=-0.000146571 0.00174797 0.00369166 0.00401424 0.000872994 -0.00617386 -0.0217742 -0.00135247 0.00817642 0.0197473 0.00647786 -0.0182284 -0.00302895 0.00311459 0.041198 0.000701699 -0.0155569 -0.0300162 -0.00939231 -0.00552678 0.0126171 0.0264623 -0.020196 -0.0100457 -0.00115136 -0.02005 -0.0107749 0.00885326 -0.0362492 -0.0279829
internal_weight=5475.78 5034.75 4042.81 4015.14 2288.2 991.939 441.035 1923.68 1726.93 221.058 1505.87 390.242 810.221 412.231 24.5619 387.669 360.455 99.4749 397.991 329.482 364.528 9.88699 181.717 260.98 138.155 122.826 108.259 34.1206 89.5879 68.5089
internal_count=36193 30632 22872 22659 13366 7760 5561 11662 9293 1042 8251 4586 6000 2926 161 2765 4130 1169 3074 2423 1704 92 1760 2961 1587 1374 991 289 1077 651
is_linear=0
shrinkage=0.05


Tree=39
num_leaves=31
num_cat=0
split_feature=6 5 17 9 13 7 1 15 11 17 1 17 15 9 9 17 7 17 11 14 17 9 13 16 16 6 7 13 15 6
split_gain=37.6076 22.9675 20.5384 15.4983 14.2291 40.942 13.8647 12.6839 13.1639 12.5585 11.7735 16.6173 11.2767 10.6392 10.4728 10.453 9.80165 9.77563 12.9882 12.476 8.65315 9.67779 8.45778 7.79158 8.24565 7.65792 10.662 8.85759 7.45472 7.2684
threshold=5.5000000000000009 1.0000000180025095e-35 70.500000000000014 453.00000000000006 54.338541666666679 55.750000000000007 4.5000000000000009 5.5000000000000009 12.500000000000002 1207.5000000000002 10.500000000000002 79.500000000000014 37.500000000000007 409.00000000000006 511.00000000000006 1073.5000000000002 58.250000000000007 105.50000000000001 31.000000000000004 38.500000000000007 51.500000000000007 453.00000000000006 53.741666666666667 47.500000000000007 1.0000000180025095e-35 7.5000000000000009 58.250000000000007 56.741666666666667 553.50000000000011 6.5000000000000009
decision_type=2 2 2 2 2 2 2 2 2 2 2 2 2 2 2 2 2 2 2 2 2 2 2 2 2 2 2 2 2 2
left_child=1 4 -3 13 5 -1 20 -6 -9 15 12 -12 -5 -4 -10 -7 17 18 19 -8 -2 -22 -15 24 -19 27 -27 -23 -18 -25
right_child=6 2 3 10 7 9 16 8 14 -11 11 -13 -14 22 -16 -17 28 23 -20 -21 21 25 -24 29 -26 26 -28 -29 -30 -31
leaf_value=0.0031441558619254781 -0.017104673683105809 -0.017920590999796385 -0.055227236827579046 0.054446601735451509 -0.045820022982539135 0.054598888679611261 -0.019476771435068096 0.014931287685603208 0.0012425801441079158 0.10653432482718797 0.11657105375070081 -0.0072365084354372557 0.005682930589142831 0.022469728723052997 0.010031299636103339 -0.0077981676050873335 0.0047470900857574869 0.035463377370084599 -0.05236732219139445 0.080800109099375836 -0.032158485719204502 0.014662848517005698 -0.0088893605002056918 0.027799057394681637 -0.012705162385729185 -0.026206927079943459 0.077456654562045743 -0.0077480054674058593 0.098964141720656207 -0.024946083340047883
leaf_weight=137.33944015949965 62.250606801360846 200.52266100794077 11.858108669519423 12.082366932183502 12.90496391057968 37.078046880662441 65.435519710183144 244.13050772622228 1985.2721661366522 9.5005903989076597 2.7386951446533194 260.69250306859612 632.05191853642464 22.718872100114822 408.75405599549413 8.195639453828333 5.7078115716576558 9.0222438126802427 34.383446287363768 3.2561613693833342 17.84200070425868 174.62640409916639 401.27712500095367 23.52042069286108 582.37300817295909 28.761522844433788 2.7145296037197104 58.981615785509348 3.3210547417402267 9.0425986386835557
leaf_count=826 554 1586 100 75 101 213 666 1276 11924 43 16 1540 4084 139 2425 45 36 49 429 31 145 1398 2616 170 4841 283 16 467 17 82
internal_value=-0.000143107 0.00191539 -0.00299395 -0.000765956 0.00458133 0.0177211 -0.00849545 0.00362914 0.00387103 0.0542709 0.00295571 -0.00594937 0.00659762 -0.00851547 0.00274316 0.0433035 -0.0123727 -0.0130157 -0.0272805 -0.0147234 -0.000227449 0.00348595 -0.00720905 -0.0106592 -0.0119703 0.00588507 -0.0172669 0.00900453 0.0394026 0.013152
internal_weight=5468.36 4387.12 1543.94 1343.42 2843.18 192.114 1081.24 2651.06 2638.16 54.7743 907.565 263.431 644.134 435.854 2394.03 45.2737 736.062 727.033 103.075 68.6917 345.177 282.926 423.996 623.958 591.395 265.084 31.4761 233.608 9.02887 32.563
internal_count=36193 27009 10156 8570 16853 1127 9184 15726 15625 301 5715 1556 4159 2855 14349 258 6321 6268 1126 697 2863 2309 2755 5142 4890 2164 299 1865 53 252
is_linear=0
shrinkage=0.05


Tree=40
num_leaves=31
num_cat=0
split_feature=8 8 4 8 11 1 15 13 0 9 7 18 3 3 0 15 0 3 11 11 16 8 15 15 0 8 11 8 8 1
split_gain=75.6674 29.1257 36.5749 34.5112 29.9771 23.201 22.2244 18.7039 18.7024 20.0157 18.1921 17.9084 15.1428 15.5227 15.6776 12.9554 11.1394 21.2301 13.5666 10.4559 10.4471 16.1194 9.4945 9.47948 9.16421 9.08458 10.4382 8.25057 7.78009 8.05808
threshold=38.050000000000004 34.050000000000004 11.500000000000002 36.150000000000013 16.500000000000004 10.500000000000002 161.50000000000003 53.784615384615385 2002.5000000000002 495.00000000000006 53.500000000000007 15.500000000000002 5.5000000000000009 7.5000000000000009 2007.5000000000002 218.50000000000003 2006.5000000000002 5.5000000000000009 10.500000000000002 41.000000000000007 41.500000000000007 35.650000000000013 444.50000000000006 38.500000000000007 2011.5000000000002 33.150000000000013 49.500000000000007 40.45000000000001 39.350000000000001 2.5000000000000004
decision_type=2 2 2 2 2 2 2 2 2 2 2 2 2 2 2 2 2 2 2 2 2 2 2 2 2 2 2 2 2 2
left_child=1 16 3 8 15 6 11 -6 19 -10 -8 -4 -2 14 23 -5 17 22 -18 -3 24 -22 -1 -14 -7 -20 -27 -25 29 -16
right_child=12 2 5 4 7 20 10 -9 9 -11 -12 -13 13 -15 28 -17 18 -19 25 -21 21 -23 -24 27 -26 26 -28 -29 -30 -31
leaf_value=0.048423553368719487 -0.035661582111972928 0.0098250455922672137 -0.006097310671054435 -0.016391683692714872 0.045039938578134438 0.00014385437256731064 -0.01167835312083703 -0.030617214612485968 -0.0064052896372139932 0.0069483293494686229 0.013974469992809874 0.012749908037932276 -0.042156181129928194 -0.024643081785600998 0.036794456500825821 0.0031699221014037265 0.040149611100458525 0.011948141990094256 0.021151862382989307 0.04600793995904022 0.042111159915536205 -0.010763932003274492 0.11991149305598775 0.026054030361412458 -0.013702858148376004 0.0016100192415901523 0.022356846468188404 -0.035942744499611566 -0.047691196896850793 -0.017166559223737853
leaf_weight=18.986394405364994 116.67900107800961 151.18272649496794 402.34252504631877 150.26720473915339 8.4528502970933896 234.48062944412231 74.672460995614529 243.32054364308715 1027.9518204629421 385.98486211895943 928.07427567243576 183.53210727125406 6.7121535949408999 175.26489896699786 8.0495434254407865 193.80672466754913 31.654893219470978 66.307436071336269 92.25219053030014 23.00417099148035 28.767353773117065 28.889208227396011 6.1487267017364493 57.91762600466609 243.66677107661963 484.65996603667736 69.29467860609293 5.9144404083490363 17.481678057461977 49.237808275967836
leaf_count=92 1780 886 2630 1081 60 1418 497 2032 6326 2249 5432 1153 76 2178 84 1315 149 314 457 153 151 167 28 565 1458 2467 354 117 305 498
internal_value=-0.000280289 0.00143836 -0.000161805 -0.00470541 -0.0149667 0.00450916 0.00754371 -0.0280772 -0.000855492 -0.00275994 0.0120642 -0.000193198 -0.0202384 -0.0146248 -0.00254168 -0.00537321 0.0103999 0.0267812 0.00819011 0.0146036 -0.00448809 0.0156177 0.0659114 0.0143661 -0.00691251 0.00662455 0.00420526 0.0203096 -0.0184941 -0.0095844
internal_weight=5514.96 5077.7 4308.4 2183.97 595.847 2124.43 1588.62 251.773 1588.12 1413.94 1002.75 585.875 437.257 320.578 145.313 344.074 769.304 91.4426 677.862 174.187 535.804 57.6566 25.1351 70.5442 478.147 646.207 553.955 63.8321 74.769 57.2874
internal_count=36472 30869 27008 14102 4488 12906 9712 2092 9614 8575 5929 3783 5603 3823 1645 2396 3861 434 3427 1039 3194 318 120 758 2876 3278 2821 682 887 582
is_linear=0
shrinkage=0.05


Tree=41
num_leaves=31
num_cat=0
split_feature=8 6 1 4 8 2 18 13 12 7 6 7 1 8 8 3 3 0 6 12 8 13 13 12 12 13 8 8 12 16
split_gain=69.4967 30.9688 38.677 26.7103 60.6743 35.4106 17.5297 18.7644 19.534 17.4845 17.3851 15.7659 25.1966 14.9303 14.5453 14.2018 14.4536 13.4093 14.2229 12.9037 12.2287 19.9575 16.8305 10.2951 15.9425 9.99342 12.1022 9.70639 8.68823 8.6755
threshold=38.050000000000004 4.5000000000000009 10.500000000000002 11.500000000000002 35.550000000000004 5.5000000000000009 17.500000000000004 56.577380952380956 49.421634615384619 56.750000000000007 6.5000000000000009 55.250000000000007 5.5000000000000009 36.850000000000001 40.250000000000007 5.5000000000000009 7.5000000000000009 2007.5000000000002 4.5000000000000009 64.767095588235307 36.850000000000001 56.12916666666667 56.541958041958047 50.440625000000011 49.925000000000004 57.343137254901968 38.850000000000001 33.45000000000001 25.73721590909091 10.500000000000002
decision_type=2 2 2 2 2 2 2 2 2 2 2 2 2 2 2 2 2 2 2 2 2 2 2 2 2 2 2 2 2 2
left_child=1 3 10 4 23 9 20 29 -9 -6 11 27 -13 19 15 25 17 18 -17 -12 21 -5 -22 24 -1 -2 -27 -3 -18 -8
right_child=14 2 -4 6 5 -7 7 8 -10 -11 13 12 -14 -15 -16 16 28 -19 -20 -21 22 -23 -24 -25 -26 26 -28 -29 -30 -31
leaf_value=0.012697880881065833 -0.035571056461499558 0.022862728625985523 -0.015335667253472286 0.0062014318902033228 -0.004911580301420723 -0.026325984761051927 0.0055254265750990759 0.14632825073325212 0.038066595599160952 0.035964627935460985 0.0019412117179204314 0.011914931429798787 -0.0043093653839825826 -0.035186742118663898 -0.046968025226654692 0.040931462909069037 0.045391371882175652 -0.01413123077823205 -0.006561514924452401 -0.023244344736554262 0.0043657628424055546 0.024086203065833083 -0.027871933183606652 0.0033550346743712284 0.099522942165715125 0.14042944737342339 -0.053248162782226709 -0.0061253953653576873 -0.023131915278526732 0.027963040623119856
leaf_weight=357.39909824728966 97.01334148645401 30.638851001858711 489.72644215449691 598.9171025454998 150.10784856975079 270.33633443713188 73.276998572051525 5.8775022923946407 14.313528597354887 31.682603910565376 171.54642261564732 669.34122508019209 372.4700627848506 51.362209659069777 43.545252833515406 32.704059135168791 4.7714240439236155 66.519902594387531 30.433847732841969 72.287909548729658 233.63965106755495 210.91542728245258 48.972804367542267 612.95117339491844 5.3663305714726439 1.7956081926822656 1.4643633440136907 502.28172315657139 151.65939183160663 104.54261104762554
leaf_count=1791 1452 152 3250 3157 998 2003 431 33 75 180 1377 3945 2256 612 904 280 44 736 313 677 1491 1038 305 3231 29 25 26 3306 1823 532
internal_value=-0.000270343 0.00136385 -0.0028271 0.00500186 0.000289999 -0.0148513 0.0102154 0.0239034 0.069581 0.00221236 0.000448848 0.00253622 0.00611439 -0.0106863 -0.019573 -0.0164855 -0.0108102 0.00153423 0.0180388 -0.00552538 0.00773434 0.0108594 -0.00122058 0.00730618 0.0139823 -0.0326775 0.0534304 -0.0044588 -0.0210418 0.0187168
internal_weight=5507.86 5077.95 2359.65 2718.3 1427.84 452.127 1290.46 198.011 20.191 181.79 1869.93 1574.73 1041.81 295.197 429.907 386.362 286.089 129.658 63.1379 243.834 1092.44 809.833 282.612 975.717 362.765 100.273 3.25997 532.921 156.431 177.82
internal_count=36472 30869 15575 15294 8232 3181 7062 1071 108 1178 12325 9659 6201 2666 5603 4699 3196 1329 593 2054 5991 4195 1796 5051 1820 1503 51 3458 1867 963
is_linear=0
shrinkage=0.05


Tree=42
num_leaves=31
num_cat=0
split_feature=8 6 9 8 8 7 4 16 6 13 8 6 11 12 12 9 15 13 8 13 8 17 16 17 8 18 13 13 9 11
split_gain=63.969 31.2241 31.3124 18.4693 18.2432 18.4729 17.1528 18.1757 16.869 16.3737 16.2053 14.3668 14.3123 24.2817 13.8111 13.6868 13.6594 12.5415 13.6314 12.0398 10.364 10.3948 10.2708 10.0429 9.75005 8.9252 9.08692 11.9139 9.80572 8.61862
threshold=38.550000000000004 4.5000000000000009 467.00000000000006 34.850000000000001 36.95000000000001 54.250000000000007 11.500000000000002 41.500000000000007 6.5000000000000009 56.77350427350428 34.150000000000013 3.5000000000000004 68.000000000000014 52.832291666666677 34.413541666666667 437.00000000000006 97.000000000000014 54.815340909090914 33.250000000000007 54.661458333333336 36.750000000000007 1141.5000000000002 6.5000000000000009 241.50000000000003 40.45000000000001 16.500000000000004 55.620192307692314 54.114379084967332 497.00000000000006 41.000000000000007
decision_type=2 2 2 2 2 2 2 2 2 2 2 2 2 2 2 2 2 2 2 2 2 2 2 2 2 2 2 2 2 2
left_child=1 2 3 12 5 19 14 -8 16 10 29 -12 15 -14 -5 -1 -6 23 -19 -3 22 -22 -11 -7 25 -2 27 -27 -29 -4
right_child=24 4 9 6 8 17 7 -9 -10 20 11 -13 13 -15 -16 -17 -18 18 -20 -21 21 -23 -24 -25 -26 26 -28 28 -30 -31
leaf_value=-0.013880919059552722 -0.027149681520392772 -0.004614425436231518 0.020036098747622313 0.012553617738397076 -0.029007178914079453 -0.0095893141570371071 -0.0042390450503003666 0.034792153278837078 -0.036052940255854066 0.017625255096867229 0.0021226018710651558 0.012922346986909892 0.14832680129344961 0.0095253337080262943 -0.02157849156944051 0.0086936835403126547 -0.0044136692056645065 0.017852951301448813 -0.0019765427347278701 -0.026204969995070063 -0.032517626410772209 0.021930077357566278 -0.0048626698739719322 0.017933404894446062 -0.049671238364333521 -0.054739642291869464 -0.019664056462972389 0.019289856337494582 0.1087832746482159 0.052069728235351831
leaf_weight=84.955815404653549 158.0975241959095 161.94960513710976 179.17088876664639 33.86749754101038 67.052814241498709 41.45852817595005 313.15446062758565 32.966779254376888 62.861092630773783 74.338420026004314 514.72944071888924 766.54038429260254 4.6758267134428015 9.6612136811017972 237.29064824432135 320.23456670343876 357.33456585556269 92.458754993975163 1383.6846911683679 107.3851913921535 44.461883388459682 10.918542377650736 160.18140461295843 165.2885742560029 34.505132552236319 4.1371115148067501 35.32447886839509 13.453012865036728 3.9623198471963397 23.784796416759491
leaf_count=460 2265 1149 790 226 590 273 1994 190 805 395 2987 4260 21 48 1860 1576 2886 482 8643 775 332 75 827 956 751 56 469 179 50 102
internal_value=-0.000261494 0.000913942 0.00450598 -0.00239714 -0.00322506 -0.00106491 -0.0078987 -0.000521466 -0.01188 0.0085402 0.0106631 0.00858372 0.00569767 0.0547935 -0.0173154 0.00396049 -0.00829942 0.000880852 -0.000734516 -0.0132227 -0.00232848 -0.021783 0.00226558 0.0124143 -0.0249991 -0.021039 -0.00405341 0.0215324 0.0396513 0.0237902
internal_weight=5499.89 5250.41 2810.93 1036.81 2439.47 1952.23 617.279 346.121 487.248 1774.13 1484.23 1281.27 419.527 14.337 271.158 405.19 424.387 1682.89 1476.14 269.335 289.9 55.3804 234.52 206.747 249.48 214.974 56.8769 21.5524 17.4153 202.956
internal_count=36472 32702 16143 6375 16559 12278 4270 2184 4281 9768 8139 7247 2105 69 2086 2036 3476 10354 9125 1924 1629 407 1222 1229 3770 3019 754 285 229 892
is_linear=0
shrinkage=0.05


Tree=43
num_leaves=31
num_cat=0
split_feature=6 1 9 17 0 15 11 13 13 11 14 4 12 11 6 15 12 9 17 11 17 17 0 17 18 13 11 17 9 17
split_gain=31.9865 33.8603 27.4155 20.387 21.2475 16.5659 16.2686 16.214 15.9764 20.7501 17.8044 17.0525 17.0103 15.4463 14.2221 13.5103 12.5823 10.9752 10.2878 11.1176 10.1511 9.7846 9.19493 9.02843 8.86549 15.3259 8.56849 8.55979 8.3642 8.35611
threshold=4.5000000000000009 10.500000000000002 467.00000000000006 79.500000000000014 2007.5000000000002 220.50000000000003 16.500000000000004 56.696153846153855 54.970486111111121 27.000000000000004 37.500000000000007 11.500000000000002 61.534375000000004 11.500000000000002 6.5000000000000009 162.50000000000003 46.406971153846158 411.00000000000006 934.00000000000011 33.500000000000007 1253.5000000000002 1369.0000000000002 2014.5000000000002 36.000000000000007 17.500000000000004 56.566964285714292 31.000000000000004 10.500000000000002 433.00000000000006 1141.5000000000002
decision_type=2 2 2 2 2 2 2 2 2 2 2 2 2 2 2 2 2 2 2 2 2 2 2 2 2 2 2 2 2 2
left_child=2 3 5 13 7 6 28 20 9 23 12 -10 -11 27 15 -6 -16 -7 19 -19 -5 -3 -23 -4 -13 -26 -15 -2 -1 -20
right_child=1 21 8 4 14 17 -8 -9 11 10 -12 24 -14 26 16 -17 -18 18 29 -21 -22 22 -24 -25 25 -27 -28 -29 -30 -31
leaf_value=-0.023098265611241554 -0.036946625781722114 -0.017240377546563362 -0.018063367696790247 0.011347510496319713 -0.010051951613712124 -0.055525888529127577 -0.019874747570234972 -0.0066763870134357601 -0.00055641557798410837 0.030773524163487533 -0.051236257959671141 0.0074224037293889635 0.084568003027344435 -0.012371666986324734 0.00072084110105716422 0.0027833377573363042 -0.025363418357952996 0.0032683394104504799 0.023644382315101502 -0.016975402687143464 0.035110525282767639 0.033397617058182283 -0.038416900238617213 0.013090051670463411 0.014606870465056357 0.061428471195934677 -0.03480729206637094 0.047298123903897843 0.0021767567127768681 0.0040479850024679534
leaf_weight=38.299041721969843 3.7799056842923191 495.85665969923139 25.871635764837265 309.52479447796941 276.29188860207796 8.0179301872849447 221.75223067775369 116.08074627816677 752.41079856827855 53.887754302471876 5.0891709104180327 628.28210868313909 20.205231070518494 218.19666699320078 75.637014288455248 794.75486900657415 118.92077885940671 261.40190576016903 88.618268318474293 91.583957571536303 52.575343675911427 17.925814852118496 5.9322669878602019 230.05906816571951 126.84997314959764 20.270098622888327 52.867971867322922 14.904239546507595 225.21417751163244 140.87857855111361
leaf_count=278 25 3587 187 2321 1977 62 1615 753 4382 319 27 3714 119 1885 642 5030 1225 1648 497 622 295 96 38 1315 761 125 553 94 1475 805
internal_value=-0.000252075 -0.00434582 0.00330473 -0.00143494 0.00060579 -0.00305048 -0.00989494 0.00958483 0.00697462 0.0168613 0.0392296 0.00480605 0.0454433 -0.0137166 -0.00278674 -0.000527709 -0.0152228 0.00257421 0.00337396 -0.001984 0.0147978 -0.0157355 0.0155411 0.0099408 0.0100095 0.0210579 -0.0167475 0.0302549 -0.00149672 0.011615
internal_weight=5491.94 2553.25 2938.69 2033.53 1743.79 1075.77 485.265 478.181 1862.93 335.113 79.1822 1527.81 74.093 289.749 1265.6 1071.05 194.558 590.501 582.483 352.986 362.1 519.715 23.8581 255.931 775.402 147.12 271.065 18.6841 263.513 229.497
internal_count=36472 18521 17951 14800 12243 7002 3368 3369 10949 1967 465 8982 438 2557 8874 7007 1867 3634 3572 2270 2616 3721 134 1502 4600 886 2438 119 1753 1302
is_linear=0
shrinkage=0.05


Tree=44
num_leaves=31
num_cat=0
split_feature=6 1 9 17 6 13 11 14 7 4 7 1 7 13 11 7 9 17 17 14 13 16 17 12 17 6 11 17 16 16
split_gain=28.9139 30.9737 24.6623 18.6069 17.6771 14.2219 18.1483 15.8387 15.6706 15.2802 14.1141 13.4434 24.6098 16.5492 13.3349 13.3091 11.3678 11.3574 17.6643 23.3449 10.7202 10.0496 8.91992 8.62097 8.53523 8.30605 13.3719 8.19828 7.27813 22.7917
threshold=4.5000000000000009 10.500000000000002 467.00000000000006 79.500000000000014 6.5000000000000009 54.970486111111121 27.000000000000004 37.500000000000007 56.250000000000007 11.500000000000002 57.750000000000007 5.5000000000000009 56.250000000000007 54.986111111111121 17.500000000000004 57.250000000000007 435.00000000000006 934.00000000000011 1141.5000000000002 18.500000000000004 53.348484848484858 18.500000000000004 1369.0000000000002 37.452500000000008 622.50000000000011 3.5000000000000004 37.500000000000007 36.000000000000007 15.500000000000002 16.500000000000004
decision_type=2 2 2 2 2 2 2 2 2 2 2 2 2 2 2 2 2 2 2 2 2 2 2 2 2 2 2 2 2 2
left_child=2 3 14 10 11 6 15 8 -8 25 -2 12 -5 -13 16 27 -1 -16 19 -19 -6 23 -3 -18 -22 -7 -27 -4 -11 -30
right_child=1 22 5 4 20 9 7 -9 -10 28 -12 13 -14 -15 17 -17 21 18 -20 -21 24 -23 -24 -25 -26 26 -28 -29 29 -31
leaf_value=-0.01425951574665215 -0.018252484610414298 -0.016556629479992039 -0.018972528633831438 -0.0022710691684551883 0.065413490280601075 -0.0052379113083734956 0.034124538815508809 -0.049799302252961038 0.10578826941007986 0.0047407003133873062 0.01101530884077421 0.012914166171219611 0.013649464396709632 -0.0087248377963023652 -0.014672653407166262 0.099717238500808769 0.016183313885533158 0.0015508164077897703 -0.011144697332115299 0.060894528542524196 -0.024384392563392525 0.013940195438829354 0.014665750057819976 -0.0056563550090485519 -0.0055888944836819891 0.0023613884966982961 0.038902078677683388 0.010974605181434859 0.13032202652938249 0.013116719655192869
leaf_weight=85.440708056092262 237.06501875445247 490.65312003716826 25.404189679771662 460.29277362674475 4.4581512212753287 417.12390871718526 66.985245868563652 4.9770901128649703 8.6086358278989774 398.61012301594019 49.854518782347441 113.73001497983932 513.56104107573628 396.05034546926618 312.59970971941948 4.0153043866157523 57.901278864592314 57.223805960267782 128.11628009006381 23.328280322253704 97.953981660306454 202.99530925229192 23.99408171325922 205.76233046501875 157.55463766679168 307.8368763178587 27.253362283110619 227.6121315099299 4.1940684765577307 376.27039299160242
leaf_count=581 2235 3587 186 3046 43 2560 397 27 41 2491 322 783 3274 2625 2260 20 353 362 809 121 1114 1155 134 1361 1358 1662 160 1296 23 2086
internal_value=-0.000242521 -0.00414483 0.00313313 -0.00136793 0.000573668 0.00660232 0.0158916 0.0365973 0.0422856 0.00455432 -0.013167 0.00268107 0.00612461 -0.00389726 -0.00290726 0.00940105 0.00250792 -0.00864272 0.000390529 0.018737 -0.0114533 0.00557787 -0.015101 -0.000860302 -0.0127945 -0.000528737 0.00533329 0.00796775 0.00946213 0.0144087
internal_weight=5487.43 2545.17 2942.26 2030.52 1743.6 1868.89 337.603 80.571 75.5939 1531.29 286.92 1483.63 973.854 509.78 1073.37 257.032 552.1 521.268 208.668 80.5521 259.967 466.659 514.647 263.664 255.509 752.214 335.09 253.016 779.075 380.464
internal_count=36472 18521 17951 14800 12243 10949 1967 465 438 8982 2557 9728 6320 3408 7002 1502 3450 3552 1292 483 2515 2869 3721 1714 2472 4382 1822 1482 4600 2109
is_linear=0
shrinkage=0.05


Tree=45
num_leaves=31
num_cat=0
split_feature=8 11 8 11 8 11 6 0 0 8 11 9 16 16 6 8 2 9 11 0 15 13 7 1 1 0 0 15 16 0
split_gain=72.2382 22.2333 19.456 28.8037 28.2197 21.719 32.9913 20.5841 18.2425 18.6434 17.7148 17.2025 17.8826 18.8887 12.5357 12.3194 12.0739 12.2217 11.8605 11.7226 11.6717 10.9095 10.6656 10.6606 10.1553 9.94389 9.7008 14.7529 10.7836 10.4423
threshold=37.650000000000013 16.500000000000004 34.150000000000013 21.000000000000004 35.350000000000001 33.500000000000007 4.5000000000000009 2011.5000000000002 2003.5000000000002 39.350000000000001 37.500000000000007 495.00000000000006 15.500000000000002 16.500000000000004 5.5000000000000009 13.65 5.5000000000000009 487.00000000000006 35.000000000000007 2018.5000000000002 262.00000000000006 57.612500000000004 55.750000000000007 5.5000000000000009 10.500000000000002 2011.5000000000002 2006.5000000000002 450.50000000000006 1.0000000180025095e-35 2005.5000000000002
decision_type=2 2 2 2 2 2 2 2 2 2 2 2 2 2 2 2 2 2 2 2 2 2 2 2 2 2 2 2 2 2
left_child=1 11 26 4 7 6 -5 -4 18 16 -7 12 14 -14 20 -16 17 -10 22 -19 -1 -15 -2 -13 -18 -6 27 29 -28 -3
right_child=8 2 3 5 25 10 -8 -9 9 -11 -12 23 13 21 15 -17 24 19 -20 -21 -22 -23 -24 -25 -26 -27 28 -29 -30 -31
leaf_value=-0.0042120393538793875 -0.011010917778583439 0.006261124621826532 0.0075490164868572537 0.020468060141453453 -0.03613713046095781 -0.015264576579215245 -0.004160872659133499 -0.017772087400645856 -0.01970980616631934 -0.044456873567378291 0.00060504776572144453 0.019391228611197898 0.061769921215351964 0.0080256364406466989 0.10170661593099978 -0.016154984728163502 -0.021392777277829986 -0.0065614824181751633 -0.053825777261076749 0.031283470624112943 0.0090029588993159743 -0.028612315592418492 0.015153658369065555 0.0070483505348386951 -0.056547447335271533 -0.014080816880730441 0.055276224899403315 0.093036349573976732 0.0038013497717346886 0.064017943254487605
leaf_weight=441.3004816994071 78.509113635867834 41.664468631148338 176.06336463242769 270.44663812965155 129.11150659620762 270.75788016617298 273.45653769373894 147.50322413444519 112.090262722224 70.37819217145443 501.67219422385097 296.55006909742951 16.105793952941895 797.02188181504607 2.2478924393653861 161.87603913992643 161.45593107491732 70.947914935648441 10.144779250025747 28.755438178777695 268.89670051634312 20.849641568958759 77.296746756881475 426.59678910672665 23.538036182522774 84.575252406299114 10.411443904042242 7.3092884719371787 447.05371005088091 9.6356618925929052
leaf_count=2600 819 196 1034 1467 985 1752 1888 899 1234 1389 3388 1681 82 4372 10 1330 1787 750 168 293 1426 116 782 2421 259 656 44 32 2278 47
internal_value=0.000193502 0.00228692 -0.00115968 -0.00355026 -0.0133065 0.000431678 0.00808545 -0.00399403 -0.0156815 -0.02074 -0.00495769 0.00564594 0.00290963 0.00814759 -0.00208663 -0.0145407 -0.0165334 -0.00838189 -0.00144127 0.00435338 0.000791458 0.00709164 0.00196957 0.01211 -0.0258657 -0.0274074 0.00742657 0.0265785 0.00497287 0.0171095
internal_weight=5434.22 4801.11 2369.66 1853.59 537.253 1316.33 543.903 323.567 633.116 467.166 772.43 2431.45 1708.3 833.977 874.321 164.124 396.788 211.794 165.951 99.7034 710.197 817.872 155.806 723.147 184.994 213.687 516.075 58.6094 457.465 51.3001
internal_count=36185 28704 14666 12069 3574 8495 3355 1933 7481 5712 5140 14038 9936 4570 5366 1340 4323 2277 1769 1043 4026 4488 1601 4102 2046 1641 2597 275 2322 243
is_linear=0
shrinkage=0.05


Tree=46
num_leaves=31
num_cat=0
split_feature=8 17 17 9 4 8 11 12 0 8 12 11 15 17 11 0 17 11 13 1 11 12 8 1 11 9 1 12 8 17
split_gain=65.9948 29.1264 45.7531 22.566 19.9775 22.1337 26.2167 18.6649 16.9852 18.1751 14.5905 13.644 12.6342 24.4518 17.4593 23.3409 23.3896 16.783 15.72 13.9894 12.9263 12.4331 12.4467 11.9462 11.2324 10.9394 19.4528 10.8057 10.6614 10.5235
threshold=37.650000000000013 483.50000000000006 486.00000000000006 505.00000000000006 11.500000000000002 36.150000000000013 16.500000000000004 65.091830065359488 2003.5000000000002 39.350000000000001 72.965625000000017 16.500000000000004 407.00000000000006 176.50000000000003 33.500000000000007 2007.5000000000002 105.50000000000001 58.000000000000007 55.677083333333336 10.500000000000002 46.500000000000007 22.147008547008546 36.95000000000001 11.500000000000002 35.000000000000007 487.00000000000006 9.5000000000000018 47.16875000000001 13.65 107.50000000000001
decision_type=2 2 2 2 2 2 2 2 2 2 2 2 2 2 2 2 2 2 2 2 2 2 2 2 2 2 2 2 2 2
left_child=1 12 3 7 5 10 -7 11 24 25 -4 -3 14 17 19 16 -16 23 -15 28 -20 -6 -23 -14 -2 29 -27 -21 -1 -10
right_child=8 2 4 -5 21 6 -8 -9 9 -11 -12 -13 13 18 15 -17 -18 -19 20 27 -22 22 -24 -25 -26 26 -28 -29 -30 -31
leaf_value=0.074015067080191399 0.0018653606560004882 0.049657269683326288 0.0062545615913819665 0.1293128408721908 0.050445483804871454 0.0015724589090489105 -0.027107207101931142 0.090585219511619644 -0.046013852466588796 -0.043983856222313322 -0.0055802497368309441 -0.018419349935763472 0.01299362991241426 -0.030840826410253021 -0.032866931931053722 -0.031147558626540985 0.019730605863304117 0.11664553172096377 -0.00099111943589854745 -0.00011440283354043895 0.074902775460588863 0.01077353389570937 -0.0020982737545236487 0.0625664458319211 -0.053627942691753118 0.0040991330899513541 -0.02992254391174104 -0.017940754368336375 0.00049180484195421748 -0.018095026170809804
leaf_weight=4.9595690071582785 156.02042507380247 15.102263785898687 1109.2209814935923 8.0569799989461881 17.865596428513527 181.99979455024004 141.74145287275314 11.941241949796675 42.769801117479801 67.647702287882566 340.33322197198868 14.357107162475584 126.97969688475132 50.91772336512804 32.370356380939484 132.99262723699212 60.904323037713766 4.4240969121456137 62.688288822770119 140.62996385991573 6.1619562953710547 1036.4493268430233 229.37145146727562 13.439265713095663 9.6847117207944375 125.83558690547943 63.076458234339952 214.93527787551284 845.17679331079125 160.09389987960458
leaf_count=22 1601 75 6096 43 85 1167 1131 68 535 1389 1919 85 749 302 264 1023 403 34 373 883 32 5370 1400 76 168 1361 689 1469 5635 1738
internal_value=0.000180418 0.00216938 0.00504686 0.0527535 0.00427503 0.000836025 -0.0109842 0.0378542 -0.0151013 -0.020051 0.00347593 0.0164799 -0.00309928 0.0069381 -0.00495407 -0.0176987 0.00147698 0.0207592 -0.00977664 -0.00256236 0.00580123 0.00902571 0.00844111 0.0177382 -0.00137797 -0.0159185 -0.00726048 -0.0108902 0.000920729 -0.0239812
internal_weight=5428.15 4803.02 3106.44 49.4576 3056.98 1773.3 323.741 41.4006 625.129 459.423 1449.55 29.4594 1696.58 264.611 1431.97 226.267 93.2747 144.843 119.768 1205.7 68.8502 1283.69 1265.82 140.419 165.705 391.776 188.912 355.565 850.136 202.864
internal_count=36185 28704 17439 271 17168 10313 2298 228 7481 5712 8015 160 11265 1566 9699 1690 667 859 707 8009 405 6855 6770 825 1769 4323 2050 2352 5657 2273
is_linear=0
shrinkage=0.05


Tree=47
num_leaves=31
num_cat=0
split_feature=8 11 12 15 8 11 2 8 0 8 12 9 11 0 15 8 2 9 11 11 8 0 1 9 0 7 1 6 9 0
split_gain=60.2605 18.8718 17.3615 18.4876 17.1852 25.1991 25.5353 17.6572 15.8065 17.6925 15.2992 15.2782 14.5967 16.0044 13.209 12.8103 11.5352 10.6543 10.6412 10.5128 11.1648 10.3075 9.92781 9.83564 9.62145 9.57021 9.34787 9.48361 9.24483 9.56861
threshold=37.650000000000013 16.500000000000004 81.947058823529417 553.50000000000011 34.650000000000013 23.000000000000004 5.5000000000000009 35.350000000000001 2003.5000000000002 39.350000000000001 90.438125000000014 495.00000000000006 68.000000000000014 2016.5000000000002 245.00000000000003 33.750000000000007 5.5000000000000009 487.00000000000006 35.000000000000007 15.500000000000002 35.350000000000001 2018.5000000000002 10.500000000000002 473.00000000000006 2007.5000000000002 55.750000000000007 5.5000000000000009 4.5000000000000009 423.00000000000006 2006.5000000000002
decision_type=2 2 2 2 2 2 2 2 2 2 2 2 2 2 2 2 2 2 2 2 2 2 2 2 2 2 2 2 2 2
left_child=1 11 4 15 12 7 -7 -6 18 16 -5 14 24 -14 28 23 17 -10 25 20 -16 -19 -18 -4 -3 -2 -13 -28 -1 -30
right_child=8 2 3 10 5 6 -8 -9 9 -11 -12 26 13 -15 19 -17 22 21 -20 -21 -22 -23 -24 -25 -26 -27 27 -29 29 -31
leaf_value=-0.036509926340007166 -0.010626013695838715 0.017186665817532362 0.030594981657004361 -0.015289467611204713 -0.0018946368539356061 0.01019074754093704 -0.0059242129757758723 -0.025133069856624175 -0.018155005604968879 -0.043505850061394138 0.039837493265934484 0.01797917627961752 0.11474588179705646 0.021574761507313685 0.0079544363526656038 -0.020582179230995357 -0.020209459677132603 -0.0058931048673594062 -0.05344089745272626 0.013018179511328096 -0.0094153919626931756 0.029411321944926291 -0.056042219286033694 -0.01180066234358423 0.0025358244656186048 0.01412411212884862 0.013773977821422145 -0.0011035715415580395 0.007660498458674685 -0.0039491393913478013
leaf_weight=18.503899030387402 77.985659144818783 143.47016263753176 23.354766979813576 21.808167591691017 149.52941612154245 448.26586956903338 544.32237216085196 180.31442859396338 108.31380895152688 65.037755664438009 29.761793997138739 299.79366885870695 6.1685189157724407 18.232086859643459 249.63888373970985 254.29418240115047 157.12788014486432 70.166963640600443 9.2438115030527097 398.20269003883004 146.98129869997501 29.310888726264238 22.041636552661657 33.02593207359314 511.8756217174232 78.245593950152397 218.16202458739281 210.4379016906023 243.36018107831478 655.61837520450354
leaf_count=136 819 719 122 120 930 2953 3595 1377 1234 1389 164 1681 28 90 1234 1695 1787 750 168 2256 867 293 259 174 2699 782 1061 1360 1471 3972
internal_value=0.00016759 0.00205706 -0.00112654 -0.0111994 0.000695887 -0.00262522 0.00135351 -0.0145983 -0.0145361 -0.0193764 0.0165251 0.00514117 0.00715703 0.0451286 0.00256104 -0.0158015 -0.0153209 -0.00730475 -0.00131455 0.00727926 0.00151745 0.00450925 -0.0246176 0.00576103 0.00574323 0.00176964 0.0112065 0.00646926 -0.0015264 -0.000806324
internal_weight=5422.6 4805.12 2364.42 362.245 2002.18 1322.43 992.588 329.844 617.474 451.999 51.57 2440.7 679.746 24.4006 1712.31 310.675 386.961 207.792 165.475 794.823 396.62 99.4779 179.17 56.3807 655.346 156.231 728.394 428.6 917.482 898.979
internal_count=36185 28704 14666 2275 12391 8855 6548 2307 7481 5712 284 14038 3536 118 9936 1991 4323 2277 1769 4357 2101 1043 2046 296 3418 1601 4102 2421 5579 5443
is_linear=0
shrinkage=0.05


Tree=48
num_leaves=31
num_cat=0
split_feature=17 17 16 17 9 6 0 9 12 13 4 15 17 12 13 16 13 0 0 17 16 15 12 12 12 17 12 9 13 13
split_gain=31.0114 46.4517 20.5388 23.9405 17.9654 16.9604 16.5766 16.5745 17.9693 15.6081 14.2457 12.3233 24.7345 15.9847 11.8715 12.7339 11.3193 10.0125 9.95845 9.69316 13.3086 9.22137 8.60151 8.44519 8.3033 8.9677 8.06064 7.39453 6.64644 12.3949
threshold=483.50000000000006 486.00000000000006 2.5000000000000004 1253.5000000000002 421.00000000000006 6.5000000000000009 2010.5000000000002 503.00000000000006 65.091830065359488 56.77350427350428 11.500000000000002 407.00000000000006 176.50000000000003 83.656372549019622 55.677083333333336 30.500000000000004 56.620192307692314 2014.5000000000002 2005.5000000000002 96.500000000000014 22.500000000000004 117.50000000000001 37.31009615384616 23.056818181818183 24.214743589743595 64.500000000000014 48.286153846153859 465.00000000000006 54.146428571428579 55.096875000000004
decision_type=2 2 2 2 2 2 2 2 2 2 2 2 2 2 2 2 2 2 2 2 2 2 2 2 2 2 2 2 2 2
left_child=5 7 17 4 -4 11 9 8 28 -5 -6 13 24 19 -14 -16 -9 18 -3 26 -21 -20 -8 -7 -13 -26 -1 -10 -2 -30
right_child=1 2 3 6 10 23 22 16 27 -11 -12 12 14 -15 15 -17 -18 -19 21 20 -22 -23 -24 -25 25 -27 -28 -29 29 -31
leaf_value=-0.0018773598134227754 0.094417662814759371 0.031884973223021779 -0.04311246629399626 0.023124881000072775 -0.0038993459867201459 0.041407324773227672 0.022417026147313439 0.14381885821649026 0.037954585731619785 -0.0059979839144826382 0.0036648883175429189 -0.047576363153471898 -0.028257693896687447 -0.020105306430376987 -0.0071472705373081553 0.046940430759230822 0.032536190517370597 0.024765379923810771 0.058342471017019497 0.0034120063284963087 -0.011017305459912335 -0.027084874350530964 -0.0011689247986236011 -0.022483293766731513 0.0069767880719708575 0.032183796814161524 -0.014199675454366385 0.11558114509569928 -0.040040290211395713 0.030649048992180097
leaf_weight=239.38528056256473 2.433453984558585 14.923629831522701 24.896564973518252 263.44713439047337 1356.5141127817333 5.3499469533562651 44.746555458754301 6.7754890620708448 5.0330134853720647 55.741131447255611 1150.2022685743868 4.4222579896450034 52.583272807300091 160.40518865734339 57.450964596122503 13.424733344465492 3.4479441493749619 144.01965989544988 3.5542054325342205 647.71078433468938 212.13991352543235 28.405187722295523 283.95667653903365 155.67723759450018 59.344428546726704 87.027345705777407 297.84116039797664 7.8569223880767822 9.057803977280857 19.662777602672577
leaf_count=1846 16 85 201 1398 8812 39 235 38 27 291 7256 25 333 1232 358 78 20 737 19 4576 1469 158 1533 1825 387 525 2459 45 56 106
internal_value=0.000156206 0.00304191 0.002303 0.00134659 -0.000848276 -0.00480304 0.00992297 0.0489335 0.0356205 0.018039 -0.000428511 -0.00343538 0.00633784 -0.00515632 -0.0102571 0.00309761 0.106288 0.0182321 -0.00183756 -0.00343995 -0.000147952 -0.0175845 0.00204184 -0.0203606 0.0199246 0.021964 -0.00870892 0.085271 0.0150776 0.00835527
internal_weight=5417.44 3424.67 3370.41 3179.5 2531.61 1992.76 647.891 54.2674 44.044 319.188 2506.72 1831.74 274.253 1557.48 123.459 70.8757 10.2234 190.903 46.883 1397.08 859.851 31.9594 328.703 161.027 150.794 146.372 537.226 12.8899 31.154 28.7206
internal_count=36185 21033 20725 19726 16269 15152 3457 308 250 1689 16068 13288 1706 11582 769 436 58 999 262 10350 6045 177 1768 1864 937 912 4305 72 178 162
is_linear=0
shrinkage=0.05


Tree=49
num_leaves=31
num_cat=0
split_feature=8 17 17 16 16 9 16 9 8 3 3 12 5 11 12 9 15 15 17 11 8 11 17 15 8 1 8 12 15 8
split_gain=54.8301 23.702 34.9871 17.8322 21.5631 22.7368 17.6412 15.6217 15.5339 15.3413 14.6086 13.221 12.1583 11.5099 10.4327 11.7146 10.7272 10.0458 19.7086 14.9382 13.986 22.087 13.5903 18.9862 12.0323 11.9137 9.67784 10.362 9.98403 9.60173
threshold=37.650000000000013 483.50000000000006 486.00000000000006 2.5000000000000004 17.500000000000004 461.00000000000006 25.500000000000004 505.00000000000006 40.45000000000001 5.5000000000000009 7.5000000000000009 65.091830065359488 1.0000000180025095e-35 16.500000000000004 62.286778846153851 427.00000000000006 564.50000000000011 402.50000000000006 176.50000000000003 33.500000000000007 36.45000000000001 58.000000000000007 105.50000000000001 34.500000000000007 37.350000000000001 10.500000000000002 35.350000000000001 65.091830065359488 200.00000000000003 13.65
decision_type=2 2 2 2 2 2 2 2 2 2 2 2 2 2 2 2 2 2 2 2 2 2 2 2 2 2 2 2 2 2
left_child=1 17 7 26 5 -5 -6 11 9 14 12 13 -11 -3 15 -2 -17 19 20 25 21 -19 -21 -24 -20 29 27 -4 -28 -1
right_child=8 2 3 4 6 -7 -8 -9 -10 10 -12 -13 -14 -15 -16 16 -18 18 24 22 -22 -23 23 -25 -26 -27 28 -29 -30 -31
leaf_value=0.069647333885028403 0.10787542562932358 0.044202819552755318 0.016032134945372787 -0.020792399506695935 0.013052194911538084 0.00020037602767725154 0.0027353341381924005 0.10564910484587001 -0.048928035822375079 0.011064624301811746 -0.015333205118971847 0.075010178776264202 -0.018127366052102582 -0.018005361716001096 -0.045713770347026589 -0.024501995132607136 0.030079861735758124 0.021599653431722047 -0.01139950911918252 -0.036067837235043101 -0.012638419751453939 0.14458127320982539 0.094998690338845407 -0.011538384528198883 0.083485847402345104 -0.010100582160820028 0.03585444896796481 0.047025021022455267 -0.008340131844443887 0.00048021257813018396
leaf_weight=5.0478754043579093 1.8396467268466938 15.560577400028707 70.279216051101685 164.34359666705132 564.59746034443378 599.44603257626295 1557.1228904873133 8.8894742131233198 30.217215191572905 135.21765661239624 242.27288898825645 12.935338377952574 48.448391610756516 14.240364462137221 45.739212948828936 96.071027334779501 9.9324734881520254 119.22564433515072 122.5682487860322 63.251542318612337 30.141960054636002 3.7662009224295607 4.2991585955023757 153.35824698582292 3.4347387030720702 348.52631741762161 17.559968456625938 43.761714860796928 46.940288849174976 834.73093478009105
leaf_count=22 24 75 318 1019 3102 3490 8701 43 753 1290 2707 68 515 85 682 1381 129 667 728 549 202 25 24 1105 24 2329 94 193 251 5590
internal_value=0.000145941 0.0019386 0.00452393 0.00383618 0.00288736 -0.00431661 0.00548069 0.045343 -0.0139782 -0.0121558 -0.00727083 0.0327988 0.00336421 0.0144767 -0.0257036 -0.0172168 -0.0193877 -0.00283235 0.00583349 -0.00454887 0.0178851 0.0253655 -0.0164884 -0.00863323 -0.00881301 -0.00232928 0.0191706 0.0279252 0.00369169 0.000895973
internal_weight=5413.77 4804.03 3115.68 3064.05 2885.51 763.79 2121.72 51.6258 609.739 579.521 425.939 42.7363 183.666 29.8009 153.582 107.843 106.004 1688.35 279.137 1409.21 153.134 122.992 220.909 157.657 126.003 1188.31 178.541 114.041 64.5003 839.779
internal_count=36185 28704 17439 17168 16312 4509 11803 271 7481 6728 4512 228 1805 160 2216 1534 1510 11265 1646 9619 894 692 1678 1129 752 7941 856 511 345 5612
is_linear=0
shrinkage=0.05


Tree=50
num_leaves=31
num_cat=0
split_feature=17 15 17 6 9 11 15 17 11 0 7 12 9 11 6 12 9 11 1 9 9 0 9 9 12 1 12 17 11 11
split_gain=29.7447 19.2028 19.4084 18.2521 15.3746 13.6113 18.3797 16.6034 16.2251 13.2747 12.8673 11.8492 11.433 15.1569 11.3811 14.2934 12.8059 11.042 10.9486 10.1753 24.8791 10.1481 9.86033 8.17199 7.95839 7.7501 7.69751 12.9157 12.8277 12.9122
threshold=1253.5000000000002 236.00000000000003 136.50000000000003 7.5000000000000009 425.00000000000006 62.000000000000007 255.50000000000003 1141.5000000000002 17.500000000000004 2007.5000000000002 57.250000000000007 65.091830065359488 459.00000000000006 35.000000000000007 4.5000000000000009 87.491013071895438 461.00000000000006 35.000000000000007 5.5000000000000009 525.00000000000011 527.00000000000011 2003.5000000000002 511.00000000000006 451.00000000000006 85.352777777777789 9.5000000000000018 54.288888888888899 1369.0000000000002 41.000000000000007 29.000000000000004
decision_type=2 2 2 2 2 2 2 2 2 2 2 2 2 2 2 2 2 2 2 2 2 2 2 2 2 2 2 2 2 2
left_child=1 2 17 5 -4 8 11 -8 22 26 -10 -7 13 23 -14 16 -16 24 -17 21 -21 -6 -3 -11 -1 -15 -2 28 29 -28
right_child=9 3 4 -5 19 6 7 -9 10 12 -12 -13 14 25 15 18 -18 -19 -20 20 -22 -23 -24 -25 -26 -27 27 -29 -30 -31
leaf_value=-0.0082619108611331083 0.011215903857300667 0.0039102848052581006 -0.0370572781320554 -0.02678062155653126 0.0073978457366934286 0.1336743319494601 0.023909949709692943 -0.054758052351591313 -0.0040998211600494659 0.016193074090427275 0.020217720793166121 0.020383008032925407 0.017159075145481401 -0.061779177997169969 0.087714504442429952 0.093176977941271305 -0.0084384397148132874 -0.033991206181094857 -0.0094923886701016348 0.06582625917715515 0.0022867432765624729 -0.003808846050410996 0.016426994792422264 -0.021511182367388911 -0.030068426084968715 0.0062017357670480144 0.014459501609527862 0.044662907325874607 0.071321614138694284 -0.053097740564969922
leaf_weight=448.36430354788899 119.90094770863652 1050.7236074618995 30.643461350351572 54.061081541702151 234.26957738772035 5.7775526829063875 53.738377075642347 7.6637018099427214 965.09180447086692 37.141891796141863 57.648153278976679 3.8432961404323578 188.80518807470798 17.859088428318504 3.556606873869895 6.7185444645583612 131.25585690513253 54.598320232704282 4.232524074614048 18.857397422194481 84.170697184279561 1466.8892436958849 185.05628750659525 23.440710999071598 46.146340107545257 5.4786372184753409 29.679316114634275 61.38146135956049 7.125863015651702 9.2857800200581533
leaf_count=3709 615 6576 258 559 1668 41 402 68 6242 203 357 20 940 114 22 36 756 548 25 116 599 10102 1177 129 403 31 163 302 47 56
internal_value=0.0001312 -0.00123295 -0.00440598 0.00194053 -0.00193797 0.00260705 0.0241595 0.0140913 0.0019293 0.0102009 -0.00272913 0.0884172 0.00491719 -0.0115841 0.00905623 -0.00143926 -0.00590174 -0.0126528 0.0534959 -0.00134148 0.0139165 -0.00226555 0.00578464 0.00160449 -0.0102968 -0.0458203 0.0199258 0.0296429 0.00964012 -0.00164008
internal_weight=5413.41 4767.54 2383.94 2383.6 1834.83 2329.54 71.0229 61.4021 2258.52 645.862 1022.74 9.62085 418.489 83.9203 334.569 145.764 134.812 549.109 10.9511 1804.19 103.028 1701.16 1235.78 60.5826 494.511 23.3377 227.373 107.472 46.091 38.9651
internal_count=36284 32845 17403 15442 12743 14883 531 470 14352 3439 6599 61 2256 477 1779 839 778 4660 61 12485 715 11770 7753 332 4112 145 1183 568 266 219
is_linear=0
shrinkage=0.05


Tree=51
num_leaves=31
num_cat=0
split_feature=8 9 3 3 15 8 17 0 12 8 12 8 0 17 9 7 8 3 9 0 16 15 2 5 9 0 12 14 14 17
split_gain=58.9069 21.5647 21.1453 20.6972 19.4123 15.862 15.2399 15.2252 15.1129 15.0844 16.3418 14.9926 13.4343 13.1118 12.7439 12.156 11.3258 15.0683 11.1084 10.8555 13.2555 10.666 10.6376 10.4771 10.1964 12.6962 9.58713 9.26064 9.87688 15.4113
threshold=36.650000000000013 505.00000000000006 5.5000000000000009 7.5000000000000009 167.00000000000003 37.95000000000001 1253.5000000000002 2003.5000000000002 94.615992647058832 37.95000000000001 27.78948863636364 34.750000000000007 2008.5000000000002 1327.5000000000002 521.00000000000011 54.250000000000007 35.95000000000001 5.5000000000000009 497.00000000000006 2000.5000000000002 44.500000000000007 3.5000000000000004 5.5000000000000009 1.0000000180025095e-35 511.00000000000006 2017.5000000000002 40.279797979797983 34.500000000000007 33.500000000000007 335.50000000000006
decision_type=2 2 2 2 2 2 2 2 2 2 2 2 2 2 2 2 2 2 2 2 2 2 2 2 2 2 2 2 2 2
left_child=1 4 9 6 8 24 23 16 19 10 18 12 -9 -13 22 -3 17 -6 -2 20 -1 -21 -12 -4 -5 -26 -18 28 -17 -30
right_child=2 15 3 5 7 -7 -8 11 -10 -11 14 13 -14 -15 -16 27 26 -19 -20 21 -22 -23 -24 -25 25 -27 -28 -29 29 -31
leaf_value=0.012949827135849565 0.071745972938265012 -0.0097907428318020333 0.0079281427288800266 -0.0078365698849418193 0.042228206748316309 -0.022200453959928597 0.04098737056968265 0.019774826287706718 -0.027138506054932673 -0.03229271732980387 -0.0029456896221548971 -0.0030447263401922383 0.0046530474074232492 0.014887878257334742 -0.040183183199320849 0.015076906729287132 0.027768379517161934 0.011206239906180153 -0.021631799872786218 -0.051230498639024437 0.11205631583670619 -0.003130925340629052 -0.020048428702929284 -0.011449837258729832 0.0013326224918921042 0.050576598717080083 -0.020750344006281909 -0.0025995495991044506 0.13239635638124439 0.022116081541366166
leaf_weight=46.629019662737846 9.5668715387582761 59.680222742259502 252.05231998860836 379.44171418994665 63.814796335995197 175.01183764822781 27.872787598520517 180.71572926640511 66.600168839097023 114.0717183444649 200.53119056671858 950.11094764992595 784.34019204601645 114.1832594498992 40.719431009143591 502.1751407161355 15.160091146826742 101.25153171271086 4.7744613587856284 11.684357032179831 3.6370475292205802 847.52231407165527 166.33052906766534 96.443122763186693 59.113290827721357 16.811446510255337 31.002826645970345 74.458479732275009 4.6094048619270316 10.130619533360003
leaf_count=287 68 379 2172 2643 357 2335 189 888 456 1967 1500 6012 4045 576 304 2751 96 546 33 76 21 5237 1276 902 380 110 207 399 24 48
internal_value=0.000122245 0.00341725 -0.00813846 -0.00386725 0.00173759 -0.00940677 0.00541087 0.0043013 -0.0041474 -0.016161 -0.0117996 0.00297155 0.00748474 -0.00112082 -0.0136454 0.0117159 0.0170766 0.0231994 0.040659 -0.00246377 0.0201208 -0.00378503 -0.0106999 0.00256545 -0.00448975 0.0122363 -0.0048166 0.0138863 0.016261 0.0566022
internal_weight=5410.45 3867.71 1542.74 1006.75 3216.65 630.378 376.368 2240.58 976.073 535.994 421.922 2029.35 965.056 1064.29 407.581 651.054 211.229 165.066 14.3413 909.473 50.2661 859.207 366.862 348.495 455.366 75.9247 46.1629 591.374 516.915 14.74
internal_count=36284 22405 13879 8731 18804 5468 3263 12727 6077 5148 3181 11521 4933 6588 3080 3601 1206 903 101 5621 308 5313 2776 3074 3133 490 303 3222 2823 72
is_linear=0
shrinkage=0.05


Tree=52
num_leaves=31
num_cat=0
split_feature=8 17 8 4 11 4 18 11 13 0 11 6 15 13 11 8 8 13 5 18 8 15 15 15 17 13 0 18 16 13
split_gain=53.4129 20.1432 20.1245 16.7831 15.4532 18.9513 13.4211 13.0242 12.6694 12.5037 11.8927 13.5597 20.6909 17.2048 11.8745 26.2958 11.3233 11.3152 12.2046 12.8571 11.2929 11.2655 17.6425 30.3563 14.8604 10.8589 10.7887 10.6285 10.659 10.3982
threshold=36.650000000000013 666.50000000000011 39.45000000000001 11.500000000000002 16.500000000000004 11.500000000000002 1.5000000000000002 49.500000000000007 56.861904761904761 2003.5000000000002 44.500000000000007 5.5000000000000009 577.50000000000011 56.620192307692314 62.000000000000007 36.95000000000001 33.650000000000013 57.226495726495735 1.0000000180025095e-35 2.5000000000000004 35.350000000000001 167.00000000000003 260.00000000000006 249.50000000000003 165.50000000000003 56.689903846153854 2019.5000000000002 19.500000000000004 34.500000000000007 53.784615384615385
decision_type=2 2 2 2 2 2 2 2 2 2 2 2 2 2 2 2 2 2 2 2 2 2 2 2 2 2 2 2 2 2
left_child=1 7 4 6 17 29 20 10 16 27 -1 13 -13 -12 -7 -16 -5 18 19 -2 -3 -9 23 -23 -24 -18 -8 28 -4 -6
right_child=2 3 9 8 5 14 26 21 -10 -11 11 12 -14 -15 15 -17 25 -19 -20 -21 -22 22 24 -25 -26 -27 -28 -29 -30 -31
leaf_value=-0.00017077707918347994 -0.030174493813661274 -0.0031545894865069577 -0.028607639631189202 0.033230649713738361 0.022130369656690425 -0.0096730901324839028 0.0076259509356568543 -0.036343230828316822 0.036642735629917926 -0.045971486800422318 0.07869726766823254 -0.034108814158191246 0.12540179862611572 -0.015345068936685883 0.11494678708754665 -0.0023310788620873424 0.010688163406634211 -0.035272598268667708 -0.011290536244309214 0.003111874778036143 -0.033899469202978004 0.006484835793867702 0.018977305598436835 0.15787608771208839 -0.036311124743034183 -0.014944920884294347 -0.0049455430201333179 0.09803108022992324 0.055384384610828709 -0.031262797928904289
leaf_weight=1582.5733052454889 30.357596714049578 177.09496804326773 21.870063889771707 51.872877523303032 9.7203966267406923 307.827586973086 934.3797813616693 44.460116468369961 50.539501078426838 53.940921192988753 16.821381330490116 12.870064530521629 2.4144029244780532 6.8414559885859481 6.2392586022615459 20.43072472140193 616.485296651721 25.97736182436347 249.19119947403669 653.57493022084236 35.926807157695293 23.149381760507826 16.993736267089844 3.863893434405326 42.670725427567959 44.284552238881588 208.79669687151909 2.2968560494482508 4.5658864192664614 147.28637151606381
leaf_count=9876 232 902 389 238 83 2598 5203 338 247 1275 95 129 18 42 34 215 3125 205 2120 5049 256 176 111 26 287 220 1116 37 72 1570
internal_value=0.000113248 0.00324093 -0.0077852 0.00652044 -0.00641768 -0.0136266 0.00318269 -0.000724773 0.0124517 -0.0317798 0.000500971 0.0277966 -0.0089118 0.0515075 -0.00690016 0.0251053 0.0107361 -0.00272336 -0.00181721 0.0016344 -0.00833981 -0.0158811 -0.00538536 0.0281394 -0.0205638 0.00897024 0.00532982 -0.00513729 -0.014101 -0.0279572
internal_weight=5405.32 3872.04 1533.28 2119.38 1450.61 491.504 1356.2 1752.66 763.182 82.6737 1621.52 38.9473 15.2845 23.6628 334.498 26.67 712.643 959.101 933.124 683.933 213.022 131.138 86.6777 27.0133 59.6645 660.77 1143.18 28.7328 26.436 157.007
internal_count=36284 22405 13879 11307 12106 4500 7477 11098 3830 1773 10160 284 147 137 2847 249 3583 7606 7401 5281 1158 938 600 202 398 3345 6319 498 461 1653
is_linear=0
shrinkage=0.05


Tree=53
num_leaves=31
num_cat=0
split_feature=8 3 3 17 4 8 8 11 17 14 12 17 15 11 12 14 15 17 17 13 17 13 11 7 0 15 17 17 17 0
split_gain=48.4212 19.1778 18.4221 18.1213 15.0151 14.6489 14.2162 27.887 20.9327 23.5778 17.9974 13.3637 12.0948 11.9059 20.9182 19.7051 22.5878 14.922 18.1454 11.5531 14.5705 11.1848 10.6426 13.6276 11.144 9.48858 9.39874 13.7589 14.7687 13.0268
threshold=36.650000000000013 5.5000000000000009 7.5000000000000009 666.50000000000011 11.500000000000002 37.95000000000001 37.95000000000001 62.000000000000007 148.50000000000003 33.500000000000007 27.78948863636364 1253.5000000000002 167.00000000000003 49.500000000000007 36.225833333333341 6.5000000000000009 110.50000000000001 153.50000000000003 144.50000000000003 54.806250000000006 705.00000000000011 56.815340909090914 37.500000000000007 54.250000000000007 2006.5000000000002 564.50000000000011 1253.5000000000002 1141.5000000000002 934.00000000000011 2014.5000000000002
decision_type=2 2 2 2 2 2 2 2 2 2 2 2 2 2 2 2 2 2 2 2 2 2 2 2 2 2 2 2 2 2
left_child=3 6 11 13 26 -4 7 10 -9 -10 -2 -3 -6 22 15 16 -15 18 -16 -14 -21 -12 -1 -24 -25 -8 27 28 -5 -28
right_child=1 2 5 4 12 -7 25 8 9 -11 21 -13 19 14 17 -17 -18 -19 -20 20 -22 -23 23 24 -26 -27 29 -29 -30 -31
leaf_value=-0.00028577796986103732 0.040435556304925672 0.0026657369082864033 -0.003946407021458753 -0.0019621352926579281 0.0023052946026206563 -0.021150607067254554 -0.03591400241356274 -0.056914556307705359 0.072948147583151601 -0.061729038393120765 -0.013087936806332643 0.038329436103400054 0.002076414544247499 -0.033207838815483129 -0.0090700929711964948 -0.037249298613299744 0.12260606824217551 -0.034188290756252855 0.10041769080277621 0.085202952623197326 0.018507503194426438 -0.037315880380612655 -0.027300443839572863 0.075268765721745012 0.019018490804130372 0.014953017132934017 0.017078406177955443 -0.0095428435922156191 0.012046407148248405 -0.0039864659395662744
leaf_weight=1566.6595751829445 14.287355825304983 347.75450658239424 451.9978963136673 446.50119056552649 234.36634777486324 170.36625395342708 99.273460673168302 5.1969185359776047 22.014585893601183 3.8125969842076293 314.97250531986356 28.413412626832724 117.24902352690697 3.3237492591142672 26.441476933658127 5.9084946811199179 7.7479692175984383 82.04266145080328 4.4162527471780768 8.3570219278335554 406.86826981604099 56.124080762267113 11.158951472491024 12.166713602840899 31.86805409565568 10.100663447752593 227.31934463232756 250.64996797963977 325.1634289547801 108.38880200684071
leaf_count=9764 97 3074 3133 2520 1209 2335 1806 55 163 28 2415 189 595 22 221 41 49 581 24 42 1984 423 85 72 239 161 1118 1523 1768 548
internal_value=0.000104313 -0.00744561 -0.00337598 0.00307301 0.00617692 -0.00865589 -0.0151744 -0.0109608 0.0346439 0.0530672 -0.014632 0.00535955 0.0117702 -0.000692042 -0.0152584 0.0364828 0.0758305 -0.0230403 0.00659942 0.0159362 0.0198498 -0.0167521 0.000474454 0.0220534 0.0345603 -0.0312165 0.00301851 0.000634875 0.00394077 0.0102773
internal_weight=5400.91 1524.31 998.532 3876.6 2124.86 622.364 525.782 416.408 31.0241 25.8272 385.384 376.168 766.841 1751.73 129.881 16.9802 11.0717 112.9 30.8577 532.474 415.225 371.097 1621.85 55.1937 44.0348 109.374 1358.02 1022.31 771.665 335.708
internal_count=36284 13879 8731 22405 11307 5468 5148 3181 246 191 2935 3263 3830 11098 938 112 71 826 245 2621 2026 2838 10160 396 311 1967 7477 5811 4288 1666
is_linear=0
shrinkage=0.05


Tree=54
num_leaves=31
num_cat=0
split_feature=17 6 9 13 7 14 9 7 6 2 0 16 9 6 9 0 9 15 15 14 3 13 3 16 2 16 6 15 0 13
split_gain=22.0371 17.3747 17.4456 12.0074 21.1898 19.7798 13.57 11.5118 15.6162 13.1854 11.041 10.3186 10.0862 10.1066 12.1781 9.07264 8.99071 10.0493 8.37134 7.97346 8.843 7.98773 7.74793 6.86967 6.4678 7.98818 10.4248 6.3954 11.0236 6.30568
threshold=1253.5000000000002 5.5000000000000009 413.00000000000006 54.62916666666667 55.250000000000007 37.500000000000007 473.00000000000006 56.250000000000007 4.5000000000000009 5.5000000000000009 2007.5000000000002 1.0000000180025095e-35 459.00000000000006 4.5000000000000009 461.00000000000006 2008.5000000000002 499.00000000000006 217.50000000000003 248.50000000000003 23.500000000000004 6.5000000000000009 54.986111111111121 5.5000000000000009 33.500000000000007 5.5000000000000009 48.500000000000007 4.5000000000000009 91.500000000000014 2009.5000000000002 54.515625000000007
decision_type=2 2 2 2 2 2 2 2 2 2 2 2 2 2 2 2 2 2 2 2 2 2 2 2 2 2 2 2 2 2
left_child=1 2 -1 4 6 -6 -4 8 -5 -9 24 -3 22 19 -15 -16 17 -13 -19 21 -21 -14 -12 -24 -2 29 -27 -18 -29 -26
right_child=10 11 3 7 5 -7 -8 9 -10 -11 12 16 13 14 15 -17 27 18 -20 20 -22 -23 23 -25 25 26 -28 28 -30 -31
leaf_value=-0.047767684978578376 0.027370308156160424 0.037057419315584275 0.010639355767940405 -0.00037161592797297418 0.035826509574994302 -0.043431201033246582 -0.0058500166124408346 0.0082151276741401578 -0.010999354231869887 -0.0014685801261118451 -0.027324835004184318 -0.017617000539890303 0.047692569313107218 0.084962024031068492 0.049011243641358122 -0.0074755324685583137 -0.022537383966924951 0.013545416600745055 -0.0084439694976796136 0.0085975061032894078 -0.045411210552817625 0.015880562075385365 -0.035272980072014404 0.01346220253493228 0.050533286533653 -0.038389149911669321 0.023520395664704385 0.016641003633401614 -0.0049173456337286018 0.01229148362185236
leaf_weight=18.675190867856145 96.765646800398827 13.059191357344387 271.40365373156965 1261.9486870188266 87.412902630865574 8.6509541645646078 230.93644543550909 625.93534345179796 476.03498623333871 801.80906858481467 40.532383881509304 306.28613160550594 23.522010382264853 3.9083679318428031 7.5037754513323298 134.95731363072991 30.264030581340194 51.124727146700025 282.15147252194583 34.747985884547234 9.6932224929332715 122.48126383125782 9.1817304566502553 34.032086439430714 12.193234380334614 16.742517258971933 11.449986774474381 85.324668753892183 194.38732487522066 92.964810039848089
leaf_count=179 505 69 1814 8136 492 45 1493 3825 3225 4913 239 3004 111 23 44 772 303 470 2373 165 52 612 51 187 63 95 67 777 1727 453
internal_value=9.58499e-05 -0.00108734 0.000438845 0.000678014 0.00717334 0.028689 0.00305884 -0.000549769 -0.00328256 0.00277684 0.00872489 -0.00708492 0.00390706 0.00776813 -0.00211141 -0.00450024 -0.00769202 -0.0110792 -0.00507079 0.0153612 -0.00318252 0.0210057 -0.0116216 0.00310734 0.0175299 0.0103893 -0.0132455 -0.000703453 0.00165892 0.0167257
internal_weight=5396.08 4745.4 3782.81 3764.13 598.404 96.0639 502.34 3165.73 1737.98 1427.74 650.676 962.598 420.56 336.814 146.369 142.461 949.538 639.562 333.276 190.444 44.4412 146.003 83.7462 43.2138 230.116 133.351 28.1925 309.976 279.712 105.158
internal_count=36284 32845 24122 23943 3844 537 3307 20099 11361 8738 3439 8723 2256 1779 839 816 8654 5847 2843 940 217 723 477 238 1183 678 162 2807 2504 516
is_linear=0
shrinkage=0.05


Tree=55
num_leaves=31
num_cat=0
split_feature=8 0 8 11 4 8 11 15 6 0 9 6 17 13 8 7 17 9 13 4 13 13 17 8 17 9 11 17 8 1
split_gain=43.2064 20.8852 20.9564 20.828 21.026 27.1064 20.9239 18.2751 14.7272 12.9167 12.5365 12.2749 8.94215 10.5203 13.9232 11.1165 14.1206 10.5061 9.25744 8.86622 9.06379 14.1032 11.1476 8.09811 7.8414 7.58569 6.98594 6.11509 6.00265 8.82018
threshold=38.550000000000004 2003.5000000000002 34.050000000000004 16.500000000000004 11.500000000000002 36.350000000000001 21.000000000000004 318.00000000000006 2.5000000000000004 2003.5000000000002 495.00000000000006 2.5000000000000004 103.50000000000001 56.541958041958047 36.050000000000004 53.500000000000007 107.50000000000001 527.00000000000011 52.757352941176478 11.500000000000002 54.878676470588239 54.303846153846159 105.50000000000001 39.150000000000013 9.5000000000000018 457.00000000000006 14.500000000000002 88.500000000000014 38.650000000000013 3.5000000000000004
decision_type=2 2 2 2 2 2 2 2 2 2 2 2 2 2 2 2 2 2 2 2 2 2 2 2 2 2 2 2 2 2
left_child=1 12 8 7 5 -5 -6 11 26 19 -9 -4 17 15 -15 -14 -17 18 -1 -2 21 -21 -23 -11 -10 -26 -3 -20 -22 -30
right_child=9 2 3 4 6 -7 -8 10 24 23 -12 -13 13 14 -16 16 -18 -19 27 20 28 22 -24 -25 25 -27 -28 -29 29 -31
leaf_value=0.098648457670722611 -0.035485796650450464 0.03116148671468065 -0.028604826508249911 -0.0075158703728851819 -0.018088892849132031 -0.02997215509348013 0.0036784824533829192 0.0029567561930830127 -0.039924865730854721 -0.019229884052806671 0.017635875188168264 -0.001265839581151929 -0.0082937712986737959 0.0067196570557944424 -0.041433225479761963 0.10216677568912032 0.016539542297778331 0.079650142519151035 -0.0032316693532398288 -0.054607956729565858 0.060578607604047943 -0.0027308636087869883 0.091728446413528064 -0.042937894038764905 -0.004024653569460487 0.0089625423955563555 0.096737185861832276 -0.053743115763825539 0.037728921232609999 -0.02739731741839024
leaf_weight=2.1724848747253409 17.928609246388078 16.156588509678844 42.312701866030693 801.70683982223272 134.02060842514038 161.44073110818863 626.41391049697995 415.37422096729279 9.2874544858932477 72.182112939655781 223.82830449938774 1384.1988977007568 46.336590874940157 64.8998868688941 19.529177621006966 4.8755715340375891 385.67725981399417 3.8619220927357665 146.61100311391056 3.4846740774810341 2.8586594238877288 4.8492103684693566 8.7763970047235471 71.895069109275937 141.10046785324812 553.4589682482183 5.4252171814441672 6.2472041100263587 6.4332536272704592 27.093832274898887
leaf_count=15 272 68 252 5198 854 1571 4131 2370 57 1055 1277 9000 299 362 152 27 2309 29 1120 48 22 77 113 1636 710 2746 23 46 84 395
internal_value=-0.000503721 0.000406324 -0.000824244 -0.00231474 -0.00637294 -0.0112799 -0.000157846 0.00107132 0.0069614 -0.0224415 0.00809691 -0.00207676 0.0085739 0.0117389 -0.00441852 0.0148613 0.0176085 -0.0018102 -0.00383943 -0.00505574 0.00514257 0.035155 0.0581114 -0.0310603 0.00571391 0.00632418 0.0476459 -0.00529604 -0.00897068 -0.0149007
internal_weight=5410.44 5194.94 4514.72 3789.3 1723.58 963.148 760.435 2065.71 725.429 215.502 639.203 1426.51 680.211 521.318 84.4291 436.889 390.553 158.893 155.031 71.4246 53.496 17.1103 13.6256 144.077 703.847 694.559 21.5818 152.858 36.3857 33.5271
internal_count=36318 32616 28257 24653 11754 6769 4985 12899 3604 3702 3647 9252 4359 3149 514 2635 2336 1210 1181 1011 739 238 190 2691 3513 3456 91 1166 501 479
is_linear=0
shrinkage=0.05


Tree=56
num_leaves=31
num_cat=0
split_feature=8 0 8 9 8 18 0 12 9 3 9 2 17 8 16 18 13 9 17 17 12 13 8 7 11 15 8 11 8 13
split_gain=39.8775 18.7644 20.4122 17.8619 16.5648 14.4233 12.2521 11.5295 15.9447 11.0035 11.5163 10.8574 9.21425 10.3527 9.01513 8.3355 10.8818 12.1005 13.0496 8.03249 10.5511 9.5546 12.1193 9.74092 11.7517 8.62706 7.98682 7.79333 9.99426 5.71637
threshold=38.550000000000004 2003.5000000000002 36.550000000000004 495.00000000000006 33.650000000000013 17.500000000000004 2003.5000000000002 19.080000000000002 471.00000000000006 8.5000000000000018 511.00000000000006 5.5000000000000009 64.500000000000014 35.850000000000001 41.500000000000007 16.500000000000004 55.677083333333336 497.00000000000006 225.00000000000003 1369.0000000000002 70.503125000000011 56.541958041958047 36.050000000000004 56.750000000000007 51.500000000000007 89.500000000000014 39.150000000000013 35.000000000000007 35.150000000000013 56.080128205128212
decision_type=2 2 2 2 2 2 2 2 2 2 2 2 2 2 2 2 2 2 2 2 2 2 2 2 2 2 2 2 2 2
left_child=1 19 3 4 14 -6 15 8 -4 11 -11 -9 -5 -14 -3 -2 17 18 -17 21 27 23 -23 25 -25 -1 -8 28 -21 -18
right_child=6 2 7 12 5 -7 26 9 -10 10 -12 -13 13 -15 -16 16 29 -19 -20 20 -22 22 -24 24 -26 -27 -28 -29 -30 -31
leaf_value=-0.0072114826144850505 -0.016108245690508862 0.013946738541205879 0.12943298437681822 -0.010138264603447529 -0.0042007601472603198 0.0079206970844198227 -0.018572450300218153 -0.0038197972379974523 -0.0036851217996786961 -0.001428792528398018 0.031627609070186628 -0.014314862640572008 0.0051902456151788501 0.01754846438654941 -0.013054608724711068 -0.031487426423655068 -0.055305207412107017 0.15759602217848195 0.09421933276421969 0.070037648018296816 0.063784881564065379 0.0017090961508913882 -0.041090762585305855 0.018106282113838783 0.099883323140457267 0.0095389564193456237 -0.042442657926535204 -0.029483173268759266 0.0039598257257818948 0.017996571816504811
leaf_weight=102.68713073991239 49.673997016623616 239.51914276182652 3.7047024071216565 72.032452136278152 1836.5872676111758 283.26159170269966 71.030256059020758 502.24878123402596 5.7267079837620258 146.35655777901411 32.132264774292707 483.81993021443486 638.3817158639431 230.71166691929102 35.493930511176586 4.3058916889131087 4.7327019087970239 2.3386473916470996 3.9661467671394348 8.6342624574899691 14.310435861349104 71.526538901031017 21.515076100826263 128.62877728417516 4.5485301092267028 305.73119775205851 69.166668372228742 8.3100769370794279 16.968171812593937 6.0720915943384171
leaf_count=748 724 1185 18 480 10967 1714 1055 3855 39 1078 224 3837 3403 1289 168 64 60 28 48 36 66 419 185 767 30 1986 1636 41 81 87
internal_value=-0.000482055 0.000384317 -0.000785218 0.00121026 -0.00108327 -0.00258105 -0.0217751 -0.00645555 0.0486043 -0.00690146 0.00452215 -0.00896926 0.00704657 0.00847089 0.0104619 -0.00486653 0.021209 0.0571752 0.0287845 0.00810856 0.0277813 0.00661372 -0.008188 0.00915654 0.0208993 0.00532745 -0.0303489 0.0125885 0.0262442 -0.014111
internal_weight=5404.12 5192.84 4509.98 3335.99 2394.86 2119.85 211.286 1173.99 9.43141 1164.56 178.489 986.069 941.126 869.093 275.013 71.0895 21.4155 10.6107 8.27204 682.86 48.2229 634.637 93.0416 541.596 133.177 408.418 140.197 33.9125 25.6024 10.8048
internal_count=36318 32616 28257 19206 14034 12681 3702 9051 57 8994 1302 7692 5172 4692 1353 1011 287 140 112 4359 224 4135 604 3531 797 2734 2691 158 117 147
is_linear=0
shrinkage=0.05


Tree=57
num_leaves=31
num_cat=0
split_feature=8 11 4 8 18 8 7 17 16 12 18 17 15 15 8 0 0 8 1 0 4 8 11 15 15 5 15 17 9 17
split_gain=36.7765 18.207 18.304 44.5062 18.0249 18.2151 17.6899 16.7147 23.5364 20.0144 16.5193 14.7582 14.6489 13.5083 11.7026 11.6181 11.2872 10.9641 8.64484 8.6425 8.07076 7.86549 7.51537 10.4503 7.35909 13.4012 11.4766 20.7169 6.45042 7.53437
threshold=38.550000000000004 16.500000000000004 11.500000000000002 36.150000000000013 12.500000000000002 34.850000000000001 57.250000000000007 96.500000000000014 25.500000000000004 62.721875000000004 17.500000000000004 153.50000000000003 307.50000000000006 369.50000000000006 13.65 2003.5000000000002 2003.5000000000002 36.350000000000001 9.5000000000000018 2011.5000000000002 11.500000000000002 39.150000000000013 15.500000000000002 778.00000000000011 248.50000000000003 1.5000000000000002 279.00000000000006 225.00000000000003 459.00000000000006 1192.5000000000002
decision_type=2 2 2 2 2 2 2 2 2 2 2 2 2 2 2 2 2 2 2 2 2 2 2 2 2 2 2 2 2 2
left_child=1 13 3 4 5 -3 -6 9 11 12 -10 -9 -4 14 -1 20 18 -18 -16 22 -2 -17 23 -15 25 -22 27 -26 -5 -30
right_child=15 2 7 28 6 -7 -8 8 10 -11 -12 -13 -14 19 16 21 17 -19 -20 -21 24 -23 -24 -25 26 -27 -28 -29 29 -31
leaf_value=0.076977776399701922 -0.034452668195356938 -0.0014683318104709469 -0.0098741111513994308 -0.043203344446921664 0.0040965511466757058 -0.017317570569747979 0.062568660844667542 0.042277227761339756 -0.0091464197793792307 -0.038081717380460803 0.01972723133189571 0.0098513104770283633 0.03825865197679356 0.0023360084921281196 0.016858879222836548 -0.017928301372499272 0.0027150839263910252 -0.0053218837654008186 -0.00026937184114251146 0.0044874876137985832 -0.013317211036581747 -0.041941016744296358 0.024425703179269592 0.042936085129380831 -0.022795631094093466 0.12051504467776114 0.01028350176983126 0.2216399834832864 -0.026376729770599655 -0.0004181279376433587
leaf_weight=5.0883667021989814 17.222773836925626 541.52400494739413 71.411866463720798 43.741020973771811 410.86276579275727 272.50676644593477 13.355535849928854 38.081915281713009 303.7967933639884 51.867464814335108 59.187991075217724 446.70625091344118 20.301287442445755 116.49028460308909 182.10064907744527 69.931707952171564 1070.3540310561657 703.10625983774662 123.71345493942499 360.17937025055289 36.862109960988164 66.560556570068002 139.09113227948546 18.345552489161491 1.5512197315692895 1.9705155044794072 11.23133612051606 1.9647463634610174 165.84647954814136 33.619106609374285
leaf_count=22 272 2901 578 519 2520 1916 79 244 1800 465 332 2785 145 600 1154 1055 6037 5122 738 1957 529 1636 799 92 21 25 145 19 1558 253
internal_value=-0.000460917 0.000363739 -0.00274096 -0.00625995 -0.00241917 -0.00677406 0.00593741 0.00251774 0.0051896 -0.0132583 -0.00443831 0.0123985 0.000780381 0.00318787 0.00124385 -0.0211127 0.00105851 -0.000471253 0.00992985 0.00957806 -0.00467767 -0.0296381 0.0162715 0.00785999 0.00489323 -0.00652605 0.0349625 0.113797 -0.0258147 -0.0220015
internal_weight=5398.57 5191.28 2472.81 1481.46 1238.25 814.031 424.218 991.354 847.773 143.581 362.985 484.788 91.7132 2718.47 2084.36 207.295 2079.27 1773.46 305.814 634.106 70.8027 136.492 273.927 134.836 53.5799 38.8326 14.7473 3.51597 243.207 199.466
internal_count=36318 32616 16095 9746 7416 4817 2599 6349 5161 1188 2132 3029 723 16521 13073 3702 13051 11159 1892 3448 1011 2691 1491 692 739 554 185 40 2330 1811
is_linear=0
shrinkage=0.05


Tree=58
num_leaves=31
num_cat=0
split_feature=8 6 8 0 15 6 14 0 8 8 7 13 13 13 0 8 7 13 8 13 7 15 17 15 6 15 17 0 0 18
split_gain=33.9096 18.1594 13.222 15.9218 14.4679 13.7152 11.5055 10.9922 10.8252 7.73444 7.63825 9.84201 7.53893 13.967 9.78491 16.9108 7.38955 7.14442 6.13856 6.33523 5.79674 11.1938 7.63791 5.43072 5.20641 4.70223 5.86165 19.1421 6.12889 4.46881
threshold=38.550000000000004 6.5000000000000009 34.050000000000004 2003.5000000000002 118.50000000000001 2.5000000000000004 30.500000000000004 2003.5000000000002 36.850000000000001 39.150000000000013 51.500000000000007 54.092329545454554 54.303846153846159 54.878676470588239 2002.5000000000002 40.150000000000013 53.500000000000007 55.064583333333339 13.65 54.919871794871796 54.250000000000007 695.00000000000011 1141.5000000000002 152.00000000000003 4.5000000000000009 92.500000000000014 22.500000000000004 2015.5000000000002 2009.5000000000002 17.500000000000004
decision_type=2 2 2 2 2 2 2 2 2 2 2 2 2 2 2 2 2 2 2 2 2 2 2 2 2 2 2 2 2 2
left_child=1 2 5 10 17 -1 -6 12 16 25 23 -12 -2 14 24 -16 -3 -5 -18 -20 21 -7 -22 -4 -14 -9 27 -27 -28 -11
right_child=7 8 3 4 6 20 -8 9 -10 29 11 -13 13 -15 15 -17 18 -19 19 -21 22 -23 -24 -25 -26 26 28 -29 -30 -31
leaf_value=0.04616611744565708 -0.054086443454927663 -0.031912480647988815 0.010494624907518554 -0.0171414457809691 0.0016504566879105788 -0.0088442285132092208 -0.0066393997622734499 -0.053796740654643183 -0.029667059006054576 -0.048349085034652427 0.025892648611310728 0.005959040763760786 0.029312134695187109 -0.013022673693290951 0.12345896250121519 -0.052746433543346807 0.058651029391280932 -0.0049326667723822134 0.011791981756511924 -0.0086106492514100505 0.011654254714413019 0.059211676603957243 -0.0014489661577008718 -0.056306642554969456 -0.054694364987467506 -0.053509705523989273 0.007683479829106183 0.13255002004059754 -0.028464942613577571 -0.016222205967746955
leaf_weight=22.206515803933144 6.9147209078073493 26.204975131899118 4.9362345188856107 166.14532611891627 2412.9128312841058 97.541878692805767 506.39665105193853 7.8222578391432753 61.504881855100393 50.277991425246 69.965631084516644 538.68754493817687 6.3821110688149947 47.016298029571772 5.8100756220519534 1.7784421965479849 3.8432445377111426 429.85221665725112 46.221618138253689 215.15641906112432 422.23395226895809 6.4410411417484275 150.98109909147024 7.9304895028471947 2.5940509773790836 2.8593590669333926 16.822336763143539 2.676199235022068 38.704039175063372 13.793810386210678
leaf_count=93 109 281 38 1174 14970 481 3018 129 860 1302 454 3367 77 680 66 39 16 2838 385 1854 2023 28 680 56 40 50 247 41 588 334
internal_value=-0.00044173 0.00034335 0.00114238 6.74117e-05 -0.00123689 0.00750059 0.000212461 -0.0204657 -0.0106058 -0.0289284 0.00744453 0.00825044 -0.00450492 0.000887291 0.0403686 0.0821635 -0.00658296 -0.00833609 -0.0040803 -0.00500268 0.00623268 -0.00462862 0.00820295 -0.0306788 0.00503482 -0.0172977 -0.0126221 0.036442 -0.0175134 -0.0414326
internal_weight=5392.61 5189.16 4836.23 4136.83 3515.31 699.404 2919.31 203.452 352.931 132.956 621.52 608.653 70.4957 63.581 16.5647 7.58852 291.426 595.998 265.221 261.378 677.198 103.983 573.215 12.8667 8.97616 68.8842 61.0619 5.53556 55.5264 64.0718
internal_count=36318 32616 29220 25915 22000 3305 17988 3702 3396 2691 3915 3821 1011 902 222 105 2536 4012 2255 2239 3212 509 2703 94 117 1055 926 91 835 1636
is_linear=0
shrinkage=0.05


Tree=59
num_leaves=31
num_cat=0
split_feature=8 17 17 17 17 0 0 0 0 18 17 17 3 17 7 9 0 9 8 9 15 7 4 1 8 9 13 13 0 8
split_gain=31.2831 16.8002 21.0462 22.835 20.6899 22.1157 21.2411 18.9974 16.3354 20.6262 15.4989 16.9707 13.2927 13.2519 11.701 10.7796 10.4016 10.1934 8.91564 8.88081 9.52576 8.8005 8.79493 11.6061 7.5809 7.47008 7.15433 12.2875 7.97861 10.7619
threshold=38.550000000000004 934.00000000000011 886.00000000000011 827.50000000000011 964.00000000000011 2013.5000000000002 2020.5000000000002 2021.5000000000002 2006.5000000000002 12.500000000000002 1141.5000000000002 1253.5000000000002 7.5000000000000009 898.50000000000011 56.250000000000007 455.00000000000006 2003.5000000000002 521.00000000000011 34.750000000000007 511.00000000000006 538.50000000000011 53.500000000000007 11.500000000000002 9.5000000000000018 39.150000000000013 451.00000000000006 54.303846153846159 54.878676470588239 2002.5000000000002 39.850000000000001
decision_type=2 2 2 2 2 2 2 2 2 2 2 2 2 2 2 2 2 2 2 2 2 2 2 2 2 2 2 2 2 2
left_child=1 2 3 8 5 -3 10 18 14 -10 12 -12 -6 -4 -1 -9 26 25 -5 21 -21 -8 -15 -24 -18 -7 -2 28 -28 -30
right_child=16 4 13 7 6 17 19 15 9 -11 11 -13 -14 22 -16 -17 24 -19 -20 20 -22 -23 23 -25 -26 -27 27 -29 29 -31
leaf_value=-0.00062228999339025205 -0.053874399181732424 -0.0062945629430723321 -0.034422145248569673 0.020897935829808586 0.020154020302051313 0.00015486589249829246 0.049928838455551634 -0.023107898962639116 -0.0084664654050389879 0.0019145405854971065 -0.0051786212793435565 0.0072596090159695592 0.0030750960930109564 -0.019438018953170034 0.011897623636132292 0.056706742905194209 -0.016705868667158424 -0.019395770269804494 0.00060314330684455009 0.023980401459895571 -0.060481642776257519 -0.019734978673807177 0.018900733562176766 -0.02013691687469716 -0.040919507524203258 0.052835637985749973 0.0047382471890316819 -0.012505942389682227 0.11688669956418314 -0.0031535211363106471
leaf_weight=505.43103082664311 6.6027197316288939 37.126186423003674 69.974786054342985 84.262170605361462 251.80666831880808 7.5921900048851958 4.6705258414149275 4.8656732961535445 1233.4604272544384 781.76995730027556 510.70719742402434 592.26279053837061 208.06792509928346 87.701965305954218 295.86371889337897 32.398146383464336 67.899377848953009 6.3603636026382437 151.25841541588306 24.726026259362701 3.8592660427093497 154.51253642886877 48.285982184112072 31.434686586260796 61.698027921840549 59.197808124125004 9.0051343478262424 46.523846745491028 5.1311198249459267 2.9352094698697329
leaf_count=3509 109 214 494 386 1415 39 29 25 8373 5360 3154 3001 1211 583 1909 163 1055 31 917 140 20 883 290 175 1636 295 117 680 52 53
internal_value=-0.000422493 0.000325238 -0.00180288 -0.00070044 0.00412968 0.0251356 0.00280645 0.0131125 -0.00203825 -0.00443935 0.00471549 0.00150035 0.0124267 -0.0161493 0.00400046 0.0462851 -0.019837 0.0410875 0.00786401 -0.013083 0.0125773 -0.017691 -0.00851205 0.00350778 -0.0282334 0.0468473 -0.00433588 0.000807409 0.0370895 0.073206
internal_weight=5387.39 5187.6 3326.71 3089.31 1860.89 110.277 1750.61 272.784 2816.53 2015.23 1562.84 1102.97 459.875 237.397 801.295 37.2638 199.795 73.1504 235.521 187.768 28.5853 159.183 167.423 79.7207 129.597 66.79 70.198 63.5953 17.0715 8.06633
internal_count=36318 32616 22184 20642 10432 579 9853 1491 19151 13733 8781 6155 2626 1542 5418 188 3702 365 1303 1072 160 912 1048 465 2691 334 1011 902 222 105
is_linear=0
shrinkage=0.05


Tree=60
num_leaves=31
num_cat=0
split_feature=11 6 5 17 17 13 17 16 7 16 11 11 13 16 16 16 7 13 18 0 7 13 1 16 13 7 16 16 1 17
split_gain=17.8665 17.5301 18.7605 16.7357 11.9144 9.67538 10.1678 15.2288 11.2517 9.22101 21.1837 21.0672 8.49346 8.30564 13.1914 9.89894 7.10221 6.40859 6.20457 5.72246 5.23911 9.21141 7.80926 6.42864 4.41194 8.2555 4.37789 4.19454 7.33845 5.42975
threshold=11.500000000000002 6.5000000000000009 1.0000000180025095e-35 1327.5000000000002 10.500000000000002 54.720486111111121 827.50000000000011 2.5000000000000004 55.750000000000007 33.500000000000007 53.000000000000007 55.000000000000007 54.689903846153854 28.500000000000004 36.500000000000007 14.500000000000002 55.250000000000007 55.138095238095246 12.500000000000002 2003.5000000000002 53.500000000000007 53.741666666666667 7.5000000000000009 29.500000000000004 55.942810457516345 57.750000000000007 21.500000000000004 37.500000000000007 10.500000000000002 176.50000000000003
decision_type=2 2 2 2 2 2 2 2 2 2 2 2 2 2 2 2 2 2 2 2 2 2 2 2 2 2 2 2 2 2
left_child=4 2 3 13 -1 12 8 -8 -7 11 -11 -5 19 15 -15 -2 -6 18 26 -4 23 22 -22 -3 25 -23 -18 29 -29 -19
right_child=1 20 5 9 16 6 7 -9 -10 10 -12 -13 -14 14 -16 -17 17 27 -20 -21 21 24 -24 -25 -26 -27 -28 28 -30 -31
leaf_value=-0.042576947268564189 3.1074539643833635e-05 -0.047859264110136628 0.013557460523415983 -0.0040378623782285255 0.0036427340666637525 -0.014800819213818426 0.032089386134514251 -0.0040019711219763396 0.0010853812631698592 0.022416335118356216 -0.051171281350629698 0.11551201023800917 0.060111933955791536 -0.01512374373444852 0.00027956640729612958 0.0073911681194827718 0.10865577653460812 0.032735043196155104 0.0017936804040215529 -0.0018040585982937861 0.093597918303274852 -0.0075661699001809751 -0.012890804448114119 0.0025204314642726065 -0.016587548119429835 0.046031201381506369 0.036891777159145524 0.020428558619303705 0.082221653732505964 0.0082897327994948221
leaf_weight=9.7494599483907205 1476.5318274851888 20.36695966124535 74.126570912078023 97.090192979201674 108.31066526472569 498.38041436485946 31.066241137683392 493.93340417928994 143.56733875721693 202.13246328383684 10.277092367410658 3.830482840538024 6.1675947047770014 192.24279027432203 501.83340935222805 661.50731935910881 4.9576483443379384 29.145224813371897 3.8744227439165106 332.85570255853236 3.902243521064519 115.66025914251804 3.0809189453721046 9.1889528818428499 174.80153298377991 7.6603415682911864 3.7196243070065975 19.408451115712527 6.3854370936751357 102.97336564026773
leaf_count=68 9975 274 557 499 609 3904 154 3090 1075 979 47 19 42 1243 3135 3979 27 169 20 2257 33 1208 26 98 1855 52 22 105 31 564
internal_value=-0.000347395 -0.00103743 -0.000254264 0.00197863 0.0117546 -0.0046992 -0.00702724 -0.00186631 -0.011248 0.0129436 0.0188559 0.000499699 0.00187637 0.000765527 -0.00398679 0.00230828 0.0136547 0.0200162 0.054403 0.000993844 -0.0120961 -0.0101489 0.0466159 -0.0321962 -0.0114786 -0.00423685 0.0778932 0.017283 0.0357258 0.0136823
internal_weight=5348.73 5060.2 4725.54 3145.45 288.524 1580.1 1166.95 525 641.948 313.33 212.41 100.921 413.15 2832.12 694.076 2138.04 278.775 170.464 12.5517 406.982 334.661 305.105 6.98316 29.5559 298.122 123.321 8.67727 157.912 25.7939 132.119
internal_count=36116 34501 30955 19876 1615 11079 8223 3244 4979 1544 1026 518 2856 18332 4378 13954 1547 938 69 2814 3546 3174 59 372 3115 1260 49 869 136 733
is_linear=0
shrinkage=0.05


Tree=61
num_leaves=31
num_cat=0
split_feature=8 7 13 5 9 6 13 17 17 8 11 16 17 13 0 13 11 11 18 8 8 8 13 7 11 11 11 18 6 13
split_gain=24.8915 17.3281 19.8952 16.7994 14.8839 14.3397 13.0264 14.2725 13.038 12.9048 14.32 12.805 16.9134 11.5864 11.5476 13.1133 11.4309 25.9719 11.4015 15.8033 10.9285 9.99216 12.3096 9.84903 9.78685 8.971 8.93389 8.93341 10.952 8.56144
threshold=36.650000000000013 54.250000000000007 54.066964285714292 1.0000000180025095e-35 505.00000000000006 5.5000000000000009 54.605555555555569 1369.0000000000002 642.50000000000011 35.150000000000013 33.500000000000007 29.500000000000004 483.50000000000006 56.05718954248367 2020.5000000000002 54.242647058823536 41.000000000000007 53.000000000000007 8.5000000000000018 34.150000000000013 40.45000000000001 38.350000000000001 54.590992647058833 56.250000000000007 10.500000000000002 35.000000000000007 35.000000000000007 9.5000000000000018 3.5000000000000004 54.303846153846159
decision_type=2 2 2 2 2 2 2 2 2 2 2 2 2 2 2 2 2 2 2 2 2 2 2 2 2 2 2 2 2 2
left_child=1 9 23 5 18 6 7 8 -2 10 -1 12 -12 14 -11 -16 -6 -18 19 -4 24 22 27 26 -8 -25 -3 29 -29 -5
right_child=3 2 4 21 16 -7 20 -9 -10 13 11 -13 -14 -15 15 -17 17 -19 -20 -21 -22 -23 -24 25 -26 -27 -28 28 -30 -31
leaf_value=0.0056391497865527938 0.030980767068335226 0.024161497485784771 0.0069543248236885293 -0.025292991019332935 0.0074636168963770309 -0.013954429061713895 0.042869471095527106 0.097894851550873074 -0.0081423908081227885 -0.0195540623195017 -0.040608996898963301 -0.048647630057076105 0.020941814485770274 0.025127709473707273 -0.053546025569183267 0.035845214433504406 0.065578636992982206 0.00032736028544264989 0.0044635047630494189 -0.0054560135166970194 -0.051899789353285743 -0.031557079538133824 -0.015998400298022932 0.032475878956632141 -0.0018293420803994554 0.10414036785720236 -0.033538831259309558 0.091630619643456215 0.013843847446527047 0.021580160393544521
leaf_weight=284.66224847733974 47.029970411211252 62.630488075315952 347.09042033553123 25.694538131356239 508.80917466804385 221.55066681094468 12.449100688099859 5.2885233499109736 38.917169917374849 242.83349784836173 18.762759305536747 24.576649643480778 27.547952085733414 18.047172632068396 5.2278626263141659 19.060819149017334 28.207002602517605 33.198021408170462 1228.1955129057169 983.04124301299453 10.736059732735155 71.319381736218929 257.35957255959511 11.924191720783712 750.28068143129349 6.8902551978826514 7.5132328420877448 5.5668511316180256 24.179211862385273 15.690753895789383
leaf_count=1592 391 345 1690 206 2734 2811 85 30 300 1696 151 142 164 124 34 128 160 177 7107 5940 317 1349 2175 59 5774 34 44 44 195 118
internal_value=-0.000332048 0.00178571 0.003281 -0.00583031 0.00261801 -0.00260509 0.000302801 0.0181712 0.0132657 -0.0057232 0.000631767 -0.0194764 -0.00399546 -0.0136466 -0.0162662 0.0166048 0.00992294 0.0303012 0.000989846 -0.00221761 -0.00180491 -0.014593 -0.0109099 0.0265975 -0.00109978 0.058721 0.0179811 0.00750084 0.0284013 -0.00752158
internal_weight=5344.28 3858.22 3217.5 1486.06 3128.54 1086.25 864.702 91.2357 85.9471 640.719 355.55 70.8874 46.3107 285.169 267.122 24.2887 570.214 61.405 2558.33 1330.13 773.466 399.81 328.491 88.9582 762.73 18.8144 70.1437 71.1314 29.7461 41.3853
internal_count=36116 22321 18290 13795 17808 9708 6897 721 691 4031 2049 457 315 1982 1858 162 3071 337 14737 7630 6176 4087 2738 482 5859 93 389 563 239 324
is_linear=0
shrinkage=0.05


Tree=62
num_leaves=31
num_cat=0
split_feature=8 3 7 13 0 1 13 9 8 9 13 8 12 9 15 4 3 15 13 4 14 0 6 12 8 2 1 4 13 8
split_gain=22.6957 24.3299 17.0032 19.6767 16.8328 17.1939 16.1275 15.0949 13.6028 14.3231 13.3705 12.2583 14.6722 12.4423 11.5705 12.4604 11.6087 11.4069 11.3884 11.0923 10.2788 10.0701 9.94444 13.6855 11.9223 9.88836 9.64197 9.49943 9.37977 8.67641
threshold=36.850000000000001 5.5000000000000009 54.250000000000007 54.189903846153854 2003.5000000000002 10.500000000000002 56.677083333333336 505.00000000000006 39.350000000000001 545.00000000000011 54.986111111111121 35.150000000000013 44.306250000000006 509.00000000000006 167.00000000000003 11.500000000000002 6.5000000000000009 311.00000000000006 54.25833333333334 11.500000000000002 39.500000000000007 2020.5000000000002 5.5000000000000009 28.465909090909097 37.850000000000001 5.5000000000000009 9.5000000000000018 11.500000000000002 55.297058823529419 37.95000000000001
decision_type=2 2 2 2 2 2 2 2 2 2 2 2 2 2 2 2 2 2 2 2 2 2 2 2 2 2 2 2 2 2
left_child=2 22 11 -4 6 8 17 14 9 -6 20 18 13 28 16 -16 -5 29 -1 -19 -9 -14 23 24 -2 26 -25 -23 -13 -3
right_child=1 4 3 7 5 -7 -8 10 -10 -11 -12 12 21 -15 15 -17 -18 19 -20 -21 -22 27 -24 25 -26 -27 -28 -29 -30 -31
leaf_value=0.011619755621493939 0.074612199089157727 0.032817284612082491 0.022159289262076484 -0.0092944136165321496 -0.00043846627840774319 -0.021721134333008596 -0.045861699656588963 0.038289283309171161 -0.036619081769037477 0.073400279674071173 0.0068720155294274476 -0.00181220606302403 -0.024506928231453097 -0.051105717690833809 -0.00034482118417845405 0.0081793774587433331 0.0029427285974561925 0.02525137589022769 -0.0066685759637421411 -0.031981376326608378 -0.040399826769002868 -0.029587458966786474 -0.031794480177431375 -0.001092386940594676 -0.030770097549191092 -0.024799498547483402 -0.030802800603464527 0.040521333874710679 0.033336009031834278 0.009096960093215407
leaf_weight=141.22400544211268 8.1181252896785718 74.927638720721006 127.94400055706501 488.43322247639298 489.28184057958424 128.3217757884413 11.67009576410055 53.241737004369497 25.896845128387213 6.6569929942488661 553.60549528151751 75.973003190010786 185.24125162512064 10.146775081753729 1192.0167690254748 669.49871569871902 321.28558789566159 13.520511094480751 214.29247728735209 22.645010661333799 4.5008593797683707 8.0131001323461533 82.460935039445758 144.52344054356217 4.0094312541186801 131.05072238855064 33.66989478841424 12.169258698821068 25.30308473110199 79.407581865787506
leaf_count=812 52 484 688 3040 4141 1218 122 273 733 55 3004 506 1349 63 6935 3548 1962 110 1237 181 22 60 1306 1395 54 1326 320 75 167 878
internal_value=-0.000318418 -0.00619563 0.00148979 0.00292245 -0.00140585 -0.00532413 0.0111948 0.00217266 -0.00129203 0.000552672 0.00926009 -0.00577729 -0.0129287 0.00168069 0.000550609 0.00272093 -0.00443888 0.0146901 0.000596211 -0.0105849 0.0321557 -0.0208528 -0.0163049 -0.0123304 0.0397723 -0.0143737 -0.00670621 0.0126857 0.00696932 0.0206129
internal_weight=5339.05 1256.16 4082.89 3410.53 852.328 650.157 202.171 3282.58 521.836 495.939 611.348 672.363 316.846 111.423 2671.23 1861.52 809.719 190.501 355.516 36.1655 57.7426 205.424 403.833 321.372 12.1276 309.244 178.193 20.1824 101.276 154.335
internal_count=36116 12375 23741 19472 7922 6147 1775 18784 4929 4196 3299 4269 2220 736 15485 10483 5002 1653 2049 291 295 1484 4453 3147 106 3041 1715 135 673 1362
is_linear=0
shrinkage=0.05


Tree=63
num_leaves=31
num_cat=0
split_feature=8 6 1 9 7 13 8 17 12 8 15 0 8 13 9 18 17 17 9 0 13 7 1 17 8 12 15 3 9 15
split_gain=21.522 15.4353 19.6259 15.0614 15.0574 15.1547 13.0038 11.8795 10.941 14.5615 10.1651 11.866 10.0765 10.8611 9.84621 9.64473 8.6642 9.56925 8.95629 8.63398 8.81192 15.5254 10.4841 18.6352 11.8011 7.29965 7.2173 10.0515 7.14767 6.83962
threshold=38.750000000000007 4.5000000000000009 7.5000000000000009 467.00000000000006 56.250000000000007 56.63068181818182 37.350000000000001 1253.5000000000002 58.982986111111117 33.350000000000001 46.500000000000007 2006.5000000000002 34.250000000000007 53.838541666666679 413.00000000000006 15.500000000000002 1253.5000000000002 1141.5000000000002 471.00000000000006 2004.5000000000002 55.654761904761905 55.750000000000007 3.5000000000000004 225.00000000000003 39.45000000000001 82.698263888888917 212.50000000000003 5.5000000000000009 513.00000000000011 695.00000000000011
decision_type=2 2 2 2 2 2 2 2 2 2 2 2 2 2 2 2 2 2 2 2 2 2 2 2 2 2 2 2 2 2
left_child=1 3 4 8 10 6 -6 12 14 -10 -3 -12 29 -14 -1 -16 17 -5 -19 20 21 25 23 -23 -24 -2 27 -9 -7 -4
right_child=19 2 7 16 5 28 -8 26 9 -11 11 -13 13 -15 15 -17 -18 18 -20 -21 -22 22 24 -25 -26 -27 -28 -29 -30 -31
leaf_value=-0.048042333346637961 -0.023149810885172917 -0.03894957676110293 -0.0016554624226349278 0.0055539720066790825 0.015809107824593462 -0.0052359151314009976 -0.0077908362738653737 -0.022415447043382161 0.044066203200267176 -0.0098136085450556843 0.0082813631807067446 -0.0072263224902144154 0.016173809566339629 -0.014646424226880769 -0.00033802973673906385 0.015152041111334134 0.014234745671069214 0.030698564692215071 -0.01017690831412214 -0.028403578324107039 -0.027493555857130082 0.023262328707852969 0.073763102492853075 0.25486705216740962 -0.040872047399158076 0.059901635055924322 -0.00163550583465827 0.045968124178332313 0.011514568376518219 0.039985714582316867
leaf_weight=9.5333344899117929 20.79832026921213 20.920487474650145 132.33756833150983 1360.9013487696648 353.49148686975241 307.61110125109553 69.914468472823501 7.0956674292683628 12.930616542696951 414.97613808140159 161.43830460309982 522.87865460850298 29.973513059318066 617.13660104945302 440.7049742937088 130.17207616567612 246.16715587675571 14.606388226151465 162.41275406628847 92.377569019794464 24.34130940027535 1.8945307135581964 5.6219057552516443 1.6037232689559457 3.7376425992697477 3.0313590411096802 52.395987413823605 22.142183572053909 80.315018109977245 10.655077487230299
leaf_count=93 354 207 765 7693 2100 2070 696 38 60 2779 1196 3773 223 4678 2642 804 1158 81 906 2211 410 25 60 18 67 41 278 116 519 55
internal_value=-0.000305567 0.000240954 -0.0027101 0.00276495 0.000726281 0.00537124 0.0119122 -0.0086884 -0.00211958 -0.00818545 -0.00461746 -0.00356788 -0.0105646 -0.0132189 0.00235247 0.00319403 0.00552555 0.00413152 -0.00680415 -0.0187622 -0.00416838 0.0113073 0.0555874 0.129438 0.0279847 -0.0125849 0.00947019 0.0293723 -0.00176795 0.00144742
internal_weight=5334.12 5180.71 2388.31 2792.4 1516.57 811.332 423.406 871.737 1008.32 427.907 705.237 684.317 790.103 647.11 580.41 570.877 1784.09 1537.92 177.019 153.406 61.0288 36.6875 12.8578 3.49825 9.35955 23.8297 81.6338 29.2379 387.926 142.993
internal_count=36116 32930 16714 16216 10561 5385 2796 6153 6378 2839 5176 4969 5721 4901 3539 3446 9838 8680 987 3186 975 565 170 43 127 395 432 154 2589 820
is_linear=0
shrinkage=0.05


Tree=64
num_leaves=31
num_cat=0
split_feature=8 8 5 12 7 13 2 9 8 13 13 15 6 8 1 6 13 6 9 9 13 14 15 0 4 1 9 12 0 8
split_gain=20.1037 15.3573 15.3288 15.8208 13.9678 15.8518 12.8332 12.5908 10.9184 15.7585 10.5965 10.3152 12.4903 11.1728 10.2223 13.7029 9.66822 9.74365 9.23981 8.97955 8.85785 8.6848 8.61433 8.36805 8.26931 8.94027 8.1634 7.89739 8.27359 7.60451
threshold=36.650000000000013 40.45000000000001 1.0000000180025095e-35 19.080000000000002 54.250000000000007 54.189903846153854 5.5000000000000009 505.00000000000006 35.45000000000001 56.24038461538462 56.815340909090914 167.00000000000003 7.5000000000000009 34.350000000000001 11.500000000000002 5.5000000000000009 54.222527472527482 4.5000000000000009 539.00000000000011 441.00000000000006 54.986111111111121 39.500000000000007 74.500000000000014 2007.5000000000002 11.500000000000002 10.500000000000002 431.00000000000006 81.947058823529417 2020.5000000000002 34.250000000000007
decision_type=2 2 2 2 2 2 2 2 2 2 2 2 2 2 2 2 2 2 2 2 2 2 2 2 2 2 2 2 2 2
left_child=4 2 6 -4 8 29 14 11 16 27 19 13 -13 -7 23 -16 -1 22 -12 -8 21 -9 -18 -2 -5 -26 -19 28 -10 -6
right_child=1 -3 3 24 5 7 10 20 9 -11 18 12 -14 -15 15 -17 17 26 -20 -21 -22 -23 -24 -25 25 -27 -28 -29 -30 -31
leaf_value=0.0090448797160371311 0.0097478557865341917 -0.047085592049983013 0.1057378902511827 -0.028426499848879291 -0.0057420144341639532 0.0063478606534092628 -0.055620724289988169 0.034067665853524234 -0.017885108203071001 0.051606829852708175 -0.023853690536757576 0.0033611550747962011 -0.02875280980580603 -0.0076926293770212071 0.039899609855537824 -0.026162996753815643 -0.042209287684018958 0.064452787888267665 0.061512318723470988 -0.0024898347000915561 0.0069256176403313359 -0.038984702981675563 0.0035746515764230533 -0.0035210771476784672 -0.0067141810196880737 -0.030854982553845813 -0.022222359157972167 -0.051448749654239234 0.017603829329530835 0.026211424178844464
leaf_weight=162.20427956059575 195.84658689424396 21.633285649120808 2.7768191546201697 79.235364029183984 22.765147864818573 189.05919505655766 8.1127912625670415 50.047461338341236 168.76707442849874 8.6555961742997152 103.31198854930699 1744.7902659066021 30.812535557895899 565.49531373381615 37.362664572894573 9.9371363855898363 10.984445564448832 2.8018217459321013 3.2701451145112506 402.33725192211568 513.99118565022945 4.4284732937812796 158.82499013841152 302.11477435752749 258.91143349185586 45.020741632208228 89.286293379962444 15.611645471304653 18.193213626742363 102.25644704699516
leaf_count=957 1717 741 14 947 109 1027 67 252 1207 58 992 9655 277 3631 289 122 69 23 31 3428 2764 22 830 2546 2504 397 651 119 117 553
internal_value=-0.000293091 -0.00526917 -0.00464453 -0.0131787 0.00160228 0.00293772 -0.00154395 0.00223344 -0.00517371 -0.0144615 -0.00718758 0.000722698 0.00280387 -0.00417468 0.00380751 0.0260206 -0.000547864 -0.00648906 -0.0212345 -0.00354 0.00895753 0.0281291 0.000613031 0.00169755 -0.0140405 -0.0102901 -0.0195852 -0.0172845 -0.0144317 0.020393
internal_weight=5328.85 1469.87 1448.24 385.944 3858.98 3223.65 1062.29 3098.62 635.329 211.228 517.032 2530.16 1775.6 754.555 545.261 47.2998 424.102 261.898 106.582 410.45 568.467 54.4759 169.809 497.961 383.168 303.932 92.0881 202.572 186.96 125.022
internal_count=36116 13795 13054 3862 22321 18290 9192 17628 4031 1501 4518 14590 9932 4658 4674 411 2530 1573 1023 3495 3038 274 899 4263 3848 2901 674 1443 1324 662
is_linear=0
shrinkage=0.05


Tree=65
num_leaves=31
num_cat=0
split_feature=8 0 9 12 9 8 8 11 14 11 3 13 8 11 13 4 1 11 11 13 13 11 15 4 8 8 0 8 11 9
split_gain=24.1352 19.2283 19.5642 14.4818 12.8853 12.7737 12.7249 13.4695 22.8854 13.4226 12.7202 10.3245 9.63778 9.0893 8.99983 8.51329 16.2358 8.88724 8.24156 8.0251 7.9459 7.53537 10.3788 7.29662 18.2843 9.26442 6.30293 6.27343 6.07779 9.83221
threshold=38.150000000000013 2003.5000000000002 449.00000000000006 59.428968253968257 529.00000000000011 34.45000000000001 36.550000000000004 62.000000000000007 30.500000000000004 16.500000000000004 5.5000000000000009 57.064583333333339 40.45000000000001 13.500000000000002 57.292857142857152 11.500000000000002 10.500000000000002 11.500000000000002 15.500000000000002 54.092329545454554 55.226495726495735 39.500000000000007 41.500000000000007 11.500000000000002 35.95000000000001 35.350000000000001 2019.5000000000002 39.650000000000013 27.000000000000004 473.00000000000006
decision_type=2 2 2 2 2 2 2 2 2 2 2 2 2 2 2 2 2 2 2 2 2 2 2 2 2 2 2 2 2 2
left_child=1 4 3 10 19 18 15 9 -9 -8 26 -7 13 20 -12 17 -17 -4 -5 -1 -2 28 -23 24 -21 -25 -3 -22 -15 -30
right_child=12 2 6 5 -6 11 7 8 -10 -11 14 -13 -14 21 -16 16 -18 -19 -20 23 27 22 -24 25 -26 -27 -28 -29 29 -31
leaf_value=0.024736188962690177 -0.028309156297078565 -0.0097048661641979672 0.013446433969165408 0.038458619038250423 -0.032812103854261788 -0.033364818555047214 -0.00087449696820852952 0.056955284279601462 -0.060449668474864618 -0.013446852585456932 0.0035346171023695645 0.053081489320696965 -0.046716238025810514 -0.015682552192423829 0.074282443372905821 0.010075132466834382 -0.0026272578175115056 -0.00064787492428453042 -0.010776224174537339 0.010510765242074964 0.038875651861062503 0.12808859321414293 -0.052672644185151267 0.036608056850591361 -0.016148996196800838 0.010074757689210297 -0.03831231531523141 -0.037243720736606548 -0.029660600111923049 0.020466243442286976
leaf_weight=80.981560740619898 8.2080652974545973 81.52500855922699 119.87050499022007 9.8309277519583684 18.042688239365816 114.56979135423899 631.07067522406578 19.64197484403849 5.2628984190523616 319.92191009782255 173.47559068724513 3.5613312348723403 20.40802925080061 196.81710109300911 4.6147712543606749 753.8337647728622 377.55207985267043 1670.6964430883527 62.769673675298691 225.93632237240672 20.466025600209836 0.83071535825729625 18.016936207190156 39.628219723701477 89.906376846134663 193.72331578284502 25.207508634775877 3.119350427761673 14.2980949729681 30.975296346470714
leaf_count=517 91 525 619 51 105 908 4405 156 43 2605 1091 33 733 2879 27 4056 2094 9857 342 1283 215 20 413 203 708 1215 166 65 249 495
internal_value=-2.67707e-05 0.000813046 -0.000378112 -0.00995233 0.00884956 -0.0206148 0.000789984 -0.00415334 0.0321453 -0.00510394 -0.00281221 -0.0307587 -0.0134944 -0.0111783 0.00536787 0.002441 0.00583625 0.000295676 -0.00410928 0.0100424 0.0140623 -0.0142537 -0.0447055 0.00787571 0.00292192 0.0145807 -0.0164612 0.0288083 -0.0118829 0.00463535
internal_weight=5334.76 5021.62 4373.4 475.555 648.218 190.732 3897.85 975.897 24.9049 950.993 284.823 118.131 313.14 292.732 178.09 2921.95 1131.39 1790.57 72.6006 630.176 31.7934 260.938 18.8477 549.194 315.843 233.352 106.733 23.5854 242.09 45.2734
internal_count=36169 31009 26978 3143 4031 1334 23835 7209 199 7010 1809 941 5160 4427 1118 16626 6150 10476 393 3926 371 4056 433 3409 1991 1418 691 280 3623 744
is_linear=0
shrinkage=0.05


Tree=66
num_leaves=31
num_cat=0
split_feature=8 0 9 12 6 6 0 15 7 5 8 3 9 8 15 13 18 16 12 12 13 7 15 13 15 11 13 8 18 0
split_gain=22.1147 16.9446 17.9583 12.9511 12.3996 12.2043 13.3665 15.9547 13.3579 12.0115 11.7974 11.2155 11.0913 9.95898 10.5164 9.86101 9.56068 9.33037 9.18225 22.1952 8.83449 8.78297 7.8279 7.71004 8.86963 7.36952 7.12172 7.07954 6.44789 5.90089
threshold=38.050000000000004 2003.5000000000002 449.00000000000006 59.428968253968257 5.5000000000000009 4.5000000000000009 2019.5000000000002 75.500000000000014 54.250000000000007 1.0000000180025095e-35 34.45000000000001 5.5000000000000009 529.00000000000011 34.050000000000004 318.00000000000006 57.064583333333339 6.5000000000000009 1.0000000180025095e-35 34.77692307692309 34.118750000000013 56.577380952380956 53.500000000000007 32.500000000000007 53.939338235294123 407.00000000000006 15.500000000000002 55.885620915032682 35.45000000000001 3.5000000000000004 2019.5000000000002
decision_type=2 2 2 2 2 2 2 2 2 2 2 2 2 2 2 2 2 2 2 2 2 2 2 2 2 2 2 2 2 2
left_child=1 12 3 11 9 6 7 -4 -8 16 25 29 17 21 -15 -12 22 -1 19 -18 -13 -7 -2 24 -19 -5 -20 -25 -24 -3
right_child=4 2 5 10 -6 13 8 -9 -10 -11 15 20 -14 14 -16 -17 18 23 26 -21 -22 -23 28 27 -26 -27 -28 -29 -30 -31
leaf_value=0.084440960910480867 -0.055500459433780125 -0.0091765357852041565 -0.024331401271778977 0.035990215384807449 -0.031247881605809342 -0.032024305096341514 0.033175451037124375 0.0022902691125792165 0.0077216645408744074 -0.02404470929631259 -0.032295458096183054 0.00085592211531963021 -0.03106350055454761 -0.0065590944139890424 0.002182259610759605 0.052126853422487678 0.0073287521756038969 0.019612722403270805 -0.00040369542165061636 0.21184727045824303 0.035684176714616246 0.0077500830463957497 -0.0085778311391855912 0.014110493279272558 0.083365266297259627 -0.010288914575066459 -0.025360601075583633 0.0026258783739440427 0.027847379276447398 -0.037165542624631877
leaf_weight=4.1259247884154311 3.7870175652205935 80.945219829678535 58.538958009332418 9.9760352149605733 69.049340354278684 14.53676665574312 58.89162103831768 1458.7933565340936 413.08452516794205 78.561759058386087 111.45155176520348 156.88882956281304 17.319628208875656 1055.4244455583394 510.49478559568524 3.5697622448205939 11.581350686028598 53.161554604768753 54.620767211541533 1.4981921743601549 20.59837768226862 306.97825226932764 16.347641825675964 222.61992873996496 6.079619660973548 62.463491786271334 59.970359448343515 337.80362633615732 47.308302203193307 24.54060535132885
leaf_count=21 59 522 361 51 1444 103 337 7893 2213 1380 899 980 100 7732 3272 31 145 337 748 36 125 1649 290 1188 33 342 904 2267 543 164
internal_value=-2.8041e-05 0.000816076 -0.000303036 -0.0095284 -0.012314 0.000816441 0.00354905 0.0012632 0.0108977 -0.00753689 -0.0197211 -0.00277603 0.00840443 -0.00206366 -0.00370938 -0.0296754 -0.000890076 0.00950027 -0.00893447 0.0307553 0.00489793 0.00595175 0.0143381 0.00900129 0.0261553 -0.00391557 -0.0134647 0.00718797 0.0184929 -0.015688
internal_weight=5331.01 4988.29 4347.18 470.434 342.725 3876.74 1989.31 1517.33 471.976 273.675 187.461 282.973 641.11 1887.43 1565.92 115.021 195.114 623.791 127.671 13.0795 177.487 321.515 67.443 619.665 59.2412 72.4395 114.591 560.424 63.6559 105.486
internal_count=36169 30620 26674 3114 5549 23560 10804 8254 2550 4105 1323 1791 3946 12756 11004 930 2725 3846 1833 181 1105 1752 892 3825 370 393 1652 3455 833 686
is_linear=0
shrinkage=0.05


Tree=67
num_leaves=31
num_cat=0
split_feature=8 3 3 15 0 13 8 9 6 1 17 9 0 13 18 0 13 17 9 0 0 8 17 9 17 8 15 15 8 14
split_gain=20.5999 13.5211 16.2979 15.2153 12.7405 12.5877 12.3445 11.2866 12.6968 18.6636 11.2253 10.1897 10.072 10.8036 13.1354 10.046 11.5075 9.93076 9.42285 9.30968 9.24268 9.09719 8.49877 8.20991 7.89013 7.35893 7.35695 9.21331 6.97455 6.96017
threshold=37.150000000000013 5.5000000000000009 7.5000000000000009 363.00000000000006 2001.5000000000002 54.605555555555569 38.650000000000013 449.00000000000006 4.5000000000000009 10.500000000000002 70.500000000000014 517.00000000000011 2009.5000000000002 54.486111111111121 4.5000000000000009 2018.5000000000002 57.343137254901968 1369.0000000000002 413.00000000000006 2000.5000000000002 2022.5000000000002 37.550000000000004 1369.0000000000002 551.00000000000011 6.5000000000000009 33.750000000000007 6.5000000000000009 28.500000000000004 39.050000000000004 38.500000000000007
decision_type=2 2 2 2 2 2 2 2 2 2 2 2 2 2 2 2 2 2 2 2 2 2 2 2 2 2 2 2 2 2
left_child=4 3 12 -2 22 6 11 15 26 10 -10 -4 13 21 -15 18 25 -11 -6 -7 28 -3 -1 -21 -20 -17 -9 -28 29 -5
right_child=1 2 5 20 7 19 -8 8 9 17 -12 -13 -14 14 -16 16 -18 -19 24 23 -22 -23 -24 -25 -26 -27 27 -29 -30 -31
leaf_value=0.0090014162053801694 -0.022336843645977444 0.028959534253622982 0.016291572232864992 0.015719821504463185 -0.04421721160653104 -0.056574448623972623 -0.031810133812447773 -0.040939590616351496 -0.011959412190390019 -0.012979803063645058 0.0028291624732313305 0.10384577779927054 -0.0032728512241432177 0.050567430434795148 0.012109447736580879 0.015194293524702746 0.070085265617119252 0.025277147235370164 0.051924445001907606 -0.012393933045307868 0.075402426472623241 -0.042184096214543151 0.040023077453921634 0.086287662643253493 -0.0022731870165953721 -0.028546772708362863 0.049105064176282916 0.0044323254999602199 -0.052095649638339826 -0.027996621667236883
leaf_weight=260.8227551355958 215.2179590370506 6.8264594897627857 45.549364075064659 41.095087572932243 13.221634209156035 12.015106499195097 13.182990627363322 8.8679471313953382 143.1837535649538 364.06082909554243 1235.8812489509583 3.5846495591104022 131.33673279359937 29.809050539508462 87.013960283249617 10.812328845262526 3.3837004005908957 17.791960306465626 6.8472353070974341 309.84111460670829 4.4116975981742135 13.147544423118232 24.120038479566574 2.1221219692379227 348.4430798701942 86.875252898782492 11.613848380744455 1858.460728533566 5.7190991304814807 11.696129232645033
leaf_count=1557 2892 40 391 425 122 110 247 58 1103 2480 7612 27 1357 308 823 55 24 91 46 3288 40 112 109 29 2189 600 60 9680 170 124
internal_value=-2.91342e-05 -0.00677864 -0.00285368 -0.0160136 0.00140323 -0.00942754 0.0111522 0.000694309 0.00163549 -0.00141494 0.00129371 0.0226792 0.00661717 0.0161124 0.0219225 -0.00660104 -0.0205654 -0.0111973 -0.00277104 -0.013386 0.00561438 -0.0178695 0.0116274 -0.0117227 -0.00122868 -0.0237054 0.00449431 0.00470976 0.000352334 0.00603425
internal_weight=5326.96 932.569 654.429 278.14 4394.39 386.295 62.317 4109.44 3639.86 1760.92 1379.07 49.134 268.134 136.797 116.823 469.583 101.071 381.853 368.512 323.978 62.922 19.974 284.943 311.963 355.29 97.6876 1878.94 1870.07 58.5103 52.7912
internal_count=36169 10383 6732 3651 25786 4092 665 24120 21084 11286 8715 418 2640 1283 1131 3036 679 2571 2357 3427 759 152 1666 3317 2235 655 9798 9740 719 549
is_linear=0
shrinkage=0.05


Tree=68
num_leaves=31
num_cat=0
split_feature=8 0 9 12 8 6 1 6 0 15 9 3 8 8 6 17 12 11 13 11 13 16 17 12 13 9 11 11 13 18
split_gain=19.5238 14.7332 14.9941 12.456 11.2164 10.7553 22.8236 17.9043 11.0526 14.976 10.6065 10.4507 10.1421 9.49103 9.00913 11.3034 14.0766 8.31607 8.28711 8.12013 7.65371 7.54531 7.45889 7.5579 6.83954 6.77305 6.6904 6.09081 6.00262 5.9601
threshold=38.150000000000013 2003.5000000000002 449.00000000000006 59.428968253968257 34.45000000000001 4.5000000000000009 5.5000000000000009 6.5000000000000009 2019.5000000000002 75.500000000000014 529.00000000000011 5.5000000000000009 36.350000000000001 40.45000000000001 5.5000000000000009 3.5000000000000004 56.282307692307704 62.000000000000007 57.064583333333339 13.500000000000002 55.379807692307701 1.0000000180025095e-35 1369.0000000000002 70.503125000000011 57.292857142857152 443.00000000000006 15.500000000000002 49.500000000000007 56.825757575757585 16.500000000000004
decision_type=2 2 2 2 2 2 2 2 2 2 2 2 2 2 2 2 2 2 2 2 2 2 2 2 2 2 2 2 2 2
left_child=1 10 3 11 26 8 7 -7 9 -4 21 28 -8 14 15 16 -2 -10 -6 20 -17 -1 25 -24 -13 -23 -5 -21 -3 -16
right_child=13 2 5 4 18 6 12 -9 17 -11 -12 24 -14 -15 29 19 -18 -19 -20 27 -22 22 23 -25 -26 -27 -28 -29 -30 -31
leaf_value=0.074279971618936277 0.17148394101400238 -0.01157548306066949 -0.023709206283225051 0.034343371760995507 -0.031264391980523741 0.0061333380932848429 -0.0045279915217516639 -0.011727825639079242 0.0084520066122369779 0.0021449200709987219 -0.030695690669907374 0.0035109362830600638 -0.01642806770007019 -0.04633065634915385 -0.036556319169571444 -0.023583803505602678 -0.024791912760387398 0.040456359031828072 0.043293967023233432 -0.0085202226028123565 0.038775529637475631 0.021689832495225603 0.015233798860225762 0.059889338632199474 0.063306150389960861 0.0048136884151762259 -0.0096067280976763723 -0.05255263678838254 -0.059859093533453971 0.0028620592947671965
leaf_weight=4.36545655876398 1.9884475748985999 97.346929222345352 58.230942577123642 10.064605660736559 109.05286682397127 836.48123968392611 638.07292165607214 168.58386250771582 455.95021700114012 1469.4845254980028 17.491239540278912 173.45516036823392 248.88789870962501 19.218990019522607 43.981052549555898 6.9491897244006422 1.6897698044776914 21.243049822747707 3.8587972596287718 193.51342593692243 16.854907087981701 67.187233682721853 35.353656247258186 12.944564640522001 4.9178548231720915 516.5075572617352 62.006178088486195 8.1858383342623693 6.8927434980869284 12.263367878273128
leaf_count=22 28 650 367 51 908 5109 4070 1646 2448 7975 105 1091 2092 733 922 71 28 128 33 2779 187 471 161 59 27 3213 342 198 41 214
internal_value=-3.01162e-05 0.00071597 -0.000332625 -0.00879296 -0.0188798 0.000682534 -0.00202145 0.00313741 0.00323428 0.00115946 0.00771547 -0.00219067 -0.00786724 -0.0123203 -0.0100302 -0.0056296 0.081315 0.00987673 -0.0287163 -0.00704777 0.0205708 0.00877126 0.00831876 0.0272021 0.00515953 0.00675625 -0.00346915 -0.0103073 -0.0147682 -0.0279617
internal_weight=5323.02 5018.38 4364.53 467.595 184.982 3896.93 1892.03 1005.07 2004.91 1527.72 653.85 282.613 886.961 304.645 285.426 229.182 3.67822 477.193 112.912 225.503 23.8041 636.358 631.993 48.2982 178.373 583.695 72.0708 201.699 104.24 56.2444
internal_count=36169 31009 26978 3143 1334 23835 12917 6755 10918 8342 4031 1809 6162 5160 4427 3291 56 2576 941 3235 258 3926 3904 220 1118 3684 393 2977 691 1136
is_linear=0
shrinkage=0.05


Tree=69
num_leaves=31
num_cat=0
split_feature=6 17 0 15 9 12 12 16 14 9 16 9 17 16 15 9 16 9 16 9 15 12 4 9 12 15 1 15 9 12
split_gain=12.5121 14.2785 12.136 16.8078 15.7446 12.4235 10.5483 9.20381 8.77598 8.27588 7.96316 6.85727 6.60766 7.07241 8.55986 8.18867 6.89678 6.47868 12.5257 10.9479 5.74795 5.57131 5.50146 5.23361 4.94011 8.08957 6.37644 4.56817 7.80569 4.05639
threshold=7.5000000000000009 1408.5000000000002 2003.5000000000002 379.50000000000006 439.00000000000006 19.080000000000002 127.65173611111113 37.500000000000007 44.500000000000007 497.00000000000006 1.0000000180025095e-35 547.00000000000011 1369.0000000000002 44.500000000000007 444.50000000000006 443.00000000000006 33.500000000000007 463.00000000000006 10.500000000000002 461.00000000000006 564.50000000000011 53.853125000000013 11.500000000000002 421.00000000000006 57.938541666666673 319.50000000000006 11.500000000000002 153.50000000000003 507.00000000000006 127.65173611111113
decision_type=2 2 2 2 2 2 2 2 2 2 2 2 2 2 2 2 2 2 2 2 2 2 2 2 2 2 2 2 2 2
left_child=2 8 10 4 24 7 11 -6 17 -7 -1 23 13 15 -15 -12 22 18 19 -2 -8 -18 -14 -5 26 -26 -4 28 -19 -29
right_child=1 -3 3 6 5 9 20 -9 -10 -11 12 -13 16 14 -16 -17 21 27 -20 -21 -22 -23 -24 -25 25 -27 -28 29 -30 -31
leaf_value=0.06714155230744577 0.013215106373065395 0.094165646299159467 -0.014681004107754449 -0.032566101861282136 0.014791810012477988 -0.003686899908913343 0.022883032336181296 0.07780998375223068 0.059735004694282536 0.0020059883194870165 0.019023414264574531 -0.035117682077396552 0.021503308210462341 0.027201117439216334 -0.040174600525807798 0.00089699073595481084 0.015033605122098118 -0.029885568021472676 -0.044755743004768811 0.13495578544321513 0.10284611516682185 0.060884692711913928 -0.025013979119871712 0.0047556683710693205 -0.034059901526643545 0.016022379152917557 0.025085095457983542 -0.03871019951872233 0.021307216470743545 0.036887604247494307
leaf_weight=5.3270641956478348 9.2799585703760403 2.8483034297823897 88.41071237064898 9.4714065324515087 28.318090431392193 2180.9079576861113 5.1102019101381284 7.2843688763678065 3.413399312645196 902.60352673009038 70.126518482342362 11.05655134283006 17.994172045961022 52.735932406038046 5.1768807992339125 558.68630651570857 11.884791862219574 22.335273344069719 7.7252369476482263 2.3055116701871148 4.0115832854062319 14.97049508243799 9.827424209564926 1138.7631395347416 61.066442696377635 9.2895800285041314 11.37808160483837 53.572262493893504 11.170087428763507 1.8352284207940091
leaf_count=30 92 18 675 73 159 15144 31 39 36 6114 549 72 92 313 30 4040 52 272 85 24 25 67 52 6679 537 66 76 608 107 12
internal_value=-3.0947e-05 -0.0163816 0.000328731 -0.000659482 -0.00248935 -0.00168141 0.00449188 0.0276855 -0.0192021 -0.00202048 0.00622796 0.00407046 0.00579029 0.00445837 0.0211783 0.00291849 0.0225188 -0.0216918 0.00455856 0.0374415 0.0580492 0.0405933 0.005072 0.00444781 -0.0173006 -0.0274472 -0.0101468 -0.0273931 -0.0128188 -0.0362062
internal_weight=5318.89 114.485 5204.4 4457.67 3289.26 3119.11 1168.41 35.6025 111.637 3083.51 746.73 1159.29 741.403 686.726 57.9128 628.813 54.6769 108.224 19.3107 11.5855 9.12179 26.8553 27.8216 1148.23 170.145 70.356 99.7888 88.9129 33.5054 55.4075
internal_count=36169 1254 34915 29690 22810 21456 6880 198 1236 21258 5225 6824 5195 4932 343 4589 263 1200 201 116 56 119 144 6752 1354 603 751 999 379 620
is_linear=0
shrinkage=0.05


Tree=70
num_leaves=31
num_cat=0
split_feature=8 4 3 8 8 15 7 9 9 9 7 13 11 17 13 0 8 11 9 3 3 9 0 9 0 17 12 12 12 15
split_gain=20.9084 17.9278 16.9717 15.4558 13.2648 12.6341 18.8324 23.4144 19.134 13.0611 11.4522 25.1779 14.2516 11.7714 11.5669 11.053 11.0264 11.0042 17.8711 10.4044 10.3456 9.23659 11.5253 16.1549 12.6863 10.6507 10.2072 8.84813 8.29294 9.56301
threshold=36.95000000000001 11.500000000000002 5.5000000000000009 36.150000000000013 40.45000000000001 193.00000000000003 54.250000000000007 539.00000000000011 489.00000000000006 513.00000000000011 56.250000000000007 55.885620915032682 16.500000000000004 1369.0000000000002 56.531372549019615 2020.5000000000002 33.250000000000007 21.000000000000004 531.00000000000011 6.5000000000000009 6.5000000000000009 511.00000000000006 2008.5000000000002 551.00000000000011 2018.5000000000002 1369.0000000000002 48.461458333333333 53.256250000000009 27.78948863636364 387.50000000000006
decision_type=2 2 2 2 2 2 2 2 2 2 2 2 2 2 2 2 2 2 2 2 2 2 2 2 2 2 2 2 2 2
left_child=1 3 28 10 21 9 -7 8 -8 20 12 13 14 -12 -1 -13 -14 19 -19 -11 -3 25 23 -23 -24 26 -4 -27 -2 -30
right_child=2 5 4 -5 -6 6 7 -9 -10 17 11 15 16 -15 -16 -17 -18 18 -20 -21 -22 22 24 -25 -26 27 -28 -29 29 -31
leaf_value=0.0019617666805234134 0.021145484628104956 -0.006560229749450662 0.0028643857937325954 -0.010982086193965184 -0.05159727697511618 -0.0057532484419469546 0.0075670406187747109 -0.050211307318418198 0.023345105854550133 -0.012118884146847676 0.024588769570904195 0.0051361253308891824 0.017101328148232429 0.096806771677609815 0.031832999809152572 -0.010851865143161882 -0.0080867254154339697 0.069608235789888687 -0.025002887221880939 0.041142447020338646 0.0064421803614347411 0.023839860125040444 -0.014614783690754246 0.15230339810364094 0.026738721597554246 -0.0067290981952476949 -0.010339799515122634 0.0502781372918411 -0.020651928601480317 0.0025729581541081644
leaf_weight=547.4498460367322 14.97666780091822 402.37896810099483 249.19687325879931 334.95184173062444 13.180995408445595 173.05596213042736 511.6026162430644 14.682473711669443 307.72562362998724 28.111383900046349 92.854890376329422 547.13516913354397 46.172591514885426 6.0076649338006964 34.44717001914978 134.71945434808731 736.7513664290309 20.244121350347999 6.624494493007659 13.607687525451182 246.82967022433877 44.48199088126421 53.065388035029173 2.5897651910781851 28.509932847693563 11.631209857761862 354.66114313527942 16.409523777663708 274.53404218703508 52.856318472884595
leaf_count=3024 143 2408 2255 2516 486 1037 2718 75 1537 152 504 3071 225 26 187 759 4613 110 39 72 1441 361 475 27 267 68 3514 98 3399 583
internal_value=0.000114672 0.00172927 -0.00596901 -0.000993058 -0.00186759 0.0056442 0.00925693 0.0123715 0.013493 0.000575545 0.000566385 0.00539628 -0.00219645 0.0289773 0.00373009 0.00197725 -0.00660127 0.021326 0.0462817 0.00525359 -0.0016167 -0.00100573 0.0112063 0.0309076 -0.000162059 -0.00349195 -0.00489077 0.0266317 -0.0152379 -0.0169023
internal_weight=5321.45 4205.35 1116.09 2480.49 773.727 1724.86 1007.07 834.011 819.328 717.796 2145.54 780.717 1364.82 98.8626 581.897 681.855 782.924 68.5877 26.8686 41.7191 649.209 760.546 128.647 47.0718 81.5753 631.899 603.858 28.0407 342.367 327.39
internal_count=36190 24514 11676 14925 7551 9589 5367 4330 4255 4222 12409 4360 8049 530 3211 3830 4838 373 149 224 3849 7065 1130 388 742 5935 5769 166 4125 3982
is_linear=0
shrinkage=0.05


Tree=71
num_leaves=31
num_cat=0
split_feature=8 3 8 7 9 15 11 15 11 3 13 11 8 13 7 0 0 1 9 6 1 15 13 13 16 6 12 13 13 12
split_gain=18.9574 15.5819 12.6297 12.2352 11.9906 14.5463 19.7669 20.1397 19.8115 11.497 12.2756 11.1937 13.2557 12.5901 10.9857 10.4005 16.5221 10.2472 13.3126 9.53647 9.31819 8.70502 8.80811 11.4602 9.34265 8.69606 8.38299 8.35413 9.66232 11.9539
threshold=36.95000000000001 5.5000000000000009 40.45000000000001 54.250000000000007 505.00000000000006 196.00000000000003 62.000000000000007 202.00000000000003 68.000000000000014 6.5000000000000009 57.177083333333336 33.500000000000007 35.150000000000013 54.449494949494955 55.750000000000007 2022.5000000000002 2021.5000000000002 2.5000000000000004 525.00000000000011 4.5000000000000009 10.500000000000002 695.00000000000011 54.440972222222229 54.242647058823536 1.5000000000000002 2.5000000000000004 88.205803571428589 57.343137254901968 57.677083333333336 51.57500000000001
decision_type=2 2 2 2 2 2 2 2 2 2 2 2 2 2 2 2 2 2 2 2 2 2 2 2 2 2 2 2 2 2
left_child=3 27 17 11 5 9 7 -7 -8 26 -11 12 -1 -14 15 16 -6 18 -3 25 -15 22 23 -13 -24 -19 -5 -2 29 -29
right_child=1 2 -4 4 14 6 8 -9 -10 10 -12 21 13 20 -16 -17 -18 19 -20 -21 -22 -23 24 -25 -26 -27 -28 28 -30 -31
leaf_value=0.0057457768801178399 -0.015883674439631294 0.015299730681794202 -0.051517583371953446 -0.0058263589953660823 0.021956453623351541 0.040146708549193576 0.10167198985238497 0.0022710431428487844 0.020258161181679515 0.0011552398292051912 0.04114625038332001 -0.0093338553249567319 -0.0208030465995757 0.0094531160651804245 0.0059737561260291587 -0.044271029568676679 0.11116600077951898 -0.053243719674149252 0.13180456961980788 -0.0089317959428243717 -0.016081624762774274 0.037150953946622586 -0.058149678003073905 0.093271707999767278 -0.019946334868565622 0.0036839142391842787 -0.025526914076185583 -0.058352331303513555 -0.056281727178205038 0.10682171531425916
leaf_weight=296.99295204505324 330.32804063428193 43.67989862151444 12.557056698948143 542.86976515501738 102.17999583482742 35.81616124138236 8.5385718122124654 1748.4954480826855 59.844580642879009 369.94724833965302 20.239136755466461 22.429519247263674 130.28276820108294 99.429813012480736 553.6658585332334 5.4564154744148246 5.4679336100816718 6.8254202231764785 2.5977968089282504 315.49763746932149 55.766534075140953 6.5106288865208617 22.232866797596216 3.0971655100584021 57.113618154078722 391.13956800289452 59.962980385869741 1.4370151441544274 2.1303330175578594 4.6075641233474016
leaf_count=1657 3995 393 486 3360 542 202 49 9688 407 2235 135 169 932 671 2997 31 28 56 25 3312 395 35 203 19 365 3279 394 17 32 81
internal_value=0.000106571 -0.00570314 -0.00178256 0.00164079 0.00283932 0.00142523 0.00404237 0.00303131 0.0304238 -0.00345762 0.00322959 -0.00442651 -0.00164938 -0.0093428 0.00887452 0.0230742 0.0264878 -0.000960531 0.0218397 -0.00243944 0.000277746 -0.0189493 -0.022432 0.00311533 -0.0306509 0.00270756 -0.00778595 -0.014648 0.0352831 0.0675539
internal_weight=5317.14 1110.8 772.297 4206.34 3512.48 2845.71 1852.69 1784.31 68.3832 993.019 390.186 693.856 582.472 285.479 666.77 113.104 107.648 759.74 46.2777 713.463 155.196 111.384 104.873 25.5267 79.3465 397.965 602.833 338.503 8.17491 6.04458
internal_count=36190 11676 7551 24514 20068 16470 10346 9890 456 6124 2370 4446 3655 1998 3598 601 570 7065 418 6647 1066 791 756 188 568 3335 3754 4125 130 98
is_linear=0
shrinkage=0.05


Tree=72
num_leaves=31
num_cat=0
split_feature=8 6 1 7 6 14 9 12 12 16 16 12 8 16 17 17 15 8 18 8 17 1 14 16 12 8 9 12 15 0
split_gain=17.9187 12.3193 15.2437 26.4265 15.7773 14.5023 13.8386 13.2413 10.204 10.4117 19.2273 9.9683 13.1701 10.3461 9.28469 9.10473 12.2966 8.85825 8.28064 8.30929 7.84943 8.71989 7.73989 14.9841 8.63595 7.1572 6.44857 5.53936 4.63756 4.305
threshold=39.750000000000007 4.5000000000000009 5.5000000000000009 56.250000000000007 6.5000000000000009 17.500000000000004 467.00000000000006 61.703125000000007 16.820129870129872 25.500000000000004 15.500000000000002 52.973611111111119 33.750000000000007 17.500000000000004 1253.5000000000002 657.50000000000011 98.500000000000014 33.250000000000007 11.500000000000002 35.350000000000001 1327.5000000000002 9.5000000000000018 34.500000000000007 26.500000000000004 52.27812500000001 37.750000000000007 509.00000000000006 73.306696428571442 577.50000000000011 2003.5000000000002
decision_type=2 2 2 2 2 2 2 2 2 2 2 2 2 2 2 2 2 2 2 2 2 2 2 2 2 2 2 2 2 2
left_child=1 6 3 15 5 -5 11 20 -8 10 -10 22 27 -14 -11 16 -3 -17 28 -20 25 -22 24 -24 -1 -4 -6 -13 -9 -2
right_child=29 2 7 4 26 -7 8 18 9 14 -12 12 13 -15 -16 17 -18 -19 19 -21 21 -23 23 -25 -26 -27 -28 -29 -30 -31
leaf_value=-0.00047642805338212564 -0.013751210787805236 -0.036261513637756378 -0.0030043552243944629 0.0069480756964237908 -0.015302855914593927 0.025242813998925639 0.067213062036311236 -0.024165819804949355 0.0041571968007780681 -0.0045014833833909073 0.01918145245488688 0.00056663211880978663 -0.016850994694863813 -0.0022331511961148657 0.0076321512329596206 0.031453513722754067 -0.0080698245075767061 -0.0024411135608663577 0.011591946739422793 -0.014627913002758362 -0.01333103708321714 0.026247527299679871 0.041421265343216843 -0.01194950707073425 0.039567975926208948 -0.020486379172057676 0.011329593369497955 0.033149633208885601 0.00081313595497462064 -0.047157044124612579
leaf_weight=404.7512943316251 16.447021951898932 45.811771500855684 688.16931819915771 423.43620397150517 87.941824061796069 145.56145029328763 6.6070401445031157 174.37797631882131 863.35753783024848 422.10293730348349 282.66693830117583 25.71381102502346 235.58656145818532 248.96690358407795 251.66009522229433 20.642723612487316 248.45081704296172 291.23647809401155 46.959999762475491 84.746877016499639 20.369294168427587 43.929979600012302 33.939676512032747 21.470690432935953 13.927028134465216 63.990306977182627 30.65094805508852 26.474095895886421 20.79770227894187 23.316894639283419
leaf_count=2543 374 482 4656 2740 885 853 32 1365 5205 2463 1531 118 1809 1661 1186 97 2105 1932 296 768 110 221 196 122 90 889 274 123 128 936
internal_value=9.87429e-05 0.000350842 -0.00225647 0.00146099 0.00817049 0.0116283 0.00259043 -0.00646291 0.00518826 0.00496307 0.00786293 -0.0021034 -0.00676987 -0.00934025 3.06021e-05 -0.00615007 -0.0124588 -0.000197689 -0.0149668 -0.00527924 -0.00305824 0.0137095 0.00317976 0.0207409 0.00085562 -0.00449165 -0.00841955 0.0170955 -0.0215041 -0.0333398
internal_weight=5314.06 5274.3 2437.07 1293.73 687.59 568.998 2837.22 1143.34 1826.39 1819.79 1146.02 1010.83 536.741 484.553 673.763 606.142 294.263 311.879 326.883 131.707 816.459 64.2993 474.089 55.4104 418.678 752.16 118.593 52.1879 195.176 39.7639
internal_count=36190 34880 17801 9368 4752 3593 17079 8433 10417 10385 6736 6662 3711 3470 3649 4616 2587 2029 2557 1064 5876 331 2951 318 2633 5545 1159 241 1493 1310
is_linear=0
shrinkage=0.05


Tree=73
num_leaves=31
num_cat=0
split_feature=8 4 8 15 11 16 14 9 6 16 9 0 12 8 6 16 6 7 11 0 11 16 8 14 16 15 11 15 9 15
split_gain=16.8557 14.5244 26.3133 20.1961 20.0081 17.0138 20.3185 18.7057 14.9823 16.8889 13.5276 12.8545 12.5513 12.4928 12.3183 10.8035 10.7925 9.84351 14.8711 32.2084 12.8415 9.4886 9.44475 9.3689 15.9934 8.56631 8.396 6.80805 6.42642 5.82516
threshold=40.45000000000001 11.500000000000002 36.150000000000013 318.00000000000006 16.500000000000004 23.500000000000004 22.500000000000004 485.00000000000006 4.5000000000000009 14.500000000000002 515.00000000000011 2009.5000000000002 84.137500000000017 36.650000000000013 3.5000000000000004 22.500000000000004 2.5000000000000004 56.250000000000007 43.000000000000007 2021.5000000000002 16.500000000000004 9.5000000000000018 33.250000000000007 23.500000000000004 47.500000000000007 577.50000000000011 58.000000000000007 142.50000000000003 499.00000000000006 497.50000000000006
decision_type=2 2 2 2 2 2 2 2 2 2 2 2 2 2 2 2 2 2 2 2 2 2 2 2 2 2 2 2 2 2
left_child=1 2 17 8 16 6 12 -8 9 21 11 -10 -5 -12 -6 -11 -4 20 29 -20 28 -3 -22 24 -7 -16 -25 -18 -1 -19
right_child=-2 3 4 5 14 23 7 -9 10 15 13 -13 -14 -15 25 -17 27 18 19 -21 22 -23 -24 26 -26 -27 -28 -29 -30 -31
leaf_value=0.00075591144634150126 -0.051318314660621846 0.00085709236284085854 -0.042520252087654149 0.0073937534813575375 -0.037658856761265541 0.003480241603390305 0.013186562372616298 0.041287576061899534 0.0011179845168860145 0.024434894714417833 0.030192882965414676 -0.012525795263846635 -0.045582567448210404 -0.0046363217453347432 -0.010110947578034634 0.0069624821541764224 -0.01400595599313779 0.00065224302526207894 0.059449748072089165 -0.021077500397710107 0.015478854875602396 -0.018602858676978942 -0.0077502560846214709 -0.0055958669570693297 0.060923670448617233 -0.05170128986337294 -0.065906213217160087 0.0012919432821918283 0.013688788225599749 0.011505931241107189
leaf_weight=461.22496056556702 15.896036498248575 474.31798134744167 17.73202340491116 160.94174817204475 87.313286699354649 80.267245741561055 127.57682988792658 110.52531629242003 286.53147222846746 115.40800346061587 50.012671571224928 434.29199126362801 12.015265969559549 53.062323819845915 133.76542226225138 379.03977634757757 97.696809481829405 571.96888350695372 34.249308861792088 19.479579135775566 46.536897227168083 72.172528963536024 733.01238558068871 136.76356258429587 14.271571449935434 13.64361000061035 6.0249234437942496 284.56037370115519 121.32115399092436 157.70687724649906
leaf_count=2570 703 3324 125 992 1016 455 786 661 2350 650 303 3506 69 505 1378 2199 894 3267 188 101 225 443 4613 786 76 140 37 2383 641 804
internal_value=9.17638e-05 0.000246147 -0.00224401 0.00300084 -0.0111873 0.0106022 0.0167565 0.0262309 0.000357917 0.00434508 -0.00467958 -0.00710231 0.00371351 0.012263 -0.0227759 0.0110407 -0.0043868 0.0004017 0.00486742 0.0302543 -0.00216674 -0.0017129 -0.00636354 -5.71559e-05 0.0121519 -0.0139604 -0.00814065 -0.00261787 0.00344931 0.00299808
internal_weight=5309.33 5293.43 2780.21 2513.22 634.712 648.386 411.059 238.102 1864.84 1040.94 823.898 720.823 172.957 103.075 234.722 494.448 399.989 2145.5 783.405 53.7289 1362.1 546.491 779.549 237.327 94.5388 147.409 142.788 382.257 582.546 729.676
internal_count=36190 35487 18345 17142 5936 3862 2508 1447 13280 6616 6664 5856 1061 808 2534 2849 3402 12409 4360 289 8049 3767 4838 1354 531 1518 823 3277 3211 4071
is_linear=0
shrinkage=0.05


Tree=74
num_leaves=31
num_cat=0
split_feature=8 4 8 8 18 11 0 11 8 4 15 14 9 11 16 8 15 9 7 9 9 11 9 9 13 0 9 18 16 13
split_gain=16.0212 15.0706 12.9754 12.4667 11.8541 11.8061 12.8807 16.6476 13.9554 12.8537 15.0907 15.9134 12.1328 11.3887 10.4235 9.97803 9.47901 16.7591 18.1776 15.22 10.0138 9.35981 15.1262 9.35833 12.0789 9.33477 7.73059 7.68909 7.63662 11.1377
threshold=36.95000000000001 11.500000000000002 40.45000000000001 36.150000000000013 1.5000000000000002 32.500000000000007 2003.5000000000002 27.000000000000004 39.45000000000001 11.500000000000002 340.50000000000006 15.500000000000002 473.00000000000006 15.500000000000002 34.500000000000007 35.350000000000001 193.00000000000003 539.00000000000011 54.250000000000007 489.00000000000006 513.00000000000011 21.000000000000004 531.00000000000011 497.00000000000006 54.986111111111121 2002.5000000000002 509.00000000000006 16.500000000000004 47.500000000000007 56.24038461538462
decision_type=2 2 2 2 2 2 2 2 2 2 2 2 2 2 2 2 2 2 2 2 2 2 2 2 2 2 2 2 2 2
left_child=1 3 5 4 15 6 7 -2 13 -7 14 -12 -9 -8 -11 -1 20 18 26 -20 -3 -22 -23 25 -25 -6 -18 28 -5 -30
right_child=2 16 -4 27 23 9 8 12 -10 10 11 -13 -14 -15 -16 -17 17 -19 19 -21 21 22 -24 24 -26 -27 -28 -29 29 -31
leaf_value=-0.0049538540252836334 0.001917735431723118 -0.0012776689076347571 -0.051252818685226159 -0.0086229480096885972 0.012232109380502159 -0.041929660309835477 0.00746143172232856 0.00081142286429003278 -0.046934669815912121 -0.0083968663059175008 0.13509643784247166 0.010970091494292674 0.062672191407994252 -0.0080717697175668023 -0.057838399725613214 -0.03061896759948304 -0.0028613248048983066 -0.042446716883585672 0.006782807782776336 0.020778558765572695 0.0038192028120103308 0.061928722685055809 -0.024759157209312141 0.024801526279805405 0.0041995413209762189 -0.0015561299611558993 -0.043729683226307541 -0.027447531436583662 -0.017443486767112791 0.0720168975614148
leaf_weight=282.95453242585063 193.32905232720077 645.80804184824228 15.139612967148421 262.67412492260337 136.5793676301837 41.569350531324744 148.76063676550984 12.563601858913897 20.263095213100314 42.775613395497203 3.0283133164048222 17.524103192612529 21.474087957292795 570.72816982679069 14.198850890621541 43.721971534192562 158.31180304661393 16.084571838378906 514.22082284465432 312.17779482901096 42.166576612740755 21.080453343689445 6.6100205704569808 87.42615133523941 382.06040549650788 1212.4086065627635 12.48363873362541 53.306454479694366 6.6521144360303861 7.2940960824489594
leaf_count=1544 1630 3849 703 1990 768 643 1282 139 632 519 25 176 187 5570 170 328 954 84 2718 1537 224 110 39 497 2092 7180 74 432 49 45
internal_value=8.46189e-05 0.00149096 -0.00528357 -0.0010111 0.000380547 -0.00464285 -0.0028136 0.00759468 -0.00601264 -0.0194973 -0.00746921 0.0292596 0.0398389 -0.00486014 -0.0207184 -0.00838884 0.0050728 0.00818417 0.00900083 0.0120698 0.000667548 0.0186505 0.0412354 0.00195591 0.00803597 -0.000160129 -0.00584844 -0.0100595 -0.0067087 0.0293458
internal_weight=5305.38 4204.02 1101.35 2475.08 2145.15 1086.21 967.119 227.367 739.752 119.096 77.5269 20.5524 34.0377 719.489 56.9745 326.677 1728.94 1013.28 997.194 826.399 715.665 69.8571 27.6905 1818.47 469.487 1348.99 170.795 329.927 276.62 13.9462
internal_count=36190 24514 11676 14925 12409 10973 9440 1956 7484 1533 890 201 326 6852 689 1872 9589 5367 5283 4255 4222 373 149 10537 2589 7948 1028 2516 2084 94
is_linear=0
shrinkage=0.05


Tree=75
num_leaves=31
num_cat=0
split_feature=6 1 7 8 4 8 6 3 1 15 7 16 16 16 18 0 16 12 15 15 0 15 9 9 9 15 12 0 1 9
split_gain=15.9149 17.0517 17.0684 12.6902 12.161 25.8315 17.4665 14.2912 13.6038 12.3392 12.0535 10.5236 10.2977 21.8249 9.90055 9.85742 13.9249 9.82696 9.41907 10.3619 9.27792 10.1252 9.35863 9.1932 8.32678 8.13819 8.08003 7.85975 9.80515 7.69359
threshold=4.5000000000000009 7.5000000000000009 56.250000000000007 34.250000000000007 11.500000000000002 35.550000000000004 3.5000000000000004 6.5000000000000009 5.5000000000000009 407.00000000000006 53.500000000000007 28.500000000000004 2.5000000000000004 13.500000000000002 17.500000000000004 2008.5000000000002 37.500000000000007 36.80937500000001 6.5000000000000009 30.000000000000004 2006.5000000000002 90.500000000000014 469.00000000000006 495.00000000000006 537.00000000000011 15.500000000000002 25.73721590909091 2019.5000000000002 9.5000000000000018 431.00000000000006
decision_type=2 2 2 2 2 2 2 2 2 2 2 2 2 2 2 2 2 2 2 2 2 2 2 2 2 2 2 2 2 2
left_child=4 2 20 26 5 12 8 -8 10 -10 -7 -4 18 23 25 17 -17 -13 -1 -20 21 -2 -23 -14 -15 -6 -3 -27 -29 -16
right_child=1 3 11 -5 14 6 7 -9 9 -11 -12 15 13 24 29 16 -18 -19 19 -21 -22 22 -24 -25 -26 27 -28 28 -30 -31
leaf_value=-0.061110403706504571 -0.020023082188325818 0.037698760373219231 0.0092668957295963458 -0.010838036202152936 -0.044822402798234608 0.090938095925391885 0.012480578155980436 -0.013921651543129982 -0.016686288380831287 0.0172921553714445 -0.033810509939404071 -0.025645267667835821 -0.02269163363828398 0.0050483842641082339 -0.037751042492507707 -0.028388570031401363 0.0014122804928180591 0.016792261395531492 0.081449867111840962 0.012689444226468782 -0.0083363405552044963 0.025870952566784945 -1.7469063540068899e-05 0.0086998059472412643 0.069338953966350675 0.0026671237031232892 0.00087825453431594064 0.021076039713431718 0.00056944534941180973 0.017152238538414105
leaf_weight=4.2191127613186827 33.247331352904439 16.62151837348938 575.24581100605428 729.83902415446937 8.3402166217565519 1.9707615859806527 116.49110556393862 91.521811049431562 111.3944205660373 35.149995874613523 110.88870225660503 16.370358448475599 113.17705450206995 575.65093175694346 6.5638340283185235 64.600760671310127 99.688413933850825 81.831597400829196 5.6037983968853942 246.04734791815281 534.62241327110678 59.111948650330305 85.261666482314467 29.376816585659981 5.0808792263269416 936.42954030260444 143.8212475515902 144.02461923379451 97.925596722401679 228.76891059242189
leaf_count=31 349 83 4209 5932 71 17 826 619 986 286 1190 100 622 2903 55 467 700 495 30 1284 4176 468 671 138 22 5774 824 967 563 1429
internal_value=0.000443901 -0.00252427 0.000643368 -0.00803914 0.00296885 -0.000258939 -0.00992944 0.000864089 -0.0185846 -0.00853625 -0.0316321 0.00548134 0.00435744 0.00130766 0.00625229 -0.00281465 -0.0103058 0.00971789 0.0129785 0.0142206 -0.00504703 0.00485348 0.0105822 -0.0162226 0.00561087 0.00439445 0.00469278 0.00474279 0.0127763 0.0156209
internal_weight=5308.89 2440.26 1549.98 890.282 2868.63 1446.57 467.417 208.013 259.404 146.544 112.859 837.737 979.156 723.286 1422.05 262.491 164.289 98.202 255.87 251.651 712.243 177.621 144.374 142.554 580.732 1186.72 160.443 1178.38 241.95 235.333
internal_count=36287 18474 11635 6839 17813 8954 3924 1445 2479 1272 1207 5971 5030 3685 8859 1762 1167 595 1345 1314 5664 1488 1139 760 2925 7375 907 7304 1530 1484
is_linear=0
shrinkage=0.05


Tree=76
num_leaves=31
num_cat=0
split_feature=6 12 4 7 15 14 12 18 13 17 17 9 7 18 13 4 15 12 15 6 13 14 15 17 15 12 13 7 17 17
split_gain=14.3631 12.0706 10.9335 10.3756 10.319 10.8782 10.5012 8.82945 9.64312 11.0797 10.0978 9.11962 9.93419 8.82424 8.59396 8.57168 14.2528 10.0006 8.12117 13.6372 11.2278 9.18667 8.42406 8.40949 7.52063 7.10812 6.89454 9.46218 7.40063 5.81514
threshold=4.5000000000000009 21.240909090909096 11.500000000000002 56.250000000000007 318.00000000000006 45.500000000000007 63.025625000000012 17.500000000000004 56.577380952380956 214.50000000000003 1130.0000000000002 515.00000000000011 56.750000000000007 1.0000000180025095e-35 55.839743589743598 11.500000000000002 74.500000000000014 57.627976190476197 379.50000000000006 3.5000000000000004 57.080128205128212 23.500000000000004 236.00000000000003 1207.5000000000002 15.500000000000002 25.73721590909091 54.970486111111121 53.500000000000007 934.00000000000011 1130.0000000000002
decision_type=2 2 2 2 2 2 2 2 2 2 2 2 2 2 2 2 2 2 2 2 2 2 2 2 2 2 2 2 2 2
left_child=2 -2 13 15 25 14 -7 24 11 -10 -11 12 -9 -1 -6 26 -17 -18 19 22 21 -20 -15 -21 -4 29 27 -3 -28 -5
right_child=1 3 7 4 5 6 -8 8 9 10 -12 -13 -14 18 -16 16 17 -19 20 23 -22 -23 -24 -25 -26 -27 28 -29 -30 -31
leaf_value=-0.012058526881860446 0.023183869877410761 -0.019154756014521188 -0.043816002363484124 0.013155961599455902 0.02587193368907293 -0.03971646347342813 0.02889506073920374 0.015579857582999649 -0.0050129167711706769 0.085205322030038153 -0.0068795664563779781 0.042869778415691034 -0.0089453470111748468 -0.01318889767081332 0.0057172472970625247 -0.02636955811231826 0.0074184551984207529 -0.0089838916612298442 0.014814413525626902 0.0020722324192342673 -0.024467631202513329 -0.00063485236609985875 0.00014597490436269532 0.022361263582487915 0.0044948262517647032 -0.0035937807004218767 -0.018597281559750354 0.002001719917271673 -0.0047987156656093535 0.08309576325508812
leaf_weight=142.59601236879826 45.232388271018863 71.702302600257099 8.1110620042309147 12.802557915449144 63.57070848532021 22.090650852769617 7.4600888304412356 130.0681830868125 8.0739671196788567 13.996249642223122 3.7814214490354052 20.527724983170629 60.494078842923045 271.06314806360751 314.82954358123243 49.611786953173578 279.87416663393378 139.12522149644792 245.23779764026403 329.18352366052568 27.145534278824925 158.3590616453439 210.34020928479731 60.451462088152766 1181.0278206057847 798.55393796041608 276.16174678783864 201.00763136893511 149.92566885519773 3.8705351501703253
leaf_count=885 270 698 71 74 383 133 51 863 56 80 25 120 340 1954 2053 524 2256 1212 1388 1965 139 906 1423 294 7304 6121 2238 1467 975 19
internal_value=0.000419579 -0.00240434 0.00281591 -0.0028885 0.000329535 0.00682154 -0.0223955 0.00592148 0.0147352 0.0435588 0.0656183 0.0112053 0.00779432 -0.000250329 0.00910321 -0.00626026 -0.00102834 0.00197219 0.00104313 -0.00173403 0.00665904 0.00875259 -0.00736247 0.00522005 0.0041653 -0.00291915 -0.00976877 -0.00356085 -0.013742 0.029392
internal_weight=5306.28 2435.82 2870.46 2390.59 1223.18 407.951 29.5507 1426.08 236.942 25.8516 17.7777 211.09 190.562 1444.38 378.4 1167.41 468.611 418.999 1301.78 871.038 430.742 403.597 481.403 389.635 1189.14 815.227 698.797 272.71 426.087 16.6731
internal_count=36287 18474 17813 18204 8834 2620 184 8859 1484 161 105 1323 1203 8954 2436 9370 3992 3468 8069 5636 2433 2294 3377 2259 7375 6214 5378 2165 3213 93
is_linear=0
shrinkage=0.05


Tree=77
num_leaves=31
num_cat=0
split_feature=8 8 4 1 6 13 7 13 8 8 2 7 6 0 14 1 8 6 0 9 1 8 7 6 17 2 13 17 1 12
split_gain=15.3811 12.5891 17.0214 17.2553 15.4571 14.0112 11.2704 11.2219 11.7306 11.0509 18.5743 17.288 15.2582 10.2298 11.6069 9.51256 9.09192 10.2384 8.68671 9.55056 9.24495 8.30937 8.30827 7.87269 12.4418 23.1923 9.1865 6.87367 6.44074 5.98771
threshold=38.350000000000001 34.050000000000004 11.500000000000002 10.500000000000002 3.5000000000000004 56.064583333333339 55.750000000000007 56.870833333333344 35.650000000000013 36.350000000000001 5.5000000000000009 56.250000000000007 3.5000000000000004 2007.5000000000002 12.500000000000002 11.500000000000002 33.150000000000013 3.5000000000000004 2020.5000000000002 449.00000000000006 2.5000000000000004 40.45000000000001 53.500000000000007 4.5000000000000009 65.500000000000014 5.5000000000000009 55.193750000000009 1141.5000000000002 4.5000000000000009 80.18980392156864
decision_type=2 2 2 2 2 2 2 2 2 2 2 2 2 2 2 2 2 2 2 2 2 2 2 2 2 2 2 2 2 2
left_child=1 13 9 4 5 -4 29 8 -5 18 11 -11 -12 14 -1 -9 -15 28 20 -20 -3 23 -6 24 25 -8 -26 -19 -18 -2
right_child=6 2 3 7 22 -7 21 15 -10 10 12 -13 -14 16 -16 -17 17 27 19 -21 -22 -23 -24 -25 26 -27 -28 -29 -30 -31
leaf_value=0.0096253017542984529 -0.02889156175323709 0.017043019079264789 0.014125921793107022 0.001564961022602669 -0.015077540490687156 0.057519586150247687 0.12951107739554427 -0.0097668611252634749 -0.013435080272718858 -0.009213701928196906 -0.041478799913689038 0.01974784171140459 -0.012350357491332044 0.018344013332821138 0.043824629094404162 0.084623120063485519 -0.014193446606451844 0.0014946704425479369 -0.038684052676149244 -0.0066492364446806493 -0.00081263223292910242 -0.051155541839669888 0.0045475020800214141 -0.011310220015734271 0.062027288028781741 -0.039021542915958524 -0.0038143239523211639 -0.013785986942369538 0.017120230358787826 0.01469627308210375
leaf_weight=76.106639862060547 89.557013572193682 76.606397747993469 177.44746733084321 264.38611967116594 56.119174152612686 20.780617702752352 5.6367709022015315 4.579412139952181 257.07404500618577 170.9597875457257 62.087927415966988 73.758874183520675 162.95361673459411 100.08470736443996 36.808879904448986 6.3991115689277649 18.790849804878235 307.70978280901909 26.093270059674978 214.73693661391735 1349.9056900404394 8.3152037020772678 1382.3946013972163 66.645915948785841 6.0235334541648617 3.2003261521458626 43.966020002961159 96.728779949247837 130.22388645261526 8.6390252420678717
leaf_count=365 1803 454 1004 1490 482 113 71 35 1693 1455 703 593 1422 480 161 43 85 1628 205 1319 8329 413 8752 1210 58 54 643 477 580 167
internal_value=0.000397028 0.000972786 -7.80557e-05 0.00304213 0.00558561 0.018675 -0.0121929 -0.00477664 -0.00582989 -0.00324508 -0.0100189 -0.000484613 -0.0203868 0.00687689 0.0207738 0.0452507 0.00447584 0.00196797 -0.00133662 -0.0101201 0.00014625 -0.00275125 0.00378189 0.000456557 0.0137874 0.0684775 0.00411932 -0.00215997 0.0131716 -0.0250568
internal_weight=5304.72 5072.74 4306.28 2169.18 1636.74 198.228 231.984 532.439 521.46 2137.1 469.76 244.719 225.042 766.454 112.916 10.9785 653.538 553.453 1667.34 240.83 1426.51 133.788 1438.51 125.473 58.8267 8.8371 49.9896 404.439 149.015 98.196
internal_count=36287 31868 28092 13612 10351 1117 4419 3261 3183 14480 4173 2048 2125 3776 526 78 3250 2770 10307 1524 8783 2449 9234 2036 826 125 701 2105 665 1970
is_linear=0
shrinkage=0.05


Tree=78
num_leaves=31
num_cat=0
split_feature=6 1 11 16 0 17 16 11 15 9 9 17 12 17 14 4 15 11 15 17 18 18 12 14 12 15 0 11 9 15
split_gain=12.8339 15.0334 16.6651 10.0672 25.263 15.1095 11.0829 11.2541 9.9224 9.87559 9.44606 15.5689 8.9826 8.47402 8.83092 8.38519 8.26798 9.72866 8.21052 8.96063 7.78184 7.47177 7.31296 7.29835 7.27856 7.09707 6.59372 6.51863 6.09833 5.58119
threshold=4.5000000000000009 5.5000000000000009 11.500000000000002 27.500000000000004 2007.5000000000002 96.500000000000014 33.500000000000007 62.000000000000007 6.5000000000000009 413.00000000000006 497.00000000000006 1150.5000000000002 37.452500000000008 486.00000000000006 14.500000000000002 11.500000000000002 301.00000000000006 33.500000000000007 30.000000000000004 648.00000000000011 1.0000000180025095e-35 17.500000000000004 45.959375000000009 46.500000000000007 23.056818181818183 577.50000000000011 2019.5000000000002 49.500000000000007 515.00000000000011 43.500000000000007
decision_type=2 2 2 2 2 2 2 2 2 2 2 2 2 2 2 2 2 2 2 2 2 2 2 2 2 2 2 2 2 2
left_child=8 3 24 5 13 16 7 -6 -1 -10 11 -7 -12 22 -15 18 17 -2 19 -11 -20 26 -5 -18 -3 29 -17 -8 -23 -26
right_child=1 2 -4 4 6 10 27 -9 9 15 12 -13 -14 14 -16 21 23 -19 20 -21 -22 28 -24 -25 25 -27 -28 -29 -30 -31
leaf_value=-0.040749460021822795 -0.008372380454232867 0.038415887494580428 -0.0083421767578688629 0.0011551189675198888 -0.03482288385668434 0.0066256824708468406 -0.0043780660933868095 0.054772953095564181 -0.033649540068234611 0.072640226602620386 -0.0063557472779030696 -0.026840910913930829 0.020849608543795344 0.0021803176564110047 0.032464674710862083 0.0022547275310486454 0.018471866564186843 -0.046249553109982258 -0.011218077253647599 -0.024722550991789424 0.0012470029537907227 0.011161628786365715 0.10196093434904972 -0.063125017468667374 0.066822412844938409 0.053116699211764387 0.011465383830760872 -0.03013121359868904 0.037488617748298834 -0.0028252997422585978
leaf_weight=13.117036211304365 133.57245897874236 22.627043526619673 1035.8591449335217 2.8703872449696055 67.346023198217154 418.16078948415816 199.96032225992531 3.6973306424915782 18.425587434321642 7.7763118613511306 36.252000119537115 37.90144632011652 186.08992181438953 90.419746091589332 32.805409539490938 937.478571055457 36.840822317637503 19.417029779404402 138.91071133222431 3.3948106430470943 1269.2898762524128 213.29954054392874 4.8206808604300022 2.9606534801423541 3.0204864703118792 7.1292326338589183 245.11028290260583 28.014198172837496 24.525375751778483 60.309391427785158
leaf_count=121 1250 131 8107 20 517 3024 1412 31 190 50 249 267 1382 586 192 5745 324 269 863 22 7817 1328 37 23 20 38 1534 196 143 399
internal_value=0.000375004 -0.00229915 -0.00652109 0.00136409 -0.00489659 0.00445373 -0.0129163 -0.03016 0.0026382 0.00283732 0.00796396 0.00384441 0.0164139 0.0134208 0.0102427 0.00307406 -0.0078983 -0.0131797 0.000356102 0.0430525 1.73961e-05 0.00579003 0.0643391 0.0124022 0.0137439 0.00582076 0.00416378 -0.00754269 0.0138766 0.000496513
internal_weight=5301.4 2430.07 1128.95 1301.13 429.934 871.195 299.018 71.0434 2871.33 2858.21 678.404 456.062 222.342 130.916 123.225 2839.79 192.791 152.989 1419.37 11.1711 1408.2 1420.41 7.69107 39.8015 93.0862 70.4591 1182.59 227.975 237.825 63.3299
internal_count=36287 18474 8695 9779 2991 6788 2156 548 17813 17692 4922 3291 1631 835 778 17502 1866 1519 8752 72 8680 8750 57 347 588 457 7279 1608 1471 419
is_linear=0
shrinkage=0.05


Tree=79
num_leaves=31
num_cat=0
split_feature=6 1 7 13 16 15 9 15 9 6 7 14 15 4 12 0 1 12 13 16 15 6 13 9 16 9 12 9 12 9
split_gain=11.5942 13.7956 13.7885 10.2987 10.5087 9.69916 9.59152 9.18812 9.09703 9.01397 10.8166 8.47426 8.52964 9.76979 8.30875 9.25693 7.57993 9.11144 9.88942 8.52547 8.40282 15.7997 11.1905 7.55831 7.11038 5.71241 4.95606 4.48161 4.36857 8.0594
threshold=4.5000000000000009 7.5000000000000009 56.250000000000007 56.63068181818182 26.500000000000004 263.50000000000006 545.00000000000011 6.5000000000000009 413.00000000000006 7.5000000000000009 57.250000000000007 49.500000000000007 74.500000000000014 11.500000000000002 27.149230769230773 2016.5000000000002 5.5000000000000009 56.102136752136758 57.242647058823536 34.500000000000007 379.50000000000006 2.5000000000000004 57.080128205128212 525.00000000000011 9.5000000000000018 449.00000000000006 84.137500000000017 529.00000000000011 32.583235294117657 449.00000000000006
decision_type=2 2 2 2 2 2 2 2 2 2 2 2 2 2 2 2 2 2 2 2 2 2 2 2 2 2 2 2 2 2
left_child=7 2 11 9 6 -6 -5 -1 -9 10 -4 12 -2 -14 15 23 17 19 -19 -10 21 -18 -22 25 -17 -3 -11 28 29 -16
right_child=1 14 3 4 5 -7 -8 8 16 26 -12 -13 13 -15 27 24 20 18 -20 -21 22 -23 -24 -25 -26 -27 -28 -29 -30 -31
leaf_value=-0.039840003530059544 -0.023657367158622218 0.047810814591613654 0.0092512755529761768 0.0038689437167990768 -0.025008041637799155 0.0019307814234078647 0.090862596373437923 -0.032741087240110073 0.0073481805583186753 -0.031469937155467635 0.036733713619527396 -0.05737455751782447 -0.0078207422347016491 0.0045506298317105152 0.034490217765138012 0.12466536814021781 -0.01784656514416157 -0.0059740810559471393 0.031746975293259171 -0.0070011550037922185 0.013154003219209516 0.0045139550056581259 -0.022667495785900271 0.070655973517462209 0.019219390185177349 -0.0056076550789585667 0.056045326167138233 -0.02472617394525083 -0.0066836018769328683 -0.026849977909241859
leaf_weight=12.754925561137496 50.82438210491091 5.4945817552506915 376.02596219629049 269.12105626985431 70.336742511019111 63.649406756274402 3.2062392495572558 18.000929351896048 459.57899000495672 17.291411842219535 39.570816056802869 7.4975813329219809 363.2579083731398 284.62252170965075 5.9457210376858702 2.8791962787508956 84.645357931964099 543.85696669202298 17.949193539097905 133.60548681952059 396.53415286168456 1184.440235436894 23.07074192725122 3.9319225624203673 3.5947804320603609 56.130706939846277 1.7847158443182696 41.12731839902699 705.72803991101682 53.890237944200635
leaf_count=121 536 34 2644 1938 505 411 23 190 2886 212 216 52 2735 2341 37 23 519 3594 105 802 2153 7320 123 22 28 328 22 344 5663 360
internal_value=0.000354389 -0.00219113 0.000650433 0.00497585 -0.000747082 -0.0122109 0.00489316 0.00250271 0.00269143 0.0103254 0.011868 -0.00450052 -0.00393314 -0.00238583 -0.00719434 0.00907632 0.00291573 -0.000205661 -0.00476893 0.00411622 0.00505062 0.00302256 0.0111845 0.0034436 0.0661148 -0.000844803 -0.0232822 -0.00864718 -0.0077834 -0.0207548
internal_weight=5300.35 2425.91 1547.19 840.986 406.313 133.986 272.327 2874.44 2861.68 434.673 415.597 706.202 698.705 647.88 878.723 72.0312 2843.68 1154.99 561.806 593.184 1688.69 1269.09 419.605 65.5572 6.47398 61.6253 19.0761 806.691 765.564 59.836
internal_count=36287 18474 11635 5971 2877 916 1961 17813 17692 3094 2860 5664 5612 5076 6839 435 17502 7387 3699 3688 10115 7839 2276 384 51 362 234 6404 6060 397
is_linear=0
shrinkage=0.05


Tree=80
num_leaves=31
num_cat=0
split_feature=11 11 7 12 16 13 7 11 16 16 4 0 13 15 6 18 11 16 16 15 3 13 14 1 11 16 15 0 6 15
split_gain=11.0434 17.6876 10.4831 14.65 16.9419 10.4894 9.57354 9.59638 8.03112 7.82695 15.8515 15.5237 7.23161 9.33564 6.56513 6.65282 6.83473 6.95934 7.31254 5.8615 7.37799 7.03678 5.12497 4.87863 4.43798 6.47132 6.21748 5.93492 4.15127 3.93121
threshold=16.500000000000004 19.000000000000004 54.250000000000007 67.734375000000014 47.500000000000007 54.440972222222229 55.750000000000007 44.500000000000007 34.500000000000007 25.500000000000004 11.500000000000002 2013.5000000000002 53.784615384615385 318.00000000000006 7.5000000000000009 3.5000000000000004 10.500000000000002 39.500000000000007 34.500000000000007 242.50000000000003 5.5000000000000009 57.292857142857152 20.500000000000004 11.500000000000002 15.500000000000002 30.500000000000004 230.50000000000003 2020.5000000000002 5.5000000000000009 741.50000000000011
decision_type=2 2 2 2 2 2 2 2 2 2 2 2 2 2 2 2 2 2 2 2 2 2 2 2 2 2 2 2 2 2
left_child=14 29 3 12 28 6 7 -4 -8 10 -7 -11 22 -14 15 24 17 18 -17 20 -18 -21 -3 -19 -1 27 -27 -26 -5 -2
right_child=1 2 5 4 -6 9 8 -9 -10 11 -12 -13 13 -15 -16 16 19 23 -20 21 -22 -23 -24 -25 25 26 -28 -29 -30 -31
leaf_value=-0.0095141979066900376 -0.0080891549615084175 0.031622021296138149 0.014925623881379481 -0.055476040924359385 0.096511862640937127 -0.0024425183991711279 0.050182802772555768 -0.048039295089211502 -0.0043520502272885965 0.0029455595989495535 0.011190121555411157 -0.013925973122537825 -0.014151791091840549 0.0095978321043668508 -0.013714352442277495 0.01405413263187528 -0.0068136925010405681 0.028830979567396775 -0.036697883911796729 0.0065341059537554523 0.0025921100699966924 -0.011400218524842527 -0.035097637748153977 0.089143853921695493 -0.00056974459580373085 0.038277589459992177 0.0014117652604136123 -0.038377415161599288 -0.012165514878795053 -0.023451252032162043
leaf_weight=174.49363688286394 653.12607841473073 20.163053665310148 29.601845983415842 27.573186375200748 2.1938243210315695 450.40865339897573 29.457310706377029 7.606209645047783 8.7581904605030996 355.44940816424787 404.93334960658103 221.17846758570522 141.58666377700865 58.463936334475875 62.981053766794503 92.663582235574722 266.29555834177881 13.142428144812586 7.6861511878669253 1034.7158847907558 960.47133524436504 57.746979881078005 3.3574918806552878 4.5012217685580245 103.05407172720879 20.554953699931502 25.782147582620382 11.542544811964033 6.9214825369417659 44.481489298865199
leaf_count=958 4427 146 210 232 16 3197 168 58 51 2312 2900 1475 1189 418 669 502 1969 67 43 6402 6927 329 24 21 808 145 163 70 96 279
internal_value=0.000120552 -0.00232705 0.000333556 -0.00893318 -0.038217 0.00193351 0.0201073 0.0020541 0.0376846 0.000976273 0.0040114 -0.00352589 -0.00412764 -0.00721106 0.00224846 0.00261106 0.00351967 0.0152585 0.0101669 0.00292244 0.000550383 0.00558611 0.022098 0.0442179 -0.00399092 0.00199775 0.0177653 -0.00437786 -0.0467856 -0.00906869
internal_weight=5300.89 2465.26 1767.65 260.26 36.6885 1507.39 75.4236 37.2081 38.2155 1431.97 855.342 576.628 223.571 200.051 2835.63 2772.65 2437.22 117.993 100.35 2319.23 1226.77 1092.46 23.5205 17.6436 335.427 160.934 46.3371 114.597 34.4947 697.608
internal_count=36271 17198 12492 2121 344 10371 487 268 219 9884 6097 3787 1777 1607 19073 18404 16260 633 545 15627 8896 6731 170 88 2144 1186 308 878 328 4706
is_linear=0
shrinkage=0.05


Tree=81
num_leaves=31
num_cat=0
split_feature=8 0 8 9 3 12 8 16 8 15 11 0 15 9 11 12 16 15 15 3 9 11 11 3 11 5 0 11 18 15
split_gain=11.7974 11.0911 15.0047 14.4303 12.3088 13.2297 10.1418 9.4888 9.35871 9.04533 7.94685 22.5328 11.045 10.2713 7.69329 8.53766 6.85343 8.48691 13.9273 7.00896 6.94592 10.2327 6.64572 6.02788 5.69592 7.53749 4.7595 4.3729 2.50487 5.25352
threshold=40.45000000000001 2003.5000000000002 34.250000000000007 489.00000000000006 5.5000000000000009 71.361458333333346 39.45000000000001 44.500000000000007 35.45000000000001 444.50000000000006 58.000000000000007 2017.5000000000002 395.00000000000006 465.00000000000006 21.000000000000004 31.66041666666667 34.500000000000007 283.50000000000006 248.50000000000003 6.5000000000000009 481.00000000000006 51.500000000000007 27.000000000000004 8.5000000000000018 11.500000000000002 1.0000000180025095e-35 2006.5000000000002 17.500000000000004 19.500000000000004 249.50000000000003
decision_type=2 2 2 2 2 2 2 2 2 2 2 2 2 2 2 2 2 2 2 2 2 2 2 2 2 2 2 2 2 2
left_child=1 7 10 4 5 -4 23 16 -6 14 24 12 -12 -13 27 -16 17 18 -1 -19 21 -18 -22 -5 25 -3 -26 -9 -2 -30
right_child=28 2 3 6 8 -7 -8 9 -10 -11 11 13 -14 -15 15 -17 20 19 -20 -21 22 -23 -24 -25 26 -27 -28 -29 29 -31
leaf_value=0.0060561316646117408 -0.051102394523443839 0.028160238525902277 -0.0062242397359972869 0.0009122870996567476 0.0035476743866181093 -0.021600180755255802 -0.047056602267577678 0.027883637092208424 -0.0051149435743372829 -0.038804712315863778 -0.023250408984931394 0.010950454598662316 0.05185104437774616 0.10454204446133096 -0.010973986543430176 0.079663332472136042 -0.002484519242482447 0.0056587837584363317 0.030980940433151458 -0.015745304551544173 -0.011339669878922543 0.087364688183467543 -0.057134895002345032 0.011439019046272442 0.01484511596860638 -0.0046029164273495814 0.0015690683387615603 -0.016468604169322248 -0.051664122429022769 0.15019371754917488
leaf_weight=377.58401835151017 13.412019835785028 51.165003277361393 630.60731886513531 1311.2896511591971 504.30004604533315 179.77882800623775 10.610338261350988 27.416912194341421 816.74450431577861 4.9271662160754195 17.387563228607181 4.1382745876908293 6.8142575919628134 10.05275723710656 3.2729860041290513 12.601242098957298 48.372357569634914 86.207757037132978 65.815009880810976 68.748399145901203 27.228542033582926 3.390992820262908 11.172859732061623 151.72891011089087 74.226657763123512 26.723715871572495 745.97455134987831 6.9704106375575057 0.92396030668169327 0.4950187299400568
leaf_count=2824 695 237 4707 8756 3018 1461 350 149 6391 29 96 25 30 51 21 77 305 559 407 430 167 28 76 1023 349 122 3789 44 37 18
internal_value=0.000113016 0.000237977 -0.000688905 -0.0021537 -0.00478402 -0.00963529 0.00165077 0.00589808 -0.00180805 0.0258464 0.00494992 0.0272267 -0.00210487 0.0772496 0.0321842 0.0609755 0.00429911 0.00623555 0.00975579 -0.00383743 -0.00855159 0.00340146 -0.0246638 0.00200401 0.0039976 0.0169192 0.00277053 0.0188933 -0.0444187 0.0187551
internal_weight=5300.08 5285.25 4541.54 3605.06 2131.43 810.386 1473.63 743.709 1321.04 55.1887 936.483 38.3929 24.2018 14.191 50.2616 15.8742 688.52 598.355 443.399 154.956 90.1648 51.7634 38.4014 1463.02 898.09 77.8887 820.201 34.3873 14.831 1.41898
internal_count=36271 35521 30405 25706 15577 6168 10129 5116 9409 320 4699 202 126 76 291 98 4796 4220 3231 989 576 333 243 9779 4497 359 4138 193 750 55
is_linear=0
shrinkage=0.05


Tree=82
num_leaves=31
num_cat=0
split_feature=8 11 11 8 8 0 11 18 12 14 15 0 8 12 0 15 0 3 3 9 0 18 8 8 5 8 2 9 8 8
split_gain=11.1409 10.0215 16.3723 33.9619 12.9789 12.4705 16.1602 11.9071 10.2418 11.3135 10.8946 9.36316 9.09404 9.39636 9.80632 7.78765 7.76542 7.36581 11.2086 7.07088 6.31943 6.31884 8.12983 7.88118 5.93499 5.93188 4.63499 4.56479 4.52204 4.26966
threshold=40.45000000000001 16.500000000000004 19.000000000000004 35.150000000000013 37.150000000000013 2003.5000000000002 35.000000000000007 11.500000000000002 81.947058823529417 45.500000000000007 553.50000000000011 2011.5000000000002 38.150000000000013 56.810784313725499 2003.5000000000002 340.50000000000006 2006.5000000000002 5.5000000000000009 7.5000000000000009 453.00000000000006 2007.5000000000002 3.5000000000000004 33.650000000000013 35.150000000000013 1.0000000180025095e-35 33.95000000000001 5.5000000000000009 539.00000000000011 35.350000000000001 39.350000000000001
decision_type=2 2 2 2 2 2 2 2 2 2 2 2 2 2 2 2 2 2 2 2 2 2 2 2 2 2 2 2 2 2
left_child=1 12 3 16 8 6 -6 28 9 -4 -10 -9 13 21 26 -7 24 27 20 -16 -19 22 -1 -23 -3 -18 -15 -14 -5 -20
right_child=-2 2 4 7 5 15 -8 11 10 -11 -12 -13 17 14 19 -17 25 18 29 -21 -22 23 -24 -25 -26 -27 -28 -29 -30 -31
leaf_value=0.022143940803005059 -0.044090986381325407 0.0048225147891938483 0.0046697356958101677 -0.015568437911656602 0.024017044428020353 -0.023327853681203374 -0.035927245782310206 -0.023978097899303653 -0.013674108247507949 -0.018730417266211909 0.019017861355485079 0.001417472211455864 -0.034454253694962321 0.013116563350868141 -0.0068875977357330713 0.00010105929464111036 0.0058225994566176295 0.017839919135126007 -0.014786279094379058 0.0071017585589001481 -0.0071061196541860622 0.0069166257768248128 -0.010464772191890324 -0.00074208634831204011 0.033283652369775013 -0.0080795144034780993 0.03670461670438642 0.060714852710835876 -0.040872391086433764 -0.05228230883620736
leaf_weight=21.219593666493893 14.220313965342937 62.619452655315399 1274.0079780593514 22.253108430653811 45.668743334710598 130.82744072284549 14.915278956294058 91.511445667594671 163.6383866854012 53.836417526006699 30.18483105301857 60.152436435222626 29.641122394241396 48.566624090075493 102.58514945395291 48.660802351310849 115.02509569376707 56.191368587315083 60.051144907251 755.92819177359343 46.310021109879017 520.06729611754417 192.63623019680381 948.60440841689706 25.890327911823988 230.47831296920776 36.460721474140882 1.315932311117648 85.472261664457619 8.6908917026594263
leaf_count=94 750 326 7758 153 420 1764 237 775 1057 302 155 578 665 301 698 570 571 572 816 4628 640 2671 1137 5854 150 1367 239 28 748 247
internal_value=0.000105841 0.000224797 -0.00211243 -0.00862069 0.000449159 -0.0103554 0.00925926 -0.0229343 0.00215378 0.00372099 -0.00858286 -0.0139058 0.00225368 0.00304041 0.00703431 -0.0169761 -6.61267e-05 -0.00796395 -0.00390642 0.00543015 0.00656932 0.000800674 -0.00722921 0.00196992 0.0131478 -0.00345122 0.0232314 -0.0304088 -0.0356453 -0.0195268
internal_weight=5297.63 5283.41 2455.14 693.402 1761.74 240.072 60.584 259.389 1521.67 1327.84 193.823 151.664 2828.27 2626.07 943.541 179.488 434.013 202.2 171.243 858.513 102.501 1682.53 213.856 1468.67 88.5098 345.503 85.0273 30.9571 107.725 68.742
internal_count=36271 35521 16931 4668 12263 2991 657 2254 9272 8060 1212 1353 18590 15622 5866 2334 2414 2968 2275 5326 1212 9756 1231 8525 476 1938 540 693 901 1063
is_linear=0
shrinkage=0.05


Tree=83
num_leaves=31
num_cat=0
split_feature=17 6 0 8 0 17 16 16 16 8 15 0 16 17 11 15 15 14 1 9 11 11 15 7 9 17 15 18 8 9
split_gain=13.3601 14.1961 19.3862 16.6372 12.5124 15.952 11.5999 17.7832 16.1568 11.5432 12.9557 10.892 13.8787 10.184 10.1465 10.1406 10.0942 9.97176 13.5666 9.84106 9.80547 9.60907 14.3369 13.193 9.46292 9.53781 8.16093 8.00111 7.77352 9.55672
threshold=96.500000000000014 3.5000000000000004 2017.5000000000002 34.350000000000001 2007.5000000000002 107.50000000000001 25.500000000000004 43.500000000000007 15.500000000000002 34.750000000000007 101.50000000000001 2015.5000000000002 2.5000000000000004 105.50000000000001 29.000000000000004 778.00000000000011 402.50000000000006 46.500000000000007 11.500000000000002 545.00000000000011 27.000000000000004 33.500000000000007 444.50000000000006 55.750000000000007 431.00000000000006 1073.5000000000002 383.50000000000006 3.5000000000000004 36.250000000000007 475.00000000000006
decision_type=2 2 2 2 2 2 2 2 2 2 2 2 2 2 2 2 2 2 2 2 2 2 2 2 2 2 2 2 2 2
left_child=1 2 16 -4 5 13 8 14 11 10 -7 -6 -13 -2 20 -12 -1 -11 -19 -16 -8 -3 -23 -24 -10 -26 -15 -5 29 -18
right_child=4 21 3 27 6 9 7 -9 24 17 15 12 -14 26 19 -17 28 18 -20 -21 -22 22 23 -25 25 -27 -28 -29 -30 -31
leaf_value=-0.010748066574345388 0.0058089160716844994 -0.0072795267733890131 0.10241694632131748 -0.047572974803905481 -0.006168055863698097 -0.01404046867509565 -0.0050152088413124817 0.0050123550950369865 -0.03713279116792665 0.0029602530550349913 0.015045111520995847 0.0083934380820155936 -0.0053850965191490864 0.12490383132854499 -0.016633276867926147 0.062798781853998467 0.010242838078277769 -0.036628038711609211 0.04604203282616301 0.052480694712968158 0.048324561455465917 -0.040160853513886575 -0.047145896384644365 0.05181011363588181 0.014104292175201824 -6.8228964837799543e-06 0.038483995957227575 0.032142176162181603 -0.032542387122704602 0.10008706448912595
leaf_weight=75.670547368004918 7.259599221870304 520.523636482656 8.2792916893959028 3.6388838067650822 590.45404143445194 38.090963795781136 654.40534241963178 380.56620195414871 10.941367482766507 958.12250013742596 248.32359848171473 456.78477272484452 304.65391115006059 5.5293511971831322 292.931790266186 11.638136841356753 6.2279753088951093 31.17321864888072 5.9022738374769679 5.2426917674019924 8.7309613898396474 50.806343414820731 5.2731979284435502 9.3235724717378599 393.85116413421929 172.06134397257119 5.3994852006435394 23.325476553291082 3.4274647869169703 5.6404730379581451
leaf_count=643 62 4499 43 28 4106 200 4215 2372 75 6773 1177 3101 2094 33 2093 51 35 204 33 34 54 584 44 61 2327 1055 33 186 29 27
internal_value=9.84102e-05 -0.00627282 0.00893779 0.0404203 0.00108862 0.00521483 -0.000565891 -0.00413585 0.00191782 0.00456085 0.0131926 -0.0010715 0.0028806 0.0517143 -0.00775747 0.017183 -0.00325966 0.00197571 -0.0234673 -0.0154181 -0.00431293 -0.00954922 -0.0276131 0.0160615 0.00892346 0.00981392 0.0822074 0.0213845 0.0337863 0.0529413
internal_weight=5294.2 712.137 126.21 35.2437 4582.06 1311.44 3270.62 1341.88 1928.75 1293.25 298.053 1351.89 761.439 18.1884 961.311 259.962 90.9665 995.198 37.0755 298.174 663.136 585.927 65.4031 14.5968 576.854 565.913 10.9288 26.9644 15.2959 11.8684
internal_count=36271 6179 991 257 30092 8566 21526 8768 12758 8438 1428 9301 5195 128 6396 1228 734 7010 237 2127 4269 5188 689 105 3457 3382 66 214 91 62
is_linear=0
shrinkage=0.05


Tree=84
num_leaves=31
num_cat=0
split_feature=17 6 0 8 0 17 8 3 13 17 8 13 15 9 1 3 6 15 15 7 13 8 15 8 3 6 8 17 13 14
split_gain=12.1233 12.8612 17.0827 14.1962 11.2662 14.0144 11.3505 12.206 10.987 13.3057 10.3664 17.911 11.6416 10.0938 9.23885 10.8093 9.52287 9.06062 9.00709 8.97959 8.74025 8.60524 8.46443 8.23277 12.4718 8.13985 7.72861 7.23235 7.22527 7.16098
threshold=96.500000000000014 3.5000000000000004 2017.5000000000002 34.45000000000001 2007.5000000000002 107.50000000000001 36.550000000000004 8.5000000000000018 54.806250000000006 105.50000000000001 34.750000000000007 56.781746031746039 101.50000000000001 495.00000000000006 3.5000000000000004 5.5000000000000009 5.5000000000000009 402.50000000000006 778.00000000000011 57.250000000000007 56.861904761904761 38.750000000000007 626.50000000000011 33.750000000000007 5.5000000000000009 4.5000000000000009 13.65 1369.0000000000002 54.661458333333336 48.500000000000007
decision_type=2 2 2 2 2 2 2 2 2 2 2 2 2 2 2 2 2 2 2 2 2 2 2 2 2 2 2 2 2 2
left_child=1 2 17 -4 5 8 13 14 -2 25 12 19 -7 23 15 -8 -16 -1 -14 -12 -13 27 -15 29 -25 -10 -3 -9 -5 -6
right_child=4 26 3 28 6 10 7 21 9 -11 11 20 18 22 16 -17 -18 -19 -20 -21 -22 -23 -24 24 -26 -27 -28 -29 -30 -31
leaf_value=-0.010282901252402457 -0.021170576331758072 0.047337513589483932 0.090325201309908593 0.071253832783267301 0.0081011956157509557 -0.013416024114723035 -0.018121492745205105 0.0082879940036824831 -0.060976613052318808 0.10833910865921817 0.0035673033582739331 -0.054385918663120481 0.014229232154782796 0.0081602125256048739 -0.0077850033870328116 0.016703129351278764 -0.024651048024832346 0.031778304440391418 0.058997921243939301 0.034667660626085534 -0.011273666967137757 -0.040845721756308108 -0.0084315226248350798 -0.0078796284455248493 0.0015708194309758097 0.06128201509174154 -0.0097223527173660538 0.060627661941037206 0.0058701244122216579 -0.051865053288464538
leaf_weight=75.152499009855092 4.377985933795574 5.9962044209241858 9.426706947386263 5.2751913173124221 271.14381851255894 37.876310966908932 32.697084363549948 124.87786193937063 2.3725356087088558 8.6231088861823082 846.85661451518536 13.129369609057902 249.40527251362801 634.50645549595356 496.74409549217671 69.958166436292231 100.64887726772577 15.432973982766269 11.765055209398268 23.863513646647334 112.39462838601321 8.5017004758119565 87.46592365950346 605.28038355335593 824.89549417793751 3.1945962905883789 576.14849731419235 6.9685113728046408 21.229421937838197 5.0716231018304816
leaf_count=643 33 25 48 44 1322 200 359 919 19 49 6027 75 1177 3403 4219 613 1389 91 51 138 770 229 432 3725 4854 27 5163 36 165 26
internal_value=9.1593e-05 -0.00599448 0.00845433 0.0376264 0.00103275 0.00494313 -0.000539005 -0.00554743 0.0480734 0.0694366 0.00432485 0.00187417 0.0124891 0.00119429 -0.00824551 0.00561102 -0.0106266 -0.00311697 0.0162459 0.00441966 -0.0157831 0.00791043 0.00615015 -0.000902532 -0.00242881 0.00917925 -0.00913462 0.0110543 0.0188834 0.00700015
internal_weight=5291.28 708.661 126.517 35.9313 4582.62 1313.86 3268.76 840.396 18.5682 14.1902 1295.29 996.244 299.047 2428.36 700.048 102.655 597.393 90.5855 261.17 870.72 125.524 140.348 721.972 1706.39 1430.18 5.56713 582.145 131.846 26.5046 276.215
internal_count=36271 6179 991 257 30092 8566 21526 7764 128 95 8438 7010 1428 13762 6580 972 5608 734 1228 6165 845 1184 3835 9927 8579 46 5188 955 209 1348
is_linear=0
shrinkage=0.05


Tree=85
num_leaves=31
num_cat=0
split_feature=11 8 6 8 14 11 11 11 13 8 11 14 0 7 5 13 13 17 6 9 14 8 18 16 1 14 16 8 5 8
split_gain=12.8323 12.5174 10.017 10.8212 10.1609 11.4015 11.2046 9.29331 7.78489 7.74791 9.77573 26.7166 6.84869 6.09778 8.53783 9.60912 8.44226 7.17827 7.08092 5.55314 5.07899 4.67476 6.63586 4.49045 8.22184 4.37111 4.18159 6.72264 5.814 3.968
threshold=10.500000000000002 38.050000000000004 6.5000000000000009 33.150000000000013 44.500000000000007 16.500000000000004 62.000000000000007 39.500000000000007 54.486111111111121 40.45000000000001 35.000000000000007 22.500000000000004 2003.5000000000002 57.250000000000007 1.5000000000000002 53.348484848484858 57.343137254901968 57.000000000000007 8.5000000000000018 447.00000000000006 9.5000000000000018 34.150000000000013 3.5000000000000004 39.500000000000007 11.500000000000002 41.500000000000007 19.500000000000004 32.850000000000001 1.0000000180025095e-35 35.250000000000007
decision_type=2 2 2 2 2 2 2 2 2 2 2 2 2 2 2 2 2 2 2 2 2 2 2 2 2 2 2 2 2 2
left_child=21 2 3 8 6 -6 -5 9 -2 10 12 -12 -3 14 15 -4 18 -16 -15 -18 -10 26 -23 25 29 -24 27 -1 -28 -25
right_child=1 7 13 4 5 -7 -8 -9 20 -11 11 -13 -14 16 17 -17 19 -19 -20 -21 -22 22 23 24 -26 -27 28 -29 -30 -31
leaf_value=0.00062864828325973423 -0.042139145372992085 0.0028200070294437055 0.046245211053341152 0.00047697477831010567 0.0010256784678062431 -0.022504871112402552 0.015796791851253347 -0.046257568052168067 0.011648395615344717 -0.047023696014447322 -0.0065481630388617238 0.234354911710453 -0.013697573828796753 0.036205202955609243 0.077021336008880018 -0.017214925946336605 0.065063191221796213 0.0036277765007834842 -0.043434162176039876 -0.01850769051752953 0.036923936925379354 -0.031868111395680111 0.0049437243628862341 0.047839568454088904 0.096940613997420086 0.052584414428073448 0.035778631942364011 0.056185621135999952 -0.024021369124559145 -0.017394664792666093
leaf_weight=7.5765684247016933 5.0502090454101554 97.484417816624045 6.1374569013714781 4133.084546957165 105.5614419169724 100.48302011936903 122.90082104131579 16.922501080669463 49.451192602515221 12.27574137970805 4.3531817663460961 1.5645271074026821 176.15875956788659 23.407836981117729 3.8001353442668941 212.48168577253819 2.1469077244401005 27.016870494931936 3.1689492873847476 26.819042924791574 33.232072874903679 9.1294945180416089 71.353858156129718 4.3807474076747877 4.2560899704694739 5.1631625555455676 8.9176015257835406 19.354765251278877 7.4687163531780234 4.9823005888611078
leaf_count=37 23 1062 54 24586 567 614 883 518 232 669 113 30 3046 170 57 2284 12 277 29 208 144 52 421 21 19 28 38 86 34 30
internal_value=-6.39645e-05 -0.000472564 0.000148278 0.000736303 0.000394379 -0.0104496 0.000919368 -0.0102343 0.0181262 -0.00814546 -0.00643828 0.0571419 -0.00781324 -0.00862406 -0.0119603 -0.0154334 0.00635854 0.0126782 0.0267092 -0.0123136 0.0218071 0.014733 0.00875239 0.0128667 0.0393193 0.00815839 0.0284381 0.0405558 0.0085224 0.0131269
internal_weight=5306.08 5163.5 4854.74 4549.76 4462.03 206.044 4255.99 308.759 87.7335 291.837 279.561 5.91771 273.643 304.979 249.436 218.619 55.5427 30.817 26.5768 28.966 82.6833 142.583 99.2657 90.1362 13.6191 76.517 43.3177 26.9313 16.3863 9.36305
internal_count=36344 35578 30140 27049 26650 1181 25469 5438 399 4920 4251 143 4108 3091 2672 2338 419 334 199 220 376 766 571 519 70 449 195 123 72 51
is_linear=0
shrinkage=0.05


Tree=86
num_leaves=31
num_cat=0
split_feature=11 6 2 7 9 13 13 15 4 11 16 0 11 16 3 15 9 12 12 7 16 12 9 15 15 6 3 13 16 15
split_gain=11.539 11.1757 9.85954 15.0668 8.534 7.93777 7.52086 7.25723 7.1263 9.33014 16.9145 10.5284 7.03874 7.00133 6.81241 6.99484 5.96498 7.78832 11.6875 7.83149 6.13656 6.20307 4.8909 4.74762 4.06204 4.04317 6.5882 3.85193 4.95619 3.50825
threshold=10.500000000000002 6.5000000000000009 5.5000000000000009 56.250000000000007 439.00000000000006 54.092329545454554 55.485294117647065 23.500000000000004 11.500000000000002 62.000000000000007 11.500000000000002 2009.5000000000002 14.500000000000002 49.500000000000007 8.5000000000000018 407.00000000000006 499.00000000000006 46.897321428571438 44.740625000000009 56.750000000000007 14.500000000000002 42.972222222222221 469.00000000000006 538.50000000000011 369.50000000000006 7.5000000000000009 6.5000000000000009 56.105555555555569 39.500000000000007 108.00000000000001
decision_type=2 2 2 2 2 2 2 2 2 2 2 2 2 2 2 2 2 2 2 2 2 2 2 2 2 2 2 2 2 2
left_child=23 2 3 6 24 -6 12 25 14 11 -11 -10 -2 -8 15 -4 20 18 -18 -19 22 -22 -9 27 -5 26 -3 -1 -29 -16
right_child=1 7 8 4 5 -7 13 16 9 10 -12 -13 -14 -15 29 -17 17 19 -20 -21 21 -23 -24 -25 -26 -27 -28 28 -30 -31
leaf_value=0.003416366386271619 -0.0069504022437908639 0.019479905796720567 -0.0083425237026517034 -0.040648936326620914 0.049188113214331669 0.007760412797593254 -0.0049654339860567206 -0.0096417083842027726 0.0066046538034857556 -0.055788337665181945 0.10420958932003675 -0.0033205858046359187 0.0046598167665601554 0.066501112365985979 -0.015482796428993648 0.00016194013481688453 0.0038811457513308772 -0.033467229561901672 0.075433333284543394 0.00073624725398232897 0.011230420579497902 -0.015895375271946621 -0.032498281721302667 0.03800518229922966 0.022018682353103544 0.0020262311293476674 0.14542682440939922 0.015722316883794604 0.065842210339198376 0.0094735443453153618
leaf_weight=75.751045789569616 160.42547877691686 2.602888750843702 821.38213656283915 13.045539088547232 11.722326710820196 848.74994579795748 657.66573511529714 36.061440056189895 427.81143316626549 2.3785072714090338 5.4068681187927723 711.65473303664476 700.8313863100484 3.4449556879699221 16.115344319492579 342.64190413523465 36.570869146846235 26.3826116444543 6.7623884938657275 45.769259600900114 31.647247943095863 63.092529320158064 66.686008164659142 17.934634761884809 3.2250733263790599 4.4955785199999809 1.7274017184972761 43.778266180306673 5.5588261522352687 111.61700414773077
leaf_count=407 906 32 5681 95 57 5304 4450 456 2989 37 51 4529 4920 24 117 2015 331 345 75 479 285 724 836 86 18 38 22 246 27 762
internal_value=-6.25035e-05 -0.000450813 0.000149308 0.00242515 0.00764645 0.00832479 -0.000581843 -0.00947341 -0.0020893 0.000778548 0.0553287 0.000405835 0.00249719 -0.00459303 -0.00463633 -0.00583915 -0.0107343 -0.00170766 0.0150473 -0.0117704 -0.0160129 -0.00683417 -0.0244763 0.0139468 -0.0282273 0.03524 0.0697216 0.0104974 0.0213693 0.00632493
internal_weight=5302.94 5159.92 4838.12 2399.11 876.743 860.472 1522.37 321.798 2439.01 1147.25 7.78538 1139.47 861.257 661.111 1291.76 1164.02 312.972 115.485 43.3333 72.1519 197.487 94.7398 102.747 143.023 16.2706 8.82587 4.33029 125.088 49.3371 127.732
internal_count=36344 35578 31955 15774 5474 5361 10300 3623 16181 7606 88 7518 5826 4474 8575 7696 3531 1230 406 824 2301 1009 1292 766 113 92 54 680 273 879
is_linear=0
shrinkage=0.05


Tree=87
num_leaves=31
num_cat=0
split_feature=8 11 4 8 11 6 12 16 12 13 6 12 12 16 16 9 11 0 12 12 13 7 1 17 0 11 8 6 0 8
split_gain=11.5546 10.672 9.69176 16.4542 15.0267 12.8981 9.27919 9.04332 14.6996 9.31382 8.20632 7.99468 10.1504 7.98712 14.8404 10.4829 7.30776 6.54121 12.2628 26.97 7.97696 13.2842 8.57102 13.0791 9.8771 6.87774 7.61274 5.49831 17.0606 5.48524
threshold=38.750000000000007 10.500000000000002 11.500000000000002 35.95000000000001 16.500000000000004 2.5000000000000004 58.982986111111117 43.500000000000007 40.789999999999999 54.25833333333334 6.5000000000000009 77.108750000000015 75.185555555555581 34.500000000000007 37.500000000000007 483.00000000000006 31.000000000000004 2003.5000000000002 34.555902777777781 34.413541666666667 55.677083333333336 54.250000000000007 3.5000000000000004 225.00000000000003 2002.5000000000002 15.500000000000002 39.350000000000001 3.5000000000000004 2002.5000000000002 39.350000000000001
decision_type=2 2 2 2 2 2 2 2 2 2 2 2 2 2 2 2 2 2 2 2 2 2 2 2 2 2 2 2 2 2
left_child=1 -1 3 11 5 -5 -6 13 9 -9 -10 12 -3 15 -15 -4 -13 20 19 25 21 -2 23 -23 -24 26 -19 28 -22 -20
right_child=17 2 7 4 6 -7 -8 8 10 -11 -12 16 -14 14 -16 -17 -18 18 29 -21 27 22 24 -25 -26 -27 -28 -29 -30 -31
leaf_value=0.013891228350450802 -0.031259762696934507 0.0011260188164337974 -0.0010683123137046749 -0.042147484395853627 -0.010522945897199555 -0.00072716274771427781 -0.029480067159592838 0.057785592530891987 0.01964218140110606 -0.017250819460371415 -0.056136371337893648 -2.5604775560804574e-05 0.029241556196732871 -0.023431064505586838 0.0016890851355948759 0.0063862681147871239 -0.013989120534959043 0.099276364598908817 -0.019331627072594094 0.29821451764918194 -0.054255504627866914 0.015307331102612971 -0.0082220858315302861 0.17121781329056365 0.072544387483358924 -0.052334857661540703 -0.028473372310509955 -0.037394008923124215 0.17319812122134073 -0.047936915560312932
leaf_weight=140.76465057581663 10.984934471547602 1546.2476283945143 1035.907427130267 19.774583030492067 162.3452958650887 379.34116921760142 107.16014383919537 4.5003002658486357 182.11117181181908 51.010807536542416 3.64418876543641 205.65885785222054 32.782420836389065 90.029413696378469 169.47153408080339 865.72191044315696 172.11541386693716 2.5906892269849742 41.304841131903231 0.85626565665006715 2.1926519237458733 2.7769389189779785 11.441552106291057 2.6088492833077908 5.6569079980254164 3.3024422600865364 2.1208354849368334 17.135331572964787 1.3211709298193457 28.200871678069234
leaf_count=719 219 8861 6915 138 1580 2939 1181 23 998 259 45 1228 217 593 1057 5372 1029 36 852 30 41 38 173 26 78 97 70 282 26 1222
internal_value=-6.09428e-05 0.000312804 -6.73526e-05 -0.00216728 -0.00893889 -0.00277937 -0.0180606 0.00222752 0.0114088 -0.0111676 0.0181555 0.000146516 0.00170973 0.00120253 -0.00702592 0.00232541 -0.00638744 -0.0146408 -0.0238725 0.0314901 -0.00127114 0.0138069 0.0358247 0.0908296 0.0184989 0.00299153 0.0417714 -0.0257104 0.0312653 -0.0309378
internal_weight=5301.08 5168.59 5027.82 2625.43 668.621 399.116 269.505 2402.4 241.266 55.5111 185.755 1956.8 1579.03 2161.13 259.501 1901.63 377.774 132.494 78.3759 8.87023 54.1183 33.4692 22.4842 5.38579 17.0985 8.01397 4.71152 20.6492 3.51382 69.5057
internal_count=36344 33154 32435 17173 5838 3077 2761 15262 1325 282 1043 11335 9078 13937 1650 12287 2257 3190 2307 233 883 534 315 64 251 203 106 349 67 2074
is_linear=0
shrinkage=0.05


Tree=88
num_leaves=31
num_cat=0
split_feature=8 11 6 8 4 8 0 9 9 17 8 9 11 9 7 8 13 6 16 13 17 17 17 17 0 13 9 9 9 0
split_gain=11.0679 9.40611 11.2268 9.34357 10.7416 12.7917 8.63771 7.04432 14.9586 7.29816 6.20122 6.48279 10.4642 6.51462 5.4571 5.23629 10.2814 8.09237 6.76211 4.04238 4.59798 3.72036 3.66271 5.10267 5.65648 4.48992 2.93863 4.73139 2.78702 0.604355
threshold=40.45000000000001 11.500000000000002 6.5000000000000009 33.250000000000007 11.500000000000002 36.250000000000007 2009.5000000000002 465.00000000000006 471.00000000000006 1141.5000000000002 37.550000000000004 517.00000000000011 37.500000000000007 435.00000000000006 54.250000000000007 35.050000000000004 54.986111111111121 2.5000000000000004 27.500000000000004 56.815340909090914 67.500000000000014 55.500000000000007 19.500000000000004 908.00000000000011 2006.5000000000002 54.90767045454546 475.00000000000006 469.00000000000006 541.00000000000011 2013.5000000000002
decision_type=2 2 2 2 2 2 2 2 2 2 2 2 2 2 2 2 2 2 2 2 2 2 2 2 2 2 2 2 2 2
left_child=1 14 3 7 5 -5 -6 9 -9 -3 11 13 -13 -4 22 19 18 -18 -17 21 -21 -16 29 25 -25 -24 27 -12 -28 -1
right_child=-2 2 10 4 6 -7 -8 8 -10 -11 26 12 -14 -15 15 16 17 -19 -20 20 -22 -23 23 24 -26 -27 28 -29 -30 -31
leaf_value=-0.061068751062992158 -0.047064189423293712 0.01012877162941229 0.050385930975610851 -0.00074592681562250915 0.0060605087123858214 -0.010020418122674997 -0.00022436806253399384 0.066698419777564869 0.011894610691001412 -0.040161476742582171 -0.029307855889467618 0.019426859181799344 -0.058267533252120397 -0.011876351464168173 0.05305672955626143 0.064718314396262563 -0.061929790538561173 0.0010743244685690451 0.0011511911675214221 0.0084806694486925932 0.052205709603065954 0.011860164004003337 -0.0039716983349356305 0.025107866594630109 -0.047649806779583324 0.039267079469629818 -0.045696364191702164 0.054115916330340512 0.034940980236487722 -0.028308128816596098
leaf_weight=2.8725117631256571 12.494450613856314 23.378798693418503 4.2804657854139796 1766.9354392886162 880.07110379077494 470.85593525134027 1443.2075689081103 15.117315158247946 70.597724951803684 10.433780595660208 6.2997130425646919 37.714000649750233 4.8964473977684966 227.0333595443517 5.7829984799027434 10.462100287899377 5.3815242275595656 96.251298112794757 6.9714687820523968 9.5511125177145022 16.227588102221489 104.69157826900482 17.881552069447938 3.7061687149107447 9.5672062113881093 9.0386938452720624 20.120385868474845 2.3275688923895359 1.131812835112213 2.7607327252626419
leaf_count=23 732 111 36 10109 6004 4506 9384 69 321 48 148 329 49 2336 29 64 37 571 41 48 77 487 110 19 53 55 459 48 23 18
internal_value=-6.05863e-05 5.0525e-05 -0.000467932 0.000136625 -0.000225015 -0.00269738 0.00215638 0.0139365 0.0215602 -0.00538964 -0.00978213 -0.00742283 0.0104988 -0.0107242 0.00863172 0.0114833 0.00382344 -0.00226178 0.0392986 0.0181769 0.0360054 0.0140167 -0.00725536 -0.00196346 -0.0273345 0.0105461 -0.0314113 -0.00680082 -0.0414019 -0.0450135
internal_weight=5298.04 5285.55 4984.4 4680.6 4561.07 2237.79 2323.28 119.528 85.715 33.8126 303.804 273.924 42.6104 231.314 301.147 255.32 119.066 101.633 17.4336 136.253 25.7787 110.475 45.8269 40.1936 13.2734 26.9202 29.8795 8.62728 21.2522 5.63324
internal_count=36344 35612 33980 30552 30003 14615 15388 549 390 159 3428 2750 378 2372 1632 1354 713 608 105 641 125 516 278 237 72 165 678 196 482 41
is_linear=0
shrinkage=0.05


Tree=89
num_leaves=31
num_cat=0
split_feature=8 11 6 8 15 12 4 8 0 15 15 17 9 12 16 15 17 17 8 8 0 16 5 12 9 12 1 0 15 17
split_gain=10.4742 8.52572 9.01353 9.36531 9.17488 9.13112 8.54343 14.0904 7.86521 6.55534 5.97013 5.67687 5.37814 7.13047 5.2004 4.16823 8.06978 5.21243 4.67366 5.6665 6.06947 3.96432 3.17831 9.36396 6.22916 0.767802 1.74668 0.000354517 0.000147114 4.19586e-05
threshold=40.45000000000001 10.500000000000002 6.5000000000000009 33.150000000000013 379.50000000000006 89.089583333333351 11.500000000000002 36.250000000000007 2009.5000000000002 10.500000000000002 3.5000000000000004 349.00000000000006 499.00000000000006 46.897321428571438 14.500000000000002 538.50000000000011 440.00000000000006 934.00000000000011 35.050000000000004 37.150000000000013 2001.5000000000002 5.5000000000000009 1.0000000180025095e-35 22.147008547008546 501.00000000000006 82.698263888888917 3.5000000000000004 2003.5000000000002 363.00000000000006 365.00000000000006
decision_type=2 2 2 2 2 2 2 2 2 2 2 2 2 2 2 2 2 2 2 2 2 2 2 2 2 2 2 2 2 2
left_child=1 15 3 4 5 -3 7 -5 -8 10 -4 -6 14 -14 -11 18 -17 -18 22 20 -20 -21 24 -24 -1 27 -27 28 29 -2
right_child=25 2 9 6 11 -7 8 -9 -10 12 -12 -13 13 -15 -16 16 17 -19 19 21 -22 -23 23 -25 -26 26 -28 -29 -30 -31
leaf_value=0.034322785832116405 -0.05112370339037671 0.013382731526040269 -0.016063447318880267 -0.00023090143892855812 0.084171736286707002 -0.042868018807039214 0.0056991997777224813 -0.0098299128894833096 -0.00020605502611601982 -0.022364867321230792 0.08913954005878566 0.028587906335304954 0.014961292178868421 -0.010636681335981035 -0.0060038065445470086 0.08498266207853776 -0.02388540285108683 0.040840249025243025 0.042146288491624585 -0.0066241762300661882 -0.017815479656752876 0.048255173898238121 0.059833426649310142 -0.015207768242023481 -0.0099019370999765231 0.080416765373523824 -0.050888877669916489 -0.05076779043242087 -0.052164413357118869 -0.05151782868264148
leaf_weight=37.070140562951565 2.1737244073301545 53.121700406074524 2.3090607970952979 1865.5904945544899 5.8883471041917828 8.3483155667781812 912.4612577566877 480.84035269171 1475.9136754898354 101.20642404351383 3.2419204227626324 20.89079824090004 43.936582061462104 71.438585486263037 93.381824352778494 5.5019357725977924 5.5441084504127485 7.0860701259225607 4.7564890012145034 5.5347596537321797 37.436662651598454 8.1163288783282024 5.4176327884197262 17.868436984717846 10.140372626483439 0.37600598204880842 0.77591497357934713 7.131352998316288 0.50618136674165715 0.97962382994592179
leaf_count=173 107 246 22 10595 25 41 6167 4603 9555 1281 31 87 398 811 993 26 26 33 24 48 212 57 26 87 45 11 51 511 15 37
internal_value=-5.89126e-05 4.68199e-05 -0.000289975 0.00024563 0.0163842 0.00574325 -5.51674e-05 -0.00219797 0.00205 -0.00847741 0.0453779 0.04081 -0.00944188 -0.000888592 -0.0145133 0.0120258 0.034444 0.0124285 0.00880844 -0.00199648 -0.0110559 0.0260046 0.0173676 0.00225098 0.0248237 -0.046831 -0.00802855 -0.0509731 -0.0513732 -0.0512461
internal_weight=5294.99 5283.04 5138.57 4823.05 88.2492 61.47 4734.81 2346.43 2388.37 315.514 5.55098 26.7791 309.963 115.375 194.588 144.473 18.1321 12.6302 126.341 55.8442 42.1932 13.6511 70.4966 23.2861 47.2105 11.9428 1.15192 10.7909 3.65953 3.15335
internal_count=36344 35612 34855 31319 399 287 30920 15198 15722 3536 53 112 3483 1209 2274 757 85 59 672 341 236 105 331 113 218 732 62 670 159 144
is_linear=0
shrinkage=0.05


Tree=90
num_leaves=31
num_cat=0
split_feature=17 17 7 13 6 17 9 6 0 9 0 9 8 7 13 14 9 8 13 12 16 8 4 7 13 4 7 9 9 15
split_gain=12.4224 20.0513 11.5487 10.4618 11.9461 11.2879 23.4414 9.91658 9.50834 8.63927 10.993 11 9.88744 9.52421 12.7328 9.08152 9.05547 9.38476 7.39522 6.8863 6.25778 6.1934 6.47556 7.47982 5.88028 5.72641 5.56023 5.55748 5.5266 7.91165
threshold=117.50000000000001 158.00000000000003 53.500000000000007 56.394444444444453 4.5000000000000009 144.50000000000003 459.00000000000006 3.5000000000000004 2018.5000000000002 495.00000000000006 2003.5000000000002 459.00000000000006 38.650000000000013 57.250000000000007 57.064583333333339 30.500000000000004 427.00000000000006 35.350000000000001 55.63068181818182 108.73437500000001 1.0000000180025095e-35 34.350000000000001 11.500000000000002 55.750000000000007 56.541958041958047 11.500000000000002 56.750000000000007 515.00000000000011 507.00000000000006 118.50000000000001
decision_type=2 2 2 2 2 2 2 2 2 2 2 2 2 2 2 2 2 2 2 2 2 2 2 2 2 2 2 2 2 2
left_child=7 2 -2 5 27 18 -7 8 -1 10 11 24 13 15 -15 -11 -12 -18 -4 28 -13 -10 -23 -24 -3 -6 -14 -5 -9 -30
right_child=1 9 3 4 25 6 -8 19 21 12 16 20 26 14 -16 -17 17 -19 -20 -21 -22 22 23 -25 -26 -27 -28 -29 29 -31
leaf_value=-0.0024185994431413027 -0.041778456740254113 -0.0019257441391757767 0.0069410694931756169 -0.037540888036717984 0.009048176468218757 0.15129687143263551 0.034636364904853702 -0.010383056707584291 0.066603806667722615 0.0042503970345714589 -0.022598897589604483 0.077051789520609093 -0.0029723993511781704 0.036812761836703824 0.0037176804962074208 -0.0075955364028779601 0.00029499251633667019 -0.005766499902461684 0.04169768940636541 -0.038269249348998211 0.010766603658643369 -0.013351690493445144 0.01757791047022228 0.092537053250750498 -0.03387274592657815 0.071783914647763084 -0.042696289045831858 0.033302081282510089 0.023489060070241652 -0.0064957487864137561
leaf_weight=107.52743149455637 7.2606826657429329 122.05698531679809 37.345228071324527 16.456769784912471 9.4786412212997657 5.5720922052860287 18.951246315613389 532.19359676120803 7.7138243019580832 974.99149608612061 58.0970877436921 3.6091468706727019 17.320809594355524 48.613239716738462 72.265927579253912 193.9831861089915 1320.6606074087322 1236.3705532434396 25.931244247592986 19.743165600113571 264.88592533767223 11.423018287867309 15.076591392979028 4.2706997767090789 16.33103533834219 5.9024785226210943 17.92580686789006 3.3282504780217996 30.710192293860018 77.555745684541762
leaf_count=874 57 858 251 110 72 35 125 4774 37 5834 491 19 392 266 432 1123 7124 9713 175 165 1675 95 123 23 111 50 455 19 274 646
internal_value=-0.000863488 0.000165299 0.0194975 0.0231156 7.11863e-05 0.0323455 0.0611435 -0.00657689 0.00521466 -0.000413837 -0.00188983 0.00575543 0.0029523 0.00366626 0.0170273 0.00228465 -0.00307934 -0.00263585 0.0211846 -0.00918473 0.0116576 0.0265425 0.0164996 0.0341243 -0.00569578 0.0331229 -0.0231753 -0.0256236 -0.00828815 0.0020096
internal_weight=5283.55 4477.34 130.227 122.966 35.1661 87.7998 24.5233 806.214 146.012 4347.11 3022.01 406.883 1325.1 1289.85 120.879 1168.97 2615.13 2557.03 63.2765 660.203 268.495 38.4841 30.7703 19.3473 138.388 15.3811 35.2466 19.785 640.46 108.266
internal_count=36398 29387 894 837 251 586 160 7011 1152 28493 19991 2663 8502 7655 698 6957 17328 16837 426 5859 1694 278 241 146 969 122 847 129 5694 920
is_linear=0
shrinkage=0.05


Tree=91
num_leaves=31
num_cat=0
split_feature=17 17 3 6 7 17 1 6 12 6 12 6 17 0 17 17 6 11 15 0 15 0 8 15 12 8 1 12 14 8
split_gain=11.2708 17.8593 11.245 11.7185 9.67608 14.8574 9.32326 10.9691 13.2653 9.56749 9.38153 9.00432 8.61536 8.47031 7.92704 14.3569 7.06907 7.00791 14.6282 9.59514 6.94954 6.38124 14.9732 11.8622 6.01075 5.39896 6.9657 8.28452 5.30183 4.97542
threshold=117.50000000000001 158.00000000000003 7.5000000000000009 4.5000000000000009 56.750000000000007 144.50000000000003 10.500000000000002 4.5000000000000009 56.282307692307704 8.5000000000000018 56.588492063492069 3.5000000000000004 1369.0000000000002 2018.5000000000002 171.00000000000003 176.50000000000003 7.5000000000000009 33.500000000000007 577.50000000000011 2015.5000000000002 778.00000000000011 2018.5000000000002 36.050000000000004 577.50000000000011 108.73437500000001 34.350000000000001 7.5000000000000009 52.973611111111119 46.500000000000007 35.850000000000001
decision_type=2 2 2 2 2 2 2 2 2 2 2 2 2 2 2 2 2 2 2 2 2 2 2 2 2 2 2 2 2 2
left_child=11 2 3 4 5 -2 14 8 20 12 -10 13 -9 28 -3 -16 -17 24 -19 -20 -8 22 -5 -23 -13 -15 -27 -28 -1 -6
right_child=1 6 -4 21 29 -7 7 9 10 -11 -12 17 -14 25 15 16 -18 18 19 -21 -22 23 -24 -25 -26 26 27 -29 -30 -31
leaf_value=-0.0042368028330609792 0.010815733705483936 -0.023827235973608061 0.002977465378724366 0.066018861106001067 0.0041774612896280485 0.10008881809241144 -0.0074557820759012759 -0.01395045628707213 0.081011798055806994 0.071188519479625359 0.0069490265712906707 -0.0060987684971919552 0.017003595835156194 0.061883131624762389 0.084060338484686303 0.0013645237001609564 -0.015231737918230077 -0.031867728588821559 -0.001829626944478792 0.09894818927276168 0.027625048823552857 0.11889464141404156 -0.040629074807505793 0.020739832095017674 -0.0390820948765533 -0.019761316605207416 0.00038609512279960478 0.06264658564035902 0.06146969277593968 -0.054871205960975548
leaf_weight=104.20995294768363 17.174670562148098 32.044977248646319 62.679911588318646 11.360559009015562 10.897792257368566 6.3963563814759246 398.70214459020644 355.51951810717583 4.3481762856245032 3.4886336009949437 256.75337566435337 565.86377742793411 23.996328311040998 7.8825640082359305 5.2146345730870953 3184.4314277544618 65.481968853157014 65.634476146195084 7.2331778258085233 3.5070942975580692 14.635676878504453 8.2219001008197647 4.6335129756480447 4.9200505763292304 14.158347380347548 9.6324036596342939 10.708405042998494 10.663545750081537 3.1632694974541655 5.3034580145031205
leaf_count=856 110 245 438 71 54 37 2133 2684 27 38 1476 4948 132 37 34 20886 764 711 58 23 74 68 42 29 119 84 76 81 18 45
internal_value=-0.000822866 0.000155467 0.0183029 0.0322431 0.0145951 0.0350413 -0.000394176 -0.00447794 -0.000640362 -0.0112356 0.00818241 -0.00627877 -0.0119933 0.00494014 0.000919522 0.00116314 0.00103013 -0.0087786 -0.0230159 0.031078 -0.00621362 0.0563336 0.0351228 0.0821477 -0.00690389 0.0249343 0.0155404 0.031451 -0.00230106 -0.015152
internal_weight=5278.86 4476.21 131.588 68.9083 39.7723 23.571 4344.62 1057.44 674.439 383.004 261.102 802.657 379.516 146.26 3287.17 3255.13 3249.91 656.397 76.3747 10.7403 413.338 29.136 15.9941 13.142 580.022 38.8869 31.0044 21.372 107.373 16.2013
internal_count=36398 29387 894 456 246 147 28493 6564 3710 2854 1503 7011 2816 1152 21929 21684 21650 5859 792 81 2207 210 113 97 5067 278 241 157 874 99
is_linear=0
shrinkage=0.05


Tree=92
num_leaves=31
num_cat=0
split_feature=17 17 7 1 1 7 17 11 13 13 7 0 12 15 7 13 11 12 15 0 4 15 9 4 2 14 13 13 17 12
split_gain=10.23 15.9256 10.2219 8.95885 8.43942 9.29191 8.52904 8.90778 7.93184 7.47889 11.3856 10.4659 8.9435 7.19898 7.29769 7.47275 6.98055 6.96978 6.66959 6.54225 13.0729 7.09408 6.48547 11.9211 13.2376 6.1624 5.82591 5.3557 4.43931 7.07092
threshold=117.50000000000001 158.00000000000003 53.500000000000007 3.5000000000000004 10.500000000000002 52.500000000000007 1327.5000000000002 33.500000000000007 56.394444444444453 56.878676470588239 56.250000000000007 2001.5000000000002 16.820129870129872 273.50000000000006 51.500000000000007 53.265625000000007 33.500000000000007 25.147222222222229 1.5000000000000002 2014.5000000000002 11.500000000000002 283.50000000000006 505.00000000000006 11.500000000000002 5.5000000000000009 17.500000000000004 53.741666666666667 56.514705882352949 81.500000000000014 62.12187500000001
decision_type=2 2 2 2 2 2 2 2 2 2 2 2 2 2 2 2 2 2 2 2 2 2 2 2 2 2 2 2 2 2
left_child=13 2 -2 27 9 -6 7 -7 17 10 12 -12 -3 16 -15 -16 18 -5 -1 21 -21 -17 -18 -24 -25 -10 -8 -4 29 -20
right_child=1 4 3 8 5 6 26 -9 25 -11 11 -13 -14 14 15 19 22 -19 28 20 -22 -23 23 24 -26 -27 -28 -29 -30 -31
leaf_value=-0.060021441323352298 -0.041059915766475726 0.056024093977760953 0.10360132724172746 -0.053457186257189329 -0.037090423112999212 -0.0036251837341900401 -0.049927986735235956 -0.020789696923695023 -0.019159490180498898 -0.004767010139331675 0.029452515473776336 0.0048766690084873325 -0.0008829935185814459 -0.043687751381545008 0.074050394108077705 0.037529025168551125 -0.03425214222532319 0.027306521911412935 -0.00056278705193427679 -0.0086593372687694577 0.030719007213254497 -0.0079442541144344667 -0.059798305731104222 -0.012148751344591821 0.13031968554781645 0.029455563943809406 0.011719732492860006 0.025155341457532367 -0.017263307231100422 -0.015042883337661303
leaf_weight=5.9100363226607433 7.1245971228927365 6.9322878541424862 4.9425402376800758 2.7603120803832999 21.12963663879782 839.68186020664871 3.9749388843774787 83.064249211922288 21.965903092175726 498.65937866456807 45.219012500718236 1032.0995062855072 1705.3719037938863 8.6386420028284174 3.6553108859807244 9.201964693143962 44.671211121603847 82.860486499033868 307.23464834829792 38.602725938893855 46.42212603148073 126.23697614204139 3.9168928731232864 3.7233908660709858 2.9006552025675774 9.2691980404779297 106.86536173522472 3.8868136247619987 81.745433185249567 116.19372040778399
leaf_count=55 57 36 30 14 167 5332 19 527 163 3313 255 6660 11665 73 26 74 553 544 2631 283 331 980 41 29 17 56 519 30 700 1218
internal_value=-0.000784164 0.000146202 0.0172016 0.0205042 -0.000375355 -0.00426714 -0.00359613 -0.00517031 0.0168348 0.000872933 0.0018811 0.00590821 -0.000652604 -0.0059955 0.00140715 0.00314532 -0.00903812 0.0247028 -0.00721354 0.00196971 0.0128406 -0.00485472 -0.0259278 0.00934968 0.0502379 -0.00473269 0.00950893 0.0690682 -0.00659574 -0.0045363
internal_weight=5274.86 4475.81 132.81 125.685 4343 1054.72 1033.59 922.746 116.856 3288.28 2789.62 1077.32 1712.3 799.054 232.758 224.119 566.296 85.6208 511.084 220.464 85.0249 135.439 55.2122 10.5409 6.62405 31.2351 110.84 8.82935 505.174 423.428
internal_count=36398 29387 894 837 28493 6564 6397 5859 777 21929 18616 6915 11701 7011 1767 1694 5244 558 4604 1668 614 1054 640 87 46 219 538 60 4549 3849
is_linear=0
shrinkage=0.05


Tree=93
num_leaves=31
num_cat=0
split_feature=8 9 15 7 13 11 12 5 11 6 7 13 4 9 8 11 6 1 13 17 17 1 8 12 17 8 3 17 15 15
split_gain=9.68556 9.24177 9.68929 13.2502 11.0981 10.5142 13.7934 26.9484 12.5698 9.85728 8.89132 13.7395 10.4618 8.9073 8.26109 7.4178 7.40849 7.25981 8.32444 7.40722 6.88919 6.79056 5.68362 5.52462 6.13142 5.2405 4.87701 4.73226 6.67334 4.73429
threshold=40.250000000000007 495.00000000000006 220.50000000000003 52.500000000000007 57.414215686274517 33.500000000000007 39.571875000000006 1.5000000000000002 21.000000000000004 5.5000000000000009 57.250000000000007 57.064583333333339 11.500000000000002 513.00000000000011 34.350000000000001 41.000000000000007 7.5000000000000009 4.5000000000000009 54.970486111111121 1150.5000000000002 214.50000000000003 10.500000000000002 33.750000000000007 76.193750000000009 1141.5000000000002 37.150000000000013 8.5000000000000018 1141.5000000000002 357.50000000000006 150.00000000000003
decision_type=2 2 2 2 2 2 2 2 2 2 2 2 2 2 2 2 2 2 2 2 2 2 2 2 2 2 2 2 2 2
left_child=1 2 5 22 21 8 7 -7 20 -10 16 12 15 -14 -8 -12 17 19 -19 -3 -1 -5 -4 25 -25 -13 -24 29 -29 -18
right_child=-2 10 3 4 -6 6 14 -9 9 -11 11 23 13 -15 -16 -17 27 18 -20 -21 -22 -23 26 24 -26 -27 -28 28 -30 -31
leaf_value=-0.01096657091347434 -0.039099763827541205 0.011790783431110383 0.035491088948793013 0.0033959211194505693 -0.020178090262672185 0.00042906497443319261 -0.0032745829844021261 0.1448612411223211 0.013082133430740415 -0.01498219822324369 0.041747910755209394 -0.0088264573748889231 0.034516605886921174 -0.030699364002278125 -0.024400811989356532 0.11384292831841658 -0.0037257280466870797 0.0083973932000345718 -0.0024829028441279832 -0.0072398468635932233 -0.0025542052622597577 -0.0033888681426269178 -0.032583849902951705 0.012489147100728883 0.081057994926232502 0.031960709480972474 0.0080032140915697568 -0.01957343869531639 0.079760739429095673 -0.047032341780479714
leaf_weight=352.75985996983945 16.410410396754742 275.71134684793651 3.9534101523458949 1433.1316182538867 60.042986475862563 38.333549957722425 63.845084803178906 3.5266940817236891 175.08916253037751 38.096625259146094 32.03411571495235 66.721271522343159 11.774018375203015 9.4284272193908674 168.13258685916662 4.0150077790021887 9.9457059334963578 223.47817899379879 823.96763037052006 62.772961787879467 784.84684997424483 496.56445765122771 49.164237936027348 20.799746278673414 3.8662267476320258 8.9292113622650486 8.7132219877094013 5.1010818425565949 2.5290336199104786 17.267581481486559
leaf_count=2978 919 1823 21 9204 381 314 364 24 1220 432 191 356 66 55 1565 18 117 1473 5279 346 5260 2970 385 136 22 105 67 49 24 234
internal_value=-0.000747109 -0.00062733 -0.00200131 0.000282975 0.000991315 -0.00488589 -0.0138195 0.0125974 -0.00307483 0.00806699 0.00257289 0.0138418 0.0333858 0.00551599 -0.0185864 0.0497776 0.00132313 0.00189561 -0.000161533 0.00826149 -0.00516279 0.00165001 -0.0225117 0.00268781 0.0232369 -0.00401225 -0.0264736 -0.0214479 0.0133513 -0.031205
internal_weight=5270.95 5254.54 3676.2 2051.57 1989.74 1624.63 273.838 41.8602 1350.79 213.186 1578.34 157.568 57.2516 21.2024 231.978 36.0491 1420.77 1385.93 1047.45 338.484 1137.61 1929.7 61.8309 100.316 24.666 75.6505 57.8775 34.8434 7.63012 27.2133
internal_count=36398 35479 25185 13028 12555 12157 2267 338 9890 1652 10294 949 330 121 1929 209 9345 8921 6752 2169 8238 12174 473 619 158 461 452 424 73 351
is_linear=0
shrinkage=0.05


Tree=94
num_leaves=31
num_cat=0
split_feature=8 1 6 6 14 4 8 11 12 7 12 8 12 8 14 8 3 6 13 7 7 12 11 6 7 1 6 8 8 11
split_gain=9.10118 7.21616 11.9289 10.2528 8.79723 8.5076 16.6696 16.4652 7.74833 7.74568 7.93445 9.39117 7.35496 7.34243 7.17528 6.70961 6.53954 6.46122 14.4441 8.98833 5.55708 5.32667 7.05951 4.47942 3.61213 1.90313 4.16581 1.29112 0.868428 0.462067
threshold=40.250000000000007 10.500000000000002 4.5000000000000009 7.5000000000000009 44.500000000000007 11.500000000000002 36.150000000000013 17.500000000000004 78.555902777777803 51.500000000000007 56.282307692307704 36.850000000000001 49.042063492063498 38.550000000000004 23.500000000000004 35.550000000000004 7.5000000000000009 3.5000000000000004 56.074175824175832 53.500000000000007 57.250000000000007 16.820129870129872 35.000000000000007 8.5000000000000018 50.500000000000007 3.5000000000000004 3.5000000000000004 35.650000000000013 40.45000000000001 14.500000000000002
decision_type=2 2 2 2 2 2 2 2 2 2 2 2 2 2 2 2 2 2 2 2 2 2 2 2 2 2 2 2 2 2
left_child=1 3 9 5 21 6 12 -8 13 24 15 -12 -1 23 20 -11 -16 18 -7 -19 -10 -5 -23 -4 27 26 -2 -3 -28 -27
right_child=25 2 8 4 -6 17 7 -9 14 10 11 -13 -14 -15 16 -17 -18 19 -20 -21 -22 22 -24 -25 -26 29 28 -29 -30 -31
leaf_value=0.0051328388207691113 0.11538422329006029 -0.033619264937790827 -0.0071573922080098483 0.067895813907010827 0.064226723696979002 0.0067398168038235702 -0.0020968280225724281 -0.021827375638628476 -0.038831446785627277 0.00089159967759472032 0.010090092437188353 -0.014210494475820821 -0.0018302160888970219 -0.049077642331573301 0.044846914564035723 -0.011256378453946423 -0.038641509862108653 -0.016072753276085747 0.046855649519833391 0.002915103247192023 0.038380702705771624 -0.01351121332719927 -0.048568033762837172 0.052927284943174994 -0.063562787943460639 -0.023975119114003244 0.01282387774191962 0.015440426678042716 -0.051159605764388119 -0.051081705749798957
leaf_weight=638.33952926844358 0.59559392649680321 2.6577926874160749 397.12203865125775 1.7095217704772938 3.2596557959914199 210.36021618545055 263.56842539645731 176.57462058681995 46.611369851976633 306.43286918103695 271.81096295267344 46.569992484524846 934.36378816142678 10.483111677691339 5.9367894157767278 180.68883443064988 3.8773506283760071 64.916010458022356 25.118143435567617 1561.9599182847887 2.4529535770416251 64.938075043261051 18.43786879722029 3.1263679414987555 6.9004653878509998 1.8379761613905419 0.76175783388316665 2.7069968655705452 1.745506635867059 10.870347682386635
leaf_count=3535 18 16 2917 8 33 1298 2235 2102 390 1485 1471 402 5531 217 42 1151 33 632 141 10716 21 752 243 31 53 99 23 24 104 675
internal_value=-0.000712062 -0.000598008 -0.00385033 0.000458363 -0.0163841 0.00084233 -0.00141114 -0.0100122 -0.0102016 -0.00020304 0.000397427 0.00653561 0.000995996 -0.00776998 -0.0271648 -0.00361447 0.0118625 0.0032779 0.0110189 0.00215745 -0.0349713 -0.0194723 -0.0212637 -0.00668807 -0.0396379 -0.0385898 -0.00348343 -0.00886444 -0.0317201 -0.0471613
internal_weight=5266.73 5250.92 1287.38 3963.55 88.3451 3875.2 2012.85 440.143 469.61 817.768 805.503 318.381 1572.7 410.732 58.8785 487.122 9.81414 1862.35 235.478 1626.88 49.0643 85.0855 83.3759 400.248 12.2653 15.8112 3.10286 5.36479 2.50726 12.7083
internal_count=36398 35479 8253 27226 1036 26190 13403 4337 3651 4602 4509 1873 9066 3165 486 2636 75 12787 1439 11348 411 1003 995 2948 93 919 145 40 127 774
is_linear=0
shrinkage=0.05


Tree=95
num_leaves=31
num_cat=0
split_feature=8 3 13 3 13 18 17 12 12 17 13 15 15 0 9 8 13 8 8 8 17 17 16 16 12 9 12 15 17 12
split_gain=10.0862 15.138 11.8293 9.40432 15.6992 10.9289 10.5799 10.0501 9.6615 8.32489 8.27926 13.5596 21.4652 8.13314 12.2673 7.95868 7.83923 8.56184 18.1518 7.36463 7.48135 27.1941 13.2844 16.7811 10.5247 9.64862 9.13386 8.96166 14.4955 12.7471
threshold=36.850000000000001 5.5000000000000009 56.656862745098046 6.5000000000000009 54.605555555555569 12.500000000000002 1014.0000000000001 25.73721590909091 28.935416666666669 705.00000000000011 56.559027777777786 285.50000000000006 345.00000000000006 2022.5000000000002 475.00000000000006 37.250000000000007 57.343137254901968 38.45000000000001 38.850000000000001 13.750000000000002 483.50000000000006 486.00000000000006 2.5000000000000004 17.500000000000004 47.443750000000009 505.00000000000006 40.024444444444448 553.50000000000011 176.50000000000003 81.947058823529417
decision_type=2 2 2 2 2 2 2 2 2 2 2 2 2 2 2 2 2 2 2 2 2 2 2 2 2 2 2 2 2 2
left_child=19 2 10 6 8 -6 -3 -7 -5 -10 13 15 -13 -2 -15 -12 -4 -18 -19 -1 27 24 26 -24 -22 -26 -23 29 -29 -21
right_child=1 3 16 4 5 7 -8 -9 9 -11 11 12 -14 14 -16 -17 17 18 -20 20 21 22 23 -25 25 -27 -28 28 -30 -31
leaf_value=0.03574113517404192 -0.013117108486982779 0.001231592442438255 -0.037332862610798448 -0.045841185060232138 -0.020469486982485335 0.060414734919956192 0.023809394244933956 -0.0040648005096883761 0.03257049309940848 -0.0030563697880792986 0.034984256668191542 0.18294699911097298 0.022183227774176941 -0.038131548649458419 0.059074202020510391 -0.032240463182502045 -0.01279682086280905 0.26215397850699795 -0.051279619509402831 -0.0015275427077486295 0.011305312089315898 -0.0081289478825625986 -0.0059551618476238206 0.0033921226250925906 0.043788496745817272 0.11525208693251339 0.021310559422078761 0.022043508351157093 -0.010863647792595485 -0.017566576837559789
leaf_weight=15.369316950440405 252.41525454912335 179.04691049270332 60.768561758100986 5.7763144373893729 118.12780589098111 6.1460574688389888 73.059420597739518 361.17897150851786 51.591706031002104 24.036157711409032 6.6415062397718492 2.6662315409630528 9.3848378667607886 4.9536496344953767 9.4134029513224942 13.06113808788359 6.3706483393907529 0.94793611392378785 0.90095038618892431 1056.6005622688681 20.527108944952488 32.778639510273933 647.96164240315557 1854.1783867068589 24.160573929548267 5.8709028512239447 134.27978883683681 90.10274575278163 53.238677699118853 140.33122288808227
leaf_count=68 3030 1805 744 42 1140 60 584 3476 577 225 51 30 92 70 113 227 66 15 44 7031 100 148 3781 10060 128 27 637 495 314 1089
internal_value=1.39728e-05 -0.00404313 -0.0124738 -0.000259718 -0.00383291 -0.0072403 0.00777455 -0.00298593 0.016487 0.0212475 -0.00816164 0.0159734 0.0577513 -0.0110343 0.0255584 -0.00957988 -0.0311341 0.0146944 0.10942 0.00119513 0.00106436 0.00257106 0.00188296 0.000971522 0.0388985 0.057759 0.0155342 -0.00199312 0.00982141 -0.003408
internal_weight=5261.89 1186.49 367.524 818.963 566.857 485.453 252.106 367.325 81.4042 75.6279 298.536 31.7537 12.0511 266.782 14.3671 19.7026 68.9881 8.21953 1.84889 4075.4 4060.03 2719.76 2669.2 2502.14 50.5586 30.0315 167.058 1340.27 143.341 1196.93
internal_count=36269 12391 4482 7909 5520 4676 2389 3536 844 802 3613 400 122 3213 183 278 869 125 59 23878 23810 14881 14626 13841 255 155 785 8929 809 8120
is_linear=0
shrinkage=0.05


Tree=96
num_leaves=31
num_cat=0
split_feature=8 3 13 1 17 14 13 15 15 8 9 11 13 13 14 8 9 17 15 14 8 17 16 16 11 11 11 9 13 7
split_gain=9.14929 13.8606 11.0863 8.77826 12.3846 7.57871 7.46356 11.6935 16.2086 7.44576 7.3724 8.0228 7.31674 8.24855 8.90097 7.24651 6.91491 6.80682 8.4762 7.02071 6.53998 7.26935 9.95062 10.2026 8.78228 11.8509 8.61363 8.36615 6.25098 7.24386
threshold=36.850000000000001 5.5000000000000009 56.656862745098046 2.5000000000000004 886.00000000000011 22.500000000000004 56.559027777777786 285.50000000000006 345.00000000000006 38.150000000000013 511.00000000000006 11.500000000000002 57.343137254901968 57.677083333333336 16.500000000000004 37.250000000000007 409.00000000000006 1369.0000000000002 226.00000000000003 9.5000000000000018 13.750000000000002 666.50000000000011 2.5000000000000004 17.500000000000004 49.500000000000007 44.500000000000007 55.000000000000007 449.00000000000006 56.148351648351657 55.750000000000007
decision_type=2 2 2 2 2 2 2 2 2 2 2 2 2 2 2 2 2 2 2 2 2 2 2 2 2 2 2 2 2 2
left_child=16 2 6 4 -3 9 28 15 -9 -6 17 -12 -4 14 -14 -8 -1 18 -5 -19 -18 24 27 -24 25 -22 -26 -23 29 -2
right_child=1 3 12 10 5 -7 7 8 -10 -11 11 -13 13 -15 -16 -17 20 19 -20 -21 21 22 23 -25 26 -27 -28 -29 -30 -31
leaf_value=-0.039087504172085744 -0.015258967507442026 -0.00097467419405973098 -0.036439474794531371 -0.010061699419999761 0.090323866666156688 -0.0019096651034256472 0.032520990428583682 0.15411591664385998 0.020777452870516574 0.016626151178318956 0.069781449446676913 0.0066139845631053703 0.012338492352349843 -0.058183297979282858 0.15862943982094005 -0.031469448611065529 0.033652705883765052 0.034034684972989858 0.0019214055753161896 -0.020832421588786537 -0.00097882426039983049 -0.017638330366667371 -0.0043384883322415291 0.0039891810069345454 -0.026648710297054536 0.025323686402529463 -0.00045162171349246642 0.018590600894496448 -0.026308747517020843 0.0032199116848736485
leaf_weight=10.657642744481562 116.12109747203067 29.630134649574757 59.186143352650106 348.23576065339148 10.682968765497209 5.4132351595908395 6.7835161797702339 2.9970226073637596 9.5153337679803354 5.0460329214110962 5.2311638249084345 128.5793553236872 4.2669032448902708 2.7072601187974215 1.374800964258611 12.720829901751129 15.503363221883772 21.94928285852075 256.09782723803073 7.939297914505004 1637.604527823627 17.83225941285491 477.85956313833594 1596.7722819149494 64.958827035501599 43.975048761814833 60.696278745308518 149.78089348971844 50.949785499833524 97.618752887006849
leaf_count=117 1613 308 744 3590 63 39 51 30 92 58 39 1165 65 37 23 227 68 133 2460 54 10449 97 2732 8433 491 328 476 687 570 1030
internal_value=1.08944e-05 -0.0038601 -0.0119745 -0.000250447 0.0198849 0.049119 -0.0078128 0.0149885 0.0527154 0.0666808 -0.00158154 0.00908344 -0.0302583 0.0135602 0.0479875 -0.00921389 0.00113454 -0.00383168 -0.00498363 0.0194603 0.00123999 0.0011159 0.00301778 0.00207103 -0.00124378 -0.000290986 -0.0139945 0.0147362 -0.0105708 -0.00681934
internal_weight=5258.69 1183.05 364.241 818.805 50.7724 21.1422 296.706 32.0167 12.5124 15.729 768.033 133.811 67.5351 8.34896 5.6417 19.5043 4075.64 634.222 604.334 29.8886 4064.98 4049.48 2242.24 2074.63 1807.23 1681.58 125.655 167.613 264.69 213.74
internal_count=36269 12391 4482 7909 468 160 3613 400 122 121 7441 1204 869 125 88 278 23878 6237 6050 187 23761 23693 11949 11165 11744 10777 967 784 3213 2643
is_linear=0
shrinkage=0.05


Tree=97
num_leaves=31
num_cat=0
split_feature=8 3 13 12 4 9 12 1 8 9 13 13 16 8 5 17 13 13 12 13 4 16 0 9 9 0 8 17 16 16
split_gain=8.2976 12.6815 10.3838 8.18131 9.54824 8.81985 9.46969 8.61167 10.068 7.99923 12.3444 11.5386 8.82294 11.9319 7.71348 6.96386 6.84048 7.43018 9.61758 6.73646 9.28269 14.048 7.18875 10.7895 6.42294 6.21149 5.85173 6.55607 8.94569 9.20274
threshold=36.850000000000001 5.5000000000000009 56.656862745098046 49.042063492063498 11.500000000000002 527.00000000000011 50.09062500000001 2.5000000000000004 38.350000000000001 511.00000000000006 54.919871794871796 56.677083333333336 45.500000000000007 37.150000000000013 1.0000000180025095e-35 188.00000000000003 57.343137254901968 57.677083333333336 51.57500000000001 56.559027777777786 11.500000000000002 27.500000000000004 2022.5000000000002 475.00000000000006 409.00000000000006 2015.5000000000002 13.750000000000002 666.50000000000011 2.5000000000000004 17.500000000000004
decision_type=2 2 2 2 2 2 2 2 2 2 2 2 2 2 2 2 2 2 2 2 2 2 2 2 2 2 2 2 2 2
left_child=24 2 19 9 7 6 -6 8 -5 12 15 -12 14 -14 -3 -11 -4 18 -18 22 -21 -22 25 -24 -1 -2 -26 -28 -29 -30
right_child=1 3 16 4 5 -7 -8 -9 -10 10 11 -13 13 -15 -16 -17 17 -19 -20 20 21 -23 23 -25 26 -27 27 28 29 -31
leaf_value=-0.038256090076447369 -0.0072663424735296221 0.0058929221236186831 -0.035554099344693203 0.063440843537841879 -0.040693049367409195 0.027970178286845788 -0.00089702573912707635 -0.021600453772560712 -0.058445093230489034 0.13832017590111803 -0.0032655868499128302 0.06061602759585033 0.098196301634791497 0.011214354636637822 -0.012601594153556859 0.047231723102621664 -0.059032339141747728 -0.057770640369933769 0.083924973167757377 -0.032006914028067997 0.055850315111657389 -0.026086781270984533 -0.037255326461900891 0.05425752904733383 0.031719310388153718 -0.025002341332994123 -0.0011829758348590234 0.013958886880006294 -0.0041302668355021159 0.003783690792366662
leaf_weight=10.352616179734467 180.0942893945612 179.12792823417112 57.666060557588935 6.2784292139112932 15.641946181654928 25.176669022068381 337.17090019769967 99.707633840851486 2.3203975521028042 2.9032245948910695 30.630838070064783 9.1894162977114302 5.3749913498759296 14.795718367211519 82.27044034935534 7.5679336441680789 1.6334051443263868 2.5931547777727246 4.2059522708877921 8.1562001211568695 16.397396534681324 7.6817636713385573 4.8101300345733753 9.7488020639866573 15.622730478644369 68.006940425373614 1806.0076907016337 168.07632387429476 476.87842341512442 1599.2521200478077
leaf_count=117 2239 1644 744 46 127 211 3124 1277 37 21 268 83 30 136 845 60 20 37 68 113 186 101 70 113 68 791 11744 784 2732 8433
internal_value=8.56958e-06 -0.00368536 -0.0114915 -0.000241047 -0.00437143 -0.000621111 -0.00266138 -0.0174601 0.0305499 0.00581147 0.0241795 0.0114765 0.00253074 0.0343929 7.21054e-05 0.0724868 -0.0294032 0.0126596 0.0439365 -0.00747676 0.0140948 0.0297106 -0.0101242 0.0240226 0.00107714 -0.012128 0.00117729 0.00105948 0.00286408 0.00196589
internal_weight=5255.34 1179.15 360.994 818.156 486.296 377.99 352.813 108.306 8.59883 331.86 50.2914 39.8203 281.569 20.1707 261.398 10.4712 66.0986 8.43251 5.83936 294.896 32.2354 24.0792 262.66 14.5589 4076.19 248.101 4065.84 4050.21 2244.21 2076.13
internal_count=36269 12391 4482 7909 4822 3462 3251 1360 83 3087 432 351 2655 166 2489 81 869 125 88 3613 400 287 3213 183 23878 3030 23761 23693 11949 11165
is_linear=0
shrinkage=0.05


Tree=98
num_leaves=31
num_cat=0
split_feature=8 13 7 8 12 11 11 8 0 11 11 0 8 17 1 12 14 1 15 15 15 17 17 18 8 8 0 3 15 15
split_gain=8.18357 7.89721 15.0549 8.7636 9.6534 8.58573 11.6183 19.6951 16.2638 13.469 17.3188 12.9711 11.1669 8.26233 8.22524 8.03587 8.00857 8.48785 8.15251 7.87905 9.91348 7.28394 6.4539 6.42364 7.96109 5.88492 5.49145 5.92996 5.78102 10.1516
threshold=39.750000000000007 54.379807692307701 55.750000000000007 35.250000000000007 25.147222222222229 16.500000000000004 19.000000000000004 35.550000000000004 2003.5000000000002 33.500000000000007 37.500000000000007 2012.5000000000002 37.45000000000001 26.500000000000004 3.5000000000000004 44.132638888888899 42.500000000000007 4.5000000000000009 369.50000000000006 217.50000000000003 232.00000000000003 1141.5000000000002 153.50000000000003 3.5000000000000004 33.750000000000007 13.750000000000002 2003.5000000000002 7.5000000000000009 241.50000000000003 287.50000000000006
decision_type=2 2 2 2 2 2 2 2 2 2 2 2 2 2 2 2 2 2 2 2 2 2 2 2 2 2 2 2 2 2
left_child=1 2 3 14 -5 13 7 8 -7 12 -11 -9 -8 19 21 -6 17 -4 -19 25 -21 -1 -16 24 -15 -3 27 28 -2 -30
right_child=26 5 16 4 15 6 9 11 -10 10 -12 -13 -14 23 22 -17 -18 18 -20 20 -22 -23 -24 -25 -26 -27 -28 -29 29 -31
leaf_value=0.046543979175237803 -0.0099966308518860836 0.028433965242603089 0.0013391793318076053 -0.038039183229076554 0.0091929737878422828 0.024451378615773206 0.007886043781975785 -0.036750246110240241 -0.0067011094732724492 -0.01251722268226942 0.0011545827881176563 -0.0061622104394397637 -0.012466833636307049 0.017365160826396938 -0.015518729977244086 -0.0088203048946698445 -0.030063157302811616 0.026440515752738692 0.066712017977644297 0.052518868968833538 -0.0025792794835635575 -0.014705943306936557 0.0096028390990867702 0.00340816820129149 -0.0080230480503319691 -0.019499768484740387 -0.045109048570932862 -0.052733859773049209 0.16185072117513638 -0.0060428029914136134
leaf_weight=23.576683968305591 6.9593247231096047 6.8032145053148261 23.109621152281761 19.26738141849637 105.93802279792726 46.401211764663458 532.6530995555222 88.008548336103559 431.55435702577233 379.11146903969347 595.46380557306111 57.175323180854321 77.15630673058331 35.442348420619965 30.310566876083612 148.98677468299866 6.4806642942130557 50.47833239287138 16.73296582326293 9.1699004322290403 74.407037261873484 6.1123615354299536 163.34237850829959 1944.3013305161148 239.76572792045772 108.90468041412532 16.653283428866416 4.3208708576858035 1.6047801012173297 2.0510530117899179
leaf_count=141 198 30 126 134 851 261 3131 824 2526 2473 4377 591 981 161 205 1271 39 291 89 75 556 31 886 12326 1541 986 972 124 28 44
internal_value=6.25164e-06 0.000159776 0.00558536 0.00207522 -0.00391382 -0.00053724 -0.00279193 -0.0085759 -0.00367674 -0.000517096 -0.00416377 -0.0247043 0.00531089 0.00152052 0.00942785 -0.0013346 0.0236265 0.0274788 0.0364665 -0.00823192 0.00346598 0.0339339 0.00567081 0.00239617 -0.00475346 -0.0166814 -0.0253661 -0.00335332 0.0167469 0.0676565
internal_weight=5252.24 5220.65 594.336 497.534 274.192 4626.32 2207.52 623.139 477.956 1584.38 974.575 145.184 609.809 2418.79 223.342 254.925 96.8016 90.3209 67.2113 199.285 83.5769 29.689 193.653 2219.51 275.208 115.708 31.5893 14.936 10.6152 3.65583
internal_count=36269 34903 4064 3519 2256 30839 15164 4202 2787 10962 6850 1415 4112 15675 1263 2122 545 506 380 1647 631 172 1091 14028 1702 1016 1366 394 270 72
is_linear=0
shrinkage=0.05


Tree=99
num_leaves=31
num_cat=0
split_feature=8 9 13 7 15 17 11 11 8 8 9 17 8 11 1 13 15 17 15 6 7 8 2 5 17 17 7 15 15 9
split_gain=7.60425 7.47239 7.30496 13.1711 8.36397 7.8769 7.63758 10.0469 7.55428 7.53461 9.47547 6.88376 6.75025 3.27899 2.74371 5.02021 4.9489 6.03561 3.43775 2.36127 5.52846 9.55093 2.16747 2.07763 1.46389 4.04879 1.35567 1.32664 1.21934 0.994856
threshold=39.750000000000007 409.00000000000006 54.379807692307701 55.750000000000007 3.5000000000000004 1327.5000000000002 16.500000000000004 19.000000000000004 37.350000000000001 35.250000000000007 439.00000000000006 55.500000000000007 36.350000000000001 15.500000000000002 3.5000000000000004 55.654761904761905 285.50000000000006 225.00000000000003 84.000000000000014 3.5000000000000004 55.750000000000007 40.45000000000001 5.5000000000000009 1.5000000000000002 18.500000000000004 13.500000000000002 54.250000000000007 626.50000000000011 54.500000000000007 537.00000000000011
decision_type=2 2 2 2 2 2 2 2 2 2 2 2 2 2 2 2 2 2 2 2 2 2 2 2 2 2 2 2 2 2
left_child=1 13 3 9 23 8 12 -8 -5 10 -3 -11 -6 -1 15 16 17 18 -2 20 28 -22 -7 26 25 -21 -4 29 -16 -26
right_child=14 2 4 5 6 22 7 -9 -10 11 -12 -13 -14 -15 19 -17 -18 -19 -20 24 21 -23 -24 -25 27 -27 -28 -29 -30 -31
leaf_value=0.0036346326460976923 0.098596046706474372 -0.018359376690104588 -0.014785494089862131 0.023016541442224443 0.0038658749162412821 0.036045983327735308 -0.0078597377603138174 -0.00032845994872465577 -0.020462218720459922 0.015602527727063241 0.012872158287817343 -0.0067532552886449748 -0.0015087250306210934 -0.056094447795021277 0.020590725767766566 -0.0513115170659523 -0.055593154706718211 0.16401027245392946 -0.052870916915654889 -0.051343371092508243 0.15278701215207344 -0.05090988298350433 0.081477677968687504 -0.0091028631938157509 -0.051797678045291812 0.10331214247018022 -0.058542749523462161 0.022842548469837656 -0.0529045986062247 0.0038837961989830506
leaf_weight=3.1530227549374095 0.65736715216189956 27.74508273601532 2.2373757548630229 75.261145759373903 1408.3542586825788 4.503705255687235 615.68325660191476 1577.2988535249606 11.519415419548748 40.450879134237766 194.78924960643053 231.49040241166949 998.3321828674525 8.471266243606804 0.67588335368782537 2.3454381711781025 0.94801180204376567 1.1475751567631958 0.87090615928173065 1.264377396088096 1.2110201800242069 1.0965122031047938 6.2943153902888298 4.5590048134326926 15.034836213104425 0.63608894404023875 8.4751216452568752 0.67305478267371732 3.4197600595653057 0.84740651119500476
leaf_count=29 18 163 23 386 7561 20 4161 10886 110 406 1084 1829 7989 109 21 125 20 27 27 74 33 71 29 33 715 17 85 37 146 35
internal_value=4.00135e-06 0.000150266 0.00023966 0.00546829 -0.000431124 0.0222562 -0.000308473 -0.00244288 0.0172451 0.00215541 0.00897828 -0.00342786 0.0016364 -0.0398933 -0.0247557 0.00568431 0.0425732 0.077352 0.0122807 -0.0320651 -0.0059032 0.0559926 0.0625287 -0.0373727 -0.0411419 0.000420062 -0.0494038 -0.045913 -0.040776 -0.0488268
internal_weight=5249.45 5218.62 5206.99 592.054 4614.94 97.5786 4599.67 2192.98 86.7806 494.476 222.534 271.941 2406.69 11.6243 30.8282 5.9693 3.62386 2.67585 1.52827 24.8589 6.40318 2.30753 10.798 15.2715 18.4558 1.90047 10.7125 16.5553 4.09564 15.8822
internal_count=36269 34903 34765 4027 30738 545 30597 15047 496 3482 1247 2235 15550 138 1366 217 92 72 45 1149 271 104 49 141 878 91 108 787 167 750
is_linear=0
shrinkage=0.05


Tree=100
num_leaves=31
num_cat=0
split_feature=11 11 14 14 18 4 9 9 1 13 16 9 9 13 7 0 15 13 15 9 1 0 16 15 0 15 15 0 9 15
split_gain=9.06601 14.4267 10.4297 19.7724 9.30783 10.0345 8.75452 8.4686 7.75493 7.21606 11.6241 8.86272 6.79659 6.07151 12.2192 8.85846 6.14051 6.74922 7.23614 6.47335 5.53597 6.96189 5.01808 5.64616 4.79379 4.40848 6.19884 6.27989 11.0134 4.13222
threshold=16.500000000000004 19.000000000000004 43.500000000000007 39.500000000000007 13.500000000000002 11.500000000000002 451.00000000000006 469.00000000000006 9.5000000000000018 56.870833333333344 30.500000000000004 477.00000000000006 425.00000000000006 57.193750000000009 57.250000000000007 2022.5000000000002 407.00000000000006 54.362373737373751 497.50000000000006 459.00000000000006 3.5000000000000004 2005.5000000000002 40.500000000000007 287.50000000000006 2004.5000000000002 3.5000000000000004 115.50000000000001 2020.5000000000002 503.00000000000006 147.50000000000003
decision_type=2 2 2 2 2 2 2 2 2 2 2 2 2 2 2 2 2 2 2 2 2 2 2 2 2 2 2 2 2 2
left_child=13 -2 3 4 5 -3 -5 -8 9 10 -4 -11 -6 14 16 20 22 19 -19 -18 -16 -22 -1 -24 -10 -15 27 28 -27 -17
right_child=1 2 8 6 12 -7 7 -9 24 11 -12 -13 -14 25 15 29 17 18 -20 -21 21 -23 23 -25 -26 26 -28 -29 -30 -31
leaf_value=1.3893610799977541e-06 -0.0082900655669821584 -0.0069473228163308594 -0.0031977191774147126 0.10290256301703019 -0.045451929466388021 0.0028732320706677493 -0.026020640540083073 0.042021340209007829 -0.0061578825490605513 0.094388604826059985 -0.053551368921661104 -0.0029715959137990148 0.0062263443788860579 -0.062890151860009388 0.081030222575503241 0.022819675526952386 0.013827379422368755 0.020810035051371079 0.0055130638118463726 -0.020779716170803018 0.0011780137461850112 0.04391592318071337 0.011305465247166333 -0.004658678242004239 -0.061042949489455101 0.013212558182594362 -0.010794532253396929 -0.0051648727710053542 0.10862527484485321 -0.0091309176090514903
leaf_weight=1823.4886143584736 672.6042228336446 553.68973199324682 49.127896850928664 4.6272423770278683 6.4357331907376638 490.58177693001926 5.6639972208067801 23.740114027634263 5.6926670894026783 3.5258798636496049 14.948956983163951 6.9349218755960464 557.71293667564169 3.4187528602778903 5.8602714221924534 17.192511457949877 21.155556982383132 109.17819663416594 264.85887645324692 37.402651995420456 14.550767466425894 27.609415560029447 211.30235676886514 75.061087250709534 13.211550325155256 14.487044901587071 138.03592147445306 25.771587492898107 3.8225027024745932 24.598555936478078
leaf_count=13167 4677 3866 339 26 72 3520 41 148 36 25 108 48 4145 24 35 119 113 631 1521 215 77 166 1336 436 96 90 818 156 20 149
internal_value=0.000179146 -0.00207334 0.000335441 0.00125986 0.000461876 -0.00233379 0.0389748 0.0289147 -0.0159133 -0.00865924 -0.0149451 0.0298443 0.00563681 0.00210445 0.00272064 0.020846 0.00208036 0.00750701 0.00997812 -0.00827707 0.0354951 0.0291658 0.000967707 0.00712097 -0.0445153 -0.00663761 -0.00558162 0.0107421 0.033132 0.0040133
internal_weight=5226.29 2408.5 1735.89 1642.45 1608.42 1044.27 34.0314 29.4041 93.4419 74.5377 64.0769 10.4608 564.149 2817.79 2632.26 89.8115 2542.45 432.595 374.037 58.5582 48.0205 42.1602 2109.85 286.363 18.9042 185.536 182.117 44.0811 18.3095 41.7911
internal_count=36220 17147 12470 11818 11603 7386 215 189 652 520 447 73 4217 19073 17965 546 17419 2480 2152 328 278 243 14939 1772 132 1108 1084 266 110 268
is_linear=0
shrinkage=0.05


Tree=101
num_leaves=31
num_cat=0
split_feature=8 11 11 8 13 18 17 12 8 18 17 11 11 11 17 18 11 17 8 13 9 8 13 18 13 7 8 17 16 12
split_gain=10.6832 9.30063 13.4552 27.7969 10.4991 9.80763 9.04193 8.25919 8.02076 12.6732 9.91829 9.8976 9.33659 12.7411 12.3515 7.58635 9.2583 8.60251 9.22449 7.54022 7.89092 6.93864 9.15613 6.19473 8.7874 14.8334 5.95693 5.87903 10.8181 9.60669
threshold=38.750000000000007 16.500000000000004 19.000000000000004 35.350000000000001 57.636029411764717 11.500000000000002 1150.5000000000002 63.916666666666679 36.650000000000013 13.500000000000002 13.500000000000002 37.500000000000007 62.000000000000007 53.000000000000007 148.50000000000003 17.500000000000004 15.500000000000002 18.500000000000004 39.350000000000001 56.894444444444453 459.00000000000006 33.95000000000001 54.013888888888893 6.5000000000000009 55.12916666666667 54.250000000000007 13.65 210.00000000000003 8.5000000000000018 36.422916666666673
decision_type=2 2 2 2 2 2 2 2 2 2 2 2 2 2 2 2 2 2 2 2 2 2 2 2 2 2 2 2 2 2
left_child=1 7 3 21 5 -5 -6 -1 9 11 -11 -4 13 -10 -14 16 23 18 -17 20 -9 -3 -23 24 -2 -26 -21 -19 29 -29
right_child=15 2 8 4 6 -7 -8 19 12 10 -12 -13 14 -15 -16 17 -18 27 -20 26 -22 22 -24 -25 25 -27 -28 28 -30 -31
leaf_value=0.00094752484346612349 -0.055752455155022113 0.009311802319892256 -0.0050175499873875316 -0.040795994510649421 -0.0042785014717751898 -0.017242536279466252 0.090828580056068323 -0.003011425365727178 -0.0064394865133269117 0.064359278318453672 0.0085072728757469955 0.0056995053173149327 -0.055927493728918559 -0.057958213253537207 0.032451697410777171 0.14055155492346558 -0.030803512430463521 -0.040144003789348792 -0.019205278926427198 0.052454519361986619 0.012354002674229224 0.031480621736506682 -0.00650664200434708 -0.02501646149483959 0.19740546843819312 0.023664828299817208 -0.007804407038564754 0.19748562598916364 -0.011889637076759045 0.036685559949660891
leaf_weight=2062.8913391772658 2.7306584529578712 118.36666749045253 562.24175912886858 73.4157156907022 10.173426626250146 111.05167981050909 3.3128370717167845 101.88237803801894 328.92758311890066 8.1050980985164625 412.09519941918552 349.26613655872643 4.61264001764357 12.455395445227621 27.656090319156647 2.3041579015553029 68.890958358999342 7.4915308090858188 1.4865049785003064 4.2831120938062659 464.51889169402421 16.656834654510021 332.69677824527025 10.402369075920431 1.3870310746133316 10.749225434847174 96.609522618353367 1.1829075524583483 13.543162031099198 4.3245906447991729
leaf_count=12560 51 586 3286 669 106 1047 27 742 2999 54 2484 2242 72 149 268 39 2020 182 44 18 2997 101 2008 244 28 215 586 20 284 92
internal_value=0.000168868 0.000522037 -0.00176892 -0.00779762 -0.023503 -0.0266165 0.0190841 0.00251162 0.000584339 0.00240069 0.00958458 -0.000911053 -0.00588918 -0.00831915 0.0198184 -0.0143026 -0.021308 0.00744401 0.0779031 0.00734691 0.00959012 -0.00115061 -0.00469545 0.00457926 0.0252874 0.0435213 -0.00524628 -0.0026187 0.0121378 0.0712224
internal_weight=5225.71 5101.22 2371.03 665.674 197.954 184.467 13.4863 2730.19 1705.36 1331.71 420.2 911.508 373.652 341.383 32.2687 124.493 94.1602 30.3329 3.79066 667.294 566.401 467.72 349.354 25.2693 14.8669 12.1363 100.893 26.5422 19.0507 5.5075
internal_count=36220 33001 16098 4544 1849 1716 133 16903 11554 8066 2538 5528 3488 3148 340 3219 2558 661 83 4343 3739 2695 2109 538 294 243 604 578 396 112
is_linear=0
shrinkage=0.05


Tree=102
num_leaves=31
num_cat=0
split_feature=8 11 11 8 0 18 0 14 14 8 11 11 8 8 12 12 18 11 13 9 0 13 15 13 12 15 18 13 1 8
split_gain=9.81533 8.4004 12.2329 25.6956 13.5655 11.6099 9.61523 9.39109 17.9333 12.8304 11.4818 10.1708 7.85282 7.78662 7.41312 7.31372 6.99534 8.69358 6.76637 7.05461 7.77082 5.81039 9.4446 7.015 7.41174 5.75417 5.54942 7.84327 8.84269 5.3459
threshold=38.750000000000007 16.500000000000004 19.000000000000004 35.350000000000001 2011.5000000000002 4.5000000000000009 2011.5000000000002 43.500000000000007 37.500000000000007 33.550000000000004 58.000000000000007 62.000000000000007 35.550000000000004 33.95000000000001 63.916666666666679 110.23333333333333 17.500000000000004 15.500000000000002 56.894444444444453 459.00000000000006 2000.5000000000002 55.620192307692314 67.500000000000014 55.53708791208792 74.147500000000022 3.5000000000000004 6.5000000000000009 55.12916666666667 10.500000000000002 13.65
decision_type=2 2 2 2 2 2 2 2 2 2 2 2 2 2 2 2 2 2 2 2 2 2 2 2 2 2 2 2 2 2
left_child=1 14 3 6 12 -6 -3 8 11 -9 -10 -4 -5 -8 25 -11 17 26 19 20 -16 22 -18 24 -24 -1 27 -2 -29 -20
right_child=16 2 7 4 5 -7 13 9 10 15 -12 -13 -14 -15 18 -17 21 -19 29 -21 -22 -23 23 -25 -26 -27 -28 28 -30 -31
leaf_value=-0.041081197721936635 -0.055460165153281171 0.0064613666110658694 -0.00076479736015861398 -0.0079161990936820019 -0.047816126726168445 0.0020243108748184929 0.0048383083066956337 0.038342547787582636 0.035565893773320714 -0.025210359001072158 -0.036800005346936213 0.014435662444302702 -0.040323613519686781 -0.014119356405060571 0.066298927992112275 0.039343763389944053 0.12471680341180694 -0.030091456942241957 0.04943545355980284 0.011664997620538381 -0.0056275603326033322 -0.014559414766825138 -0.02860670006953956 0.11631160886720962 0.057350575375022028 0.0010657720143276836 -0.024298354224063415 0.072573439554669758 -0.013776218833790491 -0.0074416856224384462
leaf_weight=8.1302555799484235 2.6108258971944478 221.4474948272109 1434.1259669195861 23.492100302129984 14.220813142135738 65.509778836742043 80.58835507184267 10.042431764304636 54.048024883493781 77.183317136019468 6.0998785719275466 119.19454304128885 91.502271752804518 165.19828660413623 3.9051037766039363 4.6520939394831649 2.2032223539426949 67.042562928982079 4.3165416419506064 467.28510621003807 97.802233768627048 15.477970794308929 7.6708615487441403 1.4485064279288042 3.7259097695350647 2055.6813050564378 10.180047940462826 7.8039478817954642 4.7813814971596003 96.261641938239336
leaf_count=73 51 1264 9621 182 140 632 395 51 326 549 43 938 895 1036 30 26 31 2020 18 2997 712 396 157 27 50 12487 244 154 89 586
internal_value=0.000158036 0.00049453 -0.00168583 -0.0074548 -0.0227143 -0.00686527 -0.00109523 0.00055349 0.0014389 -0.0149953 0.0282269 0.000401615 -0.0337031 -0.00790353 0.00238288 -0.0215407 -0.0138023 -0.0206568 0.00695436 0.0090676 -0.00286591 0.00694977 0.0290728 0.0126679 -0.000504965 0.000899737 0.00426915 0.0234068 0.0397677 -0.00500067
internal_weight=5223.63 5100.69 2367.31 661.959 194.725 79.7306 467.234 1705.35 1613.47 91.8778 60.1479 1553.32 114.994 245.787 2733.38 81.8354 122.945 92.4188 669.571 568.992 101.707 30.5265 15.0485 12.8453 11.3968 2063.81 25.3762 15.1962 12.5853 100.578
internal_count=36220 33001 16098 4544 1849 772 2695 11554 10928 626 369 10559 1077 1431 16903 575 3219 2558 4343 3739 742 661 265 234 207 12560 538 294 243 604
is_linear=0
shrinkage=0.05


Tree=103
num_leaves=31
num_cat=0
split_feature=8 11 11 8 0 18 0 5 8 15 2 15 17 8 8 12 15 17 18 11 17 8 12 17 8 17 17 12 15 4
split_gain=9.00759 7.58632 11.1222 23.7431 12.8189 10.9048 8.69489 8.08575 7.53177 7.32013 12.314 15.3534 9.59728 7.09369 6.87677 6.788 15.7032 7.93208 6.45546 8.16249 6.8871 6.71448 6.17423 5.64177 6.50093 5.38251 7.91041 6.82347 5.32749 5.15878
threshold=38.750000000000007 16.500000000000004 19.000000000000004 35.350000000000001 2011.5000000000002 4.5000000000000009 2011.5000000000002 1.5000000000000002 35.550000000000004 85.500000000000014 5.5000000000000009 79.000000000000014 1192.5000000000002 33.95000000000001 13.65 65.269791666666677 407.00000000000006 6.5000000000000009 17.500000000000004 15.500000000000002 18.500000000000004 39.350000000000001 63.916666666666679 1369.0000000000002 35.550000000000004 210.00000000000003 245.50000000000003 36.422916666666673 3.5000000000000004 11.500000000000002
decision_type=2 2 2 2 2 2 2 2 2 2 2 2 2 2 2 2 2 2 2 2 2 2 2 2 2 2 2 2 2 2
left_child=1 14 3 6 8 -6 7 -3 -5 10 11 -4 -12 -8 -1 17 -17 -11 19 29 21 -20 28 -24 -25 -22 -27 -28 -16 -2
right_child=18 2 9 4 5 -7 13 -9 -10 15 12 -13 -14 -15 22 16 -18 -19 20 -21 25 -23 23 24 -26 26 27 -29 -30 -31
leaf_value=0.055402137125054332 -0.024584808218908807 0.0044909943665771192 0.019141982443976007 -0.0075600801781869065 -0.047073057798098839 0.0019202810022747518 0.0045889645275756161 0.06200404867493773 -0.039457475464500215 0.053612026539594494 -0.01109875776525711 0.10866556488114343 0.055121368779242147 -0.013518626669250475 -0.040187490995952702 -0.010861043869160522 0.009656096469956986 0.0013826487034688431 0.1143975047703133 -0.029379571404870658 -0.039584063162134649 -0.018868802991761278 0.0051213936424104054 -0.00015429708917368186 0.039738884023236193 0.11168920438207675 0.065240152412893312 -0.014300662313075899 0.00094768618858906645 0.021716560435126497
leaf_weight=6.0742629319429389 9.745712801348418 215.81899013370275 69.56766184233129 23.371910776942968 13.735398929566143 65.603324381634593 80.715455412864685 6.2893009707331649 88.901931509375572 7.3185279890894881 56.82388230226934 5.1433439739048472 6.0545026287436476 163.94499285146594 7.9013704787939778 351.1738551016897 126.98186552710831 1082.4740781150758 2.6421740055084255 65.279026858508587 7.23489562282339 1.4716050848364828 624.71105569601059 16.927343122661114 25.742441490292549 1.7710785064846302 3.3285273220390108 14.194824107922612 2054.9791555926204 15.718998725526035
leaf_count=25 201 1221 556 182 140 632 395 43 895 55 475 35 33 1036 73 2562 717 7121 39 2020 182 44 4123 77 125 31 76 289 12480 337
internal_value=0.000148049 0.000468425 -0.00160629 -0.00712632 -0.021946 -0.00656162 -0.00104272 0.00611956 -0.0328174 0.000524587 0.0115825 0.0253051 -0.00472248 -0.00754479 0.00226077 -0.000445756 -0.00541239 0.0017334 -0.0133131 -0.0200135 0.00652913 0.0667247 0.00214254 0.00632286 0.023913 -0.00280512 0.010986 0.000807964 0.000790128 0.00399636
internal_weight=5221.64 5100.25 2363.92 658.381 191.613 79.3387 466.769 222.108 112.274 1705.54 137.589 74.711 62.8784 244.66 2736.34 1567.95 478.156 1089.79 121.387 90.7437 30.6431 4.11378 2730.26 667.381 42.6698 26.5293 19.2944 17.5234 2062.88 25.4647
internal_count=36220 33001 16098 4544 1849 772 2695 1264 1077 11554 1099 591 508 1431 16903 10455 3279 7176 3219 2558 661 83 16878 4325 202 578 396 365 12553 538
is_linear=0
shrinkage=0.05


Tree=104
num_leaves=31
num_cat=0
split_feature=8 11 14 14 1 17 8 11 15 11 11 17 8 13 15 8 17 18 11 17 17 18 13 1 17 17 8 9 9 8
split_gain=8.25431 6.85369 10.9405 11.1262 9.74119 9.99087 14.6897 9.26046 24.1599 11.0855 8.9917 8.59591 6.17462 8.20919 6.17803 8.03397 6.03578 5.94608 7.67453 5.85208 5.85093 5.07831 7.02088 7.27726 4.99364 6.48339 6.51646 4.8717 4.17851 4.05426
threshold=38.750000000000007 16.500000000000004 43.500000000000007 39.500000000000007 9.5000000000000018 827.50000000000011 36.250000000000007 62.000000000000007 203.50000000000003 53.000000000000007 27.000000000000004 1192.5000000000002 13.65 57.193750000000009 407.00000000000006 35.650000000000013 622.50000000000011 17.500000000000004 15.500000000000002 18.500000000000004 12.500000000000002 6.5000000000000009 55.12916666666667 10.500000000000002 210.00000000000003 245.50000000000003 38.95000000000001 495.00000000000006 417.00000000000006 33.95000000000001
decision_type=2 2 2 2 2 2 2 2 2 2 2 2 2 2 2 2 2 2 2 2 2 2 2 2 2 2 2 2 2 2
left_child=1 12 3 7 5 27 -7 9 -9 -3 -5 -12 -1 14 16 -16 -14 18 21 20 -19 22 -2 -24 -21 -26 -27 -4 -20 -6
right_child=17 2 4 10 29 6 -8 8 -10 -11 11 -13 13 -15 15 -17 -18 19 28 24 -22 -23 23 -25 25 26 -28 -29 -30 -31
leaf_value=0.052385837562610962 -0.055187521578523857 -0.0008823303900874727 -0.013299562716073104 -0.00772697968436898 0.010665124688080022 0.019734341975801928 -0.047253951530792399 -0.017626064748723243 0.028676296984791433 -0.01357101585419411 0.053300447655142774 -0.0032813419127040245 -0.0012623763614484685 -0.0083715088128726856 0.0016819786924003887 0.015147433791472568 0.0041002710746826923 0.024515738547253235 0.094737603534742323 -0.03897021996859986 0.15511560104530892 -0.023897792588732175 0.064642868465330613 -0.013145579649399705 0.097416649040698022 -0.054912653058617145 0.017427489383753526 -0.047934280510368882 -0.029999438550078653 -0.047630727547589576
leaf_weight=6.1020371764898291 2.490481814369562 1872.8899293811992 28.505841210484505 16.344083487987518 3.3659826219081905 41.949592232704163 10.167298592627047 43.886704862117767 78.682392237707973 189.55411416105926 24.088635366410017 9.3054029047489148 973.5963440053165 177.2769333794713 231.81062858551741 212.14631960913539 1138.0266725402325 3.1617028601467636 0.67862453171983261 6.9877219996415105 1.176784918643534 10.057332999072967 8.2946450859308225 4.7160864551551631 1.9246715959161544 4.0461173113435533 13.5002742735669 15.769892230629919 62.91811004281044 26.176183987408876
leaf_count=25 51 12669 218 108 17 229 91 403 553 1301 146 52 7028 1033 1078 1272 6467 63 22 182 20 244 154 89 31 64 301 119 1998 192
internal_value=0.000138717 0.000443666 -0.00153074 -0.000722707 -0.0158695 -0.00817107 0.00666583 -0.00125499 0.0120974 -0.00204852 0.0226609 0.0375337 0.00214539 0.00203321 0.00275497 0.00811649 0.00162774 -0.0128258 -0.0193686 0.00611496 0.0599401 0.00377183 0.0217241 0.0364464 -0.00271083 0.0103018 0.000746185 -0.0256356 -0.0286684 -0.0409886
internal_weight=5219.6 5099.64 2360.69 2234.75 125.935 96.3926 52.1169 2185.01 122.569 2062.44 49.7381 33.394 2738.96 2732.86 2555.58 443.957 2111.62 119.953 89.1553 30.7973 4.33849 25.5585 15.5012 13.0107 26.4588 19.4711 17.5464 44.2757 63.5967 29.5422
internal_count=36220 33001 16098 15232 866 657 320 14926 956 13970 306 198 16903 16878 15845 2350 13495 3219 2558 661 83 538 294 243 578 396 365 337 2020 209
is_linear=0
shrinkage=0.05


Tree=105
num_leaves=31
num_cat=0
split_feature=8 6 14 15 0 13 8 13 8 13 17 15 12 5 14 17 15 13 17 8 12 8 8 0 17 18 0 12 17 18
split_gain=7.80873 7.64804 10.1832 6.31804 8.46353 9.44801 11.1375 9.17194 7.8049 9.84277 9.72687 7.78261 9.27572 6.73312 5.47053 5.64179 5.51045 4.31639 5.34626 3.86689 0.704597 1.91863 0.612277 1.16393 0.0161945 0.000589254 0.00015824 6.09519e-05 5.24338e-05 3.45912e-05
threshold=40.45000000000001 7.5000000000000009 44.500000000000007 95.500000000000014 2009.5000000000002 56.77350427350428 34.850000000000001 56.741666666666667 36.550000000000004 53.939338235294123 1369.0000000000002 88.000000000000014 24.214743589743595 1.5000000000000002 27.500000000000004 1408.5000000000002 538.50000000000011 57.343137254901968 8.5000000000000018 35.150000000000013 82.698263888888917 40.95000000000001 35.95000000000001 2010.5000000000002 705.00000000000011 19.500000000000004 2003.5000000000002 36.622820512820518 365.00000000000006 17.500000000000004
decision_type=2 2 2 2 2 2 2 2 2 2 2 2 2 2 2 2 2 2 2 2 2 2 2 2 2 2 2 2 2 2
left_child=1 3 14 11 5 7 -7 -5 10 -10 -6 12 19 -14 15 16 -3 18 -13 -1 26 -22 24 -24 -16 -23 28 29 -2 -28
right_child=20 2 -4 4 8 6 -8 -9 9 -11 -12 17 13 -15 22 -17 -18 -19 -20 -21 21 25 23 -25 -26 -27 27 -29 -30 -31
leaf_value=0.05911691109016734 -0.050911962149878934 -0.010434249258533316 0.063762098873718184 0.0047162455289931834 0.0017283507250640815 0.0082893180193294169 -0.014122240596217785 0.03156759759362545 0.028867266385722706 -0.0061140116414266539 -0.012230781348432479 0.045966024989314978 -0.0048133150288559899 0.02180483985225392 -0.055283624471347638 0.076319846895104126 -0.057614147392809539 0.043466873505144027 -0.023946861561880375 0.0071219310758469717 0.088807827831355726 -0.050627410766371977 -0.055289341386627805 -0.0054517228733013956 -0.060102234415429084 -0.053362556418155953 -0.050599750057357222 -0.050528821643359846 -0.051346353386891801 -0.05115893220887674
leaf_weight=8.3947924450039846 1.827832000330089 75.278070062398911 4.0768253356218329 1403.2600916214287 1999.1979476716369 90.064155980944633 144.17653125710785 32.540559880435467 20.69346536975354 711.71556633803993 133.10340680927038 2.8402834553271523 462.13065302371979 25.045006137341261 3.1104422025382501 1.7537726312875737 6.743283098563551 2.6586852706968775 73.411283306777477 6.2292693331837645 0.34907807176932582 0.42534233490005136 2.8663314376026392 1.9813408572226761 3.9681413546204567 0.36666907556355 0.45531370257958748 4.096586792729795 1.1205722019076345 0.70448399893939495
leaf_count=42 115 938 39 9321 11446 436 1010 259 201 6449 646 26 3625 205 39 11 62 17 550 42 17 39 43 31 33 7 42 423 51 34
internal_value=-1.35287e-06 8.04761e-05 -0.0136294 0.00034789 0.000976703 0.00380579 -0.00550513 0.0053248 -0.00067257 -0.00512565 0.000856988 -0.0045625 -0.00226712 -0.00344491 -0.0169262 -0.0124157 -0.0143131 -0.0191591 -0.0213427 0.0369691 -0.045664 -0.00885077 -0.0486096 -0.0349197 -0.0579849 -0.0518937 -0.0507839 -0.0506194 -0.0510771 -0.0509394
internal_weight=5224.59 5215.24 99.7782 5115.46 4534.75 1670.04 234.241 1435.8 2864.71 732.409 2132.3 580.71 501.8 487.176 95.7014 83.7751 82.0214 78.9103 76.2516 14.6241 9.34588 1.14109 11.9263 4.84767 7.07858 0.792011 8.20479 5.25638 2.9484 1.1598
internal_count=36199 35471 1196 34275 29768 11026 1446 9580 18742 6650 12092 4507 3914 3830 1157 1011 1000 593 576 84 728 63 146 74 72 46 665 499 166 76
is_linear=0
shrinkage=0.05


Tree=106
num_leaves=31
num_cat=0
split_feature=8 6 14 9 9 9 12 17 14 6 15 1 17 14 12 3 13 12 8 13 8 18 3 12 16 6 8 3 6 15
split_gain=7.38756 6.98394 8.97175 7.72202 15.1624 7.64029 6.71552 6.3808 6.12019 11.2248 6.02314 5.17339 4.82867 3.76081 3.28966 2.5911 1.18681 0.7026 1.69508 0.336571 0.0109254 0.000504843 6.30555e-05 4.74988e-05 3.85391e-05 2.61832e-05 1.54144e-05 1.167e-05 3.25832e-06 3.09983e-06
threshold=40.45000000000001 7.5000000000000009 44.500000000000007 463.00000000000006 461.00000000000006 409.00000000000006 54.288888888888899 1408.5000000000002 49.500000000000007 3.5000000000000004 3.5000000000000004 10.500000000000002 865.50000000000011 22.500000000000004 56.439772727272732 5.5000000000000009 55.322916666666679 82.698263888888917 40.95000000000001 54.059027777777786 34.350000000000001 19.500000000000004 5.5000000000000009 43.754791666666677 47.500000000000007 4.5000000000000009 40.750000000000007 7.5000000000000009 6.5000000000000009 260.00000000000006
decision_type=2 2 2 2 2 2 2 2 2 2 2 2 2 2 2 2 2 2 2 2 2 2 2 2 2 2 2 2 2 2
left_child=1 5 3 4 6 16 -3 13 10 12 14 -12 -10 -5 -7 -11 19 22 -19 -1 -21 -20 28 25 27 26 -24 -25 -2 -27
right_child=17 2 -4 7 -6 8 -8 -9 9 15 11 -13 -14 -15 -16 -17 -18 18 21 20 -22 -23 23 24 -26 29 -28 -29 -30 -31
leaf_value=-0.032509361597225971 -0.050532077635699682 0.020506471306542914 0.057866212892972203 -0.019828363194918708 0.13457124896678577 -0.0099185928412578832 -0.054212653560919616 0.069778378386929893 0.064908036646996667 -0.055590589121590997 0.0015579381723630312 -0.0021604182448915071 -0.0059276182758121899 -0.049080394259557514 -0.057775162437445994 -0.020620565222724412 -0.0086560203742007246 0.078116157624063112 -0.050596538861275075 -0.059115756078468612 -0.054695397640706495 -0.053189740829385171 -0.051388041254707077 -0.050756069764375814 -0.051322497061644462 -0.050725987840599965 -0.051027714114511291 -0.050561995653318426 -0.050358880527432461 -0.05092957697010965
leaf_weight=1.9750071130692939 1.6915755718946441 8.9626447502523643 4.2625001911073914 63.655477085150778 2.2906505912542334 7.9120948966592533 4.5255918484181157 1.8225815668702114 4.016579959541561 13.045314032584431 3819.6041368460283 1238.8267684178427 5.9991539381444454 13.280058944597839 6.5750438142567873 8.9182715378701669 2.1112910415977231 0.37624909961596109 0.40483879158273339 2.0454057529568672 4.4153722571209073 0.34989099204540253 0.40090584568679366 1.5503743384033448 0.23557464266195882 0.65594930062070478 1.1430614185519514 1.5480036586523054 0.32348113926127542 0.26150705013424158
leaf_count=21 175 88 39 792 24 74 76 11 26 84 25891 7883 44 166 77 60 27 17 39 17 71 7 18 126 12 52 65 153 47 17
internal_value=-2.36616e-06 7.5502e-05 -0.0130916 -0.0162909 0.015635 0.00032981 -0.00456339 -0.0226872 0.000417643 -0.0213872 0.000555099 0.0006473 0.0224794 -0.0248776 -0.0316385 -0.0413911 -0.0421821 -0.0454117 -0.00857922 -0.0505729 -0.0560948 -0.0517987 -0.0507452 -0.050829 -0.050706 -0.0509956 -0.0511213 -0.0506591 -0.0505043 -0.050784
internal_weight=5223.19 5214.24 98.7995 94.537 15.7789 5115.44 13.4882 78.7581 5104.9 31.9793 5072.92 5058.43 10.0157 76.9355 14.4871 21.9636 10.5471 8.94141 1.13098 8.43579 6.46078 0.75473 7.81043 5.79538 3.33395 2.46142 1.54397 3.09838 2.01506 0.917456
internal_count=36199 35471 1196 1157 188 34275 164 969 34139 214 33925 33774 70 958 151 144 136 728 63 109 88 46 665 443 291 152 83 279 222 69
is_linear=0
shrinkage=0.05


Tree=107
num_leaves=31
num_cat=0
split_feature=6 9 9 13 9 0 15 0 13 9 0 15 17 17 17 0 9 13 18 11 17 11 17 5 13 13 13 13 17 11
split_gain=6.41309 7.49911 11.4441 7.98599 7.15533 6.47918 5.57529 5.83331 4.90177 6.31415 8.34459 7.64642 5.56122 13.5619 11.1847 4.56617 9.00497 5.8268 4.67678 4.36676 5.85414 2.44651 2.17909 1.51558 1.1533 0.947049 0.526016 0.341611 0.0133408 0.00596302
threshold=7.5000000000000009 463.00000000000006 461.00000000000006 56.972222222222229 409.00000000000006 2018.5000000000002 3.5000000000000004 2000.5000000000002 54.620192307692314 437.00000000000006 2000.5000000000002 97.000000000000014 934.00000000000011 1141.5000000000002 865.50000000000011 2019.5000000000002 513.00000000000011 53.348484848484858 12.500000000000002 33.500000000000007 483.50000000000006 15.500000000000002 176.50000000000003 1.5000000000000002 55.322916666666679 56.689903846153854 55.064583333333339 54.059027777777786 603.50000000000011 31.000000000000004
decision_type=2 2 2 2 2 2 2 2 2 2 2 2 2 2 2 2 2 2 2 2 2 2 2 2 2 2 2 2 2 2
left_child=4 2 3 5 24 21 7 -6 9 10 -8 -11 14 -14 -10 17 18 -3 25 20 -19 -2 -20 26 27 -17 -9 -1 -21 -29
right_child=1 15 -4 -5 6 -7 8 23 12 11 -12 -13 13 -15 -16 16 -18 19 22 28 -22 -23 -24 -25 -26 -27 -28 29 -30 -31
leaf_value=-0.03165740292773344 0.015386064489117352 0.055179956057990892 0.1164857082314556 0.077536337035742864 0.054161331433080051 0.079632006426242102 0.038503589336314384 -0.026842445466090683 -0.00057035240223177706 -0.0081480493055326782 -0.020085741161596636 0.0072473299913417034 0.0083022697338034218 -0.0013603676279566827 -0.011429539666648853 -0.055277715138952799 0.078571751794903624 -0.038442751193943137 -0.015061313217734341 -0.052800054290634085 -0.0046189323435420681 -0.045772721735304021 0.044867267497160357 -0.0099154816789383954 -0.008569690567219795 -0.016497958848109808 -0.057464162919339312 -0.056824456013250139 -0.056382266581025624 -0.053513955891506496
leaf_weight=1.9279610924422721 2.0750206699594873 2.1981590446084729 2.5055941473692647 2.7079849266447118 1.7651732265949238 1.4740904150530685 6.9847573079168788 1.6976138940080989 2482.6190018421039 92.429826038889587 46.775190493091941 632.96349449036643 567.47799847694114 1008.463177099824 262.15954909054562 4.5686147809028643 3.294946171808987 25.293009490706027 2.7533019557595253 3.8960701809264702 25.88408398674801 7.7145233899354935 3.3777486127801239 2.7165364082902661 2.1112601421773425 2.4021349614486098 8.0653087259270233 4.1962518873624504 7.8073881836608052 2.0126758683472872
leaf_count=21 24 22 25 26 21 19 46 24 18137 732 347 4253 3345 5986 1830 65 39 345 25 92 275 101 40 22 28 28 93 51 98 39
internal_value=-3.17608e-06 -0.0126763 0.0180874 0.000441157 0.000239072 -0.0180939 0.00032271 -0.0309145 0.000409959 0.0040603 -0.0124735 0.00528565 -0.000248305 0.00211904 -0.00160754 -0.0188978 0.00468378 -0.0248392 -0.0138982 -0.0276365 -0.0213355 -0.0328093 0.0179548 -0.0429482 -0.0414985 -0.0419141 -0.0521395 -0.0500425 -0.0551898 -0.0557513
internal_weight=5222.32 97.9527 16.4772 13.9716 5124.37 11.2636 5114.12 14.2446 5099.87 779.153 53.7599 725.393 4320.72 1575.94 2744.78 81.4755 16.3967 65.0787 13.1018 62.8806 51.1771 9.78954 6.13105 12.4795 10.2481 6.97075 9.76292 8.13689 11.7035 6.20893
internal_count=36199 1224 195 170 34975 144 34836 160 34676 5378 393 4985 29298 9331 19967 1029 197 832 158 810 620 125 65 139 139 93 117 111 190 90
is_linear=0
shrinkage=0.05


Tree=108
num_leaves=31
num_cat=0
split_feature=8 6 14 9 9 9 17 17 14 6 15 2 0 17 14 8 12 12 8 8 18 18 0 12 17 18 18 17 6 17
split_gain=6.9848 5.86045 7.71737 6.66625 6.48683 10.315 7.05423 5.56653 5.564 10.3863 5.32471 7.93351 7.11636 4.18038 3.70652 2.57393 1.05164 0.701921 1.50618 0.490769 0.00330062 0.000426298 0.000117002 4.5271e-05 3.85756e-05 2.56883e-05 1.26868e-05 6.68468e-06 4.66302e-06 4.09393e-06
threshold=40.45000000000001 7.5000000000000009 44.500000000000007 409.00000000000006 463.00000000000006 461.00000000000006 24.500000000000004 1408.5000000000002 49.500000000000007 3.5000000000000004 95.500000000000014 5.5000000000000009 2007.5000000000002 865.50000000000011 22.500000000000004 35.650000000000013 42.231597222222227 82.698263888888917 40.95000000000001 33.95000000000001 15.500000000000002 19.500000000000004 2003.5000000000002 36.622820512820518 365.00000000000006 17.500000000000004 18.500000000000004 964.00000000000011 5.5000000000000009 171.00000000000003
decision_type=2 2 2 2 2 2 2 2 2 2 2 2 2 2 2 2 2 2 2 2 2 2 2 2 2 2 2 2 2 2
left_child=1 3 4 16 5 6 -3 14 10 13 11 -5 -12 -10 -6 -11 -1 22 -19 -18 -21 -20 24 25 26 -24 29 -26 -25 -2
right_child=17 2 -4 8 7 -7 -8 -9 9 15 12 -13 -14 -15 -16 -17 19 18 21 20 -22 -23 23 28 27 -27 -28 -29 -30 -31
leaf_value=-0.0091206604374457906 -0.050691296248813592 0.10578916411621693 0.052160148041798166 0.0014237229352161308 -0.018428276262893197 0.1030266457567226 -0.016316879895339153 0.063325883525883017 0.059942913556841872 -0.027843357655760459 0.0042488955634318176 -0.010349668390056493 -0.00016229729225450615 -0.005490396950097523 -0.048235446848043477 -0.064440066044164065 -0.020808338058414248 0.069235958409828685 -0.050566929344517522 -0.054049782477202518 -0.056629253073179744 -0.053013711306334026 -0.050542206352854828 -0.050510438557569315 -0.051352062861783038 -0.051048133270477705 -0.051128481175864743 -0.051095224411954722 -0.050380885272889635 -0.050867655870694889
leaf_weight=2.0767038352787477 0.82391899917274558 1.3117387350648666 4.4543029852211466 309.58047098480165 61.82951739244163 2.6889743469655505 12.034129381179808 1.8949199691414822 4.1306548602879065 14.217781305313112 1276.4837321201339 266.06041310820729 3222.2869966682047 5.9671052806079388 12.545785463415084 7.2567937746644011 1.2765766456723211 0.40200029732659437 0.3848696262575686 4.8569399686530232 1.6653788834810255 0.33121970482170582 0.41285937465727307 2.7825190182775263 0.4781636558473108 0.63957909308373928 0.28475297521799792 0.53880457207560539 0.92560795275494445 0.54788521118462086
leaf_count=22 66 10 39 2386 792 24 154 11 26 87 8372 2091 21076 44 166 57 10 17 39 83 21 7 42 293 22 34 14 29 130 35
internal_value=-4.23978e-06 6.98355e-05 -0.0121206 0.000300401 -0.0152226 0.0136855 -0.00431532 -0.0213001 0.000379778 -0.0205451 0.00050997 -0.00401792 0.00108934 0.0212762 -0.0234562 -0.0402103 -0.0407398 -0.0451537 -0.00821757 -0.0491594 -0.0547084 -0.0516987 -0.0507089 -0.0505602 -0.0509736 -0.0508497 -0.0508248 -0.051216 -0.0504781 -0.0507617
internal_weight=5221.17 5212.62 96.7594 5115.86 92.3051 16.0348 13.3459 76.2702 5105.98 31.5723 5074.41 575.641 4498.77 10.0978 74.3753 21.4746 9.8756 8.55218 1.11809 7.7989 6.52232 0.716089 7.43409 4.76057 2.67353 1.05244 1.65656 1.01697 3.70813 1.3718
internal_count=36199 35471 1196 34275 1157 188 164 969 34139 214 33925 4477 29448 70 958 144 136 728 63 114 104 46 665 499 166 76 115 51 423 101
is_linear=0
shrinkage=0.05


Tree=109
num_leaves=31
num_cat=0
split_feature=11 9 2 7 4 13 17 9 16 13 13 4 11 11 13 13 9 9 16 13 17 0 18 0 17 17 13 12 13 11
split_gain=5.71006 6.27442 4.68016 8.58992 6.11231 8.5823 6.01196 8.07081 7.42127 7.33144 5.60983 7.82695 6.40987 5.54318 5.20654 8.81037 5.30256 3.91074 7.47481 7.55627 3.76877 5.58054 5.17637 2.33488 3.87885 3.20042 1.05622 0.593747 0.3602 0.00477149
threshold=9.5000000000000018 409.00000000000006 5.5000000000000009 56.250000000000007 11.500000000000002 57.226495726495735 73.500000000000014 539.00000000000011 2.5000000000000004 56.566964285714292 56.878676470588239 11.500000000000002 46.500000000000007 21.000000000000004 56.369318181818194 56.972222222222229 503.00000000000006 459.00000000000006 19.500000000000004 55.885620915032682 934.00000000000011 2016.5000000000002 4.5000000000000009 2018.5000000000002 465.00000000000006 245.50000000000003 55.322916666666679 30.650852272727278 54.059027777777786 31.000000000000004
decision_type=2 2 2 2 2 2 2 2 2 2 2 2 2 2 2 2 2 2 2 2 2 2 2 2 2 2 2 2 2 2
left_child=17 26 3 4 5 -3 14 8 -8 -9 11 -5 -12 -6 16 -16 -4 18 19 -1 22 27 -19 24 -24 -25 28 -22 -2 -30
right_child=1 2 6 10 13 -7 7 9 -10 -11 12 -13 -14 -15 15 -17 -18 20 -20 -21 21 -23 23 25 -26 -27 -28 -29 29 -31
leaf_value=0.067492452303631004 -0.029777751739720189 -0.0038503301015409049 -0.0084396626446053193 0.01350391418394045 -1.8593742652171794e-05 0.077740794632893975 0.0048139007656814517 -0.040297806824332705 -0.00198523119396787 0.0069317537689657857 -0.0061234800899411142 0.0032345383929526295 0.041754654516558284 0.010098251891158306 -0.03512527146722224 0.001305251793248791 0.015055961250796319 0.058560431842970086 -0.061203418815461652 -0.02891861632855787 0.082388225104523788 0.0031363851691903299 0.018034823840807037 -0.0059698163809633149 -0.037071514990871288 0.052957762500013529 -0.0095556196455824777 0.056368078101870778 -0.05627665225318184 -0.053187484685952829
leaf_weight=4.1286395937204343 1.8249497748911361 900.46380720520392 140.97167672915384 280.50172407086939 505.87179987179115 3.2345581222325555 517.3083481695503 24.034847361966968 1790.2641257210635 12.485010495409368 143.08485043793917 548.08075352432206 7.349680980667471 184.88042434677482 41.890710045583546 27.48473294172436 28.94354337407276 5.0497598275542286 4.3444577455520621 4.0026202276349068 4.2838137224316579 5.059536136686801 5.9865192398428935 4.9267926663160306 6.8439826294779778 4.3284725472331047 2.1712024612352252 4.4907078482210636 3.8892297190614045 1.842038359493017
leaf_count=21 21 6268 1315 1815 3623 25 3756 180 11723 91 896 3678 64 1444 406 235 267 25 22 21 21 24 35 24 38 20 30 21 51 39
internal_value=-4.84008e-06 -0.000173033 -9.73562e-05 0.00141183 -0.000851743 -0.0035583 -0.00160075 -0.000830098 -0.000461011 -0.0241515 0.00509834 0.00671105 -0.00378433 0.00268919 -0.00915008 -0.0206925 -0.00443739 0.0162544 -0.00825555 0.020034 0.023718 0.0449569 0.0128901 0.00244787 -0.0113597 0.0215892 -0.0402919 0.0690714 -0.0491237 -0.0552838
internal_weight=5220.02 5166.58 5156.85 2573.47 1594.45 903.698 2583.38 2344.09 2307.57 36.5199 979.017 828.582 150.435 690.752 239.291 69.3754 169.915 53.4453 12.4757 8.13126 40.9696 13.8341 27.1355 22.0858 12.8305 9.25527 9.72742 8.77452 7.55622 5.73127
internal_count=36199 35927 35786 17813 11360 6293 17973 15750 15479 271 6453 5493 960 5067 2223 641 1582 272 64 42 208 66 142 117 73 44 141 42 111 90
is_linear=0
shrinkage=0.05


Tree=110
num_leaves=31
num_cat=0
split_feature=3 8 0 13 9 0 8 9 12 6 0 13 9 8 0 7 18 8 13 11 12 9 14 11 8 7 8 14 8 8
split_gain=6.87749 11.966 12.2433 15.3557 9.53214 14.6755 10.6406 9.50222 8.39501 7.85269 8.0836 10.0752 7.43116 7.30074 8.23593 6.70042 8.97691 6.47499 6.2137 7.96955 6.53231 5.78911 9.39979 7.35489 5.33514 5.29519 6.93852 5.11736 7.71961 5.3191
threshold=5.5000000000000009 36.850000000000001 2000.5000000000002 54.283482142857146 455.00000000000006 2004.5000000000002 36.45000000000001 513.00000000000011 27.78948863636364 4.5000000000000009 2019.5000000000002 57.771241830065371 427.00000000000006 37.95000000000001 2016.5000000000002 54.250000000000007 14.500000000000002 13.750000000000002 57.064583333333339 46.500000000000007 80.18980392156864 487.00000000000006 21.500000000000004 46.500000000000007 34.150000000000013 57.250000000000007 35.150000000000013 7.5000000000000009 36.150000000000013 35.550000000000004
decision_type=2 2 2 2 2 2 2 2 2 2 2 2 2 2 2 2 2 2 2 2 2 2 2 2 2 2 2 2 2 2
left_child=1 2 3 -1 5 6 -4 8 13 10 12 15 -2 14 -3 16 -12 -11 20 -20 -6 23 -23 -10 -7 -14 -27 28 -5 -29
right_child=9 7 4 27 18 24 -8 -9 21 17 11 -13 25 -15 -16 -17 -18 -19 19 -21 -22 22 -24 -25 -26 26 -28 29 -30 -31
leaf_value=0.11826365541695011 -0.020092311381099716 0.01671547887309259 0.025565648538618521 -0.011256557818486891 0.003223876351622159 -0.0032655863893176203 -0.042217912248906392 -0.028630557288852162 -0.0078036182868572827 0.03061006564454747 0.046844296811566287 0.10361804871037378 0.0026010042074085943 -0.026865679079333727 0.11496314841965416 0.0074349648217077006 0.00061673486535714984 -0.0014390921293645728 -0.012659294618259452 0.043942136966874025 -0.0065877017110369269 -0.0084868620270953463 0.023776322919661235 -0.030807269159548713 -0.019223532013508189 0.053570073844121491 0.0048091803283090602 0.064916604841212797 0.039580636260325576 0.00548106604143162
leaf_weight=3.9429841190576544 35.532496421597898 5.0271299853920919 41.249779272824526 23.340674016624689 1114.2728276345879 76.391413744539022 6.7350246645510188 58.706151333171874 128.83696383889765 15.946495249867437 26.698685413226485 2.9495709091424933 1374.1672557024285 3.5230493806302539 3.7052994035184383 239.58311442891136 17.311060875654221 1344.7888684128411 122.21117144078016 6.5524084083735934 200.10485789552331 80.873312065377831 31.318372097332031 47.579727347474545 166.60420781001449 11.851636126637461 18.978361138142645 8.8696708232164365 10.980463244020937 6.5398417040705672
leaf_count=24 302 40 265 148 6404 400 54 729 1652 68 194 21 8436 63 20 1482 122 10434 686 43 1212 1029 319 688 1238 52 113 45 67 38
internal_value=0.000265887 -0.00190727 -0.000233391 0.0232856 -0.000961339 -0.00921693 0.0160517 -0.0102299 -0.00663944 0.00177718 0.00401531 0.0116851 0.00248967 0.0338913 0.0584034 0.0107289 0.0286609 -0.00106351 0.000703234 -0.00977901 0.00173013 -0.00836054 0.000519424 -0.0140077 -0.0142068 0.00306077 0.0235538 0.0157551 0.00500794 0.039692
internal_weight=5235.17 2147.37 1787.8 53.6736 1734.12 290.98 47.9848 359.57 300.864 3087.81 1727.07 286.542 1440.53 12.2555 8.73243 283.593 44.0097 1360.74 1443.14 128.764 1314.38 288.608 112.192 176.417 242.996 1405 30.83 49.7306 34.3211 15.4095
internal_count=36388 15164 10624 322 10302 1957 319 4540 3811 21224 10722 1819 8903 123 60 1798 316 10502 8345 729 7616 3688 1348 2340 1638 8601 165 298 215 83
is_linear=0
shrinkage=0.05


Tree=111
num_leaves=31
num_cat=0
split_feature=0 9 11 16 16 11 15 1 14 11 14 12 16 12 12 15 15 12 15 6 1 9 12 12 15 12 9 1 9 1
split_gain=6.28641 8.60884 7.22747 5.33261 8.79085 11.4579 19.9484 11.0199 10.2983 6.70515 12.9572 16.6383 6.49324 6.31473 6.21264 6.09436 14.2748 5.94259 5.18333 4.86917 9.0001 11.2081 9.86891 9.34251 7.26305 7.16543 6.68166 8.61788 7.22834 11.552
threshold=2003.5000000000002 425.00000000000006 21.000000000000004 44.500000000000007 34.500000000000007 51.500000000000007 255.50000000000003 4.5000000000000009 31.500000000000004 21.000000000000004 11.500000000000002 53.653888888888893 33.500000000000007 42.231597222222227 50.09062500000001 283.50000000000006 248.50000000000003 25.73721590909091 444.50000000000006 4.5000000000000009 5.5000000000000009 541.00000000000011 52.832291666666677 37.452500000000008 6.5000000000000009 44.740625000000009 535.00000000000011 2.5000000000000004 497.00000000000006 5.5000000000000009
decision_type=2 2 2 2 2 2 2 2 2 2 2 2 2 2 2 2 2 2 2 2 2 2 2 2 2 2 2 2 2 2
left_child=3 2 18 4 12 7 -7 13 -9 -5 11 -11 15 -6 -14 16 -1 -17 -2 20 21 23 -23 -3 -22 -26 28 -28 -21 -30
right_child=1 19 -4 9 5 6 -8 8 -10 10 -12 -13 14 -15 -16 17 -18 -19 -20 26 24 22 -24 -25 25 -27 27 -29 29 -31
leaf_value=0.0035719148020602735 -0.017235553918579404 0.0090508023146463803 -0.046106368284756991 0.006709445701103588 -0.028121203739250956 -0.0286042271683319 0.15425374391197771 -0.030767822088562186 0.033740924198690063 0.022532668226712932 -0.018322614372650203 0.12960775324432064 -0.0077372796195791143 0.036131961740230888 0.045842809532580089 -0.044959108587010917 0.029568633498395409 -0.0020389758256606078 0.027254064233607635 -0.0035529374098804685 -0.050243751240882331 0.083108786515059041 -0.016709872843887814 -0.0050141950106354742 -0.001141106667552973 0.0065481965185460638 0.032839124392794489 -0.024782502345946061 0.0091099648259426354 -0.0043847576860349298
leaf_weight=364.43326541176066 30.563598746433854 138.13073917664587 17.888714249245822 41.594988564029336 5.2886031493544605 3.2226388975977889 2.7765075191855431 63.559634336270392 6.8540068166330448 8.8120537195354718 6.4116904251277438 6.1671365164220324 7.6925755999982384 13.806832898408173 18.234118491411209 8.5878379903733713 61.752362513914704 132.41782171465456 8.3314619213342649 1353.9881437341683 6.1710966997779897 7.057319953106342 3.8146404623985291 812.78795597935095 442.88895264454186 959.05778341647238 7.3481523110531262 55.489805261604488 344.67345004482195 293.73987459251657
leaf_count=2935 287 820 198 231 32 26 20 409 45 49 40 40 34 93 81 57 389 904 55 10578 68 36 25 5232 2469 5870 62 469 2532 2302
internal_value=0.000251163 -0.000458477 -0.0198032 0.00448281 0.00320909 -0.010869 0.0560256 -0.0153525 -0.0244886 0.0184084 0.0411572 0.0666169 0.00547605 0.0183366 0.0299453 0.00435754 0.00733872 -0.00465299 -0.00770572 -0.000210245 0.00133429 -0.00239397 0.0480855 -0.00297111 0.00388082 0.00411907 -0.00199126 -0.0180443 -0.00148497 0.00290092
internal_weight=5233.54 4481.93 56.7838 751.612 688.626 95.5082 5.99915 89.5091 70.4136 62.9859 21.3909 14.9792 593.118 19.0954 25.9267 567.191 426.186 141.006 38.8951 4425.15 2369.91 961.791 10.872 950.919 1408.12 1401.95 2055.24 62.838 1992.4 638.413
internal_count=36388 31003 540 5385 5025 625 46 579 454 360 129 89 4400 125 115 4285 3324 961 342 30463 14520 6113 61 6052 8407 8339 15943 531 15412 4834
is_linear=0
shrinkage=0.05


Tree=112
num_leaves=31
num_cat=0
split_feature=8 0 8 12 17 9 14 15 9 8 8 8 16 16 14 15 16 8 12 9 12 15 12 12 15 18 12 13 15 17
split_gain=6.35332 5.82421 8.64165 8.81718 8.2081 9.2182 7.30976 9.59982 6.24321 5.77286 5.05534 7.38277 4.88919 9.05083 10.5216 5.93417 5.77821 6.82301 5.5685 5.21653 4.527 13.9787 10.9955 4.50561 4.506 3.84846 3.83282 2.78662 2.16015 1.40466
threshold=40.250000000000007 2003.5000000000002 36.850000000000001 28.076923076923084 181.50000000000003 477.00000000000006 45.500000000000007 220.50000000000003 421.00000000000006 38.250000000000007 13.750000000000002 13.950000000000001 44.500000000000007 34.500000000000007 25.500000000000004 402.50000000000006 33.500000000000007 35.45000000000001 50.09062500000001 433.00000000000006 53.653888888888893 103.50000000000001 45.533272058823535 69.386607142857159 497.50000000000006 19.500000000000004 40.95277777777779 55.53708791208792 156.50000000000003 63.500000000000007
decision_type=2 2 2 2 2 2 2 2 2 2 2 2 2 2 2 2 2 2 2 2 2 2 2 2 2 2 2 2 2 2
left_child=1 12 8 4 29 -6 7 -5 23 -8 28 -12 13 16 19 20 17 -1 -18 -15 22 -22 -14 24 -3 -2 -16 -27 -10 -4
right_child=25 2 3 6 5 -7 9 -9 10 -11 11 -13 15 14 26 -17 18 -19 -20 -21 21 -23 -24 -25 -26 27 -28 -29 -30 -31
leaf_value=0.012171038279316032 -0.046411775450604285 -0.020613018880793827 -0.0088602148536962282 -0.010064933435013385 0.073341186469458128 0.0097643926407516152 -0.044661593033270046 0.00055303577466187393 0.046399691148407543 0.016362859769978682 -0.048836710841192149 0.00091961747954020937 0.028359037245928649 0.039826821294566585 0.071670148532663056 -0.032839626107747336 -0.0072215274107010272 0.00051653629113045758 0.043546829535949072 -0.020193319416577402 0.11111189441655832 0.019121434412502067 -0.035787255805682185 -0.05654873372158984 0.044052636164868098 0.081738938937026065 0.011880133911290291 -0.051783219195437602 0.0066518122396726099 -0.059234581681238178
leaf_weight=188.83596676960588 10.788157229311761 17.973223520442851 2.9485979508608606 433.61415727250278 9.4503018558025378 14.372797021642326 19.596640596166257 418.15754219610244 8.6123394668102247 4.830807880498468 7.4710968881845465 3517.1522366777062 23.626145740970969 3.7939011715352526 4.1741012781858426 5.3136362209916106 7.665468484163287 374.91091173142195 18.285463474690914 79.05066167935729 5.2310750521719482 19.615000624209642 9.3142176233232004 7.2711017690598956 3.168885873630642 1.1017012242227799 7.4903746768832207 0.60553939873352636 5.6676553487777701 2.6077592615038157
leaf_count=1021 838 175 26 4760 66 124 181 4070 37 90 42 20607 125 27 25 33 33 3050 80 508 32 106 52 88 28 27 48 37 24 28
internal_value=0.000237123 0.000322362 -0.000360291 -0.00472225 0.0222211 0.0349844 -0.00562568 -0.00485229 0.000747011 -0.0325933 0.000934437 0.00081415 0.00440828 0.00318011 -0.0111847 0.0177256 0.0054823 0.0044204 0.0285507 -0.0174447 0.0223753 0.038489 0.010221 -0.0225971 -0.0109206 -0.0353732 0.0332758 0.0343801 0.030624 -0.0325024
internal_weight=5232.7 5220.2 4472.9 905.579 29.3795 23.8231 876.199 851.772 3567.32 24.4274 3538.9 3524.62 747.307 684.207 94.509 63.1001 589.698 563.747 25.9509 82.8446 57.7864 24.8461 32.9404 28.4132 21.1421 12.4954 11.6645 1.70724 14.28 5.55636
internal_count=36388 35486 30346 9345 244 190 9101 8830 21001 271 20710 20649 5140 4792 608 348 4184 4071 113 535 315 138 177 291 203 902 73 64 61 54
is_linear=0
shrinkage=0.05


Tree=113
num_leaves=31
num_cat=0
split_feature=11 9 6 0 14 14 12 12 12 12 18 17 0 12 11 18 6 12 13 9 6 14 14 12 11 13 0 18 15 12
split_gain=6.23324 9.60999 7.68955 8.13816 7.17658 9.88539 11.2107 13.7242 8.57388 8.85703 8.37523 12.941 7.7756 8.36035 6.9208 6.60982 6.21294 5.57151 6.61754 5.27683 5.03396 7.01308 6.16625 6.92099 4.90408 4.86383 4.5876 7.51908 4.83935 4.30555
threshold=16.500000000000004 531.00000000000011 4.5000000000000009 2002.5000000000002 43.500000000000007 39.500000000000007 78.555902777777803 75.185555555555581 59.74687500000001 60.576041666666676 17.500000000000004 117.50000000000001 2016.5000000000002 34.555902777777781 58.000000000000007 11.500000000000002 4.5000000000000009 54.288888888888899 56.870833333333344 545.00000000000011 2.5000000000000004 1.0000000180025095e-35 19.500000000000004 41.418717948717955 8.5000000000000018 55.654761904761905 2003.5000000000002 2.5000000000000004 3.5000000000000004 35.769230769230781
decision_type=2 2 2 2 2 2 2 2 2 2 2 2 2 2 2 2 2 2 2 2 2 2 2 2 2 2 2 2 2 2
left_child=20 4 3 -3 5 10 7 -7 12 -10 14 -12 13 -6 -2 -8 -11 18 -4 25 21 29 23 -23 -22 -5 27 -26 -28 -1
right_child=1 2 17 19 8 6 15 -9 9 16 11 -13 -14 -15 -16 -17 -18 -19 -20 -21 24 22 -24 -25 26 -27 28 -29 -30 -31
leaf_value=0.012382966931597416 -0.0036199029562160958 -0.069687984642236384 -0.031421629650946761 -0.036208819994380394 0.031109323981814076 0.023695724217884503 -0.065746526812321224 0.13016848803105244 0.081780928963090749 -0.017124080767728943 -0.015808096269620479 0.0084064399981124902 -0.053749301157858614 -0.023840221847450369 0.007183249306527713 0.023467072316291374 0.019396829636978651 -0.056154910845692019 0.037844628879504821 0.046134574415836321 0.035739156172853455 -0.026600522983394694 -0.014081219578549107 0.036222473540307713 -0.018612296283376472 0.013696586174640571 -0.048628049054241645 0.0089629661934094908 0.0013533714121452725 -0.026501827590088425
leaf_weight=8.3423553034663183 1538.4906538045034 3.8449138961732414 17.942279532551769 7.6738967038691106 8.2753329593688232 38.932647958397865 5.2429780289530736 3.2816772283986202 3.2764110304415217 30.364239191636443 64.124127679504454 395.43056557141244 17.222754841670394 42.329366077203304 164.0591665697284 3.4373757876455784 18.890229178592563 16.979831964243203 4.2685468532145014 6.8202871531248084 10.874091783538459 5.6499218866229084 21.987800262868404 19.566238763742149 26.514717940241098 13.420999884605406 4.8530985992401829 365.41597849363461 2315.0219875667244 48.538654539734125
leaf_count=44 10825 22 149 40 55 244 33 26 19 205 614 2755 135 295 1344 24 146 168 30 38 58 27 111 97 153 81 59 2580 15704 307
internal_value=0.000224153 -0.00164731 -0.0197753 -0.00149036 -0.00109609 -0.000449417 0.0213316 0.0319728 -0.0129863 0.00217774 -0.00096213 0.00502766 -0.0247306 -0.0148544 -0.0025789 -0.0304184 -0.00311747 -0.0345933 -0.0181098 0.00790287 0.00181593 -0.00897563 0.00527141 0.0221464 0.00222848 -0.00445799 0.0020941 0.00709746 0.00124881 -0.0207989
internal_weight=5231.07 2404.31 70.9508 31.7601 2333.36 2213 50.8947 42.2143 120.358 52.5309 2162.1 459.555 67.8275 50.6047 1702.55 8.68035 49.2545 39.1907 22.2108 27.9152 2826.76 104.085 47.204 25.2162 2722.68 21.0949 2711.81 391.931 2319.88 56.881
internal_count=36388 17248 528 181 16720 15865 327 270 855 370 15538 3369 485 350 12169 57 351 347 179 159 19140 586 235 124 18554 121 18496 2733 15763 351
is_linear=0
shrinkage=0.05


Tree=114
num_leaves=31
num_cat=0
split_feature=8 3 8 0 15 0 12 6 1 17 7 9 15 15 9 9 17 17 17 9 8 8 8 15 7 8 15 9 8 1
split_gain=5.99144 5.91465 9.81966 8.8377 9.27814 9.51552 8.62584 6.55689 9.66461 9.62482 9.72383 9.13214 8.23347 8.85413 8.74357 8.59711 6.55335 7.22986 9.42887 7.21503 5.24702 8.00561 4.88365 4.73832 4.44123 4.91363 4.05939 3.91845 2.98018 2.20848
threshold=40.250000000000007 5.5000000000000009 36.95000000000001 2000.5000000000002 167.00000000000003 2014.5000000000002 73.753125000000011 4.5000000000000009 10.500000000000002 1253.5000000000002 54.250000000000007 467.00000000000006 59.500000000000007 6.5000000000000009 427.00000000000006 527.00000000000011 3.5000000000000004 105.50000000000001 239.00000000000003 479.00000000000006 36.750000000000007 36.550000000000004 35.050000000000004 444.50000000000006 52.500000000000007 37.350000000000001 240.00000000000003 425.00000000000006 37.550000000000004 3.5000000000000004
decision_type=2 2 2 2 2 2 2 2 2 2 2 2 2 2 2 2 2 2 2 2 2 2 2 2 2 2 2 2 2 2
left_child=1 2 3 20 6 -6 -5 12 24 11 -11 -10 13 -3 23 -15 19 28 -19 -4 21 -1 -16 -14 26 -26 -9 -2 -18 -29
right_child=27 7 16 4 5 -7 -8 8 9 10 -12 -13 14 15 22 -17 17 18 -20 -21 -22 -23 -24 -25 25 -27 -28 29 -30 -31
leaf_value=0.017878539584272015 0.17308263007063307 -0.041283944264506003 -0.018486237195795278 -0.0034212530014998185 0.0050542411362760843 -0.0035901853890558302 -0.019824247111624362 -0.0062982225972206098 0.0038292101798809634 -0.047207308496602443 0.024835683778184854 -0.014805937268093015 -0.029051206189846863 0.024004120963538322 0.0071956874182367309 -0.0589742713856398 -0.017856629204241352 0.019539690598148154 -0.010804039708723958 0.13887344339540983 -0.027553813663817553 0.088158589418419059 0.0013911126987710149 0.016464303100396475 0.0040921246264353081 -0.0050974210312451466 -0.052085671711498638 -0.00058265419106966025 -0.043517377633453015 -0.050940671005580411
leaf_weight=47.579580746591091 0.22229669149964948 6.023271012119948 1.3805038053542369 378.5828922893852 722.60386511683464 569.03916918858886 101.67337515950203 16.465128648094836 87.448573090136051 5.3907539062201968 35.712592413648963 264.86208853591233 31.294915655627847 92.735368646681309 560.74214874953032 3.2302221655845633 26.236104030162096 28.788219375535846 231.26208445522934 1.5421815142035482 5.4849557168781748 4.429214507341384 1024.2608570512384 6.9963496383279553 758.2972013130784 179.99098842311651 6.8564704544842234 2.8693292271345845 19.894605049397796 9.0256833834573609
leaf_count=280 14 66 24 2461 4167 3221 734 181 703 36 194 2133 273 622 2635 17 285 397 2772 23 39 24 6724 47 4774 2133 65 141 456 747
internal_value=0.000211629 0.000293168 -0.00172702 -0.000334304 -0.000960307 0.0012459 -0.00689387 0.00169568 -0.000907347 -0.00750916 0.0153872 -0.0101804 0.00374008 0.0175202 0.00287429 0.0212111 -0.00996964 -0.0106809 -0.00744491 0.064546 0.0189585 0.0238638 0.00344465 -0.0207349 0.00179359 0.0023293 -0.0197596 -0.0349063 -0.0289232 -0.0387932
internal_weight=5230.92 5218.8 2138.5 1829.39 1771.9 1291.64 480.256 3080.31 1355.02 393.414 41.1033 352.311 1725.28 101.989 1623.29 95.9656 309.104 306.181 260.05 2.92269 57.4938 52.0088 1585 38.2913 961.61 938.288 23.3216 12.1173 46.1307 11.895
internal_count=36388 35486 14883 10926 10583 7388 3195 20603 10219 3066 230 2836 10384 705 9679 639 3957 3910 3169 47 343 304 9359 320 7153 6907 246 902 741 888
is_linear=0
shrinkage=0.05


Tree=115
num_leaves=31
num_cat=0
split_feature=17 17 15 11 17 17 0 13 12 11 0 15 6 12 11 17 15 15 12 0 12 11 13 6 0 12 15 12 13 15
split_gain=7.15082 9.17379 10.49 15.4743 8.28758 20.0197 8.71895 8.05706 7.38212 7.84987 7.10599 6.40193 6.50931 6.21591 5.88973 5.88022 5.47597 6.14974 6.02758 7.04032 9.27236 7.66721 5.28341 4.86025 8.08427 8.83214 6.56943 6.41472 5.46913 5.26236
threshold=117.50000000000001 158.00000000000003 98.500000000000014 27.000000000000004 171.00000000000003 176.50000000000003 2006.5000000000002 55.870833333333344 25.147222222222229 13.500000000000002 2000.5000000000002 19.000000000000004 3.5000000000000004 48.286153846153859 16.500000000000004 365.00000000000006 577.50000000000011 626.50000000000011 47.68948717948718 2004.5000000000002 39.571875000000006 33.500000000000007 54.806250000000006 3.5000000000000004 2018.5000000000002 62.286778846153851 340.50000000000006 62.12187500000001 55.972222222222229 108.00000000000001
decision_type=2 2 2 2 2 2 2 2 2 2 2 2 2 2 2 2 2 2 2 2 2 2 2 2 2 2 2 2 2 2
left_child=13 2 3 22 6 7 -3 14 -4 -10 -11 12 -7 16 -6 -13 18 -18 19 20 -1 -21 -2 24 27 -26 -27 28 -15 -25
right_child=1 4 8 -5 5 11 -8 -9 9 10 -12 15 -14 23 -16 -17 17 -19 -20 21 -22 -23 -24 29 25 26 -28 -29 -30 -31
leaf_value=-0.0026407552197395927 -0.031658698115229207 0.062110887226874058 -0.056153623199560736 0.14719441538525621 -0.020998315529872011 0.014834687326653568 -0.029404423633679268 0.084002615535480191 0.048724831702431498 -0.043839462809041024 0.0098376550802030359 -0.0038535748044097439 -0.046584986217855819 -0.00047418220021220496 0.067514734783753444 0.001331732581159994 0.080608821589289045 0.012561318882108994 0.051392303498123418 -0.0051690854427877027 0.028756928957188378 -0.05021362434878588 0.043915815869893474 -0.00059516099877733619 -0.011983595533731973 0.033180239168917616 0.1134172048200492 -0.021868456879855724 0.053395374744921814 -0.014300513950034222
leaf_weight=64.719506159890443 2.9975159205496338 2.8080453611910334 4.2577333953231564 3.3399862973019472 4.5242457091808346 6.2357388921082046 35.583133762236685 9.811800127848981 12.236023359000681 6.6004850156605235 93.615051033440977 645.45518106780946 13.996110077947376 25.23450281703845 3.2149012871086597 3575.0932016461156 4.0059022232890156 19.398834649473429 5.4096358250826588 181.77952242037281 36.933435790240765 9.9648553901351971 10.121373741887508 94.702801026403904 9.0117733795195836 11.70213501062244 3.2622047676704815 33.947106891777366 5.7933223363943389 268.93186985980719
leaf_count=502 20 25 24 34 29 39 278 55 68 43 627 5059 113 216 18 22782 21 119 54 1491 339 126 68 1019 63 93 21 326 42 2510
internal_value=4.17661e-05 0.000816849 0.0137414 0.0511103 0.000416278 0.000624781 -0.0227107 0.0539155 0.00847149 0.0109184 0.00630232 0.000404231 -0.0276546 -0.00438976 0.0157707 0.000538735 0.000917962 0.0242082 -0.000906297 -0.00187057 0.00876693 -0.00751003 0.0266479 -0.00816851 0.00230775 0.0271218 0.0506718 -0.00684879 0.00958401 -0.0107312
internal_weight=5204.69 4429.89 133.168 16.4589 4296.72 4258.33 38.3912 17.5509 116.709 112.452 100.216 4240.78 20.2318 774.797 7.73915 4220.55 322.212 23.4047 298.807 293.397 101.653 191.744 13.1189 452.586 88.951 23.9761 14.9643 64.9749 31.0278 363.635
internal_count=36224 29282 884 122 28398 28095 303 102 762 738 670 27993 152 6942 47 27841 2652 140 2512 2458 841 1617 88 4290 761 177 114 584 258 3529
is_linear=0
shrinkage=0.05


Tree=116
num_leaves=31
num_cat=0
split_feature=8 2 18 12 13 0 1 3 13 14 8 13 12 12 11 16 16 16 12 16 12 8 4 13 12 1 15 12 14 13
split_gain=7.81716 9.75132 12.646 10.1798 8.42713 10.4274 17.5806 9.24814 7.8265 6.90965 9.15371 13.1211 8.78545 10.4001 8.41366 7.71005 26.5893 10.0446 10.7218 10.1636 8.7231 8.43146 12.8697 11.8028 7.72798 7.85622 7.61354 7.57726 7.62839 7.19764
threshold=36.95000000000001 5.5000000000000009 6.5000000000000009 28.076923076923084 56.345238095238095 2009.5000000000002 2.5000000000000004 5.5000000000000009 57.029411764705891 30.500000000000004 35.150000000000013 56.20714285714287 44.132638888888899 29.403333333333336 16.500000000000004 15.500000000000002 16.500000000000004 22.500000000000004 40.789999999999999 24.500000000000004 80.18980392156864 33.750000000000007 11.500000000000002 57.177083333333336 16.820129870129872 10.500000000000002 287.50000000000006 100.2389705882353 36.500000000000007 56.027777777777786
decision_type=2 2 2 2 2 2 2 2 2 2 2 2 2 2 2 2 2 2 2 2 2 2 2 2 2 2 2 2 2 2
left_child=9 2 8 -3 5 7 -7 -5 -2 15 26 12 13 -12 -14 20 -17 18 -18 -19 24 22 -22 -23 -1 -26 -11 29 -29 -28
right_child=1 3 -4 4 -6 6 -8 -9 -10 10 11 -13 14 -15 -16 16 17 19 -20 -21 21 23 -24 -25 25 -27 27 28 -30 -31
leaf_value=0.044015419342268422 0.0093959896680625762 0.026109837786198666 -0.0048371555974893038 -0.021934064779806174 -0.019158256609814687 0.045969755683542592 -0.020649352589001291 0.0094759661464884643 0.076218251824219221 0.022087287488088785 -0.04632128641032035 0.0032169602325874212 -0.014442076121753113 0.0043827147745493927 -0.042090846240449453 0.0423258400676641 -0.004172700996418712 -0.029598223603486396 0.014139135134465748 0.0016625531498468374 -0.0045672199629041826 -0.018352276511966512 0.066982268243358387 0.029057758269843432 0.0027323242423820115 -0.0056347745374150287 0.0027554737393569203 0.065009017913850775 0.0042761016971736157 -0.013285638390736884
leaf_weight=10.270157948136328 191.00137183303013 19.78911694092676 364.03146919654682 28.811551418155432 175.40460594347678 10.754216533154247 125.14442730881274 125.57068016659468 4.4848208609037092 40.203654207289219 12.313462097197769 110.48519313707948 58.59181610122323 56.601241199299693 51.877255687490106 44.412807874381542 105.13010877370834 26.514074686914682 333.56305002048612 1343.2177839744836 26.406498905271292 162.16220100037754 8.2479218840599042 14.283856529742478 1045.5980420093983 383.42245296761394 193.92064427956939 8.3511784598231333 13.574997238814829 109.36909048631787
leaf_count=49 2139 182 3867 414 2114 120 1514 1281 67 210 76 666 336 324 400 216 535 188 1780 7576 144 1184 50 104 6592 2428 1006 41 67 554
internal_value=3.82015e-05 -0.00382777 0.000671284 -0.00901301 -0.0105055 -0.00527707 -0.0153775 0.00361408 0.010929 0.00100968 -0.00370277 -0.0103379 -0.0186865 -0.00467692 -0.0274262 0.00189116 0.00410496 0.0031663 0.00975082 0.00105743 -0.000594204 -0.0100859 0.0124619 -0.0145143 0.000797934 0.000487336 0.00156052 -0.000977028 0.0274079 -0.0030291
internal_weight=5203.51 1044.99 559.518 485.475 465.685 290.281 135.899 154.382 195.486 4158.52 655.289 289.869 179.384 68.9147 110.469 3503.23 1852.84 1808.43 438.693 1369.73 1650.39 211.1 34.6544 176.446 1439.29 1429.02 365.42 325.216 21.9262 303.29
internal_count=36224 11698 6073 5625 5443 3329 1634 1695 2206 24526 3680 1802 1136 400 736 20846 10295 10079 2315 7764 10551 1482 194 1288 9069 9020 1878 1668 108 1560
is_linear=0
shrinkage=0.05


Tree=117
num_leaves=31
num_cat=0
split_feature=8 13 2 8 15 8 18 6 6 17 13 5 7 14 11 11 11 13 17 11 12 13 15 6 11 17 12 8 18 15
split_gain=7.0942 10.0098 10.0678 11.9737 11.6059 8.73236 10.0864 7.3038 7.12246 9.15019 11.8199 7.90336 21.7189 7.46899 6.9556 4.60191 20.7138 31.1789 22.7178 19.5484 17.7871 19.0671 17.3702 16.6533 15.5891 15.3276 20.2059 14.8923 15.0622 14.5049
threshold=36.550000000000004 56.815340909090914 5.5000000000000009 37.550000000000004 212.50000000000003 39.050000000000004 8.5000000000000018 2.5000000000000004 4.5000000000000009 1253.5000000000002 53.265625000000007 1.0000000180025095e-35 55.750000000000007 13.500000000000002 14.500000000000002 37.500000000000007 53.000000000000007 56.870833333333344 886.00000000000011 33.500000000000007 49.925000000000004 54.566964285714292 186.50000000000003 6.5000000000000009 31.000000000000004 740.50000000000011 53.853125000000013 35.95000000000001 13.500000000000002 268.00000000000006
decision_type=2 2 2 2 2 2 2 2 2 2 2 2 2 2 2 2 2 2 2 2 2 2 2 2 2 2 2 2 2 2
left_child=15 7 3 4 -3 6 -5 -2 11 10 -10 -9 -13 -11 -6 19 17 20 -19 24 21 -17 -18 -22 -1 -26 -27 28 -21 -24
right_child=1 2 -4 5 14 -7 -8 8 9 13 -12 12 -14 -15 -16 16 22 18 -20 27 23 -23 29 -25 25 26 -28 -29 -30 -31
leaf_value=0.00086293419731687181 -0.047320822901709511 -0.048561724222087869 -0.02219179871920202 0.10440017833924842 -0.052755063036238274 -0.051993558600233906 0.021179190829857315 0.0057582569202734059 0.058720474831474759 0.025129714357581032 -0.0079464045216106685 -0.011603059654669408 0.040543204573272484 -0.015812214788748662 0.028490978489849002 0.085575589644684022 -0.023046128637187774 0.01418663598158762 0.15231980802727316 -0.013942711244024334 0.04071167013011856 -0.0039915123156578219 0.024427605608862982 -0.055343631528849385 -0.00019159988419451419 0.008402622002581411 0.050573363024448675 -0.047452792995556936 0.010520086363865559 -0.0038339519756094616
leaf_weight=2682.3353117853403 8.6086891232989711 13.818522235378625 119.6769506726414 5.5194019991904559 3.2526777423918274 2.4377342527732244 10.69763732422143 492.05358071764931 6.732431703247129 41.138392321299762 534.41191252926365 183.1019689431414 22.411932988557965 15.275918568484483 13.857250217348335 6.2971038967370978 76.700617695227265 5.0516708306968194 7.2459831610321999 246.62321745976806 61.803573347628117 105.34914625994861 64.87872114777565 4.867681495845317 90.967356875538826 63.447993010282516 51.429776325821877 25.365979012101889 84.478020779788494 151.22518172860146
leaf_count=15235 84 111 1368 67 20 102 117 3733 74 292 6217 1947 199 111 100 32 595 41 36 1452 355 600 432 67 623 329 270 202 502 911
internal_value=3.4427e-05 -0.00290334 -0.0143426 0.00460251 -0.0144799 0.0362399 0.0495031 -0.0014182 -0.00111309 -0.00511928 -0.007117 0.00231874 -0.00591635 0.0140434 0.0130457 0.00119517 0.00574629 0.018574 0.095577 0.000517094 0.0132635 0.00106028 -0.0026045 0.0336987 0.00188055 0.0151409 0.0272821 -0.0105299 -0.00770121 0.00465073
internal_weight=5201.06 1473 169.26 49.5832 30.9285 18.6548 16.217 1303.73 1295.13 597.559 541.144 697.567 205.514 56.4143 17.1099 3728.07 483.42 190.615 12.2977 3244.65 178.318 111.646 292.805 66.6713 2888.18 205.845 114.878 356.467 331.101 216.104
internal_count=36224 14542 1885 517 231 286 184 12657 12573 6694 6291 5879 2146 403 120 21682 3069 1131 77 18613 1054 632 1938 422 16457 1222 599 2156 1954 1343
is_linear=0
shrinkage=0.05


Tree=118
num_leaves=31
num_cat=0
split_feature=14 11 6 9 14 13 3 9 16 16 7 16 11 14 15 1 6 9 14 9 13 18 11 11 11 4 9 13 13 4
split_gain=6.71948 8.24423 11.5564 9.95416 7.66489 14.5779 7.412 8.41688 6.83865 21.7625 6.71449 8.5456 8.83582 8.42935 7.10303 6.95159 5.97962 7.51349 7.21916 5.96883 5.82158 5.80219 8.30728 17.7358 13.0943 7.23746 6.53103 5.66636 5.61599 5.22369
threshold=30.500000000000004 58.000000000000007 3.5000000000000004 457.00000000000006 27.500000000000004 56.878676470588239 6.5000000000000009 521.00000000000011 15.500000000000002 16.500000000000004 52.500000000000007 3.5000000000000004 49.500000000000007 37.500000000000007 577.50000000000011 11.500000000000002 4.5000000000000009 547.00000000000011 25.500000000000004 493.00000000000006 54.114379084967332 1.0000000180025095e-35 51.500000000000007 37.500000000000007 55.000000000000007 11.500000000000002 467.00000000000006 53.031250000000007 57.029411764705891 11.500000000000002
decision_type=2 2 2 2 2 2 2 2 2 2 2 2 2 2 2 2 2 2 2 2 2 2 2 2 2 2 2 2 2 2
left_child=4 10 3 -3 8 6 7 19 21 28 -2 14 27 -14 20 -16 18 -18 -11 -6 -12 25 23 -23 -24 -1 -27 -13 -10 -7
right_child=1 2 -4 -5 5 29 -8 -9 9 16 11 12 13 -15 15 -17 17 -19 -20 -21 -22 22 24 -25 -26 26 -28 -29 -30 -31
leaf_value=-0.023280230262389484 -0.030530463745629368 -0.048775710399064802 -0.056030295685821352 0.061917994692479661 0.021421684725751844 -0.052447961381105072 -0.01057096206233317 -0.039936819765494846 0.041376551424369572 0.004477675748367849 0.04128161122731918 0.044549372750414963 -0.02144392325879833 0.035786519939787688 0.011873781843823678 0.054397076276068546 -0.00090694646979468249 -0.050785843510337769 -0.027626685657934903 0.052386474879675231 -0.0034940949988726691 -0.0011997555563289599 -0.032930959811489274 0.02280254398900074 0.0026281870905210608 -0.022689080581841471 0.012051066541938974 -0.0082194155591314415 -0.015713323540189932 0.021867631508591102
leaf_weight=66.887372084893286 22.006549584213644 3.4812540188431758 16.969277342781425 4.875006765127182 62.522153978701681 10.430271698161958 17.029575891327113 4.6580706937238565 43.211384329479188 1177.9650984434411 7.6991934552788726 5.1421645842492572 8.9733364284038561 22.735824338160455 65.189074952155352 11.273057027719913 948.52473998535424 7.6106014316901556 17.774718590080738 20.720797160174698 127.06161789689213 1795.8779552890919 50.535479259677231 80.409702216740698 53.084624939132482 20.241248892154545 40.795609812717885 477.0960817928426 4.7847159225493661 3.05782258324325
leaf_count=487 174 36 131 32 386 75 105 33 230 6979 55 27 56 138 372 62 6729 75 109 129 926 13752 409 711 492 186 336 2949 24 19
internal_value=3.01833e-05 -0.00427266 -0.0323288 0.0158025 0.00078117 0.0133306 0.0196203 0.0254695 0.000436186 0.00238626 -0.0033217 -0.002496 -0.00597563 0.0195909 0.00597062 0.0181431 0.00164355 -0.00130397 0.00400044 0.0291294 -0.000935956 -0.00159904 -0.000932232 -0.000171119 -0.014714 -0.0119194 0.000530422 -0.00765674 0.0356853 -0.0356002
internal_weight=5198.62 772.502 25.3255 8.35626 4426.12 118.419 104.931 87.901 4307.7 2199.87 747.177 725.17 513.947 31.7092 211.223 76.4621 2151.88 956.135 1195.74 83.243 134.761 2107.83 1979.91 1876.29 103.62 127.924 61.0369 482.238 47.9961 13.4881
internal_count=36224 4958 199 68 31266 747 653 548 30519 14146 4759 4585 3170 194 1415 434 13892 6804 7088 515 981 16373 15364 14463 901 1009 522 2976 254 94
is_linear=0
shrinkage=0.05


Tree=119
num_leaves=31
num_cat=0
split_feature=14 17 11 6 17 11 14 7 16 11 14 15 12 12 6 13 7 5 11 13 13 6 11 12 13 15 14 17 12 15
split_gain=6.08318 8.22952 7.66434 10.8304 11.2741 6.86753 8.89774 6.19381 7.72189 7.95345 7.50709 6.35882 6.8794 6.02537 6.01793 6.73346 16.9023 5.39053 9.48067 15.6126 8.25089 7.83755 10.0382 5.3151 5.16162 5.10723 7.34154 5.185 5.06655 4.22153
threshold=30.500000000000004 112.50000000000001 58.000000000000007 3.5000000000000004 827.50000000000011 9.5000000000000018 19.500000000000004 52.500000000000007 3.5000000000000004 49.500000000000007 37.500000000000007 577.50000000000011 60.576041666666676 68.905555555555551 2.5000000000000004 54.90767045454546 54.250000000000007 1.5000000000000002 17.500000000000004 55.919871794871796 57.242647058823536 5.5000000000000009 23.000000000000004 42.231597222222227 55.059027777777786 387.50000000000006 17.500000000000004 190.50000000000003 108.73437500000001 325.50000000000006
decision_type=2 2 2 2 2 2 2 2 2 2 2 2 2 2 2 2 2 2 2 2 2 2 2 2 2 2 2 2 2 2
left_child=1 17 7 4 -4 6 -3 29 11 23 -11 13 -13 -9 25 16 -16 21 -19 -20 -21 28 -23 -10 -17 27 -27 -7 -1 -2
right_child=2 5 3 -5 -6 14 -8 8 9 10 -12 12 -14 -15 15 24 -18 18 19 20 -22 22 -24 -25 -26 26 -28 -29 -30 -31
leaf_value=-0.0019562418990256743 -0.060663916648931032 0.014341861113677782 -0.049690137450908944 -0.054947507724009748 0.067329977424355897 0.033499381775619036 0.091618210428084434 0.0051565605529479766 0.00081569747049677348 -0.020573949838085366 0.033517109517021332 0.0050683728279441228 0.035668137722974599 -0.019383837277052014 -0.0025266870443280739 -0.005322883055575385 0.012926831578877954 -0.0024033515796132894 -0.02606663030057807 0.12700372630931636 0.018822098652875666 -0.010171715910535468 -0.047312266962290642 -0.010706791459955234 0.0014377919928686229 0.027176022821307589 -0.029436135249873333 -0.021636164107905038 -0.035498934206723197 -0.013854008455995518
leaf_weight=490.16500249132514 7.2427015211433199 29.926163265481591 3.7213102951645869 16.451697861775756 4.6056723035871983 4.5640478432178488 4.2545845955610266 101.49915807740763 142.09744133707136 8.8873750306665915 23.052992385346442 46.604452394880354 30.315651928074658 33.192347123287618 316.63107868889347 316.81109999492764 401.07116235885769 29.481294514611363 4.3824007790535671 5.3542291512712836 2.6274220289196819 103.79098245035857 22.059485857374966 338.48812780110165 2593.4507716204971 16.997116921469573 8.6366323158144933 64.877971703186631 11.522523288149385 14.378528452944009
leaf_count=3972 66 155 36 131 32 31 19 721 822 56 138 269 165 260 2347 2278 2497 274 43 59 29 1209 424 2154 17292 80 42 401 114 108
internal_value=2.72635e-05 0.000740962 -0.00407281 -0.0314299 0.0150339 0.00165093 0.0239607 -0.00316384 -0.00237647 -0.00569414 0.0184663 0.00565897 0.0171283 -0.000890988 0.00144611 0.00177153 0.00610915 -0.00436665 0.0130091 0.0497593 0.0913922 -0.0055253 -0.0166818 -0.00729987 0.000701825 -0.0109716 0.00810201 -0.0180124 -0.00272663 -0.0295344
internal_weight=5197.14 4426.6 770.537 24.7787 8.32698 3757.22 34.1807 745.759 724.138 512.526 31.9404 211.612 76.9201 134.692 3723.04 3627.96 717.702 669.383 41.8453 12.3641 7.98165 627.538 125.85 480.586 2910.26 95.0758 25.6337 69.442 501.688 21.6212
internal_count=36224 31266 4958 199 68 25142 174 4759 4585 3170 194 1415 434 981 24968 24414 4844 6124 405 131 88 5719 1633 2976 19570 554 122 432 4086 174
is_linear=0
shrinkage=0.05


Tree=120
num_leaves=31
num_cat=0
split_feature=8 4 0 0 1 15 15 11 11 9 9 15 11 5 0 15 15 15 13 7 13 13 8 11 13 15 9 7 15 16
split_gain=7.00037 8.61297 10.687 9.51361 9.23072 10.1909 8.5562 8.39026 12.3688 10.7792 20.5248 19.5835 8.36532 8.25973 10.7194 8.22723 12.0739 7.97098 7.72268 7.28971 18.1851 10.7894 8.52406 13.7586 9.104 7.3521 7.19791 6.66015 6.34105 8.08783
threshold=34.050000000000004 11.500000000000002 2009.5000000000002 2017.5000000000002 10.500000000000002 395.00000000000006 318.00000000000006 49.500000000000007 53.000000000000007 473.00000000000006 465.00000000000006 381.50000000000006 49.500000000000007 1.5000000000000002 2008.5000000000002 242.50000000000003 249.50000000000003 206.00000000000003 56.06904761904763 57.250000000000007 56.940972222222229 57.757352941176478 36.150000000000013 16.500000000000004 54.362373737373751 181.00000000000003 481.00000000000006 56.750000000000007 381.50000000000006 22.500000000000004
decision_type=2 2 2 2 2 2 2 2 2 2 2 2 2 2 2 2 2 2 2 2 2 2 2 2 2 2 2 2 2 2
left_child=7 19 13 6 5 -5 12 -1 -9 10 27 26 -4 15 18 17 -17 -3 -15 21 25 22 24 -24 -2 -21 -11 -10 29 -22
right_child=1 2 3 4 -6 -7 -8 8 9 11 -12 -13 -14 14 -16 16 -18 -19 -20 20 28 -23 23 -25 -26 -27 -28 -29 -30 -31
leaf_value=0.0026920492628550318 0.0077189620233333277 0.0030701223936329797 -0.0069633678302887404 0.0035241419358598824 -0.0093769829418826403 0.024489800422805179 0.0030147922839367253 0.085893486793043095 -0.00060812702989772554 -0.080354841471679581 0.10122299204032344 0.042125807178772838 -0.036459439961777189 0.00070813156979101209 0.13427084728520766 0.05878107429640117 0.0088397720980463012 -0.015312350840723216 0.05114076344905534 -0.00063222823847783728 0.016332529171303751 0.092890414205070146 -0.003541443665878473 -0.020344796758465948 -0.0036614199684819196 0.038486860058332309 -0.016513890089995164 0.061560720913300518 -0.019890494347673086 -0.017237142892899709
leaf_weight=687.65873262658715 205.77974287234247 481.7334527480416 538.22741788206622 409.63732519932091 113.44524347130209 67.513859482482076 238.6786944931373 6.5120845213532439 20.99729980155826 5.8768711462616947 8.5632066130638105 14.064773723483084 25.161517942324281 17.747327410150323 2.2947703693062058 12.552941868081687 337.10738520231098 67.197806987445801 13.263886011671273 16.19507105788216 48.358423735480756 2.8750723348930469 348.97881131665781 187.1514311467763 1203.6326304040849 46.488306930288672 17.751501936465502 5.4200672656297675 44.192162581253797 28.526311730965972
leaf_count=3399 1256 3772 3848 3227 764 406 1446 32 113 27 40 62 197 170 21 86 2198 503 98 111 358 23 3264 2494 7561 272 103 26 294 211
internal_value=5.41491e-05 -0.000705112 0.00140002 -0.00137322 0.0034427 0.00649065 -0.00491939 0.00446682 0.0198791 0.0139637 0.0339528 -0.00458681 -0.00828069 0.00554446 0.029995 0.00463821 0.0106327 0.000819819 0.0222788 -0.00300019 0.00651963 -0.00389802 -0.00404106 -0.00940713 -0.00199984 0.0283799 -0.0323925 0.0121471 -0.00479778 0.00387727
internal_weight=5223.58 4456.74 2324.56 1392.66 590.596 477.151 802.068 766.845 79.1858 72.6737 34.9806 37.6931 563.389 931.898 33.306 898.592 349.66 548.931 31.0112 2132.18 183.76 1948.42 1945.54 536.13 1409.41 62.6834 23.6284 26.4174 121.077 76.8847
internal_count=36382 32580 16736 9888 4397 3633 5491 3802 403 371 179 192 4045 6848 289 6559 2284 4275 268 15844 1246 14598 14575 5758 8817 383 130 139 863 569
is_linear=0
shrinkage=0.05


Tree=121
num_leaves=31
num_cat=0
split_feature=8 6 11 11 15 15 12 15 8 8 11 11 12 9 9 15 15 5 15 12 12 8 11 11 8 6 8 12 8 6
split_gain=6.31138 8.99796 7.79179 20.3093 17.4953 13.3494 11.3048 11.1399 9.96407 8.69885 7.51762 10.8203 11.7575 12.1195 23.941 13.3712 8.28177 8.64052 6.90241 8.26365 7.8771 7.66994 6.63362 18.0248 14.5188 9.23148 13.6753 7.94354 7.56631 5.88737
threshold=34.050000000000004 2.5000000000000004 33.500000000000007 37.500000000000007 553.50000000000011 577.50000000000011 64.296428571428592 162.50000000000003 35.350000000000001 34.750000000000007 49.500000000000007 53.000000000000007 71.361458333333346 473.00000000000006 465.00000000000006 577.50000000000011 379.50000000000006 1.0000000180025095e-35 383.50000000000006 40.95277777777779 52.832291666666677 35.850000000000001 23.000000000000004 16.500000000000004 35.350000000000001 4.5000000000000009 35.650000000000013 71.361458333333346 38.150000000000013 2.5000000000000004
decision_type=2 2 2 2 2 2 2 2 2 2 2 2 2 2 2 2 2 2 2 2 2 2 2 2 2 2 2 2 2 2
left_child=10 18 22 4 8 7 -6 -5 -4 -7 29 -12 16 14 -14 -15 -13 -18 21 -20 -21 -2 23 28 -25 26 -24 -27 -3 -1
right_child=1 2 3 5 6 9 -8 -9 -10 -11 11 12 13 15 -16 -17 17 -19 19 20 -22 -23 25 24 -26 27 -28 -29 -30 -31
leaf_value=0.02845780702852101 -0.013474910873758895 0.0023815806126979821 -0.013568391967767036 -0.0085274514363212067 -0.0075980663422559064 0.0078474229662147 0.043842093582540854 0.0086463884126491523 -0.035464201228201188 -0.034406890388777166 0.079840533442666409 -0.021817810892887923 0.025872717567291821 -0.023363730957331106 0.15563381031656343 0.081668007839167708 -0.0084661430023496107 0.069745121455170131 -0.045509285427653652 0.068459495627905195 0.00089023930040360837 -0.049675152338371061 0.029145636931658808 -0.0022121900400357288 -0.019023279384362428 0.0023398581606795602 0.0051861642058617661 -0.02200136284679571 -0.007852902134448966 0.0017296776099429278
leaf_weight=21.259427905082703 54.241763006895781 2228.7593624088913 136.78898109868169 132.21283450303599 27.584520099684596 17.408985011279583 17.429130386561155 330.3710437216796 83.782405632315204 40.55502902250737 6.6516759395599356 25.81884091347456 11.811950121074917 11.651262201368807 5.0848131775856009 4.0952738523483267 8.1218692958354932 6.2479221969842902 5.8676698058843639 6.2634132802486446 13.853409233503042 20.037446362432092 81.049140259623528 344.57121416926384 204.75127958785743 248.03486869204789 224.57482336834073 38.754237437155098 196.51220807479694 666.95460331812501
leaf_count=91 322 13637 863 1308 186 85 107 2566 877 312 32 137 63 66 24 17 37 27 27 31 72 180 396 2106 2051 2143 1517 341 3453 3308
internal_value=4.98178e-05 -0.000671955 -0.000330867 -0.00483687 -0.016088 0.000903512 0.0123194 0.00373787 -0.0218854 -0.0217162 0.00423681 0.018796 0.0132209 0.0355115 0.0649223 0.00395236 -0.0048847 0.0255398 -0.0154809 0.00669975 0.0219281 -0.0232402 0.000662211 -0.000300047 -0.00847826 0.00549385 0.01154 -0.000949407 0.00155231 0.00255533
internal_weight=5221.1 4453.4 4353.14 786.133 265.585 520.548 45.0137 462.584 220.571 57.964 767.698 79.4836 72.8319 32.6433 16.8968 15.7465 40.1886 14.3698 100.264 25.9845 20.1168 74.2792 3567.01 2974.59 549.322 592.413 305.624 286.789 2425.27 688.214
internal_count=36382 32580 31948 6304 2033 4271 293 3874 1740 397 3802 403 371 170 87 83 201 64 632 130 103 502 25644 21247 4157 4397 1913 2484 17090 3399
is_linear=0
shrinkage=0.05


Tree=122
num_leaves=31
num_cat=0
split_feature=9 8 6 11 11 11 8 8 11 11 9 9 8 8 17 6 11 11 9 17 0 18 17 9 13 17 17 17 8 11
split_gain=6.22454 5.86096 8.00601 7.05802 10.4385 12.7227 11.6849 6.84111 6.79462 9.44947 8.80168 15.3139 7.26983 6.20124 6.59445 5.80295 5.44982 5.39409 5.25452 5.00591 5.50557 4.08254 2.60143 4.09559 2.43818 2.39974 1.97502 1.9365 0.0107382 0.00235338
threshold=409.00000000000006 34.050000000000004 2.5000000000000004 16.500000000000004 21.000000000000004 33.500000000000007 35.350000000000001 38.150000000000013 49.500000000000007 53.000000000000007 473.00000000000006 465.00000000000006 33.95000000000001 35.850000000000001 213.50000000000003 2.5000000000000004 13.500000000000002 12.500000000000002 449.00000000000006 7.5000000000000009 2006.5000000000002 19.500000000000004 1073.5000000000002 465.00000000000006 55.322916666666679 2.5000000000000004 122.00000000000001 1327.5000000000002 34.250000000000007 35.000000000000007
decision_type=2 2 2 2 2 2 2 2 2 2 2 2 2 2 2 2 2 2 2 2 2 2 2 2 2 2 2 2 2 2
left_child=24 8 13 7 6 -6 -5 21 15 -10 11 -11 -12 14 18 22 -9 -16 -3 25 -21 -4 23 -2 28 -17 -15 -28 -1 -30
right_child=1 2 3 4 5 -7 -8 16 9 10 12 -13 -14 26 17 19 -18 -19 -20 20 -22 -23 -24 -25 -26 -27 27 -29 29 -31
leaf_value=-0.05836277403325018 -0.013164649601765603 -0.030292492102796154 0.0018236450748991254 -0.0028843645796549633 0.0050571230200339261 -0.0045272339748053071 -0.018491010358215765 0.011404865343205263 0.074512693967945645 0.011409876745042452 0.0052403523126081392 0.087014939079376574 -0.055824581226517123 -0.0024325636824670933 -0.034739904167193573 0.0039106416496848193 -0.011148839212701434 -0.0035938879648199449 0.044833593180998915 0.014765636621252366 0.00062255345791616026 0.011486082773044311 0.049607586273079513 0.044531007121005238 0.0022344469159367849 -0.046292391540409122 -0.048583053167125953 -0.0040887894540090645 -0.054759321056529919 -0.052328117779240749
leaf_weight=2.0816409997642022 6.5861616581678408 3.1122187972068778 2112.705953316763 327.77126049622893 621.38041169731878 782.01328643318266 189.1442173155956 32.052456445526332 6.7677523270249358 26.345809426158667 31.567192167043686 8.9807611405849439 5.7638778313994399 3.6106251971796182 20.998490765690804 3.4022772237658483 162.97491337731481 41.129325721412897 9.2311138287186605 78.146482981741428 575.96910725906491 115.28465446829796 8.5880373716354352 5.7711332440376282 2.4873991217464209 7.9250272065401077 17.897527284920219 2.8324054330587378 3.5849777646362782 1.3779819346964357
leaf_count=20 29 22 12903 2006 4568 6265 1953 425 32 136 160 40 32 37 106 22 3021 234 55 353 2871 691 36 24 30 46 158 14 56 37
internal_value=4.56159e-05 0.0001195 -0.000576944 -0.000256778 -0.00252086 -0.00028357 -0.00859498 0.00153757 0.00415926 0.0180044 0.0127408 0.0306303 -0.00418801 -0.01465 -0.00748898 0.00255717 -0.00744217 -0.0141209 0.0258915 0.00174153 0.00231221 0.00232362 0.0284704 0.0137805 -0.0403221 -0.0312134 -0.0365596 -0.0425036 -0.0553486 -0.0540843
internal_weight=5217.48 5207.95 4442.14 4343.33 1920.31 1403.39 516.915 2423.02 765.814 79.4254 72.6576 35.3266 37.3311 98.8117 74.4711 686.388 195.027 62.1278 12.3433 665.443 654.116 2227.99 20.9453 12.3573 9.532 11.3273 24.3406 20.7299 7.0446 4.96296
internal_count=36382 36239 32458 31832 14792 10833 3959 17040 3781 400 368 176 192 626 417 3381 3446 340 77 3292 3224 13594 89 53 143 68 209 172 113 93
is_linear=0
shrinkage=0.05


Tree=123
num_leaves=31
num_cat=0
split_feature=9 6 8 16 16 16 9 17 17 1 9 8 13 8 13 16 5 13 8 13 3 14 18 9 14 14 13 9 13 8
split_gain=5.81699 5.80379 6.53733 6.13124 19.3704 12.9546 12.1005 10.0632 8.08894 8.20747 7.64048 6.17026 11.2283 6.12724 12.8199 18.0215 6.39015 8.86433 7.89152 5.92676 5.54384 5.52894 5.34711 4.37487 4.28477 2.3898 2.37928 2.10692 1.76473 0.00914574
threshold=409.00000000000006 6.5000000000000009 36.95000000000001 6.5000000000000009 14.500000000000002 16.500000000000004 461.00000000000006 934.00000000000011 778.00000000000011 10.500000000000002 519.00000000000011 33.650000000000013 56.656862745098046 36.350000000000001 55.942810457516345 11.500000000000002 1.5000000000000002 53.784615384615385 35.750000000000007 56.281746031746039 8.5000000000000018 49.500000000000007 7.5000000000000009 449.00000000000006 1.0000000180025095e-35 32.500000000000007 55.322916666666679 541.00000000000011 56.064583333333339 34.250000000000007
decision_type=2 2 2 2 2 2 2 2 2 2 2 2 2 2 2 2 2 2 2 2 2 2 2 2 2 2 2 2 2 2
left_child=26 3 13 8 6 10 23 -7 11 19 -6 12 -2 16 15 -15 17 -3 -18 -10 -16 -13 -8 -5 -11 27 29 28 -4 -1
right_child=1 2 25 4 5 7 22 -9 9 24 -12 21 -14 14 20 -17 18 -19 -20 -21 -22 -23 -24 -25 -26 -27 -28 -29 -30 -31
leaf_value=-0.057910626209799913 0.033645013841741733 0.032176342401706658 -0.032509006925505055 -0.013851335490749267 0.014292350057557239 -0.0032171474757138364 -0.012019572753148458 0.0031832508741404192 0.0081737208916790715 0.0078103609255043786 0.058617533379634691 0.00052183938171988819 -0.0054293521355364771 -0.013817395787310512 -0.022333821282118818 0.089012303064823037 0.02526926429312075 -0.012555276154741649 -0.045591601713347543 0.023341791377212581 0.038963220391430159 -0.062685028015771346 -0.00066690606443994046 -0.033972667155451018 -0.012713891527901694 -0.053381081983776439 0.0021191187932293513 0.036519020853711247 -0.012372216602814429 -0.053875194960524564
leaf_weight=1.9951863698661307 38.971271000802517 11.789895597845314 19.028361158911139 51.422823080793023 75.198463716544211 1109.8710242565721 185.80651095602661 1374.9405602221377 171.04150994261727 49.472959402017295 11.16565549559891 1334.4719052771106 34.80501900613308 7.2366630751639631 18.330386353656653 10.361457033082841 26.222881715744737 182.73480115458369 4.6215069517493239 103.29486120678484 4.6179755181074134 3.4688136372715226 234.77620789315552 56.911943786777556 52.323740570340306 5.6524908775463691 2.4915242549031973 1.6515403511002649 25.408517867792398 4.7387700765393674
leaf_count=20 197 103 444 395 447 7520 1214 7734 987 275 63 10617 171 102 212 99 216 1731 51 612 43 26 1535 418 279 138 30 33 577 93
internal_value=4.2413e-05 0.000112713 -0.00643628 0.000538318 -0.000806487 0.000986097 -0.0095206 0.000324436 0.00287018 0.00938576 0.020023 0.00113419 0.0152111 -0.00327228 0.0146215 0.0467269 -0.00649157 -0.00984415 0.014652 0.0138849 -0.00999881 0.000357966 -0.00568233 -0.0244218 -0.00273915 -0.0226972 -0.0396256 -0.018934 -0.020995 -0.0550708
internal_weight=5214.83 5205.6 317.656 4887.94 3100.09 2571.18 528.917 2484.81 1787.85 376.133 86.3641 1411.72 73.7763 265.916 40.5465 17.5981 225.369 194.525 30.8444 274.336 22.9484 1337.94 420.583 108.335 101.797 51.7409 9.22548 46.0884 44.4369 6.73396
internal_count=36382 36239 3749 32490 19326 15764 3562 15254 13164 2153 510 11011 368 2557 456 201 2101 1834 267 1599 255 10643 2749 813 554 1192 143 1054 1021 113
is_linear=0
shrinkage=0.05


Tree=124
num_leaves=31
num_cat=0
split_feature=9 1 14 11 14 7 9 16 11 11 11 14 11 12 11 13 3 9 13 16 17 13 2 14 12 16 17 17 13 14
split_gain=5.43493 4.96866 5.49836 5.27187 13.1564 14.4905 8.36255 8.29167 5.11155 13.8157 11.4995 7.11381 6.18639 7.57094 6.02003 4.35181 3.66453 3.44363 4.55542 3.2519 4.53176 3.55033 3.20834 2.84679 2.81049 2.67353 2.50625 2.43536 0.942667 0.0105991
threshold=409.00000000000006 3.5000000000000004 45.500000000000007 62.000000000000007 34.500000000000007 55.750000000000007 505.00000000000006 48.500000000000007 33.500000000000007 37.500000000000007 53.000000000000007 14.500000000000002 21.000000000000004 51.725000000000009 17.500000000000004 56.369318181818194 5.5000000000000009 433.00000000000006 55.566964285714292 43.500000000000007 1207.5000000000002 56.972222222222229 5.5000000000000009 42.500000000000007 42.231597222222227 27.500000000000004 843.50000000000011 843.50000000000011 56.656862745098046 39.500000000000007
decision_type=2 2 2 2 2 2 2 2 2 2 2 2 2 2 2 2 2 2 2 2 2 2 2 2 2 2 2 2 2 2
left_child=24 2 17 8 5 7 -7 -5 12 11 -11 -10 14 -14 -3 16 -4 18 25 20 -19 -21 29 -24 -1 -2 -18 -17 -20 -6
right_child=1 3 15 4 22 6 -8 -9 9 10 -12 -13 13 -15 -16 27 26 19 28 21 -22 -23 23 -25 -26 -27 -28 -29 -30 -31
leaf_value=0.010797164012171897 0.030548224424518596 0.00011979403848261477 -0.065565127734127135 0.0066080227138103622 -0.06153005522148846 0.053809364439230713 -0.0010649627482529811 -0.065985126634517527 -0.016664099449363833 0.007839477423487019 -0.007616916248724636 -0.0026542451899159349 -0.00027969486986512311 0.010240848480757167 -0.0059221299816799369 -0.016250582503856952 -0.04545121976503369 0.0061940734206352892 -0.06129081996002788 0.022896912258139387 -0.012171317400398285 -0.01878204534889974 -0.058869656039956308 0.010550316610588093 -0.054753417446387023 -0.029597525001370112 0.017694526050367736 0.050027249898750542 -0.022543143279865663 -0.05770429352126042
leaf_weight=2.1553873438388091 4.8672976139932853 2432.2270118962042 6.3394001647830027 79.984510354697704 3.2934874668717367 28.380722993053496 9.1914194617420417 4.1370660290122023 235.81610581185669 287.49111849628389 206.97102378029376 147.15081614581868 388.96953020617366 305.1737628870178 496.42223328351974 3.0068649426102629 2.9442581608891487 447.65599984442815 4.5404778635129333 44.791613152250648 36.314609385561198 5.7673535104840985 2.1728397598490119 4.6103379242122173 6.7753212894313037 2.9781344793736935 3.3698876425623894 2.5712049175053835 2.3990171421319246 4.0203408002853394
leaf_count=25 45 16289 38 721 23 237 68 28 1720 2201 1431 927 2575 2332 3481 23 22 3323 41 272 215 40 22 44 118 24 21 18 18 40
internal_value=3.88462e-05 0.000105733 0.00452155 -0.000434857 0.00927163 0.0145687 0.0403852 0.00303792 -0.000727743 -0.00415183 0.00136977 -0.011281 0.000101561 0.00434557 -0.000904345 -0.0224921 -0.0387113 0.00541813 -0.0183856 0.00607653 0.00481603 0.0181425 -0.0364555 -0.0116868 -0.0389331 0.00771683 -0.0117501 0.0143001 -0.0478956 -0.0594271
internal_weight=5212.49 5203.56 567.546 4636.01 135.791 121.694 37.5721 84.1216 4500.22 877.429 494.462 382.967 3622.79 694.143 2928.65 18.2316 12.6535 549.315 14.7849 534.53 483.971 50.559 14.097 6.78318 8.93071 7.84543 6.31415 5.57807 6.9395 7.31383
internal_count=36382 36239 4100 32139 1183 1054 305 749 30956 6279 3632 2647 24677 4907 19770 122 81 3978 128 3850 3538 312 129 66 143 69 43 41 59 63
is_linear=0
shrinkage=0.05


Tree=125
num_leaves=31
num_cat=0
split_feature=14 12 12 8 11 11 11 8 15 15 11 0 17 15 8 15 11 15 15 12 16 16 15 18 13 16 17 12 0 9
split_gain=7.29333 8.04783 6.59169 7.66337 10.7117 8.81726 11.9507 16.1092 11.5502 11.9213 7.42125 6.8296 9.77278 5.55739 5.3208 4.42053 4.33254 8.49637 8.80474 8.1714 5.13609 6.1567 5.19767 4.16675 4.94495 10.6822 3.01774 2.87674 2.8696 2.37126
threshold=48.500000000000007 101.50000000000001 77.418487394958007 34.45000000000001 68.000000000000014 49.500000000000007 46.500000000000007 36.650000000000013 695.00000000000011 248.50000000000003 33.500000000000007 2010.5000000000002 1408.5000000000002 741.50000000000011 32.95000000000001 240.00000000000003 33.500000000000007 53.500000000000007 553.50000000000011 81.38181818181819 15.500000000000002 19.500000000000004 76.500000000000014 7.5000000000000009 56.275252525252533 5.5000000000000009 88.500000000000014 66.720138888888897 2020.5000000000002 499.00000000000006
decision_type=2 2 2 2 2 2 2 2 2 2 2 2 2 2 2 2 2 2 2 2 2 2 2 2 2 2 2 2 2 2
left_child=2 23 3 4 11 6 10 -8 9 -7 -5 13 -13 -1 26 -6 20 19 -19 -18 22 -22 -16 24 28 -26 -4 -17 -2 -10
right_child=1 -3 14 5 15 8 7 -9 29 -11 -12 12 -14 -15 16 27 17 18 -20 -21 21 -23 -24 -25 25 -27 -28 -29 -30 -31
leaf_value=0.0085328263329135148 -0.013959630901360555 0.058628631412422395 0.00095740597498322256 0.00074250849288117957 0.010719517266195468 -0.018629034606908068 0.030213354408171418 -0.0079673219331000984 -0.0642079707355038 0.0056100957687147818 -0.0089942649196867834 0.0024105575456357976 -0.033213783277614345 0.035856623389161887 -0.027261665587398509 0.089608637669029989 0.13211371411066164 -0.017139269170194888 0.0098997608218957759 -0.0093990346489796969 0.021159945862919582 -0.00040454613692480752 -0.0047338735519115334 -0.039411336694099047 0.099378621549910631 -0.034395195788817834 0.0446168000369985 0.037466515136696958 -0.066158543145393364 -0.01673067383999452
leaf_weight=310.29177090153098 18.258212332613773 3.1913607716560355 7.281828995794057 2857.2433676095679 6.0444360151886967 102.64497818751261 75.404204703867435 43.601228544022888 11.02137674577534 100.28528840234503 210.08768259384669 598.84206579998136 19.89095002412796 19.796493887901306 28.688052413985133 5.4518796205520612 2.0219234041869631 163.50056927883998 36.902865868061781 2.0588370934128761 38.28309391066432 244.40492056449875 238.18795168260112 22.143814954906702 2.8760646171867839 3.101708316244185 8.6707347482442838 5.1383071541786194 3.0765788182616225 3.4542025923728934
leaf_count=1534 126 20 41 20902 30 994 453 532 94 788 1722 3054 92 85 299 23 16 1237 209 25 214 1565 1857 178 18 24 41 23 21 19
internal_value=0.000187853 -0.0183274 0.00037753 0.00112927 0.00506106 1.40298e-05 0.000678765 0.0162247 -0.00972843 -0.0066504 7.56173e-05 0.00436372 0.00126531 0.0101715 -0.00388803 0.0448368 -0.00449258 -0.0107059 -0.0121602 0.0607173 -0.00218071 0.00251583 -0.00715552 -0.0232933 -0.0102255 0.0299669 0.0246877 0.0643095 -0.021487 -0.0528788
internal_weight=5191.85 52.6477 5139.2 4369.2 965.456 3403.74 3186.34 119.005 217.406 202.93 3067.33 948.821 618.733 330.088 770.001 16.6346 754.048 204.484 200.403 4.08076 549.564 282.688 266.876 49.4564 27.3126 5.97777 15.9526 10.5902 21.3348 14.4756
internal_count=36236 387 35849 30345 4841 25504 23609 985 1895 1782 22624 4765 3146 1619 5504 76 5422 1487 1446 41 3935 1779 2156 367 189 42 82 46 147 113
is_linear=0
shrinkage=0.05


Tree=126
num_leaves=31
num_cat=0
split_feature=16 16 15 16 15 12 17 15 11 9 9 9 12 9 1 16 15 5 9 16 11 11 12 17 17 13 13 17 9 9
split_gain=5.93397 10.1993 13.9493 13.2304 8.65007 8.58178 8.32916 16.8084 7.12543 9.57822 7.12226 6.23814 5.58415 10.2863 6.55982 8.5773 6.09834 5.63957 5.50481 5.24399 20.6401 13.1417 11.3582 9.45779 15.5527 13.513 22.3856 9.41951 8.85948 7.87391
threshold=43.500000000000007 34.500000000000007 695.00000000000011 40.500000000000007 553.50000000000011 22.147008547008546 886.00000000000011 248.50000000000003 31.000000000000004 463.00000000000006 465.00000000000006 513.00000000000011 59.552500000000009 455.00000000000006 7.5000000000000009 47.500000000000007 778.00000000000011 1.0000000180025095e-35 459.00000000000006 33.500000000000007 53.000000000000007 44.500000000000007 93.309375000000003 1141.5000000000002 934.00000000000011 55.220486111111121 55.059027777777786 898.50000000000011 465.00000000000006 423.00000000000006
decision_type=2 2 2 2 2 2 2 2 2 2 2 2 2 2 2 2 2 2 2 2 2 2 2 2 2 2 2 2 2 2
left_child=1 19 5 8 -2 -3 7 -7 18 -10 -8 12 14 -14 15 -6 -16 -15 -4 23 21 22 -21 24 27 26 -25 -1 -27 -26
right_child=4 2 3 -5 11 6 10 -9 9 -11 -12 -13 13 17 16 -17 -18 -19 -20 20 -22 -23 -24 25 29 28 -28 -29 -30 -31
leaf_value=0.00034769215793420692 0.0071564970142004199 0.030838926479542984 0.073726171833629089 -0.031056871768996609 -0.057391242818338933 0.0079809097320928321 -0.0030321813286960939 -0.016121149188817741 0.020239460971598497 0.12873937045443398 -0.021098445163192335 -0.048160564916255151 -0.04980563793132245 0.048640643279763182 -0.018009860208314122 0.014447471389961625 0.046463627401934306 -0.018503140078670075 0.0047041747883296518 0.0073160577177234787 -0.049147392817937216 0.082366338850129339 0.060761547639279379 -1.4676463285047357e-05 -0.060014842652628464 -0.025165143143821192 0.060627693677327024 -0.011993274500918477 -0.0070524532675235634 0.0092953360783856916
leaf_weight=2509.6043619713746 513.18532080762088 13.671222111210225 4.0331641510129037 7.4507821183651677 14.311473779380323 152.76609372720122 77.574446111917496 137.39513424877077 3.5418497957289201 4.7781317606568336 183.82867914624512 10.07085084915161 4.8733805269002941 13.023773025721313 9.5647475048899633 5.8548517730087033 5.9487408390268675 4.1155928634107104 10.180357996374367 146.46311570424587 14.112317614257334 6.7157481908798209 10.664814867079256 181.74006429221481 4.1283371821045867 85.424429100938141 16.608651807531714 164.77359470585361 321.9706176025793 551.53602030873299
leaf_count=19282 3145 76 21 43 78 1143 559 961 24 26 1302 59 29 66 57 33 30 23 59 716 80 32 52 1207 40 584 102 1142 2020 3245
internal_value=0.000177403 -0.000422844 -0.00653071 0.0267027 0.00493947 -0.00829365 -0.0092636 -0.00343173 0.0458011 0.0825505 -0.0157371 -0.0118505 -0.00551221 0.0142922 -0.0177306 -0.0365344 0.00671289 0.0325177 0.0242895 0.000482924 0.00887361 0.0138711 0.0109436 9.36502e-05 0.00116882 -0.00563955 0.00506319 -0.000412659 -0.0108504 0.00878039
internal_weight=5189.91 4608.96 595.22 29.9843 580.949 565.236 551.564 290.161 22.5335 8.31998 261.403 67.7634 57.6926 22.0127 35.6798 20.1663 15.5135 17.1394 14.2135 4013.74 177.956 163.844 157.128 3835.79 3230.04 605.744 198.349 2674.38 407.395 555.664
internal_count=36236 32716 4214 173 3520 4041 3965 2104 130 50 1861 375 316 118 198 111 87 89 80 28502 880 800 768 27622 23709 3913 1309 20424 2604 3285
is_linear=0
shrinkage=0.05


Tree=127
num_leaves=31
num_cat=0
split_feature=8 11 11 8 13 15 9 17 12 8 13 15 9 0 13 13 17 17 6 11 12 15 11 15 12 9 9 9 0 8
split_gain=5.84687 11.4379 13.9494 17.2371 13.8677 13.7506 12.4651 11.0241 10.5641 14.6288 11.1866 13.7547 12.0874 13.3611 10.6227 14.9088 12.3693 10.4876 10.4705 11.5136 9.54402 9.75828 8.94827 20.2465 13.9522 11.9407 8.91124 8.12329 7.65467 13.017
threshold=34.45000000000001 49.500000000000007 46.500000000000007 36.650000000000013 56.870833333333344 54.500000000000007 487.00000000000006 1207.5000000000002 56.588492063492069 37.050000000000004 55.220486111111121 444.50000000000006 441.00000000000006 2013.5000000000002 54.806250000000006 54.566964285714292 1408.5000000000002 934.00000000000011 3.5000000000000004 68.000000000000014 40.279797979797983 287.50000000000006 33.500000000000007 553.50000000000011 35.966239316239324 497.00000000000006 493.00000000000006 455.00000000000006 2003.5000000000002 39.45000000000001
decision_type=2 2 2 2 2 2 2 2 2 2 2 2 2 2 2 2 2 2 2 2 2 2 2 2 2 2 2 2 2 2
left_child=18 2 22 4 7 -5 -7 -4 9 14 12 27 13 -10 15 -3 -16 -6 19 -1 -20 -22 28 24 -24 -25 -13 -12 -2 -30
right_child=1 8 3 5 17 6 -8 -9 10 -11 11 26 -14 -15 16 -17 -18 -19 20 -21 21 -23 23 25 -26 -27 -28 -29 29 -31
leaf_value=0.0089930654880380906 0.0054400052785788799 0.0065541192733746534 0.012942766084112798 0.10056075660293395 0.040066036690713111 -0.044103329100921185 0.0060916104763342471 0.065488084675927857 0.045146898422469536 -0.042824572855136349 0.044707561893232939 0.1121102484508771 -0.04329990312988341 -0.054828986748191581 0.0087444722179128298 -0.067217706254994777 0.088308471848515258 0.13420579407495689 0.0084993073253552039 0.061800105279097017 0.0028185243008976529 -0.009628639380041765 0.032387947625677503 0.040850355273816662 -0.019412703141839256 -0.0158541360310549 0.0018615829466495837 -0.024758681709229791 -0.00078093119471791899 -0.043134763321397478
leaf_weight=328.85633027181029 541.55738350516185 18.056724853813652 68.899566465988755 2.8147926339879623 7.4525368995964509 19.876054218504578 32.744779277592897 11.673111803829668 8.9478202648460847 18.637506301980466 4.9247472034767261 3.9334747828543177 60.914148292504251 5.3341234987601629 84.392589680850506 11.033383268862961 5.1849619932472697 4.9060638695955276 254.72448835149407 10.656544730067251 339.06189939752221 293.99022651091218 13.912176471203564 27.978281347081065 198.06441839877516 13.894562538247554 3.4321265239268541 28.935184363275766 2745.6673460882157 18.26183884171769
leaf_count=1520 3997 116 429 46 54 265 357 62 69 363 54 30 569 85 591 77 27 23 1245 48 1955 1479 154 190 1664 93 25 266 19311 1072
internal_value=0.000167088 -0.000767132 -6.43046e-05 0.0149571 0.0281199 -0.00710868 -0.0128681 0.0205554 -0.0110375 -0.00164299 -0.0221173 -0.00118498 -0.0335932 0.00780718 0.00482484 -0.0214263 0.0133498 0.0774372 0.00318255 0.0106506 0.000326557 -0.00296195 -0.000690456 -0.00973704 -0.016013 0.0220342 0.060738 -0.0146552 4.28913e-06 -0.00106077
internal_weight=5188.72 3961.43 3707.7 148.367 92.9313 55.4356 52.6208 80.5727 253.727 137.305 116.422 41.2255 75.1961 14.2819 118.668 29.0901 89.5776 12.3586 1227.29 339.513 887.777 633.052 3559.34 253.849 211.977 41.8728 7.3656 33.8599 3305.49 2763.93
internal_count=36236 29989 27717 1236 568 668 622 491 2272 1174 1098 375 723 154 811 193 618 77 6247 1568 4679 3434 26481 2101 1818 283 55 320 24380 20383
is_linear=0
shrinkage=0.05


Tree=128
num_leaves=31
num_cat=0
split_feature=14 13 9 12 8 8 11 11 11 7 0 8 6 9 13 9 8 7 0 9 14 9 7 13 4 0 8 6 4 0
split_gain=6.56608 7.29831 13.6565 6.07511 6.75784 5.97585 8.87327 7.11141 9.62034 8.64723 5.98041 4.7821 5.25274 5.23119 7.21909 5.99869 4.79963 9.1342 4.36476 2.43139 2.35616 2.03697 4.03244 4.94999 2.5049 2.24041 2.09635 1.81893 1.73026 0.360878
threshold=48.500000000000007 56.815340909090914 487.00000000000006 77.418487394958007 40.45000000000001 34.45000000000001 68.000000000000014 49.500000000000007 46.500000000000007 53.500000000000007 2010.5000000000002 32.95000000000001 6.5000000000000009 531.00000000000011 56.741666666666667 519.00000000000011 35.95000000000001 57.750000000000007 2022.5000000000002 437.00000000000006 14.500000000000002 479.00000000000006 55.750000000000007 55.25833333333334 11.500000000000002 2013.5000000000002 35.95000000000001 6.5000000000000009 11.500000000000002 2009.5000000000002
decision_type=2 2 2 2 2 2 2 2 2 2 2 2 2 2 2 2 2 2 2 2 2 2 2 2 2 2 2 2 2 2
left_child=3 19 -3 4 5 6 10 8 -7 -9 -1 20 13 15 -15 -13 28 -18 -8 -2 27 24 23 -23 29 -26 -24 -5 -14 -21
right_child=1 2 -4 11 -6 7 18 9 -10 -11 -12 12 16 14 -16 -17 17 -19 -20 21 -22 22 26 -25 25 -27 -28 -29 -30 -31
leaf_value=0.0093899792133352589 0.019050178105842169 -0.032817028105886534 0.12033429721305174 0.020744608999829831 -0.050650747605242158 0.00019130246317741924 0.024098209446087364 -0.044703105632514673 0.014609371611243191 -0.0058779934390351118 0.0010666577983401741 -0.0037365037754196876 -0.043075756866374625 -0.043737585826814196 0.024115799742882738 0.016665944790066636 -0.018893542808799187 0.08024187961872549 0.080156423139396471 -0.039172883148893251 -0.010312717545010142 -0.023452202113864701 -0.018907767556157161 0.046932548628159036 -0.050891085160980412 0.0013414918799864687 -0.057759828018465645 0.062166178879057898 -0.0074120912184866706 -0.062056755708800641
leaf_weight=331.225336227566 3.0284963045269242 3.2967107221484175 2.6063787960447371 8.1395800709724444 6.3097952741663894 3059.6011897893623 11.581427142024042 15.460459336638449 120.24222860485315 198.13455525366589 619.36868501082063 652.93052879767492 19.028118109330538 16.471540689002726 5.1441638534888616 38.131320402957499 12.74059922993183 2.841831491328775 4.9591997265815726 2.2192928711883724 3.9369241744279853 5.9611547142267245 8.3634044975042325 4.2997374422848225 3.4660698398947716 5.0355904903262854 5.9364083241671315 3.9299921654164782 4.1410884093493214 7.7013137000612915
leaf_count=1619 23 25 18 41 665 22015 53 158 970 1696 3146 4458 244 111 36 231 245 37 23 23 19 44 54 29 26 34 47 22 60 64
internal_value=0.0001567 -0.017536 0.0348036 0.000335596 0.0010566 0.00113143 0.00459859 0.000143279 0.000736506 -0.00868824 0.00396684 -0.00376711 -0.00434316 -0.00336836 -0.0275897 -0.00261074 -0.0222707 -0.000813811 0.0409055 -0.024251 0.0232758 -0.0273019 -0.017875 0.00604191 -0.0398698 -0.0199534 -0.0350368 0.034232 -0.0367015 -0.0569375
internal_weight=5186.23 51.9146 5.90309 5134.32 4366.88 4360.57 967.135 3393.44 3179.84 213.595 950.594 767.436 751.429 712.678 21.6157 691.062 38.7516 15.5824 16.5406 46.0115 16.0065 42.983 24.5607 10.2609 18.4223 8.50166 14.2998 12.0696 23.1692 9.92061
internal_count=36236 387 43 35849 30345 29680 4841 24839 22985 1854 4765 5504 5422 4836 147 4689 586 282 76 344 82 321 174 73 147 60 101 63 304 87
is_linear=0
shrinkage=0.05


Tree=129
num_leaves=31
num_cat=0
split_feature=14 12 16 16 16 1 0 12 0 8 8 13 0 18 12 18 8 13 7 0 7 9 0 0 13 7 8 9 1 8
split_gain=6.0128 7.37409 5.69808 8.67565 9.12379 8.61467 9.56455 8.57244 8.46475 11.4379 10.0662 8.9489 8.79017 8.56672 8.03621 7.3608 7.10369 6.94324 6.93346 6.89974 6.50108 6.44379 6.42703 6.39057 5.05242 5.75688 3.78097 6.73561 3.94532 3.32075
threshold=48.500000000000007 106.15277777777779 43.500000000000007 34.500000000000007 35.500000000000007 3.5000000000000004 2004.5000000000002 26.53166666666667 2015.5000000000002 36.250000000000007 37.150000000000013 54.066964285714292 2006.5000000000002 19.500000000000004 52.463961038961052 12.500000000000002 40.150000000000013 54.930952380952384 57.250000000000007 2003.5000000000002 51.500000000000007 481.00000000000006 2021.5000000000002 2017.5000000000002 56.757352941176478 56.750000000000007 36.050000000000004 509.00000000000006 11.500000000000002 36.850000000000001
decision_type=2 2 2 2 2 2 2 2 2 2 2 2 2 2 2 2 2 2 2 2 2 2 2 2 2 2 2 2 2 2
left_child=2 26 3 16 5 6 -5 21 10 11 12 -10 13 -4 -14 29 19 -13 -9 20 -1 -6 -17 -21 25 -12 27 28 -2 -11
right_child=1 -3 8 4 7 -7 -8 18 9 15 24 17 14 -15 -16 22 -18 -19 -20 23 -22 -23 -24 -25 -26 -27 -28 -29 -30 -31
leaf_value=-0.030058468647175741 -0.030751026130336773 0.065211771806000532 -0.0010856827485834321 0.10174594870689156 0.045134662522741682 -0.03014747144307562 -0.014868244769568155 -0.0068141743693181898 0.044552940487111906 0.011960957110000447 -0.019680266771520447 -0.056414827428313101 0.0083728248007641417 0.062514280493205329 0.0268291328368532 0.021124551742809101 -0.041432077419602781 -0.013857137924178012 0.017188728377902515 -0.0016909573159426641 0.0064853056648156064 -0.0029510075177379795 0.085134590252983366 0.0029669991846211618 -0.057802627962337844 0.011572330789158196 -0.042549915398668155 0.041661025497555626 0.014522274108533312 -0.031137883462501723
leaf_weight=12.43621609546244 23.086892098188404 2.5971908941864958 130.97268094867468 2.7106390446424475 15.234955973923208 57.811062021879479 5.0049251597374678 463.63276844471693 5.917437180876731 9.688271641731264 32.982124009635299 10.866451814770697 120.23241481184959 5.5177522003650656 115.77034778892994 18.79096609167755 10.042818792164324 81.205887384712696 32.173684044275433 2290.4697317122482 569.0018382743001 12.837987215258179 4.9557377225719383 1085.2520579844713 5.0504796933382741 26.634429028490558 14.599436314310877 4.9693702310323706 6.0792777873575679 8.2968023917637748
leaf_count=117 168 15 666 20 78 507 40 3262 33 60 324 57 628 29 641 165 798 441 204 15848 3995 71 40 7424 75 227 139 30 35 99
internal_value=0.000147933 -0.0168796 0.000318199 -0.000274522 -0.00593476 -0.0235244 0.0261008 -0.00373466 0.00499992 -0.00571336 0.00842401 -0.0150492 0.0115853 0.0014854 0.0174265 0.0162081 0.000566419 -0.0188798 -0.00525659 0.000673006 0.00570368 0.0231447 0.0344829 -0.000193483 -0.0097856 -0.00571778 -0.0212545 -0.0121466 -0.0213144 -0.00792123
internal_weight=5184.82 51.3322 5133.49 4556.61 589.406 65.5266 7.71556 523.879 576.882 139.722 437.16 97.9898 372.493 136.49 236.003 41.7318 3967.2 92.0723 495.806 3957.16 581.438 28.0729 23.7467 3375.72 64.667 59.6166 48.735 34.1355 29.1662 17.9851
internal_count=36236 387 35849 32364 4182 567 60 3615 3485 895 2590 531 1964 695 1269 364 28182 498 3466 27384 4112 149 205 23272 626 551 372 233 203 159
is_linear=0
shrinkage=0.05


Tree=130
num_leaves=31
num_cat=0
split_feature=15 14 14 4 3 17 0 8 15 16 0 0 14 3 7 9 17 1 7 16 9 5 17 9 3 9 7 0 0 9
split_gain=5.07039 4.98028 10.4115 13.0185 12.6532 12.1796 10.9729 8.7879 11.0554 9.6211 8.88296 7.64169 7.47381 8.87896 8.67615 7.58552 7.34534 6.93007 6.69603 6.24395 6.23151 5.34432 5.16102 5.00527 4.99316 4.04011 3.68921 3.17156 3.15516 1.41028
threshold=1.5000000000000002 30.500000000000004 18.500000000000004 11.500000000000002 5.5000000000000009 666.50000000000011 2018.5000000000002 35.150000000000013 287.50000000000006 27.500000000000004 2015.5000000000002 2018.5000000000002 16.500000000000004 8.5000000000000018 56.750000000000007 483.00000000000006 24.500000000000004 5.5000000000000009 52.500000000000007 2.5000000000000004 523.00000000000011 1.5000000000000002 199.50000000000003 491.00000000000006 8.5000000000000018 493.00000000000006 57.750000000000007 2016.5000000000002 2011.5000000000002 461.00000000000006
decision_type=2 2 2 2 2 2 2 2 2 2 2 2 2 2 2 2 2 2 2 2 2 2 2 2 2 2 2 2 2 2
left_child=-1 2 12 5 11 25 -7 8 10 18 23 -5 15 14 -14 21 29 -17 27 -18 -6 -2 -20 -3 26 -4 -11 -9 -15 -10
right_child=1 7 3 4 20 6 -8 9 16 24 -12 -13 13 28 -16 17 19 -19 22 -21 -22 -23 -24 -25 -26 -27 -28 -29 -30 -31
leaf_value=-0.048372919441824945 -0.0017653920522380186 0.048457683069110392 -0.018232022110358927 0.025012079581658325 0.010460795203042999 0.013718746018040087 -0.016413640578623316 -0.059161821156665045 -0.012747223630772679 -0.01792460287699376 -0.026716511635784115 0.061988907993449742 -0.029235966103402251 -0.0064880907379252038 -0.0002352568723071461 0.0067287494950696476 0.013491743564113033 0.00036041130821574144 0.011653769280456481 -0.0031352913176558709 -0.04268842950395843 0.010733268952774058 -0.004985324731532753 0.0012194424696383888 -0.06464329387921465 0.00025282691583281128 0.027503818033849211 0.010387269111111631 0.048640138008423109 -0.055035632494519517
leaf_weight=5.2609718944877377 1946.9791220999323 25.685546573251486 73.030764309223741 59.921200282406062 120.12662248080596 187.32404207158834 36.023309648502618 7.2802980807609838 2.7422138452529889 137.50717541761696 6.2890133932232848 18.22116965148598 59.148217283189297 3.9557170802727324 45.728566151112318 792.00681778881699 74.662167072296143 927.43618068890646 64.020835528150201 231.65183308720589 5.7802884657867244 89.457160832593217 171.29641472548246 7.1738111898303023 5.5853378027677527 49.660204977262765 4.6192116886377326 2.1155062722973526 7.5476992977783084 7.0149169079959393
leaf_count=62 14367 130 517 375 701 1123 218 74 17 994 40 101 370 24 273 5643 385 6447 554 1199 34 740 1304 35 46 335 30 22 46 40
internal_value=0.000688116 0.000738041 0.00137612 0.00781288 0.0178297 0.00190625 0.00885875 -0.00303621 0.00266143 -0.00819366 0.027725 0.0336343 0.000461721 -0.0120171 -0.016591 0.000848393 -0.000442936 0.00329378 -0.00211115 0.000917447 0.00802076 -0.00121635 -0.000458463 0.0381447 -0.0182705 -0.0107501 -0.0164481 -0.0435025 0.029683 -0.0431506
internal_weight=5175.25 5169.99 4422.35 550.088 204.049 346.038 223.347 747.644 355.22 392.425 39.1484 78.1424 3872.26 116.38 104.877 3755.88 316.071 1719.44 244.713 306.314 125.907 2036.44 235.317 32.8594 147.712 122.691 142.126 9.3958 11.5034 9.75713
internal_count=36246 36184 31314 3404 1211 2193 1341 4870 1846 3024 205 476 27910 713 643 27197 1641 12090 1954 1584 735 15107 1858 165 1070 852 1024 96 70 57
is_linear=0
shrinkage=0.05


Tree=131
num_leaves=31
num_cat=0
split_feature=8 5 3 3 0 15 0 6 7 11 11 15 15 0 17 15 15 15 15 17 17 3 17 17 16 0 0 8 11 0
split_gain=4.82921 9.83079 8.44123 10.9222 12.4003 7.45701 6.02161 5.98939 6.88793 5.4798 21.6959 17.5726 16.5239 19.1462 12.976 12.207 10.0818 13.4035 10.9736 17.0479 13.5023 5.29671 8.25302 7.04061 5.41124 5.08212 10.1531 4.93963 11.419 6.8588
threshold=37.650000000000013 1.0000000180025095e-35 7.5000000000000009 5.5000000000000009 2023.5000000000002 340.50000000000006 2006.5000000000002 4.5000000000000009 52.500000000000007 62.000000000000007 68.000000000000014 240.00000000000003 264.50000000000006 2010.5000000000002 1141.5000000000002 85.500000000000014 268.00000000000006 407.00000000000006 163.50000000000003 657.50000000000011 908.00000000000011 8.5000000000000018 1141.5000000000002 241.50000000000003 21.500000000000004 2003.5000000000002 2013.5000000000002 36.650000000000013 43.000000000000007 2011.5000000000002
decision_type=2 2 2 2 2 2 2 2 2 2 2 2 2 2 2 2 2 2 2 2 2 2 2 2 2 2 2 2 2 2
left_child=9 2 3 4 5 -2 -5 8 -4 21 16 15 13 -13 -14 -12 18 -18 19 -11 -20 27 23 -23 -25 -24 -27 -1 29 -29
right_child=1 -3 7 6 -6 -7 -8 -9 -10 10 11 12 14 -15 -16 -17 17 -19 20 -21 -22 22 25 24 -26 26 -28 28 -30 -31
leaf_value=0.001080061256062907 -0.023820205640764164 -0.016069624587914163 0.08147017896048532 0.026734974814796416 0.089949783878262482 0.011035288788088718 0.0051538042075424282 -0.020175507644538584 -0.0025657280427015877 0.097604349280854791 0.026484294575673497 0.14368465931279059 0.020241731199950052 0.010154540760085375 -0.040380054039482499 -0.039901851739202486 -0.02637793073042102 0.074296748825868841 0.060703832632471949 -0.058623169855579471 0.18951962501479089 -0.0007218894277873049 0.023609067746610465 0.019794302884991399 0.0045852074085853392 -0.031941404035814601 0.0053374967618139077 0.0035382996674973681 -0.022982409873923075 -0.0068505188389590844
leaf_weight=3409.739575304091 48.427729852963239 126.72824360989034 2.5114650055766097 62.463501219172031 3.0647422955371431 22.462215573526919 66.983579223975539 65.471919481176883 83.775027724448591 4.1361160427331951 8.8910494893789274 5.1232935637235624 35.18156418018043 5.6394591331481934 11.783847851678727 31.308603452518582 7.5373816266655904 5.8893687427043915 4.7271960675716382 3.0220788344740868 3.570982001721859 120.11501620337367 10.95669863373041 154.11738151870668 94.247133022174239 35.771369725465775 37.320348460227251 331.7376327496022 68.073982222937047 304.89493585750461
leaf_count=19930 1154 2231 28 612 55 420 854 1081 984 37 68 28 249 32 87 271 63 30 29 27 19 805 55 882 566 187 193 2374 640 2255
internal_value=0.000652483 -0.00411416 0.000151786 0.00681003 -0.00851885 -0.0127759 0.0155676 -0.00877226 -0.000119769 0.00114185 0.0113943 0.000162467 0.0178372 0.0737176 0.00503143 -0.0252191 0.0494756 0.017781 0.0770083 0.0316475 0.116138 0.000857173 0.0059916 0.00921647 0.0140229 -0.00814665 -0.0129069 0.000292463 -0.00351835 -0.00143709
internal_weight=5175.67 481.888 355.16 203.402 73.9547 70.8899 129.447 151.758 86.2865 4693.79 126.811 97.9278 57.7282 10.7628 46.9654 40.1997 28.8831 13.4268 15.4564 7.15819 8.29818 4566.97 452.528 368.48 248.365 84.0484 73.0917 4114.45 704.707 636.633
internal_count=36246 7419 5188 3095 1629 1574 1466 2093 1012 28827 940 735 396 60 336 339 205 93 112 64 48 27887 2688 2253 1448 435 380 25199 5269 4629
is_linear=0
shrinkage=0.05


Tree=132
num_leaves=31
num_cat=0
split_feature=13 7 15 9 13 0 6 4 12 13 16 16 16 11 15 2 0 11 11 12 17 0 7 9 17 11 11 12 9 13
split_gain=8.21756 13.1097 9.28958 7.01832 6.31207 7.61623 9.05801 10.3698 7.70494 7.15644 6.2604 22.4042 8.76426 17.4034 20.1056 10.8218 8.86341 15.2522 11.6201 8.42717 6.99944 7.08017 11.1543 8.57006 7.59541 10.9758 6.74858 16.6277 10.1747 6.63525
threshold=54.970486111111121 54.250000000000007 778.00000000000011 485.00000000000006 54.940972222222229 2018.5000000000002 3.5000000000000004 11.500000000000002 56.588492063492069 54.379807692307701 15.500000000000002 16.500000000000004 25.500000000000004 43.000000000000007 116.50000000000001 5.5000000000000009 2012.5000000000002 51.500000000000007 51.500000000000007 51.136666666666677 1141.5000000000002 2000.5000000000002 54.250000000000007 441.00000000000006 827.50000000000011 46.500000000000007 15.500000000000002 26.53166666666667 465.00000000000006 55.440972222222229
decision_type=2 2 2 2 2 2 2 2 2 2 2 2 2 2 2 2 2 2 2 2 2 2 2 2 2 2 2 2 2 2
left_child=1 4 -3 -4 5 9 7 -7 -8 -1 20 19 13 15 -15 -13 17 -14 -18 -12 21 22 -2 -24 -23 -26 -22 -28 -29 -21
right_child=10 2 3 -5 -6 6 8 -9 -10 -11 11 12 16 14 -16 -17 18 -19 -20 29 26 24 23 -25 25 -27 27 28 -30 -31
leaf_value=0.0007396043695861175 -0.031279332333147745 0.010541664276811795 0.011801936834749461 -0.053294450078825675 -0.061943280853504028 -0.0040056391252984921 0.0069926962118682977 0.05564790830477661 -0.054225419309405581 -0.013099625115696218 0.011178946648755917 0.011173392162451395 0.00031452224149922423 0.11125127497325682 0.020872134304460461 -0.0035894097809548529 -0.0035583265625729419 0.026869247487996201 -0.027346772928010868 0.011463585480710844 0.0048530576484845283 -0.003757172574833924 0.074590823279834378 0.01532489674383083 0.0015955392463068816 0.031797271878661763 0.11425835470240056 -0.046421884844756248 -0.012588479733679487 0.070312307293443219
leaf_weight=308.36467082751915 11.786456778179852 580.44563044561073 6.9837928656488684 10.17043486330658 4.2609053207561365 11.397533528972419 45.94211167935282 20.190578550100327 5.7872982341796151 134.01065271953121 18.581174705177546 221.7161702811718 745.5530038359575 6.9168678391724816 55.754187662620097 282.06022328045219 623.13235833635554 58.302572707645595 55.944266570033506 6.4034203477203873 43.395176761783659 1405.2191504717339 6.8292130921035996 57.10792206088081 269.5326243233867 33.861763130873442 2.3328157365322104 28.978627692442387 95.295787740964442 19.008640147745609
leaf_count=2353 117 3742 39 57 39 64 366 142 50 1158 96 1320 4707 46 343 1791 4123 444 416 38 260 11140 50 451 1648 228 11 234 680 93
internal_value=0.000617967 0.00439292 0.00946998 -0.0267925 -0.0013322 -0.000840932 0.0130267 0.0341239 0.000143836 -0.00345277 -0.000433605 0.00146635 0.000708481 0.00599899 0.0308471 0.00290782 -0.00131238 0.0022405 -0.00551809 0.0367708 -0.00246872 -0.00154511 0.0134159 0.0216552 -0.00220816 0.00496635 -0.0121629 -0.0179952 -0.0204778 0.0554834
internal_weight=5175.27 1127.55 597.6 17.1542 529.954 525.693 83.3175 31.5881 51.7294 442.375 4047.71 2093.37 2049.38 566.447 62.6711 503.776 1482.93 803.856 679.077 43.9932 1954.34 1784.34 75.7236 63.9371 1708.61 303.394 170.002 126.607 124.274 25.4121
internal_count=36246 8010 3838 96 4172 4133 622 206 416 3511 28236 13417 13190 3500 389 3111 9690 5151 4539 227 14819 13634 618 501 13016 1876 1185 925 914 131
is_linear=0
shrinkage=0.05


Tree=133
num_leaves=31
num_cat=0
split_feature=13 9 4 9 1 6 16 11 17 13 13 6 17 18 9 15 17 9 17 17 6 15 15 9 9 11 15 9 9 15
split_gain=7.40023 9.04518 5.92461 9.18273 11.8094 12.7527 11.2504 17.6159 8.80451 7.23954 11.3573 7.49892 7.02067 6.96336 6.94497 6.45226 6.38976 5.89275 5.66193 5.46272 7.97457 5.40388 5.31111 7.77288 5.84115 7.67333 5.58595 5.16282 7.26291 9.79278
threshold=54.970486111111121 537.00000000000011 11.500000000000002 475.00000000000006 5.5000000000000009 4.5000000000000009 28.500000000000004 37.500000000000007 1141.5000000000002 56.757352941176478 56.806250000000006 3.5000000000000004 1170.0000000000002 1.5000000000000002 423.00000000000006 158.00000000000003 59.500000000000007 535.00000000000011 827.50000000000011 83.500000000000014 3.5000000000000004 255.50000000000003 778.00000000000011 485.00000000000006 439.00000000000006 33.500000000000007 379.50000000000006 489.00000000000006 467.00000000000006 133.50000000000003
decision_type=2 2 2 2 2 2 2 2 2 2 2 2 2 2 2 2 2 2 2 2 2 2 2 2 2 2 2 2 2 2
left_child=1 17 13 9 6 12 8 -8 -5 11 21 14 -6 27 -4 -12 -15 22 -7 20 -18 -11 24 -24 25 -1 -26 28 -2 -30
right_child=2 -3 3 4 5 18 7 -9 -10 10 15 -13 -14 16 -16 -17 19 -19 -20 -21 -22 -23 23 -25 26 -27 -28 -29 29 -31
leaf_value=-0.0027752043374730754 -0.01406323246677669 -0.031856294277113527 -0.058915696786910422 0.016516904597639152 0.0017507258106802615 -0.016841692753696211 0.0083295287742650315 -0.02761119641480806 -0.0071966203384747187 0.027269636227059715 0.026925413455527149 -0.0069598992463162524 0.019363860275811141 -0.011897619185997787 0.0078213277418444065 -0.0097265835811329443 0.055177234694204207 0.067186781268821147 -0.00024233921389409295 -0.00078701020256528311 0.0049450482971765365 0.10550983904808194 0.0081413241801637816 -0.047013600416176457 0.004235029708015807 -0.055330468287798973 0.013536173801691895 -0.019746742172249171 0.041943549638720379 -0.0022202374505692832
leaf_weight=79.996402114164084 100.14906382514164 17.16406117985025 4.0112880039960137 362.66457122704014 336.56348459655419 131.22160284291022 128.46391907474026 46.410557623952627 43.878815978299826 4.4246413055807334 19.887529520783573 538.34257330815308 68.010595686268061 128.48969801445492 138.41478441888466 30.305148671614006 10.502438409253953 3.7625394840724757 84.421234745066613 1661.9244667009916 31.898009811295196 4.403082113713026 13.481385247781875 12.140153967309741 792.6602093197871 7.6056335540488353 202.70227159559727 87.253675524145365 15.376361355651168 68.336048064753413
leaf_count=620 684 145 42 2713 1963 1203 838 316 291 31 165 4042 339 1089 841 210 79 25 558 11403 282 26 79 78 5771 66 1226 572 112 437
internal_value=0.000585396 0.00416369 -0.000413707 0.00157824 0.00427637 -0.00052284 0.00939584 -0.00120891 0.0139575 -0.00280433 0.0139942 -0.0042607 0.00471157 -0.0022518 0.00594175 0.00479581 -0.00114547 0.00471949 -0.0103433 -0.000334865 0.0173874 0.0662942 0.00450748 -0.0179925 0.0050398 -0.00733807 0.00612918 -0.00973084 -0.00497767 0.0058918
internal_weight=5174.87 1129.51 4045.35 1941.42 1201.63 620.217 581.418 174.874 406.543 739.789 59.0204 680.769 404.574 2103.93 142.426 50.1927 1832.81 1112.35 215.643 1704.32 42.4004 8.82772 1108.59 25.6215 1082.96 87.602 995.362 271.115 183.861 83.7124
internal_count=36246 8010 28236 13578 8221 4063 4158 1154 3004 5357 432 4925 2302 14658 883 375 12853 7865 1761 11764 361 57 7840 157 7683 686 6997 1805 1233 549
is_linear=0
shrinkage=0.05


Tree=134
num_leaves=31
num_cat=0
split_feature=13 7 14 11 13 0 6 12 17 13 16 16 11 16 6 14 12 17 1 17 14 3 0 11 12 13 16 6 7 16
split_gain=6.66616 11.7281 6.02782 8.20696 5.92891 6.80387 7.97121 7.1584 6.97912 6.45753 5.75369 20.0651 7.87934 22.9099 14.3067 8.28884 7.44402 6.32916 6.94145 8.57437 6.8693 6.19634 6.63645 6.17504 14.0719 5.80224 5.75334 5.74667 5.65324 5.54258
threshold=54.970486111111121 54.250000000000007 44.500000000000007 17.500000000000004 54.940972222222229 2018.5000000000002 3.5000000000000004 56.588492063492069 61.500000000000007 54.379807692307701 15.500000000000002 16.500000000000004 58.000000000000007 28.500000000000004 3.5000000000000004 30.500000000000004 51.136666666666677 1141.5000000000002 10.500000000000002 23.500000000000004 39.500000000000007 5.5000000000000009 2019.5000000000002 15.500000000000002 26.53166666666667 55.121323529411775 25.500000000000004 7.5000000000000009 52.500000000000007 47.500000000000007
decision_type=2 2 2 2 2 2 2 2 2 2 2 2 2 2 2 2 2 2 2 2 2 2 2 2 2 2 2 2 2 2
left_child=1 4 -3 -4 5 9 8 -8 -7 28 17 16 21 14 -14 -15 -12 18 27 -20 -21 26 -23 -19 -25 -18 -13 -2 -1 -11
right_child=10 2 3 -5 -6 6 7 -9 -10 29 11 12 13 15 -16 -17 25 23 19 20 -22 22 -24 24 -26 -27 -28 -29 -30 -31
leaf_value=-0.010770426442894297 0.00081225691207409227 0.0098445050646543599 0.010014580800464313 -0.044135252981669079 -0.061348623058297316 0.078950791894567496 0.0063785994094409486 -0.053424782438139633 0.020138863000901962 -0.015112887972597992 0.010630235889193571 0.0044956821779259266 0.011470199566919054 0.0027004020564249929 0.083898407903420166 -0.062281727885405008 0.0055440190764634552 0.004621297985412858 -0.027316203299205574 -0.0064495582476122131 0.019251074403918749 0.00084732250600957351 0.011330300589708955 0.10190588169298119 -0.019614421755168608 0.06422780230515944 -0.0055897822365064591 -0.01965846345793941 0.0045454129239237478 0.03015799974300265
leaf_weight=81.996541426517069 1319.4516338892281 572.65241255424917 15.944306098390372 12.469641884323208 4.1022224288899443 6.2635301337577394 46.215790689457208 5.6114069870673111 25.916802225634456 126.06667671864852 18.639215849339962 183.54438934940845 12.045690241269769 36.249474019743502 15.710703906603156 5.6756960265338412 5.3066013939678696 43.47969433106482 46.422457637265325 352.87820983817801 28.067474064882845 1001.5562562877312 177.77331425296143 2.4294880479574195 122.61912278691307 20.422237917780876 615.93199437577277 35.198468237416819 227.17331487545744 7.1441911575384429
leaf_count=711 10112 3647 99 92 39 48 366 50 158 1110 96 1102 98 288 101 50 33 260 420 2455 174 6287 1144 11 914 98 4120 473 1642 48
internal_value=0.000554748 0.00394701 0.00872916 -0.0137494 -0.00147135 -0.00100471 0.01204 -9.64008e-05 0.0315859 -0.00348188 -0.000394587 0.00142628 0.000705771 0.0172307 0.0524661 -0.00609667 0.0346924 -0.0023483 -0.00147242 -0.00702828 -0.00455598 0.000123861 0.00242754 -0.0116099 -0.0172535 0.0521242 -0.00327435 0.000280357 0.00048342 -0.012685
internal_weight=5174.96 1131.56 601.066 28.4139 530.49 526.388 84.0075 51.8272 32.1803 442.381 4043.4 2092.86 2048.49 69.6816 27.7564 41.9252 44.3681 1950.55 1782.02 427.368 380.946 1978.81 1179.33 168.528 125.049 25.7288 799.476 1354.65 309.17 133.211
internal_count=36246 8010 3838 191 4172 4133 622 416 206 3511 28236 13417 13190 537 199 338 227 14819 13634 3049 2629 12653 7431 1185 925 131 5222 10585 2353 1158
is_linear=0
shrinkage=0.05


Tree=135
num_leaves=29
num_cat=0
split_feature=8 8 1 9 4 13 6 15 15 1 11 15 8 7 11 8 11 8 13 13 13 15 12 6 6 8 6 9
split_gain=7.04399 4.90581 6.22317 8.78798 5.98833 6.77698 4.26307 9.17155 7.58227 8.48127 4.45794 10.4493 15.6251 9.44368 5.84053 13.5752 8.6762 4.15634 10.6504 4.05268 4.77798 13.9841 5.94642 1.09884 0.201741 0.000848905 0.000616259 3.74143e-05
threshold=13.550000000000002 38.650000000000013 3.5000000000000004 539.00000000000011 11.500000000000002 55.654761904761905 7.5000000000000009 379.50000000000006 357.50000000000006 11.500000000000002 62.000000000000007 203.50000000000003 36.550000000000004 56.250000000000007 53.000000000000007 34.650000000000013 37.500000000000007 36.550000000000004 55.942810457516345 54.303846153846159 55.458041958041967 577.50000000000011 62.721875000000004 3.5000000000000004 8.5000000000000018 39.850000000000001 4.5000000000000009 499.00000000000006
decision_type=2 2 2 2 2 2 2 2 2 2 2 2 2 2 2 2 2 2 2 2 2 2 2 2 2 2 2 2
left_child=-1 6 3 4 23 -6 10 8 9 -8 14 12 -12 -13 16 -16 -2 24 -19 25 21 -21 -22 -3 -9 26 -4 -27
right_child=1 2 19 -5 5 -7 7 17 -10 -11 11 13 -14 -15 15 -17 -18 18 -20 20 22 -23 -24 -25 -26 27 -28 -29
leaf_value=0.08422447222209023 -0.0005771923221363789 0.009640459185410637 -0.053214818280299725 0.13984363863138591 0.050391421101020809 -0.0085623830476266975 -0.010258675863287605 -0.050686854646009354 0.075555303455583298 0.063544927086620448 -0.034785219509107235 0.011572684921604917 0.027605510275720981 0.055931399643079006 0.0032409008021185657 -0.023338841205947765 0.008608012992225942 0.11039138542888378 -0.054937937732934039 -0.003945262301466931 -0.011960414563218818 0.17869744518505667 -0.046873158482537855 -0.054119951463765831 -0.064385540531124816 -0.050819266184639805 -0.052201611894939784 -0.0514606752371847
leaf_weight=2.449046090245246 4332.7788480874151 0.80589801399037853 3.1860262136906377 1.2727629039436568 8.732029498554768 11.035371714271603 69.895242756232619 11.583457456901671 2.9528786316514006 4.1222307011485091 26.731185643002391 74.593946166336536 16.066649130545557 14.298265375196932 105.19285121001303 88.41308462433517 273.31141763366759 1.4822749998420466 2.8413679823279381 34.603250905871391 45.170026530278847 1.0807544114068139 16.70745057426393 4.1835711603052914 3.499699641019105 0.50777797144837666 2.8371686432510614 0.41168938204646111
leaf_count=10 27205 25 65 20 132 264 891 120 28 48 234 549 168 95 562 741 1910 17 47 884 1212 36 560 113 32 43 82 23
internal_value=-0.000552487 -0.000592737 -0.0101624 0.0117125 0.00512524 0.0174798 -0.000344283 -0.0107589 -0.00301389 -0.00614836 -0.000140745 0.00893501 -0.0113632 0.0187078 -0.000389758 -0.00889714 -3.21701e-05 -0.0414766 0.00174193 -0.015611 -0.0129844 0.0015864 -0.0213872 -0.0438214 -0.0538653 -0.0525215 -0.0527376 -0.0511065
internal_weight=5160.75 5158.3 130.534 26.0296 24.7569 19.7674 5027.76 96.3772 76.9704 74.0175 4931.39 131.69 42.7978 88.8922 4799.7 193.606 4606.09 19.4068 4.32364 104.504 97.5615 35.684 61.8775 4.98947 15.0832 6.94266 6.02319 0.919467
internal_count=36116 36106 3459 554 534 396 32647 1183 967 939 31464 1046 402 644 30418 1303 29115 216 64 2905 2692 920 1772 138 152 213 147 66
is_linear=0
shrinkage=0.05


Tree=136
num_leaves=27
num_cat=0
split_feature=8 17 12 6 8 9 17 9 17 12 14 12 9 8 0 18 8 14 9 0 8 15 6 17 8 15
split_gain=6.35364 4.56625 11.5677 10.3156 8.3296 8.06132 7.91129 14.2346 8.82415 9.8221 6.50424 5.44633 7.77078 5.45563 5.35963 5.20628 7.84261 6.58301 6.36549 8.17667 7.98149 5.85071 1.63942 2.04435 0.992374 0.0191902
threshold=13.550000000000002 96.500000000000014 108.73437500000001 3.5000000000000004 35.45000000000001 455.00000000000006 176.50000000000003 421.00000000000006 171.00000000000003 24.214743589743595 32.500000000000007 48.777777777777779 509.00000000000006 38.850000000000001 2017.5000000000002 17.500000000000004 34.650000000000013 28.500000000000004 495.00000000000006 2003.5000000000002 38.850000000000001 79.000000000000014 3.5000000000000004 27.500000000000004 13.750000000000002 173.50000000000003
decision_type=2 2 2 2 2 2 2 2 2 2 2 2 2 2 2 2 2 2 2 2 2 2 2 2 2 2
left_child=-1 2 3 4 5 -2 7 -3 9 -9 -10 12 -5 -13 -6 18 17 -17 19 -8 -20 -18 23 -4 -24 -26
right_child=1 6 22 11 14 -7 15 8 10 -11 -12 13 -14 -15 -16 16 21 -19 20 -21 -22 -23 24 -25 25 -27
leaf_value=0.079966641345738776 0.056272264515151244 0.12143570001494677 0.023495175979445379 -0.0044126322139152923 -0.0089667349767309362 0.012443349026035624 0.0045362570195009713 -0.050257173773320278 0.059298787199051642 0.0062470174189122527 -0.00038094074945846509 -0.0096505586460397304 0.02140351580531219 -0.047313570460912634 0.02390915879965742 0.017577548062845994 0.020215520016677826 -0.021979540823066822 0.0024872213924065855 -0.0037810479672183645 -0.031189850429155432 -0.00090010480233884314 -0.023960057574480862 -0.055601714287719074 -0.055653412701285258 -0.059820736341688455
leaf_weight=2.4504018425941458 14.87255456112325 2.7441520765423766 1.7819600491784542 206.43432251596823 53.36371442116797 35.61243386939168 342.21698637865484 7.9337949650362125 13.287987528368832 251.32362223509699 6.9550257548689833 280.59060582332313 33.941441758535802 9.9563072773162258 16.148618824779987 125.6268392726779 35.465282583609223 11.478581517934797 1070.5201281588525 2164.4065102045424 17.8876041197218 437.34500596532598 2.5905763208866111 1.508431762922555 4.5400909390300495 7.0556993298232555
leaf_count=10 99 29 19 1800 537 194 2235 48 79 1848 37 2572 276 377 136 613 256 58 6448 14495 614 3174 12 22 64 64
internal_value=-0.000526591 -0.000564848 -0.00442035 -0.00334254 0.00989732 0.0253551 9.45401e-06 0.00811297 0.00700036 0.00451788 0.0387942 -0.00633497 -0.000767351 -0.0109412 -0.00132924 -0.000534471 0.00373693 0.0142658 -0.00125914 -0.00264553 0.00193375 0.000683769 -0.0445634 -0.0127656 -0.0519385 -0.0581891
internal_weight=5158.04 5155.59 668.397 650.92 119.997 50.485 4487.19 282.245 279.5 259.257 20.243 530.923 240.376 290.547 69.5123 4204.95 609.916 137.105 3595.03 2506.62 1088.41 472.81 17.4768 3.29039 14.1864 11.5958
internal_count=36116 36106 6172 5991 966 293 29934 2041 2012 1896 116 5025 2076 2949 673 27893 4101 671 23792 16730 7062 3430 181 41 140 128
is_linear=0
shrinkage=0.05


Tree=137
num_leaves=30
num_cat=0
split_feature=8 8 13 15 13 8 8 17 12 9 12 1 12 17 5 18 14 13 17 13 1 9 15 17 15 15 8 8 9
split_gain=5.74955 4.263 8.83231 11.2167 10.1631 15.1636 11.5666 8.6548 8.45453 8.39108 7.99507 7.29466 6.99707 6.06943 5.99494 4.33042 8.43398 6.89319 6.78477 4.0281 3.94489 7.73022 5.48344 4.00132 7.79593 6.14069 3.74185 3.10553 0.40739
threshold=13.550000000000002 36.850000000000001 54.605555555555569 95.500000000000014 54.590992647058833 38.650000000000013 38.350000000000001 99.000000000000014 28.076923076923084 527.00000000000011 31.66041666666667 9.5000000000000018 64.549583333333359 1327.5000000000002 1.5000000000000002 17.500000000000004 43.500000000000007 57.566964285714292 18.500000000000004 54.559027777777786 3.5000000000000004 533.00000000000011 193.00000000000003 666.50000000000011 72.500000000000014 55.500000000000007 35.750000000000007 35.150000000000013 483.00000000000006
decision_type=2 2 2 2 2 2 2 2 2 2 2 2 2 2 2 2 2 2 2 2 2 2 2 2 2 2 2 2 2
left_child=-1 15 3 14 6 -6 -5 9 13 12 -10 -11 -4 -9 19 20 17 18 -17 -3 21 26 -23 25 -25 -22 -2 -18 -29
right_child=1 2 7 4 5 -7 -8 8 10 11 -12 -13 -14 -15 -16 16 27 -19 -20 -21 23 22 -24 24 -26 -27 -28 28 -30
leaf_value=0.076167850451433608 0.0093789459780009334 -0.034390784526193471 -0.011441830051023498 0.01842479461263585 -0.014064455727072395 0.24203096176011082 -0.017038936612851111 0.01593924588977191 -0.034277241918326595 0.056306126368838194 -0.003079742856343372 -0.031506928107723139 -0.034270323856918181 0.098015357001676184 0.066450254707988557 0.033407683351018097 -0.0083090519636414388 0.061819336081549339 0.003644564986506703 0.022740342769744737 0.0090099148249477654 0.0010705949365045649 0.07539108880927535 -0.017076436649539915 0.0012627922384488995 -0.0038096563082132156 -0.0033076859888615407 -0.040817169362319335 -0.065615325803761601
leaf_weight=2.4441151767969123 132.05679285898805 23.79601240949706 117.48883338319138 112.65514179784805 1.1307731494307511 1.1824420141056178 28.887920595472679 30.081992492545396 21.129259118810296 7.2410081448033434 731.82265046332031 3.5120371258817613 46.991489140549675 2.4347536666318765 1.8318164790980507 19.895775336772203 5.9716272130608541 5.3472095131874076 509.29392993636429 3.5448927641846231 100.60431940853596 3.9747128635644895 6.6078774966299534 59.925333436578512 1757.1124026384205 1306.9525130428374 103.81039084121585 2.5459384173154831 4.7390808835625648
leaf_count=10 717 290 1478 924 14 32 569 251 193 80 7656 43 751 15 16 137 35 34 2981 41 725 20 35 356 9454 8583 619 24 33
internal_value=-0.000501703 -0.000538071 -0.00324584 0.00715305 0.0128859 0.116843 0.0111869 -0.00511875 -0.0028772 -0.0151663 -0.0039552 0.0276256 -0.0179639 0.0220849 -0.0211165 0.000225801 0.00435729 0.00533431 0.00476356 -0.0269834 -0.000426222 0.00567098 0.0474771 -0.00089222 0.00065797 -0.00289338 0.00379528 -0.0350385 -0.056949
internal_weight=5155.01 5152.57 1133.73 173.029 143.856 2.31322 141.543 960.702 785.469 175.233 752.952 10.753 164.48 32.5167 29.1727 4018.84 547.794 534.537 529.19 27.3409 3471.04 246.45 10.5826 3224.59 1817.04 1407.56 235.867 13.2566 7.28502
internal_count=36116 36106 12353 1886 1539 46 1493 10467 8115 2352 7849 123 2229 266 347 23753 3244 3152 3118 331 20509 1391 55 19118 9810 9308 1336 92 57
is_linear=0
shrinkage=0.05


Tree=138
num_leaves=31
num_cat=0
split_feature=8 6 15 0 16 8 17 11 0 15 15 11 0 0 8 11 8 11 17 17 13 16 0 0 17 8 13 14 0 16
split_gain=5.21744 4.41217 8.49543 7.04955 9.99591 8.32294 7.18944 4.99297 5.29448 4.82701 12.558 12.9229 11.0876 10.1428 6.94026 8.95049 9.35303 8.5023 7.13415 8.67437 7.74904 5.08741 7.71341 6.77839 4.79408 3.59816 8.73586 0.326052 0.355337 0.00396618
threshold=13.550000000000002 7.5000000000000009 379.50000000000006 2014.5000000000002 40.500000000000007 35.550000000000004 1014.0000000000001 23.000000000000004 2003.5000000000002 242.50000000000003 266.00000000000006 58.000000000000007 2003.5000000000002 2010.5000000000002 34.150000000000013 68.000000000000014 34.850000000000001 62.000000000000007 1141.5000000000002 989.00000000000011 55.394444444444453 2.5000000000000004 2014.5000000000002 2014.5000000000002 139.50000000000003 36.550000000000004 55.942810457516345 36.500000000000007 2019.5000000000002 35.500000000000007
decision_type=2 2 2 2 2 2 2 2 2 2 2 2 2 2 2 2 2 2 2 2 2 2 2 2 2 2 2 2 2 2
left_child=-1 9 3 7 6 -6 -5 24 -9 14 11 12 -11 -13 18 17 -17 -16 19 -2 -20 22 -12 -23 -3 27 -27 28 -4 -28
right_child=1 2 25 4 5 -7 -8 8 -10 10 21 13 -14 -15 15 16 -18 -19 20 -21 -22 23 -24 -25 -26 26 29 -29 -30 -31
leaf_value=0.07274924850841645 0.0053475045960910822 -0.030910460946718239 -0.060117880155903039 -0.01309576881859368 0.14425155276771115 0.01054300466803329 0.041321349533419177 0.046683827803029709 -0.055579193441156353 0.030674881406693014 -0.0017974431830005491 0.10491113430276217 0.0045258523486542326 0.018191950005840032 -0.0027855646460110831 0.017751832263420073 -0.042068552418088961 0.032262289897441836 0.011559960312840194 0.033620186443956056 -0.022293811489997518 0.00067887855026856569 0.0097021306669178419 -0.0061467408812666841 0.0091817940112046432 0.087202081612606924 -0.053143469376577261 -0.035922356241212559 -0.036905604351071077 -0.057089125380820907
leaf_weight=2.4313256740570059 229.82918068952858 12.192196060903372 10.25153658911586 21.132948833284903 2.4692659042775622 2.2014973412733525 8.5153743312694115 1.4300929433666159 11.009652331937103 46.278426092118025 303.38431781204417 6.149734251201151 326.82691738498397 7.4645751714706421 2101.7625312996097 8.5990715287625772 27.211816775612533 17.447929218644276 27.601136986166239 30.760708540678024 43.612298347055912 1033.0329615939409 280.77828684682027 561.40399876795709 19.195811243262142 1.7136819479055692 2.0753022124990825 2.315816991031169 1.9646854959428299 0.91891646711155761
leaf_count=10 1233 151 103 327 24 30 75 19 181 277 2172 33 2251 55 16288 51 324 202 133 144 209 6233 1764 3453 236 25 51 26 23 13
internal_value=-0.000478349 -0.000512923 -0.0110544 -0.00372682 0.013244 0.0812299 0.00253352 -0.0170157 -0.0438229 -0.000309723 0.00121196 0.00951523 0.00776927 0.057364 -0.00187943 -0.00291589 -0.0277042 -0.00249701 0.0048522 0.00868489 -0.00917266 -0.000261943 0.00372984 -0.00172443 -0.00639144 -0.0408167 -0.00282764 -0.0531239 -0.0563847 -0.0543544
internal_weight=5151.96 5149.53 97.3868 78.1468 34.3191 4.67076 29.6483 43.8278 12.4397 5052.14 2565.32 386.72 373.105 13.6143 2486.82 2155.02 35.8109 2119.21 331.803 260.59 71.2134 2178.6 584.163 1594.44 31.388 19.2399 4.7079 14.532 12.2162 2.99422
internal_count=36116 36106 1284 1043 456 54 402 587 200 34822 16238 2616 2528 88 18584 16865 375 16490 1719 1377 342 13622 3936 9686 387 241 89 152 126 64
is_linear=0
shrinkage=0.05


Tree=139
num_leaves=31
num_cat=0
split_feature=6 15 0 14 1 11 13 16 15 15 11 0 13 0 7 15 7 16 0 16 7 6 11 13 16 13 13 11 13 17
split_gain=3.72452 8.79607 7.15631 8.917 6.67734 5.61348 4.94566 4.71126 4.2616 11.2472 11.3343 9.82507 9.30964 8.57422 9.06806 6.89671 6.84298 6.60823 6.61826 6.17348 8.33597 6.86245 6.12636 6.4386 5.75015 4.16595 6.79809 10.9946 6.92516 5.15586
threshold=7.5000000000000009 379.50000000000006 2014.5000000000002 44.500000000000007 11.500000000000002 41.000000000000007 53.348484848484858 42.500000000000007 242.50000000000003 266.00000000000006 58.000000000000007 2003.5000000000002 55.972222222222229 2010.5000000000002 55.750000000000007 241.50000000000003 51.500000000000007 12.500000000000002 2016.5000000000002 2.5000000000000004 56.250000000000007 3.5000000000000004 14.500000000000002 55.059027777777786 15.500000000000002 54.362373737373751 55.064583333333339 37.500000000000007 54.940972222222229 6.5000000000000009
decision_type=2 2 2 2 2 2 2 2 2 2 2 2 2 2 2 2 2 2 2 2 2 2 2 2 2 2 2 2 2 2
left_child=8 2 4 5 6 7 -2 -4 15 10 11 12 -10 -12 -15 25 -11 22 -19 21 -21 -18 -17 -24 -13 29 28 -28 -27 -1
right_child=1 -3 3 -5 -6 -7 -8 -9 9 16 13 24 -14 14 -16 17 19 18 -20 20 -22 -23 23 -25 -26 26 27 -29 -30 -31
leaf_value=0.048355632528080367 0.065583950651871017 -0.040726366025637298 0.0081171988254143384 0.11861609263378919 0.075105785198341893 -0.053626639192393966 -0.024075676181435548 0.073923468626234154 0.043941539015369846 -0.031696225163993223 0.095966184328782705 -0.0029422018906673326 -0.0039576420944274007 -0.026117551027642419 0.08684108466669116 -0.06288716476174698 0.013879281212716588 -0.053975193184032128 0.0028212772725007911 -0.0047415843215622248 0.0025745109256677416 0.0012820310942355149 -0.038580435712773566 0.038271138029072019 0.010357985982113882 -0.0028902308002357498 -0.0019457667425068145 0.01246154314007982 -0.0159515304827005 0.0032728049010041756
leaf_weight=6.4909762260504058 1.59992330148816 18.934820443857461 27.028323766775433 1.9236819706857193 1.9061371171846975 3.3358608027920118 39.771145839709789 3.0241521380376062 32.017985364422202 17.150439922465011 6.3804105520248395 149.45648541557603 14.848615575581787 4.6377127105370164 2.880052775144577 2.9254516493529108 144.5981901306659 18.15884001925588 7.1481453143060198 904.75094511080533 683.46952765993774 428.43382855504751 3.7760417349636546 9.7948024254292232 178.10984884458594 273.68464430887252 1581.0917395795695 144.52383731165901 161.29173124581575 276.11038729036227
leaf_count=65 17 242 343 15 24 71 546 30 181 140 33 1130 96 41 14 22 899 121 47 5588 4059 2937 30 74 1121 2049 11599 1218 1330 2034
internal_value=-0.000456002 -0.0101343 -0.00276358 0.0139397 -0.0163926 0.00790872 -0.0206083 0.0147392 -0.000269163 0.00115976 0.00899894 0.00735321 0.0287658 0.0533368 0.0171569 -0.00174509 -0.000237685 -0.0218824 -0.0379326 1.1952e-05 -0.0015932 0.00446081 0.00274022 0.0168874 0.0042896 -0.00140053 -0.00214724 -0.000739125 -0.00773344 0.0043083
internal_weight=5149.25 97.524 78.5892 35.312 43.2772 33.3883 41.3711 30.0525 5051.73 2566.73 388.331 374.433 46.8666 13.8982 7.51777 2485 2178.4 41.8033 25.307 2161.25 1588.22 573.032 16.4963 13.5708 327.566 2443.19 2160.59 1725.62 434.976 282.601
internal_count=36116 1288 1046 459 587 444 563 373 34828 16239 2616 2528 277 88 55 18589 13623 294 168 13483 9647 3836 126 104 2251 18295 16196 12817 3379 2099
is_linear=0
shrinkage=0.05


Tree=140
num_leaves=31
num_cat=0
split_feature=13 11 8 9 13 9 9 8 13 13 15 14 15 15 6 17 18 18 14 3 6 9 1 6 9 13 17 11 8 9
split_gain=5.15505 6.28725 12.7713 9.06437 8.2843 9.26056 13.7594 7.52331 12.4255 7.77676 6.77511 6.6307 5.71914 10.4065 8.1136 8.0381 6.77008 6.1319 5.57483 6.22521 6.39978 6.17515 5.20375 8.7363 8.15841 6.12549 5.91912 4.75789 9.1494 7.32369
threshold=57.064583333333339 16.500000000000004 37.150000000000013 469.00000000000006 54.315340909090914 537.00000000000011 495.00000000000006 38.45000000000001 56.972222222222229 56.878676470588239 6.5000000000000009 30.500000000000004 94.500000000000014 66.000000000000014 5.5000000000000009 1369.0000000000002 19.500000000000004 5.5000000000000009 11.500000000000002 5.5000000000000009 3.5000000000000004 451.00000000000006 9.5000000000000018 8.5000000000000018 559.00000000000011 56.972222222222229 214.50000000000003 27.000000000000004 34.750000000000007 513.00000000000011
decision_type=2 2 2 2 2 2 2 2 2 2 2 2 2 2 2 2 2 2 2 2 2 2 2 2 2 2 2 2 2 2
left_child=1 12 4 -4 5 6 -3 9 -9 -5 -6 -12 13 14 17 -15 -16 -1 19 -2 -21 -20 24 25 26 -24 -14 -23 -29 -30
right_child=18 2 3 7 10 -7 -8 8 -10 -11 11 -13 22 15 16 -17 -18 -19 21 20 -22 27 23 -25 -26 -27 -28 28 29 -31
leaf_value=0.023413056806652441 -0.011221728270046874 0.0033082797502954095 -0.029105906241959315 -0.0083779696328887526 -0.059705537327357651 -0.069656497732538528 0.035606403070146848 0.0061014129805985109 0.12013877753583441 -0.055545429757764157 0.0004005058465134031 -0.0079182945342751217 -0.0011496600974475993 -0.01747536977797573 -0.026578660725479361 0.046415233297911668 0.058028331900011935 0.0015642823786956965 -0.064050603236296785 0.058663812016486898 0.0033402576391520279 -0.016989027806447551 -0.0003714782101665329 0.082879926595873926 0.06945651158234005 0.037273747027494496 0.0067616383507609588 0.051661862007251563 -0.041919519902762971 0.035494919964688655
leaf_weight=47.296731130219996 92.821074670413509 118.82069813087583 60.460795406252146 131.81303318683058 4.9095844216644755 3.5230327993631354 45.641248226165771 28.455672535812486 2.6075898595154277 9.3593370039015991 1543.5467967372388 283.54247318767011 308.64303478365764 124.2326453179121 28.459953067125756 5.126004457473754 2.578628432005643 100.03098579868674 5.9864979479461899 5.4414034094661465 132.90789340413176 89.905907403910533 954.56112765404396 3.194305337034165 4.9138624193146816 10.929632153362034 1010.5088406936266 7.9797833859920528 9.0322536518797261 4.6166600435972205
leaf_count=379 641 800 1070 1412 50 25 272 717 105 141 9865 1783 2612 977 357 24 26 726 35 34 901 558 6108 36 32 82 6411 37 71 26
internal_value=0.000159109 0.000582702 -0.00136354 -0.01245 -7.36466e-05 0.0105534 0.0122716 -0.00660317 0.0156742 -0.011505 -0.00104809 -0.000890473 0.00225368 -0.0041467 0.00368368 -0.0149436 -0.0195497 0.00857841 -0.00571226 -0.00120454 0.00551618 -0.0145792 0.00311272 0.000327798 0.00515017 5.46765e-05 0.00491063 -0.0119239 0.00913096 -0.0157346
internal_weight=5181.85 4833.16 2232.68 232.696 1999.98 167.985 164.462 172.236 31.0633 141.172 1832 1827.09 2600.48 307.725 178.366 129.359 31.0386 147.328 348.691 231.17 138.349 117.521 2292.75 968.685 1324.07 965.491 1319.15 111.535 21.6287 13.6489
internal_count=36313 34010 16240 3445 12795 1097 1072 2375 822 1553 11698 11648 17770 2489 1488 1001 383 1105 2303 1576 935 727 15281 6226 9055 6190 9023 692 134 97
is_linear=0
shrinkage=0.05


Tree=141
num_leaves=31
num_cat=0
split_feature=17 17 17 17 11 11 14 14 5 9 11 11 8 9 17 11 9 9 14 18 18 15 15 0 9 9 8 0 8 7
split_gain=4.5602 13.1894 12.3779 11.0496 10.2144 13.1063 11.7687 16.3119 13.0198 13.0267 11.4437 10.0103 18.9828 9.45467 7.89975 10.5464 7.83162 9.85214 7.81452 7.79125 7.41558 8.31202 9.78858 7.72714 9.59252 7.54139 7.04847 7.01603 11.4809 10.1441
threshold=934.00000000000011 886.00000000000011 1141.5000000000002 1192.5000000000002 46.500000000000007 33.500000000000007 21.500000000000004 14.500000000000002 1.0000000180025095e-35 495.00000000000006 53.000000000000007 29.000000000000004 35.850000000000001 451.00000000000006 827.50000000000011 58.000000000000007 461.00000000000006 509.00000000000006 38.500000000000007 17.500000000000004 12.500000000000002 95.500000000000014 170.50000000000003 2004.5000000000002 427.00000000000006 497.00000000000006 34.850000000000001 2014.5000000000002 35.95000000000001 55.750000000000007
decision_type=2 2 2 2 2 2 2 2 2 2 2 2 2 2 2 2 2 2 2 2 2 2 2 2 2 2 2 2 2 2
left_child=1 14 4 26 5 11 7 10 9 -8 -6 -2 -13 -7 20 16 -16 -18 -3 -15 23 -22 -23 24 -1 -25 -4 -5 -29 -30
right_child=2 18 3 27 6 13 8 -9 -10 -11 -12 12 -14 19 15 -17 17 -19 -20 -21 21 22 -24 25 -26 -27 -28 28 29 -31
leaf_value=0.045662406686219764 0.0052619011812734965 -0.016137811501096749 -0.02059660305892394 0.0048594201378158678 0.050161843820992813 0.024953622756394199 -0.015081067704729957 -0.050609832271736523 0.10023775917400841 0.0847881062798332 0.0010585730295333267 0.057046812842881059 0.0042377733708810804 -0.035348948253361441 -0.011316863976395364 0.053450371514060825 0.015624803011653678 -0.011402834155652915 0.010838197010549151 0.0056292010930955542 -0.0081409494722460944 0.012564536384046976 0.0010404601598608427 -0.0071644193162533568 0.0019518302692528658 0.0010730362518438211 -0.0041198048626525548 -0.011775546085503456 0.034843303521950628 -0.0019493128140092185
leaf_weight=13.025462254881857 453.24499019328505 199.31059027207084 92.856802172958851 614.40893322229385 21.932381441816688 12.107943173497913 8.4275676161050779 8.7638173922896367 9.2851491086184978 5.330481246113778 25.85113947885111 28.469529077410698 42.302417606115341 40.792230906430632 52.921024908311665 12.188458653166888 168.07066134829074 42.179175987839699 31.025460106320679 16.208625267725438 163.75475081847981 249.45362868136726 705.14493926381692 940.20491612330079 345.02650073892437 394.39779873425141 215.63458824297413 184.99228020384908 28.387441645842046 55.09006375214085
leaf_count=116 2641 1514 501 3513 118 78 44 47 44 29 178 139 297 240 307 83 974 252 220 119 1359 2070 5166 7398 2687 2940 1670 952 215 402
internal_value=0.000149615 -0.000962485 0.00212833 -0.000933292 0.00755043 0.0052935 0.0243696 0.012096 0.0544884 0.0236127 0.0235967 0.00799267 0.0254813 -0.0151729 -0.000101122 0.00798116 0.0058753 0.0102027 -0.0125042 -0.0236965 -0.000892842 0.00226657 0.00405191 -0.0029803 0.00354196 -0.00473011 -0.00907937 0.00191307 -0.00482982 0.0105624
internal_weight=5180.79 3316.7 1864.09 1191.37 672.716 593.126 79.5905 56.5473 23.0432 13.758 47.7835 524.017 70.7719 69.1088 3086.37 275.359 263.171 210.25 230.336 57.0009 2811.01 1118.35 954.599 1692.65 358.052 1334.6 308.491 882.879 268.47 83.4775
internal_count=36313 25086 11227 7253 3974 3514 460 343 117 73 296 3077 436 437 23352 1616 1533 1226 1734 359 21736 8595 7236 13141 2803 10338 2171 5082 1569 617
is_linear=0
shrinkage=0.05


Tree=142
num_leaves=31
num_cat=0
split_feature=13 7 11 0 12 15 17 15 6 15 2 18 4 0 17 12 15 17 0 12 12 11 12 17 17 17 17 12 6 18
split_gain=4.67315 10.4577 9.94969 11.46 9.07185 8.33514 7.51431 8.75813 5.80649 8.95444 8.06738 8.38936 7.61977 17.1103 7.66434 6.36881 5.19376 5.65737 5.65111 5.1136 5.69797 4.82837 7.41195 5.51377 4.82603 4.53775 5.37346 5.66393 4.75353 6.59126
threshold=57.064583333333339 57.250000000000007 53.000000000000007 2021.5000000000002 29.992307692307694 142.50000000000003 79.500000000000014 183.50000000000003 5.5000000000000009 89.500000000000014 5.5000000000000009 16.500000000000004 11.500000000000002 2006.5000000000002 21.500000000000004 154.57444444444448 211.50000000000003 1150.5000000000002 2000.5000000000002 80.18980392156864 79.184375000000017 16.500000000000004 115.8107142857143 14.500000000000002 865.50000000000011 59.500000000000007 43.000000000000007 51.840178571428581 5.5000000000000009 15.500000000000002
decision_type=2 2 2 2 2 2 2 2 2 2 2 2 2 2 2 2 2 2 2 2 2 2 2 2 2 2 2 2 2 2
left_child=1 8 3 6 -5 -6 -3 -8 15 10 11 -10 14 -14 -11 19 17 25 -18 20 -1 23 -23 -20 -17 26 27 -2 -27 -30
right_child=16 2 -4 4 5 -7 7 -9 9 12 -12 -13 13 -15 -16 24 18 -19 21 -21 -22 22 -24 -25 -26 28 -28 -29 29 -31
leaf_value=0.0013783070494488216 -0.021157507571639349 0.095478894757292751 -0.046707723065890917 0.083793773766872998 0.021409545347073244 -0.023468422267479624 -0.0022178352545216789 0.035684867514743354 -0.017449097101397578 -0.056012722244844396 -0.04035954054396021 0.04179965235972357 0.026481276719916354 -0.0022714424725595204 -0.0054770020457622958 0.10172144448678747 -0.067857515186509204 -0.027623056697537077 0.03134558753778742 -0.0039655604346129887 0.025417961752966036 -0.003719472412509914 0.06471873876695125 -0.01864396722687375 0.010059283869900454 0.01732581280289569 -0.056292815575776381 0.022110106368394403 -0.03184169668571353 0.023606809609234777
leaf_weight=3378.3562819699291 16.95746494457126 4.0145470118150106 6.3764143958687773 2.8929256759583941 16.039867056533694 29.147833144292235 20.989787233993411 55.646323331166059 29.869104848941788 7.6365117598325005 30.182500406634063 7.46852520154789 65.982031573075801 239.74177208356559 428.18344437773339 2.7289974205195895 4.2183680515736333 14.645517577417193 5.8116483539342871 478.69685072172433 24.830405708868057 81.317767792847008 4.1584880619775495 108.45755957812071 3.0307499906048179 70.830395136028528 5.3218499068170777 13.653745610266922 13.123947905609386 9.0591072058305127
leaf_count=21781 109 30 38 17 111 175 133 301 389 104 402 83 655 2431 3998 24 27 98 35 3143 172 558 41 643 23 427 42 112 140 71
internal_value=0.000140764 0.000543568 0.0142584 0.0172782 -0.0020432 -0.0075385 0.0287968 0.0253037 0.000149041 -0.00370469 -0.0211368 -0.00559776 -0.00211744 0.00393404 -0.0063625 0.000951048 -0.00545912 0.00182555 -0.0105876 0.000873094 0.00155371 -0.00937812 -0.000389899 -0.0161015 0.0534893 0.00517027 -0.0099205 -0.00185853 0.0110002 -0.00919766
internal_weight=5179.37 4831.81 135.108 128.731 48.0806 45.1877 80.6507 76.6361 4696.71 809.064 67.5201 37.3376 741.544 305.724 435.82 3887.64 347.556 143.592 203.964 3881.88 3403.19 199.745 85.4763 114.269 5.75975 128.947 35.9331 30.6112 93.0135 22.1831
internal_count=36313 34010 805 767 303 286 464 434 33205 8062 874 472 7188 3086 4102 25143 2303 999 1304 25096 21953 1277 599 678 47 901 263 221 638 211
is_linear=0
shrinkage=0.05


Tree=143
num_leaves=31
num_cat=0
split_feature=6 1 17 0 3 8 0 11 11 12 16 16 13 17 17 6 6 8 0 16 17 11 0 17 17 11 13 8 13 17
split_gain=4.37616 7.64277 7.40239 6.11302 6.04397 9.63529 6.52047 6.46958 13.2708 9.78091 6.12544 7.18537 5.63486 6.44971 5.35324 12.5312 5.28269 4.87413 6.59367 6.3215 8.32355 12.8969 10.2027 6.91514 6.12567 5.54057 4.98438 11.0226 5.63781 4.43767
threshold=4.5000000000000009 3.5000000000000004 70.500000000000014 2006.5000000000002 5.5000000000000009 36.95000000000001 2023.5000000000002 37.500000000000007 32.500000000000007 56.810784313725499 30.500000000000004 21.500000000000004 55.820855614973269 16.500000000000004 158.00000000000003 5.5000000000000009 5.5000000000000009 37.150000000000013 2022.5000000000002 12.500000000000002 412.00000000000006 31.000000000000004 2014.5000000000002 1014.0000000000001 1073.5000000000002 13.500000000000002 55.781746031746039 36.250000000000007 57.193750000000009 964.00000000000011
decision_type=2 2 2 2 2 2 2 2 2 2 2 2 2 2 2 2 2 2 2 2 2 2 2 2 2 2 2 2 2 2
left_child=4 2 12 -4 5 6 7 8 -1 -9 11 -8 13 16 15 -5 -2 18 26 20 21 -19 -22 25 -25 -21 27 -3 -28 -20
right_child=1 17 3 14 -6 -7 10 9 -10 -11 -12 -13 -14 -15 -16 -17 -18 19 29 23 22 -23 -24 24 -26 -27 28 -29 -30 -31
leaf_value=0.0012509607273653084 0.06728575759230089 -0.0066575986638409083 0.022543743497232583 0.072452866296820975 0.0032905183511402754 -0.013554326804040943 -0.019391931774345516 0.018462107701793955 -0.021219141558346245 -0.0012669731686960465 -0.05346264425672749 0.036886484156067115 -0.027335196324215001 -0.016573250309292409 0.002534966459565296 -0.016964095775213611 -0.017605228548468983 -5.5640920726726783e-05 -0.0076189442035754715 0.014827775279507585 0.037624811891943749 -0.040823784878910675 -0.010534043766315605 0.04751305513131545 -0.0077985071211862829 -0.02860180962638997 0.0035268743239096805 0.008769639202398781 -0.0085180399380569375 -0.030365729584324614
leaf_weight=569.10011224634945 5.834065096452834 597.06344369612634 62.753586102742702 8.818287746049462 1736.1884308345616 143.11591826681979 29.621785391122103 119.71089843474329 74.286804266273975 132.19199374690652 9.611892778426407 7.0146763399243346 27.334005267824978 11.723580472636966 196.95616329833865 7.0514102540910235 2.6719383969902992 94.603104764828458 100.37277041375637 8.0792204267345351 25.507999459514394 24.403368085622787 19.333256006240845 5.4848391190171233 57.296942704590037 80.682656152639538 739.0853033112362 143.637735882774 111.8527606818825 27.265988871455193
leaf_count=3025 52 3921 443 60 10768 1771 158 702 412 891 58 34 303 125 1430 77 40 1468 698 91 321 509 278 49 619 1235 4814 1100 688 173
internal_value=0.000132359 -0.00145744 0.00568571 0.00882964 0.0014612 -0.00146696 0.000370349 0.00131606 -0.00134348 0.00810881 -0.0179369 -0.00861647 -0.0125299 0.00747477 0.00478592 0.0327221 0.0406195 -0.00259191 -0.00154376 -0.00830564 -0.00149789 -0.00841552 0.0168612 -0.0156661 -0.00296629 -0.0246488 -0.000666899 -0.00366593 0.00194361 -0.0124781
internal_weight=5178.65 2357.81 323.143 275.579 2820.84 1084.65 941.538 895.29 643.387 251.903 46.2484 36.6365 47.5636 20.2296 212.826 15.8697 8.506 2034.67 1719.28 315.391 163.848 119.006 44.8413 151.544 62.7818 88.7619 1591.64 740.701 850.938 127.639
internal_count=36313 18494 2530 2010 17819 7051 5280 5030 3437 1593 250 192 520 217 1567 137 92 15964 11394 4570 2576 1977 599 1994 668 1326 10523 5021 5502 871
is_linear=0
shrinkage=0.05


Tree=144
num_leaves=31
num_cat=0
split_feature=17 17 17 17 0 12 9 12 11 15 13 13 6 13 13 13 9 17 15 12 13 11 12 9 12 12 13 18 11 9
split_gain=4.03209 12.0043 11.0278 10.0197 9.85096 11.1784 12.1603 8.86129 10.8747 23.4454 12.4307 8.44066 8.28001 7.1346 8.73948 12.887 9.63337 7.10793 9.87358 7.64814 6.85796 6.83624 6.78822 7.91839 10.393 7.39407 6.74283 8.6171 7.16594 6.29297
threshold=934.00000000000011 886.00000000000011 1141.5000000000002 1192.5000000000002 2005.5000000000002 53.653888888888893 531.00000000000011 68.454779411764719 58.000000000000007 213.50000000000003 55.861904761904761 56.878676470588239 4.5000000000000009 55.386752136752143 55.013888888888893 55.184659090909101 497.00000000000006 827.50000000000011 121.50000000000001 92.237500000000011 56.741666666666667 58.000000000000007 80.18980392156864 513.00000000000011 100.2389705882353 154.57444444444448 54.315340909090914 12.500000000000002 16.500000000000004 453.00000000000006
decision_type=2 2 2 2 2 2 2 2 2 2 2 2 2 2 2 2 2 2 2 2 2 2 2 2 2 2 2 2 2 2
left_child=1 17 4 12 29 -6 11 8 10 -10 -3 -7 -4 14 16 -16 -5 22 -19 21 -8 -20 26 25 -25 -24 28 -28 -1 -2
right_child=2 7 3 13 5 6 20 -9 9 -11 -12 -13 -14 -15 15 -17 -18 18 19 -21 -22 -23 23 24 -26 -27 27 -29 -30 -31
leaf_value=0.0016071057188563689 0.022616147565824168 -0.022520429150188957 -0.016996561386508211 -0.00073024892164426304 0.0022060273702796001 0.021553495305917977 -0.056326061763655982 -0.029747497833108889 -0.061345047626069772 0.13321977811777366 0.0046479016195845463 -0.0013786404956525541 -0.00057598300896485486 -0.0015691119734069431 0.056103616669238833 0.0066550560764332776 0.02352927409645135 0.031226646891155136 -0.00093508302121628976 0.031392910243942196 0.017274500358060253 0.044912055510925836 -0.011205666943108613 0.031687882473878701 -0.017647280937604128 0.073261911690305312 -0.0035436386002582394 0.0028720143439789148 0.017925040498020007 -0.02030860780540427
leaf_weight=201.9157144119963 10.4053125269711 84.433982393005863 151.74616165552288 210.95974002918229 307.80725913634524 246.72262919088826 8.9064818760380131 53.684011947829276 2.5465782321989527 3.9500044733285904 83.978582759387791 47.919614498503506 155.37869919138029 566.02799320826307 21.512417865917087 34.001551826950163 50.770008257124573 37.98312790831551 206.88131372537464 22.679832015186548 4.9096955498680463 8.46342043019831 292.19243356329389 26.946270208805799 17.678592217154801 2.614034103229641 1280.4816492116079 885.19777390453964 100.89986114110798 47.591145100072026
leaf_count=1461 68 640 1022 1254 1797 1439 51 409 25 32 628 302 1149 3240 114 185 289 232 1206 123 30 55 2470 201 136 26 9853 6746 843 287
internal_value=0.000124245 -0.000922662 0.00198405 -0.000909852 0.00709318 0.00894719 0.0156741 -0.0119782 -0.00652434 0.0569528 -0.008973 0.0178239 -0.00868916 0.00179511 0.00779759 0.025817 0.00397558 -0.000103183 0.00755316 0.00377543 -0.0301715 0.000866789 -0.00085577 -0.00748549 0.0121433 -0.0104567 5.5852e-05 -0.000921311 0.00704433 -0.0126074
internal_weight=5177.19 3312.53 1864.66 1190.4 674.262 616.266 308.458 228.593 174.909 6.49658 168.413 294.642 307.125 883.272 317.244 55.514 261.73 3083.93 276.008 238.025 13.8162 215.345 2807.93 339.431 44.6249 294.806 2468.49 2165.68 302.816 57.9965
internal_count=36313 25086 11227 7253 3974 3619 1822 1734 1325 57 1268 1741 2171 5082 1842 299 1543 23352 1616 1384 81 1261 21736 2833 337 2496 18903 16599 2304 355
is_linear=0
shrinkage=0.05


Tree=145
num_leaves=31
num_cat=0
split_feature=9 0 11 7 13 0 11 0 15 1 6 6 16 16 11 9 15 13 9 18 1 4 15 9 11 13 0 9 9 6
split_gain=4.63793 10.3806 10.3435 9.61663 7.82048 6.19162 10.9545 8.34425 12.3051 7.45638 6.53147 5.38759 5.22522 5.17358 4.99091 6.28312 4.86511 5.58875 4.71241 4.6937 4.45062 5.89676 7.38566 11.1184 11.0676 7.81047 7.43919 12.3483 7.72309 5.14553
threshold=453.00000000000006 2018.5000000000002 25.000000000000004 53.500000000000007 57.343137254901968 2016.5000000000002 46.500000000000007 2012.5000000000002 319.50000000000006 4.5000000000000009 3.5000000000000004 5.5000000000000009 34.500000000000007 44.500000000000007 68.000000000000014 441.00000000000006 110.50000000000001 54.986111111111121 451.00000000000006 6.5000000000000009 10.500000000000002 11.500000000000002 161.50000000000003 521.00000000000011 44.500000000000007 55.939338235294123 2019.5000000000002 457.00000000000006 559.00000000000011 4.5000000000000009
decision_type=2 2 2 2 2 2 2 2 2 2 2 2 2 2 2 2 2 2 2 2 2 2 2 2 2 2 2 2 2 2
left_child=1 5 3 16 19 7 9 14 13 -7 -11 -10 -8 -9 18 -16 -3 -18 -1 -5 21 -2 23 24 -23 -25 28 -28 -24 -22
right_child=20 2 -4 4 -6 6 12 8 11 10 -12 -13 -14 -15 15 -17 17 -19 -20 -21 29 22 26 25 -26 -27 27 -29 -30 -31
leaf_value=0.001406246667705498 -0.0004751924490918602 0.087202276358798403 -0.039262296466264821 -0.0025802490284844641 0.052761631705162571 -0.0052152685155624273 -0.054728813654271874 -0.032185976747325505 0.0089113270767985069 0.0090786661377144379 0.056254640437094522 -0.046179978004420932 0.022705194523816995 0.015248209592354303 0.043127117152690964 -0.0079327478064309814 -0.0062975100189352658 0.080579273465268303 -0.016332372284336743 -0.026716195629076175 0.00053980177812787357 -0.00053145259630281644 0.0039169156684120783 -0.0021457391620497554 -0.024356015353408929 0.038177828956510701 0.083796827504979868 0.012874040712882964 0.069714368271214452 -0.0066033245194377106
leaf_weight=357.70649670390412 1732.9019067275804 3.0728327790275207 35.548119333572686 33.373873775824904 4.1999744037166229 13.635369751602409 7.2164520137011987 62.836257027462125 49.386307246051729 11.562115253880622 20.076709971530363 4.8759527099318793 3.120764322578907 6.3272520974278441 14.956488056108357 10.089309108909218 7.4759781369939429 2.4604124147444963 41.817657492589206 50.809913004748523 669.26654041977599 461.84650712343864 854.48608896392398 20.295686196535826 54.498616352910176 29.411057980265468 6.3552575865760437 178.94757761340588 4.4831735272891811 404.47893953416497
leaf_count=2672 11953 30 346 238 30 98 56 501 307 89 131 38 18 48 135 107 52 24 310 376 3765 3654 5746 161 488 200 52 1196 27 3315
internal_value=3.56467e-05 -0.00362618 -0.0160545 -0.00791797 -0.0138257 -0.000806535 0.01509 -0.00241974 -0.0138629 0.0256938 0.0390146 0.00396088 -0.0313518 -0.0278466 0.000906885 0.0225584 0.0322184 0.0152146 -0.000450431 -0.0171477 0.000649587 0.00154906 0.00372739 -0.000871859 -0.00304606 0.0217134 0.00622043 0.0153065 0.00426033 -0.00215101
internal_weight=5157.52 740.548 136.941 101.393 88.3838 603.607 55.6114 547.996 123.426 45.2742 31.6388 54.2623 10.3372 69.1635 424.57 25.0458 13.0092 9.93639 399.524 84.1838 4416.97 3343.23 1610.32 566.052 516.345 49.7067 1044.27 185.303 858.969 1073.75
internal_count=36163 5606 1096 750 644 4510 392 4118 894 318 220 345 74 549 3224 242 106 76 2982 614 30557 23477 11524 4503 4142 361 7021 1248 5773 7080
is_linear=0
shrinkage=0.05


Tree=146
num_leaves=31
num_cat=0
split_feature=9 0 12 8 13 16 1 13 12 8 9 17 8 12 1 6 8 17 17 4 17 8 17 0 1 12 5 12 12 8
split_gain=4.20686 9.49747 7.73645 6.39236 8.73357 6.80953 5.96165 5.60778 5.39018 5.35885 6.7687 6.72246 4.57462 4.51523 4.06853 5.50368 5.23302 5.70583 5.36061 5.12619 10.9905 5.59697 4.79143 4.56375 3.96185 9.57585 5.75984 3.92316 3.79631 3.16425
threshold=453.00000000000006 2018.5000000000002 56.588492063492069 36.550000000000004 57.343137254901968 34.500000000000007 11.500000000000002 53.784615384615385 113.36666666666667 34.250000000000007 427.00000000000006 1369.0000000000002 40.45000000000001 56.102136752136758 10.500000000000002 8.5000000000000018 38.550000000000004 18.500000000000004 1327.5000000000002 11.500000000000002 1408.5000000000002 39.850000000000001 186.00000000000003 2017.5000000000002 11.500000000000002 53.853125000000013 1.5000000000000002 43.754791666666677 46.406971153846158 35.050000000000004
decision_type=2 2 2 2 2 2 2 2 2 2 2 2 2 2 2 2 2 2 2 2 2 2 2 2 2 2 2 2 2 2
left_child=1 2 13 4 5 7 -7 -3 9 10 -4 -11 14 24 15 19 18 -18 22 21 -21 -2 -16 -20 26 -26 -1 -5 -29 -15
right_child=12 3 8 27 -6 6 -8 -9 -10 11 -12 -13 -14 29 16 -17 17 -19 23 20 -22 -23 -24 -25 25 -27 -28 28 -30 -31
leaf_value=-0.00016578577660993267 -0.00033464373065521469 0.054092773932214712 0.05224780747426943 -0.060010374080042166 0.065214191772892824 -0.046934546287963293 0.02557365692460279 -0.0084911073668907985 -0.04933119829196999 -0.012852439171657092 0.00073960202697531739 0.021921103319402332 -0.042896731037412997 0.070465991875865136 0.0039755283906899421 -0.027139891413902596 0.057542045200018779 -0.035985613470807823 0.014727534540168364 0.0044032337239281469 -0.021028646293298255 0.069781501584143354 -0.0045270067682800673 -0.015702658396828349 0.009736338684765063 0.090759186040739293 0.037628900403615606 0.043755026773200555 -0.029886329311180487 0.010994616269154982
leaf_weight=286.59204423846677 1715.47329526674 3.7566180229187003 7.3113524392247191 10.811598964035513 3.7519571855664244 19.621506430208687 3.3136029615998259 75.860438365489244 7.4270025659352532 176.57335332594812 49.968610543757677 15.086041843518613 6.0319723424036047 4.2412945628166181 213.03533073887229 16.64910088526085 1.7934966036118591 17.967254221905023 78.310127191245556 1561.4766231728718 43.669620826840401 2.8508738954551509 745.62894346378744 14.621744871139525 36.654383851215243 4.049612268805503 10.44816438667476 1.9567572716623569 16.569330631289631 4.7320942133665085
leaf_count=2075 11493 23 45 105 23 138 21 539 71 1595 262 84 659 22 1538 222 42 360 365 10862 233 119 4593 71 225 26 69 25 222 36
internal_value=3.24494e-05 -0.00346 -0.000771312 -0.0154143 -0.00971212 -0.0124534 -0.0364588 -0.00553818 -0.00735713 -0.00610485 0.00731423 -0.0101153 0.00061648 0.0040983 0.000675978 0.00153595 -0.00200511 -0.027497 -0.00152608 0.0016796 0.00371133 -0.000218314 -0.00263756 0.0099397 0.00316825 0.0177972 0.00116361 -0.036076 -0.0221082 0.0391039
internal_weight=5156.23 738.726 603.084 135.642 106.304 102.552 22.9351 79.6171 256.366 248.939 57.28 191.659 4417.51 346.718 4411.48 3340.12 1071.36 19.7608 1051.6 3323.47 1605.15 1718.32 958.664 92.9319 337.744 40.704 297.04 29.3377 18.5261 8.97339
internal_count=36163 5606 4510 1096 744 721 159 562 2057 1986 307 1679 30557 2453 29898 22929 6969 402 6567 22707 11095 11612 6131 436 2395 251 2144 352 247 58
is_linear=0
shrinkage=0.05


Tree=147
num_leaves=31
num_cat=0
split_feature=7 13 7 8 13 4 11 12 1 1 1 8 13 11 13 16 11 12 15 12 8 12 12 8 2 15 15 9 8 9
split_gain=3.95812 21.0211 8.64483 6.53514 10.4504 8.94976 11.5408 9.88273 9.79415 8.87191 8.30252 7.5458 7.2043 12.9295 9.60709 5.82575 9.68094 16.1658 7.52831 5.92005 4.94365 7.09065 11.4769 5.24432 9.20033 4.69771 4.04403 3.98227 2.75114 1.51661
threshold=56.250000000000007 57.757352941176478 56.750000000000007 35.050000000000004 57.226495726495735 11.500000000000002 16.500000000000004 44.132638888888899 10.500000000000002 5.5000000000000009 9.5000000000000018 36.650000000000013 55.279513888888893 68.000000000000014 55.379807692307701 1.0000000180025095e-35 17.500000000000004 53.853125000000013 211.50000000000003 44.132638888888899 39.350000000000001 34.77692307692309 34.413541666666667 38.45000000000001 5.5000000000000009 196.00000000000003 241.50000000000003 473.00000000000006 35.050000000000004 473.00000000000006
decision_type=2 2 2 2 2 2 2 2 2 2 2 2 2 2 2 2 2 2 2 2 2 2 2 2 2 2 2 2 2 2
left_child=1 3 -2 4 12 6 9 -8 10 -5 -7 -10 13 -1 -14 16 19 -18 -19 28 23 22 -22 25 -25 -17 -6 -21 -4 -23
right_child=2 -3 15 5 26 8 7 -9 11 -11 -12 -13 14 -15 -16 20 17 18 -20 27 21 29 -24 24 -26 -27 -28 -29 -30 -31
leaf_value=0.0028755268136776103 0.062864964403338178 0.12315923188756955 -0.069747073793004641 -0.012242454736361819 0.085457214902125822 -0.0004876701402777935 -0.00024122885833054264 -0.020383527506278015 -0.0026899397743580847 0.0027895529512277852 0.011458036866766616 -0.021398972009931499 -0.02588849606352446 0.034573494832956957 -0.001313847489202031 -0.0022266206861938638 0.11286906537362183 0.073400287279969723 -0.015089993424693604 0.06188193983509778 -0.012276542027121385 -0.015186353358988545 0.21094227584565456 0.035169533014164173 -0.0058518990707318256 0.0027432089132920544 0.024619142759205653 0.0033890670753478863 -0.0090814027230180054 -0.051957192075555436
leaf_weight=653.64616638980806 5.7527000047266474 3.396829428151249 3.4891686737537411 147.37444809591398 4.591212794184683 545.09571341820993 83.879466915270314 222.26252930285409 163.9238635674119 293.92012110189535 198.3938911142759 80.292613330297172 43.192488294094801 33.835979804396629 501.9268288500607 748.29552346281707 6.2452492280863252 3.4912631269544345 7.7143512740731239 3.7010615281760719 2.3654753281734915 3.9351538496557614 0.76112663093954314 30.12365901004523 25.022344368509948 1304.2635910026729 6.7435559332370758 13.610672910697756 4.0241834167391062 9.7571078080218268
leaf_count=3588 30 23 15 1108 27 4685 796 2431 1014 2444 1407 759 234 197 2733 4997 34 23 46 20 71 170 33 452 445 7739 33 71 26 512
internal_value=2.9648e-05 -0.00115284 0.00165296 -0.00129458 0.00147124 -0.00327742 -0.00740537 -0.0148648 -0.000153636 -0.00223053 0.00269994 -0.00884103 0.00103177 0.00443561 -0.00326102 0.00149045 0.0198694 0.0484071 0.0124804 -0.000191266 0.00112473 -0.0258756 0.0420629 0.00134018 0.0165562 0.000931373 0.049262 0.0158942 -0.0372543 -0.0413893
internal_weight=5155.03 2982.48 2172.55 2979.08 1243.94 1735.14 747.437 306.142 987.706 441.295 743.49 244.216 1232.6 687.482 545.119 2166.8 42.276 17.4509 11.2056 24.8251 2124.52 16.8189 3.1266 2107.71 55.146 2052.56 11.3348 17.3117 7.51335 13.6923
internal_count=36163 21479 14684 21456 6812 14644 6779 3227 7865 3552 6092 1773 6752 3785 2967 14654 235 103 69 132 14419 786 104 13633 897 12736 60 91 41 682
is_linear=0
shrinkage=0.05


Tree=148
num_leaves=31
num_cat=0
split_feature=9 0 7 13 8 8 3 8 17 0 8 0 15 13 1 13 1 8 16 9 6 8 0 6 14 17 14 8 2 17
split_gain=3.78857 8.77291 6.75522 6.96939 9.14286 6.72506 7.41979 6.56251 11.1353 5.36264 9.44985 7.79217 11.211 7.35466 8.93013 7.23643 5.26371 5.06985 4.83758 4.4787 4.82479 4.29637 3.95686 3.77278 6.76189 6.42473 4.49553 9.20159 4.15122 5.57263
threshold=453.00000000000006 2018.5000000000002 53.500000000000007 57.118055555555564 35.250000000000007 33.850000000000001 5.5000000000000009 35.45000000000001 330.00000000000006 2016.5000000000002 34.150000000000013 2012.5000000000002 319.50000000000006 56.781746031746039 5.5000000000000009 55.677083333333336 11.500000000000002 33.350000000000001 44.500000000000007 451.00000000000006 5.5000000000000009 40.45000000000001 2017.5000000000002 7.5000000000000009 48.500000000000007 1408.5000000000002 49.500000000000007 34.150000000000013 4.5000000000000009 1207.5000000000002
decision_type=2 2 2 2 2 2 2 2 2 2 2 2 2 2 2 2 2 2 2 2 2 2 2 2 2 2 2 2 2 2
left_child=1 9 7 5 -5 6 -4 8 -3 11 15 19 18 14 -12 -11 -7 -14 -13 20 -1 23 -17 26 25 -25 28 -28 29 -2
right_child=21 2 3 4 -6 16 -8 -9 -10 10 13 12 17 -15 -16 22 -18 -19 -20 -21 -22 -23 -24 24 -26 -27 27 -29 -30 -31
leaf_value=0.0046073323222098018 -0.01450807187279499 0.10466331974413956 0.03824848008961837 0.086441198545011297 -0.020371771858645103 -0.032220045814836777 -0.028484643167484575 -0.018568399836927176 -0.010027229853548782 0.079801264037583475 -0.030096464771208382 -0.031177773967161423 -0.045718009208631227 0.068128528363849805 0.019797718337219421 0.046923854453275127 0.0021852515703416554 0.0083028863945903957 0.014621940058011616 -0.014320363304088122 -0.014001985226223979 -0.042506549562163737 -0.022254771179852331 -0.014717560350778289 0.093871396037826738 0.058290533120314375 0.025904407326426727 -0.043315866521769712 0.0011775649025358185 0.024622906704467325
leaf_weight=341.83188618393615 76.606742651201785 4.1260179392993432 8.8798693940043467 3.5171273052692396 4.6550385151058435 80.648988657165319 7.8454139977693549 7.4199864491820327 4.3450512103736401 8.0483399778604525 18.618139789905399 61.562451519072056 4.7598146945238105 3.6828178297728291 17.302240943536162 4.2413625270128232 12.894197019282727 49.62296194024384 6.3613460485357782 42.956120017915964 38.781924286857247 5.7781329604331395 4.0320621859282255 78.13370352005586 1.5395964188501228 3.1342489793896666 7.001156002283099 15.277837881818412 4219.110296077095 10.324472207576035
leaf_count=2512 477 31 46 19 49 710 41 78 30 40 148 501 22 26 133 20 92 323 48 328 384 659 25 1081 12 18 40 126 28091 53
internal_value=2.66502e-05 -0.00329426 -0.0148474 -0.0189544 0.0255983 -0.0222563 0.00694563 0.0157634 0.0458353 -0.000715406 0.0140307 -0.00222614 -0.0133432 0.000836035 -0.00606328 0.0460463 -0.0274775 0.00357475 -0.0268884 0.000983927 0.00271117 0.000580121 0.0132096 0.000636561 -0.00993528 -0.0119019 0.000838816 -0.0215635 0.000954723 -0.00986064
internal_weight=5153.04 736.133 134.332 118.441 8.17217 110.268 16.7253 15.8911 8.47107 601.801 55.925 545.877 122.307 39.6032 35.9204 16.3218 93.5432 54.3828 67.9238 423.57 380.614 4416.91 8.27342 4411.13 82.8075 81.268 4328.32 22.279 4306.04 86.9312
internal_count=36163 5606 1096 957 68 889 87 139 61 4510 392 4118 894 307 281 85 802 345 549 3224 2896 30557 45 29898 1111 1099 28787 166 28621 530
is_linear=0
shrinkage=0.05


Tree=149
num_leaves=31
num_cat=0
split_feature=16 16 8 14 1 9 9 3 14 11 16 11 11 12 17 11 9 17 6 11 11 11 12 16 11 8 6 9 9 9
split_gain=3.67381 16.4749 8.22751 7.20839 5.59576 5.45478 9.299 9.15716 7.21933 5.47098 4.76007 15.5471 11.7334 9.45498 6.91756 9.16982 17.5263 9.13437 7.59203 6.88734 5.88519 4.55484 13.8373 14.0565 7.41078 9.12158 4.25198 3.84754 3.69551 2.53834
threshold=34.500000000000007 35.500000000000007 40.150000000000013 22.500000000000004 3.5000000000000004 497.00000000000006 463.00000000000006 8.5000000000000018 42.500000000000007 46.500000000000007 33.500000000000007 53.000000000000007 44.500000000000007 93.309375000000003 1141.5000000000002 51.500000000000007 497.00000000000006 827.50000000000011 2.5000000000000004 16.500000000000004 49.500000000000007 29.000000000000004 26.53166666666667 47.500000000000007 23.000000000000004 36.250000000000007 4.5000000000000009 485.00000000000006 453.00000000000006 521.00000000000011
decision_type=2 2 2 2 2 2 2 2 2 2 2 2 2 2 2 2 2 2 2 2 2 2 2 2 2 2 2 2 2 2
left_child=2 4 10 21 27 6 8 -8 -5 26 14 12 13 -12 17 19 -17 20 -19 -16 -1 24 -23 -24 28 -26 -7 -2 -3 -6
right_child=1 3 -4 5 29 9 7 -9 -10 -11 11 -13 -14 -15 15 16 -18 18 -20 -21 -22 22 23 -25 25 -27 -28 -29 -30 -31
leaf_value=0.00032914589648604315 0.051758903736174144 -0.007934159408937316 -0.04607297928839036 -0.029298939452790575 -0.035402950980872976 -0.031596309128721113 0.0070693354952672052 -0.056088219587389757 0.0096574921782286993 -0.066370924466842465 0.0070473171687560378 -0.044583135897789117 0.08074898639588847 0.055488036223694852 -0.0017268420945991383 -0.0026912817562971328 0.060956025970468133 -0.021271926556029302 0.0063632292743974368 -0.01322473073125505 -0.01059850788322852 0.087823201455192734 -0.012285361364411544 0.01644201596536856 0.0041999788294274261 0.053495720937424579 -0.0027737872093801606 -0.022670210239931623 0.0037098225394408637 0.010584932908927308
leaf_weight=2172.9395752581768 3.5011469842866054 79.478430243674666 9.3638209202326816 48.57878970913589 52.232835189672187 24.81961348792538 112.53346867393702 6.0476134605705729 15.747923512943087 6.2267148308455935 144.09120192378759 12.582053817808626 6.1691123098134986 10.830648783594368 317.08230697456747 38.314016322605312 15.07055463362485 25.561011772602797 896.92406368628144 221.03431481588632 130.61638331087306 3.9947466235607854 193.981316274032 54.55828214623034 22.571973968297243 16.061446525156498 26.413101476384327 3.4447137927636504 477.71148901549168 3.1834444692358366
leaf_count=16419 30 543 803 321 473 134 682 37 116 49 694 76 30 51 1906 294 86 143 5304 1499 1197 27 1392 365 115 110 185 28 3025 29
internal_value=2.40578e-05 -0.00246515 0.000740279 -0.00103353 -0.0274586 -0.00867685 -0.00445517 0.00384831 -0.019762 -0.0221155 0.000850108 0.00894572 0.0131266 0.0104338 0.000481811 -0.00448882 0.0152765 0.00139319 0.00559749 -0.00644966 -0.000290475 0.00113207 -0.00449543 -0.00597926 0.00351724 0.0246942 -0.0167368 0.0148467 0.00204891 -0.0327611
internal_weight=5151.67 1151.09 4000.58 1088.72 62.3621 240.367 182.908 118.581 64.3267 57.4594 3991.22 173.673 161.091 154.922 3817.54 591.501 53.3846 3226.04 922.485 538.117 2303.56 848.358 252.534 248.54 595.823 38.6334 51.2327 6.94586 557.19 55.4163
internal_count=36163 7661 28502 7101 560 1524 1156 719 437 368 27699 851 775 745 26848 3785 380 23063 5447 3405 17616 5577 1784 1757 3793 225 319 58 3568 502
is_linear=0
shrinkage=0.05


Tree=150
num_leaves=31
num_cat=0
split_feature=8 16 16 14 0 8 2 1 8 1 17 13 13 13 17 0 17 17 15 0 12 15 7 11 13 12 16 12 1 15
split_gain=6.48919 3.52613 17.4913 8.05548 6.87533 9.30811 7.5455 6.43743 6.85258 4.33321 6.00686 7.47783 11.9872 7.16681 6.90738 7.98285 5.83369 12.8215 11.0798 10.5577 8.38947 8.32334 7.2757 4.74787 2.65474 2.92046 0.979001 3.17915 1.00202 0.938186
threshold=40.150000000000013 34.500000000000007 35.500000000000007 48.500000000000007 2015.5000000000002 35.250000000000007 5.5000000000000009 2.5000000000000004 36.050000000000004 10.500000000000002 1141.5000000000002 55.25833333333334 55.013888888888893 55.379807692307701 827.50000000000011 2019.5000000000002 21.500000000000004 176.50000000000003 522.50000000000011 2006.5000000000002 35.510000000000012 564.50000000000011 57.750000000000007 58.000000000000007 54.590992647058833 69.735817307692315 45.500000000000007 41.186904761904763 3.5000000000000004 117.50000000000001
decision_type=2 2 2 2 2 2 2 2 2 2 2 2 2 2 2 2 2 2 2 2 2 2 2 2 2 2 2 2 2 2
left_child=1 9 7 4 5 -4 -6 8 -3 10 14 12 -12 -13 15 -1 19 18 -18 20 -11 -19 -21 -16 -9 -26 28 -28 29 -2
right_child=26 2 3 -5 6 -7 -8 24 -10 16 11 13 -14 -15 23 -17 17 21 -20 22 -22 -23 -24 -25 25 -27 27 -29 -30 -31
leaf_value=-0.0012362688770424391 -0.052331515021890644 0.089499523159553798 0.0079716558723370284 -0.050630661967703952 0.00067182101921583039 -0.0033508748812892913 -0.014305669462415025 -0.057620875311725508 -0.018523766072279121 0.067094610178120587 0.00031901172139416198 -0.048852381407940897 0.039813649919639593 -0.0061593517519508145 0.0054160576874850222 0.0069116759166160226 0.0041806793793674442 -0.0029397427430819037 0.035356544552388326 -0.038627881033526802 -0.0065252361659784959 -0.0213268593302311 0.046478650936944914 0.02282413034414911 -0.022814096486671161 -0.054679730870490155 0.17718075758388852 -0.051161553912923964 -0.05100241082312057 0.008979899959932704
leaf_weight=1348.5857403241098 1.0331497401930358 2.2145784795284262 325.8701093532145 8.2531316666863841 164.9551765685901 409.75965045578778 171.53810482332483 10.113590458407996 4.3555252496153116 5.0211489647626903 171.00685789994895 10.084588296711443 21.644141701981425 389.33094098139554 666.97886561043561 386.83785788621753 152.85252989735454 654.99851089995354 35.031034110113978 37.112847988493741 16.875920143909752 67.930649467743933 2.6935019996017209 41.612210472114384 35.607851443812251 9.0095858015120012 0.21861312631517726 0.50352944363839924 7.977257153717801 1.5753193919081239
leaf_count=10588 48 12 1661 67 1048 2933 1200 95 36 37 1085 57 119 2386 3958 2881 1183 4154 191 329 168 388 20 266 311 96 15 39 777 93
internal_value=-0.000527829 -0.000444758 -0.00289624 -0.00142204 -0.00104323 0.00166479 -0.00696343 -0.0288777 0.0178875 0.000253442 0.00118384 -0.00333476 0.00475619 -0.00723728 0.00227848 0.000579964 -0.00265116 -0.00164323 0.00999344 -0.0175295 0.0103563 -0.0046675 -0.0328691 0.00643835 -0.0344915 -0.0292487 -0.0383633 0.0179642 -0.0422058 -0.015304
internal_weight=5161.58 5150.27 1141.68 1080.38 1072.12 735.63 336.493 61.3011 6.5701 4008.6 3036.08 592.067 192.651 399.416 2444.01 1735.42 972.516 910.813 187.884 61.7034 21.8971 722.929 39.8063 708.591 54.731 44.6174 11.3079 0.722143 10.5857 2.60847
internal_count=36241 35269 7459 6909 6842 4594 2248 550 48 27810 21340 3647 1204 2443 17693 13469 6470 5916 1374 554 205 4542 349 4224 502 407 972 54 918 141
is_linear=0
shrinkage=0.05


Tree=151
num_leaves=31
num_cat=0
split_feature=8 15 15 15 7 8 7 1 7 0 16 18 18 8 17 16 12 1 15 15 0 8 8 0 12 16 0 12 0 12
split_gain=6.10059 3.24427 3.82218 10.0778 6.61512 5.59371 3.95114 3.63048 5.51945 6.98829 5.96451 3.24569 6.03859 4.62764 1.29906 0.932888 2.70287 1.00639 0.89518 2.20793 3.48475 0.0089863 0.000826672 0.00060938 0.000296233 0.000106858 4.42299e-05 2.62893e-05 1.91566e-05 1.29322e-05
threshold=40.150000000000013 1.5000000000000002 59.500000000000007 57.500000000000007 51.500000000000007 34.350000000000001 56.750000000000007 2.5000000000000004 57.250000000000007 2018.5000000000002 6.5000000000000009 10.500000000000002 6.5000000000000009 36.350000000000001 21.500000000000004 45.500000000000007 40.789999999999999 3.5000000000000004 117.50000000000001 255.50000000000003 2002.5000000000002 37.250000000000007 40.45000000000001 2003.5000000000002 43.596875000000004 5.5000000000000009 2004.5000000000002 35.769230769230781 2003.5000000000002 34.413541666666667
decision_type=2 2 2 2 2 2 2 2 2 2 2 2 2 2 2 2 2 2 2 2 2 2 2 2 2 2 2 2 2 2
left_child=1 14 3 4 21 -6 -5 8 10 -10 -4 12 -9 -13 -1 17 -17 18 25 20 -20 -3 23 24 -19 -2 -18 29 -29 -24
right_child=15 2 7 6 5 -7 -8 11 9 -11 -12 13 -14 -15 -16 16 26 22 19 -21 -22 -23 27 -25 -26 -27 -28 28 -30 -31
leaf_value=-0.058138628779993942 -0.051763660762958921 -0.059329069762316528 0.013125309689843281 0.087029975571090309 0.02387713923010186 0.0017597795357625866 0.023779704774655502 -0.00043441009703483539 0.080605435456809191 0.007704483590938116 -0.0021769077384597756 0.0020287781138257502 -0.005715317169260669 -0.0027015809978212968 -0.0059688968328894853 0.15212682545588072 -0.05158086513787824 -0.053046786123895878 0.15346351723243304 -0.054754372207650427 -0.050571442046628223 -0.054657322921083142 -0.050477052775023248 -0.050799784946818305 -0.05169886210406005 -0.052815543754147092 -0.050631867831689673 -0.050546713719316599 -0.050287497041065027 -0.050863735029484394
leaf_weight=3.390423981472849 0.5610340293496815 2.702398905530571 97.626373778562993 4.8644199781119806 32.651368252933025 229.67760647833347 5.014234259724617 1486.1752999871969 5.2956267781555644 8.6683325539343041 183.14050400909036 1420.7797950301319 851.46285041468218 812.80789424898103 1.8412945158779619 0.24506160989403802 0.23319576121866703 0.57715085148811374 0.47444444335997082 0.73855395638383925 0.37441426329314709 1.6626560054719446 0.38648668816313181 1.6894820681773124 1.3875608802773056 0.4238414098508656 0.25930709741078317 1.1282123443670573 1.9354703811695797 0.49081435799598694
leaf_count=38 32 26 726 31 186 1942 37 10034 28 62 1196 8146 5702 7064 19 12 9 16 13 37 43 32 49 129 52 16 33 119 379 33
internal_value=-0.000503011 -0.000423872 -0.000383836 0.0053338 0.00349688 0.00451267 0.0549252 -0.000708817 0.00466981 0.0353511 0.00314388 -0.00105561 -0.00235793 0.000307389 -0.0397776 -0.037861 0.0164363 -0.0417998 -0.0147691 0.0084642 0.0634679 -0.0575496 -0.0509544 -0.0514961 -0.0520948 -0.0522163 -0.0510812 -0.0504521 -0.050383 -0.0506934
internal_weight=5158.67 5147.76 5142.53 276.573 266.694 262.329 9.87865 4865.96 294.731 13.964 280.767 4571.23 2337.64 2233.59 5.23172 10.905 0.737564 10.1675 2.57229 1.58741 0.848859 4.36505 7.59518 3.65419 1.96471 0.984875 0.492503 3.94098 3.06368 0.877301
internal_count=36241 35269 35212 2254 2186 2128 68 32958 2012 90 1922 30946 15736 15210 57 972 54 918 141 93 56 58 777 197 68 48 42 580 498 82
is_linear=0
shrinkage=0.05


Tree=152
num_leaves=31
num_cat=0
split_feature=9 8 8 14 8 16 1 12 8 18 18 18 15 12 15 15 14 11 11 11 11 11 16 8 12 12 16 12 1 9
split_gain=6.22395 6.96867 6.25775 7.09683 5.66418 5.5225 5.02878 8.04531 3.05753 8.64051 8.89766 7.28036 6.69226 5.096 4.72245 4.35597 3.72863 8.31987 8.48071 7.20177 14.4845 13.0277 7.08286 2.43208 2.79215 1.50057 0.886439 2.44198 1.00355 1.49335
threshold=423.00000000000006 33.850000000000001 37.350000000000001 37.500000000000007 40.150000000000013 7.5000000000000009 7.5000000000000009 44.132638888888899 37.850000000000001 6.5000000000000009 12.500000000000002 1.5000000000000002 32.500000000000007 25.147222222222229 564.50000000000011 217.50000000000003 30.500000000000004 58.000000000000007 51.500000000000007 58.000000000000007 68.000000000000014 53.000000000000007 27.500000000000004 35.650000000000013 65.091830065359488 57.013888888888893 45.500000000000007 40.498263888888893 3.5000000000000004 473.00000000000006
decision_type=2 2 2 2 2 2 2 2 2 2 2 2 2 2 2 2 2 2 2 2 2 2 2 2 2 2 2 2 2 2
left_child=1 5 3 23 8 -1 7 -4 16 11 15 14 -13 -12 -10 -11 19 18 -18 21 -21 -2 -19 24 -3 -9 28 -28 29 -6
right_child=4 2 6 -5 26 -7 -8 25 9 10 13 12 -14 -15 -16 -17 17 22 -20 20 -22 -23 -24 -25 -26 -27 27 -29 -30 -31
leaf_value=0.069023139200713915 0.00084919952726125909 -0.02027845499249124 -0.015890684953272723 0.030401268603486728 0.023915063805770895 -0.0071594946908750401 -0.037618020249914459 0.07433050161120705 -0.027418451071479628 -0.040221787124388508 0.048226312605768318 -0.046676502720439411 0.013951110720657132 -0.0059646473262567022 0.05987285903385331 -0.013441809146356114 -0.0036015196058498409 -0.010062379106775571 0.020267811443268061 0.032658661143521665 -0.00099066632973659531 -0.015445518072655873 -0.064945635996107268 -0.057034431695531344 -0.05678457299041112 0.15464780658094535 0.13802716619644761 -0.051026837433097619 -0.050907092643971433 -0.053117356671555566
leaf_weight=3.8012249767780286 3762.0292741404846 20.198639463633302 2.31710992893204 4.2129364274442187 1.2727708797901836 6.3572133369743824 2.5231564911082387 1.1287450194358828 19.910964619368318 30.296946559101343 4.4517015628516665 4.7658294290304175 101.29664492746815 170.24715842632577 1.6801516851410259 30.441942854318768 635.30614661797881 14.824220001697542 39.528102589771152 52.296348080039024 82.326218787580729 126.79722227714956 9.7415239643305522 11.653447760269044 7.0715257041156283 1.1995636690407989 0.2627191040664919 0.48824256123043597 7.1010720714693889 1.2441623224876819
leaf_count=22 23250 157 33 33 56 37 40 16 402 612 41 73 1369 2327 25 541 3724 119 245 350 614 901 75 157 89 30 11 43 765 84
internal_value=-0.000478643 -0.0164262 -0.0240541 -0.0312431 -0.000289438 0.0213476 0.0192051 0.0500686 -0.000214173 -0.00463561 -0.0103151 0.00583937 0.0112269 -0.00458375 -0.0206257 -0.0267998 0.000125746 -0.00324386 -0.00220338 0.000711488 0.012081 0.000317902 -0.0318263 -0.0379153 -0.029745 0.115711 -0.0372066 0.0151125 -0.0412916 -0.0141634
internal_weight=5156.77 60.4636 50.3051 43.1365 5096.31 10.1584 7.16858 4.64542 5085.94 363.091 235.438 127.654 106.062 174.699 21.5911 60.7389 4722.85 699.4 674.834 4023.45 134.623 3888.83 24.5657 38.9236 27.2702 2.32831 10.369 0.750962 9.61801 2.51693
internal_count=36241 614 555 436 35627 59 119 79 34668 5390 3521 1869 1442 2368 427 1153 29278 4163 3969 25115 964 24151 194 403 246 46 959 54 905 140
is_linear=0
shrinkage=0.05


Tree=153
num_leaves=31
num_cat=0
split_feature=9 8 8 14 13 17 17 8 16 16 0 3 8 9 0 13 17 13 13 8 14 0 17 17 8 12 16 16 12 12
split_gain=5.71917 6.38644 5.78121 6.59056 5.56756 6.26163 9.49873 5.31821 4.82518 2.96312 9.51812 10.3412 9.95394 9.88579 9.607 8.36919 4.99946 8.614 21.1525 9.63745 4.60965 4.54326 11.9898 9.21888 2.43891 2.75899 0.884804 2.24542 2.26921 0.656453
threshold=423.00000000000006 33.850000000000001 37.350000000000001 37.500000000000007 55.815340909090914 112.50000000000001 622.50000000000011 40.150000000000013 7.5000000000000009 28.500000000000004 2013.5000000000002 8.5000000000000018 34.250000000000007 431.00000000000006 2012.5000000000002 56.77350427350428 1141.5000000000002 55.25833333333334 55.059027777777786 34.650000000000013 22.500000000000004 2017.5000000000002 1014.0000000000001 1073.5000000000002 35.650000000000013 65.091830065359488 34.500000000000007 35.500000000000007 34.555902777777781 82.698263888888917
decision_type=2 2 2 2 2 2 2 2 2 2 2 2 2 2 2 2 2 2 2 2 2 2 2 2 2 2 2 2 2 2
left_child=1 8 3 24 5 -4 -7 9 -1 16 12 13 14 -12 -11 -14 21 18 -18 -19 -13 22 -2 -23 25 -3 29 -28 -29 -9
right_child=7 2 4 -5 -6 6 -8 26 -10 10 11 20 15 -15 -16 -17 17 19 -20 -21 -22 23 -24 -25 -26 -27 27 28 -30 -31
leaf_value=0.063862350821180469 -0.0012613636079057322 -0.019494193931740761 -0.029568502018791926 0.028371233789821176 -0.058662267151284392 0.14665971707505765 -0.021006569558434725 -0.050913184563784242 -0.0068247200151684301 0.0084776265340273781 0.046833415238770965 0.016414848696114214 0.0011252947601782907 -0.009381531225003353 0.048011754435658333 -0.013559587071035781 -0.0010825758731342775 -0.025033178561821773 0.061083008760618708 -0.0040381019537212536 -0.020458182866475109 0.0056363857341049945 0.010436540114760627 -0.015501420379868035 -0.056680300741779079 -0.056436227451296041 0.12198625896840541 0.085274240874091009 -0.052383032815185526 -0.0093489358804703573
leaf_weight=3.9002953097224218 1900.1751238740981 19.966714277863506 1.9398036054335523 4.2866888977587214 1.7954294667579231 2.1921816426329319 1.3742800154723225 6.5601834965636936 6.336154006421566 134.9873177446425 7.9248924907296887 62.269157752394676 676.09726943448186 595.07383637875319 17.340855538845062 113.28136830963194 126.876589554362 73.56174286827445 15.337831099517642 212.72124368231744 9.8115198332816345 836.58803168078884 247.58796532824636 54.971427278593183 11.152608131989835 6.7671118583530179 0.28412230499088797 0.36386266304180059 1.689205731032416 1.11080821393989
leaf_count=22 14033 157 35 33 26 31 27 703 37 633 59 397 4341 3915 80 749 876 392 99 1532 64 5773 1382 343 157 89 19 18 148 71
internal_value=-0.000456334 -0.0158407 -0.0232786 -0.0303904 0.0177979 0.0427293 0.0820521 -0.000276022 0.0201085 -0.000204351 -0.00197209 -0.00650315 0.00127608 -0.00864273 0.0129781 -0.000982089 0.000619813 -0.00443631 0.00562198 -0.00943288 0.0113957 0.00133265 8.71372e-05 0.00433308 -0.0370391 -0.0288453 -0.0366883 -0.0097547 -0.0279862 -0.0448944
internal_weight=5154.33 59.7113 49.4748 42.1731 7.30169 5.50627 3.56646 5094.61 10.2364 5084.61 1616.79 675.079 941.707 602.999 152.328 789.379 3467.82 428.497 142.214 286.283 72.0807 3039.32 2147.76 891.559 37.8864 26.7338 10.0082 2.33719 2.05307 7.67099
internal_count=36241 614 555 436 119 93 58 35627 59 34668 10238 4435 5803 3974 713 5090 24430 2899 975 1924 461 21531 15415 6116 403 246 959 185 166 774
is_linear=0
shrinkage=0.05


Tree=154
num_leaves=31
num_cat=0
split_feature=8 15 15 15 13 7 18 11 15 5 8 11 13 14 4 15 17 16 7 8 12 15 18 8 0 0 12 0 0 0
split_gain=5.08658 3.04515 3.49778 9.04818 7.26352 5.43744 4.83094 4.81077 3.59297 12.5098 7.58991 6.22884 3.4913 6.4511 5.2673 2.49852 1.32972 0.873347 2.05278 3.73841 0.612275 1.55689 0.00380161 0.000512449 0.000414657 0.000263283 0.000213853 0.000211009 2.20954e-05 1.84016e-05
threshold=40.150000000000013 1.5000000000000002 59.500000000000007 56.500000000000007 57.693750000000009 51.500000000000007 5.5000000000000009 23.000000000000004 95.500000000000014 1.5000000000000002 35.550000000000004 25.000000000000004 54.90767045454546 37.500000000000007 11.500000000000002 9.0000000000000018 23.500000000000004 34.500000000000007 56.750000000000007 40.45000000000001 82.698263888888917 249.50000000000003 18.500000000000004 40.45000000000001 2003.5000000000002 2002.5000000000002 45.690625000000004 2003.5000000000002 2003.5000000000002 2003.5000000000002
decision_type=2 2 2 2 2 2 2 2 2 2 2 2 2 2 2 2 2 2 2 2 2 2 2 2 2 2 2 2 2 2
left_child=1 16 3 4 5 -3 -5 -8 9 11 -11 -4 13 -10 -14 -6 -1 20 22 -20 23 25 27 24 26 -22 -2 -19 -21 -25
right_child=17 2 8 6 15 -7 7 -9 12 10 -12 -13 14 -15 -16 -17 -18 18 19 28 21 -23 -24 29 -26 -27 -28 -29 -30 -31
leaf_value=-0.057788452172159999 -0.052632492205647856 -0.05690900527791596 -0.012690080061205833 0.087724988643372415 0.076209281237976434 0.0019352031391257761 0.0095817373382717837 0.077187584821909724 0.0038104430305648303 0.08375261106325968 0.0062108149950821853 0.0035412680225594298 -0.0027693667743971234 -0.010428855729832228 0.0010458751261694897 0.025302755990055815 -0.0041381998592785749 -0.051937033816071412 0.13655647991267925 -0.051150888649849152 -0.052461071053705233 0.071178095737030753 -0.057702404738454227 -0.050587494292156324 -0.0507262270239787 -0.05061906081598451 -0.051429264870984009 -0.05045026536749439 -0.050445132509342606 -0.050350251323353606
leaf_weight=3.3070761486887923 0.62171964254230105 3.9900563373230389 206.67861906439066 3.974279027432206 3.7414770238101465 243.7431439589709 11.145780365914105 3.4446328766643992 835.82185413409024 5.9632894583046419 6.7029797807335854 82.780845016241074 1936.5912056523375 87.907837768085301 1697.7366776196286 6.7747279610484838 1.7747207246720789 0.5243400000035765 0.52468069270253159 0.15546453045681119 0.44631831115111686 0.38313276995904744 0.3005318115465343 1.3754190355539324 1.3954683248884974 0.3431285279802978 0.90950256958603859 0.437993478262797 0.386882838094607 2.0144400930730626
leaf_count=39 18 57 1542 29 26 1993 81 23 5640 39 73 694 13143 581 11246 45 18 21 21 9 13 19 7 148 117 42 41 66 62 388
internal_value=-0.000435031 -0.000366377 -0.000328107 0.00513883 0.00271512 0.000987443 0.0388545 0.0255427 -0.000639479 -0.00591988 0.0427176 -0.00804817 -0.000289474 0.00245534 -0.000987118 0.0434144 -0.0390521 -0.036388 -0.0096532 0.0414048 -0.0447053 -0.0115238 -0.0527934 -0.050865 -0.0513497 -0.0516605 -0.0519178 -0.0512604 -0.0506474 -0.0504465
internal_weight=5151.9 5142.08 5137 276.814 258.249 247.733 18.5647 14.5904 4860.18 302.126 12.6663 289.459 4558.06 923.73 3634.33 10.5162 5.0818 9.81902 2.32989 1.06703 7.48913 1.17258 1.26287 6.31655 2.92669 0.789447 1.53122 0.962333 0.542347 3.38986
internal_count=36241 35269 35212 2254 2121 2050 133 104 32958 2348 112 2236 30610 6221 24389 71 57 972 186 92 786 74 94 712 176 55 59 87 71 536
is_linear=0
shrinkage=0.05


Tree=155
num_leaves=28
num_cat=0
split_feature=6 17 11 12 12 1 9 11 14 1 17 12 17 12 17 12 12 17 11 0 12 12 17 14 18 4 17
split_gain=4.46683 7.18924 4.35433 4.56314 13.4304 4.63913 4.2014 4.13951 4.03272 10.4126 12.2681 11.4934 4.04408 8.23274 6.08319 3.1738 2.99238 2.93378 2.06901 1.805 0.00796425 0.00320081 0.00191326 0.000819374 0.000659163 0.000344381 0.000338426
threshold=7.5000000000000009 1408.5000000000002 51.500000000000007 84.137500000000017 89.089583333333351 11.500000000000002 409.00000000000006 8.5000000000000018 45.500000000000007 11.500000000000002 330.00000000000006 65.269791666666677 934.00000000000011 53.653888888888893 886.00000000000011 74.147500000000022 115.8107142857143 603.50000000000011 15.500000000000002 2020.5000000000002 36.422916666666673 46.771250000000009 843.50000000000011 10.500000000000002 15.500000000000002 11.500000000000002 554.00000000000011
decision_type=2 2 2 2 2 2 2 2 2 2 2 2 2 2 2 2 2 2 2 2 2 2 2 2 2 2 2
left_child=6 2 3 5 -5 15 18 19 12 11 -11 -10 14 -14 -9 -2 -6 -7 -1 -8 -4 -20 26 -24 25 -23 -22
right_child=1 -3 20 4 16 17 7 8 9 10 -12 -13 13 -15 -16 -17 -18 -19 21 -21 22 24 23 -25 -26 -27 -28
leaf_value=0.00028446356319109867 -0.014705992191172471 0.059427498959163577 -0.057690134821870888 0.13322884051614214 -0.041251728525515369 -0.0074529025238362565 0.051663943590917118 0.00031341112786172727 -0.020776948700553705 0.065260180793694403 -0.0049583757537325253 0.0081177915896847499 -0.00065300089323856822 0.0062395214080695266 -0.0085472750825537555 -0.054569815404068689 0.022148849192219475 0.074528372533047935 -0.056174502991064745 0.012562102025617939 -0.05165716203183715 -0.052570708343939614 -0.055291945852803462 -0.053499692556443185 -0.054619698156293799 -0.05373329923999446 -0.052950385007141346
leaf_weight=2.5989768691360942 62.586656151106581 3.5231895297765723 1.3633616194128979 2.1161272746976447 3.7183841806836426 2.0953379385173312 5.3250156017020327 2908.588215484051 107.829188761767 10.219771501608195 15.894670498790218 50.54831380629912 881.08882788429037 852.34568325500004 207.52341285976581 5.4258692972362033 3.7260274714790285 2.2773771961219609 1.6501511018723247 6.6210556179285049 1.182007867144421 1.4242979756090794 1.0911141815595331 1.5346469916403291 0.97024737484753121 1.1523266565054655 0.88441516645252694
leaf_count=30 824 20 12 31 64 30 31 21666 737 61 101 340 5168 5161 1561 107 35 26 26 30 43 39 17 29 17 22 19
internal_value=0.000339036 -0.0106082 -0.0134121 -0.0103887 0.0220769 -0.0146767 0.000537291 0.000593957 0.000524194 -0.0067314 0.0225213 -0.0115548 0.00080022 0.00273612 -0.000276683 -0.0178862 -0.00951889 0.0352442 -0.0361399 0.0299919 -0.0543262 -0.0543553 -0.0533488 -0.0542444 -0.0535089 -0.0530906 -0.0522107
internal_weight=5145.3 91.5245 88.0013 81.9458 9.56054 72.3852 5053.78 5045.98 5034.04 184.492 26.1144 158.378 4849.55 1733.43 3116.11 68.0125 7.44441 4.37272 7.796 11.9461 6.05555 5.19702 4.69218 2.62576 3.54687 2.57662 2.06642
internal_count=36247 1257 1237 1117 130 987 34990 34856 34795 1239 162 1077 33556 10329 23227 931 99 56 134 61 120 104 108 46 78 61 62
is_linear=0
shrinkage=0.05


Tree=156
num_leaves=31
num_cat=0
split_feature=13 7 11 0 17 8 9 16 7 18 8 8 16 8 16 8 8 12 0 12 17 16 17 17 0 8 8 0 6 8
split_gain=6.27389 11.0579 8.00031 8.42835 6.84088 8.71404 5.66001 5.84985 5.84144 10.7514 8.12604 7.18899 5.6527 7.7315 7.07848 8.63999 16.469 8.16142 6.25636 5.85056 4.9902 6.02351 4.65999 6.64743 5.54692 4.52498 4.24325 3.57008 5.418 4.4356
threshold=57.064583333333339 57.250000000000007 53.000000000000007 2020.5000000000002 1369.0000000000002 37.750000000000007 541.00000000000011 1.0000000180025095e-35 56.750000000000007 12.500000000000002 33.350000000000001 35.050000000000004 34.500000000000007 39.95000000000001 35.500000000000007 38.850000000000001 39.650000000000013 54.007670454545462 2013.5000000000002 89.089583333333351 105.50000000000001 35.500000000000007 827.50000000000011 1141.5000000000002 2006.5000000000002 34.750000000000007 36.850000000000001 2022.5000000000002 4.5000000000000009 34.850000000000001
decision_type=2 2 2 2 2 2 2 2 2 2 2 2 2 2 2 2 2 2 2 2 2 2 2 2 2 2 2 2 2 2
left_child=1 12 3 4 5 -3 7 -2 9 10 -9 -11 13 22 15 17 -17 -14 19 -16 25 -22 24 -24 -1 -5 -20 29 -29 -10
right_child=6 2 -4 20 -6 -7 -8 8 27 11 -12 -13 14 -15 18 16 -18 -19 26 -21 21 -23 23 -25 -26 -27 -28 28 -30 -31
leaf_value=0.0036062528779924954 -0.044810074306883767 0.02800577107534398 -0.04236319580461366 0.08397688778968701 0.076945475577043634 -0.040790454651321029 -0.059452137622731195 0.075669747952866753 -0.0048599119207759318 0.11393721866394863 -0.012013459804430205 0.029074565474715541 -0.0073532157213577164 -0.042093622323551759 0.00023076250388023631 -0.054702065553920015 0.21184598609928434 -0.045948176665787543 -0.0042541111053682372 0.021018783257879481 -0.013323794241816884 0.047336385985201436 0.0065715226409130585 -6.2287517514092827e-05 -0.0019080328249852655 0.0093928275576466644 -0.017797385925685329 0.01135708910741042 -0.0099743133838159359 -0.021454820956290057
leaf_weight=680.02137856418267 9.1694391313940269 67.348902877420187 5.8186535164713851 3.0859906673431379 6.4760694652795783 4.9405426548328242 4.9155524950474492 2.9118465334177044 97.387383371591568 3.24990589916706 28.547023973194882 10.752197147812693 32.485192636027932 10.220557871391064 551.07857477059588 1.1924023283645504 1.1274259337224064 23.684184075333178 353.06518225744367 36.061119529418647 35.312414035899565 4.6288949577137819 830.19056150689721 692.73856769409031 1384.66909604799 5.9632226089015603 69.164852300425991 53.954961726907641 66.401738649699837 68.651372862048447
leaf_count=5155 50 358 35 17 28 63 38 13 522 17 206 76 266 862 3548 31 34 228 2062 256 216 30 4886 4224 10814 44 781 303 541 543
internal_value=0.000321255 0.000790015 0.0149746 0.017586 0.0277144 0.023304 -0.00618188 -0.00541405 -0.0043255 0.0123247 -0.00389746 0.0487713 0.000383925 0.00133207 -0.00281058 -0.0197216 0.0748391 -0.023627 -0.00183065 0.00150753 0.00130195 -0.00629374 0.00145578 0.00355398 -9.18612e-05 0.0348277 -0.00647261 -0.00696847 -0.000411613 -0.0117213
internal_weight=5145.22 4799.27 133.575 127.756 78.7655 72.2894 345.941 341.026 331.856 45.461 31.4589 14.0021 4665.7 3597.84 1067.86 58.4892 2.31983 56.1694 1009.37 587.14 48.9905 39.9413 3587.62 1522.93 2064.69 9.04921 422.23 286.395 120.357 166.039
internal_count=36247 33938 791 756 449 421 2309 2271 2221 312 219 93 33147 25941 7206 559 65 494 6647 3804 307 246 25079 9110 15969 61 2843 1909 844 1065
is_linear=0
shrinkage=0.05


Tree=157
num_leaves=31
num_cat=0
split_feature=13 9 16 3 9 15 12 16 8 16 8 8 12 11 12 17 0 15 17 1 11 9 11 17 8 16 0 0 12 15
split_gain=5.68644 5.2967 5.37956 5.63317 13.6185 6.81517 6.00777 4.33242 7.69241 7.05655 7.46416 16.9979 7.40244 5.39511 18.9809 10.1085 5.4051 5.98763 5.41075 5.33857 4.75244 4.32874 16.5308 7.72461 3.48361 3.85662 2.69276 2.06132 1.88093 1.87055
threshold=57.064583333333339 541.00000000000011 1.0000000180025095e-35 7.5000000000000009 461.00000000000006 95.500000000000014 57.938541666666673 34.500000000000007 39.95000000000001 35.500000000000007 38.850000000000001 40.050000000000004 54.007670454545462 27.000000000000004 26.53166666666667 648.00000000000011 2013.5000000000002 98.500000000000014 989.00000000000011 2.5000000000000004 8.5000000000000018 465.00000000000006 55.000000000000007 245.50000000000003 13.750000000000002 39.500000000000007 2001.5000000000002 2018.5000000000002 16.820129870129872 156.50000000000003
decision_type=2 2 2 2 2 2 2 2 2 2 2 2 2 2 2 2 2 2 2 2 2 2 2 2 2 2 2 2 2 2
left_child=7 2 27 24 5 -5 -6 8 20 10 12 -12 19 16 -15 -16 17 -11 -18 -9 28 23 -23 -22 29 -26 -14 -2 -1 -4
right_child=1 -3 3 4 6 -7 -8 9 -10 13 11 -13 26 14 15 -17 18 -19 -20 -21 21 22 -24 -25 25 -27 -28 -29 -30 -31
leaf_value=0.063946236427579434 -0.015468434738501208 -0.058200673935069315 0.028195840985184996 0.12091555582955947 -0.015568631117829799 0.033207492714347614 0.010799101604820449 0.043335823908050561 -0.041929008136779716 -0.013658528202896862 -0.024362602958526811 0.25539239384666085 -0.0023122959547128446 0.098013308819299982 -0.025961806526372533 -0.003470032126025026 0.0011104696388741066 0.0072338016638399246 -0.013343544314281829 -0.015304188172513195 0.0048394214973403165 0.0019241664617103964 0.023730914242441763 -0.0043011118237430007 -0.012722604133537374 0.0075243981363668005 -0.050788973740044853 -0.063786285437593779 0.016982915015854274 -0.0080549592980057334
leaf_weight=3.9947161823511106 3.8406238704919797 4.773804099764674 9.5038694292306882 2.6367291584610966 43.117675416870043 13.841443118872119 43.293487724615261 4.5077552124857894 10.138046095962634 37.882944056764245 1.6828059721738093 0.80162546946667124 3.3354225046932724 4.3145339507609597 60.946888429345563 276.9904079483822 194.71147995744832 362.01469388185069 97.003623181954026 27.928372142836452 351.98881150875241 2573.197521741502 89.944346896838397 673.22020291723311 185.84528613043949 26.927048396319151 20.296037279069424 5.1905313953757286 4.5723939388990402 5.6885269582271567
leaf_count=19 18 38 41 18 267 96 351 28 886 253 45 20 29 30 508 1862 1346 2216 569 240 3062 17405 657 4537 1250 173 203 32 23 25
internal_value=0.000304034 -0.00589946 -0.00516487 -0.00412559 0.0055857 0.047242 -0.00235794 0.000749518 0.00156501 -0.0020178 -0.018904 0.065903 -0.022662 -0.00106146 -0.00619595 -0.00752642 0.00147939 0.00525464 -0.0036959 -0.00715479 0.00168428 0.00159788 0.00266066 -0.00116286 -0.00850867 -0.0101603 -0.0439468 -0.0432385 0.0388812 0.0146224
internal_weight=5144.13 344.659 339.885 330.854 102.889 16.4782 86.4112 4799.47 3707.06 1092.42 58.552 2.48443 56.0676 1033.86 342.252 337.937 691.613 399.898 291.715 32.4361 3696.92 3688.35 2663.14 1025.21 227.965 212.772 23.6315 9.03116 8.56711 15.1924
internal_count=36247 2309 2271 2221 732 114 618 33938 26589 7349 565 65 500 6784 2400 2370 4384 2469 1915 268 25703 25661 18062 7599 1489 1423 232 50 42 66
is_linear=0
shrinkage=0.05


Tree=158
num_leaves=31
num_cat=0
split_feature=6 17 9 12 8 12 3 14 8 12 16 12 0 17 9 17 8 12 17 8 12 6 12 18 0 3 8 8 8 5
split_gain=4.00892 6.3846 3.89877 3.64813 8.05382 10.1563 4.84515 3.60168 13.5641 11.7605 11.0538 6.14531 6.0109 5.94501 4.18745 3.46096 9.76111 7.77179 5.42811 6.41386 6.04368 4.43625 3.39054 2.92669 2.60338 2.2697 2.22042 0.568062 0.00683721 0.00599208
threshold=7.5000000000000009 1408.5000000000002 409.00000000000006 84.137500000000017 35.750000000000007 89.089583333333351 5.5000000000000009 45.500000000000007 35.050000000000004 40.024444444444448 9.5000000000000018 38.709375000000009 2017.5000000000002 465.00000000000006 487.00000000000006 934.00000000000011 33.050000000000004 53.653888888888893 886.00000000000011 39.050000000000004 154.57444444444448 5.5000000000000009 74.147500000000022 15.500000000000002 2022.5000000000002 8.5000000000000018 38.050000000000004 33.850000000000001 34.45000000000001 1.5000000000000002
decision_type=2 2 2 2 2 2 2 2 2 2 2 2 2 2 2 2 2 2 2 2 2 2 2 2 2 2 2 2 2 2
left_child=2 3 25 22 23 -6 -7 15 10 13 12 -12 -9 -10 -11 18 21 -18 20 -20 -4 -17 24 -5 26 27 -2 -1 -29 -24
right_child=1 -3 7 4 5 6 -8 8 9 14 11 -13 -14 -15 -16 16 17 -19 19 -21 -22 -23 29 -25 -26 -27 -28 28 -30 -31
leaf_value=-0.014890077580400882 -0.0094556665879023099 0.054926158452331134 0.000273640280940372 -0.05415064430050414 0.16909644374817098 0.075331162054976114 -0.053329930443300283 0.037938984745237866 0.035789151871009783 -0.019148688522803967 -0.046262662126117737 -0.00061764324912013356 0.00055634658169632174 -0.011096666950104139 -0.044282887709490557 0.023788322176323928 -0.0011448760091455289 0.0055816673691178841 -0.0091081351410943322 0.065511683220496053 0.071189547285629109 0.078187806509433702 -0.053471136154452661 0.015360022266027279 -0.054820511525299292 0.027353335001792867 -0.052471972789251003 -0.056977582033603071 -0.053067195438286099 -0.057690567016439723
leaf_weight=1.1095540709793557 64.044953720644116 3.6199633702635756 2914.0355222068029 3.3428932540118677 1.5500169361475853 1.4590654168277981 1.4678928661160169 29.835432909429073 11.210647491738202 35.152167035965249 9.4723587259650213 33.28530216217041 16.812947414815426 17.033830653876066 31.350816681748256 15.750927254557611 872.65288245910779 845.4383986715693 203.13217260595411 2.9211388949770472 3.0074733989313236 4.9178425818681708 4.5257931901141992 2.7683494053781033 3.6516096631530663 1.2094034515321253 3.1473423057468599 1.6179019175469873 3.6166600887663662 1.0335714211687443
leaf_count=9 767 20 21679 62 21 22 35 154 91 303 47 175 88 116 266 66 5135 5120 1466 97 29 24 98 22 62 17 131 18 90 17
internal_value=0.000287518 -0.0101365 0.000474423 -0.0128439 0.0146611 0.0656097 0.0108066 0.000528155 -0.00633557 -0.0195174 0.00763377 -0.0107297 0.0244656 0.007513 -0.0309974 0.000788133 0.00257602 0.00216512 -0.000207259 -0.00805028 0.000346755 0.0367319 -0.0166556 -0.0226628 -0.013705 -0.0354206 -0.0114706 -0.0473875 -0.0542758 -0.0542556
internal_weight=5144.17 90.6115 5053.56 86.9915 10.5882 4.47698 2.92696 5046.01 184.154 94.7475 89.406 42.7577 46.6484 28.2445 66.503 4861.86 1738.76 1718.09 3123.1 206.053 2917.04 20.6688 76.4033 6.11124 70.8439 7.55352 67.1923 6.34412 5.23456 5.55936
internal_count=36247 1257 34990 1237 162 78 57 34856 1240 776 464 222 242 207 569 33616 10345 10255 23271 1563 21708 90 1075 84 960 134 898 117 108 115
is_linear=0
shrinkage=0.05


Tree=159
num_leaves=26
num_cat=0
split_feature=9 6 11 14 8 16 11 0 8 9 15 15 8 8 15 1 3 8 0 8 1 8 8 18 11
split_gain=3.69801 3.66297 3.36673 3.34856 12.1205 10.2684 6.97412 3.311 9.08091 5.25329 3.17723 8.93626 4.17135 5.35416 3.67256 3.35365 2.16128 1.58175 3.43912 0.571048 0.508104 0.161808 0.00534887 0.00108709 0.00026217
threshold=409.00000000000006 7.5000000000000009 8.5000000000000018 45.500000000000007 35.050000000000004 9.5000000000000018 16.500000000000004 2003.5000000000002 39.350000000000001 451.00000000000006 538.50000000000011 466.00000000000006 36.850000000000001 35.750000000000007 407.00000000000006 9.5000000000000018 8.5000000000000018 34.350000000000001 2020.5000000000002 33.850000000000001 2.5000000000000004 33.550000000000004 34.45000000000001 17.500000000000004 31.000000000000004
decision_type=2 2 2 2 2 2 2 2 2 2 2 2 2 2 2 2 2 2 2 2 2 2 2 2 2
left_child=16 2 17 7 5 -5 -6 9 -9 -4 11 12 13 -3 -14 20 19 -2 -19 -1 -12 -22 -21 24 -24
right_child=1 10 3 4 6 -7 -8 8 -10 -11 15 -13 14 -15 -16 -17 -18 18 -20 22 21 -23 23 -25 -26
leaf_value=-0.014292135657199792 0.052803428703173019 -0.01336812178842306 0.013008200939430815 0.023067750812608777 -0.0080767590593359244 -0.010880076661372645 -0.036177413914544716 0.00031409716809334827 -0.033755348855838224 0.0018141372684289368 -0.027996961392626807 0.11613820306134917 -0.041086261133959578 0.017246511325386751 0.06982564807158885 0.021885511315897568 0.02540263571677856 0.043218064188506655 -0.022124099568426554 -0.056373107176793384 -0.074688077658547028 -0.055154546611917127 -0.052723846658332907 -0.054558891071066186 -0.051586033726659722
leaf_weight=1.0984648577868927 3.9503273367881766 44.941471179015934 128.46715253032744 46.987436216324568 58.037345515796915 42.353041861206293 35.638124304125085 4134.1381673067808 19.651646008365788 569.11045296490192 1.5861979355104248 1.4580140931066115 12.419767364161086 20.933801136910915 0.79408753663301546 1.8812002772465346 1.2364355828613041 4.543812979012726 3.6164643615484238 1.6526696570217607 1.4102480262517927 4.2708535310812294 1.9936451406683779 0.7777628069743513 0.67859094496816386
leaf_count=9 17 498 964 242 417 221 359 27298 1284 4010 15 22 353 255 12 25 17 27 17 20 7 68 49 14 27
internal_value=0.000272056 0.000323073 0.000501088 0.000437747 -0.00620142 0.00697433 -0.0187674 0.000688207 0.000152914 0.00387566 -0.00969249 -0.00652104 -0.00878227 -0.00363942 -0.034421 -0.0376153 -0.0349589 0.0268322 0.0142598 -0.0469943 -0.0530176 -0.0600035 -0.0540342 -0.0529137 -0.0524349
internal_weight=5143.63 5136.19 5046.49 5034.38 183.016 89.3405 93.6755 4851.37 4153.79 697.578 89.6956 80.5471 79.0891 65.8753 13.2139 9.1485 7.43757 12.1106 8.16028 6.20113 7.2673 5.6811 5.10267 3.45 2.67224
internal_count=36247 36111 34856 34795 1239 463 776 33556 28582 4974 1255 1140 1118 753 365 115 136 61 44 119 90 75 110 90 76
is_linear=0
shrinkage=0.05


Tree=160
num_leaves=31
num_cat=0
split_feature=17 18 8 8 7 17 17 8 11 0 3 7 17 13 17 11 5 17 17 2 5 14 0 18 15 8 17 0 0 15
split_gain=4.07156 5.14671 5.5691 5.64304 6.96725 5.07206 4.72718 10.4183 18.0416 7.49657 10.9045 6.78681 6.48316 11.5769 10.1962 6.48076 5.91221 5.61463 9.80972 8.8329 4.57985 5.34894 5.1046 7.29896 5.96316 4.49804 4.31781 4.13184 5.46495 3.98946
threshold=96.500000000000014 18.500000000000004 34.650000000000013 34.150000000000013 55.750000000000007 84.500000000000014 181.50000000000003 33.750000000000007 16.500000000000004 2006.5000000000002 7.5000000000000009 56.750000000000007 214.50000000000003 54.720486111111121 186.00000000000003 46.500000000000007 1.0000000180025095e-35 250.50000000000003 288.00000000000006 5.5000000000000009 1.5000000000000002 35.500000000000007 2006.5000000000002 13.500000000000002 236.00000000000003 34.750000000000007 136.50000000000003 2013.5000000000002 2011.5000000000002 98.500000000000014
decision_type=2 2 2 2 2 2 2 2 2 2 2 2 2 2 2 2 2 2 2 2 2 2 2 2 2 2 2 2 2 2
left_child=5 6 3 4 -3 20 7 8 26 10 -9 -10 13 14 -8 -11 -15 19 -19 -14 29 22 23 -22 -24 -4 -2 28 -5 -1
right_child=1 2 25 27 -6 -7 12 9 11 15 -12 -13 17 16 -16 -17 -18 18 -20 -21 21 -23 24 -25 -26 -27 -28 -29 -30 -31
leaf_value=-0.0114726162751504 -0.044681580994073322 0.036478005869985085 -0.02987143201357309 0.027609831187237501 -0.009824063834463017 -0.023004805089589363 0.070070074968294205 0.035358955607287711 0.10619634211249998 0.00066793177067715488 -0.0023229637449589859 0.03231306141502642 0.019833064303732228 -0.01343729603725847 -0.00070831146332093467 -0.030757029307852169 -0.042549185836965438 -0.014569959387641962 -0.00029510370004962798 -0.0024551075208290988 0.082551387621616734 -0.04619709375056047 -0.014106368837504069 0.0063811982987483449 0.035979661292540384 0.0037463949508825369 0.020072657278612047 0.048465556911378549 -0.030905242963090357 -0.0017890876873499413
leaf_weight=139.32995728123933 5.0113254785537737 11.384551629424093 10.311913974583147 22.529814086854461 28.37273120880127 33.209482466802001 6.5555184427648809 37.593646712368354 7.8997574895620328 157.09527724131476 39.237505956320092 5.1245225369930267 85.907125129364431 66.806634472217411 22.73504245094955 18.319785919040442 23.601292100967839 124.77555303217378 3394.7944922904717 92.118943406501785 6.3237158348783833 3.4679609239101401 15.108502566465178 6.2569365352392197 9.7956597891170514 283.52731807320379 5.293801948428154 17.292512744665146 4.8489389196038237 449.5104748448357
leaf_count=1475 25 53 59 111 134 333 49 250 39 1178 271 24 633 524 164 165 223 1054 22103 711 71 35 166 49 87 2092 28 99 25 3967
internal_value=-0.000303649 0.000238559 0.00581863 0.0171367 0.0034346 -0.00396017 -0.000277158 0.00604717 0.0380147 0.0030906 0.0161149 0.0771263 -0.00073372 -0.0121862 0.0151326 -0.00261399 -0.0210371 -0.000362979 -0.000801175 0.00830013 -0.00295593 0.013212 0.0187083 0.0446685 0.00559418 0.00256662 -0.011417 0.0293316 0.0172465 -0.00408038
internal_weight=5134.14 4471.14 378.268 84.4285 39.7573 663.003 4092.87 275.576 23.3294 252.246 76.8312 13.0243 3817.29 119.698 29.2906 175.415 90.4079 3697.6 3519.57 178.026 629.793 40.9528 37.4848 12.5807 24.9042 293.839 10.3051 44.6713 27.3788 588.84
internal_count=36197 30014 2573 422 187 6183 27441 1980 116 1864 521 63 25461 960 213 1343 747 24501 23157 1344 5850 408 373 120 253 2151 53 235 136 5442
is_linear=0
shrinkage=0.05


Tree=161
num_leaves=31
num_cat=0
split_feature=17 1 8 11 9 17 8 14 18 17 13 17 15 17 17 9 5 17 9 9 17 17 5 5 1 0 13 0 9 4
split_gain=3.68699 4.72301 7.39583 8.6945 8.84757 9.58244 7.21886 5.95134 6.90193 6.70961 6.55556 6.39889 5.70445 4.70556 10.6076 20.9146 9.64002 7.42883 6.15827 6.75177 5.77896 4.66924 4.30157 4.10434 8.73907 11.5542 9.73002 7.02847 4.79332 7.70142
threshold=96.500000000000014 10.500000000000002 35.050000000000004 33.500000000000007 505.00000000000006 1073.5000000000002 35.150000000000013 46.500000000000007 4.5000000000000009 112.50000000000001 55.806250000000006 264.50000000000006 59.500000000000007 158.00000000000003 144.50000000000003 447.00000000000006 1.0000000180025095e-35 171.00000000000003 427.00000000000006 495.00000000000006 176.50000000000003 84.500000000000014 1.5000000000000002 1.5000000000000002 5.5000000000000009 2006.5000000000002 55.972222222222229 2014.5000000000002 511.00000000000006 11.500000000000002
decision_type=2 2 2 2 2 2 2 2 2 2 2 2 2 2 2 2 2 2 2 2 2 2 2 2 2 2 2 2 2 2
left_child=21 13 7 4 12 -6 -5 9 -9 -3 -10 -11 -4 14 18 -16 -17 -15 -2 -20 -19 23 -22 28 -25 26 -26 -27 -1 -30
right_child=1 2 3 6 5 -7 -8 8 10 11 -12 -13 -14 17 15 16 -18 20 19 -21 22 -23 -24 24 25 27 -28 -29 29 -31
leaf_value=-0.0056252652654666842 0.070168313351203923 -0.043260346770518897 0.017346907562929153 0.030638229339590907 -0.003213477639121476 0.02704470811010647 -0.04408395872442665 -0.0034538745480014428 0.020265256772504445 0.015656111502007103 0.098520136281634363 -0.00093058415399031944 -0.0098285250536073177 -0.023670000130169296 0.1653116004558039 0.0056682810706731677 0.060688604065053477 0.051939358897181445 -0.0068589125033328563 0.019456051788851455 0.0012284000884181514 -0.022188514367424153 -0.0083827331411242996 -0.01320546507002752 0.034661647890453041 -0.03321102591191747 0.16490728438902338 0.034943644555686042 -0.011909536376806159 0.02071419900688358
leaf_weight=511.55342778097838 3.2404651567339888 8.5513604134321195 20.279020097106695 3.73916978389025 77.556192079791799 39.487807055935264 23.843785427510738 9.1543491035699862 5.9358500167727453 67.767014171928167 4.8735528588294983 409.59166101366282 404.46475154533982 30.929278252646327 2.7226212937384835 27.00327495415695 11.289396336302159 5.5478183683007947 89.150683335261419 33.548062237212434 3071.2681407654891 32.722302495967597 121.00397647474892 18.42350723023992 3.1374413496814695 5.6522387843579081 2.6409353725612164 11.43696811981499 29.865228085778654 45.882594557479024
leaf_count=4795 29 51 175 27 604 256 210 46 29 392 25 2111 2998 246 16 157 69 35 679 270 20651 333 938 190 28 57 24 109 242 405
internal_value=-0.000289808 0.000225606 -0.00266235 -0.00657106 -0.00517694 0.0069949 -0.0339546 0.00173698 0.0284925 0.000637718 0.0555474 0.0014241 -0.00853106 0.00114007 0.00932526 0.0314098 0.0218893 0.000716827 0.00213289 0.000336076 0.000952697 -0.00377436 0.000864087 -0.00281579 0.0124216 0.0330683 0.0941888 0.0124016 -0.00388707 0.00785158
internal_weight=5132.26 4470.95 1075.24 569.371 541.788 117.044 27.583 505.874 19.9638 485.91 10.8094 477.359 424.744 3395.7 166.955 41.0153 38.2927 3228.75 125.939 122.699 3197.82 661.315 3192.27 628.592 41.2911 22.8676 5.77838 17.0892 587.301 75.7478
internal_count=36197 30014 6924 4270 4033 860 237 2654 100 2554 54 2503 3173 23090 1220 242 226 21870 978 949 21624 6183 21589 5850 408 218 52 166 5442 647
is_linear=0
shrinkage=0.05


Tree=162
num_leaves=31
num_cat=0
split_feature=6 8 17 1 17 17 17 16 14 17 17 7 6 17 13 9 13 6 1 9 9 1 17 17 8 9 9 14 8 8
split_gain=3.65513 11.06 8.35807 6.2064 5.91292 6.17774 6.78854 5.1427 4.47896 4.27341 9.19029 10.026 20.7277 9.84502 9.59055 9.11901 7.18139 4.33022 7.72626 6.93726 5.87237 5.72114 8.69199 5.45326 3.47488 3.42298 9.01606 7.70834 5.92272 5.66326
threshold=2.5000000000000004 34.550000000000004 216.50000000000003 11.500000000000002 1253.5000000000002 705.00000000000011 505.00000000000006 19.500000000000004 8.5000000000000018 136.50000000000003 158.00000000000003 56.750000000000007 4.5000000000000009 144.50000000000003 54.114379084967332 479.00000000000006 56.757352941176478 4.5000000000000009 5.5000000000000009 541.00000000000011 423.00000000000006 10.500000000000002 1253.5000000000002 171.00000000000003 37.250000000000007 463.00000000000006 467.00000000000006 27.500000000000004 37.150000000000013 37.050000000000004
decision_type=2 2 2 2 2 2 2 2 2 2 2 2 2 2 2 2 2 2 2 2 2 2 2 2 2 2 2 2 2 2
left_child=1 4 3 -3 5 6 -1 8 -7 25 11 13 24 14 -11 -15 -14 18 19 -12 -20 23 -23 -19 -13 28 27 -27 29 -2
right_child=9 2 -4 -5 -6 7 -8 -9 -10 10 17 12 16 15 -16 -17 -18 21 20 -21 -22 22 -24 -25 -26 26 -28 -29 -30 -31
leaf_value=0.00027289625712860504 0.0044853909236644051 -0.0095096273349248982 -0.027382735275810307 0.055184119691718617 0.047431328497128999 -0.021341296695626802 0.080168624456108631 -0.05069864235159293 0.042898089864155636 -0.073623854060205204 -0.002114728990313155 -0.041188772649701784 0.058035871614020677 0.083523968108446214 0.020710188341282881 0.022066869735929372 -0.0021538945205808002 -0.02740911015006017 -0.02680561185325895 0.040291070541846719 0.0046381949905792376 -0.010311902677318477 0.012416726352035716 9.2763216868518091e-05 0.013164593050441263 -0.036635767953210677 -0.003767768262631001 0.028259911269590949 -0.01406541540772914 0.05540462407298663
leaf_weight=6.8838316164910811 164.18473829887807 10.941547365859153 65.127950629452243 5.6071068029850712 9.4832927733659726 6.7440738677978533 4.3317119404673576 6.7381798624992362 4.5400421917438507 3.0251359422691193 950.00593040231615 20.437399361282591 12.843761622905733 12.593346480280163 24.636895084753633 11.591819804627447 8.0690875698346627 18.239105734508485 15.026966026052831 9.74336965754628 1250.3336238067131 310.5021484203171 48.65568559570238 1534.4032404311001 3.4347251155413678 35.340559193165973 520.07698681845795 5.2564153783023349 45.891435151454061 5.6484939195215693
leaf_count=33 1274 78 439 44 40 30 20 29 20 20 6138 100 84 76 178 67 57 157 140 53 7252 2559 281 11178 40 339 4637 41 742 51
internal_value=-0.000276845 -0.0088859 -0.0193202 0.0124103 0.0131237 0.00199609 0.0311305 -0.0161347 0.00450473 -6.99541e-05 0.000555408 0.015798 -0.00153077 0.0307664 0.0103938 0.0540679 0.034812 0.000199363 0.00169881 -0.00168423 0.00426478 -0.00154582 -0.00723282 -0.000230305 -0.0333684 -0.00347992 -0.00553925 -0.0282332 0.00187231 0.00617892
internal_weight=5130.34 120.398 81.6766 16.5487 38.7211 29.2378 11.2155 18.0223 11.2841 5009.94 4233.54 96.6322 44.785 51.8472 27.662 24.1852 20.9128 4136.91 2225.11 959.749 1265.36 1911.8 359.158 1552.64 23.8721 776.399 560.674 40.597 215.725 169.833
internal_count=36197 733 561 122 172 132 53 79 50 35464 28380 622 281 341 198 143 141 27758 13583 6191 7392 14175 2840 11335 140 7084 5017 380 2067 1325
is_linear=0
shrinkage=0.05


Tree=163
num_leaves=31
num_cat=0
split_feature=6 8 17 11 17 17 17 16 14 17 17 7 6 17 11 13 13 5 11 14 8 13 13 15 7 15 9 15 15 1
split_gain=3.32941 10.073 7.6849 5.94546 5.36116 5.54923 5.95476 4.69517 4.03598 3.86643 8.1982 8.86669 18.6673 8.53624 9.25702 8.81842 6.21169 4.34062 5.46473 7.13589 5.36552 4.40489 10.4117 8.20648 6.47006 10.9749 4.75174 3.96901 5.41515 5.72239
threshold=2.5000000000000004 34.550000000000004 216.50000000000003 16.500000000000004 1253.5000000000002 705.00000000000011 505.00000000000006 19.500000000000004 8.5000000000000018 136.50000000000003 158.00000000000003 56.750000000000007 4.5000000000000009 144.50000000000003 35.000000000000007 54.114379084967332 56.757352941176478 1.5000000000000002 15.500000000000002 35.500000000000007 38.350000000000001 55.815340909090914 55.935416666666676 188.50000000000003 56.250000000000007 564.50000000000011 539.00000000000011 19.000000000000004 39.500000000000007 7.5000000000000009
decision_type=2 2 2 2 2 2 2 2 2 2 2 2 2 2 2 2 2 2 2 2 2 2 2 2 2 2 2 2 2 2
left_child=1 4 3 -3 5 6 -1 8 -7 17 11 13 -13 15 -15 -11 -14 21 -19 20 -20 24 -23 -24 26 -26 -2 -12 29 -29
right_child=9 2 -4 -5 -6 7 -8 -9 -10 10 27 12 16 14 -16 -17 -18 18 19 -21 -22 22 23 -25 25 -27 -28 28 -30 -31
leaf_value=0.00025923500429671486 -0.002355024886365624 -0.0047263056612740842 -0.026412980625203961 0.065975543417774937 0.04519206386322891 -0.020326879416480814 0.074638795035128033 -0.048625239539385287 0.040630865793420047 -0.072217108577029801 -0.022939946246947469 -0.03207622010088599 0.053667307776599664 0.02404327161981791 0.085968728277205905 0.019454155123633118 -0.0020483323607616197 -0.015518380271213184 0.023383525438460378 -0.046304901684313102 0.10455194813967364 -0.03524237205514618 -0.014383891094374105 0.0018275857428938346 0.0092531900084730067 0.093832158984148234 -0.059314619456897304 0.001254669640011947 8.3884759550696209e-05 0.033975818219778263
leaf_weight=6.8842590451240557 328.46849635161925 12.821583928540351 64.168051358545199 3.8712597973644725 9.4562010467052442 6.727048188447954 4.4176560491323471 6.6758200824260703 4.5533449798822403 2.9322204180061844 18.465623805532232 23.60206335503608 13.185531101888047 14.310056287329646 10.436132568866013 24.908927477430552 8.0609018579125387 13.881743140053002 29.619477285072211 3.4950038094539186 2.1862804059637702 32.623712221626192 143.54855232324917 171.12453767890111 41.7809428924229 4.2231408637017003 3.7027768385596564 29.592444269685075 4063.8099165785825 24.361376344226301
leaf_count=33 3071 93 439 29 40 30 20 29 20 20 145 140 84 90 53 178 57 109 280 39 58 282 1427 1421 329 25 43 234 27213 166
internal_value=-0.000264331 -0.00850969 -0.0185511 0.0116703 0.0124634 0.0018855 0.0293325 -0.01539 0.00427879 -6.74708e-05 0.000526787 0.0148623 -0.00147038 0.0287915 0.0501589 0.00979937 0.0325288 -0.00331523 0.0110594 0.0215109 0.0289629 -0.00428974 -0.00835533 -0.00556782 -0.000556109 0.0170175 -0.00298996 0.00018909 0.000292809 0.016029
internal_weight=5127.9 119.575 80.8609 16.6928 38.7143 29.2581 11.3019 17.9562 11.2804 5008.32 4233.67 97.4358 44.8485 52.5873 24.7462 27.8411 21.2464 774.655 49.1825 35.3008 31.8058 725.472 347.297 314.673 378.175 46.0041 332.171 4136.23 4117.76 53.9538
internal_count=36197 733 561 122 172 132 53 79 50 35464 28380 622 281 341 143 198 141 7084 486 377 338 6598 3130 2848 3468 354 3114 27758 27613 400
is_linear=0
shrinkage=0.05


Tree=164
num_leaves=31
num_cat=0
split_feature=8 9 1 6 17 8 9 13 15 0 14 0 1 13 6 0 4 8 8 6 7 6 13 14 0 2 15 15 7 13
split_gain=3.09267 4.55737 3.12753 5.81816 7.70126 6.79517 10.8958 12.5622 8.87214 6.45682 6.04069 7.65825 6.00109 5.45791 7.26185 5.34009 4.90503 12.3552 8.27776 13.9212 7.89797 5.57626 10.784 8.92286 7.02053 5.80574 7.25094 5.4844 5.06154 7.86725
threshold=40.45000000000001 419.00000000000006 10.500000000000002 4.5000000000000009 1253.5000000000002 35.050000000000004 521.00000000000011 56.577380952380956 50.500000000000007 2014.5000000000002 46.500000000000007 2015.5000000000002 11.500000000000002 53.838541666666679 8.5000000000000018 2003.5000000000002 11.500000000000002 36.350000000000001 39.95000000000001 3.5000000000000004 57.250000000000007 3.5000000000000004 55.972222222222229 5.5000000000000009 2018.5000000000002 5.5000000000000009 82.500000000000014 318.00000000000006 53.500000000000007 55.724747474747481
decision_type=2 2 2 2 2 2 2 2 2 2 2 2 2 2 2 2 2 2 2 2 2 2 2 2 2 2 2 2 2 2
left_child=2 -2 16 5 13 10 8 -8 -7 -6 11 -4 -11 15 -15 -5 17 28 20 -20 -19 22 24 -24 -18 27 -27 -23 29 -1
right_child=1 -3 3 4 9 6 7 -9 -10 12 -12 -13 -14 14 -16 -17 21 18 19 -21 -22 25 23 -25 -26 26 -28 -29 -30 -31
leaf_value=-0.01618991168719109 0.19350188879842034 -0.050626025594649418 -0.0016339051912968598 0.046776184159660228 0.021682995409013597 0.027513163003271626 0.01148736246295652 0.10386964696071653 -0.0083430768423144487 -0.05130115648519297 0.037514276995900965 0.013391565181881499 0.02303094222499049 -0.011524154521568471 0.062617894876449295 -0.0024534770928185123 -6.4020892065308331e-06 -0.01288659419528 0.20638947611753544 -0.051096267762446107 0.011606716056882446 0.0020701704423620368 0.01875039932037785 0.07432675986244533 0.022215703701086009 -0.015541206987549391 -7.7617506051827462e-05 0.011890749473354209 0.0011742572552548847 0.056429942297799955
leaf_weight=69.22832253202796 0.19949151598848303 4.5827755249338225 236.93894754350185 8.0401083789765853 37.608729562256485 18.112839712761343 27.566249389201406 4.246737837791442 362.98949303757399 6.7555599715560657 13.734901651740072 132.07443912141025 4.5401399172842503 365.85477925371379 3.3327021636068812 17.494592355564237 155.15291312010959 314.19549101684242 1.1501859952695661 0.96566875930875529 36.763526862021536 625.42863136646338 24.184989098459482 10.296980906277893 46.102873807772994 84.355004878714681 748.16372951632366 183.98772391770035 1578.2791664954275 3.9418724812567225
leaf_count=531 8 721 1135 67 201 155 157 23 2407 46 62 649 31 3136 40 135 979 3487 30 69 363 4819 139 56 280 716 5111 1147 9474 23
internal_value=-0.000252333 -0.0404423 -0.000214805 -0.00240169 -0.00698978 0.00015643 -0.00429225 0.0238195 -0.00663892 0.0117263 0.00495574 0.0037439 -0.0214245 -0.00930862 -0.0108549 0.0130475 0.000483299 -0.00123681 -0.00972644 0.0888739 -0.0103209 0.00231962 0.00951071 0.0353466 0.00508415 0.00128717 -0.00164447 0.00430248 0.000578247 -0.0122777
internal_weight=5126.27 4.78227 5121.49 1239.29 443.627 795.664 412.915 31.813 381.102 48.9044 382.748 369.013 11.2957 394.722 369.187 25.5347 3882.2 2004.52 353.075 2.11585 350.959 1877.67 235.738 34.482 201.256 1641.94 832.519 809.416 1651.45 73.1702
internal_count=36197 729 35468 8244 3656 4588 2742 180 2562 278 1846 1784 77 3378 3176 202 27224 13977 3949 99 3850 13247 1454 195 1259 11793 5827 5966 10028 554
is_linear=0
shrinkage=0.05


Tree=165
num_leaves=31
num_cat=0
split_feature=12 8 15 15 11 16 11 13 15 9 12 8 0 6 15 15 15 0 16 16 6 9 11 11 12 0 3 15 8 11
split_gain=5.19184 5.68631 9.36427 9.08381 6.51535 7.07258 8.91538 7.82605 8.23456 6.34024 6.70253 5.43102 5.30103 5.0995 4.84457 5.07784 12.1493 4.77028 4.70924 6.72819 8.30687 8.7299 6.57952 8.85827 5.19864 4.32589 7.38094 8.65757 6.76532 5.90166
threshold=81.38181818181819 33.750000000000007 119.50000000000001 91.500000000000014 16.500000000000004 47.500000000000007 41.000000000000007 56.171568627450988 167.00000000000003 495.00000000000006 127.65173611111113 13.750000000000002 2002.5000000000002 3.5000000000000004 137.50000000000003 741.50000000000011 577.50000000000011 2003.5000000000002 6.5000000000000009 14.500000000000002 4.5000000000000009 437.00000000000006 68.000000000000014 37.500000000000007 55.183482142857152 2000.5000000000002 7.5000000000000009 10.500000000000002 35.050000000000004 49.500000000000007
decision_type=2 2 2 2 2 2 2 2 2 2 2 2 2 2 2 2 2 2 2 2 2 2 2 2 2 2 2 2 2 2
left_child=11 2 3 -2 9 7 -7 12 -9 10 17 -1 -6 -12 -4 16 -16 -3 25 22 24 -22 23 -20 -21 26 27 -13 -28 -27
right_child=1 4 14 -5 5 6 -8 8 -10 -11 13 18 -14 -15 15 -17 -18 -19 19 20 21 -23 -24 -25 -26 29 28 -29 -30 -31
leaf_value=0.035037937184870471 0.003069295905215146 0.01375168788219105 -0.048089542091154153 0.091082983563153141 0.010517650052907517 -0.0025762683661845701 0.088043170652402358 -0.027470659817081092 0.0020829885919305641 0.0097527286433092379 0.077749254502813406 0.10203850901488479 -0.02611323832223509 0.0055587167342294455 -0.00036285662279064148 -0.04194288367612032 0.064531380532051985 -0.012931916945587506 -0.0082045682546682142 -0.00016747904240943228 -0.034231280111669649 -0.0028998719930926676 -0.047012547443647967 0.013574559273082355 0.0062878287230534544 0.0020125537140599898 0.030506653362666378 0.019394416290106947 -0.014310713423257612 -0.012191227347178778
leaf_weight=10.982169449329374 5.7266338989138585 19.110474693123251 4.8531538359820834 6.0065184980630875 10.782362859696148 9.6805095076560956 3.77164202928543 31.60879089217633 92.676711945561692 85.888552256161347 3.8082345416769368 3.3815366658382109 117.56738240085542 6.8402319308370352 63.109757984057069 5.7119200825691214 8.1429690122604352 135.55725385737605 434.4713240499841 787.74938704399392 22.719574683811516 1037.1458937420975 9.9125235122628492 52.309470169711858 516.29890216863714 1483.8378207827918 11.282798200845717 50.401525811990723 33.19183277990669 76.922928663901985
leaf_count=47 30 161 30 31 101 63 24 298 671 616 37 37 945 58 327 26 37 1047 3040 4528 164 7363 95 412 3187 11482 60 421 253 719
internal_value=-0.000664274 -0.00499142 0.00635253 0.0481259 -0.00704294 -0.0124952 0.0228311 -0.0143762 -0.00543321 -0.00126771 -0.00699329 -8.08633e-05 -0.023036 0.0313764 0.000361986 0.00341719 0.00705345 -0.00963494 -0.000166198 -0.00139531 -0.000283785 -0.0035715 -0.00668538 -0.00586418 0.00238831 0.00195313 0.0121289 0.0245906 -0.00294097 0.00131251
internal_weight=5141.45 610.843 93.551 11.7332 517.292 266.087 13.4522 252.635 124.286 251.205 165.316 4530.61 128.35 10.6485 81.8178 76.9646 71.2527 154.668 4519.63 2860.61 2363.91 1059.87 496.693 486.781 1304.05 1659.02 98.2577 53.7831 44.4746 1560.76
internal_count=36310 4502 481 61 4021 2102 87 2015 969 1919 1303 31808 1046 95 420 390 364 1208 31761 18789 15242 7527 3547 3452 7715 12972 771 458 313 12201
is_linear=0
shrinkage=0.05


Tree=166
num_leaves=31
num_cat=0
split_feature=12 16 16 6 9 1 9 15 4 12 16 12 9 9 0 17 13 15 12 15 9 9 16 12 12 9 15 1 1 15
split_gain=4.71307 4.68117 6.15175 7.35567 8.09 6.84792 5.83599 5.61093 11.0237 7.65282 4.74723 4.67515 10.025 7.71772 4.21241 9.24558 6.61927 7.07324 9.7989 8.81854 5.1148 6.52196 5.69164 11.5547 7.66907 5.36583 5.88291 5.25692 5.86137 4.57633
threshold=81.38181818181819 6.5000000000000009 14.500000000000002 4.5000000000000009 437.00000000000006 2.5000000000000004 429.00000000000006 319.50000000000006 11.500000000000002 58.982986111111117 29.500000000000004 55.183482142857152 539.00000000000011 521.00000000000011 2003.5000000000002 105.50000000000001 55.559027777777786 156.50000000000003 104.33258928571429 264.50000000000006 497.00000000000006 489.00000000000006 32.500000000000007 106.15277777777779 94.615992647058832 523.00000000000011 357.50000000000006 10.500000000000002 3.5000000000000004 103.50000000000001
decision_type=2 2 2 2 2 2 2 2 2 2 2 2 2 2 2 2 2 2 2 2 2 2 2 2 2 2 2 2 2 2
left_child=1 -1 6 11 10 -6 -3 9 -9 -8 -5 12 -4 -13 15 -2 17 18 -17 -19 21 29 25 24 -24 26 -22 28 -23 -16
right_child=14 2 3 4 5 -7 7 8 -10 -11 -12 13 -14 -15 20 16 -18 19 -20 -21 22 27 23 -25 -26 -27 -28 -29 -30 -31
leaf_value=0.0020246269411369694 -0.032675539210204795 -0.045693723918460848 -0.00081003305070641318 -0.064483825749735754 0.011403064559313638 -0.0038726340324646718 -0.0045844083729317392 -0.0092679982415889688 0.018073555204080907 -0.021524401039550924 -0.016164692045478615 0.0074487881109884151 0.04872134119821394 -0.019045651774834794 -0.022392640485673423 0.13470725398742539 0.005460030092017034 -0.042290877141633341 0.013574337114638419 0.066042980197598508 -0.0068703658840670381 0.012735505784818531 0.017266781807624011 0.068212483652715289 -0.043034731049965295 -0.023336159615607362 0.020429061515408853 0.0040293725397315327 -0.039869755585449071 -0.0043820997311326045
leaf_weight=1671.3263643279206 11.914078021189196 9.2610302136745286 777.34946286771446 7.8343739286065128 79.460215359227732 956.64742687623948 243.05680279748049 86.497604428557679 64.248445695266128 91.871018334059045 14.47563570179045 488.48019930184819 10.351594929117708 29.12537976866588 40.174355525290594 3.8445961815305036 39.580638288054615 3.768540121614933 2.9510056301951408 3.7454788349568844 61.643097341991961 6.125870529562234 22.39679220085964 8.8682261761277896 6.8960832143202415 27.524669407401234 29.027285997290164 12.38908438477665 39.049109371844679 288.90524966607336
leaf_count=13017 157 84 4474 56 569 6796 1715 625 402 721 108 3030 54 157 377 36 268 30 19 33 468 41 143 59 44 186 181 82 280 2098
internal_value=-0.000632567 -7.74533e-05 -0.00130644 -0.00024508 -0.00334257 -0.00270112 -0.00637533 -0.00562559 0.00238506 -0.00923106 -0.0331324 0.00226655 -0.000159115 0.00595796 -0.00476306 0.00718423 0.0159964 0.0451403 0.082105 0.0117098 -0.00621091 -0.00929684 0.00142011 0.0182089 0.00307069 -0.00400043 0.00186929 -0.0248235 -0.0327363 -0.00658084
internal_weight=5138.79 4529.99 2858.66 2363.72 1058.42 1036.11 494.935 485.674 150.746 334.928 22.31 1305.31 787.701 517.606 608.804 65.8043 53.8903 14.3096 6.7956 7.51402 543 386.644 156.356 38.1611 29.2929 118.195 90.6704 57.5641 45.175 329.08
internal_count=36310 31808 18791 15244 7529 7365 3547 3463 1027 2436 164 7715 4528 3187 4502 543 386 118 55 63 3959 2878 1081 246 187 835 649 403 321 2475
is_linear=0
shrinkage=0.05


Tree=167
num_leaves=31
num_cat=0
split_feature=12 16 16 16 12 11 6 3 11 11 11 11 1 17 0 18 13 11 0 0 3 11 11 13 12 11 13 7 17 13
split_gain=4.27739 4.22607 5.58292 6.99619 17.1504 8.32705 7.32421 6.1506 6.0583 7.92951 8.70747 8.43803 5.86377 4.00898 8.72543 6.41594 7.15669 4.20564 3.89979 3.71983 6.51334 5.49969 13.2736 10.5487 7.3335 5.90977 10.3219 4.62722 5.75992 4.83907
threshold=81.38181818181819 6.5000000000000009 14.500000000000002 16.500000000000004 47.443750000000009 27.000000000000004 4.5000000000000009 5.5000000000000009 68.000000000000014 37.500000000000007 32.500000000000007 44.500000000000007 2.5000000000000004 1369.0000000000002 2010.5000000000002 15.500000000000002 56.193750000000009 31.000000000000004 2019.5000000000002 2000.5000000000002 7.5000000000000009 49.500000000000007 58.000000000000007 56.027777777777786 71.361458333333346 27.000000000000004 53.784615384615385 56.750000000000007 47.500000000000007 55.724747474747481
decision_type=2 2 2 2 2 2 2 2 2 2 2 2 2 2 2 2 2 2 2 2 2 2 2 2 2 2 2 2 2 2
left_child=1 19 8 4 7 -6 18 -4 9 10 -3 -11 -8 -2 17 16 -16 -15 -5 20 27 25 24 -24 -23 -21 -27 29 -29 -1
right_child=13 2 3 6 5 -7 12 -9 -10 11 -12 -13 -14 14 15 -17 -18 -19 -20 21 -22 22 23 -25 -26 26 -28 28 -30 -31
leaf_value=0.02418452783867573 -0.005708986444678165 -0.0056358702056216042 0.022829194703474318 0.00061824506828753883 0.01963767081971398 0.064929884570891383 0.0091532653503049802 -0.025035686406342864 -0.045512358453095411 0.072303406958692501 -0.034079600596495577 0.0062616418764120958 -0.0050049400225904567 0.019994641134557796 0.034795751959992675 -0.047882785544401785 -0.023268926516604421 0.071824745490649169 0.0083584481260004905 0.00033329815214509822 -0.0029049924452993667 -0.040530118084624055 0.018837559921286703 -0.069520076424542374 0.021388675920095905 0.071423810848368116 0.0066868892287781758 0.0094512429828367463 0.07235087316703942 -0.015829916896929312
leaf_weight=29.436623582616448 560.89127649297006 402.09805829229299 9.0723096132278425 1069.4380987621844 32.999559122137725 14.654733214760197 79.301313544390723 25.79245809558779 9.5532928013708425 5.3898571208119384 28.836176075972617 47.122074518585578 939.8650028196862 11.696196746081116 10.872893273830419 7.2991175577044478 10.36617064848542 5.8822536543011656 191.94026675773785 1169.0952821032843 44.392351832706481 34.065479107201099 33.146414130693302 3.7612549872137597 5.5628512501716605 6.277356974547728 322.15701237414032 6.1799921113997689 8.854337335098533 10.164557418785988
leaf_count=267 4271 2811 52 6349 198 103 568 154 95 36 229 376 6711 56 57 36 53 29 1109 8801 313 296 327 42 54 56 2670 53 58 80
internal_value=-0.000602434 -7.41971e-05 -0.00124317 -0.00023345 0.0140688 0.033566 -0.000750963 -0.0125806 -0.00608302 -0.00530386 -0.0075392 0.0130402 -0.00390329 -0.00454384 0.00962714 -0.007442 0.00645607 0.0373385 0.00179605 0.00192131 0.0113208 0.00132997 -0.0117432 0.00983305 -0.0318382 0.00199812 0.0079242 0.0228795 0.0464954 0.0139139
internal_weight=5136.16 4529.16 2856.06 2363.06 82.5191 47.6543 2280.54 34.8648 492.999 483.446 430.934 52.5119 1019.17 607.008 46.1166 28.5382 21.2391 17.5785 1261.38 1673.09 99.0279 1574.07 76.536 36.9077 39.6283 1497.53 328.434 54.6355 15.0343 39.6012
internal_count=36310 31808 18791 15244 507 301 14737 206 3547 3452 3040 412 7279 4502 231 146 110 85 7458 13017 771 12246 719 369 350 11527 2726 458 111 347
is_linear=0
shrinkage=0.05


Tree=168
num_leaves=31
num_cat=0
split_feature=12 8 15 15 7 11 17 6 9 9 9 9 9 12 8 9 11 17 6 8 15 8 16 16 16 11 0 7 11 17
split_gain=3.87221 5.28104 8.53049 7.67755 6.23138 5.97083 7.43522 6.87675 10.1073 8.46756 6.45811 7.82048 5.37753 6.0334 4.85034 4.6695 4.44022 4.42583 4.3075 3.89141 3.74116 3.50724 3.47959 5.02906 6.28477 5.65996 3.56626 5.7364 4.87336 3.12894
threshold=81.38181818181819 33.750000000000007 119.50000000000001 91.500000000000014 54.250000000000007 16.500000000000004 908.00000000000011 3.5000000000000004 497.00000000000006 475.00000000000006 445.00000000000006 493.00000000000006 495.00000000000006 127.65173611111113 13.750000000000002 443.00000000000006 15.500000000000002 11.500000000000002 3.5000000000000004 40.45000000000001 125.50000000000001 33.45000000000001 6.5000000000000009 14.500000000000002 16.500000000000004 68.000000000000014 2000.5000000000002 51.500000000000007 49.500000000000007 15.500000000000002
decision_type=2 2 2 2 2 2 2 2 2 2 2 2 2 2 2 2 2 2 2 2 2 2 2 2 2 2 2 2 2 2
left_child=14 2 3 -2 -4 12 10 9 -9 -8 -7 -12 13 16 29 -6 -3 -14 -15 22 -19 -17 26 25 -25 -24 27 -16 -28 -1
right_child=1 5 4 -5 15 6 7 8 -10 -11 11 -13 17 18 19 21 -18 20 -20 -21 -22 -23 23 24 -26 -27 28 -29 -30 -31
leaf_value=0.0015652622505879109 0.0042870086303268056 -0.023322364637036873 -0.053488432155319968 0.084916241470887721 0.047561377389878104 -0.051443267813553385 0.0063072951300936365 -0.0047450505044605981 0.038223276304793684 -0.037808895050208804 -0.0075633199739870843 -0.032846725316114121 0.067763840789022492 0.071669743835951955 -0.048107746454150807 -0.0087443193548586221 -0.0037014362105976134 0.029286540508859562 0.0060025929902151895 -0.050471605642968959 0.0020405951293120655 0.013780292925726363 -0.0050281171985364611 0.013306703018846112 -0.00070446873609732435 -0.04441768959438893 0.0017558757742514976 0.013345731161043765 -0.011224720761728556 0.055572846946528622
leaf_weight=4.6011236459016782 5.6678987294435483 38.575878475792706 4.9550864920020095 6.1624450907111168 5.7844835296273223 13.581350677646695 20.984221601858735 41.707333845319226 20.370592118706554 22.581678779330105 99.080823233351111 44.241046715062112 3.1234013717621556 3.9445195090956968 3.9549538386054328 40.630280319601297 114.17740330460947 15.496172310318796 6.8065317119471729 3.8389514365699133 67.394333284115419 30.073417663574219 481.68233562540263 82.950419457629323 2277.2498306792695 9.2959128422662598 1487.111957185436 95.32277759956196 76.002277444116771 6.4290451258420944
leaf_count=20 30 283 31 31 29 167 148 278 120 137 871 381 37 37 38 206 925 128 58 686 451 154 3391 499 14471 91 11179 701 705 27
internal_value=-0.000573745 -0.00432957 0.00661285 0.0462869 0.00084985 -0.00632276 -0.0115862 -0.0013319 0.00935481 -0.0165596 -0.0184905 -0.0153679 -0.000784448 -0.00610835 -7.16849e-05 0.00437001 -0.00865645 0.00933579 0.0300956 -0.000152544 0.00713416 0.000836397 -0.000109746 -0.0011698 -0.000212039 -0.0057739 0.00170836 0.0108976 0.00112473 0.0330441
internal_weight=5133.78 605.339 93.2736 11.8303 81.4433 512.065 262.547 105.644 62.0779 43.5659 156.903 143.322 249.518 163.504 4528.44 76.4882 152.753 86.0139 10.7511 4517.41 82.8905 70.7037 4513.57 2851.18 2360.2 490.978 1662.39 99.2777 1563.11 11.0302
internal_count=36310 4502 481 61 420 4021 2102 683 398 285 1419 1252 1919 1303 31808 389 1208 616 95 31761 579 360 31075 18452 14970 3482 12623 739 11884 47
is_linear=0
shrinkage=0.05


Tree=169
num_leaves=31
num_cat=0
split_feature=11 14 14 0 11 11 14 16 0 11 0 12 12 13 7 18 16 13 0 12 16 15 15 14 0 14 12 15 0 15
split_gain=3.60293 5.21927 7.66353 9.91984 8.66837 11.3642 6.09658 6.14482 15.2874 6.54851 6.06766 10.5191 6.02273 5.93985 5.90455 8.46157 7.00059 4.76288 6.08106 4.62877 6.5766 5.51647 7.20477 6.81928 6.70674 5.3892 4.60908 4.47641 3.98566 3.51504
threshold=16.500000000000004 43.500000000000007 37.500000000000007 2001.5000000000002 58.000000000000007 49.500000000000007 30.500000000000004 1.0000000180025095e-35 2021.5000000000002 19.000000000000004 2002.5000000000002 39.80187500000001 34.118750000000013 55.781746031746039 55.750000000000007 9.5000000000000018 30.500000000000004 57.292857142857152 2020.5000000000002 56.282307692307704 21.500000000000004 307.50000000000006 245.00000000000003 1.5000000000000002 2020.5000000000002 37.500000000000007 34.555902777777781 7.5000000000000009 2003.5000000000002 45.500000000000007
decision_type=2 2 2 2 2 2 2 2 2 2 2 2 2 2 2 2 2 2 2 2 2 2 2 2 2 2 2 2 2 2
left_child=19 2 6 -4 5 -5 7 8 -2 -9 11 -8 -12 14 15 16 -3 18 26 29 27 22 28 -23 -24 -25 -15 -21 -22 -1
right_child=1 13 3 4 -6 -7 10 9 -10 -11 12 -13 -14 17 -16 -17 -18 -19 -20 20 21 23 24 25 -26 -27 -28 -29 -30 -31
leaf_value=0.010120311514955745 0.032306658707875704 0.020771844511645654 0.097004690958959583 0.0056233749829404066 -0.057856068692267816 0.058853683999027788 -0.043722418501055543 -0.0065415725906087588 -0.047334938263313635 -1.4109830384907384e-05 0.026550438086808049 0.053679867464007713 -0.018429198280965425 0.042285121587460534 -0.053154407549877859 -0.045845219763351097 -0.045232161666453802 -0.065155608561678277 0.054364028878377005 -0.046680029713673715 0.027741763977655477 -0.069930190953889748 0.021271995840102226 0.006959265264491173 0.071208985888816315 -0.017595530480559143 -0.0086681172827072599 0.00048686685775259277 0.0055348230673817542 -0.0013521666297841087
leaf_weight=69.512104111723602 33.265949923545122 16.414993212791163 3.3783707283437243 68.393486037151888 4.5045517077669492 11.749249469954519 4.1685942970216265 525.16186586895492 7.3583271801471701 1431.8056661832379 7.9476017449051133 8.2731148102320713 117.0307153374888 4.8862001132220021 13.905638749711214 13.445810025557874 5.3190479557961217 2.8640768639743319 4.871495869010686 5.0711221497040233 22.725093872286379 3.3744771368801585 53.68022160185501 110.79276583413593 7.6864282889291635 27.991016461048275 48.410586276091635 625.20177290565334 182.21417598496191 1690.1068317231257
leaf_count=558 185 132 20 446 44 74 25 3871 58 10662 55 56 827 29 102 122 43 26 35 75 150 20 341 658 49 174 369 4828 1319 10957
internal_value=-0.000546298 -0.00199726 -0.00147093 0.012987 0.00963378 0.0134272 -0.00206702 -0.00136624 0.0178811 -0.00176579 -0.0122539 0.0210452 -0.0155689 -0.0126227 -0.0255716 -0.0146689 0.00461845 -0.00220853 0.000890847 0.000663452 0.00331017 0.0082522 0.0124976 0.000299255 0.0275268 0.00200686 -0.00399677 0.000107366 0.00799728 -0.000898957
internal_weight=5131.51 2333.16 2223.04 88.0257 84.6473 80.1427 2135.01 1997.59 40.6243 1956.97 137.42 12.4417 124.978 110.118 49.0855 35.1799 21.734 61.0324 58.1683 2798.36 1038.74 408.464 266.306 142.158 61.3666 138.784 53.2968 630.273 204.939 1759.62
internal_count=36310 17181 16323 584 564 520 15739 14776 243 14533 963 81 882 858 399 297 175 459 433 19129 7614 2711 1859 852 390 832 398 4903 1469 11515
is_linear=0
shrinkage=0.05


Tree=170
num_leaves=31
num_cat=0
split_feature=6 1 9 9 3 8 15 15 15 7 8 15 1 17 0 12 13 9 17 17 18 2 17 17 8 0 17 17 1 15
split_gain=3.98037 5.67271 7.42861 6.12893 4.72041 12.2188 8.18534 7.66394 13.4674 9.52798 8.80911 8.01945 7.69915 7.09574 10.7553 6.67995 6.01778 7.76691 5.48419 5.63473 5.34963 4.65214 5.15371 6.8011 4.36458 8.09735 5.14739 4.5711 4.24108 11.858
threshold=4.5000000000000009 2.5000000000000004 533.00000000000011 543.00000000000011 5.5000000000000009 36.95000000000001 73.500000000000014 167.00000000000003 175.00000000000003 52.500000000000007 35.050000000000004 287.50000000000006 5.5000000000000009 6.5000000000000009 2007.5000000000002 36.906666666666673 57.379807692307701 529.00000000000011 23.500000000000004 51.500000000000007 8.5000000000000018 1.0000000180025095e-35 264.50000000000006 638.50000000000011 36.750000000000007 2000.5000000000002 886.00000000000011 1369.0000000000002 2.5000000000000004 381.50000000000006
decision_type=2 2 2 2 2 2 2 2 2 2 2 2 2 2 2 2 2 2 2 2 2 2 2 2 2 2 2 2 2 2
left_child=4 2 24 -4 5 7 16 9 12 10 -1 -10 -9 14 -7 -11 17 20 -15 -20 -6 22 -3 -24 25 -2 -26 -27 29 -8
right_child=1 21 3 -5 6 13 28 8 11 15 -12 -13 -14 18 -16 -17 -18 -19 19 -21 -22 -23 23 -25 26 27 -28 -29 -30 -31
leaf_value=0.10968966407316981 0.079689803450030169 -0.011047907467830451 0.074834876038856177 -0.0093842790196319182 0.025640748336930166 -0.028892733055009424 0.033465919024172883 0.09000416835098389 0.0089030933875470335 0.010894250675969467 -0.0040594813175191318 -0.0023016527984972618 0.013737637806104106 -0.056829651517413676 0.14469235758872703 -0.01206646139586859 0.087064267635008255 -0.060134777998228063 0.043573676496291174 -0.016641893289464922 0.0051634333060717064 -0.0028316203407141101 0.098690380972964023 0.015897884915423093 -0.020334216362040011 0.010171036065098726 0.010563282564126836 -0.028243783974908288 0.0011455096579160587 -0.043060917003855094
leaf_weight=3.3163957670330992 3.9962327629327765 6.9715397439431426 6.8927376982755941 3.1463307777885348 60.574200765695423 1.8676812457852059 27.100656507071108 6.8296659886836988 264.69101764075458 37.264742568135262 3.4966225698590279 402.56041073519737 6.4195769354701042 8.243961153784765 1.7088063035625962 211.24873730540276 2.7882907651364794 3.5483212280087164 4.0105694599915287 124.12448820262216 67.364914915757254 2116.4345040597254 3.7416911917971429 7.3590151411481202 32.068423617165536 101.14781760424376 23.254602985456586 8.3859937489032728 1561.5920925117098 6.2247075587511054
leaf_count=18 22 66 51 30 417 31 188 38 1481 205 28 2148 33 126 21 1336 17 26 71 1518 504 16863 32 54 434 621 219 42 9614 33
internal_value=-0.000363797 -0.00189914 0.00665337 0.0484399 0.000902473 -0.00169801 0.00252031 0.000362705 0.00313431 -0.00702424 0.0513106 0.00214314 0.0530512 -0.0154772 0.0540443 -0.00862349 0.0143763 0.0128349 -0.0173004 -0.0147572 0.0148586 -0.00261592 0.0226447 0.0438046 0.00416897 0.00978054 -0.00734669 0.00722997 0.00152216 0.0191718
internal_weight=5118.37 2313.4 178.892 10.0391 2804.98 1075.78 1729.19 935.827 680.501 255.326 6.81302 667.251 13.2492 139.956 3.57649 248.513 134.276 131.487 136.379 128.135 127.939 2134.51 18.0722 11.1007 168.853 113.53 55.323 109.534 1594.92 33.3254
internal_count=36287 18434 1419 81 17853 7054 10799 5287 3700 1587 46 3629 71 1767 52 1541 964 947 1715 1589 921 17015 152 86 1338 685 653 663 9835 221
is_linear=0
shrinkage=0.05


Tree=171
num_leaves=31
num_cat=0
split_feature=11 14 14 14 4 17 8 17 2 14 18 18 13 17 13 8 8 17 13 13 14 0 1 8 1 13 16 16 17 16
split_gain=3.90039 4.16167 6.02345 4.74878 3.40883 8.60427 8.47088 9.32832 7.90768 8.37502 7.71734 7.57109 5.5179 4.67519 5.95727 6.59326 7.40094 4.91557 7.15915 10.6926 4.33822 4.14501 12.8161 3.80704 6.4775 6.12679 3.26086 4.44061 4.3057 3.7698
threshold=9.5000000000000018 30.500000000000004 22.500000000000004 40.500000000000007 11.500000000000002 26.500000000000004 36.350000000000001 28.500000000000004 5.5000000000000009 23.500000000000004 1.5000000000000002 5.5000000000000009 55.696153846153855 1408.5000000000002 56.815340909090914 34.350000000000001 36.95000000000001 1369.0000000000002 56.184659090909101 54.362373737373751 10.500000000000002 2000.5000000000002 5.5000000000000009 36.650000000000013 9.5000000000000018 56.894444444444453 31.500000000000004 11.500000000000002 37.500000000000007 39.500000000000007
decision_type=2 2 2 2 2 2 2 2 2 2 2 2 2 2 2 2 2 2 2 2 2 2 2 2 2 2 2 2 2 2
left_child=1 2 26 -3 5 21 7 12 11 -10 -9 -8 -7 17 15 -15 -17 23 19 -19 -20 22 -2 25 -25 -6 27 28 -1 -28
right_child=4 3 -4 -5 13 6 8 10 9 -11 -12 -13 -14 14 -16 16 -18 18 20 -21 -22 -23 -24 24 -26 -27 29 -29 -30 -31
leaf_value=0.055435567421517451 -0.047294035234950876 -0.05483351662945684 0.077587952065527488 0.020563980207012111 0.0016868173452697982 0.010453750717473264 0.012284642763019153 -0.0074776028223741495 -0.0098274852019923677 -0.035587366153667317 0.0011790571639302477 -0.0072380140433127727 0.10724870379003144 -0.049984043640854021 -0.064164103277833909 0.0093070376499104334 -0.034889135602885001 0.054604216580362436 0.051474457383803067 -0.0092927982841348022 0.008663762714988062 -0.021461953065984335 0.083452005889857392 0.0012369546686104632 -0.0075973027614460245 0.01654015342405088 -0.043888451175600751 0.051109896855669849 -0.0024321384428184637 0.017392966079644759
leaf_weight=4.0051314011216226 3.7777949082665137 4.3919122358784062 4.0489811748266211 3.9816792104393244 1321.4906655885279 2.7261314392089835 71.210062821162865 301.40860717743635 162.98103325255215 39.127907277317718 1765.6387869631872 164.11415003635921 3.2013273946940899 8.0749382972717267 5.1212178023997685 39.109013222157955 12.499865646241231 7.9812860153615466 15.866526234894993 36.44038550183177 9.4374385401606542 73.128637315356173 3.7198749571107328 636.18350266222842 307.92729368165601 73.276061456650496 4.6709245005622488 9.0493102520704252 16.283419566694647 5.423489011824131
leaf_count=19 38 23 18 20 7427 22 823 1884 2140 478 10613 1721 25 38 29 186 101 38 76 175 45 659 31 6247 2842 380 27 45 90 27
internal_value=-0.000347069 0.0132962 0.0195122 -0.0189817 -0.000486762 -0.00175418 -0.00123781 9.63889e-05 -0.00756052 -0.0148145 -8.32225e-05 -0.00133038 0.0627312 0.000840925 -0.0124116 -0.00797098 -0.00139744 0.00119749 0.0142797 0.00218764 0.0355077 -0.0178319 0.017574 0.000807492 -0.00164439 0.00246716 0.0135489 0.0219829 0.00899144 -0.0109634
internal_weight=5116.3 51.8548 43.4813 8.37359 5064.44 2591.03 2510.41 2072.97 437.433 202.109 2067.05 235.324 5.92746 2473.41 64.805 59.6838 51.6089 2408.6 69.7256 44.4217 25.304 80.6263 7.49767 2338.88 944.111 1394.77 39.4323 29.3379 20.2886 10.0944
internal_count=36287 269 226 43 36018 18434 17706 12544 5162 2618 12497 2544 47 17584 354 325 287 17230 334 213 121 728 69 16896 9089 7807 208 154 109 54
is_linear=0
shrinkage=0.05


Tree=172
num_leaves=31
num_cat=0
split_feature=6 1 8 0 16 7 3 8 15 15 15 7 8 15 1 0 17 13 17 13 17 17 1 15 2 16 8 17 8 8
split_gain=3.60277 5.13302 4.53274 6.44593 4.7678 4.33774 4.26827 10.9593 7.3233 7.0098 11.8519 8.46076 7.44801 7.12532 6.65593 6.30374 6.25662 9.03044 5.35603 5.18259 5.01819 4.83806 8.55687 8.43497 4.15092 5.04948 8.35754 8.55594 4.77426 4.13238
threshold=4.5000000000000009 2.5000000000000004 36.750000000000007 2000.5000000000002 28.500000000000004 54.250000000000007 5.5000000000000009 36.95000000000001 73.500000000000014 167.00000000000003 175.00000000000003 52.500000000000007 35.050000000000004 287.50000000000006 5.5000000000000009 2016.5000000000002 6.5000000000000009 56.118055555555564 23.500000000000004 57.379807692307701 51.500000000000007 705.00000000000011 10.500000000000002 72.500000000000014 1.0000000180025095e-35 5.5000000000000009 35.550000000000004 898.50000000000011 35.250000000000007 37.850000000000001
decision_type=2 2 2 2 2 2 2 2 2 2 2 2 2 2 2 2 2 2 2 2 2 2 2 2 2 2 2 2 2 2
left_child=6 2 3 -2 5 -5 7 9 19 11 14 12 -1 -12 -11 -13 17 -9 -18 21 -20 22 -8 -23 25 28 -27 -28 -3 -4
right_child=1 24 29 4 -6 -7 8 16 -10 10 13 15 -14 -15 -16 -17 18 -19 20 -21 -22 23 -24 -25 -26 26 27 -29 -30 -31
leaf_value=0.099513683094480679 0.073201551771194473 0.038567298746029856 -0.01514025048271378 -0.013618572268183094 -0.0046911729483745147 0.021298259907460763 -0.0048579337683701531 -0.029104102898667147 0.0014636137667976422 0.083118057192213532 0.0084020608448101084 -0.01510198302331377 -0.003935415042181689 -0.0021519590869355453 0.012793846218400136 0.0010519266902678584 -0.056496871878730051 0.12701086080251303 0.04007897836089816 0.079928705602886951 -0.015855242078318704 0.020385962807919294 0.02538892081003661 0.10533416362143544 -0.0026823856501620585 -0.008678703389952358 0.14392192243218732 0.022726414552450436 -0.038806975898531965 0.012737416021613582
leaf_weight=3.4689389839768401 4.1322057694196692 3.3378362804651278 37.201685143634677 10.227868940681217 38.736975785344839 68.242211639881134 61.568682500626892 1.8433393668383353 1595.0458852637094 7.0172494389116746 265.57354135811329 142.83379792794585 3.4907720424234867 401.99237574543804 6.4640218839049339 104.63313025422394 7.8847672613337627 1.8620240967720745 4.1456666300073257 2.8810367509722701 122.4271554206498 29.736300490098074 37.700808921363205 3.2407065145671359 2112.0804866141407 4.198384687304495 2.9384458938147873 2.8869940286967903 4.9506668588146567 20.684076423291117
leaf_count=18 22 21 315 82 224 394 496 28 9835 38 1481 919 28 2148 33 622 126 24 71 17 1518 182 250 19 16863 24 27 24 56 382
internal_value=-0.000330892 -0.00179319 0.00633356 0.0118256 0.00966179 0.0167472 0.000873667 -0.00160283 0.00241043 0.000338562 0.00298401 -0.00674276 0.0476269 0.00204668 0.0493989 -0.00827184 -0.0147476 0.049347 -0.0165139 0.0135866 -0.0140232 0.0121413 0.00662929 0.028734 -0.00247688 0.0212257 0.0451007 0.0838594 -0.00764783 -0.00517884
internal_weight=5113.43 2309.62 179.225 121.339 117.207 78.4701 2803.81 1073.64 1730.17 935.474 681.047 254.427 6.95971 667.566 13.4813 247.467 138.163 3.70536 134.458 135.128 126.573 132.246 99.2695 32.977 2130.39 18.3123 10.0238 5.82544 8.2885 57.8858
internal_count=36287 18434 1419 722 700 476 17853 7054 10799 5287 3700 1587 46 3629 71 1541 1767 52 1715 964 1589 947 746 201 17015 152 75 51 77 697
is_linear=0
shrinkage=0.05


Tree=173
num_leaves=31
num_cat=0
split_feature=11 14 14 14 6 1 8 2 16 16 8 15 16 3 8 15 15 7 15 17 13 17 15 18 13 8 15 16 17 17
split_gain=3.49448 3.72455 5.39935 4.36636 3.52479 4.8698 4.19399 3.76138 4.36349 7.07365 4.34806 3.56407 3.5605 3.46622 10.3048 7.14122 10.3992 7.65156 6.87325 5.59629 7.69778 5.14656 4.81377 4.8475 4.06986 4.95978 4.1419 2.91162 10.1037 6.15737
threshold=9.5000000000000018 30.500000000000004 22.500000000000004 40.500000000000007 4.5000000000000009 2.5000000000000004 33.750000000000007 1.0000000180025095e-35 5.5000000000000009 16.500000000000004 35.250000000000007 52.000000000000007 28.500000000000004 5.5000000000000009 36.95000000000001 167.00000000000003 175.00000000000003 52.500000000000007 73.500000000000014 6.5000000000000009 56.483333333333341 23.500000000000004 6.5000000000000009 9.5000000000000018 54.189903846153854 35.350000000000001 695.00000000000011 22.500000000000004 430.00000000000006 1150.5000000000002
decision_type=2 2 2 2 2 2 2 2 2 2 2 2 2 2 2 2 2 2 2 2 2 2 2 2 2 2 2 2 2 2
left_child=1 2 -1 -3 13 6 -6 8 10 -10 -7 -8 -13 14 15 17 -17 -2 22 20 -16 -21 -15 -24 25 -20 -26 29 -29 -9
right_child=4 3 -4 -5 5 7 11 27 9 -11 -12 12 -14 18 19 16 -18 -19 24 21 -22 -23 23 -25 26 -27 -28 28 -30 -31
leaf_value=0.012781694021974925 0.044416377298957699 -0.053027745578035038 0.07320461916494915 0.019548214053838595 0.051563677781418238 0.035891154796724174 -0.027080988894382093 -0.00040776747588917379 0.10744369363249658 0.015523964895927032 -0.037926908836170392 0.01144543919412342 -0.0041190084619734816 -0.03646559833374418 -0.012359561973494495 0.046217137854266149 0.0021762831132140156 -0.0083050076576405736 0.017751263028350273 -0.056162156433618153 0.13262782219039224 -0.013634410781961207 0.025369614614235876 0.0059446411393376843 -0.0003782442203788821 0.00042200647829639213 0.01042316718413713 -0.023352615976433601 -0.0034107223888696645 -0.0138565081473633
leaf_weight=39.544655547942966 7.0821832679212084 4.3072350108996016 4.0785734802484503 3.9941821582615376 4.9118443243205538 3.4055583700537699 8.3893062355928105 1221.2129032672383 2.9158315192908031 7.4166783730033785 4.8157272709067911 111.58582152659073 54.783203507540748 4.7437995085492721 2.3013678309507664 13.681084670126436 661.4540333840996 243.50696991942823 78.467142954468727 7.5437913241330525 1.5201983430888502 124.85937571339309 59.117302548605949 70.321164526510984 1319.4710384679493 87.1469880877994 95.152329158037901 69.833644663682207 702.13748557155486 91.483946776948869
leaf_count=208 46 23 18 20 24 21 86 10219 21 54 56 903 406 60 37 71 3599 1527 389 126 15 1585 385 511 8204 647 516 672 5120 718
internal_value=-0.000315692 0.0125893 0.018431 -0.0181082 -0.00044814 -0.00190356 0.00599754 -0.00257852 0.0198346 0.0414637 -0.00734876 0.00471683 0.00632026 0.000748594 -0.00149615 0.000393259 0.00306874 -0.00681499 0.00213904 -0.0143357 0.0453156 -0.0160575 0.0130034 0.0148164 0.00121651 0.00863252 0.000348295 -0.002778 -0.0052147 -0.00134503
internal_weight=5111.19 51.9246 43.6232 8.30142 5059.26 2282.89 179.67 2103.22 18.5538 10.3325 8.22129 174.758 166.369 2776.37 1061.95 925.724 675.135 250.589 1714.42 136.225 3.82157 132.403 134.182 129.438 1580.24 165.614 1414.62 2084.67 771.971 1312.7
internal_count=36287 269 226 43 36018 18300 1419 16881 152 75 77 1395 1309 17718 7006 5243 3670 1573 10712 1763 52 1711 956 896 9756 1036 8720 16729 5792 10937
is_linear=0
shrinkage=0.05


Tree=174
num_leaves=31
num_cat=0
split_feature=11 17 15 15 8 6 6 8 18 11 6 3 8 12 9 16 12 15 7 12 16 12 11 12 8 17 12 3 11 12
split_gain=3.14662 3.229 5.9749 4.33774 3.79471 3.89335 5.27424 4.98678 3.59788 3.55541 3.1842 4.61976 6.47763 5.72359 7.2353 5.07806 7.70177 7.52255 5.11133 5.00165 4.60507 8.29047 6.13262 3.96312 6.48788 5.63967 8.48684 7.36741 6.5541 9.92953
threshold=9.5000000000000018 819.00000000000011 283.50000000000006 150.00000000000003 33.750000000000007 3.5000000000000004 4.5000000000000009 35.250000000000007 10.500000000000002 8.5000000000000018 4.5000000000000009 7.5000000000000009 37.550000000000004 90.438125000000014 503.00000000000006 22.500000000000004 92.237500000000011 242.50000000000003 52.500000000000007 25.73721590909091 47.500000000000007 38.055902777777781 29.000000000000004 45.172836538461546 33.150000000000013 26.500000000000004 62.721875000000004 7.5000000000000009 16.500000000000004 45.690625000000004
decision_type=2 2 2 2 2 2 2 2 2 2 2 2 2 2 2 2 2 2 2 2 2 2 2 2 2 2 2 2 2 2
left_child=1 2 3 9 -3 -6 -7 -8 -4 -1 23 15 13 -13 -15 16 18 -18 -12 -14 22 -22 -17 24 -2 26 27 -25 -27 -30
right_child=10 4 8 -5 5 6 7 -9 -10 -11 11 12 19 14 -16 20 17 -19 -20 -21 21 -23 -24 25 -26 28 -28 -29 29 -31
leaf_value=0.026262652761035885 0.042154595934285347 0.078449751750981567 0.0013480184496081678 0.038598837395383417 -0.017129181600450582 0.079644451085519999 0.048157296359270699 -0.021888166389627876 -0.061190956940711839 -0.035512082985517321 -0.019087501158646929 -0.004304466288338883 0.058637630069259844 0.0029205603110222006 0.053666251770686825 -0.0014435558649915738 -0.033621463762251842 0.0018978578306113932 0.0040859906811662348 -0.018853893615129957 -0.025086754940000261 0.016176907071821251 -0.012856273851914249 -0.017184317727175321 0.0030150718415404829 0.0033439524952675994 -0.0279916740984761 0.016240756357841276 -0.039609565872950718 -0.0020165919295131686
leaf_weight=4.1755292564630562 10.719227865338324 2.9946350306272533 4.2739077508449537 10.412957959808407 5.6311609055846956 4.124841507524251 5.0069246143102628 5.1592473220080137 4.978910818696022 5.2675709193572402 24.508180433884263 654.83238689415157 2.129852673970162 27.321852313354611 9.4550352208316308 334.04889224469662 28.694926339900121 31.02176811080426 818.07451411453076 93.282539495849051 15.280354399234055 59.851002820301801 181.75263460155111 32.039479445898905 864.46868149004877 835.08375100791454 45.838439273415133 33.959631768288091 17.901174198836088 936.16682818904519
leaf_count=20 46 13 20 58 27 19 23 30 27 32 321 4488 23 217 66 2557 302 209 6573 1549 95 389 1511 263 5171 5014 473 271 97 6383
internal_value=-0.000301045 0.0119327 0.000880251 0.0163439 0.0259716 0.0180832 0.0319581 0.0126098 -0.032304 -0.00819667 -0.000426918 -0.00181138 -0.00491135 -0.00322652 0.0159669 -0.000177505 0.00218215 -0.0151698 0.00341194 -0.0171241 -0.00378048 0.00778463 -0.00546505 0.000710227 0.00349445 -0.000571589 -0.0114643 1.44473e-05 0.000109301 -0.00272195
internal_weight=5108.46 52.0257 29.1089 19.8561 22.9168 19.9222 14.291 10.1662 9.25282 9.4431 5056.43 2280.25 787.022 691.609 36.7769 1493.23 902.299 59.7167 842.583 95.4124 590.933 75.1314 515.802 2776.18 875.188 1900.99 111.838 65.9991 1789.15 954.068
internal_count=36287 269 157 110 112 99 72 53 47 52 36018 18300 6343 4771 283 11957 7405 511 6894 1572 4552 484 4068 17718 5217 12501 1007 534 11494 6480
is_linear=0
shrinkage=0.05


Tree=175
num_leaves=31
num_cat=0
split_feature=8 17 6 8 3 17 14 8 11 8 12 5 5 15 11 15 15 17 15 15 9 11 8 15 9 12 14 6 15 9
split_gain=4.50109 7.88043 5.65326 8.27253 11.1194 8.28765 9.2203 6.16008 7.37308 6.11924 4.69271 5.44125 5.06408 9.18623 9.63022 9.05209 5.16315 6.94693 5.311 3.93051 14.661 12.7487 8.20961 5.77671 9.42246 8.00799 6.49284 5.66444 8.19693 5.59418
threshold=33.650000000000013 9.5000000000000018 2.5000000000000004 36.150000000000013 5.5000000000000009 237.00000000000003 1.5000000000000002 34.750000000000007 12.500000000000002 34.250000000000007 16.820129870129872 1.0000000180025095e-35 1.0000000180025095e-35 268.00000000000006 27.000000000000004 229.50000000000003 793.50000000000011 225.00000000000003 38.500000000000007 129.50000000000003 467.00000000000006 23.000000000000004 33.350000000000001 387.50000000000006 451.00000000000006 72.690972222222243 41.500000000000007 3.5000000000000004 497.50000000000006 483.00000000000006
decision_type=2 2 2 2 2 2 2 2 2 2 2 2 2 2 2 2 2 2 2 2 2 2 2 2 2 2 2 2 2 2
left_child=1 -1 3 4 7 6 -6 8 -2 -7 11 -4 16 15 -15 -14 18 -18 -12 20 -3 22 -22 24 25 -21 -26 28 -25 -29
right_child=2 19 10 -5 5 9 -8 -9 -10 -11 12 -13 13 14 -16 -17 17 -19 -20 23 21 -23 -24 27 26 -27 -28 29 -30 -31
leaf_value=-0.034554496425423041 -0.044106113075820685 -0.017950024315999912 0.0094865133834168888 -0.045679991023043043 0.012905237790954158 0.029322765419413272 0.10718644610432015 -0.064104913818498629 0.023713605755845527 -0.011239947423204468 -0.011627735150041863 0.06648788974521351 -0.0015157066307211274 -0.002336345893701906 -0.016024599437155184 0.011144870692039545 0.02335497590905368 -0.025832778799152991 0.0019860684867430509 0.0097655186021578001 0.041216337703810939 0.08600204515965286 -0.01276419298733221 0.075148112211739837 -0.0069981285789735689 0.071635202769522163 0.034026444715631203 -0.0036180674027535987 0.015397510568914039 0.020910893974265626
leaf_weight=11.747707702219484 9.1183852106332832 18.25096570700407 18.016488651279364 14.883193306392057 8.2251712959259731 11.658097192645071 3.7872062101960173 10.039519410580395 7.1499202102422705 45.925927542150021 73.356676808558404 5.4540747776627532 685.23515835450962 368.96688438917045 197.15135909221135 177.82005410839338 9.0546582601964456 34.638920928817242 3061.8130638333969 17.410488761961464 17.8736886382103 9.7076109647750837 11.624285366386173 8.2571507841348666 162.25160741060972 7.4757808968424788 10.254191216081379 50.605254642665386 18.828466087579727 42.991594333201647
leaf_count=74 42 98 106 151 55 50 21 68 33 278 665 26 5914 2477 1523 1357 48 213 21364 83 89 54 58 35 819 40 57 232 80 201
internal_value=0.000588096 0.00577097 0.000164838 -0.0109971 -0.00561478 0.00485266 0.0426298 -0.033306 -0.0142993 -0.00302788 0.000431837 0.0227325 0.000318251 -0.00215379 -0.0071033 0.00109282 0.00142965 -0.0156396 0.00166753 0.00703247 0.019068 0.0363006 0.0199442 0.00485838 -0.000410312 0.028351 -0.00455952 0.013476 0.0336127 0.00764876
internal_weight=5129.57 387.279 4742.29 110.787 95.9042 69.5964 12.0124 26.3078 16.2683 57.584 4631.51 23.4706 4608.04 1429.17 566.118 863.055 3178.86 43.6936 3135.17 375.531 57.4566 39.2056 29.498 318.075 197.392 24.8863 172.506 120.682 27.0856 93.5968
internal_count=36311 1920 34391 698 547 404 76 143 75 328 33693 132 33561 11271 4000 7271 22290 261 22029 1846 299 201 147 1547 999 123 876 548 115 433
is_linear=0
shrinkage=0.05


Tree=176
num_leaves=31
num_cat=0
split_feature=8 6 8 11 8 12 16 15 15 1 11 11 15 8 12 8 9 9 15 9 11 11 0 15 6 7 18 9 9 12
split_gain=4.05318 5.15718 7.81165 8.00423 5.75654 4.2022 4.29897 5.60118 11.8413 8.102 4.67845 10.2561 4.46064 4.05399 5.13685 4.27142 4.01314 9.24308 3.89618 8.08861 13.9104 7.50347 4.64212 5.77879 5.63864 3.58736 3.55591 4.39377 3.53469 3.41484
threshold=33.650000000000013 2.5000000000000004 36.150000000000013 15.500000000000002 34.550000000000004 16.820129870129872 47.500000000000007 162.50000000000003 177.50000000000003 2.5000000000000004 33.500000000000007 37.500000000000007 162.50000000000003 32.150000000000013 113.36666666666667 13.850000000000003 441.00000000000006 455.00000000000006 129.50000000000003 467.00000000000006 23.000000000000004 19.000000000000004 2014.5000000000002 363.00000000000006 3.5000000000000004 55.750000000000007 17.500000000000004 475.00000000000006 479.00000000000006 73.306696428571442
decision_type=2 2 2 2 2 2 2 2 2 2 2 2 2 2 2 2 2 2 2 2 2 2 2 2 2 2 2 2 2 2
left_child=13 2 3 4 -2 25 10 9 -9 -8 12 -12 -7 15 18 -1 -5 -18 19 21 -21 -15 23 -20 -24 -3 27 -27 -17 -4
right_child=1 5 29 16 -6 6 7 8 -10 -11 11 -13 -14 14 -16 28 17 -19 22 20 -22 -23 24 -25 -26 26 -28 -29 -30 -31
leaf_value=0.0057041763448894556 0.00038784239730538223 0.050185238516514769 -0.058288961341262241 -0.037110867319337604 -0.031902062923449118 0.0032634318280503078 0.071364595262425765 0.072314919217904991 0.0084336198354870145 -0.012941131103759176 -0.01104124556914704 0.00075116005800148172 -0.00050111603932854023 0.017333530115348335 0.053279454690145903 -0.055206595495572365 0.073806802076586228 0.0056453492000712807 0.0028102147134540598 0.011741502557331735 0.084472589906734674 -0.054096479139473123 0.015046696099653152 0.024316424286674805 -0.0063613323839046016 0.063296360845155594 -0.030199384947968866 -0.00029425210471628632 -0.0091016438271585808 -0.00070795552676991937
leaf_weight=19.211795546114445 24.845049768686295 7.4378085844218758 11.049099097726865 3.7863738071173421 31.056445389986038 1167.3701845405158 3.0345641765743485 7.5773773714900008 170.11620081006549 46.811788340564817 288.49636560794897 510.91524261957966 2414.2543577420292 9.9116418585181219 5.9245509058237067 7.2306268699467209 5.9699753411114207 29.803749985992908 78.926490556448698 20.531368099153045 9.6707183010876161 5.8444452397525302 40.449788421392441 51.69347045570612 128.37545981444418 4.2360944710671919 4.3870588988065711 7.5717705520801246 9.7801108174025995 3.35720230359584
leaf_count=88 113 37 111 31 188 9233 19 42 1058 333 2210 4280 16386 51 28 45 39 176 394 103 52 33 177 237 646 21 22 52 66 40
internal_value=0.000557665 0.00015587 -0.0105507 -0.00537145 -0.017551 0.000409811 0.000301969 0.0070028 0.0111577 -0.00780874 -4.6055e-05 -0.00350455 0.000725875 0.00547404 0.00711607 -0.0104522 0.0118392 0.0170202 0.00632425 0.0198794 0.03503 -0.00916218 0.00424384 0.0113214 -0.00123206 0.0214399 0.00823807 0.022519 -0.0286991 -0.0448705
internal_weight=5129.63 4742.08 109.868 95.4616 55.9015 4632.21 4608.58 227.54 177.694 49.8464 4381.04 799.412 3581.62 387.55 351.328 36.2225 39.5601 35.7737 345.403 45.9582 30.2021 15.7561 299.445 130.62 168.825 23.6327 16.1949 11.8079 17.0107 14.4063
internal_count=36311 34391 698 547 301 33693 33561 1452 1100 352 32109 6490 25619 1920 1721 199 246 215 1693 239 155 84 1454 631 823 132 95 73 111 151
is_linear=0
shrinkage=0.05


Tree=177
num_leaves=31
num_cat=0
split_feature=2 8 17 6 8 11 8 5 15 15 11 15 15 11 17 17 17 17 15 9 9 11 15 15 5 6 2 17 5 15
split_gain=3.87944 4.22672 7.24051 4.79483 5.94728 6.06547 5.44919 4.23531 8.62531 10.361 9.0825 5.57756 5.14498 4.43427 3.95324 3.72907 4.82331 3.6569 3.53983 9.58579 8.80247 7.42949 5.34741 9.30767 6.0744 2.95246 6.84194 3.69589 2.69916 2.53189
threshold=4.5000000000000009 33.650000000000013 9.5000000000000018 2.5000000000000004 36.150000000000013 15.500000000000002 34.550000000000004 1.0000000180025095e-35 268.00000000000006 247.50000000000003 27.000000000000004 38.500000000000007 45.500000000000007 32.500000000000007 213.50000000000003 6.5000000000000009 21.500000000000004 51.500000000000007 148.50000000000003 467.00000000000006 471.00000000000006 19.000000000000004 357.50000000000006 335.50000000000006 1.0000000180025095e-35 4.5000000000000009 1.0000000180025095e-35 1207.5000000000002 1.5000000000000002 466.00000000000006
decision_type=2 2 2 2 2 2 2 2 2 2 2 2 2 2 2 2 2 2 2 2 2 2 2 2 2 2 2 2 2 2
left_child=15 2 28 4 5 6 -3 11 9 -9 -10 13 -13 -5 -7 -1 -17 -18 19 21 -21 -4 23 -20 -24 27 -27 -19 -2 -6
right_child=1 3 18 7 29 14 -8 8 10 -11 -12 12 -14 -15 -16 16 17 25 22 20 -22 -23 24 -25 -26 26 -28 -29 -30 -31
leaf_value=-0.062225353004023258 -0.052646790392042675 0.0013569112764640987 0.01019314207388103 -0.0078323398950261216 -0.052408335132748118 0.05319194601038512 -0.031653073564058158 -0.00063177885235779887 -0.001867557626286193 0.016195840572009082 -0.015265062778829662 0.020875064937725858 0.0016711698393715589 -0.047618474263851664 0.0034150953488266502 0.041469969572483598 -0.064947225007074394 -0.019016494902870912 0.0024159206089002083 0.088175639562230582 0.021459767734887402 -0.050681758927264911 0.0038769229697410827 -0.037141573543821887 0.025635629793039374 0.020161412768359806 -0.034278093061665273 0.018302987584864289 -0.0030407897311393603 0.010049539921248339
leaf_weight=3.208125662058591 7.0132927522063238 22.361315455287695 14.650872834026815 64.521755079738796 10.566954264184458 4.559185065329074 28.355255937203765 750.15453335212078 358.99423152511008 104.17664522351697 195.33359025139362 35.283286244375631 3032.6055440324126 7.8559130094945422 31.880916051566601 4.7932047252543262 2.9288296252489081 53.534404788631946 138.65560229681432 5.5374139174818984 46.142586894333363 7.6184262670576564 89.702179200947285 16.656818136572838 49.929676912724972 20.771704891696576 7.9922019473742685 7.5726192258298388 4.5028080642223358 1.9169556386768807
leaf_count=25 44 102 77 567 116 30 174 6396 2416 783 1523 297 21068 94 193 40 21 325 699 27 235 43 421 84 224 152 52 40 30 13
internal_value=0.000528874 0.000723544 0.00579072 0.000308878 -0.0105412 -0.00591808 -0.0170987 0.00054654 -0.00173138 0.00142017 -0.00658856 0.00156837 0.00189203 -0.0121507 0.0096429 -0.00918321 -0.00743958 -0.00996581 0.00700951 0.0167912 0.0286082 -0.0106324 0.00455702 -0.00182651 0.0116574 -0.00817401 0.00503511 -0.0143917 -0.0332508 -0.0428177
internal_weight=5129.78 5028.98 380.41 4648.57 99.6406 87.1567 50.7166 4548.93 1408.66 854.331 554.328 3140.27 3067.89 72.3777 36.4401 100.801 97.593 92.7998 368.894 73.9493 51.68 22.2693 294.944 155.312 139.632 89.8709 28.7639 61.107 11.5161 12.4839
internal_count=36311 35656 1884 33772 628 499 276 33144 11118 7179 3939 22026 21365 661 223 655 630 590 1810 382 262 120 1428 783 645 569 204 365 74 129
is_linear=0
shrinkage=0.05


Tree=178
num_leaves=31
num_cat=0
split_feature=1 4 8 13 15 1 9 12 8 13 6 12 15 7 1 16 12 9 9 16 15 16 8 7 6 8 6 13 8 5
split_gain=3.53107 7.39308 7.66615 6.69899 6.45062 10.5865 9.92695 7.04969 6.22481 6.98385 6.1807 6.11865 6.9314 7.54601 6.86606 7.94238 6.0717 7.41234 5.84327 10.1462 6.38782 5.77406 5.12505 4.98363 4.73501 4.54861 6.93637 4.49546 10.3733 9.44056
threshold=9.5000000000000018 11.500000000000002 36.150000000000013 53.031250000000007 695.00000000000011 11.500000000000002 525.00000000000011 22.147008547008546 34.95000000000001 55.605555555555569 8.5000000000000018 91.393750000000026 577.50000000000011 56.750000000000007 5.5000000000000009 44.500000000000007 60.394444444444453 491.00000000000006 435.00000000000006 8.5000000000000018 177.50000000000003 35.500000000000007 38.150000000000013 57.750000000000007 8.5000000000000018 35.45000000000001 4.5000000000000009 55.25833333333334 33.250000000000007 1.0000000180025095e-35
decision_type=2 2 2 2 2 2 2 2 2 2 2 2 2 2 2 2 2 2 2 2 2 2 2 2 2 2 2 2 2 2
left_child=1 2 3 -1 10 6 7 -6 9 -7 27 14 13 -13 22 -16 17 -12 19 -5 -20 -9 -4 24 -3 -10 -27 -2 -29 -30
right_child=4 23 11 18 5 8 -8 21 25 -11 16 12 -14 -15 15 -17 -18 -19 20 -21 -22 -23 -24 -25 -26 26 -28 28 29 -31
leaf_value=0.06164285703283328 0.0013587344361310793 0.0049134698125545377 -0.01190799475136374 0.042663250962752197 -0.089919296514093194 0.024860899840757525 -0.052092781496493816 0.0012789531195102201 -0.017954746612605935 0.11123464925547584 0.14416521019992226 -0.0084029201734540163 -0.062346484215814096 0.044434552097438962 -0.0026195572249838295 0.049872912570843364 -0.027452653926023352 0.012246673737570234 0.0062391105858500134 0.00069572810320916621 -0.0021081831121692518 0.029803126182889352 -0.038867467832344182 -0.0091606927377220152 -0.054715370099289576 0.065811372810874749 -0.015324018554514507 0.030610719917748663 -0.0017848848685034686 -0.01181503753693651
leaf_weight=4.5467703044414511 657.60916729457676 1399.8403164020274 200.71122946869582 22.437593959271908 1.840740144252776 4.4142322912812251 7.7141661359928539 66.223288809880614 5.402064777910712 4.9811765402555466 2.2284364307997739 11.853851493215194 2.6915232413448384 15.716501894174142 96.464563682093285 7.7877971753478041 1.8436515182256696 2.0392980463802814 309.60905930027366 40.213068276643753 882.41550584696233 24.234200778882951 19.325897182454355 67.262311746017076 3.3372007599100462 7.5713148643262667 4.0397162872832268 21.594385959208012 918.90640985185746 315.0226215494331
leaf_count=27 4648 10335 1924 165 8 20 54 408 27 22 26 173 36 180 953 65 33 18 2036 313 5077 136 504 417 68 46 36 103 6182 2271
internal_value=0.000501462 0.00156981 -0.000766938 0.00106169 -0.00110927 0.00983052 0.00239551 0.00694957 0.0379879 0.0706538 -0.00182988 -0.00726149 0.0142404 0.0217171 -0.00926799 0.0013017 0.0483727 0.0811291 0.000842154 0.0157259 5.98911e-05 0.00892078 -0.0142758 0.00413435 0.00477165 0.0199482 0.0375827 -0.00199025 -0.00374436 -0.00434559
internal_weight=5129.88 3084.21 1613.77 1259.22 2045.66 126.421 100.012 92.2982 26.4085 9.39541 1919.24 354.551 30.2619 27.5704 324.289 104.252 6.11139 4.26773 1254.68 62.6507 1192.02 90.4575 220.037 1470.44 1403.18 17.0131 11.611 1913.13 1255.52 1233.93
internal_count=36311 22273 11453 7618 14038 757 606 552 151 42 13281 3835 389 353 3446 1018 77 44 7591 478 7113 544 2428 10820 10403 109 82 13204 8556 8453
is_linear=0
shrinkage=0.05


Tree=179
num_leaves=31
num_cat=0
split_feature=16 15 15 1 6 0 18 9 18 12 12 12 12 9 12 5 12 5 15 15 1 17 16 9 11 14 16 11 9 6
split_gain=3.48188 5.81367 9.07734 7.42429 6.12973 5.99527 9.29342 12.8567 5.39127 7.97751 5.45196 5.2595 4.72499 4.21571 3.9151 3.70028 2.93648 2.88134 7.04887 15.9016 14.0959 7.06139 8.70087 7.00153 5.68082 9.70783 14.9326 7.08575 14.6894 4.93303
threshold=47.500000000000007 162.50000000000003 177.50000000000003 3.5000000000000004 6.5000000000000009 2012.5000000000002 14.500000000000002 491.00000000000006 10.500000000000002 75.56354166666668 39.571875000000006 39.571875000000006 42.913888888888891 493.00000000000006 16.820129870129872 1.0000000180025095e-35 71.361458333333346 1.0000000180025095e-35 264.50000000000006 262.00000000000006 10.500000000000002 827.50000000000011 24.500000000000004 465.00000000000006 62.000000000000007 35.500000000000007 13.500000000000002 53.000000000000007 497.00000000000006 4.5000000000000009
decision_type=2 2 2 2 2 2 2 2 2 2 2 2 2 2 2 2 2 2 2 2 2 2 2 2 2 2 2 2 2 2
left_child=14 3 12 -2 8 6 11 -8 9 -4 -10 -5 -3 -7 15 -1 -6 24 19 29 -21 22 -20 -23 27 26 -26 -16 -29 -19
right_child=1 2 4 5 16 13 7 -9 10 -11 -12 -13 -14 -15 17 -17 -18 18 21 20 -22 23 -24 -25 25 -27 -28 28 -30 -31
leaf_value=0.0085879802779167853 0.050104106505261953 0.01863341222133745 0.024246639484896009 0.0095146129457141636 -0.050494594690447127 -0.060911686761373408 0.083443810904167803 -0.040487146477368306 -0.025812498705329274 -0.010212527543887214 0.0067959522366299908 -0.036821012658706374 0.09382609143262545 0.011278166608680232 0.0010780790505358318 0.052775960660790322 0.020218362381549986 0.0033308540297039913 -0.0060177366334030549 0.072293693254944211 -0.016464500701366454 -0.0076090496013245142 -0.024694607216398698 0.0073735807810783698 -0.0055634775445892294 -0.059466958108786827 0.055902793060741945 -0.025620428772123706 0.014935620253926305 -0.0043233046523751878
leaf_weight=18.25193445105106 4.8832033062353721 3.7250980660319311 82.692604103125632 9.7964615821838397 6.3586837307084334 9.3496688462328148 5.85950706200674 3.2553613744676113 16.420983038842678 21.076553273014724 58.426952062174678 16.338000668911263 4.7575524123385549 2.5805403643753371 3197.346278320183 6.3985765576362601 1.9088827439118174 500.9194423451554 234.00110381492414 14.233746530604551 6.5231630317866793 162.48902037506923 85.013258276274428 149.91800779523328 19.187193484045565 3.6187835251912466 20.37228474766016 68.217721059918404 33.190079126507044 363.08327563223429
leaf_count=104 36 19 475 56 68 69 39 19 92 124 361 125 27 23 21901 30 22 3873 1803 119 51 985 640 894 200 34 166 467 207 3282
internal_value=0.000475131 0.00626164 0.0102181 -0.00858512 0.00792194 -0.0146596 -0.00429038 0.0391821 0.00987013 0.0172476 -0.000358057 -0.0194522 0.0608057 -0.0452968 0.000181905 0.0200579 -0.0341678 8.10521e-05 -0.00172677 0.00115328 0.0444001 -0.00576236 -0.0109949 -0.000419179 0.000901233 0.0189198 0.0260903 0.000665384 -0.0123467 0.000114317
internal_weight=5130.19 247.43 195.367 52.0627 186.885 47.1795 35.2493 9.11487 178.617 103.769 74.8479 26.1345 8.48265 11.9302 4882.76 24.6505 8.26757 4858.11 1516.18 884.76 20.7569 631.421 319.014 312.407 3341.93 43.1783 39.5595 3298.75 101.408 864.003
internal_count=36311 1555 1188 367 1142 331 239 58 1052 599 453 181 46 92 34756 134 90 34622 11647 7325 170 4322 2443 1879 22975 400 366 22575 674 7155
is_linear=0
shrinkage=0.05


Tree=180
num_leaves=31
num_cat=0
split_feature=17 9 17 5 1 0 4 9 13 8 17 13 3 8 1 3 17 0 17 13 3 13 9 6 8 17 3 17 9 17
split_gain=4.51573 4.7447 4.4775 4.48049 9.72263 5.48224 4.54874 3.94047 10.6198 5.7643 4.71978 5.59949 6.90037 4.61295 3.91781 3.85946 3.8509 13.6571 7.09918 7.43102 6.66201 6.85397 5.8092 4.11524 12.1364 5.69418 5.20516 3.94834 9.6179 8.91053
threshold=96.500000000000014 421.00000000000006 84.500000000000014 1.5000000000000002 9.5000000000000018 2006.5000000000002 11.500000000000002 537.00000000000011 56.095454545454551 33.95000000000001 1327.5000000000002 56.138095238095246 7.5000000000000009 36.050000000000004 11.500000000000002 6.5000000000000009 107.50000000000001 2011.5000000000002 103.50000000000001 56.972222222222229 6.5000000000000009 54.806250000000006 473.00000000000006 2.5000000000000004 34.050000000000004 908.00000000000011 5.5000000000000009 136.50000000000003 423.00000000000006 153.50000000000003
decision_type=2 2 2 2 2 2 2 2 2 2 2 2 2 2 2 2 2 2 2 2 2 2 2 2 2 2 2 2 2 2
left_child=1 -1 3 -3 5 -5 -6 16 9 -9 11 -10 -13 -11 -4 -15 17 20 19 -19 21 -2 -22 24 25 -18 -26 28 -25 -29
right_child=7 2 14 4 6 -7 -8 8 10 13 -12 12 -14 15 -16 -17 23 18 -20 -21 22 -23 -24 27 26 -27 -28 29 -30 -31
leaf_value=-0.043582090920614901 0.0088572566142741203 -0.0033395653887581486 -0.026550584110492451 0.024851155191253041 0.0052310048315948885 -0.021938238711278604 0.065158037323728518 0.021259641460291773 0.077264467508861817 -0.054877477021323666 0.061654582131584625 0.012078354921736714 -0.035791293292180511 -0.034938302507561428 0.038937784869709113 0.0094709625999833385 -0.0034124085137169414 -0.0020043845334123864 -0.03703688577440209 0.088257992024152521 -0.06152171514700068 0.087125611765442437 0.040194056522032375 0.085548384607053274 -0.041304142520480119 0.049945965629576761 -0.010741488356781204 0.017851605869371023 -0.013695954672049022 0.0010363030495731365
leaf_weight=7.3342726007103911 3.8643072233535376 572.63840907614212 29.286477581481453 10.047544928733261 4.6155473358230639 16.609403799520805 10.086470440495759 5.3171720355749121 2.3661357704550019 15.813313238322733 3.7312297862954429 25.352102648932487 10.707869379781185 13.872540752869101 2.4769404819235197 7.5577242234721771 9.0260296761989611 12.28553080186248 11.790930002462117 2.79986841790378 2.2256224782904601 10.128338518086819 3.8011044960003346 2.5277279689908019 17.396311663789675 11.209369510412214 69.942920867120847 80.34218408097513 71.34021832793951 4060.3823368652957
leaf_count=110 27 5328 302 90 49 180 87 25 20 85 22 186 77 147 21 66 39 94 112 22 28 59 34 20 110 48 462 519 537 27331
internal_value=0.000289853 -0.00359283 -0.00313865 -0.00219169 0.0137013 -0.00430237 0.0463446 0.000859204 -0.00982115 -0.0274398 0.00796608 0.00275285 -0.00213635 -0.0343925 -0.0214437 -0.0192767 0.0010663 0.0153172 -0.00797034 0.0147484 0.046581 0.0655105 0.00263123 0.000911678 -0.00874526 0.0261454 -0.016829 0.00115817 -0.0102999 0.00136257
internal_weight=5106.88 653.095 645.761 613.997 41.359 26.6569 14.702 4453.78 84.7181 42.5608 42.1573 38.4261 36.06 37.2436 31.7634 21.4303 4369.06 46.8957 26.8763 15.0854 20.0194 13.9926 6.02673 4322.17 107.575 20.2354 87.3392 4214.59 73.8679 4140.72
internal_count=36237 6167 6057 5734 406 270 136 30070 628 323 305 283 263 298 323 213 29442 376 228 116 148 86 62 29066 659 87 572 28407 557 27850
is_linear=0
shrinkage=0.05


Tree=181
num_leaves=31
num_cat=0
split_feature=17 12 12 7 15 15 11 5 8 9 12 8 12 8 14 8 7 1 8 9 12 17 2 9 15 17 12 18 15 6
split_gain=4.08559 6.73757 10.6443 5.52338 5.79933 12.1076 5.59412 5.14919 5.06807 7.85191 5.84694 4.83473 3.92014 5.28989 4.866 3.73801 3.71776 7.94363 6.12747 3.6203 6.67024 7.1273 6.77822 9.83344 5.92722 3.94579 14.111 5.81818 4.85269 3.81914
threshold=96.500000000000014 48.286153846153859 47.952291666666675 55.750000000000007 553.50000000000011 741.50000000000011 43.000000000000007 1.5000000000000002 37.45000000000001 545.00000000000011 108.73437500000001 36.050000000000004 58.442500000000003 37.350000000000001 30.500000000000004 13.65 51.500000000000007 5.5000000000000009 35.550000000000004 537.00000000000011 61.534375000000004 250.50000000000003 5.5000000000000009 543.00000000000011 407.00000000000006 107.50000000000001 71.660714285714292 7.5000000000000009 103.50000000000001 2.5000000000000004
decision_type=2 2 2 2 2 2 2 2 2 2 2 2 2 2 2 2 2 2 2 2 2 2 2 2 2 2 2 2 2 2
left_child=1 2 3 6 7 -6 11 -5 10 -10 12 -1 14 -14 -3 -12 17 18 -2 25 22 -22 23 -21 -24 26 28 -28 -18 -27
right_child=16 8 -4 4 5 -7 -8 -9 9 -11 15 -13 13 -15 -16 -17 19 -19 -20 20 21 -23 24 -25 -26 29 27 -29 -30 -31
leaf_value=-0.01411896112899217 0.051479346647710915 -0.0069545112139515718 0.093326798732438265 0.0018180314645801741 0.082239395818720487 -0.018056359148458226 -0.061832812073732625 0.035405128178435469 -0.022058593150946937 0.10518582352504197 0.013853127253496474 0.0048125600154445862 0.00019053522172525345 0.060284315425758322 -0.040671476601478573 -0.047098936342064336 -0.04991044864949825 -0.040941647944322306 -0.032499250741948787 -0.020863365010991508 0.037406508886726059 -0.041175193363053746 -0.030127808952528142 0.038184368541228503 0.023701640189624795 -0.008372901107880781 0.10981333957928419 0.035767833297217326 0.0069938141338578459 0.0012025267224563731
leaf_weight=61.074131309986115 5.4855776261538285 108.4467852935195 3.1899223779328159 106.11531897098757 7.3700306965038163 5.085347744403407 4.262620795518159 12.786246514297089 69.449514812557027 1.2339180676499371 3.1517889797687522 75.30797940865159 166.01799216773361 3.7446796149015418 11.872256023809312 12.457299268804489 4.2657542009837917 15.11200585355982 3.59603958344087 11.182889484567569 3.322422809200364 21.942083508474752 21.937030959408734 19.082030698889866 6.6684055470395824 106.78485820512287 4.3488250715890882 6.8031425687950104 30.782357462914661 4193.3732626033016
leaf_count=424 39 826 27 843 43 30 66 108 1307 23 13 791 1401 44 89 132 38 136 38 80 28 171 166 129 53 659 37 62 231 28203
internal_value=0.000274399 -0.00342368 0.00252246 0.00145755 0.00883017 0.0412901 -0.00542821 0.00542987 -0.00777128 -0.0198373 -0.00498132 -0.00366528 -0.00337725 0.0015161 -0.0102815 -0.0347915 0.000815299 -0.0187316 0.0182264 0.000922039 -0.00935081 -0.0308413 -0.000128077 0.0163662 -0.0175793 0.0011209 0.0156552 0.0646426 6.79175e-05 0.000964742
internal_weight=5106.25 651.566 275.192 272.002 131.357 12.4554 140.645 118.902 376.374 70.6834 305.691 136.382 290.082 169.763 120.319 15.6091 4454.69 24.1936 9.08162 4430.49 84.1349 25.2645 58.8704 30.2649 28.6054 4346.36 46.2001 11.152 35.0481 4300.16
internal_count=36237 6167 2332 2305 1024 73 1281 951 3835 1330 2505 1215 2360 1445 915 145 30070 213 77 29857 627 199 428 209 219 29230 368 99 269 28862
is_linear=0
shrinkage=0.05


Tree=182
num_leaves=25
num_cat=0
split_feature=15 15 1 12 0 8 3 0 0 0 9 6 8 5 3 13 13 13 15 14 12 13 8 8
split_gain=3.78522 2.51259 10.8868 5.81302 5.75153 16.2016 7.18914 3.51123 8.41089 6.20228 3.48367 3.02217 10.3401 5.38275 5.24915 2.96557 4.6184 2.76072 5.79396 4.26043 1.35429 0.803252 0.478425 0.00601167
threshold=1.5000000000000002 778.00000000000011 11.500000000000002 36.225833333333341 2008.5000000000002 34.750000000000007 8.5000000000000018 2007.5000000000002 2014.5000000000002 2019.5000000000002 409.00000000000006 2.5000000000000004 34.050000000000004 1.0000000180025095e-35 5.5000000000000009 54.90767045454546 55.935416666666676 56.77350427350428 553.50000000000011 49.500000000000007 38.949747474747483 53.939338235294123 35.550000000000004 33.95000000000001
decision_type=2 2 2 2 2 2 2 2 2 2 2 2 2 2 2 2 2 2 2 2 2 2 2 2
left_child=22 10 3 15 5 -5 -6 -4 -9 -10 20 12 13 -12 -14 -3 -17 19 -19 -13 -2 -22 -1 -23
right_child=1 2 7 4 6 -7 -8 8 9 -11 11 17 14 -15 -16 16 -18 18 -20 -21 21 23 -24 -25
leaf_value=-0.058352077648564864 0.009922450121174365 -0.07288231741142899 0.067917160983075917 0.053495996420057673 -0.01614745336970632 -0.01892454756407606 0.035957400981723071 -0.025051723842650898 0.098868871838806313 0.0020392793882563517 0.05135921535448458 0.001365847564380063 -0.039501937545114822 -0.001499478978339596 -0.0088850540540783493 0.010042132385935376 -0.04393153956556746 -0.0036967974676389362 0.010368740251369871 -0.020038208643564665 -0.0044535713546380333 -0.057829240551565742 -0.022998245689533559 -0.053160844392514943
leaf_weight=2.8746151216328135 1.3757806792855252 4.0246724840253618 4.800873578060421 13.625208660960199 87.835583556443453 17.827438001520932 7.1596520422026506 6.0409200261346978 3.7593002370558679 2.9527081120759249 9.873505637049675 4068.9361512898467 17.330612014513463 9.4030855149030685 72.829967728350312 6.0545642878860262 11.475250089541076 644.72074153320864 82.595069725066423 23.38244955171831 0.99082662910222996 0.83983515948057164 1.4344435449456794 3.8550801617093384
leaf_count=30 16 27 24 60 543 141 44 32 25 20 42 28997 116 41 495 35 70 4627 513 184 16 9 30 100
internal_value=0.000259446 0.00029901 -0.0057599 -0.0101756 -0.00608441 0.0124479 -0.0122204 0.0314704 0.0177499 0.0562722 0.000502224 0.0005525 -0.00766371 0.0255748 -0.0147702 -0.0341763 -0.0252898 0.000739062 -0.00209949 0.00124355 -0.0345914 -0.0453624 -0.0465831 -0.0539959
internal_weight=5106 5101.69 165.556 148.002 126.448 31.4526 94.9952 17.5538 12.7529 6.71201 4936.13 4929.07 109.437 19.2766 90.1606 21.5545 17.5298 4819.63 727.316 4092.32 7.06152 5.68574 4.30906 4.69492
internal_count=36237 36177 1021 920 788 201 587 101 77 45 35156 35015 694 83 611 132 105 34321 5140 29181 141 125 60 109
is_linear=0
shrinkage=0.05


Tree=183
num_leaves=27
num_cat=0
split_feature=15 16 6 11 0 0 15 6 16 8 0 8 15 18 14 8 11 16 13 16 16 8 9 0 12 8
split_gain=3.54061 3.30586 8.83957 9.99343 16.8585 7.80798 3.63465 3.77704 3.36106 4.72875 12.1439 13.3043 9.38596 7.08215 4.74615 4.20404 3.90276 4.00541 7.19993 6.34081 2.81744 7.22415 6.26621 2.64099 1.24202 0.518227
threshold=1.5000000000000002 1.0000000180025095e-35 5.5000000000000009 16.500000000000004 2021.5000000000002 2013.5000000000002 626.50000000000011 3.5000000000000004 43.500000000000007 35.650000000000013 2016.5000000000002 35.250000000000007 255.50000000000003 19.500000000000004 37.500000000000007 35.750000000000007 9.5000000000000018 38.500000000000007 54.059027777777786 37.500000000000007 11.500000000000002 35.050000000000004 463.00000000000006 2015.5000000000002 60.260555555555563 35.850000000000001
decision_type=2 2 2 2 2 2 2 2 2 2 2 2 2 2 2 2 2 2 2 2 2 2 2 2 2 2
left_child=25 2 3 6 5 -5 7 -2 16 10 13 -12 15 -10 -14 -11 20 19 -19 -18 21 -3 -22 -4 -6 -1
right_child=1 8 23 4 24 -7 -8 -9 9 12 11 -13 14 -15 -16 -17 17 18 -20 -21 22 -23 -24 -25 -26 -27
leaf_value=-0.057726886374533132 0.019577445570636984 0.021255558137725009 0.073295596029197871 -0.0004281350029892807 -0.072555019727369593 0.052891361471653534 -0.057456641321947083 -0.018727176226395532 0.011135956780183733 -0.043495553614947551 -0.022110822559159051 0.041613288157832724 -0.015655640385658955 0.057348257086176468 0.015061618474985964 0.0087677242161131926 -0.00036027556880215101 0.02479045718613905 -0.0079894007403262142 0.014340552909527252 -0.023774040854723347 -0.040821353979645127 0.039102152150789549 0.027431333260934689 -0.028841515808920151 -0.019665325573623264
leaf_weight=2.8636544421315184 8.6044381931424123 14.37702898681164 5.8210534173995239 9.9594147745519859 3.4345335811376563 22.10592588596046 4.3793556336313477 25.532038586447015 243.50874353200197 3.9579067789018145 51.89183896780014 9.7259452790021879 101.56308824056759 8.5828934758901578 14.352300872094927 138.32779823383316 4017.8277193434769 17.800364140421152 284.29676444409415 74.714217041619122 5.0064936131238964 6.9533971925266078 19.002907465212047 6.8116804324090481 3.0840656869113445 1.3004230954684315
leaf_count=32 43 65 29 56 18 127 22 143 1225 25 288 58 731 43 102 1020 29230 118 2115 480 26 49 95 39 30 28
internal_value=0.000245958 0.000283575 0.00979583 0.00344351 0.0214288 0.0363305 -0.0145736 -0.00907212 0.000113268 0.003721 0.00784571 -0.0120524 -0.00129046 0.0127093 -0.0118523 0.00731394 -0.000351441 -0.000502012 -0.00605792 -9.18945e-05 0.014243 0.00101942 0.0259911 0.0485652 -0.0518734 -0.0458404
internal_weight=5105.79 5101.62 89.7325 77.0998 38.5839 32.0653 38.5158 34.1365 5011.89 571.911 313.709 61.6178 258.201 252.092 115.915 142.286 4439.98 4394.64 302.097 4092.54 45.3398 21.3304 24.0094 12.6327 6.5186 4.16408
internal_count=36237 36177 507 439 231 183 208 186 35670 3492 1614 346 1878 1268 833 1045 32178 31943 2233 29710 235 114 121 68 48 60
is_linear=0
shrinkage=0.05


Tree=184
num_leaves=31
num_cat=0
split_feature=17 9 17 5 1 15 8 15 6 1 7 1 8 17 9 9 4 3 8 17 11 11 15 15 13 9 9 5 9 15
split_gain=3.61931 4.3812 4.0995 3.76087 8.2811 6.65272 4.34963 4.27802 4.04403 3.56432 3.39568 7.33957 5.42087 3.30781 8.53448 12.1178 8.46994 8.13721 4.78461 4.43523 5.38799 10.8002 5.10943 4.81126 5.92186 4.48931 2.60435 2.48144 4.74276 2.01576
threshold=96.500000000000014 421.00000000000006 84.500000000000014 1.5000000000000002 9.5000000000000018 52.000000000000007 34.550000000000004 2.5000000000000004 3.5000000000000004 11.500000000000002 51.500000000000007 5.5000000000000009 35.550000000000004 158.00000000000003 433.00000000000006 447.00000000000006 11.500000000000002 7.5000000000000009 34.45000000000001 214.50000000000003 49.500000000000007 19.000000000000004 118.50000000000001 564.50000000000011 56.718253968253983 409.00000000000006 441.00000000000006 1.0000000180025095e-35 447.00000000000006 204.50000000000003
decision_type=2 2 2 2 2 2 2 2 2 2 2 2 2 2 2 2 2 2 2 2 2 2 2 2 2 2 2 2 2 2
left_child=1 -1 3 7 5 -5 -6 -3 -9 27 11 12 -2 14 16 26 18 -17 -12 20 21 -15 -22 25 -25 -21 -16 -4 -29 -13
right_child=10 2 9 4 6 -7 -8 8 -10 -11 13 29 -14 19 15 17 -18 -19 -20 23 22 -23 -24 24 -26 -27 -28 28 -30 -31
leaf_value=-0.042628404998525521 0.047505693507807159 -0.054575756528668612 -0.035375771436186962 0.032666846379926971 -0.015892572106602543 -0.021263696940518776 0.05436624897607948 0.0060261271042627582 -0.0046875437094532416 0.036386834050901866 0.05191499564987985 -0.060082239513101432 -0.031587417881947598 -0.011026317392149779 -0.01792225706714903 0.016398356335968957 0.1032774539210991 -0.0040199760651487967 -0.040224079103202963 -0.053798044409408607 0.024883190180016723 0.014927317050529547 -0.062324209731950624 -0.0073351885536201231 0.0071651076371634335 0.0015637371512890392 -0.0622196395488539 0.063205562642351054 -0.023531393247293517 -0.022968192775710342
leaf_weight=6.9888269845396271 5.637414503842594 3.9899998456239691 19.791004684986554 8.3438099855557102 2.6732699722051612 18.172978554735892 12.51918281894177 109.13883186737075 456.48226191615686 2.530603699386119 3.1939242854714376 6.7212158024776718 3.5184478485025465 163.24051008012611 6.2288386640138906 114.80735349468887 4.4480801802128553 84.863183561479673 2.5211190022528172 3.6656098999083033 2.1639557741582376 53.130885344231501 7.5039225569926202 324.23431762703694 89.944181113271043 3564.7503708878066 7.1003353614360094 2.0465587610378844 6.8548216487979516 8.0286110674496722
leaf_count=110 39 71 203 71 16 199 120 876 4381 21 15 75 38 1259 52 801 31 613 28 86 18 434 68 1914 571 23917 50 22 77 61
internal_value=0.000232983 -0.00325386 -0.0028256 -0.00192301 0.0125698 -0.00429384 0.0420035 -0.00298423 -0.0026203 -0.0204974 0.000741279 -0.0180525 0.0171115 0.000842656 0.00677478 0.00463892 0.0515382 0.00772024 0.011269 0.000528105 -0.00628506 -0.0046533 -0.0428046 0.000914798 -0.00418626 0.00150687 -0.0415191 -0.0255145 -0.00358929 -0.0398804
internal_weight=5105.23 649.532 642.543 611.32 41.7092 26.5168 15.1925 569.611 565.621 31.223 4455.7 23.9057 9.15586 4431.8 223.163 213 10.1631 199.671 5.71504 4208.63 226.039 216.371 9.66788 3982.59 414.178 3568.42 13.3292 28.6924 8.90138 14.7498
internal_count=36237 6167 6057 5734 406 270 136 5328 5257 323 30070 213 77 29857 1590 1516 74 1414 43 28267 1779 1693 86 26488 2485 24003 102 302 99 136
is_linear=0
shrinkage=0.05


Tree=185
num_leaves=31
num_cat=0
split_feature=8 9 3 12 17 13 17 3 15 9 13 13 0 9 17 13 11 15 14 9 12 9 8 8 0 9 17 0 3 17
split_gain=5.0589 7.76071 7.86869 12.0061 7.51981 9.35442 7.52792 7.49453 8.05859 9.50544 6.99061 7.21457 5.87311 5.29306 9.5978 5.09684 4.92851 11.1846 13.6972 12.4421 15.5438 12.9882 11.8481 11.428 8.90522 8.8716 4.81855 4.02436 3.74899 8.70032
threshold=37.850000000000001 535.00000000000011 7.5000000000000009 25.73721590909091 216.50000000000003 55.870833333333344 1141.5000000000002 5.5000000000000009 564.50000000000011 477.00000000000006 54.486111111111121 54.559027777777786 2023.5000000000002 453.00000000000006 843.50000000000011 54.40312500000001 62.000000000000007 203.50000000000003 34.500000000000007 481.00000000000006 48.286153846153859 499.00000000000006 36.550000000000004 37.050000000000004 2022.5000000000002 511.00000000000006 505.00000000000006 2013.5000000000002 8.5000000000000018 1141.5000000000002
decision_type=2 2 2 2 2 2 2 2 2 2 2 2 2 2 2 2 2 2 2 2 2 2 2 2 2 2 2 2 2 2
left_child=16 2 7 -4 5 -3 -6 8 12 -10 27 -12 -2 14 -5 -15 28 22 19 20 -19 -21 25 -24 -25 26 -18 -9 -1 -30
right_child=1 4 3 13 6 -7 -8 10 9 -11 11 -13 -14 15 -16 -17 17 18 -20 21 -22 -23 23 24 -26 -27 -28 -29 29 -31
leaf_value=-0.00061323728527881835 -0.023716408043158485 -0.021672051619064311 0.058174418740316085 0.028550577648535764 -0.025882446959515273 0.13170527428898668 0.077738663691917759 -0.049811818308982098 0.10290310692649812 -0.011308314313857842 0.074950599688928615 0.0073859939924568229 0.050625891046549111 0.000439273136344607 -0.05710234411680859 -0.026827138200256142 -0.011992302167661055 0.064526332080179521 -0.032244977318011431 0.089686890689655366 -0.00040768103051071517 0.011804134986143029 0.084385784511138318 -0.056843622661518968 0.04881250213049107 0.060520845315181551 -0.06039873778087948 0.0023115136091879976 0.007298689121997025 -0.010386048900244024
leaf_weight=4138.2193850544281 59.214195914100856 1.4524396513588715 5.2465199567377558 13.016725091496484 6.0739493095315975 3.15032476070337 2.4636821141466498 8.2944622715003771 3.0267856521531931 4.5759550724178553 4.0868816599249831 118.87445960298646 2.7814513228368005 20.460264265770093 4.3681472227908662 105.58240600361023 8.0567375943064743 11.914153957739471 10.96798314899206 13.503051033243539 40.698789124377072 8.8692021258175355 5.0723229758441439 4.6218266002833825 3.5080473870038986 2.2875288426876059 14.205817805603145 6.6899810654576859 384.64756219089031 84.896822106093168
leaf_count=26003 1749 27 45 233 110 43 43 87 54 103 61 1553 71 287 65 1787 85 70 112 67 300 51 35 57 23 14 143 91 2376 445
internal_value=-0.000308366 -0.00594412 -0.00733613 -0.0161163 0.0317914 0.0833058 0.00401923 -0.00104649 -0.014423 0.0341613 0.0057024 0.00963165 -0.020381 -0.0188338 0.00702931 -0.022401 0.000131585 0.00998032 0.0199441 0.0275778 0.0142966 0.0588112 -0.012705 0.0254918 -0.0112529 -0.0332459 -0.0428806 -0.0265407 -0.000132826 0.00410117
internal_weight=5100.83 369.359 356.218 148.674 13.1404 4.60276 8.53763 207.544 69.5984 7.60274 137.946 122.961 61.9956 143.428 17.3849 126.043 4731.47 123.705 85.9532 74.9852 52.6129 22.3723 37.7523 13.2022 8.12987 24.5501 22.2626 14.9844 4607.76 469.544
internal_count=36190 6409 6186 2417 223 70 153 3769 1977 157 1792 1614 1820 2372 298 2074 29781 957 600 488 370 118 357 115 80 242 228 178 28824 2821
is_linear=0
shrinkage=0.05


Tree=186
num_leaves=31
num_cat=0
split_feature=8 14 15 14 8 16 11 15 14 7 8 8 8 16 11 3 15 3 16 8 17 14 18 16 14 17 15 11 11 15
split_gain=4.63571 7.776 8.35806 6.0531 8.05299 5.188 5.06028 10.7011 12.7227 13.4636 10.7823 9.99411 9.84052 7.24064 4.58983 5.21482 6.2288 5.16877 3.69966 3.62343 12.579 3.4236 3.17161 4.29604 7.33521 5.9178 4.16446 4.01325 7.16721 6.92253
threshold=37.95000000000001 23.500000000000004 381.50000000000006 36.500000000000007 38.45000000000001 34.500000000000007 62.000000000000007 203.50000000000003 34.500000000000007 55.750000000000007 36.550000000000004 37.050000000000004 36.350000000000001 18.500000000000004 49.500000000000007 7.5000000000000009 32.500000000000007 5.5000000000000009 29.500000000000004 34.750000000000007 865.50000000000011 8.5000000000000018 12.500000000000002 43.500000000000007 23.500000000000004 666.50000000000011 340.50000000000006 16.500000000000004 15.500000000000002 196.00000000000003
decision_type=2 2 2 2 2 2 2 2 2 2 2 2 2 2 2 2 2 2 2 2 2 2 2 2 2 2 2 2 2 2
left_child=6 14 -3 4 -4 -6 22 10 9 12 19 -12 -9 -11 15 16 -2 -18 -13 20 -8 -17 27 -24 26 -26 -25 28 -1 -30
right_child=1 2 3 -5 5 -7 7 8 -10 13 11 18 -14 -15 -16 21 17 -19 -20 -21 -22 -23 23 24 25 -27 -28 -29 29 -31
leaf_value=-0.0029272412678335771 -0.04516946788293235 -0.0076963027452637599 0.079675144313542307 -0.00099780702757634276 -0.021315017442954897 0.077285353962367048 0.053771673530140909 0.022526778961684091 -0.031301080341234654 0.025254842389571732 0.077334422929330404 0.013067768242076602 -0.037345445921492089 0.084791178893949784 -0.0519512798946416 -0.012591698953942444 -0.015135959169152067 0.006597607517470655 -0.058256777937579163 -0.047617270690316571 -0.064424816251799091 -0.03625986034390135 0.00062234698918643401 0.0067730041808042388 -0.05918923128352787 -0.0032089269215037786 0.023083868984546604 -0.0031620119262840414 -0.0017845723611289205 0.0073091271653794813
leaf_weight=793.21022502891719 7.8979609198868266 26.663952977047302 9.6555893998593145 8.6904104936402273 4.5628400933928779 1.8853104934096334 4.3455672841519135 47.073271125555038 10.739686227403579 8.5803789049386996 5.2531276419758788 5.3383050523698312 8.0342197762802225 12.615036766976116 6.2103655105456701 104.29596361692529 38.005277267773636 97.638500577188097 2.7571620419621468 14.89079976454377 4.6701137386262417 17.901464980328456 1432.2588456883095 126.28398436866701 6.1983227748423841 19.806807804852724 56.704928014427423 1346.4787335530855 350.54018196463585 519.32139463722706
leaf_count=4454 146 491 92 153 123 39 37 289 112 56 35 57 90 56 280 1837 1167 1346 27 173 32 290 9070 721 46 111 304 9046 2426 3084
internal_value=-0.000294857 -0.00608811 0.0117353 0.0326323 0.0507808 0.00751376 9.75076e-05 0.0100538 0.0196518 0.0268235 -0.0123709 0.0236268 0.0137979 0.0606895 -0.00946064 -0.00846763 -0.00200508 0.0005082 -0.011224 -0.0324708 -0.00745399 -0.016059 -0.000168585 0.00159952 0.00829621 -0.0165518 0.0118274 -0.00113282 0.000510083 0.00364451
internal_weight=5098.51 323.408 51.4581 24.7942 16.1037 6.44815 4775.1 124.298 87.0426 76.3029 37.2551 13.3486 55.1075 21.1954 271.95 265.739 143.542 135.644 8.09547 23.9065 9.01568 122.197 4650.8 1641.25 208.994 26.0051 182.989 3009.55 1663.07 869.862
internal_count=36190 5964 898 407 254 162 30226 964 603 491 361 119 379 112 5066 4786 2659 2513 84 242 69 2127 29262 10252 1182 157 1025 19010 9964 5510
is_linear=0
shrinkage=0.05


Tree=187
num_leaves=31
num_cat=0
split_feature=8 9 3 12 3 17 17 18 0 0 9 6 9 12 0 9 16 14 0 8 6 0 0 8 18 9 1 12 12 12
split_gain=4.24474 6.88463 6.80399 10.6855 6.39355 6.26169 6.54261 6.0207 5.70058 7.40881 4.93043 5.74748 4.7435 4.43048 4.87056 4.25212 2.95401 6.94228 6.33383 8.9035 10.4539 6.13006 5.58701 5.34456 5.06769 4.80148 4.41502 4.45887 5.90806 4.28756
threshold=37.850000000000001 535.00000000000011 7.5000000000000009 25.147222222222229 5.5000000000000009 216.50000000000003 1141.5000000000002 14.500000000000002 2002.5000000000002 2004.5000000000002 491.00000000000006 3.5000000000000004 487.00000000000006 27.78948863636364 2008.5000000000002 493.00000000000006 43.500000000000007 45.500000000000007 2015.5000000000002 35.150000000000013 5.5000000000000009 2006.5000000000002 2017.5000000000002 36.45000000000001 18.500000000000004 535.00000000000011 5.5000000000000009 36.80937500000001 52.463961038961052 36.422916666666673
decision_type=2 2 2 2 2 2 2 2 2 2 2 2 2 2 2 2 2 2 2 2 2 2 2 2 2 2 2 2 2 2
left_child=16 2 4 -4 8 7 -7 -3 -2 -10 12 -12 -5 15 -15 -6 25 18 21 20 -20 24 -21 -23 -18 -1 27 -27 -29 -28
right_child=1 5 3 10 13 6 -8 -9 9 -11 11 -13 -14 14 -16 -17 17 -19 19 22 -22 23 -24 -25 -26 26 29 28 -30 -31
leaf_value=-7.6306734821694254e-05 -0.049147654093052592 0.013019525613693204 0.058536966052088558 -0.014411301237935437 -0.067278927624507781 -0.024995412669301373 0.070440993277114561 0.12497379131183005 0.041540092608760071 -0.014111886789747834 0.0049851679779964317 -0.036998387620483568 0.022063051520768904 0.016054163228952339 -0.0031866214518782667 0.015364276164538719 -0.0040105442989155438 -0.032854749984036397 -0.028559773385774263 -0.01384266896482738 0.026870036688967199 0.016234762472504497 0.018272570053611468 -0.00064022145458485387 0.025244082287142207 -0.032781915311836669 0.012196485412632147 0.028399356539177918 -0.012459212618933726 -0.029080132074894616
leaf_weight=4101.8960989350453 9.6479131532832962 2.1682877466082564 4.7658040570095173 75.94657217618078 3.9855496250092974 5.9341331699397397 2.575117802945897 2.6916656217072159 6.7650666602421543 51.557179928873666 9.9719096745830011 44.664715118240565 10.099147924571296 71.11621357081458 61.191302946070209 2.5537064396776259 129.27298753336072 12.743637129664419 50.077010180801153 20.041492367163301 10.246612589806317 194.89342416450381 41.76164985075593 61.79895736835897 16.717790599912405 8.5378834120929223 7.4976925179362288 17.274095665663481 18.136786825954914 39.100954588502645
leaf_count=26194 238 38 40 1328 36 110 43 32 162 1577 149 751 149 801 933 22 684 83 261 128 70 1026 259 408 83 50 42 96 140 257
internal_value=-0.000281509 -0.00547194 -0.00680855 -0.0150948 -0.000981108 0.0297464 0.00388609 0.0750249 -0.0135459 -0.00765656 -0.0175891 -0.0293358 -0.0101303 0.0051698 0.00715543 -0.0350052 0.000119718 0.00360926 0.00449469 -0.00547952 -0.0191444 0.00751969 0.00785826 0.0121721 -0.00066052 -0.000327709 -0.0117165 -0.000347793 0.00747237 -0.0224388
internal_weight=5095.63 365.634 352.265 145.448 206.817 13.3692 8.50925 4.85995 67.9702 58.3222 140.682 54.6366 86.0457 138.847 132.308 6.53926 4730 537.554 524.81 122.127 60.3236 402.683 61.8031 256.692 145.991 4192.44 90.5474 43.9488 35.4109 46.5986
internal_count=36190 6409 6186 2417 3769 223 153 70 1977 1739 2377 900 1477 1792 1734 58 29781 3002 2919 718 331 2201 387 1434 767 26779 585 286 236 299
is_linear=0
shrinkage=0.05


Tree=188
num_leaves=31
num_cat=0
split_feature=15 12 17 17 15 12 12 12 7 6 8 11 8 17 8 3 11 8 2 15 11 11 8 11 9 12 4 0 8 15
split_gain=3.98295 10.8347 7.16104 10.5771 8.2961 7.71555 7.11825 8.71785 6.40742 6.30019 5.96392 11.4426 10.3945 6.72004 5.38517 9.09754 7.21422 7.08084 7.03829 5.58386 5.43419 13.7112 12.8769 10.3183 11.186 13.5001 8.68716 8.15109 14.1039 7.89174
threshold=407.00000000000006 28.935416666666669 176.50000000000003 349.00000000000006 564.50000000000011 98.256666666666675 71.361458333333346 81.947058823529417 54.250000000000007 3.5000000000000004 36.45000000000001 58.000000000000007 35.650000000000013 14.500000000000002 37.150000000000013 5.5000000000000009 13.500000000000002 38.250000000000007 5.5000000000000009 402.50000000000006 37.500000000000007 33.500000000000007 35.650000000000013 53.000000000000007 467.00000000000006 49.042063492063498 11.500000000000002 2012.5000000000002 34.650000000000013 162.50000000000003
decision_type=2 2 2 2 2 2 2 2 2 2 2 2 2 2 2 2 2 2 2 2 2 2 2 2 2 2 2 2 2 2
left_child=14 -2 10 6 8 -6 9 -8 -5 -4 11 12 -3 -12 20 16 17 18 -16 -17 21 -1 -23 24 26 -26 -22 29 -29 -25
right_child=1 2 3 4 5 -7 7 -9 -10 -11 13 -13 -14 -15 15 19 -18 -19 -20 -21 23 22 -24 27 25 -27 -28 28 -30 -31
leaf_value=0.00016164764846251047 -0.016138023389820774 0.0084127949948955942 0.0045393396930213468 -0.0085169919424534953 -0.003670831902600299 0.024620598815329103 0.039263842480647862 -0.024487869363219034 0.01161438186211225 -0.034616721074240735 0.037417592441382541 0.096212376065266114 0.04618689146038104 -0.015897620629711409 -0.010488207445442044 -0.0010828393906759765 -0.017215040984450165 -0.053769372259788943 0.08754937944500657 -0.047523890089252771 0.064364746024882749 -0.0070186263529117519 -0.037527470135903074 -0.01637596319717478 -0.008576142689341466 0.0228325560960362 0.019229530120884592 0.0030413330709623304 -0.033449479892795668 0.015758832062684105
leaf_weight=2718.392721477896 72.26991280214861 88.944185040891171 13.609212214127181 45.004532484803349 324.73267944133841 26.030678786803037 11.24802129622549 10.248389731394125 324.65620070439763 41.90538732917048 7.5571971479803315 4.6479344666004172 22.901021271944046 27.120849472354166 3.0052738934755308 522.08976604870986 166.86071725096554 2.1308809048496187 4.6841695234179497 6.5537227340973905 16.502168495208025 210.07796223834157 41.402000432834029 25.239406507462263 69.662842806428671 67.228203097358346 30.116683844476938 66.135394632816315 44.160892093554139 78.616563831456006
leaf_count=16398 389 470 104 269 1932 146 70 75 1910 296 71 27 141 279 26 5883 2991 53 43 68 116 1371 391 243 420 443 180 417 448 520
internal_value=-0.000268779 0.00252388 0.00394564 0.00205416 0.00393689 -0.00157128 -0.0155584 0.00887029 0.00916348 -0.0250177 0.0139233 0.0193418 0.0161473 -0.00427893 -0.000968767 -0.00494143 -0.014764 0.026883 0.0492332 -0.00165858 -0.0001367 -0.00087167 -0.0120414 0.0053523 0.0140529 0.0068489 0.0352065 -0.00210333 -0.011569 0.00794933
internal_weight=5093.74 1020.88 948.606 797.435 720.424 350.763 77.011 21.4964 369.661 55.5146 151.171 116.493 111.845 34.678 4072.86 705.325 176.681 9.82032 7.68944 528.643 3367.53 2969.87 251.48 397.662 183.51 136.891 46.6189 214.152 110.296 103.856
internal_count=36190 6179 5790 4802 4257 2078 545 145 2179 400 988 638 611 350 30011 9064 3113 122 69 5951 20947 18160 1762 2787 1159 863 296 1628 865 763
is_linear=0
shrinkage=0.05


Tree=189
num_leaves=31
num_cat=0
split_feature=6 14 13 0 0 16 11 7 16 7 11 18 17 16 14 16 17 7 13 11 16 17 14 0 16 13 0 7 7 14
split_gain=3.17839 3.61173 2.93474 3.59961 2.7326 3.26346 2.58516 7.43359 11.5362 7.14905 5.56808 6.93292 6.62476 10.3961 5.5525 6.20502 5.62895 5.27423 5.03561 10.7356 11.2522 6.31667 4.31865 3.45676 8.46626 3.55579 2.5643 2.49855 2.49167 6.88733
threshold=2.5000000000000004 1.0000000180025095e-35 55.885620915032682 2003.5000000000002 2020.5000000000002 21.500000000000004 37.500000000000007 53.500000000000007 38.500000000000007 52.500000000000007 33.500000000000007 17.500000000000004 642.50000000000011 2.5000000000000004 14.500000000000002 28.500000000000004 239.00000000000003 52.500000000000007 54.566964285714292 53.000000000000007 17.500000000000004 365.00000000000006 25.500000000000004 2023.5000000000002 30.500000000000004 54.710084033613448 2001.5000000000002 54.250000000000007 51.500000000000007 1.5000000000000002
decision_type=2 2 2 2 2 2 2 2 2 2 2 2 2 2 2 2 2 2 2 2 2 2 2 2 2 2 2 2 2 2
left_child=1 2 3 27 -3 -6 10 8 17 -10 28 14 26 -14 16 -16 -12 22 19 20 -9 -21 -8 25 -25 -20 -13 -1 29 -2
right_child=6 4 -4 -5 5 -7 7 18 9 -11 11 12 13 -15 15 -17 -18 -19 23 21 -22 -23 -24 24 -26 -27 -28 -29 -30 -31
leaf_value=0.039602933164178351 0.00070691028155986618 0.0057938740866900198 0.02595305839490716 -0.025458519348105564 0.0017691816021803372 -0.061962056019444905 -0.027263028219524456 0.0079639100557517238 -0.0087996192687898218 0.11598073978119666 0.0045405425238638575 -0.042446967173130068 0.088704008540778978 0.0091035681658437929 -0.011564304994949664 0.012939686870733831 -0.020931623795079995 -0.05393739346706794 -0.020231633878604743 -0.062840610162436292 0.073413849957948585 0.0065711662976672084 0.046936991565663923 0.00060697101403406426 -0.064583004930293994 0.0045329968986119341 -0.0060730284844069775 -0.0118249137717644 0.00019108293573663065 -0.041742708912762584
leaf_weight=3.780668562743811 33.482927022618242 45.259393692715093 3.7606719583272925 47.022694814484566 4.681502263993023 3.5182926505804062 7.0510410865535995 12.766745595261456 2.3906575534492722 2.2081021517515182 26.008081006584689 5.5584398191422215 4.4035894051194182 59.86201339145191 66.085937701864168 42.417282729875296 130.5966170579195 14.842694179154932 14.955148220062254 3.8333908338099745 13.522390314377843 22.608244125731289 2.7165156481787562 21.966205786680806 6.4408083148300639 470.90360501769464 37.770508703077212 6.2927071270532906 3960.5319372774102 13.371074161957948
leaf_count=30 343 244 29 337 29 19 106 112 20 21 239 59 29 448 416 251 922 172 89 36 104 147 29 155 45 3725 346 46 27526 116
internal_value=-0.000257097 -0.00850016 -0.0168299 -0.0196478 0.000982226 -0.025576 -6.77367e-05 0.00302116 -0.021577 0.0511139 -0.000488189 -0.00633381 0.00437061 0.0145579 -0.0106782 -0.00198493 -0.0167013 -0.0351603 0.00428835 0.0190036 0.0416295 -0.00349184 -0.0066268 0.0027795 -0.0141737 0.00377072 -0.0107392 0.00747662 5.54762e-05 -0.0114073
internal_weight=5090.61 114.316 60.8567 57.0961 53.4592 8.19979 4976.29 596.206 29.209 4.59876 4380.09 372.702 107.595 64.2656 265.108 108.503 156.605 24.6103 566.997 52.7308 26.2891 26.4416 9.76756 514.266 28.407 485.859 43.3289 10.0734 4007.39 46.854
internal_count=36190 734 442 413 292 48 35456 4761 348 41 30695 2710 882 477 1828 667 1161 307 4413 399 216 183 135 4014 200 3814 405 76 27985 459
is_linear=0
shrinkage=0.05


Tree=190
num_leaves=31
num_cat=0
split_feature=9 0 15 15 9 13 18 12 11 17 6 18 15 17 13 12 13 12 15 15 15 12 9 13 12 9 17 12 12 17
split_gain=5.43479 3.99004 6.08312 7.39182 8.7021 15.5953 8.85677 6.00063 9.85934 5.65528 5.52597 6.25588 6.00799 8.20438 5.14735 4.89019 4.48393 4.00292 6.56984 5.32992 5.70971 4.62339 7.9656 6.6069 4.11896 4.03576 8.92995 5.16857 4.01654 8.16582
threshold=409.00000000000006 2003.5000000000002 307.50000000000006 245.00000000000003 479.00000000000006 55.757352941176478 1.0000000180025095e-35 63.916666666666679 46.500000000000007 237.00000000000003 5.5000000000000009 15.500000000000002 381.50000000000006 1150.5000000000002 56.138095238095246 45.959375000000009 56.31009615384616 77.418487394958007 137.50000000000003 181.00000000000003 164.50000000000003 73.306696428571442 443.00000000000006 55.885620915032682 77.806458333333353 513.00000000000011 199.50000000000003 110.23333333333333 72.690972222222243 1073.5000000000002
decision_type=2 2 2 2 2 2 2 2 2 2 2 2 2 2 2 2 2 2 2 2 2 2 2 2 2 2 2 2 2 2
left_child=-1 2 3 7 6 -6 -5 8 -2 -9 11 16 14 -14 -12 -13 -4 21 25 20 -20 28 -23 -24 -21 27 -27 -19 -3 -30
right_child=1 17 10 4 5 -7 -8 9 -10 -11 12 15 13 -15 -16 -17 -18 18 19 24 -22 22 23 -25 -26 26 -28 -29 29 -31
leaf_value=-0.046318943121509935 0.002770106632596088 0.00017549494310915297 0.0031710670199744059 0.098163628926062674 0.026117508455020103 -0.032829200624314013 0.025810317800851707 -0.0015710192699268273 -0.029835567803729642 0.022805822827355084 -0.060224308319733438 -0.050862254472698411 0.009502500168477453 0.083678221219459392 0.024948356715339213 -0.012978487643988302 -0.020661977046953731 -0.021953142481165869 0.00082838711537272123 -0.02924781778202051 0.032234548548532686 -0.04063961991891895 0.025671825934038335 0.003585575686453991 -0.0023679568585304868 0.074628001960270626 -0.012834120666131306 0.0069468492056057058 -0.0060128914075644919 -0.072906214792917326
leaf_weight=6.2562366260681292 317.75354545703158 3498.1796820409363 95.215181593317538 4.6099706124514332 28.059441216755658 18.697412389563397 51.260386727051809 36.969994356390089 25.009498487226665 66.75061603076756 3.7566908607259419 12.277353894896804 10.874936249107124 5.6723365611396721 3.3608309291303158 27.822726741898805 24.895104461349547 94.555634900927544 39.437477669212967 14.695414658635853 22.86079433420673 7.7378846872597924 52.397125378018245 95.71304746135138 472.26636848028284 3.9750638729892662 10.979140212759374 18.497343667317182 26.005520877195526 5.5328394243260837
leaf_count=138 2329 24395 594 27 165 124 325 437 211 483 40 76 94 36 29 189 145 848 331 95 164 90 460 700 3183 39 77 173 199 41
internal_value=0.000254524 0.000311703 0.00372511 0.00636094 0.018461 0.00254554 0.0317803 0.00357966 0.000391053 0.014117 -0.00414632 -0.00747766 0.0184068 0.0349296 -0.0200065 -0.0245773 -0.00176878 -0.000261773 -0.00379479 -0.00141743 0.0123531 0.000387462 0.00881533 0.0113991 -0.00317913 -0.0139957 0.0104147 -0.0172246 1.53457e-05 -0.0177481
internal_weight=5102.08 5095.82 732.986 549.111 102.627 46.7569 55.8704 446.484 342.763 103.721 183.875 160.21 23.6648 16.5473 7.11752 40.1001 120.11 4362.83 677.267 549.26 62.2983 3685.57 155.848 148.11 486.962 128.007 14.9542 113.053 3529.72 31.5384
internal_count=36237 36099 5304 4101 641 289 352 3460 2540 920 1203 1004 199 130 69 265 739 30795 4910 3773 495 25885 1250 1160 3278 1137 116 1021 24635 240
is_linear=0
shrinkage=0.05


end of trees

feature_importances:
last_3f=748
jockey_frequency=578
field_size=500
trainer_frequency=490
horse_weight_kg=477
race_avg_odds=437
race_avg_weight=410
year=397
age=318
jockey_encoded=307
weight=202
month=184
trainer_encoded=174
venue_code=136
race_type_encoded=126
race_number=107
sex_encoded=71
day_of_week=43

parameters:
[boosting: gbdt]
[objective: binary]
[metric: auc]
[tree_learner: serial]
[device_type: cpu]
[data_sample_strategy: bagging]
[data: ]
[valid: ]
[num_iterations: 200]
[learning_rate: 0.05]
[num_leaves: 31]
[num_threads: 0]
[seed: 0]
[deterministic: 0]
[force_col_wise: 0]
[force_row_wise: 0]
[histogram_pool_size: -1]
[max_depth: 6]
[min_data_in_leaf: 20]
[min_sum_hessian_in_leaf: 0.001]
[bagging_fraction: 0.8]
[pos_bagging_fraction: 1]
[neg_bagging_fraction: 1]
[bagging_freq: 5]
[bagging_seed: 3]
[bagging_by_query: 0]
[feature_fraction: 0.8]
[feature_fraction_bynode: 1]
[feature_fraction_seed: 2]
[extra_trees: 0]
[extra_seed: 6]
[early_stopping_round: 0]
[early_stopping_min_delta: 0]
[first_metric_only: 0]
[max_delta_step: 0]
[lambda_l1: 0]
[lambda_l2: 0]
[linear_lambda: 0]
[min_gain_to_split: 0]
[drop_rate: 0.1]
[max_drop: 50]
[skip_drop: 0.5]
[xgboost_dart_mode: 0]
[uniform_drop: 0]
[drop_seed: 4]
[top_rate: 0.2]
[other_rate: 0.1]
[min_data_per_group: 100]
[max_cat_threshold: 32]
[cat_l2: 10]
[cat_smooth: 10]
[max_cat_to_onehot: 4]
[top_k: 20]
[monotone_constraints: ]
[monotone_constraints_method: basic]
[monotone_penalty: 0]
[feature_contri: ]
[forcedsplits_filename: ]
[refit_decay_rate: 0.9]
[cegb_tradeoff: 1]
[cegb_penalty_split: 0]
[cegb_penalty_feature_lazy: ]
[cegb_penalty_feature_coupled: ]
[path_smooth: 0]
[interaction_constraints: ]
[verbosity: -1]
[saved_feature_importance_type: 0]
[use_quantized_grad: 0]
[num_grad_quant_bins: 4]
[quant_train_renew_leaf: 0]
[stochastic_rounding: 1]
[linear_tree: 0]
[max_bin: 255]
[max_bin_by_feature: ]
[min_data_in_bin: 3]
[bin_construct_sample_cnt: 200000]
[data_random_seed: 1]
[is_enable_sparse: 1]
[enable_bundle: 1]
[use_missing: 1]
[zero_as_missing: 0]
[feature_pre_filter: 1]
[pre_partition: 0]
[two_round: 0]
[header: 0]
[label_column: ]
[weight_column: ]
[group_column: ]
[ignore_column: ]
[categorical_feature: ]
[forcedbins_filename: ]
[precise_float_parser: 0]
[parser_config_file: ]
[objective_seed: 5]
[num_class: 1]
[is_unbalance: 0]
[scale_pos_weight: 1]
[sigmoid: 1]
[boost_from_average: 1]
[reg_sqrt: 0]
[alpha: 0.9]
[fair_c: 1]
[poisson_max_delta_step: 0.7]
[tweedie_variance_power: 1.5]
[lambdarank_truncation_level: 30]
[lambdarank_norm: 1]
[label_gain: ]
[lambdarank_position_bias_regularization: 0]
[eval_at: ]
[multi_error_top_k: 1]
[auc_mu_weights: ]
[num_machines: 1]
[local_listen_port: 12400]
[time_out: 120]
[machine_list_filename: ]
[machines: ]
[gpu_platform_id: -1]
[gpu_device_id: -1]
[gpu_use_dp: 0]
[num_gpu: 1]

end of parameters

pandas_categorical:[]
