tree
version=v4
num_class=1
num_tree_per_iteration=1
label_index=0
max_feature_idx=23
objective=lambdarank
feature_names=Column_0 Column_1 Column_2 Column_3 Column_4 Column_5 Column_6 Column_7 Column_8 Column_9 Column_10 Column_11 Column_12 Column_13 Column_14 Column_15 Column_16 Column_17 Column_18 Column_19 Column_20 Column_21 Column_22 Column_23
feature_infos=[1000:2600] [48:59] [2:11] [0:1] [0:2] [0:2] [0:2] [0:3] [0:5] [0:0.5] [0:1] [0:1] [0:1] [0:1] [0:1] [1:5] [5:16] [12.48:127.28571428571428] [1:16] [1.2:564.70000000000005] [2016:2023] none [5:6] [58:179.90000000000001]
tree_sizes=3387 3388 3402 3397 3398 3395 3397 3410 3380 3393 3381 3392 3391 3406 3400 3389 3392 3410 3401 3407 3405 3397 3396 3394 3396 3401 3423 3406 3404 3406 3441 3403 3430 3410 3433 3406 3417 3388 3415 3402 3412 3413 3417 3408 3415 3416 3427 3456 3418

Tree=0
num_leaves=31
num_cat=0
split_feature=18 18 12 16 0 12 19 10 18 11 19 1 16 10 18 1 15 8 6 19 18 11 19 10 20 11 19 22 20 6
split_gain=96.3092 18.7037 13.8059 10.1218 4.65067 4.4046 5.27555 4.15795 8.16851 4.77262 4.63095 3.77764 3.58811 3.16368 3.62428 3.09585 2.7048 2.5212 3.08088 2.44856 3.76737 2.26082 2.1872 1.80374 1.79461 1.62002 1.59636 1.23865 1.23154 1.08094
threshold=6.5000000000000009 11.500000000000002 1.0000000180025095e-35 11.500000000000002 2200.0000000000005 0.22500000000000003 16.450000000000003 0.39231927710843378 3.5000000000000004 0.043055555555555507 9.9500000000000011 51.500000000000007 9.5000000000000018 0.27126436781609192 10.500000000000002 55.250000000000007 1.5000000000000002 3.5000000000000004 1.5000000000000002 6.1500000000000012 5.5000000000000009 0.052177858439201405 167.00000000000003 0.07032115171650051 2022.5000000000002 0.078461538461538458 158.25000000000003 5.5000000000000009 2019.0000000000002 1.5000000000000002
decision_type=2 2 2 2 2 2 2 2 2 2 2 2 2 2 2 2 2 2 2 2 2 2 2 2 2 2 2 2 2 2
left_child=2 5 3 28 16 6 -2 9 17 11 -10 -5 24 22 -15 -13 23 18 -9 29 -21 27 -14 -3 -8 -25 -27 -18 -1 -11
right_child=1 4 -4 7 -6 -7 12 8 10 19 -12 15 13 14 -16 -17 21 -19 -20 20 -22 -23 -24 25 -26 26 -28 -29 -30 -31
leaf_value=-0.03813124917425139 -0.043341357769651062 0.017550900246086042 -0.092414216171733204 0.049182495366016987 -0.0168915978452489 -0.056472220784267529 -0.0012093878902722103 0.058255674590703771 0.081070501807391851 -0.053565233530930734 -0.0030142322888974471 -0.038072368019576801 0.010882613127422515 0.024731724172951497 0.078168081454378757 0.01822795515815279 0.029195812799710077 -0.062566369153997686 -0.04369233129384379 -0.021673465626774153 -0.074590095932671227 0.052128817580095868 0.057227191356258138 0.068598371727658064 -0.066334152370654598 0.01646737027208876 0.071732143612673299 -0.020146135370995775 -0.077734442754333388 -0.091890645659470943
leaf_weight=2.3404488544911137 3.8650396438315502 2.2528775250539175 12.077174894278867 2.3296127757057539 2.4375329138711086 2.3117382219061247 2.6657792744226745 1.2343956576660258 3.339684228412807 4.5388073525391546 3.2126978603191674 7.9010218088515085 48.811682676430792 12.470795504283162 4.2560612158849827 3.5338233984075487 3.081798321567474 4.1642372985370457 1.8542736894451082 13.147512969910169 4.5198288988322011 7.0865803137421608 2.6859253915026775 28.106340180849656 1.7537642391398547 3.2387485466897479 2.1904392326250672 2.165752487257123 12.173230159096418 3.0938847241923213
leaf_count=84 63 26 254 19 30 43 45 11 21 67 39 131 640 133 22 58 30 62 39 200 85 55 26 216 16 45 19 24 188 60
internal_value=0.000141218 0.0267507 -0.0431854 -0.034362 0.0504871 0.0115248 0.0135794 -0.0242087 -0.000621656 -0.0325443 0.0398429 -0.00885034 0.0166078 0.0194361 0.0383283 -0.0206733 0.0539 -0.0371779 -0.00294852 -0.045435 -0.0352111 0.033708 0.0132998 0.060859 -0.0270522 0.0637684 0.0387643 0.00883156 -0.0713481 -0.0691003
internal_weight=208.841 129.381 79.4606 67.3835 50.5601 78.8208 76.509 52.8698 13.8053 39.0645 6.55238 13.7645 72.644 68.2245 16.7269 11.4348 48.1225 7.25291 3.08867 25.3 17.6673 12.3341 51.4976 35.7884 4.41954 33.5355 5.42919 5.24755 14.5137 7.63269
internal_count=2751 1433 1318 1064 445 988 945 792 172 620 60 208 882 821 155 189 415 112 50 412 285 109 666 306 61 280 64 54 272 127
is_linear=0
shrinkage=0.05


Tree=1
num_leaves=31
num_cat=0
split_feature=13 18 2 23 23 23 16 23 23 0 10 23 13 23 10 23 23 11 9 23 22 10 23 8 10 10 22 17 2 11
split_gain=262.993 79.5044 33.3143 32.4326 18.1557 38.4738 32.6542 18.7748 16.995 36.7814 25.1471 16.5052 15.0042 14.4522 13.4377 11.1387 10.7333 10.5616 12.7742 9.63325 9.14167 8.69125 8.18 7.18749 6.16109 6.04035 6.01068 5.70314 4.80785 4.44089
threshold=0.36666666666666675 11.500000000000002 6.5000000000000009 60.45000000000001 70.950000000000017 109.15000000000002 12.500000000000002 95.050000000000026 109.25000000000001 1600.0000000000002 0.18734335839598995 120.55000000000001 0.70833333333333337 71.550000000000011 0.17846085802742148 70.450000000000017 71.65000000000002 0.16904761904761903 0.012896825396825353 69.65000000000002 5.5000000000000009 0.31123737373737376 106.65000000000002 2.5000000000000004 0.24638060352346061 0.11834733893557421 5.5000000000000009 38.297916666666673 3.5000000000000004 0.071067821067821071
decision_type=2 2 2 2 2 2 2 2 2 2 2 2 2 2 2 2 2 2 2 2 2 2 2 2 2 2 2 2 2 2
left_child=1 3 12 -1 15 7 23 16 9 13 26 -8 17 20 25 19 -6 18 -2 28 27 -21 -9 -7 -16 -10 -11 -3 -5 -15
right_child=2 8 -4 4 5 6 11 22 14 10 -12 -13 -14 29 24 -17 -18 -19 -20 21 -22 -23 -24 -25 -26 -27 -28 -29 -30 -31
leaf_value=-0.07390715291880455 0.010995880396385894 0.025616504918083673 0.052142500010443453 0.0099671918617229138 -0.067377536489426612 0.0090139459144242037 0.05279049394593352 -0.075452671881621067 0.033179788444958634 -0.028294026653387695 0.038094429329027152 0.0098506033856610581 -0.096921364710234784 0.050114582284108103 0.0036448288078716781 0.061839410202592475 0.0056347358684610549 -0.006565520885263753 -0.082385055065166468 -0.067062176880963775 0.044612914710558144 0.029045139738810122 -0.031668443986126164 -0.034199487601083343 0.050056807279097351 0.070953176719950772 -0.079704131998265954 -0.02163822457936285 0.04380895089578421 0.083127841866868404
leaf_weight=14.823780979961155 4.222233863547447 12.457996945828201 4.9921690896153441 25.441225597634912 5.5639838315546504 14.175212760688735 46.707643270492554 12.727986481040714 13.026089582592247 14.60253532230854 12.997841306030748 42.964413769543171 56.487972479313612 30.445373326539993 16.748995512723926 15.531079096719621 52.806031963787973 8.2644852669909579 27.617385564371943 6.1920742094516736 23.480577081441879 3.7935887984931469 65.890764717012644 29.958658166229725 12.477404084056614 56.441253930330276 9.3105123192071915 13.098208144307135 17.86460807453841 15.308889560401438
leaf_count=95 18 28 10 108 32 70 116 79 28 36 29 201 495 47 37 37 229 35 221 35 40 16 313 161 31 77 22 33 56 16
internal_value=0.000451772 0.0133504 -0.0738075 -0.00151286 0.00164704 -0.00418106 0.0148883 -0.0228074 0.036216 0.0244605 -0.0178838 0.0322168 -0.080317 0.040949 0.0519031 0.0245787 -0.00132499 -0.0569292 -0.0700019 0.0137196 0.0220905 -0.0305507 -0.0387569 -0.0203199 0.0234591 0.0638701 -0.0483105 0.00139725 0.0239277 0.0611605
internal_weight=686.421 584.837 101.584 354.441 339.617 270.795 133.806 136.989 230.396 131.702 36.9109 89.6721 96.5921 94.791 98.6937 68.8226 58.37 40.1041 31.8396 53.2915 49.0368 9.98566 78.6188 44.1339 29.2264 69.4673 23.913 25.5562 43.3058 45.7543
internal_count=2751 1972 779 1548 1453 1201 548 653 424 251 87 317 769 164 173 252 261 274 239 215 101 51 392 231 68 105 58 61 164 63
is_linear=0
shrinkage=0.05


Tree=2
num_leaves=31
num_cat=0
split_feature=13 18 1 9 8 18 1 9 18 16 13 10 0 11 11 17 10 16 18 1 10 11 5 9 0 18 11 10 9 20
split_gain=163.306 63.7552 21.8667 17.2136 18.7608 15.5626 16.315 14.1898 11.4276 12.7827 11.3164 9.65268 9.86304 9.06404 15.1252 8.57527 7.38102 7.19559 6.71752 6.52669 6.43993 6.31253 5.76508 14.3372 11.6364 5.38958 5.76842 5.12195 15.5811 5.12008
threshold=0.36666666666666675 9.5000000000000018 58.500000000000007 0.14651229273870783 3.5000000000000004 12.500000000000002 54.500000000000007 0.03608470181503886 6.5000000000000009 15.500000000000002 0.70833333333333337 0.29128959276018102 1350.0000000000002 0.040833333333333312 0.063392857142857112 44.094505494505491 0.28708791208791212 9.5000000000000018 4.5000000000000009 51.500000000000007 0.14511278195488717 0.10990338164251207 1.0000000180025095e-35 0.03608470181503886 1750.0000000000002 3.5000000000000004 0.16904761904761903 0.18113465481886534 0.099481987285142459 2021.5000000000002
decision_type=2 2 2 2 2 2 2 2 2 2 2 2 2 2 2 2 2 2 2 2 2 2 2 2 2 2 2 2 2 2
left_child=1 3 10 8 -5 11 27 -8 9 17 25 21 -13 29 15 -15 -16 -1 -11 -19 -9 22 23 -3 -24 -2 -27 -7 -29 -10
right_child=2 5 -4 4 -6 6 7 20 13 18 -12 12 -14 14 16 -17 -18 19 -20 -21 -22 -23 24 -25 -26 26 -28 28 -30 -31
leaf_value=-0.076762085357811205 -0.083994712249660403 -0.029629677082779783 0.093311996048391632 0.058784549224360765 -0.030323551816172307 0.056872599844098294 -0.029195493860313355 0.052616193834486319 -0.0092503603517328798 0.030877591374054186 -0.091288472476591928 0.079467097440898762 0.014318223907702238 0.05344944161507701 -0.029969123862765019 -0.0023122341527081129 0.0077596067830387923 0.010983952275171481 -0.033148755230471692 -0.036618432236190483 0.0095319467947122764 -0.028105715566652756 0.034222232534163753 0.017917303037643832 -0.024623577233814892 -0.051307064800605151 0.010714704098876926 -0.014765526428116455 0.069688147855422017 -0.047061103753305703
leaf_weight=9.7049563005566579 9.300572441890834 22.773419553413987 2.020483970642089 17.38391226157546 8.946963023394348 67.145934209227562 13.669975418597458 17.247720934450626 22.137080945074558 12.427942607551815 40.071017351467162 10.815223440527918 12.551730774343012 19.260338218882683 25.944373484700918 10.739003106951712 25.908417977392673 8.2375257648527604 6.1110987570136777 57.210281629115343 17.446624048054218 10.188417797908185 49.73881608620286 52.186496744863689 10.10818726941943 19.009394433349375 4.6699177511036387 10.535175677388908 11.339851781725882 15.033790774643419
leaf_count=77 111 97 1 47 62 108 33 31 125 50 500 16 37 55 123 46 87 31 36 422 43 38 109 154 38 154 13 28 21 58
internal_value=0.000188342 0.00971508 -0.0689472 -0.00962921 0.0285065 0.0248392 0.0373269 0.0139505 -0.0143498 -0.0274119 -0.0734351 0.0146492 0.0444719 -0.00406771 0.00523056 0.0334882 -0.0111178 -0.0365847 0.00977233 -0.030627 0.0309506 0.00984303 0.0127111 0.00347215 0.0242831 -0.051743 -0.0390754 0.0500271 0.0290146 -0.0245429
internal_weight=619.865 544.793 75.0714 239.046 26.3309 305.748 137.385 48.3643 212.715 93.6918 73.0509 168.362 23.367 119.023 81.8521 29.9993 51.8528 75.1528 18.539 65.4478 34.6943 144.995 134.807 74.9599 59.847 32.9799 23.6793 89.021 21.875 37.1709
internal_count=2751 1972 779 1219 109 753 264 107 1110 616 778 489 53 494 311 101 210 530 86 453 74 436 398 251 147 278 167 157 49 183
is_linear=0
shrinkage=0.05


Tree=3
num_leaves=31
num_cat=0
split_feature=13 19 2 16 10 11 17 19 18 18 11 8 9 8 13 18 17 10 1 17 19 9 9 17 19 11 9 11 18 10
split_gain=129.4 55.3663 18.6555 16.7861 14.1208 17.7868 15.702 10.1441 7.62969 7.10036 12.874 6.27412 12.731 6.03702 5.69835 5.62293 8.12729 7.38901 6.14473 5.59558 8.19215 8.89896 5.84298 5.1093 4.66485 6.09578 4.10149 5.19125 3.11332 1.6391
threshold=0.36666666666666675 80.850000000000009 6.5000000000000009 9.5000000000000018 0.27126436781609192 0.081666666666666665 82.38333333333334 393.55000000000001 7.5000000000000009 8.5000000000000018 0.15139116202945987 1.5000000000000002 0.056438791732909353 2.5000000000000004 0.70833333333333337 12.500000000000002 59.522500000000001 0.15677668539325842 54.500000000000007 84.86375000000001 133.95000000000002 0.043961352657004807 0.029513888888888853 42.819047619047623 23.150000000000002 0.11500330469266355 0.012896825396825353 0.16904761904761903 10.500000000000002 0.13809523809523808
decision_type=2 2 2 2 2 2 2 2 2 2 2 2 2 2 2 2 2 2 2 2 2 2 2 2 2 2 2 2 2 2
left_child=1 3 14 8 5 11 9 15 -1 10 -6 28 -13 -11 26 19 18 -18 29 20 22 -22 -3 -20 -7 -26 -2 -28 -5 -17
right_child=2 7 -4 4 6 24 -8 -9 -10 13 -12 12 -14 -15 -16 16 17 -19 23 -21 21 -23 -24 -25 25 -27 27 -29 -30 -31
leaf_value=-0.075468667289473615 -0.0031938307153314576 -0.010576705782740154 0.042752514676679836 -0.011071232327404916 -0.014438801377433474 -0.081958034501852628 -0.070803181794440034 0.069782981171460062 0.0075739617791825212 -0.0013766557327085692 0.034053616451925693 0.010730286221903709 -0.043031555795093761 0.04539514838544903 -0.086476207829192908 0.066176534841344323 -0.014684685799377071 0.035720146646845259 -0.010397597264066057 0.052054911343177315 0.019763171465013989 -0.033390202565275841 0.03542485771052991 0.04001470387302903 -0.059423900873052285 0.0097290521716102262 -0.076715729305857197 -0.025992563657366203 -0.040759007198936437 0.046751150537829744
leaf_weight=11.532900897786019 3.2564293071627644 8.5842618495225889 3.7316993921995154 62.524775233119726 31.17947225831449 8.127823783084752 5.2135017476975909 14.595011226832865 3.6386042498052111 8.9517528936266881 24.396227980032563 88.03271871432662 12.586087932810186 30.088112127035856 33.155322328209877 19.32265480607748 13.326108001172544 16.001074694097042 7.5406118780374554 10.107644148170946 15.630674773827197 15.868749372661112 35.241988141089678 15.072208754718302 8.7283274158835393 5.0193302892148486 18.391777629032735 6.9506142996251574 10.283389590680597 24.793301999568939
leaf_count=101 18 36 10 341 182 65 28 19 15 27 101 378 92 62 495 26 40 38 20 20 40 62 102 33 32 27 221 35 44 41
internal_value=0.000328685 0.00888169 -0.0658098 -0.00426086 -0.00162417 -0.00944345 0.0136732 0.0296798 -0.0555524 0.018328 0.00684806 -0.00408443 0.00400539 0.0346705 -0.07237 0.0264547 0.0347547 0.0128165 0.0443965 0.0171227 0.0124353 -0.00701438 0.0264145 0.0232039 -0.0519293 -0.0341759 -0.0560164 -0.062804 -0.0152643 0.0552594
internal_weight=571.873 506.387 65.4858 310.303 295.132 195.302 99.8291 196.084 15.1715 94.6156 55.5757 173.427 100.619 39.0399 61.7541 181.489 96.056 29.3272 66.7288 85.4333 75.3257 31.4994 43.8262 22.6128 21.8755 13.7477 28.5988 25.3424 72.8082 44.116
internal_count=2751 1972 779 1495 1379 979 400 477 116 372 283 855 470 89 769 458 198 78 120 260 240 102 138 53 124 59 274 256 385 67
is_linear=0
shrinkage=0.05


Tree=4
num_leaves=31
num_cat=0
split_feature=13 19 23 16 2 7 23 23 2 23 8 23 23 23 6 10 16 13 23 11 11 6 19 19 10 10 11 22 11 23
split_gain=98.7021 50.061 17.2642 14.7852 13.4675 12.6374 32.6306 21.7404 11.7522 9.96797 12.7718 18.399 11.9145 11.2071 8.91027 8.69154 7.0287 6.09476 5.91452 5.82288 5.64873 5.81946 5.35879 5.17879 4.65349 4.47082 4.40803 3.42998 3.34098 3.38825
threshold=0.36666666666666675 69.15000000000002 60.650000000000013 9.5000000000000018 6.5000000000000009 2.5000000000000004 109.15000000000002 121.45000000000002 3.5000000000000004 110.65000000000002 1.5000000000000002 123.35000000000001 104.65000000000002 108.35000000000001 1.5000000000000002 0.29128959276018102 14.500000000000002 0.70833333333333337 70.350000000000009 0.046256684491978554 0.059411764705882351 1.5000000000000002 223.35000000000005 136.40000000000003 0.12372448979591837 0.15007309941520466 0.16904761904761903 5.5000000000000009 0.038181818181818157 107.75000000000001
decision_type=2 2 2 2 2 2 2 2 2 2 2 2 2 2 2 2 2 2 2 2 2 2 2 2 2 2 2 2 2 2
left_child=1 2 -1 -4 17 6 8 -8 -5 12 -11 23 19 14 -14 18 -13 26 -7 25 21 -15 -22 -12 -21 27 28 -3 29 -2
right_child=4 9 3 5 -6 15 7 -9 -10 10 11 16 13 20 -16 -17 -18 -19 -20 24 22 -23 -24 -25 -26 -27 -28 -29 -30 -31
leaf_value=-0.066444722895782238 -0.068177257609705028 0.013364961364638897 -0.058712667891774831 -0.047930986416991228 0.027369301550472791 -0.0090784726828469827 0.033244142142973755 -0.014271704788974666 -0.010047701191685542 0.067258480621255293 -0.060792809462235357 0.018817626672500469 -0.079674028479447517 0.024446903694256016 -0.0037718740988255169 0.041854884579729024 0.070293331310993287 -0.082838320316361153 0.026348318642916688 0.0046907070377653817 0.0077269887051085069 -0.029259085838075394 0.061148559394629001 0.0024123594392156545 0.051161145559109916 -0.0044089940388565901 -0.012603966510330326 0.04879239013042283 -0.074568236219472367 0.0087604340134443993
leaf_weight=11.388215182349084 2.8152961647138062 14.992297671735287 11.621460974216459 46.239814933389425 4.036345623433589 30.200504210777581 52.723157163709402 44.300332929007709 36.737045414745808 28.839351341128349 5.6599520742893201 11.937607541680336 6.5202012434601793 9.748875867575407 9.5003250576555729 23.150819819420576 14.919335901737213 29.277040946763009 19.317038789391518 6.3782212734222403 9.2793895192444342 10.451664291322231 9.5005148127675039 7.5827488526701927 34.673380192369223 15.009240359067915 6.1675285352393976 12.552162043750286 13.664601080119608 2.9102480858564377
leaf_count=102 33 42 109 319 10 136 178 256 169 54 30 38 30 31 41 71 29 495 78 12 31 29 12 27 84 41 35 23 185 21
internal_value=0.00034957 0.00779642 -0.00616729 -0.00356995 -0.0607754 -0.00103367 -0.00813858 0.0115487 -0.0311586 0.0263441 0.0418815 0.0236305 0.0186163 0.000542599 -0.0346633 0.0165653 0.047413 -0.0672637 0.00474169 0.0305064 0.0150118 -0.00334032 0.0347523 -0.0246016 0.043941 0.017546 -0.0494225 0.0295094 -0.0611336 -0.0290704
internal_weight=542.095 483.224 275.678 264.29 58.8711 252.669 180 97.0235 82.9769 207.545 68.939 40.0996 138.606 55.001 16.0205 72.6684 26.8569 54.8347 49.5175 83.6053 38.9804 20.2005 18.7799 13.2427 41.0516 42.5537 25.5577 27.5445 19.3901 5.72554
internal_count=2751 1972 1418 1316 779 1207 922 434 488 554 178 124 376 174 71 285 67 769 214 202 103 60 43 57 96 106 274 65 239 54
is_linear=0
shrinkage=0.05


Tree=5
num_leaves=31
num_cat=0
split_feature=13 18 23 13 23 23 23 9 0 9 23 0 23 9 8 1 23 0 2 9 23 23 17 9 10 1 22 10 18 10
split_gain=71.8024 39.445 17.6249 14.4471 11.9536 30.3453 16.5613 13.0181 10.7959 9.78639 8.57771 11.9402 12.2738 14.3723 10.1461 6.24878 4.41949 10.4081 7.11924 4.10881 3.95442 3.69713 3.3658 3.18115 6.89946 3.75045 3.17625 2.63374 0.530048 0.349625
threshold=0.70833333333333337 11.500000000000002 164.35000000000005 0.36666666666666675 91.15000000000002 108.05000000000001 60.850000000000001 0.14651229273870783 1100.0000000000002 1.0000000180025095e-35 109.25000000000001 1900.0000000000002 122.95000000000002 0.051956815114709808 1.5000000000000002 55.250000000000007 108.35000000000001 1750.0000000000002 4.5000000000000009 0.043961352657004807 112.25000000000001 59.95000000000001 59.522500000000001 0.021482277121374852 0.16374829001367988 54.500000000000007 5.5000000000000009 0.16568627450980386 4.5000000000000009 0.36397058823529416
decision_type=2 2 2 2 2 2 2 2 2 2 2 2 2 2 2 2 2 2 2 2 2 2 2 2 2 2 2 2 2 2
left_child=1 2 3 4 6 9 21 -7 -8 -6 14 20 -13 19 23 22 18 -18 29 -14 27 -1 26 -3 25 -25 -16 -12 -19 -5
right_child=-2 10 -4 16 5 7 8 -9 -10 -11 11 12 13 -15 15 -17 17 28 -20 -21 -22 -23 -24 24 -26 -27 -28 -29 -30 -31
leaf_value=-0.08565494670946544 -0.080163437542891111 0.016762106362861427 0.057340942341918277 -0.072439604776562708 0.030337761523482071 -0.0074470127680040677 0.051017825058935241 0.040978119579906158 0.0073352713221620583 -0.057595737290840401 0.056086252792485407 -0.040186891613842937 0.034083358787284794 -0.01375866034444579 0.024592335774906004 -0.0073345894185319355 0.058256067335137718 -0.072558019888344205 0.0037011725783917919 0.081152900382570073 0.080617643646557671 -0.027254815482012563 0.0082162825605771768 -0.082298328616673244 0.0076211382934030063 -0.021711738029109674 0.051485195108050864 0.025049915375610521 -0.041616282848371794 -0.090190739899574976
leaf_weight=3.636994704604148 26.559452520683408 6.5344586782157448 10.465169940143822 8.4695445355027932 3.4462232571095219 113.31251301709563 17.555688692256808 15.815733496099709 72.791658061556518 38.654602382332087 19.268115818500522 7.880981881171464 9.4441450498998218 11.601677186787127 24.017260365188122 13.686581060290335 3.0168356010690314 2.7843348886817694 3.3560022050514808 9.1073803529143316 10.605499774217604 10.633264724165199 13.318592172116039 5.0917115546762961 9.2977817952632886 5.1255733966827393 20.225549057126045 10.593771941959856 2.7522338163107634 4.1248368369415394
leaf_count=42 472 21 34 124 15 626 54 49 354 280 36 35 31 28 58 39 17 47 30 13 13 79 38 21 28 19 26 27 29 36
internal_value=-0.000108102 0.00426132 -0.00644475 -0.00866724 -0.00539889 -0.0135347 0.00791707 -0.00151586 0.0158234 -0.0503978 0.0231898 0.0354857 0.0153715 0.0298925 0.0132693 0.0230322 -0.0454602 -0.016463 -0.0610099 0.0571909 0.0543905 -0.042139 0.0302527 -0.0134334 -0.0235441 -0.0519046 0.0368864 0.0450758 -0.0571769 -0.0782534
internal_weight=513.174 486.615 310.816 300.35 275.847 171.229 104.618 129.128 90.3473 42.1008 175.799 78.5016 38.0342 30.1532 97.2975 71.248 24.5038 8.5534 15.9504 18.5515 40.4674 14.2703 57.5614 26.0495 19.5151 10.2173 44.2428 29.8619 5.53657 12.5944
internal_count=2721 2249 1816 1782 1499 970 529 675 408 295 433 183 107 72 250 161 283 93 190 44 76 121 122 89 68 40 84 63 76 160
is_linear=0
shrinkage=0.05


Tree=6
num_leaves=31
num_cat=0
split_feature=13 19 2 23 0 23 2 23 0 13 19 23 17 15 19 23 9 9 23 9 23 9 19 6 23 0 0 17 23 19
split_gain=60.4648 28.7326 12.7208 15.7724 21.1427 19.9251 11.6525 10.8918 12.3574 11.3888 10.3969 9.28751 9.18073 10.7763 8.44279 8.82351 8.428 7.22206 7.04611 10.3647 6.37488 5.74059 5.63907 5.60272 5.3765 8.24047 7.26191 5.15706 4.9731 3.99078
threshold=0.70833333333333337 68.15000000000002 3.5000000000000004 109.65000000000002 1750.0000000000002 93.950000000000017 2.5000000000000004 164.75000000000003 2500.0000000000005 1.0000000180025095e-35 393.55000000000001 112.15000000000002 61.925000000000011 1.5000000000000002 7.1500000000000012 111.95000000000002 0.11324786324786322 0.032291666666666656 70.450000000000017 0.051956815114709808 70.950000000000017 0.17515516611902152 91.250000000000014 1.5000000000000002 110.35000000000001 1600.0000000000002 1750.0000000000002 57.523626373626385 108.05000000000001 6.0500000000000007
decision_type=2 2 2 2 2 2 2 2 2 2 2 2 2 2 2 2 2 2 2 2 2 2 2 2 2 2 2 2 2 2
left_child=1 2 3 5 11 18 22 8 9 17 12 16 24 23 -6 -16 -5 -4 19 -1 -20 -11 -3 -14 25 -8 -26 -24 -15 -7
right_child=-2 6 7 4 14 29 10 -9 -10 21 -12 -13 13 28 15 -17 -18 -19 20 -21 -22 -23 27 -25 26 -27 -28 -29 -30 -31
leaf_value=-0.062190367732593559 -0.077301220246214164 0.018262111650379113 -0.024253090131659313 -0.0055732455454478164 -0.060727365372331643 -0.028622723529835338 0.030800660904063495 0.076964813199423859 -0.075820134255804375 -0.048982947714279877 0.063953394841934921 0.086723031752207913 0.031243858827826338 -0.075363827171504152 0.053138269529027948 -0.016386079212664738 0.066830401320000385 0.020009405980538103 0.039831986668751249 -0.0027551778346063221 -0.0080959617316441312 0.029779831171000328 -0.072958564695215347 -0.0077232199639633257 0.075466312538412683 -0.0063225520106218701 0.027277641453483732 -0.0090823454310428233 -0.012468738133389536 -0.064784835546169206
leaf_weight=12.632196582853796 24.198344429954886 7.0760536193847683 10.552691068500279 11.223225534893578 8.8316624928265792 10.361850351095198 50.083411928266287 5.3001329340040675 4.69041400309652 11.732767414301632 14.132179453969 7.5467139966785899 22.530089436098933 5.1729223877191535 5.339762480929493 31.396057095378637 6.2616489753127089 72.739601793698967 9.6848273798823339 17.492732411250472 24.462150764651597 2.8816057965159407 5.6686346866190416 15.619693517684935 11.854583758860825 21.308702347800136 22.960586652159691 7.139641135931015 8.0089346393942815 28.931874584406614
leaf_count=100 472 28 74 47 74 91 119 12 36 112 23 13 67 22 24 191 16 306 27 100 179 14 28 52 23 89 72 28 24 258
internal_value=-0.000209461 0.00372936 -0.00641953 -0.0147771 0.00344702 -0.0272002 0.0186734 0.00707104 0.00346034 0.00725843 0.0228704 0.0403647 0.019185 0.00182305 -0.016833 -0.00628032 0.0203558 0.0144016 -0.0100522 -0.027678 0.00549745 -0.0334528 -0.0175614 0.0152895 0.0275763 0.0197203 0.0436859 -0.0373524 -0.0371505 -0.0552488
internal_weight=497.816 473.617 282.062 174.165 70.5991 103.566 191.555 107.897 102.597 97.9067 171.671 25.0316 157.539 51.3316 45.5675 36.7358 17.4849 83.2923 64.2719 30.1249 34.147 14.6144 19.8843 38.1498 106.207 71.3921 34.8152 12.8083 13.1819 39.2937
internal_count=2721 2249 1674 1120 365 755 575 554 542 506 491 76 468 165 289 215 63 380 406 200 206 126 84 119 303 208 95 56 46 349
is_linear=0
shrinkage=0.05


Tree=7
num_leaves=31
num_cat=0
split_feature=13 19 1 19 2 9 9 15 17 4 20 19 17 19 19 9 17 17 10 11 17 11 17 9 19 22 11 10 15 19
split_gain=54.3242 24.3711 12.2861 10.4942 6.48267 6.2291 9.75947 8.9792 7.63826 7.42434 6.25784 5.57638 5.29809 5.11082 9.97293 5.51935 4.86141 7.84502 7.53913 4.79507 4.54149 4.20339 5.45039 5.08902 3.96509 3.91029 3.60231 2.62917 1.21715 0.0171887
threshold=0.70833333333333337 23.150000000000002 57.500000000000007 393.55000000000001 2.5000000000000004 0.042791762013729959 0.032291666666666656 1.5000000000000002 36.428125000000009 1.0000000180025095e-35 2021.5000000000002 7.5500000000000007 74.810714285714297 110.00000000000001 99.500000000000014 0.03608470181503886 61.925000000000011 53.308205128205138 0.12074829931972787 0.16025641025641021 59.522500000000001 1.0000000180025095e-35 57.523626373626385 0.041213921901527957 5.9500000000000011 5.5000000000000009 0.025978407557354904 1.0000000180025095e-35 1.5000000000000002 13.850000000000003
decision_type=2 2 2 2 2 2 2 2 2 2 2 2 2 2 2 2 2 2 2 2 2 2 2 2 2 2 2 2 2 2
left_child=1 2 5 4 21 6 12 9 28 20 -10 -11 27 14 15 -6 17 -15 -18 26 -7 22 -3 -23 -21 -25 -9 -1 -8 -2
right_child=29 3 -4 -5 13 7 8 19 10 11 -12 -13 -14 16 -16 -17 18 -19 -20 24 -22 23 -24 25 -26 -27 -28 -29 -30 -31
leaf_value=0.010427357805020189 -0.074195052685909452 -0.024626737259352213 0.039073218793325155 0.056063725709904588 -0.0082384561777840686 -0.0073001734086226957 0.034930388218474259 -0.0083820030439941302 0.019494704498462617 -0.041806583970276562 -0.060249776101991996 -0.007939191298113284 0.044443610273094375 0.015896459088028465 -0.060219066278302903 0.014675698780747832 -0.03452763139640859 0.050148391535312822 0.018576969008016246 -0.047705009545349078 0.056990119639817441 -0.080935206508698038 0.053405003614590822 0.0016423220374238694 0.015248511354824738 -0.052081286059110568 -0.060028240121918264 -0.052188267332575637 0.068804533026270431 -0.077354863588000214
leaf_weight=1.9936119038611639 16.956909696105871 4.2521055582910794 10.87770704180002 13.139906510710714 34.1748908739537 5.2658763974904996 4.9459236478433031 3.9402908282354501 7.7426742073148471 17.791611931286752 3.6059017851948738 38.359252339228988 2.0519730895757666 44.144477196037769 5.3322434574365607 113.753587837331 8.5706975013017637 26.90654805675149 30.350925758481026 4.464314201846717 5.7424659132957458 3.3533016238361624 4.723986379802227 12.049799828324469 5.6881027314811945 4.7113022319972506 23.589357923250645 10.538159988820551 5.7172667793929577 5.7678629951551548
leaf_count=18 373 29 39 24 192 33 26 23 59 145 22 224 7 122 27 467 35 59 89 38 15 23 14 63 23 33 265 114 21 99
internal_value=0.000459405 0.00420517 -0.0121325 0.0123517 0.0103868 -0.0160706 0.00168983 -0.02227 0.0227071 -0.0113093 -0.00584334 -0.0186702 -0.0300323 0.0128621 0.00696044 0.009382 0.0210867 0.0288674 0.00688312 -0.0418048 0.0262366 -0.0120112 0.0164402 -0.0247077 -0.012434 -0.0134586 -0.0526362 -0.0422271 0.0530926 -0.0749971
internal_weight=480.503 457.778 152.314 305.464 292.324 141.437 36.5955 104.841 22.0118 67.1592 11.3486 56.1509 14.5837 263.233 153.261 147.928 109.973 71.051 38.9216 37.6821 11.0083 29.0905 8.97609 20.1144 10.1524 16.7611 27.5296 12.5318 10.6632 22.7248
internal_count=2721 2249 1072 1177 1153 1033 267 766 128 417 81 369 139 991 686 659 305 181 124 349 48 162 43 119 61 96 288 132 47 472
is_linear=0
shrinkage=0.05


Tree=8
num_leaves=31
num_cat=0
split_feature=13 18 2 16 23 23 23 23 8 23 15 23 7 18 23 23 8 17 18 13 23 3 2 9 16 9 23 1 17 9
split_gain=47.2176 26.2818 19.2285 12.0198 9.9029 15.9818 12.6648 23.0805 13.3229 4.42352 5.05421 5.57398 5.30632 7.43627 5.53563 5.22486 4.94874 4.33202 4.22515 4.11171 3.82085 8.90721 4.38346 3.34513 2.63446 2.44214 2.36409 1.27885 1.08343 1.52557
threshold=0.36666666666666675 11.500000000000002 6.5000000000000009 9.5000000000000018 60.850000000000001 68.750000000000014 109.05000000000001 93.950000000000017 1.5000000000000002 70.750000000000014 1.5000000000000002 108.25000000000001 1.5000000000000002 13.500000000000002 110.85000000000001 123.95000000000002 1.5000000000000002 36.600000000000009 8.5000000000000018 0.70833333333333337 108.35000000000001 1.0000000180025095e-35 4.5000000000000009 0.056438791732909353 14.500000000000002 0.051956815114709808 59.95000000000001 55.250000000000007 31.476136363636368 0.10281902844198336
decision_type=2 2 2 2 2 2 2 2 2 2 2 2 2 2 2 2 2 2 2 2 2 2 2 2 2 2 2 2 2 2
left_child=1 3 19 18 26 23 7 -7 -8 17 12 -12 13 15 16 -11 -14 -3 28 20 22 -22 -2 -6 -19 -13 -5 -28 29 -1
right_child=2 9 -4 4 5 6 8 -9 -10 10 11 25 14 -15 -16 -17 -18 24 -20 -21 21 -23 -24 -25 -26 -27 27 -29 -30 -31
leaf_value=-0.031608319358508961 -0.072964100134681451 0.026519819351435128 0.053819792926164171 -0.080692458652034421 0.015639474502050259 0.0058528040026197235 0.032772280550785425 -0.038327474911425075 -0.0045685030490294288 -0.053186239847417563 -0.020142594011649199 0.043835748333086677 0.011213157031351744 0.036986744000307062 0.064184967960142669 0.013391315708981933 0.04255301498050762 0.0095350323472541409 0.014382130598104368 -0.072632663812765397 0.049213042627983032 -0.055756137903262219 -0.0099556757727988342 0.05714183020874597 -0.033809026675630745 0.0054847755687684298 -0.046608244270884107 -0.010103457527208842 -0.077345286980934 -0.07400191372356342
leaf_weight=5.8955214750021678 11.104067398235204 11.58677224442363 4.3606274314224711 3.1820349972695103 7.4296489953994778 67.974563959054649 40.616586990654469 52.311597628518939 57.996901955455542 5.3504187501966971 10.900067139416935 8.8468490988016146 19.673224579542875 14.281005512923 16.6787930727005 6.5598135814070702 35.016007319092751 6.2780466228723508 2.4895411599427453 20.467808618210256 3.2896045716479403 5.2403807211667299 3.6735125081613651 14.011713683605192 7.9386582672595978 7.8205607756972304 5.6478148438036424 4.1709957048296928 4.2668193299323312 3.315600398927927
leaf_count=50 163 29 10 42 29 339 154 392 328 24 39 21 66 35 32 25 78 16 12 468 19 76 34 32 29 26 53 24 42 34
internal_value=0.000600642 0.00597357 -0.0463064 -0.0033872 -0.0007353 0.00156386 -0.00247141 -0.0133609 0.0108113 0.0226763 0.0265634 0.00765927 0.0319052 0.0126563 0.0389693 -0.0165172 0.0312792 0.0038267 -0.0454625 -0.0562804 -0.0419204 -0.0152746 -0.057301 0.0427608 -0.0146684 0.025841 -0.0432389 -0.0311011 -0.0565165 -0.0468682
internal_weight=468.376 420.24 48.136 269.309 253.342 240.341 218.9 120.286 98.6135 150.93 125.127 27.5675 97.5593 26.1912 71.368 11.9102 54.6892 25.8035 15.9675 43.7754 23.3076 8.52999 14.7776 21.4414 14.2167 16.6674 13.0008 9.81881 13.4779 9.21112
internal_count=2721 1951 770 1531 1393 1274 1213 731 482 420 346 86 260 84 176 49 144 74 138 760 292 95 197 61 45 47 119 77 126 84
is_linear=0
shrinkage=0.05


Tree=9
num_leaves=31
num_cat=0
split_feature=13 16 23 0 0 23 23 23 2 23 2 11 16 23 23 9 23 23 23 0 0 23 20 23 10 9 23 9 9 9
split_gain=43.0415 22.3209 23.0546 31.8943 17.737 16.5491 14.8306 12.9068 9.50287 6.95621 8.15184 5.751 5.51959 14.5879 8.29092 5.12451 4.65017 4.38607 15.5241 6.67596 4.15274 3.56307 3.89558 3.25364 2.56909 2.51235 2.3706 2.25782 1.92089 1.79214
threshold=0.70833333333333337 11.500000000000002 109.05000000000001 1600.0000000000002 1900.0000000000002 107.85000000000001 60.650000000000013 122.25000000000001 3.5000000000000004 110.55000000000001 4.5000000000000009 0.034848484848484802 14.500000000000002 162.05000000000004 124.25000000000001 0.17515516611902152 121.45000000000002 70.450000000000017 69.65000000000002 1350.0000000000002 1750.0000000000002 93.350000000000009 2022.5000000000002 109.65000000000002 0.24638060352346061 1.0000000180025095e-35 111.65000000000002 0.032291666666666656 0.021482277121374852 0.032291666666666656
decision_type=2 2 2 2 2 2 2 2 2 2 2 2 2 2 2 2 2 2 2 2 2 2 2 2 2 2 2 2 2 2
left_child=1 15 3 6 9 28 -3 16 25 10 23 -10 13 -9 -14 21 -6 18 -8 -19 26 22 24 -4 27 -7 -11 -1 -5 -23
right_child=-2 2 4 5 7 8 17 12 11 20 -12 -13 14 -15 -16 -17 -18 19 -20 -21 -22 29 -24 -25 -26 -27 -28 -29 -30 -31
leaf_value=0.0052180096715984392 -0.071253923382396597 -0.046381214566847961 -0.0098140505624577917 -0.025247564403105383 -0.0097367692790732204 0.0091035430070903877 0.019079846333948179 -0.03455662545074855 0.056583648535169499 0.046976017123278646 0.069760470971946584 -0.0043681933747369735 0.0076416525669914283 0.034017440550482191 0.058256828216784233 0.026280231545914318 -0.07022053873793109 0.037599600000136298 -0.039913389861461757 0.0088792666425040866 0.022159361043317255 -0.066162228049558014 -0.055813788823385536 0.024509983349316887 0.020536160743598715 -0.03482768205458573 0.073374691847650372 -0.039343150706752116 -0.061431971511215905 -0.035190499617236831
leaf_weight=5.2910720761865431 19.889487189706415 10.523313146084545 10.960597645491363 4.2356811948120621 6.3126979898661357 3.8730111792683628 46.953905540984124 15.474128106608989 6.8330402411520472 15.950524521060286 7.6314435899257651 8.9245232082903367 19.024773586541414 15.548325463198124 14.077166794799266 4.4133532717823973 6.3992270026355982 39.191514103673398 14.62530394643545 41.829057577066123 8.5893326159566623 5.8349189963191774 4.6361896693706504 18.655467165634036 6.5571737466379991 20.375916514545679 18.21668479591608 6.1427999576553702 27.354062862694263 23.408496221527457
leaf_count=28 472 110 53 33 22 21 181 96 18 44 15 44 96 69 44 25 51 119 84 191 41 42 30 63 42 164 33 42 254 194
internal_value=0.000683591 0.00395142 0.00828731 -0.00198046 0.0229989 -0.0295279 0.0109 0.00584138 -0.00816701 0.039477 0.0236808 0.0220627 0.0149655 -0.000187587 0.0291666 -0.0254423 -0.0401845 0.0151271 0.00506872 0.022772 0.0532379 -0.0298431 -0.0149454 0.011807 -0.00441381 -0.027811 0.0610508 -0.0187223 -0.0565802 -0.0413703
internal_weight=457.733 437.844 381.56 224.719 156.84 71.5962 153.123 76.8363 40.0065 80.0041 37.2475 15.7576 64.1244 31.0225 33.1019 56.284 12.7119 142.6 61.5792 81.0206 42.7565 51.8707 22.6272 29.6161 17.991 24.2489 34.1672 11.4339 31.5897 29.2434
internal_count=2721 2249 1846 1219 627 534 685 378 247 249 131 62 305 165 140 403 73 575 265 310 118 378 142 116 112 185 77 70 287 236
is_linear=0
shrinkage=0.05


Tree=10
num_leaves=31
num_cat=0
split_feature=18 23 0 23 23 16 23 10 9 9 23 10 19 2 23 23 23 23 23 16 15 19 9 7 8 23 9 23 6 23
split_gain=42.0717 16.8799 18.2808 11.5322 11.0236 10.4492 9.55802 7.73136 7.61414 8.13207 7.3399 7.22824 12.4144 7.76036 7.40817 7.0196 6.07929 9.2961 6.00481 5.61502 5.58261 5.55622 5.02409 4.85979 4.35009 6.77413 4.9729 3.80407 6.8895 6.556
threshold=8.5000000000000018 108.45000000000002 1750.0000000000002 95.050000000000026 109.75000000000001 13.500000000000002 163.15000000000001 0.16204051012753187 0.12625838926174496 0.10818713450292396 60.550000000000004 0.27126436781609192 68.15000000000002 3.5000000000000004 125.15000000000002 89.050000000000011 123.35000000000001 116.60000000000001 110.85000000000001 13.500000000000002 1.5000000000000002 34.45000000000001 0.17515516611902152 1.0000000180025095e-35 3.5000000000000004 107.85000000000001 0.048115079365079354 93.050000000000011 1.5000000000000002 108.75000000000001
decision_type=2 2 2 2 2 2 2 2 2 2 2 2 2 2 2 2 2 2 2 2 2 2 2 2 2 2 2 2 2 2
left_child=1 3 4 8 20 22 7 -7 9 15 -2 12 13 14 -12 21 17 18 -14 -17 -3 -1 -4 -18 25 -15 -26 28 -13 -29
right_child=10 2 5 -5 -6 6 -8 -9 -10 -11 11 27 16 24 -16 19 23 -19 -20 -21 -22 -23 -24 -25 26 -27 -28 29 -30 -31
leaf_value=-0.037480875862763656 -0.042912686518907867 -0.036479588485218636 -0.046360131566107271 -0.056521558388148735 0.059192917472605612 0.042326830326392569 0.067503646149162516 -0.028588350973376794 -0.054161060254300647 0.039688509987197043 -0.032522334452721499 0.014660769127342177 0.012017840857943267 -0.0079023808286726692 0.04021521318284621 -0.027967277217431065 0.012216406645795048 -0.044871949508865805 0.041688187619474293 0.040827643820115972 0.031788342875574041 0.024015530569565936 0.010840947438899094 0.057328395715396656 0.015330418207643449 0.062170478299408027 -0.041855061291600652 -0.030976284052275867 0.077668982430706024 0.034895402261180264
leaf_weight=31.801787410164252 5.7116865096613756 6.3735937792807835 25.758036822546277 32.345188097562641 15.728148415684698 5.2355444459244671 5.028655193746089 14.454369905870406 13.345539356581865 6.6708804657682768 29.993182326667011 7.4824755024164924 96.661892072763294 6.1746761216782033 3.9630608595907679 4.9440586217679066 9.4265823066234606 6.3473781514912835 20.7055339589715 7.4136958280578256 5.648656539618969 4.1526065468788138 4.5110275582410386 16.280915092676878 9.7614526990801078 7.8132925294339657 6.2268001390621075 4.8846992608159807 10.32502674497664 16.661474317312241
leaf_count=328 45 60 274 437 51 24 14 160 172 28 184 32 331 33 14 58 32 35 52 42 28 19 42 36 47 18 35 28 15 54
internal_value=0.000139531 -0.0181746 -0.00144265 -0.0319256 0.031641 -0.0181388 0.00598052 -0.00973202 -0.0202825 -0.0120594 0.0131378 0.0144047 0.0107729 -0.00766571 -0.0240331 -0.0192047 0.0186622 0.0140648 0.0172522 0.0133043 -0.00440389 -0.0303783 -0.0378354 0.0407865 0.0108748 0.0312384 -0.00694109 0.0340942 0.0511938 0.0199617
internal_weight=441.832 183.412 82.738 100.674 27.7504 54.9876 24.7186 19.6899 68.3286 54.983 258.42 252.708 213.355 63.9325 33.9562 48.3121 149.422 123.715 117.367 12.3578 12.0223 35.9544 30.2691 25.7075 29.9762 13.988 15.9883 39.3537 17.8075 21.5462
internal_count=2728 1737 653 1084 139 514 198 184 647 475 991 946 817 331 198 447 486 418 383 100 88 347 316 68 133 51 82 129 47 82
is_linear=0
shrinkage=0.05


Tree=11
num_leaves=31
num_cat=0
split_feature=13 19 0 10 17 16 1 19 9 17 9 10 19 8 11 17 10 11 9 19 10 10 1 11 9 5 17 19 17 9
split_gain=40.3668 14.3011 11.8979 10.7221 13.7694 11.9127 10.3002 9.68805 8.54171 8.39589 7.25145 6.95123 6.8318 6.53808 6.02542 5.17328 5.14986 6.61723 4.88531 4.59801 9.53608 4.59266 4.44596 3.95436 5.57231 8.97923 4.79871 3.83422 3.29647 2.65855
threshold=0.36666666666666675 68.15000000000002 2500.0000000000005 0.24638060352346061 77.610714285714309 13.500000000000002 54.500000000000007 11.65 0.056438791732909353 39.132967032967038 0.029513888888888853 1.0000000180025095e-35 41.350000000000001 3.5000000000000004 0.071067821067821071 40.189423076923084 0.25873937103522743 0.15139116202945987 0.07669789227166271 114.95000000000002 0.13809523809523808 0.23875968992248062 57.500000000000007 0.073801742919389915 0.047065337763012159 1.0000000180025095e-35 74.176904761904794 204.15000000000001 34.43571428571429 0.012896825396825353
decision_type=2 2 2 2 2 2 2 2 2 2 2 2 2 2 2 2 2 2 2 2 2 2 2 2 2 2 2 2 2 2
left_child=1 3 27 5 7 11 18 16 10 28 -7 -1 22 19 -12 -14 -5 -18 23 -11 -21 -20 -9 24 26 -26 -3 29 -8 -2
right_child=2 6 -4 4 -6 8 9 12 -10 13 14 -13 15 -15 -16 -17 17 -19 21 20 -22 -23 -24 -25 25 -27 -28 -29 -30 -31
leaf_value=0.043457604896123839 -0.012434190764766118 0.043873739699398381 0.032241176594142426 0.035792144668020269 -0.062435220419355709 -0.026293284066629615 -0.013516714839907443 0.02391561501660687 -0.04281923616719864 0.019394051819112482 0.022197101343331783 -0.040041042970592855 0.019650153638437813 0.033480945491554927 -0.032985955854752662 -0.046532209435014536 -0.045641155089403591 0.0049341707248774192 -0.04040195984260158 0.027362622752072387 -0.051372594238959124 0.017784380095741022 0.069356618051070226 0.059737330746012042 0.030397636708346831 -0.028024900257474894 0.0088077451102985642 0.031445639502926399 -0.068170222728315202 -0.0617783385312978
leaf_weight=2.658540657721459 2.9662464549764982 41.259117206558585 4.3552548023872069 4.8334846356883672 6.572336930781602 13.428479345515369 5.6487387493252736 58.424721328541636 10.524740334600208 10.528953848406674 40.494357626885176 39.919348360970616 5.9365707430988532 16.443606913089752 5.6350706331431857 5.8746025450527668 12.976000727154316 12.894401354715226 4.9115609452128401 6.0329928845167187 10.606985136866568 10.956034699454902 5.929081365466117 9.8587171137332898 17.191867103800178 10.651743017137052 12.778056621551512 1.2424954846501339 5.3932161331176758 34.227879227139056
leaf_count=17 35 113 42 26 55 96 23 274 92 45 156 385 28 58 42 34 128 80 25 22 35 48 12 18 48 35 43 5 21 687
internal_value=7.68061e-06 0.00508608 -0.046082 -0.00304208 0.00780862 -0.013968 0.0164122 0.0121286 -0.00129506 -0.00126417 0.00604286 -0.0348274 0.0216869 0.00859654 0.0154561 -0.0132674 -0.0115821 -0.0204333 0.0253901 -0.0064644 -0.0228263 -0.000226273 0.0281022 0.0298208 0.0262188 0.00804774 0.0355818 -0.0549568 -0.0402111 -0.0578431
internal_weight=431.155 388.363 42.7919 226.102 113.441 112.661 162.262 106.869 70.0826 54.6545 59.5579 42.5779 76.165 43.6125 46.1294 11.8112 30.7039 25.8704 107.607 27.1689 16.64 15.8676 64.3538 91.7395 81.8808 27.8436 54.0372 38.4366 11.042 37.1941
internal_count=2728 1959 769 1425 637 788 534 582 386 204 294 402 348 160 198 62 234 208 330 102 57 73 286 257 239 83 156 727 44 722
is_linear=0
shrinkage=0.05


Tree=12
num_leaves=31
num_cat=0
split_feature=13 18 23 0 23 0 23 17 2 23 23 23 0 13 23 0 23 2 23 23 19 1 1 19 5 6 23 17 23 5
split_gain=36.8693 18.6305 14.1343 15.1831 14.1661 13.6587 9.95678 9.27697 6.98392 6.94186 6.25202 7.39972 6.90913 5.94925 5.87172 8.1291 10.853 5.71125 5.67848 5.42574 4.83474 4.37599 4.18455 3.97996 3.21281 2.011 1.40389 1.13986 1.07922 0.656332
threshold=0.70833333333333337 9.5000000000000018 108.05000000000001 1750.0000000000002 109.75000000000001 1600.0000000000002 163.15000000000001 35.735267857142865 4.5000000000000009 89.050000000000011 123.25000000000001 121.45000000000002 2500.0000000000005 1.0000000180025095e-35 110.85000000000001 1600.0000000000002 107.85000000000001 2.5000000000000004 91.850000000000009 164.75000000000003 6.0500000000000007 55.250000000000007 56.500000000000007 23.150000000000002 1.0000000180025095e-35 1.0000000180025095e-35 110.75000000000001 62.201666666666675 89.850000000000009 1.0000000180025095e-35
decision_type=2 2 2 2 2 2 2 2 2 2 2 2 2 2 2 2 2 2 2 2 2 2 2 2 2 2 2 2 2 2
left_child=1 2 5 4 8 7 17 9 20 22 11 14 27 23 15 18 -17 -5 -3 -14 -4 -19 -1 -9 -16 -7 -6 -12 -11 -27
right_child=-2 10 3 6 26 25 -8 13 -10 28 12 -13 19 -15 24 16 -18 21 -20 -21 -22 -23 -24 -25 -26 29 -28 -29 -30 -31
leaf_value=-0.017152577977018715 -0.067702136282887779 0.014189083071468149 0.021905992773017764 -0.05715380538237004 0.040215642790406445 -0.0031363026806271628 0.038553432784213748 -0.030356864718419602 0.066980281281364032 0.063083157294865452 0.058407904841919947 -0.041450945186193383 -0.041479817974082234 -0.074244707188505885 0.047916590661311043 -0.04886098094981272 0.0050982002752813279 0.0027730212150983485 0.058981050969828468 0.033904535253259503 -0.034918951509699515 -0.030663415791311516 0.04546710484796742 0.002460213446611442 0.012689275858960368 -0.068483870919701678 0.068312882847840081 0.036753949039439307 0.030508329639010859 -0.05057315115772703
leaf_weight=16.069488648325212 18.850325096631423 72.8833162849769 5.9215900525450769 8.2062536254525167 6.5743628814816502 1.7108679506927753 8.8447653288021666 24.876506319269538 3.1887946240603915 4.2714624060317856 12.794899374246599 6.5924856066703788 4.5595141705125553 5.371967025101184 16.248187325894833 11.795648321509359 44.378881838172674 23.132163251750171 7.8365362286567679 5.0092696771025658 10.1747705405578 16.95954330638051 3.1989859901368609 14.697285607457159 10.757724050432445 10.272549482062459 13.731170564889906 11.575686048716305 6.2822001511231065 10.187417836859822
leaf_count=129 493 251 32 95 26 18 33 208 9 14 33 49 25 73 41 85 168 169 23 15 113 134 10 94 35 146 35 37 33 102
internal_value=0.00062559 0.00386092 -0.00725192 0.00626987 0.0300682 -0.0207451 -0.0102185 -0.0105249 -0.0006216 0.0110969 0.0143889 0.0104876 0.0339866 -0.0248712 0.0125767 0.00837332 -0.00623226 -0.0191501 0.0185376 -0.00201602 -0.014014 -0.0113712 -0.00675635 -0.018169 0.0338839 -0.0552113 0.0592158 0.0481226 0.0436926 -0.0595658
internal_weight=416.955 398.104 193.672 96.7334 39.5907 96.9387 57.1427 74.7679 19.2852 29.8221 204.432 170.493 33.9394 44.9458 163.9 136.894 56.1745 48.298 80.7199 9.56878 16.0964 40.0917 19.2685 39.5738 27.0059 22.1708 20.3055 24.3706 10.5537 20.46
internal_count=2728 2235 1473 646 215 827 431 561 154 186 762 652 110 375 603 527 253 398 274 40 145 303 139 302 76 266 61 70 47 248
is_linear=0
shrinkage=0.05


Tree=13
num_leaves=31
num_cat=0
split_feature=13 19 16 19 2 10 11 11 17 10 19 17 19 1 17 19 2 17 19 17 19 11 2 19 17 10 19 10 19 0
split_gain=33.4882 13.9426 9.97999 6.02937 5.70232 4.70357 9.34689 8.02446 4.78138 4.66802 8.12564 5.87121 8.73109 4.3278 4.23044 3.65781 2.80264 4.21036 2.97821 2.00992 2.86184 1.57038 0.918003 0.329083 0.161024 0.0647078 0.0504101 0.016763 0.00881634 0.00462264
threshold=0.70833333333333337 11.65 9.5000000000000018 420.50000000000006 2.5000000000000004 0.15007309941520466 0.060915275200989459 0.15139116202945987 43.921428571428571 0.27126436781609192 68.15000000000002 35.735267857142865 16.150000000000002 54.500000000000007 25.816153846153849 25.850000000000005 3.5000000000000004 38.444155844155851 4.9500000000000011 31.476136363636368 37.250000000000007 0.10607196401799096 3.5000000000000004 7.3500000000000005 56.878571428571441 0.24638060352346061 57.000000000000007 0.29128959276018102 17.650000000000002 2500.0000000000005
decision_type=2 2 2 2 2 2 2 2 2 2 2 2 2 2 2 2 2 2 2 2 2 2 2 2 2 2 2 2 2 2
left_child=1 4 19 9 23 22 16 21 -9 10 14 15 -13 -12 -4 -11 17 -7 -18 20 25 -8 24 27 -6 -3 -21 -1 29 -2
right_child=28 2 3 -5 5 6 7 8 -10 11 13 12 -14 -15 -16 -17 18 -19 -20 26 -22 -23 -24 -25 -26 -27 -28 -29 -30 -31
leaf_value=-0.076385571109598621 -0.065675669186059646 -0.052160206832755733 0.025353331250447156 0.057588322679656835 -0.059387519895767876 0.069963531658160549 -0.057898386559017648 -0.037404998474285793 0.020256958756605797 0.059692805586463761 0.020451653925484762 -0.055825789148177034 0.018584937329477202 0.0012285377673221754 -0.0072770511179092489 0.015046344821328937 0.036708399455986716 0.0098422545747791704 -0.041437132038058905 -0.062993219927188301 0.00107096728734479 -0.028486827590950427 -0.025567569933511822 -0.049246235261442804 -0.079504653115502422 -0.066017756876143557 -0.075192031152387873 -0.069520040962566462 -0.068678074572533651 -0.069841879356463868
leaf_weight=1.5673814937472337 13.47065039165318 1.6579203121364101 11.00678353756666 6.4718201905488959 2.3964902553707352 5.2053786208853143 10.383531837724151 5.1788183413445976 11.756458373740314 12.693358985707166 89.343239762820303 4.4380829399451605 35.281196273863316 43.551867621019483 101.8192505184561 7.1840735990554085 2.1146655436605206 6.609877014067024 2.8793521393090487 1.5432058125734323 4.7379179075360298 8.0624377420172078 1.8840092439204452 2.6269948091357946 1.7005770262330768 1.7126107849180696 1.8768719229847191 2.0544766448438168 3.5180994020774952 0.70042632194235999
leaf_count=25 388 22 59 13 29 18 136 50 60 37 286 42 152 187 701 30 11 59 31 22 29 87 23 31 19 19 24 33 81 24
internal_value=0.00084048 0.00390981 0.00814204 0.00983122 -0.0173313 -0.0124556 -0.00764257 -0.0222272 0.0026239 0.00881892 0.00577418 0.0213726 0.0102706 0.0141519 -0.00409378 0.0435567 0.0230561 0.0363295 -0.00834721 -0.0375419 -0.0239831 -0.0450431 -0.0544542 -0.0627191 -0.0677376 -0.0592014 -0.0696877 -0.0724911 -0.0664378 -0.0658816
internal_weight=405.428 387.739 323.318 311.79 64.4204 58.1716 52.1905 35.3812 16.9353 305.318 245.721 59.5967 39.7193 132.895 112.826 19.8774 16.8093 11.8153 4.99402 11.5285 8.10845 18.446 5.98108 6.24885 4.09707 3.37053 3.42008 3.62186 17.6892 14.1711
internal_count=2728 2235 1623 1507 612 523 452 333 110 1494 1233 261 194 473 760 67 119 77 42 116 70 223 71 89 48 41 46 58 493 412
is_linear=0
shrinkage=0.05


Tree=14
num_leaves=31
num_cat=0
split_feature=13 23 0 0 23 2 2 23 9 19 23 19 9 19 23 20 11 9 17 9 17 17 19 17 23 9 23 17 23 16
split_gain=30.1297 13.7124 14.6832 12.2082 16.8598 11.6216 11.5042 11.2552 8.77668 7.99011 7.31413 7.22119 6.23318 5.19934 5.64509 4.15848 3.83642 4.72922 3.33971 5.29138 4.26946 3.27814 3.27378 2.52921 2.27432 2.80592 1.77118 2.15379 1.62435 1.44451
threshold=0.70833333333333337 109.55000000000001 1750.0000000000002 1600.0000000000002 107.85000000000001 3.5000000000000004 2.5000000000000004 60.650000000000013 0.017148526077097454 17.250000000000004 112.15000000000002 393.55000000000001 0.12625838926174496 9.4500000000000011 162.05000000000004 2021.5000000000002 0.16025641025641021 1.0000000180025095e-35 44.636904761904773 0.049515639589168957 73.641071428571436 54.838888888888896 254.60000000000002 42.844047619047622 59.95000000000001 0.049515639589168957 106.65000000000002 72.475000000000009 108.85000000000001 13.500000000000002
decision_type=2 2 2 2 2 2 2 2 2 2 2 2 2 2 2 2 2 2 2 2 2 2 2 2 2 2 2 2 2 2
left_child=1 3 10 7 26 16 -4 24 21 12 18 13 -10 15 -15 -8 17 -6 19 -3 -20 -9 -11 -7 -1 -26 -5 29 -25 -28
right_child=-2 2 6 4 5 23 11 8 9 22 -12 -13 -14 14 -16 -17 -18 -19 20 -21 -22 -23 -24 28 25 -27 27 -29 -30 -31
leaf_value=-0.070561477003707199 -0.065214510163768627 0.032948153646082751 -0.049922981611820669 -0.068145791401606745 0.012850663253244816 0.045877414903065072 0.0019636568849741897 -0.011095868588195027 0.0018546481321346519 0.015790807565537923 0.066911589227838006 0.067491271644470982 -0.054625072069084436 0.0030767720547660244 0.036007991205255607 -0.064807783539757843 0.027560548691642869 -0.040182381215263317 0.051300470654540235 -0.038452062975891231 0.010628333732689076 -0.063687602898369541 0.044609266482381955 -0.0042180635744899098 -0.058098672608365355 0.0021882236008536208 -0.032110263242632969 -0.0062327748788953601 0.03061700570120561 -0.06332370420236777
leaf_weight=4.3733093328773958 16.560578297823668 5.8578192777931672 8.960702655836938 9.6860120948404091 5.248454522341496 8.5673252400010842 5.0129969906993193 7.6405010055750591 20.128639275208119 87.518911603838205 14.633443690836428 5.0637919381260863 6.4504518834874025 58.561598684638739 16.731634164229035 4.3597605638206005 3.2997787911444894 21.11899334192276 15.708128750324251 4.6583386361598969 10.950448520481585 4.8399401754140854 11.105291396379469 7.5716592855751497 3.5680063394829631 4.2042895015329123 6.4948120014742026 3.4671155372634521 5.9969577547162771 8.6341902501881123
leaf_count=64 493 21 107 114 29 31 61 49 151 369 32 9 79 317 62 39 16 197 41 29 36 27 23 38 40 33 88 32 17 84
internal_value=0.000805631 0.00367969 0.0154129 -0.00400066 -0.0197598 -0.00280878 0.00409733 0.00442278 0.00849299 0.0124787 0.0369681 0.00949197 -0.0118524 0.00602309 0.0103947 -0.0290952 -0.0232655 -0.0296261 0.0251811 0.00132003 0.0345937 -0.031491 0.0190358 0.0246078 -0.0417174 -0.0254875 -0.0508084 -0.041778 0.0111781 -0.0499239
internal_weight=396.974 380.413 150.499 229.915 80.0853 51.8032 98.6905 149.829 137.684 125.203 51.8082 89.7298 26.5791 84.666 75.2932 9.37276 29.6672 26.3674 37.1747 10.5162 26.6586 12.4804 98.6242 22.1359 12.1456 7.7723 28.2821 18.5961 13.5686 15.129
internal_count=2728 2235 754 1481 646 328 595 835 698 622 159 488 230 479 379 100 242 226 127 50 77 76 392 86 137 73 318 204 55 172
is_linear=0
shrinkage=0.05


Tree=15
num_leaves=31
num_cat=0
split_feature=13 16 23 23 0 23 0 23 23 9 16 1 16 23 1 1 18 5 2 10 23 20 9 18 2 9 18 23 2 9
split_gain=29.7136 14.1917 12.5096 10.2884 9.7667 10.4831 9.27307 8.8474 7.55363 7.73659 7.30626 6.84714 5.94718 7.66883 5.46751 5.3209 4.64762 4.58357 4.41154 3.85611 4.42001 3.6392 3.30389 3.11543 3.04438 3.01669 6.98627 2.95215 4.56346 2.7696
threshold=0.36666666666666675 10.500000000000002 164.75000000000003 109.55000000000001 1600.0000000000002 107.85000000000001 1900.0000000000002 60.95000000000001 122.85000000000001 0.085626463700234121 14.500000000000002 54.500000000000007 12.500000000000002 111.95000000000002 51.500000000000007 55.250000000000007 10.500000000000002 1.0000000180025095e-35 2.5000000000000004 0.29669386002576215 70.350000000000009 2021.5000000000002 0.14651229273870783 8.5000000000000018 3.5000000000000004 0.13893653516295021 3.5000000000000004 59.95000000000001 4.5000000000000009 1.0000000180025095e-35
decision_type=2 2 2 2 2 2 2 2 2 2 2 2 2 2 2 2 2 2 2 2 2 2 2 2 2 2 2 2 2 2
left_child=1 14 25 4 7 17 12 27 9 -8 -10 29 18 16 -1 -13 -14 -6 -5 20 -9 -12 -16 -21 -11 -2 -27 -3 -29 -7
right_child=2 3 -4 6 5 11 8 19 10 24 21 15 13 -15 22 -17 -18 -19 -20 23 -22 -23 -24 -25 -26 26 -28 28 -30 -31
leaf_value=0.024402017071480465 -0.059312144190781714 -0.064506071123926839 0.064542661090042294 -0.043351545755378411 -0.066699776853646184 0.015696615421960901 -0.059874802523452564 -0.0061445511719917809 -0.0036724552374940659 -0.018888578781015089 0.052801523631634241 0.044770355712988125 0.044554910698400785 0.069661987916789736 -0.046736098966595085 -0.0021353309060736059 0.010692490817959269 -0.021673170841491743 0.027006973893869593 0.016217165540987937 0.016441775936015812 0.014134580811544334 0.015741967974030404 0.054282646657663261 0.043825362100350221 -0.065685094193376245 0.024388957264154961 -0.033465397094224261 0.03685166432784838 -0.031184237120612662
leaf_weight=3.839876905083659 25.410477484809235 3.9396969489753237 2.5335942655801764 4.1737122200429422 10.622041285037994 3.8677522474899915 7.903244720771907 33.216495748609304 26.150855480693281 4.1472984664142132 12.766035226173699 9.9158577844500559 19.618419043719769 14.286125928163527 20.100387450307611 15.492403214797376 20.957427889108658 12.079736698418856 4.7788177225738764 13.229096191935243 62.262409143149853 11.627412535250187 2.364929497241973 9.0539981275796872 3.6279230713844299 4.7894116078969073 3.9102808074094355 8.5391250373795611 3.1616510897874823 16.98623027279973
leaf_count=19 596 54 5 38 127 19 68 159 154 24 64 35 65 27 184 95 57 90 29 81 258 36 17 26 18 135 34 73 13 126
internal_value=0.000237264 0.00461838 -0.0426498 0.00741609 0.000364681 -0.0149126 0.0183896 0.00826244 0.00528263 -0.0250373 0.0146876 -0.00125668 0.0319913 0.0381573 -0.0307348 0.0161701 0.027065 -0.0427409 -0.0057945 0.0129551 0.00858414 0.0343705 -0.040159 0.0316838 0.0103738 -0.0506117 -0.0251992 -0.02707 -0.0144651 -0.0224893
internal_weight=395.353 358.709 36.6438 332.404 202.366 68.964 130.037 133.402 66.2228 15.6785 50.5443 46.2622 63.8145 54.862 26.3052 25.4083 40.5758 22.7018 8.95253 117.762 95.4789 24.3934 22.4653 22.2831 7.77522 34.1102 8.69969 15.6405 11.7008 20.854
internal_count=2726 1956 770 1736 1156 492 580 664 364 110 254 275 216 149 220 130 122 217 67 524 417 100 201 107 42 765 169 140 86 145
is_linear=0
shrinkage=0.05


Tree=16
num_leaves=31
num_cat=0
split_feature=13 23 16 23 0 0 23 23 2 9 19 18 18 19 2 23 16 23 9 2 22 19 19 18 18 1 19 23 9 22
split_gain=29.6246 10.9311 10.9283 9.02136 9.86669 9.74126 8.72342 8.36617 6.74728 7.06223 8.39265 8.39149 5.96303 7.30797 5.90577 5.68471 6.61729 5.53083 8.43707 6.60194 4.9507 4.91795 5.82924 4.91132 5.08251 4.57922 6.38111 4.28589 3.99953 3.78098
threshold=0.36666666666666675 164.75000000000003 12.500000000000002 109.35000000000001 1900.0000000000002 1600.0000000000002 70.350000000000009 112.15000000000002 2.5000000000000004 0.056438791732909353 10.950000000000001 9.5000000000000018 10.500000000000002 182.50000000000003 3.5000000000000004 122.85000000000001 14.500000000000002 108.15000000000002 1.0000000180025095e-35 3.5000000000000004 5.5000000000000009 39.550000000000004 21.050000000000004 10.500000000000002 11.500000000000002 55.250000000000007 19.850000000000005 163.45000000000002 0.043961352657004807 5.5000000000000009
decision_type=2 2 2 2 2 2 2 2 2 2 2 2 2 2 2 2 2 2 2 2 2 2 2 2 2 2 2 2 2 2
left_child=2 -2 8 5 7 6 14 12 -1 11 -11 -10 -5 -14 -4 20 27 18 -7 -19 -6 22 -8 -13 -25 -12 -27 -17 -23 -16
right_child=1 -3 3 4 15 17 21 -9 9 10 25 23 13 -15 29 16 -18 19 -20 -21 -22 28 -24 24 -26 26 -28 -29 -30 -31
leaf_value=-0.034166506082649817 -0.050788454449098699 0.060026323272000408 -0.046981890626441064 0.042531628027843646 -0.063248098131103589 0.043614834883204556 0.019744302834668548 0.068452490968463592 -0.043015506885101827 -0.032881309863256554 0.044268628066900732 0.035820096631516092 -0.019406242598122941 0.03738693099834433 -0.022309754691822892 -0.039312310714859244 0.031464325401144876 -0.019935438180444243 -0.040232983417271821 0.02582960466926958 0.0017187012756838733 0.052883823431345706 -0.034681862024349329 -0.044491103340625122 0.023787805541008608 0.044445735395418559 -0.050338977656894879 0.010386092669973694 0.020345420553144589 0.024464029019683687
leaf_weight=22.124250496737659 32.675472180126235 2.3880501464009276 8.2675738409161585 22.58544035255909 4.971954392269252 3.4202083162963417 17.840772205032412 14.052852869033812 16.838167759589851 6.9349180040881064 16.372675703838471 7.8310545589774874 12.510246716439726 10.350826300680636 7.6095859762281188 7.0057831853628185 23.598096249625087 17.590933987870816 24.430336866527796 14.275322139263151 7.1485088039189577 15.612159285694359 6.7928300183266392 6.487754872068761 4.6999228782951832 3.4885723534971467 3.6163596482947469 11.392367222346364 23.903640771284699 9.9961380511522293
leaf_count=213 765 5 64 74 57 16 102 26 177 69 75 35 42 24 40 53 100 130 232 49 40 43 46 29 20 17 27 49 73 34
internal_value=0.000585054 -0.0432413 0.00495381 0.0100597 0.0206835 0.00199872 0.0123855 0.0347358 -0.0102583 -0.00227654 0.0154468 -0.0173088 0.02431 0.00630805 -0.0121225 0.00523362 0.0139395 -0.0136593 -0.029936 0.000566209 -0.0249314 0.0222703 0.00473604 0.00545055 -0.0158073 0.0297221 -0.00379901 -0.00853843 0.0332009 0.00424736
internal_weight=386.813 35.0635 351.749 263.356 113.616 149.74 90.0227 59.4994 88.3937 66.2694 30.4125 35.8569 45.4465 22.8611 25.8733 54.1167 41.9962 59.7168 27.8505 31.8663 12.1205 64.1494 24.6336 19.0187 11.1877 23.4776 7.10493 18.3982 39.5158 17.6057
internal_count=2726 770 1956 1294 465 829 402 166 662 449 188 261 140 66 138 299 202 427 248 179 97 264 148 84 49 119 44 102 116 74
is_linear=0
shrinkage=0.05


Tree=17
num_leaves=31
num_cat=0
split_feature=13 16 23 18 8 23 10 17 9 1 11 18 23 0 23 0 11 17 1 0 9 9 23 17 9 9 13 19 23 9
split_gain=26.8085 10.321 9.22904 7.39057 4.81825 5.02307 4.97769 5.71715 5.51025 4.40963 2.67008 5.37931 2.59365 2.5341 5.8648 6.32538 2.90917 2.41162 1.9094 1.82785 1.75541 1.48867 1.21602 0.864283 0.733026 0.519944 0.17131 0.260977 0.202947 0.0227902
threshold=0.36666666666666675 10.500000000000002 164.75000000000003 12.500000000000002 4.5000000000000009 60.550000000000004 0.28708791208791212 82.38333333333334 0.066081498999454216 51.500000000000007 0.16904761904761903 3.5000000000000004 70.050000000000011 1350.0000000000002 109.55000000000001 1600.0000000000002 1.0000000180025095e-35 42.844047619047622 55.250000000000007 1900.0000000000002 0.029513888888888853 0.048115079365079354 108.05000000000001 44.396875000000009 0.056438791732909353 1.0000000180025095e-35 0.55000000000000016 67.15000000000002 106.65000000000002 0.050633812847172707
decision_type=2 2 2 2 2 2 2 2 2 2 2 2 2 2 2 2 2 2 2 2 2 2 2 2 2 2 2 2 2 2
left_child=1 9 10 4 5 18 8 -8 -7 -1 25 -12 -5 21 15 -15 -16 19 24 20 -11 -14 -22 -6 -3 -2 27 28 -27 -19
right_child=2 3 -4 12 23 6 7 -9 -10 17 11 -13 13 14 16 -17 -18 29 -20 -21 22 -23 -24 -25 -26 26 -28 -29 -30 -31
leaf_value=0.022985839413513291 -0.032861283582720335 -0.065170709850933095 0.057741365966331032 -0.0090084103646076354 -0.060494851086702328 0.0052955626743321632 0.021688779154237559 -0.0408746539783644 -0.01884710399207646 -0.059263678099761109 -0.06416495549679456 0.022646258317001691 0.054079865235841254 0.023976628070394294 0.0019073602097275039 -0.031359853635477906 0.036189959241615076 -0.07828029108218916 -0.0075135961469754362 -0.064734071148091057 -0.025181459044630667 0.024956476058748185 0.0085963236071500762 -0.023799826812408498 -0.023439841401622547 -0.060262119344115767 -0.062896847845239912 -0.075715512696169343 -0.044502596211899496 -0.070170441625483554
leaf_weight=3.7465893458575037 2.0795716887805673 3.5427842549979669 2.172390639781951 7.0219935812056056 2.8037228286266318 127.29704828560352 56.899369012564421 3.9019693322479716 29.022607769817114 2.4179244115948739 3.6715171625837675 3.4720215979032218 8.7195684462785739 10.322953402996063 7.7423867955803862 10.333880349993706 30.826472379267216 1.5896703153848641 4.3337962385267019 2.8294055685400954 7.0001806952059251 8.8327048346400243 4.3019935451447964 3.7520899716764688 1.496950641274452 3.4447337109595519 12.425734580028802 1.2128820400685079 5.0197357181459665 1.9037126135081051
leaf_count=19 37 49 5 25 14 759 297 28 229 27 107 28 20 28 31 59 80 21 36 33 59 25 36 34 22 80 398 12 103 25
internal_value=0.000761599 0.00495876 -0.0419184 0.00734354 0.00276446 0.00398759 0.00553472 0.0176737 0.000813189 -0.026804 -0.0488295 -0.0219715 0.0200781 0.0227383 0.0177932 -0.00370625 0.029308 -0.0361111 -0.0318489 -0.0281427 -0.0205967 0.0394243 -0.0123245 -0.0394932 -0.0527754 -0.0567634 -0.0590122 -0.0540243 -0.0509162 -0.0738608
internal_weight=374.138 340.64 33.4986 316.85 233.05 226.495 217.121 60.8013 156.32 23.7895 31.3262 7.14354 83.8 76.778 59.2257 20.6568 38.5689 20.0429 9.37353 16.5495 13.7201 17.5523 11.3022 6.55581 5.03973 24.1827 22.1031 9.67735 8.46447 3.49338
internal_count=2726 1956 770 1736 1468 1420 1313 325 988 220 765 135 268 243 198 87 111 201 107 155 122 45 95 48 71 630 593 195 183 46
is_linear=0
shrinkage=0.05


Tree=18
num_leaves=31
num_cat=0
split_feature=13 18 23 23 23 5 23 18 18 18 11 1 17 19 17 17 17 17 19 18 10 1 10 11 11 23 17 23 10 13
split_gain=24.1065 8.07697 7.85084 5.65964 5.46347 5.58919 7.57055 5.46562 5.89114 5.08745 5.07832 4.54562 4.49875 3.65213 3.64057 3.47932 4.01575 4.68591 3.56067 3.3407 3.33352 3.33195 3.19032 3.08222 4.32212 4.26967 2.88188 2.77483 2.16189 1.98118
threshold=0.36666666666666675 6.5000000000000009 164.75000000000003 109.35000000000001 104.45000000000002 1.0000000180025095e-35 108.15000000000002 15.500000000000002 12.500000000000002 5.5000000000000009 0.022321428571428555 53.500000000000007 66.437362637362654 2.8500000000000001 44.480208333333344 27.855 38.178750000000008 44.396875000000009 12.250000000000002 9.5000000000000018 0.29669386002576215 54.500000000000007 0.29128959276018102 0.028219395866454656 0.044949494949494906 120.75000000000001 40.62916666666667 113.65000000000002 0.2069580731489741 0.70833333333333337
decision_type=2 2 2 2 2 2 2 2 2 2 2 2 2 2 2 2 2 2 2 2 2 2 2 2 2 2 2 2 2 2
left_child=1 9 29 4 7 6 -6 8 22 13 14 -7 -8 -1 27 18 28 -18 -15 -13 -11 -10 -3 -12 26 -26 -25 -5 -17 -2
right_child=2 3 -4 10 5 11 12 -9 21 20 23 19 -14 15 -16 16 17 -19 -20 -21 -22 -23 -24 24 25 -27 -28 -29 -30 -31
leaf_value=0.035629705770610635 -0.036342548840566459 -0.0021042927199699632 0.04999410890646299 -0.0010948395848998768 -0.062400231512785925 -0.033830524561177723 -0.0253076151850084 -0.038874672950359013 0.039619911527022544 -0.049045367039271773 0.051709866829086994 -0.013441848701626527 0.032213701966607493 -0.066334210903716787 0.012499684606558432 -0.010894292089606693 -0.047531015351067255 -0.0030427691440542202 0.013782359080321747 0.035245091659887845 0.004886229103067654 0.00063852332781880151 0.024086834881513169 0.022377563143098647 0.036493716058023755 0.0096745860976781978 -0.030622215844187273 -0.055175082375416143 0.030497826705185617 -0.062331630402449684
leaf_weight=5.4725162675604215 16.330854769330479 54.629942577332258 2.1946676671504965 5.0648242197930831 9.7441349215805548 5.2141267303377417 10.10777362436056 5.7078446894884101 22.418573081493381 11.431871445849536 8.7095196247100812 5.158185716718438 5.1215059403330079 4.4906134717166415 16.269951653666794 4.4174296762794247 7.3135596876963964 31.039326613768935 2.0065148137509823 11.116533868014811 3.8235033489763728 7.2560685891658059 14.770590220578013 4.3070114292204362 35.670208798721433 25.413546152412891 6.341106740757823 4.4611053038388491 11.03441211208701 13.309223782736806
leaf_count=28 285 317 5 28 99 36 56 12 56 133 31 42 26 61 74 37 70 258 16 37 32 30 60 16 120 141 32 33 75 480
internal_value=0.000341781 0.00425375 -0.0412559 0.00858642 0.00237361 -0.0118975 -0.027984 0.00870164 0.0114426 -0.00951386 0.0174313 0.00679753 -0.00596358 -0.0034802 -0.00187308 -0.00702951 -0.00285599 -0.0115263 -0.0415917 0.019814 -0.0355283 0.0300881 0.00346999 0.0236218 0.0202115 0.0253358 -0.00918456 -0.0264213 0.0186645 -0.0480124
internal_weight=370.347 338.512 31.8347 257.483 151.245 46.4623 24.9734 104.783 99.0752 81.0297 106.237 21.4888 15.2293 65.7744 25.7959 60.3019 53.8047 38.3529 6.49713 16.2747 15.2554 29.6746 69.4005 80.4414 71.7319 61.0838 10.6481 9.52593 15.4518 29.6401
internal_count=2726 1956 770 1246 771 296 181 475 463 710 475 115 82 545 135 517 440 328 77 79 165 86 377 340 309 261 48 61 112 765
is_linear=0
shrinkage=0.05


Tree=19
num_leaves=31
num_cat=0
split_feature=13 2 19 2 10 16 9 1 9 19 19 9 8 9 10 1 16 19 17 0 9 20 13 9 2 19 16 10 17 9
split_gain=21.8376 9.35633 6.99006 6.6943 4.94911 6.11927 6.61923 5.19918 4.93308 4.42032 3.43552 3.5175 4.81209 3.06684 5.58962 4.03917 5.40311 3.05017 3.21242 2.86647 3.30831 2.3222 2.12213 2.70738 1.82963 1.70957 1.94204 1.61948 0.702088 0.561373
threshold=0.36666666666666675 2.5000000000000004 80.850000000000009 6.5000000000000009 0.28078817733990152 12.500000000000002 0.050633812847172707 57.500000000000007 0.029513888888888853 12.850000000000003 7.4500000000000011 0.17515516611902152 3.5000000000000004 0.10281902844198336 0.24638060352346061 53.500000000000007 12.500000000000002 393.55000000000001 97.553571428571431 1350.0000000000002 0.056438791732909353 2019.0000000000002 0.70833333333333337 0.13893653516295021 5.5000000000000009 8.5500000000000025 15.500000000000002 0.11834733893557421 48.828571428571429 1.0000000180025095e-35
decision_type=2 2 2 2 2 2 2 2 2 2 2 2 2 2 2 2 2 2 2 2 2 2 2 2 2 2 2 2 2 2
left_child=1 9 4 22 5 19 8 -8 -7 -1 11 28 -13 14 15 16 -11 18 24 20 -3 -21 23 29 27 -12 -27 -4 -6 -2
right_child=3 2 17 -5 10 6 7 -9 -10 13 25 12 -14 -15 -16 -17 -18 -19 -20 21 -22 -23 -24 -25 -26 26 -28 -29 -30 -31
leaf_value=-0.070952591690374336 -0.018157907737445602 -0.029546874502157691 0.0046583681705254171 0.040370517858551634 -0.052253340025562034 -0.01198573972163933 -0.021661481261825988 0.048387342488570989 0.018741302651161553 -0.035189248939092692 0.049470372411587846 0.041484334115751531 -0.030925156136373824 -0.053588460517942853 0.030634885367401749 -0.05338218598586069 0.044997235314122003 0.047032126755187455 -0.018767150576881948 -0.0048451559582821701 0.019284261980640999 -0.05600055921513554 -0.062134297204682692 -0.00073522833114119768 -0.0066371049941642253 0.022811674165456885 -0.0021095940128860497 0.022344209968270357 -0.019897806740041112 -0.051884570406770469
leaf_weight=4.0509531684219864 1.4150167442858244 9.0772792855277675 15.866676039993761 2.3785955160856238 3.0811231750994947 17.88424870185554 33.403499003499746 2.8771044816821805 48.445771457627416 4.9982772022485786 4.3560618120245627 5.7287656180560571 3.8274260805919766 4.2752514854073516 6.7345155011862508 6.6347053088247767 3.6239267997443676 7.8272990137338629 6.7200483158230773 2.919967862777411 5.6136765107512465 9.2345545087009651 12.677576360991225 4.2825549081899235 7.5159008614718905 31.090603506192565 10.443107701838015 70.265673351474106 3.6780739612877369 9.6340305474586767
leaf_count=59 17 102 66 9 38 142 260 12 246 47 16 24 34 48 41 67 14 18 23 58 38 79 480 47 38 160 46 248 32 217
internal_value=0.000400119 0.00413313 0.00680947 -0.0401605 0.00107371 -0.00449581 0.00106448 -0.0161065 0.0104565 -0.0223373 0.0126645 -0.00704208 0.012483 -0.0148396 -0.00730662 -0.0240543 -0.00148674 0.01697 0.0146256 -0.0257488 -0.0108876 -0.0437111 -0.0469993 -0.0344843 0.0170218 0.0196709 0.0165455 0.0190863 -0.0346468 -0.0475653
internal_weight=360.562 330.174 299.857 30.3878 191.661 129.456 102.611 36.2806 66.33 30.3176 62.2052 16.3154 9.55619 26.2667 21.9914 15.2569 8.6222 108.196 100.368 26.8455 14.691 12.1545 28.0092 15.3316 93.6483 45.8898 41.5337 86.1323 6.7592 11.049
internal_count=2726 1956 1680 770 1287 937 660 272 388 276 350 128 58 217 169 128 61 393 375 277 140 137 761 281 352 222 206 314 70 234
is_linear=0
shrinkage=0.05


Tree=20
num_leaves=31
num_cat=0
split_feature=13 23 16 23 23 17 23 23 23 23 5 2 2 23 23 10 20 10 2 3 23 10 11 11 23 9 11 10 9 16
split_gain=18.076 10.6099 8.53635 8.33387 9.44716 6.31677 4.54627 4.19616 4.82818 4.11793 4.0815 3.58864 3.52788 3.44825 5.35448 3.25011 3.83629 3.1361 2.97774 3.70461 5.16314 2.86333 2.49548 2.43483 2.53728 2.75655 2.39199 2.12671 1.9513 2.07038
threshold=0.70833333333333337 108.85000000000001 12.500000000000002 98.300000000000026 60.95000000000001 77.610714285714309 70.550000000000011 90.550000000000011 91.15000000000002 107.55000000000001 1.0000000180025095e-35 2.5000000000000004 2.5000000000000004 108.15000000000002 108.25000000000001 0.12372448979591837 2021.5000000000002 0.15677668539325842 6.5000000000000009 1.0000000180025095e-35 112.15000000000002 0.094588550983899775 0.026671408250355601 0.072478991596638606 59.95000000000001 0.049515639589168957 0.044949494949494906 0.13263888888888889 0.053342816500711203 10.500000000000002
decision_type=2 2 2 2 2 2 2 2 2 2 2 2 2 2 2 2 2 2 2 2 2 2 2 2 2 2 2 2 2 2
left_child=1 3 12 4 23 7 -7 11 -9 -5 13 -6 -3 -11 -15 16 22 -8 19 20 -17 -12 -4 24 -1 -26 -14 -21 -28 -30
right_child=-2 2 15 9 5 6 17 8 -10 10 21 -13 26 14 -16 18 -18 -19 -20 27 -22 -23 -24 -25 25 -27 28 -29 29 -31
leaf_value=-0.06837465125627272 -0.061074273718341288 -0.036322291561197831 -0.0095964988336432189 -0.039206412623073512 -0.032594136624746223 -0.079673215642371967 -0.047399095728332334 0.065255036980883099 0.010345337186470849 -0.052469495848446263 0.049355787104345655 0.0081262911594808286 0.019004355480200557 0.04063193530368428 -0.028078276780866669 0.021668542221328947 -0.032961451154033442 0.0134012002245711 0.053741371233834406 0.046068330335617219 0.067048026925187687 -0.0032792011126026341 0.046570241997875107 -0.06245974492628506 -0.03419579137669753 0.025896344462003958 -0.050292767376258068 0.0076138322655308968 -0.039205558457837762 0.012219388143553616
leaf_weight=2.2016160655766708 11.797543549677355 9.8681491333991307 3.9055322147905809 21.449345839209855 5.7939814981073132 3.181078133173286 3.4553539399057609 6.7920058858580914 9.7506037037819606 7.4770319797098663 3.4359231181442729 81.769099207594991 9.2328135706484336 3.7745809573680154 11.39557608310133 35.751224568113685 6.5173814594745636 5.4916953220963478 6.4195460453629485 3.8570202551782122 7.6006781905889502 10.418646322563289 4.0061061456799507 5.5108707328326991 4.3013088358566165 3.4304058384150267 2.9309537913650265 53.017505052499473 2.8162334617227298 6.4168058484792709
leaf_count=42 474 120 27 264 58 19 21 20 78 82 10 428 58 22 92 138 32 34 20 14 16 77 16 61 48 22 30 304 33 51
internal_value=-0.000224346 0.00187491 0.0117009 -0.00601891 0.000934776 0.00581658 -0.0283335 0.009795 0.03289 -0.0218193 -0.0116021 0.00543185 -0.0115906 -0.0246793 -0.0109821 0.0177155 -0.00455585 -0.0100799 0.0207287 0.0186143 0.0296247 0.00977424 0.0188439 -0.0358059 -0.0210188 -0.00753412 -0.000184358 0.0102217 -0.0147491 -0.00346609
internal_weight=353.767 341.969 152.34 189.629 131.678 116.234 12.1281 104.106 16.5426 57.9511 36.5018 87.5631 31.265 22.6472 15.1702 121.075 14.429 8.94705 106.646 100.226 43.3519 13.8546 7.91164 15.4442 9.93333 7.73171 21.3968 56.8745 12.164 9.23304
internal_count=2711 2237 859 1378 831 658 74 584 98 547 283 486 292 196 114 567 75 55 492 472 154 87 43 173 112 70 172 318 114 84
is_linear=0
shrinkage=0.05


Tree=21
num_leaves=31
num_cat=0
split_feature=13 19 2 19 19 19 18 19 19 22 8 19 19 19 19 19 4 19 19 17 17 11 19 18 17 9 9 2 9 9
split_gain=16.6231 6.26953 5.10437 3.45677 2.70572 3.06288 2.6417 4.62021 7.69888 5.37457 3.65848 3.36883 5.39672 2.54703 2.49365 2.49183 7.17074 2.89796 3.21554 2.55761 2.33584 2.12057 1.95338 3.41291 3.18284 3.09073 2.88791 1.61592 2.53779 1.61341
threshold=0.70833333333333337 64.40000000000002 2.5000000000000004 12.850000000000003 21.950000000000003 18.250000000000004 13.500000000000002 133.95000000000002 182.50000000000003 5.5000000000000009 3.5000000000000004 161.90000000000003 223.35000000000005 216.35000000000002 93.000000000000014 44.150000000000013 1.0000000180025095e-35 39.550000000000004 37.250000000000007 84.86375000000001 61.925000000000011 0.04880952380952381 102.55000000000001 10.500000000000002 40.080494505494514 0.060024009603841501 0.04016129032258061 3.5000000000000004 0.050633812847172707 0.051956815114709808
decision_type=2 2 2 2 2 2 2 2 2 2 2 2 2 2 2 2 2 2 2 2 2 2 2 2 2 2 2 2 2 2
left_child=1 2 3 -1 5 -5 7 22 -9 20 21 14 -13 -11 -12 17 -17 18 19 -4 -10 -8 23 25 -25 -3 -24 28 -18 -19
right_child=-2 6 15 4 -6 -7 10 8 9 13 11 12 -14 -15 -16 16 27 29 -20 -21 -22 -23 26 24 -26 -27 -28 -29 -30 -31
leaf_value=-0.064929053305005618 -0.060342640869931546 0.037299244170433038 0.0020388930541295289 -0.025721780633658188 -0.036883643620509859 0.048022515417257022 -0.025689223579171184 -0.041886698737020139 0.0017769224497458623 0.053806961111215607 0.031403022055402963 0.06963451295113042 0.017511678922678697 0.0077112465933991091 -0.016137349398946382 0.033619570208438761 -0.045438211952816575 0.0082507425019237267 -0.047649964319433476 -0.027614523280537269 -0.045753387937999129 0.014067362506793966 0.002597079931230198 0.0146433849451773 -0.022410407891285775 -0.016020400126949969 0.042216514795128314 -0.046833003497325609 0.0058995118011599609 0.051725971898078343
leaf_weight=4.9683990161865976 11.08895284461323 12.174725921824573 138.41500583756715 2.9057513009756786 6.7686713105067611 2.7317491341382265 5.3984576836228362 11.865944134071468 6.2015570960938931 6.0032894089818001 5.4747053347527999 9.3266237899661082 10.621788635849951 5.9838061220943928 5.5593891777098179 5.5313591398298767 4.3815296553075331 4.4128708727657777 3.5545457666739813 7.674703197553753 4.4323479160666466 8.8569503016769868 7.5278448835015324 11.047251242212953 12.190961377695201 3.4989596381783477 11.823656040243803 8.7681765872985107 5.3424765393137932 4.1324395146220922
leaf_count=90 474 59 1120 32 81 18 24 76 27 17 16 16 34 25 26 20 39 28 25 67 26 30 33 47 69 26 48 65 35 18
internal_value=-0.000105702 0.00187301 -0.00379273 -0.0296872 -0.0155736 0.0100123 0.010068 0.00523645 -0.00926841 0.00784166 0.019974 0.0296189 0.041881 0.0307966 0.00745041 -0.00132361 -0.0163277 0.000954994 -0.000662196 0.000481075 -0.0180343 -0.000988274 0.0138221 0.00736582 -0.00479535 0.0253963 0.0268043 -0.0312679 -0.0172327 0.029275
internal_weight=348.665 337.576 199.588 17.3746 12.4062 5.6375 137.988 92.7503 34.4869 22.621 45.2379 30.9825 19.9484 11.9871 11.0341 182.213 24.0235 158.19 149.644 146.09 10.6339 14.2554 58.2634 38.9119 23.2382 15.6737 19.3515 18.4922 9.72401 8.54531
internal_count=2711 2237 1638 221 131 50 599 453 171 95 146 92 50 42 42 1417 159 1258 1212 1187 53 54 282 201 116 85 81 139 74 46
is_linear=0
shrinkage=0.05


Tree=22
num_leaves=31
num_cat=0
split_feature=23 16 0 23 23 0 19 19 10 23 23 19 23 18 17 16 10 23 11 6 4 2 20 10 9 20 1 23 18 6
split_gain=11.0555 8.72959 7.43518 10.5787 5.58328 5.3732 9.56708 6.12292 5.33467 5.68234 4.7987 5.37173 4.659 4.49299 4.16378 4.48711 3.94213 3.87699 3.39055 3.24697 2.99897 2.68615 2.68095 2.5204 2.97388 2.5917 2.61256 2.26077 2.216 3.14125
threshold=109.35000000000001 9.5000000000000018 1600.0000000000002 60.95000000000001 107.85000000000001 1750.0000000000002 8.3500000000000032 204.15000000000001 0.27126436781609192 123.15000000000002 90.550000000000011 15.850000000000003 112.15000000000002 8.5000000000000018 97.553571428571431 11.500000000000002 0.18734335839598995 111.45000000000002 0.061862244897959155 1.5000000000000002 1.0000000180025095e-35 2.5000000000000004 2021.5000000000002 0.36397058823529416 0.093841642228739017 2022.5000000000002 54.500000000000007 109.15000000000002 10.500000000000002 1.5000000000000002
decision_type=2 2 2 2 2 2 2 2 2 2 2 2 2 2 2 2 2 2 2 2 2 2 2 2 2 2 2 2 2 2
left_child=2 -2 3 -1 28 12 -7 8 9 -8 14 -12 13 22 15 18 -15 -10 -5 -17 -13 -22 -3 24 25 27 -27 -6 -4 -30
right_child=1 5 4 10 23 6 7 -9 17 -11 11 20 -14 16 -16 19 -18 -19 -20 -21 21 -23 -24 -25 -26 26 -28 -29 29 -31
leaf_value=-0.038786211974639766 -0.045623682424831127 0.060497602850356526 -0.04594259419269292 -0.00017339466379050054 -0.011077782518276368 -0.043518946740539813 -0.025637247027215978 0.042072179154784541 0.070169481925103999 0.010816021368149716 -0.041746050111566714 -0.00110530788729745 0.057278520916355616 0.016723998951959723 -0.049062469273965792 -0.0014660956275466906 -0.033883531865797942 0.015672281297771519 -0.054426692059694998 0.019118162594155958 0.018736624308858824 0.065549702617656719 0.013562645612298575 0.02605208477892882 -0.042681509888762847 -0.018161419702305417 0.027802687719727461 -0.05758541568612624 -0.048961944432666764 0.013217042575826647
leaf_weight=15.720123756676911 6.5312004522420457 7.8534656595438701 20.774752782192085 5.9008927857503277 17.547694643959407 8.6522327812854183 18.420209574513137 13.834061890840529 4.0415159985423115 25.475397604750469 2.4556241962127414 3.9229414826259061 10.261177383363245 16.502256996929649 4.0875463131815186 48.176591713679954 5.0182047151029101 16.953158948104829 5.6248082211241126 31.805702299810946 4.7955716792494032 8.4882848621346039 4.9667168222367764 4.5699726552702478 7.0334623442031434 4.9736724747344843 8.1693099197000247 3.0702419374138108 3.7436127578839642 4.4405947402119637
leaf_count=229 114 35 375 53 155 164 152 41 9 156 51 25 30 63 24 326 29 99 71 173 35 28 24 32 73 29 31 20 33 32
internal_value=-0.000113136 0.0108027 -0.00747764 -0.000309886 -0.0201092 0.013595 0.00638704 0.011872 0.00543355 -0.00448111 0.00493793 0.0274335 0.0277157 0.0188822 0.000310967 0.00251642 0.00492319 0.0261631 -0.0266503 0.00671943 0.0373063 0.0486498 0.0423143 -0.00915989 -0.0131045 -0.00694267 0.0104086 -0.0180033 -0.0372613 -0.0152248
internal_weight=343.811 138.51 205.301 130.978 74.3233 131.978 87.3766 78.7243 64.8903 43.8956 115.258 19.6624 44.6018 34.3406 95.5955 91.508 21.5205 20.9947 11.5257 79.9823 17.2068 13.2839 12.8202 45.3644 40.7944 33.7609 13.143 20.6179 28.959 8.18421
internal_count=2711 916 1795 1015 780 802 621 457 416 308 786 139 181 151 647 623 92 108 124 499 88 63 59 340 308 235 60 175 440 65
is_linear=0
shrinkage=0.05


Tree=23
num_leaves=31
num_cat=0
split_feature=13 16 19 19 8 19 1 19 1 19 11 1 5 19 19 16 19 9 20 20 11 11 19 11 17 11 11 17 19 6
split_gain=14.8176 7.66568 6.11837 4.18881 4.42851 4.16636 2.99498 2.83509 2.65029 2.73019 3.31761 3.27379 2.33765 2.32327 4.74266 4.20336 2.76808 2.50262 3.96222 2.51103 2.3016 2.15156 2.56597 2.09075 1.62822 1.42045 1.35703 1.13039 1.07069 0.585489
threshold=0.70833333333333337 12.500000000000002 11.65 186.00000000000003 3.5000000000000004 169.50000000000003 53.500000000000007 219.35000000000005 57.500000000000007 62.000000000000007 0.059411764705882351 56.500000000000007 1.0000000180025095e-35 77.050000000000011 124.95000000000002 10.500000000000002 254.60000000000002 0.051064754454584908 2019.0000000000002 2019.0000000000002 0.052177858439201405 0.050862068965517211 3.8500000000000001 0.086670838548185206 37.272222222222219 0.043055555555555507 0.063392857142857112 25.07357142857143 7.7500000000000009 1.5000000000000002
decision_type=2 2 2 2 2 2 2 2 2 2 2 2 2 2 2 2 2 2 2 2 2 2 2 2 2 2 2 2 2 2
left_child=1 2 21 5 6 8 -5 -6 9 11 -11 -3 -8 15 20 26 24 19 -19 -17 -15 22 -1 -10 -16 -9 -4 -28 -24 -23
right_child=-2 3 13 4 7 -7 12 25 23 10 -12 -13 -14 14 16 17 -18 18 -20 -21 -22 29 28 -25 -26 -27 27 -29 -30 -31
leaf_value=0.043077497103325556 -0.059494138893547127 0.00090137740020174899 -0.061214318335159695 -0.025819615950785253 0.059397338925120863 -0.048990353218015426 -0.0044943977694233504 0.038671833906548235 0.0020008659002284514 0.0013136321883554368 0.025043946362946819 -0.028686126902497628 0.039334267295619563 0.045884295362994015 0.00040651404648045102 0.018020099053580801 0.025687829168849315 -0.033638264267544453 0.023701432330034713 -0.034118511761672791 0.00040892152645974908 -0.067229686889321072 -0.065811238482021236 0.04385789002198684 -0.041463102104946498 0.0054981350386453095 0.00529729106368685 -0.044343950572681819 -0.010877297239645365 -0.042976612470480381
leaf_weight=1.4171189675107587 10.217880344018338 122.3418527324684 4.66910513024777 6.0732684619724777 8.2379513122141379 3.7649108804762355 6.1549962088465673 6.3656182885169965 5.0799519047141057 34.357093097642064 25.780151098966599 10.122747989371417 6.0158289223909378 7.6366620305925625 3.575935507193206 3.111486352048817 3.3361033685505381 4.01076143793762 12.108073502779005 8.9565945118665677 4.3771995902061462 4.5734264599159342 1.66013690084219 7.2285346742719412 6.6215590834617615 6.5442362204194069 2.0027323439717293 2.6832345556467772 1.9046362740918992 5.458355057053268
leaf_count=14 474 915 67 27 19 22 29 23 23 160 115 101 14 33 18 53 13 57 58 84 28 72 32 24 51 21 17 32 26 89
internal_value=-0.000204239 0.00165313 -0.0120076 0.00595416 0.0209083 0.00313124 0.00285878 0.0364796 0.00408889 0.00265139 0.0114865 -0.00135966 0.0171694 -0.00518077 0.00645048 -0.0130959 -0.013847 -0.00345738 0.00943391 -0.0206757 0.0293155 -0.0406948 -0.0138355 0.0265827 -0.0267808 0.0218555 -0.0421367 -0.0231278 -0.0364604 -0.0540334
internal_weight=336.388 326.17 78.1031 248.067 39.3919 208.675 18.2441 21.1478 204.91 192.602 60.1372 132.465 12.1708 63.0894 25.5475 37.542 13.5336 28.1869 16.1188 12.0681 12.0139 15.0137 4.98189 12.3085 10.1975 12.9099 9.35507 4.68597 3.56477 10.0318
internal_count=2711 2237 744 1493 133 1360 70 63 1338 1291 275 1016 43 511 143 368 82 252 115 137 61 233 72 47 69 44 116 49 58 161
is_linear=0
shrinkage=0.05


Tree=24
num_leaves=31
num_cat=0
split_feature=13 23 23 23 17 16 23 1 23 22 8 19 19 23 19 11 23 17 18 18 16 23 18 11 17 11 11 19 17 2
split_gain=13.5755 7.94977 6.48188 9.09197 5.87529 5.34488 4.89593 4.09069 4.07334 3.78138 3.55949 5.17852 3.93406 4.40772 3.39312 3.37666 3.17594 2.74201 2.5844 2.4606 1.79973 3.65469 3.95876 2.60397 2.12729 1.69313 1.94183 1.55546 1.34555 1.24949
threshold=0.70833333333333337 109.25000000000001 98.300000000000026 70.450000000000017 64.956250000000026 9.5000000000000018 107.55000000000001 54.500000000000007 59.95000000000001 5.5000000000000009 2.5000000000000004 8.3500000000000032 204.15000000000001 163.45000000000002 73.750000000000014 0.046256684491978554 70.950000000000017 27.065259740259744 8.5000000000000018 10.500000000000002 12.500000000000002 110.65000000000002 9.5000000000000018 0.071067821067821071 44.636904761904773 0.16025641025641021 0.025978407557354904 5.0500000000000007 56.628571428571441 4.5000000000000009
decision_type=2 2 2 2 2 2 2 2 2 2 2 2 2 2 2 2 2 2 2 2 2 2 2 2 2 2 2 2 2 2
left_child=1 2 3 4 8 -3 19 14 -1 -10 20 27 13 -13 16 28 -5 -8 -17 -4 23 24 -23 -7 -22 26 -19 -12 -9 -21
right_child=-2 5 6 7 -6 10 17 15 9 -11 11 12 -14 -15 -16 18 -18 25 -20 29 21 22 -24 -25 -26 -27 -28 -29 -30 -31
leaf_value=-0.065098618621856022 -0.058858118893422309 -0.038678851509003943 -0.05045068047525323 0.023260032937542793 -0.074092660116892278 0.022777107009064292 0.023531690256826266 -0.015543775396528259 -0.018521544046550834 0.0092147684865042205 -0.0043327605948934866 -0.0014691439321335758 0.035859078567106011 0.033122200958456555 0.01873157762610507 0.016516338469007168 -0.020470678512792856 -0.0014043801383616784 0.056309822814218181 -0.031137339307670233 -0.014119817486135855 0.066782484849832416 0.02215049865475607 -0.032427388313783161 0.022528366837348095 0.021376066651740574 -0.026364838682771896 -0.052983754901971061 0.023974242671353764 0.013989574027927491
leaf_weight=3.0752852023579171 9.6181454589823243 5.2805276885628691 13.864480129443111 5.5311828274279859 3.7437050174921742 6.0973534835502488 5.7018544599413863 4.4765779543668049 26.777553015388548 22.710062092170119 2.618515118956565 50.104621751233935 12.310082398355005 11.282923648133872 20.281631045043468 6.4538431651890305 16.64865586347878 12.423611524514852 11.093562275171278 3.7978342324495307 5.3817861191928413 9.3035443667322415 10.662060149013994 3.2880478082224727 14.985248956829308 3.1348215192556372 20.900566128082573 4.4095922647975385 4.1517060473561287 2.5732106119394302
leaf_count=66 474 82 213 26 36 48 33 31 212 126 35 317 39 41 75 47 163 74 31 36 28 28 34 30 62 22 209 60 18 15
internal_value=-0.000320981 0.00142176 -0.00525423 0.00131822 -0.0135734 0.0106366 -0.018415 0.0135346 -0.00926301 -0.00579324 0.012633 0.00615108 0.0100618 0.00488868 0.00395071 0.0290812 -0.00956516 -0.00871195 0.041674 -0.0386315 0.0231575 0.0277464 0.042948 0.00343696 0.0128444 -0.0137546 -0.0170593 -0.0348575 0.00347127 -0.012911
internal_weight=332.683 323.064 187.34 124.944 56.3066 135.724 62.3964 68.6372 52.5629 49.4876 130.444 80.7257 73.6976 61.3875 42.4615 26.1757 22.1798 42.1609 17.5474 20.2355 49.718 40.3326 19.9656 9.3854 20.367 36.459 33.3242 7.02811 8.62828 6.37104
internal_count=2711 2237 1433 831 440 804 602 391 404 338 722 492 397 358 264 127 189 338 78 264 230 152 62 78 90 305 283 95 49 51
is_linear=0
shrinkage=0.05


Tree=25
num_leaves=31
num_cat=0
split_feature=18 16 23 7 23 23 23 2 8 11 20 18 23 23 23 10 11 9 4 23 9 9 9 6 23 23 20 9 16 11
split_gain=13.5902 4.22788 5.98098 14.2555 3.45869 5.25284 4.92781 6.37652 4.60485 4.5029 5.38436 3.33235 3.16374 5.18496 4.83938 4.63278 5.24647 4.07263 3.20655 6.33976 3.02506 2.78425 2.77129 2.7177 7.10481 3.5755 2.53844 4.80045 2.50313 2.49893
threshold=7.5000000000000009 12.500000000000002 109.45000000000002 1.5000000000000002 110.65000000000002 104.45000000000002 108.15000000000002 3.5000000000000004 1.5000000000000002 0.067496392496392457 2021.5000000000002 15.500000000000002 70.450000000000017 73.050000000000011 91.850000000000009 0.29669386002576215 0.071067821067821071 0.051956815114709808 1.0000000180025095e-35 71.850000000000009 1.0000000180025095e-35 0.051064754454584908 1.0000000180025095e-35 1.5000000000000002 123.95000000000002 154.50000000000003 2022.5000000000002 0.025167084377610654 15.500000000000002 0.043055555555555507
decision_type=2 2 2 2 2 2 2 2 2 2 2 2 2 2 2 2 2 2 2 2 2 2 2 2 2 2 2 2 2 2
left_child=1 -1 22 -4 5 12 20 9 21 10 -8 23 15 18 29 16 17 -2 19 -14 -7 -6 -3 26 28 -26 27 -10 -25 -15
right_child=4 2 3 -5 8 6 7 -9 11 -11 -12 -13 13 14 -16 -17 -18 -19 -20 -21 -22 -23 -24 24 25 -27 -28 -29 -30 -31
leaf_value=-0.029077750674007204 -0.0096829183152521685 0.025617895110703021 -0.024933900656578231 0.05059742325094907 0.017826161738344622 0.029088211130650483 -0.0012632006085818641 0.025501407445083165 0.042205568847632394 0.013521612125710694 -0.06278094420288173 0.052445590292250356 -0.02070996298707661 -0.035404202210833964 0.038062878936074157 0.037743078511042479 -0.045340166874075667 0.035266523449388333 0.047904863820088531 0.051135210950354781 -0.037077694751009763 0.050460347670813366 -0.022107181824365451 -0.017841707903221499 0.04746801719635383 -0.0076845251235830598 0.032910379813420806 -0.020752737715872382 -0.069057915820589857 0.0017878444763565248
leaf_weight=35.743598431814462 19.517748080194 3.2753791548311701 12.885527949314564 12.125424931757152 14.97982043027878 1.9197088535875106 6.8381204046309012 15.343804270029066 4.5225508706644186 8.0478230305016023 7.4127100203186274 3.6159889511764041 6.4352658595889807 6.7005378389731112 6.8982983194291583 6.4057701234705737 7.5586613528430453 6.7931674704886964 15.196338198147714 5.8726948313415051 17.248763939831406 11.594791382551191 42.651585436076857 4.9578766296617705 5.0200464427471143 7.08753682509996 10.309453696012497 9.1602596645243448 4.5982822570949793 13.855718956794588
leaf_count=676 121 30 181 50 48 12 55 59 22 54 44 11 30 38 36 28 60 29 49 20 176 34 599 47 20 43 30 68 34 67
internal_value=-0.00032674 -0.0150552 -0.00798965 0.011684 0.00656801 0.00221746 -0.00981519 0.000693188 0.0152893 -0.0163775 -0.0332623 0.00624147 0.00939541 0.0171969 0.00182534 -0.00125026 -0.0086251 0.0019225 0.0325406 0.0135707 -0.0304512 0.0320648 -0.0187036 0.00258207 -0.0102557 0.0151828 0.0141739 5.67402e-05 -0.0424862 -0.0103353
internal_weight=334.573 106.682 70.9379 25.011 227.892 152.045 56.8109 37.6425 75.8466 22.2987 14.2508 49.272 95.2342 54.9589 27.4546 40.2753 33.8696 26.3109 27.5043 12.308 19.1685 26.5746 45.927 45.656 21.6637 12.1076 23.9923 13.6828 9.55616 20.5563
internal_count=2771 1536 860 231 1235 878 400 212 357 153 99 275 478 240 141 238 210 150 99 50 188 82 629 264 144 63 120 90 81 105
is_linear=0
shrinkage=0.05


Tree=26
num_leaves=31
num_cat=0
split_feature=13 16 15 6 9 17 1 20 11 1 11 11 4 13 2 11 11 0 1 9 9 3 9 9 6 11 17 11 2 6
split_gain=15.8432 5.12475 3.39497 4.6219 6.04963 4.05416 4.03047 2.88048 2.79412 2.5467 2.61158 3.94048 2.36239 2.26429 2.23197 6.583 5.7585 2.02246 2.14654 1.86133 2.03595 1.57677 1.46999 1.41282 1.14558 1.21809 0.983544 1.1572 0.903965 0.861568
threshold=0.55000000000000016 11.500000000000002 1.5000000000000002 1.5000000000000002 0.07669789227166271 37.117857142857154 52.500000000000007 2021.5000000000002 0.12748284579270497 54.500000000000007 0.050862068965517211 0.043055555555555507 1.0000000180025095e-35 1.0000000180025095e-35 4.5000000000000009 0.057189542483660101 0.061862244897959155 2500.0000000000005 57.500000000000007 0.17515516611902152 0.11651583710407236 1.0000000180025095e-35 0.048115079365079354 0.13484848484848483 1.5000000000000002 0.071067821067821071 29.188383838383839 0.11173533083645441 2.5000000000000004 1.5000000000000002
decision_type=2 2 2 2 2 2 2 2 2 2 2 2 2 2 2 2 2 2 2 2 2 2 2 2 2 2 2 2 2 2
left_child=1 9 17 4 14 -6 -5 12 -7 10 11 28 -8 -9 15 -4 -16 18 19 20 -3 -21 -19 24 25 -11 27 -12 29 -1
right_child=-2 2 3 6 5 8 7 13 -10 23 26 -13 -14 -15 16 -17 -18 22 -20 21 -22 -23 -24 -25 -26 -27 -28 -29 -30 -31
leaf_value=-0.050512925324233515 -0.058694814782189922 0.0087896291987605343 0.023018804373233462 -0.080164630365551756 -0.074101876561974603 -0.036536535641788243 0.0096709191097596649 0.010171290438487213 0.016203034097183756 -0.0040467093067735223 -0.027879776533481199 0.050043253150324797 -0.040767582662855475 -0.033688134762324767 0.0035430823295266034 -0.041678487155724947 0.074746049088297892 -0.039113988040045379 0.039373018171811637 0.041243567727653474 -0.0078244283630415617 0.0020508317964498778 0.00059641678386942022 0.0060813925208340917 -0.053463466358366976 -0.046160743028655152 -0.034414821579372853 0.022866849611591165 0.0096649807043236377 -0.0067176494629640543
leaf_weight=1.8192532733082787 11.158070876728742 149.84525524778292 16.640820840373639 2.4599236743524662 2.9901836272329083 4.6154906898736936 2.9280683007091293 13.057310026139023 5.5088549721986055 3.7032922096550447 2.4171467628329975 4.2342839678749433 11.206262242281809 3.7988313697278491 6.4386803740635496 5.1481912368908516 5.0799065548926592 3.6982755707576853 5.6376107977703205 7.4087186418473703 21.027347207069397 3.9262162204831839 6.3012729343026876 2.1791288331151 5.9830429889261723 3.2011690102517605 6.7783327354118228 2.0988846444524825 3.6268899273127317 2.9342283802106977
leaf_count=23 539 890 107 19 28 45 25 49 39 28 34 22 151 45 43 53 15 29 25 35 163 29 37 16 70 26 96 22 29 39
internal_value=-0.000137963 0.00192518 0.00430795 -0.00439266 0.0058172 -0.022948 -0.0185618 -0.013672 -0.0078399 -0.015053 -0.00490716 0.0107291 -0.0303187 0.000286789 0.0171432 0.00773247 0.0349449 0.0078205 0.00898688 0.00804671 0.00674513 0.0276679 -0.0140902 -0.0311534 -0.0374494 -0.0235724 -0.0223713 -0.00429462 -0.00913481 -0.023479
internal_weight=327.851 316.693 277.717 79.8725 46.4221 13.1145 33.4504 30.9905 10.1243 38.9757 23.909 12.6147 14.1343 16.8561 33.3076 21.789 11.5186 197.845 187.845 182.208 170.873 11.3349 9.99955 15.0666 12.8875 6.90446 11.2944 4.51603 8.38037 4.75348
internal_count=2771 2232 1827 619 330 112 289 270 84 405 265 113 176 94 218 160 58 1208 1142 1117 1053 64 66 140 124 54 152 56 91 62
is_linear=0
shrinkage=0.05


Tree=27
num_leaves=31
num_cat=0
split_feature=13 18 19 15 23 3 17 23 19 17 10 10 3 5 17 9 10 9 17 19 17 23 17 17 23 9 23 17 10 23
split_gain=14.4674 7.29794 3.98698 3.68914 4.46623 7.79207 3.69929 3.47386 3.19632 6.55335 4.29311 6.65452 6.37638 3.73183 3.18908 3.14011 2.826 5.16673 2.76581 2.74629 2.407 2.09503 2.35858 1.66989 1.58827 1.5064 1.92191 1.27536 1.18567 0.889549
threshold=0.55000000000000016 7.5000000000000009 2.8500000000000001 1.5000000000000002 109.45000000000002 1.0000000180025095e-35 38.921428571428571 68.550000000000011 186.00000000000003 74.810714285714297 0.25403225806451618 0.15894736842105264 1.0000000180025095e-35 1.0000000180025095e-35 24.707738095238099 1.0000000180025095e-35 0.14511278195488717 0.047065337763012159 82.564583333333346 36.45000000000001 95.967857142857156 109.55000000000001 75.292857142857159 43.766666666666673 111.45000000000002 0.13893653516295021 108.95000000000002 62.787500000000009 0.29128959276018102 69.350000000000009
decision_type=2 2 2 2 2 2 2 2 2 2 2 2 2 2 2 2 2 2 2 2 2 2 2 2 2 2 2 2 2 2
left_child=1 2 28 4 6 -6 7 -4 9 10 11 13 -13 -3 -12 -5 17 27 -11 -16 -20 22 -18 -8 -7 29 -27 -10 -1 -17
right_child=-2 8 3 15 5 24 23 -9 16 18 14 12 -14 -15 19 25 21 -19 20 -21 -22 -23 -24 -25 -26 26 -28 -29 -30 -31
leaf_value=0.059476109262905447 -0.057968732729518926 0.0016841559924581314 -0.04082521822491194 0.032249824079266728 0.046745560274626258 0.01929000875721722 -0.062882531265000249 0.015565193000629134 0.045224989000101683 -0.057686888178761567 0.067835251737034419 0.0080468755539916306 -0.029190650590974837 0.026701957390923792 0.02637798397008162 -0.012975745985524268 -0.0047989081335860486 -0.023218359017539623 0.01957256971916339 0.0027337055096231556 -0.039370994168913903 0.045136167245406207 0.04020119884319491 -0.02391740668658476 -0.019981862042752516 -0.044427975080088555 0.015620498504227108 0.011966499369865624 0.012699201106510761 -0.041273628565261455
leaf_weight=2.2278990345075718 10.405238505103624 37.148706967011094 3.564065918326377 2.1042802287265685 9.5315673276782036 3.3162407558411369 3.2691268515773144 11.686194278765468 5.3696322813630122 5.4663588311523181 3.0702161360532036 20.121478852815926 26.818697552196681 24.895469894632697 26.246548726223409 3.2646524952724638 6.436291169375183 8.9382885210216028 3.4385988190770149 23.0806740289554 3.4897060059010983 12.203788831830023 5.3174665495753288 17.303735584486276 11.511409001424907 2.1939886289183042 3.3935925746336579 6.2231655940413475 3.45637724455446 18.59843046637252
leaf_count=16 539 228 44 21 42 23 46 100 17 41 13 135 178 118 114 50 29 37 18 134 25 37 16 214 133 28 27 27 32 289
internal_value=3.47028e-05 0.00195872 -0.00957557 -0.0121479 -0.00504347 0.0114745 -0.0162754 0.00238646 0.00700131 0.00393983 0.00663072 0.00097612 -0.0132283 0.0117226 0.018392 -0.0266144 0.0189597 0.00534695 -0.0310963 0.0153146 -0.0101166 0.0306256 0.0155594 -0.0301092 -0.0111986 -0.0311268 -0.0079578 0.0273714 0.031033 -0.0370481
internal_weight=324.092 313.687 95.4216 89.7373 60.1823 24.3592 35.8231 15.2503 218.265 173.776 161.382 108.984 46.9402 62.0442 52.3974 29.5549 44.4886 20.5311 12.3947 49.3272 6.9283 23.9575 11.7538 20.5729 14.8276 27.4507 5.58758 11.5928 5.68428 21.8631
internal_count=2771 2232 1065 1017 602 198 404 144 1167 1004 920 659 313 346 261 415 163 81 84 248 43 82 45 260 156 394 55 44 48 339
is_linear=0
shrinkage=0.05


Tree=28
num_leaves=31
num_cat=0
split_feature=13 18 16 15 17 17 9 19 19 9 10 2 6 17 11 16 9 16 17 15 2 17 19 17 19 19 19 10 11 19
split_gain=13.2714 7.78401 3.41852 3.49836 4.27981 4.50267 4.04688 2.90737 2.85479 2.506 7.54779 3.8427 2.85151 2.25309 2.18649 2.77052 2.20083 2.10334 4.69208 1.90046 1.96722 2.52189 2.49965 1.9704 1.84048 1.84039 1.79078 1.68312 1.52065 1.45346
threshold=0.55000000000000016 7.5000000000000009 12.500000000000002 1.5000000000000002 35.735267857142865 46.249450549450557 1.0000000180025095e-35 6.0500000000000007 2.7500000000000004 0.033520599250936305 0.15504807692307693 4.5000000000000009 1.5000000000000002 38.633928571428577 0.11500330469266355 9.5000000000000018 0.045478036175710557 12.500000000000002 74.176904761904794 2.5000000000000004 2.5000000000000004 67.260119047619057 186.00000000000003 74.810714285714297 10.950000000000001 4.1500000000000012 12.250000000000002 0.15677668539325842 0.047338935574229656 3.7500000000000004
decision_type=2 2 2 2 2 2 2 2 2 2 2 2 2 2 2 2 2 2 2 2 2 2 2 2 2 2 2 2 2 2
left_child=1 2 14 4 26 13 -5 25 -7 10 11 17 -12 -6 16 -16 28 -3 -19 20 21 -11 23 -22 -17 -8 -4 -24 29 -1
right_child=-2 9 3 6 5 8 7 -9 -10 19 12 -13 -14 -15 15 24 -18 18 -20 -21 22 -23 27 -25 -26 -27 -28 -29 -30 -31
leaf_value=0.048748489904080095 -0.057379229316286445 -0.005008951906213064 0.01116169459179802 0.051823243383003738 0.0063265920392813237 0.056750135217217834 -0.04770368334889552 -0.041993842933322686 -8.776763314139561e-05 0.00088735758750691862 -0.012250618714390173 -0.028180789917554086 -0.053671389659289526 -0.056871450515867505 -0.058393602166405593 -0.015314760221021382 -0.047353422165390208 0.040037943995565331 -0.017666647455379395 0.029144428351499371 0.0084690060571012953 -0.054337165795875469 0.0085696123809490196 -0.018101855719608508 0.034972001275223125 0.017114201940888987 0.053526507646800128 0.033634445599758291 -0.062717425466465998 -0.014791008900289636
leaf_weight=1.0307097081095031 9.8372104209847731 6.9255519090220359 4.8469899836927635 1.7350075319409395 1.939340529963373 2.4454332683235434 1.46044740919024 12.217160070780663 22.870528341270983 9.8421948850154859 9.6743401940912026 5.2012978335842481 7.2831350602209559 5.1698130564764142 1.8469496136531214 3.5896917409263551 11.826917234808205 15.526684647426011 4.5565939620137206 11.812634227797387 105.22815851774067 2.6169719453901044 11.278014056384565 7.4727105572819701 3.6898751743137836 4.3778641484677792 5.1393216028809547 16.491498440504074 1.4257473945617665 7.0986358486115932
leaf_count=7 539 51 38 12 14 7 31 166 221 79 67 35 65 60 33 48 189 66 24 51 571 17 42 50 25 46 20 49 36 112
internal_value=-0.00021357 0.00162046 -0.0104806 -0.00375648 0.00434356 -0.00447104 -0.021115 -0.0281239 0.00540257 0.00686515 -0.00304107 0.0111732 -0.0300406 -0.0396313 -0.0241899 -0.00370163 -0.0329349 0.0187519 0.0269456 0.00982168 0.00832915 -0.0107122 0.010018 0.00670721 0.0101747 0.000900077 0.0329642 0.0234549 -0.0150883 -0.00673491
internal_weight=316.457 306.62 92.7104 62.2019 42.4114 32.4251 19.7905 18.0555 25.316 213.91 49.1676 32.2101 16.9575 7.10915 30.5085 9.12652 21.382 27.0088 20.0833 164.742 152.93 12.4592 140.47 112.701 7.27957 5.83831 9.98631 27.7695 9.55509 8.12935
internal_count=2771 2232 1065 615 360 302 255 243 228 1167 308 176 132 74 450 106 344 141 90 859 808 96 712 621 73 77 58 91 155 119
is_linear=0
shrinkage=0.05


Tree=29
num_leaves=31
num_cat=0
split_feature=18 16 15 9 17 17 19 18 1 19 16 9 17 9 1 19 11 11 19 9 19 16 1 16 19 17 6 8 11 1
split_gain=9.40059 4.10098 3.72166 4.24981 3.20555 4.41428 2.28186 2.18276 3.2034 2.17356 1.97674 2.81741 1.84401 1.7503 3.15497 4.28066 3.24198 1.74512 1.73559 2.43179 3.03202 2.34002 1.58241 1.44805 2.31554 3.55214 2.06249 1.80392 3.42159 4.71999
threshold=7.5000000000000009 12.500000000000002 1.5000000000000002 1.0000000180025095e-35 35.735267857142865 46.249450549450557 8.5500000000000025 4.5000000000000009 54.500000000000007 2.6500000000000008 15.500000000000002 0.13048835125448027 38.444155844155851 0.033520599250936305 52.500000000000007 87.700000000000003 0.050862068965517211 0.043055555555555507 23.150000000000002 0.13893653516295021 5.0500000000000007 9.5000000000000018 50.500000000000007 13.500000000000002 210.65000000000003 74.810714285714297 1.5000000000000002 1.5000000000000002 0.078461538461538458 54.500000000000007
decision_type=2 2 2 2 2 2 2 2 2 2 2 2 2 2 2 2 2 2 2 2 2 2 2 2 2 2 2 2 2 2
left_child=1 18 4 -4 7 12 10 8 -3 -7 11 -5 -6 14 15 -2 -16 -11 19 -1 -21 -20 -15 27 25 26 -25 28 -24 -30
right_child=13 2 3 6 5 9 -8 -9 -10 17 -12 -13 -14 22 16 -17 -18 -19 21 20 -22 -23 23 24 -26 -27 -28 -29 29 -31
leaf_value=-0.041189490293858717 -0.023089660686694102 0.039327544175452187 0.048684760763540273 -0.061284310919295017 0.0038808654809297225 0.044303825959592431 -0.050935798830929357 0.043174405160501014 -0.057082211503293651 0.017884831115503978 0.016018161437540326 0.0014751849327922888 -0.053955247836619293 0.036628084038546643 -0.0053955725391687569 0.042179286130323929 -0.061307379794842388 -0.010294553898137021 -0.036386984975988544 -0.061375649195517017 0.016416502766189868 0.025501779548854794 0.020075977163405111 0.0029792346344139891 0.025732964680788201 -0.022897687020086408 0.018899520816194403 -0.010749917048013327 0.011799108568417529 -0.064801761874575259
leaf_weight=20.392404927057218 3.7600675784051401 1.8521500898059442 1.8576373700052524 3.625323813408615 1.84164653206244 3.0225699758157161 7.9203422386199227 6.8587207419332117 1.6110569287557153 8.354949200642297 3.3915014443919063 3.5290121361613274 5.4763198916334659 4.778299417346715 34.030952180968598 7.5688656382262707 2.8064518282189956 16.045775139355101 2.861507009714841 1.741799396695568 4.4594680611044168 3.2758232865016907 19.585117286769677 43.571006005862728 20.57115538418293 8.872165125794707 38.161754155997187 21.125866668531671 5.1749433672521246 3.2892085826024413
leaf_count=464 33 16 14 87 20 30 124 41 33 80 39 49 94 18 237 27 27 233 52 75 46 39 118 236 63 63 177 163 41 32
internal_value=-6.42497e-05 -0.0128727 -0.00564042 -0.0234028 0.00237054 -0.00489835 -0.0306546 0.026836 -0.00552152 0.00430853 -0.0154226 -0.030327 -0.0394002 0.00582774 -0.00255868 0.0205166 -0.0096552 -0.000645769 -0.0273206 -0.0328517 -0.0054336 -0.00335362 0.00827395 0.00742903 0.0105891 0.00715077 0.0104126 0.000284743 0.00859572 -0.0179683
internal_weight=311.414 98.118 65.387 20.3238 45.0632 34.7413 18.4662 10.3219 3.46321 27.4233 10.5458 7.15434 7.31797 213.296 48.1663 11.3289 36.8374 24.4007 32.731 26.5937 6.20127 6.13733 165.13 160.351 111.176 90.6049 81.7328 49.1751 28.0493 8.46415
internal_count=2771 1536 860 313 547 457 299 90 49 343 175 136 114 1235 324 60 264 313 676 585 121 91 911 893 539 476 413 354 191 73
is_linear=0
shrinkage=0.05


Tree=30
num_leaves=31
num_cat=0
split_feature=13 23 16 23 0 0 23 10 23 23 8 6 17 10 23 17 23 23 19 20 17 19 10 23 19 19 1 0 5 17
split_gain=9.96233 5.82894 4.7889 4.98059 8.74094 5.79699 7.61626 5.28882 5.03114 4.10226 3.70892 3.53309 2.95327 3.00534 2.51523 1.16779 1.48881 2.7707 2.25517 1.05183 0.922755 0.167735 0.0806831 0.0123025 0.00243644 0.00368831 0.00170577 0.000753797 0.000639654 0.000628844
threshold=0.70833333333333337 60.550000000000004 9.5000000000000018 109.35000000000001 1600.0000000000002 2200.0000000000005 171.25000000000003 1.0000000180025095e-35 108.15000000000002 162.05000000000004 1.0000000180025095e-35 1.5000000000000002 79.645673076923089 0.14511278195488717 90.550000000000011 31.476136363636368 70.65000000000002 71.850000000000009 54.350000000000001 2019.0000000000002 49.423214285714288 12.850000000000003 0.2069580731489741 161.45000000000002 5.1500000000000012 4.7500000000000009 56.500000000000007 1750.0000000000002 1.0000000180025095e-35 25.335119047619052
decision_type=2 2 2 2 2 2 2 2 2 2 2 2 2 2 2 2 2 2 2 2 2 2 2 2 2 2 2 2 2 2
left_child=1 19 15 4 12 10 9 -6 -9 -7 -5 -12 14 -14 -4 16 -3 -18 -19 -1 21 -21 -17 24 25 27 29 28 -2 -26
right_child=23 2 3 5 7 6 -8 8 -10 -11 11 -13 13 -15 -16 22 17 18 -20 20 -22 -23 -24 -25 26 -27 -28 -29 -30 -31
leaf_value=0.00013357979806276384 -0.054361545258128675 -0.054851318814439103 0.0066378090187524915 0.057522988884329065 0.048604240506913643 -0.052613929897634318 0.069031366183924178 -0.035335778334396689 -0.0052195594354965272 -0.0039637199426142359 0.023890859866173272 0.0034328607086081537 -0.06268298598885827 -0.0016648359755575244 0.029886543881231395 -0.065397190862999055 0.069852635465065246 -0.045213967678770672 0.022486342192348643 -0.047450345765769661 -0.025169408755124151 -0.068349490782497621 -0.048665726924625979 -0.065466411488903961 -0.058282206916186477 -0.050151644369303576 -0.059776826133286748 -0.057087362225693175 -0.056407294627750404 -0.056519378061425408
leaf_weight=1.4708766106050442 0.86236474395263918 2.2004009438678604 82.776022133417428 5.5019256807863703 2.9300238490104666 7.0867910659872058 2.5725514367222777 27.81919161695987 27.652230201289058 11.151149104349313 49.580079077742994 36.744951674249023 2.7884426414966565 7.3033898239955306 13.53620023652911 1.2775798412039869 0.98725219070911396 3.4780574608594179 1.9031999632716177 1.4585844930261371 3.0428332798182964 2.8090975247323513 1.6525388322770593 0.3992923917248844 0.60410431469790671 0.3104240575339644 0.55536956316791464 0.90033073839731503 0.68610927765257657 3.1119532317388803
leaf_count=35 77 27 497 16 14 72 5 362 222 84 261 262 20 44 75 26 5 72 18 31 30 36 36 17 26 16 28 63 44 210
internal_value=0.000259006 0.00168618 0.00290583 0.0042163 -0.00132204 0.0123197 -0.0115075 -0.0168649 -0.020323 -0.0228679 0.0177196 0.0151827 0.00720889 -0.0185246 0.0099053 -0.0287125 -0.0193949 -0.00714431 -0.0212703 -0.038445 -0.046207 -0.0612067 -0.0559609 -0.056929 -0.0564441 -0.055286 -0.0571922 -0.0559369 -0.055268 -0.056806
internal_weight=305.153 297.723 288.942 277.443 164.806 112.637 20.8105 58.4014 55.4714 18.2379 91.827 86.325 106.404 10.0918 96.3122 11.499 8.56891 6.36851 5.38126 8.78139 7.31052 4.26768 2.93012 7.42995 7.03066 2.75923 4.27143 2.4488 1.54847 3.71606
internal_count=2731 2250 2118 1934 1234 700 161 598 584 156 539 523 636 64 572 184 122 95 90 132 97 67 62 481 464 200 264 184 121 236
is_linear=0
shrinkage=0.05


Tree=31
num_leaves=31
num_cat=0
split_feature=18 2 10 12 10 10 10 19 19 19 2 2 6 19 19 16 17 1 22 9 10 18 0 1 18 1 0 11 17 17
split_gain=7.64673 2.83289 2.34427 3.65768 2.85458 2.04202 5.09321 4.25766 4.68472 3.42042 2.54488 2.21159 2.18861 4.25838 4.12948 2.16338 2.89168 2.38761 3.53282 2.12039 2.24007 2.09735 2.89392 2.00828 1.9848 1.82824 2.23224 1.78929 2.37904 1.23215
threshold=6.5000000000000009 2.5000000000000004 0.07032115171650051 1.0000000180025095e-35 0.13118961352657002 0.17519181585677748 0.20169491525423733 158.25000000000003 41.350000000000001 21.650000000000002 4.5000000000000009 3.5000000000000004 1.5000000000000002 35.95000000000001 24.950000000000003 11.500000000000002 74.176904761904794 52.500000000000007 5.5000000000000009 0.051064754454584908 0.29128959276018102 7.5000000000000009 2200.0000000000005 53.500000000000007 13.500000000000002 57.500000000000007 2500.0000000000005 0.050862068965517211 51.550000000000004 95.967857142857156
decision_type=2 2 2 2 2 2 2 2 2 2 2 2 2 2 2 2 2 2 2 2 2 2 2 2 2 2 2 2 2 2
left_child=1 29 -3 4 -4 9 10 8 12 11 27 -2 14 -14 -8 23 21 -18 -19 -10 -21 -17 -23 -11 -9 26 -6 -7 -29 -1
right_child=5 2 3 -5 25 6 7 24 19 15 -12 -13 13 -15 -16 16 17 18 -20 20 -22 22 -24 -25 -26 -27 -28 28 -30 -31
leaf_value=-0.045145245470200046 -0.051940318155511644 0.033965541329245334 -0.04888732697391137 -0.054993402406735253 -0.0057876131706077315 -0.000756261907704018 0.020076196818172361 0.013092644449011592 0.014710566501993977 0.0088181618878039551 -0.066285858768241099 0.0036913440653589392 0.0094570428281018776 0.059694778121779139 -0.024863410252898156 0.052669401886273261 -0.036317199369017776 -0.023390997751591119 0.02891746804598774 -0.032604694232567899 -0.0024036339294674072 0.018433852904491836 -0.017385281961818596 -0.037155212150304179 0.056181761308312178 0.024857947923305996 -0.05222038642632755 -0.004948006664395036 -0.069312286135576273 0.018329457005761125
leaf_weight=8.2929387460462713 3.5673681206535539 2.947122946381568 4.0716285554226479 4.526338768657296 50.344871870707721 7.9811268723569828 11.084024805924857 5.4259311025962216 5.1969252349808839 5.5089937765151245 3.0914863953366867 3.5786024462431669 17.064747398020703 5.6032021103892466 9.487239003647117 4.0392794450744978 4.4702560734003809 5.7453540572896582 7.3666522111743689 15.114233477506788 10.340432905592023 75.526044125901535 6.09389979019761 4.1763066439889371 5.2665213197469711 4.5476411872077724 2.7286941712955004 2.8514982033520937 2.8914241185411811 0.84218426700681526
leaf_count=248 42 18 63 196 685 60 92 30 36 37 27 26 125 21 72 24 32 31 35 129 67 390 40 44 16 36 52 28 24 5
internal_value=0.00030609 -0.0131242 -0.00966792 -0.0116099 -0.00842685 0.00505438 -0.000170138 0.00482632 0.000558988 0.00946637 -0.0253027 -0.0240808 0.0111589 0.0218751 -0.000649452 0.0115892 0.0137089 -0.00476115 0.0059972 -0.014394 -0.0203361 0.0175 0.0157595 -0.0110056 0.034316 -0.00556783 -0.00817488 -0.0160708 -0.0373539 -0.0392934
internal_weight=299.773 78.3014 69.1663 66.2192 61.6928 221.472 101.399 84.5833 73.8908 120.073 16.8155 7.14597 43.2392 22.6679 20.5713 112.927 103.241 17.5823 13.112 30.6516 25.4547 85.6592 81.6199 9.6853 10.6925 57.6212 53.0736 13.724 5.74292 9.13512
internal_count=2731 1303 1050 1032 836 1428 727 588 542 701 139 68 310 146 164 633 552 98 66 232 196 454 430 81 46 773 737 112 52 253
is_linear=0
shrinkage=0.05


Tree=32
num_leaves=31
num_cat=0
split_feature=13 23 23 0 0 23 2 19 23 18 9 10 18 1 2 1 17 10 1 5 17 17 10 1 23 18 0 19 10 23
split_gain=9.03045 4.86616 4.04838 8.4819 6.39731 5.63128 4.89111 5.16053 4.57282 4.28723 4.10479 3.92911 3.64833 3.4387 3.09238 2.24844 2.24034 1.69493 1.59987 1.2564 1.24419 0.459222 0.34591 0.300174 0.0107726 0.00219844 0.000944674 0.000875416 0.00140027 0.000665994
threshold=0.70833333333333337 59.95000000000001 109.25000000000001 1600.0000000000002 1750.0000000000002 110.75000000000001 6.5000000000000009 393.55000000000001 107.55000000000001 15.500000000000002 0.042791762013729959 1.0000000180025095e-35 14.500000000000002 57.500000000000007 3.5000000000000004 57.500000000000007 25.335119047619052 0.15677668539325842 53.500000000000007 1.0000000180025095e-35 52.832142857142863 52.482142857142868 0.28708791208791212 54.500000000000007 161.45000000000002 8.5000000000000018 1750.0000000000002 5.4500000000000011 0.17846085802742148 106.15000000000002
decision_type=2 2 2 2 2 2 2 2 2 2 2 2 2 2 2 2 2 2 2 2 2 2 2 2 2 2 2 2 2 2
left_child=1 22 3 9 5 10 7 13 16 12 21 -10 15 -6 -13 -3 -5 -7 -12 -18 -19 -4 23 -1 25 26 27 28 -2 -27
right_child=24 2 4 8 6 17 -8 -9 11 -11 18 14 -14 -15 -16 -17 19 20 -20 -21 -22 -23 -24 -25 -26 29 -28 -29 -30 -31
leaf_value=-0.062943021991873016 -0.051193390688109922 0.0028638748180737257 0.040544556950667235 0.015952503799460952 -0.004118100344743001 0.021805338857483682 0.043187857756024794 0.062391889451510502 0.052329947874539443 -0.043950484016211169 0.0043295379415969268 -0.025170534511513389 0.040823884006320407 -0.065536865981491374 0.0058119861300731787 0.040633287381152933 -0.062337918842188866 0.033554777502822257 -0.035239351230442736 -0.034095108367792941 0.06256318454090154 0.01860438211902005 -0.081372265217147105 -0.025364537336780651 -0.064924989657478241 -0.057028368700153334 -0.056702092380663593 -0.056075901411603603 -0.055132372414782638 -0.059840397577368143
leaf_weight=1.2736404351890085 0.26623936288524364 98.881610849872231 4.4404391273856181 1.6598069239407802 62.810801147948951 7.2808412499725845 6.1233675368130198 2.8498472645878783 2.4517546519637099 4.3247509300708762 4.7986351680010539 20.862678461708128 7.3531600013375273 2.3647351292893282 13.117671360261737 4.103938801214098 6.402246385347099 6.1229984536766997 5.4625904522836208 10.229757441207767 9.3271583355963212 5.1522450558841228 1.126427390379831 0.91189872939139593 0.37170149921439577 0.38994300959166128 1.961250743945129 1.9345862627960739 1.4789445007336324 0.45770410681143403
leaf_count=33 21 723 20 17 559 26 25 9 9 16 26 232 21 23 90 17 138 30 39 111 26 23 15 22 17 24 132 144 121 22
internal_value=5.07186e-05 0.00139461 0.00209213 -0.00284521 0.0092565 0.0247017 0.000386034 -0.00346681 -0.0190409 0.0048843 0.00524671 -0.00879952 0.00679839 -0.00634653 -0.0132101 0.00436897 -0.0394389 0.0416943 -0.0167351 -0.0449668 0.051067 0.0287605 -0.0588643 -0.0472637 -0.0566468 -0.0561726 -0.0558158 -0.0553434 -0.0545315 -0.0585468
internal_weight=296.293 289.433 286.121 169.387 116.734 42.5849 74.1488 68.0254 54.7239 114.663 19.8539 36.4321 110.339 65.1755 33.9803 102.986 18.2918 22.731 10.2612 16.632 15.4502 9.59268 3.31197 2.18554 6.86037 6.48867 5.64102 3.67977 1.74518 0.847647
internal_count=2731 2250 2180 1374 806 190 616 591 597 777 108 331 761 582 322 740 266 82 65 249 56 43 70 55 481 464 418 286 142 46
is_linear=0
shrinkage=0.05


Tree=33
num_leaves=31
num_cat=0
split_feature=19 1 1 19 22 11 10 2 2 19 9 10 11 2 0 19 23 23 19 4 11 19 23 16 1 0 6 23 2 11
split_gain=5.90692 3.46787 4.56282 3.78243 3.13469 3.05201 4.08097 2.96887 2.72761 2.64799 2.4462 5.28327 3.69887 4.22106 2.78439 4.27971 3.04644 2.44316 2.93486 2.43421 3.08212 3.43452 2.2098 2.15002 1.94157 1.84693 1.81099 1.72588 2.95592 1.43257
threshold=64.40000000000002 57.500000000000007 56.500000000000007 15.850000000000003 5.5000000000000009 0.024725274725274703 0.23030303030303029 4.5000000000000009 2.5000000000000004 5.0500000000000007 0.053342816500711203 0.16374829001367988 0.052177858439201405 5.5000000000000009 1350.0000000000002 93.000000000000014 109.45000000000002 122.95000000000002 278.85000000000008 1.5000000000000002 0.038181818181818157 41.350000000000001 126.30000000000003 13.500000000000002 52.500000000000007 1350.0000000000002 1.5000000000000002 106.55000000000001 5.5000000000000009 0.11173533083645441
decision_type=2 2 2 2 2 2 2 2 2 2 2 2 2 2 2 2 2 2 2 2 2 2 2 2 2 2 2 2 2 2
left_child=1 2 3 5 29 7 24 9 -8 -1 12 -12 13 17 -13 -16 -17 18 26 20 23 -22 -19 -5 -7 -6 -2 -3 -29 -4
right_child=10 27 4 19 25 6 8 -9 -10 -11 11 14 -14 -15 15 16 -18 22 -20 -21 21 -23 -24 -25 -26 -27 -28 28 -30 -31
leaf_value=0.043124389900387937 0.018301543035441008 0.044469757772556656 -0.062430887373885205 -0.029271897663413728 0.046582663391128966 -0.019631182981674575 -0.050132889703774754 0.063764874994325468 -0.0066100587229495304 -0.016761011359773297 -0.049226546565514576 0.027837500792572762 0.030028696410324896 -0.037057835154314246 -0.046310782564196323 -0.01891614854859348 0.028386778935259194 0.055159220461410211 -0.033584069277064484 -0.038922517192243572 0.016761166173110475 -0.012246563790377248 0.00762444486333192 0.00018134325041186154 -0.059696033466772519 -0.025143930350748595 -0.0034954735801731984 -0.031996978575314132 0.041366411399011996 -0.022809492253321323
leaf_weight=2.4024821838829649 25.063055051490664 4.7838616012595576 6.7768174929078651 9.7178615032462421 1.5348679069429629 4.917790725361554 4.0483655505813649 1.9914926653727878 32.495165951782838 7.9683528793975711 5.1315867551602414 9.5814452534541505 23.994487855583429 5.0281700305640689 4.7489478988572982 5.8467081361450246 8.1461260952055436 5.3322613611817342 4.2673936337232581 3.5230338040273628 44.061948274727911 13.279570068698375 4.5153042152523994 17.097066409885883 7.8519937401870266 2.1612548888660967 15.375175260938702 2.8455543683376163 2.6532146446406841 3.4391412605764344
leaf_count=29 123 24 87 116 13 81 143 12 515 120 35 39 107 29 44 41 46 19 24 40 346 119 29 134 186 41 98 35 12 44
internal_value=0.000198561 -0.00565547 -0.00742922 -0.00487814 -0.0348166 -0.0143653 -0.0199343 0.00784927 -0.0114316 -0.00288811 0.00887975 -0.0025458 0.0134533 0.00677812 0.00591179 -0.00529738 0.00862192 0.0108185 0.00585234 0.00179535 0.00349992 0.0100433 0.0333636 -0.0104927 -0.0442666 0.00464156 0.010014 0.0225081 0.00340164 -0.0490926
internal_weight=290.58 173.55 163.267 149.355 13.9121 61.6756 49.3133 12.3623 36.5435 10.3708 117.031 33.4548 83.5758 59.5814 28.3232 18.7418 13.9928 54.5532 44.7056 87.6795 84.1564 57.3415 9.84757 26.8149 12.7698 3.69612 40.4382 10.2826 5.49877 10.216
internal_count=2731 2097 2026 1841 185 1086 925 161 658 149 634 205 429 322 170 131 87 293 245 755 715 465 48 250 267 54 221 71 47 131
is_linear=0
shrinkage=0.05


Tree=34
num_leaves=31
num_cat=0
split_feature=18 12 16 16 0 18 18 20 17 10 9 18 8 10 2 9 11 17 11 11 22 17 10 9 11 4 11 9 16 10
split_gain=4.82831 2.94837 2.52224 2.01501 3.69311 2.81519 3.27305 2.64856 2.26036 2.22425 4.73556 4.10046 3.95108 3.32183 3.68023 2.48882 2.39509 2.1836 2.10777 2.09313 2.04195 1.98707 1.93907 1.93095 2.27086 2.36939 1.77237 1.57137 1.55165 1.54648
threshold=6.5000000000000009 1.0000000180025095e-35 9.5000000000000018 13.500000000000002 1750.0000000000002 10.500000000000002 11.500000000000002 2021.5000000000002 43.766666666666673 0.11834733893557421 0.047065337763012159 14.500000000000002 3.5000000000000004 0.16064516129032258 4.5000000000000009 0.03608470181503886 0.059411764705882351 40.189423076923084 0.073801742919389915 0.040833333333333312 5.5000000000000009 113.4825892857143 0.13809523809523808 0.13893653516295021 0.11500330469266355 1.0000000180025095e-35 0.24019607843137253 0.051956815114709808 13.500000000000002 0.14511278195488717
decision_type=2 2 2 2 2 2 2 2 2 2 2 2 2 2 2 2 2 2 2 2 2 2 2 2 2 2 2 2 2 2
left_child=1 2 -1 4 5 8 -7 -6 19 10 12 13 -5 14 16 -15 -11 -8 -10 -2 -21 23 -16 24 25 -4 28 -17 -25 -19
right_child=3 -3 21 9 7 6 17 -9 18 11 -12 -13 -14 15 22 27 -18 29 -20 20 -22 -23 -24 26 -26 -27 -28 -29 -30 -31
leaf_value=-0.04084271822982552 -0.030644813789041849 -0.047213901152079837 -0.040568756329668131 -0.030081079845972532 -0.040653696777228333 -0.041685448459524301 0.032634886185756891 -0.0045369909898485081 0.035411432963463801 0.015075820495905251 -0.053313116469647925 0.035049571872433259 0.027156944091781977 -0.025275242396118305 -0.048580959084302933 0.016748614332140168 0.043322230189482121 0.007878893327793117 -0.0068357008915303835 0.021258312687980365 -0.028894832123795618 0.051324895087533129 0.0081168617274587056 0.034824230873192551 -0.042530826525849372 -0.0035422088695280709 -0.02951715237416376 -0.001667687831872973 0.00043433373130775059 -0.037307524793447185
leaf_weight=5.4685195900965473 4.2400181610137251 5.2226347950054324 4.9090977001469573 4.782210025936366 9.3150968528352696 6.0514366542920497 4.1706326864659768 11.154780989512799 12.907536274520682 24.68989956472069 4.5467106588184825 14.064293574541805 8.1588123859837651 8.7820692060049605 2.8440111540257922 15.801037423545493 10.782036578282712 4.2343340199440718 3.8279159844387314 9.2727463627234084 2.5981413628906003 1.5042729638516892 3.2101220972836018 5.8604134244378638 5.3806347362697116 36.045457967906259 2.6055852030403903 43.387752477312461 7.4491356356302276 3.4251925246790051
leaf_count=145 53 249 84 36 114 59 23 67 84 133 23 49 35 79 20 90 40 23 40 75 31 9 22 61 117 525 49 308 64 24
internal_value=-3.15606e-05 -0.0109878 -0.00825464 0.00381134 -0.00304576 0.00418805 -0.0117759 -0.0209724 0.0128789 0.00727262 -0.00941717 0.00963474 0.00600527 0.00637034 0.0175122 -0.000436668 0.0236616 0.00352358 0.0257482 -0.000489388 0.0102815 -0.00545941 -0.0185177 -0.0068316 -0.0119926 -0.00798047 0.00819411 0.00324873 0.0155768 -0.0123276
internal_weight=286.693 74.4458 69.2231 212.247 71.1978 50.728 17.8816 20.4699 32.8464 141.049 17.4877 123.561 12.941 109.497 41.5261 67.9709 35.4719 11.8302 16.7355 16.1109 11.8709 63.7546 6.05413 62.2503 46.3352 40.9546 15.9151 59.1888 13.3095 7.65953
internal_count=2731 1303 1054 1428 593 412 129 181 283 835 94 741 71 692 215 477 173 70 124 159 106 909 42 900 726 609 174 398 125 47
is_linear=0
shrinkage=0.05


Tree=35
num_leaves=31
num_cat=0
split_feature=13 2 23 0 0 23 23 23 23 2 9 0 23 9 19 17 19 2 7 10 6 23 0 1 9 8 23 17 17 10
split_gain=8.05733 4.30448 3.76155 8.06628 7.72805 5.73743 4.02575 3.56899 3.29184 3.51425 3.10952 3.09772 2.95065 2.85555 2.81437 3.29266 2.72961 3.30346 2.34951 2.00525 4.06351 2.35447 2.10739 1.43633 1.22323 1.40967 1.57633 1.06055 0.880664 0.581092
threshold=0.70833333333333337 2.5000000000000004 109.35000000000001 1900.0000000000002 1600.0000000000002 91.850000000000009 122.25000000000001 60.650000000000013 106.45000000000002 3.5000000000000004 0.085626463700234121 1100.0000000000002 108.05000000000001 1.0000000180025095e-35 17.250000000000004 76.011904761904773 55.850000000000001 6.5000000000000009 1.0000000180025095e-35 0.15677668539325842 1.5000000000000002 109.95000000000002 1750.0000000000002 55.250000000000007 0.012896825396825353 3.5000000000000004 110.75000000000001 37.272222222222219 50.224679487179493 0.31123737373737376
decision_type=2 2 2 2 2 2 2 2 2 2 2 2 2 2 2 2 2 2 2 2 2 2 2 2 2 2 2 2 2 2
left_child=1 14 4 19 5 7 10 23 29 13 -5 -9 -11 -10 -1 24 17 -8 -18 20 28 -21 -23 -3 -16 26 -26 -27 -4 -6
right_child=-2 2 3 6 8 -7 16 11 9 12 -12 -13 -14 -15 15 -17 18 -19 -20 21 -22 22 -24 -25 25 27 -28 -29 -30 -31
leaf_value=-0.054065447467974571 -0.056289345539087224 -0.047292669982610384 0.047064963692708468 -0.060823386243299582 -0.064992922587691696 0.07028404423492772 -0.01393034278470822 0.028974329536236673 0.011933709590192843 -0.018505291226589182 -0.0033458658104096647 0.0027465859061808918 0.016148619994542202 -0.033982574448221871 0.030191199135997816 -0.054867225943850045 -0.0061981617473128728 0.047887583552112561 0.028536587187350717 0.008086894893232827 -0.021670480670121686 0.050395458599505484 0.012883031548881881 -0.0052324678235372958 -0.059669353453207452 0.020010236766709349 -0.0043841564448650391 -0.012035504787161533 0.018031281337747406 -0.025567243410152159
leaf_weight=4.6247916882857707 6.3581557113211593 4.4225834370590729 4.5343407317996043 4.7551470547914487 3.8952942402102044 3.340545315295457 22.135179521050308 13.12896855548024 4.0335693117231157 11.532206806354226 4.6581829488277435 78.998883542604744 13.143479372374712 21.093512487597764 2.4815495368093314 3.5854769740253678 7.4474730025976905 2.3949530441313973 14.058433696627617 6.6868569720536497 5.7874588631093493 16.800681885331873 4.8175695557147256 3.7516360264271498 2.3064889190718505 4.886411989107728 2.9237269088625908 5.474301740527153 6.1601802632212639 1.229626879096031
leaf_count=116 492 97 19 52 69 13 218 63 29 126 38 494 67 289 15 26 46 9 66 39 35 54 34 41 36 49 24 57 29 20
internal_value=-0.000620759 0.000620779 0.00257866 0.0101603 -0.00221389 0.00582175 -0.0025871 0.00367484 -0.0173763 -0.0134497 -0.0323807 0.00648425 -4.69203e-05 -0.0266118 -0.0186586 -0.0110978 0.00350501 -0.00789487 0.016508 0.0259424 0.0120779 0.0340157 0.0420359 -0.0279887 -0.00241425 -0.00760394 -0.0287645 0.00307819 0.0303412 -0.0555335
internal_weight=291.448 285.09 258.807 100.236 158.57 103.643 55.4494 100.302 54.9277 49.8028 9.41333 92.1279 24.6757 25.1271 26.2827 21.658 46.036 24.5301 21.5059 44.7871 16.482 28.3051 21.6183 8.17422 18.0725 15.5909 5.23022 10.3607 10.6945 5.12492
internal_count=2762 2270 1947 639 1308 708 429 695 600 511 90 557 193 318 323 207 339 227 112 210 83 127 88 138 181 166 60 106 48 89
is_linear=0
shrinkage=0.05


Tree=36
num_leaves=31
num_cat=0
split_feature=13 16 19 9 9 1 18 19 19 20 11 11 8 16 0 13 9 1 19 19 6 18 20 1 9 16 19 18 0 0
split_gain=7.51169 4.03747 2.70421 2.56495 2.94218 3.85739 4.66265 2.65539 4.65558 2.37628 2.12598 1.91187 1.84862 1.65376 1.39398 1.75021 1.69073 1.28544 2.19187 1.42397 1.25469 1.23636 1.16476 1.15129 1.82909 0.836363 0.789451 0.70101 0.549454 0.506049
threshold=0.70833333333333337 13.500000000000002 10.050000000000002 0.033520599250936305 0.041213921901527957 57.500000000000007 10.500000000000002 21.650000000000002 110.00000000000001 2022.5000000000002 0.067496392496392457 0.063392857142857112 4.5000000000000009 8.5000000000000018 1100.0000000000002 0.29166666666666669 0.063220940550133067 53.500000000000007 82.450000000000017 21.650000000000002 1.5000000000000002 12.500000000000002 2021.5000000000002 54.500000000000007 0.042791762013729959 12.500000000000002 42.550000000000004 10.500000000000002 1750.0000000000002 1600.0000000000002
decision_type=2 2 2 2 2 2 2 2 2 2 2 2 2 2 2 2 2 2 2 2 2 2 2 2 2 2 2 2 2 2
left_child=1 2 23 9 7 6 11 29 22 17 -8 -6 13 -4 16 -16 -15 18 19 -3 26 -22 -9 -1 -25 28 -19 -11 -26 -5
right_child=-2 3 12 4 5 -7 10 8 -10 27 -12 -13 -14 14 15 -17 -18 20 -20 -21 21 -23 -24 24 25 -27 -28 -29 -30 -31
leaf_value=-0.042922613516384683 -0.056131518154588944 0.015555670168738683 -0.045081035633313948 0.059155756670552721 0.0047434258457935488 0.034017481249539287 0.0021793346016822672 0.0033610058113501522 0.039829930522029537 -0.018516875406103136 0.022019849629173291 -0.013884740921271496 -0.044530864009501403 -0.0027868557877417676 -0.0078552868982282899 0.024469440637696113 0.027810297011655341 -0.025322190544618362 0.029534143769795219 -0.037311177894563584 -0.012938495968958028 -0.060478426366125021 -0.035370400335490833 0.024321912491945118 -0.028327670529363892 -0.0004247324478175544 0.011046455494720803 -0.052646160364960129 -0.06693328757510425 0.034336212792741967
leaf_weight=6.6990279741585237 6.0248939694720312 2.2882403172552639 2.2716066110879174 4.0843145428225416 20.853346250019968 10.149215126410125 25.788901211693883 3.9559314576908928 7.3717930875718594 2.8713111504912368 28.338660329580307 40.572707581333816 2.7724946103990069 10.622000041883441 56.471937461290509 4.5229494753293684 7.8528599357232443 2.0171512374654395 6.6633771769702435 2.8728528488427401 4.1482297480106354 2.040282566100359 3.8111948668956757 2.1725576249882579 2.6022159182466567 1.7284880522638557 5.7330275177955627 3.1608300060033798 1.4271198352798817 4.1308976002037525
leaf_count=165 492 22 48 15 166 41 117 30 30 20 127 390 19 101 495 54 48 30 25 21 54 19 23 25 38 27 40 22 28 30
internal_value=-0.00089311 0.0002955 -0.00781373 0.00474098 0.00749111 0.00446323 0.00186745 0.0237885 0.0113687 -0.00815166 0.0125669 -0.00756072 -0.00437808 -0.00301619 -0.00181378 -0.00545831 0.0102187 -0.00153752 0.0105884 -0.0138719 -0.0118242 -0.0286119 -0.0156438 -0.0276614 -0.0147698 -0.02952 0.00158073 -0.0364006 -0.0420011 0.0466756
internal_weight=286.02 279.996 99.1433 180.852 149.057 125.703 115.554 23.3541 15.1389 31.7953 54.1276 61.4261 84.5138 81.7414 79.4697 60.9949 18.4749 25.7632 11.8245 5.16109 13.9387 6.18851 7.76713 14.6294 7.93038 5.75782 7.75018 6.03214 4.02934 8.21521
internal_count=2762 2270 1048 1222 969 841 800 128 83 253 244 556 765 746 698 549 149 211 68 43 143 73 53 283 118 93 70 42 66 45
is_linear=0
shrinkage=0.05


Tree=37
num_leaves=31
num_cat=0
split_feature=2 23 0 0 23 23 23 23 5 1 10 19 19 0 23 17 23 2 17 23 23 17 1 23 23 19 19 23 19 19
split_gain=3.94546 3.56349 8.44023 7.33123 4.5825 3.51962 3.29585 3.0258 3.28885 3.22561 2.84304 2.71134 2.72097 2.63867 3.16007 2.37693 4.23956 3.67815 2.7907 2.23613 2.17723 3.63818 2.03819 3.41565 1.86415 1.79097 3.05549 1.47456 2.84483 1.67725
threshold=2.5000000000000004 109.35000000000001 1900.0000000000002 1600.0000000000002 90.750000000000014 60.650000000000013 122.25000000000001 106.45000000000002 1.0000000180025095e-35 52.500000000000007 0.23875968992248062 17.250000000000004 148.15000000000003 1100.0000000000002 69.050000000000011 53.308205128205138 162.05000000000004 6.5000000000000009 43.921428571428571 112.85000000000001 108.15000000000002 25.485439560439563 52.500000000000007 122.95000000000002 108.25000000000001 13.65 8.1500000000000004 113.35000000000001 37.850000000000001 82.450000000000017
decision_type=2 2 2 2 2 2 2 2 2 2 2 2 2 2 2 2 2 2 2 2 2 2 2 2 2 2 2 2 2 2
left_child=11 3 19 4 5 -2 25 -5 20 -10 -11 -1 27 -7 -15 16 17 -8 -18 -3 21 -9 -17 -24 -22 26 -4 28 -13 -30
right_child=1 2 6 7 -6 13 15 8 9 10 -12 12 -14 14 -16 22 18 -19 -20 -21 24 -23 23 -25 -26 -27 -28 -29 29 -31
leaf_value=-0.053050360364811616 -0.029560852248572252 0.020997607216739243 -0.058445324335984018 -0.053592938875568444 0.038961829061306408 0.02480834668688596 -0.042746237887440301 0.04466064201065801 -0.050963106409593867 0.021962185237378064 -0.020908215018445302 0.0138021084957833 -0.046960204946110501 -0.026308823944901943 0.0042339419384686194 0.046459446383203151 0.036782774357689466 0.029368102204312709 -0.021262751352096276 0.059989501294501583 0.027169420451292409 -0.049820028250942817 -0.038560208810288744 0.014702583653494295 -0.02039925397669623 -0.04576874313550959 0.052122596276454873 0.027026031083127795 -0.055754737419499691 -0.0043958772033854876
leaf_weight=4.9736774385673952 8.6825564139289764 39.455457557458431 1.1136250551789983 5.5432138000614932 8.5686771934851986 12.779152191244064 10.304687049472706 1.1201044768095041 2.6284970669075873 12.191169884987177 5.6640638404060146 6.274789163609972 4.3543098140507928 9.7565878168679756 64.159010765433777 3.5275134854018715 5.5031223976984602 2.1344217807054511 3.3198893838562071 4.0548433214426032 2.3887709658592966 11.278889823006464 3.6505142325768274 17.154920806875452 14.9454447790049 6.665252863895148 1.4235583620611576 3.3651312701404086 3.6601352526340634 2.8102078849915415
leaf_count=208 186 209 28 149 48 63 138 6 34 77 67 69 34 95 458 15 33 16 22 13 19 251 43 128 145 77 16 35 50 30
internal_value=-0.00115174 0.000700512 0.00819001 -0.00390968 0.00393645 0.00078978 -0.00486475 -0.0185362 -0.0146664 0.000750005 0.00836277 -0.0199387 -0.0118913 0.00382942 0.000202409 0.000644167 -0.0115686 -0.0303722 0.0149416 0.0246314 -0.025287 -0.0412848 0.0113157 0.00535711 -0.013844 -0.0321596 0.00359193 -0.00241286 -0.0101857 -0.0334485
internal_weight=283.452 258.014 98.3078 159.706 103.946 95.3773 54.7975 55.7602 50.2169 20.4837 17.8552 25.4383 20.4646 86.6948 73.9156 45.5951 21.2621 12.4391 8.82301 43.5103 29.7332 12.399 24.3329 20.8054 17.3342 9.20244 2.53718 16.1103 12.7451 6.47034
internal_count=2762 2336 738 1598 850 802 516 748 599 178 144 426 218 616 553 395 209 154 55 222 421 257 186 171 164 121 44 184 149 80
is_linear=0
shrinkage=0.05


Tree=38
num_leaves=31
num_cat=0
split_feature=13 16 23 0 0 23 11 18 23 2 11 2 23 0 23 23 23 19 19 4 11 23 17 6 19 1 5 20 19 1
split_gain=6.66799 4.09475 3.91921 4.96341 4.80564 3.82094 3.91207 3.11362 3.4888 3.47673 3.09893 3.59543 2.78383 2.49711 3.98074 3.35549 2.38848 2.21276 2.16952 2.16083 2.48319 2.27871 2.13946 3.79022 2.65181 2.52534 2.00441 1.97042 2.31273 1.83206
threshold=0.70833333333333337 13.500000000000002 109.95000000000002 1750.0000000000002 1600.0000000000002 69.050000000000011 0.089572192513368967 10.500000000000002 108.15000000000002 4.5000000000000009 0.072478991596638606 3.5000000000000004 164.75000000000003 2500.0000000000005 123.25000000000001 161.95000000000002 68.550000000000011 23.150000000000002 29.250000000000004 1.0000000180025095e-35 0.052177858439201405 89.950000000000017 40.189423076923084 1.5000000000000002 244.90000000000003 55.250000000000007 1.0000000180025095e-35 2022.5000000000002 87.700000000000003 53.500000000000007
decision_type=2 2 2 2 2 2 2 2 2 2 2 2 2 2 2 2 2 2 2 2 2 2 2 2 2 2 2 2 2 2
left_child=1 17 4 -4 5 6 16 8 -6 -10 11 -9 13 14 -5 -15 -3 26 -19 20 -7 -21 27 25 -25 -24 -1 28 -20 -28
right_child=-2 2 3 12 7 19 -8 10 9 -11 -12 -13 -14 15 -16 -17 -18 18 22 21 -22 -23 23 24 -26 -27 29 -29 -30 -31
leaf_value=-0.031788756444817469 -0.055562982120237137 -0.015495277066431912 0.032923116778158262 -0.0084468379716960383 -0.048708298366168634 -0.030424000949487797 0.020189490660882336 -0.044434264350954329 -0.023040823244821301 0.039168320908862977 0.026042864088356567 0.01448695494066091 0.047814047533734749 -0.069216188427832046 0.028756827302637952 0.00070522702424353969 -0.083635880362219542 0.022014462776953153 -0.0022800524360425257 0.010535861961559922 0.010456710681344003 0.037224645222548362 -0.0080330872645028705 -0.044205277066608532 0.0046229711828421833 0.0390131504781836 -0.03728624776851986 -0.036969145531621339 0.032015989952711724 0.0037608487614888813
leaf_weight=15.69970809482038 5.4901722008362404 2.414395943284033 23.259346913546324 18.021816333755854 10.1064649829641 6.0347545761615029 2.9745412096381187 5.4367378465831298 10.556202994659541 2.8529654145240775 7.358311913907527 4.9431131165474653 3.3205454647541037 2.7975396383553734 11.962783666327594 4.4375647138804197 2.751735670492053 7.6327099245972923 13.631259589456027 38.523374952375889 9.6618175907060486 10.093251566402612 15.350171126425268 11.802569164428858 3.6376042142510405 3.5034016110002986 3.58453820552677 2.4838047325611106 7.6879984475672236 11.250260055065153
leaf_count=310 492 13 86 158 167 46 15 47 114 8 39 29 9 27 76 29 29 69 131 224 49 57 115 121 17 12 61 22 46 144
internal_value=-0.00100441 8.96964e-05 0.00459282 0.0145113 -0.000972306 0.00678394 -0.0254894 -0.0145946 -0.0265248 -0.00980506 0.00122136 -0.0163747 0.00394787 3.43582e-05 0.00639609 -0.0263307 -0.0517903 -0.0082139 -0.00304711 0.0108691 -0.00526042 0.0160767 -0.00633968 -0.0143335 -0.0327017 0.000709121 -0.0193361 0.00517726 0.0100875 -0.00615738
internal_weight=279.261 273.771 177.507 63.7996 113.708 72.4539 8.14067 41.2538 23.5156 13.4092 17.7382 10.3799 40.5402 37.2197 29.9846 7.2351 5.16613 96.264 65.7295 64.3132 15.6966 48.6166 58.0968 34.2937 15.4402 18.8536 30.5345 23.8031 21.3193 14.8348
internal_count=2762 2270 1222 385 837 433 57 404 289 122 115 76 299 290 234 56 42 1048 533 376 95 281 464 265 138 127 515 199 177 205
is_linear=0
shrinkage=0.05


Tree=39
num_leaves=31
num_cat=0
split_feature=16 23 8 0 19 18 23 23 9 19 8 23 2 23 17 7 23 18 17 23 23 8 23 4 19 23 1 9 17 17
split_gain=4.65723 3.6715 4.83457 4.58836 4.37101 5.60739 3.34345 4.4234 3.31552 2.95851 3.61742 2.86136 4.47317 2.55483 2.97423 2.17492 5.73494 2.0622 1.96883 2.03604 3.3573 1.85198 1.80529 1.76698 1.69166 1.66171 1.63503 1.94078 3.37402 2.89533
threshold=13.500000000000002 109.95000000000002 3.5000000000000004 1750.0000000000002 320.10000000000008 10.500000000000002 69.050000000000011 68.750000000000014 0.051956815114709808 9.9500000000000011 4.5000000000000009 108.45000000000002 3.5000000000000004 122.25000000000001 84.86375000000001 1.0000000180025095e-35 162.05000000000004 11.500000000000002 69.980769230769241 162.25000000000003 126.30000000000003 1.5000000000000002 59.95000000000001 1.0000000180025095e-35 186.00000000000003 121.45000000000002 51.500000000000007 0.049515639589168957 35.735267857142865 36.428125000000009
decision_type=2 2 2 2 2 2 2 2 2 2 2 2 2 2 2 2 2 2 2 2 2 2 2 2 2 2 2 2 2 2
left_child=9 2 4 -3 5 11 7 -4 24 -1 18 21 -13 25 15 16 -15 -10 19 20 22 -2 -11 -17 -7 -5 -8 28 -28 -29
right_child=1 3 6 13 -6 8 26 -9 17 10 -12 12 -14 14 -16 23 -18 -19 -20 -21 -22 -23 -24 -25 -26 -27 27 29 -30 -31
leaf_value=-0.030112793443882971 -0.051312678499953357 0.031146340012253412 0.0024927758402615106 -0.0031681568519784441 -0.085535898843217315 -0.027989251014964769 -0.012007002006730173 -0.077224607949209961 0.05226414678687661 -0.050070287500609816 -0.056729641221930395 -0.024351583360874889 0.053845957262829272 -0.060213900385982261 -0.035310633488173364 -0.0044822063930818126 0.02176992319983681 0.0087162341205637081 -0.035651847822808079 0.044014545768656238 -0.065955955624077342 -0.017920595702916209 -0.00035780724662521827 0.035745734702905291 0.010912648489607789 -0.045097758210330928 0.053580930629623658 -0.01631400381090467 0.011923575085815055 0.017887175094518353
leaf_weight=15.265092971152624 10.24812766979449 23.034489043056965 5.5547689748927933 6.4766119718551618 2.0026469081640235 6.3034746181219834 6.3186300098896018 2.5339992756489664 4.8307153703644854 1.8760930798016477 3.3922820771113029 6.824040756095199 2.4983631893992424 3.0040661287494057 3.1664815237745634 3.459209048189229 7.3574100595433265 6.2175465058535337 4.6300105853006235 2.3238977333530775 2.0917021692730478 6.9807555714505716 68.717476014629938 12.944017450790847 5.0201517716050148 3.7202690448611975 7.4110610429197576 9.3916780669242161 14.125216657761483 18.141049604280852
leaf_count=480 245 86 38 59 10 55 34 40 21 48 21 73 7 39 30 25 39 32 58 16 36 86 666 102 26 58 29 74 91 138
internal_value=-0.00115051 0.00368319 -0.00165908 0.0133593 -0.0131345 -0.0101708 0.00754742 -0.0224806 0.00827022 -0.00988219 -0.00616285 -0.025709 -0.00339499 0.00314909 0.0105128 0.0159341 -0.00199936 0.027757 -0.00400892 -0.00205574 -0.0035287 -0.037783 -0.00167896 0.0272622 -0.0107427 -0.0184659 0.0119327 0.0150154 0.0262587 0.00622082
internal_weight=275.861 177.565 114.402 63.1626 50.9258 48.9232 63.4764 8.08877 22.3719 98.2966 83.0315 26.5513 9.3224 40.1281 29.9312 26.7647 10.3615 11.0483 79.6392 75.0092 72.6853 17.2289 70.5936 16.4032 11.3236 10.1969 55.3876 49.069 21.5363 27.5327
internal_count=2762 1437 999 438 555 545 444 78 134 1325 845 411 80 352 235 205 78 53 824 766 750 331 714 127 81 117 366 332 120 212
is_linear=0
shrinkage=0.05


Tree=40
num_leaves=31
num_cat=0
split_feature=13 23 0 23 2 4 23 19 11 0 23 9 17 23 0 23 23 18 23 16 2 19 9 18 6 17 23 17 11 23
split_gain=5.90762 4.77154 7.15419 4.8908 4.78449 4.64878 4.68345 4.30521 4.19174 3.90817 3.75217 3.71012 3.59716 2.87733 5.08848 3.86704 2.694 2.46278 2.00698 2.1038 1.75679 1.89032 1.40472 1.26073 1.61572 1.22538 1.44373 1.15004 1.04763 0.916556
threshold=0.70833333333333337 108.55000000000001 1750.0000000000002 110.75000000000001 4.5000000000000009 1.5000000000000002 164.75000000000003 10.550000000000002 0.081666666666666665 1600.0000000000002 60.550000000000004 0.017148526077097454 22.625000000000004 90.550000000000011 1350.0000000000002 71.850000000000009 89.050000000000011 14.500000000000002 107.95000000000002 13.500000000000002 2.5000000000000004 82.450000000000017 0.048115079365079354 11.500000000000002 1.0000000180025095e-35 55.217460317460329 112.65000000000002 55.499404761904763 0.052177858439201405 109.65000000000002
decision_type=2 2 2 2 2 2 2 2 2 2 2 2 2 2 2 2 2 2 2 2 2 2 2 2 2 2 2 2 2 2
left_child=1 9 3 4 7 6 12 29 -9 10 27 -11 -4 14 15 -12 -16 -14 23 -20 21 -15 -21 24 -13 26 -5 -1 -22 -3
right_child=-2 2 5 25 -6 -7 -8 8 -10 11 13 18 17 20 16 -17 -18 -19 19 22 28 -23 -24 -25 -26 -27 -28 -29 -30 -31
leaf_value=-0.047498383066699915 -0.054842152473885436 0.019213684977049769 -0.060049765958746115 0.0070931009934165059 0.051473404495367053 -0.053130378476853216 0.046467856069194929 0.00012129511484745564 -0.061417620045230527 0.013452196995701861 -0.0010325029653728626 0.012918620024380864 -0.0043211787798002567 -0.021566591876466111 -0.067665177268449755 0.032750426599491074 -0.017009171457807212 0.030641403668757158 0.017089413096777816 0.0018812667339098118 0.015583889128191204 0.030731809833750279 -0.043369039118413721 -0.013383895297535529 -0.050311931138480259 0.05132587117708251 0.050073358703515473 0.00099827275311531937 0.051903554481158846 0.059081050943880602
leaf_weight=5.3638820819323874 4.9158003038610323 2.8458673283457783 2.6852809973061076 4.44736947026104 5.6933069229125968 4.3176149833016089 5.0935381315648547 18.155281977728013 3.2647696286439887 6.7898911153897634 61.262766604311764 1.0976657727733314 49.987691253889352 3.6682519488967946 3.3641428472474209 9.8299926975741965 11.940669892355798 5.6012296564877024 4.1608632006682438 2.6629741415381432 3.3335897959768754 3.266315458342433 4.8183082384057343 3.9958009039983144 12.693638373631982 11.945970714092253 3.4848022200167179 1.5832779225893316 4.9096430176869035 2.9217888321727514
leaf_count=114 481 30 44 29 16 42 22 131 27 55 423 18 484 59 35 54 95 24 46 22 18 15 62 39 250 37 16 23 29 14
internal_value=-0.000530767 0.000476012 0.00782838 0.0216308 0.00979421 -0.00293029 0.00049014 0.00106628 -0.00925825 -0.00564214 -0.000895691 -0.0198638 -0.00352861 0.00153573 -0.00199142 0.00363866 -0.0281438 -0.000798292 -0.0275505 -0.011411 0.0216136 0.00306697 -0.0272621 -0.0381142 -0.0452793 0.04121 0.0259754 -0.0364459 0.0372158 0.0394098
internal_weight=270.102 265.186 120.445 52.7592 32.881 67.6854 63.3677 27.1877 21.4201 144.742 108.523 36.2191 58.2742 101.575 86.3976 71.0928 15.3048 55.5889 29.4293 11.6421 15.1778 6.93457 7.48128 17.7871 13.7913 19.8781 7.93217 6.94716 8.24323 5.76766
internal_count=2754 2273 916 300 218 616 574 202 158 1357 865 492 552 728 607 477 130 508 437 130 121 74 84 307 268 82 45 137 47 44
is_linear=0
shrinkage=0.05


Tree=41
num_leaves=31
num_cat=0
split_feature=13 23 17 8 9 2 23 7 23 23 9 23 7 23 23 17 23 2 18 19 19 6 16 17 16 11 1 23 10 23
split_gain=5.58591 4.39903 5.06971 4.95436 3.37544 3.48296 3.9215 3.3591 3.20787 3.27658 3.17692 2.49316 4.4849 2.6275 2.52885 2.30472 2.28413 1.98188 1.99513 1.96948 2.60917 1.92013 1.41062 1.05193 0.720434 0.578799 0.240217 0.108677 0.0328712 0.00606982
threshold=0.70833333333333337 108.55000000000001 22.625000000000004 4.5000000000000009 0.032291666666666656 2.5000000000000004 111.05000000000001 1.5000000000000002 98.300000000000026 60.550000000000004 0.017148526077097454 90.550000000000011 2.5000000000000004 89.050000000000011 71.850000000000009 21.123232323232326 107.95000000000002 3.5000000000000004 11.500000000000002 43.350000000000001 234.95000000000002 1.0000000180025095e-35 13.500000000000002 55.499404761904763 13.500000000000002 0.026671408250355601 56.500000000000007 60.150000000000013 0.25403225806451618 161.95000000000002
decision_type=2 2 2 2 2 2 2 2 2 2 2 2 2 2 2 2 2 2 2 2 2 2 2 2 2 2 2 2 2 2
left_child=1 8 28 4 19 6 -6 -7 9 23 24 12 13 -11 -14 -12 21 18 -13 25 -21 -17 -18 26 -10 -4 27 -1 -3 -2
right_child=29 2 3 -5 5 7 -8 -9 10 11 15 17 14 -15 -16 16 22 -19 -20 20 -22 -23 -24 -25 -26 -27 -28 -29 -30 -31
leaf_value=-0.059451375145825838 -0.054210445163452137 -0.061846347348255795 -0.049550898083925203 -0.046710352922298505 -0.059717004543729794 0.0072990108485260956 0.011537680166357988 0.02770358978939207 0.030177357812167196 -0.066668497512251651 0.056944667214581371 0.023981394762958207 -0.00062644707378130531 -0.015941990055361347 0.02702553394567056 0.020070409739463117 0.012852234532465496 0.053999984168725361 -0.020413204424491939 0.010917983338675949 -0.040451209572691736 -0.04491020040615077 -0.024063125757187574 0.00030761580202996611 -0.0026076513611914803 -0.013278966272823024 -0.026398920837368913 -0.042430866581693018 -0.051298090817750643 -0.062366514833412767
leaf_weight=2.2605559576768424 4.432693099603056 1.5685441717505448 2.8459434993565109 3.8103367276489726 3.1181410960853082 36.381901292130351 5.071451741270721 45.264983534812927 3.0867726393043986 3.2614299841225138 0.81825649179518478 8.201323733199386 60.518957961350679 11.748710451647637 9.5765741337090713 1.2284885302651716 4.0322058978490514 3.3174298219382754 3.6602205373346797 13.313911693170668 3.0355310626327983 15.240874157520011 7.2243130640126765 1.585769983474165 3.665426092222333 1.7925908528268335 1.1546873161569235 1.6028177645057438 1.3958179056644437 0.24049133248627175
leaf_count=66 469 19 49 35 45 293 69 242 22 35 7 87 423 95 54 18 46 17 17 94 22 282 84 23 33 20 18 30 28 12
internal_value=-0.000450171 0.000524458 0.00767875 0.00934818 0.0112756 0.0154933 -0.0155921 0.0186113 -0.00539276 -0.00107706 -0.0184621 0.00116938 -0.00216005 -0.0269639 0.00315141 -0.0257579 -0.0281986 0.0198369 0.0102822 -0.00677782 0.00138049 -0.0400631 -0.0108396 -0.0351912 0.01238 -0.0355334 -0.0464093 -0.05239 -0.0568795 -0.0546302
internal_weight=264.457 259.784 117.599 114.635 110.824 89.8365 8.18959 81.6469 142.185 106.888 35.2963 100.285 85.1057 15.0101 70.0955 28.5441 27.7259 15.179 11.8615 20.988 16.3494 16.4694 11.2565 6.60383 6.7522 4.63853 5.01806 3.86337 2.96436 4.67318
internal_count=2754 2273 916 869 834 649 114 535 1357 865 492 728 607 130 477 437 430 121 104 185 116 300 130 137 55 69 114 96 47 481
is_linear=0
shrinkage=0.05


Tree=42
num_leaves=31
num_cat=0
split_feature=13 8 16 19 19 1 16 8 19 1 10 19 1 1 10 19 10 19 17 18 19 19 17 19 18 19 0 10 19 15
split_gain=5.22496 3.86349 3.56257 3.10661 3.28938 2.56314 1.98921 1.62811 1.59549 2.89122 2.28186 1.77395 2.17853 1.48344 1.74622 1.42727 1.29955 1.20112 1.72512 1.00178 0.905847 0.85973 0.438508 0.415059 0.164027 0.0873568 0.00424347 0.00154615 0.00645101 0.000764184
threshold=0.70833333333333337 4.5000000000000009 12.500000000000002 107.85000000000001 244.90000000000003 57.500000000000007 8.5000000000000018 3.5000000000000004 19.550000000000004 54.500000000000007 0.24638060352346061 14.65 56.500000000000007 56.500000000000007 0.28708791208791212 69.15000000000002 0.29128959276018102 210.65000000000003 59.522500000000001 13.500000000000002 65.200000000000003 27.550000000000004 29.973214285714288 22.750000000000004 6.5000000000000009 36.45000000000001 2500.0000000000005 0.17846085802742148 5.1500000000000012 1.5000000000000002
decision_type=2 2 2 2 2 2 2 2 2 2 2 2 2 2 2 2 2 2 2 2 2 2 2 2 2 2 2 2 2 2
left_child=1 2 6 5 17 13 22 -6 11 10 -10 12 -8 14 -4 -11 -15 18 -5 -19 23 -7 25 -3 -13 -1 27 28 -2 -29
right_child=26 20 3 4 7 21 8 -9 9 15 -12 24 -14 16 -16 -17 -18 19 -20 -21 -22 -23 -24 -25 -26 -27 -28 29 -30 -31
leaf_value=-0.054620847765731222 -0.043390818354212511 -0.035968202374091394 -0.0030877548514785967 0.028649586943405289 -0.023821956850992268 0.012492468049701763 -0.021228157046858667 0.011884993423831567 -0.0013134958505507531 -0.032484328365789059 0.03048300033709744 -0.042322669512019163 0.029331328071548219 -0.0086167508048701959 0.010479531971901632 -0.003526799150531763 -0.049037989432336691 0.022317310684181527 0.0034125501766068666 0.054455176557230811 -0.015174493038463544 0.043380656723687544 -0.022391527238246334 -0.068123228905940955 -0.064794281241408361 -0.076778430021905417 -0.0596361722861539 -0.054771784697041574 -0.054263715082670742 -0.052687082154028224
leaf_weight=0.91769800800830059 0.1719225276610804 2.0294616697356096 83.382413004525006 15.645893735811116 6.5238951407372934 4.9138038381934148 11.783784269122409 6.2515635937452316 18.105569011066112 8.4203964248299616 8.1970546487718803 1.7175415717065328 2.6008265651762477 7.879322689957915 33.143894523382187 8.6024918723851425 2.659641279373318 4.9121220223605615 11.938350804150103 4.7887401953339577 2.8943636305630207 4.1599204838275909 0.89066715072840441 1.9853450525552032 1.540323846042156 0.8632768876850605 0.35554484045132984 2.7148184008547109 0.66061311948578805 0.52452477521728713
leaf_count=30 20 29 748 77 34 33 224 31 176 101 58 34 32 83 272 55 31 24 78 16 18 17 28 17 17 10 28 301 71 61
internal_value=-0.000543025 0.000385656 0.00140563 0.0048962 0.0155466 0.000979852 -0.00880722 -0.00634906 -0.00695674 -0.00179527 0.00859569 -0.019632 -0.0120867 -0.000853495 0.000771225 -0.0178507 -0.0188176 0.023049 0.0177271 0.0381819 -0.0364971 0.0266534 -0.051036 -0.051869 -0.0529473 -0.0653611 -0.0543977 -0.0539403 -0.0520184 -0.0544342
internal_weight=261.176 256.748 249.839 186.2 50.0606 136.139 63.6396 12.7755 60.968 43.3255 26.3026 17.6425 14.3846 127.065 116.526 17.0229 10.539 37.2851 27.5842 9.70086 6.90917 9.07372 2.67164 4.01481 3.25787 1.78097 4.42742 4.07188 0.832536 3.23934
internal_count=2754 2273 2209 1444 260 1184 765 65 697 390 234 307 256 1134 1020 156 114 195 155 40 64 50 68 46 51 40 481 453 91 362
is_linear=0
shrinkage=0.05


Tree=43
num_leaves=31
num_cat=0
split_feature=13 23 0 4 23 23 17 23 17 2 20 23 0 23 6 23 7 10 2 19 17 23 1 23 1 1 11 10 23 23
split_gain=4.91186 4.06999 7.54552 3.47458 4.68435 3.47354 3.07637 2.32976 2.50966 2.30996 2.28772 4.22198 2.16069 4.39022 2.78903 2.68312 4.14729 2.27543 2.04479 1.8958 1.13327 1.12336 0.950502 0.907291 0.215251 0.15526 0.0754611 0.0750704 0.0534406 0.00589243
threshold=0.70833333333333337 109.25000000000001 1750.0000000000002 1.5000000000000002 164.75000000000003 110.75000000000001 22.625000000000004 60.45000000000001 20.573076923076929 3.5000000000000004 2021.5000000000002 109.85000000000001 1600.0000000000002 107.35000000000001 1.0000000180025095e-35 90.550000000000011 2.5000000000000004 0.094588550983899775 2.5000000000000004 111.45 55.499404761904763 109.95000000000002 54.500000000000007 112.15000000000002 56.500000000000007 55.250000000000007 0.057189542483660101 0.25403225806451618 60.050000000000004 164.35000000000005
decision_type=2 2 2 2 2 2 2 2 2 2 2 2 2 2 2 2 2 2 2 2 2 2 2 2 2 2 2 2 2 2
left_child=1 7 5 4 6 9 27 20 -9 10 21 -12 15 14 -14 16 -10 -15 -17 -8 24 -3 23 -7 26 -5 -1 -4 -28 -2
right_child=29 2 3 25 -6 22 19 8 12 -11 11 -13 13 17 -16 18 -18 -19 -20 -21 -22 -23 -24 -25 -26 -27 28 -29 -30 -31
leaf_value=-0.061331134915297993 -0.053839066500521643 -0.0053113466947118581 -0.066543756557780234 -0.056893549474808694 0.047170023576909595 0.023325344867656909 -0.0068356309900033073 0.040207664371601753 -0.027654881265687065 0.042348951875255891 0.019734809438889757 -0.056342124369188222 0.029468710398327175 0.032625846327989032 -0.048517269095250976 -0.00099544686781212347 0.0016379787300572887 -0.0086995292420229218 0.036167632426670836 0.015161130107036794 0.0020352040160210505 0.035434092946908483 0.060809407735781577 0.048769750477493753 -0.028180496621398606 -0.037145908407941713 -0.055186091190677015 -0.049268934783806631 -0.03774765314161721 -0.063156894966944085
leaf_weight=1.6809800339397036 3.9972737071220754 2.6269446611404437 1.2191798072308295 2.1070180144160982 4.9494788236916056 7.8278324189595896 36.921912858262658 3.2293385318480423 14.714991436339913 4.4702250510454169 3.6229787319898605 3.672098508104682 1.290124736027791 3.7039813939481965 10.29547068569809 6.7364903632551423 67.559171976521611 33.075918950606138 8.2153582824394089 13.332186978310345 1.539257393684238 4.7510526850819588 4.6293806135654441 6.3419781029224396 1.0812861304730175 1.8864918956533072 0.88334898673929252 1.2989480709657071 0.8740434218198061 0.17719119274988759
leaf_count=43 475 27 17 25 22 38 397 28 130 16 19 24 17 21 202 71 469 373 47 84 22 29 16 28 17 17 30 27 17 6
internal_value=-0.000437314 0.000444971 0.0083269 -0.00246073 0.000659837 0.0258735 -0.00370233 -0.00462667 -0.00338932 0.0108817 0.001295 -0.0185598 -0.00435634 -0.0129925 -0.0398331 -6.02371e-05 -0.00360114 -0.00453779 0.019424 -0.000999989 -0.0350189 0.0209266 0.0411397 0.0347135 -0.0476384 -0.047565 -0.0537574 -0.0576327 -0.046513 -0.0542346
internal_weight=258.712 254.537 99.6577 61.7152 57.7217 37.9425 52.7722 154.88 148.821 19.1433 14.6731 7.29508 145.592 48.3655 11.5856 97.226 82.2742 36.7799 14.9518 50.2541 6.05892 7.378 18.7992 14.1698 4.51966 3.99351 3.43837 2.51813 1.75739 4.17446
internal_count=2754 2273 786 589 547 197 525 1487 1358 115 99 43 1330 613 219 717 599 394 118 481 129 56 82 66 107 42 90 44 47 481
is_linear=0
shrinkage=0.05


Tree=44
num_leaves=31
num_cat=0
split_feature=13 16 23 0 23 19 2 19 9 23 23 23 1 10 23 23 16 9 18 23 18 19 10 23 19 23 0 18 19 20
split_gain=4.67364 3.12253 3.08505 6.14446 2.98344 2.93469 2.15975 2.31237 2.00903 3.0301 3.73526 1.86733 1.96035 2.45458 1.69059 1.57768 1.78542 1.5741 1.48963 1.40555 1.2715 3.23938 1.27127 1.24194 1.2261 1.22512 0.331523 0.271711 0.276648 0.215778
threshold=0.36666666666666675 9.5000000000000018 109.95000000000002 1750.0000000000002 164.75000000000003 10.050000000000002 3.5000000000000004 2.6500000000000008 0.032291666666666656 108.55000000000001 106.75000000000001 112.15000000000002 55.250000000000007 0.19345238095238093 60.550000000000004 111.65000000000002 13.500000000000002 0.042791762013729959 7.5000000000000009 123.35000000000001 3.5000000000000004 6.7500000000000009 0.15894736842105264 69.450000000000017 84.750000000000014 106.45000000000002 1750.0000000000002 8.5000000000000018 31.750000000000004 2021.5000000000002
decision_type=2 2 2 2 2 2 2 2 2 2 2 2 2 2 2 2 2 2 2 2 2 2 2 2 2 2 2 2 2 2
left_child=1 18 6 11 20 19 7 -3 23 10 -10 12 13 -4 -9 -7 -17 -16 -1 29 -2 -22 25 -8 -25 -23 -27 28 -24 -5
right_child=4 2 3 5 -6 15 8 14 9 -11 -12 -13 -14 -15 17 16 -18 -19 -20 -21 21 22 27 24 -26 26 -28 -29 -30 -31
leaf_value=-0.047484459448557025 -0.05152265999110342 0.037440486947674052 0.027886346815740967 -0.075819958155857958 0.046924683254637993 0.036009207940756682 0.019661338917496485 -0.05104183543385047 0.010221531249313624 0.035013741468411762 -0.02767048322646451 0.051004708646800762 0.046407240090708284 -0.017808870007863371 0.0016629112628605124 -0.013934505490973248 0.0087312101932439413 -0.012640717488432368 -0.0060305420014049082 -0.0096179163837223896 0.05117789788859211 -0.061287089495839657 -0.042708970894343543 -0.0087882898595764963 -0.048403123241365337 0.031164204642876225 -0.0063691937163920798 -0.061357316690610245 -6.3040025500088023e-05 -0.047059796541695648
leaf_weight=4.5701445452868921 5.2799430650193271 2.8701254641637197 7.8847591038793379 1.1802236745133989 1.3133246041834343 3.7613257728517047 2.0995929464697829 2.241445069666951 38.809028415009379 9.3827079907059652 7.8131245397962621 7.8480355739593497 5.6068084053695193 4.6850654017180204 31.689647674094886 12.18853012472391 30.256059270352125 48.938440901692957 4.1215490195900202 2.930761712603271 1.3396630830829952 0.76145677780732368 3.7477502696565352 5.3217516448348743 3.0857760105282068 1.1323711383156481 1.2245343592949209 1.8609101285692302 0.42323388077784319 1.4576601684093473
leaf_count=107 404 16 40 27 6 18 24 57 248 38 82 33 22 31 261 124 207 468 36 39 19 42 184 50 30 26 23 58 15 19
internal_value=-0.00021668 0.0015911 0.00270257 0.0108025 -0.0254809 0.000840253 -0.00143643 -0.00668149 0.00532489 0.00908883 0.00387144 0.0306219 0.0218213 0.0108547 -0.00820962 0.00497281 0.00222245 -0.00701889 -0.0278273 -0.0334497 -0.0315109 -0.0214383 -0.0320698 -0.0147376 -0.0233279 -0.00614981 0.0116637 -0.0454699 -0.0383816 -0.0599275
internal_weight=255.826 238.743 230.051 77.7992 17.0832 51.7746 152.252 85.7397 66.512 56.0049 46.6222 26.0247 18.1766 12.5698 82.8695 46.2059 42.4446 80.6281 8.69169 5.56865 15.7699 10.4899 9.15026 10.5071 8.40753 3.11836 2.35691 6.03189 4.17098 2.63788
internal_count=2754 1977 1834 560 777 434 1274 802 472 368 330 126 93 71 786 349 331 729 143 85 771 367 348 104 80 91 49 257 199 46
is_linear=0
shrinkage=0.05


Tree=45
num_leaves=31
num_cat=0
split_feature=23 16 17 19 22 23 0 23 23 17 0 19 17 11 0 11 19 19 10 23 17 23 10 18 16 11 11 19 2 23
split_gain=3.35193 3.40406 2.05388 4.38827 2.35365 2.07919 1.53299 4.81241 4.17764 3.25947 3.38819 3.22278 2.12227 1.66204 1.58347 1.47133 1.39124 1.21095 1.59382 1.06419 1.73303 1.9045 2.10758 0.865058 0.530505 0.496809 1.05994 0.297947 0.279267 0.0821625
threshold=60.45000000000001 9.5000000000000018 74.176904761904794 177.95000000000002 5.5000000000000009 123.45000000000002 2200.0000000000005 162.05000000000004 110.65000000000002 20.573076923076929 1600.0000000000002 10.050000000000002 44.094505494505491 0.086670838548185206 1750.0000000000002 0.16025641025641021 4.3500000000000005 127.55000000000001 0.21182053494391712 70.65000000000002 31.476136363636368 72.250000000000014 0.13118961352657002 6.5000000000000009 8.5000000000000018 0.057189542483660101 0.071067821067821071 25.850000000000005 3.5000000000000004 60.150000000000013
decision_type=2 2 2 2 2 2 2 2 2 2 2 2 2 2 2 2 2 2 2 2 2 2 2 2 2 2 2 2 2 2
left_child=25 19 6 5 -5 17 8 15 9 -3 -11 16 27 -14 -13 23 -10 18 -4 -2 21 -21 -23 -8 -24 29 -27 -9 -28 -1
right_child=1 2 3 4 -6 -7 7 12 11 10 -12 14 13 -15 -16 -17 -18 -19 -20 20 -22 22 24 -25 -26 26 28 -29 -30 -31
leaf_value=-0.062654500209203365 -0.064738728998139053 0.060208415714436983 -0.012553976700545809 -0.0094573621595272928 0.031363832975661747 0.029802255855429689 -0.022942175078800014 0.041683461862468373 0.013784261276856492 0.0045824134662109548 -0.011430461916422857 0.036284703531649191 -0.031856173926356611 0.018891897406994429 0.014889293261259021 0.0010118143172747531 -0.042607250110924116 -0.071385275721122715 -0.043767012502271357 0.064532633894942903 -0.056007075863169581 0.048070159065729007 -0.058089055133839732 -0.071469703714372029 -0.020152021983741098 0.018924368958904217 -0.062515294495947879 0.018365711843078114 -0.028479500166483474 -0.041926409970390099
leaf_weight=1.7173223028657951 1.7480177704710502 2.180334521457552 8.965199343394497 7.2907458022236806 6.8475840743631124 1.5288394154049445 1.2180454804329226 2.712757407454772 1.7223728545941401 88.486808641988318 52.714225985866506 12.656555688474326 4.1131357095437124 2.6547465563053265 27.303794598556124 1.2587301677558569 2.9967208269517869 1.6773791508749116 7.5207883818075052 0.81074747815727999 2.5540561124216765 0.96249450324103225 1.4825372153427454 3.7324594157980755 2.4351667608134449 0.91324081528000567 1.1250866024056452 2.7675964124500751 1.2979756416752932 0.66250398824922729
leaf_count=60 43 14 96 39 30 16 42 23 34 681 746 62 39 17 215 15 70 16 123 4 78 10 53 46 53 18 51 17 31 16
internal_value=-0.00157244 -0.000708009 0.000480847 -0.010939 0.0103135 -0.0261976 0.00235158 -0.0113991 0.00370116 -0.000458848 -0.00139563 0.0170511 0.00677897 -0.0119499 0.0216658 -0.0472568 -0.0220255 -0.0309112 -0.0267931 -0.029302 -0.0217891 -0.00643228 -0.0182217 -0.0595298 -0.0345082 -0.039431 -0.0269815 0.0299079 -0.0442831 -0.0568841
internal_weight=256.058 250.342 240.349 33.8305 14.1383 19.6922 206.518 18.4575 188.061 143.381 141.201 44.6794 12.2482 6.76788 39.9604 6.20924 4.71909 18.1634 16.486 9.99302 8.245 5.69095 4.8802 4.9505 3.9177 5.71613 3.3363 5.48035 2.42306 2.37983
internal_count=2758 2582 2341 320 69 251 2021 199 1822 1441 1427 381 96 56 277 103 104 235 219 241 198 120 116 88 106 176 100 40 82 76
is_linear=0
shrinkage=0.05


Tree=46
num_leaves=31
num_cat=0
split_feature=13 16 17 10 3 15 17 17 22 10 10 17 6 10 19 10 10 18 15 18 19 8 6 11 11 16 17 19 11 17
split_gain=4.24468 2.72168 2.04452 3.33912 2.03507 1.87843 1.53733 2.52483 2.34634 1.97385 1.46658 1.58598 1.289 1.1909 1.9655 1.18546 4.65371 1.59878 1.47733 1.19326 1.58957 1.15713 1.1088 1.03628 2.72079 0.984228 0.871148 0.687723 0.852851 0.641472
threshold=0.70833333333333337 12.500000000000002 65.560576923076937 0.21182053494391712 1.0000000180025095e-35 1.5000000000000002 78.225892857142867 74.176904761904794 5.5000000000000009 0.14511278195488717 0.11834733893557421 62.010833333333345 1.5000000000000002 0.13118961352657002 133.95000000000002 0.11437908496732026 0.13118961352657002 14.500000000000002 1.5000000000000002 13.500000000000002 41.750000000000007 3.5000000000000004 1.5000000000000002 0.034848484848484802 0.047338935574229656 14.500000000000002 51.24155844155846 124.95000000000002 0.081666666666666665 76.686904761904785
decision_type=2 2 2 2 2 2 2 2 2 2 2 2 2 2 2 2 2 2 2 2 2 2 2 2 2 2 2 2 2 2
left_child=1 5 15 6 29 10 7 8 -4 -8 -1 13 23 -12 -15 19 21 18 -18 20 -3 -17 -9 -7 -25 -11 -14 28 -6 -5
right_child=-2 2 3 4 27 12 9 22 -10 25 11 -13 26 14 -16 16 17 -19 -20 -21 -22 -23 -24 24 -26 -27 -28 -29 -30 -31
leaf_value=-0.027725605566980199 -0.054268804046696789 0.0046104274048478422 0.022363359572306743 0.0075103261289235883 -0.030982703115322582 -0.048517170276028171 -0.010819432418916442 -0.057208837776948407 -0.027200543721787703 0.03974835657505265 0.03046153769586557 -0.041484600556159067 -0.054107373574328925 0.0031280231884965658 -0.034110409104864577 -0.016805797380552299 0.0081289483297108667 0.026378030295516337 -0.0042732060786951562 -0.0054708788202163412 0.045467804263447015 -0.059990496718353603 -0.013262429959778131 0.036064137074561346 -0.026003077966287969 0.0093198200195579849 -0.013074271521309778 -0.015609954585915768 -0.06808091267406409 -0.027689740812516708
leaf_weight=5.9693103739991775 3.7558832953800438 4.0827406579628569 6.9774919589981454 3.7040683235973102 2.7924836911261082 1.7110910788178468 5.8277021944522884 2.9400956081226459 3.6300950273871422 5.6234564241021854 3.2201804444193831 2.2881882824003688 4.4723455325001842 29.259574890136719 4.0317426882684222 3.0931844413280478 78.266103064175695 8.8628532849252206 34.638725354569033 3.530883975327014 5.7098582070320845 3.1115916967391968 2.8043577671051025 2.6270543178543431 5.3850045329891145 5.0386329721659422 1.8198189833201466 1.6879756115376947 3.4795875269919634 1.989447691477835
leaf_count=72 480 36 56 43 41 30 43 28 37 24 19 33 104 346 28 31 566 30 356 17 31 31 16 24 90 33 30 12 47 24
internal_value=-0.00151181 -0.000714673 0.00226191 -0.00683277 -0.027614 -0.00991073 0.00180676 -0.00905651 0.00540176 0.0125793 -0.00465357 -0.00110394 -0.0246065 0.00142673 -0.00138173 0.00525464 0.00377689 0.00592922 0.00432402 0.0194484 0.0284335 -0.0384622 -0.0357548 -0.0131955 -0.00565201 0.0253686 -0.0422398 -0.0439396 -0.0515639 -0.0047894
internal_weight=252.332 248.576 187.791 46.4954 13.6536 60.7843 32.8418 16.352 10.6076 16.4898 44.769 38.7997 16.0153 36.5115 33.2913 141.296 127.972 121.768 112.905 13.3235 9.7926 6.20478 5.74445 9.72315 8.01206 10.6621 6.29216 7.96005 6.27207 5.69352
internal_count=2758 2278 1502 404 167 776 237 137 93 100 498 426 278 393 374 1098 1014 952 922 84 67 62 44 144 114 57 134 100 88 67
is_linear=0
shrinkage=0.05


Tree=47
num_leaves=31
num_cat=0
split_feature=13 23 16 17 23 19 22 10 10 1 17 23 23 16 23 17 16 1 1 19 11 10 18 11 23 19 11 15 17 18
split_gain=3.9998 2.4975 2.41746 1.89843 4.25565 3.4392 2.47098 2.11377 1.19728 2.71012 2.16008 1.55575 5.38597 2.75041 1.06548 1.49336 1.64523 1.7805 0.821804 0.893767 0.213001 0.0889552 0.0242856 0.0165779 0.0104218 0.000697979 0.000967591 0.000595118 0.000393861 0.000387955
threshold=0.70833333333333337 60.550000000000004 9.5000000000000018 65.143750000000011 70.450000000000017 182.50000000000003 5.5000000000000009 0.17846085802742148 0.27126436781609192 57.500000000000007 64.318303571428586 70.750000000000014 69.450000000000017 11.500000000000002 70.65000000000002 31.476136363636368 8.5000000000000018 54.500000000000007 54.500000000000007 27.850000000000005 0.063392857142857112 0.23875968992248062 7.5000000000000009 0.071067821067821071 166.95000000000002 5.4500000000000011 0.057189542483660101 1.5000000000000002 17.288333333333338 8.5000000000000018
decision_type=2 2 2 2 2 2 2 2 2 2 2 2 2 2 2 2 2 2 2 2 2 2 2 2 2 2 2 2 2 2
left_child=1 18 14 8 -5 7 -7 -6 11 10 -10 12 -4 -13 -3 16 20 -18 22 -20 -16 -17 23 -1 25 26 -2 -28 -27 -30
right_child=24 2 3 4 5 6 -8 -9 9 -11 -12 13 -14 -15 15 21 17 -19 19 -21 -22 -23 -24 -25 -26 28 27 -29 29 -31
leaf_value=-0.046411454533531099 -0.049316346624691976 -0.063649346833732745 0.0048659344074804605 -0.068504032816856159 -0.0003341705917778483 -0.0033991962169499417 0.034872795136974048 -0.02740991236628117 0.0027622428036812993 0.041554102140808929 0.046719246725969985 -0.019955776251202723 -0.039891894463224442 0.0068201945675772178 -0.025223079821331124 -0.061128828880593247 0.056720677099005315 -0.015983469349040436 0.0069655659589077448 -0.044247301137875082 -0.062092714547239636 -0.040834334622356389 -0.061753312577200431 -0.05871883705739811 -0.065981674751188504 -0.056739864314338195 -0.053579973762756854 -0.050505369392870675 -0.053474675340031891 -0.055197373154075691
leaf_weight=0.6707936397287988 0.19168140634428699 1.5292638763785342 22.186129465233538 2.7149151992052785 13.694132281932982 9.4272384624928254 7.6315051708370438 15.219855847768484 41.329371981555596 5.9948910521343342 2.9975167177617541 10.728377804160116 9.6429006466642004 90.435197386657819 0.7379009975120423 1.2142827529460194 1.5436278823763134 1.8529458083212373 1.7583303516730668 1.6526792827062307 0.83499971171841025 0.97230201726779331 1.1467042947188018 0.46210401935968548 0.17459980025887478 0.1295882697449996 1.0745386497583238 0.18439297378063191 1.3694577037822453 0.4292556911241262
leaf_count=30 34 27 136 34 128 49 37 196 383 26 9 122 77 772 19 32 15 30 31 26 24 27 27 21 3 8 164 30 197 44
internal_value=-0.00140134 -0.000641706 0.000132355 0.0011019 -0.00767437 -0.00408208 0.0137224 -0.0145864 0.00343285 0.0100019 0.00573475 0.000947235 -0.00869387 0.00398061 -0.0257662 -0.0176705 -0.00251947 0.0170581 -0.033381 -0.0178477 -0.0447959 -0.0521045 -0.0566237 -0.0514316 -0.0540698 -0.0534543 -0.0526258 -0.0531296 -0.0540776 -0.0538858
internal_weight=249.931 246.378 240.687 232.002 48.6876 45.9727 17.0587 28.914 183.314 50.3218 44.3269 132.993 31.829 101.164 8.68532 7.15606 4.96947 3.39657 5.69061 3.41101 1.5729 2.18658 2.2796 1.1329 3.55351 3.37891 1.45061 1.25893 1.9283 1.79871
internal_count=2758 2278 2143 1969 444 410 86 324 1525 418 392 1107 213 894 174 147 88 45 135 57 43 59 78 51 480 477 228 194 249 241
is_linear=0
shrinkage=0.05


Tree=48
num_leaves=31
num_cat=0
split_feature=13 16 9 9 15 11 9 1 18 2 1 5 9 8 11 1 9 9 19 19 1 9 20 2 11 20 6 22 19 7
split_gain=3.73818 1.88653 2.02813 4.24413 2.122 1.65808 2.39401 3.88163 1.80863 2.01017 1.79677 1.94435 1.58981 2.68257 1.45455 1.43675 1.66664 1.32875 1.57503 1.18458 1.16063 1.10819 2.56361 1.7074 1.04705 1.02221 0.974191 0.939056 1.53674 2.08397
threshold=0.70833333333333337 12.500000000000002 0.063220940550133067 0.066081498999454216 1.5000000000000002 0.11500330469266355 0.090097402597402565 54.500000000000007 10.500000000000002 4.5000000000000009 53.500000000000007 1.0000000180025095e-35 0.066081498999454216 1.5000000000000002 0.10990338164251207 56.500000000000007 0.069187089061566009 0.17515516611902152 139.50000000000003 67.15000000000002 55.250000000000007 0.033520599250936305 2019.0000000000002 6.5000000000000009 0.084219858156028365 2019.0000000000002 1.0000000180025095e-35 5.5000000000000009 156.05000000000004 2.5000000000000004
decision_type=2 2 2 2 2 2 2 2 2 2 2 2 2 2 2 2 2 2 2 2 2 2 2 2 2 2 2 2 2 2
left_child=1 2 26 -4 15 6 12 14 9 -9 11 -7 21 -14 24 16 -5 18 25 -15 -19 22 -3 -23 -8 -12 -1 28 29 -28
right_child=-2 5 3 4 -6 10 7 8 -10 -11 17 -13 13 19 -16 -17 -18 20 -20 -21 -22 23 -24 -25 -26 -27 27 -29 -30 -31
leaf_value=0.014361156828030573 -0.05380559880441739 0.021691643026557388 0.074132376769978484 0.035585230993993085 -0.031343095388320329 -0.010319064590304974 0.0073774634042107741 0.037926606403748397 0.054061390559090074 -0.015478245962103841 -0.065970698800420863 0.047260269373348526 0.014245661292652213 -0.018777718219553471 0.022965800033677909 0.037321436693738969 -0.008840487686292333 -0.022325159302290964 0.019842870990616296 -0.057823622820769152 0.013691598841693417 0.0048445667960981247 -0.011825746325498654 0.039093950929671689 -0.034226401708437562 -0.024542375640441268 -0.035694616962123324 -0.007650796830864795 -0.05754148526538954 -0.00024099950291539232
leaf_weight=2.4287876239977768 3.3430520762340157 7.3277292149141422 1.9107820950448537 2.5382363460958066 5.2530670184642068 3.2049009334296015 2.3634690721519309 4.8198069939389807 6.68516462482512 2.77736921235919 1.7089680016506488 2.7024662001058459 5.323067824356257 6.6513502513989788 2.9623864404857159 2.8540668357163659 12.545856821816413 3.6128762885928136 1.8101230449974526 2.7437538616359234 5.8726594038307667 79.009862246224657 25.760653235949576 3.8145782127976409 4.1992590357549489 11.566342405509202 8.9194134781137162 12.326187769882379 3.1031990498304358 7.7430984568782142
leaf_count=23 480 101 7 20 119 33 30 33 24 20 32 17 51 78 17 18 159 42 10 18 48 561 208 15 42 122 135 151 24 120
internal_value=-0.00129099 -0.00057307 -0.00830716 0.00250711 -0.00339427 0.00192063 0.00402394 0.0186061 0.0350936 0.0184029 -0.00873714 0.016022 0.00136634 -0.0141132 -0.00611599 0.00479035 -0.00136487 -0.0146897 -0.0239098 -0.0301807 -2.65606e-05 0.00333187 -0.00440301 0.00642196 -0.0192434 -0.0298756 -0.0161708 -0.0184816 -0.0252358 -0.0192193
internal_weight=247.883 244.539 59.6227 25.102 23.1912 184.917 154.438 23.8075 14.2823 7.59718 30.4783 5.90737 130.631 14.7182 9.52511 17.9382 15.0841 24.571 15.0854 9.3951 9.48554 115.913 33.0884 82.8244 6.56273 13.2753 34.5207 32.0919 19.7657 16.6625
internal_count=2758 2278 776 323 316 1502 1198 166 77 53 304 50 1032 147 89 197 179 254 164 96 90 885 309 576 72 154 453 430 279 255
is_linear=0
shrinkage=0.05


end of trees

feature_importances:
Column_23=275
Column_19=180
Column_17=126
Column_9=121
Column_10=98
Column_11=95
Column_18=79
Column_1=73
Column_0=71
Column_2=70
Column_16=70
Column_13=51
Column_8=30
Column_6=28
Column_20=25
Column_22=17
Column_15=16
Column_5=14
Column_4=11
Column_7=10
Column_3=6
Column_12=4

parameters:
[boosting: gbdt]
[objective: lambdarank]
[metric: ndcg]
[tree_learner: serial]
[device_type: cpu]
[data_sample_strategy: bagging]
[data: ]
[valid: ]
[num_iterations: 500]
[learning_rate: 0.05]
[num_leaves: 31]
[num_threads: 0]
[seed: 0]
[deterministic: 0]
[force_col_wise: 0]
[force_row_wise: 0]
[histogram_pool_size: -1]
[max_depth: 7]
[min_data_in_leaf: 20]
[min_sum_hessian_in_leaf: 0.001]
[bagging_fraction: 0.8]
[pos_bagging_fraction: 1]
[neg_bagging_fraction: 1]
[bagging_freq: 5]
[bagging_seed: 3]
[bagging_by_query: 0]
[feature_fraction: 0.8]
[feature_fraction_bynode: 1]
[feature_fraction_seed: 2]
[extra_trees: 0]
[extra_seed: 6]
[early_stopping_round: 0]
[early_stopping_min_delta: 0]
[first_metric_only: 0]
[max_delta_step: 0]
[lambda_l1: 0]
[lambda_l2: 0]
[linear_lambda: 0]
[min_gain_to_split: 0]
[drop_rate: 0.1]
[max_drop: 50]
[skip_drop: 0.5]
[xgboost_dart_mode: 0]
[uniform_drop: 0]
[drop_seed: 4]
[top_rate: 0.2]
[other_rate: 0.1]
[min_data_per_group: 100]
[max_cat_threshold: 32]
[cat_l2: 10]
[cat_smooth: 10]
[max_cat_to_onehot: 4]
[top_k: 20]
[monotone_constraints: ]
[monotone_constraints_method: basic]
[monotone_penalty: 0]
[feature_contri: ]
[forcedsplits_filename: ]
[refit_decay_rate: 0.9]
[cegb_tradeoff: 1]
[cegb_penalty_split: 0]
[cegb_penalty_feature_lazy: ]
[cegb_penalty_feature_coupled: ]
[path_smooth: 0]
[interaction_constraints: ]
[verbosity: -1]
[saved_feature_importance_type: 0]
[use_quantized_grad: 0]
[num_grad_quant_bins: 4]
[quant_train_renew_leaf: 0]
[stochastic_rounding: 1]
[linear_tree: 0]
[max_bin: 255]
[max_bin_by_feature: ]
[min_data_in_bin: 3]
[bin_construct_sample_cnt: 200000]
[data_random_seed: 1]
[is_enable_sparse: 1]
[enable_bundle: 1]
[use_missing: 1]
[zero_as_missing: 0]
[feature_pre_filter: 1]
[pre_partition: 0]
[two_round: 0]
[header: 0]
[label_column: ]
[weight_column: ]
[group_column: ]
[ignore_column: ]
[categorical_feature: ]
[forcedbins_filename: ]
[precise_float_parser: 0]
[parser_config_file: ]
[objective_seed: 5]
[num_class: 1]
[is_unbalance: 0]
[scale_pos_weight: 1]
[sigmoid: 1]
[boost_from_average: 1]
[reg_sqrt: 0]
[alpha: 0.9]
[fair_c: 1]
[poisson_max_delta_step: 0.7]
[tweedie_variance_power: 1.5]
[lambdarank_truncation_level: 30]
[lambdarank_norm: 1]
[label_gain: ]
[lambdarank_position_bias_regularization: 0]
[eval_at: 1,3,5]
[multi_error_top_k: 1]
[auc_mu_weights: ]
[num_machines: 1]
[local_listen_port: 12400]
[time_out: 120]
[machine_list_filename: ]
[machines: ]
[gpu_platform_id: -1]
[gpu_device_id: -1]
[gpu_use_dp: 0]
[num_gpu: 1]

end of parameters

pandas_categorical:null
