tree
version=v4
num_class=1
num_tree_per_iteration=1
label_index=0
max_feature_idx=20
objective=regression
feature_names=year month day_of_week venue_code race_number sex_encoded age weight popularity odds_numeric last_3f horse_weight_kg horse_weight_change field_size race_avg_odds race_avg_weight trainer_encoded trainer_frequency jockey_encoded jockey_frequency race_type_encoded
feature_infos=none [2:5] [5:6] [5:9] [11:12] [0:2] [3:10] [52:63] [1:18] [1.5:387.19999999999999] [13.6:43.700000000000003] [392:578] none [9:18] [20.789999999999999:87.305555555555557] [55:63] [0:50] [1:18] [0:50] [1:24] [0:10]
tree_sizes=1336 1368 1374 1372 1368 1454 1375 1288 1290 1544 1382 1546 1548 1382 1385 1294 1300 1212 1294 1297 1306 1307 1391 1384 1235 1301 1386 1388 1391 1471 1467 1475 1472 1472 1391 1230 1313 1318 1390 1394 1465 1469 1478 1384 1466 1475 1477 1471 1559 1482 1308 1479 1483 1309 1313 1396 1404 1387 1311 1319 1316 1474 1473 1307 1396 1228 1370 1231 1239 1395 1398 1387 1374 1299 1312 1305 1316 1395 1230 1312 1470 1384 1404 1477 1396 1402 1398 1398 1487 1474 1313 1319 1404 1489 1569 1487 1479 1403 1408 1324 1393 1315 1323 1403 1573 1484 1243 1487 1078 1499 1568 1385 1384 1489 1470 1157 1568 1325 1407 1158 1322 1486 1231 1492 1326 1492 1306 1486 1485 1317 1305 1391 1314 1482 1394 1401 1397 1410 1491 911 1404 1482 1407 1482 1398 1400 1247 1567 1575 1490 1324 1491 1486 1326 1327 1310 1491 1408 1413 1330 1410 1403 1321 1236 1318 1404 1400 1327 1402 1404 1246 1241 1158 1240 1320 1397 1408 1244 1328 1329 1487 1324 1327 1319 1406 1239 1400 1404 1410 1402 1399 1406 1489 1322 1415 1403 1316 1494 1322 1404

Tree=0
num_leaves=15
num_cat=0
split_feature=9 10 8 9 10 7 10 10 19 9 18 2 19 15
split_gain=2155.88 521.556 414.724 293.007 192.697 84.2024 84.0793 79.4572 76.3714 73.7981 68.1457 67.3587 53.972 15.113
threshold=36.350000000000001 35.250000000000007 13.500000000000002 7.7500000000000009 35.750000000000007 57.250000000000007 34.350000000000001 37.550000000000004 14.500000000000002 4.6500000000000012 22.500000000000004 5.5000000000000009 8.5000000000000018 56.440972222222229
decision_type=2 2 2 2 2 2 2 2 2 2 2 2 2 2
left_child=1 6 4 9 10 11 13 -4 -8 -3 -2 -5 -6 -1
right_child=2 3 7 5 12 -7 8 -9 -10 -11 -12 -13 -14 -15
leaf_value=-7.8105782282595735 -7.9471206735383468 -7.7986734641340512 -8.2073788239390773 -8.0141496589051346 -8.1023680508556204 -7.9702900091227438 -7.9408163269746064 -8.3308163222333285 -7.8058163238589096 -7.9258163239412891 -8.0733163249932183 -8.1367687047338819 -8.2037329916981072 -7.7572052100685998
leaf_weight=21 23 21 32 24 29 38 20 22 22 25 20 21 24 36
leaf_count=21 23 21 32 24 29 38 20 22 22 25 20 21 24 36
internal_value=-7.9996 -7.90275 -8.14682 -7.96899 -8.08446 -8.02509 -7.81642 -8.25767 -7.8701 -7.86777 -8.00582 -8.07137 -8.14827 -7.77687
internal_weight=378 228 150 129 96 83 99 54 42 46 43 45 53 57
internal_count=378 228 150 129 96 83 99 54 42 46 43 45 53 57
is_linear=0
shrinkage=1


Tree=1
num_leaves=15
num_cat=0
split_feature=9 10 8 9 10 4 20 10 10 19 10 19 19 7
split_gain=1945.68 470.704 374.289 264.438 173.909 108.343 86.919 75.8816 71.7101 68.9252 67.9207 48.7098 44.0564 11.7871
threshold=36.350000000000001 35.250000000000007 13.500000000000002 7.7500000000000009 35.750000000000007 11.500000000000002 6.5000000000000009 34.350000000000001 37.550000000000004 14.500000000000002 36.650000000000013 8.5000000000000018 10.500000000000002 56.500000000000007
decision_type=2 2 2 2 2 2 2 2 2 2 2 2 2 2
left_child=1 7 4 10 12 -5 -7 13 -4 -9 -3 -6 -2 -1
right_child=2 3 8 5 11 6 -8 9 -10 -11 -12 -13 -14 -15
leaf_value=0.18802088442302886 0.054564455784857274 0.19772279344144322 -0.1911935587413609 -0.10503349341265858 -0.091433322532423617 0.078615587938887385 -0.043874730582215957 0.062040818780660638 -0.3084591865539551 0.1902908130125566 0.075747963428497322 -0.18773001624892158 -0.046903655823806061 0.23515660680002637
leaf_weight=21 20 21 32 25 29 30 28 20 22 22 25 24 23 36
leaf_count=21 20 21 32 25 29 30 28 20 22 22 25 24 23 36
internal_value=0.0061969 0.0982075 -0.133659 0.0352714 -0.0744227 -0.0180224 0.0194823 0.180215 -0.238968 0.129219 0.131432 -0.135039 0.000290815 0.217791
internal_weight=378 228 150 129 96 83 58 99 54 42 46 53 43 57
internal_count=378 228 150 129 96 83 58 99 54 42 46 53 43 57
is_linear=0
shrinkage=0.05


Tree=2
num_leaves=15
num_cat=0
split_feature=9 9 13 9 13 9 3 18 19 19 9 9 14 14
split_gain=1755.97 348.408 267.809 160.572 115.328 88.0822 119.478 86.542 76.7712 64.5216 45.7108 39.0449 30.6046 20.1099
threshold=36.350000000000001 4.1500000000000012 13.500000000000002 187.85000000000005 12.500000000000002 7.7500000000000009 5.5000000000000009 28.500000000000004 6.5000000000000009 8.5000000000000018 5.8500000000000005 69.250000000000014 29.183333333333341 64.003125000000011
decision_type=2 2 2 2 2 2 2 2 2 2 2 2 2 2
left_child=1 -1 -2 8 12 10 -7 9 13 -8 -6 -10 -3 -4
right_child=2 4 3 -5 5 6 7 -9 11 -11 -12 -13 -14 -15
leaf_value=0.23603728976514607 0.030014942765600336 0.099801255304079795 -0.11008325855840335 -0.26112395216311729 0.055825610334674515 0.096923007895097599 0.00065415698724488429 0.054951282978057861 -0.1132939900642007 -0.12187393580097705 0.15683702492997761 -0.19928738610310989 0.182071088552475 -0.042478336732495917
leaf_weight=36 23 26 22 28 24 33 21 25 22 22 21 33 20 22
leaf_count=36 23 26 22 28 24 33 21 25 22 22 21 33 20 22
internal_value=0.00588706 0.0932971 -0.126976 -0.155408 0.0665333 0.0447818 0.0188589 -0.0190251 -0.125508 -0.0620346 0.102964 -0.16489 0.135571 -0.0762808
internal_weight=378 228 150 127 192 146 101 68 99 43 45 55 46 44
internal_count=378 228 150 127 192 146 101 68 99 43 45 55 46 44
is_linear=0
shrinkage=0.05


Tree=3
num_leaves=15
num_cat=0
split_feature=8 8 10 10 8 10 15 4 10 11 8 10 7 10
split_gain=1477.42 381.631 300.098 225.577 204.766 185.815 135.006 85.0192 75.6696 60.065 57.9486 78.1972 39.3679 4.60665
threshold=8.5000000000000018 13.500000000000002 37.650000000000013 35.45000000000001 3.5000000000000004 34.350000000000001 56.218750000000007 11.500000000000002 37.550000000000004 485.00000000000006 1.5000000000000002 35.050000000000004 55.500000000000007 36.850000000000001
decision_type=2 2 2 2 2 2 2 2 2 2 2 2 2 2
left_child=2 3 4 12 10 -6 -7 -8 -3 13 -1 -12 -2 -5
right_child=1 8 -4 9 5 6 7 -9 -10 -11 11 -13 -14 -15
leaf_value=0.24280583947896958 0.089952987716311508 -0.16418928273699501 -0.089175903163850323 -0.16256397753953933 0.17234725259682712 -0.066415345179848373 -0.0035989116538654672 0.12052125475444907 -0.28390296101570128 -0.055204490090117735 0.21632146632129495 0.085816355018566048 -0.0080656252615153787 -0.12862781167030335
leaf_weight=25 21 33 20 20 34 24 22 37 22 34 22 24 20 20
leaf_count=25 21 33 20 20 34 24 22 37 22 34 22 24 20 20
internal_value=0.0055927 -0.103748 0.0949579 -0.0519399 0.114547 0.073897 0.033568 0.0742392 -0.212075 -0.104065 0.181533 0.148232 0.042139 -0.145596
internal_weight=378 170 208 115 188 117 83 59 55 74 71 46 41 40
internal_count=378 170 208 115 188 117 83 59 55 74 71 46 41 40
is_linear=0
shrinkage=0.05


Tree=4
num_leaves=15
num_cat=0
split_feature=9 10 8 9 4 10 10 15 10 10 18 9 6 16
split_gain=1446.25 381.293 283.125 209.53 153.825 198.933 134.344 86.1901 58.6632 56.6684 56.5531 41.9866 36.5057 11.6337
threshold=36.350000000000001 35.250000000000007 13.500000000000002 4.6500000000000012 11.500000000000002 37.550000000000004 35.750000000000007 56.812500000000007 37.550000000000004 34.350000000000001 22.500000000000004 9.9500000000000011 4.5000000000000009 13.500000000000002
decision_type=2 2 2 2 2 2 2 2 2 2 2 2 2 2
left_child=1 9 6 -3 -5 7 10 -6 -4 13 -2 -11 -8 -1
right_child=2 3 8 4 5 -7 12 -9 -10 11 -12 -13 -14 -15
leaf_value=0.17366931902555127 0.055392521360646124 0.17250755769865855 -0.16364495572634041 -0.09859143342694332 0.031194951060798861 -0.087754113259522815 -0.17032526686787608 0.15597405505180362 -0.26970781412991612 0.16681245110929013 -0.059569315733388063 0.06671487282622944 -0.084716911297855968 0.22049726538714909
leaf_weight=36 23 21 32 29 31 23 20 25 22 20 20 22 33 21
leaf_count=36 23 21 32 29 31 23 20 25 22 20 20 22 33 21
internal_value=0.00531307 0.0846407 -0.115265 0.0279966 -0.00010279 0.0360513 -0.063745 0.0868999 -0.206856 0.15845 0.0019219 0.11438 -0.117022 0.190922
internal_weight=378 228 150 129 108 79 96 56 54 99 43 42 53 57
internal_count=378 228 150 129 108 79 96 56 54 99 43 42 53 57
is_linear=0
shrinkage=0.05


Tree=5
num_leaves=16
num_cat=0
split_feature=8 8 13 16 8 8 18 15 6 3 2 18 7 15 14
split_gain=1216.88 441.268 123.99 98.2194 91.2485 59.6339 58.6169 54.2552 49.8483 57.9988 52.656 26.1819 63.7112 22.316 5.23398
threshold=12.500000000000002 3.5000000000000004 12.500000000000002 11.500000000000002 1.5000000000000002 7.5000000000000009 27.500000000000004 57.033333333333339 5.5000000000000009 5.5000000000000009 5.5000000000000009 26.500000000000004 56.500000000000007 56.718750000000007 61.412053571428579
decision_type=2 2 2 2 2 2 2 2 2 2 2 2 2 2 2
left_child=1 4 5 7 -1 -3 14 -2 9 13 -10 12 -11 -4 -6
right_child=3 2 8 -5 6 -7 -8 -9 10 11 -12 -13 -14 -15 -16
leaf_value=0.21610526006955366 -0.26226224783928165 0.13448242396116258 0.056971501633524893 -0.10142899041171545 0.12082177907228471 0.02062335059694622 0.034071954861283303 -0.15663406521081924 -0.028276340166727705 -0.029735908595224222 0.079120913743972787 -0.014596490611632665 -0.13490706979452324 -0.017721210569143296 0.15699489206075667
leaf_weight=26 31 23 20 26 20 23 20 20 21 36 25 30 24 20 20
leaf_count=26 31 23 20 26 20 23 20 20 21 36 25 30 24 20 20
internal_value=-0.00273495 0.0417111 0.00446172 -0.180519 0.137866 0.0775529 0.103963 -0.220839 -0.0146417 -0.0304704 0.0300917 -0.0527351 -0.0718044 0.0196251 0.138908
internal_weight=385 308 222 77 86 46 60 51 176 130 46 90 60 40 40
internal_count=385 308 222 77 86 46 60 51 176 130 46 90 60 40 40
is_linear=0
shrinkage=0.05


Tree=6
num_leaves=15
num_cat=0
split_feature=8 8 14 16 11 8 16 17 18 3 15 8 19 8
split_gain=1098.23 398.245 97.2597 88.643 85.2187 82.3518 65.2218 94.6659 77.3078 53.2218 48.9653 44.3632 21.5151 20.4613
threshold=12.500000000000002 3.5000000000000004 42.520634920634926 11.500000000000002 457.00000000000006 1.5000000000000002 22.500000000000004 5.5000000000000009 1.5000000000000002 6.5000000000000009 57.033333333333339 8.5000000000000018 13.500000000000002 7.5000000000000009
decision_type=2 2 2 2 2 2 2 2 2 2 2 2 2 2
left_child=1 5 13 10 -4 -1 7 8 -6 -7 -2 -10 -8 -3
right_child=3 2 4 -5 6 9 12 -9 11 -11 -12 -13 -14 -15
leaf_value=0.20529999910638883 -0.2491491327362676 0.11059302938054316 -0.091515024059585171 -0.096357541903853428 0.090689315355342373 0.044913957755153 0.094914809260517374 -0.087345983313791675 0.015303970823014105 0.13994473367929458 -0.14880236161872745 -0.075684240176564166 0.021574694141745569 0.039071576520800594
leaf_weight=26 31 20 28 26 23 26 20 33 37 34 20 21 20 20
leaf_count=26 31 20 28 26 23 26 20 33 37 34 20 21 20 20
internal_value=-0.0025982 0.0396255 0.00423863 -0.171493 -0.0112765 0.130973 0.00331237 -0.0159622 0.0131201 0.0987647 -0.209797 -0.01764 0.0582448 0.0748323
internal_weight=385 308 222 77 182 86 154 114 81 60 51 58 40 40
internal_count=385 308 222 77 182 86 154 114 81 60 51 58 40 40
is_linear=0
shrinkage=0.05


Tree=7
num_leaves=14
num_cat=0
split_feature=8 9 10 13 10 9 11 9 16 10 11 7 9
split_gain=991.153 428.213 298.4 128.215 177.279 109.706 108.307 84.6933 80.0003 58.4278 55.4468 42.7765 35.496
threshold=12.500000000000002 6.9500000000000011 34.850000000000001 17.000000000000004 37.45000000000001 36.350000000000001 481.00000000000006 3.8500000000000001 11.500000000000002 35.850000000000001 495.00000000000006 56.500000000000007 187.85000000000005
decision_type=2 2 2 2 2 2 2 2 2 2 2 2 2
left_child=1 7 5 4 6 11 -4 -1 12 -9 -8 -3 -2
right_child=8 2 3 -5 -6 -7 10 9 -10 -11 -12 -13 -14
leaf_value=0.19628388928249479 -0.16297575739565595 0.085176903102546941 -0.040409584813996369 -0.12502877843199353 -0.11267293481664226 0.0058094549626111986 0.1309767046943307 0.13766916429158302 -0.091539664724125322 0.033191838342210525 0.024904218023376806 0.18621170845898716 -0.24719954214312811
leaf_weight=32 29 20 38 33 33 25 22 32 26 23 28 22 22
leaf_count=32 29 20 38 33 33 25 22 32 26 23 28 22 22
internal_value=-0.00246829 0.0376442 0.000653922 -0.0376683 -0.0138427 0.0887378 0.0232187 0.131608 -0.162918 0.0939786 0.0715761 0.1381 -0.199308
internal_weight=385 308 221 154 121 67 88 87 77 55 50 42 51
internal_count=385 308 221 154 121 67 88 87 77 55 50 42 51
is_linear=0
shrinkage=0.05


Tree=8
num_leaves=14
num_cat=0
split_feature=8 9 10 13 10 9 11 9 9 9 10 11 7
split_gain=894.516 386.462 269.306 115.714 159.994 99.0099 97.747 76.4357 66.1385 77.3648 52.731 50.0407 38.6058
threshold=12.500000000000002 6.9500000000000011 34.850000000000001 17.000000000000004 37.45000000000001 36.350000000000001 481.00000000000006 3.8500000000000001 202.35000000000002 150.20000000000002 35.850000000000001 495.00000000000006 56.500000000000007
decision_type=2 2 2 2 2 2 2 2 2 2 2 2 2
left_child=1 7 5 4 6 12 -4 -1 9 -2 -9 -8 -3
right_child=8 2 3 -5 -6 -7 11 10 -10 -11 -12 -13 -14
leaf_value=0.18646969408728184 -0.17645483381218383 0.080918056555092335 -0.038389106134050777 -0.11877733794125644 -0.10703928819434211 0.0055189801156520849 0.12442786874757572 0.13078570495126771 -0.21607397049665453 -0.050142296945506884 0.031532246765235195 0.023659006506204606 0.17690112482417714
leaf_weight=32 27 20 38 33 33 25 22 32 28 22 23 28 22
leaf_count=32 27 20 38 33 33 25 22 32 28 22 23 28 22
internal_value=-0.00234487 0.035762 0.000621226 -0.0357849 -0.0131506 0.0843009 0.0220577 0.125028 -0.154772 -0.119743 0.0892797 0.0679973 0.131195
internal_weight=385 308 221 154 121 67 88 87 77 49 55 50 42
internal_count=385 308 221 154 121 67 88 87 77 49 55 50 42
is_linear=0
shrinkage=0.05


Tree=9
num_leaves=17
num_cat=0
split_feature=9 10 9 9 10 4 18 9 3 15 18 3 14 17 15 9
split_gain=750.266 310.113 244.743 157.736 111.52 105.326 80.1379 72.1318 57.5756 54.3534 45.1295 37.5239 36.7894 26.4257 25.9132 24.3993
threshold=37.650000000000006 34.650000000000013 7.5500000000000007 202.35000000000002 35.650000000000013 11.500000000000002 27.500000000000004 4.1500000000000012 6.5000000000000009 57.033333333333339 37.500000000000007 6.5000000000000009 72.723958333333357 7.5000000000000009 56.937500000000007 18.350000000000005
decision_type=2 2 2 2 2 2 2 2 2 2 2 2 2 2 2 2
left_child=1 13 7 4 12 -6 8 -3 -4 -7 -8 -9 -2 14 -1 -10
right_child=3 2 6 -5 5 9 10 11 15 -11 -12 -13 -14 -15 -16 -17
leaf_value=0.083264736255461533 0.037165585279464723 0.16704108096362855 0.0041061317920684818 -0.19253135517239572 -0.19759062415077575 -0.12380561523816802 0.07758596222847701 0.0057134614745154985 -0.13712977206423169 -0.019583890073258302 -0.027360490780501141 0.10034200898689134 -0.051488583975217564 0.19160990953445434 0.1569962745675674 -0.061781712689182977
leaf_weight=22 25 22 20 30 21 22 20 20 21 29 21 22 22 20 26 22
leaf_count=22 25 22 20 30 21 22 20 20 21 29 21 22 22 20 26 22
internal_value=-0.00222763 0.0532329 0.0167681 -0.0900712 -0.0642409 -0.103348 -0.0305736 0.0936984 -0.065981 -0.0645423 0.0238329 0.0552808 -0.00433211 0.143322 0.123203 -0.0985796
internal_weight=385 236 168 149 119 72 104 64 63 51 41 42 47 68 48 43
internal_count=385 236 168 149 119 72 104 64 63 51 41 42 47 68 48 43
is_linear=0
shrinkage=0.05


Tree=10
num_leaves=15
num_cat=0
split_feature=8 10 8 10 9 14 5 7 16 9 11 19 18 2
split_gain=860.655 240.122 165.265 143.938 120.367 108.1 88.2292 76.7618 61.0636 46.0479 58.8445 36.5779 13.2291 5.4234
threshold=8.5000000000000018 38.350000000000001 14.500000000000002 34.550000000000004 4.1500000000000012 71.871875000000017 1.0000000180025095e-35 57.250000000000007 5.5000000000000009 8.4500000000000011 475.00000000000006 12.500000000000002 29.500000000000004 5.5000000000000009
decision_type=2 2 2 2 2 2 2 2 2 2 2 2 2 2
left_child=3 2 5 12 -5 6 -2 9 -8 -6 -11 -9 13 -1
right_child=1 -3 -4 4 7 -7 8 11 -10 10 -12 -13 -14 -15
leaf_value=0.12867898792028429 0.056397650215555643 -0.2453095057606697 -0.16123967425841276 0.15122409388422967 0.048823460191488269 -0.11194046307355165 -0.086847631851477286 0.10379848847165705 0.016701737542947136 -0.094686919637024414 0.01291510435856051 0.022772203844327196 0.098512070235751925 0.16505985841864634
leaf_weight=20 34 20 33 21 22 34 35 30 24 24 27 26 21 21
leaf_count=20 34 20 33 21 22 34 35 30 24 24 27 26 21 21
internal_value=-0.0015656 -0.0819688 -0.0615512 0.0667013 0.0402138 -0.0356479 -0.00775597 0.0221424 -0.0447259 -0.0116392 -0.0377211 0.0661791 0.130784 0.147313
internal_weight=392 180 160 212 150 127 93 129 59 73 51 56 62 41
internal_count=392 180 160 212 150 127 93 129 59 73 51 56 62 41
is_linear=0
shrinkage=0.05


Tree=11
num_leaves=17
num_cat=0
split_feature=9 10 10 13 13 10 9 10 5 16 10 14 19 9 18 6
split_gain=758.559 223.684 173.573 177.078 165.992 158.267 94.7439 62.1218 56.9234 54.0174 92.1427 36.0743 25.1785 16.1069 9.2553 8.95334
threshold=36.350000000000001 34.650000000000013 38.150000000000013 17.000000000000004 17.000000000000004 37.45000000000001 7.7500000000000009 35.45000000000001 1.0000000180025095e-35 16.500000000000004 36.650000000000013 64.003125000000011 8.5000000000000018 10.350000000000003 23.500000000000004 4.5000000000000009
decision_type=2 2 2 2 2 2 2 2 2 2 2 2 2 2 2 2
left_child=1 13 3 8 5 6 14 -5 11 10 -8 -2 -10 15 -3 -1
right_child=2 4 -4 7 -6 -7 9 -9 12 -11 -12 -13 -14 -15 -16 -17
leaf_value=0.095755926683545114 0.065958901420235638 0.11070181835442781 -0.21643093981864781 -0.088731646149054821 -0.073889975184026888 -0.069375031862569894 -0.048733641925667016 -0.20625470930879769 -0.029051772007145562 0.10596084012871697 0.091782753244042392 -0.025858361703222213 -0.10173050266775219 0.167907030609521 0.15822796963510061 0.1406391241773963
leaf_weight=25 20 20 22 23 34 23 28 22 26 21 20 23 22 22 21 20
leaf_count=25 20 20 22 23 34 23 28 22 26 21 20 23 22 22 21 20
internal_value=-0.00148732 0.0556661 -0.0861322 -0.0650545 0.024702 0.0499059 0.0748465 -0.146187 -0.0249339 0.0390767 0.00981486 0.0168473 -0.0623629 0.132845 0.135044 0.115704
internal_weight=392 234 158 136 167 133 110 45 91 69 48 43 48 67 41 45
internal_count=392 234 158 136 167 133 110 45 91 69 48 43 48 67 41 45
is_linear=0
shrinkage=0.05


Tree=12
num_leaves=17
num_cat=0
split_feature=8 10 14 10 13 5 10 16 9 10 20 10 10 10 18 2
split_gain=706.836 197.969 141.495 116.022 112.709 99.7353 96.9104 86.6969 65.3013 45.4854 42.9749 38.4074 21.4569 18.2716 12.1436 4.64076
threshold=8.5000000000000018 38.350000000000001 72.723958333333357 34.550000000000004 17.000000000000004 1.0000000180025095e-35 37.45000000000001 5.5000000000000009 7.7500000000000009 36.650000000000013 3.0000000000000004 35.45000000000001 36.45000000000001 36.45000000000001 29.500000000000004 5.5000000000000009
decision_type=2 2 2 2 2 2 2 2 2 2 2 2 2 2 2 2
left_child=3 2 5 14 6 12 8 13 10 -10 -5 -4 -2 -7 15 -1
right_child=1 -3 11 4 -6 7 -8 -9 9 -11 -12 -13 -14 -15 -16 -17
leaf_value=0.1165866530952917 0.070917344022364853 -0.22259012445807458 -0.089234061441991641 0.070701996597927072 -0.05797884427011013 -0.065426872558891777 -0.03610862876976962 0.0087803911949907026 0.0096374704552864704 0.10176921501046135 0.17091704354338025 -0.18397398904897275 -0.001446407735347748 -0.12799958903342487 0.087067850005059011 0.1502402854107675
leaf_weight=20 21 20 23 20 26 20 23 28 37 21 23 20 20 28 21 21
leaf_count=20 21 20 23 20 26 20 23 28 37 21 23 20 20 28 21 21
internal_value=-0.00141295 -0.0742778 -0.0557388 0.0604534 0.0366728 -0.0272337 0.0565191 -0.0611405 0.0776126 0.0429955 0.124305 -0.133299 0.035618 -0.101928 0.117987 0.133824
internal_weight=392 180 160 212 150 117 124 76 101 58 43 43 41 48 62 41
internal_count=392 180 160 212 150 117 124 76 101 58 43 43 41 48 62 41
is_linear=0
shrinkage=0.05


Tree=13
num_leaves=15
num_cat=0
split_feature=8 10 8 10 9 14 10 15 10 4 18 11 3 18
split_gain=637.92 178.667 135.117 104.71 96.2241 81.4608 79.2694 77.9884 53.8602 80.6745 76.5128 52.5706 19.3005 4.47783
threshold=8.5000000000000018 38.350000000000001 14.500000000000002 34.550000000000004 4.1500000000000012 71.871875000000017 35.850000000000001 56.472222222222229 37.250000000000007 11.500000000000002 19.500000000000004 479.00000000000006 8.5000000000000018 9.5000000000000018
decision_type=2 2 2 2 2 2 2 2 2 2 2 2 2 2
left_child=3 2 5 12 -5 6 -2 -6 9 -9 -11 -8 13 -1
right_child=1 -3 -4 4 7 -7 11 8 -10 10 -12 -13 -14 -15
leaf_value=0.11512119192630053 0.049000754130956455 -0.21146061547100545 -0.14309010358922411 0.13409398969795025 -0.042621771095169562 -0.095758493277518189 -0.10182193647260251 -0.0068994820404511235 -0.02925145611166954 0.046732666400762707 0.17681377023458481 -0.0020533770803482301 0.073107900931721634 0.14817876049450465
leaf_weight=20 39 20 33 21 37 34 23 26 20 26 20 31 21 21
leaf_count=20 39 20 33 21 37 34 23 26 20 26 20 31 21 21
internal_value=-0.0013423 -0.0705639 -0.0529518 0.0574308 0.0348392 -0.0295301 -0.00531752 0.0186814 0.043336 0.0634991 0.10329 -0.0445474 0.112088 0.132053
internal_weight=392 180 160 212 150 127 93 129 92 72 46 54 62 41
internal_count=392 180 160 212 150 127 93 129 92 72 46 54 62 41
is_linear=0
shrinkage=0.05


Tree=14
num_leaves=15
num_cat=0
split_feature=8 8 8 11 14 11 14 9 15 8 18 18 4 18
split_gain=575.723 156.496 89.4506 94.1703 61.5343 56.3016 49.2821 43.3752 28.0431 21.8831 18.6736 49.6055 36.3755 10.1091
threshold=8.5000000000000018 13.500000000000002 1.5000000000000002 457.00000000000006 71.871875000000017 479.00000000000006 68.277884615384622 187.85000000000005 56.937500000000007 10.500000000000002 23.500000000000004 2.5000000000000004 11.500000000000002 9.5000000000000018
decision_type=2 2 2 2 2 2 2 2 2 2 2 2 2 2
left_child=2 4 -1 -4 5 9 10 -3 -8 -2 11 -5 -12 -7
right_child=1 7 3 6 -6 13 8 -9 -10 -11 12 -13 -14 -15
leaf_value=0.14338613119721413 -0.016997815296053886 -0.097017266161532875 -0.054487059942700644 0.10675504895356985 -0.095584812238812447 0.051754540763795376 -0.028433176573543325 -0.18274761772155762 0.045054592027821964 -0.089261957935311581 0.05490049591574532 0.013775558560155332 0.13853829141992788 0.004853919479582045
leaf_weight=25 20 36 22 26 30 20 21 25 34 22 26 32 26 27
leaf_count=25 20 36 22 26 30 20 21 25 34 22 26 32 26 27
internal_value=-0.00127519 -0.0670357 0.0545592 0.042684 -0.0336564 -0.0127817 0.0556401 -0.132153 0.0169956 -0.0548505 0.0749623 0.055456 0.0967194 0.0248116
internal_weight=392 180 212 187 119 89 165 61 55 42 110 58 52 47
internal_count=392 180 212 187 119 89 165 61 55 42 110 58 52 47
is_linear=0
shrinkage=0.05


Tree=15
num_leaves=14
num_cat=0
split_feature=8 8 8 18 18 16 4 19 8 20 8 16 4
split_gain=643.094 190.493 74.7977 98.041 67.9818 62.962 57.2596 47.5873 45.2807 44.852 30.5031 28.4911 4.51244
threshold=13.500000000000002 3.5000000000000004 8.5000000000000018 20.500000000000004 13.500000000000002 15.500000000000002 11.500000000000002 8.5000000000000018 5.5000000000000009 8.5000000000000018 1.5000000000000002 9.5000000000000018 11.500000000000002
decision_type=2 2 2 2 2 2 2 2 2 2 2 2 2
left_child=1 4 3 8 -1 7 11 -4 -3 -2 -6 -5 -12
right_child=9 2 5 6 10 -7 -8 -9 -10 -11 12 -13 -14
leaf_value=0.17144253592599523 -0.19252352354855373 0.037489407975226645 -0.010690224191972188 -0.0091611567175104505 0.11910893887281418 0.029225988847178381 0.12003238955230425 -0.093745341502568302 -0.051679347343742847 -0.10601543279424791 0.06027640342712403 0.073201475966544388 0.02668903548270464
leaf_weight=22 29 24 35 21 20 37 33 34 35 31 20 21 20
leaf_count=22 29 24 35 21 20 37 33 34 35 31 20 21 20
internal_value=0.00246154 0.0304657 0.00798644 0.0328126 0.0962588 -0.0233975 0.0707455 -0.0516159 -0.0154073 -0.147828 0.0686915 0.0320202 0.0434827
internal_weight=382 322 240 134 82 106 75 69 59 60 60 42 40
internal_count=382 322 240 134 82 106 75 69 59 60 60 42 40
is_linear=0
shrinkage=0.05


Tree=16
num_leaves=14
num_cat=0
split_feature=8 10 13 10 9 9 11 13 19 15 16 16 19
split_gain=580.392 278.823 227.421 222.743 112.593 66.1159 65.6728 61.1055 44.9465 41.8192 34.0741 20.2133 25.6471
threshold=13.500000000000002 35.250000000000007 17.000000000000004 38.150000000000013 7.7500000000000009 24.400000000000002 475.00000000000006 14.500000000000002 9.5000000000000018 56.472222222222229 2.5000000000000004 21.500000000000004 14.500000000000002
decision_type=2 2 2 2 2 2 2 2 2 2 2 2 2
left_child=1 5 3 4 -3 11 -6 -8 -9 -2 -7 12 -1
right_child=9 2 -4 -5 6 10 7 8 -10 -11 -12 -13 -14
leaf_value=0.070976243348735757 -0.18982710146903992 0.10913816371834593 -0.13991533464619094 -0.14286955293267964 -0.046094354035125844 -0.0092831343412399289 -0.02281418801950557 0.12499073105198998 0.027458724269160517 -0.10515714517661504 0.078276369333267218 0.15600107867609372 0.13890658769911776
leaf_weight=33 25 38 28 20 36 20 28 21 27 35 25 22 24
leaf_count=33 25 38 28 20 36 20 28 21 27 35 25 22 24
internal_value=0.00233846 0.0289425 -0.00787764 0.0138697 0.0347683 0.0877358 0.00953569 0.0358868 0.070129 -0.140436 0.039361 0.115291 0.0995785
internal_weight=382 322 198 170 150 124 112 76 48 60 45 79 57
internal_count=382 322 198 170 150 124 112 76 48 60 45 79 57
is_linear=0
shrinkage=0.05


Tree=17
num_leaves=13
num_cat=0
split_feature=8 10 4 10 8 16 10 8 6 15 8 11
split_gain=524.634 289.417 164.418 173.409 103.368 83.9658 74.4045 62.2511 50.481 27.1257 27.348 23.6832
threshold=11.500000000000002 35.250000000000007 11.500000000000002 37.650000000000013 8.5000000000000018 11.500000000000002 35.95000000000001 14.500000000000002 4.5000000000000009 55.953125000000007 6.5000000000000009 483.00000000000006
decision_type=2 2 2 2 2 2 2 2 2 2 2 2
left_child=1 9 6 4 8 7 -3 -2 -4 -1 11 -11
right_child=5 2 3 -5 -6 -7 -8 -9 -10 10 -12 -13
leaf_value=0.13982994712648852 -0.087452564559675552 -0.018207336546709904 0.13281566034389758 -0.070549544624306945 -0.026159314376612505 -0.029558348556359609 -0.1378257377789571 -0.18529239281498155 0.046052372526998321 0.14082922601699829 0.043850026017537826 0.072671011362511376
leaf_weight=31 37 26 38 33 24 30 26 29 30 25 27 26
leaf_count=31 37 26 38 33 24 30 26 29 30 25 27 26
internal_value=0.00222154 0.0361699 -0.00330086 0.0277809 0.0630516 -0.0989164 -0.0780165 -0.130443 0.0945377 0.100265 0.0845401 0.106082
internal_weight=382 286 177 125 92 96 52 66 68 109 78 51
internal_count=382 286 177 125 92 96 52 66 68 109 78 51
is_linear=0
shrinkage=0.05


Tree=18
num_leaves=14
num_cat=0
split_feature=8 10 13 10 8 4 18 18 20 8 10 3 18
split_gain=478.993 227.427 197.708 191.5 84.0444 59.8494 50.1218 44.7487 40.8383 38.0278 14.1671 20.314 22.9022
threshold=13.500000000000002 35.250000000000007 17.000000000000004 38.150000000000013 3.5000000000000004 11.500000000000002 26.500000000000004 9.5000000000000018 8.5000000000000018 9.5000000000000018 33.45000000000001 7.5000000000000009 24.500000000000004
decision_type=2 2 2 2 2 2 2 2 2 2 2 2 2
left_child=1 9 3 4 -3 -6 7 -7 -2 10 -1 12 -12
right_child=8 2 -4 -5 5 6 -8 -9 -10 -11 11 -13 -14
leaf_value=0.13088375894818458 -0.17024317178232917 0.10181007013820552 -0.13008527000035561 -0.13202956579625608 -0.051252309093251826 0.040104470489656228 0.082594478270038962 -0.051412902772426605 -0.087696475607733582 0.024277057074010372 0.071463685400354179 0.051371795137723289 0.13995820115441862
leaf_weight=20 29 34 28 20 28 34 32 22 31 25 26 30 23
leaf_count=20 29 34 28 20 28 34 32 22 31 25 26 30 23
internal_value=0.00211046 0.026279 -0.0069748 0.0133022 0.0326798 0.0124175 0.032676 0.00415122 -0.127594 0.0793778 0.0932922 0.0837753 0.103614
internal_weight=382 322 198 170 150 116 88 56 60 124 99 79 49
internal_count=382 322 198 170 150 116 88 56 60 124 99 79 49
is_linear=0
shrinkage=0.05


Tree=19
num_leaves=14
num_cat=0
split_feature=8 10 13 10 18 13 8 10 4 11 15 8 11
split_gain=432.776 237.525 161.155 130.215 88.8614 82.4478 78.9282 58.8918 42.2154 57.8879 24.9973 23.9031 20.6694
threshold=11.500000000000002 35.250000000000007 17.000000000000004 37.45000000000001 21.500000000000004 17.000000000000004 3.5000000000000004 36.850000000000001 11.500000000000002 483.00000000000006 55.953125000000007 6.5000000000000009 483.00000000000006
decision_type=2 2 2 2 2 2 2 2 2 2 2 2 2
left_child=1 10 3 6 -5 7 -3 -2 -8 -10 -1 12 -12
right_child=5 2 -4 4 -6 -7 8 -9 9 -11 11 -13 -14
leaf_value=0.1288847788447334 0.012103012983094562 0.11438812250892322 -0.11789502730736366 -0.13460254300385716 0.01266051097994759 -0.14709920734167101 -0.041591373019452607 -0.091733155089120069 -0.007735931177934011 0.091331386694620403 0.12840904784202575 0.03776720909884683 0.064734979546987093
leaf_weight=31 22 30 26 20 21 38 21 36 30 29 25 27 26
leaf_count=31 22 30 26 20 21 38 21 36 30 29 25 27 26
internal_value=0.00200494 0.0328384 -0.00291917 0.016878 -0.0591751 -0.0898531 0.0452251 -0.052347 0.0192889 0.0409582 0.0909035 0.0758083 0.0959478
internal_weight=382 286 177 151 41 96 110 58 80 59 109 78 51
internal_count=382 286 177 151 41 96 110 58 80 59 109 78 51
is_linear=0
shrinkage=0.05


Tree=20
num_leaves=14
num_cat=0
split_feature=10 13 10 4 9 15 14 10 10 7 9 16 16
split_gain=274.972 261.832 172.95 115.792 99.4799 76.9612 56.3682 50.0892 47.1774 39.1775 19.8658 19.103 25.9318
threshold=35.850000000000001 17.000000000000004 38.150000000000013 11.500000000000002 25.650000000000002 57.105555555555569 66.762500000000017 37.250000000000007 34.350000000000001 55.500000000000007 4.5500000000000007 18.500000000000004 1.5000000000000002
decision_type=2 2 2 2 2 2 2 2 2 2 2 2 2
left_child=4 2 3 -2 10 6 -5 -7 -6 -10 -1 12 -12
right_child=1 -3 -4 5 8 7 -8 -9 9 -11 11 -13 -14
leaf_value=0.11102317439392209 -0.086480983815811305 -0.20246166288852693 -0.12333134887740016 -0.052594708697870377 0.061107696980858842 0.12883411360283692 0.042007517171723234 0.021695088855922223 0.028774989159269765 -0.057364336841485723 0.074290330566917404 0.10026250978310902 0.0032153952689397899
leaf_weight=30 27 22 32 32 24 24 31 20 22 33 33 24 21
leaf_count=30 27 22 32 32 24 24 31 20 22 33 33 24 21
internal_value=0.00232557 -0.0403757 -0.0188944 0.00604579 0.0452551 0.0293937 -0.00604441 0.0801346 0.00261533 -0.0229086 0.0764454 0.0631462 0.0466501
internal_weight=375 188 166 134 187 107 63 44 79 55 108 78 54
internal_count=375 188 166 134 187 107 63 44 79 55 108 78 54
is_linear=0
shrinkage=0.05


Tree=21
num_leaves=14
num_cat=0
split_feature=10 9 10 13 19 8 19 18 5 4 10 17 10
split_gain=250.941 151.135 68.1477 52.8262 59.7718 50.8426 47.2392 46.4015 45.6245 34.4496 39.6696 27.8481 14.7406
threshold=37.45000000000001 25.650000000000002 34.350000000000001 17.000000000000004 11.500000000000002 8.5000000000000018 14.500000000000002 1.5000000000000002 1.0000000180025095e-35 11.500000000000002 34.850000000000001 5.5000000000000009 38.050000000000004
decision_type=2 2 2 2 2 2 2 2 2 2 2 2 2
left_child=1 6 -3 4 8 -2 7 -1 -4 10 -9 -8 -7
right_child=5 2 3 -5 -6 12 11 9 -10 -11 -12 -13 -14
leaf_value=0.081990924567887286 -0.029391920304408781 0.058052311589320504 0.076279090412638417 -0.082595513957111455 -0.071780859202146538 -0.085540293604135509 0.12419151774541076 0.028938132002949715 -0.023406163820376 0.04706996407892023 -0.070647980328649287 0.057705957525306273 -0.14423281803079274
leaf_weight=33 27 24 22 38 25 20 28 20 24 35 20 36 23
leaf_count=33 27 24 22 38 25 20 28 20 24 35 20 36 23
internal_value=0.00220929 0.021804 -0.0182218 -0.0350161 -0.00955112 -0.0831678 0.0527542 0.0325829 0.0242694 0.0108434 -0.0208549 0.0867934 -0.116934
internal_weight=375 305 133 109 71 70 172 108 46 75 40 64 43
internal_count=375 305 133 109 71 70 172 108 46 75 40 64 43
is_linear=0
shrinkage=0.05


Tree=22
num_leaves=15
num_cat=0
split_feature=10 13 10 4 9 8 10 7 18 5 19 18 18 16
split_gain=235.291 229.134 142.506 101.124 81.2793 43.1437 37.1164 35.5428 28.6786 26.6307 25.7155 47.0497 19.4034 2.82807
threshold=35.850000000000001 17.000000000000004 38.150000000000013 11.500000000000002 25.650000000000002 8.5000000000000018 34.350000000000001 55.500000000000007 23.500000000000004 1.0000000180025095e-35 14.500000000000002 6.5000000000000009 22.500000000000004 9.5000000000000018
decision_type=2 2 2 2 2 2 2 2 2 2 2 2 2 2
left_child=4 2 3 -2 10 8 -6 -8 -5 -7 11 -1 -12 -13
right_child=1 -3 -4 5 6 9 7 -9 -10 -11 12 13 -14 -15
leaf_value=0.10636590805066669 -0.081135246157646182 -0.18902896381914616 -0.11210640810895711 0.020996815900528626 0.055149697884917262 0.0254580702483654 0.029856321452693509 -0.052189954421059649 0.089572862933079408 -0.050918620682898021 0.063772010909659532 0.0033229657541960483 0.12958330434436602 0.029912751466035843
leaf_weight=23 27 22 32 31 24 25 22 33 30 21 21 20 24 20
leaf_count=23 27 22 32 31 24 25 22 33 30 21 21 20 24 20
internal_value=0.00209882 -0.0374013 -0.0173061 0.00533281 0.0418102 0.0271518 0.00326789 -0.0193714 0.0547227 -0.00940955 0.0700032 0.049383 0.0988714 0.0166179
internal_weight=375 188 166 134 187 107 79 55 61 46 108 63 45 40
internal_count=375 188 166 134 187 107 79 55 61 46 108 63 45 40
is_linear=0
shrinkage=0.05


Tree=23
num_leaves=15
num_cat=0
split_feature=10 13 10 4 9 15 14 10 10 7 19 18 18 16
split_gain=212.35 206.793 128.612 91.2648 73.3546 68.3303 49.4736 41.2737 33.4975 32.0774 23.2083 42.4624 17.5116 2.55233
threshold=35.850000000000001 17.000000000000004 38.150000000000013 11.500000000000002 25.650000000000002 57.105555555555569 66.762500000000017 37.250000000000007 34.350000000000001 55.500000000000007 14.500000000000002 6.5000000000000009 22.500000000000004 9.5000000000000018
decision_type=2 2 2 2 2 2 2 2 2 2 2 2 2 2
left_child=4 2 3 -2 10 6 -5 -7 -6 -10 11 -1 -12 -13
right_child=1 -3 -4 5 8 7 -8 -9 9 -11 12 13 -14 -15
leaf_value=0.10104761179536581 -0.077078483667638573 -0.17957751473242589 -0.10650108808185905 -0.051208260795101525 0.05239221130808195 0.11781223236272734 0.037419833146756697 0.020557072535157206 0.028363504717973151 -0.04958045648721357 0.060583409454141347 0.0031568183656781913 0.12310413874996205 0.02841711319983006
leaf_weight=23 27 22 32 32 24 24 31 20 22 33 21 20 24 20
leaf_count=23 27 22 32 32 24 24 31 20 22 33 21 20 24 20
internal_value=0.00199388 -0.0355312 -0.0164408 0.00506617 0.0397197 0.0257943 -0.00759761 0.0736053 0.0031045 -0.0184029 0.066503 0.0469139 0.0939278 0.015787
internal_weight=375 188 166 134 187 107 63 44 79 55 108 63 45 40
internal_count=375 188 166 134 187 107 63 44 79 55 108 63 45 40
is_linear=0
shrinkage=0.05


Tree=24
num_leaves=13
num_cat=0
split_feature=9 9 9 14 16 17 11 9 16 9 17 7
split_gain=179.266 65.0619 62.2361 38.1375 41.1059 36.3543 31.1831 30.6316 48.5511 30.1831 40.7387 17.8295
threshold=25.650000000000002 3.8500000000000001 202.35000000000002 49.054761904761911 11.500000000000002 3.5000000000000004 483.00000000000006 5.1500000000000012 18.500000000000004 7.1500000000000012 6.5000000000000009 56.500000000000007
decision_type=2 2 2 2 2 2 2 2 2 2 2 2
left_child=1 -1 3 -2 5 -5 -6 -3 9 -9 11 -11
right_child=2 7 -4 4 6 -7 -8 8 -10 10 -12 -13
leaf_value=0.096432837311710637 0.023609291509326016 -0.028456210287717672 -0.10455192912507941 -0.02091113943005762 -0.038247807323932653 -0.094315311916776612 0.043372248612682934 0.065575259517539633 0.082548094162827032 0.055081964818679767 -0.060403483236829439 -0.00097772004334507781
leaf_weight=35 35 26 27 31 25 37 22 22 34 23 21 37
leaf_count=35 35 26 27 31 25 37 22 22 34 23 21 37
internal_value=0.00189419 0.0345799 -0.0346695 -0.0220906 -0.0359993 -0.0608516 -4.26748e-05 0.0212986 0.0307411 0.0136397 -0.000466217 0.0205118
internal_weight=375 198 177 150 115 68 47 163 137 103 81 60
internal_count=375 198 177 150 115 68 47 163 137 103 81 60
is_linear=0
shrinkage=0.05


Tree=25
num_leaves=14
num_cat=0
split_feature=10 8 10 4 10 3 11 15 20 8 20 19 11
split_gain=208.984 125.05 67.9005 61.4094 91.1427 64.3445 60.8953 53.7571 29.5014 29.2268 27.171 20.5568 9.59654
threshold=38.350000000000001 3.5000000000000004 34.350000000000001 11.500000000000002 36.45000000000001 5.5000000000000009 469.00000000000006 56.937500000000007 4.5000000000000009 11.500000000000002 8.5000000000000018 8.5000000000000018 485.00000000000006
decision_type=2 2 2 2 2 2 2 2 2 2 2 2 2
left_child=1 8 11 4 5 -4 -5 -7 -1 10 -8 -3 -10
right_child=-2 2 3 6 -6 7 9 -9 12 -11 -12 -13 -14
leaf_value=0.034836216709193062 -0.12804114962262766 0.0126564336674554 0.050463254705071452 -0.043210212415770485 -0.12714320135613283 0.0022613348439335826 0.080939626517048224 -0.096618603031944361 0.071268367171287539 -0.012652887088748125 0.016216565043695511 0.077156850335498656 0.11816407113025587
leaf_weight=34 28 21 25 38 24 28 34 27 20 26 31 30 24
leaf_count=34 28 21 25 38 24 28 34 27 20 26 31 30 24
internal_value=0.0035629 0.0137422 -0.00165863 -0.0130967 -0.041685 -0.0160475 0.00995114 -0.0462797 0.0698171 0.0321504 0.0500717 0.0505979 0.0968478
internal_weight=390 362 284 233 104 80 129 55 78 91 65 51 44
internal_count=390 362 284 233 104 80 129 55 78 91 65 51 44
is_linear=0
shrinkage=0.05


Tree=26
num_leaves=15
num_cat=0
split_feature=10 9 3 9 10 4 16 13 11 10 3 16 16 13
split_gain=188.608 133.819 42.5428 39.6583 34.1245 54.3712 24.6715 46.9301 32.9747 30.4945 21.4521 18.4926 38.9123 14.47
threshold=38.350000000000001 23.550000000000001 8.5000000000000018 4.3500000000000005 35.45000000000001 11.500000000000002 18.500000000000004 17.000000000000004 475.00000000000006 36.550000000000004 6.5000000000000009 21.500000000000004 1.5000000000000002 14.500000000000002
decision_type=2 2 2 2 2 2 2 2 2 2 2 2 2 2
left_child=1 3 6 13 11 -6 7 8 -3 -10 -7 12 -5 -1
right_child=-2 2 -4 4 5 10 -8 -9 9 -11 -12 -13 -14 -15
leaf_value=0.056532021462917331 -0.12163909125540938 -0.064403610428174343 0.032768916090329489 0.07763505681817022 -0.05469184266403318 -0.00580597534775734 0.0048545765715676389 -0.087012113674886926 0.048018040410850366 -0.036400121301412583 0.059107918090053974 0.096812558844685564 -0.013679453055374324 0.11667767122387887
leaf_weight=20 28 24 33 28 24 20 37 38 23 20 35 20 20 20
leaf_count=20 28 24 33 28 24 20 37 38 23 20 35 20 20 20
internal_value=0.00338476 0.0130551 -0.0183699 0.0424636 0.0304524 0.00810194 -0.0302543 -0.042626 -0.0174519 0.00875378 0.0355029 0.0564183 0.0395873 0.0866048
internal_weight=390 362 175 187 147 79 142 105 67 43 55 68 48 40
internal_count=390 362 175 187 147 79 142 105 67 43 55 68 48 40
is_linear=0
shrinkage=0.05


Tree=27
num_leaves=15
num_cat=0
split_feature=10 8 10 13 10 18 10 11 4 10 18 8 13 19
split_gain=170.219 103.261 59.3282 75.1729 64.4053 44.8674 35.0565 54.4226 28.6743 29.2976 28.1455 24.8435 20.3018 18.3965
threshold=38.350000000000001 3.5000000000000004 34.350000000000001 17.000000000000004 35.550000000000004 29.500000000000004 37.45000000000001 483.00000000000006 11.500000000000002 36.750000000000007 25.500000000000004 11.500000000000002 15.500000000000002 8.5000000000000018
decision_type=2 2 2 2 2 2 2 2 2 2 2 2 2 2
left_child=1 5 13 6 11 12 7 10 -9 -10 -4 -5 -1 -3
right_child=-2 2 3 4 -6 -7 -8 8 9 -11 -12 -13 -14 -15
leaf_value=0.058313282676365069 -0.11555713777031218 0.011361515380087353 -0.046102058843654752 0.015794277326627214 -0.12499547795109128 0.014065096450263057 -0.03663873119573844 -0.00024874784052371981 0.10803555354475976 0.027925801099765869 0.020949139356099326 -0.060236571729183203 0.12280217592532819 0.072378726322203879
leaf_weight=23 28 21 34 22 23 29 38 20 25 21 29 21 26 30
leaf_count=23 28 21 34 22 23 29 38 20 25 21 29 21 26 30
internal_value=0.00321552 0.0124024 -0.0015926 -0.0122843 -0.0574605 0.0633583 0.00556969 0.0180032 0.0497327 0.0714637 -0.0152372 -0.0213371 0.0925319 0.047254
internal_weight=390 362 284 233 66 78 167 129 66 46 63 43 49 51
internal_count=390 362 284 233 66 78 167 129 66 46 63 43 49 51
is_linear=0
shrinkage=0.05


Tree=28
num_leaves=15
num_cat=0
split_feature=10 9 3 15 10 15 9 9 11 16 19 19 4 11
split_gain=153.622 112.431 37.6969 33.2407 36.3169 27.8833 23.4296 25.7222 32.5498 22.6394 23.1402 20.0493 30.9426 11.4855
threshold=38.350000000000001 23.550000000000001 8.5000000000000018 57.354166666666679 36.350000000000001 56.812500000000007 74.15000000000002 34.050000000000004 481.00000000000006 12.500000000000002 6.5000000000000009 14.500000000000002 11.500000000000002 475.00000000000006
decision_type=2 2 2 2 2 2 2 2 2 2 2 2 2 2
left_child=1 3 6 4 11 -6 7 -3 -9 10 -8 12 -1 -13
right_child=-2 2 -4 -5 5 -7 9 8 -10 -11 -12 13 -14 -15
leaf_value=0.0026691894118602462 -0.1097792805039457 -0.04652427738266332 0.031116069717840717 0.091196205209081005 0.029100156703498217 -0.041374760240316388 -0.03336130607534539 -0.026010243082419039 0.058188579637895935 -0.0090420078324235011 -0.10508855134248735 0.048748148588294335 0.076829218051650314 0.10044429813112532
leaf_weight=39 28 28 33 26 32 25 22 24 22 23 23 22 22 21
leaf_count=39 28 28 33 26 32 25 22 24 22 23 23 22 22 21
internal_value=0.00305474 0.0117822 -0.0170223 0.0387383 0.0302669 -0.00180989 -0.0282094 -0.00874023 0.0142588 -0.0493963 -0.0700219 0.0478474 0.0294154 0.0739951
internal_weight=390 362 175 187 161 57 142 74 46 68 45 104 61 43
internal_count=390 362 175 187 161 57 142 74 46 68 45 104 61 43
is_linear=0
shrinkage=0.05


Tree=29
num_leaves=16
num_cat=0
split_feature=10 10 4 15 19 1 1 10 13 14 18 18 17 2 16
split_gain=138.644 41.9475 178.432 51.9024 33.7739 32.2389 30.799 31.4237 31.7766 30.4914 44.3856 28.0657 30.12 16.1799 7.00457
threshold=38.350000000000001 35.850000000000001 11.500000000000002 57.267857142857146 13.500000000000002 2.5000000000000004 2.5000000000000004 34.350000000000001 17.000000000000004 68.277884615384622 18.500000000000004 11.500000000000002 4.5000000000000009 5.5000000000000009 6.5000000000000009
decision_type=2 2 2 2 2 2 2 2 2 2 2 2 2 2 2
left_child=1 6 5 4 11 -3 -1 8 14 10 -9 12 -4 -11 -8
right_child=-2 2 3 -5 -6 -7 7 9 -10 13 -12 -13 -14 -15 -16
leaf_value=0.073877375175555551 -0.10429031679606332 -0.04530917916535622 0.036490157136210691 0.093847314607013357 -0.04569436379454353 -0.12934404559433463 0.037440873682498932 -0.024921158850193026 0.09525483349959056 0.0053773118369281302 0.076925423838522133 0.060638632404152307 -0.041373862358539001 -0.0539574760115809 -0.0010222634114325049
leaf_weight=30 28 21 27 22 22 25 29 20 21 20 23 32 23 27 20
leaf_count=30 28 21 27 22 22 25 29 20 21 20 23 32 23 27 20
internal_value=0.00290201 0.0111931 -0.00669568 0.0240749 0.00931534 -0.0909803 0.0273872 0.0186703 0.0437956 -0.0008716 0.0295549 0.024074 0.000672708 -0.0287086 0.0217416
internal_weight=390 362 172 126 104 46 190 160 70 90 43 82 50 47 49
internal_count=390 362 172 126 104 46 190 160 70 90 43 82 50 47 49
is_linear=0
shrinkage=0.05


Tree=30
num_leaves=16
num_cat=0
split_feature=10 14 10 9 6 18 14 3 16 18 15 14 10 10 9
split_gain=205.686 83.3478 98.9285 72.9043 63.3864 48.1993 47.1618 40.7042 28.1291 27.1479 23.7069 14.9644 14.7776 14.7065 8.70782
threshold=37.45000000000001 72.723958333333357 35.150000000000013 7.1500000000000012 6.5000000000000009 26.500000000000004 49.054761904761911 5.5000000000000009 15.500000000000002 35.500000000000007 56.718750000000007 37.355555555555561 35.150000000000013 38.45000000000001 37.650000000000006
decision_type=2 2 2 2 2 2 2 2 2 2 2 2 2 2 2
left_child=1 3 14 9 5 6 11 -8 13 12 -7 -5 -1 -2 -3
right_child=8 2 -4 4 -6 10 7 -9 -10 -11 -12 -13 -14 -15 -16
leaf_value=0.061498456478118906 -0.080439928293228158 0.037745865359902382 -0.10569582821180423 -0.012721391873700277 0.089247277964438709 0.0095059692963129945 0.004433319792151451 -0.083691259885304847 -0.040459661796689035 0.019274689927697181 0.077400495074689393 0.047710534939542415 0.11642652536005092 -0.1371974577683778 -0.0089119988691527402
leaf_weight=25 25 20 30 21 21 36 20 38 25 20 20 20 24 21 20
leaf_count=25 25 20 30 21 21 36 20 38 25 20 20 20 24 21 20
internal_value=-0.00627141 0.0110567 -0.03706 0.0248044 0.00772658 -0.00331816 -0.0242883 -0.0533035 -0.0831498 0.0683651 0.033754 0.0167576 0.088402 -0.106351 0.0144169
internal_weight=386 315 70 245 176 155 99 58 71 69 56 41 49 46 40
internal_count=386 315 70 245 176 155 99 58 71 69 56 41 49 46 40
is_linear=0
shrinkage=0.05


Tree=31
num_leaves=16
num_cat=0
split_feature=9 16 9 6 20 8 17 17 17 15 13 9 6 7 11
split_gain=116.61 87.3652 43.8913 40.3045 33.6512 103.16 31.6188 29.6619 27.8999 27.5949 20.7453 18.0017 14.0317 11.5072 6.77893
threshold=69.250000000000014 18.500000000000004 7.1500000000000012 5.5000000000000009 6.5000000000000009 7.5000000000000009 8.5000000000000018 6.5000000000000009 5.5000000000000009 57.154761904761905 17.000000000000004 4.1500000000000012 4.5000000000000009 57.250000000000007 465.00000000000006
decision_type=2 2 2 2 2 2 2 2 2 2 2 2 2 2 2
left_child=2 10 6 4 7 -6 8 12 11 -5 13 -1 -4 -2 -7
right_child=1 -3 3 9 5 14 -8 -9 -10 -11 -12 -13 -14 -15 -16
leaf_value=0.065047801818166467 -0.041283392999321225 0.023412717093846628 0.053663852877382727 -0.0027972189304621324 -0.10052942256960605 -0.0043783070940879134 -0.0074629430014353532 -0.041658748909831046 0.10059343886872132 0.073090428799390803 -0.12098003161055121 -0.0012339475005865097 -0.0011704530287533997 -0.088464913020531333 0.036295771449804302
leaf_weight=21 28 28 28 23 36 21 26 20 24 25 22 20 20 24 20
leaf_count=21 28 28 28 23 36 21 26 20 24 25 22 20 20 24 20
internal_value=-0.00595784 -0.0518147 0.0105119 -0.00298528 -0.0161316 -0.0387674 0.0391377 0.00950006 0.057778 0.0367276 -0.0802791 0.0327152 0.0308162 -0.0630595 0.0154627
internal_weight=386 102 284 193 145 77 91 68 65 48 74 41 48 52 41
internal_count=386 102 284 193 145 77 91 68 65 48 74 41 48 52 41
is_linear=0
shrinkage=0.05


Tree=32
num_leaves=16
num_cat=0
split_feature=10 9 10 13 15 19 18 17 10 16 17 16 16 18 19
split_gain=178.712 66.1963 44.7554 72.274 47.5366 45.3256 42.5145 38.3986 37.1449 35.2931 27.4397 23.3166 13.6517 11.5865 3.17984
threshold=37.45000000000001 7.1500000000000012 34.650000000000013 17.000000000000004 57.208333333333336 10.500000000000002 10.500000000000002 8.5000000000000018 35.45000000000001 13.500000000000002 5.5000000000000009 4.5000000000000009 11.500000000000002 16.500000000000004 10.500000000000002
decision_type=2 2 2 2 2 2 2 2 2 2 2 2 2 2 2
left_child=1 7 6 4 8 -5 -3 11 -4 -8 13 14 -10 -2 -1
right_child=10 2 3 5 -6 -7 9 -9 12 -11 -12 -13 -14 -15 -16
leaf_value=0.060935877114534381 -0.12852150900732903 -0.023843406140804293 0.043985726609826088 -0.015572052324811618 0.056832142459461471 -0.10921152689926593 0.017252676407604115 -0.0078163730488582089 -0.054921521991491321 0.10690626145473547 -0.037640088092949657 0.11190044186854115 -0.0070906804014857 -0.077152802924747063 0.032740853801369672
leaf_weight=20 21 23 20 24 32 28 23 22 35 21 27 21 26 23 20
leaf_count=20 21 23 20 24 32 28 23 22 35 21 27 21 26 23 20
internal_value=-0.00565995 0.0104921 -0.00321757 -0.0172116 0.00523657 -0.0659933 0.0312454 0.0488131 -0.0151469 0.0600419 -0.0773204 0.0692368 -0.0345346 -0.10167 0.0468384
internal_weight=386 315 232 165 113 52 67 83 81 44 71 61 61 44 40
internal_count=386 315 232 165 113 52 67 83 81 44 71 61 61 44 40
is_linear=0
shrinkage=0.05


Tree=33
num_leaves=16
num_cat=0
split_feature=10 14 10 9 15 10 20 17 11 18 17 1 10 18 10
split_gain=161.288 67.4205 84.0133 55.0561 44.3318 36.0353 38.478 27.905 26.8284 25.0955 21.5596 18.7868 13.2738 4.96475 4.90602
threshold=37.45000000000001 72.723958333333357 35.150000000000013 7.1500000000000012 57.208333333333336 35.45000000000001 6.5000000000000009 5.5000000000000009 479.00000000000006 35.500000000000007 5.5000000000000009 3.5000000000000004 35.150000000000013 18.500000000000004 36.550000000000004
decision_type=2 2 2 2 2 2 2 2 2 2 2 2 2 2 2
left_child=1 3 7 9 5 6 -5 -3 -2 12 -10 14 -1 -6 -7
right_child=8 2 -4 4 13 11 -8 -9 10 -11 -12 -13 -14 -15 -16
leaf_value=0.053953520417213442 -0.11514581495523453 -0.027632313080830501 -0.096558838772277042 0.060134300822392107 0.036046495022518298 -0.029458571828546977 -0.014495500692954431 0.055891584195196631 -0.080818012070197329 0.012988576665520668 -0.011767373378388584 -0.068279607159396016 0.10601176195777953 0.070855063572525981 0.005143504366278649
leaf_weight=25 25 20 30 31 21 21 39 20 26 20 20 24 24 20 20
leaf_count=25 25 20 30 31 21 21 39 20 26 20 20 24 24 20 20
internal_value=-0.00537695 0.00996749 -0.0333083 0.022332 0.00749117 -0.00633801 0.0185548 0.0141296 -0.0734544 0.0601868 -0.050796 -0.0331457 0.0794514 0.0530263 -0.0125795
internal_weight=386 315 70 245 176 135 70 40 71 69 46 65 49 41 41
internal_count=386 315 70 245 176 135 70 40 71 69 46 65 49 41 41
is_linear=0
shrinkage=0.05


Tree=34
num_leaves=15
num_cat=0
split_feature=10 9 6 10 13 17 6 19 17 16 10 18 9 19
split_gain=145.562 53.6498 37.9966 36.4488 42.0706 34.6028 27.9862 24.2134 22.5256 20.2513 18.8989 10.3626 6.90147 2.5886
threshold=37.45000000000001 7.1500000000000012 5.5000000000000009 34.650000000000013 17.000000000000004 8.5000000000000018 4.5000000000000009 10.500000000000002 5.5000000000000009 4.5000000000000009 35.45000000000001 16.500000000000004 30.700000000000006 10.500000000000002
decision_type=2 2 2 2 2 2 2 2 2 2 2 2 2 2
left_child=1 5 3 12 6 9 -5 -6 11 13 -4 -2 -3 -1
right_child=8 2 10 4 7 -7 -8 -9 -10 -11 -12 -13 -14 -15
leaf_value=0.055201237201690678 -0.11723720431327821 0.044229336827993397 0.053629451585667481 0.024941939539793467 -0.028006171773780477 -0.0097897744547067733 -0.037847385390528614 -0.099278485916819106 -0.033829622967513621 0.10311640359106518 0.0023764194266216176 -0.068657256630451788 0.0031892625009641053 0.029762070104479788
leaf_weight=20 21 21 35 36 22 22 35 26 27 21 37 23 20 20
leaf_count=20 21 21 35 36 22 22 35 26 27 21 37 23 20 20
internal_value=-0.0051081 0.00946911 -0.00287313 -0.016447 -0.0304548 0.0439679 -0.00601054 -0.066612 -0.0697817 0.0633559 0.0272911 -0.0918431 0.0242098 0.0424817
internal_weight=386 315 232 160 119 83 71 48 71 61 72 44 41 40
internal_count=386 315 232 160 119 83 71 48 71 61 72 44 41 40
is_linear=0
shrinkage=0.05


Tree=35
num_leaves=13
num_cat=0
split_feature=10 11 9 13 10 5 9 18 10 13 6 13
split_gain=112.165 77.3852 80.841 43.8476 42.6179 36.5895 28.04 35.8361 26.6467 36.5402 78.2155 3.60274
threshold=38.350000000000001 457.00000000000006 46.100000000000001 17.000000000000004 35.850000000000001 1.0000000180025095e-35 4.5500000000000007 41.500000000000007 34.350000000000001 17.000000000000004 4.5000000000000009 14.500000000000002
decision_type=2 2 2 2 2 2 2 2 2 2 2 2
left_child=1 4 6 5 -1 -4 11 8 -8 10 -10 -3
right_child=-2 2 3 -5 -6 -7 7 -9 9 -11 -12 -13
leaf_value=-0.0028646314460219757 -0.090951366710942241 0.057227271944284445 0.028773219916874017 -0.08740193326491863 -0.08384706665528939 -0.044002131225481154 0.072656625083514628 -0.033837294307622043 0.085645877864471698 -0.031997793664534889 -0.0091774820688773281 0.087238685265183455
leaf_weight=33 32 20 39 20 32 31 35 22 43 24 44 20
leaf_count=33 32 20 39 20 32 31 35 22 43 24 44 20
internal_value=-0.001213 0.00669782 0.0174797 -0.0221105 -0.0427329 -0.00345586 0.0346101 0.0256522 0.0346164 0.0226218 0.0376892 0.072233
internal_weight=395 363 298 90 65 70 208 168 146 111 87 40
internal_count=395 363 298 90 65 70 208 168 146 111 87 40
is_linear=0
shrinkage=0.05


Tree=36
num_leaves=14
num_cat=0
split_feature=10 11 9 13 10 5 16 20 17 10 2 13 18
split_gain=101.229 69.8401 72.959 39.5725 38.4627 33.0221 29.6678 34.731 33.4292 28.5602 26.7246 15.7201 14.8516
threshold=38.350000000000001 457.00000000000006 46.100000000000001 17.000000000000004 35.850000000000001 1.0000000180025095e-35 21.500000000000004 4.5000000000000009 4.5000000000000009 36.45000000000001 5.5000000000000009 15.500000000000002 19.500000000000004
decision_type=2 2 2 2 2 2 2 2 2 2 2 2 2
left_child=1 4 6 5 -1 -4 8 -8 10 11 12 -10 -3
right_child=-2 2 3 -5 -6 -7 7 -9 9 -11 -12 -13 -14
leaf_value=-0.0027213993171850844 -0.086403798023820866 -0.012346317086900984 0.027334558734527004 -0.08303183624520899 -0.079654713778290906 -0.041802024757564671 0.10197746031757059 0.019702579858510393 -0.0084379270851898652 -0.046886738250032069 0.075690881021924922 0.046544811817315908 0.046439055184071716
leaf_weight=33 32 21 39 20 32 31 29 23 26 24 37 26 22
leaf_count=33 32 21 39 20 32 31 29 23 26 24 37 26 22
internal_value=-0.00115235 0.00636293 0.0166057 -0.021005 -0.0405963 -0.00328307 0.0328796 0.0655866 0.0219772 -0.00176977 0.0445369 0.0190534 0.0177299
internal_weight=395 363 298 90 65 70 208 52 156 76 80 52 43
internal_count=395 363 298 90 65 70 208 52 156 76 80 52 43
is_linear=0
shrinkage=0.05


Tree=37
num_leaves=14
num_cat=0
split_feature=10 11 8 10 14 5 15 6 6 5 15 10 11
split_gain=91.359 63.0307 43.3359 34.7126 28.6843 32.9171 25.0081 21.0626 37.9682 23.1263 22.7774 18.4525 14.2965
threshold=38.350000000000001 457.00000000000006 8.5000000000000018 35.850000000000001 72.723958333333357 1.0000000180025095e-35 55.45913461538462 4.5000000000000009 3.5000000000000004 1.0000000180025095e-35 56.718750000000007 36.350000000000001 497.00000000000006
decision_type=2 2 2 2 2 2 2 2 2 2 2 2 2
left_child=1 3 6 -1 5 -4 -3 8 -8 12 -10 -7 -9
right_child=-2 2 4 -5 -6 11 7 9 10 -11 -12 -13 -14
leaf_value=-0.0025853294992085659 -0.082083608367247513 -0.015954885005950929 0.041782853158341876 -0.075671977575984789 -0.048804772723815407 0.010980948388931298 0.0011704632250422781 0.060422190628014509 0.11545965174833935 -0.018703282423890556 0.050578710848405477 -0.054544668263671076 0.010506572832281773
leaf_weight=33 32 25 37 32 32 21 22 32 24 26 31 22 26
leaf_count=33 32 25 37 32 32 21 22 32 24 26 31 22 26
internal_value=-0.00109473 0.00604478 0.0157754 -0.0385664 -0.00879616 0.00720728 0.0305712 0.0377958 0.0566847 0.0204809 0.0788904 -0.0225438 0.0380462
internal_weight=395 363 298 65 112 80 186 161 77 84 55 43 58
internal_count=395 363 298 65 112 80 186 161 77 84 55 43 58
is_linear=0
shrinkage=0.05


Tree=38
num_leaves=15
num_cat=0
split_feature=10 9 11 9 13 4 10 13 6 15 15 11 15 2
split_gain=82.4515 61.4331 50.4974 39.7132 33.7214 32.3857 31.048 49.0203 83.0313 26.9648 24.6303 26.7273 23.0504 9.96061
threshold=38.350000000000001 4.5500000000000007 457.00000000000006 46.100000000000001 17.000000000000004 11.500000000000002 34.350000000000001 17.000000000000004 4.5000000000000009 56.812500000000007 57.105555555555569 489.00000000000006 57.033333333333339 5.5000000000000009
decision_type=2 2 2 2 2 2 2 2 2 2 2 2 2 2
left_child=1 13 5 6 10 -3 -4 8 9 -8 11 -5 -10 -1
right_child=-2 2 3 4 -6 -7 7 -9 12 -11 -12 -13 -14 -15
leaf_value=0.039266973733901978 -0.077979428344406188 -0.010668097762390971 0.060737311644240836 -0.067496149969242872 -0.076772890416905284 -0.08579556393222168 0.11417968757450581 -0.04274449436502023 -0.056985188014805323 0.035570352515205739 0.032109887615360065 0.013267322862520815 0.011440726043656469 0.085821843892335894
leaf_weight=27 32 32 39 21 20 26 24 33 20 20 29 20 32 20
leaf_count=27 32 32 39 21 20 26 24 33 20 20 29 20 32 20
internal_value=-0.00104 0.00574254 -0.0021902 0.00728667 -0.0195149 -0.0443459 0.0216447 0.00982597 0.0278971 0.0784482 -0.00315551 -0.0280993 -0.0148769 0.0590776
internal_weight=395 363 316 258 90 58 168 129 96 44 70 41 52 47
internal_count=395 363 316 258 90 58 168 129 96 44 70 41 52 47
is_linear=0
shrinkage=0.05


Tree=39
num_leaves=15
num_cat=0
split_feature=9 11 9 13 18 4 15 11 8 15 8 20 17 2
split_gain=69.6026 44.4362 45.9657 35.4016 23.697 22.9835 21.616 20.4259 16.6743 25.3731 22.9238 16.1842 13.3023 8.98945
threshold=4.5500000000000007 457.00000000000006 46.100000000000001 17.000000000000004 41.500000000000007 11.500000000000002 57.105555555555569 489.00000000000006 7.5000000000000009 56.718750000000007 6.5000000000000009 8.5000000000000018 5.5000000000000009 5.5000000000000009
decision_type=2 2 2 2 2 2 2 2 2 2 2 2 2 2
left_child=13 5 4 6 8 -2 7 -4 10 -10 11 12 -3 -1
right_child=1 2 3 -5 -6 -7 -8 -9 9 -11 -12 -13 -14 -15
leaf_value=0.037303625640493852 -0.019448989322956869 0.013816589483370384 -0.060712513590364586 -0.08259109107946809 -0.033213167163458741 -0.080621405497991627 0.020284734643769987 0.00083227533703813183 0.089898859187960631 0.012085398300669939 -0.033559885316274386 -0.0075163328120934556 0.060160624142736201 0.081530752014368768
leaf_weight=27 34 30 28 22 22 28 33 26 20 22 22 29 32 20
leaf_count=27 34 30 28 22 22 28 33 26 20 22 22 29 32 20
internal_value=-0.000987996 -0.00870135 -0.000382539 -0.0259259 0.0153475 -0.0470752 -0.0115967 -0.0310798 0.02224 0.0491394 0.012242 0.023315 0.0377361 0.0561237
internal_weight=395 348 286 109 177 62 87 54 155 42 113 91 62 47
internal_count=395 348 286 109 177 62 87 54 155 42 113 91 62 47
is_linear=0
shrinkage=0.05


Tree=40
num_leaves=16
num_cat=0
split_feature=10 9 16 13 17 10 18 10 15 6 10 19 8 2 9
split_gain=66.7512 40.5451 42.4999 53.5277 74.5008 63.3005 46.5707 56.3687 33.8903 32.1678 20.5656 19.2785 10.0654 16.7308 0.640885
threshold=37.650000000000013 3.3500000000000001 16.500000000000004 17.000000000000004 5.5000000000000009 34.650000000000013 10.500000000000002 35.050000000000004 56.812500000000007 4.5000000000000009 35.850000000000001 10.500000000000002 10.500000000000002 5.5000000000000009 119.7
decision_type=2 2 2 2 2 2 2 2 2 2 2 2 2 2 2
left_child=1 -1 3 4 8 -5 -4 -8 9 -3 -7 14 13 -10 -2
right_child=11 2 6 5 -6 10 7 -9 12 -11 -12 -13 -14 -15 -16
leaf_value=0.064206607281588599 -0.025909303650259976 0.039951956719160082 -0.021190697744940271 0.02431764394044876 -0.071641349047422406 -0.053422008937707655 0.10855139448092535 0.012484932283090579 0.0052866067205156603 -0.040409248728643765 -0.12031687267124654 -0.091398789059548152 0.072893725484609609 0.063553689320741055 -0.038567157667130231
leaf_weight=26 20 20 33 20 27 27 26 37 28 33 20 21 20 22 20
leaf_count=26 20 20 33 20 27 27 26 37 28 33 20 21 20 22 20
internal_value=-0.00445407 0.00421026 -0.000773466 -0.013028 0.00356865 -0.0501848 0.0269269 0.0521314 0.0200782 -0.0100843 -0.0818879 -0.052605 0.0429154 0.0309241 -0.0322382
internal_weight=400 339 313 217 150 67 96 63 123 53 47 61 70 50 40
internal_count=400 339 313 217 150 67 96 63 123 53 47 61 70 50 40
is_linear=0
shrinkage=0.05


Tree=41
num_leaves=16
num_cat=0
split_feature=10 8 16 13 10 15 19 9 9 5 19 18 18 8 9
split_gain=60.243 38.0158 46.4523 63.0245 58.6117 36.7711 33.0928 25.8272 22.3586 20.1415 17.3989 15.8342 33.7869 14.7487 0.578399
threshold=37.650000000000013 6.5000000000000009 18.500000000000004 17.000000000000004 35.150000000000013 55.953125000000007 10.500000000000002 7.1500000000000012 10.350000000000003 1.0000000180025095e-35 10.500000000000002 17.500000000000004 37.500000000000007 10.500000000000002 119.7
decision_type=2 2 2 2 2 2 2 2 2 2 2 2 2 2 2
left_child=1 5 3 6 -4 7 13 -1 11 -5 14 -7 -13 -3 -2
right_child=10 2 4 9 -6 8 -8 -9 -10 -11 -12 12 -14 -15 -16
leaf_value=0.023734902366995811 -0.024613837823271752 -0.00267122747110469 0.093913204542228165 -0.10260561074201878 -0.018395832245453044 -0.0031372374103915308 -0.037920094113551871 -0.054771821717308322 0.079159793470054862 -0.035864542769268155 -0.086828850387107762 0.072345776056103858 -0.0083175872762997951 0.049121350515633821 -0.036638798750936986
leaf_weight=20 20 28 21 26 26 31 38 22 25 20 21 34 21 27 20
leaf_count=20 20 28 21 26 26 31 38 22 25 20 21 34 21 27 20
internal_value=-0.00423136 0.00399974 -0.0111862 -0.025716 0.0317848 0.0224611 -0.00203744 -0.0173877 0.037539 -0.0735878 -0.0499747 0.0254399 0.041547 0.0227542 -0.0306263
internal_weight=400 339 186 139 47 153 93 42 111 46 61 86 55 55 40
internal_count=400 339 186 139 47 153 93 42 111 46 61 86 55 55 40
is_linear=0
shrinkage=0.05


Tree=42
num_leaves=16
num_cat=0
split_feature=10 9 16 17 10 14 2 15 9 9 20 17 14 14 11
split_gain=54.3693 35.446 35.5256 45.8606 35.233 34.1139 23.2514 21.2864 29.5256 19.4568 21.066 40.6224 16.5164 13.6669 10.593
threshold=37.650000000000013 3.3500000000000001 16.500000000000004 4.5000000000000009 35.250000000000007 49.054761904761911 5.5000000000000009 56.812500000000007 69.250000000000014 9.9500000000000011 8.5000000000000018 5.5000000000000009 66.762500000000017 66.762500000000017 477.00000000000006
decision_type=2 2 2 2 2 2 2 2 2 2 2 2 2 2 2
left_child=1 -1 3 5 14 -3 -6 12 -9 -5 11 -11 -7 -2 -4
right_child=13 2 4 9 6 7 -8 8 -10 10 -12 -13 -14 -15 -16
leaf_value=0.059896694123744966 -0.070006108353845783 0.05075544707531876 0.034055185243487357 -0.0031095830615543362 0.037171453684568409 -0.063846179411153905 -0.032427746212730806 0.051996586479246626 -0.02842431437401545 0.018155863490842639 -0.087947330214620506 -0.081412156596779833 -0.0010655497014522553 -0.02261517912406346 0.082225411110335878
leaf_weight=26 32 34 25 28 20 22 30 25 21 21 26 20 20 29 21
leaf_count=26 32 34 25 28 20 22 30 25 21 21 26 20 20 29 21
internal_value=-0.0040198 0.00379976 -0.000860053 -0.0120641 0.0244657 0.00821936 -0.00458807 -0.00821503 0.0152827 -0.0381123 -0.0527403 -0.0304139 -0.0339506 -0.047476 0.0560459
internal_weight=400 339 313 217 96 122 50 88 46 95 67 41 42 61 46
internal_count=400 339 313 217 96 122 50 88 46 95 67 41 42 61 46
is_linear=0
shrinkage=0.05


Tree=43
num_leaves=15
num_cat=0
split_feature=10 8 15 10 16 16 18 10 13 11 19 11 16 9
split_gain=49.0683 32.2155 39.9163 28.3547 27.7705 32.3439 25.1975 37.7366 24.2923 15.7698 15.402 13.5565 19.1985 0.566214
threshold=37.650000000000013 8.5000000000000018 55.45913461538462 36.95000000000001 18.500000000000004 1.0000000180025095e-35 18.500000000000004 34.150000000000013 17.000000000000004 483.00000000000006 10.500000000000002 469.00000000000006 2.5000000000000004 119.7
decision_type=2 2 2 2 2 2 2 2 2 2 2 2 2 2
left_child=1 2 -1 6 5 8 7 -4 9 -3 13 -8 -13 -2
right_child=10 4 3 -5 -6 -7 11 -9 -10 -11 -12 12 -14 -15
leaf_value=-0.03368650508875197 -0.020949136316776279 -0.024421876021660866 0.04535615518689156 0.069645993339438592 0.022388007889526922 -0.073970043712428643 3.1176422323499408e-05 -0.04073994620570115 -0.050058783517362405 0.033290191958176681 -0.0797769499144384 0.015759798815404926 0.073009418637957429 -0.032846758188679819
leaf_weight=33 20 20 20 31 37 28 21 35 26 29 21 27 32 20
leaf_count=33 20 20 20 31 37 28 21 35 26 29 21 27 32 20
internal_value=-0.00381881 0.00360977 0.016538 0.0265224 -0.0147668 -0.0281137 0.01662 -0.00943227 -0.010994 0.00973425 -0.0451022 0.0345309 0.0468104 -0.0268979
internal_weight=400 339 199 166 140 103 135 55 75 49 61 80 59 40
internal_count=400 339 199 166 140 103 135 55 75 49 61 80 59 40
is_linear=0
shrinkage=0.05


Tree=44
num_leaves=16
num_cat=0
split_feature=10 9 16 17 19 16 15 4 19 10 19 9 15 19 9
split_gain=44.2841 30.3906 30.5012 40.0235 33.1907 39.8167 21.496 44.4011 20.1246 18.0761 16.9243 50.2058 14.3705 13.9003 0.511008
threshold=37.650000000000013 3.3500000000000001 16.500000000000004 4.5000000000000009 5.5000000000000009 34.500000000000007 56.812500000000007 11.500000000000002 13.500000000000002 35.550000000000004 5.5000000000000009 24.400000000000002 56.937500000000007 10.500000000000002 119.7
decision_type=2 2 2 2 2 2 2 2 2 2 2 2 2 2 2
left_child=1 -1 3 6 -4 8 9 -8 -6 -3 -5 12 -12 14 -2
right_child=13 2 4 10 5 -7 7 -9 -10 -11 11 -13 -14 -15 -16
leaf_value=0.055372111828854459 -0.019901679307222368 0.017125245526432992 -0.026964068818837408 0.0017381193845168405 0.10213844523481702 -0.0063745049693222566 -0.010923626060996738 0.071971466690301897 0.033559734672307967 -0.039618107560090723 -0.040111825898999261 -0.095545615135662024 0.019108843095600608 -0.075788103602826604 -0.03120442098937929
leaf_weight=26 20 25 25 23 23 28 35 30 20 32 21 31 20 21 20
leaf_count=26 20 25 25 23 23 28 35 30 20 32 21 31 20 21 20
internal_value=-0.00362787 0.00342928 -0.00088546 -0.011267 0.0225812 0.0400267 0.00768171 0.0273356 0.0702414 -0.0147307 -0.0356011 -0.047529 -0.0112237 -0.0428471 -0.0255531
internal_weight=400 339 313 217 96 71 122 65 43 57 95 72 41 61 40
internal_count=400 339 313 217 96 71 122 65 43 57 95 72 41 61 40
is_linear=0
shrinkage=0.05


Tree=45
num_leaves=16
num_cat=0
split_feature=8 11 16 10 19 18 2 9 13 1 8 16 18 10 10
split_gain=74.0581 31.7852 36.7067 29.7367 29.7357 29.6297 29.5029 21.7115 20.248 19.2975 22.1502 16.18 15.9458 19.6534 7.99685
threshold=14.500000000000002 481.00000000000006 15.500000000000002 35.850000000000001 12.500000000000002 12.500000000000002 5.5000000000000009 34.050000000000004 15.500000000000002 2.5000000000000004 8.5000000000000018 9.5000000000000018 19.500000000000004 35.150000000000013 36.850000000000001
decision_type=2 2 2 2 2 2 2 2 2 2 2 2 2 2 2
left_child=1 3 9 5 11 -1 -4 8 -7 -3 12 -5 -11 -14 -2
right_child=14 2 6 4 -6 7 -8 -9 -10 10 -12 -13 13 -15 -16
leaf_value=-0.02999755526808175 -0.044807650037109854 0.045070390730203753 0.09484199108555913 0.0060145338040751388 -0.081066111054109491 0.015965917706489564 0.021001004589901819 -0.014228377267718315 0.085477836560457945 -0.015464318124577403 -0.037872516057070565 -0.048934846584286013 -0.0021513069669405623 0.067104522436857231 -0.089520215727388872
leaf_weight=33 20 24 24 37 23 22 31 20 20 32 34 21 21 20 20
leaf_count=33 20 24 24 37 23 22 31 20 20 32 34 21 21 20 20
internal_value=-0.00260332 0.00453045 0.0189426 -0.0107005 -0.0329582 0.00827705 0.0532225 0.028649 0.0490668 0.00455022 -0.00453842 -0.0138809 0.0109871 0.031632 -0.0671639
internal_weight=402 362 186 176 81 95 55 62 42 131 107 58 73 41 40
internal_count=402 362 186 176 81 95 55 62 42 131 107 58 73 41 40
is_linear=0
shrinkage=0.05


Tree=46
num_leaves=16
num_cat=0
split_feature=9 11 1 16 16 3 10 18 14 19 15 15 10 9 19
split_gain=64.067 25.0933 27.6942 24.6481 35.8712 23.8884 22.4504 33.7381 30.2062 19.9359 29.8882 17.3329 14.2131 15.5049 11.5035
threshold=87.200000000000003 475.00000000000006 2.5000000000000004 15.500000000000002 6.5000000000000009 6.5000000000000009 35.95000000000001 12.500000000000002 65.475000000000009 14.500000000000002 57.309523809523817 56.571428571428577 35.850000000000001 150.20000000000002 12.500000000000002
decision_type=2 2 2 2 2 2 2 2 2 2 2 2 2 2 2
left_child=1 6 14 4 5 -4 7 -1 -8 10 -7 -9 -2 -14 -3
right_child=12 2 3 -5 -6 9 8 11 -10 -11 -12 -13 13 -15 -16
leaf_value=-0.037850910522367644 -0.014602553011435601 0.080143029039556335 -0.035485114015284036 0.045081958479972352 -0.06313527375459671 -0.026476970701305953 -0.05892326897513625 0.068109914372590452 0.017344200983643532 0.067441708184778695 0.054167030416429042 0.0037961798906326299 -0.087577567245303245 -0.033707538712769748 0.029011479561979123
leaf_weight=23 36 22 21 36 20 27 37 22 20 20 20 20 22 34 22
leaf_count=23 36 22 21 36 20 27 37 22 20 20 20 20 22 34 22
internal_value=-0.00247315 0.0084008 0.0198604 0.00925246 -0.00269071 0.0110467 -0.00925825 0.0108272 -0.0321628 0.0256313 0.00783963 0.0374843 -0.0391136 -0.0548708 0.0545773
internal_weight=402 310 188 144 108 88 122 65 57 67 47 42 92 56 44
internal_count=402 310 188 144 108 88 122 65 57 67 47 42 92 56 44
is_linear=0
shrinkage=0.05


Tree=47
num_leaves=16
num_cat=0
split_feature=9 11 1 10 9 2 3 10 4 15 19 13 7 10 17
split_gain=57.8205 22.9693 38.1874 29.3173 26.7462 30.2433 26.9527 22.8072 21.4519 20.3772 21.9063 19.1894 13.9936 23.5343 9.8904
threshold=87.200000000000003 491.00000000000006 2.5000000000000004 34.650000000000013 10.350000000000003 5.5000000000000009 7.5000000000000009 36.850000000000001 11.500000000000002 56.937500000000007 9.5000000000000018 17.000000000000004 57.250000000000007 35.850000000000001 5.5000000000000009
decision_type=2 2 2 2 2 2 2 2 2 2 2 2 2 2 2
left_child=1 3 -3 11 7 8 -7 -5 -6 -4 -11 14 13 -2 -1
right_child=12 2 9 4 5 6 -8 -9 -10 10 -12 -13 -14 -15 -16
leaf_value=0.030480271329482396 0.014134841814637185 0.078301157122822831 -0.034228422939777375 0.0452825239194291 -0.033438972028141674 -0.087522700480346036 -0.01413122407287698 -0.023648660434853464 0.037211686372756958 0.062117774881746461 -0.0010635722264209213 0.0643998253413222 -0.063859855127520862 -0.049382503544911749 -0.018649439492146487
leaf_weight=21 25 27 20 28 22 29 22 21 21 23 34 22 32 35 20
leaf_count=21 25 27 20 28 22 29 22 21 21 23 34 22 32 35 20
internal_value=-0.0023495 0.00798076 0.0271357 -0.00168969 -0.0142096 -0.0298219 -0.0558636 0.0157406 0.00106484 0.00919453 0.0244307 0.0267285 -0.037158 -0.0229169 0.00651456
internal_weight=402 310 104 206 143 94 51 49 43 77 57 63 92 60 41
internal_count=402 310 104 206 143 94 51 49 43 77 57 63 92 60 41
is_linear=0
shrinkage=0.05


Tree=48
num_leaves=17
num_cat=0
split_feature=8 11 1 19 9 16 16 17 9 19 15 19 3 3 9 9
split_gain=59.717 24.8691 33.9263 20.3624 17.4127 16.2095 34.11 23.8613 14.9359 14.2993 12.6834 12.6781 8.99414 6.72626 4.3232 1.56243
threshold=14.500000000000002 491.00000000000006 2.5000000000000004 4.5000000000000009 4.5500000000000007 23.500000000000004 36.500000000000007 4.5000000000000009 30.050000000000001 9.5000000000000018 56.718750000000007 9.5000000000000018 7.5000000000000009 6.5000000000000009 202.35000000000002 23.550000000000001
decision_type=2 2 2 2 2 2 2 2 2 2 2 2 2 2 2 2
left_child=1 4 -3 -4 -1 7 -7 10 11 -5 15 -9 -11 -12 -2 -6
right_child=14 2 3 9 5 6 -8 8 -10 12 13 -13 -14 -15 -16 -17
leaf_value=0.033670175376419836 -0.043767863549292088 0.065113084231886803 -0.036705959366545797 0.053853831688563031 0.030798302255570887 0.058634486898275412 -0.019219283474718823 -0.05103938607942491 -0.06798575365984881 -0.01988699503597759 -0.039406892172992231 0.00035389168853206297 0.025860054346478801 0.00024026486536730891 -0.076643376629799614 0.011034527122974397
leaf_weight=26 20 34 21 21 20 24 34 21 27 21 20 28 22 23 20 20
leaf_count=26 20 34 21 21 20 24 34 21 27 21 20 28 22 23 20 20
internal_value=-0.00223202 0.0041739 0.0229012 0.00601647 -0.00499709 -0.00963003 0.0129961 -0.0178836 -0.0381254 0.0200348 0.000651143 -0.0216718 0.00351847 -0.0182003 -0.0602056 0.0209164
internal_weight=402 362 119 85 243 217 58 159 76 64 83 49 43 43 40 40
internal_count=402 362 119 85 243 217 58 159 76 64 83 49 43 43 40 40
is_linear=0
shrinkage=0.05


Tree=49
num_leaves=16
num_cat=0
split_feature=8 11 16 14 2 14 15 4 17 10 19 8 10 14 10
split_gain=53.8946 22.5546 28.944 26.5219 26.081 22.7039 21.0309 35.4565 18.9517 22.3952 21.6004 14.3526 13.2439 8.7026 6.29141
threshold=14.500000000000002 481.00000000000006 15.500000000000002 48.229761904761915 5.5000000000000009 37.355555555555561 57.033333333333339 11.500000000000002 4.5000000000000009 35.150000000000013 10.500000000000002 5.5000000000000009 35.45000000000001 62.08348214285715 36.850000000000001
decision_type=2 2 2 2 2 2 2 2 2 2 2 2 2 2 2
left_child=1 3 6 5 -4 -1 11 12 10 -10 -5 -3 -8 -11 -2
right_child=14 2 4 8 -6 -7 7 -9 9 13 -12 -13 -14 -15 -16
leaf_value=-0.0096282091278296258 -0.037365731112658979 0.0073875155977227479 0.085677212292406102 0.039792319387197496 0.016250443614778981 0.058569190667375273 0.015294620118759298 0.058875716376033699 -0.0030032457976505674 -0.079916619261105867 -0.024988579125173632 -0.047017728092355861 -0.036966990256174045 -0.035842303701099899 -0.077024947667960086
leaf_weight=26 20 22 24 22 31 23 27 33 29 24 31 27 22 21 20
leaf_count=26 20 22 24 22 31 23 27 33 29 24 31 27 22 21 20
internal_value=-0.00212042 0.00396521 0.0161056 -0.00886499 0.0465458 0.0223828 0.00332539 0.0188119 -0.0209212 -0.0372673 0.00190161 -0.0225909 -0.00816978 -0.0593486 -0.0571953
internal_weight=402 362 186 176 55 49 131 82 127 74 53 49 49 45 40
internal_count=402 362 186 176 55 49 131 82 127 74 53 49 49 45 40
is_linear=0
shrinkage=0.05


Tree=50
num_leaves=14
num_cat=0
split_feature=10 14 6 7 14 17 8 14 14 10 3 11 7
split_gain=65.7858 43.9678 35.9931 33.1857 27.4533 25.7833 22.0801 23.4331 20.8904 20.766 15.4149 13.8848 32.2738
threshold=37.45000000000001 62.320982142857154 5.5000000000000009 56.500000000000007 49.925000000000004 4.5000000000000009 9.5000000000000018 73.818333333333342 68.537259615384627 35.350000000000001 6.5000000000000009 481.00000000000006 57.250000000000007
decision_type=2 2 2 2 2 2 2 2 2 2 2 2 2
left_child=2 -2 4 -3 5 -1 7 10 -8 -7 -6 -4 -13
right_child=1 3 11 -5 6 9 8 -9 -10 -11 -12 12 -14
leaf_value=0.054442292725933455 -0.09739471542835236 0.031518789327570372 0.012135162881829522 -0.052287141813172233 -0.0049879111349582679 0.027626895195303054 -0.074344218918122359 -0.04284278724504554 -0.01175874042014281 -0.039222680151994739 0.043147388315791714 0.097445646641047101 0.016845821796192064
leaf_weight=35 25 21 33 27 39 26 24 23 30 21 29 23 27
leaf_count=35 25 21 33 27 39 26 24 23 30 21 29 23 27
internal_value=-0.000923596 -0.0436264 0.00913222 -0.015622 -0.00116986 0.0219525 -0.0142459 0.000784194 -0.0395745 -0.00224206 0.0155404 0.0373078 0.0539217
internal_weight=383 73 310 48 227 82 145 91 54 47 68 83 50
internal_count=383 73 310 48 227 82 145 91 54 47 68 83 50
is_linear=0
shrinkage=0.05


Tree=51
num_leaves=16
num_cat=0
split_feature=10 6 18 16 19 18 8 10 18 16 15 4 11 10 19
split_gain=59.3717 32.4838 23.5257 21.2554 26.0214 21.1274 17.8322 26.458 27.2469 20.861 19.2029 15.9547 12.6159 11.5654 7.44279
threshold=37.45000000000001 5.5000000000000009 30.500000000000004 15.500000000000002 8.5000000000000018 2.5000000000000004 6.5000000000000009 34.650000000000013 14.500000000000002 26.500000000000004 56.718750000000007 11.500000000000002 483.00000000000006 36.150000000000013 14.500000000000002
decision_type=2 2 2 2 2 2 2 2 2 2 2 2 2 2 2
left_child=1 6 5 4 -2 -3 9 -8 13 11 -10 14 -13 -9 -1
right_child=3 2 -4 -5 -6 -7 7 8 10 -11 -12 12 -14 -15 -16
leaf_value=-0.016902438777944315 -0.025605418398976329 0.022060820169746878 6.0604761044184369e-05 -0.0040603503286838535 -0.099297634917108912 0.085299335420131683 0.028710903841312287 -0.075102003718967802 0.037146734073758125 -0.031484118600686388 -0.030547578836029227 0.01974472484510878 0.073346916905471266 -0.025627701161872775 0.023776426310227677
leaf_weight=23 25 25 30 25 23 28 27 27 20 21 22 23 21 21 22
leaf_count=23 25 25 30 25 23 28 27 27 20 21 22 23 21 21 22
internal_value=-0.000877417 0.00867561 0.0354424 -0.0414451 -0.0609163 0.0554698 -0.00111137 -0.0146996 -0.0277228 0.0133416 0.00168781 0.0239184 0.0453276 -0.053457 0.00298501
internal_weight=383 310 83 73 48 53 227 117 90 110 42 89 44 48 45
internal_count=383 310 83 73 48 53 227 117 90 110 42 89 44 48 45
is_linear=0
shrinkage=0.05


Tree=52
num_leaves=16
num_cat=0
split_feature=9 9 6 11 14 17 11 11 11 9 1 14 14 5 20
split_gain=26.7143 22.0346 25.7326 27.4039 18.552 18.5382 18.1049 17.5068 16.3019 11.8462 15.6529 10.1622 22.1819 3.86575 1.70729
threshold=202.35000000000002 3.3500000000000001 5.5000000000000009 465.00000000000006 58.324523809523818 6.5000000000000009 475.00000000000006 491.00000000000006 499.00000000000006 36.350000000000001 3.5000000000000004 60.178095238095246 49.054761904761911 1.0000000180025095e-35 8.5000000000000018
decision_type=2 2 2 2 2 2 2 2 2 2 2 2 2 2 2
left_child=1 -1 3 11 5 13 -4 14 -9 -8 -11 12 -3 -5 -6
right_child=-2 2 6 4 7 -7 9 8 -10 10 -12 -13 -14 -15 -16
leaf_value=0.050525322491708019 -0.043838629815163038 0.041575197800993918 -0.019161358653079899 0.032662066004493021 -0.070498703261837367 -0.038326701809736817 0.057002053499942834 0.019241164177656173 -0.038302979327272627 -0.015895770788192747 0.04458577917969745 0.040629826486110687 -0.028464900243740817 0.0033451724554533547 -0.049839045666158203
leaf_weight=23 33 20 21 22 20 22 31 20 32 20 23 27 26 23 20
leaf_count=23 33 20 21 22 20 22 31 20 32 20 23 27 26 23 20
internal_value=-0.000833545 0.00322122 -0.00010598 -0.00908141 -0.0207252 -0.000711687 0.021813 -0.0353003 -0.0161706 0.0334408 0.0164548 0.0162798 0.00198732 0.0176779 -0.0601689
internal_weight=383 350 327 232 159 67 95 92 52 74 43 73 46 45 40
internal_count=383 350 327 232 159 67 95 92 52 74 43 73 46 45 40
is_linear=0
shrinkage=0.05


Tree=53
num_leaves=14
num_cat=0
split_feature=10 14 14 10 7 14 15 18 15 16 17 18 15
split_gain=52.2845 40.4466 31.878 68.2591 29.4879 27.97 32.0962 35.1476 26.3315 21.1392 29.4008 16.8682 3.44293
threshold=37.45000000000001 62.320982142857154 72.723958333333357 35.550000000000004 56.500000000000007 66.762500000000017 57.105555555555569 3.5000000000000004 57.409722222222229 13.500000000000002 4.5000000000000009 29.500000000000004 55.953125000000007
decision_type=2 2 2 2 2 2 2 2 2 2 2 2 2
left_child=2 -2 5 8 -3 6 7 12 -4 10 -9 -8 -1
right_child=1 4 3 -5 -6 -7 11 9 -10 -11 -12 -13 -14
leaf_value=-0.056254548765718941 -0.090431698799133306 0.032435140049173715 0.0398038967512548 -0.091892636794111013 -0.046563728402058288 0.058529800410781589 0.062590632856424369 0.024705723153822353 -0.032250566035509111 0.043569350190874601 -0.048935746138348529 0.011024810810541285 -0.02788911125744167
leaf_weight=20 25 21 32 23 27 35 35 33 21 36 23 29 23
leaf_count=20 25 21 32 23 27 35 35 33 21 36 23 29 23
internal_value=-0.000791868 -0.0388613 0.00817287 -0.0199614 -0.0120017 0.0173105 0.0100609 -0.00376502 0.011254 0.0136768 -0.00553988 0.0392249 -0.0410823
internal_weight=383 73 310 76 48 234 199 135 53 92 56 64 43
internal_count=383 73 310 76 48 234 199 135 53 92 56 64 43
is_linear=0
shrinkage=0.05


Tree=54
num_leaves=14
num_cat=0
split_feature=10 6 9 18 16 19 18 10 19 16 4 6 19
split_gain=47.1867 26.8823 25.3168 20.7921 19.5248 22.5408 18.1769 15.2578 16.2347 14.54 17.8865 31.203 14.467
threshold=37.45000000000001 5.5000000000000009 24.400000000000002 30.500000000000004 15.500000000000002 8.5000000000000018 2.5000000000000004 34.650000000000013 10.500000000000002 26.500000000000004 11.500000000000002 4.5000000000000009 10.500000000000002
decision_type=2 2 2 2 2 2 2 2 2 2 2 2 2
left_child=1 2 9 6 5 -2 -3 -4 -9 10 12 -12 -1
right_child=4 3 7 -5 -6 -7 -8 8 -10 -11 11 -13 -14
leaf_value=-0.033807808198034764 -0.022715388253331185 0.019953442946076396 0.013902017960081932 -0.001148654321829478 -0.0010877600014209748 -0.091302294186923816 0.078610359504818927 -0.0092180506139993672 -0.057729443765300162 -0.023564686593802078 0.072351073171012109 -0.0039991837480793831 0.018973542860633619
leaf_weight=20 25 25 23 30 25 23 28 35 34 23 32 23 37
leaf_count=20 25 25 23 30 25 23 28 35 34 23 32 23 37
internal_value=-0.000752275 0.00776423 -0.00113901 0.0321141 -0.0369182 -0.0555799 0.050942 -0.0213662 -0.0331222 0.0126454 0.0200814 0.0404228 0.000453771
internal_weight=383 310 227 83 73 48 53 92 69 135 112 55 57
internal_count=383 310 227 83 73 48 53 92 69 135 112 55 57
is_linear=0
shrinkage=0.05


Tree=55
num_leaves=15
num_cat=0
split_feature=9 18 11 4 11 7 13 7 18 15 11 9 9 9
split_gain=29.1631 26.9071 28.5945 40.2807 24.9296 23.6923 23.3512 26.0243 22.2147 21.1913 17.9681 23.4687 16.6904 16.4536
threshold=36.350000000000001 37.500000000000007 475.00000000000006 11.500000000000002 443.00000000000006 57.250000000000007 14.500000000000002 57.250000000000007 21.500000000000004 57.354166666666679 491.00000000000006 72.800000000000026 177.90000000000003 10.350000000000003
decision_type=2 2 2 2 2 2 2 2 2 2 2 2 2 2
left_child=1 2 3 -1 -2 -3 7 -4 13 10 11 -6 -13 -8
right_child=4 5 6 -5 9 -7 8 -9 -10 -11 -12 12 -14 -15
leaf_value=0.028822469029967726 0.032596088219434022 -0.056810188006896238 -0.033285039477050304 -0.045522947843585702 -0.079087380915880204 0.01459437803853126 0.060465874066576365 0.043621480177071965 0.087094948813319209 -0.073362392329034354 0.0098346971881550713 0.0072084136074408896 -0.050157798010678524 -0.0036698921024799348
leaf_weight=38 20 26 22 35 20 21 20 22 27 21 37 32 21 20
leaf_count=38 20 26 22 35 20 21 20 22 27 21 37 32 21 20
internal_value=-0.00231137 0.00885824 0.0174828 -0.00682259 -0.0193987 -0.024906 0.0334674 0.00516822 0.052052 -0.0273368 -0.0185501 -0.0329369 -0.0155216 0.028398
internal_weight=382 231 184 73 151 47 111 44 67 131 110 73 53 40
internal_count=382 231 184 73 151 47 111 44 67 131 110 73 53 40
is_linear=0
shrinkage=0.05


Tree=56
num_leaves=15
num_cat=0
split_feature=9 18 18 8 20 18 11 14 9 16 20 11 11 9
split_gain=26.3197 24.8538 46.4958 54.321 42.1517 22.571 22.4989 14.2248 16.7569 15.2846 14.7751 13.4533 16.1039 6.45645
threshold=36.350000000000001 32.500000000000007 23.500000000000004 6.5000000000000009 6.5000000000000009 3.5000000000000004 443.00000000000006 74.518333333333345 109.35000000000001 1.0000000180025095e-35 8.5000000000000018 475.00000000000006 497.00000000000006 11.500000000000002
decision_type=2 2 2 2 2 2 2 2 2 2 2 2 2 2
left_child=1 2 3 11 13 -5 -2 8 9 -8 -10 -1 -13 -3
right_child=6 4 -4 5 -6 -7 7 -9 10 -11 -12 12 -14 -15
leaf_value=0.00054786887916701812 0.030966283529996877 -0.0062552408182195256 0.070476097241044047 -0.075893491834159998 -0.071666557860115304 -0.0025023900251835585 -0.013077478927950706 -0.05620130603512128 -0.019288175842828222 -0.066873346463493674 0.037412303034216166 0.070955822589220827 0.015823748514342768 0.029497465491294863
leaf_weight=27 20 28 35 22 23 20 31 30 27 23 20 27 26 23
leaf_count=27 20 28 35 22 23 20 31 30 27 23 20 27 26 23
internal_value=-0.0021958 0.00841532 0.019675 0.00510092 -0.0154735 -0.0409453 -0.0184287 -0.0259699 -0.0169903 -0.0359905 0.00483969 0.0292752 0.0439099 0.00986853
internal_weight=382 231 157 122 74 42 151 131 101 54 47 80 53 51
internal_count=382 231 157 122 74 42 151 131 101 54 47 80 53 51
is_linear=0
shrinkage=0.05


Tree=57
num_leaves=15
num_cat=0
split_feature=9 18 11 16 7 11 15 15 17 9 9 16 6 7
split_gain=23.7536 22.5462 25.4126 21.8676 21.0956 20.3053 18.1463 16.7929 26.3425 16.667 15.7032 13.2389 11.6496 7.97779
threshold=36.350000000000001 37.500000000000007 457.00000000000006 1.0000000180025095e-35 57.250000000000007 443.00000000000006 57.354166666666679 57.083333333333343 3.5000000000000004 16.250000000000004 15.15 22.500000000000004 4.5000000000000009 57.250000000000007
decision_type=2 2 2 2 2 2 2 2 2 2 2 2 2 2
left_child=1 2 -1 10 -3 -2 7 8 -7 13 12 -10 -4 -5
right_child=5 4 3 9 -6 6 -8 -9 11 -11 -12 -13 -14 -15
leaf_value=-0.027970692488764017 0.029417969411879314 -0.053017801390244416 0.051162125393748287 0.011672888214097303 0.014360249184426807 0.016511492973024195 -0.067262208931857637 0.012667624696212658 -0.069721052339000097 0.076728440650428331 -0.024507547009350927 -0.019654461247441565 0.00040432742008796106 0.049801009180753128
leaf_weight=28 20 26 20 34 21 22 21 34 31 24 29 23 26 23
leaf_count=28 20 26 20 34 21 22 21 34 31 24 29 23 26 23
internal_value=-0.00208601 0.00799456 0.0158894 0.0237617 -0.0229127 -0.0175073 -0.0246714 -0.0165405 -0.0296073 0.0417751 0.00430715 -0.0483964 0.0224729 0.0270579
internal_weight=382 231 184 156 47 151 131 110 76 81 75 54 46 57
internal_count=382 231 184 156 47 151 131 110 76 81 75 54 46 57
is_linear=0
shrinkage=0.05


Tree=58
num_leaves=14
num_cat=0
split_feature=10 13 6 15 18 6 18 3 14 6 18 10 9
split_gain=23.7597 79.0023 21.2142 42.3399 41.8754 19.9758 19.3385 14.8649 20.9835 28.9223 14.9236 13.4056 4.8907
threshold=35.850000000000001 17.000000000000004 4.5000000000000009 56.812500000000007 23.500000000000004 3.5000000000000004 30.500000000000004 5.5000000000000009 49.925000000000004 5.5000000000000009 18.500000000000004 34.650000000000013 43.550000000000004
decision_type=2 2 2 2 2 2 2 2 2 2 2 2 2
left_child=5 2 4 -4 -2 11 12 -7 -9 10 -10 -1 -5
right_child=1 -3 3 6 -6 7 -8 8 9 -11 -12 -13 -14
leaf_value=0.064984824570516742 -0.013955082281086689 -0.095331938498510196 -0.059745817300346164 0.045437056543305515 0.06538133554417512 0.029883029903559122 -0.030281685114922848 0.020921768235245674 -0.078775559226580139 0.01844820883125067 -0.019098870595917108 0.012137583313354601 0.011629736877006034
leaf_weight=24 39 26 36 20 29 34 22 39 22 24 20 24 23
leaf_count=24 39 26 36 20 29 34 22 39 22 24 20 24 23
internal_value=-0.00198171 -0.014193 -0.00171012 -0.0162458 0.0198796 0.010752 0.00784658 0.00114884 -0.00815556 -0.0253376 -0.0503581 0.0385612 0.0273541
internal_weight=382 195 169 101 68 187 65 139 105 66 42 48 43
internal_count=382 195 169 101 68 187 65 139 105 66 42 48 43
is_linear=0
shrinkage=0.05


Tree=59
num_leaves=14
num_cat=0
split_feature=10 9 18 20 19 11 18 11 10 14 20 18 18
split_gain=22.3888 17.9462 23.825 22.0926 22.0512 23.2038 38.9872 36.6403 26.5131 22.4532 27.3044 20.1304 32.1517
threshold=38.650000000000013 208.45000000000002 41.500000000000007 4.5000000000000009 2.5000000000000004 481.00000000000006 29.500000000000004 465.00000000000006 36.150000000000013 49.054761904761911 8.5000000000000018 21.500000000000004 12.500000000000002
decision_type=2 2 2 2 2 2 2 2 2 2 2 2 2
left_child=1 2 4 -4 -1 7 11 9 -9 -6 -11 12 -7
right_child=-2 -3 3 -5 5 6 -8 8 -10 10 -12 -13 -14
leaf_value=-0.031435045401255295 -0.052070358480947709 -0.03983294107578695 0.0027431451756021255 -0.069110459573566915 0.06549195105270926 0.054983305522894613 -0.014729819102929191 -0.0029462056525517257 -0.073325199212716977 0.036103896327592713 -0.040975565686821938 0.08017046447577221 -0.014311011937948374
leaf_weight=30 21 25 23 20 21 47 39 32 23 27 20 28 26
leaf_count=30 21 25 23 20 21 47 39 32 23 27 20 28 26
internal_value=-0.00188263 0.00103688 0.00407779 -0.0306771 0.00917834 0.013811 0.0277317 -0.0020336 -0.0323774 0.0225092 0.00330413 0.0441277 0.0303031
internal_weight=382 361 336 43 293 263 140 123 55 68 47 101 73
internal_count=382 361 336 43 293 263 140 123 55 68 47 101 73
is_linear=0
shrinkage=0.05


Tree=60
num_leaves=14
num_cat=0
split_feature=9 11 6 17 19 11 4 11 18 13 5 18 8
split_gain=27.9274 20.6313 17.3547 29.8407 24.4998 27.412 16.5406 20.5392 15.7982 10.4096 20.3515 10.3318 14.4955
threshold=202.35000000000002 522.00000000000011 4.5000000000000009 3.5000000000000004 10.500000000000002 473.00000000000006 11.500000000000002 473.00000000000006 25.500000000000004 12.500000000000002 1.0000000180025095e-35 19.500000000000004 5.5000000000000009
decision_type=2 2 2 2 2 2 2 2 2 2 2 2 2
left_child=1 2 3 -1 9 -6 11 -8 -7 -4 -11 -5 -13
right_child=-2 -3 4 6 5 8 7 -9 -10 10 -12 12 -14
leaf_value=0.067959695657895461 -0.041738049124445148 -0.030520420401327072 -0.0047774213035741168 0.020423097572096722 -0.070081035932526001 0.024812693760863373 -0.002176259132102132 0.058236751004176981 -0.027408663897464675 0.059879760344823202 0.0011397410826436405 -0.047908566093870571 0.010167944685301999
leaf_weight=31 30 31 31 29 20 28 24 34 30 30 29 21 22
leaf_count=31 30 31 31 29 20 28 24 34 30 30 29 21 22
internal_value=0.00461128 0.00847373 0.0121479 0.0238786 0.000906072 -0.0196042 0.013367 0.0332383 -0.00219835 0.0186816 0.0310075 -0.00264049 -0.018195
internal_weight=390 360 329 161 168 78 130 58 58 90 59 72 43
internal_count=390 360 329 161 168 78 130 58 58 90 59 72 43
is_linear=0
shrinkage=0.05


Tree=61
num_leaves=16
num_cat=0
split_feature=9 10 4 11 10 15 9 9 8 15 11 17 8 8 2
split_gain=25.2045 22.2931 81.0934 35.2813 29.0222 23.8101 30.0558 23.2311 27.6637 23.5417 18.9662 15.4547 14.8736 29.9835 8.83169
threshold=202.35000000000002 35.850000000000001 11.500000000000002 457.00000000000006 36.650000000000013 57.309523809523817 61.70000000000001 16.250000000000004 8.5000000000000018 56.812500000000007 487.00000000000006 5.5000000000000009 3.5000000000000004 7.5000000000000009 5.5000000000000009
decision_type=2 2 2 2 2 2 2 2 2 2 2 2 2 2 2
left_child=1 5 4 -4 -3 6 11 10 -9 -10 -5 14 -13 -14 -1
right_child=-2 2 3 7 -6 -7 -8 8 9 -11 -12 12 13 -15 -16
leaf_value=0.021877332989658632 -0.039651146406928704 -0.02607253150933463 -0.046488079857081178 0.033258353415876629 -0.10842765165492892 -0.014554836333562166 0.084770502646764126 0.087105373293161398 -0.019692628756165505 0.053757889382541182 -0.032669083774089815 0.032305802380045261 -0.054357941694219009 0.029168600943826496 0.063211471028625968
leaf_weight=28 30 23 20 20 20 39 21 24 20 24 24 30 22 21 24
leaf_count=28 30 23 20 20 20 39 21 24 20 24 24 30 22 21 24
internal_value=0.00438072 0.00805004 -0.0047429 0.0146834 -0.0643772 0.0201515 0.0294223 0.0256069 0.0439245 0.0203713 -0.00270207 0.0201238 0.00528548 -0.0135659 0.0409546
internal_weight=390 360 175 132 43 185 146 112 68 44 44 125 73 43 52
internal_count=390 360 175 132 43 185 146 112 68 44 44 125 73 43 52
is_linear=0
shrinkage=0.05


Tree=62
num_leaves=16
num_cat=0
split_feature=9 10 4 11 7 15 10 9 8 15 11 15 9 19 10
split_gain=22.747 20.1195 73.1868 31.8414 28.7496 40.2929 26.1926 20.9661 24.9665 21.2464 17.117 12.815 18.7899 17.2534 20.2346
threshold=202.35000000000002 35.850000000000001 11.500000000000002 457.00000000000006 55.500000000000007 55.111111111111121 36.650000000000013 16.250000000000004 8.5000000000000018 56.812500000000007 487.00000000000006 57.309523809523817 4.5500000000000007 10.500000000000002 35.050000000000004
decision_type=2 2 2 2 2 2 2 2 2 2 2 2 2 2 2
left_child=1 4 6 -4 5 -1 -3 10 -9 -10 -5 12 -6 -14 -15
right_child=-2 2 3 7 11 -7 -8 8 9 -11 -12 -13 13 14 -16
leaf_value=0.013074056721395916 -0.037668589465320118 -0.024768905430708244 -0.044163675913587219 0.031595435496419667 0.060380777325481173 0.10670859418809414 -0.10300627063959839 0.082750103933115812 -0.018707998171448709 0.05106999515555799 -0.031035630280772847 -0.017076143357706696 0.03463519588112831 0.014674275940550225 -0.051173903048038483
leaf_weight=27 30 23 20 20 20 20 20 24 20 24 24 38 32 28 20
leaf_count=27 30 23 20 20 20 20 20 24 20 24 24 38 32 28 20
internal_value=0.00416168 0.00764754 -0.00450576 0.0139493 0.0191439 0.0529185 -0.0611584 0.0243266 0.0417283 0.0193527 -0.00256696 0.00764094 0.0170334 0.0061966 -0.0127625
internal_weight=390 360 175 132 185 47 43 112 68 44 44 138 100 80 48
internal_count=390 360 175 132 185 47 43 112 68 44 44 138 100 80 48
is_linear=0
shrinkage=0.05


Tree=63
num_leaves=14
num_cat=0
split_feature=9 10 11 11 11 6 11 18 10 3 7 3 16
split_gain=20.5292 18.937 16.2953 14.5569 31.1037 23.7595 22.2113 20.3995 19.3253 30.38 19.3987 18.9012 11.8091
threshold=202.35000000000002 38.150000000000013 522.00000000000011 491.00000000000006 487.00000000000006 4.5000000000000009 475.00000000000006 24.500000000000004 35.350000000000001 8.5000000000000018 55.500000000000007 6.5000000000000009 8.5000000000000018
decision_type=2 2 2 2 2 2 2 2 2 2 2 2 2
left_child=1 2 3 4 6 -5 8 -7 10 -10 -1 -8 -13
right_child=-2 -3 -4 5 -6 7 11 -9 9 -11 -12 12 -14
leaf_value=0.058169776654761779 -0.035785160139203069 -0.03880969960065115 -0.025062562028566999 0.062686577678791114 -0.047093741595745087 0.033368979328695467 0.0015503190457820894 -0.030269792247563598 -0.037925012867983277 0.03520156158134341 0.00079910347192752658 0.085601911172270784 0.031266975272446873
leaf_weight=23 30 21 30 35 24 34 23 20 49 20 41 20 20
leaf_count=23 30 21 30 35 24 34 23 20 49 20 41 20 20
internal_value=0.0039536 0.00726516 0.0101194 0.0135351 0.00663254 0.0305975 0.0132113 0.00979906 0.00162687 -0.0167289 0.0214167 0.0376672 0.0584344
internal_weight=390 360 339 309 220 89 196 54 133 69 64 63 40
internal_count=390 360 339 309 220 89 196 54 133 69 64 63 40
is_linear=0
shrinkage=0.05


Tree=64
num_leaves=15
num_cat=0
split_feature=9 10 17 14 13 11 10 11 10 11 19 10 10 8
split_gain=18.5276 17.0906 19.2877 31.4627 29.1736 28.6537 18.4764 31.759 14.8593 21.422 15.266 12.5112 17.2059 7.35384
threshold=202.35000000000002 38.150000000000013 6.5000000000000009 75.561111111111117 15.500000000000002 477.00000000000006 35.250000000000007 491.00000000000006 37.250000000000007 491.00000000000006 9.5000000000000018 35.850000000000001 36.550000000000004 7.5000000000000009
decision_type=2 2 2 2 2 2 2 2 2 2 2 2 2 2
left_child=1 2 3 8 5 -4 -6 -8 9 11 -11 13 -13 -1
right_child=-2 -3 4 -5 6 -7 7 -9 -10 10 -12 12 -14 -15
leaf_value=0.01925224813167006 -0.03399590089917183 -0.036869215042818163 0.0034444648629197712 -0.034690058324486017 0.04323626403929666 -0.070096593785651584 -0.04457714957464487 0.037793254784562372 -0.0080505602889590806 0.083673195806997169 0.027278041555767969 -0.031839101211252538 0.027729007263702379 0.055051945723020114
leaf_weight=32 30 21 26 24 32 27 25 22 27 28 21 22 27 26
leaf_count=32 30 21 26 24 32 27 25 22 27 28 21 22 27 26
internal_value=0.00375592 0.0069019 0.00961339 0.0191372 -0.00532173 -0.0340198 0.0139314 -0.00602079 0.0261966 0.0321239 0.0595038 0.0195855 0.000984142 0.0353004
internal_weight=390 360 339 207 132 53 79 47 183 156 49 107 49 58
internal_count=390 360 339 207 132 53 79 47 183 156 49 107 49 58
is_linear=0
shrinkage=0.05


Tree=65
num_leaves=13
num_cat=0
split_feature=17 14 14 10 8 15 11 18 20 18 10 18
split_gain=20.331 14.965 29.6559 27.9552 20.5908 26.6966 26.5562 16.7131 15.5079 32.2464 18.3485 9.1687
threshold=13.000000000000002 81.752083333333346 72.723958333333357 35.050000000000004 7.5000000000000009 57.083333333333343 479.00000000000006 24.500000000000004 6.5000000000000009 16.500000000000004 36.350000000000001 25.500000000000004
decision_type=2 2 2 2 2 2 2 2 2 2 2 2
left_child=1 2 4 -4 5 6 7 -1 10 -10 -6 -7
right_child=-2 -3 3 -5 8 11 -8 -9 9 -11 -12 -13
leaf_value=-0.025839718167359634 -0.042661942930325221 0.040928975472758922 0.0018923884630203246 -0.069697609871625904 0.030132258240435573 0.04141921715190014 -0.054320675155354874 0.034494102949445903 0.0064169284613693469 0.075799696779612347 -0.022487221260865529 0.001256890098253886
leaf_weight=24 23 28 30 25 37 30 36 22 34 33 30 27
leaf_count=24 23 28 30 25 37 30 36 22 34 33 30 27
internal_value=0.0028988 0.00584233 0.00284713 -0.0306485 0.00959534 -0.00388716 -0.0221564 0.00301559 0.0235809 0.0405905 0.0065713 0.022395
internal_weight=379 356 328 55 273 139 82 46 134 67 67 57
internal_count=379 356 328 55 273 139 82 46 134 67 67 57
is_linear=0
shrinkage=0.05


Tree=66
num_leaves=15
num_cat=0
split_feature=4 10 10 6 10 8 3 19 9 6 15 2 8 9
split_gain=17.5246 64.9748 24.3981 18.1959 40.9457 21.3973 20.9164 14.5659 13.2037 11.4226 34.2874 26.6808 14.059 11.7033
threshold=11.500000000000002 36.45000000000001 35.550000000000004 4.5000000000000009 34.95000000000001 5.5000000000000009 5.5000000000000009 10.500000000000002 16.500000000000004 4.5000000000000009 56.812500000000007 5.5000000000000009 8.5000000000000018 15.15
decision_type=2 2 2 2 2 2 2 2 2 2 2 2 2 2
left_child=1 3 7 4 5 -1 -5 -2 -8 11 -11 13 -12 -4
right_child=2 -3 9 6 -6 -7 8 -9 -10 10 12 -13 -14 -15
leaf_value=-0.021697141606684612 0.008404606651692164 -0.076887085963169052 0.036374830957502123 0.057859730641715804 -0.062668456661480451 0.043930819658217608 0.028234026581048968 -0.051217262763530017 -0.019902764697527067 -0.046937946528196335 0.060471756942570211 0.0033482630088022265 0.0088704906945526029 0.089817960773195538
leaf_weight=23 21 29 20 26 27 27 28 20 29 20 22 33 33 21
leaf_count=23 21 29 20 26 27 27 28 20 29 20 22 33 33 21
internal_value=0.00275386 -0.00802619 0.0134772 0.00445484 -0.0130513 0.013742 0.0206955 -0.0206792 0.00374338 0.0228759 0.00912461 0.0368131 0.029511 0.0637481
internal_weight=379 189 190 160 77 50 83 41 57 149 75 74 55 41
internal_count=379 189 190 160 77 50 83 41 57 149 75 74 55 41
is_linear=0
shrinkage=0.05


Tree=67
num_leaves=13
num_cat=0
split_feature=17 16 16 13 13 19 14 9 14 10 18 4
split_gain=17.9807 14.1691 15.1086 41.6406 28.1727 34.3616 24.9329 20.3713 20.2624 19.5734 14.7099 17.2755
threshold=13.000000000000002 42.500000000000007 11.500000000000002 15.500000000000002 17.000000000000004 6.5000000000000009 66.762500000000017 56.70000000000001 55.695982142857154 35.250000000000007 19.500000000000004 11.500000000000002
decision_type=2 2 2 2 2 2 2 2 2 2 2 2
left_child=1 2 4 -4 5 6 -1 -6 -7 -5 -10 -12
right_child=-2 -3 3 9 7 8 -8 -9 10 -11 11 -13
leaf_value=0.010235467472591915 -0.040230257108645598 -0.033482330698858608 -0.015892529286420307 0.089390352665491057 -0.0038967298592130343 0.023752206141078796 0.070506063359789553 -0.066441687034524008 -0.054757418985600062 0.029516502027996841 -0.03596455461273973 0.021137948554975014
leaf_weight=37 23 22 39 21 30 37 32 23 23 39 26 27
leaf_count=37 23 22 39 21 30 37 32 23 23 39 26 27
internal_value=0.00261617 0.00538434 0.00794442 0.0243286 0.00104214 0.0103844 0.038187 -0.0310389 -0.00659241 0.0504723 -0.0213655 -0.0068746
internal_weight=379 356 334 99 235 182 69 53 113 60 76 53
internal_count=379 356 334 99 235 182 69 53 113 60 76 53
is_linear=0
shrinkage=0.05


Tree=68
num_leaves=13
num_cat=0
split_feature=17 16 16 13 13 19 14 5 14 10 18 4
split_gain=16.2276 12.7876 13.6355 37.5807 25.4259 31.0114 22.502 18.4751 18.2868 17.665 13.2757 15.5912
threshold=13.000000000000002 42.500000000000007 11.500000000000002 15.500000000000002 17.000000000000004 6.5000000000000009 66.762500000000017 1.0000000180025095e-35 55.695982142857154 35.250000000000007 19.500000000000004 11.500000000000002
decision_type=2 2 2 2 2 2 2 2 2 2 2 2
left_child=1 2 4 -4 5 6 -1 -6 -7 -5 -10 -12
right_child=-2 -3 3 9 7 8 -8 -9 10 -11 11 -13
leaf_value=0.0097236938371851652 -0.038218743823792624 -0.031808214092796501 -0.015097903933089513 0.084920832071275945 -0.05956987778727825 0.022564595857182068 0.066980759520083671 -0.00051817925715887992 -0.052019547381559797 0.028040676315625509 -0.034166327212005854 0.020081050928544116
leaf_weight=37 23 22 39 21 26 37 32 27 23 39 26 27
leaf_count=37 23 22 39 21 26 37 32 27 23 39 26 27
internal_value=0.00248536 0.00511512 0.0075472 0.0231122 0.000990033 0.00986519 0.0362777 -0.0294869 -0.00626279 0.0479487 -0.0202972 -0.00653087
internal_weight=379 356 334 99 235 182 69 53 113 60 76 53
internal_count=379 356 334 99 235 182 69 53 113 60 76 53
is_linear=0
shrinkage=0.05


Tree=69
num_leaves=15
num_cat=0
split_feature=17 9 8 15 15 9 13 19 10 15 11 19 9 4
split_gain=14.6454 11.693 15.5766 28.4271 23.902 19.208 26.4705 15.8363 24.7902 22.4845 20.9904 7.29971 2.13019 1.75485
threshold=13.000000000000002 241.50000000000003 7.5000000000000009 57.309523809523817 57.083333333333343 10.350000000000003 15.500000000000002 9.5000000000000018 35.150000000000013 56.812500000000007 485.00000000000006 13.500000000000002 61.70000000000001 11.500000000000002
decision_type=2 2 2 2 2 2 2 2 2 2 2 2 2 2
left_child=1 2 4 7 5 6 -1 9 -9 10 -4 13 -10 -6
right_child=-2 -3 3 -5 11 -7 -8 8 12 -11 -12 -13 -14 -15
leaf_value=-0.035105356399082778 -0.036307807104743045 -0.032282412098720674 -0.0051813701275162972 -0.026627146279246644 0.022506494596600535 -0.048907390577452525 0.02775718945571605 0.050266996553788579 -0.0024727596528828148 0.084988806506051964 0.062951587885618207 0.00093984166160225873 -0.025549764111638069 0.043451946713030341
leaf_weight=33 23 20 26 29 20 35 34 24 20 23 20 32 20 20
leaf_count=33 23 20 26 29 20 35 34 24 20 23 20 32 20 20
internal_value=0.00236109 0.00485936 0.00707018 0.0182273 -0.00331751 -0.0188872 -0.00320496 0.0280076 0.0100931 0.044624 0.0244417 0.0187395 -0.0140113 0.0329792
internal_weight=379 356 336 162 174 102 67 133 64 69 46 72 40 40
internal_count=379 356 336 162 174 102 67 133 64 69 46 72 40 40
is_linear=0
shrinkage=0.05


Tree=70
num_leaves=15
num_cat=0
split_feature=15 8 11 11 14 8 8 3 15 7 8 14 15 11
split_gain=15.1292 21.7262 16.9106 24.7657 14.9184 12.1122 15.6169 21.1066 16.0339 14.5608 30.1048 20.3222 17.6335 12.3662
threshold=57.409722222222229 8.5000000000000018 507.00000000000006 519.00000000000011 81.752083333333346 7.5000000000000009 3.5000000000000004 5.5000000000000009 56.718750000000007 56.500000000000007 10.500000000000002 65.475000000000009 56.440972222222229 483.00000000000006
decision_type=2 2 2 2 2 2 2 2 2 2 2 2 2 2
left_child=2 -2 4 -4 5 6 8 -8 -1 10 -7 -11 -12 -9
right_child=1 -3 3 -5 -6 9 7 13 -10 11 12 -13 -14 -15
leaf_value=0.032427763988574353 0.0068132534002264336 -0.06282574349925632 0.073265235374371213 -0.0035240259553704946 0.040643182549286977 0.064833511212081821 0.016068941709541141 -0.023345468831913813 -0.020683158106274076 0.021157380250784067 -0.023077221677610369 -0.038783756529371584 0.03259344521164894 -0.069944326269129914
leaf_weight=30 24 21 21 21 22 27 21 35 27 26 33 31 25 24
leaf_count=30 24 21 21 21 22 27 21 35 27 26 33 31 25 24
internal_value=0.00157361 -0.0256849 0.00514981 0.0348706 0.00100272 -0.00212305 -0.0127293 -0.0269788 0.00726996 0.00810978 0.0212211 -0.0114422 0.000918755 -0.0423009
internal_weight=388 45 343 42 301 279 137 80 57 142 85 57 58 59
internal_count=388 45 343 42 301 279 137 80 57 142 85 57 58 59
is_linear=0
shrinkage=0.05


Tree=71
num_leaves=15
num_cat=0
split_feature=15 9 11 11 14 8 9 8 19 19 14 14 9 16
split_gain=13.6541 27.0395 15.2618 22.351 13.4639 10.9313 14.4344 13.6241 13.3533 24.1998 10.451 9.52205 9.35279 9.13856
threshold=57.409722222222229 29.350000000000005 507.00000000000006 519.00000000000011 81.752083333333346 7.5000000000000009 8.9500000000000011 8.5000000000000018 12.500000000000002 8.5000000000000018 61.412053571428579 62.08348214285715 15.15 6.5000000000000009
decision_type=2 2 2 2 2 2 2 2 2 2 2 2 2 2
left_child=2 -2 4 -4 5 6 11 -7 9 10 -9 13 -8 -1
right_child=1 -3 3 -5 -6 7 12 8 -10 -11 -12 -13 -14 -15
leaf_value=0.0090752212596791129 0.013505511309789575 -0.064029915495352308 0.069601973359073907 -0.0033478233076277234 0.038611023568294267 0.045955513715744023 -0.047824113596888151 -0.016437418758869171 0.026027756713263347 -0.053397914742969947 0.025229585389880571 0.02672836877978765 -0.0075378405451774601 -0.03297090327056746
leaf_weight=28 23 22 21 21 22 20 34 27 38 23 34 26 25 24
leaf_count=28 23 22 21 21 22 20 34 27 38 23 34 26 25 24
internal_value=0.00149493 -0.0244007 0.00489232 0.0331271 0.000952583 -0.0020169 -0.0120929 0.00770429 0.00143359 -0.00969234 0.00678681 0.00202233 -0.0307537 -0.0103307
internal_weight=388 45 343 42 301 279 137 142 122 84 61 78 59 52
internal_count=388 45 343 42 301 279 137 142 122 84 61 78 59 52
is_linear=0
shrinkage=0.05


Tree=72
num_leaves=15
num_cat=0
split_feature=10 15 9 9 9 15 15 8 6 8 4 9 20 6
split_gain=16.2804 12.9698 27.1761 12.807 20.9107 19.8268 20.9574 36.6096 24.4791 17.8581 16.3814 16.355 12.9245 7.63368
threshold=38.250000000000007 57.409722222222229 29.350000000000005 15.15 7.7500000000000009 57.105555555555569 56.718750000000007 11.500000000000002 4.5000000000000009 10.500000000000002 11.500000000000002 5.7500000000000009 4.5000000000000009 5.5000000000000009
decision_type=2 2 2 2 2 2 2 2 2 2 2 2 2 2
left_child=1 3 -3 4 11 6 7 8 -5 -8 -6 12 -1 -7
right_child=-2 2 -4 5 10 13 9 -9 -10 -11 -12 -13 -14 -15
leaf_value=-0.027991101475289239 -0.031628123621511108 0.017691314592957499 -0.061828773575169707 0.07746317052635654 -0.0054388832650147378 0.063189768284792086 -0.051140787949164712 -0.018788571769578589 0.0091977461551626515 0.01283173356205225 -0.06468662727624179 0.049552436314878018 0.020173092816645904 0.025068251326166354
leaf_weight=26 34 22 21 29 28 24 24 36 24 20 20 21 30 29
leaf_count=26 34 22 21 29 28 24 24 36 24 20 20 21 30 29
internal_value=0.00142018 0.00459431 -0.0211441 0.008153 -0.00422397 0.0164709 0.00616575 0.0201212 0.0465505 -0.0220624 -0.0301254 0.0119224 -0.00218885 0.0423308
internal_weight=388 354 43 311 125 186 133 89 53 44 48 77 56 53
internal_count=388 354 43 311 125 186 133 89 53 44 48 77 56 53
is_linear=0
shrinkage=0.05


Tree=73
num_leaves=14
num_cat=0
split_feature=10 15 9 9 18 9 15 14 18 18 16 9 10
split_gain=14.6931 11.7053 24.5264 11.5583 25.6685 43.2532 32.2915 19.7341 20.7844 19.2403 20.8736 18.2288 8.92128
threshold=38.250000000000007 57.409722222222229 29.350000000000005 15.15 26.500000000000004 38.400000000000006 57.105555555555569 66.762500000000017 2.5000000000000004 29.500000000000004 6.5000000000000009 7.7500000000000009 35.150000000000013
decision_type=2 2 2 2 2 2 2 2 2 2 2 2 2
left_child=1 3 -3 9 6 -6 7 8 -5 11 -11 12 -1
right_child=-2 2 -4 4 5 -7 -8 -9 -10 10 -12 -13 -14
leaf_value=0.008635287554934621 -0.0300467174500227 0.016806748814203524 -0.058737334644510635 -0.057748025935143235 0.082351506128907209 -0.0012163986265659333 0.044884057845355887 0.015927868708968163 0.0045653583076984989 0.0013833509191222813 -0.068459785860031847 -0.018534027154303408 0.051313470148791875
leaf_weight=25 34 22 21 32 32 30 33 36 23 23 20 33 24
leaf_count=25 34 22 21 32 32 30 33 36 23 23 20 33 24
internal_value=0.00134917 0.0043646 -0.0200869 0.00774535 0.0156473 0.0419154 0.00251325 -0.012852 -0.0316897 -0.00401277 -0.0311018 0.0101925 0.0295389
internal_weight=388 354 43 311 186 62 124 91 55 125 43 82 49
internal_count=388 354 43 311 186 62 124 91 55 125 43 82 49
is_linear=0
shrinkage=0.05


Tree=74
num_leaves=14
num_cat=0
split_feature=17 14 11 4 16 20 11 9 14 20 9 4 15
split_gain=10.5366 15.6595 25.0759 31.7918 32.8372 18.3109 16.4211 19.5053 11.5986 11.4442 23.2437 7.68573 5.24083
threshold=13.000000000000002 49.925000000000004 473.00000000000006 11.500000000000002 13.500000000000002 8.5000000000000018 473.00000000000006 13.800000000000002 39.705555555555563 8.5000000000000018 19.750000000000004 11.500000000000002 57.154761904761905
decision_type=2 2 2 2 2 2 2 2 2 2 2 2 2
left_child=1 6 5 4 12 11 8 -8 -1 -5 -11 -3 -4
right_child=-2 2 3 9 -6 -7 7 -9 -10 10 -12 -13 -14
leaf_value=0.016094794550112316 -0.033163336930530411 0.017592701315879821 -0.052823420600699528 0.048171456196369269 0.027363837609688441 -0.051871815021779094 -0.026439544650051619 0.032067189684935979 0.067490449321010837 -0.028692693131354946 0.037845783148493087 -0.022422229007185837 -0.021949587238055689
leaf_weight=21 21 21 28 39 30 37 29 28 23 21 35 28 27
leaf_count=21 21 21 28 39 30 37 29 28 23 21 35 28 27
internal_value=0.00128172 0.00325269 -0.00311154 0.0074998 -0.0147151 -0.0253213 0.0200139 0.00230061 0.0429607 0.0273762 0.0128939 -0.00527297 -0.0376672
internal_weight=388 367 266 180 85 86 101 57 44 95 56 49 55
internal_count=388 367 266 180 85 86 101 57 44 95 56 49 55
is_linear=0
shrinkage=0.05


Tree=75
num_leaves=14
num_cat=0
split_feature=19 14 9 14 7 17 18 16 7 9 9 18 20
split_gain=16.9822 31.7466 25.4027 36.386 24.0972 28.0356 20.1561 20.3541 18.3264 17.9576 10.939 9.94691 9.77387
threshold=6.5000000000000009 65.475000000000009 177.90000000000003 66.762500000000017 57.250000000000007 7.5000000000000009 18.500000000000004 17.500000000000004 57.250000000000007 35.95000000000001 24.400000000000002 22.500000000000004 4.5000000000000009
decision_type=2 2 2 2 2 2 2 2 2 2 2 2 2
left_child=2 4 3 9 5 11 -3 10 -5 -1 -8 -2 -6
right_child=1 6 -4 8 12 -7 7 -9 -10 -11 -12 -13 -14
leaf_value=-0.023889867871096641 0.033074529761714593 -0.061407040699850771 -0.028169178410812665 0.088994970321655278 0.012135852575302124 -0.049238176923245197 -0.0097121423703025699 0.02367957423751553 0.024781016409397127 0.029106518794451992 -0.060804688893258574 -0.005986184473985281 0.055148098830665862
leaf_weight=33 28 32 27 25 25 28 22 24 20 31 20 39 28
leaf_count=33 28 32 27 25 25 28 22 24 20 31 20 39 28
internal_value=0.00107038 -0.0067682 0.015249 0.026004 0.00784797 -0.00722151 -0.0288416 -0.0130523 0.0604554 0.00178026 -0.0340419 0.0103377 0.0348593
internal_weight=382 246 136 109 148 95 98 66 45 64 42 67 53
internal_count=382 246 136 109 148 95 98 66 45 64 42 67 53
is_linear=0
shrinkage=0.05


Tree=76
num_leaves=14
num_cat=0
split_feature=19 14 15 9 14 17 18 15 7 19 3 9 11
split_gain=15.3265 28.6514 25.1164 22.9259 32.8384 19.246 18.1909 17.8293 16.5395 14.4602 10.727 6.56312 11.3652
threshold=6.5000000000000009 65.475000000000009 57.354166666666679 177.90000000000003 66.762500000000017 7.5000000000000009 18.500000000000004 57.105555555555569 57.250000000000007 15.500000000000002 5.5000000000000009 13.000000000000002 475.00000000000006
decision_type=2 2 2 2 2 2 2 2 2 2 2 2 2
left_child=3 2 5 4 7 11 -3 -1 -6 10 -8 -2 -13
right_child=1 6 -4 -5 8 -7 9 -9 -10 -11 -12 12 -14
leaf_value=-0.019438047248583574 -0.0077628476172685625 -0.058336688950657849 0.052073709208231712 -0.026760720130470064 0.084545222103595732 -0.032153363092928322 -0.0022899194842293151 0.034652937810868027 0.023541965484619141 0.021859849634624662 -0.051222795931001514 -0.0026939527776378854 0.042831413322610076
leaf_weight=39 30 32 26 27 25 37 21 25 20 21 24 26 29
leaf_count=39 30 32 26 27 25 37 21 25 20 21 24 26 29
internal_value=0.00101686 -0.00642979 0.00745557 0.0144865 0.0247038 -0.00205321 -0.0273995 0.00169124 0.0574327 -0.0123997 -0.0283875 0.0110492 0.0213103
internal_weight=382 246 148 136 109 122 98 64 45 66 45 85 55
internal_count=382 246 148 136 109 122 98 64 45 66 45 85 55
is_linear=0
shrinkage=0.05


Tree=77
num_leaves=15
num_cat=0
split_feature=16 15 4 10 11 10 2 3 16 15 13 15 9 10
split_gain=11.8874 22.9999 36.1857 17.6602 17.0565 14.9827 15.3122 17.9405 12.8553 21.1021 14.8576 14.3567 11.0614 14.531
threshold=18.500000000000004 57.033333333333339 11.500000000000002 35.350000000000001 479.00000000000006 35.95000000000001 5.5000000000000009 6.5000000000000009 38.500000000000007 57.154761904761905 14.500000000000002 56.937500000000007 30.700000000000006 34.550000000000004
decision_type=2 2 2 2 2 2 2 2 2 2 2 2 2 2
left_child=1 5 3 -3 -4 12 7 -7 9 10 -2 -10 13 -1
right_child=8 2 4 -5 -6 6 -8 -9 11 -11 -12 -13 -14 -15
leaf_value=0.012508956715464592 0.017935218736529351 0.0084362709011213902 0.0041213675728067759 -0.043610490885164055 0.06171076212906175 -0.050197210628539324 -0.067470439345292427 0.0087149425276688165 -0.034482024508443752 -0.0098811537027359009 0.076860175006415538 0.024050339474342763 0.026077773297826453 -0.040392420661670196
leaf_weight=25 20 39 20 28 36 24 23 28 22 23 23 20 24 27
leaf_count=25 20 39 20 28 36 24 23 28 22 23 23 20 24 27
internal_value=0.000966021 -0.00457155 0.0114792 -0.0133146 0.0411431 -0.017646 -0.0335005 -0.0184753 0.015015 0.0287761 0.0494532 -0.00660947 -0.00200006 -0.0149591
internal_weight=382 274 123 67 56 151 75 52 108 66 43 42 76 52
internal_count=382 274 123 67 56 151 75 52 108 66 43 42 76 52
is_linear=0
shrinkage=0.05


Tree=78
num_leaves=13
num_cat=0
split_feature=19 14 15 10 9 14 10 9 17 3 13 20
split_gain=13.9068 25.7142 22.0125 24.6985 20.8328 28.9462 17.4118 15.7085 15.3921 14.5373 12.8783 8.42931
threshold=6.5000000000000009 65.475000000000009 57.354166666666679 36.550000000000004 177.90000000000003 66.762500000000017 35.050000000000004 35.95000000000001 4.5000000000000009 5.5000000000000009 15.500000000000002 4.5000000000000009
decision_type=2 2 2 2 2 2 2 2 2 2 2 2
left_child=4 2 3 10 5 7 -3 -1 -7 -8 11 -2
right_child=1 6 -4 -5 -6 8 9 -9 -10 -11 -12 -13
leaf_value=-0.022126550498333845 0.017435495581092506 0.004942347770256381 0.048748962008036106 -0.038868805359710351 -0.025570875075128341 0.084115749936212195 -0.020031163655221465 0.027440151971794908 0.02561659152093141 -0.067037792169842222 0.038448752412805334 -0.020368029248590273
leaf_weight=33 29 31 26 33 27 22 38 31 23 29 30 30
leaf_count=33 29 31 26 33 27 22 38 31 23 29 30 30
internal_value=0.00091772 -0.00617567 0.00697874 -0.00192311 0.0137484 0.023488 -0.0260415 0.00188232 0.0542162 -0.0403773 0.0117759 -0.00178664
internal_weight=382 246 148 122 136 109 98 64 45 67 89 59
internal_count=382 246 148 122 136 109 98 64 45 67 89 59
is_linear=0
shrinkage=0.05


Tree=79
num_leaves=14
num_cat=0
split_feature=19 14 7 17 9 14 18 16 15 7 15 9 18
split_gain=12.5509 23.2071 20.025 22.8709 18.8016 26.1239 16.5878 16.8953 14.9711 14.6487 9.36443 9.10741 8.80497
threshold=6.5000000000000009 65.475000000000009 57.250000000000007 7.5000000000000009 177.90000000000003 66.762500000000017 18.500000000000004 17.500000000000004 57.105555555555569 57.250000000000007 57.354166666666679 24.400000000000002 22.500000000000004
decision_type=2 2 2 2 2 2 2 2 2 2 2 2 2
left_child=4 2 3 12 5 8 -3 11 -1 -7 -4 -8 -2
right_child=1 6 10 -5 -6 9 7 -9 -10 -11 -12 -13 -14
leaf_value=-0.017573534171932786 0.030143998161241015 -0.054282017354853454 0.014227445656433703 -0.045057156509054563 -0.024292331271701391 0.077021137773990639 -0.0073393143628808586 0.023049911142637335 0.031992518415674569 0.019610665850341321 0.057197319113072902 -0.053958625383675102 -0.0066062232574973347
leaf_weight=39 28 32 32 28 27 25 22 24 25 20 21 20 39
leaf_count=39 28 32 32 28 27 25 22 24 25 20 21 20 39
internal_value=0.000871834 -0.00586688 0.0066298 -0.00710749 0.013061 0.0223136 -0.0247394 -0.0104158 0.00178821 0.0515054 0.0312532 -0.029539 0.00875208
internal_weight=382 246 148 95 136 109 98 66 64 45 53 42 67
internal_count=382 246 148 95 136 109 98 66 64 45 53 42 67
is_linear=0
shrinkage=0.05


Tree=80
num_leaves=16
num_cat=0
split_feature=10 13 15 13 14 18 6 9 9 11 11 11 14 9 10
split_gain=21.9751 35.0764 23.1264 14.9672 14.2579 13.7784 29.8169 17.5601 12.1049 10.2229 9.63125 10.5621 7.05287 5.43082 2.76072
threshold=35.850000000000001 17.000000000000004 57.309523809523817 13.500000000000002 49.925000000000004 24.500000000000004 4.5000000000000009 156.40000000000001 69.250000000000014 491.00000000000006 479.00000000000006 491.00000000000006 75.561111111111117 15.15 34.150000000000013
decision_type=2 2 2 2 2 2 2 2 2 2 2 2 2 2 2
left_child=2 5 3 14 -5 7 -7 8 9 -2 13 -12 -4 -6 -1
right_child=1 -3 12 4 10 6 -8 -9 -10 -11 11 -13 -14 -15 -16
leaf_value=0.0082034957595169544 -0.034693424102650687 -0.061259210996072871 0.0016831301862285251 0.068913518674671645 -0.012244338504970073 0.051831832125542626 -0.013863873842339487 0.027983312122523786 -0.058074795976281172 0.0073144575456778205 0.065737426422891168 0.018061752416766608 -0.038394834323907681 0.020417087887014664 -0.018067803904414176
leaf_weight=20 28 29 21 20 20 31 39 20 20 30 21 26 23 35 20
leaf_count=20 28 29 21 20 20 31 39 20 20 30 21 26 23 35 20
internal_value=0.00146109 -0.0104783 0.0128789 0.0216098 0.0303121 -0.0017126 0.0152299 -0.0138144 -0.0245318 -0.0129652 0.0227432 0.0393636 -0.0192667 0.00854021 -0.00493215
internal_weight=403 197 206 162 122 168 70 98 78 58 102 47 44 55 40
internal_count=403 197 206 162 122 168 70 98 78 58 102 47 44 55 40
is_linear=0
shrinkage=0.05


Tree=81
num_leaves=15
num_cat=0
split_feature=10 4 15 19 16 20 3 18 9 9 15 14 10 14
split_gain=19.8325 22.0659 20.8716 18.8855 21.0379 20.4572 14.3668 23.7662 20.0108 23.5061 12.6806 10.9425 12.1679 6.36521
threshold=35.850000000000001 11.500000000000002 57.309523809523817 7.5000000000000009 34.500000000000007 9.5000000000000018 7.5000000000000009 24.500000000000004 15.15 61.70000000000001 56.440972222222229 55.695982142857154 35.050000000000004 75.561111111111117
decision_type=2 2 2 2 2 2 2 2 2 2 2 2 2 2
left_child=2 10 3 5 11 -1 8 -8 -3 -10 -2 -5 -13 -4
right_child=1 6 13 4 -6 -7 7 -9 9 -11 -12 12 -14 -15
leaf_value=0.083938014046067294 -0.010653315350646154 -0.043932312651867832 0.0015989739270437333 0.042385638444958365 -0.035630121046588539 0.017587240384175227 -0.0077147648566299023 0.064197394773364072 0.037455723583698274 -0.022471041460004119 -0.059786337156426811 0.024634412857326302 -0.021677012482415076 -0.036475091597632223
leaf_weight=21 24 31 21 34 21 26 27 20 30 36 29 37 23 23
leaf_count=21 24 31 21 34 21 26 27 20 30 36 29 37 23 23
internal_value=0.00138803 -0.00995442 0.0122349 0.0205293 0.00961549 0.0472333 0.000197651 0.0228862 -0.0107957 0.0047684 -0.0375374 0.0197235 0.0068817 -0.0183034
internal_weight=403 197 206 162 115 47 144 47 97 66 53 94 60 44
internal_count=403 197 206 162 115 47 144 47 97 66 53 94 60 44
is_linear=0
shrinkage=0.05


Tree=82
num_leaves=15
num_cat=0
split_feature=15 14 9 9 5 9 15 18 19 14 18 8 9 4
split_gain=18.7786 23.4648 19.6008 13.1028 13.9578 11.5654 10.8834 18.9818 9.90162 8.79969 9.61579 8.68066 19.7672 7.25582
threshold=56.718750000000007 65.475000000000009 167.95000000000002 97.200000000000003 1.0000000180025095e-35 5.4500000000000011 55.842013888888893 11.500000000000002 15.500000000000002 49.925000000000004 26.500000000000004 7.5000000000000009 125.05000000000003 11.500000000000002
decision_type=2 2 2 2 2 2 2 2 2 2 2 2 2 2
left_child=2 3 6 4 5 -2 9 -8 11 -1 -11 -3 -13 -7
right_child=1 8 -4 -5 -6 13 7 -9 -10 10 -12 12 -14 -15
leaf_value=0.028993747644126419 -0.024598248302936554 -0.011829766048037489 -0.031190104257654061 0.042502659037709237 -0.037084490704265512 0.00079406529905334605 0.0082446627073774221 0.058557215702210279 0.0014556266706098209 -0.020146533676112691 0.022426934895061312 -0.079735211104154602 -0.014750708665021442 0.034481309873588155
leaf_weight=30 21 23 22 20 22 31 38 37 22 36 21 25 22 33
leaf_count=30 21 23 22 20 22 31 38 37 22 36 21 25 22 33
internal_value=0.00131863 -0.00857455 0.0130937 0.00535536 -0.00158806 0.00759925 0.0191075 0.0330655 -0.0278039 0.00707475 -0.00446157 -0.0369997 -0.0493169 0.0181641
internal_weight=403 219 184 127 107 85 162 75 92 87 57 70 47 64
internal_count=403 219 184 127 107 85 162 75 92 87 57 70 47 64
is_linear=0
shrinkage=0.05


Tree=83
num_leaves=16
num_cat=0
split_feature=10 13 13 14 8 10 9 18 18 6 9 9 10 16 8
split_gain=18.7834 29.5261 20.673 14.9823 15.141 26.8307 12.8604 12.9252 10.9903 26.2907 16.2517 10.6614 8.48979 7.18298 2.42902
threshold=35.850000000000001 17.000000000000004 13.500000000000002 49.925000000000004 9.5000000000000018 34.95000000000001 5.8500000000000005 20.500000000000004 24.500000000000004 4.5000000000000009 156.40000000000001 69.250000000000014 36.95000000000001 9.5000000000000018 6.5000000000000009
decision_type=2 2 2 2 2 2 2 2 2 2 2 2 2 2 2
left_child=2 8 13 -4 6 -6 -5 -8 10 -10 11 12 -2 14 -1
right_child=1 -3 3 4 5 -7 7 -9 9 -11 -12 -13 -14 -15 -16
leaf_value=-0.011581403144042601 -0.029250040539773182 -0.05637594694592829 0.062457597851753234 -0.00044021941721439362 -0.046775894273411146 0.030459673022446426 0.012584392584505536 0.063067007018253213 0.047757820676892035 -0.013931088120891498 0.027658925205469132 -0.054341504825279122 0.0092153980181767393 -0.035931109317711422 0.012494574543088674
leaf_weight=22 32 29 20 25 22 23 21 32 31 39 20 20 26 21 20
leaf_count=22 32 29 20 25 22 23 21 32 31 39 20 20 26 21 20
internal_value=0.0012527 -0.00978566 0.0118088 0.0223221 0.015796 -0.00729994 0.0291207 0.0430645 -0.00174329 0.0133883 -0.0125516 -0.0228619 -0.0120069 -0.0120548 -0.000116652
internal_weight=403 197 206 143 123 45 78 53 168 70 98 78 58 63 42
internal_count=403 197 206 143 123 45 78 53 168 70 98 78 58 63 42
is_linear=0
shrinkage=0.05


Tree=84
num_leaves=15
num_cat=0
split_feature=10 13 13 15 18 6 9 15 11 11 7 18 18 9
split_gain=16.952 26.6473 18.6574 10.0476 9.91874 23.7274 14.6672 9.89837 12.3507 7.60542 9.49649 15.7275 7.91249 6.60633
threshold=35.850000000000001 17.000000000000004 13.500000000000002 57.409722222222229 24.500000000000004 4.5000000000000009 156.40000000000001 56.718750000000007 491.00000000000006 451.00000000000006 55.500000000000007 10.500000000000002 30.500000000000004 30.700000000000006
decision_type=2 2 2 2 2 2 2 2 2 2 2 2 2 2
left_child=2 4 13 9 6 -6 7 -2 -9 -4 -11 -12 -13 -1
right_child=1 -3 3 -5 5 -7 -8 8 -10 10 11 12 -14 -15
leaf_value=-0.02415351057663942 -0.00091929581637183828 -0.053557148650850588 0.00080444437006245483 -0.010739025473594666 0.045369929603991971 -0.013234534525336364 0.026275979792699217 -0.063754981028085397 -0.011353178775828818 0.054622260571429229 -0.015244267275556923 0.057720126087466878 0.016206705637953497 0.0091877862966309003
leaf_weight=39 33 29 23 21 31 39 20 22 23 33 20 24 22 24
leaf_count=39 33 29 23 21 31 39 20 22 23 33 20 24 22 24
internal_value=0.00119007 -0.00929638 0.0112184 0.021206 -0.00165612 0.0127189 -0.011924 -0.0217188 -0.0369718 0.0267048 0.032722 0.0217719 0.0378659 -0.0114521
internal_weight=403 197 206 143 168 70 98 78 45 122 99 66 46 63
internal_count=403 197 206 143 168 70 98 78 45 122 99 66 46 63
is_linear=0
shrinkage=0.05


Tree=85
num_leaves=15
num_cat=0
split_feature=18 17 16 19 20 11 17 10 9 9 9 13 9 13
split_gain=14.178 21.9639 36.074 32.8352 28.6222 20.7373 15.0435 22.3701 27.8691 19.2571 16.5194 13.0593 10.2813 7.66416
threshold=20.500000000000004 3.5000000000000004 15.500000000000002 13.500000000000002 4.5000000000000009 493.00000000000006 4.5000000000000009 36.350000000000001 9.1500000000000004 35.95000000000001 97.200000000000003 15.500000000000002 21.300000000000001 15.500000000000002
decision_type=2 2 2 2 2 2 2 2 2 2 2 2 2 2
left_child=6 4 5 -4 -2 12 9 8 -8 11 -11 -1 -3 -10
right_child=1 2 3 -5 -6 -7 7 -9 13 10 -12 -13 -14 -15
leaf_value=0.007885398942491283 -0.0045837099105119706 -0.022182789036343176 0.075288939054893422 -0.0020634510828291671 0.077201900785060035 0.010332038199468967 0.036315023029843969 -0.054479790285516243 -0.052546441040578346 0.055337344887463946 -0.0009850126039236786 -0.043385240315735624 -0.066303849544214172 -0.010316975617950613
leaf_weight=23 20 31 23 34 23 31 24 39 21 23 30 27 23 22
leaf_count=23 20 31 23 34 23 31 24 39 21 23 30 27 23 22
internal_value=-0.00222673 0.00785457 -0.00162587 0.0291489 0.0391621 -0.0222631 -0.0111504 -0.0243736 -0.00684908 0.00245797 0.0234568 -0.0198007 -0.0409751 -0.0309407
internal_weight=394 185 142 57 43 85 209 106 67 103 53 50 54 43
internal_count=394 185 142 57 43 85 209 106 67 103 53 50 54 43
is_linear=0
shrinkage=0.05


Tree=86
num_leaves=15
num_cat=0
split_feature=18 16 19 16 6 15 18 15 15 10 19 19 10 7
split_gain=12.7957 13.4857 29.6337 16.8524 28.2952 20.2882 18.9429 10.4446 26.3257 17.3908 14.0903 19.8244 12.712 8.13858
threshold=20.500000000000004 15.500000000000002 13.500000000000002 3.5000000000000004 4.5000000000000009 56.937500000000007 36.500000000000007 56.718750000000007 57.105555555555569 37.250000000000007 9.5000000000000018 2.5000000000000004 34.750000000000007 55.500000000000007
decision_type=2 2 2 2 2 2 2 2 2 2 2 2 2 2
left_child=7 3 -3 4 5 -2 -6 9 -9 12 11 -10 -1 -14
right_child=1 2 -4 -5 6 -7 -8 8 10 -11 -12 -13 13 -15
leaf_value=-0.019983463436365131 0.070696969281720076 0.071524492082307531 -0.0019602784339119409 -0.034337198361754417 0.010727094293882451 0.0027227608930496944 -0.048869910952635112 -0.054822812293116988 -0.024817306846380234 -0.034510828439146282 -0.032409891886291682 0.040860994850043901 0.04670316078341924 0.0071416794931372781
leaf_weight=20 23 23 34 30 30 21 24 38 20 25 27 27 26 26
leaf_count=20 23 23 34 30 30 21 24 38 20 25 27 27 26 26
internal_value=-0.0021154 0.00746184 0.0276915 -0.00154666 0.00849126 0.0382547 -0.0157605 -0.0105929 -0.0209949 0.00141779 -0.00362387 0.0129128 0.013893 0.0269224
internal_weight=394 185 57 128 98 44 54 209 112 97 74 47 72 52
internal_count=394 185 57 128 98 44 54 209 112 97 74 47 72 52
is_linear=0
shrinkage=0.05


Tree=87
num_leaves=15
num_cat=0
split_feature=5 18 6 16 19 11 16 18 14 4 8 6 8 8
split_gain=12.3779 10.9205 13.4684 28.3695 26.9311 16.2559 17.5007 12.0762 19.6653 9.54411 9.501 12.6117 5.9927 1.92981
threshold=1.5000000000000002 23.500000000000004 4.5000000000000009 14.500000000000002 10.500000000000002 487.00000000000006 18.500000000000004 30.500000000000004 58.324523809523818 11.500000000000002 4.5000000000000009 4.5000000000000009 9.5000000000000018 9.5000000000000018
decision_type=2 2 2 2 2 2 2 2 2 2 2 2 2 2
left_child=1 2 5 4 9 6 12 8 -3 -4 -9 -12 -1 -13
right_child=-2 7 3 -5 -6 -7 -8 10 -10 -11 11 13 -14 -15
leaf_value=-0.0056012749858200556 -0.036806578375399114 -0.0063606740552045044 0.013003030493855478 -0.037469292109211287 -0.018059114792624547 -0.050132876005955042 0.029639461230147969 -0.019782215880381093 0.05717186595409595 0.05653217629913021 0.035458264295612614 -0.017389993759847823 -0.043417629794302311 0.0043117305624764419
leaf_weight=20 24 21 20 30 31 32 22 37 29 34 31 21 22 20
leaf_count=20 24 21 20 30 31 32 22 37 29 34 31 21 22 20
internal_value=-0.00200963 0.000247473 -0.00720926 0.00433255 0.0190861 -0.0210354 -0.00648664 0.0101429 0.0304882 0.0404103 0.000810174 0.0113924 -0.0254098 -0.00680379
internal_weight=394 370 211 115 85 96 64 159 50 54 109 72 42 41
internal_count=394 370 211 115 85 96 64 159 50 54 109 72 42 41
is_linear=0
shrinkage=0.05


Tree=88
num_leaves=16
num_cat=0
split_feature=17 18 10 9 18 19 9 9 5 2 17 13 15 10 20
split_gain=11.1964 12.8583 16.6986 20.6082 12.526 11.8258 10.1264 18.6426 15.3222 13.599 9.39592 9.25657 8.43166 6.57028 4.95371
threshold=4.5000000000000009 22.500000000000004 36.250000000000007 9.1500000000000004 32.500000000000007 14.500000000000002 35.95000000000001 90.350000000000009 1.0000000180025095e-35 5.5000000000000009 7.5000000000000009 15.500000000000002 56.718750000000007 35.850000000000001 6.5000000000000009
decision_type=2 2 2 2 2 2 2 2 2 2 2 2 2 2 2
left_child=6 2 3 -2 10 -6 9 -8 -9 11 -3 -1 -4 -11 -5
right_child=1 4 12 14 5 -7 7 8 -10 13 -12 -13 -14 -15 -16
leaf_value=0.0071575894579291345 0.032850688825482914 0.049266535835340623 -0.020685821138322354 -0.010237469911226073 -0.028313737372426612 0.015964777261018755 0.04654001188842026 -0.028762580175013382 0.029006176712838089 0.037599708494685948 0.00080026239156723029 -0.035483412891626362 -0.064241798758506774 -0.0024435448274016383 -0.043930573984980584
leaf_weight=20 23 20 20 24 38 25 37 24 22 21 20 35 25 20 20
leaf_count=20 23 20 20 24 38 25 37 24 22 21 20 35 25 20 20
internal_value=-0.00190915 -0.00959987 -0.0213259 -0.00550366 0.00315081 -0.0107429 0.00732832 0.0201182 -0.00113404 -0.00372963 0.0250334 -0.0199776 -0.0448836 0.0180664 -0.0255525
internal_weight=394 215 112 67 103 63 179 83 46 96 40 55 45 41 44
internal_count=394 215 112 67 103 63 179 83 46 96 40 55 45 41 44
is_linear=0
shrinkage=0.05


Tree=89
num_leaves=16
num_cat=0
split_feature=5 17 18 10 9 18 9 10 10 11 7 13 14 9 14
split_gain=10.5723 13.3198 10.1454 15.4076 23.1208 13.1906 13.5908 8.90402 8.66438 26.4724 6.09544 10.1331 8.99373 5.42376 1.29072
threshold=1.5000000000000002 4.5000000000000009 22.500000000000004 36.250000000000007 9.1500000000000004 32.500000000000007 13.65 38.45000000000001 36.650000000000013 487.00000000000006 55.500000000000007 15.500000000000002 37.355555555555561 34.050000000000004 60.178095238095246
decision_type=2 2 2 2 2 2 2 2 2 2 2 2 2 2 2
left_child=1 7 3 4 -3 -4 -7 8 10 -10 -1 12 -12 -5 -6
right_child=-2 2 5 13 14 6 -8 -9 9 -11 11 -13 -14 -15 -16
leaf_value=0.031261090338230137 -0.03397257822410514 0.037476163018833511 0.026069703416310642 -0.061836247947067026 -0.017357621230185034 -0.037764183845784928 0.010758445111493911 -0.020843766294419766 0.067819019991904497 -0.0065091717178406925 -0.0056460327214815399 -0.01804481799212786 0.039564913443543695 -0.025454178931457655 -0.035320887789130215
leaf_weight=20 24 22 38 20 20 27 31 20 25 23 22 39 22 21 20
leaf_count=20 24 22 38 20 20 27 31 20 25 23 22 39 22 21 20
internal_value=-0.00181369 0.000272294 -0.00852176 -0.0194209 -0.00369507 0.00317216 -0.0118297 0.0105063 0.0146586 0.0322034 0.00648242 0.000511656 0.0169594 -0.0432015 -0.0263393
internal_weight=394 370 199 103 62 96 58 171 151 48 103 83 44 41 40
internal_count=394 370 199 103 62 96 58 171 151 48 103 83 44 41 40
is_linear=0
shrinkage=0.05


Tree=90
num_leaves=14
num_cat=0
split_feature=17 11 11 13 9 19 4 19 20 9 19 19 19
split_gain=13.309 22.978 14.981 22.9809 14.9027 13.9956 11.7893 11.2542 16.4707 23.4708 10.9039 33.0181 13.8655
threshold=4.5000000000000009 522.00000000000011 481.00000000000006 15.500000000000002 90.350000000000009 13.500000000000002 11.500000000000002 4.5000000000000009 8.5000000000000018 29.350000000000005 8.5000000000000018 3.5000000000000004 14.500000000000002
decision_type=2 2 2 2 2 2 2 2 2 2 2 2 2
left_child=4 2 7 -4 10 -5 -6 -2 9 -9 11 -1 -12
right_child=1 -3 3 5 6 -7 -8 8 -10 -11 12 -13 -14
leaf_value=-0.0060731012712825433 0.014834704839337904 -0.055236416906965048 -0.020610641261627087 0.049917670381010366 -0.03866192496127703 0.0011463767305637399 0.011070168204605581 0.017124557433029017 -0.055015881856282561 -0.048427413200790234 -0.011363916877561655 0.076445305292253143 0.032672760539659951
leaf_weight=22 26 22 33 38 22 24 26 36 27 22 39 27 33
leaf_count=22 26 22 33 38 22 24 26 36 27 22 39 27 33
internal_value=0.00121681 -0.00666497 -0.00147773 0.0130972 0.0118502 0.0310385 -0.0117237 -0.0139518 -0.022757 -0.00773998 0.0212018 0.0393962 0.00881956
internal_weight=397 228 206 95 169 62 48 111 85 58 121 49 72
internal_count=397 228 206 95 169 62 48 111 85 58 121 49 72
is_linear=0
shrinkage=0.05


Tree=91
num_leaves=14
num_cat=0
split_feature=17 11 14 11 13 19 19 18 11 10 11 11 10
split_gain=12.0114 20.7377 13.5926 13.5203 20.7403 12.631 10.1569 15.1441 14.0129 9.73523 12.4366 11.4099 9.08302
threshold=4.5000000000000009 522.00000000000011 75.561111111111117 481.00000000000006 15.500000000000002 13.500000000000002 4.5000000000000009 17.500000000000004 465.00000000000006 37.250000000000007 491.00000000000006 465.00000000000006 37.95000000000001
decision_type=2 2 2 2 2 2 2 2 2 2 2 2 2
left_child=2 3 9 6 -5 -6 -2 -8 -9 10 11 -1 -11
right_child=1 -3 -4 4 5 -7 7 8 -10 12 -12 -13 -14
leaf_value=0.033227154037782126 0.014092970191716001 -0.052474597871134232 -0.024468851509585006 -0.019580109922610452 0.047421786385147199 0.0010890579239154856 -0.058462821089086084 0.009202051611664968 -0.038751648649573332 -0.027818015385419132 0.049900030451552835 -0.007146013081073762 0.018738819955086167
leaf_weight=35 26 22 23 33 38 24 21 39 25 20 34 35 22
leaf_count=35 26 22 23 33 38 24 21 39 25 20 34 35 22
internal_value=0.00115597 -0.00633172 0.0112577 -0.00140384 0.0124423 0.0294865 -0.0132542 -0.0216192 -0.00952986 0.0168859 0.0250908 0.0130406 -0.0034311
internal_weight=397 228 169 206 95 62 111 85 64 146 104 70 42
internal_count=397 228 169 206 95 62 111 85 64 146 104 70 42
is_linear=0
shrinkage=0.05


Tree=92
num_leaves=15
num_cat=0
split_feature=17 11 15 16 16 18 16 16 14 15 10 11 11 10
split_gain=10.8403 18.7157 15.8762 16.7718 15.7748 12.6499 20.0351 13.2641 12.2674 9.19215 8.78604 11.224 10.2975 8.19743
threshold=4.5000000000000009 522.00000000000011 55.732638888888893 42.500000000000007 10.500000000000002 37.500000000000007 35.500000000000007 8.5000000000000018 75.561111111111117 57.083333333333343 37.250000000000007 491.00000000000006 465.00000000000006 37.95000000000001
decision_type=2 2 2 2 2 2 2 2 2 2 2 2 2 2
left_child=8 2 4 5 -2 6 7 -4 10 -9 11 12 -1 -12
right_child=1 -3 3 -5 -6 -7 -8 9 -10 -11 13 -13 -14 -15
leaf_value=0.031565795498234885 -0.057379730994051151 -0.049850868230516265 0.036725789596957548 -0.034793381889661155 -0.0016379095055162906 -0.016572017581867323 0.066278026914224034 0.014143454196552436 -0.023245408292859794 -0.02737194911266367 -0.02642711437307298 0.04740502975661965 -0.0067887131763356076 0.017801879837431693
leaf_weight=35 22 22 31 21 30 28 20 30 23 24 20 34 35 22
leaf_count=35 22 22 31 21 30 28 20 30 23 24 20 34 35 22
internal_value=0.00109817 -0.00601514 -0.00133365 0.0067322 -0.025221 0.0132889 0.0212518 0.0106574 0.0106948 -0.00430784 0.0160416 0.0238362 0.0123885 -0.00325955
internal_weight=397 228 206 154 52 133 105 85 169 54 146 104 70 42
internal_count=397 228 206 154 52 133 105 85 169 54 146 104 70 42
is_linear=0
shrinkage=0.05


Tree=93
num_leaves=16
num_cat=0
split_feature=17 11 15 16 16 9 15 19 4 19 19 19 13 18 11
split_gain=9.78337 16.8909 14.3282 15.1366 14.2367 12.7242 12.0252 14.3356 10.3907 9.81614 28.8449 13.0718 15.0006 8.64033 4.39108
threshold=4.5000000000000009 522.00000000000011 55.732638888888893 42.500000000000007 10.500000000000002 90.350000000000009 56.937500000000007 9.5000000000000018 11.500000000000002 8.5000000000000018 3.5000000000000004 15.500000000000002 15.500000000000002 25.500000000000004 477.00000000000006
decision_type=2 2 2 2 2 2 2 2 2 2 2 2 2 2 2
left_child=5 2 4 6 -2 9 14 -8 -7 10 -1 12 -11 -9 -4
right_child=1 -3 3 -5 -6 8 7 13 -10 11 -12 -13 -14 -15 -16
leaf_value=-0.0064346294850111015 -0.05451074440709569 -0.047358324162831367 0.015483512906801134 -0.033053711996901602 -0.0015560136114557586 -0.036912617400627248 0.023626994852645276 0.0040893354291177313 0.0097763349302113067 0.018783953040838242 0.070692847696719338 0.034556756058224926 -0.038966507684778086 -0.039250402881399443 0.045968419903268415
leaf_weight=22 22 22 21 21 30 22 39 23 26 23 27 27 22 23 27
leaf_count=22 22 22 21 21 30 22 39 23 26 23 27 27 22 23 27
internal_value=0.00104326 -0.00571438 -0.00126697 0.00639559 -0.0239599 0.0101601 0.0126244 0.00132645 -0.0116228 0.0188012 0.0360642 0.00705278 -0.00944961 -0.0175805 0.0326313
internal_weight=397 228 206 154 52 169 133 85 48 121 49 72 45 46 48
internal_count=397 228 206 154 52 169 133 85 48 121 49 72 45 46 48
is_linear=0
shrinkage=0.05


Tree=94
num_leaves=17
num_cat=0
split_feature=19 15 18 7 1 10 20 9 9 9 11 11 20 16 16 10
split_gain=7.34074 12.7668 11.9463 18.8376 11.9245 11.1163 13.7257 25.2037 22.5378 13.923 10.2279 8.91949 9.60874 8.12307 7.23453 4.19219
threshold=10.500000000000002 55.953125000000007 3.5000000000000004 55.500000000000007 3.5000000000000004 34.350000000000001 8.5000000000000018 23.550000000000001 5.7500000000000009 21.850000000000005 483.00000000000006 497.00000000000006 8.5000000000000018 14.500000000000002 3.5000000000000004 35.350000000000001
decision_type=2 2 2 2 2 2 2 2 2 2 2 2 2 2 2 2
left_child=1 15 3 -3 10 -2 7 8 -7 -8 -4 12 -5 -10 -9 -1
right_child=5 2 4 11 -6 6 9 14 13 -11 -12 -13 -14 -15 -16 -17
leaf_value=-0.00016330778598785403 0.018678111038906011 0.041889208650378429 -0.0086793566566138042 -0.021107084266841412 0.062139640713021874 -0.025988996885716917 -0.062776142900640319 -0.0091793981804089118 0.019160517505728281 -0.010408057346940041 0.040668475893991335 -0.034196210086345678 0.027318016776726364 0.061545045301318171 -0.048874515194135409 -0.031395597400313079
leaf_weight=21 38 23 21 20 21 20 22 22 26 30 21 25 21 20 24 22
leaf_count=21 38 23 21 20 21 20 22 22 26 30 21 25 21 20 24 22
internal_value=0.000991096 0.00791105 0.0147157 0.00292228 0.0313763 -0.00568906 -0.0113351 -0.00147893 0.0183226 -0.0325638 0.0159946 -0.0106571 0.00369602 0.0375886 -0.0298899 -0.0161426
internal_weight=397 195 152 89 63 202 164 112 66 52 42 66 41 46 46 43
internal_count=397 195 152 89 63 202 164 112 66 52 42 66 41 46 46 43
is_linear=0
shrinkage=0.05


Tree=95
num_leaves=16
num_cat=0
split_feature=11 16 17 11 16 10 15 8 16 19 11 15 10 11 16
split_gain=18.9921 19.3551 17.0797 12.7617 14.1671 10.4155 14.4181 9.97377 18.3399 8.15612 10.0752 17.1191 6.35284 6.32076 1.41623
threshold=522.00000000000011 15.500000000000002 4.5000000000000009 485.00000000000006 32.500000000000007 37.150000000000013 55.732638888888893 3.5000000000000004 7.5000000000000009 3.5000000000000004 471.00000000000006 57.033333333333339 35.350000000000001 487.00000000000006 20.500000000000004
decision_type=2 2 2 2 2 2 2 2 2 2 2 2 2 2 2
left_child=1 2 5 4 14 6 -1 -4 -9 -8 -11 -12 -6 -7 -3
right_child=-2 3 7 -5 12 13 9 8 -10 10 11 -13 -14 -15 -16
leaf_value=0.050007993653416641 -0.040844471233763863 0.019644968323409558 0.0037295742049103693 0.043280958904263873 0.0064883588728579609 -0.00046731991873633473 -0.024206793707396305 -0.058003421301125659 0.0017133216373622418 0.036042890554437268 -0.037532607838511471 0.024530284598469735 -0.031959075287782718 -0.035061790599771173 0.038461375045590107
leaf_weight=20 28 20 21 36 22 31 21 36 20 26 20 25 21 23 20
leaf_count=20 28 20 21 36 22 31 21 36 20 26 20 25 21 23 20
internal_value=-0.00117104 0.00189762 -0.00619303 0.0184189 0.0076353 0.00283512 0.0115316 -0.0256563 -0.036676 0.00316715 0.0112637 -0.00305322 -0.0122883 -0.015202 0.0290532
internal_weight=390 362 243 119 83 166 112 77 56 92 71 45 43 54 40
internal_count=390 362 243 119 83 166 112 77 56 92 71 45 43 54 40
is_linear=0
shrinkage=0.05


Tree=96
num_leaves=16
num_cat=0
split_feature=16 17 9 18 18 19 16 16 18 7 17 2 14 8 2
split_gain=13.2526 22.1712 14.5676 13.4481 11.8045 16.5233 10.9768 10.4521 8.5033 12.2133 9.21617 19.8718 13.8333 9.29452 3.2272
threshold=16.500000000000004 4.5000000000000009 9.9500000000000011 29.500000000000004 10.500000000000002 13.500000000000002 35.500000000000007 30.500000000000004 32.500000000000007 56.500000000000007 2.5000000000000004 5.5000000000000009 70.028125000000017 9.5000000000000018 5.5000000000000009
decision_type=2 2 2 2 2 2 2 2 2 2 2 2 2 2 2
left_child=1 8 -3 -4 6 -6 -2 -7 10 -10 14 12 -12 -13 -1
right_child=4 2 3 -5 5 7 -8 -9 9 -11 11 13 -14 -15 -16
leaf_value=-0.0092359294398920624 -0.031912858897577161 -0.001253703866592225 -0.060611572640167699 -0.010515392074982326 0.054328105695031839 0.032571235680509181 0.016425033976944784 -0.014855547471401784 0.050910608088597653 -0.0010608097681632409 -0.040051382918048793 0.055414247289299973 0.01405661553144455 0.0077875139723931038 -0.037640146911144257
leaf_weight=20 23 34 37 21 29 21 24 26 20 26 27 20 21 21 20
leaf_count=20 23 34 37 21 29 21 24 26 20 26 27 20 21 21 20
internal_value=-0.00111249 -0.00736833 -0.02724 -0.0424733 0.0124673 0.0246482 -0.00722968 0.00633514 0.00307848 0.0215355 -0.00350308 0.00545645 -0.0163791 0.0310201 -0.023438
internal_weight=390 267 92 58 123 76 47 47 175 46 129 89 48 41 40
internal_count=390 267 92 58 123 76 47 47 175 46 129 89 48 41 40
is_linear=0
shrinkage=0.05


Tree=97
num_leaves=15
num_cat=0
split_feature=11 16 17 11 16 6 18 9 16 10 4 11 18 10
split_gain=17.1107 16.1447 13.716 11.9235 12.4041 11.2932 13.8882 10.0559 14.7418 8.36275 11.0017 20.553 7.88851 5.66796
threshold=522.00000000000011 15.500000000000002 4.5000000000000009 485.00000000000006 32.500000000000007 6.5000000000000009 32.500000000000007 9.9500000000000011 5.5000000000000009 37.45000000000001 11.500000000000002 485.00000000000006 24.500000000000004 35.350000000000001
decision_type=2 2 2 2 2 2 2 2 2 2 2 2 2 2
left_child=1 2 5 4 12 6 9 -4 -9 10 -1 -12 -3 -6
right_child=-2 3 7 -5 13 -7 -8 8 -10 -11 11 -13 -14 -15
leaf_value=0.02972267998923217 -0.038713976847273963 0.0043580148369073866 0.00092792397897158347 0.04097665634730624 0.0056142847392369405 -0.030808216367255559 0.033133003793847864 -0.060384874245417976 -0.004966311280926069 -0.025208975148520302 -0.039446529835462568 0.02765101788321599 0.048766665197908877 -0.030701585750405987
leaf_weight=31 28 20 28 36 22 22 39 28 21 28 25 21 20 21
leaf_count=31 28 20 28 36 22 22 39 28 21 28 25 21 20 21
internal_value=-0.00105687 0.00185584 -0.00553342 0.0169448 0.00652138 0.00255703 0.00765449 -0.0229752 -0.0366341 -0.00180895 0.00670015 -0.00881504 0.0265623 -0.0121214
internal_weight=390 362 243 119 83 166 144 77 49 105 77 46 40 43
internal_count=390 362 243 119 83 166 144 77 49 105 77 46 40 43
is_linear=0
shrinkage=0.05


Tree=98
num_leaves=15
num_cat=0
split_feature=11 16 17 11 16 6 18 3 11 6 5 4 18 10
split_gain=15.4424 14.5706 12.3787 10.761 11.1947 10.1921 12.5341 9.20677 14.0864 8.10875 13.7783 9.36839 7.11938 5.11533
threshold=522.00000000000011 15.500000000000002 4.5000000000000009 485.00000000000006 32.500000000000007 6.5000000000000009 32.500000000000007 7.5000000000000009 477.00000000000006 4.5000000000000009 1.0000000180025095e-35 11.500000000000002 24.500000000000004 35.350000000000001
decision_type=2 2 2 2 2 2 2 2 2 2 2 2 2 2
left_child=1 2 5 4 12 6 9 8 -4 11 -11 -1 -3 -6
right_child=-2 3 7 -5 13 -7 -8 -9 -10 10 -12 -13 -14 -15
leaf_value=0.0076849115391572319 -0.03677827883511782 0.0041401138901710514 -0.066208828453506743 0.038927822446243633 0.0053335705602710901 -0.029267805442214013 0.031476353615140305 -0.00076552117543835798 -0.010660647779703141 0.035159389456284461 -0.013580440511477405 -0.03721599305191866 0.046328331548720597 -0.029166506185373739
leaf_weight=21 28 20 21 36 22 22 39 31 25 29 29 26 20 21
leaf_count=21 28 20 21 36 22 22 39 31 25 29 29 26 20 21
internal_value=-0.00100402 0.00176305 -0.00525675 0.0160976 0.00619531 0.00242917 0.00727177 -0.0218264 -0.0360196 -0.00171851 0.0107895 -0.0171539 0.0252342 -0.0115153
internal_weight=390 362 243 119 83 166 144 77 46 105 58 47 40 43
internal_count=390 362 243 119 83 166 144 77 46 105 58 47 40 43
is_linear=0
shrinkage=0.05


Tree=99
num_leaves=14
num_cat=0
split_feature=10 13 20 10 9 19 16 16 5 17 18 13 2
split_gain=12.9989 18.8906 8.87651 12.4484 12.9512 8.26194 4.81686 11.5024 15.2466 8.76151 6.79923 4.63889 4.29773
threshold=35.95000000000001 17.000000000000004 6.5000000000000009 37.050000000000004 34.050000000000004 6.5000000000000009 18.500000000000004 30.500000000000004 1.0000000180025095e-35 4.5000000000000009 18.500000000000004 15.500000000000002 5.5000000000000009
decision_type=2 2 2 2 2 2 2 2 2 2 2 2 2
left_child=6 2 3 4 -2 -4 9 -8 -9 10 -1 -11 -5
right_child=1 -3 5 12 -6 -7 7 8 -10 11 -12 -13 -14
leaf_value=-0.0011989309691957065 -0.056538053725846117 -0.048118854726531678 0.027445849973489256 0.020691891150041063 -0.0045489304253588554 -0.0066970174930788377 0.048661099357361147 0.031974101070638583 -0.027717219069600108 -0.025833932875559247 0.029749856273540196 0.001987072152476157 -0.0096091377437114711
leaf_weight=35 25 28 34 22 23 37 22 23 20 29 36 31 25
leaf_count=35 25 28 34 22 23 37 22 23 20 29 36 31 25
internal_value=-0.000953822 -0.0101291 -0.00372117 -0.0137167 -0.0316266 0.00965309 0.00812781 0.0192554 0.0042107 0.00260647 0.0144934 -0.0114597 0.00457432
internal_weight=390 194 166 95 48 71 196 65 43 131 71 60 47
internal_count=390 194 166 95 48 71 196 65 43 131 71 60 47
is_linear=0
shrinkage=0.05


Tree=100
num_leaves=15
num_cat=0
split_feature=6 20 18 10 8 18 10 11 10 15 6 14 3 17
split_gain=11.6342 12.544 13.9182 17.7334 33.7484 9.82268 19.3129 23.567 9.76396 17.1401 8.28022 15.491 7.9632 1.55228
threshold=5.5000000000000009 8.5000000000000018 2.5000000000000004 34.850000000000001 7.5000000000000009 21.500000000000004 36.350000000000001 479.00000000000006 35.95000000000001 57.208333333333336 4.5000000000000009 60.178095238095246 6.5000000000000009 4.5000000000000009
decision_type=2 2 2 2 2 2 2 2 2 2 2 2 2 2
left_child=1 5 -3 -4 -5 6 7 -1 12 -10 11 13 -2 -7
right_child=8 2 3 4 -6 10 -8 -9 9 -11 -12 -13 -14 -15
leaf_value=-0.022357610582063595 0.044426219215577781 0.0050002280279601878 0.0018336276635527613 -0.097637382788317545 -0.013123929866210179 0.015744030564313845 -0.037644297670986919 0.050171569575156484 -0.03301785914599896 0.025531393438577656 -0.01031908440589905 0.059924058616161346 0.0082904527925195242 -0.003719531921669841
leaf_weight=24 30 38 25 21 27 21 36 21 25 25 25 20 31 20
leaf_count=24 30 38 25 21 27 21 36 21 25 25 25 20 31 20
internal_value=-0.00104804 -0.00651194 -0.0195395 -0.0323136 -0.0500986 0.00214709 -0.0103478 0.0114893 0.0126363 -0.00374323 0.0139156 0.0238478 0.0260621 0.00624961
internal_weight=389 278 111 73 48 167 81 45 111 50 86 61 61 41
internal_count=389 278 111 73 48 167 81 45 111 50 86 61 61 41
is_linear=0
shrinkage=0.05


Tree=101
num_leaves=14
num_cat=0
split_feature=6 20 19 8 9 18 10 11 10 15 6 4 17
split_gain=10.4998 11.321 21.5143 17.0373 11.6916 8.86497 17.4299 21.2692 8.81197 15.4689 7.4729 14.2432 7.11085
threshold=5.5000000000000009 8.5000000000000018 10.500000000000002 7.5000000000000009 27.950000000000003 21.500000000000004 36.350000000000001 479.00000000000006 35.95000000000001 57.208333333333336 4.5000000000000009 11.500000000000002 6.5000000000000009
decision_type=2 2 2 2 2 2 2 2 2 2 2 2 2
left_child=1 5 4 -4 -3 6 7 -1 12 -10 11 -7 -2
right_child=8 2 3 -5 -6 10 -8 -9 9 -11 -12 -13 -14
leaf_value=-0.021239730001737678 0.010045445518834252 0.018658128774000537 -0.076838973147625278 -0.014612693813714115 -0.023232053178212336 -0.0011124095248599207 -0.035762082599103455 0.04766299119662671 -0.031366966128349306 0.024254823982715609 -0.0098031304478645338 0.047215470336377623 0.044565788069023539
leaf_weight=24 35 36 22 22 31 31 36 21 25 25 25 30 26
leaf_count=24 35 36 22 22 31 31 36 21 25 25 25 30 26
internal_value=-0.000995642 -0.00618634 -0.0185625 -0.0457258 -0.000723896 0.00203973 -0.00983044 0.0109149 0.0120045 -0.00355607 0.0132198 0.0226554 0.024759
internal_weight=389 278 111 44 67 167 81 45 111 50 86 61 61
internal_count=389 278 111 44 67 167 81 45 111 50 86 61 61
is_linear=0
shrinkage=0.05


Tree=102
num_leaves=14
num_cat=0
split_feature=15 10 13 9 3 19 10 13 14 10 16 19 14
split_gain=10.0287 9.23153 33.6385 9.0119 15.9788 8.01949 16.4058 13.6378 16.7503 15.6533 3.93728 11.6023 9.12009
threshold=57.597222222222229 35.95000000000001 17.000000000000004 19.750000000000004 6.5000000000000009 9.5000000000000018 34.750000000000007 13.500000000000002 60.178095238095246 34.750000000000007 11.500000000000002 3.5000000000000004 65.475000000000009
decision_type=2 2 2 2 2 2 2 2 2 2 2 2 2
left_child=1 5 3 4 -3 6 -1 -7 -9 -10 11 -5 -13
right_child=-2 2 -4 10 -6 7 -8 8 9 -11 -12 12 -14
leaf_value=-0.006831793401922498 0.027340081668105622 -0.05288413152808235 -0.065051742136478422 0.028370307969010397 0.0012131378532220156 -0.030620569137461258 0.040921210807219555 0.044626507840373301 0.02148407891392708 -0.032948816717336224 0.021656544434447443 0.0070150868523688546 -0.040162610188126564
leaf_weight=35 29 21 25 23 39 33 37 22 25 28 31 21 20
leaf_count=35 29 21 25 23 39 33 37 22 25 28 31 21 20
internal_value=-0.00094586 -0.00322445 -0.0112312 -0.00255045 -0.0177209 0.00478229 0.0177079 -0.00383482 0.00795091 -0.00727292 0.00703089 -5.34109e-05 -0.0159984
internal_weight=389 360 180 155 60 180 72 108 75 53 95 64 41
internal_count=389 360 180 155 60 180 72 108 75 53 95 64 41
is_linear=0
shrinkage=0.05


Tree=103
num_leaves=15
num_cat=0
split_feature=6 11 19 6 4 13 11 15 18 11 11 15 16 8
split_gain=9.18884 9.509 9.45799 13.8586 20.3891 15.9851 15.6983 14.967 16.4926 10.1658 7.92349 14.2977 13.4853 6.84692
threshold=5.5000000000000009 443.00000000000006 3.5000000000000004 4.5000000000000009 11.500000000000002 17.000000000000004 481.00000000000006 56.472222222222229 19.500000000000004 477.00000000000006 487.00000000000006 57.126984126984141 3.5000000000000004 4.5000000000000009
decision_type=2 2 2 2 2 2 2 2 2 2 2 2 2 2
left_child=1 -1 9 5 -5 7 -7 -4 -9 -3 11 -2 -12 -10
right_child=10 2 3 4 -6 6 -8 8 13 -11 12 -13 -14 -15
leaf_value=-0.030950962029623264 -0.0012182822244034873 0.043584618469079336 0.051585437126812489 0.0054584626032135874 -0.050535548458228247 -0.054913548268377778 0.0045180113017559056 -0.032130737060850317 0.0020610234784809024 -0.0024356448390920249 -0.020264186001279289 0.049776285381189417 0.030942583829164507 0.042482853010296827
leaf_weight=33 27 21 21 29 37 20 25 22 22 28 36 28 20 20
leaf_count=33 27 21 21 29 37 20 25 22 22 28 36 28 20 20
internal_value=-0.000898567 -0.00575441 -0.00236059 -0.00727257 -0.0259321 0.00220075 -0.021896 0.0149579 0.00293943 0.0172873 0.0112629 0.0247426 -0.00197605 0.0213095
internal_weight=389 278 245 196 66 130 45 85 64 49 111 55 56 42
internal_count=389 278 245 196 66 130 45 85 64 49 111 55 56 42
is_linear=0
shrinkage=0.05


Tree=104
num_leaves=17
num_cat=0
split_feature=15 5 11 19 20 10 16 9 9 10 18 18 10 19 11 14
split_gain=8.99282 10.3219 6.71318 10.1727 21.873 23.4909 16.0312 14.1148 20.2271 14.7881 13.8648 9.71358 9.31398 8.53223 7.94677 4.19622
threshold=57.597222222222229 1.5000000000000002 445.00000000000006 8.5000000000000018 8.5000000000000018 34.850000000000001 15.500000000000002 126.40000000000002 7.7500000000000009 35.750000000000007 21.500000000000004 21.500000000000004 36.850000000000001 8.5000000000000018 477.00000000000006 61.412053571428579
decision_type=2 2 2 2 2 2 2 2 2 2 2 2 2 2 2 2
left_child=1 2 13 7 6 -6 10 8 -4 -10 -5 -7 -11 -1 -12 -8
right_child=-2 -3 3 4 5 11 15 -9 9 12 14 -13 -14 -15 -16 -17
leaf_value=-0.043177175186574462 0.025931595702623503 -0.036196551082486456 -0.020494071352295581 -0.0422104599326849 0.010813761506553578 -0.027962480616406538 0.015909070558845998 -0.016781579580655771 0.066260291600170038 -0.0063043414056301126 0.028919681040165221 -0.077241227477788929 0.041950133470818406 0.0030078484863042833 -0.0087052971331609622 0.047910299985891303
leaf_weight=20 29 22 20 20 23 20 20 29 26 20 23 20 20 20 36 21
leaf_count=20 29 22 20 20 23 20 20 29 26 20 23 20 20 20 36 21
internal_value=-0.000853638 -0.00301134 -0.000851354 0.0017303 -0.00559294 -0.0294501 0.00693209 0.0133838 0.0235558 0.0369043 -0.00623351 -0.0526019 0.0178229 -0.0200847 0.00596207 0.0322999
internal_weight=389 360 338 298 183 63 120 115 86 66 79 40 40 40 59 41
internal_count=389 360 338 298 183 63 120 115 86 66 79 40 40 40 59 41
is_linear=0
shrinkage=0.05


Tree=105
num_leaves=16
num_cat=0
split_feature=14 15 10 13 17 4 9 10 10 9 9 18 10 20 3
split_gain=9.01059 8.03271 18.2299 25.3462 20.0429 15.9904 17.206 16.2327 14.4303 16.8458 13.9521 9.99805 8.71067 5.63692 5.13356
threshold=77.673611111111114 57.105555555555569 34.650000000000013 15.500000000000002 4.5000000000000009 11.500000000000002 74.800000000000026 37.250000000000007 37.150000000000013 41.000000000000007 22.250000000000004 26.500000000000004 36.350000000000001 6.5000000000000009 7.5000000000000009
decision_type=2 2 2 2 2 2 2 2 2 2 2 2 2 2 2
left_child=1 2 3 14 8 10 7 -7 9 -4 -3 12 13 -6 -1
right_child=-2 5 4 -5 11 6 -8 -9 -10 -11 -12 -13 -14 -15 -16
leaf_value=0.011791413892060518 0.022771373787560528 0.0098888131426904773 -0.0052903711582933154 0.058395897482775828 -0.0085818815231323252 0.035339620802551507 0.061523074479330156 -0.024120635872135279 -0.03264973631926945 0.051355304435959884 -0.045658993721008304 -0.0070215917224514084 -0.064107149287506382 -0.046121606044471269 -0.022194626539945604
leaf_weight=20 39 26 35 22 20 24 21 22 21 21 20 29 27 20 25
leaf_count=20 39 26 35 22 20 24 21 22 21 21 20 29 27 20 25
internal_value=-3.51233e-05 -0.00255482 -0.00773026 0.014413 -0.016306 0.00843726 0.0240221 0.00690211 0.0026968 0.0159518 -0.0142624 -0.0315478 -0.0421636 -0.0273517 -0.00708972
internal_weight=392 353 240 67 173 113 67 46 77 56 46 96 67 40 45
internal_count=392 353 240 67 173 113 67 46 77 56 46 96 67 40 45
is_linear=0
shrinkage=0.05


Tree=106
num_leaves=13
num_cat=0
split_feature=10 14 20 14 15 6 10 15 16 9 10 9
split_gain=8.8596 8.93604 14.6833 13.5028 19.9912 13.9867 11.98 10.6643 13.4722 13.5556 10.2224 9.49165
threshold=33.350000000000001 39.705555555555563 4.5000000000000009 49.925000000000004 55.842013888888893 6.5000000000000009 36.250000000000007 56.440972222222229 24.500000000000004 9.3500000000000032 35.750000000000007 26.350000000000005
decision_type=2 2 2 2 2 2 2 2 2 2 2 2
left_child=-1 2 -2 6 11 7 -3 -6 9 -9 -10 -5
right_child=1 3 -4 4 5 -7 -8 8 10 -11 -12 -13
leaf_value=0.030074727632429289 -0.053402667652283402 0.045698144132721018 0.00074663674158434716 -0.010339911502820475 0.039368278905749322 -0.030892717623366761 0.00098922083214406055 0.040609016472233403 0.0045669701600854753 0.0017956257002746186 -0.045380459903251562 -0.052666206801166904
leaf_weight=23 21 29 31 27 24 26 31 31 20 82 21 26
leaf_count=23 21 29 31 27 24 26 31 31 20 82 21 26
internal_value=-3.33671e-05 -0.00191002 -0.0211214 0.00124136 -0.00374475 0.00336323 0.0225985 0.00836691 0.00353552 0.0124435 -0.0210159 -0.0311038
internal_weight=392 369 52 317 257 204 60 178 154 113 41 53
internal_count=392 369 52 317 257 204 60 178 154 113 41 53
is_linear=0
shrinkage=0.05


Tree=107
num_leaves=16
num_cat=0
split_feature=14 17 9 9 3 6 3 17 15 19 9 19 19 15 11
split_gain=7.50548 7.41546 11.2591 10.5389 13.2684 9.77181 8.62515 7.95966 28.5966 10.7248 5.87715 7.33193 5.8305 3.39792 1.95776
threshold=77.673611111111114 6.5000000000000009 25.650000000000002 47.750000000000007 7.5000000000000009 5.5000000000000009 7.5000000000000009 10.500000000000002 55.226495726495735 12.500000000000002 90.350000000000009 8.5000000000000018 8.5000000000000018 55.953125000000007 485.00000000000006
decision_type=2 2 2 2 2 2 2 2 2 2 2 2 2 2 2
left_child=1 2 6 -4 10 7 12 8 -3 -10 -5 -12 -1 -14 -8
right_child=-2 5 3 4 -6 -7 14 -9 9 -11 11 -13 13 -15 -16
leaf_value=0.048956168852746486 0.020783059830323625 0.018830180026236036 -0.03357457366996798 0.010318798539431198 0.033851295515247015 0.014255469106137753 0.0083933548070490357 0.00014844617673328946 -0.026873281259428373 -0.075704339308583224 -0.039502244908362627 0.0014884225372225049 0.0011762283369898797 0.029081226609802498 -0.013464965600342977
leaf_weight=20 39 21 29 23 23 28 20 35 22 23 24 20 20 24 21
leaf_count=20 39 21 29 23 23 28 20 35 22 23 24 20 20 24 21
internal_value=-3.16985e-05 -0.00233135 0.00316814 -0.00736165 0.00108474 -0.0118808 0.0151019 -0.0191266 -0.0293482 -0.0518314 -0.0101635 -0.0208701 0.0265718 0.0163971 -0.00280237
internal_weight=392 353 224 119 90 129 105 101 66 45 67 44 64 44 41
internal_count=392 353 224 119 90 129 105 101 66 45 67 44 64 44 41
is_linear=0
shrinkage=0.05


Tree=108
num_leaves=11
num_cat=0
split_feature=10 14 14 15 16 16 14 15 10 1
split_gain=7.50288 7.91531 12.0937 18.3719 11.4644 18.9642 16.8848 10.6814 10.5645 3.75354
threshold=33.350000000000001 39.705555555555563 49.925000000000004 55.45913461538462 40.500000000000007 27.500000000000004 61.412053571428579 57.409722222222229 36.250000000000007 3.5000000000000004
decision_type=2 2 2 2 2 2 2 2 2 2
left_child=-1 9 8 -4 5 6 -5 -8 -3 -2
right_child=1 2 3 4 -6 -7 7 -9 -10 -11
leaf_value=0.027676924123712213 -0.031341708811620871 0.043112907712829523 -0.041741210268810391 -0.036637034200664075 -0.030095342260140642 0.04260221180859311 0.011748717261905798 -0.024741294760800281 0.0011283490566476699 -0.0041510298848152164
leaf_weight=23 30 29 28 28 26 29 122 24 31 22
leaf_count=23 30 29 28 28 26 29 122 24 31 22
internal_value=-3.0114e-05 -0.00175711 0.00120883 -0.00350993 0.00116463 0.00516837 -0.0010706 0.00575036 0.0214209 -0.019838
internal_weight=392 369 317 257 229 203 174 146 60 52
internal_count=392 369 317 257 229 203 174 146 60 52
is_linear=0
shrinkage=0.05


Tree=109
num_leaves=16
num_cat=0
split_feature=10 15 9 20 16 13 10 3 18 16 10 3 18 10 11
split_gain=6.77135 6.61943 17.6301 20.9155 15.2539 14.5997 22.2255 14.9426 13.5505 12.3448 6.39023 7.72197 5.9526 5.56412 3.47845
threshold=33.350000000000001 57.105555555555569 133.90000000000003 8.5000000000000018 38.500000000000007 14.500000000000002 34.650000000000013 8.5000000000000018 25.500000000000004 27.500000000000004 36.95000000000001 6.5000000000000009 14.500000000000002 34.650000000000013 477.00000000000006
decision_type=2 2 2 2 2 2 2 2 2 2 2 2 2 2 2
left_child=-1 4 3 8 5 7 -7 13 12 10 11 -8 -3 -2 -12
right_child=1 2 -4 -5 -6 6 9 -9 -10 -11 14 -13 -14 -15 -16
leaf_value=0.026293078129706177 0.013217792340687344 0.012599225768021175 0.050640818551182742 -0.037658284381697223 -0.041963871458062421 0.055517958379350613 -0.017451681991418205 -0.056646601908973283 -0.0096319519084047626 0.035034314133226878 -0.037516464080129354 0.016289916080542099 0.049815804413943128 -0.022763902715153314 -0.0083804680407047281
leaf_weight=23 21 21 20 28 27 20 30 21 37 20 21 39 22 22 20
leaf_count=23 21 21 20 28 27 20 30 21 37 20 21 39 22 22 20
internal_value=-2.86081e-05 -0.00166926 0.00751979 -0.000465581 -0.00654975 -0.00208161 0.00644898 -0.0220752 0.0125519 -0.0011001 -0.00766999 0.00161966 0.0316403 -0.00519145 -0.0233038
internal_weight=392 369 128 108 241 214 150 64 80 130 110 69 43 43 41
internal_count=392 369 128 108 241 214 150 64 80 130 110 69 43 43 41
is_linear=0
shrinkage=0.05


Tree=110
num_leaves=17
num_cat=0
split_feature=14 10 7 14 14 7 11 10 18 18 13 11 15 16 18 18
split_gain=8.98087 26.3767 14.3742 14.567 11.7587 11.4842 10.5461 10.1846 7.3478 7.70345 8.15826 7.17882 4.89188 4.84569 3.92539 3.84503
threshold=62.08348214285715 37.45000000000001 56.500000000000007 68.537259615384627 71.871875000000017 57.250000000000007 487.00000000000006 35.550000000000004 3.5000000000000004 33.500000000000007 15.500000000000002 491.00000000000006 56.937500000000007 1.5000000000000002 13.500000000000002 25.500000000000004
decision_type=2 2 2 2 2 2 2 2 2 2 2 2 2 2 2 2
left_child=1 5 4 15 14 6 8 11 -1 10 -10 -5 -9 -7 -2 -4
right_child=2 -3 3 7 -6 13 -8 12 9 -11 -12 -13 -14 -15 -16 -17
leaf_value=-0.019423159844044482 -0.0032942568697035312 -0.05262225006635373 0.039055948704481126 -0.014421500113200059 0.057181488317639931 0.0074781997874379157 -0.039154235329478981 -0.01005863543599844 0.00094262442805550313 -0.0094850913254600593 0.044002462821927942 0.026448970352343861 -0.043235039025545124 0.042283690385520462 0.02669853686044614 0.0087989883053870427
leaf_weight=33 20 26 21 22 23 20 20 20 22 33 22 21 25 20 24 21
leaf_count=33 20 26 21 22 23 20 20 20 22 33 22 21 25 20 24 21
internal_value=0.00185727 -0.00572044 0.00939652 -0.000299536 0.0282098 0.00145278 -0.00575589 -0.0118624 0.000316542 0.00877641 0.0224725 0.0055385 -0.02849 0.0248809 0.0130654 0.0239275
internal_weight=393 196 197 130 67 170 130 88 110 77 44 43 45 40 44 42
internal_count=393 196 197 130 67 170 130 88 110 77 44 43 45 40 44 42
is_linear=0
shrinkage=0.05


Tree=111
num_leaves=15
num_cat=0
split_feature=9 9 3 10 9 18 9 3 16 9 16 3 8 10
split_gain=8.73588 12.2075 22.8951 11.7946 18.8396 17.1395 13.9094 12.3477 9.98345 11.6631 14.4383 22.0537 13.006 4.6763
threshold=5.7500000000000009 3.3500000000000001 6.5000000000000009 36.45000000000001 34.050000000000004 24.500000000000004 133.90000000000003 6.5000000000000009 34.500000000000007 38.400000000000006 7.5000000000000009 6.5000000000000009 10.500000000000002 37.750000000000007
decision_type=2 2 2 2 2 2 2 2 2 2 2 2 2 2
left_child=1 -1 -3 6 5 -5 8 -6 9 10 11 -2 -11 -9
right_child=3 2 -4 4 7 -7 -8 13 -10 12 -12 -13 -14 -15
leaf_value=0.016830387474461039 0.052906568152364344 -0.069158507958054546 0.00037994948536928359 -0.048580118558473058 -0.011498417672427264 0.0046953737735748293 -0.019597737594611114 0.046532517727464445 -0.0104279978821675 -0.024957310763143361 0.059371010379658806 -0.011175787262618543 0.030054401369257407 0.013126883892850442
leaf_weight=22 25 20 29 36 34 26 27 20 24 21 36 29 22 22
leaf_count=22 25 20 29 36 34 26 27 20 24 21 36 29 22 22
internal_value=0.00176441 -0.014111 -0.0280031 0.0052649 -0.00578485 -0.0262388 0.0135522 0.0109013 0.0192531 0.0246091 0.0348436 0.018492 0.00318822 0.0290343
internal_weight=393 71 49 322 138 62 184 76 157 133 90 54 43 42
internal_count=393 71 49 322 138 62 184 76 157 133 90 54 43 42
is_linear=0
shrinkage=0.05


Tree=112
num_leaves=15
num_cat=0
split_feature=9 16 18 8 14 14 19 9 20 14 2 14 19 10
split_gain=8.17596 18.9349 11.9488 16.9876 14.9404 19.7712 17.9228 40.7071 11.4594 10.8813 10.8619 15.0363 13.8392 9.77457
threshold=14.65 26.500000000000004 26.500000000000004 11.500000000000002 62.08348214285715 49.054761904761911 8.5000000000000018 158.65000000000003 6.5000000000000009 39.705555555555563 5.5000000000000009 64.003125000000011 11.500000000000002 35.95000000000001
decision_type=2 2 2 2 2 2 2 2 2 2 2 2 2 2
left_child=1 10 4 8 5 9 7 -6 -4 -2 12 13 -1 -12
right_child=2 -3 3 -5 6 -7 -8 -9 -10 -11 11 -13 -14 -15
leaf_value=-0.044088371610268955 -0.018938909731805328 -0.046343088587029624 0.017015571674952903 -0.0058668359323884502 0.079721411534895509 -0.042957282242541382 -0.012094821335954799 -0.015601213932746933 0.063522827338713866 0.0325930683563153 0.021210147846828811 0.049535675541985603 0.0055017411873182834 -0.026480378565334139
leaf_weight=24 20 26 27 33 24 37 36 21 26 21 22 21 34 21
leaf_count=24 20 26 27 33 24 37 36 21 26 21 22 21 34 21
internal_value=0.00167619 -0.00760269 0.00728139 0.0222954 -0.000839424 -0.0164582 0.0142009 0.0352375 0.0398305 0.00745552 0.000653465 0.014856 -0.0150183 -0.00208057
internal_weight=393 148 245 86 159 78 81 45 53 41 122 64 58 43
internal_count=393 148 245 86 159 78 81 45 53 41 122 64 58 43
is_linear=0
shrinkage=0.05


Tree=113
num_leaves=16
num_cat=0
split_feature=14 10 7 14 14 8 10 6 7 17 8 18 16 14 18
split_gain=7.32726 22.3245 12.4994 12.9403 10.4751 10.0835 8.47997 11.1164 7.57043 6.28353 9.0621 12.0771 6.11015 3.99475 3.66149
threshold=62.08348214285715 37.650000000000013 56.500000000000007 68.537259615384627 71.871875000000017 9.5000000000000018 35.550000000000004 4.5000000000000009 57.250000000000007 7.5000000000000009 10.500000000000002 17.500000000000004 1.5000000000000002 75.561111111111117 25.500000000000004
decision_type=2 2 2 2 2 2 2 2 2 2 2 2 2 2 2
left_child=1 8 4 14 5 -2 13 -8 9 10 11 -1 -10 -5 -4
right_child=2 -3 3 6 -6 -7 7 -9 12 -11 -12 -13 -14 -15 -16
leaf_value=0.036920516139694624 -0.013397941170703798 -0.052708774754269563 0.036957925132342744 0.019938997605017255 0.053290478366872542 0.034523429057520365 -0.053276839639459339 -0.0034639042258883517 0.00069516895427590333 -0.023961172636711239 -0.019770326936507928 -0.0063559581378572873 0.039310805406421429 -0.010548947501758284 0.0074319625894228624
leaf_weight=28 21 22 21 21 23 23 21 24 21 33 34 38 20 22 21
leaf_count=28 21 22 21 21 23 23 21 24 21 33 34 38 20 22 21
internal_value=0.00159238 -0.00525225 0.00840226 -0.000639366 0.0259457 0.0116519 -0.0115376 -0.0267099 0.000748005 -0.00504257 0.00120057 0.0120038 0.0195321 0.00434051 0.0221949
internal_weight=393 196 197 130 67 44 88 45 174 133 100 66 41 43 42
internal_count=393 196 197 130 67 44 88 45 174 133 100 66 41 43 42
is_linear=0
shrinkage=0.05


Tree=114
num_leaves=16
num_cat=0
split_feature=9 9 3 10 17 9 9 20 9 3 9 18 17 8 9
split_gain=7.15059 10.3074 19.462 10.0757 16.6516 15.8644 12.0125 12.0037 24.5344 11.2404 10.0744 12.6656 6.94095 3.17801 0.860995
threshold=5.7500000000000009 3.3500000000000001 6.5000000000000009 36.45000000000001 6.5000000000000009 17.150000000000002 133.90000000000003 4.5000000000000009 38.400000000000006 6.5000000000000009 12.350000000000001 13.500000000000002 4.5000000000000009 11.500000000000002 35.95000000000001
decision_type=2 2 2 2 2 2 2 2 2 2 2 2 2 2 2
left_child=1 -1 -3 6 5 -5 7 8 12 -7 -9 -12 -2 -11 -13
right_child=3 2 -4 4 -6 9 -8 10 -10 13 11 14 -14 -15 -16
leaf_value=0.015581457435407424 0.036595644243061547 -0.063560033785179257 0.00055328922282005179 -0.031144842390830704 -0.040749040190820346 -0.006734047690406442 -0.018467322326506729 -0.021933226877202592 -0.00516834443807602 0.015369422600737641 -0.011479030033716789 0.040202957498175762 0.077752920834436301 0.041521160304546362 0.02570731367915869
leaf_weight=22 20 20 29 26 27 38 27 24 25 21 26 21 21 26 20
leaf_count=22 20 20 29 26 27 38 27 24 25 21 26 21 21 26 20
internal_value=0.00151276 -0.0128502 -0.0256154 0.00467975 -0.00553316 0.00303287 0.0123394 0.0176374 0.0338714 0.0134872 0.00586325 0.0158202 0.0576762 0.0298363 0.0331319
internal_weight=393 71 49 322 138 111 184 157 66 85 91 67 41 47 41
internal_count=393 71 49 322 138 111 184 157 66 85 91 67 41 47 41
is_linear=0
shrinkage=0.05


Tree=115
num_leaves=12
num_cat=0
split_feature=10 9 15 6 11 6 11 15 1 19 19
split_gain=9.84908 8.12461 16.5845 11.4162 15.0108 12.2253 11.0913 11.4503 21.4651 13.7362 8.99431
threshold=33.45000000000001 150.20000000000002 56.812500000000007 6.5000000000000009 522.00000000000011 5.5000000000000009 495.00000000000006 56.718750000000007 3.5000000000000004 14.500000000000002 12.500000000000002
decision_type=2 2 2 2 2 2 2 2 2 2 2
left_child=-1 3 -3 4 5 6 7 8 -2 -9 -8
right_child=1 2 -4 -5 -6 -7 10 9 -10 -11 -12
leaf_value=0.02893775378167629 0.013950692090604986 -0.010839905637887217 0.043309100475520473 -0.037743627783600936 -0.045484526092186575 0.026520912432008322 0.038355811592191459 -0.039689428693740272 -0.040205301096042 0.0023599602958007206 -0.0070445943064987668
leaf_weight=25 77 31 26 27 20 36 24 52 24 31 20
leaf_count=25 77 31 26 27 20 36 24 52 24 31 20
internal_value=-0.00143089 -0.00349398 0.0138596 -0.00667454 -0.00372079 -0.000556875 -0.00483232 -0.0102251 0.00108194 -0.0239842 0.0177193
internal_weight=393 368 57 311 284 264 228 184 101 83 44
internal_count=393 368 57 311 284 264 228 184 101 83 44
is_linear=0
shrinkage=0.05


Tree=116
num_leaves=17
num_cat=0
split_feature=10 14 10 14 7 15 14 19 10 3 3 11 16 11 10 10
split_gain=8.88879 5.99342 7.80557 12.0728 17.6966 17.4161 12.3813 17.5233 11.6635 15.8205 10.6923 9.00128 20.5928 16.2522 8.83824 3.433
threshold=33.45000000000001 39.705555555555563 34.350000000000001 71.871875000000017 56.500000000000007 57.105555555555569 66.762500000000017 6.5000000000000009 36.650000000000013 8.5000000000000018 6.5000000000000009 465.00000000000006 11.500000000000002 447.00000000000006 35.850000000000001 34.250000000000007
decision_type=2 2 2 2 2 2 2 2 2 2 2 2 2 2 2 2
left_child=-1 15 -3 5 -5 6 11 -8 -7 -10 14 13 -13 -4 -6 -2
right_child=1 2 3 4 10 8 7 -9 9 -11 -12 12 -14 -15 -16 -17
leaf_value=0.02749086594581604 -0.004632670844772032 0.028618190614950093 -0.029386832518503072 0.021769838789034459 0.0093505436554551132 0.054253588769246235 0.045643341282139656 -0.014270329647339309 -0.017070433251559738 0.041065883494659589 -0.054438160605994726 -0.064965397740403816 0.0012421006822715636 0.030843809388932733 -0.03765541706234217 -0.031587479953412656
leaf_weight=25 21 21 24 21 20 22 23 26 25 22 28 24 23 21 20 27
leaf_count=25 21 21 24 21 20 22 23 26 25 22 28 24 23 21 20 27
internal_value=-0.00135935 -0.00331928 -0.000847959 -0.00291749 -0.0183506 0.00362319 -0.00644962 0.0138524 0.0242068 0.0101423 -0.0307407 -0.0172627 -0.032566 -0.0012792 -0.0141524 -0.0197948
internal_weight=393 368 320 299 89 210 141 49 69 47 68 92 47 45 40 48
internal_count=393 368 320 299 89 210 141 49 69 47 68 92 47 45 40 48
is_linear=0
shrinkage=0.05


Tree=117
num_leaves=14
num_cat=0
split_feature=9 15 9 9 15 16 11 14 9 19 5 9 4
split_gain=6.45499 13.7319 12.2803 15.7422 9.8013 10.7552 9.60319 9.26445 8.96329 7.87305 15.8731 6.67639 7.90089
threshold=150.20000000000002 56.812500000000007 27.200000000000006 34.050000000000004 57.354166666666679 26.500000000000004 463.00000000000006 72.723958333333357 4.5500000000000007 8.5000000000000018 1.0000000180025095e-35 8.4500000000000011 11.500000000000002
decision_type=2 2 2 2 2 2 2 2 2 2 2 2 2
left_child=2 -2 4 -4 5 6 -1 9 -8 -5 -11 -10 -13
right_child=1 -3 3 7 -6 -7 8 -9 11 10 -12 12 -14
leaf_value=0.029459070693701506 -0.0078207466052845117 0.041099337047825646 -0.054759104414419696 0.017610644217994478 0.029384688906852276 -0.024288373058423018 0.025221370812505486 -0.033971287259975301 -0.027395160298328849 0.017445829771459104 -0.044794062533903695 -0.018622396836988627 0.020385979729946015
leaf_weight=32 32 26 22 36 31 39 24 26 32 20 21 25 27
leaf_count=32 32 26 22 36 31 39 24 26 32 20 21 25 27
internal_value=-0.00129138 0.0141089 -0.0039577 -0.0163658 0.00342809 -0.00106719 0.00540157 -0.00816533 -0.00172658 0.00054837 -0.0144331 -0.009426 0.00163195
internal_weight=393 58 335 125 210 179 140 103 108 77 41 84 52
internal_count=393 58 335 125 210 179 140 103 108 77 41 84 52
is_linear=0
shrinkage=0.05


Tree=118
num_leaves=15
num_cat=0
split_feature=10 14 10 13 11 10 5 2 6 15 18 15 10 10
split_gain=8.20447 5.65183 7.18417 16.2784 11.3282 10.361 10.0715 16.9877 14.2447 26.4637 19.5218 13.4199 10.7812 3.17811
threshold=33.45000000000001 39.705555555555563 34.350000000000001 17.000000000000004 453.00000000000006 35.550000000000004 1.0000000180025095e-35 5.5000000000000009 4.5000000000000009 57.033333333333339 19.500000000000004 57.267857142857146 36.850000000000001 34.250000000000007
decision_type=2 2 2 2 2 2 2 2 2 2 2 2 2 2
left_child=-1 13 -3 6 -5 -6 7 12 10 -10 -8 -9 -4 -2
right_child=1 2 3 4 5 -7 8 11 9 -11 -12 -13 -14 -15
leaf_value=0.026490624174475671 -0.004520527663685027 0.027558998692603337 0.060057065368670483 0.0090598863150392252 -0.018225959768971883 -0.062893517371267083 -0.023140170919182509 -0.024677196000370064 -0.062760538548231132 0.010744647833053024 0.039028565106647359 0.021763784092451846 0.01598935769072601 -0.030455361279072585
leaf_weight=25 21 21 23 21 37 20 23 35 25 24 28 28 35 27
leaf_count=25 21 21 23 21 37 20 23 35 25 24 28 28 35 27
internal_value=-0.00122681 -0.00310979 -0.000709926 -0.00269537 -0.022333 -0.0338988 0.00423556 0.013939 -0.00750566 -0.026758 0.0109917 -0.00403676 0.0334645 -0.0191089
internal_weight=393 368 320 299 78 57 221 121 100 49 51 63 58 48
internal_count=393 368 320 299 78 57 221 121 100 49 51 63 58 48
is_linear=0
shrinkage=0.05


Tree=119
num_leaves=12
num_cat=0
split_feature=10 9 6 11 6 11 10 18 14 19 19
split_gain=7.40454 6.72557 10.0637 13.091 10.6595 9.54492 9.70257 14.017 12.0368 8.21108 7.55264
threshold=33.45000000000001 150.20000000000002 6.5000000000000009 522.00000000000011 5.5000000000000009 495.00000000000006 36.750000000000007 8.5000000000000018 66.762500000000017 6.5000000000000009 12.500000000000002
decision_type=2 2 2 2 2 2 2 2 2 2 2
left_child=-1 2 3 4 5 6 7 -2 -8 -3 -7
right_child=1 9 -4 -5 -6 10 8 -9 -10 -11 -12
leaf_value=0.025166093200445178 0.0050213545809189479 -0.0058125106168204349 -0.03501872654176421 -0.042076650327071551 0.025164275577602285 0.035718517688413463 -0.010090789093488926 -0.03002131427996434 0.035737628619308064 0.032147784571030312 -0.0058845333009958272
leaf_weight=25 45 29 27 20 36 24 38 78 23 28 20
leaf_count=25 45 29 27 20 36 24 38 78 23 28 20
internal_value=-0.00116547 -0.0029543 -0.00584809 -0.00307483 -0.000120145 -0.00411242 -0.00911514 -0.0172008 0.00718878 0.0128347 0.016808
internal_weight=393 368 311 284 264 228 184 123 61 57 44
internal_count=393 368 311 284 264 228 184 123 61 57 44
is_linear=0
shrinkage=0.05


Tree=120
num_leaves=14
num_cat=0
split_feature=10 5 10 17 3 10 15 15 14 14 9 16 9
split_gain=9.30081 5.75624 9.31994 12.2539 11.4695 11.9097 8.97245 14.1371 13.9247 15.4579 10.4269 7.33853 7.19543
threshold=38.150000000000013 1.5000000000000002 36.850000000000001 8.5000000000000018 8.5000000000000018 37.550000000000004 56.718750000000007 57.033333333333339 68.537259615384627 49.925000000000004 24.400000000000002 18.500000000000004 27.950000000000003
decision_type=2 2 2 2 2 2 2 2 2 2 2 2 2
left_child=1 2 3 6 5 -4 8 -8 9 -1 -9 -5 -11
right_child=-2 -3 4 11 -6 -7 7 10 -10 12 -12 -13 -14
leaf_value=0.0201682006345234 -0.024555922475539976 -0.022135858877521494 0.028328177373435709 0.0010927336713807149 0.048310406481766183 -0.01624940890690376 -0.043636908404754871 0.015357999641980445 0.039456517435610294 -0.0052342180096145189 -0.023236749736326084 0.040687887430191041 -0.042543366768707833
leaf_weight=36 36 23 31 22 23 29 33 35 22 28 35 25 24
leaf_count=36 36 23 31 22 23 29 33 35 22 28 35 25 24
internal_value=-0.000306207 0.00207901 0.00370275 -0.000953989 0.0182901 0.00678234 -0.00605293 -0.016658 0.00387727 -0.00501754 -0.00393938 0.022154 -0.0224538
internal_weight=402 366 343 260 83 60 213 103 110 88 70 47 52
internal_count=402 366 343 260 83 60 213 103 110 88 70 47 52
is_linear=0
shrinkage=0.05


Tree=121
num_leaves=16
num_cat=0
split_feature=10 9 9 4 9 11 4 11 15 15 11 16 14 19 19
split_gain=8.39398 5.68584 9.80692 8.57438 7.53181 7.72515 5.40325 14.4724 10.7191 10.527 13.2549 8.94099 11.5182 3.70822 3.31824
threshold=38.150000000000013 5.7500000000000009 4.5500000000000007 11.500000000000002 7.1500000000000012 441.00000000000006 11.500000000000002 483.00000000000006 57.105555555555569 55.953125000000007 471.00000000000006 14.500000000000002 66.762500000000017 8.5000000000000018 7.5000000000000009
decision_type=2 2 2 2 2 2 2 2 2 2 2 2 2 2 2
left_child=1 2 3 -1 -3 -6 7 9 11 -7 -11 12 -8 -9 -10
right_child=-2 4 -4 -5 5 6 8 13 14 10 -12 -13 -14 -15 -16
leaf_value=-0.016894701216369868 -0.023328125745885903 0.034611240718513729 -0.035961773917078971 0.027433190895244482 0.031267087297006085 0.03153179029801062 -0.032749052236185357 -0.012326908755737047 0.041982307693078404 -0.034055977797581127 0.020230112021619624 0.01916713885497302 0.014348155206867629 -0.038896570868533237 0.014492169180480036
leaf_weight=24 36 20 25 20 22 28 34 24 21 23 22 30 21 29 23
leaf_count=24 36 20 25 20 22 28 34 24 21 23 22 30 21 29 23
internal_value=-0.000290897 0.00197506 -0.0109544 0.00325434 0.00497887 0.00283935 0.000386764 -0.00697763 0.00757989 0.00746117 -0.00751611 -0.00278991 -0.0147665 -0.026865 0.0276125
internal_weight=402 366 69 44 297 277 255 126 129 73 45 85 55 53 44
internal_count=402 366 69 44 297 277 255 126 129 73 45 85 55 53 44
is_linear=0
shrinkage=0.05


Tree=122
num_leaves=13
num_cat=0
split_feature=10 13 3 19 8 9 16 19 17 17 4 3
split_gain=7.57557 7.66478 11.5241 10.2964 8.80575 9.0163 9.4441 13.2174 7.22724 20.3147 5.592 3.37445
threshold=38.150000000000013 14.500000000000002 8.5000000000000018 17.500000000000004 4.5000000000000009 24.400000000000002 18.500000000000004 4.5000000000000009 5.5000000000000009 8.5000000000000018 11.500000000000002 7.5000000000000009
decision_type=2 2 2 2 2 2 2 2 2 2 2 2
left_child=1 8 3 4 -3 -6 7 -7 10 -10 11 -1
right_child=-2 2 -4 -5 5 6 -8 -9 9 -11 -12 -13
leaf_value=0.0031828840030357244 -0.022161719544480245 -0.0222738951150524 0.034921353965094597 0.036868566162884239 0.02522910139881648 0.014063169721227425 0.020964624326942224 -0.031729820007458331 -0.043784212610787819 0.018095929104657401 0.015953749360946509 -0.023927353695034983
leaf_weight=24 36 38 33 20 39 26 28 40 36 21 39 22
leaf_count=24 36 38 33 20 39 26 28 40 36 21 39 22
internal_value=-0.000276352 0.00187631 0.00763733 0.00292334 -0.00104687 0.005018 -0.00336746 -0.0136902 -0.0072115 -0.0209863 0.00202569 -0.00978288
internal_weight=402 366 224 191 171 133 94 66 142 57 85 46
internal_count=402 366 224 191 171 133 94 66 142 57 85 46
is_linear=0
shrinkage=0.05


Tree=123
num_leaves=16
num_cat=0
split_feature=10 13 3 19 14 19 6 15 11 10 11 15 11 9 19
split_gain=6.83695 6.91747 10.4005 9.29249 8.19729 15.5879 14.6115 7.78219 6.7931 7.41803 5.81149 9.90612 6.42542 6.6223 4.81863
threshold=38.150000000000013 14.500000000000002 8.5000000000000018 17.500000000000004 66.762500000000017 4.5000000000000009 5.5000000000000009 55.732638888888893 469.00000000000006 36.350000000000001 479.00000000000006 57.083333333333343 461.00000000000006 15.750000000000002 7.5000000000000009
decision_type=2 2 2 2 2 2 2 2 2 2 2 2 2 2 2
left_child=1 10 3 4 6 -6 7 -3 -7 -10 12 -12 -1 -14 -13
right_child=-2 2 -4 -5 5 8 -8 -9 9 -11 11 14 13 -15 -16
leaf_value=-0.017339598760008814 -0.021053633569843241 -0.005505780698288055 0.033175285837867045 0.035025137849152087 0.044349650099225674 -0.026040847023779696 0.021013022506875652 -0.045472390384509648 0.021264692067223437 -0.016531369427130335 -0.040035020826949874 -0.019647352007173359 0.035201266337008701 -0.003246007460014274 0.013148797062846522
leaf_weight=24 36 21 33 20 23 22 21 29 34 21 28 21 21 24 24
leaf_count=24 36 21 33 20 23 22 21 29 34 21 28 21 21 24 24
internal_value=-0.000262534 0.00178249 0.00725546 0.00277717 -0.000994521 0.00822984 -0.0139866 -0.0286864 -0.00255919 0.00683347 -0.00685093 -0.016685 0.00355322 0.0146961 -0.00215607
internal_weight=402 366 224 191 171 100 71 50 77 55 142 73 69 45 45
internal_count=402 366 224 191 171 100 71 50 77 55 142 73 69 45 45
is_linear=0
shrinkage=0.05


Tree=124
num_leaves=14
num_cat=0
split_feature=10 13 3 19 9 1 9 15 17 17 4 10 3
split_gain=6.17035 6.24302 9.38642 8.38647 8.33274 7.34641 9.51749 13.3933 6.62103 18.0662 5.06599 3.53577 3.19451
threshold=38.150000000000013 14.500000000000002 8.5000000000000018 17.500000000000004 6.1000000000000005 3.5000000000000004 90.350000000000009 56.718750000000007 5.5000000000000009 8.5000000000000018 11.500000000000002 36.050000000000004 7.5000000000000009
decision_type=2 2 2 2 2 2 2 2 2 2 2 2 2
left_child=1 8 3 4 -3 6 7 -6 10 -10 12 -7 -1
right_child=-2 2 -4 -5 5 11 -8 -9 9 -11 -12 -13 -14
leaf_value=0.0037087965213383235 -0.020000952187304698 -0.030443419001641728 0.031516521909471712 0.033273881282657389 0.033928319518096176 -0.00029908336699008948 -0.013104247220326215 -0.01002302288543433 -0.04119208186231036 0.017163136636927017 0.015589745763020638 -0.03003023458644748 -0.022668743285943163
leaf_weight=24 36 21 33 20 52 20 32 26 36 21 39 20 22
leaf_count=24 36 21 33 20 52 20 32 26 36 21 39 20 22
internal_value=-0.000249407 0.00169337 0.00689269 0.00263831 -0.000944796 0.00318501 0.00985762 0.0192779 -0.00650838 -0.0196928 0.00233293 -0.0151647 -0.00890655
internal_weight=402 366 224 191 171 150 110 78 142 57 85 40 46
internal_count=402 366 224 191 171 150 110 78 142 57 85 40 46
is_linear=0
shrinkage=0.05


Tree=125
num_leaves=16
num_cat=0
split_feature=13 11 18 18 11 18 8 14 15 11 11 15 20 11 16
split_gain=4.72345 6.57843 11.1723 17.6599 9.44231 8.94588 15.8193 10.5974 12.1701 7.49127 7.62507 6.82033 6.45231 5.99526 4.92814
threshold=9.5000000000000018 477.00000000000006 12.500000000000002 2.5000000000000004 522.00000000000011 29.500000000000004 5.5000000000000009 64.003125000000011 56.812500000000007 491.00000000000006 501.00000000000006 56.937500000000007 3.0000000000000004 457.00000000000006 3.5000000000000004
decision_type=2 2 2 2 2 2 2 2 2 2 2 2 2 2 2
left_child=-1 2 3 13 5 7 -7 8 -3 -9 -11 12 -4 -2 -8
right_child=1 4 11 -5 -6 6 14 9 -10 10 -12 -13 -14 -15 -16
leaf_value=0.022568540955367297 -0.027175269426689266 0.0046204177662730215 -0.0032405308351434511 -0.061783357035546077 -0.021540611847464381 -0.041465751401015688 -0.0070510141737759116 -0.01725388687849045 0.054973545347650844 0.036021930111261709 -0.005780137944966555 -0.015318128257058562 0.030113142587501432 0.0081661120888644034 0.026555013392741484
leaf_weight=23 21 20 29 21 29 21 20 25 30 24 20 32 29 28 24
leaf_count=23 21 20 29 21 29 21 20 25 30 24 20 32 29 28 24
internal_value=0.000577663 -0.000778343 -0.00843971 -0.0234211 0.00497668 0.00915603 -0.00576124 0.0173041 0.0348323 0.00460256 0.017021 0.00321251 0.0134363 -0.00698019 0.0112795
internal_weight=396 373 160 70 213 184 65 119 50 69 44 90 58 49 44
internal_count=396 373 160 70 213 184 65 119 50 69 44 90 58 49 44
is_linear=0
shrinkage=0.05


Tree=126
num_leaves=14
num_cat=0
split_feature=5 6 14 7 6 2 10 15 3 10 9 17 17
split_gain=9.94445 9.22919 10.5788 10.2083 9.26072 17.049 21.256 15.0776 13.0548 9.7643 9.70288 4.83094 10.5559
threshold=1.5000000000000002 5.5000000000000009 71.871875000000017 57.250000000000007 4.5000000000000009 5.5000000000000009 34.650000000000013 55.842013888888893 7.5000000000000009 35.050000000000004 22.250000000000004 4.5000000000000009 7.5000000000000009
decision_type=2 2 2 2 2 2 2 2 2 2 2 2 2
left_child=1 4 3 -3 5 9 -7 -6 -8 -1 -11 -9 -13
right_child=-2 2 -4 -5 7 6 8 11 -10 10 -12 12 -14
leaf_value=-0.0029343031230382624 -0.032120319479145114 0.0088916606563878686 -0.010177224315702916 0.047554862437837367 -0.052042032529910409 0.028316634342384836 -0.045224367631109139 -0.019230612233513966 0.0025026278327340665 0.05015228692534493 0.010221198474153363 0.02801914501190186 -0.02006656767002174
leaf_weight=32 22 38 28 31 21 24 38 32 23 32 29 25 21
leaf_count=32 22 38 28 31 21 24 38 32 23 32 29 25 21
internal_value=0.00054878 0.00247049 0.0157435 0.0262621 -0.00217746 0.00464058 -0.0115455 -0.0144362 -0.0272289 0.0194343 0.0311687 -0.00431152 0.00606697
internal_weight=396 374 97 69 277 178 85 99 61 93 61 78 46
internal_count=396 374 97 69 277 178 85 99 61 93 61 78 46
is_linear=0
shrinkage=0.05


Tree=127
num_leaves=16
num_cat=0
split_feature=5 9 16 11 18 3 2 13 11 16 16 18 18 19 8
split_gain=8.97486 6.07088 10.0803 8.39609 10.9459 12.8368 11.2947 11.2141 9.92677 6.64781 5.39634 3.65318 3.20961 3.07529 2.89911
threshold=1.5000000000000002 126.40000000000002 12.500000000000002 451.00000000000006 1.5000000000000002 7.5000000000000009 5.5000000000000009 15.500000000000002 485.00000000000006 2.5000000000000004 9.5000000000000018 24.500000000000004 11.500000000000002 11.500000000000002 5.5000000000000009
decision_type=2 2 2 2 2 2 2 2 2 2 2 2 2 2 2
left_child=1 3 12 13 10 6 9 14 -8 -6 -5 -10 -3 -1 -7
right_child=-2 2 -4 4 5 7 8 -9 11 -11 -12 -13 -14 -15 -16
leaf_value=-0.0024499348618767479 -0.030514303747225892 -0.037841019018188767 0.01533986192662269 0.038928772087552049 -0.0060795353405410429 -0.0057969668541442265 -0.040451133022865945 0.051409768047077323 -0.017895551731011698 0.026408533535657391 0.0073464263319259595 0.011596902450990111 -0.011426242003622264 -0.029540088288486005 0.019331400222533074
leaf_weight=22 22 23 24 38 32 22 31 21 21 31 21 21 23 20 24
leaf_count=22 22 23 24 38 32 22 31 21 21 31 21 21 23 20 24
internal_value=0.000521341 0.00234697 -0.0109284 0.0054038 0.00873075 0.00322112 -0.00560395 0.0211347 -0.0189898 0.00990666 0.0276876 -0.00314932 -0.0246336 -0.01535 0.00731349
internal_weight=396 374 70 304 262 203 136 67 73 63 59 42 46 42 46
internal_count=396 374 70 304 262 203 136 67 73 63 59 42 46 42 46
is_linear=0
shrinkage=0.05


Tree=128
num_leaves=16
num_cat=0
split_feature=9 9 15 11 7 14 6 10 15 10 13 19 9 6 13
split_gain=4.2627 12.5349 11.8648 11.5854 8.76328 11.2001 8.17816 11.9261 11.3535 8.52546 7.7901 7.58935 26.2623 8.97825 2.64451
threshold=26.350000000000005 30.700000000000006 57.354166666666679 513.00000000000011 57.250000000000007 71.871875000000017 4.5000000000000009 36.550000000000004 56.937500000000007 36.050000000000004 14.500000000000002 7.5000000000000009 139.90000000000003 4.5000000000000009 13.500000000000002
decision_type=2 2 2 2 2 2 2 2 2 2 2 2 2 2 2
left_child=2 -2 6 4 11 -6 8 10 9 -1 -8 12 -3 -13 -10
right_child=1 3 -4 -5 5 -7 7 -9 14 -11 -12 13 -14 -15 -16
leaf_value=0.0092138868704852144 -0.042208053395152094 0.048055390310313167 0.035855247772165706 0.0344198451155708 0.0011414716641108195 -0.050498454308225998 -0.020940957692536441 -0.043891272046381519 0.0022166975197337921 0.048721454661889846 0.019140761511193385 0.0073075858985676484 -0.021874743871390823 -0.03092583056007113 -0.02318776171654463
leaf_weight=36 20 29 28 21 21 21 22 21 21 22 27 34 25 28 20
leaf_count=36 20 29 28 21 21 21 22 21 21 22 27 34 25 28 20
internal_value=0.000495274 -0.00466617 0.00570912 -0.00047155 -0.00510901 -0.0246785 0.000714498 -0.012366 0.00996331 0.0241995 0.00114489 0.00197649 0.0156803 -0.00995912 -0.0101757
internal_weight=396 199 197 179 158 42 169 70 99 58 49 116 54 62 41
internal_count=396 199 197 179 158 42 169 70 99 58 49 116 54 62 41
is_linear=0
shrinkage=0.05


Tree=129
num_leaves=14
num_cat=0
split_feature=13 9 9 13 10 6 10 15 15 20 18 4 9
split_gain=4.1219 4.14393 17.743 10.876 9.15097 6.13873 11.3381 9.39684 12.3579 8.60631 6.79241 6.18017 4.22933
threshold=9.5000000000000018 5.4500000000000011 7.5500000000000007 15.500000000000002 34.350000000000001 5.5000000000000009 37.45000000000001 55.842013888888893 56.571428571428577 8.5000000000000018 17.500000000000004 11.500000000000002 33.250000000000007
decision_type=2 2 2 2 2 2 2 2 2 2 2 2 2
left_child=-1 3 -3 -2 12 7 10 9 -9 -6 -7 -10 -4
right_child=1 2 4 -5 5 6 -8 8 11 -11 -12 -13 -14
leaf_value=0.021013406485967015 -0.03969463818585095 0.045811416882844201 0.034208403009435409 0.0053815958788618447 -0.0092574557739085166 0.042079032771289354 -0.024325303050378957 0.020967856931843259 -0.030257167193022644 -0.049289370734244588 0.0051516931193570301 -0.0028872578421776946 0.0027699394710361961
leaf_weight=23 23 21 23 32 29 20 21 38 33 25 33 55 20
leaf_count=23 23 21 23 32 29 20 21 38 33 25 33 55 20
internal_value=0.00047051 -0.00079621 0.00139553 -0.0134685 -0.00174498 -0.00535611 0.00676696 -0.01034 -0.00286117 -0.0277907 0.0190865 -0.013151 0.0195859
internal_weight=396 373 318 55 297 254 74 180 126 54 53 88 43
internal_count=396 373 318 55 297 254 74 180 126 54 53 88 43
is_linear=0
shrinkage=0.05


Tree=130
num_leaves=14
num_cat=0
split_feature=11 10 15 8 9 9 18 7 7 9 15 1 9
split_gain=7.3105 5.75447 8.391 6.07648 12.2981 17.8391 14.4016 10.8464 10.1292 9.90472 10.5439 8.97821 3.28398
threshold=522.00000000000011 33.45000000000001 55.111111111111121 7.5000000000000009 10.350000000000003 17.150000000000002 29.500000000000004 57.250000000000007 56.500000000000007 94.500000000000014 55.953125000000007 3.5000000000000004 110.80000000000001
decision_type=2 2 2 2 2 2 2 2 2 2 2 2 2
left_child=1 -1 -3 4 6 -6 7 -4 9 10 -5 12 -10
right_child=-2 2 3 8 5 -7 -8 -9 11 -11 -12 -13 -14
leaf_value=0.031043182993712632 -0.018847162524859112 -0.021533560476921225 0.0094172735862872187 0.06975677048787475 -0.047527005595879426 0.013127175608480519 -0.013810836461683115 0.055120310187339788 -0.023842482737920903 0.0073818167219204568 0.020117440431014353 0.019983963821178827 0.0028889694064855578
leaf_weight=23 30 27 34 20 27 22 36 21 27 35 23 39 20
leaf_count=23 30 27 34 20 27 22 36 21 27 35 23 39 20
internal_value=0.00485123 0.00685957 0.00517913 0.00755164 -9.93399e-05 -0.0202945 0.010775 0.0268675 0.014083 0.0271308 0.0432055 0.00224892 -0.0124674
internal_weight=384 354 331 304 140 49 91 55 164 78 43 86 47
internal_count=384 354 331 304 140 49 91 55 164 78 43 86 47
is_linear=0
shrinkage=0.05


Tree=131
num_leaves=15
num_cat=0
split_feature=9 9 18 9 9 9 15 9 20 19 18 3 7 4
split_gain=5.15718 12.0303 17.296 16.7709 13.1263 6.2179 5.76951 8.44983 8.77073 10.6698 15.6643 11.1539 6.39885 3.68181
threshold=16.050000000000004 11.500000000000002 29.500000000000004 5.7500000000000009 4.3500000000000005 5.0500000000000007 57.409722222222229 202.35000000000002 8.5000000000000018 15.500000000000002 2.5000000000000004 8.5000000000000018 57.250000000000007 11.500000000000002
decision_type=2 2 2 2 2 2 2 2 2 2 2 2 2 2
left_child=1 2 3 4 -1 -4 7 8 9 10 -2 -12 13 -10
right_child=6 -3 5 -5 -6 -7 -8 -9 12 -11 11 -13 -14 -15
leaf_value=0.021895944375706758 -0.0094360757317091971 -0.03674381642009724 -0.0016128119419921529 0.040833438789615262 -0.032779790230450183 -0.03805963003635407 -0.013389913588762285 -0.014044316885647952 0.027236971586942674 -0.022133933939039709 0.014066020747826946 0.061260829821583776 0.0065976458601653583 0.05528280819681558
leaf_weight=23 37 22 22 39 21 25 25 27 25 24 31 21 20 22
leaf_count=23 37 22 22 39 21 25 25 27 25 24 31 21 20 22
internal_value=0.00460867 -0.00255001 0.00323664 0.0169607 -0.00419929 -0.0209994 0.00929883 0.012039 0.0159515 0.00745287 0.0154313 0.0331255 0.0302851 0.0403648
internal_weight=384 152 130 83 44 47 232 207 180 113 89 52 67 47
internal_count=384 152 130 83 44 47 232 207 180 113 89 52 67 47
is_linear=0
shrinkage=0.05


Tree=132
num_leaves=14
num_cat=0
split_feature=11 16 11 10 11 11 19 11 20 14 14 15 9
split_gain=6.46737 6.10876 12.125 12.549 5.68162 15.576 9.57754 11.7264 8.24301 7.02665 6.0409 4.24331 2.27066
threshold=522.00000000000011 18.500000000000004 485.00000000000006 34.95000000000001 497.00000000000006 487.00000000000006 16.500000000000004 475.00000000000006 6.5000000000000009 65.475000000000009 65.475000000000009 57.126984126984141 55.350000000000001
decision_type=2 2 2 2 2 2 2 2 2 2 2 2 2
left_child=1 4 3 -3 5 6 7 9 -7 12 -9 -6 -1
right_child=-2 2 -4 -5 11 8 -8 10 -10 -11 -12 -13 -14
leaf_value=0.0038932904171255917 -0.017911731293424965 0.027111158558520778 0.040500168097870694 -0.018647131203643738 0.035063225385688603 -0.0020628958230926877 -0.022292768478393555 0.046304798179439138 -0.043503149199698658 -0.017227585197371595 0.010829152450675056 0.0028829631442204122 0.023982701594517989
leaf_weight=39 30 29 35 31 21 21 25 28 28 34 21 20 22
leaf_count=39 30 29 35 31 21 21 25 28 28 34 21 20 22
internal_value=0.00437823 0.00626721 0.0171123 0.00346938 0.00228929 -0.000922302 0.00627424 0.0112338 -0.025743 0.000986525 0.031101 0.0193655 0.0111387
internal_weight=384 354 95 60 259 218 169 144 49 95 49 41 61
internal_count=384 354 95 60 259 218 169 144 49 95 49 41 61
is_linear=0
shrinkage=0.05


Tree=133
num_leaves=16
num_cat=0
split_feature=16 16 17 10 11 10 2 11 20 18 9 9 18 11 10
split_gain=5.85873 14.5826 12.582 18.908 20.86 13.5967 12.4946 9.66713 6.37883 6.15237 5.63012 5.51658 4.96532 4.35662 3.61903
threshold=10.500000000000002 3.5000000000000004 6.5000000000000009 36.350000000000001 485.00000000000006 34.750000000000007 5.5000000000000009 487.00000000000006 4.5000000000000009 27.500000000000004 19.750000000000004 46.100000000000001 10.500000000000002 475.00000000000006 36.150000000000013
decision_type=2 2 2 2 2 2 2 2 2 2 2 2 2 2 2
left_child=1 6 11 4 5 -4 7 8 -1 13 -9 -2 -10 -8 -15
right_child=2 -3 3 -5 -6 -7 9 10 12 -11 -12 -13 -14 14 -16
leaf_value=-0.011602539041390022 0.054627955355681483 -0.035842577389513068 0.026657110994512387 -0.03372743462140744 0.056523059194230223 -0.026751272423336137 0.0081735954336498093 -0.04518844231963158 -0.00058916379697620874 -0.00044221404720755185 -0.0095966296792030347 0.017491101431660355 0.034221371689013076 0.049305480210618542 0.020286699526366733
leaf_weight=36 20 26 22 26 22 26 23 20 20 34 25 20 21 22 21
leaf_count=36 20 26 22 26 22 26 23 20 20 34 25 20 21 22 21
internal_value=0.00415932 -0.000414189 0.0124993 0.00268247 0.0162062 -0.00227243 0.00373508 -0.00700418 0.00375551 0.016837 -0.0254152 0.0360595 0.0172406 0.0257384 0.0351335
internal_weight=384 248 136 96 70 48 222 122 77 100 45 40 41 66 43
internal_count=384 248 136 96 70 48 222 122 77 100 45 40 41 66 43
is_linear=0
shrinkage=0.05


Tree=134
num_leaves=15
num_cat=0
split_feature=16 16 17 10 19 16 2 7 18 19 3 8 10 15
split_gain=5.2875 13.1608 11.3552 17.0645 15.8728 14.1916 11.2764 12.2925 8.8512 5.77393 8.46948 7.39665 5.39376 2.72342
threshold=10.500000000000002 3.5000000000000004 6.5000000000000009 36.350000000000001 7.5000000000000009 26.500000000000004 5.5000000000000009 56.500000000000007 12.500000000000002 4.5000000000000009 7.5000000000000009 8.5000000000000018 35.650000000000013 56.718750000000007
decision_type=2 2 2 2 2 2 2 2 2 2 2 2 2 2
left_child=1 6 13 4 -4 -6 7 8 -1 -8 11 -11 -9 -2
right_child=2 -3 3 -5 5 -7 9 12 -10 10 -12 -13 -14 -15
leaf_value=-0.011651324731512713 0.021209957967512311 -0.034050448557648522 0.048358396192391712 -0.03204106264389478 0.023651390582323073 -0.032103674135924805 0.038617693107913846 -0.038221739884465936 0.02762432252056897 0.017593681374969691 0.031030999252508431 -0.021331893967894408 -0.0089616704337661061 0.04730314417742193
leaf_weight=26 20 26 24 26 25 21 22 28 32 23 29 26 36 20
leaf_count=26 20 26 24 26 25 21 22 28 32 23 29 26 36 20
internal_value=0.00395136 -0.00039348 0.0118743 0.00254835 0.0153958 -0.00180201 0.00354833 -0.00665398 0.010018 0.0159951 0.00961442 -0.00306071 -0.021763 0.0342566
internal_weight=384 248 136 96 70 46 222 122 58 100 78 49 64 40
internal_count=384 248 136 96 70 46 222 122 58 100 78 49 64 40
is_linear=0
shrinkage=0.05


Tree=135
num_leaves=15
num_cat=0
split_feature=14 8 6 6 15 9 19 18 8 10 15 10 9 15
split_gain=7.32043 9.65217 12.4032 6.33219 4.94455 6.79943 8.60851 16.5534 9.8061 7.02168 4.50892 11.5044 6.50001 5.05809
threshold=61.412053571428579 2.5000000000000004 3.5000000000000004 6.5000000000000009 57.409722222222229 158.65000000000003 10.500000000000002 19.500000000000004 9.5000000000000018 36.250000000000007 57.105555555555569 34.650000000000013 35.45000000000001 55.732638888888893
decision_type=2 2 2 2 2 2 2 2 2 2 2 2 2 2
left_child=1 -1 -3 4 5 6 8 -8 -2 -9 11 -4 -12 -13
right_child=3 2 10 -5 -6 -7 7 9 -10 -11 12 13 -14 -15
leaf_value=-0.036912519743909009 0.015874265008155378 0.026610889012614887 0.011242240521570912 -0.014017074749309331 -0.0090995196751984097 -0.0088267035449721993 -0.023132131488195488 0.0074701905933519212 0.059522227062420413 0.042970916542869352 -0.014924076199531556 -0.015487263837586279 0.021565984545842465 -0.048647236702558792
leaf_weight=23 31 30 23 31 28 28 28 30 22 26 26 23 23 23
leaf_count=23 31 30 23 31 28 28 28 30 22 26 26 23 23 23
internal_value=0.00101161 -0.0067789 -0.00209597 0.00695883 0.010328 0.0136248 0.0182134 0.00825774 0.0339923 0.0239527 -0.00939432 -0.0176308 0.00220391 -0.0320673
internal_weight=395 171 148 224 193 165 137 84 53 56 118 69 49 46
internal_count=395 171 148 224 193 165 137 84 53 56 118 69 49 46
is_linear=0
shrinkage=0.05


Tree=136
num_leaves=15
num_cat=0
split_feature=14 16 14 6 10 14 6 9 10 18 18 2 19 19
split_gain=6.60669 8.54146 9.98252 5.7148 5.5604 16.6379 4.66176 4.08057 5.21961 6.53427 18 19.2374 9.02303 7.07211
threshold=61.412053571428579 28.500000000000004 49.925000000000004 6.5000000000000009 36.45000000000001 37.355555555555561 4.5000000000000009 160.25000000000003 37.650000000000013 5.5000000000000009 15.500000000000002 5.5000000000000009 13.500000000000002 13.500000000000002
decision_type=2 2 2 2 2 2 2 2 2 2 2 2 2 2
left_child=1 2 4 7 5 -1 -4 8 9 -2 -11 13 -13 -12
right_child=3 -3 6 -5 -6 -7 -8 -9 -10 10 11 12 -14 -15
leaf_value=-0.014581647882504123 0.029681522473692896 0.021216149628162387 -0.045249634205053256 -0.013316220802164847 -0.016580261366265732 0.038824510931968689 -0.014085552197260163 -0.0064959719486068941 0.033567153060665503 -0.039456135253421967 0.059184402972459797 -0.031332839247973074 0.013998544748340334 0.017640068878730139
leaf_weight=35 30 24 24 31 39 25 24 32 26 20 20 23 21 21
leaf_count=35 30 24 24 31 39 25 24 32 26 20 20 23 21 21
internal_value=0.00096103 -0.00643995 -0.0109552 0.00661089 -0.00188258 0.00767092 -0.0296676 0.00981161 0.0130529 0.00910197 0.0032221 0.013264 -0.00969741 0.0379056
internal_weight=395 171 147 224 99 60 48 193 161 135 105 85 44 41
internal_count=395 171 147 224 99 60 48 193 161 135 105 85 44 41
is_linear=0
shrinkage=0.05


Tree=137
num_leaves=15
num_cat=0
split_feature=14 16 14 6 6 20 17 14 3 5 3 18 6 11
split_gain=5.96254 7.70867 9.00923 5.15761 5.03207 6.04841 4.37769 6.91051 22.3932 9.38394 9.99312 5.63463 4.20724 3.3895
threshold=61.412053571428579 28.500000000000004 49.925000000000004 6.5000000000000009 4.5000000000000009 6.5000000000000009 10.500000000000002 68.537259615384627 6.5000000000000009 1.0000000180025095e-35 5.5000000000000009 17.500000000000004 4.5000000000000009 487.00000000000006
decision_type=2 2 2 2 2 2 2 2 2 2 2 2 2 2
left_child=1 2 4 6 5 -1 7 8 -2 10 -9 -12 -4 -6
right_child=3 -3 12 -5 13 -7 -8 9 -10 -11 11 -13 -14 -15
leaf_value=-0.0048469103985663625 -0.040003143676689695 0.020155342668294909 -0.042987153554956123 -0.012650409342360594 -0.0013008353921274344 0.029478917944998968 0.029303613041217133 0.028711214117132702 0.019616265605307288 0.035977096932337568 0.0055996406525373466 -0.030006437506526706 -0.013381274091079831 -0.028806930248226437
leaf_weight=33 28 24 24 31 24 21 24 26 36 34 25 20 24 21
leaf_count=33 28 24 24 31 24 21 24 26 36 34 25 20 24 21
internal_value=0.000912978 -0.00611796 -0.0104075 0.00628034 -0.00178845 0.00850202 0.00932103 0.00648327 -0.00646723 0.0143769 0.00403315 -0.0102253 -0.0281842 -0.014137
internal_weight=395 171 147 224 99 54 193 169 64 105 71 45 48 45
internal_count=395 171 147 224 99 54 193 169 64 105 71 45 48 45
is_linear=0
shrinkage=0.05


Tree=138
num_leaves=16
num_cat=0
split_feature=10 14 10 8 6 17 17 18 18 10 1 8 17 18 18
split_gain=5.63593 7.61402 9.51587 7.36207 11.5301 5.93511 8.11582 12.9237 8.46968 12.1778 6.03467 5.89111 4.70991 11.7088 8.24144
threshold=38.750000000000007 61.412053571428579 37.95000000000001 2.5000000000000004 3.5000000000000004 3.5000000000000004 5.5000000000000009 26.500000000000004 27.500000000000004 35.550000000000004 3.5000000000000004 9.5000000000000018 5.5000000000000009 11.500000000000002 18.500000000000004
decision_type=2 2 2 2 2 2 2 2 2 2 2 2 2 2 2
left_child=1 3 5 -1 -5 11 8 10 9 -7 -8 -3 13 -6 -14
right_child=-2 2 -4 4 12 6 7 -9 -10 -11 -12 -13 14 -15 -16
leaf_value=-0.0326425105671991 -0.024337299168109894 0.003541152940496155 0.039752077108079736 0.026586873238456661 -0.019119153749675322 0.025120214976116342 0.011009658873081208 0.033946298139498517 -0.040260914135724309 -0.028111135462919875 -0.025619582920758562 0.040169840980143777 0.0021586366556584839 0.021689190826145933 -0.041300108310921742
leaf_weight=22 21 23 22 29 39 22 23 34 20 21 22 21 20 32 24
leaf_count=22 21 23 22 29 39 22 23 34 20 21 22 21 20 32 24
internal_value=0.000867329 0.00228256 0.00865585 -0.00570324 -0.00158752 0.0049778 6.04274e-06 0.0106806 -0.0133795 -0.000876491 -0.00689797 0.021023 -0.00869237 -0.00072666 -0.0215461
internal_weight=395 374 208 166 144 186 142 79 63 43 45 44 115 71 44
internal_count=395 374 208 166 144 186 142 79 63 43 45 44 115 71 44
is_linear=0
shrinkage=0.05


Tree=139
num_leaves=9
num_cat=0
split_feature=17 10 14 11 11 14 11 11
split_gain=5.38321 5.50245 4.80828 5.43485 6.9703 4.80219 8.25406 7.82457
threshold=13.000000000000002 38.750000000000007 81.752083333333346 441.00000000000006 457.00000000000006 75.561111111111117 509.00000000000006 487.00000000000006
decision_type=2 2 2 2 2 2 2 2
left_child=1 2 3 -1 -5 6 7 -6
right_child=-2 -3 -4 4 5 -7 -8 -9
leaf_value=0.025488238247192426 -0.02445112181827426 -0.023345155045390129 0.025219773675780745 -0.023973787527669363 0.0083192168011350168 -0.018292964585125446 0.027226386254312403 -0.01115599384917537
leaf_weight=23 20 20 24 27 139 25 35 82
leaf_count=23 20 20 24 27 139 25 35 82
internal_value=0.000823963 0.00217197 0.00360955 0.00204265 0.00029184 0.00262341 0.00466603 0.00109312
internal_weight=395 375 355 331 308 281 256 221
internal_count=395 375 355 331 308 281 256 221
is_linear=0
shrinkage=0.05


Tree=140
num_leaves=15
num_cat=0
split_feature=10 3 18 8 9 4 7 10 15 20 20 15 18 8
split_gain=4.91007 14.7935 9.79574 14.9653 10.6663 7.79398 10.0257 7.05048 14.1431 8.65724 9.15364 7.73613 6.80267 6.61555
threshold=35.95000000000001 5.5000000000000009 13.500000000000002 6.5000000000000009 26.350000000000005 11.500000000000002 56.500000000000007 37.150000000000013 57.208333333333336 6.5000000000000009 9.5000000000000018 56.718750000000007 22.500000000000004 3.5000000000000004
decision_type=2 2 2 2 2 2 2 2 2 2 2 2 2 2
left_child=1 12 4 13 -3 6 -2 8 11 -9 -11 -7 -1 -4
right_child=5 2 3 -5 -6 7 -8 9 -10 10 -12 -13 -14 -15
leaf_value=0.043168020634739485 -0.0026456925707558795 -0.00032519838389228375 0.0048523305321577937 0.029452109934860155 -0.040877321122154114 -0.012156045713251637 -0.048347934304426118 0.027041767685509782 0.020956791759956451 -0.030332582550389425 0.015818323516710239 -0.052042112741619351 0.007993338458306555 -0.03274185139770535
leaf_weight=27 24 34 25 38 31 31 24 34 21 21 22 20 28 22
leaf_count=27 24 34 25 38 31 31 24 34 21 21 22 20 28 22
internal_value=-0.00233764 0.00307934 -0.00505391 0.00611962 -0.0196654 -0.00797459 -0.0254968 -0.00232985 -0.0135776 0.00818752 -0.00672049 -0.0277976 0.0252609 -0.0127449
internal_weight=402 205 150 85 65 197 48 149 72 77 43 51 55 47
internal_count=402 205 150 85 65 197 48 149 72 77 43 51 55 47
is_linear=0
shrinkage=0.05


Tree=141
num_leaves=16
num_cat=0
split_feature=14 14 18 14 9 16 10 10 20 20 8 18 10 10 18
split_gain=5.8407 6.48515 8.63518 6.30778 13.2473 13.1911 7.00593 14.6442 14.1103 8.729 7.00134 6.23056 5.68556 5.16347 3.7248
threshold=49.925000000000004 37.355555555555561 29.500000000000004 62.08348214285715 36.350000000000001 13.500000000000002 37.95000000000001 36.050000000000004 8.5000000000000018 9.5000000000000018 8.5000000000000018 21.500000000000004 36.350000000000001 36.95000000000001 22.500000000000004
decision_type=2 2 2 2 2 2 2 2 2 2 2 2 2 2 2
left_child=1 11 12 4 5 -2 7 8 14 13 -10 -1 -3 -9 -5
right_child=3 2 -4 6 -6 -7 -8 9 10 -11 -12 -13 -14 -15 -16
leaf_value=-0.022022325053278891 -0.0236168576299303 0.049817738540115813 -0.0051882095169276006 0.041773419825198214 -0.046504545922356623 0.02846652075648308 0.020415027631867318 -0.055414403158993958 -0.025458079914096744 -0.0014853423668278588 0.0073654402950496384 0.014005905806663492 0.012567955777049064 -0.019916041549295188 0.012647872788476802
leaf_weight=28 31 21 26 23 27 20 31 21 32 27 33 21 20 20 21
leaf_count=28 31 21 26 23 27 20 31 21 32 27 33 21 20 20 21
internal_value=-0.00222076 0.00724256 0.0173528 -0.00605903 -0.0181848 -0.003192 -0.00151186 -0.00535216 0.00600729 -0.0235607 -0.00879383 -0.00658165 0.0316471 -0.0380981 0.0278726
internal_weight=402 116 67 286 78 51 208 177 109 68 65 49 41 41 44
internal_count=402 116 67 286 78 51 208 177 109 68 65 49 41 41 44
is_linear=0
shrinkage=0.05


Tree=142
num_leaves=15
num_cat=0
split_feature=14 14 19 14 9 16 15 10 15 7 8 7 13 16
split_gain=5.27123 5.85285 7.16666 5.69277 11.9557 11.9049 8.46356 15.4729 17.6723 12.6541 14.4865 6.11246 5.03424 2.93563
threshold=49.925000000000004 37.355555555555561 11.500000000000002 62.08348214285715 36.350000000000001 13.500000000000002 56.718750000000007 36.050000000000004 57.354166666666679 57.250000000000007 8.5000000000000018 57.250000000000007 10.500000000000002 9.5000000000000018
decision_type=2 2 2 2 2 2 2 2 2 2 2 2 2 2
left_child=1 12 -3 4 5 -2 9 11 -9 10 -5 13 -1 -8
right_child=3 2 -4 6 -6 -7 7 8 -10 -11 -12 -13 -14 -15
leaf_value=-0.022609560133423658 -0.022436013476802939 0.032121392225048374 -0.00061695158510701733 -0.027811185917100658 -0.044179318914258921 0.027043194025754932 0.0040904322266578676 -0.054337715745092399 0.0042574821548028432 0.045937779136002069 0.022797131730664163 -0.010122374538332224 0.0094501368701457988 0.030558285625143483
leaf_weight=24 31 35 32 26 27 20 20 31 22 20 31 36 25 22
leaf_count=24 31 35 32 26 27 20 20 31 22 20 31 36 25 22
internal_value=-0.00210972 0.00688043 0.0164852 -0.00575608 -0.0172756 -0.0030324 -0.00143627 -0.00916885 -0.0300152 0.0117192 -0.000287364 0.00499597 -0.00625257 0.0179545
internal_weight=402 116 67 286 78 51 208 131 53 77 57 78 49 42
internal_count=402 116 67 286 78 51 208 131 53 77 57 78 49 42
is_linear=0
shrinkage=0.05


Tree=143
num_leaves=16
num_cat=0
split_feature=17 10 11 17 18 15 9 9 18 18 9 14 9 15 18
split_gain=4.89949 17.1442 16.6868 6.38458 16.2814 7.39103 12.9184 12.716 13.4578 12.9244 9.33221 24.6951 7.49408 2.7079 2.64611
threshold=7.5000000000000009 36.350000000000001 479.00000000000006 2.5000000000000004 12.500000000000002 56.718750000000007 147.80000000000004 94.500000000000014 8.5000000000000018 24.500000000000004 22.250000000000004 62.320982142857154 4.8500000000000005 55.732638888888893 21.500000000000004
decision_type=2 2 2 2 2 2 2 2 2 2 2 2 2 2 2
left_child=3 2 -2 4 -1 7 10 8 -5 -10 12 -12 -7 -11 -14
right_child=1 -3 -4 5 -6 6 -8 -9 9 13 11 -13 14 -15 -16
leaf_value=-0.047040114145387307 -0.026915867827259576 -0.043909661420460405 0.026643972606821494 0.045003394906719528 0.014510007074014062 -0.020078317286527675 0.032892625732347372 -0.017677230042006289 -0.024323296496136626 0.0084398506209254261 0.0078143447371465825 -0.058592338756924239 0.0028799611143767835 0.032911499650575791 0.028600114909932018
leaf_weight=22 26 29 33 36 21 23 20 28 22 20 28 28 20 26 20
leaf_count=22 26 29 33 36 21 23 20 28 22 20 28 28 20 26 20
internal_value=-0.00200423 -0.0124312 0.00304133 0.000917961 -0.0169808 0.00375798 -0.00428871 0.0122314 0.0202837 0.00719682 -0.0105377 -0.025389 0.0026635 0.0222717 0.01574
internal_weight=402 88 59 314 43 271 139 132 104 68 119 56 63 46 40
internal_count=402 88 59 314 43 271 139 132 104 68 119 56 63 46 40
is_linear=0
shrinkage=0.05


Tree=144
num_leaves=15
num_cat=0
split_feature=11 10 3 17 17 10 17 11 15 11 17 20 13 9
split_gain=4.7539 12.7299 10.6174 14.569 7.68586 12.4849 6.94204 9.54955 8.62039 7.08578 6.92273 10.9356 6.65469 4.031
threshold=487.00000000000006 36.350000000000001 5.5000000000000009 5.5000000000000009 5.5000000000000009 37.250000000000007 4.5000000000000009 481.00000000000006 57.154761904761905 451.00000000000006 2.5000000000000004 9.5000000000000018 14.500000000000002 18.800000000000001
decision_type=2 2 2 2 2 2 2 2 2 2 2 2 2 2
left_child=6 2 -2 -4 5 -3 10 8 9 -8 -1 13 -11 -12
right_child=1 4 3 -5 -6 -7 7 -9 -10 12 11 -13 -14 -15
leaf_value=-0.0098481777410667683 0.0322698194347322 0.0087910693945984046 -0.03152648789230092 0.019511985896571316 -0.044714066993307183 -0.042209077998995786 -0.027887344608704252 0.017994759964889716 -0.039988148373297672 0.02400049925595522 0.01889542561645309 0.043526807955155775 -0.0095792481882704637 -0.01073504114015536
leaf_weight=26 25 30 29 27 27 20 24 35 22 25 24 30 36 22
leaf_count=26 25 30 29 27 27 20 24 35 22 25 24 30 36 22
internal_value=-0.00190402 -0.00866094 0.00517656 -0.00691865 -0.0232173 -0.011609 0.00247136 -0.00467647 -0.0120923 -0.0048722 0.0124223 0.0200411 0.00418294 0.00472433
internal_weight=402 158 81 56 77 50 244 142 107 85 102 76 61 46
internal_count=402 158 81 56 77 50 244 142 107 85 102 76 61 46
is_linear=0
shrinkage=0.05


Tree=145
num_leaves=15
num_cat=0
split_feature=18 17 18 8 9 10 14 9 9 7 9 7 16 16
split_gain=10.1988 12.569 11.6596 8.67587 28.2052 18.4228 14.7917 8.64492 8.43106 8.35855 8.06519 7.34326 10.7634 4.45723
threshold=11.500000000000002 3.5000000000000004 30.500000000000004 6.5000000000000009 30.700000000000006 35.050000000000004 65.475000000000009 30.050000000000001 69.250000000000014 56.500000000000007 13.000000000000002 56.500000000000007 2.5000000000000004 12.500000000000002
decision_type=2 2 2 2 2 2 2 2 2 2 2 2 2 2
left_child=3 9 7 6 -5 -6 -1 10 -7 -2 13 -4 -13 -3
right_child=1 2 11 4 5 8 -8 -9 -10 -11 -12 12 -14 -15
leaf_value=0.037812861396620677 0.049380089170501934 0.027061267606914043 -0.032299088252087431 -0.061039403520909877 -0.044855892388150104 0.037066978886723521 -0.020227642665090768 -0.0087038220145872671 -0.0028621341842107288 0.0095980084110652251 0.047600989717812764 -0.030231055163818861 0.01289545068374047 -0.0052130970779968346
leaf_weight=21 23 20 33 29 20 20 23 35 39 31 21 23 39 23
leaf_count=21 23 20 33 29 20 20 23 35 39 31 21 23 39 23
internal_value=-0.00104345 0.00520698 -0.000731703 -0.0112415 -0.0188662 -0.00338483 0.00747351 0.0112759 0.0106732 0.0265422 0.0222023 -0.0132449 -0.00310309 0.00979824
internal_weight=400 248 194 152 108 79 44 99 59 54 64 95 62 43
internal_count=400 248 194 152 108 79 44 99 59 54 64 95 62 43
is_linear=0
shrinkage=0.05


Tree=146
num_leaves=13
num_cat=0
split_feature=10 9 8 17 19 11 11 14 11 15 17 5
split_gain=7.80529 6.86316 7.76037 6.08487 12.633 9.76889 8.50207 10.4611 7.94164 7.03804 6.71644 5.08558
threshold=33.45000000000001 3.3500000000000001 2.5000000000000004 3.5000000000000004 5.5000000000000009 483.00000000000006 463.00000000000006 65.475000000000009 511.00000000000006 55.45913461538462 4.5000000000000009 1.0000000180025095e-35
decision_type=2 2 2 2 2 2 2 2 2 2 2 2
left_child=-1 -2 -3 4 -4 -6 7 9 10 -5 -8 -12
right_child=1 2 3 6 5 -7 8 -9 -10 -11 11 -13
leaf_value=0.026654111640527847 0.024341569468379023 -0.029222803408729622 -0.017705279482262477 0.013417750767067724 0.043426162081545802 0.00077602341771125798 -0.034702128468033597 0.036331252915703736 0.010210152563046325 -0.027137894891202455 -0.0017706679094296237 -0.024430054719559849
leaf_weight=24 22 29 28 23 29 25 39 23 33 20 65 40
leaf_count=24 22 29 28 23 29 25 39 23 33 20 65 40
internal_value=-0.000991278 -0.00275588 -0.0044399 -0.0022285 0.00954892 0.0236807 -0.00620278 0.00911317 -0.0119138 -0.00544534 -0.0169839 -0.0104028
internal_weight=400 376 354 325 82 54 243 66 177 43 144 105
internal_count=400 376 354 325 82 54 243 66 177 43 144 105
is_linear=0
shrinkage=0.05


Tree=147
num_leaves=17
num_cat=0
split_feature=18 19 10 17 9 9 8 9 10 14 9 18 18 1 5 9
split_gain=8.8898 12.0559 12.999 10.6961 10.1485 8.77996 7.81936 25.0592 16.8834 13.4691 7.61557 7.41824 6.50077 13.1308 3.21023 2.90081
threshold=11.500000000000002 10.500000000000002 34.650000000000013 3.5000000000000004 26.350000000000005 76.300000000000011 6.5000000000000009 30.700000000000006 35.050000000000004 65.475000000000009 69.250000000000014 38.500000000000007 25.500000000000004 2.5000000000000004 1.0000000180025095e-35 15.750000000000002
decision_type=2 2 2 2 2 2 2 2 2 2 2 2 2 2 2 2
left_child=6 11 15 -4 12 -6 9 -8 -9 -1 -10 14 -5 -14 -2 -3
right_child=1 2 3 4 5 -7 7 8 10 -11 -12 -13 13 -15 -16 -17
leaf_value=0.036255538361590532 0.050879860296845436 0.010170023272866788 0.017835965765447454 0.018764994577282951 -0.05959958905354143 -0.013826036427847363 -0.057453114019128781 -0.042809616820886735 0.035433799922466279 -0.019129365237186786 -0.0025151697775492306 0.0024086843638752519 0.010095045424997806 -0.042869182642210617 0.022550400942564011 0.036206642850302166
leaf_weight=21 20 23 29 21 20 22 29 20 20 23 39 26 25 22 20 20
leaf_count=21 20 23 29 21 20 22 29 20 20 23 39 26 25 22 20 20
internal_value=-0.000941714 0.00489384 -0.00174483 -0.009177 -0.0162986 -0.035623 -0.0104629 -0.0177014 -0.00310896 0.00730434 0.0103489 0.0232005 -0.00436296 -0.0146967 0.0367151 0.0222801
internal_weight=400 248 182 139 110 42 152 108 79 44 59 66 68 47 40 43
internal_count=400 248 182 139 110 42 152 108 79 44 59 66 68 47 40 43
is_linear=0
shrinkage=0.05


Tree=148
num_leaves=17
num_cat=0
split_feature=18 19 10 17 14 20 14 11 9 15 17 15 15 11 17 16
split_gain=8.02304 10.8805 11.7316 9.82585 16.6231 9.49618 7.7382 7.72248 7.1458 6.75481 5.71854 9.9864 19.4331 10.9886 8.98386 4.45882
threshold=11.500000000000002 10.500000000000002 34.650000000000013 5.5000000000000009 62.08348214285715 6.5000000000000009 68.277884615384622 475.00000000000006 13.000000000000002 57.154761904761905 2.5000000000000004 57.208333333333336 56.718750000000007 491.00000000000006 4.5000000000000009 27.500000000000004
decision_type=2 2 2 2 2 2 2 2 2 2 2 2 2 2 2 2
left_child=10 8 5 6 -5 -3 7 -4 -2 -10 -1 12 13 14 -12 -6
right_child=1 2 3 4 15 -7 -8 -9 9 -11 11 -13 -14 -15 -16 -17
leaf_value=-0.032907649730939584 -0.00045495013018017228 -0.0028837472200393677 -0.0061615164307030762 -0.057071196312165784 0.011342189943587239 0.044122723405334081 -0.018227885076059745 0.03408895619929983 0.053434440789913586 0.013789314262214162 0.038853288237005477 0.019427144075743856 -0.048778311779928384 -0.031002427898347382 -0.0041291078252177092 -0.021277380343526605
leaf_weight=23 23 21 22 23 22 22 26 26 22 21 20 30 28 20 31 20
leaf_count=23 23 21 22 23 22 22 26 26 22 21 20 30 28 20 31 20
internal_value=-0.000894628 0.00464915 -0.00165759 -0.00871815 -0.0229024 0.0211661 0.00374101 0.0156408 0.0220404 0.0340729 -0.00993973 -0.00584468 -0.0135028 0.00040866 0.0127267 -0.00419094
internal_weight=400 248 182 139 65 43 74 48 66 43 152 129 99 71 51 42
internal_count=400 248 182 139 65 43 74 48 66 43 152 129 99 71 51 42
is_linear=0
shrinkage=0.05


Tree=149
num_leaves=16
num_cat=0
split_feature=18 19 8 9 14 6 14 18 17 18 9 9 14 5 16
split_gain=7.2408 9.81964 6.82745 22.5282 12.0312 8.64555 10.4012 6.55498 6.10271 6.67745 7.23253 6.72049 8.49546 2.95386 2.49044
threshold=11.500000000000002 10.500000000000002 6.5000000000000009 30.700000000000006 65.475000000000009 5.5000000000000009 68.537259615384627 38.500000000000007 3.5000000000000004 30.500000000000004 8.9500000000000011 30.050000000000001 60.178095238095246 1.0000000180025095e-35 18.500000000000004
decision_type=2 2 2 2 2 2 2 2 2 2 2 2 2 2 2
left_child=2 7 4 -4 -1 6 -5 13 -3 11 -11 12 -10 -2 -12
right_child=1 8 3 5 -6 -7 -8 -9 9 10 14 -13 -14 -15 -16
leaf_value=0.034521660723978477 0.047229777798056607 0.016550330636469095 -0.053897403829313566 -0.010742145202889601 -0.017823629427458281 -0.030780190979130567 0.031742101937532428 0.0013938140553923755 -0.008577247903398845 0.0032577669657766818 -0.043490806445479396 -0.016630838701018582 0.032114101991314314 0.020055064000189304 -0.018837478907690164
leaf_weight=21 20 37 29 34 23 20 25 26 23 25 20 27 29 20 21
leaf_count=21 20 37 29 34 23 20 25 26 23 25 20 27 29 20 21
internal_value=-0.000849897 0.00441669 -0.00944275 -0.0162066 0.00715935 -0.00237069 0.00725965 0.0209384 -0.00157471 -0.00619972 -0.0179388 0.00360759 0.014116 0.0336424 -0.0308635
internal_weight=400 248 152 108 44 79 59 66 182 145 66 79 52 40 41
internal_count=400 248 152 108 44 79 59 66 182 145 66 79 52 40 41
is_linear=0
shrinkage=0.05


Tree=150
num_leaves=14
num_cat=0
split_feature=10 19 10 10 13 17 11 10 20 16 11 18 19
split_gain=11.39 5.367 8.20145 32.1818 16.6705 8.68659 6.60058 7.87975 7.03479 6.94375 4.94525 3.86626 6.83339
threshold=33.45000000000001 10.500000000000002 34.750000000000007 35.550000000000004 14.500000000000002 3.5000000000000004 469.00000000000006 36.650000000000013 3.0000000000000004 12.500000000000002 471.00000000000006 19.500000000000004 14.500000000000002
decision_type=2 2 2 2 2 2 2 2 2 2 2 2 2
left_child=-1 2 -2 -4 -5 -6 8 11 -3 -9 -7 -8 -13
right_child=1 6 3 4 5 10 7 9 -10 -11 -12 12 -14
leaf_value=0.029668341743360672 -0.019405702460447656 -0.0046846556978730053 0.055034616281246319 0.027729292081729057 0.009227553769372978 -0.0063322002576156099 0.023997356155482326 -0.03277067653434642 -0.040218504729370275 0.0047852726094424723 -0.035979513265192511 -0.019112611375749114 0.015908896345645192
leaf_weight=28 34 26 29 31 26 22 23 32 30 20 39 26 30
leaf_count=28 34 26 29 31 26 22 23 32 30 20 39 26 30
internal_value=-0.00107347 -0.00341252 0.002725 0.00784367 -0.00375411 -0.0149723 -0.00935312 -0.00321128 -0.0237206 -0.0183261 -0.025287 0.0067377 -0.000351089
internal_weight=396 368 181 147 118 87 187 131 56 52 61 79 56
internal_count=396 368 181 147 118 87 187 131 56 52 61 79 56
is_linear=0
shrinkage=0.05


Tree=151
num_leaves=16
num_cat=0
split_feature=10 14 5 6 14 14 14 10 17 10 18 18 10 18 18
split_gain=10.2795 5.17395 6.19636 14.1329 21.1345 21.5474 11.4471 14.28 11.318 13.2461 7.26587 5.293 3.98305 3.87191 2.63749
threshold=33.45000000000001 39.705555555555563 1.0000000180025095e-35 3.5000000000000004 66.762500000000017 49.925000000000004 68.277884615384622 36.550000000000004 3.5000000000000004 35.150000000000013 24.500000000000004 18.500000000000004 34.250000000000007 9.5000000000000018 19.500000000000004
decision_type=2 2 2 2 2 2 2 2 2 2 2 2 2 2 2
left_child=-1 12 6 -4 5 -5 7 -3 -8 -10 -7 -9 -2 -6 -11
right_child=1 2 3 4 13 10 8 11 9 14 -12 -13 -14 -15 -16
leaf_value=0.02818492440772908 -0.0041465064588313309 0.042486593417642229 0.023818708569915206 0.0095647037029266361 0.028528062868863349 -0.063711527921259406 0.026655173674225808 0.018878149943934247 0.0084980331361293789 -0.047343507035257061 -0.025518873985856772 -0.014444814504195864 -0.032952794960389539 -0.0025842643529176714 -0.022255640036680485
leaf_weight=28 24 36 27 22 20 33 20 22 32 20 20 26 24 20 22
leaf_count=28 24 36 27 22 20 33 20 22 32 20 20 26 24 20 22
internal_value=-0.0010198 -0.0032419 -0.000945736 -0.00873559 -0.0163788 -0.0320325 0.00526864 0.0186818 -0.00671759 -0.0157373 -0.0492992 0.000828211 -0.0185497 0.0129719 -0.0342022
internal_weight=396 368 320 142 115 75 178 84 94 74 53 48 48 40 42
internal_count=396 368 320 142 115 75 178 84 94 74 53 48 48 40 42
is_linear=0
shrinkage=0.05


Tree=152
num_leaves=16
num_cat=0
split_feature=10 14 10 4 20 14 14 9 10 8 9 4 10 9 20
split_gain=9.27724 4.66949 5.1363 15.8639 8.94178 11.0167 14.1146 7.67754 8.42138 8.90838 6.50722 5.53663 3.5947 3.02025 2.97968
threshold=33.45000000000001 39.705555555555563 36.350000000000001 11.500000000000002 6.5000000000000009 49.925000000000004 61.412053571428579 8.4500000000000011 37.650000000000013 8.5000000000000018 51.350000000000001 11.500000000000002 34.250000000000007 12.350000000000001 8.5000000000000018
decision_type=2 2 2 2 2 2 2 2 2 2 2 2 2 2 2
left_child=-1 12 4 -4 11 -6 -7 -5 9 -9 -8 13 -2 -3 -10
right_child=1 2 3 7 5 6 10 8 14 -11 -12 -13 -14 -15 -16
leaf_value=0.026775678154081106 -0.0039391811471432446 0.017407213665899778 -0.039380395112018435 -0.019817268104730723 0.02793957732617855 -0.049704667697660632 -0.014836558627505457 0.043867800206256413 0.0039971177020798566 0.0016240947557469973 0.02121124061800185 0.002104408011354249 -0.031305154863124095 0.044556514509022239 -0.022391115054488181
leaf_weight=28 24 21 31 34 20 20 31 24 23 26 21 29 24 20 20
leaf_count=28 24 21 31 34 20 20 31 24 23 26 21 29 24 20 20
internal_value=-0.00096881 -0.0030798 -0.000898449 -0.00731275 0.00535747 -0.00488912 -0.0140082 0.000514787 0.00794801 0.0219011 -0.000278794 0.0188244 -0.0176222 0.0306508 -0.00827648
internal_weight=396 368 320 158 162 92 72 127 93 50 52 70 48 41 43
internal_count=396 368 320 158 162 92 72 127 93 50 52 70 48 41 43
is_linear=0
shrinkage=0.05


Tree=153
num_leaves=14
num_cat=0
split_feature=10 19 10 10 13 9 11 3 10 14 3 9 9
split_gain=8.37271 4.9698 6.96982 28.4632 14.6071 7.66556 5.70917 6.46823 6.13738 6.47147 4.98688 4.07345 5.53752
threshold=33.45000000000001 10.500000000000002 34.750000000000007 35.550000000000004 14.500000000000002 17.150000000000002 469.00000000000006 5.5000000000000009 36.650000000000013 62.320982142857154 6.5000000000000009 9.5500000000000025 36.350000000000001
decision_type=2 2 2 2 2 2 2 2 2 2 2 2 2
left_child=-1 2 -2 -4 -5 -6 7 -3 11 -10 -7 -8 -13
right_child=1 6 3 4 5 10 8 -9 9 -11 -12 12 -14
leaf_value=0.025436893790694221 -0.017421197420095697 -0.0037511920842986839 0.052079716864331022 0.026262430176739734 -0.036442439164966346 -0.022395529533210008 0.01764347502520602 -0.037824113940199217 -0.036076102008962115 -0.00056123427870073195 0.0071025564776439412 -0.023909469675272705 0.012852167719531626
leaf_weight=28 34 26 29 31 26 23 38 30 23 29 38 20 21
leaf_count=28 34 26 29 31 26 23 38 30 23 29 38 20 21
internal_value=-0.00092037 -0.00292581 0.00298024 0.00769894 -0.0032082 -0.0137092 -0.00864237 -0.0220045 -0.00293029 -0.0162697 -0.00401967 0.0058501 -0.00508034
internal_weight=396 368 181 147 118 87 187 56 131 52 61 79 41
internal_count=396 368 181 147 118 87 187 56 131 52 61 79 41
is_linear=0
shrinkage=0.05


Tree=154
num_leaves=14
num_cat=0
split_feature=10 18 10 15 13 3 10 20 8 17 9 6 17
split_gain=7.55637 3.47681 11.6104 10.536 5.89826 13.4928 7.86606 6.62987 11.9695 12.2498 4.59608 3.29713 3.02892
threshold=33.45000000000001 8.5000000000000018 35.45000000000001 57.105555555555569 14.500000000000002 8.5000000000000018 34.750000000000007 8.5000000000000018 6.5000000000000009 4.5000000000000009 21.300000000000001 4.5000000000000009 5.5000000000000009
decision_type=2 2 2 2 2 2 2 2 2 2 2 2 2
left_child=-1 2 -2 11 5 12 -6 10 -9 -10 -8 -4 -3
right_child=1 4 3 -5 6 -7 7 8 9 -11 -12 -13 -14
leaf_value=0.024165048866000557 0.027053593993677124 0.0045967778442679227 -0.027023148459984977 0.02517579578794539 0.025178822085261343 -0.048619340383447708 0.016571091318455262 -0.049291187115013603 -0.030615572882816196 0.023451466164128347 -0.0078623793382001563 -0.0038537231939179562 -0.018509218414597538
leaf_weight=28 38 37 34 20 25 24 39 20 20 22 38 28 23
leaf_count=28 38 37 34 20 25 24 39 20 20 22 38 28 23
internal_value=-0.000874351 -0.00277952 0.00420718 -0.00638019 -0.00616018 -0.0169345 -0.000641648 -0.00528562 -0.0174549 -0.00229474 0.00451301 -0.0165595 -0.00426052
internal_weight=396 368 120 82 248 84 164 139 62 42 77 62 60
internal_count=396 368 120 82 248 84 164 139 62 42 77 62 60
is_linear=0
shrinkage=0.05


Tree=155
num_leaves=14
num_cat=0
split_feature=18 5 19 3 4 18 20 14 8 18 9 8 19
split_gain=8.12925 4.63282 3.66934 5.98975 5.42838 9.16969 12.0795 17.1928 8.09411 5.82432 5.39734 6.77342 4.01781
threshold=46.500000000000007 1.5000000000000002 15.500000000000002 7.5000000000000009 11.500000000000002 14.500000000000002 8.5000000000000018 61.412053571428579 5.5000000000000009 30.500000000000004 13.65 10.500000000000002 18.500000000000004
decision_type=2 2 2 2 2 2 2 2 2 2 2 2 2
left_child=1 2 4 12 9 6 7 -6 -7 10 -1 -12 -4
right_child=-2 -3 3 -5 5 8 -8 -9 -10 -11 11 -13 -14
leaf_value=0.017353083440102637 0.025032310746610165 -0.025644474205645647 0.025953753115105872 -0.01316051146388054 0.0052615873007611797 -0.0071074619695233807 0.011679882823656767 -0.056564861517804481 0.032157465528164592 -0.028915081084950972 -0.030008758659121296 0.0036090888954218359 -0.0018617064505815507
leaf_weight=20 27 22 37 25 22 21 39 23 35 38 29 31 20
leaf_count=20 27 22 37 25 22 21 39 23 35 38 29 31 20
internal_value=-0.00143397 -0.00340798 -0.00196914 0.00724441 -0.00489748 0.00176095 -0.00868716 -0.0263386 0.0174331 -0.0127973 -0.00514138 -0.0126395 0.0161939
internal_weight=389 362 340 82 258 140 84 45 56 118 80 60 57
internal_count=389 362 340 82 258 140 84 45 56 118 80 60 57
is_linear=0
shrinkage=0.05


Tree=156
num_leaves=16
num_cat=0
split_feature=18 5 17 19 13 10 20 18 19 14 4 10 9 8 10
split_gain=7.33665 4.18112 3.67106 8.44559 9.46244 12.0618 6.74371 11.6117 9.05313 12.4709 6.21274 5.7675 5.89393 7.80998 3.66245
threshold=46.500000000000007 1.5000000000000002 6.5000000000000009 15.500000000000002 17.000000000000004 35.150000000000013 8.5000000000000018 2.5000000000000004 7.5000000000000009 61.412053571428579 11.500000000000002 34.650000000000013 8.9500000000000011 10.500000000000002 35.550000000000004
decision_type=2 2 2 2 2 2 2 2 2 2 2 2 2 2 2
left_child=1 2 3 4 6 -6 8 -8 9 -1 -10 -4 -13 -14 -5
right_child=-2 -3 11 14 5 -7 7 -9 10 -11 -12 12 13 -15 -16
leaf_value=0.006813636837019162 0.023780695576634675 -0.024362250730733982 0.0064099527226808744 0.007532608462497592 0.0025946209828058881 -0.051660732636228203 0.045391130007126114 -0.0035442842343063269 -0.011228404082357884 -0.045303598814643922 0.024748261918624243 0.0051807578120912825 -0.041205420195491928 -0.0021999822486014594 0.037791707552969456
leaf_weight=22 27 22 39 20 21 20 22 27 20 24 30 21 33 21 20
leaf_count=22 27 22 39 20 21 20 22 27 20 24 30 21 33 21 20
internal_value=-0.00136227 -0.00323758 -0.00187069 0.0018193 -0.00266304 -0.0238714 0.00333381 0.0184267 -0.00436986 -0.020378 0.0103576 -0.00918592 -0.0172958 -0.0260366 0.0226622
internal_weight=389 362 340 226 186 41 145 49 96 46 50 114 75 54 40
internal_count=389 362 340 226 186 41 145 49 96 46 50 114 75 54 40
is_linear=0
shrinkage=0.05


Tree=157
num_leaves=15
num_cat=0
split_feature=18 6 11 11 11 9 17 8 15 14 17 15 18 4
split_gain=6.64392 4.80214 3.72014 7.25254 6.48201 7.9148 7.27093 9.85471 10.0878 5.93131 7.31622 4.19273 2.85675 2.80259
threshold=43.500000000000007 4.5000000000000009 451.00000000000006 465.00000000000006 475.00000000000006 43.550000000000004 7.5000000000000009 7.5000000000000009 57.033333333333339 71.871875000000017 3.5000000000000004 56.440972222222229 12.500000000000002 11.500000000000002
decision_type=2 2 2 2 2 2 2 2 2 2 2 2 2 2
left_child=2 -2 11 13 12 6 7 8 -6 10 -7 -1 -5 -4
right_child=1 -3 3 4 5 9 -8 -9 -10 -11 -12 -13 -14 -15
leaf_value=-0.029994633607566358 0.035331656374037269 0.00068293176591396334 0.0040864761108937468 -0.035606799416598826 -0.019707082534829778 0.017144957421855494 -0.014804745151195675 0.036623034160584211 0.017893751410090111 -0.035312269567309512 -0.020556588278662774 0.00045594234950840478 -0.010099844367283842 0.028511170577257872
leaf_weight=26 20 20 23 21 30 22 32 30 44 23 31 20 23 24
leaf_count=26 20 20 23 21 30 22 32 30 44 23 31 20 23 24
internal_value=-0.00129416 0.0180073 -0.00350636 -0.00149498 -0.00480951 -0.00118488 0.00603715 0.01245 0.00265017 -0.0141085 -0.00490689 -0.0167553 -0.0222736 0.0165587
internal_weight=389 40 349 303 256 212 136 104 74 76 53 46 44 47
internal_count=389 40 349 303 256 212 136 104 74 76 53 46 44 47
is_linear=0
shrinkage=0.05


Tree=158
num_leaves=15
num_cat=0
split_feature=18 5 11 9 14 9 14 14 9 19 3 11 15 11
split_gain=6.1484 3.73563 5.08414 7.7907 19.1481 8.31575 4.68447 4.21904 8.82032 4.39425 6.61284 2.85804 2.81262 2.46073
threshold=46.500000000000007 1.5000000000000002 451.00000000000006 47.750000000000007 73.818333333333342 29.550000000000001 62.320982142857154 70.028125000000017 9.1500000000000004 14.500000000000002 6.5000000000000009 481.00000000000006 55.953125000000007 491.00000000000006
decision_type=2 2 2 2 2 2 2 2 2 2 2 2 2 2
left_child=1 2 12 5 6 7 -5 9 -9 10 -4 -11 -1 -8
right_child=-2 -3 3 4 -6 -7 13 8 -10 11 -12 -13 -14 -15
leaf_value=-0.028489411078393465 0.021787542615223816 -0.022913776947693393 -0.034382660864364534 -0.012735076632463573 -0.049498024466447535 0.031835310719907285 -0.00043268833486806782 -0.01053381712131557 0.031716203902227187 -0.0046452379807652459 -0.00063372970895564308 0.020375679261982443 -0.0033331244159489869 0.023003831831738354
leaf_weight=25 27 22 21 33 24 28 21 21 30 21 47 25 20 24
leaf_count=25 27 22 21 33 24 28 21 21 30 21 47 25 20 24
internal_value=-0.00122945 -0.00294619 -0.00165417 0.000733833 -0.0104432 0.00664086 0.00157369 0.00236543 0.0143191 -0.00298227 -0.0110562 0.00895309 -0.0173088 0.0120668
internal_weight=389 362 340 295 102 193 78 165 51 114 68 46 45 45
internal_count=389 362 340 295 102 193 78 165 51 114 68 46 45 45
is_linear=0
shrinkage=0.05


Tree=159
num_leaves=14
num_cat=0
split_feature=18 11 9 14 11 11 14 17 7 19 14 11 15
split_gain=5.54893 3.2759 5.39867 13.9243 7.88608 10.0627 7.01699 6.92788 14.72 14.179 4.99512 7.68768 3.35528
threshold=46.500000000000007 451.00000000000006 47.750000000000007 73.818333333333342 465.00000000000006 475.00000000000006 73.818333333333342 6.5000000000000009 57.250000000000007 14.500000000000002 68.277884615384622 487.00000000000006 56.440972222222229
decision_type=2 2 2 2 2 2 2 2 2 2 2 2 2
left_child=1 12 4 10 -3 -6 7 9 -9 -7 11 -4 -1
right_child=-2 2 3 -5 5 6 -8 8 -10 -11 -12 -13 -14
leaf_value=-0.027118808450177313 0.020698165976338917 0.026996698639085215 0.008924923837184906 -0.042754439581185577 -0.024790595960118535 -0.0055801014415919788 0.027918391608233964 -0.038837491141425241 0.017757227346301082 0.043224009939215408 0.01748440679576662 -0.028517451137304306 -0.00024762764750492006
leaf_weight=26 27 31 29 25 34 46 28 27 20 22 27 26 21
leaf_count=26 27 31 29 25 34 46 28 27 20 22 27 26 21
internal_value=-0.00116798 -0.00279888 -0.000961602 -0.010088 0.00373321 -0.000341183 0.00547196 6.74642e-06 -0.0147546 0.0102095 -0.000128682 -0.00877511 -0.0151125
internal_weight=389 362 315 107 208 177 143 115 47 68 82 55 47
internal_count=389 362 315 107 208 177 143 115 47 68 82 55 47
is_linear=0
shrinkage=0.05


Tree=160
num_leaves=15
num_cat=0
split_feature=8 11 10 19 10 10 17 9 14 16 14 19 10 10
split_gain=5.42477 7.25183 6.30873 5.74262 12.5119 16.9871 8.80237 8.51219 6.34821 6.80078 5.6126 5.54693 3.87313 3.18247
threshold=13.500000000000002 487.00000000000006 38.150000000000013 10.500000000000002 34.750000000000007 35.850000000000001 5.5000000000000009 4.5500000000000007 45.751190476190487 9.5000000000000018 68.277884615384622 12.500000000000002 33.95000000000001 36.95000000000001
decision_type=2 2 2 2 2 2 2 2 2 2 2 2 2 2
left_child=2 -2 3 4 12 -6 13 -5 -9 11 -11 -10 -1 -7
right_child=1 -3 -4 7 5 6 -8 8 9 10 -12 -13 -14 -15
leaf_value=-0.00041860474104231057 0.030315721808283621 -0.0078400142397731555 -0.028533452767878772 0.019621424790885716 0.04729719233000651 0.0046042235642671583 -0.019739701677686895 -0.035704068598252807 -0.038892466158029583 0.021333998595846112 -0.010344533853370835 -0.0067188403496795616 -0.030438867018425037 0.031007115330014913
leaf_weight=22 33 20 20 27 32 25 26 22 21 29 27 37 21 21
leaf_count=22 33 20 20 27 32 25 26 22 21 29 27 37 21 21
internal_value=0.0010689 0.0159173 -0.00131584 0.000440132 0.00760617 0.0169859 0.00351421 -0.00602249 -0.0111136 -0.00636803 0.00606042 -0.0183679 -0.0150797 0.0166577
internal_weight=383 53 330 310 147 104 72 163 136 114 56 58 43 46
internal_count=383 53 330 310 147 104 72 163 136 114 56 58 43 46
is_linear=0
shrinkage=0.05


Tree=161
num_leaves=15
num_cat=0
split_feature=8 15 15 10 10 11 8 11 15 10 10 14 11 11
split_gain=4.89586 9.12433 8.70402 9.55754 14.0376 7.16289 6.77456 6.54478 5.40902 4.87283 10.0315 7.61462 6.78024 2.63741
threshold=13.500000000000002 57.154761904761905 55.953125000000007 35.95000000000001 34.850000000000001 517.00000000000011 10.500000000000002 487.00000000000006 57.354166666666679 34.850000000000001 36.45000000000001 65.475000000000009 479.00000000000006 487.00000000000006
decision_type=2 2 2 2 2 2 2 2 2 2 2 2 2 2
left_child=1 2 3 4 -1 8 9 -2 13 -4 11 -11 -12 -3
right_child=7 5 6 -5 -6 -7 -8 -9 -10 10 12 -13 -14 -15
leaf_value=-0.016386651120295651 0.02879993586137778 -0.021221186508509248 0.022040524585424243 -0.035893867585970012 0.03380008338188583 0.0098199172038584952 0.03609870579093695 -0.0074480127124115824 -0.0069485131198087262 0.0040770560130476956 0.03733793424100787 -0.039553848467767244 -0.0028409442276738231 -0.046308649294078352
leaf_weight=38 33 22 37 23 22 25 24 20 37 20 21 20 21 20
leaf_count=38 33 22 37 23 22 25 24 20 37 20 21 20 21 20
internal_value=0.00101546 -0.00125005 0.00438991 -0.00848976 0.00201515 -0.0135061 0.0118655 0.0151215 -0.0208878 0.00697815 0.000181719 -0.0177384 0.0172485 -0.0331676
internal_weight=383 330 226 83 60 104 143 53 79 119 82 40 42 42
internal_count=383 330 226 83 60 104 143 53 79 119 82 40 42 42
is_linear=0
shrinkage=0.05


Tree=162
num_leaves=14
num_cat=0
split_feature=8 15 9 9 9 8 10 14 5 10 18 9 9
split_gain=4.41851 8.23471 15.1104 10.7045 7.45187 6.67962 7.55942 6.22895 10.1236 6.56608 6.37297 5.95367 3.17902
threshold=13.500000000000002 57.154761904761905 55.350000000000001 55.350000000000001 25.650000000000002 4.5000000000000009 36.45000000000001 60.178095238095246 1.0000000180025095e-35 35.95000000000001 19.500000000000004 202.35000000000002 12.350000000000001
decision_type=2 2 2 2 2 2 2 2 2 2 2 2 2
left_child=1 2 4 5 7 -3 -7 9 12 10 -1 -2 -9
right_child=11 3 -4 -5 -6 6 -8 8 -10 -11 -12 -13 -14
leaf_value=0.045045211485454012 0.028482794268958028 -0.021112382124556461 0.032480614307599194 -0.04061494724681744 -0.021498230746702145 0.027211338415276259 -0.013481094106100501 -0.0039034451856943112 -0.030562330190358419 -0.0081600761526952614 0.0086075528524816036 -0.0055273130028085276 0.02183165619194153
leaf_weight=21 31 32 39 26 38 25 21 28 28 23 28 22 21
leaf_count=21 31 32 39 26 38 25 21 28 28 23 28 22 21
internal_value=0.000964686 -0.00118755 0.00417041 -0.0128308 -0.00173385 -0.00356943 0.00863436 0.00330673 -0.00657892 0.0138789 0.0242237 0.0143654 0.00712588
internal_weight=383 330 226 104 187 78 46 149 77 72 49 53 49
internal_count=383 330 226 104 187 78 46 149 77 72 49 53 49
is_linear=0
shrinkage=0.05


Tree=163
num_leaves=13
num_cat=0
split_feature=8 15 9 9 9 11 8 10 6 10 17 11
split_gain=3.98771 7.43182 13.6372 9.6608 6.72531 6.10991 6.02836 6.82238 5.04135 9.70744 6.98488 3.59511
threshold=13.500000000000002 57.154761904761905 55.350000000000001 55.350000000000001 25.650000000000002 487.00000000000006 4.5000000000000009 36.45000000000001 4.5000000000000009 35.95000000000001 5.5000000000000009 469.00000000000006
decision_type=2 2 2 2 2 2 2 2 2 2 2 2
left_child=1 2 4 6 8 -2 -3 -8 10 -10 -1 -12
right_child=5 3 -4 -5 -6 -7 7 -9 9 -11 11 -13
leaf_value=0.026763501572177602 0.026863348484039307 -0.020056762994499877 0.030856584165340817 -0.038584199691048038 -0.020423319308381333 -0.008159651296446099 0.025850771216675641 -0.012807038708013439 0.0086686478758400132 -0.033646471529146252 -0.018022455498576166 0.0085516199762267729
leaf_weight=38 33 32 39 26 38 20 25 21 33 23 20 35
leaf_count=38 33 32 39 26 38 20 25 21 33 23 20 35
internal_value=0.000916452 -0.00112817 0.00396189 -0.0121893 -0.00164716 0.0136471 -0.00339096 0.00820264 0.00314139 -0.00871078 0.0102782 -0.00111168
internal_weight=383 330 226 104 187 53 78 46 149 56 93 55
internal_count=383 330 226 104 187 53 78 46 149 56 93 55
is_linear=0
shrinkage=0.05


Tree=164
num_leaves=14
num_cat=0
split_feature=18 16 17 1 8 9 14 14 10 17 11 16 10
split_gain=3.96208 4.81719 4.66125 11.95 6.927 9.54567 4.83371 11.0284 14.0906 6.27819 8.48849 9.85454 11.5194
threshold=42.500000000000007 10.500000000000002 2.5000000000000004 3.5000000000000004 12.500000000000002 177.90000000000003 49.054761904761911 39.705555555555563 34.050000000000004 3.5000000000000004 457.00000000000006 32.500000000000007 36.350000000000001
decision_type=2 2 2 2 2 2 2 2 2 2 2 2 2
left_child=2 -2 3 -1 6 -6 7 8 -4 -8 -11 12 -12
right_child=1 -3 4 -5 5 -7 9 -9 -10 10 11 -13 -14
leaf_value=-0.038290788707408041 -0.02769891796261072 0.0052232370153069497 0.026571727572008971 0.015110591207630933 0.038505796244135131 -0.0048778989840121498 0.020272754381100336 0.034153453941689803 -0.030253408670735855 -0.035188600161801219 0.0046253512535865109 0.019857183885243206 -0.032790328463953404
leaf_weight=22 25 20 20 20 32 21 24 32 24 23 48 36 36
leaf_count=22 25 20 20 20 32 21 24 32 24 23 48 36 36
internal_value=0.000870629 -0.0130668 0.00272621 -0.0128616 0.00493799 0.021316 0.00136582 0.0118193 -0.0044238 -0.00339143 -0.00736304 -0.0020298 -0.0114099
internal_weight=383 45 338 42 296 53 243 76 44 167 143 120 84
internal_count=383 45 338 42 296 53 243 76 44 167 143 120 84
is_linear=0
shrinkage=0.05


Tree=165
num_leaves=15
num_cat=0
split_feature=1 15 10 1 9 14 17 7 19 10 10 15 9 17
split_gain=4.38905 7.03852 10.2252 5.61099 7.16639 8.83174 5.34032 9.67059 12.7793 6.00644 13.7605 14.6242 9.17041 6.41467
threshold=3.5000000000000004 57.354166666666679 36.95000000000001 4.5000000000000009 51.350000000000001 60.178095238095246 2.5000000000000004 55.500000000000007 4.5000000000000009 36.250000000000007 34.95000000000001 56.937500000000007 25.250000000000004 5.5000000000000009
decision_type=2 2 2 2 2 2 2 2 2 2 2 2 2 2
left_child=6 2 3 4 5 -2 -1 8 -8 10 13 -12 -11 -9
right_child=1 -3 -4 -5 -6 -7 7 9 -10 12 11 -13 -14 -15
leaf_value=-0.016611990773190671 0.0019467647497852644 0.014903960889932934 -0.041508197233728741 0.015448106187753953 0.012168057023993005 -0.038177445225301199 0.055142918724397375 -0.0077003599843010308 0.002385232225060463 0.031646920040877762 -0.058992450237274174 0.0014727287739515307 -0.0050921256520918444 0.028488901853561399
leaf_weight=26 24 32 23 26 23 32 22 24 24 33 20 20 35 25
leaf_count=26 24 32 23 26 23 32 22 24 24 33 20 20 35 25
internal_value=0.000283856 -0.00607001 -0.0113135 -0.00469943 -0.0113303 -0.0209814 0.00472324 0.00745583 0.0276172 0.00154868 -0.00699978 -0.0287599 0.0127371 0.0107635
internal_weight=389 160 128 105 79 56 229 203 46 157 89 40 68 49
internal_count=389 160 128 105 79 56 229 203 46 157 89 40 68 49
is_linear=0
shrinkage=0.05


Tree=166
num_leaves=15
num_cat=0
split_feature=1 2 1 5 17 17 7 19 8 9 6 19 9 3
split_gain=3.96111 7.35868 9.02774 5.87888 5.40336 4.81964 8.72771 11.5333 4.88956 12.3944 9.61976 10.7673 5.48042 4.61106
threshold=3.5000000000000004 5.5000000000000009 4.5000000000000009 1.0000000180025095e-35 3.5000000000000004 2.5000000000000004 55.500000000000007 4.5000000000000009 9.5000000000000018 126.40000000000002 3.5000000000000004 12.500000000000002 11.950000000000001 8.5000000000000018
decision_type=2 2 2 2 2 2 2 2 2 2 2 2 2 2
left_child=5 2 3 -2 -3 -1 7 -7 10 -10 -8 12 -12 -6
right_child=1 4 -4 -5 13 6 8 -9 9 -11 11 -13 -14 -15
leaf_value=-0.015781390767146009 -0.010763873979449272 0.026824264164844697 0.0075617393478751189 -0.042065838637451336 -0.016848838819768626 0.052385772701183511 -0.020995086641050875 0.0022659710297981898 -0.03927983675490726 0.013214593137735906 0.012997481150223929 -0.011571545622966908 0.043170610691110299 0.013988375020298092
leaf_weight=26 30 22 29 30 27 22 24 24 22 23 34 27 27 22
leaf_count=26 30 22 29 30 27 22 24 24 22 23 34 27 27 22
internal_value=0.000269663 -0.00576651 -0.0153438 -0.0264149 0.00623886 0.00448708 0.00708304 0.0262363 0.00147125 -0.0124494 0.00706435 0.0147169 0.0263528 -0.00300356
internal_weight=389 160 89 60 71 229 203 46 157 45 112 88 61 49
internal_count=389 160 89 60 71 229 203 46 157 45 112 88 61 49
is_linear=0
shrinkage=0.05


Tree=167
num_leaves=14
num_cat=0
split_feature=1 2 11 11 5 11 10 10 15 11 15 5 1
split_gain=3.57491 6.64121 13.3098 9.84498 9.59193 4.95549 6.36821 14.9533 12.3914 6.33419 5.19514 4.77593 4.72162
threshold=3.5000000000000004 5.5000000000000009 465.00000000000006 489.00000000000006 1.0000000180025095e-35 505.00000000000006 36.250000000000007 35.150000000000013 56.718750000000007 471.00000000000006 55.953125000000007 1.0000000180025095e-35 2.5000000000000004
decision_type=2 2 2 2 2 2 2 2 2 2 2 2 2
left_child=5 2 -2 11 -4 6 7 8 -1 -8 -9 -3 -11
right_child=1 3 4 -5 -6 -7 9 10 -10 12 -12 -13 -14
leaf_value=0.028663556554487775 0.019166665676642547 -0.025377364079689699 -0.0091295789020430108 0.031182488262653352 -0.047312536064920752 0.020752719661073858 0.030393845562277168 -0.010594026483595372 -0.014384929952211679 0.020067660100758077 -0.045098429514716071 0.0069669564217329019 -0.011092856760707594
leaf_weight=35 22 21 38 25 29 38 29 20 32 20 24 25 31
leaf_count=35 22 21 38 25 29 38 29 20 32 20 24 25 31
internal_value=0.00025618 -0.00547818 -0.0145766 0.00592692 -0.0256565 0.00426272 0.00098199 -0.00676879 0.00810309 0.0117362 -0.0294146 -0.00779893 0.00112695
internal_weight=389 160 89 71 67 229 191 111 67 80 44 46 51
internal_count=389 160 89 71 67 229 191 111 67 80 44 46 51
is_linear=0
shrinkage=0.05


Tree=168
num_leaves=15
num_cat=0
split_feature=14 14 19 14 9 14 11 16 17 13 11 15 11 9
split_gain=3.29583 14.4439 6.67135 6.63969 5.15336 4.68519 4.19303 4.12747 5.25382 7.94501 7.13905 3.47388 10.6865 5.21383
threshold=58.324523809523818 62.320982142857154 3.5000000000000004 65.475000000000009 94.500000000000014 81.752083333333346 481.00000000000006 32.500000000000007 3.5000000000000004 15.500000000000002 489.00000000000006 56.718750000000007 487.00000000000006 15.15
decision_type=2 2 2 2 2 2 2 2 2 2 2 2 2 2
left_child=4 6 -3 -4 7 11 -2 8 -1 10 -10 13 -13 -5
right_child=1 2 3 5 -6 -7 -8 -9 9 -11 -12 12 -14 -15
leaf_value=-0.0041906111281026495 -0.015160525590181351 0.021121944447881298 0.021126538552343848 -0.021429395671425898 -0.017336862019839742 0.015006786743178964 -0.046463781595230104 -0.01177941057831049 -0.0070005306642446103 0.038537006226904466 0.030857333103194835 -0.043040109089074227 0.0037480484360181126 0.010190387617330999
leaf_weight=33 23 38 25 22 21 20 20 20 33 33 20 26 23 32
leaf_count=33 23 38 25 22 21 20 20 20 33 33 20 26 23 32
internal_value=0.000243371 -0.00360361 0.00243409 -0.00236414 0.00574936 -0.00713867 -0.0297202 0.00923721 0.0127694 0.0192773 0.00728546 -0.0114388 -0.0210783 -0.00269175
internal_weight=389 229 186 148 160 123 43 139 119 86 53 103 49 54
internal_count=389 229 186 148 160 123 43 139 119 86 53 103 49 54
is_linear=0
shrinkage=0.05


Tree=169
num_leaves=15
num_cat=0
split_feature=1 14 14 18 11 17 7 19 11 10 10 15 11 17
split_gain=3.07665 5.21782 7.93621 7.1059 5.17068 4.24125 7.34545 10.202 4.61768 9.02489 18.8617 7.55018 5.37113 2.73317
threshold=3.5000000000000004 58.324523809523818 62.320982142857154 22.500000000000004 489.00000000000006 2.5000000000000004 55.500000000000007 4.5000000000000009 505.00000000000006 36.250000000000007 34.95000000000001 56.718750000000007 487.00000000000006 5.5000000000000009
decision_type=2 2 2 2 2 2 2 2 2 2 2 2 2 2
left_child=5 13 3 -3 -4 -1 7 -7 9 10 11 -8 -11 -2
right_child=1 2 4 -5 -6 6 8 -9 -10 12 -12 -13 -14 -15
leaf_value=-0.015065362891898706 0.015370422428370351 -0.050031051412224775 -0.014543932269637783 -0.009280361931609072 0.015064139343027411 0.04854841574349187 0.02890559921041131 0.0014101004227995873 0.018182778613117991 0.026655528591848755 -0.045701932521729632 -0.012310790836345405 -0.0063143607362040463 -0.0069989886388859964
leaf_weight=26 36 20 30 23 29 22 20 24 32 30 29 25 21 22
leaf_count=26 36 20 30 23 29 22 20 24 32 30 29 25 21 22
internal_value=0.000231202 -0.00508856 -0.0118973 -0.0282342 9.18768e-06 0.00394807 0.00638329 0.0239545 0.00123503 -0.0031036 -0.0142569 0.0060076 0.0130797 0.00688547
internal_weight=389 160 102 43 59 229 203 46 157 125 74 45 51 58
internal_count=389 160 102 43 59 229 203 46 157 125 74 45 51 58
is_linear=0
shrinkage=0.05


Tree=170
num_leaves=13
num_cat=0
split_feature=11 11 11 20 14 16 9 11 11 16 9 11
split_gain=4.62893 5.14615 3.82892 3.55116 12.4975 10.9899 9.58609 11.385 7.12845 5.38445 6.65192 3.28276
threshold=522.00000000000011 513.00000000000011 441.00000000000006 6.5000000000000009 74.518333333333345 21.500000000000004 11.500000000000002 483.00000000000006 465.00000000000006 22.500000000000004 74.800000000000026 491.00000000000006
decision_type=2 2 2 2 2 2 2 2 2 2 2 2
left_child=1 2 -1 8 5 6 -5 -8 -4 10 11 -10
right_child=-2 -3 3 4 -6 -7 7 -9 9 -11 -12 -13
leaf_value=0.015273690232424997 -0.0216707354483123 0.02482250940054655 0.024437933849791687 0.026020106688343193 -0.040552562534809114 -0.028004519059322774 0.011272187418369361 -0.028860953959325947 -0.023606909328729525 0.01488671891504165 0.013213218069778612 -0.00070910693510718974
leaf_weight=32 26 20 30 37 25 32 43 30 49 33 26 23
leaf_count=32 26 20 30 37 25 32 43 30 49 33 26 23
internal_value=-0.00126028 0.000136222 -0.00123524 -0.00284587 -0.00795413 -0.00221497 0.00528745 -0.00522088 0.00245277 -0.002582 -0.00846433 -0.0162923
internal_weight=406 380 360 328 167 142 110 73 161 131 98 72
internal_count=406 380 360 328 167 142 110 73 161 131 98 72
is_linear=0
shrinkage=0.05


Tree=171
num_leaves=13
num_cat=0
split_feature=8 15 9 9 10 20 18 9 9 18 11 10
split_gain=5.84425 12.0196 3.62773 8.57914 5.42762 9.30922 6.16754 4.18892 6.17945 10.7493 5.83057 6.50269
threshold=13.500000000000002 57.126984126984141 3.3500000000000001 5.1500000000000012 37.050000000000004 6.5000000000000009 41.500000000000007 14.300000000000002 59.650000000000013 26.500000000000004 487.00000000000006 35.150000000000013
decision_type=2 2 2 2 2 2 2 2 2 2 2 2
left_child=2 -2 -1 -4 6 -6 7 10 9 -9 11 -5
right_child=1 -3 3 4 5 -7 -8 8 -10 -11 -12 -13
leaf_value=0.015110759219775597 -0.003016000089088553 0.044871599903563042 -0.027356569331727532 0.0073883505961434412 0.0046494624563351728 -0.032366587897496565 -0.021077028299735574 -0.017443314378204591 0.017731255867651532 0.019846026213080795 -0.0066538459341973074 0.046780967181548477
leaf_weight=24 38 20 38 22 33 35 26 68 35 27 20 20
leaf_count=24 38 20 38 22 33 35 26 68 35 27 20 20
internal_value=-0.00119727 0.013497 -0.00364631 -0.00503572 -0.00207001 -0.0144029 0.00177695 0.00487176 -0.000228529 -0.00684529 0.0155659 0.0261467
internal_weight=406 58 348 324 286 68 218 192 130 95 62 42
internal_count=406 58 348 324 286 68 218 192 130 95 62 42
is_linear=0
shrinkage=0.05


Tree=172
num_leaves=12
num_cat=0
split_feature=8 9 9 9 10 20 14 14 18 19 3
split_gain=5.27443 4.69555 3.27403 7.74268 4.89842 8.40157 5.60682 6.19113 5.73588 6.18903 5.13949
threshold=13.500000000000002 163.30000000000004 3.3500000000000001 5.1500000000000012 37.050000000000004 6.5000000000000009 74.518333333333345 68.537259615384627 13.500000000000002 11.500000000000002 7.5000000000000009
decision_type=2 2 2 2 2 2 2 2 2 2 2
left_child=2 -2 -1 -4 6 -6 7 8 10 -10 -5
right_child=1 -3 3 4 5 -7 -8 -9 9 -11 -12
leaf_value=0.014355221825341383 0.032432055994868279 0.0025010975298324703 -0.025988740326934739 0.00030913292947742677 0.0044169894373749926 -0.030748257887150562 -0.017297709137765748 0.024010431497756925 0.028604847613584113 5.9850315665244125e-05 -0.029948906904167457
leaf_weight=24 20 38 38 36 33 35 33 35 27 64 23
leaf_count=24 20 38 38 36 33 35 33 35 27 64 23
internal_value=-0.0011374 0.0128221 -0.00346399 -0.00478393 -0.00196651 -0.0136828 0.0016881 0.00507476 0.000656435 0.00852925 -0.0114864
internal_weight=406 58 348 324 286 68 218 185 150 91 59
internal_count=406 58 348 324 286 68 218 185 150 91 59
is_linear=0
shrinkage=0.05


Tree=173
num_leaves=13
num_cat=0
split_feature=8 5 18 6 10 9 9 8 8 19 9 20
split_gain=4.76018 5.65351 3.02165 7.9346 4.12414 3.89586 10.4042 8.17946 9.96217 8.81305 4.17302 7.23172
threshold=13.500000000000002 1.0000000180025095e-35 37.500000000000007 4.5000000000000009 37.850000000000001 5.7500000000000009 3.8500000000000001 6.5000000000000009 7.5000000000000009 11.500000000000002 27.950000000000003 6.5000000000000009
decision_type=2 2 2 2 2 2 2 2 2 2 2 2
left_child=2 -2 4 -4 5 6 -1 9 -9 -7 -10 -12
right_child=1 -3 3 -5 -6 7 -8 8 10 -11 11 -13
leaf_value=0.01024949856930309 -0.0063991297346850237 0.025296404563328802 0.0066726126149296771 -0.027530377585058791 -0.020350562426261605 0.037790769506846705 -0.034513926543295381 -0.03396630869670348 0.020395821096518867 0.0020742532794172756 0.014007949305547253 -0.015543619055855782
leaf_weight=27 24 34 30 39 25 31 25 22 26 39 37 47
leaf_count=27 24 34 30 39 25 31 25 22 26 39 37 47
internal_value=-0.00108053 0.012181 -0.00329079 -0.0126595 -0.000973797 0.000933365 -0.0112714 0.00407518 -0.00325169 0.0178916 0.00289123 -0.00252686
internal_weight=406 58 348 69 279 254 52 202 132 70 110 84
internal_count=406 58 348 69 279 254 52 202 132 70 110 84
is_linear=0
shrinkage=0.05


Tree=174
num_leaves=14
num_cat=0
split_feature=8 15 9 9 10 20 18 9 9 10 15 11 10
split_gain=4.29606 10.9965 2.7863 6.62359 4.20668 7.29672 5.32368 3.66213 5.64502 13.2404 7.96398 5.20316 5.67422
threshold=13.500000000000002 57.126984126984141 3.3500000000000001 5.1500000000000012 37.050000000000004 6.5000000000000009 41.500000000000007 14.300000000000002 51.350000000000001 34.650000000000013 56.937500000000007 487.00000000000006 35.150000000000013
decision_type=2 2 2 2 2 2 2 2 2 2 2 2 2
left_child=2 -2 -1 -4 6 -6 7 11 9 -9 -10 12 -5
right_child=1 -3 3 4 5 -7 -8 8 10 -11 -12 -13 -14
leaf_value=0.013312208551603059 -0.0042225695460250505 0.041581568215042358 -0.023956524188581269 0.0069957314143803996 0.004272167133449605 -0.028499415197542739 -0.01958431905278793 0.024573960041870242 0.03464689270957657 -0.01984511315522175 -0.0074321616652675664 -0.0064671019394882028 0.043793508142989601
leaf_weight=24 38 20 38 22 33 35 26 23 23 62 22 20 20
leaf_count=24 38 20 38 22 33 35 26 23 23 62 22 20 20
internal_value=-0.00102651 0.011572 -0.00312625 -0.00434392 -0.00173805 -0.0125956 0.0016487 0.00452401 -0.000244807 -0.00782583 0.0140749 0.0145231 0.0245185
internal_weight=406 58 348 324 286 68 218 192 130 85 45 62 42
internal_count=406 58 348 324 286 68 218 192 130 85 45 62 42
is_linear=0
shrinkage=0.05


Tree=175
num_leaves=15
num_cat=0
split_feature=15 8 15 8 7 6 14 6 15 8 15 4 6 9
split_gain=4.17407 5.30193 7.06218 4.11719 4.01884 5.61423 6.37614 7.52816 9.47129 10.2991 8.16193 9.72974 5.93781 1.89819
threshold=55.842013888888893 7.5000000000000009 55.111111111111121 11.500000000000002 55.500000000000007 6.5000000000000009 48.229761904761915 4.5000000000000009 57.154761904761905 9.5000000000000018 57.033333333333339 11.500000000000002 4.5000000000000009 11.500000000000002
decision_type=2 2 2 2 2 2 2 2 2 2 2 2 2 2
left_child=1 2 -1 -3 -2 6 12 8 9 13 -9 -12 -6 -8
right_child=4 3 -4 -5 5 -7 7 10 -10 -11 11 -13 -14 -15
leaf_value=-0.0012215040251612663 0.022277008369565011 0.017989460040222515 -0.042736653195294953 -0.010487921622892221 0.0038729903236445458 -0.018007827273598224 0.032666800694451451 -0.0067528755675690874 -0.032134812027215957 -0.020239190685308793 0.010209158110695008 0.047409131022868679 -0.026827332759941265 0.011143587324768306
leaf_weight=20 25 22 21 30 36 33 21 24 20 22 39 32 28 20
leaf_count=20 25 22 21 30 36 33 21 24 20 22 39 32 28 20
internal_value=0.000214393 -0.00904053 -0.0224854 0.0015602 0.00308342 0.00133855 0.00397669 0.00884324 -0.00215764 0.00735893 0.0184545 0.0269753 -0.0095584 0.0221677
internal_weight=393 93 41 52 300 275 242 178 83 63 95 71 64 41
internal_count=393 93 41 52 300 275 242 178 83 63 95 71 64 41
is_linear=0
shrinkage=0.05


Tree=176
num_leaves=15
num_cat=0
split_feature=14 15 11 18 14 9 11 18 14 11 9 17 11 1
split_gain=3.82779 9.51978 15.1914 8.58355 13.0605 6.2136 6.82635 5.77287 5.11898 4.47002 3.61878 3.44121 6.66861 6.28157
threshold=66.762500000000017 57.083333333333343 487.00000000000006 2.5000000000000004 75.561111111111117 67.550000000000011 479.00000000000006 3.5000000000000004 39.705555555555563 469.00000000000006 16.050000000000004 7.5000000000000009 475.00000000000006 3.5000000000000004
decision_type=2 2 2 2 2 2 2 2 2 2 2 2 2 2
left_child=1 2 7 4 -2 6 -3 -1 -8 10 -9 12 -5 -14
right_child=3 5 -4 11 -6 -7 8 9 -10 -11 -12 -13 13 -15
leaf_value=-0.020404908292599628 0.048908987611532215 -0.022834360311251314 -0.045681648687631998 -0.028744073367367191 -0.0039133527739481496 0.031061908594616085 -0.0093102369830012337 -0.017301705133702074 0.022568727205233539 0.02003847041891681 0.0088704826012253775 0.014189869258552791 0.016011327520177209 -0.019302632119506599
leaf_weight=37 25 21 27 24 22 23 20 28 34 27 25 26 34 20
leaf_count=37 25 21 27 24 22 23 20 28 34 27 25 26 34 20
internal_value=0.000203673 -0.00369421 -0.0118752 0.00645061 0.0241836 0.00832688 0.00135481 -0.00407375 0.0107617 0.00347941 -0.00495633 -0.00156335 -0.00681443 0.00293208
internal_weight=393 242 144 151 47 98 75 117 54 80 53 104 78 54
internal_count=393 242 144 151 47 98 75 117 54 80 53 104 78 54
is_linear=0
shrinkage=0.05


Tree=177
num_leaves=13
num_cat=0
split_feature=15 8 15 20 7 9 9 17 8 17 17 20
split_gain=3.47678 4.68692 6.40601 3.84919 3.36997 4.36894 5.32273 3.6103 5.8787 4.0917 5.2569 0.971534
threshold=55.842013888888893 7.5000000000000009 55.111111111111121 8.5000000000000018 55.500000000000007 150.20000000000002 87.200000000000003 2.5000000000000004 8.5000000000000018 10.500000000000002 7.5000000000000009 6.5000000000000009
decision_type=2 2 2 2 2 2 2 2 2 2 2 2
left_child=1 2 -1 -3 -2 6 7 -6 9 10 -9 -10
right_child=4 3 -4 -5 5 -7 -8 8 11 -11 -12 -13
leaf_value=-0.00064219139516353608 0.020387878458946945 -0.010400994899200983 -0.040181686631625607 0.016989104158204534 0.019419944162170091 0.016953001328204809 -0.024165719991509359 0.0050692053710988082 -0.024765278906984767 0.024616551026701929 -0.021346123743316403 -0.0097299749209057724
leaf_weight=20 25 29 21 23 24 38 23 104 22 20 23 21
leaf_count=20 25 29 21 23 24 38 23 104 22 20 23 21
internal_value=0.000193489 -0.0082531 -0.0208941 0.00171386 0.00281193 0.00121412 -0.00130941 0.00114711 -0.00116104 0.0035957 0.000285327 -0.0174225
internal_weight=393 93 41 52 300 275 237 214 190 147 127 43
internal_count=393 93 41 52 300 275 237 214 190 147 127 43
is_linear=0
shrinkage=0.05


Tree=178
num_leaves=14
num_cat=0
split_feature=14 19 14 18 8 19 18 17 13 8 16 19 1
split_gain=3.30244 7.45968 12.7325 5.83275 9.15658 10.2256 7.07495 5.15912 6.73323 4.70836 3.44894 3.17919 2.84848
threshold=66.762500000000017 7.5000000000000009 75.561111111111117 3.5000000000000004 6.5000000000000009 2.5000000000000004 17.500000000000004 4.5000000000000009 15.500000000000002 5.5000000000000009 7.5000000000000009 13.500000000000002 3.5000000000000004
decision_type=2 2 2 2 2 2 2 2 2 2 2 2 2
left_child=3 2 -2 4 -1 -6 -5 8 -8 -3 -9 -12 -11
right_child=1 9 -4 6 5 -7 7 10 -10 12 11 -13 -14
leaf_value=0.014131912393495441 0.038587156755642761 -0.019913292663364574 -0.0068345210549456102 0.023793535251170398 -0.00060946141214420402 -0.043783986719790849 -0.0093530014306306836 -0.026258888240903618 0.026657689093715617 0.013789096373532501 0.0089763479069985743 -0.014401809035828619 -0.0085756088607013229
leaf_weight=20 36 29 27 30 24 32 25 25 27 35 26 33 24
leaf_count=20 36 29 27 30 24 32 25 25 27 35 26 33 24
internal_value=0.000183815 0.00598625 0.0191207 -0.00343671 -0.0149089 -0.0252806 0.00181561 -0.00303246 0.00934486 -0.00341684 -0.0106946 -0.00409957 0.00469159
internal_weight=393 151 63 242 76 56 166 136 52 88 84 59 59
internal_count=393 151 63 242 76 56 166 136 52 88 84 59 59
is_linear=0
shrinkage=0.05


Tree=179
num_leaves=14
num_cat=0
split_feature=11 11 11 11 11 20 11 19 16 16 8 19 18
split_gain=3.04772 5.01549 6.98967 6.19403 5.83532 5.5843 8.64026 6.10006 5.37124 5.23599 6.80717 3.51074 4.24102
threshold=497.00000000000006 491.00000000000006 487.00000000000006 475.00000000000006 471.00000000000006 4.5000000000000009 441.00000000000006 10.500000000000002 3.5000000000000004 31.500000000000004 7.5000000000000009 12.500000000000002 3.5000000000000004
decision_type=2 2 2 2 2 2 2 2 2 2 2 2 2
left_child=1 2 3 4 5 7 -7 -1 -8 10 -5 12 -2
right_child=11 -3 -4 9 -6 6 8 -9 -10 -11 -12 -13 -14
leaf_value=0.034026476527963367 -0.015274523225213802 0.020133391157206564 -0.028178041465580464 0.00053011463023722172 -0.026548739708960059 0.018692571100440213 -0.0041400929011644856 0.00011757883346743053 -0.034956171306279989 -0.0089081561937928207 0.033558788523077969 -0.02147223682353093 0.011002894385498674
leaf_weight=21 28 36 20 26 23 22 31 36 26 20 39 31 34
leaf_count=21 28 36 20 26 23 22 31 36 26 20 39 31 34
internal_value=0.000174624 0.00262618 0.000238837 0.00256809 -0.0032566 0.000682515 -0.00792363 0.0126103 -0.0181965 0.0134637 0.0203473 -0.00773363 -0.000864326
internal_weight=393 300 264 244 159 136 79 57 57 85 65 93 62
internal_count=393 300 264 244 159 136 79 57 57 85 65 93 62
is_linear=0
shrinkage=0.05


Tree=180
num_leaves=16
num_cat=0
split_feature=10 16 19 6 20 11 11 19 5 6 6 11 15 10 6
split_gain=5.28527 4.94914 4.28475 6.81528 8.83553 8.16587 6.84842 14.7742 6.1366 6.06291 5.71255 5.76298 5.641 5.03643 3.52101
threshold=38.650000000000013 38.500000000000007 3.5000000000000004 4.5000000000000009 9.5000000000000018 489.00000000000006 471.00000000000006 14.500000000000002 1.0000000180025095e-35 4.5000000000000009 5.5000000000000009 487.00000000000006 57.105555555555569 35.95000000000001 5.5000000000000009
decision_type=2 2 2 2 2 2 2 2 2 2 2 2 2 2 2
left_child=1 2 9 4 5 6 7 -4 10 -1 12 -12 -5 -10 -11
right_child=-2 -3 3 8 -6 -7 -8 -9 13 14 11 -13 -14 -15 -16
leaf_value=-0.026196598743748231 -0.020955474535003307 -0.013570489065769393 0.041402346268296246 -0.025291668297722936 0.038173372660051379 0.031735642039415389 -0.020318690749506155 -0.018644459024071695 0.0008719007738611916 0.020426055304706099 0.039748649080283943 0.004860512295673634 0.011016430207730635 -0.033796174451708794 -0.0092429903894662852
leaf_weight=24 24 39 21 20 34 27 27 20 22 20 20 29 23 20 20
leaf_count=24 24 39 21 20 34 27 27 20 22 20 20 29 23 20 20
internal_value=0.00177489 0.0032654 0.00527335 0.00809674 0.0163001 0.00847177 -0.000765361 0.0121112 0.000199483 -0.00632902 0.00742905 0.0191006 -0.00587106 -0.0156367 0.00559153
internal_weight=390 366 327 263 129 95 68 41 134 64 92 49 43 42 40
internal_count=390 366 327 263 129 95 68 41 134 64 92 49 43 42 40
is_linear=0
shrinkage=0.05


Tree=181
num_leaves=14
num_cat=0
split_feature=10 16 11 16 9 11 10 8 6 8 15 18 11
split_gain=4.76996 4.4666 3.79976 6.79718 3.91301 10.902 7.71553 6.58605 5.70701 4.79125 8.14054 5.00589 1.7205
threshold=38.650000000000013 38.500000000000007 441.00000000000006 22.500000000000004 22.250000000000004 461.00000000000006 37.050000000000004 5.5000000000000009 4.5000000000000009 10.500000000000002 57.126984126984141 17.500000000000004 485.00000000000006
decision_type=2 2 2 2 2 2 2 2 2 2 2 2 2
left_child=1 2 -1 4 6 -6 7 8 -4 10 -7 -11 -5
right_child=-2 -3 3 12 5 9 -8 -9 -10 11 -12 -13 -14
leaf_value=0.023742701392620802 -0.019907700580855212 -0.012891964996472383 0.0075808996389455652 0.012175559446863507 -0.038805536606482102 0.0056337924493897349 0.033433755995197732 0.018843703184809005 -0.020281638330779971 0.024634269624948503 -0.035281525328755385 -0.0056600551977753644 0.031970313830035076
leaf_weight=25 24 39 34 23 21 31 22 35 40 30 20 25 21
leaf_count=25 24 39 34 23 21 31 22 35 40 30 20 25 21
internal_value=0.00168614 0.00310213 0.00500968 0.00345894 0.000361181 -0.0058927 0.0064241 0.000972612 -0.00747993 0.000627771 -0.0104114 0.0108641 0.0216231
internal_weight=390 366 327 302 258 127 131 109 74 106 51 55 44
internal_count=390 366 327 302 258 127 131 109 74 106 51 55 44
is_linear=0
shrinkage=0.05


Tree=182
num_leaves=14
num_cat=0
split_feature=10 16 19 20 18 10 19 10 10 15 17 17 19
split_gain=4.30489 4.03111 4.22606 6.1274 5.67212 6.70754 5.00489 6.93494 14.0718 4.47344 4.47928 1.7401 0.0582238
threshold=38.650000000000013 38.500000000000007 12.500000000000002 8.5000000000000018 43.500000000000007 37.45000000000001 10.500000000000002 34.750000000000007 35.550000000000004 56.812500000000007 5.5000000000000009 5.5000000000000009 3.5000000000000004
decision_type=2 2 2 2 2 2 2 2 2 2 2 2 2
left_child=1 2 4 9 5 6 7 12 -9 11 -11 -4 -1
right_child=-2 -3 3 -5 -6 -7 -8 8 -10 10 -12 -13 -14
leaf_value=-0.013993951603770255 -0.018912316005056107 -0.01224736705995523 -0.017019476369023324 0.031881967076333242 0.019584099039661164 -0.029523966927635703 -0.017079387299600058 0.049836099017411477 0.0018756936032038468 0.029956375513798917 -0.0015175994299352171 0.0038377578929066659 -0.010178726548328996
leaf_weight=20 24 39 20 30 33 21 32 20 65 26 20 20 20
leaf_count=20 24 39 20 30 33 21 32 20 65 26 20 20 20
internal_value=0.00160183 0.00294703 0.0047592 0.0124253 0.000544645 -0.00298514 0.000564638 0.00508151 0.0131605 0.00563813 0.016272 -0.00659086 -0.0120863
internal_weight=390 366 327 116 211 178 157 125 85 86 46 40 40
internal_count=390 366 327 116 211 178 157 125 85 86 46 40 40
is_linear=0
shrinkage=0.05


Tree=183
num_leaves=14
num_cat=0
split_feature=10 8 14 11 18 19 14 19 18 9 11 10 15
split_gain=3.88516 3.36744 4.3886 6.93038 7.80776 5.79345 7.45475 5.63743 4.77859 9.57521 5.03633 6.37356 1.46519
threshold=38.650000000000013 14.500000000000002 66.762500000000017 501.00000000000006 3.5000000000000004 3.5000000000000004 64.003125000000011 12.500000000000002 25.500000000000004 12.350000000000001 475.00000000000006 35.550000000000004 55.732638888888893
decision_type=2 2 2 2 2 2 2 2 2 2 2 2 2
left_child=1 2 5 4 -4 -1 8 -6 10 -10 -7 -12 -11
right_child=-2 -3 3 -5 7 6 -8 -9 9 12 11 -13 -14
leaf_value=-0.021060753309142755 -0.017966700205579399 0.018034736620205823 0.040095512755215168 -0.012106648686652384 -0.008381172711960972 -0.00185790172507686 -0.027186237009508271 0.020277717472935046 -0.023468720721346994 0.002147040590643883 0.0036077778786420822 0.041825683038526525 0.02084589550398629
leaf_weight=37 24 33 24 30 32 31 21 37 35 20 20 24 22
leaf_count=37 24 33 24 30 32 31 21 37 35 20 20 24 22
internal_value=0.00152174 0.00279967 0.00128989 0.00879001 0.0155309 -0.00310303 0.000737638 0.00698664 0.00459554 -0.00415396 0.0135784 0.0244539 0.0119417
internal_weight=390 366 333 123 93 210 173 69 152 77 75 44 42
internal_count=390 366 333 123 93 210 173 69 152 77 75 44 42
is_linear=0
shrinkage=0.05


Tree=184
num_leaves=15
num_cat=0
split_feature=10 16 15 16 20 15 19 18 8 14 18 14 8 19
split_gain=3.50636 3.70737 7.77558 4.49048 2.76391 12.5814 8.13018 7.20823 5.77534 5.50258 4.97655 4.06404 3.91982 2.10266
threshold=38.650000000000013 37.500000000000007 56.937500000000007 22.500000000000004 4.5000000000000009 57.033333333333339 12.500000000000002 30.500000000000004 6.5000000000000009 71.871875000000017 25.500000000000004 62.320982142857154 10.500000000000002 11.500000000000002
decision_type=2 2 2 2 2 2 2 2 2 2 2 2 2 2
left_child=1 3 -3 4 5 7 9 -1 -8 11 -7 12 -6 -5
right_child=-2 2 -4 13 6 10 8 -9 -10 -11 -12 -13 -14 -15
leaf_value=-0.035481025849003346 -0.017068365092078843 -0.028642567762961757 0.012825487963855268 0.0089683130560886306 -0.0099977096754380254 0.032676790286363527 0.0046180369853973391 0.00035144811496138576 0.03741144170213876 -0.018503086895427921 -0.0013520857097492332 0.021183714443551646 0.016698617832735182 0.03162109949626029
leaf_weight=32 24 26 20 21 44 22 25 25 29 33 21 28 20 20
leaf_count=32 24 26 20 21 44 22 25 25 29 33 21 28 20 20
internal_value=0.00144566 0.00265969 -0.010613 0.00456764 0.00229709 -0.00436111 0.00601675 -0.019765 0.0222293 -0.000987078 0.016058 0.00529584 -0.00165511 0.0200185
internal_weight=390 366 46 320 279 100 179 57 54 125 43 92 64 41
internal_count=390 366 46 320 279 100 179 57 54 125 43 92 64 41
is_linear=0
shrinkage=0.05


Tree=185
num_leaves=13
num_cat=0
split_feature=20 8 6 14 16 8 9 8 20 11 11 14
split_gain=5.29381 6.58516 8.76739 4.93483 9.4673 8.31482 6.83446 6.78524 5.93749 4.9991 7.98211 2.87476
threshold=9.5000000000000018 3.5000000000000004 4.5000000000000009 65.475000000000009 28.500000000000004 3.5000000000000004 6.2500000000000009 7.5000000000000009 4.5000000000000009 491.00000000000006 469.00000000000006 55.695982142857154
decision_type=2 2 2 2 2 2 2 2 2 2 2 2
left_child=3 -2 -3 4 6 -5 -1 11 -9 10 -7 -8
right_child=1 2 -4 5 -6 9 7 8 -10 -11 -12 -13
leaf_value=0.023628680424436051 0.015748781356960534 -0.033037764261452822 0.00093874678116392441 -0.033030837359616448 0.03491482120649568 0.014192265136675401 -0.0054016024100058012 -0.0075670406827703131 0.022365772638570619 0.016577251074569567 -0.026380412901441261 -0.028735328279435635
leaf_weight=34 20 39 37 21 29 22 33 30 37 35 27 22
leaf_count=34 20 39 37 21 29 22 33 30 37 35 27 22
internal_value=0.000398312 -0.00977879 -0.0164966 0.00376728 0.00868107 -0.00489033 0.00380428 -0.00172056 0.00896302 0.00214479 -0.00816411 -0.0147351
internal_weight=386 96 76 290 185 105 156 122 67 84 49 55
internal_count=386 96 76 290 185 105 156 122 67 84 49 55
is_linear=0
shrinkage=0.05


Tree=186
num_leaves=15
num_cat=0
split_feature=10 13 18 6 14 8 8 6 5 2 9 20 18 8
split_gain=6.96905 8.29507 10.2127 7.09299 5.75485 4.73018 3.62464 5.68237 14.3941 9.36164 5.78043 5.15969 3.68026 3.30575
threshold=34.350000000000001 17.000000000000004 12.500000000000002 3.5000000000000004 60.178095238095246 8.5000000000000018 9.5000000000000018 4.5000000000000009 1.0000000180025095e-35 5.5000000000000009 9.9500000000000011 6.5000000000000009 24.500000000000004 12.500000000000002
decision_type=2 2 2 2 2 2 2 2 2 2 2 2 2 2
left_child=3 6 -3 -1 -5 -4 7 9 10 12 -9 13 -2 -8
right_child=1 2 5 4 -6 -7 11 8 -10 -11 -12 -13 -14 -15
leaf_value=0.037878201766447593 0.0080900716817095177 -0.039357286358192085 -0.0197213044301385 0.023147249926367533 -0.0098622759878297436 0.012467726303264499 0.012921806411551578 0.024040935132652524 -0.042570225536250152 -0.015207125386977742 -0.0098350925903479738 0.026662577788035074 0.038059349399991338 -0.011598483072938743
leaf_weight=22 21 31 21 23 31 25 28 20 26 27 34 30 20 27
leaf_count=22 21 31 21 23 31 25 28 20 26 27 34 30 20 27
internal_value=0.000378397 -0.00294811 -0.0171757 0.0139471 0.00419734 -0.00222727 0.00175371 -0.00297239 -0.012005 0.00765421 0.00271158 0.00998269 0.0227092 0.000884573
internal_weight=386 310 77 76 54 46 233 148 80 68 54 85 41 55
internal_count=386 310 77 76 54 46 233 148 80 68 54 85 41 55
is_linear=0
shrinkage=0.05


Tree=187
num_leaves=15
num_cat=0
split_feature=10 9 9 19 14 19 20 14 9 9 14 8 19 3
split_gain=6.85028 7.2679 5.59641 6.94219 7.124 5.84223 4.37854 3.65886 5.99156 3.34859 5.21405 2.96755 3.67932 1.71135
threshold=33.45000000000001 3.3500000000000001 34.050000000000004 8.5000000000000018 49.925000000000004 12.500000000000002 6.5000000000000009 71.871875000000017 133.90000000000003 7.7500000000000009 65.475000000000009 5.5000000000000009 13.500000000000002 6.5000000000000009
decision_type=2 2 2 2 2 2 2 2 2 2 2 2 2 2
left_child=-1 -2 3 4 -3 7 -7 8 13 10 -5 -11 -13 -4
right_child=1 2 5 9 -6 6 -8 -9 -10 11 -12 12 -14 -15
leaf_value=0.025670763894915585 0.027900913301855325 -0.0029515808315149377 0.006109452703967691 0.021365634575486184 -0.036379466940825049 0.003462625951284454 0.035381517948487519 -0.015002997447219162 -0.014479388356208801 -0.023470824406198836 -0.011592822289094329 0.011247424255297692 -0.013999308369332745 0.026545938778491249
leaf_weight=25 20 28 20 30 37 21 22 36 25 23 20 27 31 21
leaf_count=25 20 28 20 30 37 21 22 36 25 23 20 27 31 21
internal_value=0.000359477 -0.00139338 -0.00311152 -0.00862091 -0.0219798 0.00433565 0.0197932 -0.00218077 0.00481317 -0.00199248 0.00818225 -0.00827317 -0.00224652 0.0165769
internal_weight=386 361 341 196 65 145 43 102 66 131 50 81 58 41
internal_count=386 361 341 196 65 145 43 102 66 131 50 81 58 41
is_linear=0
shrinkage=0.05


Tree=188
num_leaves=15
num_cat=0
split_feature=10 15 20 6 11 10 13 11 6 18 6 5 11 10
split_gain=6.18238 3.55488 6.25549 4.08441 4.30486 3.93313 7.77513 9.30996 13.3312 8.43896 7.6855 5.79587 3.79977 3.71598
threshold=33.45000000000001 57.083333333333343 9.5000000000000018 5.5000000000000009 489.00000000000006 34.650000000000013 17.000000000000004 497.00000000000006 4.5000000000000009 12.500000000000002 3.5000000000000004 1.0000000180025095e-35 489.00000000000006 36.550000000000004
decision_type=2 2 2 2 2 2 2 2 2 2 2 2 2 2
left_child=-1 5 3 12 -5 10 7 8 13 -8 -2 -10 -3 -7
right_child=1 2 -4 4 -6 6 9 -9 11 -11 -12 -13 -14 -15
leaf_value=0.024387225798331205 0.026099517090747565 -0.0090337025261084947 -0.017593395303934813 0.039129193127155307 0.007411257801172526 0.038023272019041626 -0.050765629424713556 -0.027570356508450852 0.0061403606121893974 -0.0082409572122352469 -0.011987369930095694 -0.029661581407372767 0.014435573906110437 0.010433127702428746
leaf_weight=25 26 35 25 20 23 23 20 28 20 28 27 26 34 26
leaf_count=25 26 35 25 20 23 23 20 28 20 28 27 26 34 26
internal_value=0.000341503 -0.00132371 0.00502071 0.0100685 0.0221638 -0.00520401 -0.00889255 -0.00223225 0.00523582 -0.0259596 0.00669676 -0.0140955 0.00253087 0.0233836
internal_weight=386 361 137 112 43 224 171 123 95 48 53 46 69 49
internal_count=386 361 137 112 43 224 171 123 95 48 53 46 69 49
is_linear=0
shrinkage=0.05


Tree=189
num_leaves=15
num_cat=0
split_feature=10 8 8 1 8 14 16 2 1 15 6 15 3 10
split_gain=5.5796 4.42382 3.90239 8.98423 5.71195 4.05443 6.08792 6.13358 13.0586 11.7744 3.72057 4.78377 3.67882 3.51707
threshold=33.45000000000001 1.5000000000000002 9.5000000000000018 3.5000000000000004 12.500000000000002 29.183333333333341 1.0000000180025095e-35 5.5000000000000009 3.5000000000000004 57.208333333333336 4.5000000000000009 56.718750000000007 6.5000000000000009 36.350000000000001
decision_type=2 2 2 2 2 2 2 2 2 2 2 2 2 2
left_child=-1 -2 5 10 -5 -3 12 8 -8 -9 -4 -12 13 -7
right_child=1 2 3 4 -6 6 7 9 -10 -11 11 -13 -14 -15
leaf_value=0.023167864937335254 0.019960714263193634 0.012281657258669537 -0.017534322642696731 0.041539888312108815 0.0068065770355791883 0.0026224082037806513 0.036565536024048925 -0.03172477324260399 -0.01691767598191897 0.01718001188710332 0.021991913272067905 -0.01053422955939403 -0.031008511975922276 -0.025508378385857212
leaf_weight=25 23 24 38 20 29 25 25 32 21 20 20 26 38 20
leaf_count=25 23 24 38 20 29 25 25 32 21 20 20 26 38 20
internal_value=0.000324428 -0.00125753 -0.00270137 0.00396867 0.0209834 -0.00702876 -0.00958926 -0.00115026 0.0121493 -0.0129152 -0.00595662 0.00360757 -0.0195534 -0.00988016
internal_weight=386 361 338 133 49 205 181 98 46 52 84 46 83 45
internal_count=386 361 338 133 49 205 181 98 46 52 84 46 83 45
is_linear=0
shrinkage=0.05


Tree=190
num_leaves=15
num_cat=0
split_feature=9 9 8 10 18 9 10 10 14 18 9 3 13 16
split_gain=6.34865 8.99594 8.84486 6.75427 9.59507 8.56952 6.81832 8.93733 6.06137 8.31804 6.50785 4.73028 3.78665 2.22729
threshold=3.9500000000000006 5.4500000000000011 3.5000000000000004 35.150000000000013 3.5000000000000004 34.050000000000004 34.750000000000007 34.350000000000001 68.277884615384622 19.500000000000004 15.15 5.5000000000000009 11.500000000000002 10.500000000000002
decision_type=2 2 2 2 2 2 2 2 2 2 2 2 2 2
left_child=-1 -2 -3 6 5 -5 7 12 9 -6 -11 -10 -4 -7
right_child=1 2 3 4 8 13 -8 -9 11 10 -12 -13 -14 -15
leaf_value=0.020461927143377114 -0.029671490751206876 0.032071915166452525 -0.0043054531933739782 -0.045178377360105521 0.035350917923179542 -0.0019504369126961511 0.029902731637573905 -0.02383774356916547 0.0020203040447086098 -0.023949517211876811 0.010329182847506471 -0.029711370299691744 0.023599859152830416 -0.022367869529195811
leaf_weight=33 28 20 20 25 22 34 27 25 24 20 45 23 31 22
leaf_count=33 28 20 20 25 22 34 27 25 24 20 45 23 31 22
internal_value=-0.00054236 -0.00243619 -0.00018001 -0.00220843 -0.00725209 -0.0208379 0.00831958 0.000651881 0.000960215 0.00877636 -0.000218109 -0.013508 0.0126566 -0.00997157
internal_weight=399 366 338 318 215 81 103 76 134 87 65 47 51 56
internal_count=399 366 338 318 215 81 103 76 134 87 65 47 51 56
is_linear=0
shrinkage=0.05


Tree=191
num_leaves=15
num_cat=0
split_feature=18 19 10 11 14 8 16 7 14 15 7 18 11 10
split_gain=5.54509 7.57447 6.81063 6.57052 5.17039 4.93901 3.989 5.24629 6.21547 5.53641 2.48832 5.16765 3.75815 1.79278
threshold=3.5000000000000004 6.5000000000000009 35.150000000000013 469.00000000000006 29.183333333333341 10.500000000000002 9.5000000000000018 56.500000000000007 64.003125000000011 57.033333333333339 57.250000000000007 25.500000000000004 477.00000000000006 35.650000000000013
decision_type=2 2 2 2 2 2 2 2 2 2 2 2 2 2
left_child=2 -2 -1 -4 -3 -5 10 -8 -9 -10 12 -12 -6 -14
right_child=1 4 3 5 6 -7 7 8 9 -11 11 -13 13 -15
leaf_value=0.0084873691678811342 0.029794074922800062 0.025255013918504123 0.0017568602925166488 -0.04060425851494074 -0.0014819585577290702 -0.011667075958745235 -0.010017396342557144 0.034505326855772483 0.019063885676829765 -0.016555795492604376 0.020899143312708476 -0.01351382932625711 -0.034024753994308411 -0.01285414700396359
leaf_weight=39 25 20 32 30 38 29 34 24 24 20 20 24 20 20
leaf_count=39 25 20 32 30 38 29 34 24 24 20 20 24 20 20
internal_value=-0.000515242 0.0035824 -0.0089942 -0.0164863 0.000896773 -0.0263809 -0.00127807 0.00601915 0.0140374 0.00287312 -0.00737903 0.00212843 -0.0127422 -0.0234395
internal_weight=399 269 130 91 244 59 224 102 68 44 122 44 78 40
internal_count=399 269 130 91 244 59 224 102 68 44 122 44 78 40
is_linear=0
shrinkage=0.05


Tree=192
num_leaves=16
num_cat=0
split_feature=19 19 10 20 10 7 20 10 3 8 20 20 1 17 20
split_gain=3.97281 9.55055 6.68594 12.8875 6.06397 5.69559 13.119 5.51317 4.86662 4.10135 7.51413 7.29251 4.21683 3.27067 1.97681
threshold=5.5000000000000009 6.5000000000000009 36.050000000000004 8.5000000000000018 37.250000000000007 57.250000000000007 9.5000000000000018 34.750000000000007 8.5000000000000018 7.5000000000000009 8.5000000000000018 8.5000000000000018 3.5000000000000004 5.5000000000000009 4.5000000000000009
decision_type=2 2 2 2 2 2 2 2 2 2 2 2 2 2 2
left_child=2 -2 7 4 -4 9 8 -1 13 10 12 14 -3 -7 -11
right_child=1 5 3 -5 -6 6 -8 -9 -10 11 -12 -13 -14 -15 -16
leaf_value=-0.010355192901832719 0.036087712869048119 -0.017354765132069589 -0.054831799864768986 0.0089338361679647989 -0.016362366769462827 0.020502010577782878 -0.025316020535926027 0.021619169485683626 0.038528582486121551 -0.0011189967992582494 -0.034450087177434134 0.021416801208209608 0.010897424106120266 -0.0049798288987949494 -0.02170062025077641
leaf_weight=28 20 25 21 26 20 34 21 26 23 28 28 31 28 20 20
leaf_count=28 20 25 21 26 20 34 21 26 23 28 28 31 28 20 20
internal_value=-0.00048948 0.00280209 -0.00805192 -0.0186035 -0.0360662 0.000221805 0.00971421 0.00503987 0.0192679 -0.00559229 -0.0134981 0.00251363 -0.00242908 0.0110643 -0.00969467
internal_weight=399 278 121 67 41 258 98 54 77 160 81 79 53 54 48
internal_count=399 278 121 67 41 258 98 54 77 160 81 79 53 54 48
is_linear=0
shrinkage=0.05


Tree=193
num_leaves=14
num_cat=0
split_feature=9 9 6 18 16 14 3 15 10 18 18 20 18
split_gain=5.70591 8.15361 4.90947 8.9752 6.53529 5.70748 5.23921 4.22349 11.4647 4.50507 9.63616 3.86834 0.939853
threshold=3.9500000000000006 5.4500000000000011 4.5000000000000009 29.500000000000004 22.500000000000004 48.229761904761915 6.5000000000000009 56.812500000000007 35.95000000000001 30.500000000000004 2.5000000000000004 4.5000000000000009 41.500000000000007
decision_type=2 2 2 2 2 2 2 2 2 2 2 2 2
left_child=-1 -2 3 4 5 -3 -7 8 -4 10 -9 -11 -5
right_child=1 2 7 12 -6 6 -8 9 -10 11 -12 -13 -14
leaf_value=0.019447670611694005 -0.028189286775887015 0.0020851810835301877 0.015979184820981963 0.021022302694618702 0.00754150554824334 -0.011372257647319483 -0.040659981689138994 -0.00047683425779853554 -0.024208710870395105 0.013881319051697143 0.035661784791050311 -0.015800137769268908 0.0056937945866957313
leaf_weight=33 28 20 35 20 26 26 37 35 36 21 39 23 20
leaf_count=33 28 20 35 20 26 26 37 35 36 21 39 23 20
internal_value=-0.000465006 -0.00226041 -0.000112457 -0.00689928 -0.0143332 -0.0211855 -0.028573 0.005238 -0.00439778 0.0110358 0.0185692 -0.00163399 0.013358
internal_weight=399 366 338 149 109 83 63 189 71 118 74 44 40
internal_count=399 366 338 149 109 83 63 189 71 118 74 44 40
is_linear=0
shrinkage=0.05


Tree=194
num_leaves=15
num_cat=0
split_feature=9 9 8 10 13 10 10 19 14 13 16 14 13 7
split_gain=5.14958 7.35863 7.64737 5.50295 7.15433 6.07035 7.74606 5.68114 8.17927 9.62433 7.38373 5.19634 3.5837 1.77285
threshold=3.9500000000000006 5.4500000000000011 3.5000000000000004 35.150000000000013 17.000000000000004 34.750000000000007 34.350000000000001 5.5000000000000009 66.762500000000017 15.500000000000002 27.500000000000004 68.277884615384622 11.500000000000002 56.500000000000007
decision_type=2 2 2 2 2 2 2 2 2 2 2 2 2 2
left_child=-1 -2 -3 5 7 6 12 8 9 -5 11 -9 -4 -6
right_child=1 2 3 4 13 -7 -8 10 -10 -11 -12 -13 -14 -15
leaf_value=0.018475286641412163 -0.026779822366578238 0.029882453859318051 -0.005050182528793812 -0.0031400924804620444 -0.014868140059777282 0.027874863465075141 -0.022524156071245673 0.0053726842595179652 0.0087912436760962023 -0.052191935330629352 0.031677492477354553 -0.023719804380089044 0.022097013932802986 -0.035178578911083086
leaf_weight=33 28 20 20 20 22 27 25 66 25 20 21 20 31 21
leaf_count=33 28 20 20 20 22 27 25 66 25 20 21 20 31 21
internal_value=-0.000441756 -0.00214739 -0.000106834 -0.00199295 -0.00654549 0.00750991 0.000274998 -0.00198506 -0.013644 -0.027666 0.00509746 -0.00139301 0.0114511 -0.0247872
internal_weight=399 366 338 318 215 103 76 172 65 40 107 86 51 43
internal_count=399 366 338 318 215 103 76 172 65 40 107 86 51 43
is_linear=0
shrinkage=0.05


Tree=195
num_leaves=15
num_cat=0
split_feature=10 17 10 7 7 19 11 13 20 11 19 18 18 19
split_gain=7.58738 3.68693 9.39624 7.29841 5.57969 5.21762 5.10905 11.4354 6.69103 3.95435 8.23934 3.1916 2.06617 1.93425
threshold=33.45000000000001 4.5000000000000009 37.45000000000001 56.500000000000007 57.250000000000007 11.500000000000002 481.00000000000006 15.500000000000002 6.5000000000000009 493.00000000000006 11.500000000000002 13.500000000000002 24.500000000000004 13.500000000000002
decision_type=2 2 2 2 2 2 2 2 2 2 2 2 2 2
left_child=-1 2 3 11 -5 -6 8 -8 13 -9 -11 -2 -10 -3
right_child=1 6 -4 4 5 -7 7 9 12 10 -12 -13 -14 -15
leaf_value=0.025976784097460598 0.012756466815391413 0.0055684048030525445 -0.017571428504127722 -0.017655781366758879 0.028280682455409656 -0.0070055008307099353 -0.022837360590430244 0.025813740479449433 -0.019298896511706215 0.024895198727873241 -0.017059817201457918 0.037777362369000915 -0.04105888836085797 -0.014216815423043001
leaf_weight=26 26 30 39 27 22 20 35 30 24 22 25 25 20 21
leaf_count=26 26 30 39 27 22 20 35 30 24 22 25 25 20 21
internal_value=-0.00012239 -0.00197643 0.00374953 0.0106788 7.76652e-05 0.0114777 -0.00637463 0.000859853 -0.0149037 0.0116313 0.0025787 0.0250216 -0.0291898 -0.00257845
internal_weight=392 366 159 120 69 42 207 112 95 77 47 51 44 51
internal_count=392 366 159 120 69 42 207 112 95 77 47 51 44 51
is_linear=0
shrinkage=0.05


Tree=196
num_leaves=14
num_cat=0
split_feature=10 17 10 7 4 4 11 11 20 14 15 15 16
split_gain=6.84761 3.32745 8.4801 6.58682 9.44745 6.9564 4.61091 7.60725 6.03866 4.66174 4.55856 4.15769 3.17255
threshold=33.45000000000001 4.5000000000000009 37.45000000000001 56.500000000000007 11.500000000000002 11.500000000000002 481.00000000000006 517.00000000000011 6.5000000000000009 61.412053571428579 55.953125000000007 56.937500000000007 14.500000000000002
decision_type=2 2 2 2 2 2 2 2 2 2 2 2 2
left_child=-1 2 3 5 -5 -2 8 9 11 -8 -10 -3 -11
right_child=1 6 -4 4 -6 -7 7 -9 10 12 -12 -13 -14
leaf_value=0.02467794492840767 0.042602413982152941 -0.017008402979001403 -0.01669285683773267 -0.021020968018565331 0.016300512980430937 0.0056629532195914259 -0.0084393441091261574 -0.025539452718062836 -0.010100472336634995 0.02857033039461105 -0.042421843584937356 0.011549391583181344 0.0052165873574488092
leaf_weight=26 25 25 39 30 39 26 31 22 20 26 24 26 33
leaf_count=26 25 25 39 30 39 26 31 22 20 26 24 26 33
internal_value=-0.00011627 -0.00187761 0.00356205 0.0101449 7.37821e-05 0.0237705 -0.0060559 0.00081686 -0.0141585 0.00725951 -0.0277303 -0.00244953 0.0155081
internal_weight=392 366 159 120 69 51 207 112 95 90 44 51 59
internal_count=392 366 159 120 69 51 207 112 95 90 44 51 59
is_linear=0
shrinkage=0.05


Tree=197
num_leaves=16
num_cat=0
split_feature=17 5 16 11 2 5 19 17 17 6 17 8 11 19 14
split_gain=2.98586 2.11611 2.96049 5.91614 6.13697 5.16869 3.00858 12.1914 6.26621 6.97387 5.72489 5.78501 5.23818 3.12672 0.756813
threshold=13.000000000000002 1.5000000000000002 20.500000000000004 481.00000000000006 5.5000000000000009 1.0000000180025095e-35 5.5000000000000009 3.5000000000000004 3.5000000000000004 4.5000000000000009 6.5000000000000009 10.500000000000002 481.00000000000006 11.500000000000002 61.412053571428579
decision_type=2 2 2 2 2 2 2 2 2 2 2 2 2 2 2
left_child=1 2 6 5 -5 -4 7 -1 9 -8 11 13 -9 -10 -12
right_child=-2 -3 3 4 -6 -7 8 12 10 -11 14 -13 -14 -15 -16
leaf_value=-0.014217625379562379 -0.018452124457274163 -0.013120424666049076 -0.0022309345193207266 0.025494888983666898 -0.0088101180910598494 -0.03817775070201606 0.034784755408763884 0.045991566752933942 -0.019691520135687746 0.00040912447600728938 0.016858318075537681 -0.036265667381230743 0.011452303365582513 0.0037845627429920273 0.0034194539428095924
leaf_weight=25 21 25 20 22 32 20 25 23 23 36 20 20 21 37 22
leaf_count=25 21 25 20 22 32 20 25 23 23 36 20 20 21 37 22
internal_value=-0.000110457 0.000927751 0.00194279 -0.00562989 0.005166 -0.0202043 0.00476752 0.0136647 0.00141285 0.0144975 -0.00512947 -0.0129774 0.0295069 -0.0052146 0.00981891
internal_weight=392 371 346 94 54 40 252 69 183 61 122 80 44 60 42
internal_count=392 371 346 94 54 40 252 69 183 61 122 80 44 60 42
is_linear=0
shrinkage=0.05


Tree=198
num_leaves=14
num_cat=0
split_feature=10 14 20 10 15 14 7 9 11 11 2 5 14
split_gain=6.17447 3.1402 4.62689 4.49659 5.39667 12.4036 7.741 3.49662 3.3169 7.47231 6.76746 13.3797 2.57176
threshold=33.45000000000001 39.705555555555563 4.5000000000000009 37.650000000000013 56.812500000000007 62.08348214285715 57.250000000000007 18.350000000000005 463.00000000000006 447.00000000000006 5.5000000000000009 1.0000000180025095e-35 64.003125000000011
decision_type=2 2 2 2 2 2 2 2 2 2 2 2 2
left_child=-1 2 -2 4 8 -6 7 -7 9 -3 11 -10 -5
right_child=1 3 -4 12 5 6 -8 -9 10 -11 -12 -13 -14
leaf_value=0.023439083260913884 -0.032023907378315924 -0.0095816212288778405 -0.0013671558946953156 -0.02630808401683515 0.038400395909945172 0.029709963476107944 -0.015511373124825648 0.0032855460480336221 0.003135724525366511 0.03014499161858112 0.0066942607551984685 -0.04667511102027045 -0.0038012341689318422
leaf_weight=26 20 29 32 22 30 21 39 31 28 20 38 26 30
leaf_count=26 20 29 32 22 30 21 39 31 28 20 38 26 30
internal_value=-0.000104934 -0.00177746 -0.0131582 0.000107251 0.00277287 0.0105193 0.00132767 0.0139569 -0.00387474 0.00663332 -0.00947142 -0.0208473 -0.0133234
internal_weight=392 366 52 314 262 121 91 52 141 49 92 54 52
internal_count=392 366 52 314 262 121 91 52 141 49 92 54 52
is_linear=0
shrinkage=0.05


Tree=199
num_leaves=15
num_cat=0
split_feature=10 17 10 18 9 9 20 9 17 17 11 6 8 14
split_gain=5.57246 2.90439 2.98866 4.65807 10.91 10.0858 4.58388 4.53398 4.24642 5.47253 9.25282 5.2909 3.99789 2.7363
threshold=33.45000000000001 13.000000000000002 37.650000000000013 9.5000000000000018 126.40000000000002 125.05000000000003 6.5000000000000009 30.700000000000006 4.5000000000000009 8.5000000000000018 489.00000000000006 4.5000000000000009 7.5000000000000009 65.475000000000009
decision_type=2 2 2 2 2 2 2 2 2 2 2 2 2 2
left_child=-1 2 3 4 7 8 -4 13 11 10 -10 -5 -13 -2
right_child=1 -3 6 5 -6 -7 -8 -9 9 -11 -12 12 -14 -15
leaf_value=0.022267128706264957 0.020616318439615186 -0.020214522797614338 0.0053255838904685028 0.017706475983140992 -0.022425298946909606 0.028843671904707498 -0.023581221618223937 0.036522214286029336 -0.032538657494838912 0.0075123643340623894 0.0045942391008138659 -0.024234600361986935 0.0066529641859233383 -0.0027681052145040173
leaf_weight=26 29 20 24 31 20 22 32 25 51 23 25 22 20 22
leaf_count=26 29 20 24 31 20 22 32 25 51 23 25 22 20 22
internal_value=-9.96874e-05 -0.00168859 -0.000617724 0.00142432 0.0104325 -0.00303336 -0.0111926 0.0190793 -0.00711065 -0.0138569 -0.0203239 0.00203834 -0.00952624 0.0105289
internal_weight=392 366 346 290 96 194 56 76 172 99 76 73 42 51
internal_count=392 366 346 290 96 194 56 76 172 99 76 73 42 51
is_linear=0
shrinkage=0.05


end of trees

feature_importances:
last_3f=387
odds_numeric=337
horse_weight_kg=242
jockey_encoded=222
race_avg_odds=200
race_avg_weight=190
jockey_frequency=169
popularity=166
trainer_encoded=156
trainer_frequency=127
field_size=95
age=91
race_type_encoded=81
venue_code=67
race_number=65
weight=63
sex_encoded=44
day_of_week=33
month=28

parameters:
[boosting: gbdt]
[objective: regression]
[metric: rmse]
[tree_learner: serial]
[device_type: cpu]
[data_sample_strategy: bagging]
[data: ]
[valid: ]
[num_iterations: 200]
[learning_rate: 0.05]
[num_leaves: 31]
[num_threads: 0]
[seed: 42]
[deterministic: 0]
[force_col_wise: 0]
[force_row_wise: 0]
[histogram_pool_size: -1]
[max_depth: 8]
[min_data_in_leaf: 20]
[min_sum_hessian_in_leaf: 0.001]
[bagging_fraction: 0.8]
[pos_bagging_fraction: 1]
[neg_bagging_fraction: 1]
[bagging_freq: 5]
[bagging_seed: 400]
[bagging_by_query: 0]
[feature_fraction: 0.8]
[feature_fraction_bynode: 1]
[feature_fraction_seed: 30056]
[extra_trees: 0]
[extra_seed: 12879]
[early_stopping_round: 0]
[early_stopping_min_delta: 0]
[first_metric_only: 0]
[max_delta_step: 0]
[lambda_l1: 0]
[lambda_l2: 0]
[linear_lambda: 0]
[min_gain_to_split: 0]
[drop_rate: 0.1]
[max_drop: 50]
[skip_drop: 0.5]
[xgboost_dart_mode: 0]
[uniform_drop: 0]
[drop_seed: 17869]
[top_rate: 0.2]
[other_rate: 0.1]
[min_data_per_group: 100]
[max_cat_threshold: 32]
[cat_l2: 10]
[cat_smooth: 10]
[max_cat_to_onehot: 4]
[top_k: 20]
[monotone_constraints: ]
[monotone_constraints_method: basic]
[monotone_penalty: 0]
[feature_contri: ]
[forcedsplits_filename: ]
[refit_decay_rate: 0.9]
[cegb_tradeoff: 1]
[cegb_penalty_split: 0]
[cegb_penalty_feature_lazy: ]
[cegb_penalty_feature_coupled: ]
[path_smooth: 0]
[interaction_constraints: ]
[verbosity: -1]
[saved_feature_importance_type: 0]
[use_quantized_grad: 0]
[num_grad_quant_bins: 4]
[quant_train_renew_leaf: 0]
[stochastic_rounding: 1]
[linear_tree: 0]
[max_bin: 255]
[max_bin_by_feature: ]
[min_data_in_bin: 3]
[bin_construct_sample_cnt: 200000]
[data_random_seed: 175]
[is_enable_sparse: 1]
[enable_bundle: 1]
[use_missing: 1]
[zero_as_missing: 0]
[feature_pre_filter: 1]
[pre_partition: 0]
[two_round: 0]
[header: 0]
[label_column: ]
[weight_column: ]
[group_column: ]
[ignore_column: ]
[categorical_feature: ]
[forcedbins_filename: ]
[precise_float_parser: 0]
[parser_config_file: ]
[objective_seed: 16083]
[num_class: 1]
[is_unbalance: 0]
[scale_pos_weight: 1]
[sigmoid: 1]
[boost_from_average: 1]
[reg_sqrt: 0]
[alpha: 0.9]
[fair_c: 1]
[poisson_max_delta_step: 0.7]
[tweedie_variance_power: 1.5]
[lambdarank_truncation_level: 30]
[lambdarank_norm: 1]
[label_gain: ]
[lambdarank_position_bias_regularization: 0]
[eval_at: ]
[multi_error_top_k: 1]
[auc_mu_weights: ]
[num_machines: 1]
[local_listen_port: 12400]
[time_out: 120]
[machine_list_filename: ]
[machines: ]
[gpu_platform_id: -1]
[gpu_device_id: -1]
[gpu_use_dp: 0]
[num_gpu: 1]

end of parameters

pandas_categorical:[]
