tree
version=v4
num_class=1
num_tree_per_iteration=1
label_index=0
max_feature_idx=20
objective=lambdarank
feature_names=year month day_of_week venue_code race_number sex_encoded age weight popularity odds_numeric last_3f horse_weight_kg horse_weight_change field_size race_avg_odds race_avg_weight trainer_encoded trainer_frequency jockey_encoded jockey_frequency race_type_encoded
feature_infos=none [2:5] [5:6] [5:9] [11:12] [0:2] [3:10] [52:63] [1:18] [1.5:387.19999999999999] [13.6:43.700000000000003] [392:578] none [9:18] [20.789999999999999:87.305555555555557] [55:63] [0:50] [1:18] [0:50] [1:24] [0:10]
tree_sizes=1701 1710 1806 1804 1706 1707 1795 1812 1805 1698 1705 2032 1710 1908 1708 1807 1705 1703 1817 1604 1907 1710 1721 1720 1925 1817 1914 1824 1810 1823 1820 2033 1829 1931 1705 1488 1602 1514 1933 1491 1924 1721 1819 1933 1931 1826 2032 2246 1725 1825 1936 1616 1830 1721 1726 1600 1717 1822 2039 1828 1828 2035 1693 1827 1834 1840 1616 1723 1730 2046 1728 1923 1946 1837 1943 1724 1819 1519 1525 1946 1727 2043 1951 2058 2058 1848 1943 1948 2053 1843 1736 1733 1846 1835 1522 1628 1736 1951 1947 1638 1846 1836 1837 1744 1522 1741 1953 1832 1836 1844 1534 1742 1418 1851 1420 1950 1950 1721 1639 1852 1852 1863 1863 1856 1843 1848 1962 1743 2068 1851 1966 1732 1741 1854 1643 1653 1758 1747 1755 1878 1847 1966 1971 1864 2075 1862 2076 1860 1976 1861 1857 1758 1632 1964 1642 1752 1642 1976 1640 1432 1659 1979 1872 1656 1546 1970 1738 2082 1746 2087 1645 1765 1862 1872 1866 1652 1985 1872 1762 1535 1663 1654 1556 2092 1654 2093 1762 1869 1868 1865 1855 1865 2087 1868 1977 1547 1435 1545 1539 1875

Tree=0
num_leaves=15
num_cat=0
split_feature=9 10 9 10 10 19 14 19 17 8 9 13 19 9
split_gain=24.2131 10.3377 4.5635 7.08299 2.91407 2.46731 1.82325 1.55521 0.406478 0.388306 0.330858 0.312787 0.259963 0.0573631
threshold=42.500000000000007 37.650000000000013 9.1500000000000004 34.95000000000001 35.850000000000001 15.500000000000002 48.229761904761915 8.5000000000000018 7.5000000000000009 13.500000000000002 22.250000000000004 13.500000000000002 8.5000000000000018 5.1500000000000012
decision_type=2 2 2 2 2 2 2 2 2 2 2 2 2 2
left_child=1 2 8 11 7 6 -5 -2 13 12 -8 -4 -6 -1
right_child=4 -3 3 5 9 -7 10 -9 -10 -11 -12 -13 -14 -15
leaf_value=-0.09763641181804128 -0.024163774933544605 0.070756108576197782 -0.066075935830580329 0.035910301816023671 0.046243889215082552 0.067398751137276794 -0.076862443490695001 0.054887001750008595 -0.067700221013263881 0.093268567533483199 -0.028354007141087951 -0.097977537895157688 0.081901255870593548 -0.085622499668216862
leaf_weight=3.2264754257630575 1.1408302476629599 1.8043349757790554 1.344311946304515 1.0381223727017648 0.91246415581554208 1.4803933082148431 0.66989642567932584 1.3685648553073404 2.1603174740448594 3.6802241420373321 0.73962351307272911 1.7933958349749446 1.1622206419706342 1.4357007229700682
leaf_count=38 25 24 19 15 26 16 21 29 31 37 20 29 20 28
internal_value=-0.00535539 -0.0418338 -0.0564613 -0.0282977 0.0639113 0.0164446 -0.0143738 0.0189487 -0.0856291 0.083517 -0.0514084 -0.0843097 0.0662188 -0.0939368
internal_weight=23.9569 15.6926 13.8882 7.06574 8.2643 3.92804 2.44764 2.5094 6.82249 5.75491 1.40952 3.13771 2.07468 4.66218
internal_count=378 241 217 120 137 72 56 54 97 83 41 48 46 66
is_linear=0
shrinkage=0.05


Tree=1
num_leaves=15
num_cat=0
split_feature=10 19 10 17 20 14 19 9 13 10 19 10 11 8
split_gain=31.6675 13.0748 15.033 7.04747 10.3414 8.14256 6.5451 5.03473 4.19261 2.38931 0.597044 0.762529 0.0923588 0.0502502
threshold=38.650000000000013 17.500000000000004 35.850000000000001 6.5000000000000009 8.5000000000000018 62.320982142857154 9.5000000000000018 115.50000000000001 13.500000000000002 37.45000000000001 12.500000000000002 34.650000000000013 489.00000000000006 8.5000000000000018
decision_type=2 2 2 2 2 2 2 2 2 2 2 2 2 2
left_child=1 2 7 4 6 -5 9 10 -3 -4 11 12 -1 -12
right_child=-2 8 3 5 -6 -7 -8 -9 -10 -11 13 -13 -14 -15
leaf_value=-0.075602987355383441 0.076848628183416104 0.067790206872890987 -0.046304476634229097 0.066100986381680493 0.016118883792929268 -0.015242877024767116 -0.086375435162066763 -0.026114871754456523 0.0060351880598029269 0.0041176120788313699 -0.085596596995089258 -0.051663059355042618 -0.089583353599003393 -0.095275852075275391
leaf_weight=2.5083490926772374 10.489399541169403 4.9606112986803037 4.6414437349885684 5.9777386840432865 10.831469714641571 6.338676767423749 6.3872789070010194 7.3600326515734187 6.1629366800189018 4.7578807435929775 2.7028495501726857 3.5990567337721586 2.2330629043281078 2.6610482260584831
leaf_count=28 20 8 26 21 38 22 32 25 35 16 36 35 22 14
internal_value=-0.00425272 -0.0162138 -0.0254445 -0.00703558 -0.0215057 0.0242371 -0.0473207 -0.0594708 0.0335752 -0.0207811 -0.0773849 -0.0690156 -0.0821873 -0.0903985
internal_weight=81.6118 71.1224 59.9989 38.9345 26.6181 12.3164 15.7866 21.0644 11.1235 9.39932 13.7044 8.34047 4.74141 5.3639
internal_count=378 358 315 155 112 43 74 160 43 42 135 85 50 50
is_linear=0
shrinkage=0.05


Tree=2
num_leaves=16
num_cat=0
split_feature=9 11 11 9 4 11 16 9 17 11 19 13 19 16 20
split_gain=13.9868 7.73744 7.33819 7.24582 7.49287 4.70705 3.91966 2.09049 2.07675 3.10535 1.72913 1.42091 0.726372 0.158519 0.0254777
threshold=9.5500000000000025 503.00000000000006 527.00000000000011 13.800000000000002 11.500000000000002 457.00000000000006 12.500000000000002 171.10000000000005 4.5000000000000009 461.00000000000006 9.5000000000000018 9.5000000000000018 10.500000000000002 6.5000000000000009 6.5000000000000009
decision_type=2 2 2 2 2 2 2 2 2 2 2 2 2 2 2
left_child=2 3 11 -2 6 -6 8 10 9 -5 -7 -1 -3 14 -13
right_child=1 12 -4 4 5 7 -8 -9 -10 -11 -12 13 -14 -15 -16
leaf_value=-0.031444893342936098 0.045332684280454547 0.031429475676135944 0.033283144567399198 0.03220069619805168 0.014676688909860656 -0.081452912997628968 -0.028497846840819949 -0.013929242499084281 0.039549782747841475 -0.018947922721976315 -0.040280311554558502 -0.08373672944433036 0.056020659924684461 -0.073127017974450717 -0.091324222596711954
leaf_weight=1.7120422497391663 6.9725401028990737 6.5052374713122827 1.9908290430903441 5.7312194518744999 3.72335774637759 4.882156062871216 5.7265473175793877 3.2535072416067115 7.3355282787233582 6.1535825133323669 5.3384930640459061 2.0110612697899342 5.5775732919573784 3.0503808036446571 2.4594143088907003
leaf_count=10 25 27 9 15 19 34 35 13 26 27 31 24 14 37 32
internal_value=-0.00247353 0.00693632 -0.0537828 -0.00188152 -0.00969283 -0.035085 0.00781164 -0.0488358 0.0186298 0.00571752 -0.0599475 -0.0725562 0.0427811 -0.0819147 -0.087911
internal_weight=72.4235 61.1997 11.2237 49.1169 42.1444 17.1975 24.9469 13.4742 19.2203 11.8848 10.2206 9.2329 12.0828 7.52086 4.47048
internal_count=378 266 112 225 200 97 103 78 68 42 65 103 41 93 56
is_linear=0
shrinkage=0.05


Tree=3
num_leaves=16
num_cat=0
split_feature=10 16 16 18 13 8 4 8 8 8 10 17 6 8 10
split_gain=24.0567 7.95591 12.3224 6.18192 5.85245 5.03589 5.1081 3.35003 2.87308 2.76764 1.26618 0.498531 0.1657 0.0940359 0.0177987
threshold=37.550000000000004 3.5000000000000004 15.500000000000002 25.500000000000004 15.500000000000002 6.5000000000000009 11.500000000000002 10.500000000000002 13.500000000000002 6.5000000000000009 35.95000000000001 4.5000000000000009 4.5000000000000009 10.500000000000002 34.350000000000001
decision_type=2 2 2 2 2 2 2 2 2 2 2 2 2 2 2
left_child=1 5 10 4 -4 11 7 -7 9 -2 -3 14 -5 -8 -1
right_child=8 2 3 12 -6 6 13 -9 -10 -11 -12 -13 -14 -15 -16
leaf_value=-0.090709264063677811 0.051691821974733779 0.023784138349605948 0.023450268350561132 -0.090771631187880383 -0.059588470762539217 0.024884508443950168 -0.060639104786112522 -0.030305369656054154 0.063674181373389524 0.00021181300921421567 0.058899886926332683 -0.056394771330241615 -0.070710441329803628 -0.074577070600061537 -0.08436542014997106
leaf_weight=2.1598988175392178 5.4054188802838343 4.8565328642725962 5.6873142588883621 2.1845112517476073 3.3846058137714863 4.7536010406911391 2.2138667292892924 6.5222324132919312 10.709140066057442 5.0498564578592777 5.4452640935778618 1.8234050273895261 1.9464771598577497 2.6691340319812298 2.2652789410203695
leaf_count=18 17 25 27 25 32 22 23 32 22 25 16 22 18 21 33
internal_value=0.00136915 -0.0189611 0.00136107 -0.0306177 -0.00753032 -0.0402784 -0.0255384 -0.00703874 0.0454717 0.0268272 0.0423454 -0.0783961 -0.081319 -0.0682578 -0.0874618
internal_weight=67.0765 45.9121 23.5047 13.2029 9.07192 22.4074 16.1588 11.2758 21.1644 10.4553 10.3018 6.24858 4.13099 4.883 4.42518
internal_count=378 314 143 102 59 171 98 54 64 42 41 73 43 44 51
is_linear=0
shrinkage=0.05


Tree=4
num_leaves=15
num_cat=0
split_feature=10 9 17 13 6 9 14 14 8 4 16 14 18 16
split_gain=15.8678 12.145 4.70617 5.94492 5.85795 5.79052 4.91318 4.28601 1.80832 1.37126 1.3039 0.0935728 0.0776631 0.0152036
threshold=38.650000000000013 9.5500000000000025 6.5000000000000009 15.500000000000002 6.5000000000000009 46.100000000000001 61.412053571428579 62.320982142857154 7.5000000000000009 11.500000000000002 24.500000000000004 42.520634920634926 29.500000000000004 1.0000000180025095e-35
decision_type=2 2 2 2 2 2 2 2 2 2 2 2 2 2
left_child=1 10 4 -4 5 8 -7 -5 -3 -8 11 -1 13 -13
right_child=-2 2 3 7 -6 6 9 -9 -10 -11 -12 12 -14 -15
leaf_value=-0.066065235533785113 0.056594720984278417 -0.01861568769880689 0.046080715955068609 0.027399940189467571 -0.078350903491994972 0.04138786620763945 0.0051085299782961001 -0.047006549227605096 -0.064146498174669969 -0.037773082701507144 -0.036167235151871209 -0.080849243454866229 -0.071191746499934344 -0.087924978584523
leaf_weight=1.7625662945210914 9.8749918490648252 5.2080360930413061 9.3488509580492991 3.5611739158630362 3.1519261598587027 7.5972608029842359 3.8361846134066582 4.2394147645682096 3.7516789138317108 3.6269359067082405 3.0086111687123775 1.5202859528362753 1.7640698961913583 1.5164324901998041
leaf_count=16 20 37 28 17 24 28 18 35 35 27 28 25 23 17
internal_value=-0.00167253 -0.0123489 -0.00131846 0.01919 -0.0142622 -0.00585248 0.0130827 -0.013038 -0.0376807 -0.0157311 -0.0634239 -0.0759182 -0.0795356 -0.0843826
internal_weight=63.7684 53.8934 44.3215 17.1494 27.172 24.0201 15.0604 7.80059 8.95972 7.46312 9.57197 6.56335 4.80079 3.03672
internal_count=378 358 249 80 169 145 73 52 72 45 109 81 65 42
is_linear=0
shrinkage=0.05


Tree=5
num_leaves=15
num_cat=0
split_feature=8 13 16 20 19 16 8 19 14 20 19 14 14 18
split_gain=12.3591 8.28472 7.15326 5.2459 6.60897 4.15535 2.95419 2.70769 2.15518 1.97884 0.268096 0.218089 0.165739 0.343464
threshold=12.500000000000002 14.500000000000002 18.500000000000004 8.5000000000000018 8.5000000000000018 8.5000000000000018 5.5000000000000009 14.500000000000002 66.762500000000017 4.5000000000000009 6.5000000000000009 71.871875000000017 68.537259615384627 24.500000000000004
decision_type=2 2 2 2 2 2 2 2 2 2 2 2 2 2
left_child=1 2 5 12 11 6 -1 -6 -2 -8 -10 -5 13 -3
right_child=8 3 -4 4 7 -7 9 -9 10 -11 -12 -13 -14 -15
leaf_value=-0.033811853453608424 0.047767833795247988 -0.061532407345558128 -0.051042860082303715 -0.083330095392125048 0.035843306361582082 0.058124616646807604 0.043239039520694932 -0.022988219053387271 0.0070671994842329573 -0.0020112206527011802 0.023024947942419067 -0.058969005827517657 -0.060195181520209973 -0.087203699232743459
leaf_weight=3.6766020208597245 10.120373107492926 2.5810428559780121 4.5856312029063693 2.0278924964368348 4.2352865934371948 4.9126158244907847 4.4735839962959272 3.6337865553796291 4.9939356595277768 5.2531392946839333 5.5649771615862846 1.6796696484088895 3.3176186792552471 2.631213940680027
leaf_count=35 37 28 31 28 22 11 17 28 22 27 18 16 36 29
internal_value=-0.000484305 -0.0157575 0.00480472 -0.0391781 -0.0172555 0.0187869 0.00436873 0.00867604 0.0312803 0.0188006 0.0154776 -0.0722936 -0.0689311 -0.0744916
internal_weight=63.6874 43.0081 22.9016 20.1065 11.5766 18.3159 13.4033 7.86907 20.6793 9.72672 10.5589 3.70756 8.52988 5.21226
internal_count=385 308 121 187 94 90 79 50 77 44 40 44 93 57
is_linear=0
shrinkage=0.05


Tree=6
num_leaves=16
num_cat=0
split_feature=18 8 16 14 8 16 11 18 18 18 8 19 20 16 1
split_gain=7.89063 6.20927 5.2925 4.50911 4.25426 3.67457 2.32522 2.152 2.14706 4.60597 2.02219 1.7818 1.62325 1.08086 0.552953
threshold=26.500000000000004 13.500000000000002 15.500000000000002 48.229761904761915 4.5000000000000009 3.5000000000000004 507.00000000000006 15.500000000000002 36.500000000000007 44.500000000000007 9.5000000000000018 8.5000000000000018 6.5000000000000009 2.5000000000000004 3.5000000000000004
decision_type=2 2 2 2 2 2 2 2 2 2 2 2 2 2 2
left_child=1 2 4 -4 6 7 -1 11 13 10 -10 -6 -3 -2 -5
right_child=8 12 3 14 5 -7 -8 -9 9 -11 -12 -13 -14 -15 -16
leaf_value=-0.07861553802272063 -0.034968635613447915 0.056529428461021027 0.018667419291845566 -0.077228880431657973 -0.0056900428954730596 0.047671791740845654 0.0039311137593039166 -0.029834187078834281 -0.021220805546156726 -0.06330262112683617 0.034800451422984095 0.037487620996764226 0.022669683271090247 -0.079444535197887745 -0.044187267124746417
leaf_weight=1.9135573450475996 2.85517818853259 6.2749886363744727 2.3905307762324801 3.1834194175899029 4.9268550761044043 6.9534266442060462 1.5394244641065595 3.6595193929970256 3.1075504124164564 3.5175122506916523 3.3445891067385674 4.6391949728131294 8.1200329698622209 2.6191206462681293 2.1024701707065105
leaf_count=33 25 17 13 29 36 17 11 27 28 35 14 18 29 31 22
internal_value=-0.000190797 0.0102502 -0.0022464 -0.0383159 0.00947014 0.0182458 -0.0418142 0.0027749 -0.0310889 -0.0172744 0.00781888 0.0152496 0.0374296 -0.0562477 -0.0640865
internal_weight=61.1474 45.7034 31.3084 7.67642 23.632 20.179 3.45298 13.2256 15.444 9.96965 6.45214 9.56605 14.395 5.4743 5.28589
internal_count=385 252 206 64 142 98 44 81 133 77 42 54 46 56 51
is_linear=0
shrinkage=0.05


Tree=7
num_leaves=16
num_cat=0
split_feature=10 4 10 17 10 19 19 10 17 9 4 9 11 9 11
split_gain=15.0448 5.58674 7.11636 3.84445 4.01335 3.84411 5.34542 3.75539 1.49205 1.2928 0.757694 0.146886 0.178627 0.017313 0.0151514
threshold=35.850000000000001 11.500000000000002 39.050000000000004 6.5000000000000009 37.45000000000001 2.5000000000000004 17.500000000000004 36.650000000000013 4.5000000000000009 133.90000000000003 11.500000000000002 12.350000000000001 485.00000000000006 41.000000000000007 475.00000000000006
decision_type=2 2 2 2 2 2 2 2 2 2 2 2 2 2 2
left_child=5 7 3 4 8 -1 9 -2 14 10 11 12 -7 -13 -3
right_child=1 2 -4 -5 -6 6 -8 -9 -10 -11 -12 13 -14 -15 -16
leaf_value=0.022271691875105776 0.015122019133352722 -0.074358717728150295 0.064729506473972395 0.021949959494654496 -0.00026907072886110374 -0.075564528774796552 0.0041802765920256925 0.066338695680574253 -0.024486520996618293 -0.027669106566738919 -0.044940095952364784 -0.081800185381280976 -0.050837191413656446 -0.075610410105878156 -0.081185395917024117
leaf_weight=2.7328550890088108 6.421929668635129 1.4647534918040093 4.0343489348888388 6.8729387260973445 7.3111970238387585 1.7006279453635236 4.8144634403288356 8.0850814804434759 2.1364722438156605 2.9622727930545798 3.3090058788657188 2.6664076410233974 1.2801053561270235 1.9601913169026373 1.8260429035872219
leaf_count=15 32 18 8 32 39 25 29 20 23 18 36 29 18 18 25
internal_value=0.000410117 0.019239 0.00425256 -0.00818842 -0.0244494 -0.0331181 -0.0412159 0.0436662 -0.0570232 -0.0569638 -0.0649132 -0.073601 -0.0649451 -0.0791777 -0.0781468
internal_weight=59.5787 38.1528 23.6458 19.6114 12.7385 21.4259 18.6931 14.507 5.42727 13.8786 10.9163 7.60733 2.98073 4.6266 3.2908
internal_count=385 197 145 137 105 188 173 52 66 144 126 90 43 47 43
is_linear=0
shrinkage=0.05


Tree=8
num_leaves=16
num_cat=0
split_feature=10 4 10 9 13 8 17 11 17 17 17 14 3 18 8
split_gain=12.8657 5.5297 4.23519 3.61266 3.84288 3.60658 3.0005 2.91053 3.01889 2.42148 2.28494 0.837435 0.88981 0.275118 0.183846
threshold=35.850000000000001 11.500000000000002 38.650000000000013 9.1500000000000004 14.500000000000002 14.500000000000002 3.5000000000000004 457.00000000000006 6.5000000000000009 4.5000000000000009 5.5000000000000009 66.762500000000017 7.5000000000000009 24.500000000000004 2.5000000000000004
decision_type=2 2 2 2 2 2 2 2 2 2 2 2 2 2 2
left_child=3 9 5 14 10 7 -6 -3 11 -2 -5 12 -9 -8 -1
right_child=1 2 -4 4 6 -7 13 8 -10 -11 -12 -13 -14 -15 -16
leaf_value=-0.078839241601425025 0.0625186902850529 0.022671295885630289 0.040137748346213434 -0.022684678503951214 0.0029012185559137999 0.039383183598684444 -0.074826167880117284 -0.018803705411385603 0.00050939914879906975 0.020098560048668095 0.028557857053948657 -0.078440654637532775 -0.063363469455631261 -0.051279856930185309 -0.058999245673542977
leaf_weight=2.5250047408044365 7.4553826190531236 3.1064718104898992 5.7895430251955977 4.3782577775418776 2.2221552208065978 3.1156737357377997 3.3945278599858284 2.2719648703932744 4.3053385019302368 6.1304680742323399 4.32395925745368 2.2003640048205853 2.2102640122175217 1.9550219662487505 2.1720878724008799
leaf_count=35 22 17 13 30 15 11 37 20 25 30 19 33 26 23 29
internal_value=0.000187417 0.0180851 0.00314509 -0.0310363 -0.0198872 -0.0092994 -0.0459349 -0.020061 -0.0321422 0.0433771 0.00277672 -0.0531784 -0.0407769 -0.066221 -0.0696646
internal_weight=57.5565 36.5855 22.9996 20.971 16.2739 17.2101 7.57171 14.0944 10.9879 13.5859 8.70222 6.68259 4.48223 5.34955 4.69709
internal_count=385 197 145 188 124 132 75 121 104 52 49 79 46 60 64
is_linear=0
shrinkage=0.05


Tree=9
num_leaves=15
num_cat=0
split_feature=10 4 10 14 9 9 13 17 17 9 17 9 9 10
split_gain=10.3214 4.33212 3.7851 4.65965 4.2266 3.09567 3.22263 2.45328 1.81856 1.79382 1.14423 0.594244 0.133329 0.069685
threshold=35.850000000000001 11.500000000000002 37.550000000000004 62.320982142857154 74.15000000000002 9.1500000000000004 14.500000000000002 4.5000000000000009 3.5000000000000004 46.100000000000001 4.5000000000000009 160.25000000000003 4.5500000000000007 34.95000000000001
decision_type=2 2 2 2 2 2 2 2 2 2 2 2 2 2
left_child=5 7 4 -4 10 12 9 -2 -8 -7 -3 13 -1 -10
right_child=1 2 3 -5 -6 6 8 -9 11 -11 -12 -13 -14 -15
leaf_value=-0.075631006309360427 0.057878865447870104 -0.074176715149871328 0.053168931464027458 -0.0075817188051939786 0.022896372335953191 -0.020028994755628339 -0.0050525603838517579 0.014362884351676937 -0.078207174960811213 0.025755809883039056 -0.029341720074401546 -0.035087782842805157 -0.057997628631427871 -0.063598190022386036
leaf_weight=2.0050638038665083 7.455587722361086 2.2771207895129937 5.9071241393685323 6.7782727219164371 3.4895292147994041 4.3819997422397119 2.1746861189603797 5.7265501916408539 1.91083399951458 4.180033303797245 3.7941329777240753 1.6241654828190801 2.3036214150488377 1.4250346049666403
leaf_count=29 22 39 20 36 16 31 15 30 28 18 34 12 35 20
internal_value=4.89586e-05 0.0162615 0.00280256 0.0207076 -0.0209542 -0.0286624 -0.0183575 0.0389748 -0.0431757 0.00232341 -0.0461578 -0.0598905 -0.0662034 -0.0719664
internal_weight=55.4338 35.4283 22.2462 12.6854 9.56078 20.0054 15.6968 13.1821 7.13472 8.56203 6.07125 4.96003 4.30869 3.33587
internal_count=385 197 145 56 89 188 124 52 75 49 73 60 64 48
is_linear=0
shrinkage=0.05


Tree=10
num_leaves=15
num_cat=0
split_feature=10 9 10 4 10 19 11 10 18 19 14 9 9 4
split_gain=13.9487 6.48453 4.17054 3.96818 3.78214 3.77417 2.11809 1.69547 1.25682 1.1206 0.60062 0.194695 0.203484 0.144361
threshold=38.350000000000001 25.650000000000002 35.750000000000007 11.500000000000002 35.250000000000007 15.500000000000002 495.00000000000006 34.850000000000001 13.500000000000002 5.5000000000000009 65.475000000000009 7.5500000000000007 4.5500000000000007 11.500000000000002
decision_type=2 2 2 2 2 2 2 2 2 2 2 2 2 2
left_child=1 4 7 -4 11 9 10 8 -3 -6 -5 12 -1 -11
right_child=-2 2 3 6 5 -7 -8 -9 -10 13 -12 -13 -14 -15
leaf_value=-0.071811037439323211 0.053584017958781031 0.0073761837013883421 0.039385409977250901 -0.044046747030367005 -0.018992039179680505 0.015485099003671721 0.022080158853813744 -0.055176913647700582 -0.03597485129717326 -0.051512841393407449 -0.0094837859781089044 -0.077811489820219681 -0.045934206157374632 -0.072038855788725445
leaf_weight=1.6064307242631941 10.219286024570463 4.2759516872465628 9.7190513387322426 2.7142796367406845 2.4847634099423868 4.6476431712508202 3.6152491606771946 2.8718919679522514 2.7453558631241322 1.5346856974065304 2.3410698305815458 2.814741887152195 1.4413460325449703 1.9387232884764671
leaf_count=26 27 23 33 25 28 32 16 32 24 19 18 37 20 32
internal_value=0.000877465 -0.0111585 0.00336497 0.0174477 -0.0361012 -0.0182863 -0.00714277 -0.0228122 -0.00957422 -0.0446295 -0.0280411 -0.06833 -0.0595734 -0.0629697
internal_weight=54.9705 44.7512 28.2828 18.3896 16.4683 10.6058 8.6706 9.8932 7.02131 5.95817 5.05535 5.86252 3.04778 3.47341
internal_count=392 365 171 92 194 111 59 79 47 79 43 83 46 51
is_linear=0
shrinkage=0.05


Tree=11
num_leaves=18
num_cat=0
split_feature=10 9 16 10 19 16 6 5 19 10 17 16 11 19 9 11 10
split_gain=12.4836 6.06214 4.17544 4.36699 3.13055 2.65208 3.08196 4.2433 1.84341 1.2497 1.18329 0.693525 0.157216 0.142665 0.0521677 0.0937693 0.00452871
threshold=38.350000000000001 9.5500000000000025 21.500000000000004 35.250000000000007 4.5000000000000009 3.5000000000000004 3.5000000000000004 1.0000000180025095e-35 3.5000000000000004 37.550000000000004 4.5000000000000009 24.500000000000004 483.00000000000006 7.5000000000000009 5.1500000000000012 485.00000000000006 35.250000000000007
decision_type=2 2 2 2 2 2 2 2 2 2 2 2 2 2 2 2 2
left_child=1 11 3 8 -4 6 -5 13 -3 -9 -10 14 -6 -8 16 -16 -1
right_child=-2 2 4 5 12 -7 7 9 10 -11 -12 -13 -14 -15 15 -17 -18
leaf_value=-0.068295920975509322 0.051164375393666639 0.013748973037977086 0.0014892108504590133 0.047102826663215407 -0.05845610522251643 0.04414516554386208 -0.044084894666557566 -0.0062603873133164917 -0.061972391981449076 0.03398452013940869 -0.019085175279451097 -0.029386084734074332 -0.078658052013595256 -0.064877095133488258 -0.069329831648533902 -0.051095339735146773 -0.073014854960474815
leaf_weight=1.1786772850900882 9.8508070409297925 2.3234546221792716 2.7932261787354937 3.4087589159607914 2.0410321466624741 6.4330609105527392 1.6103090122342094 4.0360082238912582 2.8923231326043606 3.6949121616780758 3.6229282096028328 2.0034056752920151 1.8234286941587923 1.6917060129344461 1.3613221850246193 1.4624566584825514 0.89409449510276306
leaf_count=21 27 14 17 11 23 24 19 30 29 14 31 27 19 22 25 20 19
internal_value=0.000364082 -0.0112008 -0.00304943 0.0049697 -0.0388391 0.0174426 0.00554795 -0.00729094 -0.0244881 0.0129742 -0.0381241 -0.0541682 -0.0679883 -0.0547373 -0.0643077 -0.059886 -0.0703314
internal_weight=53.1219 43.2711 36.3711 29.7135 6.65769 20.8748 14.4417 11.0329 8.83871 7.73092 6.51525 6.89996 3.86446 3.30202 4.89655 2.82378 2.07277
internal_count=392 365 253 194 59 120 96 85 74 44 60 112 42 41 85 45 40
is_linear=0
shrinkage=0.05


Tree=12
num_leaves=15
num_cat=0
split_feature=10 9 10 9 16 16 9 15 15 18 18 16 19 15
split_gain=10.858 5.35103 3.54554 3.74896 4.66175 3.17588 2.35375 1.28394 1.32691 1.2688 0.952637 0.704712 0.0448443 0.0214082
threshold=38.350000000000001 9.5500000000000025 35.250000000000007 240.30000000000004 21.500000000000004 3.5000000000000004 26.350000000000005 57.033333333333339 55.953125000000007 13.500000000000002 16.500000000000004 26.500000000000004 11.500000000000002 57.154761904761905
decision_type=2 2 2 2 2 2 2 2 2 2 2 2 2 2
left_child=1 11 6 4 5 7 -3 8 -4 -8 -9 12 -1 -14
right_child=-2 2 3 -5 -6 -7 9 10 -10 -11 -12 -13 13 -15
leaf_value=-0.056542487705177405 0.047650967214388038 -0.074391273895010379 -0.015779726211428282 0.056222284241749756 -0.051365993972617999 0.039025881121829142 0.001552557257240604 -0.0040044197578384165 0.02870906125848495 -0.039175546177837806 -0.04870875914681666 -0.0253123678319092 -0.06988909404357066 -0.060944026913900086
leaf_weight=2.0188927520066491 9.7748611122369748 2.1644948422908765 3.0595796443522065 3.3483952879905692 3.7425298709422341 6.1651316732168189 4.5658754147589207 2.5058653131127357 3.7063465248793364 3.2902464475482702 2.2723585888743401 1.7692310493439434 1.6788845602422955 1.1118674948811529
leaf_count=37 27 31 22 8 39 24 29 18 26 31 25 24 35 16
internal_value=0.00025292 -0.0109382 -0.0031247 0.00701702 -0.000663393 0.0100517 -0.0282246 -0.00542196 0.00859105 -0.0155049 -0.0252643 -0.0522937 -0.0622189 -0.0663253
internal_weight=51.1746 41.3997 34.8208 24.8002 21.4518 17.7093 10.0206 11.5442 6.76593 7.85612 4.77822 6.57888 4.80964 2.79075
internal_count=392 365 253 162 154 115 91 91 48 60 43 112 88 51
is_linear=0
shrinkage=0.05


Tree=13
num_leaves=17
num_cat=0
split_feature=10 9 10 8 10 17 4 10 2 15 9 17 14 9 9 9
split_gain=9.68893 4.38947 2.68784 2.91266 2.64769 1.87115 2.78421 1.80432 2.14362 1.36803 1.74261 1.10676 0.437539 0.324127 0.112351 0.103435
threshold=37.550000000000004 23.550000000000001 39.050000000000004 13.500000000000002 35.750000000000007 6.5000000000000009 11.500000000000002 35.250000000000007 5.5000000000000009 57.309523809523817 33.250000000000007 7.5000000000000009 66.762500000000017 125.05000000000003 7.5500000000000007 4.5500000000000007
decision_type=2 2 2 2 2 2 2 2 2 2 2 2 2 2 2 2
left_child=1 7 3 -2 9 6 -6 14 12 10 -3 -10 -9 -12 15 -1
right_child=2 4 -4 -5 5 -7 -8 8 11 -11 13 -13 -14 -15 -16 -17
leaf_value=-0.066499404245004404 -0.015194406722249235 0.0054630867703793599 0.060919104782882955 0.039844194421073564 0.023257373308708289 0.04117496379675839 -0.034502768974589502 -0.070966096353680438 -0.026433741946661655 0.0023316247770868727 -0.067885527498537226 0.024876791037635786 -0.032028869118893612 -0.039364775134210543 -0.07248009028751784 -0.046595661642338228
leaf_weight=1.3413668330758795 4.0621974337846023 1.6901352666318432 5.5041856169700614 5.8879548534750938 5.189353369176386 4.0555350724607697 3.4891235753893852 1.8512207083404066 2.0907692145556211 3.5637869723141193 2.2112158536911011 2.1131441965699196 1.1822472158819435 1.8128932826220987 2.0363444648683071 1.2714519947767255
leaf_count=26 35 18 12 18 21 18 33 26 29 20 28 14 23 18 33 20
internal_value=7.23941e-05 -0.014886 0.0328832 0.0173744 -0.00166446 0.0131375 3.52947e-05 -0.0393703 -0.023757 -0.02198 -0.0371423 -0.000641927 -0.0557909 -0.0550367 -0.0636757 -0.0568138
internal_weight=49.3529 33.8986 15.4543 9.95015 22.012 12.734 8.67848 11.8865 7.23738 9.27803 5.71424 4.20391 3.03347 4.02411 4.64916 2.61282
internal_count=392 327 65 53 156 72 54 171 92 84 64 43 49 46 79 46
is_linear=0
shrinkage=0.05


Tree=14
num_leaves=15
num_cat=0
split_feature=9 9 15 9 8 8 13 17 11 11 6 14 9 11
split_gain=6.30457 2.78782 3.2568 2.60225 2.40324 3.15254 2.38493 2.54834 2.44493 1.61379 0.513771 0.0512816 0.0254374 0.0203651
threshold=9.5500000000000025 202.35000000000002 55.226495726495735 171.10000000000005 12.500000000000002 10.500000000000002 14.500000000000002 6.5000000000000009 477.00000000000006 522.00000000000011 3.5000000000000004 61.412053571428579 5.8500000000000005 483.00000000000006
decision_type=2 2 2 2 2 2 2 2 2 2 2 2 2 2
left_child=9 2 -2 4 5 6 7 -4 -8 10 -1 13 -13 -12
right_child=1 -3 3 -5 -6 -7 8 -9 -10 -11 11 12 -14 -15
leaf_value=-0.027105767410770854 -0.047684226736029817 0.032289643426516489 0.0012054446135789474 -0.041793717540241117 0.033810585590527464 -0.041350344420148066 0.014143613589803816 0.05256460643158524 -0.048269947250248697 0.0057059157896445943 -0.063567402591366229 -0.064545114764506126 -0.075300999117326461 -0.054101969399554299
leaf_weight=1.163903317414223 3.251143926754593 8.2718257382512075 5.0675221420824652 2.7008956968784323 7.4718210436403742 3.6620457507669917 3.5108657386153928 4.6146336086094379 2.8370225038379431 1.2685474772006271 1.214981120079756 1.1168623529374602 1.0824515558779237 1.0675704758614299
leaf_count=21 30 29 40 18 34 36 32 14 42 12 23 25 18 18
internal_value=-0.00105844 0.00632491 -0.000160664 0.00501285 0.0096668 0.000505866 0.0100679 0.0256838 -0.0137505 -0.0452538 -0.0567039 -0.0643903 -0.0698389 -0.0591403
internal_weight=48.3021 41.3878 33.116 29.8648 27.1639 19.6921 16.03 9.68216 6.34789 6.91432 5.64577 4.48187 2.19931 2.28255
internal_count=392 275 246 216 198 164 128 54 74 117 105 84 43 41
is_linear=0
shrinkage=0.05


Tree=15
num_leaves=16
num_cat=0
split_feature=8 15 19 14 20 6 18 17 11 3 16 7 18 15 19
split_gain=5.29523 2.9927 2.68732 2.79278 2.41109 1.97432 2.4481 2.2753 0.877621 0.805748 0.650935 0.52858 0.732247 0.232038 0.0678151
threshold=12.500000000000002 56.472222222222229 8.5000000000000018 33.361111111111121 8.5000000000000018 5.5000000000000009 23.500000000000004 9.5000000000000018 467.00000000000006 5.5000000000000009 1.0000000180025095e-35 55.500000000000007 26.500000000000004 57.208333333333336 11.500000000000002
decision_type=2 2 2 2 2 2 2 2 2 2 2 2 2 2 2
left_child=1 11 3 -3 -2 6 10 9 -5 -8 -4 14 -13 -10 -1
right_child=4 2 5 8 -6 -7 7 -9 13 -11 -12 12 -14 -15 -16
leaf_value=-0.051760682782522299 0.036556776943241019 0.022500382532210775 0.049821437675223207 -0.015604153373538555 0.0008590844341267173 -0.024172218999165287 -0.011839611033048085 0.03696164367070575 -0.047946685462584161 -0.066936879212482009 0.019156409683598951 -0.010441492232190389 -0.058432608463887807 -0.072682429899972728 -0.067446323006875447
leaf_weight=1.2485296595841675 10.73232012614608 1.8763413242995763 3.8402870111167413 1.4625878520309923 8.4577711746096593 3.708660874515771 1.2879152670502665 1.4902579709887502 1.7739880112931135 1.3687802925705908 3.150155458599329 1.8781641107052567 1.3779978603124616 2.036438649520278 1.5377668077126143
leaf_count=20 37 13 20 16 37 35 18 12 24 25 22 25 25 26 27
internal_value=0.00058648 -0.0132644 -0.00470254 -0.0298872 0.0208235 0.00742553 0.0179473 -0.0124882 -0.0485287 -0.0402268 0.0360026 -0.044431 -0.0307512 -0.0611664 -0.0604176
internal_weight=47.228 28.0379 21.9954 7.14936 19.1901 14.8461 11.1374 4.14695 5.27301 2.6567 6.99044 6.04246 3.25616 3.81043 2.7863
internal_count=382 308 211 79 74 132 97 55 66 43 42 97 50 50 47
is_linear=0
shrinkage=0.05


Tree=16
num_leaves=15
num_cat=0
split_feature=10 10 11 13 17 8 11 9 19 11 15 9 19 6
split_gain=13.4374 3.1212 3.11513 3.49152 1.90062 1.80666 1.78739 1.71091 1.07493 0.451982 0.348424 0.133279 0.0273625 0.0103191
threshold=37.550000000000004 34.650000000000013 517.00000000000011 13.500000000000002 5.5000000000000009 8.5000000000000018 483.00000000000006 110.80000000000001 11.500000000000002 465.00000000000006 56.472222222222229 7.7500000000000009 14.500000000000002 5.5000000000000009
decision_type=2 2 2 2 2 2 2 2 2 2 2 2 2 2
left_child=1 7 3 -3 6 10 -2 11 9 -7 -5 -1 -12 -13
right_child=4 2 -4 5 -6 8 -8 -9 -10 -11 12 13 -14 -15
leaf_value=-0.054705575062887479 0.024480258307661616 0.023583424093117377 0.031225579126926306 -0.041200412350439163 0.0075952903013897823 0.010838608225078586 0.061143372346270236 -0.01200522872137697 -0.04027641854137419 -0.017895897534690501 -0.063919421401701371 -0.069047500898378827 -0.074022057314179879 -0.074660816070501734
leaf_weight=1.7982165375724459 6.479535926133396 3.5757939629256787 3.4992965832352629 2.0997097361832848 5.1814747974276534 2.5013018697500211 6.8267093561589718 2.0980274751782417 3.5075657106935978 3.0218765940517187 1.5491537135094406 1.7808282878249886 1.1813330724835394 1.5154736563563345
leaf_count=33 25 22 21 39 24 17 20 12 36 28 39 27 22 17
internal_value=0.000173699 -0.0215897 -0.0118274 -0.0204675 0.0332861 -0.0318316 0.0432901 -0.0500057 -0.0186298 -0.0048828 -0.0565142 -0.065655 -0.0682903 -0.0716282
internal_weight=46.6163 28.1286 20.936 17.4367 18.4877 13.8609 13.3062 7.19255 9.03074 5.52318 4.8302 5.09452 2.73049 3.2963
internal_count=382 313 224 203 69 181 45 89 81 45 100 77 61 44
is_linear=0
shrinkage=0.05


Tree=17
num_leaves=15
num_cat=0
split_feature=10 10 11 19 10 2 15 19 11 8 10 8 11 8
split_gain=13.2243 3.1914 2.04216 1.44279 1.2082 1.68704 1.74899 1.33732 0.912927 0.636447 0.415078 0.207124 0.0818709 0.0257477
threshold=37.550000000000004 34.650000000000013 517.00000000000011 8.5000000000000018 36.550000000000004 5.5000000000000009 57.083333333333343 5.5000000000000009 467.00000000000006 8.5000000000000018 36.95000000000001 8.5000000000000018 481.00000000000006 6.5000000000000009
decision_type=2 2 2 2 2 2 2 2 2 2 2 2 2 2
left_child=1 8 4 -2 5 7 9 -3 -1 -7 -6 -9 -10 -14
right_child=3 2 -4 -5 10 6 -8 11 12 -11 -12 -13 13 -15
leaf_value=-0.022676157348687945 0.0155798890693657 0.00076669475626453076 0.023205994306376168 0.04454700824017313 -0.057744611321680794 0.0083285406940577338 0.038344892171631034 -0.06333392305813236 -0.053684821598353485 -0.029807635504944169 -0.027758466848279647 -0.038654643352338945 -0.062212907898925085 -0.071007551665467294
leaf_weight=1.9769667033106113 7.2153360191732672 1.9330121558159641 3.3564943615347138 10.634015575051306 2.0825074072927228 1.886065302416682 2.5060429014265537 1.7450917176902296 1.671293521299958 2.6051870547235012 2.5885545257478952 1.6578257940709589 1.4658480295911434 1.9253087267279623
leaf_count=23 34 19 21 35 29 23 16 35 19 25 38 18 28 19
internal_value=-0.000652495 -0.0224689 -0.0124354 0.0328375 -0.0194706 -0.0112685 0.00488012 -0.032445 -0.05149 -0.0137927 -0.0411272 -0.0513107 -0.0627422 -0.067206
internal_weight=45.2495 27.4002 20.3608 17.8494 17.0043 12.3332 6.9973 5.33593 7.03942 4.49125 4.67106 3.40292 5.06245 3.39116
internal_count=382 313 224 69 203 136 64 72 89 48 67 53 66 47
is_linear=0
shrinkage=0.05


Tree=18
num_leaves=16
num_cat=0
split_feature=10 10 8 8 13 8 18 15 4 8 14 18 18 17 7
split_gain=11.9204 2.25149 1.90296 2.68655 1.82111 2.78954 1.90986 1.39617 1.13065 0.606259 0.383241 0.112475 0.108419 0.00957187 0.00280624
threshold=37.45000000000001 34.650000000000013 14.500000000000002 10.500000000000002 13.500000000000002 6.5000000000000009 25.500000000000004 57.033333333333339 11.500000000000002 8.5000000000000018 65.475000000000009 36.500000000000007 19.500000000000004 8.5000000000000018 56.500000000000007
decision_type=2 2 2 2 2 2 2 2 2 2 2 2 2 2 2
left_child=1 9 3 -2 -3 11 7 8 -7 12 -8 13 -1 14 -6
right_child=2 4 -4 -5 5 6 10 -9 -10 -11 -12 -13 -14 -15 -16
leaf_value=-0.070962928089324889 0.040628486723329402 0.020109800889536334 0.053999853795396603 -0.0055186323556405108 -0.067091140125800322 -0.036168706265880896 -0.067584923806530514 0.02681932366608555 0.0047677793130294598 -0.030090128467695671 -0.028691903299849775 -0.045114432004560105 -0.053743680214856551 -0.071377142803696475 -0.063038134182604427
leaf_weight=1.5768271759152441 6.8429002193734068 3.271182123571637 5.7654059231281272 5.8502682521939278 0.71987435501068819 2.9924251511692983 1.3168339449912303 3.2195480149239302 3.8657011073082685 2.7544966340065002 1.220377394929528 0.79125173203647126 2.1751743210479617 0.76592044159770001 1.0500388527289031
leaf_count=25 38 22 15 22 17 25 23 18 31 25 17 19 39 14 32
internal_value=-0.000478975 -0.0224817 0.0301791 0.0193593 -0.0138729 -0.0208459 -0.0101046 -0.00034286 -0.0130942 -0.0479031 -0.0488777 -0.0615721 -0.0609803 -0.0667074 -0.0646866
internal_weight=44.1782 25.7197 18.4586 12.6932 19.2132 15.942 12.6149 10.0777 6.85813 6.5065 2.53721 3.32709 3.752 2.53583 1.76991
internal_count=382 307 75 60 218 196 114 74 56 89 40 82 64 63 49
is_linear=0
shrinkage=0.05


Tree=19
num_leaves=14
num_cat=0
split_feature=10 18 10 11 14 7 14 11 14 14 10 11 18
split_gain=11.1316 3.02731 2.02421 2.06743 2.10067 1.34137 1.25262 0.873138 0.51407 1.08055 0.235152 0.101359 0.04885
threshold=37.650000000000013 2.5000000000000004 34.650000000000013 517.00000000000011 39.705555555555563 54.500000000000007 74.518333333333345 467.00000000000006 70.028125000000017 65.475000000000009 38.750000000000007 479.00000000000006 19.500000000000004
decision_type=2 2 2 2 2 2 2 2 2 2 2 2 2
left_child=2 -2 7 4 -4 -6 8 -1 9 -7 -3 -9 -13
right_child=1 10 3 -5 5 6 -8 11 -10 -11 -12 12 -14
leaf_value=-0.018605967318945656 0.0036176792277434334 0.039866741796506712 0.022671476067407225 0.023647183977800676 0.011061296077712316 -0.045297811849953393 0.0013586153909246953 -0.046788469176721144 -0.063551075209276359 -0.0036125358626525068 0.054918370173654557 -0.068952328167303747 -0.056321295755677847
leaf_weight=1.9989102128893161 6.519839650020006 5.417346239089964 2.4056074954569402 3.1195980608463278 1.9323787437751878 6.533070093020795 2.1265497598797074 1.3127024471759794 1.9962562583386887 2.0400594295933843 4.9806289151310921 1.7297082822769883 1.373140702024102
leaf_count=23 23 28 16 21 13 98 26 16 31 25 12 24 26
internal_value=-0.00137342 0.0303282 -0.0215602 -0.0137741 -0.0206274 -0.0277478 -0.0336548 -0.0460234 -0.0406994 -0.0353784 0.0470765 -0.0584352 -0.0633626
internal_weight=43.4858 16.9178 26.568 20.1535 17.0339 14.6283 12.6959 6.41446 10.5694 8.57313 10.398 4.41555 3.10285
internal_count=382 63 319 230 209 193 180 89 154 123 40 66 50
is_linear=0
shrinkage=0.05


Tree=20
num_leaves=17
num_cat=0
split_feature=10 16 9 14 10 9 4 9 8 10 13 9 14 9 14 8
split_gain=7.43278 4.81289 5.2911 1.73993 1.1762 2.01175 1.91699 2.69308 1.80476 1.33005 2.26828 0.577177 0.193991 0.0875577 0.115876 0.00411875
threshold=39.70000000000001 21.500000000000004 9.5500000000000025 73.818333333333342 34.650000000000013 115.50000000000001 11.500000000000002 35.95000000000001 14.500000000000002 36.650000000000013 15.500000000000002 97.200000000000003 55.695982142857154 5.0500000000000007 61.412053571428579 1.5000000000000002
decision_type=2 2 2 2 2 2 2 2 2 2 2 2 2 2 2 2
left_child=1 2 13 11 5 -4 9 -8 -9 10 -6 12 -3 15 -15 -1
right_child=-2 3 4 -5 6 -7 7 8 -10 -11 -12 -13 -14 14 -16 -17
leaf_value=-0.059900901665029982 0.08015387385964029 -0.029871325162683943 -0.041078885698397974 0.0019423735238469023 0.041922931875508537 0.023278798153274355 0.028216349713020346 -0.046526315165894908 0.0089637480820320258 0.048592435384307971 -0.021178103140145746 -0.075584252948620159 -0.052707550271644449 -0.035483722869593025 -0.058293855301154308 -0.065153141576352422
leaf_weight=0.77046965621412089 2.6679953336715689 1.623865865170955 2.6503788623958853 1.769138518720865 3.1862123273313046 2.2409398928284645 4.8528952393680811 3.3138680383563042 2.6268348172307014 5.2028265222907066 2.5752806589007378 2.1054761074483395 2.1763866804540157 1.1221815571188929 1.1050338502973316 0.72402876988053322
leaf_count=23 4 25 34 18 16 10 38 32 11 18 35 15 35 20 24 17
internal_value=-0.000520537 -0.0061779 0.00276186 -0.0415543 0.0105609 -0.0115936 0.0155414 0.000583235 -0.02199 0.0302667 0.0137179 -0.0545843 -0.0429495 -0.0530832 -0.046801 -0.0624454
internal_weight=40.7138 38.0458 30.371 7.67487 26.6492 4.89132 21.7579 10.7936 5.9407 10.9643 5.76149 5.90573 3.80025 3.72171 2.22722 1.4945
internal_count=375 371 278 93 194 44 150 81 43 69 51 75 60 84 44 40
is_linear=0
shrinkage=0.05


Tree=21
num_leaves=15
num_cat=0
split_feature=10 9 16 10 19 9 9 20 15 17 16 10 10 19
split_gain=5.38088 3.96031 3.98671 1.73151 3.04017 3.05289 1.12453 1.10187 0.981535 0.880002 0.332169 0.346942 0.226858 0.0246214
threshold=39.550000000000004 9.5500000000000025 21.500000000000004 37.250000000000007 17.500000000000004 27.200000000000006 156.40000000000001 8.5000000000000018 57.033333333333339 6.5000000000000009 9.5000000000000018 35.850000000000001 36.350000000000001 11.500000000000002
decision_type=2 2 2 2 2 2 2 2 2 2 2 2 2 2
left_child=1 10 3 4 5 12 9 8 -4 -7 13 -12 -3 -1
right_child=-2 2 7 -5 -6 6 -8 -9 -10 -11 11 -13 -14 -15
leaf_value=-0.052862728939125782 0.068520110691888444 -0.066332524402988244 -0.04938251777496127 0.028666722116339857 0.043002306279467592 0.0010444674841132481 -0.02421157187505861 -0.071412765319312829 0.002811186545904211 0.03688504089926211 -0.048526574076246352 -0.01476019084512107 -0.037859825804655897 -0.0628423136397981
leaf_weight=1.1358727104961865 2.5977656170725814 1.7792425528168778 1.7585074678063386 7.9436937160789958 3.3897406794130793 5.7117303907871229 2.9543311968445769 1.706757904961705 1.8466933853924272 2.4461512602865696 1.7394294831901791 1.3520178552716968 1.1528804916888473 1.3557569393888114
leaf_count=29 6 33 25 37 15 52 22 22 15 15 34 16 18 36
internal_value=-0.000994638 -0.00597311 0.00107357 0.00931839 0.00050248 -0.00975528 0.00221946 -0.0383159 -0.0226473 0.0117913 -0.0447081 -0.0337591 -0.0551374 -0.0582929
internal_weight=38.8706 36.2728 30.6897 25.3778 17.4341 14.0443 11.1122 5.31196 3.6052 8.15788 5.58308 3.09145 2.93212 2.49163
internal_count=375 369 254 192 155 140 89 62 40 67 115 50 51 65
is_linear=0
shrinkage=0.05


Tree=22
num_leaves=15
num_cat=0
split_feature=10 9 16 10 19 9 19 13 19 16 13 10 16 20
split_gain=5.22172 4.05813 2.80461 1.53611 2.22231 2.59511 1.06505 0.904777 1.22484 0.250447 0.279052 0.239352 0.0574296 0.0172201
threshold=39.550000000000004 9.5500000000000025 21.500000000000004 37.250000000000007 17.500000000000004 27.200000000000006 4.5000000000000009 12.500000000000002 11.500000000000002 6.5000000000000009 15.500000000000002 36.250000000000007 36.500000000000007 6.5000000000000009
decision_type=2 2 2 2 2 2 2 2 2 2 2 2 2 2
left_child=1 9 3 4 5 11 -4 -7 -9 13 -11 -3 -8 -1
right_child=-2 2 6 -5 -6 7 12 8 -10 10 -12 -13 -14 -15
leaf_value=-0.05470233420153367 0.068440642086730272 -0.064812711844589255 -0.0083264220778398491 0.026695950573823502 0.037212891294954878 0.026025879830550949 -0.061702723516739805 -0.025672815804235555 0.013803554938072855 -0.021751513681882481 -0.051390227917880699 -0.035014605180673029 -0.046931487537025758 -0.063658908433896752
leaf_weight=1.0530359121039503 2.532570242881774 1.6040753982961278 2.342844031751155 7.7546311393380156 3.2035592608153811 2.8734768629074079 1.3784630149602892 4.0998817570507526 3.7733237259089947 1.5267791096121075 1.6550121344625948 1.1621505748480556 1.2590439412742851 1.0943612651899455
leaf_count=30 6 32 20 37 15 17 20 44 28 23 31 19 22 31
internal_value=-0.000875355 -0.00592264 0.00134246 0.00830321 -0.000229025 -0.00910553 -0.0328594 0.00201128 -0.00675331 -0.0460728 -0.0371681 -0.0522939 -0.0546515 -0.0592668
internal_weight=37.3132 34.7806 29.4514 24.4711 16.7165 13.5129 4.98035 10.7467 7.87321 5.32919 3.18179 2.76623 2.63751 2.1474
internal_count=375 369 254 192 155 140 62 89 72 115 54 51 42 61
is_linear=0
shrinkage=0.05


Tree=23
num_leaves=15
num_cat=0
split_feature=10 9 16 15 17 10 18 11 4 17 18 14 15 9
split_gain=4.73643 3.27342 2.40962 2.09137 1.7267 2.27165 2.04272 1.65234 1.50354 0.34523 0.184062 0.0776223 0.0153175 0.000962493
threshold=39.550000000000004 9.5500000000000025 15.500000000000002 57.033333333333339 5.5000000000000009 38.050000000000004 39.500000000000007 455.00000000000006 11.500000000000002 7.5000000000000009 12.500000000000002 61.412053571428579 57.083333333333343 5.4500000000000011
decision_type=2 2 2 2 2 2 2 2 2 2 2 2 2 2
left_child=1 9 4 10 5 6 7 -3 -9 11 -4 12 -1 -13
right_child=-2 2 3 -5 -6 -7 -8 8 -10 -11 -12 13 -14 -15
leaf_value=-0.041730723119679757 0.066463388844567872 0.018623272386155198 -0.040550254565540608 0.0014450248808150902 0.036220567061776086 0.033800546092619427 0.032570665338295425 -0.0091935212796753051 -0.051585881815763679 -0.026223228085901641 -0.064036204516896039 -0.061073722047080198 -0.050959728202309484 -0.063742987207475607
leaf_weight=0.86131281126290493 2.4164894819259635 2.4097853973507979 1.519009813666343 3.5770643725991249 4.5002051051706067 4.1472864672541609 2.4591982029378405 4.6370845828205329 3.8102647457271814 1.8696058895438907 1.8505433816462753 0.6786396801471708 0.94053770788013935 0.6722616832703352
leaf_count=25 6 16 19 29 26 16 15 49 50 34 34 21 16 19
internal_value=-0.0011706 -0.00598709 0.000485647 -0.0251819 0.00860366 0.00148705 -0.00857677 -0.0178969 -0.028315 -0.0432464 -0.0534486 -0.0533413 -0.0465481 -0.0624021
internal_weight=36.3493 33.9328 28.9104 6.94662 21.9638 17.4636 13.3163 10.8571 8.44735 5.02236 3.36955 3.15275 1.80185 1.3509
internal_count=375 369 254 82 172 146 130 115 99 115 53 81 41 40
is_linear=0
shrinkage=0.05


Tree=24
num_leaves=17
num_cat=0
split_feature=16 9 20 18 18 16 19 9 4 18 11 14 11 5 18 17
split_gain=2.74044 2.90123 1.94051 1.35793 2.41673 1.81272 1.55851 1.2762 0.977771 0.940092 0.705922 0.654244 0.504646 0.161084 0.0893198 0.00300561
threshold=15.500000000000002 11.500000000000002 6.5000000000000009 13.500000000000002 41.500000000000007 3.5000000000000004 4.5000000000000009 167.95000000000002 11.500000000000002 13.500000000000002 519.00000000000011 55.695982142857154 477.00000000000006 1.0000000180025095e-35 29.500000000000004 4.5000000000000009
decision_type=2 2 2 2 2 2 2 2 2 2 2 2 2 2 2 2
left_child=1 10 9 6 5 8 7 12 -5 -2 14 -11 -3 -4 15 -1
right_child=2 3 13 4 -6 -7 -8 -9 -10 11 -12 -13 -14 -15 -16 -17
leaf_value=-0.058977622204007041 0.012918499124415584 0.011603851568695089 -0.064603434870340065 -0.0092550724663971982 0.038484422444120481 0.02691467015629417 0.04928291057851919 0.035007957724864119 -0.048499286127744318 -0.0060595617683524561 0.0036635600006863812 -0.056378729950391539 -0.021780975222487453 -0.043111942675708531 -0.042194311183249802 -0.063927988651497389
leaf_weight=0.61290319729596709 2.8191208336502296 2.140197832137348 1.9092297703027727 3.5603596270084363 3.0161169320344916 2.0841092672199011 4.0529105607420206 3.243204839527607 2.8638662490993738 1.4340048283338549 0.74594198167324055 1.1754903513938186 2.4027936607599258 1.6047069728374479 1.1822609882801769 0.61356963682919741
leaf_count=22 23 20 32 37 16 13 18 13 30 16 10 25 24 24 33 19
internal_value=-0.00190338 0.00616831 -0.0258392 0.0122454 2.77477e-05 -0.0136047 0.0241384 0.01105 -0.0267498 -0.00710002 -0.0388388 -0.0287267 -0.00605342 -0.0547889 -0.052001 -0.0614542
internal_weight=35.4608 26.5182 8.94255 23.3636 11.5245 8.50834 11.8391 7.7862 6.42423 5.42862 3.15468 2.6095 4.54299 3.51394 2.40873 1.22647
internal_count=375 255 120 171 96 80 75 57 67 64 84 41 44 56 74 41
is_linear=0
shrinkage=0.05


Tree=25
num_leaves=16
num_cat=0
split_feature=10 8 10 4 17 19 10 3 19 10 19 10 16 19 17
split_gain=4.70227 2.6678 1.82075 2.32185 2.07543 1.5052 0.998518 0.740686 1.14387 0.929346 0.602801 0.49149 0.393518 0.290595 0.0567724
threshold=36.150000000000013 13.500000000000002 38.650000000000013 11.500000000000002 6.5000000000000009 2.5000000000000004 33.45000000000001 5.5000000000000009 17.500000000000004 34.650000000000013 10.500000000000002 37.45000000000001 28.500000000000004 6.5000000000000009 6.5000000000000009
decision_type=2 2 2 2 2 2 2 2 2 2 2 2 2 2 2
left_child=5 2 3 -2 10 -1 -7 12 9 14 11 -5 -8 -11 -9
right_child=1 -3 -4 4 -6 6 7 8 -10 13 -12 -13 -14 -15 -16
leaf_value=0.016253936229178763 0.024586662523797487 0.035184678665496051 0.045175424970982536 -0.044776219579164611 0.017971439576344145 -0.070705665408456173 -0.064108200205392096 -0.051845949724521015 0.01928482378338069 0.006917196952109822 -0.059735915035424705 -0.0062099383687403576 -0.025346679604473683 -0.021464380624825932 -0.037202732277451286
leaf_weight=2.1912110187113276 3.8323519453406352 9.2426605820655805 1.9362032562494267 1.6927545657381418 2.2037677876651287 1.2701238114386786 1.4773157034069293 1.9703122004866584 1.7545856181532142 1.5755399707704785 2.1988033801317215 1.6135901436209676 1.176053315401077 2.1093687210232019 0.99678427260369051
leaf_count=15 29 39 8 35 23 18 33 34 18 17 31 19 19 29 23
internal_value=0.000291405 0.0144953 0.000306842 -0.00722047 -0.0230328 -0.0219321 -0.0287183 -0.0238965 -0.0166271 -0.0260995 -0.0394473 -0.0259548 -0.0469279 -0.0093294 -0.0469266
internal_weight=37.2414 22.7201 13.4775 11.5413 7.70892 14.5213 12.3301 11.06 8.40659 6.65201 5.50515 3.30634 2.65337 3.68491 2.9671
internal_count=390 184 145 137 108 206 191 173 121 103 85 54 52 46 57
is_linear=0
shrinkage=0.05


Tree=26
num_leaves=17
num_cat=0
split_feature=10 9 10 19 19 13 15 3 2 11 15 15 4 16 15 9
split_gain=4.28201 3.06506 1.48042 1.61288 1.15717 0.884026 0.706886 0.754575 0.599187 0.665601 0.670443 0.141401 0.13738 0.179173 0.0530064 0.0168417
threshold=37.650000000000013 23.550000000000001 35.95000000000001 3.5000000000000004 8.5000000000000018 13.500000000000002 57.105555555555569 5.5000000000000009 5.5000000000000009 503.00000000000006 56.571428571428577 56.937500000000007 11.500000000000002 7.5000000000000009 57.267857142857146 14.65
decision_type=2 2 2 2 2 2 2 2 2 2 2 2 2 2 2 2
left_child=1 8 3 -3 -2 -5 7 -4 12 10 -10 -7 13 -1 -12 -14
right_child=4 2 6 5 -6 11 -8 -9 9 -11 14 -13 15 -15 -16 -17
leaf_value=-0.02860128021949981 0.0035480846313173083 0.016408063270530696 0.040818338290402975 -0.0073219441599079492 0.038161248925649899 -0.062980058164713554 -0.0049719924243809078 0.0060805184379434281 -0.0023511627232421471 0.0075242488855046781 -0.065248856354233623 -0.040685929650407439 -0.056892728556018152 -0.056342217090808236 -0.04724941318096116 -0.066998203985695726
leaf_weight=1.1275951527059107 3.6291644517332298 2.5448698289692429 3.1663533262908441 2.0315721072256565 7.2153372094035149 1.254764521494508 3.2868468780070543 3.0877618379890919 0.88075638841837722 1.2158072460442779 0.83696823753416516 1.6419194266200063 0.8538568187505009 1.2031025700271127 0.79996831249445677 0.7972804456949234
leaf_count=25 29 18 18 19 33 23 30 24 20 16 21 23 27 28 19 17
internal_value=0.000382066 -0.0111054 0.000748289 -0.0159166 0.0265778 -0.0326085 0.0138014 0.0236677 -0.0372457 -0.0228558 -0.0375264 -0.0503431 -0.0507381 -0.0429211 -0.0564526 -0.0617723
internal_weight=35.5739 24.7294 17.0141 7.47313 10.8445 4.92826 9.54096 6.25412 7.71534 3.7335 2.51769 2.89668 3.98183 2.3307 1.63694 1.65114
internal_count=390 328 155 83 62 65 72 42 173 76 60 46 97 53 40 44
is_linear=0
shrinkage=0.05


Tree=27
num_leaves=16
num_cat=0
split_feature=10 17 10 13 10 17 15 17 3 11 19 8 11 15 8
split_gain=3.96196 1.91401 1.73424 1.71667 1.48458 1.55283 1.30689 1.27006 1.11299 0.733639 0.645867 0.171715 0.162079 0.0877301 0.0162876
threshold=38.45000000000001 1.5000000000000002 35.850000000000001 13.500000000000002 37.850000000000001 7.5000000000000009 57.105555555555569 6.5000000000000009 6.5000000000000009 509.00000000000006 10.500000000000002 14.500000000000002 483.00000000000006 56.937500000000007 10.500000000000002
decision_type=2 2 2 2 2 2 2 2 2 2 2 2 2 2 2
left_child=1 -1 3 7 5 6 8 13 -4 11 -8 12 14 -3 -5
right_child=-2 2 4 9 -6 -7 10 -9 -10 -11 -12 -13 -14 -15 -16
leaf_value=0.036807158423678696 0.038650393529189517 -0.018452793654822136 0.025934967210212923 -0.062150658058808594 -0.040948843514660126 0.034316539216189969 -0.0084834542996763424 0.023236098880566318 -0.015023530332060372 -0.0094022443861259217 -0.050382584563363988 -0.033395069734407694 -0.043115687101295569 -0.036083969841882405 -0.070580275901598724
leaf_weight=2.2667242884635952 5.5816281586885443 1.4254899099469205 3.9388775993138534 1.7621508128941066 1.9844496902078379 3.4603803269565097 1.948140846565366 2.2411283254623413 2.8650517594069242 1.1939473189413545 1.742359804920852 0.8881419114768504 1.2700717402622101 1.39698582701385 0.84918020106852043
leaf_count=14 23 16 33 51 25 26 22 20 39 15 25 10 33 24 14
internal_value=4.92184e-05 -0.00732111 -0.0110304 -0.0262751 -0.000483882 0.00527045 -0.00430705 -0.0048657 0.00868784 -0.0444537 -0.0282649 -0.0532281 -0.0577663 -0.0271794 -0.0648919
internal_weight=34.8147 29.2331 26.9664 11.0271 15.9393 13.9548 10.4944 5.0636 6.80393 5.96349 3.6905 4.76954 3.8814 2.82248 2.61133
internal_count=390 367 353 183 170 145 119 60 72 123 47 108 98 40 65
is_linear=0
shrinkage=0.05


Tree=28
num_leaves=16
num_cat=0
split_feature=10 9 10 19 4 4 2 10 10 10 10 9 9 9 3
split_gain=3.88552 1.91678 1.33246 1.50419 1.02908 0.864236 0.848606 0.769701 1.70843 0.720588 1.01457 0.568309 0.155879 0.113853 0.0959273
threshold=37.650000000000013 22.250000000000004 35.95000000000001 3.5000000000000004 11.500000000000002 11.500000000000002 5.5000000000000009 38.650000000000013 37.850000000000001 34.750000000000007 35.750000000000007 139.90000000000003 90.350000000000009 12.350000000000001 6.5000000000000009
decision_type=2 2 2 2 2 2 2 2 2 2 2 2 2 2 2
left_child=1 6 3 -3 12 -4 13 8 -2 -8 -11 -7 -5 14 -1
right_child=7 2 5 4 -6 11 9 -9 -10 10 -12 -13 -14 -15 -16
leaf_value=-0.057873772372570145 0.041380378102837505 0.013020263093014845 0.025195021931234064 -0.057625464688770327 0.0018958919802901657 -0.021900666840543336 -0.048984171388192256 0.039988730975548774 -0.01460822309270461 0.034510032288493704 -0.029386400803318238 0.013490705246645009 -0.036237117233332575 -0.060373496908628976 -0.034968372191265314
leaf_weight=0.6787268435582553 2.6394475847482664 2.5742122232913998 4.7905386835336667 2.0384973287582402 1.4104578755795953 2.4079283718019724 1.1361527964472773 4.7617343887686729 2.8163079656660557 1.11754144448787 1.3989355210214851 2.1445303857326508 1.4634188786149023 1.5436504706740377 1.3998115006834266
leaf_count=24 13 18 30 37 14 32 30 19 30 12 32 12 17 32 38
internal_value=-0.000540206 -0.0114932 -0.00222315 -0.0179399 -0.0341638 0.0103707 -0.0329386 0.0252993 0.0124786 -0.0159328 -0.00101065 -0.00522882 -0.0486875 -0.0500872 -0.0424479
internal_weight=34.3219 24.1044 16.8296 7.48659 4.91237 9.343 7.27482 10.2175 5.45576 3.65263 2.51648 4.55246 3.50192 3.62219 2.07854
internal_count=390 328 160 86 68 74 168 62 43 74 44 44 54 94 62
is_linear=0
shrinkage=0.05


Tree=29
num_leaves=16
num_cat=0
split_feature=10 10 19 16 11 18 14 7 10 11 11 11 11 11 15
split_gain=3.55901 0.989996 1.17207 0.940775 0.875128 1.69341 0.9859 0.819395 0.722477 1.43458 0.451922 0.973624 0.13543 0.0773989 0.0268367
threshold=37.650000000000013 34.650000000000013 2.5000000000000004 18.500000000000004 517.00000000000011 41.500000000000007 39.705555555555563 54.500000000000007 38.650000000000013 487.00000000000006 467.00000000000006 481.00000000000006 485.00000000000006 453.00000000000006 56.937500000000007
decision_type=2 2 2 2 2 2 2 2 2 2 2 2 2 2 2
left_child=1 2 -1 12 5 6 -3 -8 9 -2 13 -12 14 -9 -4
right_child=8 4 3 -5 -6 -7 7 10 -10 -11 11 -13 -14 -15 -16
leaf_value=0.015012121514795982 -0.016288683293373764 0.01699000874661364 -0.068181568200025522 -0.0066341212955331463 0.021129378248669922 0.028462235547502348 0.013047274423231101 -0.039411532015269701 0.038903643531400856 0.035678644663801627 0.0017844739853874613 -0.038175832474079262 -0.041936893805818491 -0.057020551283380863 -0.056695178316680028
leaf_weight=1.2323561199009443 2.4514863155782205 1.7430545836687112 0.9808218367397793 1.5093278307467697 2.6620302814990273 2.3756819171831003 1.3204976590350259 1.4598521143197998 4.5895465686917305 2.8978284820914268 2.5603908840566874 3.7669195970520377 1.3794769039377568 1.0899299839511511 1.056003041565418
leaf_count=9 26 15 21 25 24 25 11 22 19 17 34 73 28 22 19
internal_value=-0.000674551 -0.0114245 -0.0285983 -0.0395093 -0.00519556 -0.0100905 -0.0177609 -0.0237008 0.0243498 0.011863 -0.0291672 -0.0220056 -0.0540336 -0.0469387 -0.0622264
internal_weight=33.0752 23.1363 6.15799 4.92563 16.9784 14.3163 11.9406 10.1976 9.93886 5.34931 8.87709 6.32731 3.4163 2.54978 2.03682
internal_count=390 328 102 93 226 202 177 162 62 43 151 107 68 44 40
is_linear=0
shrinkage=0.05


Tree=30
num_leaves=16
num_cat=0
split_feature=10 9 13 2 10 10 10 9 11 10 19 16 14 19 9
split_gain=5.42834 1.96992 0.774289 0.964966 0.622558 1.02824 0.588781 0.811297 0.562895 1.21519 0.350975 0.109164 0.0822033 0.0800847 0.0167913
threshold=37.650000000000013 27.200000000000006 15.500000000000002 5.5000000000000009 35.250000000000007 36.050000000000004 39.050000000000004 139.90000000000003 459.00000000000006 36.45000000000001 7.5000000000000009 6.5000000000000009 68.537259615384627 13.500000000000002 6.2500000000000009
decision_type=2 2 2 2 2 2 2 2 2 2 2 2 2 2 2
left_child=1 4 3 -3 11 -6 7 -2 -4 -10 -7 14 -12 -13 -1
right_child=6 2 8 -5 5 10 -8 -9 9 -11 12 13 -14 -15 -16
leaf_value=-0.0511221224562938 0.010873330941990864 0.02620270454797001 0.013282059026925331 -0.010160924734051337 0.0089853370477481678 -0.012877123157245651 0.049340320083548106 0.045001406320549164 -0.048588995505683331 0.0005359436586651078 -0.063002495686374935 -0.0274351835730226 -0.040881076726067583 -0.049613977066640669 -0.061801863984867506
leaf_weight=0.67563109099865248 4.1759129557758552 4.7723112162202579 1.8344012275338171 2.9534529075026512 1.9744123518466947 0.84482433833181891 3.8547630906105042 2.9869915582239628 2.0815047696232796 3.1852720193564892 0.87420906545594312 0.83897553663700797 0.80820297449827194 0.79053684137761593 0.80844142381101847
leaf_count=24 36 26 19 31 33 20 14 13 36 28 23 20 19 20 24
internal_value=0.00484143 -0.00926945 0.00134695 0.0123014 -0.0299397 -0.0180502 0.0335843 0.025105 -0.010571 -0.0188789 -0.0391718 -0.0471296 -0.0523757 -0.0381949 -0.0569399
internal_weight=33.4598 22.4422 14.8269 7.72576 7.61523 4.50165 11.0177 7.1629 7.10118 5.26678 2.52724 3.11358 1.68241 1.62951 1.48407
internal_count=386 323 140 57 183 95 63 49 83 64 62 88 42 40 48
is_linear=0
shrinkage=0.05


Tree=31
num_leaves=18
num_cat=0
split_feature=16 9 14 9 9 8 5 8 16 11 11 14 11 9 19 11 14
split_gain=2.44637 2.21949 1.12514 1.06993 1.88957 1.27917 1.89094 0.791881 0.650354 0.426555 0.485883 0.376295 0.231566 0.102501 0.066661 0.0344824 0.0203455
threshold=27.500000000000004 9.5500000000000025 73.818333333333342 13.800000000000002 69.250000000000014 6.5000000000000009 1.0000000180025095e-35 9.5000000000000018 20.500000000000004 475.00000000000006 495.00000000000006 33.361111111111121 477.00000000000006 30.050000000000001 11.500000000000002 495.00000000000006 61.412053571428579
decision_type=2 2 2 2 2 2 2 2 2 2 2 2 2 2 2 2 2
left_child=1 8 12 -3 5 -5 13 -8 11 -6 -11 -1 -2 -7 -13 -14 -16
right_child=2 3 -4 4 9 6 7 -9 -10 10 -12 14 15 -15 16 -17 -18
leaf_value=-0.0021264892191945875 -0.029358728484851632 0.045481191408560467 0.0080035437201750256 0.029166660184505772 0.035348556187405074 -0.037981634245230968 -0.020397802293991504 0.024363450326388165 0.017489988592821259 0.0070175327889616312 0.031416355448911935 -0.035312535238442078 -0.051277911822601413 -0.057490585988490162 -0.045912062921451231 -0.064849330743705247 -0.057936450635356823
leaf_weight=0.61857897322625266 1.083733951672911 2.6202253587543991 1.3026121314615009 1.9575679097324625 4.8454876914620391 1.2070829924196007 1.7386221475899217 2.2889145892113447 0.6790359430015086 5.1088650207966548 3.3974227495491505 0.89678696775808964 0.89338007755577542 1.5225057639181612 0.62324463110417105 0.98308373056352139 0.80768984742462635
leaf_count=14 20 22 16 17 28 23 25 22 10 31 19 29 24 23 19 16 28
internal_value=0.00459215 0.00990897 -0.0307202 0.0152738 0.0116869 -0.00642355 -0.0167342 0.00504075 -0.0266226 0.0235075 0.0167625 -0.0367893 -0.0477603 -0.0488633 -0.0460008 -0.058388 -0.0526992
internal_weight=32.5748 28.312 4.26281 24.6867 22.0665 8.71469 6.75713 4.02754 3.62534 13.3518 8.50629 2.9463 2.9602 2.72959 2.32772 1.87646 1.43093
internal_count=386 310 76 210 188 110 93 47 100 78 50 90 60 46 76 40 47
is_linear=0
shrinkage=0.05


Tree=32
num_leaves=16
num_cat=0
split_feature=10 9 19 10 9 10 10 11 18 16 19 16 19 18 9
split_gain=4.42878 1.81335 0.743272 0.664157 0.678662 0.64478 0.76809 0.431223 1.22357 0.973555 0.30694 0.0860128 0.0879161 0.0652926 0.0204352
threshold=37.650000000000013 27.200000000000006 13.500000000000002 39.050000000000004 139.90000000000003 35.250000000000007 36.050000000000004 473.00000000000006 30.500000000000004 3.5000000000000004 7.5000000000000009 6.5000000000000009 13.500000000000002 29.500000000000004 6.1000000000000005
decision_type=2 2 2 2 2 2 2 2 2 2 2 2 2 2 2
left_child=1 5 7 4 -2 11 -7 -3 9 -9 -8 14 -13 -12 -1
right_child=3 2 -4 -5 -6 6 10 8 -10 -11 13 12 -14 -15 -16
leaf_value=-0.048876586806138773 0.0090410120144732188 0.00914433245680598 0.02088938070273956 0.048825667110389326 0.041402491818491656 0.0076206856504209917 -0.011363530018674803 -0.045394357352156849 0.018164856538773783 0.00075215270871357726 -0.058679619693480546 -0.026729551118501949 -0.051153361071371195 -0.038110425038486634 -0.061146220505221373
leaf_weight=0.59407503716647914 3.9316389691084606 3.7130380030721408 3.8891735067591062 3.6792043596506119 2.7555349841713905 1.8846720019355414 0.87932886881753836 2.7842413019388914 2.2778055313974619 1.9388338252902029 0.77015613485127665 0.76209308858960845 0.71332939714193344 0.77307465951889753 0.79147544968873262
leaf_count=23 36 35 38 14 13 33 20 28 21 18 20 20 20 22 25
internal_value=0.00486459 -0.00794326 0.00216674 0.0317634 0.022376 -0.0285394 -0.0163178 -0.00462961 -0.0119349 -0.0264511 -0.0349411 -0.0469392 -0.0385378 -0.0483756 -0.0558854
internal_weight=32.1377 21.7713 14.6031 10.3664 6.68717 7.1682 4.30723 10.7139 7.00088 4.72308 2.42256 2.86097 1.47542 1.54323 1.38555
internal_count=386 323 140 63 49 183 95 102 67 46 62 88 40 42 48
is_linear=0
shrinkage=0.05


Tree=33
num_leaves=17
num_cat=0
split_feature=10 9 9 17 4 10 17 15 17 10 18 14 9 9 11 15
split_gain=3.9926 1.67125 0.748934 0.960144 1.43362 0.689647 0.721986 0.657264 0.633668 0.454177 0.311949 0.147139 0.108441 0.134271 0.0482953 0.0027738
threshold=37.45000000000001 27.200000000000006 34.050000000000004 5.5000000000000009 11.500000000000002 39.050000000000004 4.5000000000000009 57.033333333333339 6.5000000000000009 35.250000000000007 25.500000000000004 26.83636363636364 12.350000000000001 7.7500000000000009 481.00000000000006 57.105555555555569
decision_type=2 2 2 2 2 2 2 2 2 2 2 2 2 2 2 2
left_child=1 8 -3 4 10 6 -2 -5 11 14 -4 -1 13 15 -10 -13
right_child=5 2 3 7 -6 -7 -8 -9 9 -11 -12 12 -14 -15 -16 -17
leaf_value=-0.022197204891820616 0.032297934780502087 0.029522812554712646 -0.010361168050768714 -0.003965855013503208 -0.046781124583373739 0.047527744994579769 -0.00045140686704311895 0.034576876859152388 -0.04722177821926464 -0.0019708024917902555 0.015835746022377067 -0.050153307327416713 -0.06169482019271897 -0.019763006099233444 -0.028524348789234572 -0.056004100178395445
leaf_weight=0.56347383186221778 4.7671189941465837 2.1229715086519709 2.4821633268147689 2.2101564202457666 2.2960142623633146 3.5638568252325058 2.6012199949473143 2.2142508141696453 0.6766493543982508 2.5038194404914975 2.0959340455010533 0.40924583096057199 1.1521631265059111 0.48384806700050831 0.70541967358440161 0.40113588888198137
leaf_count=12 29 22 24 26 31 14 28 14 19 39 18 24 31 17 22 16
internal_value=0.00510601 -0.00800385 0.0022751 -0.0028447 -0.0145383 0.0294704 0.0207365 0.0153233 -0.0280102 -0.0146707 0.00163224 -0.0452321 -0.0505377 -0.0406053 -0.0376785 -0.0530494
internal_weight=31.2494 20.3172 13.4215 11.2985 6.87411 10.9322 7.36834 4.42441 6.89576 3.88589 4.5781 3.00987 2.44639 1.29423 1.38207 0.810382
internal_count=386 315 135 113 73 71 57 40 180 80 42 100 88 57 41 40
is_linear=0
shrinkage=0.05


Tree=34
num_leaves=15
num_cat=0
split_feature=10 9 16 17 6 15 19 10 10 10 9 16 8 9
split_gain=3.8731 1.64277 1.0152 1.19291 1.20237 1.08522 0.696039 0.655878 0.758819 0.537983 0.498925 0.364057 0.0931696 0.168691
threshold=37.650000000000013 26.350000000000005 15.500000000000002 5.5000000000000009 4.5000000000000009 57.033333333333339 8.5000000000000018 35.250000000000007 36.650000000000013 39.050000000000004 139.90000000000003 13.500000000000002 4.5000000000000009 5.0500000000000007
decision_type=2 2 2 2 2 2 2 2 2 2 2 2 2 2
left_child=1 7 3 4 -3 -4 -6 12 11 10 -2 -9 13 -1
right_child=9 2 5 -5 6 -7 -8 8 -10 -11 -12 -13 -14 -15
leaf_value=-0.055705837270641635 0.010499050001653611 0.022891819517657647 -0.052446849251264555 0.041187191705613468 -0.037032402475462176 0.0041605317855522659 0.0017278238354388083 -0.016323819050744759 -0.047411426891544886 0.046565162239228713 0.039011087975650366 0.019728466796493177 -0.058483579464403926 -0.021874671688684341
leaf_weight=0.7573694610036974 3.7617105785757285 3.5739717390388233 1.5367816798388951 2.3859337382018557 2.0960375964641571 1.8853777702897785 2.5887716952711344 1.6523679196834566 1.274698252789676 3.4893918111920357 2.5912530981004238 1.2152165891602633 1.0979999946430323 0.71756686409935355
leaf_count=30 36 32 31 11 24 19 25 37 38 14 13 19 36 21
internal_value=0.00495395 -0.00728291 0.0024299 0.0100459 0.00104935 -0.02126 -0.0156139 -0.0276291 -0.0153137 0.030792 0.0221286 -0.00104569 -0.0474561 -0.0392467
internal_weight=30.6244 20.7821 14.0669 10.6447 8.25878 3.42216 4.68481 6.71522 4.14228 9.84236 6.35296 2.86758 2.57294 1.47494
internal_count=386 323 142 92 81 50 49 181 94 63 49 56 87 51
is_linear=0
shrinkage=0.05


Tree=35
num_leaves=13
num_cat=0
split_feature=10 9 9 18 11 18 9 9 9 4 9 4
split_gain=4.5282 2.02625 0.943128 0.699455 1.06735 1.19242 1.53078 0.897066 1.18276 0.668298 0.0754659 0.100963
threshold=38.45000000000001 8.9500000000000011 13.65 15.500000000000002 453.00000000000006 11.500000000000002 101.85000000000001 22.250000000000004 34.050000000000004 11.500000000000002 3.8500000000000001 11.500000000000002
decision_type=2 2 2 2 2 2 2 2 2 2 2 2
left_child=1 10 -3 4 -4 6 -6 -5 -9 -10 -1 -12
right_child=-2 2 3 7 5 -7 -8 8 9 -11 11 -13
leaf_value=-0.05870675779188498 0.04159997346683382 0.027574118682800738 0.029844046178463396 -0.048829573029258957 -0.049778919268017141 0.026305540278311581 0.001434420491141457 0.025290931907584809 -0.0073514399623822672 -0.045176120973254325 -0.031136142756517871 -0.052812926968247832
leaf_weight=0.85877590905875623 5.7071292102336875 2.3327096337452558 2.6654424183070686 1.7367093581706265 2.3049708763137442 2.0816870611160994 3.9760226830840111 1.8726266697049139 3.1736119855195284 1.847645256668329 1.1588097168132663 1.0013563060201705
leaf_count=38 28 32 23 30 36 17 30 22 37 28 38 36
internal_value=0.00141245 -0.00775796 -0.00248497 -0.0060518 0.00229158 -0.00649024 -0.0173596 -0.0167129 -0.00862208 -0.0212696 -0.0461689 -0.0411845
internal_weight=30.7175 25.0104 21.9914 19.6587 11.0281 8.36268 6.28099 8.63059 6.89388 5.02126 3.01894 2.16017
internal_count=395 367 255 223 106 83 66 117 87 65 112 74
is_linear=0
shrinkage=0.05


Tree=36
num_leaves=14
num_cat=0
split_feature=10 9 9 18 16 17 11 19 3 7 13 18 17
split_gain=4.26484 1.69445 1.04441 0.649959 1.01584 1.52665 0.988799 1.07855 1.14661 0.721798 0.103195 0.061232 0.0167352
threshold=38.45000000000001 8.9500000000000011 13.65 15.500000000000002 15.500000000000002 4.5000000000000009 447.00000000000006 9.5000000000000018 5.5000000000000009 56.500000000000007 10.500000000000002 29.500000000000004 6.5000000000000009
decision_type=2 2 2 2 2 2 2 2 2 2 2 2 2
left_child=1 10 -3 6 5 9 -4 8 -8 -5 -1 12 -12
right_child=-2 2 3 4 -6 -7 7 -9 -10 -11 11 -13 -14
leaf_value=-0.025126251797316548 0.040482408612361381 0.028025909109249288 0.031097839738170624 -0.055403659624172076 -0.051159987526473882 0.016374191824622047 0.0074039632679370297 0.016202288780765472 -0.040172383266520881 -0.0095942743449700663 -0.047707639830859683 -0.039449514905102567 -0.059779546878711592
leaf_weight=0.59532149974257409 5.5638344027101985 2.3856579251587418 2.1886061970144537 1.6542959678918108 1.765984305180609 3.1994639094918966 2.1503007691353542 3.209438213147223 3.0808822819963098 1.7906950786709783 0.43156497087329648 1.0443533747456966 0.85758667113259435
leaf_count=16 28 32 18 23 37 31 22 28 38 26 26 37 33
internal_value=0.000986266 -0.00803684 -0.00316064 -0.0070683 -0.0174537 -0.00849518 0.00114924 -0.00661627 -0.0206159 -0.0315921 -0.0437078 -0.0484483 -0.0557383
internal_weight=29.918 24.3542 21.4253 19.0397 8.41044 6.64445 10.6292 8.44062 5.23118 3.44499 2.92883 2.33351 1.28915
internal_count=395 367 255 223 117 80 106 88 60 49 112 96 59
is_linear=0
shrinkage=0.05


Tree=37
num_leaves=13
num_cat=0
split_feature=10 10 11 14 10 10 11 14 17 17 14 15
split_gain=3.9944 1.02916 0.897399 0.892458 0.961792 0.908535 1.11358 0.982165 0.783757 0.668577 0.510456 0.313059
threshold=38.350000000000001 34.650000000000013 473.00000000000006 39.705555555555563 34.850000000000001 37.250000000000007 517.00000000000011 61.412053571428579 3.5000000000000004 8.5000000000000018 37.355555555555561 57.083333333333343
decision_type=2 2 2 2 2 2 2 2 2 2 2 2
left_child=1 2 10 -3 -5 6 8 -7 -6 -10 -1 -4
right_child=-2 3 11 4 5 7 -8 -9 9 -11 -12 -13
leaf_value=0.01866516632894059 0.03806541712607505 0.029539383384233495 -0.028698354738341827 0.030788458078258821 -0.058135175727830141 0.028358964286695196 0.020528064051555762 -0.019110214352881266 -0.011418414971727599 -0.051899771987105062 -0.026886055420780319 -0.062017691641365551
leaf_weight=1.1549019962549274 5.8064828738570204 1.9308242946863199 1.2978866132907572 1.5637352243065823 1.5509473406709711 2.5707724373787633 1.5153438178822387 1.8914021765813229 5.6111219199374318 1.2465460216626523 1.3156943172216413 1.5431870957836507
leaf_count=15 32 18 29 15 32 18 18 30 105 27 27 29
internal_value=0.000978428 -0.00830674 -0.0276315 -0.00256609 -0.00645264 -0.0105006 -0.0189262 0.00823799 -0.0260364 -0.0187769 -0.00559274 -0.0467964
internal_weight=28.9988 23.1924 5.31167 17.8807 15.9499 14.3861 9.92396 4.46217 8.40862 6.85767 2.4706 2.84107
internal_count=395 363 100 263 245 230 182 48 164 132 42 58
is_linear=0
shrinkage=0.05


Tree=38
num_leaves=17
num_cat=0
split_feature=10 9 10 9 9 1 10 13 15 16 11 6 9 16 9 17
split_gain=3.75775 1.56926 0.873906 1.19048 1.03788 1.54876 1.26132 0.40839 0.559366 0.342572 0.146213 0.0953487 0.0645044 0.0418447 0.0242748 0.00615494
threshold=38.45000000000001 8.9500000000000011 34.650000000000013 101.85000000000001 57.70000000000001 2.5000000000000004 36.850000000000001 15.500000000000002 57.154761904761905 6.5000000000000009 485.00000000000006 3.5000000000000004 5.0500000000000007 14.500000000000002 27.200000000000006 4.5000000000000009
decision_type=2 2 2 2 2 2 2 2 2 2 2 2 2 2 2 2
left_child=1 11 3 9 5 -4 10 -7 14 -3 -6 -1 15 -14 -9 -13
right_child=-2 2 4 -5 6 7 -8 8 -10 -11 -12 12 13 -15 -16 -17
leaf_value=-0.023108849254722477 0.038833787807455826 -0.061930402207772045 -0.029891264250144829 0.0092962914113197074 -0.025547518094102835 0.037206967128725135 0.0062775582778096866 -0.0067314259572800114 0.037228905608428189 -0.024062252934832575 -0.047569154965627192 -0.052755168511313191 -0.031631070809923154 -0.049173401930644511 0.0032091451211704505 -0.060901566885119995
leaf_weight=0.50648082466796696 5.3551371730864039 1.3888768386095791 1.6405499530956129 1.6559114083647726 1.5495829693973058 3.2125573679804802 4.1258487068116665 1.1501103863120086 1.5079382043331859 1.047797263599932 1.4676396939903495 0.42594429431483183 0.7015558239072559 0.65951301343739033 1.3178820107132194 0.50886471103876829
leaf_count=18 28 27 33 14 20 26 37 23 13 22 22 24 28 18 18 24
internal_value=0.00113232 -0.00769683 -0.00280177 -0.0234161 0.0024803 0.0139446 -0.0116899 0.0239488 0.0132362 -0.0456467 -0.0362593 -0.0427451 -0.0470769 -0.0401313 -0.00142327 -0.0571897
internal_weight=28.2222 22.8671 20.0647 4.09259 15.9721 8.82904 7.14307 7.18849 3.97593 2.43667 3.01722 2.80236 2.29588 1.36107 2.46799 0.934809
internal_count=395 367 255 63 192 113 79 80 54 49 42 112 94 46 41 48
is_linear=0
shrinkage=0.05


Tree=39
num_leaves=13
num_cat=0
split_feature=9 9 9 9 9 17 19 18 9 13 18 11
split_gain=1.64789 1.15055 0.748838 1.0039 0.958633 0.781606 0.737443 1.01351 0.772219 0.221842 0.12515 0.00469472
threshold=9.1500000000000004 13.65 202.35000000000002 144.75000000000003 19.250000000000004 8.5000000000000018 8.5000000000000018 25.500000000000004 55.350000000000001 12.500000000000002 29.500000000000004 499.00000000000006
decision_type=2 2 2 2 2 2 2 2 2 2 2 2
left_child=9 -2 3 4 -3 6 8 -8 -6 -1 11 -11
right_child=1 2 -4 -5 5 -7 7 -9 -10 10 -12 -13
leaf_value=-0.014879635039338408 0.036108523828966184 -0.033443328044648106 0.021276254053773612 -0.028549626318120316 0.017034934027491806 -0.024824825054659334 0.034526740407843211 -0.0078424331963795908 -0.024341804024434362 -0.05774312739319154 -0.029815324478068089 -0.050918323200834129
leaf_weight=1.0082936799153714 2.7273605875670937 1.6273064902052343 3.9741436541080466 3.107017967849969 2.242649467661975 1.6568564726039756 4.8742202408611774 1.9867853820323942 2.2680292651057243 0.67389090405777075 0.8856889372691511 0.40247569419443607
leaf_count=27 31 32 27 34 29 26 38 32 29 39 33 18
internal_value=0.00122717 0.0054971 0.00165626 -0.00273339 0.00273962 0.00725899 0.0119336 0.0222576 -0.00376984 -0.0339408 -0.0437363 -0.0551912
internal_weight=27.4347 24.4644 21.737 17.7629 14.6558 13.0285 11.3717 6.86101 4.51068 2.97035 1.96206 1.07637
internal_count=395 278 247 220 186 154 128 70 58 117 90 57
is_linear=0
shrinkage=0.05


Tree=40
num_leaves=17
num_cat=0
split_feature=10 11 6 17 19 17 8 10 11 13 15 10 3 8 10 18
split_gain=2.28418 2.08815 1.06119 1.01633 0.974391 0.695869 1.25618 0.729642 0.65725 0.622205 0.517677 0.439655 0.356458 0.350347 0.122453 0.0367057
threshold=35.95000000000001 469.00000000000006 4.5000000000000009 1.5000000000000002 8.5000000000000018 6.5000000000000009 13.500000000000002 37.45000000000001 457.00000000000006 14.500000000000002 57.409722222222229 34.350000000000001 6.5000000000000009 9.5000000000000018 34.45000000000001 34.500000000000007
decision_type=2 2 2 2 2 2 2 2 2 2 2 2 2 2 2 2
left_child=3 8 12 -1 13 6 7 -4 -2 11 15 -6 -3 14 -5 -11
right_child=1 2 5 4 9 -7 -8 -9 -10 10 -12 -13 -14 -15 -16 -17
leaf_value=0.025917205153444485 -0.0032982356235820433 0.048486516584528461 -0.055427758550255106 -0.041557228622981217 -0.02042807540118587 0.029037769143048717 0.022430262195102826 -0.0010898350060539622 -0.039839425992541311 -0.057874109328317769 0.0037593530595178728 0.016621250980176441 0.022750471915120744 -0.060957873658623908 -0.015431400792665795 -0.040312581062493122
leaf_weight=1.0618652477860475 3.2270941687747863 3.0232929931953532 1.230373435886577 1.017273523844777 1.3701667534187438 2.5840605814009905 2.4403104856610298 1.2408480048179624 1.9890317402314392 0.88092603068798758 0.60766295343637455 1.9267578804865477 2.4243308494333178 1.8454247582703827 0.8021863605827092 0.44929675944149494
leaf_count=5 32 19 34 28 25 23 16 16 27 37 10 29 34 30 17 18
internal_value=-0.00107824 0.00947617 0.0202397 -0.0203183 -0.0258349 0.00803445 -0.00301583 -0.0281436 -0.0172323 -0.0119919 -0.0344761 0.00122395 0.0370333 -0.0456077 -0.0300385 -0.0519425
internal_weight=28.1209 18.1593 12.9432 9.96156 8.8997 7.49559 4.91153 2.47122 5.21613 5.23481 1.93789 3.29692 5.44762 3.66488 1.81946 1.33022
internal_count=400 201 142 199 194 89 66 50 59 119 65 54 53 75 45 55
is_linear=0
shrinkage=0.05


Tree=41
num_leaves=15
num_cat=0
split_feature=10 11 11 6 16 7 19 8 5 4 15 9 10 16
split_gain=2.04052 1.28552 1.17997 0.730493 0.780642 0.663568 0.62588 0.553309 1.56509 0.549885 0.446808 0.421 0.0657393 0.0616416
threshold=35.45000000000001 469.00000000000006 489.00000000000006 4.5000000000000009 1.0000000180025095e-35 55.500000000000007 9.5000000000000018 13.500000000000002 1.0000000180025095e-35 11.500000000000002 57.354166666666679 72.800000000000026 34.150000000000013 1.0000000180025095e-35
decision_type=2 2 2 2 2 2 2 2 2 2 2 2 2 2
left_child=2 9 5 4 -3 -1 -7 8 10 -2 -5 -11 -4 -14
right_child=1 3 12 7 -6 6 -8 -9 -10 11 -12 -13 13 -15
leaf_value=0.013496056898585088 0.0078623366533953614 0.04373372845056623 -0.062455811617720028 -0.043515682848988019 0.0063478470999711436 -0.044307719460848313 -0.0015691465640708419 0.021016684076404498 0.032217143333743613 -0.0069848908212510946 -0.0022150636303394891 -0.042357378904182424 -0.035688492987627614 -0.055462252823800684
leaf_weight=2.0007088519632843 1.9975556200370217 3.6081467708572736 0.85480098007246885 1.784621756523846 2.2777434503659606 1.6977254776284101 1.729063290171325 3.4991508945822716 1.7148289002943782 1.6291825580410662 1.0344445644877849 1.7391387037932871 0.8159524369984863 0.7623719023540616
leaf_count=31 23 30 21 39 36 30 38 25 20 29 20 18 21 19
internal_value=-0.000883026 0.00786909 -0.022355 0.0158844 0.029266 -0.0093844 -0.022743 0.00607952 -0.00544863 -0.0129223 -0.0283606 -0.0252485 -0.0512881 -0.0452397
internal_weight=27.1454 19.2848 7.86062 13.9189 5.88589 5.4275 3.42679 8.03305 4.5339 5.36588 2.81907 3.36832 2.43313 1.57832
internal_count=400 240 160 170 66 99 68 104 79 70 59 47 61 40
is_linear=0
shrinkage=0.05


Tree=42
num_leaves=16
num_cat=0
split_feature=10 7 4 11 3 10 20 10 17 5 3 6 17 11 8
split_gain=2.01538 1.36015 0.883863 0.818257 0.997562 0.795561 0.773821 0.843069 1.36819 0.907506 0.632245 0.356849 0.245804 0.218258 0.0298365
threshold=36.150000000000013 54.500000000000007 11.500000000000002 455.00000000000006 8.5000000000000018 35.250000000000007 9.5000000000000018 39.050000000000004 6.5000000000000009 1.0000000180025095e-35 6.5000000000000009 4.5000000000000009 5.5000000000000009 483.00000000000006 5.5000000000000009
decision_type=2 2 2 2 2 2 2 2 2 2 2 2 2 2 2
left_child=1 -1 11 -3 5 12 7 8 9 -4 -7 -2 13 -5 -14
right_child=2 3 6 4 -6 10 -8 -9 -10 -11 -12 -13 14 -15 -16
leaf_value=0.03723887483791858 0.042262481274557673 -0.052630987766640096 -0.045342055100598744 -0.017860072501222811 0.018268705253501102 -0.027107055889828507 -0.023912018170591104 0.040771983722084806 0.034772208909170203 0.0026220304807614016 0.019129367565930647 0.015604326979640998 -0.049616518962847543 -0.046339934768806254 -0.065086231577694956
leaf_weight=1.0568312108516718 2.3447761125862572 1.8319702809676517 1.5613889708183704 1.514872227795421 1.7173983687534926 1.5240777344442906 2.1925922019872814 1.7077129930257795 2.0420920648612082 2.6769732111133635 1.435991210862994 2.7018920481204987 0.62673834990709998 1.2100958330556748 0.6200603200122714
leaf_count=9 17 34 38 22 29 32 37 8 21 36 20 26 24 30 17
internal_value=-0.00106228 -0.0168242 0.0108807 -0.0222754 -0.0158459 -0.0242979 0.00239944 0.00962141 0.00115128 -0.0150477 -0.0046768 0.0279902 -0.0389211 -0.0305073 -0.0573099
internal_weight=26.7655 11.538 15.2274 10.4812 8.64923 6.93184 10.1808 7.98817 6.28045 4.23836 2.96007 5.04667 3.97177 2.72497 1.2468
internal_count=400 217 183 208 174 145 140 103 95 74 52 43 93 52 41
is_linear=0
shrinkage=0.05


Tree=43
num_leaves=17
num_cat=0
split_feature=10 10 9 4 8 19 13 13 19 16 11 3 11 9 9 19
split_gain=2.06472 0.984998 0.770666 0.586191 0.896852 0.519759 1.19638 0.729478 0.859652 0.612818 0.426644 0.327221 0.257834 0.114552 0.104616 0.00924741
threshold=37.250000000000007 34.650000000000013 101.85000000000001 11.500000000000002 7.5000000000000009 15.500000000000002 14.500000000000002 17.000000000000004 6.5000000000000009 26.500000000000004 483.00000000000006 8.5000000000000018 461.00000000000006 9.3500000000000032 172.05000000000004 10.500000000000002
decision_type=2 2 2 2 2 2 2 2 2 2 2 2 2 2 2 2
left_child=1 2 13 -2 -5 7 -7 8 9 11 -10 -3 -9 -1 -6 -15
right_child=3 5 -4 4 14 6 -8 12 10 -11 -12 -13 -14 15 -16 -17
leaf_value=-0.035640589931675681 0.038908229692447227 -0.042820406757146358 -0.0068222917027283801 0.034205803855095127 -0.011485877026726092 0.045290634520326334 -0.017534157967828139 -0.009121985138932448 -0.023164192793999366 0.023921038537258507 -0.062905953411701535 -0.0018906627933635792 0.01760822094600133 -0.061794221847875357 0.0043317699368918992 -0.054249341601015126
leaf_weight=0.92486509215087354 2.4310151711106283 0.91762871830724013 1.7697127908468244 2.4549942389130592 2.1676222793757915 1.4956898042000824 1.5359976016916332 1.5011966787278654 1.4287453747820111 1.2351717576384542 1.2806424181908367 1.0437549855560064 2.2607348067685962 0.73839805368334033 2.0189887061715126 0.90249561425298452
leaf_count=39 15 25 17 28 26 14 33 18 33 11 37 17 32 20 14 21
internal_value=-0.0013662 -0.0116277 -0.0322052 0.0179011 0.010212 -0.00460282 0.0134606 -0.0102672 -0.0212288 -0.00366646 -0.0419489 -0.0210395 0.00694155 -0.0497129 -0.00385783 -0.0576445
internal_weight=26.1077 17.035 4.33547 9.07262 6.64161 12.6996 3.03169 9.66787 5.90594 3.19656 2.70939 1.96138 3.76193 2.56576 4.18661 1.64089
internal_count=400 317 97 83 68 220 47 173 123 53 70 42 50 80 40 41
is_linear=0
shrinkage=0.05


Tree=44
num_leaves=17
num_cat=0
split_feature=10 6 17 10 16 17 10 3 15 10 3 4 6 19 11 1
split_gain=1.78521 0.84749 0.740419 1.01528 0.740293 0.705353 0.756717 1.14686 0.63182 0.556179 0.41141 0.360464 0.249095 0.328609 0.141092 0.0421469
threshold=36.150000000000013 4.5000000000000009 7.5000000000000009 37.45000000000001 12.500000000000002 1.5000000000000002 33.45000000000001 8.5000000000000018 56.812500000000007 35.250000000000007 6.5000000000000009 11.500000000000002 4.5000000000000009 10.500000000000002 481.00000000000006 2.5000000000000004
decision_type=2 2 2 2 2 2 2 2 2 2 2 2 2 2 2 2
left_child=5 4 3 8 11 -1 -7 9 -3 12 14 -2 15 -14 -11 -8
right_child=1 2 -4 -5 -6 6 7 -9 -10 10 -12 -13 13 -15 -16 -17
leaf_value=0.023708503174012477 0.052268119744089805 -0.0079976267457166697 0.026528627323877403 0.0054089357337430283 -0.0041101790982059089 -0.060807732098564077 -0.043050238825405034 0.024100208624692657 -0.062258441587263839 -0.011470971968202423 0.0077640519784804105 0.022988184968442009 -0.047073455684883192 -0.010365176493788507 -0.03985881705477233 -0.060292184387620552
leaf_weight=0.9751727413386132 1.8048563748598088 1.0224849754013106 1.9883222877979276 4.4238499253988266 1.6549570071510968 1.0588050661608566 0.59615452820435011 1.4794850391335783 1.1287150224670766 0.82131283730268501 1.7258313894271848 2.5170883962418884 1.1304072346538308 1.3234351109713314 0.93712303228676319 0.87412592954933643
leaf_count=6 12 19 19 36 28 19 18 27 30 14 23 39 25 27 26 32
internal_value=-0.00159671 0.00987766 -0.000207128 -0.00829213 0.0243266 -0.0168726 -0.0208511 -0.0160911 -0.0364678 -0.0241175 -0.00957861 0.0352156 -0.0370267 -0.0272755 -0.0265997 -0.0533011
internal_weight=25.4621 14.5403 8.56337 6.57505 5.9769 10.9219 9.94668 8.88788 2.1512 7.40839 3.48427 4.32194 3.92412 2.45384 1.75844 1.47028
internal_count=400 183 104 85 79 217 211 192 49 165 63 51 102 52 40 50
is_linear=0
shrinkage=0.05


Tree=45
num_leaves=16
num_cat=0
split_feature=10 9 10 9 10 13 7 19 19 14 11 9 16 11 19
split_gain=1.37147 1.18604 0.856791 0.814736 0.750066 0.559973 0.767741 0.541028 0.399567 0.369608 0.579964 0.28836 0.1372 0.125886 0.0900683
threshold=36.250000000000007 251.45000000000002 38.150000000000013 23.550000000000001 36.750000000000007 12.500000000000002 55.500000000000007 10.500000000000002 21.500000000000004 62.320982142857154 487.00000000000006 12.350000000000001 34.500000000000007 487.00000000000006 10.500000000000002
decision_type=2 2 2 2 2 2 2 2 2 2 2 2 2 2 2
left_child=3 2 4 8 -2 -5 -7 -8 11 10 -6 12 13 -1 -11
right_child=1 -3 -4 5 9 6 7 -9 -10 14 -12 -13 -14 -15 -16
leaf_value=-0.049386641238733472 0.018422719795036815 0.05258315391019517 0.023438596232209147 0.015388464178464317 -0.02860212694137472 0.0076987784375235945 -0.053052696070225627 -0.0088462811690197211 0.0038385585515080529 -0.048190069588286893 0.013564194385048876 -0.062026267678547957 -0.0074517535481454372 -0.022444223827866532 -0.024104217373460454
leaf_weight=0.85598102677613874 2.36113711632788 1.5454275682568539 4.3551904354244471 2.753656364977358 1.5511771407909694 2.4910413837060332 1.3601565444841983 1.4092452544718979 0.68783618044108141 0.77070285612717249 1.7193662784993646 0.90747263375669707 0.56930159311741579 0.87852581962943077 0.78193724504671991
leaf_count=35 36 8 30 26 26 36 26 22 6 21 24 32 17 35 22
internal_value=0.000274148 0.0114489 0.00594001 -0.0119997 -0.00466777 -0.00287918 -0.0124416 -0.0305577 -0.0307457 -0.0159715 -0.00643476 -0.0381534 -0.0287499 -0.0357403 -0.03606
internal_weight=24.9982 13.0849 11.5395 11.9132 7.18432 8.0141 5.26044 2.7694 3.89912 4.82318 3.27054 3.21128 2.30381 1.73451 1.55264
internal_count=402 167 159 235 129 110 84 48 125 93 50 119 87 70 43
is_linear=0
shrinkage=0.05


Tree=46
num_leaves=18
num_cat=0
split_feature=10 7 13 9 9 17 9 10 9 10 9 10 15 10 10 14 9
split_gain=1.26759 1.13283 1.10945 0.843211 1.01924 0.799255 1.03922 0.724554 0.771326 0.455586 0.426681 0.388681 0.306935 0.199928 0.17114 0.0746077 0.00667661
threshold=36.250000000000007 54.500000000000007 14.500000000000002 202.35000000000002 150.20000000000002 4.5000000000000009 38.400000000000006 38.150000000000013 27.200000000000006 34.650000000000013 167.95000000000002 37.050000000000004 56.665178571428577 35.550000000000004 34.350000000000001 75.561111111111117 25.250000000000004
decision_type=2 2 2 2 2 2 2 2 2 2 2 2 2 2 2 2 2
left_child=1 -1 5 4 7 14 9 8 12 -7 13 -10 -2 15 -3 16 -4
right_child=3 2 10 -5 -6 6 -8 -9 11 -11 -12 -13 -14 -15 -16 -17 -18
leaf_value=0.04103681239197176 -0.0023612038607117563 -0.041329328047680323 -0.055412027106005603 0.035545336231569115 -0.034504885542759385 -0.037468640050067115 0.03799586283563583 0.032457412334463094 0.030207879370373104 0.011343743574080078 -0.0077459795258962155 -0.0018852708985979284 -0.040155087425439419 -0.029362268063698117 -0.012525694215309947 -0.0393055322048175 -0.062540862236607972
leaf_weight=0.93715721927583473 0.99959109397604917 1.0221147434785947 0.5532909068278975 2.7686381079256526 1.4430657420307387 1.0013986984267833 1.9032056257128713 2.6837488375604153 1.9623095747083428 0.91463074833154667 1.1663840450346468 1.8169901641085742 1.1613531732000408 1.6182052996009586 1.0408568009734152 0.67420704290270794 0.80820545833557844
leaf_count=8 30 21 34 15 14 30 15 22 20 16 13 27 39 34 20 19 25
internal_value=0.00027275 -0.0116763 -0.0162921 0.0111084 0.00438777 -0.00171917 0.0118265 0.0108957 0.00115437 -0.0141677 -0.0340755 0.0147783 -0.0226727 -0.0424803 -0.0267967 -0.052908 -0.0596438
internal_weight=24.4754 11.6397 10.7025 12.8357 10.0671 5.88221 3.81924 8.62399 5.94024 1.91603 4.82029 3.7793 2.16094 3.65391 2.06297 2.0357 1.3615
internal_count=402 235 227 167 152 102 61 138 116 46 125 47 69 112 41 78 59
is_linear=0
shrinkage=0.05


Tree=47
num_leaves=20
num_cat=0
split_feature=17 10 13 6 10 17 9 9 1 10 4 3 10 9 9 19 7 3 19
split_gain=2.24266 1.60565 1.90736 0.935182 1.24882 0.910706 0.863568 0.853919 0.782192 0.76779 0.517651 0.553665 0.435785 0.386298 0.351944 0.341874 0.129858 0.157984 0.0201734
threshold=1.5000000000000002 36.050000000000004 14.500000000000002 4.5000000000000009 38.45000000000001 4.5000000000000009 167.95000000000002 38.400000000000006 3.5000000000000004 37.850000000000001 11.500000000000002 7.5000000000000009 34.350000000000001 115.50000000000001 90.350000000000009 21.500000000000004 56.500000000000007 6.5000000000000009 8.5000000000000018
decision_type=2 2 2 2 2 2 2 2 2 2 2 2 2 2 2 2 2 2 2
left_child=-1 2 5 4 10 -2 15 12 9 14 -3 -12 -7 -10 -5 16 18 -18 -4
right_child=1 3 6 8 -6 7 -8 -9 13 -11 11 -13 -14 -15 -16 -17 17 -19 -20
leaf_value=0.044650171169770277 -0.035218533686418502 0.02482308429637679 -0.066050024615116887 -0.020328252131915667 0.056287954976804881 -0.034623581810321089 -0.0027993327019708181 0.039180409749132596 -0.0029238103945075189 -0.045743983878969545 -0.045184649640087608 0.010395093816902682 0.013373718299207261 0.030850204772523367 0.018290037582122592 -0.08515086453287285 -0.052024213466021388 -0.017752858912505925 -0.053231927187896322
leaf_weight=2.5247515831142691 1.3123937826603667 1.7219308260828239 0.62390843266621299 1.2133327247574928 1.7973960041999815 0.90829976834356807 0.94765903800725926 1.6994227543473241 1.8457085713744166 1.6833279728889463 0.78269481472671043 1.0480916406959293 0.98657314665615559 1.5640968978404997 1.1483227871358392 0.80863349186256517 0.78635623352602102 0.58750788075849414 0.60422002477571368
leaf_count=17 30 19 20 32 8 29 11 13 30 16 33 21 17 11 11 5 37 17 25
internal_value=1.03735e-05 -0.00509633 -0.0209512 0.00637542 0.0223256 0.000429833 -0.0450226 0.0134462 -0.00507164 -0.0199418 0.00514335 -0.0133663 -0.0096336 0.0125685 -0.00155064 -0.0567545 -0.0479296 -0.0373687 -0.0597437
internal_weight=24.5946 22.0699 9.26497 12.8049 5.35011 4.90669 4.35829 3.5943 7.45479 4.04498 3.55272 1.83079 1.89487 3.40981 2.36166 3.41063 2.60199 1.37386 1.22813
internal_count=402 385 204 181 81 89 115 59 100 59 73 54 46 41 43 104 99 54 45
is_linear=0
shrinkage=0.05


Tree=48
num_leaves=15
num_cat=0
split_feature=16 16 19 8 11 14 7 17 8 14 17 19 13 11
split_gain=1.054 1.33872 1.29204 1.22386 0.877978 0.480747 0.468075 0.352004 0.34423 0.375878 0.354798 0.330866 0.604363 0.227167
threshold=15.500000000000002 8.5000000000000018 16.500000000000004 12.500000000000002 483.00000000000006 75.561111111111117 55.500000000000007 9.5000000000000018 5.5000000000000009 33.361111111111121 3.5000000000000004 4.5000000000000009 13.500000000000002 485.00000000000006
decision_type=2 2 2 2 2 2 2 2 2 2 2 2 2 2
left_child=1 2 3 5 -5 6 -1 11 9 -8 -10 -2 -13 -14
right_child=7 -3 -4 4 -6 -7 8 -9 10 -11 -12 12 13 -15
leaf_value=-0.033679565547287536 0.0098466137366828282 0.038341878577313873 -0.041926166515285239 0.0022948594416020008 0.03869260400741148 -0.044127308198049831 0.011190539252428756 -0.042419448240748892 -0.010498348794135966 -0.051777904202788688 0.018132635124952466 0.013345836566198777 -0.023126871419988482 -0.057837602122657351
leaf_weight=1.1345045464113406 1.1718468554317945 2.6515731373801819 1.6496659177355457 3.3103747069835663 3.3169002365320921 0.85937765333801497 0.40734694991260756 1.3022856558673082 1.7428810684941707 0.56671013636514544 2.8538331692107022 0.85379229951649938 1.1752173528075216 0.78703430388122786
leaf_count=27 16 31 25 28 22 19 12 37 31 37 41 14 35 27
internal_value=-0.000169693 0.00545998 -4.38054e-05 0.00482459 0.0205117 -0.0089186 -0.0044061 -0.0198497 0.00155553 -0.0254447 0.00727697 -0.0124793 -0.0217698 -0.0370489
internal_weight=23.7833 18.4932 15.8416 14.1919 6.62727 7.56465 6.70528 5.29018 5.57077 0.974057 4.59671 3.98789 2.81604 1.96225
internal_count=402 273 242 217 50 167 148 129 121 49 72 92 76 62
is_linear=0
shrinkage=0.05


Tree=49
num_leaves=16
num_cat=0
split_feature=10 6 7 11 8 17 6 13 10 19 15 14 16 8 15
split_gain=1.17098 1.07976 0.936534 0.707067 0.792152 0.769239 1.45479 0.544892 0.810366 0.397177 0.254549 0.101301 0.0503304 0.0261985 0.02629
threshold=37.550000000000004 4.5000000000000009 54.500000000000007 455.00000000000006 5.5000000000000009 4.5000000000000009 3.5000000000000004 15.500000000000002 35.95000000000001 10.500000000000002 55.45913461538462 39.705555555555563 17.500000000000004 2.5000000000000004 57.126984126984141
decision_type=2 2 2 2 2 2 2 2 2 2 2 2 2 2 2
left_child=2 -2 -1 12 10 6 -6 -7 -9 -8 -5 -12 -4 -13 -15
right_child=1 -3 3 4 5 7 9 8 -10 -11 11 13 -14 14 -16
leaf_value=0.034726562092631204 0.040971409782536855 0.00076015291282253625 -0.049233252282876658 0.00047769459302176274 0.025907500275986452 0.025010323352328136 -0.02149817354367491 -0.039832236323973792 0.013741622555640976 -0.05826688401763086 -0.024719017105052254 -0.059062625730540677 -0.032364421917960587 -0.054036388686385634 -0.036013446795618451
leaf_weight=1.2154319230467105 2.8197724958881727 4.0922248624265194 0.86229719500988611 0.4517025076784188 1.3617212660610656 3.1085269544273615 1.8344946457073095 1.070750483311713 2.0712591125629842 1.224831295199692 0.61899167951196421 0.45115777826867975 0.90758677385747433 0.36543309688568115 0.4533657873980701
leaf_count=11 26 39 21 14 15 35 34 33 28 28 21 32 22 25 18
internal_value=-3.28915e-05 0.0171645 -0.00746329 -0.0109323 -0.00689927 -0.0011216 -0.0170834 0.0101683 -0.00451556 -0.0362189 -0.033241 -0.0413041 -0.040583 -0.0493879 -0.0440572
internal_weight=22.9095 6.912 15.9976 14.7821 13.0122 10.6716 4.42105 6.25054 3.14201 3.05933 2.34065 1.88895 1.76988 1.26996 0.818799
internal_count=402 65 337 326 283 173 77 96 61 62 110 96 43 75 43
is_linear=0
shrinkage=0.05


Tree=50
num_leaves=17
num_cat=0
split_feature=10 6 14 10 10 10 13 11 13 11 11 14 11 4 10 11
split_gain=2.19717 0.59696 0.765394 0.675087 0.531891 0.526933 0.518619 0.485551 0.476147 0.448999 0.921207 0.312073 0.249796 0.208145 0.394787 0.135336
threshold=37.45000000000001 5.5000000000000009 73.818333333333342 34.650000000000013 34.850000000000001 39.050000000000004 10.500000000000002 465.00000000000006 15.500000000000002 485.00000000000006 519.00000000000011 61.412053571428579 493.00000000000006 11.500000000000002 37.95000000000001 477.00000000000006
decision_type=2 2 2 2 2 2 2 2 2 2 2 2 2 2 2 2
left_child=1 3 11 6 -5 13 -1 8 -6 -9 12 -3 -11 -2 -15 -8
right_child=5 2 -4 4 7 -7 15 9 -10 10 -12 -13 -14 14 -16 -17
leaf_value=0.0069444195196629857 0.030144992818754088 -0.026527964084993211 0.0044358911338143485 0.034975498749834459 0.0091701909180977731 0.04406428125160191 -0.060362702266800718 0.027428119577248361 -0.035734643204517573 -0.011472927853661713 0.029975041509192502 -0.062577320838397107 -0.052900475786257763 0.027994649814302625 -0.0045287141283786355 -0.028644885237165043
leaf_weight=0.76676762010902466 1.9322472475469092 1.6435398906469338 1.5831712335348127 1.3132689720951001 0.98832034366205368 2.5692532882094383 0.6758481655269859 2.0373865335714072 1.4659520401619373 0.81386468349955998 1.1334910942241547 0.94583442248404015 0.65810058172792196 1.6834785882383587 2.0932404259219766 0.66944861877709627
leaf_count=17 13 31 24 12 13 13 24 39 36 23 16 28 26 17 30 21
internal_value=0.00465817 -0.00694763 -0.0229512 -0.000601629 0.00574491 0.0252601 -0.025874 0.000336009 -0.0176517 0.00984459 -0.00390519 -0.0396959 -0.0299948 0.0167975 0.00996863 -0.0445792
internal_weight=22.9732 14.695 4.17255 10.5224 8.41038 8.27822 2.11206 7.09712 2.45427 4.64284 2.60546 2.58937 1.47197 5.70897 3.77672 1.3453
internal_count=383 310 83 227 165 73 62 153 49 104 65 59 49 60 47 45
is_linear=0
shrinkage=0.05


Tree=51
num_leaves=14
num_cat=0
split_feature=10 8 8 19 19 10 18 6 11 19 18 8 3
split_gain=2.07813 0.637228 0.64701 0.747827 0.905246 0.457053 0.425164 0.398187 0.541157 0.449881 0.11679 0.155463 0.124442
threshold=37.45000000000001 15.500000000000002 12.500000000000002 17.500000000000004 2.5000000000000004 39.050000000000004 17.500000000000004 4.5000000000000009 463.00000000000006 12.500000000000002 22.500000000000004 8.5000000000000018 6.5000000000000009
decision_type=2 2 2 2 2 2 2 2 2 2 2 2 2
left_child=1 2 3 4 -1 6 -2 8 -6 -10 12 -12 -9
right_child=5 -3 -4 -5 7 -7 -8 10 9 -11 11 -13 -14
leaf_value=0.012565112442183236 0.027960695625847305 -0.039128435722780283 0.016202122143938492 0.018809165599474351 -0.048959153730093963 0.042191681269427045 -7.0352477980312333e-05 -0.061299020068314503 0.017717038121082784 -0.034010618048013794 -0.046161651320164185 -0.014222227590866207 -0.034461342428480639
leaf_weight=1.9904986079782263 3.3169673704542202 1.4088220000267018 3.0985444001853457 1.8300298003014175 0.72583078127354417 2.5135513842105865 2.2843901012092829 0.80755416257306956 1.3477623774670062 0.61083449865691353 0.67248508217744507 0.87894685938954353 0.92863094666972756
leaf_count=25 32 18 34 39 30 13 28 26 33 29 32 19 25
internal_value=0.00426792 -0.00720074 -0.00371148 -0.0100125 -0.0166366 0.0244778 0.0165289 -0.0263696 -0.0120817 0.00158455 -0.038036 -0.0280667 -0.0469444
internal_weight=22.4148 14.2999 12.8911 9.79257 7.96254 8.11491 5.60136 5.97204 2.68443 1.9586 3.28762 1.55143 1.73619
internal_count=383 310 292 258 219 73 60 194 92 62 102 51 51
is_linear=0
shrinkage=0.05


Tree=52
num_leaves=16
num_cat=0
split_feature=9 11 17 9 9 8 20 13 8 14 15 11 7 20 14
split_gain=0.659567 0.483794 0.48336 0.335023 0.572586 0.532426 0.835629 0.78273 0.57086 0.24726 0.314065 0.179623 0.15204 0.0990282 0.0135704
threshold=9.5500000000000025 525.00000000000011 1.5000000000000002 46.100000000000001 13.000000000000002 10.500000000000002 8.5000000000000018 17.000000000000004 13.500000000000002 45.751190476190487 57.126984126984141 475.00000000000006 57.250000000000007 6.5000000000000009 61.412053571428579
decision_type=2 2 2 2 2 2 2 2 2 2 2 2 2 2 2
left_child=1 12 -2 4 -4 -5 8 -8 -7 -6 11 -11 13 -1 -14
right_child=2 -3 3 5 9 6 7 -9 -10 10 -12 -13 14 -15 -16
leaf_value=-0.036656077395017764 0.031623639860672757 0.025985847464133596 0.022320094593258264 0.03050928701905244 0.0031370381832384071 -0.0073501221635517699 -0.037294508923905643 0.0075620580025459565 0.027183837968440656 -0.023264897212392395 -0.00061803735875440866 -0.056011613483882977 -0.03897761605605847 -0.0058682272112513152 -0.05121326300758499
leaf_weight=0.42844019643962716 1.8973637260496641 0.46888796007260669 1.4142243294045354 2.4560659788548937 1.3342488836497066 1.7188599891960601 1.8235441800206902 2.083895780146122 3.9390844665467739 1.1089045936241748 0.99988734256476153 0.6728520831093191 0.42369876476004709 0.6690186932682991 0.48715867474675179
leaf_count=26 14 10 21 24 22 35 22 25 31 30 22 27 17 31 26
internal_value=0.00455471 -0.0197441 0.00764965 0.00505801 -0.00512699 0.00974332 0.00441132 -0.0133718 0.0166926 -0.0145578 -0.0230454 -0.0356312 -0.0304208 -0.0178876 -0.0455217
internal_weight=21.9261 2.4772 19.4489 17.5516 5.53012 12.0215 9.56538 3.90744 5.65794 4.11589 2.78164 1.78176 2.00832 1.09746 0.910857
internal_count=383 110 273 259 122 137 113 47 66 101 79 57 100 57 43
is_linear=0
shrinkage=0.05


Tree=53
num_leaves=15
num_cat=0
split_feature=10 10 6 14 11 11 9 18 10 10 15 18 14 11
split_gain=1.8788 0.463383 0.452943 0.728932 0.590491 0.664213 0.443113 0.544139 0.539516 0.429637 0.492971 0.334528 0.293055 0.135841
threshold=37.45000000000001 39.050000000000004 5.5000000000000009 73.818333333333342 441.00000000000006 447.00000000000006 46.100000000000001 12.500000000000002 35.050000000000004 36.650000000000013 56.937500000000007 17.500000000000004 61.412053571428579 479.00000000000006
decision_type=2 2 2 2 2 2 2 2 2 2 2 2 2 2
left_child=2 11 4 12 -1 -6 8 -8 13 10 -10 -2 -4 -7
right_child=1 -3 3 -5 5 6 7 -9 9 -11 -12 -13 -14 -15
leaf_value=-0.037660115797641482 0.02632484484718367 0.042525547328051715 -0.025309614854576584 0.0061207403923777409 0.042103428541932518 -0.058654122445248529 -0.0094896361118481307 0.02963358593827425 -0.01259757462822033 -0.035211329416897412 0.03340069239635509 0.0010271663477179067 -0.061715785869870976 -0.024450681551838046
leaf_weight=0.99096992053091781 3.1749284733086816 2.3470824733376503 1.5602735383436082 1.5050633975770322 0.96889311494305541 0.58767274487763621 1.6810442237183454 1.885709600523114 1.2588332300074405 0.73138780798763026 1.0841041905805466 2.2209574808366597 0.85603259038180102 0.57365055894479156
leaf_count=22 32 13 31 24 13 24 24 23 39 32 21 28 28 29
internal_value=0.00429688 0.0239794 -0.00684059 -0.0211938 -0.00107512 0.00305821 -0.00179038 0.0111944 -0.0127246 -0.00175699 0.00868635 0.0159123 -0.0382073 -0.0417589
internal_weight=21.4266 7.74297 13.6836 3.92137 9.76227 8.7713 7.8024 3.56675 4.23565 3.07433 2.34294 5.39589 2.41631 1.16132
internal_count=383 73 310 83 227 205 192 47 145 92 60 60 59 53
is_linear=0
shrinkage=0.05


Tree=54
num_leaves=15
num_cat=0
split_feature=10 10 15 11 11 19 9 10 9 4 18 13 18 19
split_gain=1.76333 0.444063 0.411305 0.375931 0.654517 0.436377 0.46603 0.508699 0.470964 0.24261 0.239476 0.154637 0.119469 0.0345282
threshold=37.250000000000007 39.050000000000004 56.665178571428577 441.00000000000006 447.00000000000006 17.500000000000004 74.15000000000002 35.350000000000001 150.20000000000002 11.500000000000002 17.500000000000004 15.500000000000002 29.500000000000004 7.5000000000000009
decision_type=2 2 2 2 2 2 2 2 2 2 2 2 2 2
left_child=3 2 -2 -1 -5 6 7 12 -8 -9 -4 -11 13 -6
right_child=1 -3 10 4 5 -7 8 9 -10 11 -12 -13 -14 -15
leaf_value=-0.036052840851334242 0.034569992193668228 0.041420115707041516 0.018055130903754133 0.035423190072285331 -0.061646610434645602 0.014730954989280346 0.017491351917889988 0.005333699466525856 -0.015266665893977977 -0.0087613823101937421 -0.0068789925772533541 -0.040210243246282286 -0.023927266345254022 -0.044985168891963537
leaf_weight=1.0244119949638868 1.8757907720282654 2.2882218882441521 1.9959560381248596 0.94594357116147776 0.48552165646105805 1.7876095627434541 1.9996578199788926 1.3945573125965893 2.4312531650066376 0.84470522566698492 1.8606818416155873 0.72754231980070472 0.58512416249141086 0.86480812542140484
leaf_count=22 21 13 23 13 18 37 26 35 32 26 27 29 24 37
internal_value=0.00433778 0.0227989 0.0153659 -0.00697295 -0.0045042 -0.00790046 -0.0122351 -0.0228572 -0.000483063 -0.00984807 0.00602536 -0.023314 -0.0427986 -0.0509759
internal_weight=21.1118 8.02065 5.73243 13.0911 12.0667 11.1208 9.33317 4.90226 4.43091 2.9668 3.85664 1.57225 1.93545 1.35033
internal_count=383 84 71 299 277 264 227 169 58 90 50 55 79 55
is_linear=0
shrinkage=0.05


Tree=55
num_leaves=14
num_cat=0
split_feature=9 16 8 18 7 20 9 1 18 7 16 15 19
split_gain=0.587605 0.702793 0.537938 0.364664 0.501772 0.69938 0.362546 0.340933 0.304774 0.250766 0.189911 0.135481 0.031049
threshold=11.500000000000002 27.500000000000004 6.5000000000000009 17.500000000000004 56.500000000000007 6.5000000000000009 119.7 2.5000000000000004 2.5000000000000004 55.500000000000007 38.500000000000007 57.126984126984141 11.500000000000002
decision_type=2 2 2 2 2 2 2 2 2 2 2 2 2
left_child=9 2 -2 6 -5 -6 8 -3 -4 -1 11 12 -11
right_child=1 7 3 4 5 -7 -8 -9 -10 10 -12 -13 -14
leaf_value=0.0090451218101541206 0.031949968937405669 -0.0013738130418742712 0.0096337244825605087 -0.025170047108932732 -0.019386477841962263 0.029594853907506644 -0.0018190704614614369 -0.037770296704734467 0.0363384499622924 -0.040440770179514987 0.0025566072160177942 -0.022908179727178443 -0.059451763302104804
leaf_weight=0.5651911802124262 1.9354525851085806 1.2012088499031954 2.8654170054942352 2.1436221953481427 1.3699841871857645 1.5570646682754157 3.4857108071446419 1.385590544901788 1.7036589775234459 0.45781211927533183 0.41922392370179284 1.103589261183515 0.4045645606238395
leaf_count=21 26 23 39 38 27 19 33 29 19 29 14 35 30
internal_value=-0.000246199 0.00320678 0.00734197 0.00371332 -0.00679065 0.00666949 0.0103258 -0.0208692 0.019591 -0.0209002 -0.027996 -0.0345111 -0.0493593
internal_weight=20.5981 17.6477 15.0609 13.1255 5.07067 2.92705 8.05479 2.5868 4.56908 2.95038 2.38519 1.96597 0.862377
internal_count=382 253 201 175 84 46 91 52 58 129 108 94 59
is_linear=0
shrinkage=0.05


Tree=56
num_leaves=15
num_cat=0
split_feature=16 9 8 17 2 4 9 1 11 7 9 11 9 19
split_gain=0.74445 0.540995 0.414313 0.303206 0.541126 0.788161 0.356371 0.262194 0.240475 0.222871 0.212077 0.197522 0.125813 0.148927
threshold=27.500000000000004 11.500000000000002 6.5000000000000009 2.5000000000000004 5.5000000000000009 11.500000000000002 160.25000000000003 2.5000000000000004 479.00000000000006 55.500000000000007 69.250000000000014 477.00000000000006 5.7500000000000009 12.500000000000002
decision_type=2 2 2 2 2 2 2 2 2 2 2 2 2 2
left_child=1 9 -3 -4 6 8 10 -2 -6 -1 -5 -9 13 -11
right_child=7 2 3 4 5 -7 -8 11 -10 12 -12 -13 -14 -15
leaf_value=0.010575901999131611 -0.0064339208542038536 0.02912646880883777 0.016905844894446853 0.0071921267909059025 0.014723930625455026 -0.041089179750032942 -0.0088845433206760759 -0.019449396999471884 -0.013078399021844673 -0.03507059573199952 0.032272900346857522 -0.052214028918927603 -0.042154694892673865 0.0073805340199581378
leaf_weight=0.47122030146420657 1.5013485387898975 1.8798627192154516 3.3784519098699084 1.6240950599312767 1.7027496211230757 1.601712023373693 1.5294574834406374 0.99785960186272837 1.4317376455292103 0.42843113490380325 1.7521785609424112 0.85336071718484163 0.82952444511465728 0.39902334148064256
leaf_count=17 37 26 31 35 23 30 18 21 21 30 17 23 38 15
internal_value=-0.000424274 0.00381583 0.00718396 0.00401593 -0.00050059 -0.0125558 0.011138 -0.0219607 0.00202468 -0.0197656 0.0202083 -0.034553 -0.0283943 -0.0145994
internal_weight=20.381 17.0284 14.9002 13.0204 9.64193 4.7362 4.90573 3.35257 3.13449 2.1282 3.37627 1.85122 1.65698 0.827454
internal_count=382 301 201 175 144 74 70 81 44 100 52 44 83 45
is_linear=0
shrinkage=0.05


Tree=57
num_leaves=16
num_cat=0
split_feature=16 9 15 8 18 9 18 9 11 8 17 3 17 19 4
split_gain=0.645509 0.456975 0.383194 0.341475 0.292079 0.396853 0.23727 0.217012 0.27968 0.193102 0.155797 0.138488 0.120967 0.0774307 0.00767955
threshold=27.500000000000004 11.500000000000002 57.208333333333336 6.5000000000000009 17.500000000000004 55.350000000000001 31.500000000000004 119.7 491.00000000000006 13.500000000000002 4.5000000000000009 6.5000000000000009 6.5000000000000009 11.500000000000002 11.500000000000002
decision_type=2 2 2 2 2 2 2 2 2 2 2 2 2 2 2
left_child=1 10 9 -3 7 11 -7 8 -5 13 14 -6 -12 -2 -1
right_child=2 3 -4 4 5 6 -8 -9 -10 -11 12 -13 -14 -15 -16
leaf_value=-0.045075938946472965 -0.032722442582699768 0.026466308931010752 -0.050348138695068406 0.025922116733229868 -0.01239864861488308 0.016245391786305338 -0.010359708803517059 -0.00014960084166013661 -0.00029640859068873508 0.0099416951595988415 0.004409911652380639 -0.041731803199566472 -0.024496421394548676 -0.010984338829749489 -0.034076862916075992
leaf_weight=0.30506431311369597 0.73385189659893491 1.8360919235274185 0.83594245556741942 2.8834166433662158 0.83957456331700064 1.7792895529419186 1.584110816940665 3.3649821318686008 1.5715136937797067 0.75261740200221527 0.74330280418507733 0.7727127387188375 0.7053979616612196 0.92725292174145579 0.33075367065612227
leaf_count=17 21 26 18 36 18 20 23 33 22 10 20 23 34 32 29
internal_value=-0.000782375 0.00318157 -0.0211728 0.00630191 0.00340844 -0.00606187 0.00371479 0.00943426 0.0166733 -0.0110685 -0.0187208 -0.026457 -0.00966509 -0.0205879 -0.0393542
internal_weight=19.9659 16.7162 3.24966 14.6317 12.7956 4.97569 3.3634 7.81991 4.45493 2.41372 2.08452 1.61229 1.4487 1.6611 0.635818
internal_count=382 301 81 201 175 84 43 91 58 63 100 41 54 53 46
is_linear=0
shrinkage=0.05


Tree=58
num_leaves=18
num_cat=0
split_feature=10 10 9 3 9 10 7 9 17 16 13 18 11 7 9 18 9
split_gain=1.47646 0.769602 0.67863 0.605573 0.542176 0.41938 0.468137 0.612582 0.412733 0.455226 0.518622 0.443612 0.410595 0.240856 0.125237 0.0423529 0.0217974
threshold=39.70000000000001 35.850000000000001 240.30000000000004 5.5000000000000009 156.40000000000001 38.650000000000013 57.250000000000007 43.550000000000004 2.5000000000000004 8.5000000000000018 13.500000000000002 32.500000000000007 465.00000000000006 55.500000000000007 16.050000000000004 33.500000000000007 38.400000000000006
decision_type=2 2 2 2 2 2 2 2 2 2 2 2 2 2 2 2 2
left_child=1 3 4 16 5 6 12 15 -5 11 -11 13 -3 -10 -14 -8 -1
right_child=-2 2 -4 8 -6 -7 7 -9 9 10 -12 -13 14 -15 -16 -17 -18
leaf_value=-0.057563900261941206 0.056375607649400278 -0.0064491270560475301 0.035163170575667167 0.015746926831545296 -0.025101497335046526 0.034820023144155936 -0.049614622844553563 0.0078211148606286938 -0.066198013451658974 0.025449583973127982 -0.023583049824771413 0.0012161209790010454 0.038636047698476422 -0.030037917826208682 0.01525933054391501 -0.030989789900993683 -0.043215983621741491
leaf_weight=0.61969348881394271 1.0652461722493161 2.0634998325258476 1.5084417052566994 1.1776299662888048 1.8680965565145005 1.0163097754120825 0.71744726540055148 1.2501761913299558 0.72071516327559981 1.0403967481106522 1.11966490233317 0.78780631255358446 0.89948851335793767 1.275511771906167 1.5781472469680009 0.53126475098542869 0.46209861617535353
leaf_count=34 5 32 11 10 22 8 37 18 20 17 34 22 12 37 28 22 13
internal_value=-0.00087582 -0.00414828 0.00391695 -0.0169488 -0.000832249 0.00479529 0.000460864 -0.0169203 -0.0108546 -0.0171908 3.35876e-05 -0.0305548 0.0100253 -0.0430931 0.0237461 -0.0416907 -0.051435
internal_weight=19.7016 18.6364 11.4329 7.20352 9.92443 8.05633 7.04002 2.49889 6.12172 4.94409 2.16006 2.78403 4.54114 1.99623 2.47764 1.24871 1.08179
internal_count=382 377 190 187 179 157 149 77 140 130 51 79 72 57 40 59 47
is_linear=0
shrinkage=0.05


Tree=59
num_leaves=16
num_cat=0
split_feature=10 6 14 10 13 17 9 19 11 10 10 14 19 19 9
split_gain=1.38483 0.432332 0.687697 0.559927 0.684926 0.461385 0.430454 0.473713 0.387391 0.247773 0.208527 0.232445 0.202355 0.291523 0.083008
threshold=37.45000000000001 5.5000000000000009 68.537259615384627 34.350000000000001 13.500000000000002 2.5000000000000004 42.500000000000007 8.5000000000000018 483.00000000000006 33.45000000000001 35.95000000000001 55.695982142857154 11.500000000000002 4.5000000000000009 12.350000000000001
decision_type=2 2 2 2 2 2 2 2 2 2 2 2 2 2 2
left_child=1 3 8 9 -5 -6 10 -8 -3 -1 14 -12 13 -2 -7
right_child=12 2 -4 4 5 6 7 -9 -10 -11 11 -13 -14 -15 -16
leaf_value=-0.059406926939816362 0.011128404525346892 -0.021471962554330704 -0.0024688285940129328 0.035075633207936156 0.027713012312329269 -0.028831593775171506 -0.020513020219505983 0.02016019231355607 -0.065579798127800737 -0.016308239423510226 0.0019135114962926015 -0.036979168466080903 0.0053136192726197257 0.036975496791420086 -0.05764763520202873
leaf_weight=0.55411538761109269 2.158725199289619 0.94537413213401977 1.8640666786814106 1.2367869266308842 0.89432124607264984 0.48280826723203085 1.2830860856920483 1.619388868100941 1.0514808197040109 0.83749690698459744 0.90721915243193485 0.66633747785817832 2.1042883191257715 2.2054228098131716 0.5180929321795702
leaf_count=14 24 21 36 18 13 34 22 23 26 36 20 28 28 19 20
internal_value=-0.000821624 -0.0103131 -0.0243095 -0.00430854 0.00102537 -0.00558446 -0.0110216 0.00217994 -0.0446978 -0.0334694 -0.0259051 -0.014556 0.0180494 0.0241902 -0.0437475
internal_weight=19.329 12.8606 3.86092 8.99965 7.60804 6.37125 5.47693 2.90247 1.99685 1.39161 2.57446 1.57356 6.46844 4.36415 1.0009
internal_count=382 311 83 228 178 160 147 45 47 50 102 48 71 43 54
is_linear=0
shrinkage=0.05


Tree=60
num_leaves=16
num_cat=0
split_feature=11 20 6 6 20 17 8 8 9 19 8 11 17 2 3
split_gain=0.602028 0.555309 0.511915 0.489502 0.416176 0.565904 0.382455 0.683809 0.652332 0.510679 0.278382 0.253184 0.18718 0.0963406 0.0849461
threshold=471.00000000000006 4.5000000000000009 4.5000000000000009 4.5000000000000009 8.5000000000000018 4.5000000000000009 8.5000000000000018 10.500000000000002 167.95000000000002 13.500000000000002 8.5000000000000018 503.00000000000006 6.5000000000000009 5.5000000000000009 7.5000000000000009
decision_type=2 2 2 2 2 2 2 2 2 2 2 2 2 2 2
left_child=1 10 12 4 11 -6 9 -8 -9 13 -1 14 -3 -5 -2
right_child=3 2 -4 6 5 -7 7 8 -10 -11 -12 -13 -14 -15 -16
leaf_value=-0.056637948441608889 0.010025395085340352 -0.037603707377053472 0.013864939512293645 -0.05265060761164804 0.032844811125450242 -0.030458021630954471 0.031229641073586657 -0.024592551851304614 0.015062351920785758 0.0093197547406108673 -0.01658231846266502 0.050788921395388112 -0.0044889082637425458 -0.025873174075725553 0.03056491248729909
leaf_weight=0.84761826926842576 0.99637492280453432 0.93983059749007247 2.1917166067287326 0.55591379408724451 0.64198877103626706 0.78443888342007995 1.9340915437787769 2.0747022917494178 2.0736424140632153 1.0747804075945167 0.88839704915881157 1.0392947816289959 0.7816332287620753 0.84873289009556174 1.0173960221000014
leaf_count=32 24 29 28 22 12 30 22 37 19 26 19 14 21 33 22
internal_value=0.00103067 -0.0126037 -0.00216238 0.00693675 0.0203291 -0.00196747 -6.99883e-05 0.00667704 -0.00477017 -0.0166216 -0.0361397 0.0307463 -0.0225679 -0.0364708 0.0204024
internal_weight=18.6906 5.6492 3.91318 13.0414 4.47949 1.42643 8.56186 6.08244 4.14834 2.47943 1.73602 3.05307 1.72146 1.40465 2.01377
internal_count=390 129 78 261 102 42 159 78 56 81 51 60 50 55 46
is_linear=0
shrinkage=0.05


Tree=61
num_leaves=18
num_cat=0
split_feature=10 17 13 11 9 10 11 13 10 14 8 10 17 14 9 14 2
split_gain=2.16478 0.695282 0.635799 0.549013 0.478826 0.501679 0.444331 0.404767 0.438672 0.372083 0.313724 0.257162 0.25086 0.151078 0.0595439 0.0389214 0.0284374
threshold=37.250000000000007 3.5000000000000004 15.500000000000002 481.00000000000006 167.95000000000002 38.45000000000001 511.00000000000006 13.500000000000002 34.95000000000001 72.723958333333357 7.5000000000000009 35.95000000000001 6.5000000000000009 75.561111111111117 61.70000000000001 62.320982142857154 5.5000000000000009
decision_type=2 2 2 2 2 2 2 2 2 2 2 2 2 2 2 2 2
left_child=1 9 6 11 5 10 7 8 -3 16 -2 14 -9 15 -4 -5 -1
right_child=4 2 3 13 -6 -7 -8 12 -10 -11 -12 -13 -14 -15 -16 -17 -18
leaf_value=-0.060974830284996354 0.021994031060176222 -0.0084537517803414588 -0.037828034829235899 -0.063339880451964037 0.044383355048737 0.03388788231945912 0.032040907779410419 -0.00063687831523413915 0.03578078970351755 -0.01171676840054349 -0.013695807893836707 0.0086995723476923827 -0.03930395348965169 -0.021435824783599781 -0.012914050850156625 -0.04463316712454761 -0.04657201268964125
leaf_weight=0.63165817852132311 1.0175819788128131 1.2538239127024997 0.45513767283409867 0.43953328346833564 1.9803742840886114 1.9755804892629383 1.220994748175144 0.79470429220236816 1.0135443732142446 0.89105977863073338 1.5592437060549853 1.4372894269181413 0.88833827944472432 0.64178844308480609 0.5069443304091692 0.75686107971705496 0.74921536585316062
leaf_count=25 23 34 29 17 15 16 17 23 12 16 25 28 22 16 11 38 23
internal_value=0.000809808 -0.0120813 -0.00608695 -0.0204453 0.0238596 0.0149314 0.0056786 -0.00246947 0.0113197 -0.036906 0.00039802 -0.00469284 -0.021046 -0.041007 -0.0247003 -0.0515057 -0.0531603
internal_weight=18.2137 11.6809 9.40896 4.23755 6.53278 4.55241 5.17141 3.95041 2.26737 2.27193 2.57683 2.39937 1.68304 1.83818 0.962082 1.19639 1.38087
internal_count=390 311 247 139 79 64 108 91 46 64 48 68 45 71 40 55 48
is_linear=0
shrinkage=0.05


Tree=62
num_leaves=15
num_cat=0
split_feature=10 9 19 16 9 6 9 8 10 8 10 9 8 6
split_gain=1.96017 0.403408 0.499194 0.40017 0.376482 0.500542 0.45448 0.471359 0.3618 0.298543 0.162338 0.218294 0.057884 0.0415601
threshold=37.250000000000007 202.35000000000002 7.5000000000000009 3.5000000000000004 119.7 3.5000000000000004 30.050000000000001 4.5000000000000009 38.45000000000001 6.5000000000000009 35.45000000000001 74.800000000000026 5.5000000000000009 4.5000000000000009
decision_type=2 2 2 2 2 2 2 2 2 2 2 2 2 2
left_child=3 2 -2 9 5 -5 7 -7 -4 12 -11 -12 13 -1
right_child=1 -3 8 4 -6 6 -8 -9 -10 10 11 -13 -14 -15
leaf_value=-0.0523461010215239 -0.0083079778828010747 0.045254066363553329 0.0095489507447964837 -0.031430506759725529 -0.028139135163841141 0.021218611444572894 0.031815140307520681 -0.023303810262310973 0.042518098593189953 -0.026733871626239216 0.003888635699512092 -0.025999040008066389 -0.062180951025239399 -0.026113838845271242
leaf_weight=0.25555209291633385 1.4488084678305302 1.5921256020665167 1.5865866460371765 0.83066229592077423 1.1335216555744407 1.1116087185218937 1.6040890528820453 1.2778649996034799 1.7499439716339109 1.8666106117889283 1.6167483208701017 0.98202969878911961 0.35286270640790462 0.36901563126593828
leaf_count=30 26 11 29 36 21 36 21 37 13 38 37 16 13 26
internal_value=0.00125458 0.0234526 0.016199 -0.011163 -0.0022093 0.00388329 0.0112286 -0.0025915 0.0268406 -0.0209637 -0.015485 -0.00740536 -0.045993 -0.0368472
internal_weight=17.778 6.37746 4.78534 11.4006 5.95775 4.82423 3.99356 2.38947 3.33653 5.44282 4.46539 2.59878 0.97743 0.624568
internal_count=390 79 68 311 151 130 94 73 42 160 91 53 69 56
is_linear=0
shrinkage=0.05


Tree=63
num_leaves=16
num_cat=0
split_feature=10 13 16 11 11 10 11 19 9 10 19 11 18 13 16
split_gain=1.98695 0.516928 0.528775 0.583728 0.407624 0.438868 0.401573 0.391821 0.378199 0.436438 0.276343 0.268646 0.246323 0.171799 0.139808
threshold=37.250000000000007 15.500000000000002 3.5000000000000004 485.00000000000006 485.00000000000006 35.95000000000001 465.00000000000006 2.5000000000000004 167.95000000000002 38.45000000000001 10.500000000000002 487.00000000000006 27.500000000000004 17.000000000000004 20.500000000000004
decision_type=2 2 2 2 2 2 2 2 2 2 2 2 2 2 2
left_child=1 2 7 14 5 10 -7 -1 9 11 -3 -2 -9 -6 -4
right_child=8 4 3 -5 13 6 -8 12 -10 -11 -12 -13 -14 -15 -16
leaf_value=0.0041685977145667586 -0.01794162578092473 -0.056063663600434278 -0.025836385652996563 0.035027766207093906 -0.057822984022001804 -0.021705852800645013 0.023285979135195575 -0.049648328926902949 0.041928364666699115 0.03308812881666523 -0.01110254489654224 0.015178543587260033 -0.0084154594105825872 -0.027797015127176236 0.0032708617411820423
leaf_weight=1.1062939073890468 1.0568918754579493 0.73149279039353154 0.67164694936946068 1.4454702129587529 0.91882437653839566 0.95324169564992178 1.0338214472867546 0.99886391684412934 1.8315136954188345 1.8822500873357055 0.6414312245324254 1.4553395162802187 0.56827532732859254 0.98936423612758517 1.0693880799226461
leaf_count=18 24 25 19 18 39 20 21 36 15 16 33 24 22 35 25
internal_value=0.000220953 -0.0124339 -0.00221607 0.0115413 -0.0237994 -0.0133182 0.00170232 -0.0186137 0.0228397 0.0148841 -0.0350578 0.00124494 -0.0346965 -0.042255 -0.00795797
internal_weight=17.3541 11.1281 5.85994 3.18651 5.26818 3.35999 1.98706 2.67343 6.226 4.39448 1.37292 2.51223 1.56714 1.90819 1.74104
internal_count=390 311 138 62 173 99 41 76 79 64 58 48 58 74 44
is_linear=0
shrinkage=0.05


Tree=64
num_leaves=16
num_cat=0
split_feature=10 17 7 13 11 16 10 9 14 14 10 10 15 9 14
split_gain=1.9314 0.36351 0.617389 0.427453 0.321271 0.355268 0.311661 0.265113 0.366402 0.411653 0.259015 0.205662 0.166071 0.0971363 0.0814846
threshold=37.650000000000013 3.5000000000000004 56.500000000000007 15.500000000000002 481.00000000000006 6.5000000000000009 33.45000000000001 56.70000000000001 60.178095238095246 37.355555555555561 38.650000000000013 35.95000000000001 56.718750000000007 101.85000000000001 65.475000000000009
decision_type=2 2 2 2 2 2 2 2 2 2 2 2 2 2 2
left_child=1 2 -1 6 11 -6 -3 8 9 -8 13 12 -5 -2 -7
right_child=10 3 -4 4 5 14 7 -9 -10 -11 -12 -13 -14 -15 -16
leaf_value=-0.056917684517456019 0.0074466349718531333 -0.024448664188501751 -0.0059828916863691201 -0.046472664239675651 -0.0067333395329816073 -0.064495216958196488 0.023800179885647921 -0.011721101833148282 0.038032576880442828 -0.022643239420261183 0.039529355430542611 0.0059778067545032685 -0.003528791139815322 0.025649445947102879 -0.038356365327350039
leaf_weight=1.0552979833446472 1.4758957978337996 0.84403100889175942 1.3637832428794352 0.43653680966235731 0.79821501520928029 0.52589827333576955 1.0571478838101032 1.1508182641118763 1.2002935796044765 0.86957290431018908 2.0879301056265831 1.4778119939146561 0.46487155742943287 1.4558406099677084 0.68849327438510954
leaf_count=34 26 22 36 25 26 20 21 19 21 31 16 33 15 14 31
internal_value=4.98026e-05 -0.0108962 -0.0282026 -0.00649566 -0.0179411 -0.0326446 0.00331839 0.00879692 0.0163481 0.00283921 0.0260708 -0.00550323 -0.0243258 0.0164858 -0.0496759
internal_weight=16.9524 11.9328 2.41908 9.51369 4.39183 2.01261 5.12186 4.27783 3.12701 1.92672 5.01967 2.37922 0.901408 2.93174 1.21439
internal_count=390 334 70 264 150 77 114 92 73 52 56 73 40 40 51
is_linear=0
shrinkage=0.05


Tree=65
num_leaves=16
num_cat=0
split_feature=10 11 15 7 4 10 19 14 10 17 19 11 14 10 11
split_gain=0.825865 0.556046 0.553443 0.428398 0.416526 0.647173 0.382903 0.360261 0.324973 0.228387 0.208123 0.188195 0.168538 0.160903 0.107006
threshold=37.650000000000013 507.00000000000006 57.105555555555569 54.500000000000007 11.500000000000002 34.750000000000007 10.500000000000002 39.705555555555563 36.350000000000001 3.5000000000000004 4.5000000000000009 485.00000000000006 65.475000000000009 36.150000000000013 471.00000000000006
decision_type=2 2 2 2 2 2 2 2 2 2 2 2 2 2 2
left_child=1 2 3 -1 5 6 -5 -4 -3 -6 -2 -9 -11 14 -7
right_child=10 8 7 4 9 13 -8 11 -10 12 -12 -13 -14 -15 -16
leaf_value=0.028007756635968679 0.0037454493933440115 -0.0027933302222426927 -0.0015565548264395372 0.0035165574061994027 -0.053378968169934184 -0.0095202228821303844 -0.051430100470011765 -0.056221866558600342 0.032289839767194371 -0.032676361504655381 0.025419576221464592 -0.022628263497544404 7.4184632814367347e-05 0.029273830869942421 0.016090157001188182
leaf_weight=0.91057977732271123 1.6324962563812722 1.3172626690939062 0.71934356587007675 0.54706230293959357 0.57809498847927931 0.74043782660737656 0.75414918828755617 1.1018303744494913 1.3230272089131174 0.80147280916571595 3.4446321530267596 0.6706621596822514 0.77044272003695369 1.1008031070232389 0.90806520450860262
leaf_count=11 21 33 17 16 25 21 36 33 20 24 38 23 25 14 22
internal_value=0.00149599 -0.00553484 -0.0111221 -0.00401661 -0.00871956 0.00072196 -0.0283291 -0.0313996 0.0147866 -0.0265069 0.0184505 -0.043511 -0.0166243 0.0144715 0.00458706
internal_weight=17.3204 12.2432 9.60294 7.11111 6.20053 4.05052 1.30121 2.49184 2.64029 2.15001 5.07713 1.77249 1.57192 2.74931 1.6485
internal_count=379 320 267 194 183 109 52 73 53 74 59 56 49 57 43
is_linear=0
shrinkage=0.05


Tree=66
num_leaves=14
num_cat=0
split_feature=10 10 15 19 4 8 9 13 10 20 19 7 9
split_gain=0.760661 0.292533 0.35944 0.540641 0.222421 0.219343 0.476801 0.511274 0.22506 0.175577 0.165095 0.149889 0.136396
threshold=37.650000000000013 33.45000000000001 57.105555555555569 15.500000000000002 11.500000000000002 12.500000000000002 13.800000000000002 14.500000000000002 35.95000000000001 4.5000000000000009 4.5000000000000009 57.250000000000007 9.5500000000000025
decision_type=2 2 2 2 2 2 2 2 2 2 2 2 2
left_child=1 -1 5 4 11 6 9 -8 -9 -3 -2 -4 -11
right_child=10 2 3 -5 -6 -7 7 8 -10 12 -12 -13 -14
leaf_value=-0.031556574538048006 0.0046982914280760393 -0.002219417062122702 -0.031986994307536751 0.016516039115683858 -0.046686844345619823 0.013846568477165179 0.0057279424082536806 -0.060148230178409916 -0.020935110324862064 0.013247645830991542 0.024051284659253311 0.00063392244449763443 0.049817823753361232
leaf_weight=0.97683828882873314 1.6258716545999039 0.66925520624499579 0.72124679712578699 0.89459114556666453 1.0232015899382532 2.8850817298516631 1.4821828613057735 0.57342419424094249 1.0111270297784356 0.53346863901242592 3.4200605303049088 0.68809630116447806 0.48839617241173983
leaf_count=25 21 32 23 24 33 38 26 31 29 33 38 17 9
internal_value=0.0015379 -0.00533715 -0.00300242 -0.0167199 -0.0289427 0.00296908 -0.00362684 -0.0153807 -0.0351257 0.0176881 0.0178155 -0.0160602 0.0307262
internal_weight=16.9928 11.9469 10.9701 3.32714 2.43254 7.64294 4.75785 3.06673 1.58455 1.69112 5.04593 1.40934 1.02186
internal_count=379 320 295 97 73 198 160 86 60 74 59 40 42
is_linear=0
shrinkage=0.05


Tree=67
num_leaves=15
num_cat=0
split_feature=10 11 11 10 4 9 17 20 19 3 9 13 18 11
split_gain=0.751536 0.322668 0.778969 0.389784 0.557927 0.514832 0.427917 0.422251 0.374614 0.381416 0.369574 0.283002 0.199857 0.197986
threshold=37.650000000000013 441.00000000000006 447.00000000000006 35.050000000000004 11.500000000000002 139.90000000000003 4.5000000000000009 8.5000000000000018 4.5000000000000009 6.5000000000000009 46.100000000000001 15.500000000000002 32.500000000000007 483.00000000000006
decision_type=2 2 2 2 2 2 2 2 2 2 2 2 2 2
left_child=1 -1 -3 6 7 8 -4 11 -6 -10 12 -5 -8 -2
right_child=13 2 3 4 5 -7 10 -9 9 -11 -12 -13 -14 -15
leaf_value=-0.033341267881091693 0.0076927683583930713 0.043969699104536485 -0.048465801606361887 0.0155872580383963 -0.0571524244415412 0.01719332407719891 -0.044394162891572365 0.037879626215731994 0.0057759696145146776 -0.042431779354803828 0.013468285737035844 -0.021332594784922582 -0.003362968152042815 0.027669685698912913
leaf_weight=0.9161755121313061 2.330375123769044 0.83453859807923336 0.96723963390104328 1.3533818139694638 0.69961757119745094 0.94621375203132618 0.71100651181768648 1.2450010636821387 1.0156675033504141 0.68839821277651925 1.0239280415698884 0.84195941104553629 0.5094040643889457 2.6514159440994263
leaf_count=23 30 13 38 21 27 12 34 19 31 34 16 34 18 29
internal_value=0.00205018 -0.00484853 -0.00243957 -0.00631189 0.000476379 -0.0140481 -0.0206643 0.014619 -0.0263464 -0.0136987 -0.00868278 0.00142772 -0.0272676 0.0183249
internal_weight=16.7343 11.7525 10.8364 10.0018 6.79024 3.3499 3.21158 3.44034 2.40368 1.70407 2.24434 2.19534 1.22041 4.98179
internal_count=379 320 297 284 178 104 106 74 92 65 68 55 52 59
is_linear=0
shrinkage=0.05


Tree=68
num_leaves=15
num_cat=0
split_feature=10 11 7 10 7 13 10 11 17 7 6 11 11 16
split_gain=0.738172 0.341603 0.376238 0.336971 0.198633 0.239954 0.356333 0.264433 0.218799 0.191388 0.189251 0.170345 0.166906 0.0880493
threshold=37.650000000000013 511.00000000000006 57.250000000000007 36.350000000000001 54.500000000000007 13.500000000000002 35.250000000000007 465.00000000000006 6.5000000000000009 55.500000000000007 3.5000000000000004 483.00000000000006 495.00000000000006 17.500000000000004
decision_type=2 2 2 2 2 2 2 2 2 2 2 2 2 2
left_child=1 2 4 -3 -1 6 -6 10 9 -9 -7 -2 13 -4
right_child=11 3 12 -5 5 7 -8 8 -10 -11 -12 -13 -14 -15
leaf_value=0.015865178869439403 0.0082805855294652946 -0.006684946461935487 -0.057182018140361626 0.032756594752867733 -0.012098196293880266 -0.010788300170522437 0.032574397580404486 0.021271509174143593 -0.02725929940451928 -0.0087287158816424237 -0.04417028239339274 0.026894118195460698 -0.010466444849439507 -0.027424019711096877
leaf_weight=1.0269831311889008 2.3207095279358319 1.0945705976337188 0.5492713324492795 1.0718017867766318 1.0072947507724164 0.7634949507191775 0.80164129100739945 0.88812923175282854 0.79565780283883203 1.3243999753613023 0.95644475519657135 2.6133344285190105 0.60509734065271903 0.45406550331972539
leaf_count=13 30 30 29 16 36 22 10 20 34 40 33 29 19 18
internal_value=0.00199575 -0.00502904 -0.00924668 0.0128286 -0.00457705 -0.00778855 0.00769874 -0.0137138 -0.00477282 0.00331365 -0.0293518 0.0181393 -0.0312067 -0.0437149
internal_weight=16.2729 11.3389 9.17248 2.16637 7.56405 6.53706 1.80894 4.72813 3.00819 2.21253 1.71994 4.93404 1.60843 1.00334
internal_count=379 320 274 46 208 195 46 149 94 60 55 59 66 47
is_linear=0
shrinkage=0.05


Tree=69
num_leaves=18
num_cat=0
split_feature=10 10 11 15 17 13 16 9 9 4 11 9 9 13 11 9 6
split_gain=0.708037 0.300166 0.351649 0.429331 0.331022 0.696495 0.32451 0.286812 0.425629 0.1863 0.155092 0.152137 0.189204 0.175867 0.151932 0.0751655 0.018175
threshold=37.650000000000013 34.650000000000013 517.00000000000011 57.033333333333339 6.5000000000000009 13.500000000000002 11.500000000000002 74.800000000000026 38.400000000000006 11.500000000000002 481.00000000000006 81.15000000000002 25.650000000000002 17.000000000000004 483.00000000000006 101.85000000000001 5.5000000000000009
decision_type=2 2 2 2 2 2 2 2 2 2 2 2 2 2 2 2 2
left_child=1 4 3 6 15 -6 11 8 9 -5 -8 12 13 -3 -2 16 -1
right_child=14 2 -4 7 5 -7 10 -9 -10 -11 -12 -13 -14 -15 -16 -17 -18
leaf_value=-0.037956276866392247 0.0081343804688718355 -0.021437532931960959 0.022046679242580587 -0.010414850266072305 0.037439314642042289 -0.039770253241951735 -0.003185825455992981 -0.047007041921863363 0.024619725932663074 -0.053767049245118638 -0.040003692743039929 -0.0042296478189097044 0.028971696114855418 0.021497045889737311 0.025808900474956872 -0.021451721765856566 -0.052147048373032738
leaf_weight=0.45644386636559209 2.2912699100561431 0.46765714033972372 1.4089075606316326 0.55577585403807483 0.59684844408184268 0.57203554827719927 0.63947098050266482 0.80188583396375168 0.56161142140626896 0.4472354989266023 0.51750447787344456 1.1470586629584429 1.4905403153970835 0.48677135584875941 2.5906420722603798 0.54470398835837841 0.44620236288756132
leaf_count=26 30 31 25 20 14 26 25 17 11 27 24 19 18 12 29 9 16
internal_value=0.00163569 -0.00532211 -0.000775356 -0.00529424 -0.0201367 -0.000345973 0.0033757 -0.0226927 -0.0102313 -0.0297453 -0.0196541 0.0107935 0.0178416 0.000459679 0.0175136 -0.0361197 -0.0449712
internal_weight=16.0226 11.1407 8.52442 7.11551 2.61623 1.16888 4.749 2.36651 1.56462 1.00301 1.15698 3.59203 2.44497 0.954428 4.88191 1.44735 0.902646
internal_count=379 320 229 204 91 40 129 75 58 47 49 80 61 43 59 51 42
is_linear=0
shrinkage=0.05


Tree=70
num_leaves=15
num_cat=0
split_feature=17 8 19 19 17 20 4 20 8 11 15 14 2 3
split_gain=0.615885 0.316163 0.325743 0.393246 0.564377 0.373418 0.479568 0.312506 0.450077 0.325285 0.221849 0.112197 0.110071 0.0315815
threshold=1.5000000000000002 3.5000000000000004 8.5000000000000018 14.500000000000002 6.5000000000000009 8.5000000000000018 11.500000000000002 8.5000000000000018 13.500000000000002 479.00000000000006 56.812500000000007 39.705555555555563 5.5000000000000009 6.5000000000000009
decision_type=2 2 2 2 2 2 2 2 2 2 2 2 2 2
left_child=-1 11 5 7 -5 10 -7 8 9 -4 -3 -2 -12 -13
right_child=1 2 3 4 -6 6 -8 -9 -10 -11 12 13 -14 -15
leaf_value=0.034134420959668059 -0.0021121496583386477 0.019967136025526567 0.0040285712070278305 -0.038880647497146675 0.0081842236900491177 -0.0059941343329182658 -0.04880814481459772 0.02674875621826571 0.029441104030525325 -0.045893197478917958 -0.020056440755065758 -0.026305403153119473 0.0025077409353558345 -0.04550794034795122
leaf_weight=1.1900974349118776 0.30761790461838134 1.0931350532919153 0.76696633885148935 1.0081500795204195 1.7300129185896365 1.5978041682392359 1.1073566335253417 2.5059117949567735 0.84380256757140149 0.56793159479275346 0.98088911641389143 0.37643738882616162 1.2037235383177176 0.4965699227177538
leaf_count=15 18 17 23 39 38 31 31 37 9 25 20 26 26 33
internal_value=-0.000451339 -0.00327319 -0.00108863 0.00590876 -0.00914435 -0.00977003 -0.02352 0.0147073 0.00085742 -0.0172106 0.00157799 -0.0280783 -0.00762356 -0.0372279
internal_weight=15.7764 14.5863 13.4057 7.42278 2.73816 5.98291 2.70516 4.68461 2.1787 1.3349 3.27775 1.18063 2.18461 0.873007
internal_count=388 373 296 171 77 125 62 94 57 48 63 77 46 59
is_linear=0
shrinkage=0.05


Tree=71
num_leaves=17
num_cat=0
split_feature=17 13 16 13 17 13 11 7 15 14 9 15 9 11 11 3
split_gain=0.511561 0.35043 0.296255 0.312151 0.269071 0.490833 0.531754 0.468012 0.2721 0.421447 0.330643 0.251265 0.188404 0.13724 0.11606 0.110537
threshold=1.5000000000000002 9.5000000000000018 27.500000000000004 15.500000000000002 4.5000000000000009 15.500000000000002 495.00000000000006 56.500000000000007 56.571428571428577 71.871875000000017 88.15000000000002 57.126984126984141 15.15 457.00000000000006 479.00000000000006 7.5000000000000009
decision_type=2 2 2 2 2 2 2 2 2 2 2 2 2 2 2 2
left_child=-1 -2 4 -4 5 15 7 13 10 11 12 -10 -6 -7 -5 -3
right_child=1 2 3 14 8 6 -8 -9 9 -11 -12 -13 -14 -15 -16 -17
leaf_value=0.031214586405448216 -0.036820633400558217 -0.047191923770240694 0.0018199170340089284 -0.015174271448160692 -0.0026989355227022664 -0.010863695113665391 0.029288391671571903 0.014479319515506539 0.04485265265522289 -0.0090208232302048212 0.0208881952529687 0.013995706107063431 -0.040292288013034583 -0.039239949290256954 -0.046360811403157572 -0.016659427111468707
leaf_weight=1.1467828615568585 0.74750133603811164 0.70233561226632246 1.095777582842856 0.47887767152860738 0.71424141863826685 0.77451665280386828 1.2366490627173332 1.1727592293755149 1.202395437750966 1.0869872109033165 0.76943633705377568 1.4617806287715209 0.62484610034152865 0.94720053859055042 0.79123665462248027 0.51291550602763891
leaf_count=15 21 28 25 16 27 15 24 25 16 29 11 31 22 28 35 20
internal_value=-0.000918233 -0.00349161 -0.00165595 -0.0177332 0.00173837 -0.00637281 0.00184405 -0.00988139 0.00913901 0.017217 -0.00523211 0.0279221 -0.0202408 -0.0264749 -0.0346024 -0.0343052
internal_weight=15.4662 14.3195 13.572 2.36589 11.2061 5.34638 4.13113 2.89448 5.85969 3.75116 2.10852 2.66418 1.33909 1.72172 1.27011 1.21525
internal_count=388 373 352 76 276 140 92 68 136 76 60 47 49 43 51 48
is_linear=0
shrinkage=0.05


Tree=72
num_leaves=17
num_cat=0
split_feature=10 8 19 15 20 15 9 19 10 10 20 7 10 9 16 8
split_gain=0.849501 0.555561 0.388781 0.343095 0.288178 0.24148 0.328324 0.196905 0.155616 0.338888 0.125651 0.103551 0.126972 0.0953233 0.066532 0.00944352
threshold=37.650000000000013 8.5000000000000018 4.5000000000000009 57.105555555555569 3.0000000000000004 55.732638888888893 150.20000000000002 17.500000000000004 34.850000000000001 36.250000000000007 8.5000000000000018 55.500000000000007 34.95000000000001 11.500000000000002 11.500000000000002 3.5000000000000004
decision_type=2 2 2 2 2 2 2 2 2 2 2 2 2 2 2 2
left_child=1 3 -2 4 14 -3 8 11 -7 -10 -4 -6 -13 15 -1 -5
right_child=2 5 10 13 7 6 -8 -9 9 -11 -12 12 -14 -15 -16 -17
leaf_value=-0.024190631563619374 -0.0056527682986816409 -0.023035879349335184 0.014599984273802706 -0.038505428861837186 0.0041847238437771979 0.028279684939393188 -0.013758042497065187 0.026174336409691162 -0.016737419033755592 0.021211936738995608 0.033736361238552719 -0.045802752127465152 -0.0063466977539365591 -0.060140099291181519 -0.053650886054812219 -0.026786081091823295
leaf_weight=0.36494601820595463 1.4886616431176669 0.99044730071909715 1.5912529728375375 0.3566742301918564 0.56371172121725954 1.0989568070508542 1.7626474555581806 0.43547065975144494 0.99920647358521852 1.4304801062680779 1.8610300971195102 0.36224103625863791 0.46648009971249849 0.59844452340621501 0.40357556170783937 0.33180999231990427
leaf_count=22 23 28 26 24 20 15 31 10 31 26 16 28 27 24 20 17
internal_value=-0.00130116 -0.00956774 0.0157058 -0.0244345 -0.0139714 -0.000377146 0.00386422 -0.00317036 0.012667 0.0056053 0.0249159 -0.0123476 -0.0235933 -0.0455443 -0.0396612 -0.0328574
internal_weight=15.106 10.1651 4.94094 3.88335 2.59643 6.28174 5.29129 1.8279 3.52864 2.42969 3.45228 1.39243 0.828721 1.28693 0.768522 0.688484
internal_count=388 323 65 192 127 131 103 85 72 57 42 75 55 65 42 41
is_linear=0
shrinkage=0.05


Tree=73
num_leaves=16
num_cat=0
split_feature=10 8 19 15 3 16 16 8 6 18 19 11 18 10 16
split_gain=0.808099 0.465483 0.34391 0.273084 0.267142 0.183731 0.355742 0.351006 0.410323 0.176343 0.175243 0.108161 0.0975106 0.0658822 0.0600726
threshold=37.650000000000013 8.5000000000000018 4.5000000000000009 57.105555555555569 5.5000000000000009 15.500000000000002 3.5000000000000004 13.500000000000002 4.5000000000000009 19.500000000000004 17.500000000000004 483.00000000000006 13.500000000000002 35.550000000000004 11.500000000000002
decision_type=2 2 2 2 2 2 2 2 2 2 2 2 2 2 2
left_child=1 3 -2 4 14 6 7 8 -3 -4 11 12 -6 -5 -1
right_child=2 5 9 13 10 -7 -8 -9 -10 -11 -12 -13 -14 -15 -16
leaf_value=-0.024588780312024099 -0.0047008964719073912 0.02889140113879789 0.035652101393151225 -0.033916264830745543 -0.0059107700939759894 -0.017046253484582049 0.026715981509087751 -0.028457459095623222 -0.011932246975911213 0.01293236885330574 0.024344658877220995 0.0082707653911503164 -0.038181621016997375 -0.058108478470586623 -0.052966262310963769
leaf_weight=0.36216040153521945 1.4852489344775683 1.0895076622255153 1.6822246992960574 0.75034676888026275 0.47234480443876214 1.3853756873868404 1.237895202822983 1.0635325107723472 1.414832903537899 1.7348554008640347 0.42707973206415761 0.4349234196706675 0.46406321041285992 0.45031329058110714 0.38449064735323191
leaf_count=22 23 18 16 33 20 38 18 21 36 26 10 26 29 32 20
internal_value=-0.00122566 -0.00942113 0.0153863 -0.0233339 -0.0140611 -0.0010037 0.00362094 -0.00439202 0.00582799 0.0241173 -0.00362339 -0.0123336 -0.0219035 -0.0429897 -0.0392019
internal_weight=14.8392 9.93687 4.90233 3.74572 2.54506 6.19114 4.80577 3.56787 2.50434 3.41708 1.79841 1.37133 0.936408 1.20066 0.746651
internal_count=388 323 65 192 127 131 93 75 54 42 85 75 49 65 42
is_linear=0
shrinkage=0.05


Tree=74
num_leaves=17
num_cat=0
split_feature=17 9 16 17 9 4 14 4 13 14 15 11 11 9 15 9
split_gain=0.449222 0.287858 0.236204 0.225048 0.325774 0.38506 0.226385 0.210308 0.178669 0.157907 0.150755 0.121966 0.107788 0.0895632 0.076627 0.0293918
threshold=1.5000000000000002 7.1500000000000012 27.500000000000004 5.5000000000000009 69.250000000000014 11.500000000000002 62.08348214285715 11.500000000000002 15.500000000000002 37.355555555555561 57.083333333333343 467.00000000000006 479.00000000000006 3.9500000000000006 56.937500000000007 5.4500000000000011
decision_type=2 2 2 2 2 2 2 2 2 2 2 2 2 2 2 2
left_child=-1 9 3 4 6 -6 11 10 -4 -2 -5 -3 -10 -11 -8 -15
right_child=1 2 8 7 5 -7 14 -9 12 13 -12 -13 -14 15 -16 -17
leaf_value=0.029825913885182111 0.0051323180858951524 -0.054526943788836428 -0.0023295668393035229 -0.009429820644869729 0.021056801448668925 -0.0084209105056969307 0.0098184521109297603 0.029122027439280957 -0.013443815348763278 -0.06194551975249573 0.018740123327493502 -0.021186724254599821 -0.045661095767234927 -0.017462910309555251 -0.014010922527600082 -0.038180705775011314
leaf_weight=1.0587744186632342 0.29236123291775473 0.44884119229391062 1.0491849454119795 1.1244041845202444 1.9853157335892317 2.506566965021193 0.57310498715378322 1.1941291424445808 0.46375869680196025 0.25932101567741483 0.82225953554734599 0.70544613304082304 0.58977807150222361 0.35515935736475512 0.82014895917382091 0.33048985386267304
leaf_count=15 16 17 21 32 29 35 22 17 15 25 16 31 29 18 25 25
internal_value=-0.00153776 -0.00399385 -0.00167828 0.00147291 -0.00349279 0.00460761 -0.0177756 0.0126025 -0.0169346 -0.0269804 0.002469 -0.034151 -0.0314793 -0.0369157 -0.00420888 -0.0274491
internal_weight=14.579 13.5203 12.2829 10.1802 7.03942 4.49188 2.54754 3.14079 2.10272 1.23733 1.94666 1.15429 1.05354 0.94497 1.39325 0.685649
internal_count=388 373 289 224 159 64 95 65 65 84 48 48 44 68 47 43
is_linear=0
shrinkage=0.05


Tree=75
num_leaves=15
num_cat=0
split_feature=10 9 19 11 7 6 10 11 9 14 20 18 18 16
split_gain=0.938511 0.479927 0.591519 0.684455 0.509336 0.389777 0.380098 0.495624 0.303672 0.190784 0.169787 0.21698 0.150599 0.0161021
threshold=39.70000000000001 8.9500000000000011 8.5000000000000018 451.00000000000006 57.250000000000007 6.5000000000000009 34.650000000000013 467.00000000000006 55.350000000000001 66.762500000000017 8.5000000000000018 20.500000000000004 29.500000000000004 18.500000000000004
decision_type=2 2 2 2 2 2 2 2 2 2 2 2 2 2
left_child=1 12 3 -3 9 -6 8 -8 -4 -5 11 -9 13 -1
right_child=-2 2 6 4 5 -7 7 10 -10 -11 -12 -13 -14 -15
leaf_value=-0.040823894456487077 0.055271132961858788 0.017664212213911897 -0.039229202812001381 -0.023860446608407061 -0.023294735239124363 0.023276902717077774 -0.0078777687778135413 0.032228602783962876 0.010423024441704865 -0.051996962581744854 0.036790003594074611 0.001899211835234388 -0.010678910379255224 -0.056263781912045875
leaf_weight=0.41069259645882883 0.76041133701801378 1.5559103656560163 0.61350445961579658 1.4137687780894341 0.93257823213934876 0.86691948724910617 1.5451892944984136 1.132902416167781 0.61827915161848068 1.0498854271136222 1.8107356806285677 1.2298905430361626 0.47540351515635848 0.28677402250468731
leaf_count=38 4 22 30 37 30 13 30 19 11 30 25 35 36 22
internal_value=0.00117902 -0.00177113 0.00104029 -0.0107208 -0.0210804 -0.000858552 0.0108868 0.0163134 -0.0143069 -0.0358508 0.0252699 0.0164414 -0.0323803 -0.0471722
internal_weight=14.7028 13.9424 12.7696 5.81906 4.26315 1.7995 6.9505 5.71872 1.23178 2.46365 4.17353 2.36279 1.17287 0.697467
internal_count=382 378 282 132 110 43 150 109 41 67 79 54 96 60
is_linear=0
shrinkage=0.05


Tree=76
num_leaves=16
num_cat=0
split_feature=9 19 17 20 18 9 14 15 9 9 7 11 18 19 8
split_gain=0.493587 0.437192 0.543929 0.347117 0.371763 0.47232 0.347225 0.316237 0.530544 0.463462 0.209438 0.1578 0.139738 0.060262 0.0203441
threshold=8.9500000000000011 8.5000000000000018 3.5000000000000004 8.5000000000000018 35.500000000000007 88.15000000000002 49.054761904761911 57.309523809523817 235.90000000000003 152.30000000000004 57.250000000000007 473.00000000000006 29.500000000000004 3.5000000000000004 2.5000000000000004
decision_type=2 2 2 2 2 2 2 2 2 2 2 2 2 2 2
left_child=12 2 11 4 5 6 -3 8 9 13 -5 -2 14 -4 -1
right_child=1 3 7 10 -6 -7 -8 -9 -10 -11 -12 -13 -14 -15 -16
leaf_value=-0.058319007335491828 0.027384421621323242 0.020754582869857947 -0.01363703882171859 0.012821754203398598 -0.022289161483955915 0.03897546756610807 -0.023035450397735732 0.007692050065297793 0.011926718738366643 -0.070872977044619381 0.03919531038995791 0.00099230195206701454 -0.010206354844051004 -0.032709214722345503 -0.039751296735751764
leaf_weight=0.22283973678713731 1.067293257452546 0.81832896452397186 0.91679211193695731 1.6893422524444759 1.118723011575639 1.0207018461078403 1.0131504430901257 0.97641247906722117 0.74312274158000935 0.69338195770978917 1.3577873194590211 1.2067347783595321 0.46377830242272466 0.75546778785064816 0.43648053531069309
leaf_count=29 13 19 21 36 34 12 35 20 10 14 15 27 36 30 31
internal_value=0.000602404 0.00327534 -0.00622041 0.0118797 0.00213872 0.0117202 -0.00346949 -0.0171306 -0.024927 -0.0365039 0.0245737 0.0133792 -0.031235 -0.0222532 -0.0460269
internal_weight=14.5003 13.3772 6.35921 7.01803 3.9709 2.85218 1.83148 4.08518 3.10876 2.36564 3.04713 2.27403 1.1231 1.67226 0.65932
internal_count=382 286 135 151 100 66 54 95 75 65 51 40 96 51 60
is_linear=0
shrinkage=0.05


Tree=77
num_leaves=13
num_cat=0
split_feature=10 9 9 4 9 10 9 10 11 9 18 16
split_gain=0.721587 0.508731 0.5011 0.698371 0.488287 0.429663 0.224971 0.363909 0.382118 0.295318 0.111122 0.0177474
threshold=39.550000000000004 270.10000000000008 150.20000000000002 11.500000000000002 8.9500000000000011 38.150000000000013 115.50000000000001 34.650000000000013 467.00000000000006 34.050000000000004 29.500000000000004 18.500000000000004
decision_type=2 2 2 2 2 2 2 2 2 2 2 2
left_child=1 2 4 -4 10 6 7 8 -6 -9 11 -1
right_child=-2 -3 3 -5 5 -7 -8 9 -10 -11 -12 -13
leaf_value=-0.037734096536056222 0.043787386650818577 0.035674223396653992 -0.0015977011445130749 -0.050345845195893059 0.0085273089952513474 0.034411124874431646 0.025633074113736012 0.013143492068359143 -0.047420393188879292 -0.010458864448818285 -0.012732285605185148 -0.054720985958446461
leaf_weight=0.37509220500941853 0.88059218972921449 0.80190341733396131 1.6474914103746423 1.3260553479194641 0.48626609519123831 1.0352637059986589 0.7699628174304961 3.0340882790042087 0.81957633933052421 2.3532174713909626 0.4750825313385576 0.26058028428815305
leaf_count=38 6 10 27 23 16 15 11 80 36 62 36 22
internal_value=-5.46633e-05 -0.0029391 -0.00539996 -0.023337 0.000150657 0.00422546 3.81819e-05 -0.00290619 -0.0265867 0.0028338 -0.0310256 -0.0446975
internal_weight=14.2652 13.3846 12.5827 2.97355 9.60913 8.49837 7.46311 6.69315 1.30584 5.38731 1.11076 0.635672
internal_count=382 376 366 50 316 220 205 194 52 142 96 60
is_linear=0
shrinkage=0.05


Tree=78
num_leaves=13
num_cat=0
split_feature=10 9 9 9 10 20 5 14 19 5 9 19
split_gain=0.724255 0.308248 0.364108 0.406092 0.503756 0.414819 0.305392 0.237889 0.198297 0.175406 0.0169203 0.0147203
threshold=39.050000000000004 251.45000000000002 150.20000000000002 97.200000000000003 34.650000000000013 8.5000000000000018 1.5000000000000002 39.705555555555563 8.5000000000000018 1.0000000180025095e-35 9.9500000000000011 6.5000000000000009
decision_type=2 2 2 2 2 2 2 2 2 2 2 2
left_child=1 2 3 4 9 6 7 -6 -7 10 -1 -4
right_child=-2 -3 11 -5 5 8 -8 -9 -10 -11 -12 -13
leaf_value=-0.036670139321092164 0.033885240874935905 0.020985260012365236 -0.021314812589838403 0.022319573658649294 0.013466127186203953 -0.0024548607169526792 0.019606557600994973 -0.025981741676604227 0.024750645245522812 -0.011935666398671408 -0.050997061742321929 -0.029862277731800325
leaf_weight=0.3147523591760526 1.4353362135589129 1.151471011340617 1.0523475352674716 1.4509272295981643 0.46048879623413164 1.1027285202289934 0.62086433696094889 2.2473844100022689 1.7060448662377892 0.64220972324255854 0.59690383356064558 0.96617465279996384
leaf_count=24 13 16 22 22 10 39 14 113 32 30 29 18
internal_value=0.000273218 -0.00364519 -0.00618633 -0.00194281 -0.00651975 -8.11863e-05 -0.0120217 -0.0192734 0.0140697 -0.031951 -0.0460506 -0.0254061
internal_weight=13.7476 12.3123 11.1608 9.1423 7.69138 6.13751 3.32874 2.70787 2.80877 1.55387 0.911656 2.01852
internal_count=382 369 353 313 291 208 137 123 71 83 53 40
is_linear=0
shrinkage=0.05


Tree=79
num_leaves=17
num_cat=0
split_feature=10 19 11 11 10 9 7 16 17 6 14 20 14 9 14 19
split_gain=0.624697 0.312165 0.435081 0.405561 0.368623 0.406415 0.352818 0.30001 0.335897 0.291734 0.284531 0.215449 0.173898 0.154414 0.101182 0.0191012
threshold=39.050000000000004 8.5000000000000018 451.00000000000006 451.00000000000006 34.650000000000013 55.350000000000001 57.250000000000007 15.500000000000002 9.5000000000000018 6.5000000000000009 66.762500000000017 6.5000000000000009 70.028125000000017 25.650000000000002 45.751190476190487 13.500000000000002
decision_type=2 2 2 2 2 2 2 2 2 2 2 2 2 2 2 2
left_child=1 3 -3 -1 5 15 10 12 -9 11 14 -8 13 -6 -5 -4
right_child=-2 2 4 6 7 -7 9 8 -10 -11 -12 -13 -14 -15 -16 -17
leaf_value=0.011600932571678473 0.032190347907524876 -0.033971914230043386 -0.035885441287552833 -0.034497496065432107 -0.0056379334082401625 0.018635253107310183 0.0031083290642368068 -0.033561840003353459 0.016933118905503863 0.020721249893625698 -0.056556391654688204 -0.046315516230216215 0.033993999892578806 0.021775434128367369 -0.0088873623397884658 -0.053576688826547647
leaf_weight=1.3416755245998482 1.3934289384633309 0.68056453857570876 0.29271499963942893 0.68289006128907226 0.79490249848458994 0.42312905751168728 0.43884275364689507 0.62098545627668478 0.70126611250452697 0.74817122146487236 0.80782364855986077 0.44318607205059379 1.5155761602800337 1.4520632117055354 0.88613304472528398 0.31869029882363975
leaf_count=22 13 27 21 19 36 8 13 33 16 13 31 27 31 22 28 22
internal_value=0.000481261 -0.00315573 0.00395269 -0.0121927 0.0081705 -0.0190361 -0.0201595 0.0137058 -0.00678146 -0.00224468 -0.0324468 -0.0217253 0.0209056 0.0120775 -0.0200337 -0.0451069
internal_weight=13.542 12.1486 6.79989 5.34872 6.11933 1.03453 4.00705 5.08479 1.32225 1.6302 2.37685 0.882029 3.76254 2.24697 1.56902 0.611405
internal_count=382 369 216 153 189 51 131 138 49 53 78 40 89 58 47 43
is_linear=0
shrinkage=0.05


Tree=80
num_leaves=15
num_cat=0
split_feature=10 11 13 13 9 11 16 11 11 9 18 10 9 3
split_gain=0.685269 0.309538 0.267426 0.265692 0.304877 0.25694 0.300415 0.235305 0.165629 0.153664 0.340083 0.168494 0.0204656 0.00951257
threshold=37.45000000000001 519.00000000000011 13.500000000000002 17.000000000000004 27.950000000000003 467.00000000000006 9.5000000000000018 479.00000000000006 483.00000000000006 35.45000000000001 3.5000000000000004 35.95000000000001 8.4500000000000011 6.5000000000000009
decision_type=2 2 2 2 2 2 2 2 2 2 2 2 2 2
left_child=1 2 5 4 12 -1 -7 -6 -2 10 -5 -11 13 -4
right_child=8 -3 3 9 7 6 -8 -9 -10 11 -12 -13 -14 -15
leaf_value=0.024846551648914066 0.0063168491509798244 0.018865997000435071 -0.030728288736402262 0.03236408805891109 -0.004229343308961602 -0.027884736891996765 0.017299496595883101 -0.039342782216463389 0.025703023469210187 -0.027817603031167877 -0.020905416554377054 0.0026671555873184587 -0.058695102525683822 -0.050770406443090922
leaf_weight=0.90657511306926464 2.0311888072174051 1.028071085223927 0.11418532149400595 0.65981114015448861 1.3290045761968943 0.87248333264142253 0.63603529753163457 0.74433676572516549 2.4078714032657444 1.0572083205915985 0.5488481909269467 0.79346480965614308 0.5493715483462438 0.12295487319352105
leaf_count=19 35 28 19 13 32 38 15 26 37 30 39 14 36 22
internal_value=0.00065219 -0.00701951 -0.0102126 -0.0159336 -0.0268901 0.00380912 -0.00883375 -0.0168352 0.0168325 -0.00569158 0.00817458 -0.0147474 -0.053396 -0.0411199
internal_weight=13.8014 9.36235 8.33428 5.91919 2.85985 2.41509 1.50852 2.07334 4.43906 3.05933 1.20866 1.85067 0.786512 0.23714
internal_count=403 331 303 231 135 72 53 58 72 96 52 44 77 41
is_linear=0
shrinkage=0.05


Tree=81
num_leaves=18
num_cat=0
split_feature=10 10 3 3 6 18 9 17 8 9 10 19 9 9 10 9 14
split_gain=0.774339 0.372046 0.354102 0.305374 0.213981 0.196519 0.177645 0.24 0.153514 0.151142 0.197827 0.139143 0.123286 0.107009 0.105801 0.0978887 0.0238732
threshold=39.70000000000001 35.850000000000001 8.5000000000000018 5.5000000000000009 3.5000000000000004 13.500000000000002 15.15 7.5000000000000009 6.5000000000000009 90.350000000000009 36.750000000000007 10.500000000000002 37.650000000000006 69.250000000000014 34.650000000000013 109.35000000000001 68.537259615384627
decision_type=2 2 2 2 2 2 2 2 2 2 2 2 2 2 2 2 2
left_child=1 3 4 16 -3 11 7 -6 14 10 -8 12 -5 -4 -7 -10 -1
right_child=-2 2 13 5 6 8 9 -9 15 -11 -12 -13 -14 -15 -16 -17 -18
leaf_value=-0.037004279622330431 0.052348408573942629 0.032888106327809863 -0.033648049547503639 0.0066817852337068178 -0.00075647731315409725 -0.024599624494972602 0.0059116451491020069 0.042799784295457027 -0.045961393038127837 0.0090893498546180448 -0.026975678671050225 0.019353587279482776 -0.020509420808285699 -0.0056807403145662464 0.010203158030218644 -0.015717636049645097 -0.056336296163538406
leaf_weight=0.41769950976595094 0.67530935257673341 0.83638170361518849 0.63846324477344729 0.84666590928100072 0.6014317153021691 0.38040421553887416 0.94505832088179864 0.66701325541362166 0.60607629548758246 2.3904224121943116 0.88591868779622018 0.73927020130213339 0.82118822261691093 0.73665766138583422 0.51268507493659854 0.47899737488478422 0.25854415819048882
leaf_count=33 5 11 31 28 31 27 25 10 31 36 34 21 16 14 20 11 19
internal_value=0.000170304 -0.00259054 0.00433018 -0.0131207 0.00932879 -0.00829796 0.00573951 0.0221476 -0.0199739 0.000809205 -0.0100009 0.00129726 -0.00670614 -0.0186659 -0.00462081 -0.0326105 -0.0443954
internal_weight=13.4382 12.7629 7.70135 5.06153 6.32623 4.38529 5.48984 1.26844 1.97816 4.2214 1.83098 2.40712 1.66785 1.37512 0.893089 1.08507 0.676244
internal_count=403 398 192 206 147 154 136 41 89 95 59 65 44 45 47 42 52
is_linear=0
shrinkage=0.05


Tree=82
num_leaves=17
num_cat=0
split_feature=16 9 3 16 9 9 16 19 18 9 18 18 16 9 19 14
split_gain=0.217358 0.24574 0.468727 0.248296 0.229467 0.350347 0.164392 0.139553 0.212325 0.12403 0.13542 0.0971003 0.0702661 0.0624028 0.048804 0.0455674
threshold=27.500000000000004 69.250000000000014 8.5000000000000018 20.500000000000004 34.050000000000004 9.5500000000000025 1.0000000180025095e-35 15.500000000000002 3.5000000000000004 214.90000000000001 8.5000000000000018 21.500000000000004 39.500000000000007 109.35000000000001 6.5000000000000009 62.08348214285715
decision_type=2 2 2 2 2 2 2 2 2 2 2 2 2 2 2 2
left_child=1 2 3 4 5 14 -4 8 -7 10 -3 12 -2 -12 -1 -16
right_child=11 9 6 -5 -6 7 -8 -9 -10 -11 13 -13 -14 -15 15 -17
leaf_value=-0.046441697911999147 -0.020421256294600246 0.025217502888194465 -0.016238430451538274 0.030064271248008763 -0.024788084067359842 0.020300627931276488 -0.056733394687526306 0.031971840170349139 -0.016027961595312761 -0.0018335486109550842 0.015149881230435484 -0.033412689830298319 0.0035347536764330049 -0.0012433326150109269 -0.0045263156459069464 -0.03280814645159065
leaf_weight=0.20408707775641088 0.60152555536478824 1.7461384437046943 0.52324041852261849 0.67463446594774712 0.91115470463410009 0.97952579264529072 0.48102104023564607 0.70198165159672488 0.68240012181922793 1.5735839512199161 1.1381737506017091 0.55686701484955836 0.62324132770299911 1.184837528504431 0.29994008340872824 0.27119696058798581
leaf_count=19 22 24 25 14 34 23 30 14 30 24 19 34 22 23 19 27
internal_value=0.000136746 0.00268082 -0.00461358 0.00197983 -0.00269805 0.00371374 -0.0356347 0.0132793 0.00538382 0.010087 0.0146968 -0.0161017 -0.00823087 0.00678862 -0.0254549 -0.0179556
internal_weight=13.1535 11.3719 5.72918 4.72492 4.05029 3.13913 1.00426 2.36391 1.66193 5.64273 4.06915 1.78163 1.22477 2.32301 0.775224 0.571137
internal_count=403 325 235 180 166 132 55 67 53 90 66 78 44 42 65 46
is_linear=0
shrinkage=0.05


Tree=83
num_leaves=18
num_cat=0
split_feature=10 10 13 16 8 19 14 10 14 14 9 9 6 2 19 19 18
split_gain=0.607217 0.180374 0.26244 0.175801 0.168798 0.17674 0.165865 0.256122 0.156179 0.239763 0.205303 0.251311 0.0973011 0.0958299 0.0630227 0.053399 0.0163672
threshold=37.550000000000004 34.650000000000013 13.500000000000002 9.5000000000000018 14.500000000000002 8.5000000000000018 72.723958333333357 35.95000000000001 39.705555555555563 49.925000000000004 27.200000000000006 74.800000000000026 5.5000000000000009 5.5000000000000009 7.5000000000000009 12.500000000000002 19.500000000000004
decision_type=2 2 2 2 2 2 2 2 2 2 2 2 2 2 2 2 2
left_child=1 2 3 -1 5 -2 8 -8 -3 14 13 -12 16 15 -10 -11 -4
right_child=4 6 12 -5 -6 -7 7 -9 9 10 11 -13 -14 -15 -16 -17 -18
leaf_value=-0.020452758226220672 -0.0059046087833669325 0.013327430491185283 -0.042745739473916862 0.016082005571305895 0.032025660347025267 0.020246070072491882 -0.0079786331979691087 0.029851180697084957 -0.050026844720438703 -0.026205953449501093 0.01840142798247486 -0.013251152367240133 -0.018719849366459065 -0.0051489900341132704 -0.022158009255731612 -0.059450117271181629 -0.059447533602654867
leaf_weight=0.76405226532369697 1.0834963247180001 0.76043267408385862 0.27719731093384314 0.57862530462443829 1.2350745499134062 1.600565161090344 0.92575912573374786 0.86593268217984587 0.39389899699017394 0.2650614105514254 1.1810863486025485 1.3369433186016975 0.36476611124817282 0.2925239218166098 0.41827883169753477 0.22193081304430962 0.3115486039314419
leaf_count=34 25 17 18 17 13 28 32 19 15 29 27 32 14 16 26 19 22
internal_value=0.000313504 -0.00686809 -0.018953 -0.00470815 0.0167286 0.00968962 -0.00270269 0.0103047 -0.00748799 -0.0113395 -0.00534597 0.00159555 -0.0390117 -0.0277688 -0.0356741 -0.0413559 -0.0515839
internal_weight=12.8772 8.95804 2.29619 1.34268 3.91914 2.68406 6.66185 1.79169 4.87016 4.10972 3.29755 2.51803 0.953512 0.779516 0.812178 0.486992 0.588746
internal_count=403 337 105 51 66 53 232 51 181 164 123 59 54 64 41 48 40
is_linear=0
shrinkage=0.05


Tree=84
num_leaves=18
num_cat=0
split_feature=10 10 20 4 17 11 10 4 10 17 7 10 13 9 10 11 6
split_gain=0.643122 0.357917 0.251744 0.24337 0.2642 0.202707 0.28678 0.153563 0.113268 0.301602 0.15613 0.106367 0.0921841 0.116687 0.0821981 0.0235081 0.0177037
threshold=39.70000000000001 35.850000000000001 3.0000000000000004 11.500000000000002 8.5000000000000018 467.00000000000006 35.050000000000004 11.500000000000002 37.45000000000001 4.5000000000000009 56.500000000000007 37.250000000000007 17.000000000000004 87.200000000000003 33.95000000000001 473.00000000000006 4.5000000000000009
decision_type=2 2 2 2 2 2 2 2 2 2 2 2 2 2 2 2 2
left_child=1 2 16 11 8 7 12 -4 9 15 -10 -3 13 14 -7 -5 -1
right_child=-2 3 5 4 -6 6 -8 -9 10 -11 -12 -13 -14 -15 -16 -17 -18
leaf_value=-0.033588558618636147 0.050428950211002348 0.0085689127522833707 -0.0082803801603063536 -0.035748872720850262 0.025245306848708196 -0.048496648305708039 0.0087396205794640271 0.022920868372391111 -0.014858758164653978 0.00029088058160072134 0.011845560144846105 0.028325379656328205 -0.046650920346172187 -0.0030281202832659684 -0.015900439786460729 -0.055104679177817008 -0.050379008647348802
leaf_weight=0.30552810709923317 0.61281451210379678 1.7593167820014062 0.87807273445650913 0.33644940744852669 0.72181504336185742 0.41752453893423103 0.76003302470780898 0.7158452901057899 1.020096912747249 0.9034145392361097 1.1810587653890252 1.1118319630622862 0.48043160652741779 0.53305279836058617 0.36030460149049759 0.29389618855202571 0.32292538671754301
leaf_count=26 5 39 32 16 20 23 25 13 23 30 22 14 31 10 20 28 26
internal_value=0.000457099 -0.00207343 -0.0127271 0.00486688 -0.00244677 -0.00825637 -0.0169957 0.00573243 -0.00779858 -0.0182297 -0.000530208 0.0162195 -0.0279149 -0.0210482 -0.0333975 -0.0447734 -0.0422162
internal_weight=12.7144 12.1016 4.77372 7.32788 4.45673 4.14526 2.55135 1.59392 3.73492 1.53376 2.20116 2.87115 1.79131 1.31088 0.777829 0.630346 0.628453
internal_count=403 398 206 192 139 154 109 45 119 74 45 53 84 53 43 44 52
is_linear=0
shrinkage=0.05


Tree=85
num_leaves=16
num_cat=0
split_feature=10 17 17 20 9 9 10 18 10 13 16 9 11 19 18
split_gain=0.487188 0.208709 0.224887 0.245458 0.308877 0.209517 0.233311 0.184412 0.165618 0.351733 0.142129 0.165421 0.107178 0.119813 0.175489
threshold=39.550000000000004 1.5000000000000002 6.5000000000000009 6.5000000000000009 90.350000000000009 110.80000000000001 35.550000000000004 12.500000000000002 36.350000000000001 13.500000000000002 12.500000000000002 36.350000000000001 491.00000000000006 7.5000000000000009 33.500000000000007
decision_type=2 2 2 2 2 2 2 2 2 2 2 2 2 2 2
left_child=1 -1 3 4 12 6 -5 -8 9 -4 -11 -12 13 -3 -15
right_child=-2 2 8 5 -6 -7 7 -9 -10 10 11 -13 -14 14 -16
leaf_value=0.019579250783881799 0.039284177676340487 0.013190560160304014 0.020990610987100946 -0.034069024551259632 0.016064134206203933 -0.033894460535348586 0.017574195319241367 -0.016247301561413824 0.018521508469648073 -0.0015499861779293021 -0.059160301146934317 -0.011454288456294875 -0.035093192135865932 -0.047141398836608152 0.0056279776075395006
leaf_weight=1.0070882430300105 0.75515269488096315 0.44814484845846736 0.91373892314732152 0.66639204439707178 1.5905122412368653 1.3748662341386078 0.82741670007817425 0.78580111073097214 1.4906567314174024 0.61706184974173062 0.34677795739844441 0.38175121136009693 0.47432471916545171 0.31356962822610512 0.316655661794357
leaf_count=17 6 14 25 34 30 28 24 31 33 22 38 16 34 22 20
internal_value=0.000374854 -0.00216804 -0.00424446 -0.00966707 0.000577733 -0.0184786 -0.00918108 0.00109969 0.00558523 -0.00294985 -0.0192069 -0.0341622 -0.0152859 -0.00657353 -0.0206275
internal_weight=12.3099 11.5548 10.5477 6.79768 3.14321 3.65448 2.27961 1.61322 3.74999 2.25933 1.34559 0.728529 1.55269 1.07837 0.630225
internal_count=394 388 371 237 120 117 89 55 134 101 76 54 90 56 42
is_linear=0
shrinkage=0.05


Tree=86
num_leaves=17
num_cat=0
split_feature=10 9 6 18 15 19 14 15 15 10 9 14 16 16 19 15
split_gain=0.449364 0.190178 0.224274 0.567653 0.254899 0.168897 0.341354 0.323845 0.315065 0.268289 0.149721 0.133271 0.117586 0.151526 0.0786177 0.0652388
threshold=39.550000000000004 251.45000000000002 4.5000000000000009 22.500000000000004 56.718750000000007 9.5000000000000018 45.751190476190487 57.354166666666679 57.409722222222229 37.650000000000013 34.050000000000004 61.412053571428579 15.500000000000002 3.5000000000000004 15.500000000000002 56.812500000000007
decision_type=2 2 2 2 2 2 2 2 2 2 2 2 2 2 2 2
left_child=1 2 3 4 10 6 -4 9 15 11 -1 -7 13 -5 -13 -8
right_child=-2 -3 5 12 -6 7 8 -9 -10 -11 -12 14 -14 -15 -16 -17
leaf_value=0.018291645431759998 0.038144653913301713 0.019004833665432881 0.0090107196031604872 -0.027500151848031208 0.032274092123945684 -0.020767014034704906 -0.032724834141937657 -0.030551704998354808 -7.655924020854416e-05 0.036892927995565532 -0.01241473969309051 -0.0051126026550119552 -0.042604820101939937 0.012277377205294676 0.02237230830325479 -0.053863455484493721
leaf_weight=0.80054753448348159 0.7387561500072487 0.9751248490065344 0.78567977715283666 0.60598563920939319 1.4101957015227524 0.63746997265843752 0.80796202411875151 0.75379216205328692 0.63206498522777099 0.57182372175157059 0.78746357839554548 0.53474914829712339 0.4478202398167922 0.3957841950468719 0.50672001775819808 0.66575788526097313
leaf_count=29 6 15 21 40 38 28 31 23 18 8 22 25 30 13 19 28
internal_value=0.000362287 -0.00210366 -0.00409359 0.0043831 0.0168034 -0.0104882 -0.0191146 -0.00218641 -0.0296084 0.00731327 0.00306495 -0.00276116 -0.0213059 -0.0117846 0.00826 -0.0422743
internal_weight=12.0577 11.3189 10.3438 4.4478 2.99821 5.89602 2.89146 3.00456 2.10578 2.25076 1.58801 1.67894 1.44959 1.00177 1.04147 1.47372
internal_count=394 388 373 172 89 201 98 103 77 80 51 72 83 53 44 59
is_linear=0
shrinkage=0.05


Tree=87
num_leaves=17
num_cat=0
split_feature=10 14 10 11 11 14 11 11 19 11 10 19 19 18 11 14
split_gain=0.431283 0.138372 0.274458 0.175758 0.289492 0.243121 0.157679 0.218022 0.179688 0.146291 0.130078 0.142748 0.190788 0.10515 0.0972496 0.0708474
threshold=37.250000000000007 42.520634920634926 35.45000000000001 441.00000000000006 445.00000000000006 60.178095238095246 511.00000000000006 489.00000000000006 12.500000000000002 467.00000000000006 39.050000000000004 14.500000000000002 8.5000000000000018 1.5000000000000002 457.00000000000006 48.229761904761915
decision_type=2 2 2 2 2 2 2 2 2 2 2 2 2 2 2 2
left_child=1 2 9 -3 -5 14 7 8 -7 -1 11 12 -2 -9 -6 -16
right_child=10 3 -4 4 5 6 -8 13 -10 -11 -12 -13 -14 -15 15 -17
leaf_value=0.01000176225608246 -0.0010551396089452916 -0.036478735558379209 0.029597791746633031 0.030172921387101943 -0.01187325908339148 0.0081234117158898427 0.012841785829162101 -0.010469604283517901 -0.022467581452608038 -0.027278958558609703 0.027591139493384272 -0.0096908784749799772 0.028272622436052067 -0.050704445130067992 -0.024674942540094492 -0.056658829781079979
leaf_weight=0.47343630902469136 1.0560182081535465 0.59522620541974891 0.69892775290645648 0.45783912949264038 0.38370315264910437 1.309459537267686 0.9040747561957686 0.2607308761216699 0.75785452150739718 0.59241001214832067 1.1164667978882787 0.85524566133972246 1.1677601169794796 0.4305078856414184 0.30021628085523844 0.40905039961216971
leaf_count=14 30 21 15 8 11 47 32 13 37 32 13 20 19 34 15 33
internal_value=0.000110667 -0.00701339 0.00524803 -0.0107386 -0.00779984 -0.0114556 -0.00527991 -0.011219 -0.00309091 -0.0107193 0.0129706 0.00766909 0.0143456 -0.0355281 -0.0321509 -0.0431208
internal_weight=11.7689 7.57344 1.76477 5.80866 5.21344 4.7556 3.66263 2.75855 2.06731 1.06585 4.19549 3.07902 2.22378 0.691239 1.09297 0.709267
internal_count=394 312 61 251 230 222 163 131 84 46 82 69 49 47 59 48
is_linear=0
shrinkage=0.05


Tree=88
num_leaves=18
num_cat=0
split_feature=10 17 11 9 9 17 9 13 9 10 17 10 13 11 9 11 17
split_gain=0.461462 0.211333 0.366021 0.290634 0.283921 0.243914 0.213144 0.220577 0.193292 0.15906 0.15429 0.141248 0.140112 0.108906 0.0830629 0.0811763 0.0143535
threshold=37.250000000000007 6.5000000000000009 501.00000000000006 23.550000000000001 30.700000000000006 3.5000000000000004 115.50000000000001 15.500000000000002 74.800000000000026 35.250000000000007 3.5000000000000004 35.95000000000001 14.500000000000002 479.00000000000006 12.750000000000002 483.00000000000006 8.5000000000000018
decision_type=2 2 2 2 2 2 2 2 2 2 2 2 2 2 2 2 2
left_child=1 2 3 14 -5 -6 7 9 13 -3 -10 16 -7 -2 15 -1 -9
right_child=8 6 -4 4 5 12 -8 11 10 -11 -12 -13 -14 -15 -16 -17 -18
leaf_value=-0.042313067462215942 0.039859209748477342 -0.008508611413062429 -0.046506293868428125 0.026589097693478555 -0.034245990576087314 0.016205018895474106 0.034955640901916642 -0.056719563143810582 0.016605327897428589 0.024390144203303502 -0.0085518052557601171 -0.0043369442142985638 -0.011612142830501397 0.014559537431890247 -0.056529311624189921 -0.0015829021627973797 -0.036713653221971357
leaf_weight=0.25377406575717021 0.80425338819622971 0.69172019395046003 0.71700883586890984 0.71773681882768903 0.69594841403886709 0.80184163898229588 0.45900355931371439 0.18372771679423738 1.2716597709804776 0.78361801384016871 1.1704388065263627 0.42422845121473074 1.0395563408965243 0.90290174842812121 0.28761342441430315 0.23618193343281746 0.17510595644125715
leaf_count=32 15 32 37 12 22 17 7 25 19 17 23 18 32 25 26 19 16
internal_value=0.00020221 -0.0072265 -0.0135889 -0.00773622 -0.00117573 -0.00902954 0.00389421 -0.0024188 0.013571 0.00896539 0.00454812 -0.0238673 0.000500914 0.0264784 -0.0351999 -0.0226792 -0.046957
internal_weight=11.6163 7.46707 4.74966 4.03265 3.25508 2.53735 2.7174 2.2584 4.14925 1.47534 2.4421 0.783062 1.8414 1.70716 0.777569 0.489956 0.358834
internal_count=394 312 197 160 83 71 115 108 82 49 42 59 49 40 77 51 41
is_linear=0
shrinkage=0.05


Tree=89
num_leaves=16
num_cat=0
split_feature=10 13 9 6 17 9 20 1 20 9 18 18 8 3 18
split_gain=0.372371 0.170798 0.239431 0.349093 0.210431 0.132471 0.120149 0.11209 0.10935 0.108048 0.108968 0.101797 0.0272179 0.0135493 0.00673482
threshold=37.250000000000007 15.500000000000002 139.90000000000003 4.5000000000000009 3.5000000000000004 74.800000000000026 6.5000000000000009 2.5000000000000004 9.5000000000000018 27.200000000000006 19.500000000000004 17.500000000000004 7.5000000000000009 5.5000000000000009 24.500000000000004
decision_type=2 2 2 2 2 2 2 2 2 2 2 2 2 2 2
left_child=1 4 3 8 -1 11 -7 -6 14 10 -9 -2 13 -5 -3
right_child=5 2 -4 12 7 6 -8 9 -10 -11 -12 -13 -14 -15 -16
leaf_value=-0.022909512413644938 0.036635190310957362 -0.020194449212063981 0.0054852640897427689 -0.027376837344861373 -0.0093745064097386279 0.016581864099985383 -0.0057831609420563798 -0.023663707205011892 0.0032217491344416942 0.020515969248609291 0.012601297784340907 0.011689863708954969 -0.053305769100965829 -0.045889636533865713 -0.031690198632246855
leaf_weight=0.75940581108443472 0.77069233113434144 0.25969298236304961 1.0294828396290538 0.20540592080214981 0.82507759018335525 1.1572161456570031 1.2482702210545538 0.34458039049059186 0.88752156402915716 1.4355563158169387 0.51933065732009709 0.87137926532886922 0.57740412658313289 0.19049689138773829 0.25011312175774947
leaf_count=33 15 17 23 23 33 20 22 19 35 29 27 25 33 17 23
internal_value=0.000290516 -0.00646597 -0.014649 -0.0233926 0.000697668 0.0124496 0.00497606 0.00643528 -0.00737917 0.012108 -0.0018634 0.0233977 -0.0463823 -0.0362847 -0.0258343
internal_weight=11.3316 7.28407 3.40012 2.37063 3.88395 4.04756 2.40549 3.12454 1.39733 2.29947 0.863911 1.64207 0.973307 0.395903 0.509806
internal_count=394 312 171 148 141 82 42 108 75 75 46 40 73 40 40
is_linear=0
shrinkage=0.05


Tree=90
num_leaves=15
num_cat=0
split_feature=16 8 16 10 19 8 4 10 9 6 11 11 11 10
split_gain=0.254162 0.418366 0.316942 0.340873 0.160566 0.149588 0.195631 0.226354 0.142235 0.189866 0.0907771 0.0849939 0.108186 0.0356346
threshold=15.500000000000002 4.5000000000000009 8.5000000000000018 37.95000000000001 4.5000000000000009 8.5000000000000018 11.500000000000002 35.050000000000004 41.650000000000006 5.5000000000000009 463.00000000000006 485.00000000000006 465.00000000000006 36.350000000000001
decision_type=2 2 2 2 2 2 2 2 2 2 2 2 2 2
left_child=2 -2 3 5 -3 6 7 -1 -7 10 -10 12 -6 -8
right_child=1 4 -4 -5 11 8 13 -9 9 -11 -12 -13 -14 -15
leaf_value=-0.03074718806345067 0.015194786199122789 -0.0078970661805218816 0.026021221617503965 0.018218559487201424 -0.044459120184703597 0.015496248915612576 -0.027760527383962254 0.020280496351398388 -0.011273729265993427 -0.025743405881725426 0.010667147085414691 -0.053567886877415663 -0.012293889510279613 -0.053408233112269735
leaf_weight=0.4589648355031366 0.88215049938298884 0.8520971916150305 1.2126790948677806 1.6321745500899849 0.49236640450544633 0.83551052561961148 0.21390405250713229 0.41279380989726633 0.82675003539770875 0.9864314820151775 1.0968599659390745 0.43963940092362452 0.55732724349945784 0.36915547261014581
leaf_count=37 37 26 31 30 22 23 20 15 17 29 25 27 21 37
internal_value=-0.00228839 -0.0141512 0.00246482 -0.00171611 -0.0252075 -0.00797275 -0.0215795 -0.00658464 -0.00268773 -0.00790858 0.00123716 -0.0351113 -0.0273812 -0.043999
internal_weight=11.2688 3.22358 8.04522 6.83254 2.34143 5.20037 1.45482 0.871759 3.74555 2.91004 1.92361 1.48933 1.04969 0.58306
internal_count=397 133 264 233 96 203 109 52 94 71 42 70 43 57
is_linear=0
shrinkage=0.05


Tree=91
num_leaves=15
num_cat=0
split_feature=16 8 16 10 16 8 13 18 9 6 1 19 1 10
split_gain=0.244372 0.302855 0.261163 0.283235 0.156104 0.130583 0.176045 0.142472 0.140514 0.13479 0.0993755 0.0823104 0.0412634 0.030197
threshold=15.500000000000002 4.5000000000000009 8.5000000000000018 37.95000000000001 32.500000000000007 8.5000000000000018 17.000000000000004 29.500000000000004 41.000000000000007 5.5000000000000009 2.5000000000000004 10.500000000000002 3.5000000000000004 35.95000000000001
decision_type=2 2 2 2 2 2 2 2 2 2 2 2 2 2
left_child=2 -2 3 5 12 6 7 13 -7 11 -6 -10 -3 -1
right_child=1 4 -4 -5 10 8 -8 -9 9 -11 -12 -13 -14 -15
leaf_value=-0.034298637379739601 0.011425267084900916 -0.047722364372596693 0.023854084760722091 0.0166345354393224 0.0031450175870743934 0.016201303994017421 0.01379940126031288 -0.0041522508510511555 -0.011330739834957535 -0.022921388105126679 -0.024385280551684197 0.0094151765993212375 -0.027089555936506127 -0.055104868549704256
leaf_weight=0.46152722579427041 0.84045747714117203 0.55455177580006454 1.1802156199701128 1.6082093543373046 0.5780284551437942 0.79021661728620562 0.29714523814618576 0.36930099257733673 0.8739090729504827 0.95830447087064374 0.75717228068970144 1.0556563762947915 0.43037962284870446 0.28029880041140132
leaf_count=35 37 26 31 30 20 21 17 31 23 29 31 21 19 26
internal_value=-0.00254605 -0.0142906 0.00216771 -0.00165548 -0.0236061 -0.00743844 -0.0203857 -0.0295277 -0.00248117 -0.00759332 -0.012467 1.92556e-05 -0.0387066 -0.0421603
internal_weight=11.0354 3.16059 7.87478 6.69457 2.32013 5.08636 1.40827 1.11113 3.67809 2.88787 1.3352 1.92957 0.984931 0.741826
internal_count=397 133 264 233 96 203 109 92 94 73 51 44 45 61
is_linear=0
shrinkage=0.05


Tree=92
num_leaves=16
num_cat=0
split_feature=16 8 10 16 13 7 16 18 18 15 8 17 8 1 10
split_gain=0.207517 0.230968 0.215752 0.253866 0.211197 0.185652 0.18229 0.148083 0.143877 0.142003 0.117195 0.0893589 0.0637 0.0468412 0.017503
threshold=15.500000000000002 4.5000000000000009 38.050000000000004 2.5000000000000004 15.500000000000002 54.500000000000007 32.500000000000007 36.500000000000007 14.500000000000002 57.154761904761905 11.500000000000002 3.5000000000000004 10.500000000000002 3.5000000000000004 35.95000000000001
decision_type=2 2 2 2 2 2 2 2 2 2 2 2 2 2 2
left_child=2 -2 3 5 -5 -1 13 8 9 12 -8 -10 -7 -3 -13
right_child=1 6 -4 4 -6 7 10 -9 11 -11 -12 14 -14 -15 -16
leaf_value=0.017032338933960289 0.0096997557998184936 -0.047684341644466971 0.019204852607168373 0.031886573288228609 -0.0045906625960985955 -0.0068144304087804676 -0.021422739263254512 0.0095975404290091128 -0.045205365009441216 0.0088231800053917078 0.0087299266552479642 -0.025966659697112884 -0.030495349373194355 -0.025348514803847311 -0.011879071380117994
leaf_weight=0.65557149960659433 0.83097585872747037 0.53056822577491436 1.5319395405240355 0.87992552109062649 0.72273493959801272 0.56942686391994379 0.79270758363418259 0.67950737901264791 0.50096788606606402 0.80532080511329684 0.54299362562596798 0.43128875875845551 0.56648579146713018 0.42096557642798871 0.45109600044088438
leaf_count=11 37 26 26 21 29 31 34 32 30 27 17 25 15 19 17
internal_value=-0.00197554 -0.0128766 0.0023856 -0.00172886 0.0154368 -0.00763288 -0.0210789 -0.0116712 -0.0160183 -0.00723767 -0.00916498 -0.02834 -0.0186242 -0.0378028 -0.0187648
internal_weight=10.9125 3.11821 7.79426 6.26233 1.60266 4.65966 2.28724 4.00409 3.32459 1.94123 1.3357 1.38335 1.13591 0.951534 0.882385
internal_count=397 133 264 238 50 188 96 177 145 73 51 72 46 45 42
is_linear=0
shrinkage=0.05


Tree=93
num_leaves=16
num_cat=0
split_feature=9 16 11 11 18 15 14 9 9 19 9 9 15 14 15
split_gain=0.143548 0.172423 0.169565 0.369522 0.211546 0.153786 0.145796 0.143374 0.186496 0.234376 0.152601 0.141607 0.0977599 0.0611909 0.0215909
threshold=88.15000000000002 11.500000000000002 467.00000000000006 445.00000000000006 1.5000000000000002 57.267857142857146 62.08348214285715 13.800000000000002 8.9500000000000011 11.500000000000002 30.050000000000001 19.250000000000004 57.154761904761905 48.229761904761915 56.440972222222229
decision_type=2 2 2 2 2 2 2 2 2 2 2 2 2 2 2
left_child=2 6 3 -1 13 7 -2 8 9 -6 -9 -7 -8 -4 -5
right_child=1 -3 4 14 5 11 12 10 -10 -11 -12 -13 -14 -15 -16
leaf_value=0.0017349939483074957 0.02394627851945573 -0.011176512361393874 -0.010476150473792547 -0.037120371807630198 0.037350235844023694 -0.032576437099891054 -0.0082345732351251279 -0.024594074751847727 0.041978490254473692 -0.029590537921914208 0.011194645399081687 0.0073974708327701061 0.01260311249952969 -0.037247177638382929 -0.053394547522796001
leaf_weight=0.909636137075722 1.2566997054964306 1.2736865645274518 0.42632615636102844 0.4482764839194715 0.24397695995867319 0.47311879543121893 1.0729358862154188 0.44666652486193903 0.61846984596922994 0.28177804517326877 0.89402464451268315 0.41666467289905995 1.1839754125103352 0.42747605190379545 0.37370412488235161
leaf_count=34 20 36 14 26 14 26 24 36 16 29 28 16 19 33 26
internal_value=-0.00186371 0.0045839 -0.00704257 -0.0202214 -0.00164569 0.00397954 0.0102971 0.0103665 0.023367 0.00147337 -0.000728774 -0.0138576 0.00269687 -0.0238797 -0.0445192
internal_weight=10.7474 4.7873 5.96012 1.73162 4.2285 3.3747 3.51361 2.48492 1.14422 0.525755 1.34069 0.889783 2.25691 0.853802 0.821981
internal_count=397 99 298 86 212 165 63 123 59 43 64 42 43 47 52
is_linear=0
shrinkage=0.05


Tree=94
num_leaves=13
num_cat=0
split_feature=10 9 9 8 16 3 13 10 4 10 19 13
split_gain=0.188537 0.169192 0.13348 0.258423 0.19356 0.229434 0.168491 0.166514 0.115962 0.105476 0.116509 0.0675096
threshold=38.650000000000013 4.3500000000000005 13.800000000000002 8.5000000000000018 16.500000000000004 5.5000000000000009 14.500000000000002 36.350000000000001 11.500000000000002 37.550000000000004 10.500000000000002 14.500000000000002
decision_type=2 2 2 2 2 2 2 2 2 2 2 2
left_child=1 -1 7 8 6 -6 -5 11 -4 10 -8 -3
right_child=-2 2 3 4 5 -7 9 -9 -10 -11 -12 -13
leaf_value=-0.038953914007792419 0.017406513453278295 0.0046770991324192965 -0.014967809756455086 0.016787525703607066 0.0023468610942497512 -0.038181049557883484 -0.018899320707856625 0.026199329608734376 -0.04793389460873821 0.010066008559581945 0.0030189788120156234 -0.023973805230006369
leaf_weight=0.34073335287393902 1.1113947853446013 0.60723144444636801 0.66304110712371744 1.4665882587432859 0.67900057253427781 0.71899349719751626 1.3495828059967614 0.79830922983819619 0.44633114419411868 1.0224014539271591 1.1008485341444609 0.31085532624274492
leaf_count=39 19 32 35 33 23 31 38 36 33 17 29 32
internal_value=-0.0020793 -0.00435799 -0.00307154 -0.00596874 -0.00207171 -0.0184968 0.00257705 0.00949831 -0.028231 -0.00342408 -0.00905259 -0.00502382
internal_weight=10.6153 9.50392 9.16318 7.44679 6.33742 1.39799 4.93942 1.7164 1.10937 3.47283 2.45043 0.918087
internal_count=397 378 339 239 171 54 117 100 68 84 67 64
is_linear=0
shrinkage=0.05


Tree=95
num_leaves=14
num_cat=0
split_feature=10 11 10 16 19 20 11 19 14 10 13 7 19
split_gain=0.583056 0.404642 0.486037 0.367323 0.377662 0.306586 0.295865 0.238161 0.221196 0.170834 0.136518 0.113945 0.0915769
threshold=39.050000000000004 441.00000000000006 34.650000000000013 15.500000000000002 8.5000000000000018 8.5000000000000018 457.00000000000006 5.5000000000000009 66.762500000000017 36.150000000000013 15.500000000000002 57.250000000000007 11.500000000000002
decision_type=2 2 2 2 2 2 2 2 2 2 2 2 2
left_child=1 -1 10 4 6 11 -4 -5 -8 -9 12 -6 -3
right_child=-2 2 3 7 5 -7 8 9 -10 -11 -12 -13 -14
leaf_value=-0.031088031458651001 0.03512178110185446 -0.0058579066415513047 0.022455923395328713 0.0080677821169183265 0.018679618144848791 0.038482418685671524 -0.0015842449597088023 -0.012498591706804788 -0.042777818840440414 -0.055970234350167826 -0.04939258822613992 -0.0078524772912336692 -0.03431764713527146
leaf_weight=1.1789397748652835 1.0784072950482375 0.79359455150551894 0.67273356392979655 0.64006317534949608 0.9924768844502978 1.5960333272814751 0.81290963571518637 0.51223133772145957 0.54393440813873895 0.40443445648998022 0.40700950048631046 0.68323794408934191 0.4390333176124841
leaf_count=31 14 30 12 25 34 27 31 36 27 26 32 37 28
internal_value=0.000248751 -0.00363766 0.000170712 0.00601764 0.0122882 0.0227992 -0.00465581 -0.0153364 -0.018098 -0.0316784 -0.024285 0.00786171 -0.0159946
internal_weight=10.755 9.67663 8.49769 6.85805 5.30133 3.27175 2.02958 1.55673 1.35684 0.916666 1.63964 1.67571 1.23263
internal_count=390 376 345 255 168 98 70 87 58 62 90 71 58
is_linear=0
shrinkage=0.05


Tree=96
num_leaves=15
num_cat=0
split_feature=16 18 9 19 13 17 19 9 4 14 14 9 1 19
split_gain=0.339508 0.23986 0.21281 0.266417 0.274883 0.357171 0.194348 0.213873 0.206202 0.118577 0.106976 0.0870355 0.0867846 0.0167653
threshold=15.500000000000002 10.500000000000002 202.35000000000002 8.5000000000000018 14.500000000000002 3.5000000000000004 10.500000000000002 19.250000000000004 11.500000000000002 73.818333333333342 48.229761904761915 35.95000000000001 2.5000000000000004 14.500000000000002
decision_type=2 2 2 2 2 2 2 2 2 2 2 2 2 2
left_child=2 12 3 4 -1 -6 -5 8 -8 10 -3 -9 -2 -12
right_child=1 9 -4 6 5 -7 7 11 -10 -11 13 -13 -14 -15
leaf_value=0.0085812943022055277 0.014128291270662216 -0.019720205842375278 0.023738141647310581 0.038915254942317422 0.0033665869704777814 -0.041992868405503092 -0.042976327622382932 0.028787936212609905 0.0048100725040886028 -0.0062480264194146222 -0.065189969039558676 0.0073945526477416897 -0.01331691263231297 -0.04749107182859106
leaf_weight=1.2290574931539597 0.54595602001063548 0.3369828602299092 1.2773858215659855 0.51937625044956837 0.76947305555222534 0.99541440443135798 0.37109133991180021 0.7205826316494498 0.57638047888758592 0.31997864646837115 0.24795944849029183 1.3973560612648723 0.60971356264781207 0.29062374564819038
leaf_count=37 15 18 20 16 23 40 38 19 35 16 18 34 33 28
internal_value=7.40188e-05 -0.0165945 0.00506264 0.00143644 -0.00957362 -0.0222166 0.0106318 0.00583974 -0.0139062 -0.0322958 -0.0418151 0.0146732 -0.000351378 -0.0556395
internal_weight=10.2073 2.35121 7.85612 6.57873 2.99394 1.76489 3.58479 3.06541 0.947472 1.19554 0.875566 2.11794 1.15567 0.538583
internal_count=390 128 262 242 100 63 142 126 73 80 64 53 48 46
is_linear=0
shrinkage=0.05


Tree=97
num_leaves=17
num_cat=0
split_feature=10 9 9 10 11 17 8 1 10 19 10 18 19 8 10 9
split_gain=0.471262 0.317889 0.276889 0.214962 0.184682 0.176116 0.144116 0.149198 0.141611 0.119589 0.171515 0.109615 0.0825873 0.0784828 0.0744308 0.0551915
threshold=35.95000000000001 202.35000000000002 150.20000000000002 38.150000000000013 515.00000000000011 1.5000000000000002 9.5000000000000018 3.5000000000000004 36.750000000000007 8.5000000000000018 34.650000000000013 19.500000000000004 10.500000000000002 7.5000000000000009 35.050000000000004 41.000000000000007
decision_type=2 2 2 2 2 2 2 2 2 2 2 2 2 2 2 2
left_child=5 2 3 4 8 -1 7 13 15 -9 -11 -10 -8 14 -7 -2
right_child=1 -3 -4 -5 -6 6 12 9 11 10 -12 -13 -14 -15 -16 -17
leaf_value=0.015632756173853058 -0.0026459283870012974 0.030599153813353833 -0.026503390385530668 0.026021268007537013 0.027714604841521558 -0.030594936505384692 -0.043591248004979793 0.021999736472560434 -0.0036736101309490692 -0.042090363041532575 0.013023560012689278 -0.033377358079681167 -0.017297892436567187 -0.044715017328458215 0.00096576776161227853 0.017043157414520043
leaf_weight=0.43938707001507316 0.79500972619280286 1.2742391023784874 0.70119283068925131 1.1389422961510716 0.5309455154929309 0.36979897168930687 0.66689754324033834 0.46955946565140017 0.70348816894693278 0.2593202490825206 0.30981016764417291 0.55611210089409724 0.54085305146872997 0.30596923688426614 0.37751972442492843 0.64444764610379934
leaf_count=8 31 20 18 23 19 33 29 16 31 21 22 38 24 17 26 14
internal_value=-2.44004e-05 0.00827383 0.00266298 0.00734403 0.000758183 -0.0141045 -0.0180643 -0.0101247 -0.00454455 0.00332162 -0.0120887 -0.0167878 -0.0318166 -0.0233847 -0.0146516 0.00616891
internal_weight=10.0835 6.34438 5.07014 4.36895 3.23 3.73912 3.29973 2.09198 2.69906 1.03869 0.56913 1.2596 1.20775 1.05329 0.747319 1.43946
internal_count=390 194 174 156 133 196 188 135 114 59 43 69 53 76 59 45
is_linear=0
shrinkage=0.05


Tree=98
num_leaves=17
num_cat=0
split_feature=10 10 4 18 18 20 17 15 8 18 11 11 11 18 20 3
split_gain=0.551377 0.237529 0.222965 0.200636 0.21271 0.19041 0.149036 0.138412 0.228413 0.213409 0.124723 0.0879866 0.171367 0.0835273 0.054704 0.0515644
threshold=39.050000000000004 35.95000000000001 11.500000000000002 31.500000000000004 1.5000000000000002 4.5000000000000009 1.5000000000000002 57.083333333333343 7.5000000000000009 32.500000000000007 487.00000000000006 475.00000000000006 509.00000000000006 18.500000000000004 8.5000000000000018 6.5000000000000009
decision_type=2 2 2 2 2 2 2 2 2 2 2 2 2 2 2 2
left_child=1 6 13 4 5 -4 -1 8 9 15 -6 -9 -13 -3 -10 -8
right_child=-2 2 3 -5 10 -7 7 11 14 -11 -12 12 -14 -15 -16 -17
leaf_value=0.014140759520409926 0.035321452712765579 0.025847212073013909 0.002723866224409286 -0.029914830147754042 -0.0039265946824838457 -0.037956204379838841 -0.012958225589688305 0.013098878984556092 -0.029070192719652367 0.022753757361338636 0.02736294380227049 -0.033670641951364419 0.0093524154509287884 0.0059798089158419583 -0.052687634579190602 -0.045265327120138137
leaf_weight=0.42362203169613932 0.99575398676097471 1.0063325222581627 0.67964991193730451 0.66666929103666905 0.53446115227416136 0.49873132540960796 0.26006911566946689 0.43830633000470676 0.43050260085146852 0.3488519120728597 0.78812790976371616 0.5077723131980747 0.42532763071358204 1.1154244989156721 0.56957725971005857 0.23520904121687636
leaf_count=8 14 19 21 34 18 29 20 12 25 23 27 36 15 32 34 23
internal_value=3.08492e-05 -0.00390489 0.00285965 -0.00554201 0.000954915 -0.0144933 -0.0137367 -0.0174093 -0.0263547 -0.00720168 0.0147188 -0.00537978 -0.0140598 0.0154028 -0.0425211 -0.028301
internal_weight=9.92439 8.92863 5.2894 3.16764 2.50097 1.17838 3.63924 3.21562 1.84421 0.84413 1.32259 1.37141 0.9331 2.12176 1.00008 0.495278
internal_count=390 376 180 129 95 50 196 188 125 66 45 63 51 51 59 43
is_linear=0
shrinkage=0.05


Tree=99
num_leaves=14
num_cat=0
split_feature=10 10 9 10 10 13 20 9 18 9 9 10 17
split_gain=0.445971 0.202507 0.227748 0.117325 0.118375 0.153027 0.217329 0.109522 0.135726 0.0792312 0.0770432 0.0731839 0.102568
threshold=38.050000000000004 34.650000000000013 251.45000000000002 36.750000000000007 36.350000000000001 13.500000000000002 9.5000000000000018 110.80000000000001 31.500000000000004 9.3500000000000032 38.400000000000006 37.45000000000001 4.5000000000000009
decision_type=2 2 2 2 2 2 2 2 2 2 2 2 2
left_child=1 7 3 4 5 -3 10 8 9 -1 -7 12 -5
right_child=-2 2 -4 11 -6 6 -8 -9 -10 -11 -12 -13 -14
leaf_value=-0.018262376794851376 0.021172159623849655 0.016355333833275681 0.031788728446647277 -0.050920489084041176 0.016281048397906905 -0.040307170596329676 0.0074914117332701901 -0.0034379402433019866 -0.0035698083076863502 -0.052545706919778536 -0.014689867029260686 -0.0059436655979630652 -0.012351855566090475
leaf_weight=0.24786661122925557 1.9539883309043942 0.68283125292509872 0.47993568703532208 0.27836794746690408 0.92511591827496875 0.47391921514645241 0.93144079134799529 0.59335564449429501 0.3372962090652436 0.52650105417706072 0.77095367410220206 0.93983569415286183 0.45273547084070742
leaf_count=25 38 16 7 28 29 53 33 14 24 33 33 30 27
internal_value=-0.000144055 -0.00559573 -0.0012327 -0.00413785 0.000734634 -0.00429562 -0.010775 -0.0207833 -0.0300415 -0.041572 -0.0244423 -0.0151728 -0.0270369
internal_weight=9.59414 7.64016 5.93514 5.4552 3.78426 2.85914 2.17631 1.70502 1.11166 0.774368 1.24487 1.67094 0.731103
internal_count=390 352 256 249 164 135 119 96 82 58 86 85 55
is_linear=0
shrinkage=0.05


Tree=100
num_leaves=16
num_cat=0
split_feature=10 10 14 11 8 18 7 11 11 8 17 18 16 4 15
split_gain=0.434785 0.247474 0.16832 0.262248 0.164773 0.232646 0.123852 0.110763 0.224471 0.128506 0.201333 0.0941498 0.0632539 0.0290586 0.0197224
threshold=37.250000000000007 33.45000000000001 42.520634920634926 467.00000000000006 14.500000000000002 2.5000000000000004 57.250000000000007 519.00000000000011 485.00000000000006 12.500000000000002 4.5000000000000009 25.500000000000004 17.500000000000004 11.500000000000002 56.718750000000007
decision_type=2 2 2 2 2 2 2 2 2 2 2 2 2 2 2
left_child=1 -1 3 -3 5 -2 -7 8 9 10 14 -12 13 -10 -4
right_child=4 2 7 -5 -6 6 -8 -9 12 -11 11 -13 -14 -15 -16
leaf_value=-0.043038943985345038 -0.014461811207996911 0.036690214263553685 -0.053771190125966609 -0.0088746040499319938 0.033579944596194726 0.032814066165562872 0.0071065760017406639 0.011758627478536116 -0.016406227024481582 0.0073141150582048484 -0.016098506051101164 0.01194336507682125 -0.051939598315020097 -0.036657091062363222 -0.031845786938700778
leaf_weight=0.43726965785026539 0.76354635151801709 0.58376717939972855 0.2277758451818962 0.68790417816489935 0.90198380593210448 0.82364540896378424 1.0866128680063412 0.58515452279243607 0.46861968445591606 1.2914462946355341 0.66712485405150779 0.54292908974457532 0.27874493412673473 0.28480425823363476 0.18658353528007865
leaf_count=25 22 12 27 32 14 18 31 20 27 28 37 28 24 29 15
internal_value=0.00119829 -0.00676546 -0.00403304 0.0120422 0.0151003 0.00886639 0.0181909 -0.00854253 -0.0115515 -0.0044581 -0.0138173 -0.00351663 -0.0315901 -0.0240613 -0.0438983
internal_weight=9.81791 6.24212 5.80485 1.27167 3.57579 2.6738 1.91026 4.53318 3.94803 2.91586 1.62441 1.21005 1.03217 0.753424 0.414359
internal_count=389 304 279 44 85 71 49 235 215 135 107 65 80 56 42
is_linear=0
shrinkage=0.05


Tree=101
num_leaves=16
num_cat=0
split_feature=10 10 8 18 9 11 9 16 9 9 7 20 19 19 4
split_gain=0.392256 0.227762 0.137551 0.191752 0.121662 0.155609 0.134016 0.191093 0.150718 0.13136 0.118885 0.0803966 0.0882403 0.0777562 0.0345
threshold=37.250000000000007 33.45000000000001 14.500000000000002 2.5000000000000004 74.800000000000026 483.00000000000006 25.650000000000002 26.500000000000004 30.700000000000006 46.100000000000001 57.250000000000007 8.5000000000000018 15.500000000000002 14.500000000000002 11.500000000000002
decision_type=2 2 2 2 2 2 2 2 2 2 2 2 2 2 2
left_child=1 -1 3 -2 6 -6 7 11 -8 -10 -5 13 -13 14 -3
right_child=2 4 -4 10 5 -7 8 -9 9 -11 -12 12 -14 -15 -16
leaf_value=-0.041870454280693553 -0.013041172342738617 -0.0032100550543508292 0.031626081588436099 0.031685675980221151 -0.0032915409472189534 -0.032818994681850726 0.031162557339729315 0.023195293167817391 -0.020293191514756281 0.012769691376359636 0.0062412543945571455 -0.018385269471273998 0.018255379128566132 -0.046940162697140325 -0.029419028480106864
leaf_weight=0.42453016387298692 0.72913006632006805 0.27989195403642975 0.87532471120357502 0.80533957108855214 1.209767806343734 0.70692466059699643 0.60712292999960471 0.38502460898598645 0.46575422014575429 0.84626676002517343 1.0677090933313593 0.40924989822087809 0.27454967889934778 0.30407282727537677 0.22771955715143122
leaf_count=25 22 22 14 18 33 29 14 26 25 27 31 39 9 31 24
internal_value=0.00106257 -0.00653584 0.0144805 0.00871303 -0.00391168 -0.014182 0.00126907 -0.00821713 0.0105643 0.0010327 0.0171814 -0.0163045 -0.00367383 -0.0269452 -0.0149677
internal_weight=9.61838 6.14088 3.4775 2.60218 5.71634 1.91669 3.79965 1.88051 1.91914 1.31202 1.87305 1.49548 0.6838 0.811684 0.507612
internal_count=389 304 85 71 279 62 217 151 66 52 49 125 48 77 46
is_linear=0
shrinkage=0.05


Tree=102
num_leaves=16
num_cat=0
split_feature=10 10 14 8 19 9 9 9 11 19 14 15 8 10 9
split_gain=0.353947 0.219364 0.167853 0.116734 0.162085 0.131794 0.104908 0.270138 0.174602 0.167519 0.203576 0.139149 0.0921498 0.0790183 0.021245
threshold=37.050000000000004 33.45000000000001 39.705555555555563 14.500000000000002 5.5000000000000009 61.70000000000001 30.700000000000006 28.800000000000001 519.00000000000011 8.5000000000000018 72.723958333333357 55.732638888888893 13.500000000000002 35.050000000000004 13.000000000000002
decision_type=2 2 2 2 2 2 2 2 2 2 2 2 2 2 2
left_child=1 -1 -3 4 -2 14 7 8 11 12 -11 -4 -8 -13 -6
right_child=3 2 6 -5 5 -7 9 -9 -10 10 -12 13 -14 -15 -16
leaf_value=-0.041169661143668546 -0.01075546843208253 0.013723408698407717 0.0060989293314460333 0.029803920308400112 -0.0039233910306403974 0.02875935519700213 -0.045845063427540536 0.046353748462814384 0.02432107113508605 -0.02469023894897375 0.014300164515915918 -0.055517930288044665 -0.015943586634807914 -0.019215552439761308 0.010479970253784117
leaf_weight=0.4160921862348913 0.77523087966255921 1.1220098002813754 0.47078154643531867 0.85515232011675824 0.50346143532078735 1.0251496555283663 0.49077331461012386 0.27737810555845488 0.34950341866351653 0.61306828213855602 0.73748609097674489 0.19813114334829152 0.54245756380259991 0.61575749947223812 0.52090629492886364
leaf_count=25 25 39 33 14 22 19 26 5 12 27 21 27 18 57 19
internal_value=0.00147593 -0.00618406 -0.00349691 0.0136187 0.00871882 0.016085 -0.00799513 0.000730885 -0.00701296 -0.0149925 -0.00339907 -0.0155376 -0.0301465 -0.0280529 0.00340093
internal_weight=9.51334 5.83344 5.41735 3.6799 2.82475 2.04952 4.29534 1.91155 1.63417 2.38379 1.35055 1.28467 1.03323 0.813889 1.02437
internal_count=389 290 265 99 85 60 226 134 129 92 48 117 44 84 41
is_linear=0
shrinkage=0.05


Tree=103
num_leaves=15
num_cat=0
split_feature=19 14 9 5 11 3 8 16 14 17 16 14 17 17
split_gain=0.122401 0.503244 0.192684 0.162218 0.138699 0.100851 0.0986455 0.182953 0.0918536 0.116444 0.0758106 0.0586515 0.0413365 0.0112114
threshold=8.5000000000000018 66.762500000000017 8.9500000000000011 1.0000000180025095e-35 481.00000000000006 8.5000000000000018 6.5000000000000009 6.5000000000000009 71.871875000000017 3.5000000000000004 26.500000000000004 52.369791666666679 3.5000000000000004 7.5000000000000009
decision_type=2 2 2 2 2 2 2 2 2 2 2 2 2 2
left_child=1 3 4 -1 -2 6 -4 8 9 -8 12 -5 -3 -6
right_child=2 10 5 11 13 -7 7 -9 -10 -11 -12 -13 -14 -15
leaf_value=-0.010461421629118924 0.0045620648849888142 -0.025636159779556297 0.029974026277133317 0.0082265112588243081 -0.047669792272945682 -0.0041540921479994945 -0.0072754569202465582 -0.013721821191368369 0.030656486201523121 0.021575378952060409 -0.010667625770357136 0.026307513485231734 -0.046952192342333762 -0.030071062579158883
leaf_weight=0.912645366683137 0.35881374479504291 0.38380616572976556 0.77348282909952137 1.1625533523038027 0.18984352477127686 0.95117084134835739 0.61276694666594334 0.63877107552252699 0.76569734257645894 0.81475312565453351 0.33809148357249796 0.73023706581443537 0.55824217689223588 0.1729360232129693
leaf_count=39 32 21 29 36 26 33 23 32 16 23 16 17 29 17
internal_value=0.00149716 -0.00500045 0.00652658 0.00685345 -0.0174797 0.0103282 0.0141489 0.00982664 0.0166851 0.00919108 -0.0309784 0.0152021 -0.0382677 -0.0392805
internal_weight=9.36381 4.08558 5.27824 2.80544 0.721593 4.55664 3.60547 2.83199 2.19322 1.42752 1.28014 1.89279 0.942048 0.36278
internal_count=389 158 231 92 75 156 123 94 62 46 66 53 50 43
is_linear=0
shrinkage=0.05


Tree=104
num_leaves=13
num_cat=0
split_feature=10 10 14 19 18 20 9 9 10 14 11 19
split_gain=0.3244 0.216543 0.163047 0.0947425 0.177526 0.167296 0.113341 0.109443 0.102693 0.0910991 0.0918237 0.0508674
threshold=37.050000000000004 33.45000000000001 39.705555555555563 8.5000000000000018 3.5000000000000004 8.5000000000000018 30.700000000000006 24.400000000000002 35.050000000000004 62.320982142857154 481.00000000000006 14.500000000000002
decision_type=2 2 2 2 2 2 2 2 2 2 2 2
left_child=1 -1 -3 4 6 7 -4 11 -7 -2 -11 -5
right_child=9 2 3 5 -6 8 -8 -9 -10 10 -12 -13
leaf_value=-0.041146549714437423 0.021434933680969288 0.013571877451586806 0.0090227346231125088 -0.018460584842893087 -0.045196949044838869 -0.0074628219493573502 -0.020898893982049294 -0.0044717885014317711 0.021330921275614933 -0.0064574111158185359 0.015743278498663461 -0.054675946475396808
leaf_weight=0.41083516203798343 1.6998668173328044 1.1091918102465568 0.56256591464625649 0.1860244360577783 0.42161298007704306 0.49892727890983202 0.72353009157814085 0.72781884914729744 0.81628212914802134 0.86852877117053129 1.0043623473902696 0.20251693937461823
leaf_count=25 39 39 25 27 30 28 30 30 25 27 33 31
internal_value=0.0012582 -0.0061888 -0.0034524 -0.00801436 -0.0170408 -0.00167502 -0.00781053 -0.0159103 0.010408 0.0130544 0.005448 -0.0373369
internal_weight=9.23206 5.65931 5.24847 4.13928 1.70771 2.43157 1.2861 1.11636 1.31521 3.57276 1.87289 0.388541
internal_count=389 290 265 226 85 141 55 88 53 99 60 58
is_linear=0
shrinkage=0.05


Tree=105
num_leaves=15
num_cat=0
split_feature=10 10 9 6 1 10 10 1 18 5 10 17 7 10
split_gain=0.175958 0.124359 0.142384 0.189045 0.148776 0.362486 0.159693 0.105968 0.102463 0.09875 0.205161 0.0940699 0.0740534 0.0268862
threshold=38.150000000000013 33.45000000000001 240.30000000000004 5.5000000000000009 3.5000000000000004 36.550000000000004 36.150000000000013 2.5000000000000004 21.500000000000004 1.0000000180025095e-35 36.250000000000007 5.5000000000000009 56.500000000000007 36.650000000000013
decision_type=2 2 2 2 2 2 2 2 2 2 2 2 2 2
left_child=1 -1 3 4 5 6 7 -3 -7 10 -5 13 -13 -6
right_child=-2 2 -4 9 11 8 -8 -9 -10 -11 -12 12 -14 -15
leaf_value=-0.02569686653325693 0.015921433617779555 -0.022332905345520269 0.021281035179617613 -0.0097591243569848333 -0.0091156739455472008 -0.049216359973687514 0.029969563756659479 0.0057283271928168476 -0.014317768938523961 -0.0031193729408491204 -0.059782497184693764 0.036061151364146386 0.0088566615291961748 0.0098699662061092191
leaf_weight=0.51273460104130197 1.688441941514611 0.446845834376291 0.69596724025905121 0.53121795610059031 0.37164549768203858 0.43582888733362768 0.53152280417270947 1.3616085982648656 0.406490383669734 0.63705782953184098 0.33374228622415103 0.55589428651728645 0.45482056477339938 0.37426014093216509
leaf_count=26 37 33 13 33 25 25 17 55 26 26 17 19 25 15
internal_value=0.00131234 -0.00191221 -0.000203455 -0.00252493 0.00219895 -0.00424853 0.00587607 -0.00120524 -0.0323748 -0.018058 -0.0290605 0.0138792 0.0238192 0.000410422
internal_weight=9.33808 7.64964 7.1369 6.44094 4.93892 3.1823 2.33998 1.80845 0.842319 1.50202 0.86496 1.75662 1.01071 0.745906
internal_count=392 355 329 316 240 156 105 88 51 76 50 84 44 40
is_linear=0
shrinkage=0.05


Tree=106
num_leaves=17
num_cat=0
split_feature=10 17 9 14 10 17 4 15 15 13 3 14 13 14 9 9
split_gain=0.146682 0.138795 0.239871 0.201599 0.220923 0.206054 0.177811 0.128395 0.184501 0.0968881 0.148662 0.0791945 0.0728674 0.0724143 0.026441 0.0215617
threshold=38.050000000000004 6.5000000000000009 22.250000000000004 37.355555555555561 36.350000000000001 8.5000000000000018 11.500000000000002 57.033333333333339 57.309523809523817 15.500000000000002 6.5000000000000009 65.475000000000009 15.500000000000002 68.277884615384622 24.400000000000002 15.750000000000002
decision_type=2 2 2 2 2 2 2 2 2 2 2 2 2 2 2 2
left_child=1 2 6 -3 5 13 12 9 -9 -4 -11 -2 -1 -5 -7 -8
right_child=11 3 7 4 -6 14 15 8 -10 10 -12 -13 -14 -15 -16 -17
leaf_value=-0.030125462527046017 0.02380805032437646 0.040358528560098528 0.017404171906633639 -0.009564075205603529 0.021463247791426835 -0.047861806145500757 -0.045830959235360506 -0.035891877039434208 0.0032668340096517682 0.013806942532630729 -0.017581817395402748 0.0030822662685000401 0.005555102554456029 0.018661779707451205 -0.025058484827432573 -0.069851603782949676
leaf_weight=0.27780740964226414 0.9562032977119086 0.38993816892616484 0.97525254264473993 0.48847719427431024 0.85993243084521953 0.24721449863864109 0.22923185919353273 0.55676951468922176 0.65429892623797059 0.71282950276508905 0.80120228044688702 0.88981196051463485 0.29507371928775683 0.42488038749434054 0.26168573508039117 0.15768806714913808
leaf_count=25 19 13 25 34 26 24 38 28 20 21 25 23 19 21 17 14
internal_value=0.0012205 -0.00195108 -0.00716022 0.0071336 0.00145674 -0.0106397 -0.0294338 -0.00138288 -0.0147358 0.00511346 -0.00280351 0.0138179 -0.0117475 0.00356617 -0.0361359 -0.0556205
internal_weight=9.1783 7.33228 4.66015 2.67213 2.28219 1.42226 0.959801 3.70035 1.21107 2.48928 1.51403 1.84602 0.572881 0.913358 0.5089 0.38692
internal_count=392 350 215 135 122 96 96 119 48 71 46 42 44 55 41 52
is_linear=0
shrinkage=0.05


Tree=107
num_leaves=16
num_cat=0
split_feature=9 9 8 15 20 9 6 17 9 3 18 17 15 9 9
split_gain=0.0981581 0.127239 0.253256 0.167819 0.124356 0.100894 0.119071 0.0907533 0.134924 0.125717 0.116723 0.234315 0.076349 0.0740949 0.0401002
threshold=43.550000000000004 74.800000000000026 13.500000000000002 57.208333333333336 6.5000000000000009 34.050000000000004 5.5000000000000009 2.5000000000000004 14.65 6.5000000000000009 3.5000000000000004 6.5000000000000009 57.154761904761905 8.9500000000000011 8.4500000000000011
decision_type=2 2 2 2 2 2 2 2 2 2 2 2 2 2 2
left_child=5 -2 3 -3 -4 6 7 -1 10 -10 -9 14 -8 -13 -12
right_child=1 2 4 -5 -6 -7 12 8 9 -11 11 13 -14 -15 -16
leaf_value=0.024819236148285295 0.020528118159080639 -0.030496294201382359 0.026442211326864036 0.0038383631254353383 0.002633012457369098 -0.0256308391255201 -0.0051228802758486458 0.028594710988399875 0.0040187651863269084 -0.03207408523244662 -0.015945913011736951 0.00038433362391360269 -0.047747915228330953 0.029320430077884832 -0.045372837305112872
leaf_weight=0.37135123182088214 1.131205807556398 0.79336222447454952 0.87762834504246745 0.64540847111493349 1.4620546204969285 0.50354400882497419 0.20725786848925043 0.45276133026345666 0.42630789382383216 0.55582937854342163 0.25281254359288119 0.4578932297299616 0.21303874949808232 0.42804214404895902 0.21356980106793344
leaf_count=15 35 30 20 18 36 25 20 24 26 31 28 34 25 11 14
internal_value=0.00105355 0.00581716 0.00141294 -0.0150943 0.011564 -0.00467534 -0.00172692 0.00159994 -0.00149365 -0.0164076 0.00662096 -0.000735945 -0.0267285 0.0143649 -0.0294213
internal_weight=8.99207 4.90966 3.77845 1.43877 2.33968 4.08241 3.57886 3.15857 2.78722 0.982137 1.80508 1.35232 0.420297 0.885935 0.466382
internal_count=392 139 104 48 56 253 228 183 168 57 111 87 45 45 42
is_linear=0
shrinkage=0.05


Tree=108
num_leaves=16
num_cat=0
split_feature=10 4 10 17 10 15 8 6 6 3 10 9 15 10 11
split_gain=0.140015 0.102071 0.27862 0.132524 0.151007 0.242836 0.20225 0.133661 0.127452 0.114765 0.189495 0.110942 0.082379 0.0609617 0.0206188
threshold=33.45000000000001 11.500000000000002 37.850000000000001 7.5000000000000009 38.150000000000013 56.812500000000007 12.500000000000002 4.5000000000000009 5.5000000000000009 8.5000000000000018 35.050000000000004 101.85000000000001 55.953125000000007 35.95000000000001 481.00000000000006
decision_type=2 2 2 2 2 2 2 2 2 2 2 2 2 2 2
left_child=-1 2 9 4 5 6 7 -3 -7 10 11 14 -12 -14 -2
right_child=1 3 -4 -5 -6 8 -8 -9 -10 -11 12 -13 13 -15 -16
leaf_value=-0.025012405657808386 -0.04630399516965724 -0.044179751082746591 0.04667203831578972 0.013444291072153204 0.0072897509234011769 -0.048304164141125629 0.022694584239793213 0.0021555154763689241 -0.014438938103533281 0.02316002175505362 -0.0055621146067286551 0.0034499659043542618 0.0040919288785266558 0.026266374712011382 -0.025906312977947089
leaf_weight=0.48557699960656542 0.23766437219455783 0.28016259902506202 0.42746025323867787 1.0152688787202349 1.2043326129205523 0.5560832046321591 0.56823763158172369 0.35017128827166744 0.55524006020277739 0.62602071207948018 0.73643761768471439 0.28540897555649281 0.60000678239157401 0.64115815702825785 0.2588013838394545
leaf_count=26 23 27 8 34 27 39 13 28 21 31 34 9 32 16 24
internal_value=0.00108775 0.00260692 0.00863484 -0.00246742 -0.00706435 -0.0145483 0.00106227 -0.018439 -0.0313844 0.00383218 -0.000552573 -0.0213906 0.00768604 0.0155468 -0.0356709
internal_weight=8.82803 8.34245 3.81296 4.5295 3.51423 2.30989 1.19857 0.630334 1.11132 3.3855 2.75948 0.781875 1.9776 1.24116 0.496466
internal_count=392 366 177 189 155 128 68 55 60 169 138 56 82 48 47
is_linear=0
shrinkage=0.05


Tree=109
num_leaves=16
num_cat=0
split_feature=10 16 10 10 9 2 16 16 18 18 15 18 11 20 15
split_gain=0.136562 0.0880742 0.14741 0.129092 0.107854 0.195526 0.113274 0.102017 0.0861134 0.0745259 0.0845848 0.0644346 0.0252383 0.0192924 0.0052506
threshold=33.45000000000001 27.500000000000004 37.250000000000007 37.650000000000013 22.250000000000004 5.5000000000000009 4.5000000000000009 41.500000000000007 15.500000000000002 30.500000000000004 56.440972222222229 32.500000000000007 483.00000000000006 8.5000000000000018 56.937500000000007
decision_type=2 2 2 2 2 2 2 2 2 2 2 2 2 2 2
left_child=-1 3 7 4 5 11 9 -3 -7 10 -6 14 -5 -10 -2
right_child=1 2 -4 12 6 8 -8 -9 13 -11 -12 -13 -14 -15 -16
leaf_value=-0.024845261437987654 -0.044141560479684594 -0.011992038361040694 -0.03367323666513735 0.010808917214403821 0.00618399829369746 0.024068674124564062 0.021304123904066774 0.021894073162868951 -0.01866135634565956 0.013624774366839877 -0.01500780301168635 -0.017143991993106213 0.022235966975315671 0.0005833221870168258 -0.05777400367258715
leaf_weight=0.48149629705585617 0.15028496476588571 0.53511286043794803 0.42118470196146518 1.1568041031714527 0.8837197273969658 0.33125325408764184 0.83341558068059374 0.37972106202505529 0.24711181703605689 0.73816917918156821 1.0078911804594097 0.29408089903881773 0.8298325054347514 0.27532531507313251 0.13326458120718598
leaf_count=26 26 33 22 28 23 16 32 21 31 26 37 25 19 13 14
internal_value=0.00103526 0.00255177 -0.00919606 0.00483268 0.000469606 -0.0110756 0.00524119 0.0020731 0.0041256 0.000150612 -0.00510745 -0.0335418 0.0155821 -0.00851938 -0.0505486
internal_weight=8.69867 8.21717 1.33602 6.88115 4.89452 1.43132 3.4632 0.914834 0.85369 2.62978 1.89161 0.57763 1.98664 0.522437 0.28355
internal_count=392 366 76 290 243 125 118 54 60 86 60 65 47 44 40
is_linear=0
shrinkage=0.05


Tree=110
num_leaves=13
num_cat=0
split_feature=11 10 11 17 11 10 13 17 13 18 18 17
split_gain=0.108086 0.10696 0.112997 0.142083 0.130847 0.120773 0.241765 0.17037 0.108266 0.0833834 0.123688 0.0592323
threshold=441.00000000000006 38.250000000000007 447.00000000000006 6.5000000000000009 499.00000000000006 36.350000000000001 12.500000000000002 8.5000000000000018 15.500000000000002 36.500000000000007 23.500000000000004 4.5000000000000009
decision_type=2 2 2 2 2 2 2 2 2 2 2 2
left_child=-1 2 -2 4 9 6 -5 -8 -6 10 11 -4
right_child=1 -3 3 5 8 -7 7 -9 -10 -11 -12 -13
leaf_value=-0.018598405440509194 0.0204937909317757 0.013591006975474013 -0.011336694987429667 0.024140061439509683 -0.046883905086054556 0.019863296295384598 -0.00098461416415520134 -0.049349365774182183 -0.0084953355173433328 0.011146436690538084 -0.034131460882019529 0.0064000601631585665
leaf_weight=0.81854725978337217 0.5069910492748021 1.2990966904908416 1.1843905015848588 0.46329916105605684 0.39101658068830136 0.91922635672381137 0.42115303629543632 0.3207713314332068 0.34635112108662724 0.61060574970906589 0.4216636947239748 0.78115843096747983
leaf_count=34 18 30 59 14 24 31 30 31 23 36 30 33
internal_value=-0.00132803 0.000516105 -0.0021518 -0.00411116 -0.00998298 0.00621262 -0.00419878 -0.0218951 -0.0288523 -0.00534173 -0.0095591 -0.00428766
internal_weight=8.48427 7.66572 6.36663 5.85964 3.73519 2.12445 1.20522 0.741924 0.737368 2.99782 2.38721 1.96555
internal_count=393 359 329 311 205 106 75 61 47 158 122 92
is_linear=0
shrinkage=0.05


Tree=111
num_leaves=15
num_cat=0
split_feature=18 17 19 14 19 10 10 13 13 4 9 1 14 10
split_gain=0.111952 0.108755 0.231936 0.165526 0.182392 0.16156 0.122785 0.125771 0.148491 0.111816 0.0920679 0.089433 0.0729041 0.049107
threshold=45.500000000000007 6.5000000000000009 15.500000000000002 73.818333333333342 12.500000000000002 36.650000000000013 37.250000000000007 11.500000000000002 17.000000000000004 11.500000000000002 183.60000000000002 3.5000000000000004 58.324523809523818 36.650000000000013
decision_type=2 2 2 2 2 2 2 2 2 2 2 2 2 2
left_child=1 2 6 4 9 -6 7 -1 10 -3 12 -8 -9 -4
right_child=-2 3 13 -5 5 -7 11 8 -10 -11 -12 -13 -14 -15
leaf_value=0.016926615267361354 -0.023894049918098199 0.0052192342800258511 -0.047623748133366228 0.033619458455633626 -0.0023371806823378177 0.035368115034361491 0.00082469414682403291 -0.013956125083866936 0.0035244949942242415 -0.033058702401206154 -0.0020548471971410316 0.02322825026621762 -0.041109158458670997 -0.019785006575344967
leaf_weight=0.48830896127037737 0.51609029388055194 0.33455728890839997 0.28196501889033232 0.53015839715953905 0.6268850131309589 0.51955589017597958 1.0685377047047948 0.43192502032616154 1.0470076448982581 0.44396108016371727 0.4382939012721182 0.76392076164484013 0.5780253787379479 0.3615111799153965
leaf_count=16 30 22 30 20 36 13 29 28 35 26 13 19 60 16
internal_value=-0.00133062 0.000140679 -0.00378975 0.00888086 0.00206754 0.0147505 -2.27185e-05 -0.00627947 -0.0108208 -0.0166093 -0.0211917 0.0101644 -0.0294966 -0.0319837
internal_weight=8.4307 7.91461 5.4595 2.45512 1.92496 1.14644 4.81602 2.98356 2.49525 0.778518 1.44824 1.83246 1.00995 0.643476
internal_count=393 363 246 117 97 49 200 152 136 48 101 48 88 46
is_linear=0
shrinkage=0.05


Tree=112
num_leaves=12
num_cat=0
split_feature=18 11 16 16 8 8 9 10 14 6 10
split_gain=0.161612 0.0971736 0.135248 0.151386 0.153395 0.165085 0.142682 0.202712 0.135085 0.0688669 0.038393
threshold=45.500000000000007 441.00000000000006 27.500000000000004 20.500000000000004 12.500000000000002 11.500000000000002 97.200000000000003 35.45000000000001 73.818333333333342 4.5000000000000009 36.050000000000004
decision_type=2 2 2 2 2 2 2 2 2 2 2
left_child=1 -1 3 4 5 6 7 -3 10 -6 -4
right_child=-2 2 8 -5 9 -7 -8 -9 -10 -11 -12
leaf_value=-0.016378770093400351 -0.028114335854222905 -0.028763153000817634 -0.017288508604966682 0.02885535894611262 0.02381273033042372 -0.037458585690295719 0.027424441493551083 0.0033835655761490706 0.0098409986049018735 0.0054984013666440623 -0.042240079720221653
leaf_weight=0.77380123198963691 0.52936446177773167 0.65867245424306142 0.32572087890002865 0.60225924779660989 0.86125749535858664 0.33712319657206524 0.3954850248992442 1.9195230553596045 0.34808036708272994 1.2704918328672645 0.29271602036897093
leaf_count=33 30 68 28 20 19 14 8 105 17 31 20
internal_value=-0.00138152 0.000436226 0.002292 0.00506883 0.00243667 -0.00429892 -0.000539637 -0.00482922 -0.0150749 0.0128977 -0.0290985
internal_weight=8.3145 7.78513 7.01133 6.04481 5.44255 3.3108 2.97368 2.5782 0.966517 2.13175 0.618437
internal_count=393 363 330 265 245 195 181 173 65 50 48
is_linear=0
shrinkage=0.05


Tree=113
num_leaves=16
num_cat=0
split_feature=18 17 19 14 6 15 19 10 8 15 10 10 4 10 8
split_gain=0.261279 0.150041 0.221041 0.200783 0.161612 0.191567 0.141924 0.14843 0.0976282 0.184853 0.108763 0.0936772 0.082724 0.0582228 0.0349725
threshold=45.500000000000007 6.5000000000000009 15.500000000000002 73.818333333333342 4.5000000000000009 56.718750000000007 12.500000000000002 36.650000000000013 8.5000000000000018 57.083333333333343 37.45000000000001 36.45000000000001 11.500000000000002 36.650000000000013 12.500000000000002
decision_type=2 2 2 2 2 2 2 2 2 2 2 2 2 2 2
left_child=1 2 4 6 5 14 12 -8 9 -6 11 -10 -3 -4 -1
right_child=-2 3 13 -5 8 -7 7 -9 10 -11 -12 -13 -14 -15 -16
leaf_value=-0.013337011247102149 -0.03389626028035423 0.0052672832426188306 -0.049627766327935446 0.037376862580992383 0.0059243963901262795 0.028725001374326865 -0.0017343716424383798 0.034910526021353853 -0.0024995439530766175 -0.051122534561185873 0.0092924573352638536 -0.031001276434508618 -0.028106238881925174 -0.018646385671250758 0.0057165420546186887
leaf_weight=0.48248454531130824 0.58336487459018815 0.32977796462364528 0.26695180765818793 0.55901317647658277 0.25348273231065865 0.8514847937040031 0.62255564407678299 0.49688623077236116 0.79593721847049914 0.32289223987027071 1.0025792359374461 0.45201103552244604 0.42494683573022485 0.35108690528431907 0.48084732331335545
leaf_count=32 30 22 30 20 23 31 36 13 31 27 22 21 26 16 13
internal_value=-0.00163512 0.000811277 -0.00393806 0.0110778 -0.000197885 0.0114462 0.00323354 0.0145312 -0.00767317 -0.026034 -0.00297085 -0.012823 -0.0135236 -0.0320283 -0.00382643
internal_weight=8.2763 7.69294 5.25976 2.43318 4.64172 1.81482 1.87417 1.11944 2.8269 0.576375 2.25053 1.24795 0.754725 0.618039 0.963332
internal_count=393 363 246 117 200 76 97 49 124 50 74 52 48 46 45
is_linear=0
shrinkage=0.05


Tree=114
num_leaves=12
num_cat=0
split_feature=18 9 9 5 7 10 18 8 13 10 17
split_gain=0.447684 0.217093 0.81742 0.154605 0.100205 0.144742 0.100727 0.137771 0.202165 0.122739 0.0974913
threshold=45.500000000000007 4.6500000000000012 4.3500000000000005 1.5000000000000002 53.500000000000007 39.050000000000004 19.500000000000004 4.5000000000000009 17.000000000000004 38.250000000000007 6.5000000000000009
decision_type=2 2 2 2 2 2 2 2 2 2 2
left_child=1 2 -1 4 -3 6 9 -8 -9 10 -6
right_child=-2 3 -4 -5 5 -7 7 8 -10 -11 -12
leaf_value=-0.028349161890687886 -0.040842298509839496 -0.02420487128702746 0.08387933467887658 0.026795136912762904 -0.0069420353554573962 0.026436336335933688 0.014405783321283075 -0.028250683315684779 0.0054743988491561188 0.026581348161982411 0.013847228672791348
leaf_weight=0.31527237941918418 0.67061411764007051 0.50300149642862368 0.33427522226702422 0.47440196899697173 2.0893388396361852 0.44607288017868985 0.43859473973861929 1.285031800274737 0.67925248859683041 0.45671111531555642 0.77241593843791623
leaf_count=37 30 14 6 17 100 9 25 74 33 12 36
internal_value=-0.00164134 0.00173144 0.0294067 -0.000784563 -0.00274604 -0.000995902 -0.0031347 -0.0109311 -0.0165885 0.00251066 -0.00133081
internal_weight=8.46498 7.79437 0.649548 7.14482 6.67042 6.16742 5.72134 2.40288 1.96428 3.31847 2.86175
internal_count=393 363 43 320 303 289 280 132 107 148 136
is_linear=0
shrinkage=0.05


Tree=115
num_leaves=17
num_cat=0
split_feature=10 6 3 11 11 18 8 9 13 19 11 10 9 9 10 11
split_gain=0.166818 0.12687 0.195203 0.184543 0.258461 0.211349 0.163604 0.155889 0.139623 0.122101 0.105289 0.104736 0.100324 0.0614687 0.0853357 0.011171
threshold=39.050000000000004 4.5000000000000009 8.5000000000000018 483.00000000000006 489.00000000000006 17.500000000000004 15.500000000000002 147.80000000000004 13.500000000000002 3.5000000000000004 465.00000000000006 37.250000000000007 94.500000000000014 94.500000000000014 34.650000000000013 455.00000000000006
decision_type=2 2 2 2 2 2 2 2 2 2 2 2 2 2 2 2
left_child=1 3 6 8 -5 -6 7 11 -1 -10 12 13 15 14 -3 -11
right_child=-2 2 -4 4 5 -7 -8 -9 9 10 -12 -13 -14 -15 -16 -17
leaf_value=0.027683713856496556 0.02581459180608698 -0.027197022876344373 -0.025695029882634918 0.049766231439986375 0.023685992919350928 -0.029936054343482028 0.02704265726454453 -0.028502045360646822 0.013990878298090675 -0.035781686918868148 0.0019418885317521275 0.019750722380275702 -0.0044723710836076852 0.014003497556342377 -0.0010828234983667475 -0.052147309105670329
leaf_weight=0.3376578371971849 0.73749480303376902 0.44460639508906874 0.88051903469022352 0.53018836904084288 0.52212710992898792 0.28355842604651116 0.5026083830744027 0.5258667105808853 0.46051922172773618 0.20186317584011682 0.45818670750304591 0.59525462500459969 0.25582144875079393 0.36712237680330861 1.0555439508752895 0.21568187561933883
leaf_count=16 13 37 36 13 25 29 11 18 17 23 31 15 9 11 69 20
internal_value=0.00310576 0.000912834 -0.0046571 0.00836906 0.0226548 0.00481389 0.0006492 -0.00378983 -0.00152038 -0.00771419 -0.0165477 0.0014874 -0.0291288 -0.00433463 -0.00882241 -0.0442353
internal_weight=8.37462 7.63713 4.37152 3.2656 1.33587 0.805686 3.491 2.98839 1.92973 1.59207 1.13155 2.46253 0.673367 1.86727 1.50015 0.417545
internal_count=393 380 197 183 67 54 161 150 116 100 83 132 52 117 106 43
is_linear=0
shrinkage=0.05


Tree=116
num_leaves=17
num_cat=0
split_feature=10 16 11 10 11 6 11 11 15 10 18 2 20 10 8 10
split_gain=0.19499 0.141053 0.190717 0.140133 0.0952453 0.105393 0.135813 0.129364 0.129051 0.0950436 0.103567 0.081171 0.0634459 0.0609856 0.0396768 0.026025
threshold=33.45000000000001 27.500000000000004 485.00000000000006 37.650000000000013 483.00000000000006 5.5000000000000009 489.00000000000006 519.00000000000011 56.571428571428577 36.350000000000001 21.500000000000004 5.5000000000000009 8.5000000000000018 35.550000000000004 12.500000000000002 35.850000000000001
decision_type=2 2 2 2 2 2 2 2 2 2 2 2 2 2 2 2
left_child=-1 3 15 4 9 6 -6 8 -8 11 -11 13 -5 -2 -13 -3
right_child=1 2 -4 12 5 -7 7 -9 -10 10 -12 14 -14 -15 -16 -17
leaf_value=-0.031371381729333327 -0.02184087754763164 0.01246765555686322 -0.043021503256219035 0.010992243253042475 0.041033965331960347 -0.0079950753024910261 0.022455211823434143 0.028671741163616201 -0.021955611441511688 -0.037952603658940293 -2.6731824818967443e-07 0.0024606032104236425 0.02895842640079235 0.0056262702645599435 0.022962090267597643 -0.0063626907225757881
leaf_weight=0.39290052675642062 0.44403432169929169 0.33703490765765287 0.34009547502500936 1.1887762211263182 0.42821505335450671 0.57619919389253471 0.26037279795855262 0.46055310062365606 0.44000829428841826 0.36657311247836322 0.35271695879055187 0.49743057525483891 0.8376489549409597 0.37088325619697571 0.44903078023344278 0.40276701294351369
leaf_count=25 34 23 31 31 14 34 15 15 40 20 24 31 16 13 10 17
internal_value=0.00299226 0.00473387 -0.0120308 0.00744714 0.0026617 0.0103242 0.0169665 0.00808912 -0.0054455 -0.00402683 -0.019342 0.00222738 0.0184188 -0.0093401 0.0121871 0.00221594
internal_weight=8.14524 7.75234 1.0799 6.67244 4.64602 2.16535 1.58915 1.16093 0.700381 2.48067 0.71929 1.76138 2.02643 0.814918 0.946461 0.739802
internal_count=393 368 71 297 250 118 84 70 55 132 44 88 47 47 41 40
is_linear=0
shrinkage=0.05


Tree=117
num_leaves=15
num_cat=0
split_feature=16 9 16 9 18 18 19 9 7 6 11 19 6 15
split_gain=0.223589 0.190551 0.151844 0.160299 0.145394 0.125057 0.122672 0.113549 0.076937 0.0765688 0.0684143 0.138182 0.0477989 0.0178433
threshold=15.500000000000002 13.65 6.5000000000000009 19.250000000000004 3.5000000000000004 3.5000000000000004 12.500000000000002 33.250000000000007 57.250000000000007 5.5000000000000009 483.00000000000006 8.5000000000000018 4.5000000000000009 56.937500000000007
decision_type=2 2 2 2 2 2 2 2 2 2 2 2 2 2
left_child=2 8 3 5 -3 -1 -6 -5 -2 10 11 -9 13 -7
right_child=1 4 -4 7 6 12 -8 9 -10 -11 -12 -13 -14 -15
leaf_value=0.01338865531174906 0.021255608807026465 -0.004084777815008855 0.025896457971891954 0.024315324905791618 -0.062430924780042397 -0.060285974121987031 -0.020684632535975522 -0.012906597698279907 -0.0095149673267310199 -0.0071152650159860753 0.021562843307795513 0.017271345292402672 -0.016347653064367342 -0.033134133811527085
leaf_weight=0.243339290464064 0.46830472146393765 0.581586491782218 0.98465576162561763 0.8742345071514136 0.29575844015926123 0.11723948479630053 0.43449957843404263 0.71398854441940851 0.35877582826651633 1.048488547792658 0.751388226635754 0.80927176587283611 0.29703772679204121 0.12504582940891851
leaf_count=24 26 27 36 29 21 23 32 24 21 36 22 20 34 18
internal_value=0.00298187 -0.0108874 0.00795535 0.00440802 -0.0227371 -0.016366 -0.0375921 0.00828164 0.00790777 0.00406358 0.00921642 0.00312622 -0.0297911 -0.0462726
internal_weight=8.10361 2.13893 5.96469 4.98003 1.31184 0.782662 0.730258 4.19737 0.827081 3.32314 2.27465 1.52326 0.539323 0.242285
internal_count=393 127 266 230 80 99 53 131 47 102 66 44 75 41
is_linear=0
shrinkage=0.05


Tree=118
num_leaves=14
num_cat=0
split_feature=10 10 17 13 10 6 6 11 19 8 17 5 14
split_gain=0.162231 0.142921 0.11417 0.0763231 0.136688 0.106413 0.14184 0.134553 0.0924743 0.0818893 0.0667582 0.0582156 0.0736694
threshold=39.050000000000004 33.45000000000001 1.5000000000000002 14.500000000000002 34.750000000000007 5.5000000000000009 6.5000000000000009 483.00000000000006 15.500000000000002 14.500000000000002 4.5000000000000009 1.0000000180025095e-35 37.355555555555561
decision_type=2 2 2 2 2 2 2 2 2 2 2 2 2
left_child=1 -1 -3 8 -5 7 -7 9 11 -6 -9 12 -4
right_child=-2 2 3 4 5 6 -8 10 -10 -11 -12 -13 -14
leaf_value=-0.030003064903238588 0.025366023486552838 0.029155852702430381 0.0085722510048981248 -0.032357218328996983 -0.013761138136807981 -0.031354209332204473 0.0072043461701910283 0.028572882699754526 0.024547539691661985 0.012697576409519849 0.0055973285026530012 0.010990177514575879 -0.020320249783605662
leaf_weight=0.36916672904044379 0.70916296262294043 0.36470054124947626 0.40402446780353807 0.3787731718039139 1.0253990503551911 0.56128385421470728 0.41474037047009915 0.58301875280449145 0.59763595284312021 0.4091097181662916 0.69074881701089907 0.86861551343463361 0.48603695433121175
leaf_count=25 13 10 19 38 69 29 21 26 25 11 40 34 33
internal_value=0.0025554 0.000293986 0.00194265 0.0003966 -0.00375524 -0.000814743 -0.0149696 0.00428646 0.00755576 -0.00621534 0.0161135 0.00178159 -0.00720511
internal_weight=7.86242 7.15325 6.78409 6.41939 4.06307 3.6843 0.976024 2.70828 2.35631 1.43451 1.27377 1.75868 0.890061
internal_count=393 380 355 345 234 196 50 146 111 80 66 86 52
is_linear=0
shrinkage=0.05


Tree=119
num_leaves=16
num_cat=0
split_feature=10 10 17 4 10 3 9 10 18 3 11 19 10 3 11
split_gain=0.143963 0.123496 0.0960805 0.163588 0.149918 0.187777 0.125376 0.0989533 0.095925 0.145194 0.106548 0.0916879 0.0516583 0.0642665 0.0604241
threshold=33.45000000000001 39.050000000000004 1.5000000000000002 11.500000000000002 36.150000000000013 8.5000000000000018 171.10000000000005 36.050000000000004 19.500000000000004 6.5000000000000009 499.00000000000006 10.500000000000002 35.050000000000004 6.5000000000000009 463.00000000000006
decision_type=2 2 2 2 2 2 2 2 2 2 2 2 2 2 2
left_child=-1 2 -2 4 5 12 7 11 10 -10 -9 -5 14 -14 -4
right_child=1 -3 3 6 -6 -7 -8 8 9 -11 -12 -13 13 -15 -16
leaf_value=-0.028445557982533645 0.027164260259150919 0.023949468870814134 0.00062754219197932667 -0.04003353861093735 0.022648938184644283 0.02952935885741614 -0.030923643400137299 -0.00027724189976350639 0.0080479159025199139 -0.036431924859764382 0.029175851865349645 1.9890749991071771e-05 -0.014515408295774333 0.013445584203293729 -0.029508624780532702
leaf_weight=0.35991914337500919 0.35487430682405818 0.69808338955044735 0.26869593490846477 0.31269718112889755 1.1768507845699785 0.4234525107895023 0.48571182042360295 0.9426521668356147 0.38800417084712524 0.34803897052188404 0.455403360305354 0.26309690088964999 0.38528966816375032 0.44040302629582584 0.43660277902381495
leaf_count=25 10 13 16 26 37 20 18 50 22 32 16 20 28 18 42
internal_value=0.00243267 0.00393862 0.00184797 0.000427986 0.00855001 6.04728e-05 -0.00753059 -0.0033377 0.0016252 -0.0129844 0.00931682 -0.021732 -0.00809024 0.000398258 -0.0180277
internal_weight=7.73978 7.37986 6.68177 6.3269 3.13129 1.95444 3.1956 2.70989 2.1341 0.736043 1.39806 0.575794 1.53099 0.825693 0.705299
internal_count=393 368 355 345 161 124 184 166 120 54 66 46 104 46 58
is_linear=0
shrinkage=0.05


Tree=120
num_leaves=16
num_cat=0
split_feature=10 9 9 16 7 3 9 7 14 11 18 10 15 9 20
split_gain=0.22031 0.085744 0.121026 0.150458 0.115708 0.152042 0.0983021 0.0977727 0.142573 0.19987 0.0853788 0.0383921 0.0276015 0.026694 0.0227722
threshold=39.050000000000004 9.9500000000000011 13.800000000000002 22.500000000000004 57.250000000000007 8.5000000000000018 22.250000000000004 56.500000000000007 66.762500000000017 467.00000000000006 10.500000000000002 35.050000000000004 57.208333333333336 72.800000000000026 8.5000000000000018
decision_type=2 2 2 2 2 2 2 2 2 2 2 2 2 2 2
left_child=1 4 -3 6 5 11 -4 8 9 -8 -9 -1 -12 -5 -6
right_child=-2 2 3 13 14 -7 7 10 -10 -11 12 -13 -14 -15 -16
leaf_value=-0.038252783073210048 0.027072364890584417 0.022857520451559171 -0.022567310017388431 -0.01341121461212225 -0.045591494267613726 0.027573545115430503 -0.011694292340443108 -0.0032951101160973864 -0.025574672242031488 0.021597244106009703 0.027523374588258421 -0.0089538170634770528 0.011881507896435309 -0.032133882277313126 -0.02262957942259626
leaf_weight=0.18481887225061633 0.63748330622911442 0.48134871036745597 0.43317361983645231 0.34417115041287605 0.26025772807770409 0.25318319065263495 1.0366919890511783 0.63171898759901512 0.58441931777633715 0.79777418542653311 0.56124372011981882 0.28303729009348899 0.56690542050637305 0.42604577541351318 0.18453737252275459
leaf_count=29 11 23 36 31 38 19 34 23 27 27 22 25 19 24 14
internal_value=-0.00107271 -0.00362516 -0.00116278 -0.00331102 -0.0160095 -0.00363772 0.000105352 0.00245562 -0.00406798 0.00278356 0.0114221 -0.0205279 0.0196632 -0.0237677 -0.036065
internal_weight=7.66681 7.02933 5.86349 5.38214 1.16583 0.721039 4.61193 4.17875 2.41889 1.83447 1.75987 0.467856 1.12815 0.770217 0.444795
internal_count=402 391 266 243 125 73 188 152 88 61 64 54 41 55 52
is_linear=0
shrinkage=0.05


Tree=121
num_leaves=16
num_cat=0
split_feature=10 19 16 18 3 10 6 14 10 7 7 14 3 11 10
split_gain=0.202498 0.107465 0.124413 0.110367 0.182924 0.112297 0.0912813 0.0822208 0.175794 0.0880804 0.0697979 0.0609602 0.0551913 0.0710126 0.0381585
threshold=39.050000000000004 8.5000000000000018 22.500000000000004 21.500000000000004 8.5000000000000018 35.150000000000013 4.5000000000000009 66.762500000000017 37.45000000000001 57.250000000000007 57.250000000000007 68.277884615384622 8.5000000000000018 443.00000000000006 34.250000000000007
decision_type=2 2 2 2 2 2 2 2 2 2 2 2 2 2 2
left_child=1 2 7 6 5 -5 -3 8 12 -9 -7 -8 13 -1 -6
right_child=-2 3 -4 4 14 10 11 9 -10 -11 -12 -13 -14 -15 -16
leaf_value=-0.00055235643686408521 0.026376359937378253 0.026403722242801547 -0.030294721713984635 -0.024207905382860512 -0.016880498224591305 0.019442951830302719 -0.0053801927116232644 -0.032878005486614889 0.028068162067155417 -0.00088027965448276863 -0.0064236463077428675 0.017416444847981539 0.0050431050351658381 -0.029422172728428508 -0.046507755570696446
leaf_weight=0.40160708269104428 0.62488698586821545 0.6357203925144862 0.61098061373922963 0.30712071910966177 0.18709229724481691 0.70819971372839041 0.78447703699930549 0.46119464078219596 0.44512548111379135 0.40300587071396876 0.41282033291645348 0.46832412976073101 0.50033146934583783 0.45356519310735166 0.25931016122922301
leaf_count=10 11 33 36 34 14 34 33 30 13 19 31 21 23 33 27
internal_value=-0.000901478 -0.00332311 -0.00994472 0.00244112 -0.00615361 0.00257883 0.0109722 -0.00527897 0.000805482 -0.0179564 0.00991747 0.00314168 -0.00814714 -0.0158643 -0.0340906
internal_weight=7.66376 7.03888 3.27581 3.76306 1.87454 1.42814 1.88852 2.66483 1.80063 0.864201 1.12102 1.2528 1.3555 0.855172 0.446402
internal_count=402 391 164 227 140 99 87 128 79 49 65 54 66 43 41
is_linear=0
shrinkage=0.05


Tree=122
num_leaves=16
num_cat=0
split_feature=10 8 19 10 18 3 1 13 20 19 11 4 14 2 14
split_gain=0.191006 0.0980637 0.0823344 0.0965285 0.0640061 0.192073 0.0818833 0.0747465 0.0648474 0.0582201 0.0968614 0.0850493 0.0490287 0.0357371 0.0121846
threshold=39.050000000000004 2.5000000000000004 8.5000000000000018 37.95000000000001 21.500000000000004 8.5000000000000018 3.5000000000000004 15.500000000000002 6.5000000000000009 2.5000000000000004 463.00000000000006 11.500000000000002 48.229761904761915 5.5000000000000009 62.320982142857154
decision_type=2 2 2 2 2 2 2 2 2 2 2 2 2 2 2
left_child=1 12 3 9 8 6 7 -6 -4 -3 -11 -12 -1 -13 -10
right_child=-2 2 4 -5 5 -7 -8 -9 14 10 11 13 -14 -15 -16
leaf_value=-0.0086015370313718489 0.025720666787596203 -0.0028656817265170936 0.023508567273881439 0.013359749582629558 0.012530842080585573 -0.034325976044553751 0.019980753328216406 -0.018686635324519963 -0.0019762287358535092 0.00069427009183350757 -0.013888171733468839 -0.028457847713781612 -0.044355096425191184 -0.056629545842891663 0.0086871688516323466
leaf_weight=0.17813664977438737 0.6153697371482848 1.1111542534781627 0.60415058597573112 0.45708078937605012 0.34262369404314064 0.38731995038688172 0.57188842282630503 0.43545078235911205 0.5698399147368034 0.47581078018993128 0.57749001518823184 0.22000318209757097 0.20766400513821281 0.23053457707283087 0.50557179725728929
leaf_count=16 11 36 34 19 17 31 33 32 22 20 33 20 39 20 19
internal_value=-0.000966957 -0.00335582 -0.00189972 -0.00783951 0.00344073 -0.00328796 0.0056172 -0.00494008 0.0104007 -0.011545 -0.0179579 -0.0265909 -0.0278465 -0.042873 0.00303684
internal_weight=7.49009 6.87472 6.48892 3.07207 3.41685 1.73728 1.34996 0.778074 1.67956 2.61499 1.50384 1.02803 0.385801 0.450538 1.07541
internal_count=402 391 336 148 188 113 82 49 75 129 93 73 55 40 41
is_linear=0
shrinkage=0.05


Tree=123
num_leaves=16
num_cat=0
split_feature=10 8 19 15 11 6 2 8 14 10 7 9 9 14 19
split_gain=0.179343 0.0893549 0.0745517 0.0918339 0.183624 0.108139 0.13355 0.100229 0.0820441 0.149259 0.0910697 0.0615911 0.201516 0.0448121 0.00956665
threshold=39.050000000000004 2.5000000000000004 8.5000000000000018 56.472222222222229 465.00000000000006 4.5000000000000009 5.5000000000000009 6.5000000000000009 66.762500000000017 37.45000000000001 57.250000000000007 47.750000000000007 29.550000000000001 48.229761904761915 13.500000000000002
decision_type=2 2 2 2 2 2 2 2 2 2 2 2 2 2 2
left_child=1 13 8 4 -4 7 -7 -5 9 11 -10 12 -3 -1 -6
right_child=-2 2 3 5 14 6 -8 -9 10 -11 -12 -13 -14 -15 -16
leaf_value=-0.0086122101718658344 0.025016787955899331 -0.021203244706339497 -0.034767444199214896 0.001630975292480851 0.0013600027098759754 0.016590907376869603 -0.013683088743572679 0.036116767180438422 -0.033448260966559687 0.023269803107634494 -0.0040108388130324062 -0.020825098447501772 0.027058731123126831 -0.04279638109021959 0.013569586383875114
leaf_weight=0.18092849128879596 0.60795474983751763 0.50559624069137521 0.41968729114159964 0.34803807915886897 0.30662020115414634 0.67895539628807433 0.78602036117808893 0.53390939021483064 0.53217189759016015 0.46170139173045743 0.51892638239951339 0.65097918966785073 0.37799670663662255 0.20392795823863707 0.33650761150056496
leaf_count=16 11 36 30 27 18 32 38 21 34 15 25 25 13 39 22
internal_value=-0.00100825 -0.00332075 -0.00192577 0.00315327 -0.00904031 0.0086752 0.000347651 0.0225078 -0.00760876 -0.00165567 -0.018915 -0.00915491 -0.000557009 -0.0267257 0.0077485
internal_weight=7.44992 6.84197 6.45711 3.40974 1.06282 2.34692 1.46498 0.881947 3.04737 1.99627 1.0511 1.53457 0.883593 0.384856 0.643128
internal_count=402 391 336 188 70 118 70 48 148 89 59 74 49 55 40
is_linear=0
shrinkage=0.05


Tree=124
num_leaves=16
num_cat=0
split_feature=10 19 15 4 10 13 19 9 8 9 7 19 8 19 16
split_gain=0.170822 0.0695909 0.148747 0.113979 0.206212 0.137668 0.123627 0.0783818 0.074487 0.0712865 0.107986 0.0579723 0.160723 0.0360747 0.0343924
threshold=38.150000000000013 9.5000000000000018 56.440972222222229 11.500000000000002 35.95000000000001 15.500000000000002 3.5000000000000004 33.250000000000007 12.500000000000002 7.9500000000000011 57.250000000000007 12.500000000000002 7.5000000000000009 6.5000000000000009 13.500000000000002
decision_type=2 2 2 2 2 2 2 2 2 2 2 2 2 2 2
left_child=1 3 7 4 5 -1 8 14 -5 10 -4 -11 -13 -8 -3
right_child=-2 2 9 6 -6 -7 13 -9 -10 11 -12 12 -14 -15 -16
leaf_value=-0.0010426656889465501 0.015093001650444271 -0.053008205164773926 0.011184523531178089 -0.021388412493236465 0.023475614316843637 -0.039538596900087465 -0.024049877992502022 -0.00414238644201475 0.0058493616564558341 0.026306723388621112 -0.043021328311897783 0.029754976249018062 -0.010044993935297042 -0.048687320646978088 -0.01992921529823883
leaf_weight=0.7244696603156624 1.362092411611229 0.1572169266873974 0.22606001415988419 0.52157345606246941 0.5891098463907839 0.34182207612320781 0.28221747475618042 0.46438089112052694 0.4838499128818512 0.55371171177830536 0.15479099724325351 0.43053390132263281 0.61744547518901527 0.3137606543750735 0.15709257603157312
leaf_count=33 36 24 25 27 17 29 30 24 14 24 24 23 31 22 19
internal_value=-0.000896477 -0.00451546 0.00132387 -0.00946625 -0.000266298 -0.0133833 -0.0189764 -0.0171932 -0.00828051 0.00859689 -0.0108466 0.0132202 0.00630574 -0.0370206 -0.0364753
internal_weight=7.38013 6.01804 2.76123 3.2568 1.6554 1.06629 1.6014 0.77869 1.00542 1.98254 0.380851 1.60169 1.04798 0.595978 0.31431
internal_count=402 366 194 172 79 62 93 67 41 127 49 78 54 52 43
is_linear=0
shrinkage=0.05


Tree=125
num_leaves=16
num_cat=0
split_feature=10 16 20 8 17 11 16 13 16 17 18 17 10 15 8
split_gain=0.170781 0.135334 0.116171 0.095599 0.203032 0.192987 0.10834 0.0778853 0.146569 0.0927195 0.0876612 0.0644348 0.0532679 0.0511052 0.0108612
threshold=35.850000000000001 27.500000000000004 3.0000000000000004 13.500000000000002 4.5000000000000009 475.00000000000006 4.5000000000000009 13.500000000000002 9.5000000000000018 3.5000000000000004 2.5000000000000004 6.5000000000000009 36.95000000000001 57.126984126984141 9.5000000000000018
decision_type=2 2 2 2 2 2 2 2 2 2 2 2 2 2 2
left_child=2 3 14 4 5 -2 -6 8 -4 -9 -11 -12 -3 -7 -1
right_child=1 12 7 -5 6 13 -8 9 -10 10 11 -13 -14 -15 -16
leaf_value=-0.04216152638827611 0.011946311839341988 0.00041819325366360821 -0.010131258196241432 0.021156357306543788 0.030495126388769653 -0.044075362969815977 0.0029227373267710949 0.011089514868809849 0.026451938078552024 -0.04823531714175075 0.0001009058289329817 -0.029652452061979535 -0.027483177809271467 -0.015722972197455238 -0.025074849251220905
leaf_weight=0.21470683667575974 0.50782256676757309 0.33504247944802035 0.68452866538427792 1.3304046774283049 0.7403902202931929 0.30666685686446726 0.68670703622046858 0.2936086608096955 0.45629417966119945 0.22620711242780089 0.4234992636484094 0.31905272766016424 0.34951246139826253 0.32993300599628128 0.16407745040487498
leaf_count=39 30 16 36 32 24 23 31 11 19 15 24 38 24 18 16
internal_value=0.000749667 0.00667809 -0.00902417 0.0102756 0.00464627 -0.0110426 0.0172275 -0.00496774 0.0045009 -0.0135247 -0.0209847 -0.0126832 -0.0138274 -0.0293811 -0.0347601
internal_weight=7.36845 4.58648 2.78197 3.90192 2.57152 1.14442 1.4271 2.40319 1.14082 1.26237 0.968759 0.742552 0.684555 0.6366 0.378784
internal_count=396 198 198 158 126 71 55 143 55 88 77 62 40 41 55
is_linear=0
shrinkage=0.05


Tree=126
num_leaves=17
num_cat=0
split_feature=10 9 5 6 3 14 13 17 9 16 11 10 10 15 16 9
split_gain=0.141017 0.15361 0.120217 0.210961 0.145477 0.116909 0.0827196 0.164111 0.116615 0.108218 0.0562077 0.0531851 0.0515412 0.0367373 0.0424457 0.00614022
threshold=35.850000000000001 202.35000000000002 1.5000000000000002 5.5000000000000009 8.5000000000000018 68.537259615384627 14.500000000000002 2.5000000000000004 163.30000000000004 8.5000000000000018 483.00000000000006 37.050000000000004 36.95000000000001 56.718750000000007 6.5000000000000009 27.200000000000006
decision_type=2 2 2 2 2 2 2 2 2 2 2 2 2 2 2 2
left_child=6 2 3 4 5 11 9 -8 13 10 -1 -2 -7 15 -15 -9
right_child=1 -3 -4 -5 -6 12 7 8 -10 -11 -12 -13 -14 14 -16 -17
leaf_value=-0.0006791993828206516 0.010654290810074935 0.02611970231192064 0.027153587117980046 -0.025294519413809259 -0.014025067475678036 0.0091062824620398771 0.016213424105115583 -0.045486595542325724 -0.0001037377260985428 0.013951210466565401 -0.025996203407047953 0.030951042425114178 -0.019397848447449323 -0.011586097652502158 -0.04648888976457282 -0.060392353966354541
leaf_weight=0.47306930192280583 0.62760366770089715 0.79735889937728632 0.42082998788100656 0.71462666649313167 0.70928233530139539 0.31782228912925337 0.26331253047101177 0.12399709346937016 0.25297876633703709 0.69699843716807663 0.40858959220349789 0.66447984331171028 0.31654520239681005 0.16997232072753832 0.17867274716263637 0.15602692327229306
leaf_count=24 25 19 15 39 35 20 8 29 10 35 29 25 20 18 28 17
internal_value=0.000812109 0.0061807 0.00196492 -0.00119897 0.00533406 0.0124617 -0.00819308 -0.0184248 -0.0287699 -0.000772248 -0.0124119 0.0210923 -0.00511709 -0.0403052 -0.029473 -0.053792
internal_weight=7.29217 4.56855 3.77119 3.35036 2.63573 1.92645 2.72362 1.14496 0.881648 1.57866 0.881659 1.29208 0.634367 0.628669 0.348645 0.280024
internal_count=396 198 179 164 125 90 198 110 102 88 53 50 40 92 46 46
is_linear=0
shrinkage=0.05


Tree=127
num_leaves=15
num_cat=0
split_feature=9 10 18 19 9 8 16 16 11 8 19 19 7 3
split_gain=0.166507 0.306286 0.183506 0.147316 0.123988 0.127368 0.1021 0.0944412 0.0698602 0.0874493 0.0767005 0.0488155 0.0454801 0.0202791
threshold=9.9500000000000011 36.95000000000001 21.500000000000004 17.500000000000004 74.800000000000026 14.500000000000002 21.500000000000004 13.500000000000002 483.00000000000006 12.500000000000002 10.500000000000002 11.500000000000002 55.500000000000007 6.5000000000000009
decision_type=2 2 2 2 2 2 2 2 2 2 2 2 2 2
left_child=2 3 6 8 -3 -6 -1 -4 11 10 -10 12 -2 -13
right_child=1 4 7 -5 5 -7 -8 -9 9 -11 -12 13 -14 -15
leaf_value=-0.02607672270071687 0.011100300713548474 0.032590626297946908 -0.012966299068305759 0.018428919428018161 -0.0020287035980517342 0.026259305576971415 0.018214183408289709 -0.058981548536377881 -0.02435380442478894 -0.041923075794044404 0.0058618478978694584 -0.0065956812445165068 -0.0071360484064017992 -0.024615560336791673
leaf_weight=0.20945723193290156 0.63957020174712009 0.85759717959445003 0.18251838479773141 0.55087435548193742 1.0038045626133678 0.65925768576562394 0.34350829687900841 0.28659589460585266 0.47583825519541256 0.31298063788563013 0.37597561010625213 0.31573674548417319 0.73455435025971383 0.30885825818404555
leaf_count=31 23 36 39 24 31 18 20 21 35 20 22 19 33 24
internal_value=0.000629436 0.00369582 -0.0180766 -0.00543327 0.0171482 0.009185 0.00143728 -0.0410784 -0.00958848 -0.0193216 -0.0110171 -0.00391631 0.00135185 -0.0155064
internal_weight=7.25713 6.23505 1.02208 3.71439 2.52066 1.66306 0.552966 0.469114 3.16351 1.16479 0.851814 1.99872 1.37412 0.624595
internal_count=396 285 111 200 85 49 51 60 176 77 57 99 56 43
is_linear=0
shrinkage=0.05


Tree=128
num_leaves=18
num_cat=0
split_feature=10 7 10 9 19 7 14 14 9 9 9 9 15 14 19 9 6
split_gain=0.143645 0.0997375 0.0781462 0.0815722 0.0727689 0.0631762 0.140007 0.108898 0.131545 0.093845 0.0530178 0.0621544 0.0825925 0.0503315 0.042427 0.0276718 0.0189941
threshold=39.550000000000004 53.500000000000007 35.850000000000001 240.30000000000004 17.500000000000004 57.250000000000007 66.762500000000017 71.871875000000017 20.250000000000004 34.050000000000004 26.350000000000005 37.650000000000006 57.409722222222229 33.361111111111121 8.5000000000000018 12.350000000000001 4.5000000000000009
decision_type=2 2 2 2 2 2 2 2 2 2 2 2 2 2 2 2 2
left_child=1 -1 4 5 10 6 9 8 -7 -4 13 -12 14 -3 -13 16 -15
right_child=-2 2 3 -5 -6 7 -8 -9 -10 -11 11 12 -14 15 -16 -17 -18
leaf_value=-0.026036859502807909 0.027612934826649213 -0.0033568853419254675 0.027807769070981564 0.024812921403257845 0.013069862913250014 -0.046735371691424499 -0.013850155842804466 0.013224425468946291 -0.0030122294727842934 0.0020509453258450053 0.014814038553625267 -0.032153482038864409 0.0076251976112376267 -0.03611306647863604 -0.0088042411582534702 -0.048812206405188498 -0.0076516478260004496
leaf_weight=0.37604990182444442 0.46880896762013424 0.2260285129304983 0.77542361710220642 0.46288517862558354 0.41116760874865566 0.26306672327336833 0.53919340029824514 0.43502580022322945 0.49707137726363726 0.65016050357371569 0.3175024352967738 0.3650189423933623 0.4275345210917294 0.11772941020899452 0.41659332683775574 0.16201215813634917 0.11675409047165886
leaf_count=15 8 17 23 11 33 35 31 22 29 29 13 21 15 26 25 24 19
internal_value=0.000875098 -0.00103594 0.00048457 0.00521003 -0.00620185 0.00233849 0.00785246 -0.00672615 -0.0181438 0.016061 -0.0098888 -0.004874 -0.0100438 -0.0221869 -0.0197085 -0.0329212 -0.0219415
internal_weight=7.02803 6.55922 6.18317 3.62283 2.56034 3.15994 1.96478 1.19516 0.760138 1.42558 2.14917 1.52665 1.20915 0.622524 0.781612 0.396496 0.234484
internal_count=396 388 373 180 193 169 83 86 64 52 160 74 61 86 46 69 45
is_linear=0
shrinkage=0.05


Tree=129
num_leaves=16
num_cat=0
split_feature=10 7 16 10 9 10 9 9 9 2 16 9 10 10 20
split_gain=0.129627 0.0838615 0.0696769 0.11126 0.0784264 0.0540825 0.165473 0.12318 0.103278 0.100935 0.0457431 0.0421806 0.0226367 0.0253501 0.0191938
threshold=39.550000000000004 53.500000000000007 27.500000000000004 37.250000000000007 109.35000000000001 34.650000000000013 47.750000000000007 72.800000000000026 25.650000000000002 5.5000000000000009 43.500000000000007 9.9500000000000011 36.150000000000013 35.250000000000007 6.5000000000000009
decision_type=2 2 2 2 2 2 2 2 2 2 2 2 2 2 2
left_child=1 -1 3 5 -5 6 11 8 9 -7 12 -3 13 -4 -10
right_child=-2 2 10 4 -6 7 -8 -9 14 -11 -12 -13 -14 -15 -16
leaf_value=-0.024078847468236561 0.026380581643236773 -0.015934540651345811 -0.022707417873685652 0.0052138957864033579 0.029997832017885924 -0.024167959896846516 0.0047472792583315394 -0.012890042737371397 0.029439777999531649 0.011113535173258455 0.0053324370727790725 -0.048701246151244097 -0.028598757991018211 0.0003064242727834122 0.014603489514549326
leaf_weight=0.37646481150295574 0.45687929540872563 0.16057646967237837 0.23538471624487989 0.80000285641290225 0.53111169952899218 0.32946336375607665 0.62874532188288867 0.90570532123092551 0.43390426493715495 0.52693154508597218 0.29767258325591683 0.25291143858339638 0.29594897531205788 0.24338145833462477 0.43810446606948972
leaf_count=15 8 23 26 34 14 48 25 37 19 38 20 31 22 15 21
internal_value=0.000642877 -0.00117845 0.00023955 0.0027166 0.0151026 -0.00176808 -0.0114091 0.00204659 0.00987357 -0.0024596 -0.0113269 -0.0359764 -0.017728 -0.0110083 0.0219859
internal_weight=6.91319 6.45631 6.07984 5.00746 1.33111 3.67634 1.04223 2.63411 1.7284 0.856395 1.07239 0.413488 0.774715 0.478766 0.872009
internal_count=396 388 373 290 48 242 79 163 126 86 83 54 63 41 40
is_linear=0
shrinkage=0.05


Tree=130
num_leaves=17
num_cat=0
split_feature=10 11 4 11 8 9 10 6 8 17 10 13 9 15 11 15
split_gain=0.28843 0.104065 0.0996219 0.158059 0.207129 0.142811 0.0839188 0.0780929 0.0779522 0.100094 0.0585886 0.107938 0.121499 0.0413298 0.0202437 0.0162114
threshold=35.350000000000001 489.00000000000006 11.500000000000002 467.00000000000006 14.500000000000002 74.800000000000026 37.45000000000001 4.5000000000000009 14.500000000000002 4.5000000000000009 33.45000000000001 15.500000000000002 167.95000000000002 56.665178571428577 499.00000000000006 56.718750000000007
decision_type=2 2 2 2 2 2 2 2 2 2 2 2 2 2 2 2
left_child=1 10 8 13 5 6 7 -5 9 -2 -1 -12 15 -4 -3 -13
right_child=2 14 3 4 -6 -7 -8 -9 -10 -11 11 12 -14 -15 -16 -17
leaf_value=-0.029158623145065454 0.036884495739547614 -0.026497935624216307 -0.0052626583668405266 0.0094819275706044086 0.037849810199436409 -0.028696440570505462 0.020698495465445083 -0.027010291768760811 -0.00051796622885743509 0.0090183652804622771 0.0092243185153519057 -0.058937167686595349 0.010192118145236984 -0.026716468036925518 -0.046271665290181792 -0.033150363613371245
leaf_weight=0.29104475956410158 0.6159598527010528 0.27607004425954063 0.42367910491884719 0.35879491642117523 0.46461621811613429 0.34261377854272712 0.62283402169123292 0.24789848770888057 0.52661649975925673 0.67582000466063619 0.62649715435691156 0.12251480540726334 0.1578811090439558 0.47748892757226713 0.24368793109897524 0.12128741794731468
leaf_count=20 24 25 22 29 13 17 24 30 16 39 33 25 5 21 22 19
internal_value=-3.65777e-06 -0.0168195 0.00649803 0.000805101 0.00851934 -0.000148722 0.00780624 -0.00542901 0.0156959 0.0223058 -0.00935376 -0.00374764 -0.0239797 -0.0166301 -0.0357688 -0.0461087
internal_weight=6.59531 1.83898 4.75632 2.93793 2.03676 1.57214 1.22953 0.606693 1.8184 1.29178 1.31923 1.02818 0.401683 0.901168 0.519758 0.243802
internal_count=384 149 235 156 113 100 83 59 79 63 102 82 49 43 47 44
is_linear=0
shrinkage=0.05


Tree=131
num_leaves=15
num_cat=0
split_feature=9 6 15 19 15 9 9 9 9 20 14 18 8 19
split_gain=0.087301 0.071977 0.0634632 0.090499 0.0756782 0.146246 0.253369 0.0633345 0.0601146 0.0552258 0.0484269 0.0946056 0.0640383 0.031349
threshold=266.7000000000001 4.5000000000000009 56.937500000000007 13.500000000000002 55.111111111111121 14.65 11.500000000000002 69.250000000000014 12.350000000000001 6.5000000000000009 68.277884615384622 13.500000000000002 9.5000000000000018 7.5000000000000009
decision_type=2 2 2 2 2 2 2 2 2 2 2 2 2 2
left_child=1 2 4 -4 -1 6 -6 -7 9 -3 12 -12 -10 -14
right_child=-2 8 3 -5 5 7 -8 -9 10 -11 11 -13 13 -15
leaf_value=0.014620259719844398 0.024539426621988259 -0.0016558848807974352 0.023809221116191548 -0.0051869499709328 -0.026489482358820555 -0.042402709228634448 0.048029967578074956 -0.0096672025498120845 -0.012249144070154792 -0.040955352143941179 -0.030268909931323598 0.0003666509020466372 0.012764206852937466 -0.0022941167454968259
leaf_weight=0.46233522007241878 0.33576632570475329 0.14841826661722768 0.74277640588115879 0.42196111238445155 0.22320921889331635 0.29641713720047846 0.23327520140446723 0.29460831359028816 0.68899858130316793 0.22478459791454952 0.4472902576671911 0.57719145284499973 0.81048704613931455 0.60260943416506052
leaf_count=29 10 29 33 33 36 30 5 15 35 25 23 32 28 21
internal_value=-0.000289755 -0.00163998 0.00453539 0.0133045 -0.00222934 -0.00966619 0.0115919 -0.026085 -0.0063593 -0.0253264 -0.00409529 -0.0130089 0.000248859 0.00634264
internal_weight=6.51013 6.17436 2.67458 1.16474 1.50985 1.04751 0.456484 0.591025 3.49978 0.373203 3.12658 1.02448 2.1021 1.4131
internal_count=384 374 181 66 115 86 41 45 193 54 139 55 84 49
is_linear=0
shrinkage=0.05


Tree=132
num_leaves=15
num_cat=0
split_feature=10 4 11 8 8 9 9 8 11 9 6 8 20 13
split_gain=0.248737 0.113973 0.120846 0.178228 0.118335 0.0948272 0.146026 0.0866569 0.0778773 0.0770443 0.0529847 0.0349258 0.0256091 0.0188559
threshold=35.95000000000001 11.500000000000002 467.00000000000006 14.500000000000002 10.500000000000002 13.000000000000002 46.100000000000001 2.5000000000000004 473.00000000000006 11.500000000000002 4.5000000000000009 7.5000000000000009 3.0000000000000004 14.500000000000002
decision_type=2 2 2 2 2 2 2 2 2 2 2 2 2 2
left_child=5 12 -3 4 9 7 13 -1 -8 -4 -9 -11 -2 -7
right_child=1 2 3 -5 -6 6 8 10 -10 11 -12 -13 -14 -15
leaf_value=-0.029164913335383347 0.010588858013851163 -0.015039413450251407 -0.011991481720710712 0.035984129563714357 -0.022099752186419495 -0.03540923169107843 0.0039224198852367961 0.023939191395129653 -0.023308762579064043 0.028191128131797402 -0.0080755502580395246 0.006509420510913801 0.024030419087344799 -0.055737381989830449
leaf_weight=0.17900951555930111 0.63926590513437964 0.84881476848386261 0.31870461699872954 0.42988866288214911 0.44673834112472821 0.25167269352823485 0.48270631534978725 0.31995473595452495 0.57567365653812885 0.37303518029511906 0.21681554795941338 0.36992660128453281 0.79506285674870014 0.20864918845472857
leaf_count=39 27 38 30 12 24 20 20 26 30 19 24 21 23 31
internal_value=-0.000553009 0.00658734 0.000693635 0.00758343 -0.000510643 -0.0140427 -0.0211141 0.000960848 -0.0108892 0.00857383 0.0110076 0.0173956 0.0180397 -0.0446233
internal_weight=6.45592 4.22144 2.78711 1.93829 1.5084 2.23448 1.5187 0.71578 1.05838 1.06167 0.53677 0.742962 1.43433 0.460322
internal_count=384 194 144 106 94 190 101 89 50 70 50 40 50 51
is_linear=0
shrinkage=0.05


Tree=133
num_leaves=16
num_cat=0
split_feature=10 11 3 10 9 17 11 10 18 10 9 3 20 1 11
split_gain=0.216489 0.116381 0.0968938 0.0829746 0.139966 0.0651813 0.0636358 0.11087 0.210796 0.0674734 0.0840384 0.0757081 0.0538734 0.0220642 0.00491305
threshold=36.150000000000013 499.00000000000006 8.5000000000000018 35.150000000000013 101.85000000000001 6.5000000000000009 503.00000000000006 37.650000000000013 34.500000000000007 36.350000000000001 74.800000000000026 7.5000000000000009 8.5000000000000018 3.5000000000000004 461.00000000000006
decision_type=2 2 2 2 2 2 2 2 2 2 2 2 2 2 2
left_child=1 2 3 4 13 -5 7 8 9 -2 11 -11 -9 14 -1
right_child=6 -3 -4 5 -6 -7 -8 12 -10 10 -12 -13 -14 -15 -16
leaf_value=-0.04106382876377674 0.0027684744528224895 -0.037134838036026151 0.012234014263902825 -0.016984652594823933 -0.0032477609431655237 0.013398262643580423 0.020158974296957097 0.004446036743211387 0.026961386266235704 -0.03159621101992454 -0.044306517335257478 0.0086578738534475869 0.023484482978296861 -0.027349986969525654 -0.05372440020964573
leaf_weight=0.13381024391856111 0.31867503002286024 0.37571807819767844 0.50439874635776494 0.30824285885319103 0.51868541305884719 0.41309503177762963 0.76896503171883512 0.76896527875214793 0.37008259296999302 0.22838499287172453 0.31865982804447412 0.2390805862378329 0.71902832167688757 0.2094751811819151 0.17931164865149185
leaf_count=13 14 36 34 28 18 21 34 29 25 26 14 15 21 27 29
internal_value=-0.000411356 -0.0113609 -0.00708935 -0.012619 -0.0216482 0.000415004 0.00734268 0.00401642 -0.00569855 -0.0166389 -0.0245061 -0.0110087 0.0136458 -0.0399109 -0.048314
internal_weight=6.37458 2.64274 2.26702 1.76262 1.04128 0.721338 3.73184 2.96288 1.47488 1.1048 0.786125 0.467466 1.48799 0.522597 0.313122
internal_count=384 206 170 136 87 49 178 144 94 69 55 41 50 69 42
is_linear=0
shrinkage=0.05


Tree=134
num_leaves=14
num_cat=0
split_feature=10 7 10 17 14 7 16 14 3 15 19 14 10
split_gain=0.184882 0.15009 0.129802 0.115004 0.209036 0.144944 0.0756564 0.172774 0.108198 0.106256 0.0832244 0.0622656 0.0224078
threshold=37.650000000000013 53.500000000000007 33.45000000000001 3.5000000000000004 33.361111111111121 56.500000000000007 10.500000000000002 73.818333333333342 8.5000000000000018 55.732638888888893 5.5000000000000009 62.320982142857154 38.650000000000013
decision_type=2 2 2 2 2 2 2 2 2 2 2 2 2
left_child=1 -1 -3 5 -5 -4 8 9 10 -8 -6 -2 -13
right_child=11 2 3 4 6 -7 7 -9 -10 -11 -12 12 -14
leaf_value=-0.040885800637671693 0.026070493070710556 -0.032145220828501478 -0.045777334379125394 0.036184578684912753 -0.022340398447845161 -0.00065180165573753852 -0.0055342139151386537 0.011456243090837454 0.028239947281739643 -0.044443503227856812 0.0060289661372080186 -0.0017736567852631357 0.012706335527231863
leaf_weight=0.29264293785672624 0.59931525215506543 0.37190066068433214 0.30101312691113014 0.40943373646587167 0.36288212839281209 0.43526061062584631 0.31404548283899181 0.4836521130928304 0.38207749259890977 0.39762543307733722 0.89889345341362059 0.5007365522906182 0.57281887624412775
leaf_count=10 17 26 29 18 26 34 23 29 18 48 64 26 16
internal_value=-0.00109451 -0.00622326 -0.00389499 -0.00125846 0.00278534 -0.0191006 -0.00203112 -0.0116027 0.00492886 -0.0272736 -0.00212996 0.0131599 0.00595246
internal_weight=6.3223 4.64943 4.35678 3.98488 3.24861 0.736274 2.83918 1.19532 1.64385 0.711671 1.26178 1.67287 1.07356
internal_count=384 325 315 289 226 63 208 100 108 71 90 59 42
is_linear=0
shrinkage=0.05


Tree=135
num_leaves=14
num_cat=0
split_feature=10 16 16 15 15 18 19 6 18 10 4 7 10
split_gain=0.210045 0.100731 0.0720368 0.0743335 0.0654004 0.062134 0.0964494 0.0523645 0.0745701 0.0415777 0.051392 0.0383207 0.0368232
threshold=39.050000000000004 15.500000000000002 8.5000000000000018 57.033333333333339 57.208333333333336 32.500000000000007 11.500000000000002 4.5000000000000009 26.500000000000004 34.750000000000007 11.500000000000002 57.250000000000007 35.550000000000004
decision_type=2 2 2 2 2 2 2 2 2 2 2 2 2
left_child=1 2 3 5 -5 6 12 8 -3 -6 -11 -9 -1
right_child=-2 7 -4 4 9 -7 -8 11 -10 10 -12 -13 -14
leaf_value=-0.004578510329969759 0.025497999918570609 -0.013839548333687552 0.017975555459164697 -0.027102391247410498 -0.019347716759618709 0.021451315997578754 -0.018214838171092783 0.0027688276203838491 -0.048891302568566102 0.013937570358671346 -0.0094764302167816492 -0.018086604687616199 0.013750576048741282
leaf_weight=0.42507567012216962 0.64162602648138989 0.43112741457298376 0.46024795487755898 0.44497330230660725 0.36305007175542392 0.3878757974016479 0.54037041548872355 0.44336053438019007 0.23414007882820442 0.40904347825562581 0.54878593819739763 0.43771494284737855 0.77109094968182035
leaf_count=26 15 38 27 31 23 27 39 27 25 15 36 30 36
internal_value=-0.00166994 -0.00462604 -0.000729996 -0.00294301 -0.0105238 0.0033583 -0.000682985 -0.0155872 -0.026176 -0.00493887 0.000522578 -0.00759207 0.00723706
internal_weight=6.53848 5.89686 4.35051 3.89027 1.76585 2.12441 1.73654 1.54634 0.665267 1.32088 0.957829 0.881075 1.19617
internal_count=395 380 260 233 105 128 101 120 63 74 51 57 62
is_linear=0
shrinkage=0.05


Tree=136
num_leaves=15
num_cat=0
split_feature=10 16 16 11 11 6 10 9 9 6 9 5 16 10
split_gain=0.198418 0.0875138 0.0722335 0.0672995 0.0859801 0.0666499 0.0756747 0.0972034 0.0561449 0.0458436 0.0405462 0.040104 0.0283661 0.0066987
threshold=39.050000000000004 15.500000000000002 8.5000000000000018 459.00000000000006 467.00000000000006 3.5000000000000004 37.050000000000004 51.350000000000001 61.70000000000001 4.5000000000000009 90.350000000000009 1.0000000180025095e-35 35.500000000000007 35.45000000000001
decision_type=2 2 2 2 2 2 2 2 2 2 2 2 2 2
left_child=1 2 3 8 -5 -6 7 -7 -1 12 -8 -11 13 -3
right_child=-2 9 -4 4 5 6 10 -9 -10 11 -12 -13 -14 -15
leaf_value=0.019927113941673437 0.024904281312624399 -0.026222925868154414 0.01784877015951597 -0.032314617654361187 0.018039580269131453 -0.0015307921733479146 -0.0065453019756883824 -0.028775555049675695 -0.0031770117553328891 -0.017629002094852336 0.014705991143971434 0.003821990196857061 -0.010520800410062356 -0.039098629829034212
leaf_weight=0.48955866781761892 0.63067260058596719 0.1862550215446388 0.45400098781101395 0.30565468617714975 0.29637653188547153 0.6683716177067256 0.45367606432409946 0.64170155394822359 0.56806303281337023 0.47171850653830916 0.44422250567004085 0.40492281754268333 0.20834365108748898 0.22072754963301122
leaf_count=26 15 22 27 22 16 76 31 32 17 33 13 24 21 20
internal_value=-0.00173329 -0.004623 -0.00101852 -0.00323326 -0.00727963 -0.00422412 -0.00721258 -0.0148759 0.00751757 -0.0150637 0.00396847 -0.00772074 -0.0255251 -0.0332061
internal_weight=6.44427 5.81359 4.32163 3.86762 2.81 2.50435 2.20797 1.31007 1.05762 1.49197 0.897899 0.876641 0.615326 0.406983
internal_count=395 380 260 233 190 168 152 108 43 120 44 57 63 42
is_linear=0
shrinkage=0.05


Tree=137
num_leaves=15
num_cat=0
split_feature=16 16 17 14 18 18 3 18 9 6 14 9 14 18
split_gain=0.114313 0.0678819 0.0652907 0.0593814 0.0924725 0.0670104 0.0783269 0.0578168 0.041475 0.052848 0.0329699 0.031922 0.0301993 0.0100968
threshold=15.500000000000002 8.5000000000000018 1.5000000000000002 73.818333333333342 38.500000000000007 3.5000000000000004 5.5000000000000009 25.500000000000004 9.1500000000000004 4.5000000000000009 66.762500000000017 171.10000000000005 48.229761904761915 13.500000000000002
decision_type=2 2 2 2 2 2 2 2 2 2 2 2 2 2
left_child=1 2 -1 4 5 12 -7 -8 -2 13 -11 -5 -4 -10
right_child=8 -3 3 11 -6 6 7 -9 9 10 -12 -13 -14 -15
leaf_value=0.017406060579292591 -0.028363375786969531 0.019331725878005648 0.013137034720480018 -0.0048697984321726395 0.018954035260449292 0.01278873445447757 -0.026115815223313382 -0.002387139551950546 -0.015494764303019 0.008699905833642706 -0.012287616058694852 -0.024883140205687562 -0.0028398616555486865 -0.031496725519860928
leaf_weight=0.46606012398842711 0.37798833282431576 0.49044623848749314 0.60715652070939652 0.41138584751752194 0.56872747010493174 0.27757535656564858 0.66664608690189175 0.41747340862639248 0.18472368654329308 0.38678737607551739 0.3625048731919378 0.3863843884319067 0.57669977348268731 0.2113806206616573
leaf_count=16 34 28 22 35 32 21 50 22 17 26 21 10 37 24
internal_value=-0.00204841 0.00169189 -0.000284168 -0.00239169 0.00072615 -0.00334633 -0.0109105 -0.0169784 -0.014002 -0.0092626 -0.00145378 -0.0145629 0.0053541 -0.0240342
internal_weight=6.39194 4.86856 4.37811 3.91205 3.11428 2.54555 1.36169 1.08412 1.52338 1.1454 0.749292 0.79777 1.18386 0.396104
internal_count=395 273 245 229 184 152 93 72 122 88 47 45 59 41
is_linear=0
shrinkage=0.05


Tree=138
num_leaves=15
num_cat=0
split_feature=18 10 16 18 16 15 15 14 6 8 8 15 17 3
split_gain=0.233957 0.183734 0.0646968 0.0801006 0.112232 0.131044 0.0753743 0.0505074 0.0476692 0.0463445 0.0385209 0.0692122 0.0314228 0.0440964
threshold=48.500000000000007 37.650000000000013 15.500000000000002 38.500000000000007 8.5000000000000018 56.665178571428577 57.309523809523817 62.320982142857154 4.5000000000000009 13.500000000000002 13.500000000000002 55.732638888888893 9.5000000000000018 5.5000000000000009
decision_type=2 2 2 2 2 2 2 2 2 2 2 2 2 2
left_child=1 2 3 4 5 10 8 -3 -7 -9 11 -1 13 -4
right_child=-2 7 12 -5 -6 6 -8 9 -10 -11 -12 -13 -14 -15
leaf_value=-0.0076438934151725237 -0.042587274998430014 0.023828684980862817 -0.00034894720873951277 0.016581594768420679 0.020922046355382529 -0.019822478081810532 -0.0088862403401200087 -0.0045519977446459095 -0.046473070918274559 0.015535995471699014 -0.013131489880338366 0.019481597701682184 -0.030987182094692079 -0.025894056770359736
leaf_weight=0.45975694758817665 0.37066854559816409 0.59623735351487983 0.36564289155648999 0.42002316196158052 0.32466415525414039 0.33495565332123056 0.6096978860150557 0.55197739554569103 0.33620428811991587 0.59837879193946719 0.35331786796450615 0.48138831628602929 0.32841556417406537 0.31402897799853235
leaf_count=32 15 20 29 33 17 28 34 25 37 18 12 30 32 33
internal_value=-0.00402314 -0.00167001 -0.00719397 -0.00382542 -0.0067811 -0.0102736 -0.0216121 0.0120185 -0.0331726 0.00589714 0.00094579 0.00623058 -0.0182878 -0.0121516
internal_weight=6.44536 6.07469 4.3281 3.32001 2.89999 2.57532 1.28086 1.74659 0.67116 1.15036 1.29446 0.941145 1.00809 0.679672
internal_count=395 380 317 223 190 173 99 63 65 43 74 62 94 62
is_linear=0
shrinkage=0.05


Tree=139
num_leaves=16
num_cat=0
split_feature=10 17 14 15 17 16 9 16 14 19 5 10 16 10 5
split_gain=0.194493 0.0677402 0.0618182 0.0836878 0.0614777 0.101687 0.119772 0.0783687 0.0634661 0.073297 0.0615395 0.0475084 0.0517446 0.0389741 0.0377995
threshold=39.050000000000004 1.5000000000000002 73.818333333333342 57.409722222222229 3.5000000000000004 10.500000000000002 167.95000000000002 3.5000000000000004 68.277884615384622 7.5000000000000009 1.0000000180025095e-35 37.650000000000013 34.500000000000007 35.750000000000007 1.0000000180025095e-35
decision_type=2 2 2 2 2 2 2 2 2 2 2 2 2 2 2
left_child=1 -1 4 14 8 6 7 10 9 -3 -6 12 13 -7 -4
right_child=-2 2 3 -5 5 11 -8 -9 -10 -11 -12 -13 -14 -15 -16
leaf_value=0.013947756348636956 0.024386595466742326 -0.0078467912872961492 -0.019977576673656544 -0.0029957753353545527 -0.018431429685624893 -0.016725378293240282 0.03158829572575194 0.018905668492875772 0.0049134135892889112 -0.041113270412389026 0.0042624849694410287 0.0027723192379203714 -0.0019413439751423908 -0.044055665811399525 -0.046307360707213252
leaf_weight=0.4268427276983856 0.61572220735251892 0.34972538906731632 0.33347435889299937 0.52460693102329969 0.55300308560254119 0.31563137663761132 0.37758906185626973 0.42042930319439609 0.27643328777048737 0.31447241004207171 0.64967811680980958 0.36812141537666321 0.29423257434973493 0.22233049481292255 0.23055200497037731
leaf_count=15 15 23 31 25 48 33 12 19 14 30 39 17 28 26 20
internal_value=-0.00230009 -0.00520467 -0.0067677 -0.0173703 -0.00398081 -0.000678576 0.00622407 0.000323516 -0.0152185 -0.0235972 -0.00617237 -0.012184 -0.0187999 -0.0280205 -0.0307402
internal_weight=6.27284 5.65712 5.23028 1.08863 4.14165 3.20102 2.0007 1.62311 0.940631 0.664198 1.20268 1.20032 0.832194 0.537962 0.564026
internal_count=395 380 365 76 289 222 118 106 67 53 87 104 87 59 51
is_linear=0
shrinkage=0.05


Tree=140
num_leaves=16
num_cat=0
split_feature=10 9 9 10 9 20 18 18 6 15 11 5 18 11 18
split_gain=0.198354 0.0526123 0.148583 0.0755504 0.0667495 0.061979 0.112233 0.0639142 0.0749817 0.057512 0.0493685 0.0445376 0.0439102 0.0433036 0.0307777
threshold=39.050000000000004 23.550000000000001 30.700000000000006 33.850000000000001 14.65 9.5000000000000018 10.500000000000002 15.500000000000002 5.5000000000000009 57.267857142857146 477.00000000000006 1.0000000180025095e-35 34.500000000000007 489.00000000000006 20.500000000000004
decision_type=2 2 2 2 2 2 2 2 2 2 2 2 2 2 2
left_child=1 3 -3 -1 9 7 -7 10 -9 11 -4 14 -13 -6 -5
right_child=-2 2 5 4 13 6 -8 8 -10 -11 -12 12 -14 -15 -16
leaf_value=-0.036789511547400865 0.035295312649258968 0.023805967656967256 -0.00030905255507163821 0.028604946827599322 -0.040172636908034312 -0.033877131651238179 0.002328251236783162 0.0037775033708647796 -0.022124277884807614 -0.01967907164759642 0.01827390516899197 -0.018013469157851368 0.014361024369654555 -0.0085018333590377339 0.002345775472304047
leaf_weight=0.2108316235244273 0.38941197283565987 0.63548945984803129 0.763167324941606 0.27942359476583056 0.18107062025228504 0.3918938300339504 0.47167507815174758 0.64312820014310979 0.49404242332093418 0.25104085874045268 0.67221541225444525 0.2459347002877621 0.18242765415925533 0.26720296073472127 0.18577668911893852
leaf_count=25 10 30 28 24 25 21 21 34 28 26 30 30 18 23 29
internal_value=0.00073714 -0.00155335 0.00159583 -0.00866218 -0.00493927 -0.00251179 -0.014102 0.00137887 -0.00747549 0.00146614 0.00839368 0.00740675 -0.00422607 -0.0212946 0.0181184
internal_weight=6.26473 5.87532 4.07161 1.80371 1.59288 3.43612 0.863569 2.57255 1.13717 1.1446 1.43538 0.893563 0.428362 0.448274 0.4652
internal_count=402 392 192 200 175 162 42 120 62 127 58 101 48 48 53
is_linear=0
shrinkage=0.05


Tree=141
num_leaves=17
num_cat=0
split_feature=10 17 10 11 9 16 9 14 16 4 9 9 10 9 9 17
split_gain=0.189359 0.0817309 0.232044 0.10528 0.0705197 0.153526 0.103238 0.125695 0.087782 0.0928294 0.0790741 0.0731641 0.0609025 0.0282756 0.0157132 0.00563974
threshold=39.050000000000004 7.5000000000000009 36.350000000000001 473.00000000000006 23.550000000000001 34.500000000000007 30.700000000000006 52.369791666666679 2.5000000000000004 11.500000000000002 147.80000000000004 74.15000000000002 37.850000000000001 235.90000000000003 6.1000000000000005 3.5000000000000004
decision_type=2 2 2 2 2 2 2 2 2 2 2 2 2 2 2 2
left_child=1 4 3 -3 5 8 -6 -8 9 -1 11 -9 15 -12 -10 -11
right_child=-2 2 -4 -5 6 -7 7 10 14 12 13 -13 -14 -15 -16 -17
leaf_value=0.0038313402636070445 0.034509039568083828 0.0090469626880534462 0.030691275185239533 -0.031248223476609813 0.019783356079846524 0.032410198320416299 -0.022482063157198483 -0.005267591536991939 -0.03364979106437338 -0.041239183877441084 -0.016591714740805268 0.020997922157863693 -0.007026741639495987 3.7328053348758868e-05 -0.057992843847070499 -0.057693701344796615
leaf_weight=0.36494820727966704 0.37936394196003664 0.31282721634488531 0.63413672128808685 0.33642459772818256 0.48720959667116437 0.14330630420590751 0.76478235988179255 0.44322842429392062 0.11807334364857525 0.10470996944059152 0.54800735088065244 0.6598501552361995 0.14276670222170651 0.47914311103522778 0.15115469560259953 0.10359572149172891
leaf_count=39 10 21 27 38 20 14 37 28 13 22 26 28 9 16 27 27
internal_value=0.000286391 -0.00195428 0.00917877 -0.0118329 -0.00512182 -0.0159446 -0.00151055 -0.00509416 -0.0229779 -0.0138263 0.00114835 0.0104442 -0.0321818 -0.00883463 -0.0473169 -0.0494224
internal_weight=6.17353 5.79416 1.28339 0.649252 4.51078 1.12855 3.38222 2.89501 0.985249 0.716021 2.13023 1.10308 0.351072 1.02715 0.269228 0.208306
internal_count=402 392 86 59 306 151 155 135 137 97 98 56 58 42 40 49
is_linear=0
shrinkage=0.05


Tree=142
num_leaves=17
num_cat=0
split_feature=10 9 16 9 14 16 13 9 9 17 16 3 10 10 10 10
split_gain=0.175466 0.0493843 0.0758392 0.0750102 0.0555307 0.0525543 0.0600689 0.0490334 0.0930923 0.048449 0.0748185 0.0391833 0.0429628 0.0261633 0.0243785 0.0133381
threshold=39.050000000000004 23.550000000000001 26.500000000000004 30.700000000000006 52.369791666666679 10.500000000000002 17.000000000000004 251.45000000000002 150.20000000000002 3.5000000000000004 8.5000000000000018 7.5000000000000009 36.45000000000001 36.150000000000013 36.850000000000001 35.650000000000013
decision_type=2 2 2 2 2 2 2 2 2 2 2 2 2 2 2 2
left_child=1 2 5 -3 13 6 11 8 9 -6 -11 12 -1 -5 -13 -4
right_child=-2 3 15 4 7 -7 -8 -9 -10 10 -12 14 -14 -15 -16 -17
leaf_value=-0.05065145389948536 0.033877835501650459 0.01773249977350146 -0.00021487463917131078 -0.0040121436089837976 0.021087479112930768 -0.032525131786685806 0.010024271240012404 0.017379187815242347 -0.015434241200528012 -0.01735412904175488 0.011689366609608454 0.0041672166977908022 -0.010532122192343882 -0.021859036366613446 -0.020567109509101802 0.017601553532208766
leaf_weight=0.14390742770046905 0.37025745306164015 0.59770282893441651 0.1919348458177409 0.41770398383960161 0.41039344482123918 0.31689808936789632 0.28875269125273917 0.43846540804952372 0.72756176348775614 0.3610739903524518 0.57464844395872205 0.21385034098057076 0.12442899276356911 0.40395135572180152 0.18649803508014884 0.232058038294781
leaf_count=30 10 30 26 21 18 38 26 13 34 21 35 26 24 20 15 15
internal_value=0.000536504 -0.00165626 -0.00878126 0.0014216 -0.00150272 -0.0148758 -0.00903417 0.00218782 -0.00102429 0.00676414 0.000482143 -0.017264 -0.0320479 -0.0127862 -0.00735501 0.00953634
internal_weight=6.00009 5.62983 1.69833 3.9315 3.3338 1.27434 0.957437 2.51214 2.07368 1.34612 0.935722 0.668685 0.268336 0.821655 0.400348 0.423993
internal_count=402 392 200 192 162 159 121 121 108 74 56 95 54 41 41 41
is_linear=0
shrinkage=0.05


Tree=143
num_leaves=16
num_cat=0
split_feature=10 9 10 16 9 19 19 3 19 2 6 11 10 4 2
split_gain=0.165671 0.0531375 0.0815714 0.0930805 0.0589872 0.0515134 0.0499469 0.097675 0.0845029 0.0897294 0.05253 0.0417663 0.057339 0.0261538 0.00257381
threshold=39.050000000000004 23.550000000000001 33.850000000000001 26.500000000000004 30.700000000000006 16.500000000000004 8.5000000000000018 6.5000000000000009 12.500000000000002 5.5000000000000009 5.5000000000000009 489.00000000000006 36.95000000000001 11.500000000000002 5.5000000000000009
decision_type=2 2 2 2 2 2 2 2 2 2 2 2 2 2 2
left_child=1 2 -1 5 -3 11 7 -6 -8 -10 -9 12 14 -13 -4
right_child=-2 4 3 -5 6 -7 8 10 9 -11 -12 13 -14 -15 -16
leaf_value=-0.040290657507791726 0.03311365793877253 0.015836855767337159 -0.046309117446645724 0.01583905116950422 0.0055875899830846107 0.0039701362520744255 0.016840766564558851 -0.031981312929290899 0.008975952917462315 -0.021050557879009887 -0.006608389138237615 0.0029015624846388797 -0.010126215866309747 -0.021703144063533231 -0.058146733198873236
leaf_weight=0.18919390277005721 0.35995542258024205 0.59183634468354318 0.098158236156450362 0.38147475841105905 0.71428515634033851 0.32010327451280318 0.77173365792259552 0.42233382747508585 0.52739631664007902 0.47102052107220516 0.39456545142456889 0.21153405585209839 0.14879384015512187 0.22067312826402485 0.0862806347431615
leaf_count=25 10 30 26 36 33 26 30 27 24 28 20 22 17 29 19
internal_value=0.000241973 -0.00189022 -0.00939161 -0.00540671 0.00130098 -0.0128728 -0.00130489 -0.00791747 0.00441501 -0.00518958 -0.0197261 -0.0199164 -0.0332179 -0.00966093 -0.0518468
internal_weight=5.90934 5.54938 1.65621 1.46702 3.89317 1.08554 3.30133 1.53118 1.77015 0.998417 0.816899 0.76544 0.333233 0.432207 0.184439
internal_count=402 392 200 175 192 139 162 80 82 52 47 113 62 51 45
is_linear=0
shrinkage=0.05


Tree=144
num_leaves=18
num_cat=0
split_feature=10 9 7 17 7 13 11 10 13 10 11 18 17 13 10 10 8
split_gain=0.155356 0.0496125 0.0371476 0.0828524 0.119418 0.12082 0.0791811 0.108263 0.0715262 0.0951096 0.0959699 0.0525895 0.0485606 0.0458274 0.0626641 0.0264945 0.00998767
threshold=39.050000000000004 266.7000000000001 54.500000000000007 4.5000000000000009 56.500000000000007 17.000000000000004 475.00000000000006 37.45000000000001 15.500000000000002 36.250000000000007 471.00000000000006 13.500000000000002 9.5000000000000018 14.500000000000002 37.550000000000004 35.45000000000001 8.5000000000000018
decision_type=2 2 2 2 2 2 2 2 2 2 2 2 2 2 2 2 2
left_child=1 2 -1 4 13 6 -6 -8 11 10 -10 -5 -11 -4 -15 -13 -12
right_child=-2 -3 3 8 5 -7 7 -9 9 12 16 15 -14 14 -16 -17 -18
leaf_value=0.011424110252167068 0.03236054605122473 0.017119281206545527 -0.0089755816894360029 0.020409680696025858 0.01042390840887133 0.025139424483108731 -0.039908872730361172 0.0040526330834920249 -0.0013692256456566815 -0.0036681781557052068 -0.030919473138429545 -0.0078158541162413036 0.023478651691059491 -0.048190826394563187 -0.016028870115976031 0.011801497040987964 -0.048813569909691268
leaf_weight=0.40267021872568864 0.35070147365331639 0.32047787681221951 0.27938296389766071 0.61330479988828324 0.28552008344558977 0.31312416377477348 0.33926664449973032 0.23849659692496061 0.31319621676811926 0.48351069941418245 0.1456206297443714 0.41087160375900567 0.24986571512999944 0.3299501517903991 0.27995428000576794 0.29618406540248543 0.16788082011044025
leaf_count=17 10 9 19 23 22 16 44 9 26 38 33 34 16 35 12 19 20
internal_value=0.000100135 -0.00196847 -0.00315655 -0.0043936 -0.0119189 -0.00146651 -0.0111168 -0.0217619 0.0014058 -0.00664177 -0.020945 0.00969543 0.00558091 -0.0257459 -0.0334281 0.000401811 -0.0405018
internal_weight=5.81998 5.46928 5.1488 4.74613 2.06569 1.17641 0.863283 0.577763 2.68043 1.36007 0.626698 1.32036 0.733376 0.889287 0.609904 0.707056 0.313501
internal_count=402 392 383 366 157 91 75 53 209 133 79 76 54 66 47 53 53
is_linear=0
shrinkage=0.05


Tree=145
num_leaves=16
num_cat=0
split_feature=10 4 17 19 8 9 10 18 18 18 18 8 9 10 11
split_gain=0.0705225 0.137763 0.0873108 0.0970903 0.0696452 0.131675 0.135273 0.0545845 0.0919762 0.0510166 0.129729 0.113006 0.0903128 0.0751076 0.0440807
threshold=36.150000000000013 11.500000000000002 8.5000000000000018 17.500000000000004 14.500000000000002 110.80000000000001 38.650000000000013 19.500000000000004 33.500000000000007 15.500000000000002 30.500000000000004 6.5000000000000009 29.550000000000001 35.050000000000004 487.00000000000006
decision_type=2 2 2 2 2 2 2 2 2 2 2 2 2 2 2
left_child=2 -2 3 9 5 6 7 14 -9 12 -11 -12 13 -1 -3
right_child=1 4 -4 -5 -6 -7 -8 8 -10 10 11 -13 -14 -15 -16
leaf_value=-0.046145297654272208 0.022897449829926475 -0.0063919116654188556 -0.029858845396091613 0.022899347326800882 0.018855249515039266 -0.025718137240531236 0.034860017391941667 -0.042262756013299013 0.0013395750094704409 -0.048221138864421725 0.020929186847910536 -0.026384784243396481 0.0093721913330903107 0.0032699183497592061 0.01790652606989802
leaf_weight=0.15841750969411872 0.96301380242221091 0.38358614645403644 0.29178162392054208 0.3628823326434939 0.43109879037365306 0.49447216186672438 0.2876265957020222 0.199494159387541 0.30718294013058767 0.21606748568592582 0.26119742362061515 0.24417963583255187 0.86572222062386572 0.14942790678469464 0.36355652296333574
leaf_count=29 38 28 35 26 15 18 9 24 29 33 27 18 34 11 26
internal_value=0.00217769 0.00685921 -0.00412028 -0.000794156 0.000598596 -0.00326719 0.00393473 -0.00315954 -0.015828 -0.00533131 -0.0157947 -0.00193119 0.00110101 -0.0221592 0.00543161
internal_weight=5.97971 3.43003 2.54968 2.25789 2.46702 2.03592 1.54145 1.25382 0.506677 1.89501 0.721445 0.505377 1.17357 0.307845 0.747143
internal_count=400 187 213 178 149 134 116 107 53 152 78 45 74 40 54
is_linear=0
shrinkage=0.05


Tree=146
num_leaves=18
num_cat=0
split_feature=10 4 17 19 8 9 10 9 17 9 9 15 11 10 9 10 9
split_gain=0.0713091 0.130728 0.0640297 0.0849927 0.0580498 0.101958 0.123842 0.0692804 0.0859349 0.0425678 0.117833 0.104545 0.037569 0.0347006 0.0624281 0.0590665 0.0334008
threshold=36.150000000000013 11.500000000000002 8.5000000000000018 17.500000000000004 14.500000000000002 110.80000000000001 38.650000000000013 61.70000000000001 4.5000000000000009 233.85000000000002 110.80000000000001 57.267857142857146 487.00000000000006 34.750000000000007 12.750000000000002 34.550000000000004 17.650000000000002
decision_type=2 2 2 2 2 2 2 2 2 2 2 2 2 2 2 2 2
left_child=2 -2 3 9 5 6 7 8 16 10 11 13 -10 15 -15 -1 -3
right_child=1 4 -4 -5 -6 -7 -8 -9 12 -11 -12 -13 -14 14 -16 -17 -18
leaf_value=-0.0092254203427197465 0.022396661658950899 -0.015795235048021765 -0.026966736467124622 0.020692352425185093 0.017363626766623768 -0.023086954065538696 0.033629170535192147 0.015390669627964718 -0.014077282689620281 -0.025069629276803423 0.022496518478906963 -0.03797174359465668 0.010986701463122764 0.008860732525908464 -0.028329333639049173 0.024698756888519809 -0.049300040762195067
leaf_weight=0.28064407434430971 0.95164761086925898 0.14746458161244003 0.28053063413244661 0.35802185159991484 0.4241615762002765 0.48055113479495037 0.27611178439110506 0.35469628474675119 0.26445279552717693 0.25089961010962714 0.35489354468882073 0.2658191678347066 0.34398175615933724 0.19581618160009384 0.26629653631243855 0.23638708342332393 0.15009663483942859
leaf_count=36 38 27 35 26 15 18 9 17 19 10 14 28 26 23 28 13 18
internal_value=0.00196179 0.00667699 -0.00446546 -0.00160764 0.000549816 -0.00298539 0.00330027 -0.00334225 -0.0106762 -0.00592149 -0.00291855 -0.0101635 9.2776e-05 -0.00261404 -0.0125704 0.00628474 -0.0326958
internal_weight=5.88247 3.39316 2.48931 2.20878 2.44152 2.01735 1.5368 1.26069 0.905996 1.85076 1.59986 1.24496 0.608435 0.979144 0.462113 0.517031 0.297561
internal_count=400 187 213 178 149 134 116 107 90 152 142 128 45 100 51 49 45
is_linear=0
shrinkage=0.05


Tree=147
num_leaves=16
num_cat=0
split_feature=10 10 14 19 13 17 3 17 10 14 11 19 11 3 10
split_gain=0.0687308 0.0451144 0.0897826 0.136858 0.0521135 0.052837 0.0710293 0.0445206 0.0875096 0.0702274 0.113003 0.0529258 0.0508312 0.0392584 0.0498654
threshold=33.45000000000001 37.550000000000004 62.08348214285715 8.5000000000000018 15.500000000000002 4.5000000000000009 7.5000000000000009 2.5000000000000004 34.750000000000007 72.723958333333357 481.00000000000006 13.500000000000002 463.00000000000006 8.5000000000000018 35.850000000000001
decision_type=2 2 2 2 2 2 2 2 2 2 2 2 2 2 2
left_child=-1 4 -3 -4 5 6 -2 -6 -9 10 12 -12 -10 14 -7
right_child=1 2 3 -5 7 13 -8 8 9 -11 11 -13 -14 -15 -16
leaf_value=-0.020669844656663664 0.0090100994640693269 0.026595708935807805 -0.01647672269262759 0.018779544920679844 0.011852693031962572 -0.0070888797197587346 -0.026911858464346294 -0.040303395331904614 -0.013624484187262932 0.011217094949609284 -0.054804666588560383 -0.014105931418769133 0.013610197661057295 0.024951494309203435 0.017299265113471764
leaf_weight=0.31588774267584074 0.32399258660734664 0.55545136751607049 0.52673172019422032 0.57654515386093408 0.32058809715090353 0.3892751447856424 0.23921764129772782 0.19142963562626381 0.35415220144204773 0.4859323848504572 0.17609543701837538 0.14620249276049435 0.33187946430552984 0.40693613630719483 0.45408644527196884
leaf_count=24 25 21 25 23 16 33 23 37 30 34 33 18 24 19 15
internal_value=0.00200824 0.00331585 0.0102012 0.00194733 0.000325899 0.00646863 -0.00624738 -0.00522662 -0.00847479 -0.00439723 -0.0119221 -0.0363427 -0.000449245 0.0121967 0.00604229
internal_weight=5.7944 5.47852 1.65873 1.10328 3.81979 1.81351 0.56321 2.00628 1.68569 1.49426 1.00833 0.322298 0.686032 1.2503 0.843362
internal_count=400 376 69 48 307 115 48 192 176 139 105 51 54 67 48
is_linear=0
shrinkage=0.05


Tree=148
num_leaves=17
num_cat=0
split_feature=10 17 9 10 11 10 19 16 3 13 13 11 17 17 10 11
split_gain=0.131327 0.0542504 0.0420545 0.0992188 0.0971394 0.0632553 0.0830294 0.0622384 0.0642241 0.0515076 0.0535908 0.0798839 0.0374849 0.0362973 0.0563713 0.00847159
threshold=33.45000000000001 13.000000000000002 9.9500000000000011 33.95000000000001 519.00000000000011 37.250000000000007 8.5000000000000018 33.500000000000007 6.5000000000000009 15.500000000000002 17.000000000000004 481.00000000000006 4.5000000000000009 3.5000000000000004 35.550000000000004 491.00000000000006
decision_type=2 2 2 2 2 2 2 2 2 2 2 2 2 2 2 2
left_child=-1 2 3 -2 7 9 -7 8 -5 12 11 -11 -4 -12 -15 -10
right_child=1 -3 5 4 -6 6 -8 -9 15 10 13 -13 -14 14 -16 -17
leaf_value=-0.027969857281263766 0.026119174029858569 0.024964063404020794 -0.0036711363984774023 -0.012491435360534389 0.023412519651335794 0.00095699598875012028 0.023906409702046404 0.0036174171918653035 -0.046067099846132692 -0.002790673955400569 0.013758129625481673 -0.041025022259203965 0.014178165098626575 -0.021699802663168798 0.0078332587683525995 -0.066008225927927891
leaf_weight=0.34613090753555287 0.16428856735001307 0.28663351596333075 0.46805153251625597 0.14548339595785365 0.11525999463628978 0.78270284412428714 0.7938575119478628 0.11896748715662397 0.11178301920881495 0.33624140266329039 0.35523795848712325 0.23010226384212729 0.79162499168887734 0.30642817006446421 0.34181341738440096 0.10173220204887912
leaf_count=24 11 17 30 27 10 33 30 14 29 24 13 34 39 35 16 14
internal_value=0.0018947 0.00379133 0.00261602 -0.00826653 -0.0177893 0.00448701 0.0125129 -0.027725 -0.0381115 1.50946e-05 -0.00602794 -0.0183251 0.00754599 0.000912318 -0.00612722 -0.0555683
internal_weight=5.79634 5.45021 5.16357 0.757515 0.593226 4.40606 1.57656 0.477966 0.358999 2.8295 1.56982 0.566344 1.25968 1.00348 0.648242 0.213515
internal_count=400 376 359 105 94 254 63 84 70 191 122 58 69 64 51 43
is_linear=0
shrinkage=0.05


Tree=149
num_leaves=16
num_cat=0
split_feature=16 14 13 16 19 18 16 19 6 9 18 2 8 17 14
split_gain=0.0433736 0.0808869 0.0682058 0.063371 0.0493885 0.107856 0.0491485 0.0540588 0.0960274 0.0567548 0.0692453 0.0503996 0.0382331 0.0298818 0.0167444
threshold=15.500000000000002 37.355555555555561 14.500000000000002 8.5000000000000018 5.5000000000000009 33.500000000000007 1.0000000180025095e-35 1.5000000000000002 5.5000000000000009 25.650000000000002 13.500000000000002 5.5000000000000009 11.500000000000002 3.5000000000000004 62.320982142857154
decision_type=2 2 2 2 2 2 2 2 2 2 2 2 2 2 2
left_child=3 -2 -3 6 -4 14 7 -1 9 10 -9 -10 -11 -12 -6
right_child=1 2 4 -5 5 -7 -8 8 11 12 13 -13 -14 -15 -16
leaf_value=-0.009529900524930527 0.023317529367084321 -0.027579182045799268 0.011770849505715393 0.020743846710322172 -0.019537756594212453 0.01198980003945626 -0.014148792844921454 0.01535718326327503 0.006073174490705502 0.029276441158696476 -0.037294052663300957 -0.020439715591585396 0.012071161142556101 -0.002667747446921795 -0.043192052395588848
leaf_weight=0.58889949927106577 0.21080914023332287 0.38979367539286591 0.3615596552263014 0.52197770593920712 0.13935769634554163 0.25441106804646552 0.41190779203316186 0.30811671352421433 0.32931840544915747 0.5104592277202753 0.12539493810618296 0.39334374101599678 0.87873682356439531 0.12384154737810604 0.16153795065474696
leaf_count=23 12 27 22 31 13 25 30 36 25 22 19 26 37 24 28
internal_value=0.00182088 -0.00542241 -0.0100591 0.00444289 -0.00261073 -0.0119746 0.00212445 0.0041818 0.00720697 0.0129854 -0.000493509 -0.00835775 0.0183932 -0.0200888 -0.0322367
internal_weight=5.70947 1.51747 1.30666 4.192 0.916866 0.555307 3.67002 3.25811 2.66921 1.94655 0.557353 0.722662 1.3892 0.249236 0.300896
internal_count=400 127 115 273 88 66 242 212 189 138 79 51 59 43 41
is_linear=0
shrinkage=0.05


Tree=150
num_leaves=16
num_cat=0
split_feature=7 10 14 16 10 16 18 13 13 5 2 11 10 18 7
split_gain=0.132918 0.141789 0.0832146 0.112387 0.123975 0.0681937 0.0627173 0.110829 0.10514 0.104988 0.0549659 0.0389705 0.0388876 0.0364983 0.0241093
threshold=53.500000000000007 33.45000000000001 33.361111111111121 10.500000000000002 37.250000000000007 3.5000000000000004 19.500000000000004 15.500000000000002 15.500000000000002 1.0000000180025095e-35 5.5000000000000009 461.00000000000006 36.550000000000004 37.500000000000007 57.250000000000007
decision_type=2 2 2 2 2 2 2 2 2 2 2 2 2 2 2
left_child=-1 -2 -3 4 5 10 8 -8 -5 -10 12 -12 -4 -9 -6
right_child=1 2 3 6 14 -7 7 13 9 -11 11 -13 -14 -15 -16
leaf_value=-0.030876120880756211 -0.028634369320138894 0.022980129278779422 -0.006822423901086349 0.020267642757087256 0.030813766902530265 0.021216171206953353 -0.047298476031063075 -0.020576795032337877 -0.043331546515725738 0.0064681979066273671 0.019434766701270478 -0.0036630941165525822 -0.034606844053239882 0.010726232309880672 0.015551023690619087
leaf_weight=0.29093485779594619 0.31485958967823524 0.62734553939662863 0.41030191443860553 0.38013802084606119 0.5054166179616002 0.3380471818963996 0.23205702565610409 0.16932461434043944 0.19190801985678263 0.23596394341439009 0.28869455715175718 0.49697176321933512 0.18170820990053471 0.20690676578669809 0.53012451044924092
leaf_count=14 28 36 40 17 21 20 17 27 24 19 12 52 27 23 19
internal_value=0.00199688 0.00386857 0.00600289 0.00344729 0.00933843 0.00109267 -0.00799668 -0.0201233 0.00113253 -0.0158679 -0.00384513 0.00482426 -0.0153504 -0.00336184 0.0230003
internal_weight=5.4007 5.10977 4.79491 4.16756 2.75126 1.71572 1.4163 0.608288 0.80801 0.427872 1.37768 0.785666 0.59201 0.376231 1.03554
internal_count=396 382 354 318 191 151 127 67 60 43 131 64 67 50 40
is_linear=0
shrinkage=0.05


Tree=151
num_leaves=15
num_cat=0
split_feature=10 13 3 3 10 10 6 19 13 19 10 17 14 17
split_gain=0.114008 0.0971768 0.095663 0.056773 0.0932688 0.0514965 0.0574365 0.0446643 0.0422521 0.0890013 0.0753087 0.0404966 0.024176 0.0240642
threshold=36.150000000000013 10.500000000000002 5.5000000000000009 8.5000000000000018 37.650000000000013 33.45000000000001 3.5000000000000004 5.5000000000000009 15.500000000000002 4.5000000000000009 37.45000000000001 4.5000000000000009 68.537259615384627 6.5000000000000009
decision_type=2 2 2 2 2 2 2 2 2 2 2 2 2 2
left_child=1 -1 13 8 -5 -4 -7 -8 -2 -10 12 -9 -11 -3
right_child=3 2 5 4 -6 6 7 11 9 10 -12 -13 -14 -15
leaf_value=0.014387992347107427 0.023638764167477313 -0.027916093265742577 -0.026920539970755081 -0.022328599035190091 0.014187998754755168 -0.023531027774296689 -0.012259060510166319 -0.0082512788228879617 -0.0092819700112237342 -0.011327055239816138 0.025744933902068758 0.017113307257859145 0.011674944595878924 -0.060584232238992924
leaf_weight=0.45227760996203903 0.59226438833866346 0.13586443720851082 0.27564168930985022 0.35097612164827285 0.34848101250827312 0.27824477177637152 0.36925705010071375 0.23015423148171976 0.51217430494580174 0.23592720489250474 0.72138745139818639 0.49755634780740365 0.22146463449462317 0.096348176070023328
leaf_count=28 30 26 22 33 13 36 24 23 33 19 29 33 24 23
internal_value=0.00184989 -0.00642364 -0.0114222 0.00832781 -0.00413543 -0.00719554 -0.00324194 0.00190436 0.0121459 0.00812045 0.0156817 0.00909121 -0.000189713 -0.0414705
internal_weight=5.31802 2.33534 1.88307 2.98268 0.699457 1.65085 1.37521 1.09697 2.28322 1.69095 1.17878 0.727711 0.457392 0.232213
internal_count=396 215 187 181 46 138 116 80 135 105 72 56 43 49
is_linear=0
shrinkage=0.05


Tree=152
num_leaves=14
num_cat=0
split_feature=10 7 9 14 16 10 20 18 10 18 13 9 9
split_gain=0.112597 0.10696 0.0898756 0.0645625 0.0743748 0.0707257 0.0627324 0.048953 0.0869737 0.0627207 0.0531681 0.0442043 0.0341253
threshold=33.45000000000001 53.500000000000007 202.35000000000002 39.705555555555563 10.500000000000002 36.250000000000007 8.5000000000000018 2.5000000000000004 36.45000000000001 29.500000000000004 14.500000000000002 15.15 25.650000000000002
decision_type=2 2 2 2 2 2 2 2 2 2 2 2 2
left_child=-1 -2 3 12 7 6 -6 -5 10 -10 -9 -7 -3
right_child=1 2 -4 4 5 11 -8 8 9 -11 -12 -13 -14
leaf_value=-0.027700222419443189 -0.026913687608773714 0.0049665223615075384 0.021932381438175247 -0.010587276575848209 -0.050989718665984063 0.012143860190318576 -0.0097683591291575847 0.016022974573638091 0.028573736889489523 0.0026867100376064246 -0.015117855448388135 -0.01255606479818387 0.025248448159945248
leaf_weight=0.30866431083995838 0.27433141926303495 0.43078082799911532 0.68557612830772985 0.41335182814509686 0.17423382020206168 0.30663585872389376 0.19626402610447258 0.19781274750130229 0.58021763019496575 0.39211088512092829 0.44633971277653472 0.44259283726569265 0.39994314964860678
leaf_count=28 14 33 24 36 37 17 26 20 29 30 51 36 15
internal_value=0.00159724 0.00342775 0.00521169 0.00233167 -0.000938779 -0.0112838 -0.0291535 0.00476791 0.00869439 0.0181343 -0.00555482 -0.00244716 0.014731
internal_weight=5.24886 4.94019 4.66586 3.98028 3.14956 1.11973 0.370498 2.02983 1.61648 0.972329 0.644152 0.749229 0.830724
internal_count=396 368 354 330 282 116 63 166 130 59 71 53 48
is_linear=0
shrinkage=0.05


Tree=153
num_leaves=17
num_cat=0
split_feature=10 7 10 8 13 14 17 8 16 13 18 8 17 10 19 18
split_gain=0.125157 0.0910482 0.0746113 0.0926754 0.0806407 0.0512062 0.049127 0.0582163 0.0474247 0.0418199 0.0518102 0.0492673 0.0492949 0.0444638 0.0207074 0.0173753
threshold=33.45000000000001 53.500000000000007 37.45000000000001 13.500000000000002 15.500000000000002 62.320982142857154 4.5000000000000009 8.5000000000000018 12.500000000000002 17.000000000000004 24.500000000000004 13.500000000000002 5.5000000000000009 35.650000000000013 14.500000000000002 6.5000000000000009
decision_type=2 2 2 2 2 2 2 2 2 2 2 2 2 2 2 2
left_child=-1 -2 4 5 6 -4 7 -3 -8 10 15 12 -11 -14 -12 -6
right_child=1 2 3 -5 9 -7 8 -9 -10 11 14 -13 13 -15 -16 -17
leaf_value=-0.028902392324682932 -0.024569345397189166 -0.018394933303550309 0.019336923423586578 0.032684436490776396 -0.018424683090747945 -0.0038274685204981711 0.0281417464206851 0.013908284810640366 0.0062974651555900429 0.01690796445532022 -0.05493109406702501 -0.020942537316016061 -0.028635816279331094 0.0065155518295330174 -0.021556411284799803 0.0038636646798684499
leaf_weight=0.31277594901621331 0.26857006130740035 0.29097423728671867 0.41092826984822728 0.4811330633237958 0.17028938515431935 0.56880314653972164 0.43068676721304633 0.26787609467282891 0.587267478229478 0.41090281275683083 0.10100264552602312 0.23924472299404442 0.15524532274866942 0.21393572853412479 0.08609126863302663 0.17972969537368044
leaf_count=28 14 37 17 16 26 34 25 13 34 31 24 16 32 12 17 20
internal_value=0.00175563 0.00372761 0.00538184 0.0147136 0.00103094 0.00588836 0.00900037 -0.0029109 0.0155396 -0.00704276 -0.0183334 -0.00109339 0.00499416 -0.00826605 -0.0395737 -0.00697994
internal_weight=5.17546 4.86268 4.59411 1.46086 3.13325 0.979731 1.5768 0.55885 1.01795 1.55644 0.537113 1.01933 0.780084 0.369181 0.187094 0.350019
internal_count=396 368 354 67 287 51 109 50 59 178 87 91 75 44 41 46
is_linear=0
shrinkage=0.05


Tree=154
num_leaves=14
num_cat=0
split_feature=10 10 7 10 16 16 8 13 9 20 11 17 9
split_gain=0.356496 0.177142 0.0707872 0.0810356 0.119678 0.0658318 0.0609848 0.0412365 0.055053 0.0536396 0.0795519 0.0465731 0.0418271
threshold=33.45000000000001 33.850000000000001 53.500000000000007 37.250000000000007 15.500000000000002 41.500000000000007 12.500000000000002 14.500000000000002 25.650000000000002 8.5000000000000018 465.00000000000006 3.5000000000000004 12.350000000000001
decision_type=2 2 2 2 2 2 2 2 2 2 2 2 2
left_child=-1 -2 -3 5 6 7 -5 8 12 10 -9 -11 -4
right_child=1 2 3 4 -6 -7 -8 9 -10 11 -12 -13 -14
leaf_value=-0.04407524188663809 0.044051188479978756 -0.02190558204045899 0.0047453922142134024 0.012469723904031168 -0.0074119965428140261 0.023714228536121356 0.03636621629830044 -0.049225097346871527 0.014215339287287741 0.017701688237022159 -0.0085403635939440056 -0.0075330515856240655 -0.027187405872655404
leaf_weight=0.38970021938439448 0.28246662812307466 0.26345748011954118 0.23471916429116457 0.60159456251130883 0.45829630666412402 0.25954446365358297 0.48002476990222931 0.16381573281250872 0.63029505196027458 0.25847107916342793 0.45076707280531991 0.624891792278504 0.18210968771018088
leaf_count=28 12 14 34 30 31 22 16 21 31 19 56 65 17
internal_value=0.00194865 0.0056161 0.00326006 0.00478613 0.0140017 -0.000273845 0.023075 -0.00272013 0.00489207 -0.00804136 -0.0193848 -0.000149392 -0.00920583
internal_weight=5.28015 4.89045 4.60799 4.34453 1.53992 2.80461 1.08162 2.54507 1.04712 1.49795 0.614583 0.883363 0.416829
internal_count=396 368 356 342 77 265 46 243 82 161 77 84 51
is_linear=0
shrinkage=0.05


Tree=155
num_leaves=15
num_cat=0
split_feature=18 9 14 14 9 16 18 2 9 8 8 20 4 18
split_gain=0.116776 0.0618222 0.0742443 0.0894197 0.0489939 0.0470805 0.0383917 0.0461969 0.0366496 0.0356734 0.0955281 0.0815254 0.0346814 0.018612
threshold=44.500000000000007 25.650000000000002 71.871875000000017 68.277884615384622 30.700000000000006 21.500000000000004 25.500000000000004 5.5000000000000009 43.550000000000004 10.500000000000002 12.500000000000002 4.5000000000000009 11.500000000000002 13.500000000000002
decision_type=2 2 2 2 2 2 2 2 2 2 2 2 2 2
left_child=1 2 3 5 -3 6 7 -1 -6 -10 -11 -12 -13 -4
right_child=-2 4 13 -5 8 -7 -8 -9 9 10 11 12 -14 -15
leaf_value=-0.038423306888206589 -0.029502185522806579 0.023632828607847853 -0.016745178260811407 0.031741415537914631 -0.011391911354000764 0.011039066993576527 0.00097999904747175424 -0.0080521707270846815 0.017598827967387588 -0.0172410557660557 0.025150171686150719 0.0099684139731960209 -0.0079844915276345522 -0.047229270744939045
leaf_weight=0.220238865324063 0.3012583756353705 0.36721449322067234 0.088878126203780883 0.17553281239815977 0.33172023185761679 0.28047141488059424 0.31780394705856452 0.29017360770376399 0.54713122546672854 0.44583917804993722 0.52190479589626182 0.54266016744077183 0.53345646802335978 0.11467559961602092
leaf_count=30 36 21 18 20 28 25 37 30 24 30 20 26 22 22
internal_value=0.000690281 0.00259407 -0.00586373 -0.00141688 0.00641887 -0.00666666 -0.0126626 -0.0211571 0.00425607 0.00625946 0.00322397 0.0089336 0.00106873 -0.0339189
internal_weight=5.07896 4.7777 1.48777 1.28422 3.28993 1.10869 0.828216 0.510412 2.92271 2.59099 2.04386 1.59802 1.07612 0.203554
internal_count=389 353 182 142 171 122 97 60 150 122 98 68 48 40
is_linear=0
shrinkage=0.05


Tree=156
num_leaves=14
num_cat=0
split_feature=18 10 4 18 18 13 17 9 18 2 14 13 4
split_gain=0.178583 0.129781 0.0873437 0.0838883 0.0548771 0.0524696 0.0374923 0.121815 0.100323 0.0622398 0.0524193 0.0326222 0.00869662
threshold=45.500000000000007 37.250000000000007 11.500000000000002 15.500000000000002 37.500000000000007 11.500000000000002 6.5000000000000009 115.50000000000001 24.500000000000004 5.5000000000000009 66.762500000000017 17.000000000000004 11.500000000000002
decision_type=2 2 2 2 2 2 2 2 2 2 2 2 2
left_child=1 4 -3 -4 5 -1 9 8 12 10 -7 -11 -8
right_child=-2 2 3 -5 -6 6 7 -9 -10 11 -12 -13 -14
leaf_value=0.0084240443713025272 -0.039184568661285918 0.031937576032618591 0.016865525053183464 -0.009662382282716089 0.017972642541036473 -0.014560362282032288 -0.039471650021125862 0.03052015076187934 0.0098507368121474662 -0.018666247233928745 -0.045954154678873586 0.0021062569484063972 -0.02317165691975237
leaf_weight=0.54220812465064305 0.26677659258712072 0.4775313604623076 0.78920911376189906 0.47882059050607495 0.27324129152111698 0.33884130098158516 0.15801083578844544 0.22884131502360106 0.27683305609389208 0.29285598081332864 0.21884536248398945 0.5329957609064877 0.16973047348437831
leaf_count=33 31 16 33 32 30 37 29 8 26 34 32 31 17
internal_value=0.000627781 0.0028507 0.013712 0.00684832 -0.00340144 -0.00551813 -0.00892802 -0.00055027 -0.0123109 -0.0139746 -0.0268798 -0.0052599 -0.0310302
internal_weight=5.04474 4.77796 1.74556 1.26803 3.0324 2.75916 2.21695 0.833416 0.604574 1.38354 0.557687 0.825852 0.327741
internal_count=389 358 81 65 277 247 214 80 72 134 69 65 46
is_linear=0
shrinkage=0.05


Tree=157
num_leaves=17
num_cat=0
split_feature=10 11 15 9 10 9 17 17 17 7 10 14 10 19 9 15
split_gain=0.256542 0.333097 0.155708 0.0627372 0.0826117 0.0687151 0.103232 0.0600693 0.0758891 0.0506482 0.0495125 0.042677 0.0349212 0.0254582 0.00804526 0.00749346
threshold=37.45000000000001 534.00000000000011 56.665178571428577 25.650000000000002 36.550000000000004 30.700000000000006 3.5000000000000004 8.5000000000000018 4.5000000000000009 56.500000000000007 35.050000000000004 49.054761904761911 35.850000000000001 10.500000000000002 9.5500000000000025 57.105555555555569
decision_type=2 2 2 2 2 2 2 2 2 2 2 2 2 2 2 2
left_child=1 3 -2 4 7 -5 -7 8 10 -4 -1 -10 13 -8 -13 -6
right_child=2 -3 9 5 15 6 12 -9 11 -11 -12 14 -14 -15 -16 -17
leaf_value=-0.045827321283417585 0.036615907390450009 -0.066141120699779565 -0.0078815917946573524 0.022006827364475953 -0.03582381231369846 -0.025803755749114199 -0.014535484413767501 -0.034814648947115952 0.026885406503863202 0.013683074709343499 0.0010684353857291406 0.0063482825427096691 0.012191454323237866 0.004613253847386329 -0.0097081148205062501 -0.05783312712482036
leaf_weight=0.12925399828236617 0.60495369031559665 0.2258841493166982 0.44720953074283876 0.3486924564931545 0.076589612021052744 0.36861207557376463 0.30849435471463926 0.16419110649439972 0.20515792240621522 0.69610005407594144 0.099698667065240443 0.1428057630546391 0.66783460328588262 0.39688153757015243 0.17195828588592121 0.078118047531461343
leaf_count=27 23 11 21 20 24 24 24 27 12 30 22 25 37 27 18 17
internal_value=0.000549402 -0.0074852 0.0161023 -0.00329007 -0.0131505 0.00174632 -0.00230959 -0.00742571 -0.00142068 0.00524798 -0.0254063 0.00914163 0.00399697 -0.0037614 -0.00242346 -0.0469372
internal_weight=5.13244 3.38417 1.74826 3.15829 1.06777 2.09052 1.74182 0.913066 0.748875 1.14331 0.228953 0.519922 1.37321 0.705376 0.314764 0.154708
internal_count=389 315 74 304 172 132 112 131 104 51 49 55 88 51 43 41
is_linear=0
shrinkage=0.05


Tree=158
num_leaves=14
num_cat=0
split_feature=18 8 8 8 11 20 5 20 14 9 11 6 9
split_gain=0.0734052 0.0467048 0.102358 0.072033 0.0709728 0.0588869 0.0425075 0.0631989 0.103225 0.0847906 0.0577447 0.040095 0.0277549
threshold=44.500000000000007 12.500000000000002 2.5000000000000004 10.500000000000002 479.00000000000006 4.5000000000000009 1.5000000000000002 6.5000000000000009 39.705555555555563 43.550000000000004 483.00000000000006 4.5000000000000009 150.20000000000002
decision_type=2 2 2 2 2 2 2 2 2 2 2 2 2
left_child=1 2 4 6 -1 -3 7 8 -4 10 -9 -10 -7
right_child=-2 5 3 -5 -6 12 -8 9 11 -11 -12 -13 -14
leaf_value=-0.070226873085019889 -0.024367394265403006 0.022979666669842587 0.010328197747590711 -0.016194602331675204 -0.011425518919207532 0.011992553747329854 0.022525300558752671 -0.0098770017296009177 -0.037727932087951027 0.036782006458476291 0.017874761233588901 -0.010001509859287355 -0.0039324959712196744
leaf_weight=0.086514073671424163 0.28444594895699982 0.49562648916617025 0.45729722874239154 0.51738568162545551 0.12613380954280728 0.45188272604718782 0.28530431224498887 0.41729683688754449 0.23119991214480251 0.23834129143506289 0.34030321367754368 0.29903686206671409 0.69348421227186918
leaf_count=17 36 20 30 38 29 20 14 45 31 11 34 33 31
internal_value=0.000288083 0.0017996 -0.0019113 0.000640708 -0.0353484 0.00858104 0.00447993 0.00188427 -0.0070787 0.0107716 0.0025887 -0.0220911 0.00235043
internal_weight=4.92425 4.63981 2.99881 2.78617 0.212648 1.64099 2.26878 1.98348 0.987534 0.995941 0.7576 0.530237 1.14537
internal_count=389 353 282 236 46 71 198 184 94 90 79 64 51
is_linear=0
shrinkage=0.05


Tree=159
num_leaves=12
num_cat=0
split_feature=10 10 11 14 9 10 18 18 16 17 14
split_gain=0.120314 0.0660724 0.0463604 0.0597445 0.0591563 0.0635322 0.0524569 0.107426 0.0853989 0.0973352 0.0330093
threshold=39.550000000000004 33.45000000000001 453.00000000000006 52.369791666666679 251.45000000000002 38.250000000000007 37.500000000000007 45.500000000000007 22.500000000000004 6.5000000000000009 48.229761904761915
decision_type=2 2 2 2 2 2 2 2 2 2 2
left_child=1 -1 3 -3 5 6 8 -8 9 -4 -10
right_child=-2 2 4 -5 -6 -7 7 -9 10 -11 -12
leaf_value=-0.027159743495255913 0.034942988324444861 0.022948927337519055 -0.012863701044022758 -0.0040334767388077912 0.019532407289786405 0.013296158057669689 0.02311134228103668 -0.02199210876439292 -0.013506313196106979 0.013870147581775584 -0.04403190980853755
leaf_weight=0.23625419475138176 0.23953562788665284 0.44971982098650176 1.3792369982184043 0.3772421334288083 0.27954937331378449 0.43585577467456449 0.35525088547728945 0.21008925960632041 0.14286495186388481 0.45207484583079338 0.23299664474325255
leaf_count=24 6 24 133 26 10 20 32 28 7 35 44
internal_value=0.000404403 -0.00141343 -3.73708e-06 0.0106401 -0.00252733 -0.00444942 -0.00723913 0.00635019 -0.0107199 -0.00626422 -0.0324291
internal_weight=4.79067 4.55113 4.31488 0.826962 3.48792 3.20837 2.77251 0.56534 2.20717 1.83131 0.375862
internal_count=389 383 359 50 309 299 279 60 219 168 51
is_linear=0
shrinkage=0.05


Tree=160
num_leaves=14
num_cat=0
split_feature=10 9 19 13 17 7 4 19 10 5 13 9 11
split_gain=0.0640773 0.0569601 0.052258 0.0511204 0.0388485 0.0495986 0.046322 0.0592989 0.0358217 0.0399003 0.0215699 0.0118653 0.0076328
threshold=37.650000000000013 110.80000000000001 17.500000000000004 10.500000000000002 8.5000000000000018 54.500000000000007 11.500000000000002 9.5000000000000018 35.850000000000001 1.0000000180025095e-35 14.500000000000002 97.200000000000003 475.00000000000006
decision_type=2 2 2 2 2 2 2 2 2 2 2 2 2
left_child=2 -2 3 -1 5 -5 8 11 9 -7 -4 -8 -9
right_child=1 -3 10 4 -6 6 7 12 -10 -11 -12 -13 -14
leaf_value=-0.02625967220799923 0.018404125274858411 -0.0021773155057107341 0.021045250640968911 0.014259296877942083 0.0099452765641960799 -0.00099238576787800286 -0.047173070453400523 -0.00043246409618535609 0.0057573696439729575 -0.023639384064551627 0.00065826286225845361 -0.02630688598459607 -0.014241989477936879
leaf_weight=0.2941397577524193 0.72846842970466219 0.62424319284036756 0.25620885455282394 0.24785111413803029 0.40600163680210233 0.44619104007142618 0.15380557805474371 0.1864990059111733 0.54925978975370526 0.34477002374478616 0.26284461101749912 0.12230483116582036 0.21589371969457716
leaf_count=28 36 23 14 12 39 43 35 19 30 41 31 8 24
internal_value=-0.000330349 0.0089063 -0.00391478 -0.00647552 -0.00429811 -0.00684946 -0.00944111 -0.0200859 -0.00405206 -0.0108639 0.0107214 -0.0379303 -0.00784162
internal_weight=4.83848 1.35271 3.48577 2.96672 2.67258 2.26658 2.01872 0.678503 1.34022 0.790961 0.519053 0.27611 0.402393
internal_count=383 59 324 279 251 212 200 86 114 84 45 43 43
is_linear=0
shrinkage=0.05


Tree=161
num_leaves=17
num_cat=0
split_feature=10 14 17 10 10 17 11 19 10 11 6 20 19 8 16 19
split_gain=0.0612711 0.0553873 0.0380301 0.0584852 0.0559637 0.0555998 0.0500426 0.0694126 0.035043 0.0522816 0.051187 0.0436583 0.0255862 0.0222232 0.0203854 0.0153838
threshold=37.45000000000001 62.08348214285715 6.5000000000000009 36.350000000000001 36.850000000000001 8.5000000000000018 469.00000000000006 6.5000000000000009 34.350000000000001 475.00000000000006 5.5000000000000009 6.5000000000000009 10.500000000000002 11.500000000000002 18.500000000000004 12.500000000000002
decision_type=2 2 2 2 2 2 2 2 2 2 2 2 2 2 2 2
left_child=2 -2 4 5 8 6 -4 -8 9 -1 11 15 -13 -3 -7 -10
right_child=1 13 3 -5 -6 14 7 -9 10 -11 -12 12 -14 -15 -16 -17
leaf_value=0.00028698608854580912 0.020156401760702384 0.0087454909003358717 0.023714395776996917 0.020566005419114769 -0.031950405343463571 -0.0075044260898336559 0.015558972425542045 -0.02838410063650712 -0.019159893901461965 -0.036020349870182593 -0.023602999399865789 0.0012906467474359665 0.020341981420647859 -0.0059735219661203797 -0.031103007485047879 0.0013057001140361953
leaf_weight=0.18965181568637524 0.56609957991167892 0.46933796332450561 0.23090273211710133 0.32654923977679573 0.23007267041248258 0.18384355781017803 0.18220141538768075 0.17733014828991145 0.22823736397549488 0.20778201194480062 0.22259146631404281 0.3837059894867707 0.32593962774262764 0.56533576874062419 0.182219184236601 0.15363209741190076
leaf_count=18 23 27 13 17 34 19 15 28 24 23 26 27 18 23 24 24
internal_value=-0.000413994 0.00758263 -0.00438365 0.00229597 -0.00879764 -0.00394144 0.00555054 -0.00611487 -0.00568535 -0.0186948 -0.00175081 0.00270549 0.0100409 0.000703164 -0.0192514 -0.0109263
internal_weight=4.82543 1.60077 3.22466 1.28305 1.94161 0.956497 0.590434 0.359532 1.71154 0.397434 1.31411 1.09152 0.709646 1.03467 0.366063 0.381869
internal_count=383 73 310 116 194 99 56 43 160 41 119 93 45 50 43 48
is_linear=0
shrinkage=0.05


Tree=162
num_leaves=16
num_cat=0
split_feature=17 10 15 18 4 11 17 15 13 7 17 10 10 11 16
split_gain=0.0568216 0.0765972 0.0764653 0.0765597 0.0437618 0.108936 0.0805295 0.041416 0.0487162 0.0640476 0.0319003 0.0259472 0.0227208 0.0145152 0.00322967
threshold=1.5000000000000002 35.850000000000001 57.105555555555569 37.500000000000007 11.500000000000002 499.00000000000006 4.5000000000000009 57.309523809523817 14.500000000000002 55.500000000000007 3.5000000000000004 34.350000000000001 37.850000000000001 469.00000000000006 3.5000000000000004
decision_type=2 2 2 2 2 2 2 2 2 2 2 2 2 2 2
left_child=-1 7 4 10 -3 6 -6 8 11 -10 -4 -2 -12 -11 -9
right_child=1 2 3 -5 5 -7 -8 14 9 13 12 -13 -14 -15 -16
leaf_value=0.019679018230580221 -0.019399141705750307 0.020529638851633291 -0.002858228948979683 0.012334652990573182 -0.02785804940486359 0.025115632645002647 0.0056205682381171313 -0.003709574990689159 -0.059812072211112378 -0.0034825272424459986 -0.034753640763223757 0.00023531389281688966 -0.012819005456147567 -0.027723452965148433 0.0039805827373778626
leaf_weight=0.32271092844894145 0.30565990868490167 0.58631231077015411 0.27444758173078276 0.33529928210191429 0.2930792069164454 0.39263437443878502 0.46399577922420576 0.25733866172959086 0.12759080067917239 0.11766117857769132 0.24737184735568007 0.37433450756361708 0.22584644146263599 0.12996548195951618 0.29082720127189532
leaf_count=15 34 30 16 19 26 19 30 20 26 16 29 33 15 35 20
internal_value=-0.000575667 -0.0020537 0.00290903 -0.00751717 0.0094131 0.00374405 -0.00733969 -0.010779 -0.0165709 -0.0310335 -0.0164199 -0.00859044 -0.0242852 -0.0162052 0.000370407
internal_weight=4.74508 4.42236 2.81899 1.08297 1.73602 1.14971 0.757075 1.60338 1.05521 0.375217 0.747666 0.679994 0.473218 0.247627 0.548166
internal_count=383 368 184 79 105 75 56 184 144 77 60 67 44 51 40
is_linear=0
shrinkage=0.05


Tree=163
num_leaves=14
num_cat=0
split_feature=10 19 13 9 7 17 13 7 10 6 9 13 7
split_gain=0.0597916 0.0365405 0.0439197 0.0354131 0.0306037 0.0408618 0.0493471 0.0557096 0.0870195 0.0566486 0.0473237 0.018158 0.0161029
threshold=37.650000000000013 17.500000000000004 10.500000000000002 110.80000000000001 54.500000000000007 8.5000000000000018 14.500000000000002 56.500000000000007 36.550000000000004 4.5000000000000009 38.400000000000006 14.500000000000002 56.500000000000007
decision_type=2 2 2 2 2 2 2 2 2 2 2 2 2
left_child=1 2 -1 -2 -4 6 10 8 -8 -9 12 -3 -6
right_child=3 11 4 -5 5 -7 7 9 -10 -11 -12 -13 -14
leaf_value=-0.025245019935083931 0.01583133421660415 0.017970418626214773 0.012552455029322746 -0.00063037479673753397 -0.0034281425046663472 0.0086319264693821337 -0.012691600935952283 0.011924590669635363 -0.054618467541097164 -0.018667895498571559 0.013292812403523752 -0.0012205164194561517 -0.023263970404140133
leaf_weight=0.28221901122015047 0.70586110057774909 0.24253568646963675 0.23950438899919424 0.60820912942290306 0.27168816782068494 0.38779452504240897 0.35227486706571631 0.26628278099815361 0.19078074119170196 0.35050133003096562 0.3770991493947804 0.2506309285381576 0.16412334717460908
leaf_count=28 36 14 13 23 26 38 41 24 20 42 20 31 27
internal_value=-0.000836481 -0.00435914 -0.00651104 0.00821214 -0.00447759 -0.00620548 -0.00912215 -0.0157426 -0.0274209 -0.00546027 0.000323728 0.00821744 -0.0108982
internal_weight=4.68951 3.37543 2.88227 1.31407 2.60005 2.36054 1.97275 1.15984 0.543056 0.616784 0.812911 0.493167 0.435812
internal_count=383 324 279 59 251 238 200 127 61 66 73 45 53
is_linear=0
shrinkage=0.05


Tree=164
num_leaves=13
num_cat=0
split_feature=10 18 11 11 14 14 9 19 14 11 10 15
split_gain=0.0543985 0.0857945 0.0489936 0.0797266 0.0588306 0.055445 0.0654064 0.0956503 0.0817701 0.0384097 0.0322327 0.030092
threshold=37.650000000000013 40.500000000000007 507.00000000000006 459.00000000000006 73.818333333333342 39.705555555555563 177.90000000000003 5.5000000000000009 61.412053571428579 441.00000000000006 35.95000000000001 57.033333333333339
decision_type=2 2 2 2 2 2 2 2 2 2 2 2
left_child=1 2 3 9 -4 -5 7 -7 -9 -1 -3 -2
right_child=11 10 4 5 -6 6 -8 8 -10 -11 -12 -13
leaf_value=-0.0095482235462998229 0.016167078281611919 4.0547727644113159e-05 -0.0099517838432304582 -0.0027790046670998284 0.024013583202996777 -0.05768889070110126 -0.00094206489182082102 -0.0018733661312834993 -0.038176201890224852 0.013326558559514907 0.025018022053524075 0.00094657189468983275
leaf_weight=0.33631695504300418 0.60089259134838335 0.22447441818076175 0.26325064859702241 0.48075882846023876 0.2472072197124362 0.22575556429364929 0.25520972721278667 0.3161926357424818 0.30448723900917685 0.40390646646847017 0.30420316202798858 0.70660664257593453
leaf_count=22 27 28 28 36 16 35 11 38 55 31 24 32
internal_value=-0.000712187 -0.0040779 -0.00752839 -0.0106109 0.00649714 -0.0169467 -0.0231295 -0.0298193 -0.0196825 0.00293351 0.0144127 0.00794152
internal_weight=4.66926 3.36176 2.83309 2.32263 0.510458 1.5824 1.10165 0.846435 0.62068 0.740223 0.528678 1.3075
internal_count=383 324 272 228 44 175 139 128 93 53 52 59
is_linear=0
shrinkage=0.05


Tree=165
num_leaves=17
num_cat=0
split_feature=10 10 4 9 18 17 3 19 17 15 6 19 14 10 3 14
split_gain=0.0841686 0.0452036 0.0852121 0.0612685 0.0508689 0.0614137 0.0713523 0.0510682 0.0497336 0.0335862 0.0330925 0.0251037 0.0253896 0.0248219 0.018996 0.00430675
threshold=39.550000000000004 35.250000000000007 11.500000000000002 11.500000000000002 13.500000000000002 7.5000000000000009 8.5000000000000018 8.5000000000000018 6.5000000000000009 55.953125000000007 4.5000000000000009 10.500000000000002 66.762500000000017 37.850000000000001 6.5000000000000009 68.277884615384622
decision_type=2 2 2 2 2 2 2 2 2 2 2 2 2 2 2 2
left_child=1 4 9 13 7 6 14 15 11 -3 -11 12 -5 -4 -6 -1
right_child=-2 2 3 8 5 -7 -8 -9 -10 10 -12 -13 -14 -15 -16 -17
leaf_value=-0.003067660730892314 0.029294341222094008 0.0020499392887522241 -0.044777581688763606 0.0056866148856637919 -0.012469896494304333 -0.046574846162297727 0.014676478444159114 0.020563512986231169 0.016018120865395349 0.029412934782240704 0.0095057354367760697 -0.018597361725756135 -0.012582468648829115 -0.013300688820732605 -0.037967916150629173 -0.012175741331431927
leaf_weight=0.2573576128343118 0.25586737692356099 0.46277641234337352 0.1088093475009374 0.51420772503479362 0.148996748321224 0.14657074869319331 0.1855106043512933 0.23182466311845928 0.35829949262551952 0.39271369826747105 0.44567507301690057 0.27252033882541582 0.30179903034877498 0.14757769351126626 0.14329310078755952 0.26183492981363088
leaf_count=19 6 35 39 33 20 27 17 25 21 19 28 24 22 10 23 21
internal_value=0.00141975 -0.000208694 0.0032282 -0.00413175 -0.0077162 -0.0182622 -0.00957695 0.00105139 -0.00013972 0.0128623 0.0188306 -0.00545823 -0.00107018 -0.0266593 -0.0249701 -0.00766097
internal_weight=4.63563 4.37977 3.00438 1.70321 1.37539 0.624371 0.4778 0.751017 1.44683 1.30117 0.838389 1.08853 0.816007 0.256387 0.29229 0.519193
internal_count=389 383 231 149 152 87 60 65 100 82 47 79 55 49 43 40
is_linear=0
shrinkage=0.05


Tree=166
num_leaves=15
num_cat=0
split_feature=9 9 9 7 17 3 4 14 9 19 4 8 20 9
split_gain=0.041639 0.0583769 0.0713005 0.0676963 0.0912247 0.109054 0.0614238 0.0355914 0.0251158 0.0270195 0.0264167 0.0669804 0.0666504 0.0356796
threshold=27.200000000000006 14.65 9.5500000000000025 57.250000000000007 7.5000000000000009 8.5000000000000018 11.500000000000002 62.08348214285715 35.95000000000001 13.500000000000002 11.500000000000002 13.500000000000002 8.5000000000000018 147.80000000000004
decision_type=2 2 2 2 2 2 2 2 2 2 2 2 2 2
left_child=1 2 3 4 5 -1 -3 -5 -2 10 13 12 -12 -10
right_child=8 6 -4 7 -6 -7 -8 -9 9 -11 11 -13 -14 -15
leaf_value=-0.0076447499502228927 0.017163372799282393 -0.0063747754623605796 0.018134400842172559 -0.014571194440645871 -0.031702413743665031 0.050619126725639091 -0.046076840505992707 -0.055140481954394006 0.019452683643029798 -0.0075500375991352777 -0.029096100065040986 0.011096741354970116 0.0055714130498451097 0.00073580672881456575
leaf_weight=0.19710101044620365 0.35316606253036331 0.25479482859373082 0.3757162838592194 0.12794594469596632 0.14262018460431136 0.13554189739079447 0.15772753072087653 0.093619252274947939 0.57808441412635192 0.49719155067577947 0.28893535514362156 0.66049955226480961 0.26653900591190904 0.45504879159852862
leaf_count=38 24 27 32 19 21 10 35 29 34 33 24 25 16 22
internal_value=0.0013138 -0.00557024 0.000577761 -0.00888844 0.00175234 0.016096 -0.0215548 -0.0317132 0.00461219 0.00299815 0.00532995 0.000335122 -0.0124612 0.0112087
internal_weight=4.58453 1.48507 1.07254 0.696828 0.475263 0.332643 0.412522 0.221565 3.09946 2.7463 2.24911 1.21597 0.555474 1.03313
internal_count=389 211 149 117 69 48 62 48 178 154 121 65 40 56
is_linear=0
shrinkage=0.05


Tree=167
num_leaves=18
num_cat=0
split_feature=10 10 9 11 3 14 11 7 20 18 1 8 18 3 10 2 9
split_gain=0.0769706 0.0447937 0.0570146 0.0527841 0.0629203 0.0321676 0.0313256 0.0766861 0.0454995 0.0303586 0.0271788 0.0715955 0.0392975 0.0357232 0.0328196 0.0172827 0.00899679
threshold=39.550000000000004 34.650000000000013 101.85000000000001 491.00000000000006 7.5000000000000009 39.705555555555563 477.00000000000006 55.500000000000007 8.5000000000000018 13.500000000000002 2.5000000000000004 13.500000000000002 27.500000000000004 6.5000000000000009 37.150000000000013 5.5000000000000009 35.45000000000001
decision_type=2 2 2 2 2 2 2 2 2 2 2 2 2 2 2 2 2
left_child=1 2 3 4 -1 -3 7 15 9 -9 11 12 -8 -12 16 -7 -15
right_child=-2 5 -4 -5 -6 6 10 8 -10 -11 13 -13 -14 14 -16 -17 -18
leaf_value=-0.030017430093744947 0.028147509640211728 0.01583296225806561 0.0091366508313170548 -0.043971213801009629 0.0067849893902597273 -0.00046724572204112663 -0.048399961200170691 -0.015202177977481688 -0.0053122093990410806 -0.045498126693690112 0.023160881131832681 0.011737251231348497 -0.0058404454378250883 0.021082409024916017 -0.0065316470608216826 0.016346947663847321 0.0057176709843488223
leaf_weight=0.21822789619909588 0.24545510485768307 0.37215464492328498 0.25663114571943879 0.15671617769112345 0.24826203976408578 0.30023148399777733 0.10436124549596559 0.17398069691262208 0.46070823584523168 0.15758950237068348 0.33016593672800787 0.28792355488985777 0.1129329475807026 0.20606955812399974 0.39714386412015301 0.31127338309306651 0.17720316996565089
leaf_count=38 6 23 11 24 29 20 22 17 32 25 25 10 18 29 25 20 15
internal_value=0.000919621 -0.00064496 -0.0106979 -0.0188656 -0.0104315 0.00196284 0.00025339 -0.00521035 -0.0154772 -0.0296013 0.00500021 -0.0046143 -0.0262808 0.00937397 0.00354122 0.00809166 0.0139786
internal_weight=4.51703 4.27158 0.879837 0.623206 0.46649 3.39174 3.01958 1.40378 0.792278 0.33157 1.6158 0.505218 0.217294 1.11058 0.780417 0.611505 0.383273
internal_count=389 383 102 91 67 281 258 114 74 42 144 50 40 94 69 40 44
is_linear=0
shrinkage=0.05


Tree=168
num_leaves=15
num_cat=0
split_feature=9 9 15 20 9 11 16 16 9 9 19 7 11 16
split_gain=0.041186 0.084345 0.0617022 0.0692407 0.0405685 0.0320892 0.0282151 0.0484596 0.069679 0.0579524 0.0463402 0.0325792 0.0231525 0.0145613
threshold=23.550000000000001 14.65 57.267857142857146 3.0000000000000004 8.9500000000000011 467.00000000000006 21.500000000000004 4.5000000000000009 33.250000000000007 69.250000000000014 4.5000000000000009 56.500000000000007 489.00000000000006 13.500000000000002
decision_type=2 2 2 2 2 2 2 2 2 2 2 2 2 2
left_child=1 2 3 -1 5 -5 7 8 -2 -10 -8 -11 -3 -7
right_child=6 12 -4 4 -6 13 10 -9 9 11 -12 -13 -14 -15
leaf_value=-0.026055380202013652 0.024120177069480494 -0.051042294253881099 -0.026627252623189535 0.018659735140811741 0.022800530871142543 -0.00029406909391630658 0.0085252623648341529 0.022654221111522811 -0.01840105606528273 -0.0029506639736163781 -0.020846399849464015 0.011394235674555374 -0.019021965057414408 -0.027506590063247405
leaf_weight=0.1478819684271 0.33937106654048088 0.1094541301135904 0.1888062699654256 0.12208225118229166 0.37409683928126469 0.097774682526505785 0.26016123115550716 0.37221830076305185 0.36467387294396747 0.85415429063141324 0.27755762144806795 0.73761107865720987 0.11658230979082873 0.098867545486427844
leaf_count=34 16 25 34 13 26 29 16 28 34 39 30 31 21 13
internal_value=0.000806519 -0.00686997 -0.000797609 0.00500325 0.0116327 -0.00147538 0.00381305 0.00591891 0.00320562 -0.000422294 -0.00663569 0.00369665 -0.0345272 -0.0139759
internal_weight=4.46129 1.25555 1.02951 0.840703 0.692821 0.318724 3.20575 2.66803 2.29581 1.95644 0.537719 1.59177 0.226036 0.196642
internal_count=389 195 149 115 81 55 194 148 120 104 46 70 46 42
is_linear=0
shrinkage=0.05


Tree=169
num_leaves=18
num_cat=0
split_feature=10 10 4 15 14 10 8 11 20 11 8 11 17 10 13 13 18
split_gain=0.0688137 0.0329821 0.0704812 0.0577761 0.0353036 0.04875 0.0529538 0.0809549 0.0343196 0.033605 0.0385056 0.0533031 0.0512807 0.0352022 0.0263556 0.0295545 0.0177887
threshold=39.550000000000004 34.650000000000013 11.500000000000002 57.267857142857146 45.751190476190487 37.250000000000007 13.500000000000002 465.00000000000006 6.5000000000000009 501.00000000000006 7.5000000000000009 485.00000000000006 3.5000000000000004 36.550000000000004 13.500000000000002 15.500000000000002 18.500000000000004
decision_type=2 2 2 2 2 2 2 2 2 2 2 2 2 2 2 2 2
left_child=1 14 4 9 -3 6 7 -6 -9 10 11 -4 -12 -14 16 -16 -1
right_child=-2 2 3 -5 5 -7 -8 8 -10 -11 12 -13 13 -15 15 -17 -18
leaf_value=0.002597891685654689 0.026729097723573417 0.027453698442376731 -0.00055108294725874751 -0.026973233671614572 -0.019008591599022507 0.021850789802312864 -0.019405284172788164 0.0024841401204815077 0.031887144027529672 -0.0186100636059497 0.0092545563817739637 0.034634582300109691 0.00031727870964503831 -0.025689775681426181 -0.0061656310815354836 -0.040924380415448311 -0.014994837468639284
leaf_weight=0.37997567770071317 0.23907579109072674 0.23434537416324031 0.26806757725717012 0.25786198284913564 0.19207846058998235 0.35482148267328739 0.25279223162215203 0.1642386908933986 0.25077790310024284 0.24367195117520157 0.39980088756419718 0.17985308580318815 0.2289871871471405 0.30134606442879885 0.12279995554126799 0.12182596119237132 0.23106299689970911
leaf_count=29 6 11 37 30 23 14 16 31 21 23 18 17 15 25 13 33 27
internal_value=0.000639102 -0.000851583 0.0013991 -0.00498917 0.00968543 0.00625752 -0.000176841 0.00782982 0.0202512 -0.00149361 0.00153298 0.013577 -0.004267 -0.0144605 -0.00960704 -0.0234758 -0.00405476
internal_weight=4.42338 4.18431 3.32864 1.87959 1.44905 1.21471 0.859887 0.607095 0.415017 1.62173 1.37805 0.447921 0.930134 0.530333 0.855665 0.244626 0.611039
internal_count=389 383 281 165 116 105 91 75 52 135 112 54 58 40 102 46 56
is_linear=0
shrinkage=0.05


Tree=170
num_leaves=14
num_cat=0
split_feature=11 9 9 10 11 9 7 18 14 9 5 7 10
split_gain=0.100515 0.0450134 0.065103 0.0458721 0.0779954 0.0782167 0.0659805 0.0485327 0.0388078 0.121436 0.0495147 0.0429243 0.0329136
threshold=435.00000000000006 186.35000000000005 150.20000000000002 35.350000000000001 447.00000000000006 46.100000000000001 55.500000000000007 38.500000000000007 73.818333333333342 11.500000000000002 1.0000000180025095e-35 57.250000000000007 34.050000000000004
decision_type=2 2 2 2 2 2 2 2 2 2 2 2 2
left_child=-1 2 3 4 -2 7 -5 12 9 11 -11 -8 -6
right_child=1 -3 -4 6 5 -7 8 -9 -10 10 -12 -13 -14
leaf_value=-0.031416978467182846 0.026198797491427464 0.01329659681615639 -0.020467816158127712 -0.012804723408956701 -0.046857688632240192 0.0076081845317463835 -0.0040713920610011339 0.0022731994802889701 0.024760563167568445 0.0022692584388785239 0.021420722780916359 -0.043810367745214816 -0.019437066946319699
leaf_weight=0.24098890018649388 0.15133897506166316 0.70839497493579973 0.36635008919984091 0.4051926743704829 0.19529296559630893 0.31189464672934264 0.13322331113158714 0.13995159219484776 0.33839246102434106 0.64586057874839731 0.70687972160521895 0.13869977862486849 0.24892750638537109
leaf_count=15 11 33 22 37 35 21 15 23 25 56 35 31 47
internal_value=4.12815e-05 0.00172957 -0.000437012 0.00171142 -0.0070015 -0.0126088 0.00556488 -0.0234028 0.00935653 0.00614811 0.0122769 -0.024341 -0.031492
internal_weight=4.73139 4.4904 3.782 3.41565 1.04741 0.896067 2.36825 0.584172 1.96306 1.62466 1.35274 0.271923 0.44422
internal_count=406 391 358 336 137 126 199 105 162 137 91 46 82
is_linear=0
shrinkage=0.05


Tree=171
num_leaves=15
num_cat=0
split_feature=18 11 17 18 16 5 10 15 1 20 8 9 10 20
split_gain=0.0508173 0.0784588 0.0710545 0.0566384 0.0717635 0.058984 0.0457467 0.0373549 0.0343509 0.0340929 0.0341304 0.066907 0.0454199 0.0035871
threshold=22.500000000000004 503.00000000000006 3.5000000000000004 37.500000000000007 4.5000000000000009 1.0000000180025095e-35 37.650000000000013 57.126984126984141 2.5000000000000004 3.0000000000000004 13.500000000000002 28.800000000000001 35.45000000000001 8.5000000000000018
decision_type=2 2 2 2 2 2 2 2 2 2 2 2 2 2
left_child=1 6 -2 4 5 -4 9 -6 -5 -1 11 12 -11 -10
right_child=2 -3 3 8 7 -7 -8 -9 13 10 -12 -13 -14 -15
leaf_value=-0.020018087485320902 -0.028865084773530628 0.02160100947682465 -0.016379799418481292 -0.0068345783290866676 -0.052899169747321811 0.019044886313670534 0.010260521507402252 -0.014026311562858555 0.012951149468549292 -0.027304870095390361 -0.016054419779935155 0.012949316681588755 0.0043543463252747336 0.02249913226097007
leaf_weight=0.29444928719021923 0.30991635991085775 0.50542899395804841 0.2609238015647859 0.22327637614216655 0.12478568928781897 0.21378397224179935 0.75158096995437507 0.12243980815401301 0.19699563759058947 0.23452778341015779 0.30786496913060535 0.65758128219749779 0.21914797298086341 0.19648277037777007
leaf_count=34 37 37 28 18 29 16 34 15 21 37 16 37 28 19
internal_value=-0.000251639 0.00365525 -0.00729136 -0.00229689 -0.0118028 -0.000426342 -2.41643e-05 -0.0336472 0.00883011 -0.00453508 -0.00132256 0.00275879 -0.0120119 0.0177189
internal_weight=4.61919 2.97058 1.6486 1.33869 0.721933 0.474708 2.46515 0.247225 0.616755 1.71357 1.41912 1.11126 0.453676 0.393478
internal_count=406 223 183 146 88 44 186 44 58 152 118 102 65 40
is_linear=0
shrinkage=0.05


Tree=172
num_leaves=16
num_cat=0
split_feature=10 9 9 16 11 3 11 14 9 9 10 10 9 8 18
split_gain=0.0545887 0.0490363 0.0810037 0.0499776 0.0525138 0.0448884 0.0519778 0.0375996 0.035368 0.0402454 0.0462209 0.0276399 0.0561187 0.0457414 0.00863168
threshold=35.850000000000001 187.85000000000005 150.20000000000002 27.500000000000004 499.00000000000006 5.5000000000000009 491.00000000000006 72.723958333333357 13.000000000000002 74.800000000000026 37.050000000000004 34.850000000000001 28.800000000000001 4.5000000000000009 25.500000000000004
decision_type=2 2 2 2 2 2 2 2 2 2 2 2 2 2 2
left_child=5 2 3 4 8 14 11 -8 -2 10 -10 12 13 -7 -1
right_child=1 -3 -4 -5 -6 6 7 -9 9 -11 -12 -13 -14 -15 -16
leaf_value=-0.037993347220111766 -0.012478509505804791 0.018334344348274922 -0.023664480658127672 -0.016032454367628648 0.025478754281178392 0.0085837644107863206 -0.031845129571732515 -0.0026446315312228332 0.0024574266061799231 -0.0070776065031025268 0.026018431477118582 -0.01134347008756394 0.017346171877391653 -0.031641628629362546 -0.017843816554729157
leaf_weight=0.11243877257220436 0.27848823741078499 0.51092098793014873 0.28658869257196773 0.2542964985477737 0.33583417639601965 0.14771167488652259 0.2375715565503923 0.20568592444760725 0.45512391170632305 0.34388897521421313 0.38360281917266548 0.27921124128624797 0.48531759897014126 0.13550328099518083 0.10079792235046625
leaf_count=25 39 23 15 25 31 24 26 23 34 18 21 31 28 19 24
internal_value=6.73771e-05 0.00430197 0.00123526 0.00471413 0.00765012 -0.00701102 -0.00394225 -0.0182951 0.00355221 0.0073272 0.0132334 0.00212987 0.00702479 -0.0106619 -0.0284686
internal_weight=4.55298 2.84874 2.33782 2.05123 1.79694 1.70424 1.491 0.443257 1.4611 1.18262 0.838727 1.04774 0.768533 0.283215 0.213237
internal_count=406 206 183 168 143 200 151 49 112 73 55 102 71 43 49
is_linear=0
shrinkage=0.05


Tree=173
num_leaves=16
num_cat=0
split_feature=10 3 9 9 16 18 18 8 14 9 10 19 17 19 16
split_gain=0.0513666 0.0432071 0.0376467 0.0655629 0.0358778 0.0393243 0.0812601 0.0338119 0.0360171 0.0198135 0.0595727 0.0466559 0.0238859 0.0351767 0.00719061
threshold=35.850000000000001 5.5000000000000009 187.85000000000005 150.20000000000002 27.500000000000004 1.5000000000000002 17.500000000000004 9.5000000000000018 61.412053571428579 110.80000000000001 34.250000000000007 9.5000000000000018 4.5000000000000009 13.500000000000002 12.500000000000002
decision_type=2 2 2 2 2 2 2 2 2 2 2 2 2 2 2
left_child=1 14 3 4 5 -2 -7 8 -8 10 11 -3 -12 -14 -1
right_child=2 9 -4 -5 -6 6 7 -9 -10 -11 12 -13 13 -15 -16
leaf_value=-0.017012961213065305 -0.0058453658462174346 -0.042541828359154578 0.016743579383245479 -0.021003409095979343 -0.013156394252758675 0.029499103778909404 0.0082531601563852527 0.015874253260138738 -0.016672960223772942 0.005422596394625826 0.013103744616913104 -0.0076726736364860701 -0.020657843515425742 0.0089009365622332217 -0.035871353443396599
leaf_weight=0.086368289485107996 0.43272140862609498 0.17055528983473756 0.50012900587171305 0.28136637434363354 0.24523525696713466 0.42658807535190113 0.28967224225925747 0.32781399367377162 0.29002311614021892 0.42292724410071958 0.27106777369044721 0.21925717017438728 0.20429408675408922 0.19840020488481969 0.12187379927490838
leaf_count=21 36 25 23 15 25 18 28 20 41 22 23 32 26 23 28
internal_value=0.000147776 -0.00671968 0.00431401 0.00160348 0.00476484 0.00725231 0.0115006 0.00304016 -0.00421744 -0.00373157 -0.0073717 -0.022929 0.00162917 -0.00609477 -0.0280498
internal_weight=4.48829 1.69474 2.79355 2.29342 2.01205 1.76682 1.3341 0.907509 0.579695 1.4865 1.06357 0.389812 0.673762 0.402694 0.208242
internal_count=406 200 206 183 168 143 107 89 69 151 129 57 72 49 49
is_linear=0
shrinkage=0.05


Tree=174
num_leaves=16
num_cat=0
split_feature=10 3 11 15 9 9 18 18 8 20 17 3 2 8 18
split_gain=0.0498997 0.0393605 0.0464651 0.0568996 0.0320097 0.042102 0.0325943 0.0612309 0.0402297 0.0500634 0.0646655 0.0252783 0.0213663 0.0345399 0.00671561
threshold=35.850000000000001 5.5000000000000009 473.00000000000006 56.937500000000007 202.35000000000002 150.20000000000002 1.5000000000000002 19.500000000000004 8.5000000000000018 8.5000000000000018 4.5000000000000009 7.5000000000000009 5.5000000000000009 8.5000000000000018 25.500000000000004
decision_type=2 2 2 2 2 2 2 2 2 2 2 2 2 2 2
left_child=1 14 3 -3 5 6 11 -8 9 10 -9 -2 -4 -14 -1
right_child=4 2 12 -5 -6 -7 7 8 -10 -11 -12 -13 13 -15 -16
leaf_value=-0.035952929988113953 -0.019235559125019383 -0.008671648815147974 -0.0031190856910922851 0.020103197757462016 0.016593864026761766 -0.01461364041179013 0.020064659642254044 0.0031742501334908048 0.010366427473586449 0.0075785951993635418 -0.048742588887204653 0.0039278205095450575 -0.0075799297344364067 -0.036373175884433853 -0.017820459673809842
leaf_weight=0.10721885098610062 0.22053809837962113 0.34747703393804819 0.34836570231709629 0.33980842330493033 0.43662728276103724 0.3331153499893843 0.63128821566351667 0.10621221065230202 0.44231369229964912 0.20049981941701844 0.13778839351289207 0.2527939963620156 0.245176341260958 0.18108131992630661 0.097497316426597536
leaf_count=25 25 36 36 21 19 19 35 21 27 16 27 17 35 23 24
internal_value=4.84663e-05 -0.00678362 -0.00390822 0.00555524 0.00417226 0.00183907 0.00459118 0.00816301 -0.000309308 -0.0109325 -0.0261435 -0.00686462 -0.0123047 -0.0198118 -0.0273172
internal_weight=4.4278 1.66662 1.46191 0.687285 2.76118 2.32455 1.99143 1.5181 0.886814 0.4445 0.244001 0.473332 0.774623 0.426258 0.204716
internal_count=406 200 151 57 206 187 168 126 91 64 48 42 94 58 49
is_linear=0
shrinkage=0.05


Tree=175
num_leaves=14
num_cat=0
split_feature=10 17 2 14 9 9 1 8 10 10 10 13 1
split_gain=0.147312 0.0410954 0.0705197 0.0495458 0.0356567 0.0343579 0.0276446 0.0413677 0.0413456 0.0340229 0.0289758 0.0397323 0.0303018
threshold=38.45000000000001 3.5000000000000004 5.5000000000000009 37.355555555555561 240.30000000000004 74.800000000000026 3.5000000000000004 13.500000000000002 35.350000000000001 37.150000000000013 37.150000000000013 15.500000000000002 4.5000000000000009
decision_type=2 2 2 2 2 2 2 2 2 2 2 2 2
left_child=1 2 -1 -3 6 -4 7 8 -5 -10 11 -8 -13
right_child=-2 3 5 4 -6 -7 10 -9 9 -11 -12 12 -14
leaf_value=-0.033923749416830101 0.024794119485258798 0.014527214280703025 0.0095350012490110405 -0.028147388840387588 0.015159776208687621 -0.014980317984525499 0.0091888766957852874 -0.029454625758357691 0.0054412362494289102 -0.016742718177212894 0.018980445902911175 -0.034110398624588617 -0.0027570163949243633
leaf_weight=0.27179960821740712 0.53618759778328229 0.46548642951529506 0.27973164261493366 0.17197212722385369 0.23276352556422342 0.29221921833232045 0.31124722422100592 0.22803536243736744 0.57777136094227899 0.24660631985170767 0.18599592518876307 0.13326772720756708 0.18271935109805781
leaf_count=39 23 35 28 37 11 16 31 17 61 28 11 35 21
internal_value=0.00035298 -0.00330804 -0.012955 -0.000332891 -0.0033796 -0.00299028 -0.00549741 -0.0102438 -0.00584698 -0.00119493 0.00164864 -0.00349082 -0.0159803
internal_weight=4.1158 3.57962 0.84375 2.73587 2.27038 0.571951 2.03762 1.22439 0.99635 0.824378 0.81323 0.627234 0.315987
internal_count=393 370 83 287 252 44 241 143 126 89 98 87 56
is_linear=0
shrinkage=0.05


Tree=176
num_leaves=17
num_cat=0
split_feature=10 11 17 10 16 14 9 8 6 18 16 5 19 16 20 14
split_gain=0.141435 0.0575038 0.0712327 0.0478875 0.0467299 0.0373573 0.0327983 0.049274 0.0299458 0.0249226 0.0226847 0.0218258 0.0203661 0.0189837 0.0123126 0.00229341
threshold=38.45000000000001 447.00000000000006 3.5000000000000004 36.550000000000004 22.500000000000004 71.871875000000017 133.90000000000003 7.5000000000000009 5.5000000000000009 35.500000000000007 1.0000000180025095e-35 1.0000000180025095e-35 3.5000000000000004 39.500000000000007 8.5000000000000018 52.369791666666679
decision_type=2 2 2 2 2 2 2 2 2 2 2 2 2 2 2 2
left_child=1 14 3 15 5 6 7 11 -9 12 -7 -4 -6 -14 -1 -3
right_child=-2 2 4 -5 9 10 -8 8 -10 -11 -12 -13 13 -15 -16 -17
leaf_value=0.0030255965636209192 0.024383721609895086 -0.028858634542885338 0.0038386650244035961 -0.0066347404637562115 -0.0063470937928424192 -0.0248285162820834 0.023300288360373383 -0.020596077335301336 0.0038942373878105467 0.0024309636587074822 -0.00020742245861392756 0.023406975131940719 -0.043230629961574792 -0.016664319863619523 0.017294994954747553 -0.037076276187723987
leaf_weight=0.28091288555879179 0.53018770809285332 0.15050121885724399 0.31999701216409471 0.31947515413412475 0.16453973960597057 0.17418001602345601 0.23253013985231508 0.26113692473154515 0.23911566878086887 0.16811538866022602 0.20210423140088096 0.25689062631863635 0.122422719039605 0.14919579539855476 0.32732773150200956 0.19479540071915835
leaf_count=28 23 15 47 33 14 20 13 26 19 20 23 23 26 21 15 27
internal_value=0.000289523 -0.00329554 -0.00617728 -0.0205863 -0.00199486 0.00228099 0.00627043 0.00259406 -0.00888996 -0.0139247 -0.0116044 0.0125525 -0.0202289 -0.0286382 0.0107047 -0.0334945
internal_weight=4.09343 3.56324 2.955 0.664772 2.29023 1.68595 1.30967 1.07714 0.500253 0.604274 0.376284 0.576888 0.436158 0.271619 0.608241 0.345297
internal_count=393 370 327 75 252 171 128 115 45 81 43 70 61 47 43 42
is_linear=0
shrinkage=0.05


Tree=177
num_leaves=16
num_cat=0
split_feature=14 19 20 17 16 14 3 5 9 19 19 18 19 9 8
split_gain=0.0344307 0.0405385 0.0539058 0.0512532 0.0334542 0.0295458 0.0292864 0.0299225 0.0291974 0.0290625 0.0739538 0.0389876 0.0267553 0.022223 0.00934514
threshold=71.871875000000017 9.5000000000000018 6.5000000000000009 3.5000000000000004 18.500000000000004 49.054761904761911 8.5000000000000018 1.0000000180025095e-35 90.350000000000009 10.500000000000002 2.5000000000000004 35.500000000000007 4.5000000000000009 30.700000000000006 11.500000000000002
decision_type=2 2 2 2 2 2 2 2 2 2 2 2 2 2 2
left_child=1 2 8 -3 6 -6 7 -5 13 10 -2 14 -4 -1 -11
right_child=9 3 12 4 5 -7 -8 -9 -10 11 -12 -13 -14 -15 -16
leaf_value=0.0004910205445738488 0.0046743483910623015 -0.021719034556604067 0.010025695144475634 0.0030900176621122596 0.0042973151435574015 -0.027277547838153723 -0.0065628233308952667 0.026677515468008558 0.011114854921310481 -0.018471048830351583 -0.032059900245998793 0.018452096818151732 0.02849430841910025 -0.02149490902632048 -0.0011004174969176392
leaf_weight=0.26860163960373051 0.24951323866844155 0.29696201780461695 0.49958629694810952 0.30222282023169078 0.13786624791100621 0.16015613584022503 0.26976874846150167 0.24220952211180702 0.29696606798097491 0.15852741137496196 0.30387422419153154 0.19721108282101341 0.32281670772499638 0.20090079074725509 0.15134862018749118
leaf_count=26 15 33 41 32 13 31 31 16 18 30 33 16 30 18 10
internal_value=0.000169725 0.0029087 0.0083842 -0.00326498 0.00166222 -0.0126709 0.00690859 0.0135837 -0.00115559 -0.00757361 -0.015497 0.00107327 0.0172752 -0.00891679 -0.00998694
internal_weight=4.05853 2.99806 1.58887 1.40919 1.11222 0.298022 0.814201 0.544432 0.766468 1.06047 0.553387 0.507087 0.822403 0.469502 0.309876
internal_count=393 289 133 156 123 44 79 48 62 104 48 56 71 44 40
is_linear=0
shrinkage=0.05


Tree=178
num_leaves=15
num_cat=0
split_feature=6 16 18 19 3 13 8 8 7 13 7 3 16 7
split_gain=0.0375895 0.0517747 0.0457795 0.0396297 0.0335689 0.0299831 0.0285945 0.104658 0.0441697 0.0402663 0.0508107 0.0342674 0.0323155 0.00131123
threshold=4.5000000000000009 15.500000000000002 28.500000000000004 3.5000000000000004 6.5000000000000009 17.000000000000004 10.500000000000002 9.5000000000000018 55.500000000000007 15.500000000000002 57.250000000000007 6.5000000000000009 9.5000000000000018 56.500000000000007
decision_type=2 2 2 2 2 2 2 2 2 2 2 2 2 2
left_child=1 2 3 -1 -3 -5 7 9 -8 12 -11 -10 13 -2
right_child=6 4 -4 5 -6 -7 8 -9 11 10 -12 -13 -14 -15
leaf_value=0.019282080747295947 -0.011296222713003016 -0.02177538864493064 0.027178226736983585 0.0068410913644862681 0.0036142881570903531 -0.017363290099033445 0.0056153979774908568 0.035266512503269655 -0.026363338375017389 -0.0029379274001631868 -0.042118739642293908 -0.0055708785085593036 0.013801156771584507 -0.0053112187956243619
leaf_weight=0.31782055486110017 0.17090643220581136 0.22811253905820184 0.33419511147076264 0.31298927609532257 0.30325600531068631 0.21641394033213146 0.32740233675576724 0.19051699759438623 0.40594255505129695 0.20044509293802548 0.14091984992410289 0.38713157898746431 0.31108820030931383 0.19700268021551892
leaf_count=18 13 32 35 36 40 25 18 15 30 28 31 24 20 28
internal_value=5.29937e-05 0.00567696 0.011507 0.00532536 -0.00728531 -0.00305338 -0.00407879 0.00124791 -0.00983525 -0.00510388 -0.0191123 -0.0162137 0.00193882 -0.00809146
internal_weight=4.04414 1.71279 1.18142 0.847224 0.531369 0.529403 2.33136 1.21088 1.12048 1.02036 0.341365 0.793074 0.678997 0.367909
internal_count=393 186 114 79 72 61 207 135 72 120 59 54 61 41
is_linear=0
shrinkage=0.05


Tree=179
num_leaves=13
num_cat=0
split_feature=10 18 6 10 13 7 16 16 11 18 11 18
split_gain=0.149647 0.108133 0.0762407 0.0635981 0.0337631 0.0392687 0.0496005 0.0586975 0.0391495 0.03285 0.022055 0.0229531
threshold=37.650000000000013 38.500000000000007 4.5000000000000009 37.350000000000001 11.500000000000002 54.500000000000007 3.5000000000000004 15.500000000000002 459.00000000000006 44.500000000000007 465.00000000000006 11.500000000000002
decision_type=2 2 2 2 2 2 2 2 2 2 2 2
left_child=1 3 -2 4 -1 -6 10 -8 -9 -3 -7 -12
right_child=2 9 -4 -5 5 6 7 8 -10 -11 11 -13
leaf_value=0.0037518060609521586 0.030178937903285387 0.027757950686838208 0.0040199831302305152 -0.036376895799781921 0.012995981122680631 -0.03441059830432195 0.011689348394258978 0.007297878645643888 -0.02666785689426256 0.0027147900364861456 -0.0071843481186644621 -0.026651270422994446
leaf_weight=0.50158025731798384 0.50090924097457878 0.25438708692672651 0.62743567884899676 0.21123401126169472 0.15566373930778343 0.24011546821566276 0.33336448762565851 0.12053578076302074 0.28644731656822842 0.26985950960079208 0.31615168965436169 0.29060753357043723
leaf_count=35 27 25 30 13 8 28 28 15 51 35 46 52
internal_value=0.000124742 -0.00574732 0.0156328 -0.0101481 -0.00767958 -0.0109694 -0.0133197 -0.00386638 -0.0166083 0.0148668 -0.021584 -0.016508
internal_weight=4.10829 2.97995 1.12834 2.4557 2.24447 1.74289 1.58722 0.740348 0.406983 0.524247 0.846875 0.606759
internal_count=393 336 57 276 263 228 220 94 66 60 126 98
is_linear=0
shrinkage=0.05


Tree=180
num_leaves=14
num_cat=0
split_feature=10 18 11 16 10 18 18 16 20 20 11 18 1
split_gain=0.107278 0.0868471 0.0356461 0.0484399 0.0337894 0.0335767 0.0388904 0.0911321 0.0362773 0.0275921 0.0264223 0.00801138 0.00278583
threshold=38.150000000000013 45.500000000000007 491.00000000000006 16.500000000000004 35.050000000000004 32.500000000000007 13.500000000000002 8.5000000000000018 8.5000000000000018 6.5000000000000009 463.00000000000006 12.500000000000002 3.5000000000000004
decision_type=2 2 2 2 2 2 2 2 2 2 2 2 2
left_child=1 2 5 4 -4 6 8 -8 12 -7 -10 -6 -1
right_child=-2 -3 3 -5 11 9 7 -9 10 -11 -12 -13 -14
leaf_value=0.01332778667787623 0.013417686091599025 -0.036780962533898086 -0.025437950003678336 -0.037961291669379518 -0.0075709998208630946 -0.0015941689275265764 -0.033339758066136198 0.0059097816734496843 0.0017977809846481648 0.024004544806950939 -0.019546573780554355 0.0067540103755862951 0.0063322311524500368
leaf_weight=0.26823511661496169 0.78803044068627048 0.23015554685844097 0.17991929440177035 0.16772307541396003 0.16987591305223759 0.21330014661361918 0.31785883136035398 0.27657311396615114 0.31228410702897236 0.20783499715616927 0.27065760188997956 0.22940635119448416 0.30315873396466486
leaf_count=19 39 30 27 32 17 35 39 33 17 17 33 28 24
internal_value=-0.00308018 -0.00721138 -0.00487816 -0.0142993 -0.00744731 -0.00163522 -0.00468742 -0.015078 0.000663274 0.0110391 -0.00811232 0.000659389 0.00961622
internal_weight=3.93501 3.14698 2.91683 0.746925 0.579202 2.1699 1.74877 0.594432 1.15434 0.421135 0.582942 0.399282 0.571394
internal_count=390 351 321 104 72 217 165 72 93 52 50 45 43
is_linear=0
shrinkage=0.05


Tree=181
num_leaves=14
num_cat=0
split_feature=18 10 14 10 10 14 7 11 9 18 14 16 7
split_gain=0.185637 0.0912331 0.0348705 0.0387964 0.0297421 0.0266765 0.0430071 0.0260544 0.0308994 0.0450798 0.0284966 0.0195284 0.0174122
threshold=48.500000000000007 38.650000000000013 39.705555555555563 34.250000000000007 36.350000000000001 49.054761904761911 55.500000000000007 459.00000000000006 177.90000000000003 6.5000000000000009 65.475000000000009 11.500000000000002 56.500000000000007
decision_type=2 2 2 2 2 2 2 2 2 2 2 2 2
left_child=1 2 3 -1 7 -6 -7 -4 9 -9 -11 12 -8
right_child=-2 -3 4 -5 5 6 11 8 -10 10 -12 -13 -14
leaf_value=-0.0058912887185117741 -0.048191573496616624 0.018365811597757239 -0.00071929193723207 0.020149567084579986 -0.014398453242673297 0.020056886044504955 -0.0088149569287075315 -0.042332896667939969 -0.001419943571013746 -0.029754253182266821 -0.0057855636397894684 -0.015351934680813348 0.010264513599560283
leaf_weight=0.30103563796728972 0.22707858492503863 0.49483000580221403 0.3554013680550272 0.27249690727330744 0.31469634739914887 0.25380706951546017 0.21167205852543702 0.1944460354570765 0.25282272463664412 0.19197465399338398 0.3502551141573349 0.24473429030331317 0.27485649212030694
leaf_count=31 16 23 37 20 24 19 17 39 15 41 51 27 30
internal_value=-0.00430572 -0.00162179 -0.00469508 0.00648125 -0.00711882 -0.00172517 0.00232351 -0.0123315 -0.0165022 -0.0216784 -0.0142716 -0.00383139 0.00196368
internal_weight=3.94011 3.71303 3.2182 0.573533 2.64467 1.29977 0.98507 1.3449 0.989499 0.736676 0.54223 0.731263 0.486529
internal_count=390 374 351 51 300 117 93 183 146 131 92 74 47
is_linear=0
shrinkage=0.05


Tree=182
num_leaves=13
num_cat=0
split_feature=10 18 14 10 7 10 14 15 17 10 3 5
split_gain=0.0961317 0.0510668 0.0350392 0.0501537 0.0305701 0.0204998 0.0419177 0.0469471 0.0374819 0.0323781 0.0233364 0.0219241
threshold=38.150000000000013 45.500000000000007 39.705555555555563 34.250000000000007 54.500000000000007 36.95000000000001 65.475000000000009 56.812500000000007 4.5000000000000009 34.550000000000004 5.5000000000000009 1.0000000180025095e-35
decision_type=2 2 2 2 2 2 2 2 2 2 2 2
left_child=1 2 3 -1 -4 6 7 8 -6 -8 -11 -7
right_child=-2 -3 4 -5 5 11 9 -9 -10 10 -12 -13
leaf_value=-0.0074944883347335539 0.012955939940696996 -0.030485814820286901 0.0081517284663090613 0.022499274554923093 -0.036365925445576167 -0.011196430326747799 -0.020942068301517031 -0.048789567140468032 -0.0061579657642374074 -0.012987601852739745 0.0078638027667331505 0.00811758272224118
leaf_weight=0.30429349571932229 0.77903216425329436 0.21029427248868149 0.26936044171452556 0.25715893052984029 0.14874109451193385 0.30507371936255356 0.24562132004939485 0.13597597079933621 0.33165686255961191 0.20521224627736956 0.38768559574964456 0.28344921442476334
leaf_count=30 39 30 16 18 26 36 34 28 43 33 39 18
internal_value=-0.00273779 -0.00670142 -0.00496122 0.00624339 -0.00768127 -0.00976835 -0.0129535 -0.0228524 -0.015511 -0.00567709 0.000646769 -0.00189426
internal_weight=3.86356 3.08452 2.87423 0.561452 2.31278 2.04342 1.45489 0.616374 0.480398 0.838519 0.592898 0.588523
internal_count=390 351 321 48 273 257 203 97 69 106 72 54
is_linear=0
shrinkage=0.05


Tree=183
num_leaves=18
num_cat=0
split_feature=10 14 11 18 20 17 20 8 9 10 9 19 11 9 11 18 20
split_gain=0.0914855 0.0357537 0.0352656 0.0234766 0.0618808 0.0516765 0.11863 0.0669873 0.100428 0.0422017 0.0385346 0.0448467 0.0190104 0.058991 0.0166449 0.0131434 0.00136521
threshold=38.650000000000013 39.705555555555563 467.00000000000006 19.500000000000004 8.5000000000000018 2.5000000000000004 8.5000000000000018 13.500000000000002 46.100000000000001 37.750000000000007 177.90000000000003 8.5000000000000018 487.00000000000006 33.250000000000007 481.00000000000006 33.500000000000007 3.0000000000000004
decision_type=2 2 2 2 2 2 2 2 2 2 2 2 2 2 2 2 2
left_child=1 2 -1 5 9 -3 7 8 -7 12 11 14 13 16 -8 -6 -5
right_child=-2 3 -4 4 15 6 10 -9 -10 -11 -12 -13 -14 -15 -16 -17 -18
leaf_value=0.020220736756011798 0.016754004354074876 0.013429882207490477 -0.0047455852662694918 -0.044686537834612391 -0.0073862958813232515 0.013625577035069742 -0.063340001928491166 0.027776845151775389 -0.035813228546851046 -0.047725698742495506 -0.0052833930169176972 -0.01468954624704772 -0.0051506506386332519 -0.0067017803856032447 -0.036402527840279426 0.0098672194270654767 -0.054832599840601348
leaf_weight=0.23938610183540809 0.52508887997828413 0.32785041663737535 0.34570656297728419 0.062956160865723865 0.23198913395754062 0.26044511795043923 0.10041233951051254 0.22541507706046104 0.16961973352590576 0.13953130529262125 0.17015693802386522 0.17859950457932428 0.21058558030927088 0.1919225967139937 0.133710011090443 0.21056852902984247 0.070039283600635827
leaf_count=17 24 17 38 21 29 30 17 12 20 10 10 22 37 20 27 19 20
internal_value=-0.00261835 -0.00573017 0.00546919 -0.00817173 -0.0137077 -0.00422144 -0.00889455 0.00569873 -0.00587334 -0.0232341 -0.0253055 -0.0335602 -0.0168526 -0.0244368 -0.0479557 0.000822911 -0.0500298
internal_weight=3.79398 3.26889 0.585093 2.6838 1.11759 1.56621 1.23836 0.65548 0.430065 0.675035 0.582879 0.412722 0.535504 0.324918 0.234122 0.442558 0.132995
internal_count=390 366 55 311 156 155 138 62 50 108 76 66 98 61 44 48 41
is_linear=0
shrinkage=0.05


Tree=184
num_leaves=14
num_cat=0
split_feature=10 15 15 15 3 17 16 18 10 13 8 8 13
split_gain=0.104259 0.0544943 0.0875305 0.0331633 0.046158 0.033152 0.028294 0.0256256 0.028907 0.0239362 0.0523791 0.0454958 0.0231497
threshold=38.150000000000013 55.226495726495735 55.111111111111121 57.033333333333339 5.5000000000000009 7.5000000000000009 3.5000000000000004 10.500000000000002 36.350000000000001 12.500000000000002 12.500000000000002 7.5000000000000009 15.500000000000002
decision_type=2 2 2 2 2 2 2 2 2 2 2 2 2
left_child=1 2 -1 5 6 9 -5 -6 -9 -3 11 12 -11
right_child=-2 3 -4 4 7 -7 -8 8 -10 10 -12 -13 -14
leaf_value=-0.0044337087647926742 0.012478514600687454 0.019041667195330611 -0.050196163012639683 -0.047415451388427905 -0.016254359155497885 -0.018451082932438044 -0.013853950348832082 0.008741812252006001 -0.013185826766215157 0.028019845055645295 0.012141387599349702 -0.024351052221890206 -0.0081699404960418678
leaf_weight=0.23428040627914093 0.76361681171692897 0.20211526472121499 0.18861631921026856 0.12409567685972422 0.40935951564460971 0.20398290749290016 0.12713637902925257 0.37053431168897077 0.25287386772106402 0.079403732321225107 0.4507774724625051 0.28183351480402052 0.099638562151085353
leaf_count=35 39 18 15 18 36 34 22 34 26 10 25 39 39
internal_value=-0.00402991 -0.0081977 -0.0248442 -0.00549192 -0.0112107 8.03388e-05 -0.0304316 -0.00653495 -0.000152724 0.00347431 2.29918e-05 -0.0118299 0.00787992
internal_weight=3.78826 3.02465 0.422897 2.60175 1.284 1.31775 0.251232 1.03277 0.623408 1.11377 0.911653 0.460876 0.179042
internal_count=390 351 50 301 136 165 40 96 60 131 113 88 49
is_linear=0
shrinkage=0.05


Tree=185
num_leaves=18
num_cat=0
split_feature=19 6 16 18 8 15 8 8 9 9 18 5 5 15 14 11 16
split_gain=0.110224 0.0693766 0.0980192 0.106944 0.0621603 0.0600752 0.0387523 0.0764151 0.0344544 0.0339299 0.027715 0.0244475 0.0201882 0.0284408 0.0242844 0.0276585 0.0165187
threshold=1.5000000000000002 4.5000000000000009 15.500000000000002 41.500000000000007 12.500000000000002 57.033333333333339 7.5000000000000009 5.5000000000000009 240.30000000000004 171.10000000000005 21.500000000000004 1.0000000180025095e-35 1.0000000180025095e-35 56.472222222222229 73.818333333333342 499.00000000000006 11.500000000000002
decision_type=2 2 2 2 2 2 2 2 2 2 2 2 2 2 2 2 2
left_child=-1 2 3 4 6 11 7 10 9 12 -2 -4 14 -14 15 16 -3
right_child=1 8 5 -5 -6 -7 -8 -9 -10 -11 -12 -13 13 -15 -16 -17 -18
leaf_value=-0.025983353671132872 -0.039184902757425907 -0.031370309245357712 -0.039267060838576139 0.051306906906988983 0.029576388684194863 0.016657095908460883 -0.019333238838815919 0.029002962468906879 0.012971334314743982 -0.026632512930706988 0.0018864068819672436 -0.010566756566763223 -0.010414493745384555 0.010640694833996815 0.0043723862317510426 -0.0010894700194698421 -0.010008783324528103
leaf_weight=0.4131027348339561 0.072889657236373973 0.23830076576268744 0.12692787154810492 0.19573714025318623 0.27643377985805273 0.14428629260510206 0.16994029880152084 0.21588023519143462 0.23651071544736613 0.20199726754799474 0.094105491967638955 0.17861286443076096 0.27769504551542923 0.37966060765756993 0.21638711800915189 0.22200389494537376 0.14591618755366653
leaf_count=20 19 37 29 15 14 12 22 16 10 14 21 28 29 30 22 31 17
internal_value=-0.00159785 0.00137087 0.00952496 0.0180642 0.0102176 -0.00993282 0.000537281 0.00935687 -0.00489754 -0.00741019 -0.0160403 -0.0224895 -0.00478657 0.00174609 -0.0100069 -0.0151395 -0.0232577
internal_weight=3.80639 3.39329 1.47481 1.02499 0.829249 0.449827 0.552816 0.382875 1.91847 1.68196 0.166995 0.305541 1.47996 0.657356 0.822608 0.606221 0.384217
internal_count=386 366 176 107 92 69 78 56 190 180 40 57 166 59 107 85 54
is_linear=0
shrinkage=0.05


Tree=186
num_leaves=15
num_cat=0
split_feature=10 9 9 10 14 7 8 14 18 10 3 6 8 10
split_gain=0.0807563 0.0340247 0.0348323 0.0335063 0.0392402 0.0512128 0.0381875 0.0260181 0.0282404 0.0248748 0.051529 0.0229317 0.0127594 0.0074797
threshold=34.650000000000013 47.750000000000007 9.3500000000000032 37.650000000000013 72.723958333333357 57.250000000000007 14.500000000000002 52.369791666666679 19.500000000000004 36.350000000000001 5.5000000000000009 4.5000000000000009 7.5000000000000009 37.250000000000007
decision_type=2 2 2 2 2 2 2 2 2 2 2 2 2 2
left_child=1 2 -1 4 6 -6 7 8 -2 12 -11 -5 -9 -12
right_child=3 -3 -4 11 5 -7 -8 9 -10 10 13 -13 -14 -15
leaf_value=-0.011128880676829864 -0.0050374205751161699 -0.006238449204985559 -0.042412114541871777 0.018250553171891424 -0.0071225185933848356 0.024516899419188155 -0.029199924535741207 -0.0072617485921733895 0.017353623966991798 0.019684566300085384 -0.031557548788743756 0.0030607434616276817 -0.028352298312677972 -0.0097589982089421393
leaf_weight=0.16527901332301587 0.35337675292976223 0.36240061459830031 0.1927550659456756 0.39699094742536523 0.24417410319438193 0.26857711406773888 0.16655954322777677 0.11193137276859488 0.23411230895726476 0.1547715300694108 0.080777864866831806 0.66414162935689092 0.19958147266879678 0.076734756061341614
leaf_count=37 32 26 39 25 28 18 12 31 27 13 31 34 24 9
internal_value=-0.00203026 -0.0170388 -0.0279709 0.0016329 -0.00235809 0.00945009 -0.00675238 -0.0036657 0.00388533 -0.0107772 -0.000805021 0.00874356 -0.0207741 -0.020938
internal_weight=3.67216 0.720435 0.358034 2.95173 1.8906 0.512751 1.37785 1.21129 0.587489 0.623797 0.312284 1.06113 0.311513 0.157513
internal_count=386 102 76 284 225 46 179 167 59 108 53 59 55 40
is_linear=0
shrinkage=0.05


Tree=187
num_leaves=16
num_cat=0
split_feature=10 9 6 20 19 9 10 9 9 14 14 4 9 19 17
split_gain=0.0731665 0.0423002 0.0486983 0.0268915 0.0228131 0.0199591 0.0321536 0.0176905 0.0264923 0.047829 0.0179594 0.0166229 0.0265093 0.0159255 0.014891
threshold=36.350000000000001 202.35000000000002 4.5000000000000009 9.5000000000000018 17.500000000000004 110.80000000000001 37.45000000000001 133.90000000000003 10.350000000000003 60.178095238095246 58.324523809523818 11.500000000000002 21.300000000000001 10.500000000000002 4.5000000000000009
decision_type=2 2 2 2 2 2 2 2 2 2 2 2 2 2 2
left_child=3 2 11 4 7 6 -4 8 9 -1 -10 -2 -13 -12 -5
right_child=1 -3 5 14 -6 -7 -8 -9 10 -11 13 12 -14 -15 -16
leaf_value=-0.033200613179858576 0.024316729852525833 0.020511272897487026 -0.017444320121431954 0.0087160000980964509 0.000652376219799172 -0.017506995978681546 0.0073173470130540449 -0.0065062988399853423 -0.01858562560483654 0.018244271084350613 -0.051676784643653877 0.015920008069495003 -0.0097313517386544823 -0.024784886964991436 -0.0076735849521013992
leaf_weight=0.081943140226940381 0.19060777546837904 0.3600435722619294 0.19891617603207123 0.26072212198050682 0.23681260418379679 0.27285498287528753 0.38455624040216208 0.29861817206256092 0.27478481639991514 0.10070419436669908 0.10625419992720708 0.27760871317150304 0.15807079456862994 0.11425204924307764 0.29584891983540729
leaf_count=22 12 16 37 22 29 18 23 21 29 25 22 39 16 23 32
internal_value=-0.00183547 0.00513839 0.00140519 -0.00909585 -0.0132699 -0.00634442 -0.00112435 -0.0166461 -0.0211124 -0.00483603 -0.0271147 0.0120013 0.00661333 -0.0377431 4.01067e-06
internal_weight=3.6126 1.84266 1.48261 1.76994 1.21337 0.856327 0.583472 0.976557 0.677938 0.182647 0.495291 0.626287 0.43568 0.220506 0.556571
internal_count=386 161 145 225 171 78 60 142 121 47 74 67 55 45 54
is_linear=0
shrinkage=0.05


Tree=188
num_leaves=16
num_cat=0
split_feature=10 11 17 14 10 11 15 18 10 7 10 20 7 16 14
split_gain=0.0686359 0.0406835 0.0612083 0.052754 0.0474694 0.0373294 0.0337506 0.031886 0.0509139 0.0199733 0.0184368 0.0311228 0.0212009 0.0258941 0.00959119
threshold=36.350000000000001 483.00000000000006 2.5000000000000004 58.324523809523818 36.95000000000001 473.00000000000006 57.083333333333343 12.500000000000002 35.250000000000007 56.500000000000007 34.95000000000001 3.0000000000000004 56.500000000000007 9.5000000000000018 71.871875000000017
decision_type=2 2 2 2 2 2 2 2 2 2 2 2 2 2 2
left_child=5 3 -3 -2 -4 6 7 -1 -9 -6 12 -12 -7 -14 -5
right_child=1 2 4 14 9 10 -8 8 -10 -11 11 -13 13 -15 -16
leaf_value=0.004293158302686049 0.011647344774789634 0.035204753068136273 0.025253167770000435 -0.019030908368711824 0.007524706046521292 -0.0095242733394173065 0.01752017873570345 -0.036419776838297335 0.0024318193645478836 -0.012941297158341509 -0.027858333237455336 0.00084210440537965117 -0.045858273619582703 -0.015959878903600833 -0.0054392902050973014
leaf_weight=0.33968773169908695 0.38279041019268312 0.22405397458351217 0.20472387892368715 0.28241326430725167 0.22120271764288191 0.18734448685427196 0.18610623886343092 0.17231433538836427 0.16513984848279506 0.2585582346036972 0.13919977644400205 0.29388191044563428 0.14678832894423977 0.14293417094449978 0.24019248700642493
leaf_count=27 30 15 24 30 16 26 13 34 15 29 32 29 27 22 17
internal_value=-0.00179213 0.00504623 0.0125213 -0.0024548 0.00509629 -0.00878681 -0.0013381 -0.00652112 -0.017407 -0.00350507 -0.0158517 -0.0083827 -0.022632 -0.0311079 -0.0127841
internal_weight=3.58733 1.81393 0.908539 0.905396 0.684485 1.7734 0.863248 0.677142 0.337454 0.479761 0.910149 0.433082 0.477067 0.289722 0.522606
internal_count=386 161 84 77 69 225 89 76 49 45 136 61 75 49 47
is_linear=0
shrinkage=0.05


Tree=189
num_leaves=16
num_cat=0
split_feature=10 6 10 10 2 20 13 6 17 4 17 6 1 10 17
split_gain=0.0630573 0.0280447 0.0414603 0.0269563 0.0237713 0.020709 0.0252821 0.0222238 0.01992 0.0206508 0.0493687 0.0119397 0.0107586 0.00822314 0.00685254
threshold=36.350000000000001 4.5000000000000009 38.45000000000001 33.45000000000001 5.5000000000000009 4.5000000000000009 13.500000000000002 5.5000000000000009 2.5000000000000004 11.500000000000002 4.5000000000000009 3.5000000000000004 2.5000000000000004 35.850000000000001 4.5000000000000009
decision_type=2 2 2 2 2 2 2 2 2 2 2 2 2 2 2
left_child=3 2 4 -1 -2 6 -5 11 -3 -10 -11 -7 13 -8 -13
right_child=1 8 -4 5 -6 7 12 -9 9 10 -12 14 -14 -15 -16
leaf_value=-0.025999761244745196 -0.0081500100370661393 0.010712878084371692 0.029945092987471462 0.0012418456604709556 0.013847970025752693 -0.0090678032153964638 -0.024830189954275998 -0.015838873760604159 0.0078944263669501972 -0.026448580594151117 0.0037576458268188113 0.012348971372962496 -0.032848602663020608 -0.0057556875334165182 0.0012226137140393079
leaf_weight=0.19767301052343134 0.2186075940626323 0.29074867698363938 0.22799259331077337 0.17558942176401604 0.28023882518027676 0.19430495875712928 0.11119956016773358 0.2330252087849658 0.23123189643956721 0.24741537138106651 0.29842924442709773 0.21484212548239157 0.13814967089274433 0.1148720505007077 0.38884907169267535
leaf_count=25 36 17 11 16 27 36 30 25 15 25 30 21 23 14 35
internal_value=-0.0018977 0.00470514 0.012281 -0.00859821 0.00420788 -0.0064084 -0.0143425 -0.00225435 -0.000451568 -0.00462882 -0.00993395 0.0017125 -0.0218557 -0.015138 0.00518227
internal_weight=3.56317 1.79466 0.726839 1.76851 0.498846 1.57083 0.539811 1.03102 1.06783 0.777077 0.545845 0.797996 0.364221 0.226072 0.603691
internal_count=386 161 74 225 63 200 83 117 87 70 55 92 67 44 56
is_linear=0
shrinkage=0.05


Tree=190
num_leaves=16
num_cat=0
split_feature=10 18 19 19 15 15 11 8 17 17 9 9 13 10 2
split_gain=0.0650633 0.0345882 0.0299116 0.0876001 0.0305617 0.0256261 0.0440907 0.0296542 0.0243354 0.0394275 0.0241122 0.0261281 0.0208042 0.0190708 0.0271731
threshold=35.850000000000001 3.5000000000000004 9.5000000000000018 3.5000000000000004 57.033333333333339 56.472222222222229 471.00000000000006 10.500000000000002 8.5000000000000018 4.5000000000000009 47.750000000000007 119.7 13.500000000000002 37.45000000000001 5.5000000000000009
decision_type=2 2 2 2 2 2 2 2 2 2 2 2 2 2 2
left_child=2 5 3 -1 -5 -2 -7 -8 9 -4 13 -12 -11 14 -3
right_child=1 10 8 4 -6 6 7 -9 -10 12 11 -13 -14 -15 -16
leaf_value=0.0020003203567178925 0.023268546939200014 -0.034682309347415029 -0.013000230765058697 -0.020572958364191818 -0.05038240724026008 -0.011388117640152141 0.027780423537717591 0.0032422413580686818 -0.015947142734216078 0.027775219152275144 0.017521362738712441 -0.0020037161608826418 0.0034641719759963344 0.0025792955848808925 -0.0044630336575622745
leaf_weight=0.38324875477701448 0.36155660380609356 0.11587561582564354 0.19779034570092335 0.21755880955606699 0.14216978635522537 0.22509671396619524 0.24251069334422937 0.25010076072067022 0.18828005006798776 0.16591194388456643 0.30749945540446788 0.38695798953995109 0.18739508025464602 0.27763375837821513 0.20777766453102231
leaf_count=27 18 26 37 37 17 18 21 21 29 14 23 21 33 24 33
internal_value=0.000671781 0.005802 -0.00754779 -0.0146331 -0.0323541 0.0124135 0.00694504 0.0153223 -0.000427981 0.00487407 0.000295122 0.00664181 0.0148806 -0.007035 -0.0152823
internal_weight=3.85736 2.37501 1.48235 0.742977 0.359729 1.07926 0.717708 0.492611 0.739377 0.551097 1.29574 0.694457 0.353307 0.601287 0.323653
internal_count=399 205 194 81 54 78 60 42 113 84 127 44 47 83 59
is_linear=0
shrinkage=0.05


Tree=191
num_leaves=16
num_cat=0
split_feature=10 18 19 19 15 18 8 7 8 10 16 15 11 8 18
split_gain=0.0662141 0.031324 0.0262524 0.0582075 0.0467036 0.0246607 0.0363917 0.0243884 0.038701 0.0275879 0.0241681 0.022975 0.0464999 0.0312414 0.0174824
threshold=35.850000000000001 3.5000000000000004 1.5000000000000002 9.5000000000000018 56.571428571428577 13.500000000000002 6.5000000000000009 56.500000000000007 8.5000000000000018 37.050000000000004 1.5000000000000002 56.472222222222229 471.00000000000006 10.500000000000002 37.500000000000007
decision_type=2 2 2 2 2 2 2 2 2 2 2 2 2 2 2
left_child=2 11 -1 4 -4 -5 14 9 10 -3 -9 -2 -13 -14 -7
right_child=1 7 3 5 -6 6 -8 8 -10 -11 -12 12 13 -15 -16
leaf_value=0.0079480314634526161 0.022458191414589206 -0.019563381419076736 -0.010453250514724321 0.012697914043664146 -0.040978717161851044 -0.0052211422048030857 -0.02259571111211723 0.0040099006050297306 0.015807956815324264 0.0028144517993879659 -0.025557610687995825 -0.012212061760535615 0.028723813970008966 0.0032330574023347707 0.020431072712702145
leaf_weight=0.22347518918104503 0.35677185049280546 0.25310403960611416 0.29120603925548472 0.21403965118224733 0.21994549897499382 0.17791759884130443 0.22414954507257789 0.17412387320655398 0.44233833206817508 0.30213872669264674 0.11459651202312671 0.21930944699488464 0.23285934318118962 0.24844674346968532 0.10598354483954608
leaf_count=13 18 25 38 27 30 36 36 30 27 22 23 18 21 21 14
internal_value=0.000551324 0.00575449 -0.00781997 -0.0106773 -0.0235882 -0.00153795 -0.00753546 0.000513609 0.00651367 -0.00738635 -0.00772579 0.01213 0.00687057 0.0155657 0.00435512
internal_weight=3.80041 2.34369 1.45672 1.23324 0.511152 0.72209 0.508051 1.2863 0.731059 0.555243 0.28872 1.05739 0.700616 0.481306 0.283901
internal_count=399 205 194 181 68 113 86 127 80 47 53 78 60 42 50
is_linear=0
shrinkage=0.05


Tree=192
num_leaves=18
num_cat=0
split_feature=10 10 4 11 19 11 8 8 11 19 19 19 17 17 13 8 17
split_gain=0.0618971 0.0311506 0.0278281 0.0471245 0.0416934 0.0243061 0.0377492 0.0829682 0.0338052 0.0236461 0.0478307 0.0271532 0.0180374 0.0351446 0.0245798 0.0127266 0.000845634
threshold=35.850000000000001 39.550000000000004 11.500000000000002 467.00000000000006 10.500000000000002 479.00000000000006 14.500000000000002 10.500000000000002 493.00000000000006 1.5000000000000002 9.5000000000000018 4.5000000000000009 8.5000000000000018 4.5000000000000009 13.500000000000002 8.5000000000000018 4.5000000000000009
decision_type=2 2 2 2 2 2 2 2 2 2 2 2 2 2 2 2 2
left_child=9 2 4 16 -2 -5 7 8 -7 -1 11 -11 13 -12 -15 -13 -4
right_child=1 -3 3 5 -6 6 -8 -9 -10 10 12 15 -14 14 -16 -17 -18
leaf_value=0.0074432610736043349 0.026453244703885298 0.023125053093947034 -0.015256971503942252 0.022947842683783342 0.0012773733015275812 -0.010788932316339329 0.022205917950163384 -0.034561928911939897 0.018581801693290559 -0.0099474117456569075 -0.014316409905563883 -0.02215532643839413 -0.015402748648712737 0.02656687845113162 -0.00046374676333665654 -0.044177585685520819 -0.011041313879213715
leaf_weight=0.22292008833028409 0.28930779563961606 0.2302260324358939 0.22204740018059965 0.17740522531312308 0.38105534971691668 0.15490868501001387 0.18300485331565142 0.15940644161310047 0.2665400538535323 0.24061346438247688 0.19219837927084882 0.13077765529305907 0.18468781418778235 0.16133508936036378 0.17568374835536815 0.13164076826069504 0.25622482928156387
leaf_count=13 19 8 21 21 33 27 11 18 28 26 37 26 29 14 33 16 19
internal_value=0.000615743 0.00566952 0.00374659 -0.00021829 0.0121425 0.00627555 0.00240344 -0.00383555 0.00778623 -0.0075277 -0.0102701 -0.0220791 -0.00194927 0.00274577 0.0124761 -0.0332027 -0.0129985
internal_weight=3.75998 2.32013 2.0899 1.41954 0.670363 0.941265 0.76386 0.580855 0.421449 1.43986 1.21694 0.503032 0.713905 0.529217 0.337019 0.262418 0.478272
internal_count=399 205 197 145 52 105 84 73 55 194 181 68 113 84 47 42 40
is_linear=0
shrinkage=0.05


Tree=193
num_leaves=16
num_cat=0
split_feature=10 9 9 9 7 11 14 10 2 10 9 11 18 9 10
split_gain=0.0636724 0.0329535 0.0241758 0.0706133 0.0588825 0.0404562 0.0237775 0.0331173 0.0197943 0.0692522 0.0373139 0.0287383 0.0442461 0.0293179 0.0089668
threshold=35.850000000000001 202.35000000000002 74.800000000000026 43.550000000000004 55.500000000000007 493.00000000000006 52.369791666666679 37.45000000000001 5.5000000000000009 34.350000000000001 41.650000000000006 461.00000000000006 13.500000000000002 12.350000000000001 34.750000000000007
decision_type=2 2 2 2 2 2 2 2 2 2 2 2 2 2 2
left_child=8 2 3 5 -4 6 -2 -8 11 -10 14 -1 -13 -14 -11
right_child=1 -3 4 -5 -6 -7 7 -9 9 10 -12 12 13 -15 -16
leaf_value=-0.019859086176889761 0.0030451757612174782 0.017821263182856859 0.012152809511411303 0.026989245057113861 -0.018128467850513547 0.015757155494751502 -0.034165345160606472 -0.0024007938913762194 -0.039128200126905106 0.015790383654050749 -0.021848442834131367 0.014118991362332684 0.0033865875115223426 -0.033143827337307252 -0.0015639565683907776
leaf_weight=0.17956628248794027 0.28505559010955062 0.43557226192206133 0.28047328395768989 0.31730342691298574 0.37542378925718367 0.26683693715312984 0.14877055884426227 0.1829802185529843 0.19748680526390672 0.14595360349630937 0.18092917808098719 0.35007316934934352 0.11215101188281551 0.1076387032517232 0.15189381290110759
leaf_count=24 27 21 19 21 30 36 36 15 33 14 21 32 20 23 27
internal_value=0.000283784 0.0054438 0.00254033 0.0067566 -0.00517965 -0.000508644 -0.0075454 -0.0166453 -0.00801316 -0.0142152 -0.00393902 -0.00241663 0.00307957 -0.0145036 0.00694016
internal_weight=3.71811 2.29242 1.85684 1.20095 0.655897 0.883643 0.616806 0.331751 1.42569 0.676263 0.478777 0.749429 0.569863 0.21979 0.297847
internal_count=399 205 184 135 49 114 78 51 194 95 62 99 75 43 41
is_linear=0
shrinkage=0.05


Tree=194
num_leaves=17
num_cat=0
split_feature=10 10 9 17 13 14 8 6 19 14 6 9 11 11 11 17
split_gain=0.0576083 0.0325162 0.0295931 0.0241793 0.0375751 0.027652 0.0351147 0.023614 0.0258963 0.024713 0.0258703 0.020875 0.0221616 0.0159233 0.0141894 0.00531108
threshold=35.850000000000001 39.550000000000004 240.30000000000004 2.5000000000000004 10.500000000000002 52.369791666666679 12.500000000000002 4.5000000000000009 13.500000000000002 61.412053571428579 5.5000000000000009 8.9500000000000011 479.00000000000006 467.00000000000006 463.00000000000006 4.5000000000000009
decision_type=2 2 2 2 2 2 2 2 2 2 2 2 2 2 2 2
left_child=3 2 7 -1 -5 14 11 8 13 15 -11 -7 -13 -2 -6 -9
right_child=1 -3 -4 4 5 6 -8 9 -10 10 -12 12 -14 -15 -16 -17
leaf_value=0.0094110280498149058 0.0033523165370440474 0.023351516640823862 0.019081713426408492 0.0067262747033862277 -0.014954813175201899 -0.022445860190974175 -0.028568863826940689 0.0094619905720908087 -0.0068435837521210801 -0.023899535332936372 -0.0016015283391232924 -0.014169240520021571 0.010167467362289108 0.020524190212302854 -0.039034067011988874 -0.0010132015166793231
leaf_weight=0.179889010760235 0.23328869402757924 0.22226625308394421 0.25695899641141284 0.25798413390293695 0.10487064009066671 0.11114542458381038 0.18354099220596254 0.23372065500006989 0.22446706987102516 0.23608177831920329 0.28970523294992745 0.14136497577419505 0.27653248197748326 0.32042987937893486 0.14685775207180995 0.25090333027765155
leaf_count=14 27 8 12 25 13 36 19 22 25 31 27 23 35 34 29 19
internal_value=0.000262858 0.00518866 0.00321512 -0.00770388 -0.0102227 -0.0147571 -0.00972477 0.000935646 0.0074821 -0.00410622 -0.0116135 -0.00318718 0.00193493 0.0132895 -0.0290026 0.00403869
internal_weight=3.67001 2.26782 2.04556 1.40219 1.2223 0.964312 0.712584 1.7886 0.778186 1.01041 0.525787 0.529043 0.417897 0.553719 0.251728 0.484624
internal_count=399 205 197 194 180 155 113 185 86 99 58 94 58 61 42 41
is_linear=0
shrinkage=0.05


Tree=195
num_leaves=13
num_cat=0
split_feature=10 10 14 17 16 16 10 20 11 11 10 3
split_gain=0.0690271 0.0461302 0.0276895 0.0256447 0.0328984 0.0618883 0.0284311 0.03436 0.0236301 0.023617 0.0222967 0.0331583
threshold=33.45000000000001 38.45000000000001 37.355555555555561 2.5000000000000004 3.5000000000000004 10.500000000000002 37.250000000000007 9.5000000000000018 473.00000000000006 489.00000000000006 35.150000000000013 6.5000000000000009
decision_type=2 2 2 2 2 2 2 2 2 2 2 2
left_child=-1 2 8 -4 6 -6 7 9 -2 -5 -7 -12
right_child=1 -3 3 4 5 10 -8 -9 -10 -11 11 -13
leaf_value=-0.027654013153680462 0.022742002079255787 0.019008608844627978 0.01170433600863109 -0.00071879935432498732 0.023314606037210018 -0.019678393516374428 0.0024360277165387315 -0.031497224614752871 0.00061704173245254895 -0.024843106318121002 0.010179002944709558 -0.011779697137063144
leaf_weight=0.19487831578590009 0.24405575823038894 0.39497850090265263 0.33087351723224889 0.34360919484606733 0.27463450434152015 0.17823399469489232 0.33167006238363683 0.22404182028549258 0.23872901196591556 0.14395295324720792 0.37644529272802174 0.31642295746132731
leaf_count=26 18 20 28 42 22 38 21 36 27 33 41 40
internal_value=0.00128524 0.0029451 0.000832067 -0.00126958 -0.00323062 0.0026185 -0.00965419 -0.0152893 0.0118016 -0.00784151 -0.00390642 0.000150781
internal_weight=3.59253 3.39765 3.00267 2.51988 2.18901 1.14574 1.04327 0.711604 0.482785 0.487562 0.871102 0.692868
internal_count=392 366 346 301 273 141 132 111 45 75 119 81
is_linear=0
shrinkage=0.05


Tree=196
num_leaves=12
num_cat=0
split_feature=10 10 10 8 8 14 16 16 17 11 10
split_gain=0.0653234 0.0654504 0.0717778 0.0537959 0.0511092 0.0321535 0.0212623 0.0299346 0.0299747 0.0208818 0.0104013
threshold=33.45000000000001 34.050000000000004 37.550000000000004 15.500000000000002 13.500000000000002 25.353030303030305 31.500000000000004 16.500000000000004 7.5000000000000009 477.00000000000006 36.050000000000004
decision_type=2 2 2 2 2 2 2 2 2 2 2
left_child=-1 -2 3 5 9 -3 7 8 -7 -4 -8
right_child=1 2 4 -5 -6 6 10 -9 -10 -11 -12
leaf_value=-0.027059732947840472 0.025593623783715793 0.021579596656028988 0.010998430568857126 -0.025618999503224677 0.024941836061768627 -0.0070620599502874337 -0.00034021154294459433 -0.026579032212632525 0.013051391863085765 -0.0076547759928030663 0.017837896768683852
leaf_weight=0.19273130653891746 0.28976748098648419 0.13969531957991499 0.3206142224371431 0.26376836816780258 0.42306450754404068 1.0198877525617716 0.1642688073334283 0.15695554230478581 0.22634385662968259 0.28201114910189062 0.15105404719361104
leaf_count=26 26 12 16 17 21 153 27 32 21 27 14
internal_value=0.00126607 0.00285425 0.000760908 -0.00448848 0.011621 -0.00148905 -0.00336427 -0.00600072 -0.003409 0.00226927 0.00836793
internal_weight=3.63016 3.43743 3.14766 2.12197 1.02569 1.85821 1.71851 1.40319 1.24623 0.602625 0.315323
internal_count=392 366 340 276 64 259 247 206 174 43 41
is_linear=0
shrinkage=0.05


Tree=197
num_leaves=13
num_cat=0
split_feature=17 8 20 18 8 8 8 18 15 17 19 6
split_gain=0.0351145 0.0216109 0.0654799 0.045533 0.0517362 0.0566939 0.0296948 0.0267843 0.0385352 0.0232017 0.0160839 0.00860627
threshold=1.5000000000000002 13.500000000000002 8.5000000000000018 37.500000000000007 11.500000000000002 9.5000000000000018 5.5000000000000009 23.500000000000004 56.718750000000007 8.5000000000000018 8.5000000000000018 4.5000000000000009
decision_type=2 2 2 2 2 2 2 2 2 2 2 2
left_child=-1 3 -3 4 5 7 -5 9 -9 10 -2 -10
right_child=1 2 -4 6 -6 -7 -8 8 11 -11 -12 -13
leaf_value=0.020283126813702465 -0.0077850248005946095 0.01853569133334004 -0.0096730474362012337 0.025905465394451016 -0.025188345206973536 0.01400951496918415 0.001398543287565869 0.0028398282543130632 -0.021807687270088871 -0.019586927127456282 0.007344318626777032 -0.041540849931908881
leaf_weight=0.22629293164936859 0.31038170723331926 0.49486202420666803 0.35209253139328212 0.19722241941781238 0.29770783765707154 0.39340495981741685 0.33115409023594111 0.12272174602549057 0.10603465291205794 0.17386866754532093 0.40473880839999765 0.11537431770193507
leaf_count=14 45 30 27 29 32 35 38 24 22 25 52 19
internal_value=0.00122968 -7.70531e-05 0.00680887 -0.00245495 -0.0060249 -0.00251736 0.010546 -0.00778996 -0.0196338 -0.00320516 0.000777773 -0.0320905
internal_weight=3.52586 3.29956 0.846955 2.45261 1.92423 1.62652 0.528377 1.23312 0.344131 0.888989 0.715121 0.221409
internal_count=392 378 57 321 254 222 67 187 65 122 97 41
is_linear=0
shrinkage=0.05


Tree=198
num_leaves=13
num_cat=0
split_feature=10 10 9 14 7 5 19 4 11 17 10 10
split_gain=0.0638968 0.0503665 0.0213779 0.024837 0.0290753 0.0290895 0.0274835 0.0491762 0.0244815 0.0220602 0.0220266 0.0717907
threshold=33.45000000000001 38.45000000000001 251.45000000000002 37.355555555555561 55.500000000000007 1.5000000000000002 10.500000000000002 11.500000000000002 473.00000000000006 4.5000000000000009 35.850000000000001 34.750000000000007
decision_type=2 2 2 2 2 2 2 2 2 2 2 2
left_child=-1 2 3 8 10 6 7 -6 -2 -8 11 -5
right_child=1 -3 -4 4 5 -7 9 -9 -10 -11 -12 -13
leaf_value=-0.027589358974757408 0.020489779837206238 0.019171971851070474 0.014787684884341496 0.019943436549304756 -0.0021785787090223213 0.011070898090705361 -0.016677789032689121 -0.031459182511517421 -0.0024640774384917831 0.001752940128857906 0.01220520268638209 -0.030996686827693076
leaf_weight=0.19098762038629535 0.23640213266480836 0.38430326897650946 0.2233336274512111 0.13599817473004838 0.26318504087976158 0.18878234914154735 0.23117560351965949 0.31504845006202231 0.2283873378764838 0.54536436064518057 0.41997233868460171 0.14074435603106394
leaf_count=26 18 20 11 16 29 15 42 58 27 72 30 28
internal_value=0.000531935 0.00215322 -8.02119e-05 -0.00130773 -0.00349 -0.00731691 -0.00987917 -0.018132 0.00921076 -0.00373388 0.00498842 -0.00596344
internal_weight=3.50368 3.3127 2.92839 2.70506 2.24027 1.54356 1.35477 0.578233 0.464789 0.77654 0.696715 0.276743
internal_count=392 366 346 335 290 216 201 87 45 114 74 44
is_linear=0
shrinkage=0.05


Tree=199
num_leaves=16
num_cat=0
split_feature=10 8 10 17 10 10 14 10 18 9 9 20 11 9 10
split_gain=0.0634912 0.0425964 0.0425524 0.0282796 0.0431046 0.0664229 0.0353539 0.037843 0.0277051 0.0201473 0.0569377 0.0243936 0.019956 0.0196187 0.0173042
threshold=37.550000000000004 13.500000000000002 33.45000000000001 4.5000000000000009 36.250000000000007 37.250000000000007 37.355555555555561 36.250000000000007 13.500000000000002 43.550000000000004 16.500000000000004 6.5000000000000009 477.00000000000006 30.050000000000001 36.850000000000001
decision_type=2 2 2 2 2 2 2 2 2 2 2 2 2 2 2
left_child=2 12 -1 4 8 14 -5 9 -4 10 11 -8 -2 -9 -6
right_child=1 -3 3 6 5 -7 7 13 -10 -11 -12 -13 -14 -15 -16
leaf_value=-0.026603060750207158 0.011255564890295779 0.023532754134966399 0.0069926053122326172 0.021183519287055978 -0.028531027593219644 0.0044408534904682101 -0.02097639113868624 -0.0024789480002095927 -0.017350052686486064 0.00093405200872496118 -0.043786979437800029 0.0085119688443827512 -0.0071575980720934573 0.019715247404719742 -0.059322660144300834
leaf_weight=0.18870409869123328 0.31123324157670118 0.40975528745912015 0.37052519503049586 0.21277271001599718 0.095475695910863578 0.12156636407598853 0.11534202563052509 0.16119772965612356 0.17075217918318231 0.38724768091924489 0.12103524545091204 0.17892232856684132 0.27911004109773785 0.26044825979624875 0.087391455692340969
leaf_count=26 16 21 35 18 22 9 29 26 38 34 26 25 27 19 21
internal_value=0.000517294 0.0111469 -0.00378422 -0.00189783 -0.00915216 -0.0242038 0.00237162 -0.000898008 -0.000686566 -0.00727002 -0.0149199 -0.00304651 0.00254995 0.0112303 -0.0432462
internal_weight=3.47148 1.0001 2.47138 2.28268 0.845711 0.304434 1.43697 1.22419 0.541277 0.802547 0.4153 0.294264 0.590343 0.421646 0.182867
internal_count=392 64 328 302 125 52 177 159 73 114 80 54 43 45 43
is_linear=0
shrinkage=0.05


end of trees

feature_importances:
last_3f=503
odds_numeric=406
horse_weight_kg=253
jockey_frequency=204
jockey_encoded=186
trainer_frequency=182
trainer_encoded=173
race_avg_odds=171
popularity=168
field_size=114
race_avg_weight=113
weight=81
age=80
race_number=73
venue_code=72
race_type_encoded=72
day_of_week=27
sex_encoded=27
month=23

parameters:
[boosting: gbdt]
[objective: lambdarank]
[metric: ndcg]
[tree_learner: serial]
[device_type: cpu]
[data_sample_strategy: bagging]
[data: ]
[valid: ]
[num_iterations: 200]
[learning_rate: 0.05]
[num_leaves: 31]
[num_threads: 0]
[seed: 42]
[deterministic: 0]
[force_col_wise: 0]
[force_row_wise: 0]
[histogram_pool_size: -1]
[max_depth: 8]
[min_data_in_leaf: 20]
[min_sum_hessian_in_leaf: 0.001]
[bagging_fraction: 0.8]
[pos_bagging_fraction: 1]
[neg_bagging_fraction: 1]
[bagging_freq: 5]
[bagging_seed: 400]
[bagging_by_query: 0]
[feature_fraction: 0.8]
[feature_fraction_bynode: 1]
[feature_fraction_seed: 30056]
[extra_trees: 0]
[extra_seed: 12879]
[early_stopping_round: 0]
[early_stopping_min_delta: 0]
[first_metric_only: 0]
[max_delta_step: 0]
[lambda_l1: 0]
[lambda_l2: 0]
[linear_lambda: 0]
[min_gain_to_split: 0]
[drop_rate: 0.1]
[max_drop: 50]
[skip_drop: 0.5]
[xgboost_dart_mode: 0]
[uniform_drop: 0]
[drop_seed: 17869]
[top_rate: 0.2]
[other_rate: 0.1]
[min_data_per_group: 100]
[max_cat_threshold: 32]
[cat_l2: 10]
[cat_smooth: 10]
[max_cat_to_onehot: 4]
[top_k: 20]
[monotone_constraints: ]
[monotone_constraints_method: basic]
[monotone_penalty: 0]
[feature_contri: ]
[forcedsplits_filename: ]
[refit_decay_rate: 0.9]
[cegb_tradeoff: 1]
[cegb_penalty_split: 0]
[cegb_penalty_feature_lazy: ]
[cegb_penalty_feature_coupled: ]
[path_smooth: 0]
[interaction_constraints: ]
[verbosity: -1]
[saved_feature_importance_type: 0]
[use_quantized_grad: 0]
[num_grad_quant_bins: 4]
[quant_train_renew_leaf: 0]
[stochastic_rounding: 1]
[linear_tree: 0]
[max_bin: 255]
[max_bin_by_feature: ]
[min_data_in_bin: 3]
[bin_construct_sample_cnt: 200000]
[data_random_seed: 175]
[is_enable_sparse: 1]
[enable_bundle: 1]
[use_missing: 1]
[zero_as_missing: 0]
[feature_pre_filter: 1]
[pre_partition: 0]
[two_round: 0]
[header: 0]
[label_column: ]
[weight_column: ]
[group_column: ]
[ignore_column: ]
[categorical_feature: ]
[forcedbins_filename: ]
[precise_float_parser: 0]
[parser_config_file: ]
[objective_seed: 16083]
[num_class: 1]
[is_unbalance: 0]
[scale_pos_weight: 1]
[sigmoid: 1]
[boost_from_average: 1]
[reg_sqrt: 0]
[alpha: 0.9]
[fair_c: 1]
[poisson_max_delta_step: 0.7]
[tweedie_variance_power: 1.5]
[lambdarank_truncation_level: 30]
[lambdarank_norm: 1]
[label_gain: ]
[lambdarank_position_bias_regularization: 0]
[eval_at: 1,3,5]
[multi_error_top_k: 1]
[auc_mu_weights: ]
[num_machines: 1]
[local_listen_port: 12400]
[time_out: 120]
[machine_list_filename: ]
[machines: ]
[gpu_platform_id: -1]
[gpu_device_id: -1]
[gpu_use_dp: 0]
[num_gpu: 1]

end of parameters

pandas_categorical:[]
