tree
version=v4
num_class=1
num_tree_per_iteration=1
label_index=0
max_feature_idx=20
objective=lambdarank
feature_names=year month day_of_week venue_code race_number sex_encoded age weight popularity odds_numeric last_3f horse_weight_kg horse_weight_change field_size race_avg_odds race_avg_weight trainer_encoded trainer_frequency jockey_encoded jockey_frequency race_type_encoded
feature_infos=[2000:2022] [2:12] [0:6] [5:9] [11:12] [0:2] [3:11] [48:59] [1:18] [1.2:701.29999999999995] [32.399999999999999:103.5] [374:628] none [7:72] [12.833333333333334:156.56] [52.75:57.0625] [0:50] [1:795] [0:50] [1:1441] [0:20]
tree_sizes=3425 3412 3405 3419 3419 3414 3410 3423 3412 3407 3420 3426 3412 3433 3424 3415 3438 3425 3421 3417 3433 3427 3415 3379 3408 3422 3430 3424 3417 3428 3422 3439 3423 3441 3423 3417 3443 3441 3435 3435 3415 3437 3437 3380 3426 3412 3435 3436 3426 3430 3421 3440 3424 3297 3419 3437 3442 3441 3440 3403 3443 3425 3398 3437 3430 3436 3435 3397 3434 3407 3445 2965 3444 3452 3434 3439 3438 3442 3435 3436 3432 3407 3421 3430 3418 3460 3422 3442 3437 3432 3437 3440 3437 3442 3420 3461 3347 3451 3435 3439 3422 3441 3448 3453 3426 3435 3425 3450 3441 3440 3362 3449 3424 3427 3433 3452 3391 3417 3439 3441 3420

Tree=0
num_leaves=31
num_cat=0
split_feature=10 9 9 10 9 9 9 0 10 10 9 10 15 10 9 3 14 9 14 10 18 0 6 9 9 19 5 16 19 19
split_gain=622.713 453.314 67.4017 54.8377 48.8974 37.4727 17.5839 16.3927 16.2334 16.0311 11.9948 9.57936 9.09594 8.63365 8.2716 7.62117 7.08817 6.67272 6.43652 6.70759 5.85854 5.76442 5.45681 5.38219 5.05166 5.02116 4.31176 4.20565 4.1027 3.71409
threshold=37.95000000000001 41.95000000000001 24.450000000000003 40.150000000000013 178.90000000000003 16.950000000000003 84.050000000000011 2004.5000000000002 39.350000000000001 38.550000000000004 133.05000000000004 36.95000000000001 54.986111111111121 37.350000000000001 5.6500000000000012 5.5000000000000009 43.765625000000007 24.450000000000003 41.045416666666675 37.550000000000004 47.500000000000007 2009.5000000000002 3.5000000000000004 11.250000000000002 7.7500000000000009 372.50000000000006 1.5000000000000002 36.500000000000007 17.500000000000004 21.500000000000004
decision_type=2 2 2 2 2 2 2 2 2 2 2 2 2 2 2 2 2 2 2 2 2 2 2 2 2 2 2 2 2 2
left_child=1 5 3 7 6 14 13 23 10 -9 15 17 25 22 -1 -4 28 -7 20 -20 -16 -17 -3 -2 -11 -13 -18 -14 -8 -15
right_child=2 4 8 -5 -6 11 16 9 -10 24 -12 12 27 29 18 21 26 -19 19 -21 -22 -23 -24 -25 -26 -27 -28 -29 -30 -31
leaf_value=-0.08288438514842475 -0.063612185408591537 0.015084324326343461 0.061114995292704137 0.079125491236160084 0.048816146310543436 -0.064227627073373969 -0.013756818125258925 -0.018709417865034061 0.079571220225798725 0.0031055634028541394 0.073799278238085686 -0.028814179309435452 -0.039727861002149555 -0.025920986043434277 -0.053130632486714992 0.017516784262476656 0.015225351735609681 -0.038956781407099211 -0.074564614507941898 -0.034075028760777844 0.019413679014252269 0.04840474924095195 -0.018408880261480104 -0.014595988188220558 0.046466559186176148 0.038002272589869053 -0.029220565779110703 0.013790337093006014 0.046078361768177714 0.026828950674886921
leaf_weight=96.787365062627941 10.668446217663588 13.904752103611825 41.746378462761641 27.814408804522827 91.251743432832882 43.758799747214653 3.0044467634288621 24.335303862928413 115.57199563202448 9.6484374185092729 54.413233046769165 4.1184912403114131 34.793894869973883 3.763049146160486 51.0040328274481 31.111707425210625 84.329069195431657 71.871006935136393 110.41035836294759 12.070729161612688 2.7902844324707976 30.947399806696922 86.505049219354987 12.535866785794495 24.245058189146221 8.0784139488823694 5.6711144139990202 3.9045817233854896 28.213642408140004 21.720127273350954
leaf_count=2673 264 245 476 218 1160 1088 65 548 940 167 517 106 716 75 1246 535 1416 1556 2846 258 51 380 1652 237 341 121 102 69 395 343
internal_value=-0.000239964 -0.0259385 0.0519339 0.0186437 0.0175512 -0.0594215 0.00597058 -0.00202497 0.0651874 0.0120753 0.0546053 -0.0406151 -0.022292 -0.00708589 -0.070853 0.0444347 0.0195664 -0.0486107 -0.0641754 -0.0706461 -0.049246 0.0330534 -0.0137106 -0.0375226 0.0343155 0.0149831 0.0123399 -0.0341775 0.0401346 0.0187732
internal_weight=1160.99 777.951 383.038 109.248 338.363 439.588 247.111 81.4331 273.791 58.2288 158.219 166.525 50.8954 125.893 273.063 103.805 121.218 115.63 176.275 122.481 53.7943 62.0591 100.41 23.2043 33.8935 12.1969 90.0002 38.6985 31.2181 25.4832
internal_count=20806 16183 4623 1775 5453 10730 4293 1557 2848 1056 1908 3656 1012 2315 7074 1391 1978 2644 4401 3104 1297 915 1897 501 508 227 1518 785 460 418
is_linear=0
shrinkage=0.05


Tree=1
num_leaves=31
num_cat=0
split_feature=10 8 10 8 8 10 8 1 10 10 1 13 10 3 3 10 8 1 10 14 17 10 3 13 17 13 1 10 10 13
split_gain=1239.08 720.855 186.908 88.1881 85.279 61.8615 34.8982 39.2367 51.8806 30.5659 26.2261 24.548 23.1481 22.3453 21.9083 20.3881 19.2312 17.8243 19.058 17.0632 19.2697 17.8354 16.8248 16.1777 15.368 15.2595 11.1832 13.4327 10.4615 9.83098
threshold=38.150000000000013 10.500000000000002 40.650000000000013 5.5000000000000009 12.500000000000002 34.45000000000001 16.500000000000004 10.500000000000002 37.350000000000001 39.850000000000001 3.5000000000000004 15.500000000000002 36.95000000000001 5.5000000000000009 8.5000000000000018 36.550000000000004 5.5000000000000009 10.500000000000002 35.050000000000004 52.82500000000001 134.50000000000003 36.050000000000004 8.5000000000000018 35.000000000000007 50.500000000000007 13.500000000000002 11.500000000000002 35.050000000000004 41.850000000000001 16.500000000000004
decision_type=2 2 2 2 2 2 2 2 2 2 2 2 2 2 2 2 2 2 2 2 2 2 2 2 2 2 2 2 2 2
left_child=1 3 4 26 9 23 7 8 -7 10 14 -11 17 -6 -2 -9 -12 -5 -19 20 -8 -21 -14 -3 -15 -4 -1 -28 -27 -13
right_child=2 5 25 12 13 6 19 15 -10 11 16 29 22 24 -16 -17 -18 18 -20 21 -22 -23 -24 -25 -26 28 27 -29 -30 -31
leaf_value=-0.077443737818396571 -0.030637790436054163 -0.027550780441678909 0.02566195708715523 -0.059933701202048786 0.055640671162784074 -0.014235129936033517 0.038684907663186711 0.0071481942521163149 0.013501836834419925 -0.0029563479909649297 -0.011679005141555293 0.036737986632085481 -0.02348057202866569 -0.013493531130539062 0.065355095157064683 0.032954315886361864 0.01873428244219098 -0.060962070515545579 -0.021945617834829442 0.019165306676852761 -0.052456666121722666 0.068361097395182743 -0.068898023762404281 -0.080487515520955982 0.037104056530644761 0.06944958716989301 -0.082434255973070358 -0.030177590978034741 0.091034608927588426 0.069094493198926202
leaf_weight=347.71269063511863 55.340222237631679 73.94137029722333 14.988150566816328 211.8584902160801 216.41512520611286 485.85091976914555 12.112287139520051 229.93731081858277 257.91058085300028 29.942906992509961 60.237100093159825 68.998040058184415 168.24590131407604 15.646724283695219 6.5356003530323497 115.21637089829892 368.23390189511701 50.226277469657362 85.007717736065388 36.161342967301607 10.925353508442639 38.468348197638988 23.337281874381006 18.117046438157558 283.69831079617143 143.92980727553368 21.353710805997252 30.349723533727229 100.22082282602787 37.039086306001991
leaf_count=5457 326 326 41 2562 353 2435 33 767 1028 79 612 146 1454 55 13 349 1281 544 772 79 32 69 252 127 571 252 272 309 141 69
internal_value=0.000200075 -0.0230622 0.0370035 -0.0563479 0.0282934 0.00135683 0.00442509 0.00185082 -0.00460967 0.0158785 0.0100437 0.0368593 -0.0431104 0.0433541 -0.0203288 0.0157841 0.0144452 -0.050834 -0.0365077 0.0330439 -0.00436181 0.044648 -0.0290721 -0.038099 0.034439 0.0753462 -0.0741731 -0.0519738 0.0783641 0.0481418
internal_weight=3617.96 2216.73 1401.23 938.092 1142.09 1278.64 1186.58 1088.92 743.762 626.327 490.347 135.98 538.676 515.76 61.8758 345.154 428.471 347.092 135.234 97.6673 23.0376 74.6297 191.583 92.0584 299.345 259.139 399.416 51.7034 244.151 106.037
internal_count=20806 16867 3939 11622 3505 5245 4792 4579 3463 2526 2232 294 5584 979 339 1116 1893 3878 1316 213 65 148 1706 453 626 434 6038 581 393 215
is_linear=0
shrinkage=0.05


Tree=2
num_leaves=31
num_cat=0
split_feature=10 8 10 9 9 8 10 8 19 10 9 10 0 1 9 10 8 20 11 1 10 9 18 20 1 11 8 0 9 7
split_gain=1066.17 661.978 141.932 74.135 66.4529 58.764 32.5242 29.4102 29.195 25.838 21.148 20.8604 20.078 28.6072 20.4618 18.2207 14.707 13.0829 12.9802 12.5808 11.8566 11.3727 14.4534 10.9913 10.6981 10.3647 10.174 10.0599 13.0056 9.78419
threshold=38.150000000000013 10.500000000000002 39.750000000000007 21.850000000000005 246.35000000000005 5.5000000000000009 34.45000000000001 12.500000000000002 430.00000000000006 38.750000000000007 154.35000000000005 42.550000000000004 2002.5000000000002 9.5000000000000018 51.250000000000007 36.95000000000001 12.500000000000002 12.500000000000002 505.00000000000006 10.500000000000002 35.350000000000001 271.10000000000008 31.500000000000004 2.5000000000000004 11.500000000000002 453.00000000000006 13.500000000000002 2010.5000000000002 6.1500000000000012 56.250000000000007
decision_type=2 2 2 2 2 2 2 2 2 2 2 2 2 2 2 2 2 2 2 2 2 2 2 2 2 2 2 2 2 2
left_child=1 5 3 9 6 24 -3 23 -9 -2 12 16 14 -14 -5 19 27 -11 21 -7 -21 22 -6 -8 -1 -23 -12 28 -4 -17
right_child=2 4 11 10 18 15 7 8 -10 17 26 -13 13 -15 -16 29 -18 -19 -20 20 -22 25 -24 -25 -26 -27 -28 -29 -30 -31
leaf_value=-0.07488906333353873 -0.037256774050891964 -0.041248510866050893 -0.028683233528210936 -0.040837329836493574 -0.016661021188525693 -0.060031395620422381 0.0041116251282802335 -0.0044850478177127671 0.017545753897983268 0.028147582840334359 0.065826058718232661 0.081761457219056866 0.017746433425432178 0.04698678044543407 0.019346899798440582 -0.02004328502147909 0.062995996569440105 -0.015375870350106124 0.055110296952741777 -0.05627920666929203 -0.024499776096378788 0.047516726686861514 0.056148116487855032 -0.019025461193864179 -0.048635655254348722 0.018674215841217687 0.037351511629681124 0.057897530539580612 0.039453233248294597 -0.044635216683590752
leaf_weight=312.90049487352371 56.532327016815543 54.77057593408972 7.2205115649849168 22.700896620750427 33.173539644107223 187.32346165925264 64.43629452958703 361.23794013634324 257.2061118837446 37.65120289195329 39.283998362720013 74.064953565597534 248.77603066340089 126.83158678747714 36.940473694354296 91.22745827678591 194.60021106153727 31.583687607198954 33.740092068910599 54.823220390826464 65.465800210833549 46.148728307336569 8.4671801626682264 245.4007863169536 46.528744660317898 99.42957878112793 174.051752127707 85.397241689264774 138.72007277980447 74.702869937755167
leaf_count=5457 573 423 46 135 100 2562 294 1492 991 237 65 87 846 332 139 872 313 285 74 679 637 106 20 1476 581 269 355 169 357 834
internal_value=0.000459678 -0.021979 0.0363295 0.0229053 0.00172583 -0.056245 -0.00383942 -0.00162261 0.00467066 -0.0121914 0.0297195 0.0571006 0.0233635 0.0276432 -0.00350694 -0.0446286 0.0527825 0.00822733 0.0264989 -0.0518623 -0.0390599 0.0212893 -0.00163725 -0.0141978 -0.0715189 0.027878 0.0426467 0.0441458 0.0360306 -0.0311651
internal_weight=3311.34 2036.98 1274.35 774.352 1204.01 832.972 983.052 928.281 618.444 125.767 648.585 500.003 435.249 375.608 59.6414 473.543 425.938 69.2349 220.959 307.612 120.289 187.219 41.6407 309.837 359.429 145.578 213.336 231.338 145.941 165.93
internal_count=20806 16867 3939 2967 5245 11622 4676 4253 2483 1095 1872 972 1452 1178 274 5584 885 522 569 3878 1316 495 120 1770 6038 375 420 572 403 1706
is_linear=0
shrinkage=0.05


Tree=3
num_leaves=31
num_cat=0
split_feature=10 9 10 9 9 9 10 13 0 14 9 0 14 11 10 3 1 10 10 13 14 0 10 13 11 18 1 1 11 19
split_gain=942.123 511.424 148.276 83.9373 68.684 33.0451 32.5449 28.9627 28.7066 26.4672 23.594 22.3214 17.9241 28.1413 15.6062 15.2351 14.1322 13.5809 13.373 13.4024 13.1697 12.8085 11.3319 11.0282 12.498 10.8377 10.6533 10.4363 10.1333 9.78543
threshold=37.850000000000001 45.050000000000004 39.050000000000004 21.250000000000004 90.250000000000014 15.65 41.350000000000001 16.500000000000004 2003.5000000000002 50.463392857142871 278.35000000000008 2010.5000000000002 60.085763888888899 487.00000000000006 38.750000000000007 5.5000000000000009 11.500000000000002 35.050000000000004 36.95000000000001 43.000000000000007 107.82812500000001 2009.5000000000002 34.850000000000001 58.000000000000007 475.00000000000006 28.500000000000004 10.500000000000002 7.5000000000000009 501.00000000000006 186.00000000000003
decision_type=2 2 2 2 2 2 2 2 2 2 2 2 2 2 2 2 2 2 2 2 2 2 2 2 2 2 2 2 2 2
left_child=1 5 3 11 9 16 8 15 28 22 12 -2 13 -6 -13 -5 -1 -18 -7 -20 29 -17 -3 27 -25 -21 -24 -9 -4 -12
right_child=2 4 6 7 10 18 -8 23 -10 -11 20 14 -14 -15 -16 21 17 -19 19 25 -22 -23 26 24 -26 -27 -28 -29 -30 -31
leaf_value=-0.069725740323864971 -0.054501367586331867 -0.043025515345087396 0.027721667363378701 0.028853439876281597 -0.0004695854076256958 -0.050885019920533542 0.067489427652598355 0.051630336486092977 0.048462019706236294 -0.036900652319414147 0.018141176547652883 -0.025618173134861283 -0.0084036221098412519 0.028402436092658991 0.029738303589151988 -0.0067278242574086893 -0.073820877281950067 -0.023035080528853513 -0.037481661742801237 -0.025937583397256488 -0.016490919323229981 0.016750166021639021 -0.011292558375083419 0.047387105844735614 -0.054549941747238741 0.050658430863609709 0.018740430912323188 0.027321761999876348 -0.0094500301683894967 0.046669493189761907
leaf_weight=331.77642949018627 43.413300049491227 19.038081623613834 112.32418397255242 110.98572365194559 239.28383621945977 236.15917514171451 162.14394225552678 100.74014720693231 407.4581048861146 140.70313945412636 65.523807287216187 37.270688434131444 217.28124494291842 130.0054899379611 19.164307288825512 103.96187832392752 21.408563423901796 35.423851877450943 85.04546039737761 9.8098480459302682 15.976446304470299 130.85100729949772 94.675101632252336 5.3444533012807351 6.5784401446580887 8.4969995878636819 42.745883028954268 81.573103560134768 21.631666783243418 57.118313383311033
leaf_count=5974 644 178 453 333 951 3072 247 267 1066 1216 169 449 1095 466 92 492 308 352 950 105 60 461 605 22 29 46 174 300 111 119
internal_value=0.000436374 -0.0237328 0.0319314 0.014499 -0.000918985 -0.0557543 0.0477747 0.0222909 0.0418499 -0.0211647 0.00737201 -0.0275744 0.00297631 0.00968599 -0.00671232 0.0135836 -0.0657469 -0.0423498 -0.0442858 -0.0291238 0.025921 0.00633571 -0.00696688 0.0377519 -0.00842656 0.00942437 -0.00190737 0.0408022 0.0216792 0.0314956
internal_weight=3093.91 1750.47 1343.44 639.883 1022.35 728.12 703.558 540.035 541.414 297.162 725.189 99.8483 586.571 369.289 56.435 345.799 388.609 56.8324 339.511 103.352 138.619 234.813 156.459 194.236 11.9229 18.3068 137.421 182.313 133.956 122.642
internal_count=20806 15840 4966 3089 5033 10807 1877 1904 1630 2173 2860 1185 2512 1417 541 1286 6634 660 4173 1101 348 953 957 618 51 151 779 567 564 288
is_linear=0
shrinkage=0.05


Tree=4
num_leaves=31
num_cat=0
split_feature=10 8 10 9 9 8 13 10 1 10 10 8 8 10 15 10 0 9 9 10 14 18 1 3 19 13 19 13 13 0
split_gain=810.086 426.981 125.524 68.1161 50.3859 35.9572 32.9179 25.0185 27.8685 24.7024 23.582 19.7643 19.6654 19.4357 17.9852 14.1226 13.0814 25.9056 13.023 12.4305 14.9001 13.0459 12.1418 11.8558 11.8245 11.1159 10.7248 13.9436 10.3495 10.2154
threshold=37.850000000000001 10.500000000000002 39.350000000000001 21.850000000000005 178.90000000000003 5.5000000000000009 17.500000000000004 34.550000000000004 10.500000000000002 40.750000000000007 38.750000000000007 12.500000000000002 12.500000000000002 37.350000000000001 56.620192307692314 36.050000000000004 2008.5000000000002 154.35000000000005 121.95000000000002 35.050000000000004 41.045416666666675 26.500000000000004 10.500000000000002 5.5000000000000009 440.00000000000006 15.500000000000002 86.500000000000014 51.500000000000007 29.000000000000004 2004.5000000000002
decision_type=2 2 2 2 2 2 2 2 2 2 2 2 2 2 2 2 2 2 2 2 2 2 2 2 2 2 2 2 2 2
left_child=1 5 3 10 7 -1 16 -3 13 12 -2 -8 18 -9 26 -16 17 -5 -4 -7 21 -21 -18 -12 -10 -11 28 -28 -6 -14
right_child=2 4 9 6 14 19 11 8 24 25 23 -13 29 -15 15 -17 22 -19 -20 20 -22 -23 -24 -25 -26 -27 27 -29 -30 -31
leaf_value=-0.065318021080944616 -0.038641865130782119 -0.045853200764538041 0.030553858169175947 -0.012492794697855782 0.014830429242593335 -0.059601870237659206 0.022807390147927094 -0.020819602066847465 -0.0028032722417210762 0.036164892671792521 0.038488975830670569 0.052255358208069695 0.025993114600248599 0.0057322010499265786 -0.084950002461619697 -0.003175710819819206 0.017134236881730214 0.031548246469641841 -0.036996092173861524 -0.035367035901052675 -0.044939890242286055 0.0030191631640326282 0.054028316395968889 -0.012196455359644679 0.021868461757469735 0.065530474685575837 0.021429036820572376 0.06775194119701472 -0.019683467382219978 0.058277621103665703
leaf_weight=306.90888533834368 65.940414296463132 43.750048222020268 177.51598607376218 99.736959731206298 95.140559831634164 83.633947177790105 113.69211981631815 289.99058878980577 103.17069036513567 40.453855630010366 18.601044250652194 116.45146152377129 31.388278964906931 89.995552962645888 6.7987235113978413 23.147640373557806 201.495311466977 50.043918360024691 7.2859770357608786 58.413711136206985 215.14459975529462 35.211729633621871 25.213629245758057 29.840768275782466 91.112482896074653 187.57796156033874 161.28865971602499 18.15367965772748 27.946384051814675 127.58501115813851
leaf_count=5743 1001 423 670 538 328 1223 454 1993 459 93 87 283 104 511 21 98 732 138 19 708 2999 321 51 266 344 304 513 44 112 226
internal_value=0.000414821 -0.022806 0.0300509 0.0161624 -0.000981437 -0.052458 0.0228392 -0.00942958 -0.00663849 0.0475488 -0.0191935 0.0377458 0.0390207 -0.0145181 0.0147054 -0.0221283 0.013706 0.00219981 0.027845 -0.0423731 -0.0376725 -0.0208891 0.0212815 0.0072023 0.00874654 0.0603609 0.0183741 0.0261784 0.00694399 0.051955
internal_weight=2942.63 1649.81 1292.82 721.016 950.495 699.313 606.633 618.019 574.269 571.807 114.382 230.144 343.775 379.986 332.476 29.9464 376.49 149.781 184.802 392.404 308.77 93.6254 226.709 48.4418 194.283 228.032 302.529 179.442 123.087 158.973
internal_count=20806 15840 4966 3550 4846 10994 2196 3730 3307 1416 1354 737 1019 2504 1116 119 1459 676 689 5251 4028 1029 783 353 803 397 997 557 440 330
is_linear=0
shrinkage=0.05


Tree=5
num_leaves=31
num_cat=0
split_feature=10 8 10 9 8 9 10 1 10 14 8 1 11 10 13 10 9 19 1 10 20 19 11 10 3 10 13 15 13 10
split_gain=684.003 446.643 73.4572 43.9728 39.8044 38.9209 20.9297 24.7533 19.6124 18.1143 20.4533 17.7895 22.065 21.5063 17.4905 15.5458 14.5585 13.9751 17.009 12.357 11.8916 11.1735 11.2991 10.4663 8.93495 8.84547 8.30268 7.10632 6.91187 6.86632
threshold=38.350000000000001 10.500000000000002 39.750000000000007 16.950000000000003 9.5000000000000018 154.35000000000005 37.45000000000001 10.500000000000002 36.95000000000001 32.806250000000006 8.5000000000000018 11.500000000000002 449.00000000000006 37.45000000000001 13.500000000000002 43.150000000000013 99.750000000000014 31.500000000000004 4.5000000000000009 35.45000000000001 6.5000000000000009 23.500000000000004 513.00000000000011 34.650000000000013 8.5000000000000018 38.750000000000007 35.000000000000007 56.118055555555564 12.500000000000002 34.45000000000001
decision_type=2 2 2 2 2 2 2 2 2 2 2 2 2 2 2 2 2 2 2 2 2 2 2 2 2 2 2 2 2 2
left_child=1 3 4 29 25 6 7 16 -5 10 -10 12 27 -14 20 21 -3 -8 -19 -13 -4 -16 -23 -9 -11 26 -2 -7 -27 -1
right_child=2 5 14 8 -6 11 17 23 9 24 -12 19 13 -15 15 -17 -18 18 -20 -21 -22 22 -24 -25 -26 28 -28 -29 -30 -31
leaf_value=-0.075538968338931103 -0.025357827161878996 -0.028709631404472441 -0.036238877633667649 -0.044405638269249981 0.030917165394809206 0.039753330032049027 -0.020108629169731742 -0.02894231382464418 0.062521740219336749 -0.02229037880283306 -0.038316775515223098 0.008629685174106597 -0.0046603320745374332 0.023097423385619952 0.027697796329624921 0.080691477736702003 -0.0054516662084018652 -0.011348296427527682 0.026084127209140454 0.056104298472189035 0.036249054834030812 0.056895993979919041 0.030757771430088246 0.0087107416087309885 -0.061597749582726985 -0.043665398907998823 0.028821229889850416 -0.0060323112257288126 0.012024920347641445 -0.055930021550732234
leaf_weight=54.369053279049695 41.779334856197238 178.58284878917038 9.2023883350193518 205.84358188789338 374.54067695327103 67.273069582879543 33.412573521956801 20.901426972821355 12.601546214893462 111.6146890213713 8.1771300500258786 21.706391930580139 218.38282723538578 102.31418500840664 54.681848600506783 43.588035941123962 108.96391024813056 41.940856896340847 107.80394926294684 38.602491803467274 14.253591883927582 253.28076315484941 50.992164198309183 150.30380374193192 16.806172219105065 5.7520355861634007 8.3407700294628722 9.4542182572185975 105.55842457152903 345.91766444779932
leaf_count=1031 439 1553 41 2936 1173 201 214 180 47 1200 62 60 898 345 129 51 629 217 435 83 44 566 123 644 220 44 50 36 688 6475
internal_value=0.000101076 -0.0176398 0.0343143 -0.0472406 0.0219731 0.00269056 -0.00524697 -0.010956 -0.0343795 -0.0204929 0.0226054 0.0138315 0.00996913 0.00418427 0.0498209 0.0522682 -0.0199185 0.00902335 0.015566 0.0391426 0.00756479 0.0487813 0.0525435 0.0040705 -0.0275173 0.00118434 -0.0162026 0.0340461 0.0090656 -0.0586241
internal_weight=2816.94 1854.97 961.97 755.33 535.971 1099.64 641.909 458.752 355.043 149.2 20.7787 457.733 397.424 320.697 425.999 402.543 287.547 183.157 149.745 60.3089 23.456 358.955 304.273 171.205 128.421 161.431 50.1201 76.7273 111.31 400.287
internal_count=20814 17466 3348 11971 2394 5495 3872 3006 4465 1529 109 1623 1480 1243 954 869 2182 866 652 143 85 818 689 824 1420 1221 489 237 732 7506
is_linear=0
shrinkage=0.05


Tree=6
num_leaves=31
num_cat=0
split_feature=10 8 10 8 8 8 7 1 10 10 13 13 10 0 10 10 6 18 11 15 11 1 10 10 20 10 7 15 6 1
split_gain=602.679 378.692 80.8094 39.7327 34.0475 33.391 30.6004 22.2516 22.0509 20.7886 17.9746 17.5449 13.6065 12.5038 12.3098 11.1699 10.9245 9.95025 10.2403 8.53519 8.53324 8.50072 9.86886 8.31896 8.46483 9.5095 8.23575 8.13626 7.54548 7.5021
threshold=38.250000000000007 10.500000000000002 40.050000000000004 11.500000000000002 6.5000000000000009 12.500000000000002 55.750000000000007 10.500000000000002 37.45000000000001 36.95000000000001 53.000000000000007 13.500000000000002 35.650000000000013 2002.5000000000002 42.350000000000001 34.350000000000001 7.5000000000000009 8.5000000000000018 523.00000000000011 53.704861111111121 441.00000000000006 10.500000000000002 36.050000000000004 39.350000000000001 17.500000000000004 38.95000000000001 55.750000000000007 56.31009615384616 5.5000000000000009 11.500000000000002
decision_type=2 2 2 2 2 2 2 2 2 2 2 2 2 2 2 2 2 2 2 2 2 2 2 2 2 2 2 2 2 2
left_child=1 4 3 13 -1 19 15 8 -8 -6 29 -4 -9 27 -13 -7 -17 18 -15 -3 -19 26 -23 24 -5 -26 -21 28 -2 -11
right_child=2 5 11 23 9 6 7 12 -10 10 -12 14 -14 17 -16 16 -18 20 -20 21 -22 22 -24 -25 25 -27 -28 -29 -30 -31
leaf_value=-0.056102098696924042 -0.035946397603327039 -0.069821723815707476 0.0007333039811751828 0.030968150059657185 -0.044031562735280853 -0.023666812223423386 -0.023766932729518866 -0.0076732766386802195 0.0099502370422374989 -0.026279257930363287 0.051092614061014931 0.048490643434528094 0.027457881928621582 0.024604438419094529 0.072077540242631896 0.016356065479315337 0.051530640404665144 0.042453390309436866 -0.042845310540039906 -0.029620912700050309 -0.0029672469658784395 -0.013862275029567179 0.017642777668641273 0.043975208816588965 -0.01166926893530295 0.041618757078105514 -0.0081381270145187735 0.065886568633608172 0.025212266137844927 0.028825009527859081
leaf_weight=370.55093806609511 29.806372379884124 6.2914039306342593 16.485131837427616 218.5130856782198 205.07214221544564 16.162151951342821 150.10536074917763 44.158167064189911 71.294103570282459 116.91353635210544 8.5414761742576939 247.44290917366743 72.27094928920269 116.63073009438813 73.627067416906357 363.35838626697659 23.602613314986229 11.28487567976117 5.7714619776234022 80.250597072765231 111.95909890253097 54.322005528956652 45.638351861387491 106.11161017045379 25.995202165096998 12.188604043796657 102.5006442759186 2.4814785756170741 5.89251067303121 6.3551168702542773
leaf_count=7272 333 51 64 636 3066 123 870 172 309 1410 41 561 227 594 109 1522 65 36 57 705 775 330 207 267 98 38 787 8 40 41
internal_value=0.000253387 -0.0174535 0.031515 0.0211449 -0.0456173 0.00188878 0.0075154 -0.00357172 -0.0128873 -0.0340567 -0.0184781 0.0513534 0.0140956 0.00710568 0.0539359 0.0168177 0.0185272 0.0112569 0.0213509 -0.0125172 0.00118222 -0.0112 0.000475101 0.032109 0.0271692 0.00527441 -0.0176101 -0.0194318 -0.0256696 -0.0233768
internal_weight=2721.58 1737.39 984.19 646.635 707.433 1029.95 740.952 337.829 221.399 336.882 131.81 337.555 116.429 283.827 321.07 403.123 386.961 245.646 122.402 289.003 123.244 282.712 99.9604 362.809 256.697 38.1838 182.751 38.1804 35.6989 123.269
internal_count=20814 17198 3616 2882 11830 5368 3288 1578 1179 4558 1492 734 399 1843 670 1710 1587 1462 651 2080 811 2029 537 1039 772 136 1492 381 373 1451
is_linear=0
shrinkage=0.05


Tree=7
num_leaves=31
num_cat=0
split_feature=9 8 9 9 14 5 18 19 16 17 19 9 9 17 16 7 9 20 17 17 8 17 14 15 9 19 17 9 5 6
split_gain=325.699 70.6159 48.8902 20.9058 14.0913 13.9902 11.7115 9.93886 8.60719 7.30338 15.9008 12.8315 6.56879 7.13872 9.52226 7.58679 6.33113 7.05999 5.95603 5.65642 5.17888 13.0666 4.73168 4.71672 4.69797 4.51373 4.48155 4.35572 4.33872 4.26891
threshold=24.050000000000004 11.500000000000002 5.8500000000000005 385.95000000000005 81.291193181818201 1.5000000000000002 46.500000000000007 15.500000000000002 12.500000000000002 345.00000000000006 57.000000000000007 59.850000000000001 81.250000000000014 414.00000000000006 6.5000000000000009 50.500000000000007 8.3500000000000032 9.5000000000000018 137.50000000000003 45.500000000000007 14.500000000000002 251.50000000000003 85.716666666666683 56.696153846153855 19.650000000000002 5.5000000000000009 131.50000000000003 31.650000000000002 1.5000000000000002 4.5000000000000009
decision_type=2 2 2 2 2 2 2 2 2 2 2 2 2 2 2 2 2 2 2 2 2 2 2 2 2 2 2 2 2 2
left_child=2 12 -1 5 6 9 16 -5 28 11 -11 -3 13 14 15 -2 18 -18 -4 -14 21 -7 -9 25 -10 -21 -22 -16 -8 -24
right_child=1 3 4 7 -6 20 8 22 24 10 -12 -13 19 -15 27 -17 17 -19 -20 23 26 -23 29 -25 -26 -27 -28 -29 -30 -31
leaf_value=-0.053537792135341669 0.057746674179377601 -0.0028408169275962224 -0.060093725374395113 -0.0045859263511853912 -0.056212548889685021 -0.042876612367325803 0.011726357865672799 0.075018432763626075 -0.059633744776862167 -0.014539838719247078 0.033002770110741785 0.016794137790861526 -0.039953335996205937 0.012643997432033052 -0.0076150659388419546 -0.0056776000679404385 -0.026934372839047368 -0.012589444408157045 -0.027521761600095968 -0.048138986013322081 0.03322971915173957 0.016375636526549497 0.064994156298145991 -0.032864364920420809 0.027257910420770356 0.017462586494819878 -0.0067198344332734111 -0.033108786102705449 0.064554162266936957 0.019394405651299948
leaf_weight=165.07304040016606 4.6631230227649203 90.073577078990638 18.027845778502524 7.3422705307602874 28.69094973243773 22.791901147924364 21.897438281215731 20.914065562188625 5.9351945556700221 20.000439619645476 135.17760388925672 1023.3799530323595 5.4796942342072716 45.295135915279388 26.330635440535843 375.81547265965492 160.10701063368469 189.72823087591678 71.529430779162794 2.5857887789607039 11.517516203224661 15.452673768624662 9.7854282706975955 5.3310476429760447 1.9397551566362379 74.2989656990394 17.30922969430685 49.303212044760585 4.7589317839592686 11.821526668965815
leaf_count=3239 20 595 357 31 572 159 208 35 110 113 492 3981 38 362 281 3231 2252 2369 1144 15 43 70 22 39 17 400 77 489 15 38
internal_value=0.000272224 0.0104818 -0.0299118 0.0166475 -0.0221333 0.0154527 -0.0200482 0.0484559 0.00786318 0.0166304 0.0268375 0.0152012 -0.00401174 -0.00622567 -0.00811288 -0.00487217 -0.0222544 -0.0191747 -0.034194 0.00858235 -0.00674071 -0.0188251 0.0577215 0.0119226 -0.0375302 0.0151317 0.00912856 -0.0243214 0.0215505 0.0404804
internal_weight=2642.36 1974.67 667.688 1385.57 502.615 1335.7 473.924 49.8633 34.5313 1268.63 155.178 1113.45 589.103 501.408 456.112 380.479 439.393 349.835 89.5573 87.6955 67.0713 38.2446 42.521 82.2158 7.87495 76.8848 28.8267 75.6338 26.6564 21.607
internal_count=20814 10531 10283 5656 7044 5530 6472 126 350 5181 605 4576 4875 4383 4021 3251 6122 4621 1501 492 349 229 95 454 127 415 120 770 223 60
is_linear=0
shrinkage=0.05


Tree=8
num_leaves=31
num_cat=0
split_feature=10 8 10 10 10 1 11 8 14 8 10 13 8 17 20 10 13 7 13 20 0 1 15 11 0 13 13 15 8 10
split_gain=560.581 314.383 65.7173 28.3216 24.8505 33.4907 21.7846 18.0207 16.0176 15.8687 15.0403 15.1511 14.8499 14.8477 13.93 13.8553 16.4983 13.6272 13.4377 11.1253 11.1037 10.7897 9.76147 8.37706 8.25331 15.445 11.9025 14.6876 9.43049 8.79725
threshold=38.350000000000001 10.500000000000002 39.750000000000007 36.95000000000001 37.45000000000001 10.500000000000002 449.00000000000006 16.500000000000004 32.806250000000006 5.5000000000000009 42.550000000000004 13.500000000000002 8.5000000000000018 108.00000000000001 15.500000000000002 35.45000000000001 27.000000000000004 53.500000000000007 49.500000000000007 6.5000000000000009 2013.5000000000002 11.500000000000002 54.222527472527482 505.00000000000006 2003.5000000000002 31.000000000000004 29.000000000000004 56.741666666666667 15.500000000000002 39.350000000000001
decision_type=2 2 2 2 2 2 2 2 2 2 2 2 2 2 2 2 2 2 2 2 2 2 2 2 2 2 2 2 2 2
left_child=1 3 9 12 5 6 7 -3 18 20 11 19 -1 -8 17 -7 -17 -6 21 -4 23 -5 -14 -2 25 28 29 -28 -11 -26
right_child=2 4 10 8 14 15 13 -9 -10 24 -12 -13 22 -15 -16 16 -18 -19 -20 -21 -22 -23 -24 -25 26 -27 27 -29 -30 -31
leaf_value=-0.05601712781285284 -0.048007980942239542 -0.0024153595699505539 -0.059399588800543052 -0.028256946040007419 -0.017910546355744902 -0.0050381479242284019 -0.0023209972346621994 0.053044180383309596 -0.034115857477273519 0.010826391670999903 0.070564506451583797 0.046172908202034596 0.012684761494484473 -0.024632086397391062 -0.0052489769480728796 0.024846614315953246 -0.0099339118523248011 0.023572338787539195 0.075960951973093993 0.026273798482624511 0.019835451416961188 0.05593852338360783 -0.039000991581765128 0.012663315705161266 0.01613081760669402 -0.036018865018269522 0.047339097837832134 -0.02427390235394293 0.058106765376746944 0.037842190166441261
leaf_weight=335.1681236801669 17.860710815526549 64.86434375308454 5.619832411408427 18.313558737747378 21.819304941222072 117.39556509628892 105.22229109890759 18.762293472886086 199.04902080306783 60.808763061650097 63.102371066808701 306.45454877614975 9.9863137854263169 260.42420187126845 77.696638789027929 146.4591883867979 44.137648107483983 195.12574359588325 5.4286043867468825 11.0975149795413 20.999034138396382 4.6746706031262866 88.12281596288085 8.1080292854458076 202.540403412655 15.157688472419975 90.569637289270759 7.6178966779261819 12.804724793881176 61.435295566916466
leaf_count=6817 295 392 37 250 117 578 606 51 3413 346 94 782 121 1926 413 494 180 738 14 41 182 19 1337 85 830 119 271 56 25 185
internal_value=0.000255287 -0.0164344 0.0325871 -0.0434611 0.000539911 -0.00424894 -0.0129582 0.0100162 -0.029101 0.0205565 0.0480721 0.0436443 -0.05098 -0.0182277 0.0128621 0.00843931 0.0167651 0.0193708 0.0058469 -0.00241146 -0.00700708 -0.0107511 -0.0336815 -0.0288973 0.0234394 0.00967366 0.0267962 0.0417131 0.0191861 0.0212151
internal_weight=2596.83 1712.65 884.176 660.743 1051.91 757.266 449.273 83.6266 227.466 497.902 386.274 323.172 433.277 365.646 294.642 307.992 190.597 216.945 28.4168 16.7173 46.9678 22.9882 98.1091 25.9687 450.934 88.7712 362.163 98.1875 73.6135 263.976
internal_count=20814 17466 3348 11971 5495 4227 2975 443 3696 2394 954 860 8275 2532 1268 1252 674 855 283 78 562 269 1458 380 1832 490 1342 327 371 1015
is_linear=0
shrinkage=0.05


Tree=9
num_leaves=31
num_cat=0
split_feature=10 9 10 9 10 9 10 1 0 10 10 10 9 9 13 20 20 13 13 0 20 1 9 10 20 9 14 13 17 14
split_gain=510.948 271.736 72.3201 34.3787 23.2256 22.9368 19.57 17.0897 16.4231 15.5091 14.5336 13.8098 13.276 11.798 11.1627 9.4129 9.35785 9.20115 8.8655 9.81054 9.43448 7.82672 7.59474 7.26095 7.83794 7.08268 7.0479 6.51153 9.78854 6.34429
threshold=38.150000000000013 41.95000000000001 40.45000000000001 228.95000000000002 36.95000000000001 22.850000000000005 34.350000000000001 10.500000000000002 2003.5000000000002 37.350000000000001 38.750000000000007 38.95000000000001 15.050000000000002 385.95000000000005 49.500000000000007 16.500000000000004 15.500000000000002 31.000000000000004 23.000000000000004 2011.5000000000002 16.500000000000004 11.500000000000002 147.65000000000001 43.650000000000013 19.500000000000004 18.650000000000002 37.781565656565661 68.000000000000014 695.00000000000011 103.76354166666668
decision_type=2 2 2 2 2 2 2 2 2 2 2 2 2 2 2 2 2 2 2 2 2 2 2 2 2 2 2 2 2 2
left_child=1 4 5 6 25 8 -3 9 -2 -8 -10 16 -6 18 21 -12 22 -9 20 -20 -5 -14 -7 24 -4 27 -16 -1 -29 -15
right_child=2 3 23 13 12 11 7 17 10 -11 15 -13 14 29 26 -17 -18 -19 19 -21 -22 -23 -24 -25 -26 -27 -28 28 -30 -31
leaf_value=-0.05753895023374133 -0.033881278165561877 -0.043726711289238385 0.052254186378040218 0.0073118820466556312 -0.045502006239664106 0.01598926784856998 -0.016550005701090355 0.0094195148068661923 -0.01954308456679698 0.0022478886472274786 0.032891759379297038 0.032826544178840747 -0.026504244996461736 0.055835055809178073 0.08031345211145173 -0.010408629521375395 0.0035347775469609585 -0.018130719900891112 0.00011394886683712479 0.043076160465070817 -0.046883750770431547 0.039946367242055497 0.035960331176129665 0.079199637620609581 0.011946865312213367 -0.042138978142990988 -0.0033676782635045179 -0.046841651512130121 0.093038761351534313 0.0067067496808663743
leaf_weight=250.66378959780559 25.811531856656075 33.165378659032285 201.83165391907096 104.55596231482923 75.998104103375226 134.68791971355677 318.06355450022966 227.96172763034701 27.914763528853655 166.79040885064751 54.442092537879944 296.0256194639951 90.008986781351268 25.916705157607794 4.2187532782554609 16.043613318353891 86.125918127596378 34.755588840693235 21.32238132879138 36.225865030661225 8.5854865219444019 4.515704618766903 75.222589865326881 24.328063428401947 13.247157752513884 142.30599538423121 5.7530138194561005 3.8739803163334718 1.7224431559443472 9.1553735099732858
leaf_count=5560 393 385 439 367 1817 566 2467 1005 430 980 303 982 1260 62 6 136 401 192 88 109 47 31 199 32 48 2325 71 75 7 31
internal_value=0.000230644 -0.0173533 0.0290399 -0.0013874 -0.0445394 0.0210713 -0.0061841 -0.00450624 0.00149255 -0.0100741 0.0108472 0.0251694 -0.0295655 0.0167829 -0.0178949 0.0229643 0.0174871 0.00575028 0.0113019 0.0272726 0.00311744 -0.023238 0.0231835 0.0528416 0.0498015 -0.0512989 0.0319847 -0.0563476 -0.0020346 0.0432081
internal_weight=2521.24 1565.56 955.681 986.498 579.061 716.274 780.737 747.571 124.212 484.854 98.4005 592.062 180.495 205.762 104.496 70.4857 296.036 262.717 170.69 57.5482 113.141 94.5247 209.911 239.407 215.079 398.566 9.97177 256.26 5.59642 35.0721
internal_count=20814 16885 3929 5733 11152 3410 5029 4644 1262 3447 869 2148 3185 704 1368 439 1166 1197 611 197 414 1291 765 519 487 7967 77 5642 82 93
is_linear=0
shrinkage=0.05


Tree=10
num_leaves=31
num_cat=0
split_feature=10 9 10 9 9 18 17 10 13 10 3 0 3 9 0 17 1 15 10 13 1 9 15 9 7 10 11 6 20 6
split_gain=478.426 221.222 73.1732 43.501 27.2122 17.2898 17.5033 15.8923 14.6516 14.4337 19.0487 23.9416 13.8709 13.14 16.1008 13.6525 12.7582 12.4845 10.7646 9.84355 9.36819 8.86018 12.6023 10.0636 8.53201 7.76568 7.65516 7.15471 12.7804 7.82262
threshold=37.850000000000001 85.65000000000002 39.850000000000001 16.950000000000003 133.05000000000004 9.5000000000000018 105.00000000000001 35.250000000000007 16.500000000000004 39.050000000000004 5.5000000000000009 2003.5000000000002 7.5000000000000009 217.70000000000002 2005.5000000000002 251.50000000000003 10.500000000000002 56.870833333333344 41.350000000000001 27.000000000000004 4.5000000000000009 154.35000000000005 56.184659090909101 111.55000000000001 50.500000000000007 36.650000000000013 431.00000000000006 5.5000000000000009 19.500000000000004 4.5000000000000009
decision_type=2 2 2 2 2 2 2 2 2 2 2 2 2 2 2 2 2 2 2 2 2 2 2 2 2 2 2 2 2 2
left_child=1 3 4 -1 9 6 24 -5 16 10 -2 -12 20 15 -15 -8 -9 21 27 -10 -11 23 -23 -7 -3 -26 -6 28 29 -4
right_child=2 5 18 7 26 17 13 8 19 12 11 -13 -14 14 -16 -17 -18 -19 -20 -21 -22 22 -24 -25 25 -27 -28 -29 -30 -31
leaf_value=-0.051874095421590549 0.018769498594788478 0.072179971562129075 0.043558247252225492 -0.043930390172924882 -0.018391236191764415 0.019152632259785491 -0.030316823617752366 -0.038553187614823438 0.0097170924765042511 -0.016502773941010625 -0.04113343514185655 0.003046767356994922 0.038522016512204951 -0.049065776219372997 0.012700496717580398 0.00067175541931817394 -0.010841908738500631 -0.057551181359780462 0.057248768818800748 -0.018381097552815938 0.019767818591083793 0.035972783131936761 -7.9096779342738472e-05 -0.0091236105002907002 -0.0030229338857452335 0.022085294378680606 0.033094719147976202 0.054402119028211154 -0.033182552893416421 0.019139095820577219
leaf_weight=294.26765583176166 142.96259066648781 5.47451627254486 107.22222986631095 110.38060651905835 7.2804040834307662 68.35435488820076 104.79102008324116 149.03332919627428 43.581414737738669 25.144683649763465 37.364616762846708 168.1133021954447 75.387935437262058 12.121027601882814 76.541125155985355 53.280449386686087 58.479673069901764 5.891169909387826 119.66994427517056 107.31656546983868 59.582674230448902 81.932981053367257 34.014202291145921 57.889062514528632 65.142102174460888 57.773660000413656 217.59797556698322 53.377115175127983 6.8307393267750731 48.84763677418232
leaf_count=6908 822 15 304 1581 25 327 669 1982 429 185 497 1264 325 52 279 308 570 28 239 1367 311 262 158 332 309 243 658 128 42 162
internal_value=0.00064523 -0.0187359 0.0257735 -0.0367855 0.0169068 0.00335857 -0.00340345 -0.0272944 -0.0221462 0.0104841 0.00475317 -0.00497885 0.0229138 -0.0112033 0.00415432 -0.0198462 -0.0307769 0.0136008 0.0451054 -0.0102318 0.00893802 0.0153752 0.0253626 0.00615 0.0115441 0.00874631 0.0313982 0.0383398 0.0330158 0.0359646
internal_weight=2455.65 1386.26 1069.38 763.059 733.434 623.206 375.124 468.792 358.411 508.556 348.441 205.478 160.115 246.734 88.6622 158.071 207.513 248.082 335.948 150.898 84.7274 242.191 115.947 126.243 128.39 122.916 224.878 216.278 162.901 156.07
internal_count=20781 15819 4962 12837 4087 2982 1875 5929 4348 3404 2583 1761 821 1308 331 977 2552 1107 875 1796 496 1079 420 659 567 552 683 636 508 466
is_linear=0
shrinkage=0.05


Tree=11
num_leaves=31
num_cat=0
split_feature=10 10 10 1 10 17 6 17 0 10 20 5 14 17 1 10 10 15 3 3 6 14 11 19 0 15 19 19 0 15
split_gain=427.347 70.3617 44.1965 25.0842 27.9821 24.1143 12.2946 15.9378 11.8332 11.6787 18.0303 16.7405 13.8942 10.4695 9.72945 9.20644 8.45259 8.40434 8.14568 9.63846 7.75592 7.23428 6.77589 6.51023 6.3761 6.46572 5.99166 5.81829 5.77039 5.40686
threshold=37.850000000000001 39.750000000000007 34.350000000000001 10.500000000000002 36.150000000000013 108.00000000000001 7.5000000000000009 230.50000000000003 2006.5000000000002 38.95000000000001 12.500000000000002 1.0000000180025095e-35 48.179910714285725 125.50000000000001 11.500000000000002 41.350000000000001 37.350000000000001 56.148351648351657 7.5000000000000009 5.5000000000000009 5.5000000000000009 32.806250000000006 517.00000000000011 1192.5000000000002 2007.5000000000002 56.433035714285722 1150.5000000000002 38.500000000000007 2009.5000000000002 54.338541666666679
decision_type=2 2 2 2 2 2 2 2 2 2 2 2 2 2 2 2 2 2 2 2 2 2 2 2 2 2 2 2 2 2
left_child=2 9 -1 5 20 17 16 -8 13 10 24 -12 -13 -6 -10 23 -7 26 19 22 -5 -19 -11 -3 27 -26 -4 -2 29 -20
right_child=1 15 3 4 8 6 7 -9 14 18 11 12 -14 -15 -16 -17 -18 21 28 -21 -22 -23 -24 -25 25 -27 -28 -29 -30 -31
leaf_value=-0.050019562922694577 0.025973737209846182 0.033895818434133619 0.002819848227968387 -0.020874705821730045 0.010869955140820259 -0.030018559036689943 -0.039951045601210586 0.035052568718514372 0.0083666470464035074 0.032147350693922626 -0.012648499961354327 -0.014318272949328113 0.034918431781508101 -0.03344154660657566 0.03851338558308251 0.054561771602318433 -0.015203509691897356 0.030347713235989907 -0.03115956040147624 -0.0017488682841186169 0.00068267692115044662 -0.028047516481719815 -0.015133241747846922 0.059543335501104147 0.029116906551118368 0.0063021542849420846 -0.038563280803053657 0.00063278412047534439 0.048041897019677315 0.028433438959923348
leaf_weight=98.993697619065642 33.424765210598707 201.48572567664087 145.45943493396044 189.77430369053036 29.039501865394413 463.15358587913215 11.42053145542741 18.219496568664908 76.61122837010771 69.50869688205421 116.19405863434076 20.951579950749874 44.147324322722852 24.32427588570863 41.595043104141951 118.25094943866134 123.92444984521717 5.7474892456084481 3.9756045397371045 45.913530126214027 52.896048742346466 51.593682635575533 8.2924660257995111 29.11574331112206 148.28225414361805 40.105603937059641 9.2037238460034114 71.16719348821789 48.855988070368767 47.678485531359911
leaf_count=1747 160 642 1288 1996 201 6761 102 95 617 283 970 178 215 297 183 239 1446 39 41 323 309 553 38 81 672 234 185 497 163 226
internal_value=0.000819837 0.0247563 -0.0178585 -0.0152892 -0.00522469 -0.0203128 -0.0253153 0.00594781 0.0102091 0.0155827 0.0111144 -0.00125319 0.0189976 -0.00925936 0.0190407 0.0431003 -0.0269029 -0.00573184 0.0250026 0.0163168 -0.0161568 -0.0220647 0.0270308 0.0371802 0.0187822 0.0242924 0.00030158 0.0087959 0.0356172 0.0236989
internal_weight=2389.31 1047.35 1341.96 1242.96 414.24 828.722 616.718 29.64 171.57 698.498 474.273 181.293 65.0989 53.3638 118.206 348.852 587.078 212.004 224.225 123.715 242.67 57.3412 77.8012 230.601 292.98 188.388 154.663 104.592 100.51 51.6541
internal_count=20781 4962 15819 14072 3603 10469 8404 197 1298 4000 2926 1363 393 498 800 962 8207 2065 1074 644 2305 592 321 723 1563 906 1473 657 430 267
is_linear=0
shrinkage=0.05


Tree=12
num_leaves=31
num_cat=0
split_feature=8 9 9 8 18 18 0 1 2 11 1 18 11 18 15 15 14 8 9 11 0 9 19 9 15 15 2 9 19 19
split_gain=212.588 60.9915 17.7646 14.245 9.14748 8.06435 10.3116 8.06 6.9239 6.90355 15.4336 7.39599 18.2088 7.26614 8.91672 8.27969 6.53513 6.5021 6.28849 6.14692 6.07522 5.55941 5.52078 7.68608 10.8672 7.84502 6.70386 5.72508 6.0875 8.38887
threshold=11.500000000000002 5.8500000000000005 160.95000000000002 6.5000000000000009 1.0000000180025095e-35 46.500000000000007 2003.5000000000002 4.5000000000000009 4.5000000000000009 481.00000000000006 4.5000000000000009 42.500000000000007 457.00000000000006 41.500000000000007 55.870833333333344 55.394444444444453 30.13571428571429 12.500000000000002 81.250000000000014 437.00000000000006 2001.5000000000002 109.65000000000002 84.500000000000014 174.55000000000004 54.368055555555564 55.184659090909101 5.5000000000000009 439.05000000000007 144.50000000000003 186.00000000000003
decision_type=2 2 2 2 2 2 2 2 2 2 2 2 2 2 2 2 2 2 2 2 2 2 2 2 2 2 2 2 2 2
left_child=1 -1 9 5 -5 -3 -7 -8 -6 11 18 17 21 14 -12 -15 -10 20 -11 -19 -2 -13 23 25 -25 -4 -26 28 -24 -30
right_child=2 3 22 4 8 6 7 -9 16 10 13 12 -14 15 -16 -17 -18 19 -20 -21 -22 -23 27 24 26 -27 -28 -29 29 -31
leaf_value=-0.046190085623546345 0.024947420624290131 -0.022452582837267882 -0.012021016672686614 0.056866298371894122 -0.051234352561927744 0.047895099007957249 0.019423383987849527 -0.052639364618691502 -0.02644530765351899 0.013296787615243675 0.02661726006151089 -0.01444162236262192 -0.063248563509381295 0.00024948071330678777 0.0060643536361458233 0.056646154956229516 -0.0053701487639977227 0.032232957260464011 -0.014471072588709081 0.0080927989739702447 -0.011311952922661716 0.053658646997807535 0.041730459732632924 0.043050328380894703 0.015037230384777981 0.05080285388410212 -0.0059721757790090757 0.06100107252878445 -0.010045195958811671 0.024402657041884844
leaf_weight=137.73026283178478 13.730995104648171 266.03899254789576 5.9751776251941946 5.5013053584843865 8.7488476959988457 9.5236973352730292 7.2672633919864875 7.971193328499794 39.144594392739236 33.722942173480988 123.64814866520464 5.2688611112535018 12.530652856454251 8.8973923549056035 93.425282139331102 26.102813094854355 629.56974338414147 29.912870068103075 50.96781986579299 232.06883431505412 68.650143906474113 6.4909404739737511 46.272260889410973 24.271605882793665 100.87839373387396 25.474931072443724 60.365112815052271 11.585546560585497 18.833500552922487 236.29037347249687
leaf_count=3222 71 4702 29 27 133 57 63 164 414 184 579 38 91 47 510 74 6360 134 252 1162 539 16 140 77 413 78 246 30 87 842
internal_value=0.000814438 -0.0150476 0.0150901 -0.0106333 -0.00667447 -0.0199083 0.00720624 -0.0180439 -0.00720615 0.0098781 0.0150603 0.00512783 -0.0214324 0.0212653 0.0178015 0.0424936 -0.00661507 0.00702151 -0.0033526 0.0108794 -0.00518483 0.0228609 0.0220152 0.0158145 0.0118877 0.0387083 0.00714207 0.0262913 0.0249207 0.0218372
internal_weight=2346.86 1111.5 1235.36 973.766 682.964 290.801 24.7622 15.2385 677.463 705.418 336.764 368.653 24.2905 252.074 217.073 35.0002 668.714 344.363 84.6908 261.982 82.3811 11.7598 529.947 216.965 185.515 31.4501 161.244 312.982 301.396 255.124
internal_count=20781 15142 5639 11920 6934 4986 284 227 6907 3697 1646 2051 145 1210 1089 121 6774 1906 436 1296 610 54 1942 843 736 107 659 1099 1069 929
is_linear=0
shrinkage=0.05


Tree=13
num_leaves=31
num_cat=0
split_feature=10 9 10 8 9 10 8 13 16 5 18 9 14 9 10 10 13 18 11 17 10 8 13 13 17 1 13 14 18 6
split_gain=402.433 194.474 65.261 33.3412 28.5653 17.0894 16.2281 11.5688 11.5133 11.4926 11.9882 14.002 13.627 10.9963 10.4071 9.43508 10.2488 10.2046 9.03229 7.58437 7.52244 7.62691 7.34464 7.33883 6.49669 6.5805 6.38348 6.10829 6.01581 6.34799
threshold=37.850000000000001 45.050000000000004 39.850000000000001 12.500000000000002 85.65000000000002 38.550000000000004 5.5000000000000009 13.500000000000002 41.500000000000007 1.5000000000000002 9.5000000000000018 217.70000000000002 48.179910714285725 27.150000000000002 41.050000000000004 36.95000000000001 43.000000000000007 28.500000000000004 463.00000000000006 268.00000000000006 35.550000000000004 10.500000000000002 16.500000000000004 16.500000000000004 106.50000000000001 3.5000000000000004 14.500000000000002 51.165625000000013 24.500000000000004 6.5000000000000009
decision_type=2 2 2 2 2 2 2 2 2 2 2 2 2 2 2 2 2 2 2 2 2 2 2 2 2 2 2 2 2 2
left_child=1 6 3 5 20 13 -1 -4 19 10 11 -6 -12 -2 28 -8 26 -18 -11 23 -3 -22 -23 -5 -7 -26 -17 -15 29 -9
right_child=2 4 7 8 9 24 15 14 -10 18 12 -13 -14 27 -16 16 17 -19 -20 -21 21 22 -24 -25 25 -27 -28 -29 -30 -31
leaf_value=-0.052198362138080191 -0.025425245368825785 -0.032603211035143985 0.0043697206642929068 0.019211615721353943 -0.0086299063067878205 -0.0034138722336623166 -0.03980493676390038 0.026752331684602022 -0.03123356251407481 0.012655324004432152 0.031646247833343494 0.012916574139740108 0.0054614669478496823 0.015007999014418461 0.057031404778824839 0.0034889224494691938 -0.026831188567353309 0.052418802110735845 -0.050648252998236692 0.044685788094518265 -0.035843522695606041 -0.017387316688287462 0.0068330193093211582 0.037319441920065019 -0.0066559933923804881 0.022679489637819295 -0.035203452326040358 -0.0089890597990727062 0.051343769779524186 0.065105153416509159
leaf_weight=214.07245347229764 52.355068798176944 60.727630336768925 18.082790479063988 172.45707805082202 210.26518907304853 38.921962474472821 207.4770070463419 101.72715018503368 7.9502923712134352 8.2821589615196007 74.051048956811428 117.37845030426979 152.66814207658172 51.021194238215685 123.90768107026815 12.740174411796032 7.3798227831721332 8.6883182208985072 16.618183588609099 63.49752189218998 26.927412017248571 69.343867016024888 56.543562091886997 84.830048393458128 21.493157597258687 153.87289990205318 58.256452050060034 54.81405814178288 55.880232084542513 12.313450824469326
leaf_count=5689 924 656 85 607 1284 321 3768 340 41 51 288 463 757 269 274 137 111 48 139 175 438 573 429 256 189 902 988 403 150 26
internal_value=0.000854018 -0.0175385 0.0244846 0.0160058 -0.00204951 0.00574377 -0.041667 0.0435187 0.027613 0.00370624 0.00520851 -0.00089403 0.0140462 -0.00669707 0.0459087 -0.0339808 -0.0200146 0.0157706 -0.0294263 0.0290963 -0.0176806 -0.0117003 -0.00647204 0.0252135 0.0149499 0.0190538 -0.0281947 0.00253552 0.0377397 0.0309907
internal_weight=2314.54 1301.42 1013.12 701.213 792.806 372.478 508.614 311.911 328.735 579.263 554.363 327.644 226.719 158.19 293.829 294.542 87.0648 16.0681 24.9003 320.785 213.542 152.815 125.887 257.287 214.288 175.366 70.9966 105.835 169.921 114.041
internal_count=20781 15819 4962 4087 5078 3008 10741 875 1079 2982 2792 1747 1045 1596 790 5052 1284 159 190 1038 2096 1440 1002 863 1412 1091 1125 672 516 366
is_linear=0
shrinkage=0.05


Tree=14
num_leaves=31
num_cat=0
split_feature=9 9 9 9 17 14 13 11 5 14 9 19 1 11 15 7 11 11 17 17 18 9 14 14 14 0 19 9 1 17
split_gain=147.995 32.3339 30.7445 10.9232 9.37068 7.2937 7.3297 7.50488 8.89596 8.5107 6.96757 10.7352 6.03448 4.56369 9.75324 4.67628 4.38441 6.26617 8.71117 9.13437 5.54865 4.98087 6.37937 6.31423 4.28628 8.50634 4.2811 4.00599 5.10656 2.9037
threshold=24.050000000000004 160.95000000000002 5.8500000000000005 62.550000000000004 345.00000000000006 77.480625000000018 13.500000000000002 479.00000000000006 1.0000000180025095e-35 74.097500000000025 45.650000000000013 642.50000000000011 9.5000000000000018 489.00000000000006 56.343137254901968 54.500000000000007 499.00000000000006 491.00000000000006 94.500000000000014 162.50000000000003 39.500000000000007 359.25000000000006 96.79062500000002 48.46562500000001 56.227556818181817 2017.5000000000002 129.50000000000003 16.450000000000003 5.5000000000000009 497.50000000000006
decision_type=2 2 2 2 2 2 2 2 2 2 2 2 2 2 2 2 2 2 2 2 2 2 2 2 2 2 2 2 2 2
left_child=2 3 -1 4 13 6 27 9 -9 -8 12 -12 -6 15 -15 -2 17 21 -19 -20 24 23 -23 -3 26 -26 -18 29 -29 -4
right_child=1 16 5 -5 10 -7 7 8 -10 -11 11 -13 -14 14 -16 -17 20 18 19 -21 -22 22 -24 -25 25 -27 -28 28 -30 -31
leaf_value=-0.043414379479216093 0.0016881013260249757 0.031525519013316752 -0.052892730584944016 0.0077159671724071864 0.012359625947388849 -0.037824422162424348 -0.021866087002863924 -0.010924287999014522 0.013081698890582789 0.028113925169716447 -0.0093893663702098971 0.048148944959521982 -0.022758934147737622 0.0090337208298673175 -0.020162639537584418 -0.013212185843756209 0.022197475095838068 -0.053166772589068947 0.037390826373411172 -0.0163855389449169 -0.012739531932595628 0.045803818752802823 0.0057917366616677566 0.012489501540188724 0.030221869323436824 -0.013848377957215866 0.058042934094382749 0.022103478268450827 -0.036089838466353837 -0.0047591901641154044
leaf_weight=125.73891657358035 71.636918962933123 52.637036429718137 21.425529917236421 677.17459515389055 38.899310515262187 33.043199527543038 148.46092775696889 138.3718734215945 53.267584907822311 8.8662179131060821 11.822085708379744 24.627642495557666 17.700017897412181 114.02922614756972 38.036187172867358 192.67542930692434 14.624142359942196 7.0313529483973971 14.348300989717247 17.190083023160696 8.0586150363087636 31.987971972674131 14.933390714228151 267.7174827074632 64.798665417358279 12.940655309706925 21.89466767013073 6.1093958411365739 9.2846719305962306 3.9638540474697939
leaf_count=3222 657 171 460 3749 375 766 2542 2238 627 96 103 111 203 969 398 2001 59 41 47 80 33 88 56 1073 235 61 55 55 151 59
internal_value=0.000906986 0.00814057 -0.0216941 0.00355406 -0.00196893 -0.015214 -0.013275 -0.0109032 -0.00422223 -0.0190016 0.012352 0.0293756 0.00126822 -0.00518347 0.00168951 -0.00915572 0.0184328 0.0158939 -0.00316073 0.00796269 0.0267962 0.0179089 0.0332151 0.0156417 0.0296371 0.0228132 0.0439248 -0.0333711 -0.0126785 -0.0456223
internal_weight=2263.3 1714.76 548.532 1186.6 509.427 422.793 389.75 348.967 191.639 157.327 93.0491 36.4497 56.5993 416.378 152.065 264.312 528.162 405.846 38.5697 31.5384 122.317 367.276 46.9214 320.355 114.258 77.7393 36.5188 40.7835 15.3941 25.3894
internal_count=20781 10565 10216 8566 4817 6994 6228 5503 2865 2638 792 214 578 4025 1367 2658 1999 1556 168 127 443 1388 144 1244 410 296 114 725 206 519
is_linear=0
shrinkage=0.05


Tree=15
num_leaves=31
num_cat=0
split_feature=9 9 9 7 9 14 19 0 14 18 18 13 9 11 14 14 15 14 17 9 14 13 17 16 15 15 1 0 14 19
split_gain=107.125 28.3301 17.3122 9.69165 9.23175 10.7248 10.4116 8.9463 8.4351 8.39274 8.54808 10.7817 8.89828 7.68207 7.39411 7.3691 7.28724 7.16717 6.71014 6.62129 6.60416 6.18485 4.49953 4.49879 4.40682 3.98835 5.73619 3.79653 5.3503 5.01146
threshold=24.050000000000004 5.8500000000000005 336.05000000000007 56.750000000000007 88.850000000000009 38.590873015873022 1170.0000000000002 2004.5000000000002 80.974305555555574 49.500000000000007 32.500000000000007 16.500000000000004 144.15000000000001 479.00000000000006 74.097500000000025 93.700000000000017 55.620192307692314 55.062500000000007 189.50000000000003 385.95000000000005 70.975000000000009 12.500000000000002 381.50000000000006 39.500000000000007 56.24038461538462 56.322916666666679 10.500000000000002 2019.5000000000002 51.076666666666675 330.00000000000006
decision_type=2 2 2 2 2 2 2 2 2 2 2 2 2 2 2 2 2 2 2 2 2 2 2 2 2 2 2 2 2 2
left_child=1 27 3 9 7 -6 -7 16 13 10 12 -12 -2 14 17 24 -5 -3 -16 -17 21 -15 -10 -9 -4 26 -21 -1 -29 -30
right_child=2 8 15 4 5 6 -8 23 22 -11 11 -13 -14 20 18 19 -18 -19 -20 25 -22 -23 -24 -25 -26 -27 -28 28 29 -31
leaf_value=-0.044123606437275156 0.0027541569457057956 -0.015782310350927687 0.047634632094847064 -0.03278933242655916 0.034768139638349967 0.0005780294812909797 0.033711689090148801 -0.0083589173082734732 -0.054581594527289314 -0.044995947394075829 0.0054665546877992249 0.031306036437361566 0.013990757002493637 -0.040329974365068945 -0.034993857831126393 -0.036661382119872687 0.021001783816726547 -0.039789441014329026 0.041303320114595768 -0.024266543224140118 -0.037215699845245878 -0.00069921287243292966 0 -0.034856856337832885 0.014399102818265131 0.05242258846877515 0.042049925196784146 -0.053862142102243049 0.043624686916169192 -0.025706355835570002
leaf_weight=105.16017200425267 525.18319982476532 120.93055208167061 40.676915535703301 7.2413024939596644 29.086017085239291 309.7473723962903 25.60835063830018 221.11782860010862 17.638733582571152 7.2058865213766685 77.093793209642172 86.039878273382783 266.26116820052266 10.291739474982021 4.0880682449787846 6.4392312634736326 42.268139320425689 42.585834439843893 8.8948912443593127 7.2845314890146273 14.860868492163716 193.59182988898829 4.7377788163721553 17.356898158788681 13.982535239309071 6.682471301406621 5.7062318697571754 6.2718185153789845 4.4870283016934973 5.8924571583047509
leaf_count=2860 3797 2060 104 85 112 1490 96 2126 477 54 451 474 1062 209 73 31 301 902 98 32 326 2800 96 182 45 20 14 181 53 140
internal_value=5.49116e-05 -0.0193473 0.00623343 0.00509829 0.000386149 0.00567978 0.00313237 -0.00629519 -0.0131353 0.00828921 0.00870135 0.0191363 0.00654203 -0.0114203 -0.0191882 0.0288226 0.0129832 -0.0220857 0.0168129 0.00670566 -0.00512377 -0.00274302 -0.0430199 -0.0103223 0.0392657 0.0212666 0.00457991 -0.0405753 -0.0177381 0.00391846
internal_weight=2234.41 539.432 1694.98 1614.21 652.426 364.442 335.356 287.984 417.62 961.784 954.578 163.134 791.444 395.244 176.499 80.7719 49.5094 163.516 12.983 26.1125 218.744 203.884 22.3765 238.475 54.6595 19.6732 12.9908 121.811 16.6513 10.3795
internal_count=20751 10275 10476 10230 4392 1698 1586 2694 7041 5838 5784 925 4859 6468 3133 246 386 2962 171 97 3335 3009 573 2308 149 66 46 3234 374 193
is_linear=0
shrinkage=0.05


Tree=16
num_leaves=31
num_cat=0
split_feature=8 8 9 7 17 9 11 14 13 14 16 9 14 17 13 17 17 13 18 13 5 14 9 14 5 13 17 15 14 3
split_gain=97.1543 30.8966 16.6544 15.1496 10.9284 7.65057 6.92166 8.78791 6.30487 6.15535 5.97889 9.34814 7.26209 5.96713 5.42648 5.7116 8.9313 6.62187 5.24953 5.15549 5.14037 7.00266 5.30412 5.11824 4.81776 4.57614 4.26872 7.12875 4.47762 4.22592
threshold=6.5000000000000009 12.500000000000002 5.8500000000000005 55.750000000000007 32.500000000000007 56.050000000000004 477.00000000000006 70.975000000000009 13.500000000000002 83.51944444444446 16.500000000000004 318.30000000000001 60.471041666666672 189.50000000000003 58.000000000000007 134.50000000000003 318.00000000000006 51.500000000000007 1.0000000180025095e-35 51.500000000000007 1.5000000000000002 67.437500000000014 14.350000000000003 54.68437500000001 1.5000000000000002 53.000000000000007 117.50000000000001 56.483333333333341 55.540625000000013 7.5000000000000009
decision_type=2 2 2 2 2 2 2 2 2 2 2 2 2 2 2 2 2 2 2 2 2 2 2 2 2 2 2 2 2 2
left_child=2 14 26 5 -5 25 19 8 -8 13 11 -7 -12 -6 15 -2 17 -17 -18 20 22 -22 -4 -21 -16 -3 27 -1 -29 -11
right_child=1 3 6 4 9 10 7 -9 -10 29 12 -13 -14 -15 24 16 18 -19 -20 23 21 -23 -24 -25 -26 -27 -28 28 -30 -31
leaf_value=-0.034467348361543304 0.0040788208423183066 0.026875239649117439 -0.03902981734602598 0.041585660191822228 0.0057872046571020123 0.010273320080818438 -0.036741313311019257 -0.039009191369903849 -0.00082337264103156697 0.027698245809035293 0.037517300206240764 0.035085675017000044 0.0046405641081850909 -0.0069036271492224138 -0.044154492680962665 -0.010146083349761616 0.061627152673207536 0.027838855294782184 0.0036133839064669475 0.034060116661183297 -0.045434463621005915 0.050154786876696368 -0.012176035814082359 -0.057068351045914914 0.030949922899494994 0.069406579543124805 -0.043172809166968695 -0.034779368861891639 0.064272014086656462 -0.0010431542971477464
leaf_weight=15.265345289837571 291.31373184360564 19.855089763179425 68.902718533296138 18.622038438916206 211.24482432566583 383.5067735966295 13.49991801381111 21.208358885720372 123.66200038325042 37.302585318684578 56.473253689706326 42.317064667120576 24.454565349966288 164.74563149735332 12.687994540669022 358.64906143769622 3.9130167327821246 11.692464064806698 160.44439896009862 6.3461403856053931 3.1424983330070964 4.5222609825432301 26.056950044352561 1.9025400364771483 2.4080948168411842 9.8646362852305156 94.655328799504787 1.5191437550820399 3.5147713627666235 18.925387239083648
leaf_count=442 2466 106 1646 61 970 1659 274 549 1937 139 213 131 113 846 193 3724 15 101 1580 76 73 33 438 44 15 31 2721 44 27 84
internal_value=0.00013628 0.00494151 -0.0227144 0.010941 0.00416856 0.0166212 -0.0158707 -0.00910457 -0.00441915 0.00253564 0.0151535 0.0127585 0.0276624 0.000212882 -0.0020953 -0.00154406 -0.00461704 -0.00892613 0.00506161 -0.0254735 -0.0285438 0.0102395 -0.0317343 0.0120108 -0.0317201 0.0413454 -0.0386724 -0.0173333 0.033311 0.0179509
internal_weight=2212.62 1828.42 384.198 987.312 450.84 536.471 269.243 158.37 137.162 432.218 506.752 425.824 80.9278 375.99 841.109 826.013 534.699 370.342 164.357 110.873 102.624 7.66476 94.9597 8.24868 15.0961 29.7197 114.955 20.2993 5.03392 56.228
internal_count=20751 12447 8304 4353 2100 2253 5070 2760 2211 2039 2116 1790 326 1816 8094 7886 5420 3825 1595 2310 2190 106 2084 120 208 137 3234 513 71 223
is_linear=0
shrinkage=0.05


Tree=17
num_leaves=31
num_cat=0
split_feature=10 8 10 8 10 9 1 10 8 14 18 17 19 8 10 11 0 9 15 10 14 17 10 6 17 0 19 16 14 15
split_gain=373.02 112.67 61.8932 17.7831 16.2322 21.2679 16.0998 14.146 13.3862 11.2011 10.7038 12.7472 10.4365 13.1432 10.0512 9.95435 9.79867 9.43102 9.28907 7.21765 8.40922 7.20468 6.78533 6.73323 10.4822 8.463 6.68889 6.52468 6.51083 6.46837
threshold=37.850000000000001 10.500000000000002 40.250000000000007 16.500000000000004 38.750000000000007 27.150000000000002 10.500000000000002 35.45000000000001 5.5000000000000009 41.860416666666673 28.500000000000004 156.50000000000003 181.50000000000003 14.500000000000002 36.150000000000013 451.00000000000006 2003.5000000000002 28.950000000000003 56.064583333333339 40.95000000000001 72.261111111111134 123.00000000000001 37.350000000000001 4.5000000000000009 311.00000000000006 2002.5000000000002 96.500000000000014 30.500000000000004 59.473863636363653 54.177083333333336
decision_type=2 2 2 2 2 2 2 2 2 2 2 2 2 2 2 2 2 2 2 2 2 2 2 2 2 2 2 2 2 2
left_child=1 8 4 6 5 -2 12 27 -1 10 -10 -12 13 -3 15 -5 29 -4 -14 20 -19 -17 -11 25 -25 -7 -9 -8 -16 -6
right_child=2 3 17 14 16 23 7 26 9 22 11 -13 18 -15 28 21 -18 19 -20 -21 -22 -23 -24 24 -26 -27 -28 -29 -30 -31
leaf_value=-0.047800098631905465 -0.01730285380559959 -0.036907384547769435 0.060035307967984022 0.040867141512990035 0.054991575816736554 -0.0096588370607321918 -0.020389489300894015 -0.0051771789339894372 -0.02907113829850452 -0.041749325166850072 0.040059665568612179 -0.020317126727943349 -0.0011475691370937343 -0.0083897007772942723 0.0039585959388640218 0.015874982855514523 0.027684321578054328 0.012880073706828924 -0.019927338255253203 0.047171917209546964 0.052599458200385751 -0.042002419397436166 -0.015941090140580604 0.0020323926445226285 0.032601126262957324 0.028952058244542729 0.016982272561287964 0.016010255491100422 0.061721822392039161 0.0030803865838083169
leaf_weight=185.55956187983975 64.952491178177297 90.202889254316688 77.309556417167187 11.080591332167385 6.4910162426531306 16.241463232785463 73.871556388214231 47.771309860050678 62.344832974486053 159.14326053624973 15.065620782785116 20.463614426553249 176.78261423576623 74.226655816659331 7.0980069469660547 9.1994141228497046 292.41747464984655 44.093780934810638 105.43218605127186 96.326117586344481 19.388919990509748 12.410817580297588 31.32061586715281 143.08159728907049 34.918642846867442 101.18352657184005 115.62743246182799 14.53599515929818 17.085334658622742 70.866142092272639
leaf_count=5708 1162 854 214 38 25 118 449 221 1041 3231 118 323 1270 396 33 41 1243 147 836 225 46 72 544 681 134 447 485 76 40 533
internal_value=0.000118882 -0.0181563 0.0233478 -0.00615621 0.0161256 0.00854861 -0.00835132 0.00174097 -0.0372667 -0.0304564 -0.0165922 0.00518496 -0.0140514 -0.0240773 0.0206807 0.00241111 0.0234923 0.0455497 -0.00818576 0.0384777 0.0251535 -0.0171742 -0.0375421 0.0142532 0.00807213 0.0235654 0.0104739 -0.0143368 0.0450599 0.00756616
internal_weight=2196.49 1229.22 967.271 755.325 730.152 360.378 698.451 251.806 473.898 288.338 97.8741 35.5292 446.644 164.43 56.8742 32.6908 369.775 237.118 282.215 159.809 63.4827 21.6102 190.464 295.425 178 117.425 163.399 88.4076 24.1833 77.3572
internal_count=20751 15776 4975 4811 4343 2542 4587 1231 10965 5257 1482 441 3356 1250 224 151 1801 632 2106 418 193 113 3775 1380 815 565 706 525 73 558
is_linear=0
shrinkage=0.05


Tree=18
num_leaves=31
num_cat=0
split_feature=10 8 10 8 9 19 10 8 10 10 9 1 13 10 18 13 19 13 18 13 0 16 20 6 16 2 0 11 1 14
split_gain=334.54 108.143 58.3419 15.0471 15.007 13.2747 13.0408 12.9879 11.604 10.7902 10.4275 10.3167 9.01661 8.65649 14.3207 12.1092 7.80694 6.50698 9.59951 6.26666 6.99794 6.24624 6.09167 6.0311 6.01449 5.87914 5.78641 5.84162 5.75821 5.22619
threshold=37.850000000000001 10.500000000000002 39.650000000000013 12.500000000000002 185.70000000000002 181.50000000000003 38.550000000000004 6.5000000000000009 41.850000000000001 34.550000000000004 27.150000000000002 4.5000000000000009 13.500000000000002 36.95000000000001 26.500000000000004 43.000000000000007 648.00000000000011 68.000000000000014 9.5000000000000018 16.500000000000004 2004.5000000000002 49.500000000000007 10.500000000000002 4.5000000000000009 42.500000000000007 5.5000000000000009 2004.5000000000002 513.00000000000011 11.500000000000002 34.807692307692314
decision_type=2 2 2 2 2 2 2 2 2 2 2 2 2 2 2 2 2 2 2 2 2 2 2 2 2 2 2 2 2 2
left_child=1 7 3 6 5 29 10 17 12 -7 -2 -11 22 23 -15 -16 24 -1 -19 20 -5 -8 -4 -9 28 -18 -14 -28 -6 -3
right_child=2 4 8 19 16 9 21 13 -10 11 -12 -13 26 14 15 -17 25 18 -20 -21 -22 -23 -24 -25 -26 -27 27 -29 -30 -31
leaf_value=-0.046102857830108757 -0.024013850531409676 0.002921700818635747 -0.055838127621103767 -0.0023629864277476672 -0.0046219108821239207 -0.035317546034281951 0.013663994395276156 -0.0246815521393106 0.057181951912346596 -0.022662274824980431 0.004179967168474419 0.0015737536666537587 0.025196191220453103 -0.030668746102449792 -0.013076125058253996 0.054001966891235556 0.04098461326022871 0.083628077282030144 -0.065317719503698787 0.03214698625997911 0.021169367879116437 0.081449078682386836 0.018890334241953726 -0.044257329660335909 0.042789073376820683 0.0010608185264039973 0.046163142578426679 0.02064921183512744 0.020309224942290267 -0.025897287972282967
leaf_weight=222.53948642360047 48.307005163747817 17.4140903968364 4.2403967119753343 39.174053875729442 159.32363652251661 26.876393351703882 178.179906507954 80.959250963293016 72.486286334693432 52.317160691134632 101.02447424642742 268.94492624513805 80.878181934356689 46.198084402829409 15.924478032626213 11.413966584950684 23.618744041770697 2.2931272126734248 1.8537509040907023 95.856897577643394 155.14488143287599 3.4035576079040757 7.1323264222592115 81.068017077632248 8.0905067995190603 15.524368353188036 135.2363863196224 28.111158268526196 26.975146070122719 136.27032790333033
leaf_count=6721 967 117 36 194 747 308 1277 1458 152 424 654 1766 344 805 251 57 74 20 56 313 516 9 31 1597 25 75 381 101 82 1193
internal_value=0.000166476 -0.0174024 0.0223384 0.0133131 -0.00548027 -0.0103555 0.00600165 -0.0363521 0.0393995 -0.00493117 -0.00491691 -0.00236332 0.0343166 -0.028051 -0.0136843 0.0148419 0.00497438 -0.0449401 0.0158983 0.0216289 0.0164008 0.0150062 -0.0087807 -0.0345281 0.000840651 0.0253211 0.0363467 0.0418183 -0.000976222 -0.0225995
internal_weight=2146.78 1197.61 949.176 621.091 735.355 501.823 330.915 462.25 328.085 348.138 149.331 321.262 255.598 235.564 73.5365 27.3384 233.532 226.686 4.14688 290.176 194.319 181.583 11.3727 162.027 194.389 39.1431 244.226 163.348 186.299 153.684
internal_count=20751 15776 4975 3930 4811 3808 2907 10965 1045 2498 1621 2190 893 4168 1113 308 1003 6797 76 1023 710 1286 67 3055 854 149 826 482 829 1310
is_linear=0
shrinkage=0.05


Tree=19
num_leaves=31
num_cat=0
split_feature=10 9 10 9 10 9 9 10 19 15 13 18 10 3 13 20 16 10 10 15 14 19 15 15 13 16 15 19 13 18
split_gain=300.1 100.147 57.5092 14.7517 14.157 12.5793 12.084 10.6694 10.6941 12.2961 9.51725 12.2267 9.03688 8.26985 7.94972 10.5143 6.7765 6.61488 6.45541 6.28238 6.0947 5.53897 5.27524 5.81837 5.12983 5.08159 4.96912 4.7052 4.53925 7.82561
threshold=37.850000000000001 46.350000000000001 39.850000000000001 271.10000000000008 38.95000000000001 16.950000000000003 21.850000000000005 34.350000000000001 99.000000000000014 55.935416666666676 43.000000000000007 28.500000000000004 41.050000000000004 5.5000000000000009 16.500000000000004 19.500000000000004 37.500000000000007 38.550000000000004 36.95000000000001 56.303846153846159 103.76354166666668 79.500000000000014 56.530330882352949 56.620192307692314 15.500000000000002 30.500000000000004 56.24038461538462 1207.5000000000002 68.000000000000014 8.5000000000000018
decision_type=2 2 2 2 2 2 2 2 2 2 2 2 2 2 2 2 2 2 2 2 2 2 2 2 2 2 2 2 2 2
left_child=1 5 4 7 6 28 13 16 21 -10 19 27 -4 17 15 -8 -3 -2 -13 -7 26 -9 -6 -24 -14 -16 -5 -12 -1 -30
right_child=2 3 12 20 22 10 14 8 9 -11 11 18 24 -15 25 -17 -18 -19 -20 -21 -22 -23 23 -25 -26 -27 -28 -29 29 -31
leaf_value=-0.044557089106343852 -0.011386753210255595 -0.049021163316727678 0.032111993596253191 0.024896141334597714 0.02647294085707318 -0.026289277509339865 0.008287844045691722 -0.014778435904141171 0.0053715117682131249 -0.011601869380893512 -0.041135901000284643 -0.0079581281966213148 0.027663053848270332 -0.026511337241075256 0.023767671053391465 -0.03799343187077471 0.018288259132612995 0.041295319364798744 0.051308065315234797 -0.048530988815814344 -0.018895240577677611 -0.051159329596202265 -0.040599833227419044 0.014178098422124939 0.055058312925465397 -0.021022958088694563 -0.002950591983855954 0.038730579445240679 0.072444540134615154 -0.063546160265670115
leaf_weight=221.4006908335723 14.079258646816017 23.274993267841641 160.56243156827986 63.189240593463182 190.70312794856727 145.99072953732684 217.36139269452542 154.93515281844884 233.6710396958515 195.92908412404358 16.30592048633844 7.9247543765231994 21.882363360375166 39.507732179947197 118.2296940702945 12.877682549878953 4.2776524256914845 10.076567859388886 10.357571735978125 41.828860419336706 12.782691806554793 11.295660348609088 5.613922305405139 31.117952382192016 102.19607111811638 6.4968963768333188 21.011352544650435 1.9342639334499825 2.150123060680925 1.8820247482508419
leaf_count=6847 278 314 564 214 971 2559 1100 1192 1484 1443 342 138 69 821 524 86 38 70 50 798 66 90 43 165 235 49 93 27 20 61
internal_value=0.000149036 -0.0167016 0.0213396 -0.00513367 0.0130748 -0.0352125 0.00759844 -0.00796105 -0.00654064 -0.00235885 -0.0267501 -0.00323267 0.0400699 -0.0124094 0.0112034 0.00566217 -0.038362 0.010463 0.0254427 -0.0312925 0.012978 -0.0173099 0.023125 0.00558285 0.0502933 0.0213795 0.0178927 -0.0322289 -0.0435962 0.00775845
internal_weight=2100.85 1170.14 930.705 720.367 646.064 449.775 418.629 623.384 595.831 429.6 224.342 36.5225 284.641 63.6636 354.966 230.239 27.5526 24.1558 18.2823 187.82 96.9833 166.231 227.435 36.7319 124.078 124.727 84.2006 18.2402 225.433 4.03215
internal_count=20751 15776 4975 4934 4107 10842 2928 4561 4209 2927 3914 557 868 1169 1759 1186 352 348 188 3357 373 1282 1179 208 304 573 307 369 6928 81
is_linear=0
shrinkage=0.05


Tree=20
num_leaves=31
num_cat=0
split_feature=10 8 10 10 8 10 1 8 13 0 10 0 8 1 13 13 11 0 10 0 19 10 5 1 10 10 14 1 10 19
split_gain=273.784 110.373 31.6697 25.1111 12.7911 12.3365 11.466 11.3918 10.0569 10.9267 10.0341 8.07489 10.8642 9.71945 7.78333 7.27897 7.01254 10.7287 7.76214 6.90654 6.03881 6.02629 5.82393 5.57375 8.18237 5.38702 5.3393 5.27125 7.07421 5.13195
threshold=38.550000000000004 11.500000000000002 40.350000000000001 36.95000000000001 8.5000000000000018 37.45000000000001 11.500000000000002 16.500000000000004 43.000000000000007 2005.5000000000002 42.550000000000004 2003.5000000000002 9.5000000000000018 9.5000000000000018 15.500000000000002 14.500000000000002 461.00000000000006 2004.5000000000002 36.050000000000004 2003.5000000000002 1150.5000000000002 33.850000000000001 1.0000000180025095e-35 10.500000000000002 36.050000000000004 37.750000000000007 97.437500000000014 10.500000000000002 35.050000000000004 36.000000000000007
decision_type=2 2 2 2 2 2 2 2 2 2 2 2 2 2 2 2 2 2 2 2 2 2 2 2 2 2 2 2 2 2
left_child=1 3 11 4 27 7 8 14 25 -10 29 12 -2 15 20 22 17 -9 -18 -8 -3 -16 -13 -6 -25 -5 -7 -1 -29 -4
right_child=2 5 10 6 23 26 19 16 9 -11 -12 13 -14 -15 21 -17 18 -19 -20 -21 -22 -23 -24 24 -26 -27 -28 28 -30 -31
leaf_value=-0.048912944637516304 -0.017434519902618916 0.010492482200985207 0.018428499942958764 -0.030454313766492599 -0.032444559154854294 0.0080868253706866868 -0.036370658276710259 -0.028135944608180287 0.044340340370806947 -0.013857582449964285 0.066312102855928409 -0.038336588471373508 0.018543228347254439 0.037639194129539533 -0.062976393845403128 0.020708068884145728 -0.023781936926900088 0.051019671645505027 0.03215679452042166 0.05294185714780765 -0.045428728593471399 -0.0085634251457651633 0.024018793560229929 -0.023915956554711383 0.016127597215297211 -0.013854488798766535 0.042755783336630375 -0.049926097402717654 -0.020849764030454253 0.042779789851288774
leaf_weight=147.36685005528852 30.337410393171012 82.28161184489727 27.576652573421597 97.407310792710632 87.651096920482814 229.29923327080905 2.6725425729528061 5.1501903012394932 12.500450401566921 22.157617474906147 42.001600466668606 9.6593573391437513 66.916150087490678 91.769728004932404 5.0917827133089295 229.03991937823594 14.931251397356393 22.047742560505867 10.451411340385674 9.2251612246036512 5.0040771048516026 385.18980143219233 5.8924311324954024 45.703375861980021 17.448531605303288 101.88401477271691 11.669418940320609 36.729440636467189 51.203576432541013 121.02068556472659
leaf_count=4544 380 375 102 2247 1473 1139 55 28 100 380 85 76 326 350 74 1087 86 69 40 53 37 2625 22 581 157 1463 46 1046 1163 371
internal_value=-1.15995e-05 -0.0122699 0.0275313 -0.0277593 -0.0357219 0.000419541 -0.0152241 -0.00383739 -0.0176765 0.00705653 0.0445383 0.0200357 0.00726254 0.0237107 -0.0062781 0.0184511 0.0182055 0.0357995 -0.000516928 0.0323272 0.00718099 -0.00930208 -0.0143887 -0.0242504 -0.0127651 -0.0220042 0.00980352 -0.0430393 -0.0330946 0.0383097
internal_weight=2027.28 1403.07 624.214 631.95 386.103 771.117 245.847 530.148 233.949 34.6581 190.599 433.615 97.2536 336.361 477.567 244.592 52.5806 27.1979 25.3827 11.8977 87.2857 390.282 15.5518 150.803 63.1519 199.291 240.969 235.3 87.933 148.597
internal_count=20580 17781 2799 13262 8964 4519 4298 3334 4190 480 558 2241 706 1535 3111 1185 223 97 126 108 412 2699 98 2211 738 3710 1185 6753 2209 473
is_linear=0
shrinkage=0.05


Tree=21
num_leaves=31
num_cat=0
split_feature=10 8 10 10 10 10 8 1 10 13 18 5 16 13 3 8 0 20 5 8 1 10 10 18 10 0 20 7 1 10
split_gain=244.986 103.692 31.9249 24.018 13.4325 11.5899 10.0018 12.4374 9.45951 7.80458 9.15738 7.51592 7.27311 6.642 7.86279 6.56379 6.15794 6.07543 7.04483 6.04017 5.86896 8.49481 5.85422 8.36101 5.71544 6.6458 4.73383 4.72345 4.67321 4.41744
threshold=38.550000000000004 10.500000000000002 39.95000000000001 36.95000000000001 37.45000000000001 42.550000000000004 16.500000000000004 10.500000000000002 36.350000000000001 43.000000000000007 28.500000000000004 1.0000000180025095e-35 44.500000000000007 15.500000000000002 7.5000000000000009 7.5000000000000009 2003.5000000000002 15.500000000000002 1.0000000180025095e-35 6.5000000000000009 10.500000000000002 35.250000000000007 36.150000000000013 26.500000000000004 38.150000000000013 2003.5000000000002 1.5000000000000002 52.500000000000007 4.5000000000000009 39.050000000000004
decision_type=2 2 2 2 2 2 2 2 2 2 2 2 2 2 2 2 2 2 2 2 2 2 2 2 2 2 2 2 2 2
left_child=1 3 15 20 6 13 7 11 -9 24 -11 -3 17 14 -4 16 -2 -6 -19 -12 -1 -22 23 -8 -5 -26 -18 -23 -15 -17
right_child=2 4 5 9 12 -7 22 8 -10 10 19 -13 -14 28 -16 29 26 18 -20 -21 21 27 -24 -25 25 -27 -28 -29 -30 -31
leaf_value=-0.043963050104206647 -0.025453443126432235 -0.019766960221852897 -0.0057008129480146975 -0.025850980675255049 0.013940858997475334 0.064619504146270046 -0.01420666374036115 -0.0053642280827446145 0.016822681511288257 -0.023367069320331325 -0.037076628965475367 -0.0041756089271968401 -0.045569126041308791 0.02806436315282191 0.041749668772826848 0.012899762011225722 0.049223320632160186 -0.016368496411194002 0.014940900095042037 0.045274543044221266 -0.04384248856220286 0.051568652548246212 0.037805344709222533 0.040079884619286285 -0.047264481064752728 0.0034913665635853686 0.0049158071606990004 -0.019453309778929999 0.045439487539954589 0.025411740546660518
leaf_weight=190.94790649600327 14.915247686207293 197.87673766072839 19.688022281974554 124.27712953742594 190.72239088825881 40.516640201210976 22.559741111472249 150.21000773832202 70.435304649174213 13.169730233028533 2.500597100704911 128.42789458204061 6.0692294090986243 63.603502323850989 15.34256451949477 127.46844491176307 6.8743250165134659 41.962785240262747 31.17234636284411 13.947658617049454 55.092101558111608 2.3063664855435482 18.71918173879385 10.205570809543131 7.6394940419122568 37.929498852230608 47.809917962178588 59.852451166138053 111.1104339286685 165.58677233755589
leaf_count=5528 259 1768 113 2917 926 85 124 864 304 291 83 1027 40 208 49 595 30 293 160 62 1428 26 66 33 163 419 439 1259 342 679
internal_value=-6.4774e-05 -0.0117788 0.0262233 -0.029728 -0.00127738 0.039973 -0.00545865 -0.00744865 0.00170013 -0.0161542 0.00738628 -0.013649 0.00797267 0.0351596 0.0149987 0.0167127 0.00282105 0.00923997 -0.00295306 0.0323043 -0.0384886 -0.0295007 0.0155588 0.0026206 -0.0202905 -0.00499306 0.0106566 -0.0166592 0.0391625 0.0199928
internal_weight=1988.94 1376.02 612.916 507.663 868.361 250.261 598.434 546.95 220.645 199.464 29.618 326.305 269.927 209.745 35.0306 362.655 69.5995 263.858 73.1351 16.4483 308.199 117.251 51.4845 32.7653 169.846 45.569 54.6842 62.1588 174.714 293.055
internal_count=20580 17781 2799 12176 5605 797 4186 3963 1168 3935 436 2795 1419 712 162 2002 728 1379 453 145 8241 2713 223 157 3499 582 469 1285 550 1274
is_linear=0
shrinkage=0.05


Tree=22
num_leaves=31
num_cat=0
split_feature=10 8 10 9 10 10 17 9 17 14 13 0 13 0 20 1 9 0 9 17 9 9 9 18 1 10 10 3 1 18
split_gain=226.364 96.5531 43.8387 14.8877 11.6405 9.86385 9.4147 9.07954 8.52198 9.31002 7.20518 6.33423 6.13053 9.12225 6.09941 6.02796 8.68583 8.43933 8.18482 8.34696 7.10178 6.01924 5.57887 5.40342 5.37045 6.20916 5.27117 5.19597 5.02566 4.70474
threshold=38.150000000000013 10.500000000000002 39.850000000000001 228.95000000000002 36.95000000000001 42.550000000000004 105.00000000000001 11.950000000000001 230.50000000000003 46.71562500000001 13.500000000000002 2007.5000000000002 43.000000000000007 2002.5000000000002 9.5000000000000018 9.5000000000000018 234.75000000000003 2003.5000000000002 160.95000000000002 407.00000000000006 170.95000000000002 385.95000000000005 24.450000000000003 36.500000000000007 11.500000000000002 35.250000000000007 34.350000000000001 7.5000000000000009 4.5000000000000009 39.500000000000007
decision_type=2 2 2 2 2 2 2 2 2 2 2 2 2 2 2 2 2 2 2 2 2 2 2 2 2 2 2 2 2 2
left_child=1 4 7 6 22 10 26 11 23 -10 14 -2 -6 -14 -4 18 17 -17 19 -9 -20 -5 24 -8 -1 -26 -3 -28 -12 -15
right_child=2 3 5 21 12 -7 8 15 9 -11 28 -13 13 29 -16 16 -18 -19 20 -21 -22 -23 -24 -25 25 -27 27 -29 -30 -31
leaf_value=-0.04625250592107609 -0.034378801039517591 -0.047795320357176915 -0.049414383849295196 0.0066418658901578999 -0.02472657649434562 0.061314094331796444 -0.013536697610238506 0.0021198500962605576 0.0097409490553799754 -0.011166822654037829 0.02598216499834452 0.0050864813726183974 0.043635364576610193 -0.042752744774516994 0.024039398974073874 0.005224739671235404 -0.023503113952636028 0.034320035937640929 0.05765029878544789 0.034912638588657188 0.01748155876624824 0.032970526465019016 -0.027616374181081167 -0.036044405124425201 -0.04634160194028699 -0.0041701094816600035 0.011491449668451937 -0.00945422930312367 0.042019455271430625 0.017043801093932245
leaf_weight=167.20039891335182 15.798348187003283 4.5854279249906531 4.5030740946531278 126.48397203348577 121.68630408821627 38.870412468910217 198.37102693598717 193.71961555629969 87.962926710955799 134.15875573828816 82.488776504993439 27.694420193322003 8.6612206017598528 9.0313488193787617 7.1709432676434517 34.363657810725272 9.0619766116142255 95.355866350233555 13.128016907721756 21.529551139101386 72.338634014129639 26.364184565842152 96.934026278089732 31.21554178930819 16.830421614926308 18.655278952792287 112.18807296454906 39.875904681161046 131.5083024147898 4.9275769153609863
leaf_count=5549 345 62 41 563 2917 85 1627 1244 581 1051 286 342 60 248 33 287 43 381 33 91 252 93 1888 246 445 359 675 267 428 58
internal_value=-0.00010557 -0.0135156 0.0215056 -0.00269939 -0.0320462 0.0378728 -0.00620972 0.0125247 -0.00987547 -0.00286393 0.0337877 -0.0091802 -0.0202814 0.00341538 -0.00404866 0.0146856 0.0233348 0.026661 0.0106708 0.00543774 0.0237702 0.0112345 -0.0376871 -0.0166331 -0.0424628 -0.024386 0.00432837 0.00596338 0.035876 -0.0213175
internal_weight=1952.66 1205.13 747.532 761.206 443.927 264.542 608.358 482.99 451.708 222.122 225.671 43.4928 144.306 22.6201 11.674 439.497 138.782 129.72 300.716 215.249 85.4667 152.848 299.62 229.587 202.686 35.4857 156.649 152.064 213.997 13.9589
internal_count=20580 16689 3891 5165 11524 873 4509 3018 3505 1632 788 687 3283 366 74 2331 711 668 1620 1335 285 656 8241 1873 6353 804 1004 942 714 306
is_linear=0
shrinkage=0.05


Tree=23
num_leaves=31
num_cat=0
split_feature=10 8 10 10 9 9 1 10 13 9 9 10 5 11 11 17 0 11 14 9 18 8 0 0 9 0 13 10 14 1
split_gain=214.418 87.7371 25.5478 21.5174 19.5228 11.4697 10.2422 9.80363 9.34084 7.61519 7.41085 7.32056 7.44409 7.18636 10.726 6.94813 6.40831 6.31054 5.86612 5.7727 5.67962 5.65002 5.50183 5.4567 6.27161 5.1748 5.12195 5.117 5.08023 5.07639
threshold=38.550000000000004 11.500000000000002 40.850000000000001 36.750000000000007 126.55000000000001 385.95000000000005 11.500000000000002 37.850000000000001 13.500000000000002 15.050000000000002 117.95000000000002 39.050000000000004 1.0000000180025095e-35 447.00000000000006 483.00000000000006 170.50000000000003 2003.5000000000002 489.00000000000006 55.806250000000013 5.8500000000000005 18.500000000000004 12.500000000000002 2004.5000000000002 2007.5000000000002 10.15 2003.5000000000002 17.500000000000004 39.350000000000001 93.234027777777797 11.500000000000002
decision_type=2 2 2 2 2 2 2 2 2 2 2 2 2 2 2 2 2 2 2 2 2 2 2 2 2 2 2 2 2 2
left_child=1 3 11 4 29 7 9 13 -4 -5 -11 12 16 22 -15 23 -2 21 -19 -17 -18 -14 -3 24 -13 -8 28 -25 -9 -1
right_child=2 5 8 6 -6 -7 25 26 -10 10 -12 15 17 14 -16 19 20 18 -20 -21 -22 -23 -24 27 -26 -27 -28 -29 -30 -31
leaf_value=-0.03975895843905082 -0.028632497136694912 -0.013722506735951309 -0.0074828274783907871 -0.030565218548036777 0.024847422558287636 0.031978368538593809 -0.031359444822678904 0.00073251219767272839 0.049296754191739386 -0.0097293914809789082 -0.078019821327320493 -0.056370600431446018 0.014650044733526213 -0.013519500077353806 0.0013723372735169916 -0.025973600370826425 0.017023646163718816 0.016994343657928186 -0.051301674903202588 0.032147836970644793 -0.011389835197163455 0.051308351458496798 0.016337758692699222 0 0.0093883736292104027 0.04513899880648007 0.02350528311121778 0.032737700622460675 0.048460532073537954 -0.023334727676854773
leaf_weight=254.29147739498876 14.445442548487334 19.52531735599041 7.5540539249777785 74.104586541187018 13.301685344427822 27.34681960940361 2.6683792294934383 90.398672884330153 112.38567081093788 171.3211594838649 3.9953537248075 3.7194942859932771 20.402412969619036 249.33629398886114 233.57337629981339 4.2144129900261751 52.286145094782114 10.259866778738795 4.3990969769656649 172.40365472715348 26.182537439279258 22.954864908009768 65.89965402148664 15.50576965510845 66.796066571958363 10.063494022935627 50.24294563382864 54.807548046112061 5.8606303650885812 60.437509050127119
leaf_count=6973 179 125 37 2490 89 96 59 429 305 2422 38 74 148 1766 1489 61 286 42 33 746 182 71 370 84 360 70 220 191 24 1121
internal_value=-7.77598e-05 -0.0111814 0.0250579 -0.0255681 -0.0341144 0.000254052 -0.0148462 -0.000956903 0.0456758 -0.0170944 -0.0113578 0.0197589 0.0106236 -0.00393642 -0.00630748 0.0240818 0.00178443 0.0246664 -0.00337097 0.0307188 0.00747689 0.0342467 0.0094005 0.0157068 0.00577405 0.0285972 0.0105624 0.0255747 0.00373754 -0.0366293
internal_weight=1920.68 1332.37 588.317 590.184 328.031 742.184 262.153 714.837 119.94 249.421 175.317 468.377 150.93 568.335 482.91 317.447 92.9141 58.0162 14.659 176.618 78.4687 43.3573 85.425 140.829 70.5156 12.7319 146.502 70.3133 96.2593 314.729
internal_count=20580 17781 2799 13262 8183 4519 5079 4423 342 4950 2460 2457 941 3750 3255 1516 647 294 75 807 468 219 495 709 434 129 673 275 453 8094
is_linear=0
shrinkage=0.05


Tree=24
num_leaves=31
num_cat=0
split_feature=10 9 10 10 10 9 10 11 11 19 1 9 15 8 3 14 9 13 0 19 1 18 13 14 9 10 0 1 10 1
split_gain=203.998 78.6595 28.7678 24.0429 9.35918 8.40345 10.6421 11.0068 8.72994 8.70349 8.31626 8.15137 7.68353 7.46142 6.70814 6.25128 5.74429 5.82962 5.6051 5.43786 5.23096 5.19707 4.91374 4.88615 7.63551 5.18293 4.72105 4.63449 5.67407 4.29478
threshold=38.550000000000004 61.550000000000004 37.150000000000013 39.95000000000001 42.550000000000004 228.95000000000002 35.050000000000004 439.00000000000006 477.00000000000006 648.00000000000011 11.500000000000002 24.050000000000004 56.31009615384616 13.500000000000002 6.5000000000000009 38.12187500000001 17.450000000000003 15.500000000000002 2003.5000000000002 171.00000000000003 2.5000000000000004 26.500000000000004 13.500000000000002 88.972708333333358 336.05000000000007 37.550000000000004 2016.5000000000002 11.500000000000002 35.250000000000007 4.5000000000000009
decision_type=2 2 2 2 2 2 2 2 2 2 2 2 2 2 2 2 2 2 2 2 2 2 2 2 2 2 2 2 2 2
left_child=1 2 11 16 22 6 15 14 -9 23 13 27 -13 19 -8 21 26 20 -12 -4 -18 -3 -5 24 -7 -25 -2 -1 -29 -24
right_child=3 5 10 4 -6 9 7 8 -10 -11 18 12 -14 -15 -16 -17 17 -19 -20 -21 -22 -23 29 25 -26 -27 -28 28 -30 -31
leaf_value=-0.043051927045115304 -0.009345309160039228 0.028900339650991959 -0.029075314905060046 -0.00076963663493516898 0.060947668238691903 0.0026352958852894639 0.0030056949788624752 -0.011132745259438878 0.0029599371903682847 0.035723832576648414 -0.021498627098831873 -0.019319180308686609 -0.047150362836725544 0.046384644409513759 0.041590205485369541 -0.028120744076715689 -0.04824120507634741 0.022153172542997961 0.05838336978134271 -0.0088206351054081755 0.0082177324960588903 -0.044294021394980586 0.024996355210186245 -0.024343806355540135 0.034935498296727638 0.017230150883211278 0.022240600573788669 -0.044684904764367123 -0.0040670987688728984 0.0408516434774015
leaf_weight=172.27848715661094 35.286992954090238 9.5539928991347534 43.553483309224248 10.005444496870039 35.759316049516201 78.822031784802675 22.17391631193459 183.9301188243553 271.85740261618048 27.166780933737755 2.9831812242045981 134.0754054444842 30.918710290454328 5.2078409828245631 23.478869058191776 57.701365083456039 4.4596354644745579 245.17584181204438 7.1205110428854823 144.15363438171335 40.103109711781144 3.1075993236154309 73.047049321234226 24.023120416328311 23.901103226467967 10.653758216649292 17.645443806424737 15.938245795201508 19.232201892882586 113.97190969623625
leaf_count=6018 477 65 837 66 85 372 120 1318 1724 97 53 2169 615 23 107 539 27 1152 35 2597 215 29 262 124 86 43 131 445 365 384
internal_value=0 -0.0108866 -0.0247348 0.0248182 0.037234 -5.57912e-05 -0.00292825 -0.000361257 -0.0027173 0.0098902 -0.00955191 -0.0329928 -0.0245902 -0.0118926 0.0230062 -0.0211244 0.0163608 0.0191281 0.0343281 -0.0135599 0.00236027 0.0103378 0.032876 0.00472374 0.010226 -0.0114145 0.0011119 -0.0396365 -0.0226902 0.0347022
internal_weight=1887.29 1311.83 575.462 575.455 232.784 736.37 571.803 501.44 455.788 164.567 203.019 372.443 164.994 192.915 45.6528 70.363 342.671 289.739 10.1037 187.707 44.5627 12.6616 197.024 137.4 102.723 34.6769 52.9324 207.449 35.1704 187.019
internal_count=20580 17781 13157 2799 797 4624 3902 3269 3042 722 3545 9612 2784 3457 227 633 2002 1394 88 3434 242 94 712 625 458 167 608 6828 810 646
is_linear=0
shrinkage=0.05


Tree=25
num_leaves=31
num_cat=0
split_feature=10 9 10 8 10 1 10 10 10 1 10 17 3 3 10 1 13 17 11 7 11 13 6 9 11 16 6 16 16 9
split_gain=211.641 63.559 45.1099 19.6567 12.5876 10.7153 10.729 10.6669 9.66284 9.26206 8.80828 8.51519 8.05341 10.1348 8.45675 7.832 10.686 7.66558 6.94832 6.67945 6.28482 5.41224 5.32398 5.28653 5.22577 5.09409 4.82622 5.36501 5.52655 5.17374
threshold=37.850000000000001 46.350000000000001 39.650000000000013 12.500000000000002 34.350000000000001 10.500000000000002 36.150000000000013 42.250000000000007 37.45000000000001 11.500000000000002 34.95000000000001 352.00000000000006 5.5000000000000009 7.5000000000000009 38.95000000000001 11.500000000000002 35.000000000000007 109.50000000000001 443.00000000000006 54.500000000000007 479.00000000000006 13.500000000000002 5.5000000000000009 13.750000000000002 465.00000000000006 49.500000000000007 4.5000000000000009 27.500000000000004 40.500000000000007 271.10000000000008
decision_type=2 2 2 2 2 2 2 2 2 2 2 2 2 2 2 2 2 2 2 2 2 2 2 2 2 2 2 2 2 2
left_child=1 10 3 12 24 8 11 21 17 -8 -1 -7 25 18 -15 16 -12 -6 -14 20 -17 -4 -10 -18 -3 -2 -5 29 -29 -28
right_child=2 4 7 26 5 6 9 -9 22 -11 15 -13 13 14 -16 19 23 -19 -20 -21 -22 -23 -24 -25 -26 -27 27 28 -30 -31
leaf_value=-0.044920368260164635 0.011066820489663554 -0.011723608630591485 -0.0028020432562589109 0.030423643639019917 -0.00075620353850820005 -0.0099792098294297048 0.0058357776486784203 0.057532557685881759 -0.0045186313028771361 0.036562383017233586 -0.034287498433846625 0.027094195813875538 0.023547640264651691 -0.0059503292506083161 0.020140543770195515 -0.0063173208839378036 -0.033296350922978245 -0.01740838247179818 -0.029093678510456501 -0.018205810109377892 0.068696661778974016 0.032644496431750526 0.020928791558384039 0.002280360592937129 -0.053764979763184985 0.08004812879674221 0.0077092166240853126 0.055348914837534673 -0.00211666736395547 0.033790616325137794
leaf_weight=83.023182932753116 111.19037643959746 13.285467717796566 11.006239755079148 91.932409465312958 100.15273994486779 112.87123757041991 73.101524166762829 45.802494470030069 45.862076827324927 37.236955037340522 217.38400620152242 17.803945004940033 7.0360113987699142 86.928173427004367 48.076740171760321 6.01071122381836 14.738358280621467 227.63774538785219 47.530196972191334 29.399668662808836 4.9229291044175625 231.75591141171753 36.761898311786354 34.461618127766997 17.852181306108832 2.6740903258323661 113.14594123698771 15.040554214268925 5.5439704302698365 23.041310368105769
leaf_count=2554 895 158 79 366 708 643 369 122 357 124 6468 94 46 1003 288 112 592 2110 657 559 38 869 231 574 241 5 488 40 35 86
internal_value=0.000450866 -0.0142694 0.0192352 0.0108458 -0.00505906 -0.0035632 0.00479046 0.0352609 -0.00848099 0.0162744 -0.0303732 -0.00487302 0.00228457 -0.00400821 0.00331194 -0.0264084 -0.029519 -0.0123375 -0.0221837 -0.00570347 0.0273215 0.0310164 0.00675487 -0.00832151 -0.0360822 0.0127995 0.0212658 0.0158477 0.0396947 0.0121801
internal_weight=1913.21 1072.51 840.704 552.14 682.566 651.428 241.014 288.565 410.414 110.338 389.94 130.675 303.436 189.571 135.005 306.917 266.584 327.79 54.5662 40.3333 10.9336 242.762 82.624 49.2 31.1376 113.864 248.704 156.772 20.5845 136.187
internal_count=20911 15932 4979 3909 5035 4636 1230 1070 3406 493 10897 737 2894 1994 1291 8343 7634 2818 703 709 150 948 588 1166 399 900 1015 649 75 574
is_linear=0
shrinkage=0.05


Tree=26
num_leaves=31
num_cat=0
split_feature=10 8 10 10 10 8 10 20 13 13 15 10 8 0 0 17 13 17 19 13 13 8 13 18 0 13 15 13 20 9
split_gain=199.069 62.6363 27.6984 15.0587 11.8125 11.6953 10.1237 9.55367 10.3174 10.2214 8.59652 7.04156 6.54889 9.01053 6.05798 6.00218 9.7457 6.01465 5.45207 5.23006 10.7049 5.20113 5.20571 6.00377 5.18808 8.82042 6.55628 4.7629 4.69402 7.09209
threshold=38.250000000000007 10.500000000000002 39.650000000000013 36.95000000000001 37.45000000000001 12.500000000000002 42.350000000000001 5.5000000000000009 31.000000000000004 13.500000000000002 56.355042016806728 34.650000000000013 13.500000000000002 2018.5000000000002 2019.5000000000002 101.50000000000001 35.000000000000007 146.00000000000003 5.5000000000000009 53.000000000000007 58.000000000000007 7.5000000000000009 68.000000000000014 8.5000000000000018 2010.5000000000002 46.500000000000007 56.559027777777786 16.500000000000004 19.500000000000004 34.650000000000013
decision_type=2 2 2 2 2 2 2 2 2 2 2 2 2 2 2 2 2 2 2 2 2 2 2 2 2 2 2 2 2 2
left_child=1 3 5 21 7 18 28 8 11 -9 -11 -3 15 27 -15 16 -6 -17 -2 -5 -21 22 -1 -24 25 -20 -26 -14 -4 -30
right_child=2 4 6 19 12 -7 -8 9 -10 10 -12 -13 13 14 -16 17 -18 -19 24 20 -22 -23 23 -25 26 -27 -28 -29 29 -31
leaf_value=-0.040874246513739755 -0.058616855233720691 -0.018903602220564017 0.031940633886397556 -0.016365354322254683 -0.0076430498245321811 0.023294788630321125 0.057092030695619328 0.022377308673961781 -0.017200100648872986 -0.010235913323115325 -0.030887284353800351 0.01100972744712974 0.011970286613814328 -0.074551686157548064 -0.00092071852980623453 -0.048582872103994534 0.056101226417088292 -0.0047520358095409568 -0.0052187001189114828 0.074164780862959301 -0.054598113489371103 -0.025215065324794003 0.069316516479214177 -0.058394411541224857 0.020426884152772221 0.047167037372340362 -0.010336918282463742 0.034908762909520462 -0.038919831742852899 0.030412616649221898
leaf_weight=165.29242855869234 3.109675425104796 22.413477875292301 227.28610124532133 144.40830471599475 14.862246077507736 174.03883890993893 41.435598973184824 20.009387962520123 58.126072051003575 260.11083841929212 62.984621847048402 151.32207749597728 62.062086982652545 3.8677489571273318 9.930718429386614 9.2148395292460901 9.8066803682595474 51.634620130062103 98.496576122473925 4.4007410006597629 2.3871838003396988 106.4858529465273 2.2214966025203462 1.3991100303828714 89.411253022961318 8.6443037958815676 21.172456942498684 36.661007203161716 5.9615322723984709 9.2812354303896409
leaf_count=5959 42 197 878 3389 119 719 112 130 488 2094 595 773 292 29 59 93 33 380 974 20 88 2280 22 55 603 55 197 156 39 41
internal_value=0.00054852 -0.0116929 0.0221868 -0.0270718 -0.00319698 0.0135954 0.0341071 -0.00682874 0.000991697 -0.0121269 -0.0142855 0.00711322 0.00731995 0.0152488 -0.0223073 -0.0030597 0.0176196 -0.0115405 0.00592167 -0.0143224 0.0280202 -0.0340454 -0.0395645 0.0183783 0.00689289 -0.000905467 0.0144876 0.0205658 0.0301376 0.00289349
internal_weight=1878.44 1199.6 678.838 426.595 773.006 394.873 283.964 574.966 231.862 343.105 323.095 173.736 198.04 112.522 13.7985 85.5184 24.6689 60.8495 220.834 151.196 6.78792 275.399 168.913 3.62061 217.725 107.141 110.584 98.7231 242.529 15.2428
internal_count=20911 17251 3660 11813 5438 2590 1070 4277 1458 2819 2689 970 1161 536 88 625 152 473 1871 3497 108 8316 6036 77 1829 1029 800 448 958 80
is_linear=0
shrinkage=0.05


Tree=27
num_leaves=31
num_cat=0
split_feature=10 9 10 8 10 1 10 10 3 3 13 13 9 17 17 10 15 11 10 7 11 1 8 0 13 18 13 11 0 20
split_gain=188.632 54.1028 37.3599 13.0704 10.4491 9.59745 9.3977 8.74022 8.16965 8.15237 8.1271 10.5013 8.03116 7.51287 7.64567 5.92316 5.81517 5.69629 5.60049 5.08647 4.79921 4.64152 4.61722 4.50356 4.29823 5.01144 4.27039 4.03449 3.95008 4.80413
threshold=37.850000000000001 46.350000000000001 39.650000000000013 12.500000000000002 34.350000000000001 10.500000000000002 42.050000000000004 36.95000000000001 5.5000000000000009 7.5000000000000009 53.000000000000007 58.000000000000007 439.05000000000007 109.50000000000001 79.000000000000014 38.95000000000001 55.14358974358975 443.00000000000006 36.150000000000013 56.750000000000007 485.00000000000006 11.500000000000002 7.5000000000000009 2007.5000000000002 68.000000000000014 8.5000000000000018 13.500000000000002 457.00000000000006 2004.5000000000002 16.500000000000004
decision_type=2 2 2 2 2 2 2 2 2 2 2 2 2 2 2 2 2 2 2 2 2 2 2 2 2 2 2 2 2 2
left_child=1 7 3 8 27 13 26 22 16 17 19 -12 18 14 -6 -11 23 -10 -7 21 -15 -9 24 -2 -1 -26 -4 -3 29 -28
right_child=2 4 6 -5 5 12 -8 10 9 15 11 -13 -14 20 -16 -17 -18 -19 -20 -21 -22 -23 -24 -25 25 -27 28 -29 -30 -31
leaf_value=-0.03995636716178029 0.060524227109110575 -0.0072016687597802696 -0.0011289665526530398 0.019705002256001716 -0.007830334925104784 -0.0043135244624388528 0.05462397235160879 -0.013726017607613553 0.022238201388963236 -0.0039347486596630413 0.075247135496727069 -0.056721731406591459 0.057878393445796074 -0.018404319326575692 0.017649077016909147 0.018358846545136635 0.0071927806858863063 -0.026210710027084107 0.011405075631802883 -0.032600764725418542 -0.0050808547011156934 0.040769089636778527 -0.02516313361259009 0.019382185747766296 0.06204583694860788 -0.057264252254955489 0.028975311254050479 -0.046575144019210223 0.035833891497764246 0.00035464419212962155
leaf_weight=159.63603451265953 9.9620428849011677 10.149099977687003 10.56012196280062 235.95293467305601 75.432816887274384 122.68431207537651 45.054121475666761 48.25322927464731 6.8378405123949042 83.567551222164184 4.8966343039646736 2.0317741059698164 6.7603597193956366 159.69419859815389 48.066899498924613 45.98728128708899 80.2566874534823 44.266751569695771 104.74362149462104 43.503207253525034 119.4790400955826 4.1172432824969283 107.74966999189928 21.90938216727227 2.1495330762118097 1.3213018323294816 57.323145646601915 20.052934732753783 146.52570260502398 20.170607920736074
leaf_count=5943 49 118 76 1015 542 728 131 1217 46 1003 22 76 19 1523 311 288 698 657 483 1273 1030 43 2246 153 22 55 231 281 500 132
internal_value=0.000658441 -0.0134128 0.0187798 0.0109453 -0.00486997 -0.00349571 0.0335665 -0.028645 0.00386454 -0.00269253 -0.0161143 0.0355791 0.00453793 -0.00818032 0.00205222 0.00394816 0.0144667 -0.0195998 0.00290565 -0.0199353 -0.012724 -0.00927691 -0.0333748 0.0325474 -0.0387501 0.0148941 0.0294792 -0.0335765 0.0309443 0.0216002
internal_weight=1849.1 1040.72 808.374 528.74 667.063 636.861 279.634 373.659 292.788 180.659 102.802 6.92841 234.188 402.673 123.5 129.555 112.128 51.1046 227.428 95.8737 279.173 52.3705 270.857 31.8714 163.107 3.47083 234.58 30.202 224.019 77.4938
internal_count=20911 15932 4979 3909 5035 4636 1070 10897 2894 1994 2631 98 1230 3406 853 1291 900 703 1211 2533 2553 1260 8266 202 6020 77 939 399 863 363
is_linear=0
shrinkage=0.05


Tree=28
num_leaves=31
num_cat=0
split_feature=10 8 10 8 10 1 10 10 17 17 11 14 9 1 8 3 3 10 14 15 17 13 0 11 17 14 17 13 0 6
split_gain=176.549 50.2789 33.2471 10.6363 9.47516 9.37519 16.1521 8.88874 7.94678 9.06029 7.81973 6.54061 6.6396 6.36719 7.07743 6.25079 6.94539 5.8068 6.13634 5.41636 5.37793 6.75011 5.46519 5.10017 5.09432 4.72831 4.61128 4.32198 4.26908 4.2287
threshold=37.850000000000001 10.500000000000002 39.650000000000013 12.500000000000002 41.050000000000004 11.500000000000002 35.850000000000001 35.050000000000004 285.50000000000006 79.000000000000014 449.00000000000006 27.558333333333334 85.65000000000002 10.500000000000002 5.5000000000000009 5.5000000000000009 7.5000000000000009 34.850000000000001 58.117307692307698 55.14358974358975 177.50000000000003 46.500000000000007 2009.5000000000002 455.00000000000006 522.50000000000011 69.11319444444446 154.50000000000003 43.000000000000007 2007.5000000000002 4.5000000000000009
decision_type=2 2 2 2 2 2 2 2 2 2 2 2 2 2 2 2 2 2 2 2 2 2 2 2 2 2 2 2 2 2
left_child=1 7 3 15 20 10 8 -1 9 -7 17 -12 -13 14 -9 19 -17 18 -3 28 22 -22 26 -8 -18 -25 -4 -16 -2 -15
right_child=2 5 4 -5 -6 6 23 13 -10 -11 11 12 -14 29 27 16 24 -19 -20 -21 21 -23 -24 25 -26 -27 -28 -29 -30 -31
leaf_value=-0.042212337961084131 0.057991741973498025 0.0068304349667982879 0.010807920499935182 0.018799265356994724 0.04479479000596244 0.024233802377928465 -0.01224249808908336 -0.040881468210803816 0.024484844010240033 -0.033747883853167376 0.035674763881965603 -0.020027669443154778 -0.0068466415054707387 -0.0035654756393625692 -0.0256317740781512 -0.017492367202732971 0.0015253004892574146 0.010535573774722959 -0.060288806167283077 0.006617168587811504 0.028996635330419036 0.073591665193241576 0.031115145049654871 0.028310398856060799 0.036939178287085865 0.070426320871289111 -0.037739119682206501 -0.0019836083670696338 0.01806774353279671 -0.02906777165487048
leaf_weight=85.416508912341669 10.152026358991863 6.9817271912470442 45.059114796109498 232.55709508247674 99.030901797115803 8.5161787867546064 5.4234038963913909 72.765414483146742 12.857626231387256 29.798343997448683 7.5815576566383234 135.89590488374233 328.90358283091336 54.266843626275659 102.72621360770427 48.767969216220081 116.49623677693307 83.592506943270564 6.306935646571219 79.662426385562867 80.894696155562997 9.6636053547263128 36.095367915928364 28.65354616753757 11.070313174743204 9.0935516059398633 5.3577423095703116 24.388333478011191 21.489113367162645 23.484306311234832
leaf_count=2817 49 63 241 1015 302 41 25 3329 62 197 56 1562 2212 1254 2616 703 1202 509 57 698 347 22 125 104 89 27 33 454 153 547
internal_value=0.000635256 -0.0130652 0.0183047 0.0108435 0.032335 -0.00487027 0.00969831 -0.0280252 -0.00922406 -0.0207006 -0.00729476 -0.00995217 -0.0107147 -0.0236287 -0.028368 0.00438959 -0.00144161 0.00560782 -0.024864 0.0136656 0.025317 0.0338865 0.0162602 0.032213 0.00466423 0.0387478 0.00548541 -0.021139 0.0311772 -0.01136
internal_weight=1822.95 1026.65 796.297 520.195 276.101 663.605 94.3427 363.048 51.1721 38.3145 569.262 472.381 464.799 277.631 199.88 287.638 176.335 96.8812 13.2887 111.304 177.071 90.5583 86.5122 43.1705 127.567 37.7471 50.4169 127.115 31.6411 77.7511
internal_count=20911 15932 4979 3909 1070 4915 456 11017 300 238 4459 3830 3774 8200 6399 2894 1994 629 120 900 768 369 399 156 1291 131 274 3070 202 1801
is_linear=0
shrinkage=0.05


Tree=29
num_leaves=31
num_cat=0
split_feature=10 9 10 10 10 9 10 13 19 17 15 13 0 13 13 17 1 9 15 15 8 13 10 10 1 9 19 15 0 13
split_gain=169.022 51.8918 20.172 16.6875 13.3009 11.7547 8.67234 8.49702 7.88508 8.68871 7.44753 7.35841 8.24172 8.18411 9.45753 6.04381 5.90303 5.8983 5.54468 5.52735 5.05557 4.87806 4.6981 4.6567 7.26185 4.44739 4.37877 4.34315 4.12927 4.00991
threshold=38.550000000000004 29.350000000000005 40.650000000000013 37.350000000000001 36.95000000000001 85.65000000000002 35.250000000000007 15.500000000000002 186.00000000000003 177.50000000000003 56.927083333333336 16.500000000000004 2006.5000000000002 62.000000000000007 53.000000000000007 146.00000000000003 11.500000000000002 95.250000000000014 55.972222222222229 54.483333333333341 7.5000000000000009 68.000000000000014 43.750000000000007 34.95000000000001 10.500000000000002 6.1500000000000012 245.50000000000003 54.62916666666667 2021.5000000000002 14.500000000000002
decision_type=2 2 2 2 2 2 2 2 2 2 2 2 2 2 2 2 2 2 2 2 2 2 2 2 2 2 2 2 2 2
left_child=1 4 7 5 21 6 -3 20 9 -7 -10 12 17 14 -13 19 -14 -5 -8 26 27 23 29 -1 -25 -17 -9 -2 -21 -4
right_child=2 3 22 11 -6 8 18 15 10 -11 -12 13 16 -15 -16 25 -18 -19 -20 28 -22 -23 -24 24 -26 -27 -28 -29 -30 -31
leaf_value=-0.048604414322838164 0.026966807293008419 -0.034727604779964581 0.0068985813884664786 -0.038264314414355641 -0.013902275321246641 -0.0030132855391060386 -0.0043664806976374676 0.052711693308886282 0.0033614603419468651 -0.027546193847570368 -0.069664682254123658 0.013903579102246159 0.0033843953724106163 -0.056853001320659846 0.075819611352793179 -0.010161443317508713 0.050021792644308206 -0.0040611862716059708 -0.02360391087863857 0.0065057194629074278 0.0091355304080304942 0.018439659302461251 0.070627617596633885 -0.039923953996010744 -0.015338755455784303 0.027864555299778878 -0.0013369271120776383 -0.039857931319893194 0.050005799737652179 0.041105115124795609
leaf_weight=56.847588400589302 2.9513627700507632 56.84075887221843 9.798763055354355 20.427645336370915 118.31233107834123 97.490679053589702 97.244571558665484 13.677462343126537 236.34532334376127 57.74348578043282 3.4394011776894322 113.83727004658431 141.0838225344196 3.7106213066726914 6.4797378480434409 7.726442849263548 7.0577808097004882 33.727791751734912 61.734931986778975 108.30463236989453 46.145845849066973 3.9599484377540639 12.958940386772154 85.505874342285097 47.793109741527587 217.2511643441394 4.8959702607244244 10.909679860807953 5.7003041170537463 101.15172060579062
leaf_count=2151 19 958 51 254 3164 615 1250 54 1403 455 27 752 975 38 15 119 22 195 964 658 257 88 30 3468 1268 1096 45 162 26 332
internal_value=0.000550929 -0.00955717 0.0238846 -0.0036669 -0.0272034 -0.00854622 -0.0179326 0.0185979 -0.00340203 -0.012183 0.00226455 0.0054511 -0.000405097 0.0150358 0.0173398 0.0215199 0.00567227 -0.0171016 -0.0118783 0.0129626 0.00109709 -0.0352737 0.0416305 -0.0364277 -0.0311647 0.0265325 0.0382658 -0.0251799 0.00876648 0.0381381
internal_weight=1791.05 1249.58 541.472 937.164 312.419 610.839 215.82 417.563 395.019 155.234 239.785 326.325 202.297 124.028 120.317 357.556 148.142 54.1554 158.98 132.578 60.0069 194.107 123.909 190.147 133.299 224.978 18.5734 13.861 114.005 110.95
internal_count=20911 18062 2849 7923 10139 5672 3172 2436 2500 1070 1430 2251 1446 805 767 1998 997 449 2214 783 438 6975 413 6887 4736 1215 99 181 684 383
is_linear=0
shrinkage=0.05


Tree=30
num_leaves=31
num_cat=0
split_feature=10 8 10 13 13 10 8 14 1 10 0 17 3 8 16 13 17 13 18 14 0 15 13 10 0 1 15 13 17 1
split_gain=157.196 44.194 28.6255 10.2696 17.6598 10.2324 9.50851 10.2835 8.35758 7.55078 7.0084 6.22776 5.56481 4.98021 4.89428 4.77003 6.71958 4.64305 4.63803 4.52548 3.51859 5.0484 3.31589 3.24597 3.33709 3.1263 4.24558 3.10851 2.91582 3.15005
threshold=38.850000000000001 6.5000000000000009 36.750000000000007 58.000000000000007 53.000000000000007 40.650000000000013 10.500000000000002 27.558333333333334 10.500000000000002 37.550000000000004 2003.5000000000002 28.500000000000004 5.5000000000000009 16.500000000000004 47.500000000000007 15.500000000000002 137.50000000000003 68.000000000000014 9.5000000000000018 47.728750000000005 2007.5000000000002 56.394444444444453 13.500000000000002 43.650000000000013 2000.5000000000002 11.500000000000002 54.605555555555569 14.500000000000002 163.50000000000003 9.5000000000000018
decision_type=2 2 2 2 2 2 2 2 2 2 2 2 2 2 2 2 2 2 2 2 2 2 2 2 2 2 2 2 2 2
left_child=1 9 6 4 8 10 22 -8 -4 17 11 -2 -13 -9 20 16 -12 25 -19 -14 -11 -22 -3 24 -7 -1 -27 -26 -17 -30
right_child=5 2 3 -5 -6 23 7 13 -10 14 15 12 19 -15 -16 28 -18 18 -20 -21 21 -23 -24 -25 27 26 -28 -29 29 -31
leaf_value=-0.040408771076156889 -0.047033209193748336 -0.010106697085836192 -0.0011637393120774839 -0.055174388560680868 0.057268512945710941 0.0058440637288376769 0.046987272445209838 -0.013164156412737668 0.014633878352350702 -0.035603021756478857 0.032143183339948228 0.035708812736285435 0.023189945248386287 0.0060709474570258956 0.059662807955971876 0.019364947911463648 -0.010520451799027369 0.064907237611683266 -0.053693041844397077 -0.0063703124680860122 0.0048396077037519128 -0.039010445310222019 -0.031238571722083996 0.062152345089185268 0.0083743938281133131 0.022878099202477253 -0.03020554488002411 0.039740344465806397 0.027169191933885034 0.045104160026923912
leaf_weight=127.56119081564248 4.8161726193502536 24.626913215965033 457.18218403914943 7.5413140617310992 14.593302959576247 9.8302653376013023 7.5828038826584807 351.04454519785941 102.28342970274389 16.604734402615577 16.031829666346312 17.348311179317534 19.232467632275075 36.785837048664689 2.059829795267432 76.9477863535285 21.255254782736301 2.1428816793486472 1.1735679130069909 38.759738028980792 23.661356333876029 8.9032328524626774 88.244852372445166 12.285958983004091 9.1404752768576127 4.4453326635994044 20.059815636370331 93.957241084426641 100.08322685956955 34.624015033245087
leaf_count=5612 46 434 4187 106 59 36 51 2816 663 582 83 87 142 198 21 373 153 21 57 347 517 224 2337 33 43 85 571 320 471 131
internal_value=-0.000348447 -0.00922013 -0.00519393 0.00237402 0.00314821 0.0249546 -0.0138621 -0.0101832 0.0017176 -0.0304215 0.0202813 0.00732157 0.0109202 -0.0113257 -0.013581 0.0244295 0.00772624 -0.0359293 0.0211323 0.00336999 -0.0168657 -0.00707875 -0.0266852 0.0371714 0.0343568 -0.0372197 -0.0203189 0.0370188 0.0273435 0.0318462
internal_weight=1750.81 1296.5 1089.89 581.6 574.059 454.313 508.285 395.413 559.466 206.612 329.099 80.1567 75.3405 387.83 51.2292 248.942 37.2871 155.383 3.31645 57.9922 49.1693 32.5646 112.872 125.214 112.928 152.066 24.5051 103.098 211.655 134.707
internal_count=20806 18541 10851 5015 4909 2265 5836 3065 4850 7690 1833 622 576 3014 1344 1211 236 6346 78 489 1323 741 2771 432 399 6268 656 363 975 602
is_linear=0
shrinkage=0.05


Tree=31
num_leaves=31
num_cat=0
split_feature=10 8 10 10 10 19 8 14 0 10 1 20 1 15 14 10 10 19 19 19 1 17 8 18 8 20 19 19 15 15
split_gain=147.404 38.0267 21.0344 10.3209 9.90514 8.33436 9.30279 7.93177 6.33352 7.08936 5.54472 5.49047 5.45929 5.33745 5.15196 5.00749 4.83021 4.77084 10.5623 4.81253 4.67023 4.58193 4.54438 4.6367 4.30756 3.97354 3.89001 3.77432 5.01275 6.00643
threshold=38.150000000000013 10.500000000000002 39.850000000000001 36.750000000000007 36.95000000000001 827.50000000000011 14.500000000000002 27.558333333333334 2003.5000000000002 38.850000000000001 9.5000000000000018 15.500000000000002 10.500000000000002 56.559027777777786 55.806250000000013 34.45000000000001 43.650000000000013 186.00000000000003 213.50000000000003 18.500000000000004 11.500000000000002 119.50000000000001 6.5000000000000009 28.500000000000004 16.500000000000004 19.500000000000004 1207.5000000000002 76.500000000000014 55.14358974358975 56.433035714285722
decision_type=2 2 2 2 2 2 2 2 2 2 2 2 2 2 2 2 2 2 2 2 2 2 2 2 2 2 2 2 2 2
left_child=1 4 8 7 15 6 20 -3 27 24 13 22 21 -11 -8 -1 26 19 -19 -9 -5 -7 -6 -24 25 -10 -4 28 -2 -30
right_child=2 3 16 5 11 12 14 17 9 10 -12 -13 -14 -15 -16 -17 -18 18 -20 -21 -22 -23 23 -25 -26 -27 -28 -29 29 -31
leaf_value=-0.046881707739745072 0.0298392280031302 0.040639321736798101 0.026276275033573382 -0.014159050244932173 -0.021549955319941878 0.033054918921553891 -0.0045878041302170004 -0.0058316034553396951 0.0080558434205609698 0.021893443966719675 0.036575977199114332 -0.030940402415143411 0.041603406847269986 -0.0018962515106391725 0.018165128266582085 -0.027372045882566906 0.062003451339244321 0.028972460792441979 -0.0099807361556234001 -0.025308945360856046 0.024527163815342017 0.00013094927577231917 -0.0097098675794975511 0.018847724873109838 0.062107809304203225 -0.028417376840851129 0.048024631407109712 -0.010910691893613236 -0.017664669403773921 0.041915158439796721
leaf_weight=40.655567698879167 18.265456149354577 7.3762228386476627 191.57903556898236 118.53316457290202 34.715290372492746 14.46233453042805 42.173951594159007 49.57819371111691 165.78574021207169 101.08420295268297 46.936601836234331 33.049966347636655 17.139349568635225 30.229978824034333 59.465366272255778 202.91941919131204 11.790978685021399 18.726745494641364 222.73114938149229 92.174771603196859 8.1718140579760057 39.65128708165139 37.192310334183276 22.832031995523721 3.4679191987961522 7.6699582273140541 23.916192095726728 42.922555027995259 19.30347992666066 5.2892148774117222
leaf_count=1525 112 51 783 1099 1298 100 253 368 1186 519 200 1040 59 215 305 6740 33 92 1782 772 27 337 697 281 11 93 81 545 182 20
internal_value=-0.00025093 -0.0118338 0.0181409 -0.00488178 -0.0247361 0.00208543 -0.00255546 -0.0102379 0.0117492 0.0146937 0.0217446 -0.0133774 0.0170109 0.0163815 0.00867971 -0.0306669 0.0305087 -0.0112406 -0.0069282 -0.0185409 -0.0116072 0.00906713 -0.00717163 0.00108298 0.00755347 0.0063988 0.0287343 -0.000387294 0.0100364 -0.00453034
internal_weight=1729.79 1061.55 668.241 690.184 371.365 299.597 228.344 390.587 440.955 355.174 178.251 127.79 71.253 131.314 101.639 243.575 227.286 383.211 241.458 141.753 126.705 54.1136 94.7396 60.0243 176.924 173.456 215.495 85.7807 42.8582 24.5927
internal_count=20806 16826 3980 5245 11581 2180 1684 3065 3083 2224 934 3316 496 734 558 8265 897 3014 1874 1140 1126 437 2276 978 1290 1279 864 859 314 202
is_linear=0
shrinkage=0.05


Tree=32
num_leaves=31
num_cat=0
split_feature=10 9 10 10 13 13 1 10 10 13 17 10 10 10 9 13 18 10 14 14 17 13 9 19 14 15 18 9 13 17
split_gain=137.408 36.1917 18.4931 13.2511 8.62565 17.381 9.32447 8.63933 7.07628 7.55216 7.99891 6.80308 6.7713 6.49321 6.15744 5.80742 10.5032 5.36571 4.85259 4.55899 4.52158 4.4939 4.41223 7.0471 6.9055 5.7378 3.96727 3.94087 3.73816 3.67682
threshold=38.250000000000007 27.150000000000002 40.650000000000013 35.150000000000013 16.500000000000004 21.000000000000004 10.500000000000002 35.850000000000001 38.95000000000001 15.500000000000002 136.50000000000003 37.350000000000001 36.95000000000001 36.750000000000007 302.05000000000007 35.000000000000007 34.500000000000007 36.95000000000001 30.422527472527481 32.019230769230781 162.50000000000003 68.000000000000014 213.35000000000005 43.000000000000007 40.68012820512822 54.716517857142868 8.5000000000000018 170.95000000000002 13.500000000000002 307.50000000000006
decision_type=2 2 2 2 2 2 2 2 2 2 2 2 2 2 2 2 2 2 2 2 2 2 2 2 2 2 2 2 2 2
left_child=1 12 8 22 6 17 13 -8 14 10 -10 -7 21 -5 18 -14 -17 -6 -2 -20 -11 -1 24 -24 29 -25 -23 -12 -4 -3
right_child=2 3 28 4 5 11 7 -9 9 20 27 -13 15 -15 -16 16 -18 -19 19 -21 -22 26 23 25 -26 -27 -28 -29 -30 -31
leaf_value=-0.03440559280553375 -0.044121769693116569 -0.015214685762681649 0.0034155667142388188 -0.024703214893305132 0.015340023661406145 -0.010217006996024364 -0.016946681707966992 0.011065551962134448 0.021519327849900065 0.014135528545766624 -0.011208205007503634 0.0082470057864549046 -0.022116636180693199 -0.0079984761346540145 0.04339507782255414 -0.030807794104078353 0.048968239075519247 0.045267547236174342 0.070850091154508785 0.0052076025825322893 0.028052054302915269 0.065341003852424806 -0.048098545573443521 0.053626143903246805 -0.03418903956614823 -0.004485126173385901 -0.035954261268560044 -0.068607642405885141 0.038276407935482114 0.026046020208404214
leaf_weight=168.7935487460345 4.802492329850792 21.680609929375354 8.6162402238696796 86.628193868324161 51.918707183562219 143.78385914489627 38.867105698212981 93.236311470158398 22.075603465083987 100.20505976304412 19.13178346678615 76.013102594763041 72.717529481742531 181.70546784624457 10.911182787269352 7.7588487933389869 8.5191711816005391 21.60055516846478 2.5979387983679763 190.10044626006857 147.90200618747622 2.0744979102164502 6.6489384695887592 5.5770066604018238 70.701887269038707 16.348048944026232 1.5890263523906467 3.5465644299983969 112.51228690892458 7.030062877573072
leaf_count=6652 55 273 39 1008 372 1482 312 552 131 596 155 597 2380 1781 39 258 74 90 8 1512 729 21 47 18 992 85 67 16 393 72
internal_value=-0.000429234 -0.0111896 0.0182882 -0.00602491 -0.00328778 0.00321367 -0.00806212 0.00277946 0.01403 0.0190506 3.27311e-05 -0.00380795 -0.0273943 -0.0134172 0.00694522 -0.0160561 0.0106821 0.0242504 0.00488526 0.00615481 0.0224596 -0.0332037 -0.0208084 -0.00327648 -0.0257889 0.0102458 0.0202885 -0.0206659 0.0358428 -0.00488275
internal_weight=1705.59 1083.19 622.402 821.74 693.753 293.316 400.437 132.103 501.273 292.861 44.754 219.797 261.453 268.334 208.412 88.9955 16.278 73.5193 197.501 192.698 248.107 172.457 127.987 28.574 99.4126 21.9251 3.66352 22.6783 121.129 28.7107
internal_count=20806 17133 3673 7681 6194 2541 3653 864 3241 1627 302 2079 9452 2789 1614 2712 332 462 1575 1520 1325 6740 1487 150 1337 103 88 171 432 345
is_linear=0
shrinkage=0.05


Tree=33
num_leaves=31
num_cat=0
split_feature=10 9 10 10 9 10 9 0 17 13 10 11 14 13 15 3 13 3 9 17 11 9 15 10 11 3 15 2 15 14
split_gain=130.04 34.0607 17.3893 13.9405 7.30563 6.60963 6.62949 6.50439 5.87755 7.09077 5.83168 5.7811 7.17853 4.97633 5.35075 4.73236 4.59969 4.55607 4.86517 4.31746 4.23135 4.17652 4.11148 4.06611 3.64875 3.62384 5.74414 4.60703 3.53003 3.28483
threshold=38.250000000000007 27.150000000000002 40.650000000000013 36.750000000000007 80.15000000000002 38.850000000000001 302.05000000000007 2003.5000000000002 264.50000000000006 31.000000000000004 36.95000000000001 471.00000000000006 102.20625000000003 15.500000000000002 55.792857142857152 5.5000000000000009 68.000000000000014 5.5000000000000009 16.950000000000003 132.50000000000003 441.00000000000006 42.650000000000013 56.759615384615394 34.650000000000013 459.00000000000006 6.5000000000000009 56.59411764705883 5.5000000000000009 54.986111111111121 47.728750000000005
decision_type=2 2 2 2 2 2 2 2 2 2 2 2 2 2 2 2 2 2 2 2 2 2 2 2 2 2 2 2 2 2
left_child=1 10 5 4 23 6 20 15 9 -6 16 12 19 14 -9 -7 -1 18 -12 -5 -2 -15 -22 -3 -10 27 -27 -13 -20 -17
right_child=2 3 -4 11 8 7 -8 13 24 -11 17 25 -14 21 -16 29 -18 -19 28 -21 22 -23 -24 -25 -26 26 -28 -29 -30 -31
leaf_value=-0.033633267407719804 0.031707046201936435 -0.039809638986983857 0.035095282946029892 0.016318192833488298 -0.0060679037988747783 0.028341201435478316 0.046119396652458136 0.026581410669573188 0.025278390593838115 -0.026852416932278928 -0.019518496112236446 -0.007742885129730437 0.057329725293120637 0.033542879094478915 -0.012011454290302889 0.014692799421603234 0.021476186698505755 -0.026331799597943718 0.049518067496912566 -0.0015576850569097335 0.0031765152896683908 0.018914487293853029 -0.034399172319960279 -0.017207375829738223 -0.0013902429726988161 -0.0069085854727784423 -0.046254199821282344 0.010400535558792836 0.00055162957348676002 -0.0097513894700147277
leaf_weight=165.00947669101879 12.296605686657129 24.117600698024035 118.16130782291293 60.605794121511281 177.41868827212602 17.266666739247739 9.6230129748582822 15.814950687810777 18.073293533176184 53.747649015858769 20.631114237708971 70.659482284914702 7.2308105872943989 86.080026874318719 20.353759686462581 20.894000367261469 3.6996830883435896 48.927125751972198 5.3828433370217708 75.101179868448526 148.15485263569281 120.46140243671834 7.5456143878400317 128.91684656310827 42.509734304621816 76.866324542555958 10.5570519445464 68.969939881004393 11.853739724727346 39.523825620301068
leaf_count=6652 79 535 432 426 1123 92 33 87 109 419 746 628 40 462 149 158 88 1706 47 721 1222 513 74 1958 297 752 144 529 213 372
internal_value=-0.000464899 -0.0110023 0.0178289 -0.00599789 -0.0119629 0.013716 0.00593298 0.0180119 -0.00729127 -0.0109316 -0.0269326 0.0011607 0.00904476 0.0220479 0.00475237 0.00532581 -0.0323831 -0.0162555 -0.00306962 0.00639488 0.00357526 0.0250486 0.00130251 -0.0208257 0.00651177 -0.00378239 -0.0117644 0.0011843 0.0163293 -0.00120505
internal_weight=1686.45 1070.28 616.176 814.774 444.784 498.015 177.62 320.395 291.749 231.166 255.504 369.991 142.938 242.71 36.1687 77.6845 168.709 86.7948 37.8677 135.707 167.997 206.541 155.7 153.034 60.583 227.053 87.4234 139.629 17.2366 60.4178
internal_count=20806 17133 3673 7681 4441 3241 1408 1833 1948 1542 9452 3240 1187 1211 236 622 6740 2712 1006 1147 1375 975 1296 2493 406 2053 896 1157 260 530
is_linear=0
shrinkage=0.05


Tree=34
num_leaves=31
num_cat=0
split_feature=10 8 10 10 9 9 14 14 8 19 13 10 10 11 7 1 19 13 3 15 14 15 16 8 10 13 9 10 15 11
split_gain=122.165 32.5078 18.0169 9.50685 8.3999 8.04876 9.57057 8.461 6.9914 6.91836 6.1214 5.91706 5.88399 4.81035 5.9107 5.19018 4.73987 4.23964 4.18272 6.87633 3.91919 3.86064 3.85167 3.67829 3.83132 3.413 4.25275 3.26516 3.20398 3.14821
threshold=38.150000000000013 10.500000000000002 39.650000000000013 37.250000000000007 7.7500000000000009 228.95000000000002 88.972708333333358 27.558333333333334 17.500000000000004 886.00000000000011 13.500000000000002 43.150000000000013 36.95000000000001 475.00000000000006 53.500000000000007 11.500000000000002 59.500000000000007 49.500000000000007 5.5000000000000009 56.535897435897446 82.627916666666678 56.577380952380956 23.500000000000004 5.5000000000000009 39.350000000000001 68.000000000000014 8.1500000000000004 34.150000000000013 55.935416666666676 517.00000000000011
decision_type=2 2 2 2 2 2 2 2 2 2 2 2 2 2 2 2 2 2 2 2 2 2 2 2 2 2 2 2 2 2
left_child=1 4 18 5 -1 7 20 -3 13 -9 -4 -12 25 15 -15 -5 -8 -14 19 22 -7 -21 29 24 -20 27 -27 -6 -26 -2
right_child=2 3 10 8 12 6 16 9 -10 -11 11 -13 17 14 -16 -17 -18 -19 23 21 -22 -23 -24 -25 28 26 -28 -29 -30 -31
leaf_value=-0.037369521968655166 0.018837569624563011 0.038207686212701035 -0.0054143489761498166 0.0090006202181641872 -0.047459090961940703 0.0077373620077745078 -0.051830675968625298 -0.016929282040499094 0.072827141792324454 -0.0013793771896867713 0.026901405131909417 0.059614284165747426 -0.012388824252707265 -0.052545849351542696 -0.00084132921452626181 0.061209149756826113 -0.0041911099283377913 0.026919403748461974 -0.020507299677761621 -0.042606467615819404 0.038236191846868078 0.0032676993773858749 0.037087852085708264 0.0080449434227195613 -0.031620599255716204 0.095764292018601496 -0.015356989573937847 -0.023499157701575905 0.048513182569633141 -0.015731193525126728
leaf_weight=83.90281382354442 89.455800181254745 8.1382570266723615 13.347796632908283 77.371550219133496 16.310798661783338 59.315852107480168 9.0695638041943329 276.60052090138197 3.5853147804737082 97.465013550594449 219.22939256951213 15.052402950823305 93.766862226650119 5.7571993842720977 102.73858727328479 5.0294846184551707 12.764096882194279 7.2356258288491508 22.45899836206809 5.7063130717724588 12.942784443497656 21.0866205310449 29.913546494673938 212.78223250806332 1.6173636163584877 1.1977961361408227 2.3361475551500916 149.33842954714783 4.0908965421840549 6.8760627452284089
leaf_count=4121 493 57 83 539 581 296 58 2539 8 820 948 48 2146 61 736 16 65 100 465 63 50 176 141 1442 39 4 63 4566 31 51
internal_value=-0.000513472 -0.0112275 0.0165915 -0.00474683 -0.0234853 -0.00855361 0.00450407 -0.0117816 0.00455007 -0.0128925 0.0271698 0.0290491 -0.019143 0.00320409 -0.00367687 0.0123182 -0.0243543 -0.00949956 0.00992486 0.0164051 0.0133146 -0.00643868 0.0212941 0.00578309 -0.0110946 -0.0248616 0.0225294 -0.0259158 0.0247939 0.0163045
internal_weight=1666.48 1024.87 641.617 670.778 354.088 476.296 94.0923 382.204 194.482 374.066 247.63 234.282 270.186 190.897 108.496 82.401 21.8337 101.002 393.988 153.038 72.2586 26.7929 126.245 240.949 28.1673 169.183 3.53394 165.649 5.70826 96.3319
internal_count=20806 16826 3980 5245 11581 3885 469 3416 1360 3359 1079 996 7460 1352 797 555 123 2246 2901 924 346 239 685 1977 535 5214 67 5147 70 544
is_linear=0
shrinkage=0.05


Tree=35
num_leaves=31
num_cat=0
split_feature=10 9 10 10 10 13 9 19 9 10 10 5 10 10 1 7 1 17 3 14 19 9 17 14 1 20 14 14 14 14
split_gain=109.346 31.5965 18.6747 12.692 10.1542 9.57382 9.04485 7.51072 7.94608 11.2711 6.92192 6.8909 6.70094 5.97759 5.63559 5.40299 5.17818 5.1653 4.85144 4.7659 4.61855 4.40656 4.09136 3.90526 3.86901 3.74355 3.73227 3.45751 3.407 6.55772
threshold=38.150000000000013 38.95000000000001 39.850000000000001 36.95000000000001 34.350000000000001 13.500000000000002 160.95000000000002 96.500000000000014 85.65000000000002 37.250000000000007 35.45000000000001 1.5000000000000002 41.850000000000001 39.050000000000004 3.5000000000000004 52.500000000000007 4.5000000000000009 74.500000000000014 5.5000000000000009 31.068506493506504 1192.5000000000002 194.35000000000005 14.500000000000002 60.471041666666672 9.5000000000000018 9.5000000000000018 93.700000000000017 77.806458333333353 33.285757575757586 30.13571428571429
decision_type=2 2 2 2 2 2 2 2 2 2 2 2 2 2 2 2 2 2 2 2 2 2 2 2 2 2 2 2 2 2
left_child=1 3 6 -1 -3 25 13 10 9 -9 18 -10 20 17 26 -16 -5 -2 -6 -19 21 -7 -12 -8 -25 -4 -15 -26 29 -18
right_child=2 4 5 16 7 12 23 8 11 -11 22 -13 -14 14 15 -17 28 19 -20 -21 -22 -23 -24 24 27 -27 -28 -29 -30 -31
leaf_value=-0.030720230376262377 -0.019650119191936193 -0.032304949158632301 -0.050370301122564444 -0.026803159087205732 -0.052728404017181256 0.018397258894505494 0.035331013696832177 -0.018267629379639751 0.0068540202401473202 0.0098241055672443241 0.031380986870209099 -0.027551052662305488 0.047668344561548573 -0.019289576398671113 -0.02825661603023091 0.021541572315876237 -0.025050026258998645 -0.037648676075302312 -0.015671121777082211 0.0056558863604917083 0.049108261851170593 0.04294327650592062 -0.0081986045571163478 0.02092961132705529 -0.045329024103484161 0.0077391898525991671 0.04805568510023718 0.014848575904179732 -0.0067131684653843754 0.05057867678605165
leaf_weight=205.44957098783925 26.509833685588092 30.906763015780598 4.655503908172248 29.301276604528539 14.773735649883745 114.3496164008975 41.923472832888365 104.04655532632023 293.82304820045829 54.003746677655727 6.6686198925599447 15.16613353602588 46.38130109757185 16.23671114444733 5.5763160660862914 104.78209185041487 4.4045183667913061 6.481596363708376 23.458764320239425 167.60284936521202 18.958538025617599 22.309807892888784 157.66480726003647 42.277621246874332 4.539148258045314 6.3099509570747614 2.2259752694517365 4.6724174879491329 61.015338076744229 7.5552830179221928
leaf_count=7837 266 457 41 897 144 493 166 1409 1764 499 31 129 152 146 34 670 120 65 201 1483 67 85 1396 184 38 35 11 24 1864 83
internal_value=4.47394e-05 -0.0101917 0.0162846 -0.0235474 -0.0043151 0.0283698 0.0101806 -0.00301108 0.000466599 -0.00863729 -0.0110502 0.00514077 0.0308488 0.00626196 0.0146646 0.0189567 -0.00907405 0.000836264 -0.0302214 0.00399416 0.0257764 0.0224695 -0.00654396 0.0239246 0.0144899 -0.0167122 -0.0106855 -0.0144363 -0.00186003 0.022335
internal_weight=1644.03 1008.24 635.793 307.726 700.512 212.965 422.828 669.605 467.039 158.05 202.566 308.989 201.999 329.415 128.821 110.358 102.276 200.594 38.2325 174.084 155.618 136.659 164.333 93.4127 51.4892 10.9655 18.4627 9.21157 72.9751 11.9598
internal_count=20791 16831 3960 10801 6030 873 3087 5573 3801 1908 1772 1893 797 2675 861 704 2964 1814 345 1548 645 578 1427 412 246 76 157 62 2067 203
is_linear=0
shrinkage=0.05


Tree=36
num_leaves=31
num_cat=0
split_feature=8 8 17 9 11 18 15 5 11 8 9 0 11 11 15 19 14 19 14 19 16 18 13 9 0 16 9 9 11 15
split_gain=28.9108 15.0077 5.32967 4.84982 4.76511 5.87884 5.51166 4.35289 5.39555 4.72413 4.97542 4.31009 4.04141 3.79837 6.04603 5.52397 4.82391 4.52464 4.88626 4.25706 3.79206 3.72929 3.50443 3.39059 3.31423 3.24185 4.26657 6.74066 4.42443 4.15249
threshold=12.500000000000002 3.5000000000000004 407.00000000000006 246.35000000000005 495.00000000000006 10.500000000000002 54.696691176470587 1.5000000000000002 463.00000000000006 15.500000000000002 203.35000000000005 2009.5000000000002 499.00000000000006 483.00000000000006 56.275252525252533 1170.0000000000002 80.066458333333358 7.5000000000000009 60.609375000000007 9.5000000000000018 47.500000000000007 42.500000000000007 31.000000000000004 2.7500000000000004 2019.5000000000002 17.500000000000004 19.050000000000004 68.050000000000011 519.00000000000011 55.440972222222229
decision_type=2 2 2 2 2 2 2 2 2 2 2 2 2 2 2 2 2 2 2 2 2 2 2 2 2 2 2 2 2 2
left_child=1 12 3 4 5 -3 -6 13 -9 11 -11 -10 24 17 20 16 -16 18 -2 -19 -15 -21 23 -14 -1 29 28 -28 -27 -4
right_child=7 2 25 -5 6 -7 -8 8 9 10 -12 -13 22 14 15 -17 -18 19 -20 21 -22 -23 -24 -25 -26 26 27 -29 -30 -31
leaf_value=-0.035220814489332161 0.04093739433978924 -0.0024776915691371131 -0.011341592248004051 -0.054298828608984578 0.019288747439060727 -0.013454960294061988 -0.0021259850798443472 0.018144841536067671 -0.0050396204984147 0.05201594076662313 -0.030886368433413348 -0.058816760573042574 -0.050786075618416616 0.018151626051289706 -0.0073660287735595594 0.037149199571381464 0.028771235821779814 -0.035997626465775832 -9.9425502608143274e-05 0.0054462693282307673 -0.033424984260013273 -0.017802959406114285 -0.046591867039490954 0.0040671996103816216 -0.00013188144268155483 -0.032946638741836808 0.019391941842036853 -0.041757655131245804 0.02705008999955439 0.032529891158359636
leaf_weight=59.848393279011361 17.259963380172852 274.15229813707992 6.895437007071453 4.8929754272103301 36.320301787811331 221.69855545577593 170.45890447217971 11.312242880463598 6.2940307743847432 3.4967959728091946 3.488584291189909 9.9534345827996713 3.0757248103618648 204.39834271371365 70.074383542872965 9.7101386771537346 10.508645346388219 6.5634089950472108 12.044247625395654 342.90616966597736 3.4713925514370194 17.977734822779894 5.2418874269351354 24.309582668822259 7.9040540192509061 13.464369596214967 31.694919002242386 5.1162254717200986 3.8003858882002524 21.85099421069026
leaf_count=2704 77 4100 147 33 406 3898 2547 69 43 16 28 110 158 1138 451 42 51 59 78 2027 33 117 285 696 309 427 390 51 53 248
internal_value=3.37558e-05 -0.00600715 -0.00368519 -0.00509455 -0.00473711 -0.00739751 0.0016188 0.00741683 -0.00981981 -0.0236697 0.0100563 -0.0384484 -0.0242176 0.00828216 0.0125572 0.00168991 -0.00256166 0.00505444 0.0239579 0.00352716 0.0172506 0.00426963 -0.00949951 -0.00207398 -0.0312072 0.00828579 0.000966357 0.0106675 -0.0193723 0.0218302
internal_weight=1620.18 890.725 790.345 707.523 702.63 495.851 206.779 729.46 34.5451 23.2328 6.98538 16.2475 100.38 694.914 298.163 90.2932 80.583 396.752 29.3042 367.447 207.87 360.884 32.6272 27.3853 67.7524 82.8223 54.0759 36.8111 17.2648 28.7464
internal_count=20791 16452 12300 10984 10951 7998 2953 4339 266 197 44 153 4152 4073 1715 544 502 2358 155 2203 1171 2144 1139 854 3013 1316 921 441 480 395
is_linear=0
shrinkage=0.05


Tree=37
num_leaves=31
num_cat=0
split_feature=8 8 11 9 13 17 13 16 17 6 11 6 17 8 17 18 19 17 19 11 0 18 18 18 8 8 0 19 6 11
split_gain=23.9486 14.0738 4.56058 8.92166 5.18048 4.29163 4.28625 5.16739 4.2198 4.03903 5.46286 6.3228 4.91281 5.08587 4.57584 5.27513 5.02411 4.2262 4.2061 3.94211 6.08429 3.88583 3.85311 4.87713 3.83268 3.73891 3.47954 5.82421 3.45289 3.4346
threshold=12.500000000000002 3.5000000000000004 505.00000000000006 271.10000000000008 33.500000000000007 407.00000000000006 29.000000000000004 39.500000000000007 93.500000000000014 4.5000000000000009 439.00000000000006 5.5000000000000009 91.500000000000014 14.500000000000002 46.500000000000007 32.500000000000007 486.00000000000006 283.50000000000006 76.500000000000014 495.00000000000006 2010.5000000000002 10.500000000000002 47.500000000000007 43.500000000000007 15.500000000000002 13.500000000000002 2016.5000000000002 63.500000000000007 5.5000000000000009 493.00000000000006
decision_type=2 2 2 2 2 2 2 2 2 2 2 2 2 2 2 2 2 2 2 2 2 2 2 2 2 2 2 2 2 2
left_child=1 29 9 4 6 8 7 -4 22 14 12 24 -11 -14 18 17 -17 -16 -2 21 -21 -10 23 -3 -12 -13 28 -28 -7 -1
right_child=2 5 3 -5 -6 26 -8 -9 19 10 11 25 13 -15 15 16 -18 -19 -20 20 -22 -23 -24 -25 -26 -27 27 -29 -30 -31
leaf_value=-0.031500858364080293 -0.032256152337443791 0.0027560660910287056 0.01334743522108553 0.045783552535116068 0.034301881778865645 -0.006270597107255485 -0.016618947374313311 -0.04321574719924591 -0.0044442395745706506 0.058114585423810865 -0.0035965892464227961 0.017554767967340689 0.036032002819995822 -0.024947555294423111 0.018312228745025774 0.04031279364435391 -0.016175079871818907 -0.0022878959050849166 0.011275369206507938 -0.012124598456128365 0.0072791880105369305 -0.014436567772581652 0.041942941961240605 -0.067255743806733576 -0.023188704883173743 0.0015802309620005105 -0.042358226002888175 0.031295742459453511 0.02296582366341093 -0.012078547823484954
leaf_weight=56.828042415436357 11.702063946053388 128.97287407889962 71.110521706752479 20.092315185815096 17.700980528257787 43.521917263744399 18.526432553306222 4.1485213730484238 203.83942132582888 7.5700607998296645 101.27965798415244 48.631841460242867 7.2198506863787753 6.2509311717003584 159.62145995069295 4.5252563860267427 25.384569579735398 28.971070285886526 10.177633659914134 65.491488298634067 105.05843172012828 189.70473186310846 6.0465791039168826 2.4334664456546298 33.439520013518631 151.13900871854275 2.8989371252246228 22.798076956067234 13.032365085557101 40.013475340441801
leaf_count=2663 78 1716 387 78 108 787 139 34 3220 30 668 290 39 46 872 22 147 187 61 998 1540 3410 51 49 193 960 57 295 177 1489
internal_value=-1.86179e-05 -0.00556724 0.00669104 0.0151308 0.00952562 -0.00333652 0.00476456 0.0101099 -0.00460793 0.00481691 0.00141484 -0.000128188 0.0260657 0.00739152 0.00982519 0.0120199 -0.00735619 0.0151217 -0.0118202 -0.00652486 -0.000145341 -0.00927611 0.00322166 0.00137137 -0.00851035 0.0055009 0.00743938 0.0226609 0.000407032 -0.0235482
internal_weight=1608.13 880.64 727.492 131.579 111.486 783.798 93.7855 75.259 701.547 595.913 355.531 334.49 21.0408 13.4708 240.382 218.502 29.9098 188.593 21.8797 564.094 170.55 393.544 137.453 131.406 134.719 199.771 82.2513 25.697 56.5543 96.8415
internal_count=20791 16452 4339 746 668 12300 560 421 10984 3593 2226 2111 115 85 1367 1228 169 1059 139 9168 2538 6630 1816 1765 861 1250 1316 352 964 4152
is_linear=0
shrinkage=0.05


Tree=38
num_leaves=31
num_cat=0
split_feature=8 8 13 14 11 17 15 17 17 11 15 17 17 13 15 17 17 3 16 18 6 19 11 15 19 15 11 3 19 11
split_gain=20.1774 12.4771 4.69515 3.7065 3.53879 3.64812 5.38165 3.30987 3.63636 3.11134 5.00956 3.63917 4.95747 4.56359 4.07637 3.63012 4.35908 3.80826 3.25501 3.22411 3.21528 4.70962 3.16813 3.7184 3.11859 3.08665 2.91664 2.67899 2.47459 2.30965
threshold=12.500000000000002 3.5000000000000004 13.500000000000002 64.923076923076948 401.00000000000006 345.00000000000006 55.14358974358975 32.500000000000007 99.500000000000014 483.00000000000006 56.275252525252533 109.50000000000001 117.50000000000001 13.500000000000002 56.861904761904761 86.500000000000014 167.00000000000003 6.5000000000000009 47.500000000000007 38.500000000000007 3.5000000000000004 186.00000000000003 545.00000000000011 56.06904761904763 7.5000000000000009 54.12916666666667 493.00000000000006 7.5000000000000009 11.500000000000002 439.00000000000006
decision_type=2 2 2 2 2 2 2 2 2 2 2 2 2 2 2 2 2 2 2 2 2 2 2 2 2 2 2 2 2 2
left_child=1 26 3 7 -4 6 -6 -3 -9 11 18 20 -13 -14 -15 -12 17 -17 22 -18 21 24 23 -11 -2 -7 27 28 -1 -22
right_child=9 2 4 -5 5 25 -8 8 -10 10 15 12 13 14 -16 16 19 -19 -20 -21 29 -23 -24 -25 -26 -27 -28 -29 -30 -31
leaf_value=0.036878127300568705 0.03888664786274193 -0.065553753486167474 0.07094515477797067 -0.045923223663801832 0.0040917953890607936 -0.03458521033545138 -0.0067514359135676487 0.010195577042918973 -0.014129462932304061 0.010768991698962501 -0.027101607538484587 -0.043556514682521918 0.041354843623156307 0.001083176014408697 -0.034368541976586328 0.031092295594036753 -0.010546898058145363 -0.0049299516536045257 -0.03186908200154806 0.023647713523906169 0.021429526345205785 0.0477378921355118 0.041810001375763572 0.030939443695421481 -0.014475779623836414 0.0072077902315974916 -0.011753149141215419 -0.046212561140866956 -0.02472686165397478 0.0027393235723550003
leaf_weight=1.5587582252919663 4.0431074518710393 2.5633508586324742 1.5726913968101133 8.0123500251211208 160.9805671737995 4.4457320834044358 391.52738347905688 19.583355507580563 67.233509907498956 175.94283014722168 10.643143970519302 6.2884116638451806 6.7310786899179211 256.51737263612449 8.2728100009262544 20.580295754596595 43.596838852390647 10.995338644832371 3.6290821880102149 8.0258322283625585 20.458871278911829 12.529648879542945 10.494400435127316 26.653133561834693 7.8682726267725229 125.54584157280624 39.479016710189171 17.60984017001465 35.520353229600005 89.433742679655552
leaf_count=41 19 35 10 91 2476 118 6244 229 1106 1019 69 50 25 1628 62 113 293 70 34 41 104 49 46 139 60 1991 1489 962 1660 518
internal_value=-6.49871e-05 -0.00517155 -0.00309085 -0.0133635 -0.00161926 -0.00180417 -0.0035829 -0.0103408 -0.0085795 0.0061151 0.00990171 0.00324796 -2.00873e-06 0.00100397 -1.81188e-05 0.00019622 0.00377666 0.0184147 0.0140792 -0.00509851 0.0100013 0.0264324 0.0148997 0.0134612 0.00339383 0.00571454 -0.0223639 -0.029897 -0.0219104 0.00628068
internal_weight=1598.34 875.633 781.465 97.3926 684.072 682.5 552.508 89.3802 86.8169 722.704 310.561 412.143 277.81 271.521 264.79 93.8414 83.1983 31.5756 216.719 51.6227 134.334 24.441 213.09 202.596 11.9114 129.992 94.168 54.689 37.0791 109.893
internal_count=20791 16452 12300 1461 10839 10829 8720 1370 1335 4339 1824 2515 1765 1715 1690 586 517 183 1238 334 750 128 1204 1158 79 2109 4152 2663 1701 622
is_linear=0
shrinkage=0.05


Tree=39
num_leaves=31
num_cat=0
split_feature=8 8 11 18 17 17 17 15 15 14 7 17 17 9 11 15 14 9 9 15 11 1 9 15 9 11 8 14 17 9
split_gain=18.2188 10.9231 3.89629 5.78629 5.42494 6.32287 4.73103 5.26352 4.50082 4.46039 4.42446 4.12838 3.50488 3.21207 3.27709 6.70494 4.35746 6.73317 3.57497 3.03233 2.87204 2.8163 2.61289 2.55672 2.80239 2.50318 2.402 4.90605 2.35862 2.31607
threshold=3.5000000000000004 12.500000000000002 495.00000000000006 10.500000000000002 50.500000000000007 57.500000000000007 466.00000000000006 56.31009615384616 56.656862745098046 52.41875000000001 55.750000000000007 170.50000000000003 75.500000000000014 385.95000000000005 505.00000000000006 56.275252525252533 107.82812500000001 278.35000000000008 262.55000000000001 53.165178571428577 499.00000000000006 4.5000000000000009 302.05000000000007 56.541958041958047 5.0500000000000007 489.00000000000006 15.500000000000002 103.76354166666668 287.50000000000006 2.7500000000000004
decision_type=2 2 2 2 2 2 2 2 2 2 2 2 2 2 2 2 2 2 2 2 2 2 2 2 2 2 2 2 2 2
left_child=20 2 3 6 9 -6 8 -8 -2 -4 12 -7 -5 14 16 18 19 -18 -16 -3 23 -11 -17 -1 28 -12 -15 -28 -25 -22
right_child=1 13 4 10 5 11 7 -9 -10 21 25 -13 -14 26 15 22 17 -19 -20 -21 29 -23 -24 24 -26 -27 27 -29 -30 -31
leaf_value=-0.032243501006745577 -0.0041402130965639021 0.033998585676141946 0.058540962155798376 0.018589748835867795 -0.059995375511730599 -0.0078222003365257167 0.036013239527738723 -0.024572787099788482 0.018859759825862379 0.030264789842223153 -0.01481700510246514 0.0066664275725226846 -0.0072712711850354932 0.046147669809909746 0.0152907091029208 -0.010485312044687523 0.052206723911485779 -0.016484719974743826 0.043469890957748995 0.0022279487932378782 -0.048393597059277829 -0.047538201908617572 0.038237360330484513 0.036191074242554071 -0.045362693662658715 -0.036791911692332001 0.029902016638005704 -0.02314902838397075 -0.026254360618231179 -0.0040512450657263178
leaf_weight=51.889407384442165 254.08021033089608 7.5435740649700156 7.4956381451338512 14.754895219579337 4.1017826637253156 72.866286226781085 16.071470796363432 4.4272675653919569 23.064332674490288 2.5083238997031003 106.35607885103673 149.79582126974128 106.81841041264124 7.7768488712608841 76.285889071412385 31.664247453212738 10.545913048088549 5.1664338000118724 13.507983904331921 543.68799872975796 3.252564218593764 1.9798649060539899 2.8831573128700247 4.2759394006570783 2.6717982795089483 15.213928279001264 13.408248573541643 6.2471775971353045 2.1359319316688925 27.894421470235102
leaf_count=2635 3914 34 68 193 74 1057 225 82 301 24 1910 2119 1965 31 443 218 42 40 54 3373 194 40 15 126 139 328 59 30 113 945
internal_value=-3.89243e-05 0.0012855 -0.00280936 -0.00516082 0.00249594 0.000733591 -0.000468011 0.0226295 -0.00220198 0.0351481 -0.0108824 0.00190119 -0.00407882 0.00573359 0.0050564 0.0124198 0.00343073 0.0293424 0.0196291 0.00267788 -0.0216118 -0.00325459 -0.00617622 -0.0279565 -0.00283865 -0.0176361 0.0225369 0.0127556 0.0145376 -0.00898182
internal_weight=1590.37 1498.25 779.534 540.787 238.748 226.764 297.643 20.4987 277.145 11.9838 243.143 222.662 121.573 718.717 691.285 124.341 566.944 15.7123 89.7939 551.232 92.1201 4.48819 34.5474 60.9731 9.08367 121.57 27.4323 19.6554 6.41187 31.147
internal_count=20791 16639 12300 8918 3382 3250 4522 307 4215 132 4396 3176 2158 4339 4219 730 3489 82 497 3407 4152 64 233 3013 378 2238 120 89 239 1139
is_linear=0
shrinkage=0.05


Tree=40
num_leaves=31
num_cat=0
split_feature=10 8 10 10 3 10 8 17 9 20 8 7 14 15 16 10 9 14 14 9 9 2 10 15 0 17 0 17 0 7
split_gain=111.696 29.8416 15.9244 12.2134 8.92193 8.42726 7.59694 6.24527 5.95606 5.38619 4.97718 5.54789 4.46077 4.38774 4.26555 4.21095 3.65067 3.64967 3.55953 4.92355 5.22952 3.9896 3.55558 3.53144 4.38315 3.07743 2.77043 2.45604 2.33228 3.46041
threshold=38.350000000000001 10.500000000000002 41.050000000000004 35.150000000000013 8.5000000000000018 36.45000000000001 17.500000000000004 93.500000000000014 144.15000000000001 19.500000000000004 14.500000000000002 54.500000000000007 33.285757575757586 56.06904761904763 49.500000000000007 39.350000000000001 4.9500000000000011 30.13571428571429 36.675568181818186 85.65000000000002 48.550000000000004 5.5000000000000009 34.150000000000013 56.118055555555564 2016.5000000000002 54.500000000000007 2008.5000000000002 97.000000000000014 2004.5000000000002 54.500000000000007
decision_type=2 2 2 2 2 2 2 2 2 2 2 2 2 2 2 2 2 2 2 2 2 2 2 2 2 2 2 2 2 2
left_child=1 5 8 18 6 22 7 -5 9 14 13 -12 17 -6 15 -2 -14 25 21 20 -20 -3 -1 24 -24 -7 -21 -18 29 -10
right_child=2 3 -4 4 10 12 -8 -9 28 -11 11 -13 16 -15 -16 -17 27 -19 19 26 -22 -23 23 -25 -26 -27 -28 -29 -30 -31
leaf_value=-0.047709217638113102 0.0079337245502416505 0.034013091740459925 0.039632861123092292 0.010121351870923142 -0.052784584999680306 0.043597024131508066 0.034342220296999855 -0.0026370940870370264 -0.0088493590798238795 -0.013310101464217169 0.042730017279323185 -0.016869325349465756 -0.041440118139737837 -0.014972880897829719 0.073035317283241891 0.01931455907474993 0 0.030102051558499911 -0.0068734925628571491 -0.036426485593710749 -0.057958478660690982 -0.020298211502028221 -0.027155190015570669 -0.037980873036592776 -0.0041772820950117659 -0.023856619159417183 -0.010435450129551539 -0.016877988800613745 0.030328469947904925 0.02632248296769741
leaf_weight=22.533661482157186 185.11939420318231 6.2765712812542898 78.502820566296577 125.33574638981372 14.545152000151576 1.9378704871051038 16.882125539705157 407.08630156656727 10.762637443840505 19.455340488348156 5.3101250380277643 13.926677308045328 13.273042624117805 17.393738716840744 2.9303727447986594 148.37651352677494 25.661828755168244 9.9383510118350369 7.6047731321305063 12.829029340296982 16.248426896519959 7.0233772341161966 77.58524618530646 44.646931600524113 29.119122609379701 9.1081595337018353 56.204279175959527 119.0652132104151 76.471965901553631 18.809150453656912
leaf_count=1028 1567 41 303 765 180 19 68 3173 61 186 21 108 873 177 6 841 624 165 123 109 269 86 2843 1738 984 245 415 3485 323 92
internal_value=0.000283582 -0.00914815 0.0187825 -0.00320917 -0.000435281 -0.0210233 0.00141789 0.000358278 0.0152204 0.0120885 -0.0203881 -2.30569e-05 -0.0133434 -0.0324596 0.0135756 0.0130165 -0.0162298 0.00812661 -0.0188332 -0.0223044 -0.0419772 0.00502204 -0.0288874 -0.0260225 -0.0209412 -0.0112893 -0.0153836 -0.0138562 0.0256625 0.0133665
internal_weight=1599.96 1059.54 540.428 706.666 600.48 352.869 549.304 532.422 461.925 355.882 51.1757 19.2368 178.984 31.9389 336.426 333.496 158 20.9844 106.186 92.8865 23.8532 13.2999 173.885 151.351 106.704 11.046 69.0333 144.727 106.044 29.5718
internal_count=20918 17539 3379 5535 4492 12004 4006 3938 3076 2600 486 129 5411 357 2414 2408 4982 429 1043 916 392 127 6593 5565 3827 264 524 4109 476 153
is_linear=0
shrinkage=0.05


Tree=41
num_leaves=31
num_cat=0
split_feature=10 9 10 10 20 10 15 9 11 9 17 9 15 17 5 0 11 17 10 15 10 5 20 9 7 6 17 0 9 15
split_gain=105.833 25.3486 13.875 11.1531 9.90565 8.9977 5.51656 7.65121 5.36583 5.22823 4.97105 4.75901 4.41158 6.1621 4.72919 4.11701 4.59947 6.01475 4.46467 4.74631 3.98314 3.79903 7.43073 3.69257 4.6537 3.97928 3.4915 6.2332 3.43307 3.04243
threshold=38.350000000000001 35.250000000000007 40.95000000000001 35.150000000000013 15.500000000000002 36.95000000000001 55.972222222222229 185.70000000000002 507.00000000000006 144.15000000000001 285.50000000000006 35.650000000000013 56.656862745098046 100.50000000000001 1.0000000180025095e-35 2003.5000000000002 513.00000000000011 165.50000000000003 39.250000000000007 55.912878787878789 34.45000000000001 1.0000000180025095e-35 7.5000000000000009 213.35000000000005 55.750000000000007 5.5000000000000009 553.50000000000011 2016.5000000000002 117.95000000000002 53.53835227272728
decision_type=2 2 2 2 2 2 2 2 2 2 2 2 2 2 2 2 2 2 2 2 2 2 2 2 2 2 2 2 2 2
left_child=1 5 9 8 6 20 11 -8 23 15 -10 -5 14 -14 -6 18 29 -18 19 -2 -1 22 -4 25 -25 -3 -22 -28 -20 -17
right_child=2 3 21 4 12 -7 7 -9 10 -11 -12 -13 13 -15 -16 16 17 -19 28 -21 26 -23 -24 24 -26 -27 27 -29 -30 -31
leaf_value=-0.045995038056686484 -0.0033502928873694118 -0.011691231217301043 0.0026769970761482105 0.066923255028877512 -0.019495830359835164 -0.01022750935194372 -0.010954744849032401 0.010072194765157479 -0.067874810915512437 0.024918174647445834 -0.0010727386791338557 0.0049033917569326138 0.020914204850364784 -0.052659280288423795 0.0020649702475055418 -0.040431091879350817 -0.031221606140846084 0.011306687896410737 0.016250375551052586 -0.054024031916478324 -0.02782720270145185 0.052077852475495123 0.04227442667308165 0.01585558052458835 -0.034377172680565296 -0.035889325746305246 -0.028248695031111361 0.038394657060205242 -0.030121341817061904 0.018249357248952432
leaf_weight=28.682203843607567 26.146742235869173 53.402962447609752 18.124847967177629 3.0396624663844696 60.82793070981279 107.01578901137691 150.49882859364152 60.392923785373569 9.4572624955326301 102.16834458522499 4.1516439737752071 310.93322697584517 3.4011745834723142 13.942395943216978 42.961585006210953 2.0875733522698274 11.387478612363337 29.965090437792242 41.537305040284991 5.5890169977210453 132.77207242092118 29.040441036224365 35.784858297556639 17.654403459280733 6.1087787561118594 25.663883669301867 8.7660776895936561 5.6959170761983833 4.2552767582237712 226.09788262937218
leaf_count=1392 344 728 81 18 711 3204 1505 333 115 466 40 2362 33 167 376 18 91 207 345 91 5580 102 149 87 39 329 380 140 27 1458
internal_value=0.000273929 -0.00896297 0.0184256 -0.00421062 -0.0016335 -0.0217458 0.00133296 -0.00490766 -0.0184518 0.0149316 -0.0480168 0.00554086 -0.0145188 -0.0379073 -0.0105296 0.0119711 0.0148933 -0.000331003 0.00174108 -0.0125732 -0.0287145 0.037247 0.0290837 -0.0144477 0.00264282 -0.0196441 -0.0252853 -0.00157416 0.0117761 0.0176731
internal_weight=1577.55 1045.37 532.185 762.437 645.998 282.932 524.865 210.892 116.439 449.235 13.6089 313.973 121.133 17.3436 103.79 347.066 269.538 41.3526 77.5283 31.7358 175.916 82.9501 53.9097 102.83 23.7632 79.0668 147.234 14.462 45.7926 228.185
internal_count=20918 17539 3379 6843 5505 10696 4218 1838 1338 3047 155 2380 1287 200 1087 2581 1774 298 807 435 7492 332 230 1183 126 1057 6100 520 372 1476
is_linear=0
shrinkage=0.05


Tree=42
num_leaves=31
num_cat=0
split_feature=10 9 10 9 10 1 11 14 10 7 14 13 15 13 16 13 15 15 10 16 13 1 10 16 14 9 15 19 1 15
split_gain=101.482 23.8604 19.9496 7.10519 6.16746 7.63176 6.76884 6.27549 6.06509 5.76779 5.6731 5.64416 5.37736 5.26525 4.7626 4.73853 6.77886 4.94022 4.49301 4.3786 4.29082 4.61131 5.33375 3.91871 3.81262 3.82262 4.32524 3.64299 3.60325 4.10437
threshold=37.850000000000001 41.95000000000001 39.95000000000001 271.10000000000008 35.550000000000004 11.500000000000002 449.00000000000006 41.045416666666675 34.95000000000001 54.500000000000007 41.045416666666675 14.500000000000002 56.118055555555564 15.500000000000002 33.500000000000007 15.500000000000002 54.661458333333336 56.184659090909101 42.650000000000013 32.500000000000007 68.000000000000014 4.5000000000000009 38.350000000000001 27.500000000000004 102.20625000000003 385.95000000000005 55.63068181818182 886.00000000000011 5.5000000000000009 55.379807692307701
decision_type=2 2 2 2 2 2 2 2 2 2 2 2 2 2 2 2 2 2 2 2 2 2 2 2 2 2 2 2 2 2
left_child=1 8 13 4 15 6 -6 -7 -1 14 12 28 -11 19 -10 16 -3 -17 -13 23 21 22 -15 -2 25 26 -5 -23 -4 -30
right_child=2 3 11 24 5 7 -8 -9 9 10 -12 18 -14 20 -16 17 -18 -19 -20 -21 -22 27 -24 -25 -26 -27 -28 -29 29 -31
leaf_value=-0.037865012828845183 -0.0022683631740680172 -0.046247728751468216 0.025958516928385522 0.022813404279482058 0.010166060333586396 -0.025797364165339582 -0.0094725013137767211 0.025188321822263056 -0.010007414242399754 0.002328872586834689 -0.029805286238507908 0.028796164648872708 -0.028688130327059636 -0.010983421826861304 0.036018396416923087 -0.016860419344659761 0.0069210770750978649 -0.046565504604050859 0.055637957563686204 -0.050797599796180398 -0.049939228100073625 0.019007546491302308 0.010907677188102323 0.051920775117431088 -0.015587641490330297 0.03892424976317746 -0.0066714054568117369 0.0058213165336515552 0.0095586366128645045 -0.062191970482707117
leaf_weight=56.426920009311289 65.98328159051016 7.0854462645947924 6.5495397541671974 24.292827719822526 51.406240335665643 7.1472463589161626 289.07905306131579 34.191883591935039 38.480152616044506 33.577403637114912 116.47016847215127 145.40875170566142 23.50160052254796 38.995517036411911 6.4586186029482624 90.533125485293567 35.845605497248471 16.870421933243051 18.094257969409227 4.3329788707196704 2.6673750616610041 217.48154449183494 95.344886327628046 3.4120232434943309 12.738155061379073 12.487235568463801 24.935526642948389 70.720668296329677 4.0213171504437923 3.6277874726802111
leaf_count=2511 627 74 40 102 400 47 2827 165 1223 1000 4954 642 720 451 149 961 302 209 65 62 23 1643 721 20 76 50 145 647 23 39
internal_value=0.000241628 -0.010934 0.0148081 -0.0053838 -0.00741315 -0.00401608 -0.00649069 0.0162116 -0.0231562 -0.0193191 -0.0234557 0.0292042 -0.0103824 0.00966599 -0.00321627 -0.0159995 -0.00182492 -0.0216118 0.0318294 -0.00261063 0.0118065 0.0122199 0.00451263 0.000394934 0.00904439 0.0142263 0.00779392 0.0157923 -0.000687624 -0.0241892
internal_weight=1558.17 881.528 676.64 606.613 532.159 381.824 340.485 41.3391 274.915 218.488 173.549 177.702 57.079 498.938 44.9388 150.335 42.9311 107.404 163.503 73.7283 425.21 422.543 134.34 69.3953 74.4537 61.7156 49.2284 288.202 14.1986 7.6491
internal_count=20918 15915 5003 5358 4985 3439 3227 212 10557 8046 6674 809 1720 4194 1372 1546 376 1170 707 709 3485 3462 1172 647 373 297 247 2290 102 62
is_linear=0
shrinkage=0.05


Tree=43
num_leaves=31
num_cat=0
split_feature=9 9 17 19 17 18 0 11 17 15 9 20 11 7 18 8 14 17 17 18 15 20 0 17 15 0 16 17 20 9
split_gain=14.8619 7.86469 3.97424 5.73104 5.74082 3.49607 3.47958 3.42487 3.30179 3.12294 4.34851 3.05213 2.65874 3.24284 5.42154 2.65813 2.45381 2.3907 5.3744 2.34769 2.14632 2.27303 2.07398 2.12356 1.87373 1.80863 1.48849 1.2544 1.23568 1.5102
threshold=6.6500000000000012 278.35000000000008 154.50000000000003 225.00000000000003 229.50000000000003 49.500000000000007 2011.5000000000002 549.00000000000011 173.50000000000003 55.394444444444453 85.65000000000002 3.5000000000000004 495.00000000000006 54.500000000000007 21.500000000000004 17.500000000000004 83.896666666666675 387.50000000000006 92.500000000000014 21.500000000000004 55.870833333333344 9.5000000000000018 2019.5000000000002 131.50000000000003 55.226495726495735 2019.5000000000002 1.5000000000000002 106.50000000000001 19.500000000000004 3.8500000000000001
decision_type=2 2 2 2 2 2 2 2 2 2 2 2 2 2 2 2 2 2 2 2 2 2 2 2 2 2 2 2 2 2
left_child=12 5 11 6 -5 7 -4 9 -8 15 -11 -3 22 19 20 -2 27 18 -9 -14 -15 -22 28 -24 -18 26 -7 -13 29 -1
right_child=1 2 3 4 -6 25 8 17 -10 10 -12 16 13 14 -16 -17 24 -19 -20 -21 21 -23 23 -25 -26 -27 -28 -29 -30 -31
leaf_value=-0.047799298181693671 0.0031887209284559518 0.0035171380939740191 0.012925427751962454 -0.01187649004796325 0.044323930684850028 -0.056074229080085518 0.011619427184874836 0.055591030236246723 -0.039495764114171987 -0.0045404847262632986 0.0025841020577752221 0.030290400648603995 -0.016686177700246416 -0.025757691299702269 -0.045588144003919251 0.032895077435046355 0.040257805067224262 0.057011533553819008 -0.017689912248161004 0.069110573641053316 -0.014227153490653829 0.027685505551281991 0.029583458043069211 -0.028682756074380807 0.0020953092293434124 0.014117865728946358 0 0.054235712126195747 0.0012590880310087596 -0.026316490326175824
leaf_weight=13.801779332803561 462.70105771441013 15.184053802862762 8.3889857642352599 6.9589597433805492 12.211812261492012 5.1010729451663774 4.0368006154894855 4.0252782469615322 12.031608814373611 481.86211537034251 384.49349415395409 18.415927011519674 1.0899584461003571 5.215020871255553 9.2360268326010537 7.5996488444507113 4.585884701460599 4.1025838796049348 6.1393462710548192 2.043904016725719 4.9714870229363433 8.3924421974224952 2.9246071084635323 3.1354576930170879 11.299782939255236 1.5149299092590807 1.5121529353782532 9.6958262808620912 2.3715899311937383 26.744628609041683
leaf_count=914 5607 63 49 39 54 75 15 20 82 8122 2528 79 53 263 482 40 24 22 85 33 216 211 87 188 66 15 24 32 82 1348
internal_value=0.000328289 0.00147992 0.0148085 0.0032134 0.023708 0.000466944 -0.0126787 0.000668428 -0.0263526 0.000403597 -0.00137285 0.0232522 -0.0206481 -0.00889693 -0.0144922 0.00368627 0.0299262 0.0249562 0.0111017 0.0381311 0.000859902 0.0117324 -0.0279384 0 0.0136078 -0.0320138 -0.0433791 0.0388894 -0.0317969 -0.0338517
internal_weight=1541.79 1461.86 102.81 43.6282 19.1708 1359.05 24.4574 1350.92 16.0684 1336.66 866.356 59.1815 79.9269 30.9488 27.815 470.301 43.9974 14.2672 10.1646 3.13386 18.579 13.3639 48.9781 6.06006 15.8857 8.12816 6.61323 28.1118 42.918 40.5464
internal_count=20918 17041 503 239 93 16538 146 16424 97 16297 10650 264 3877 1258 1172 5647 201 127 105 86 690 427 2619 275 90 114 99 111 2344 2262
is_linear=0
shrinkage=0.05


Tree=44
num_leaves=31
num_cat=0
split_feature=10 9 10 10 8 10 11 10 17 1 10 10 15 15 10 8 14 0 10 14 11 14 14 0 19 19 1 19 16 9
split_gain=94.8396 20.9206 19.1241 6.27683 6.74408 7.94771 10.8262 5.68048 5.48362 4.7961 8.75294 7.08711 4.69884 5.25674 4.39871 4.16205 5.30019 4.63195 6.76925 7.10642 4.27512 4.05023 3.98936 3.73045 3.5654 3.98046 3.53761 3.42517 3.42196 3.40056
threshold=37.850000000000001 41.95000000000001 39.95000000000001 34.350000000000001 16.500000000000004 35.95000000000001 461.00000000000006 34.45000000000001 325.50000000000006 10.500000000000002 36.150000000000013 37.350000000000001 56.118055555555564 56.06904761904763 43.750000000000007 12.500000000000002 80.066458333333358 2017.5000000000002 38.250000000000007 56.300641025641035 429.00000000000006 59.473863636363653 41.045416666666675 2003.5000000000002 250.50000000000003 335.50000000000006 3.5000000000000004 7.5000000000000009 43.500000000000007 228.95000000000002
decision_type=2 2 2 2 2 2 2 2 2 2 2 2 2 2 2 2 2 2 2 2 2 2 2 2 2 2 2 2 2 2
left_child=1 7 15 8 9 6 -6 -1 -3 11 -11 -5 13 22 -4 16 20 23 19 -19 -2 -7 -9 27 -18 -26 -22 -17 -10 -20
right_child=2 3 14 4 5 21 -8 12 28 10 -12 -13 -14 -15 -16 17 24 18 29 -21 26 -23 -24 -25 25 -27 -28 -29 -30 -31
leaf_value=-0.042723946708195432 -0.042807931006623147 -0.039155934504279961 0.026877772050754773 -0.013660271686129797 0.02291248869440354 0.0022302450011953811 -0.049020391980131695 -0.0042984337376849886 -0.013818733711429321 -0.0099284877083163151 0.011360856132263912 0.0027384487235840088 -0.029613686540763209 0.034989205077662663 0.06460461815214523 0.035980427360847722 -0.043165102435577765 -0.072066856716116776 0.018985973441236197 0.017455298918946979 -0.0090378911686454424 0.051212080712427756 -0.021705044629044143 0.022659097036427361 0.050119390940339605 -0.015406342731228146 0.010303655675556127 -0.00060590194793136605 0.067394429808277659 -0.020634694204103868
leaf_weight=30.243944739340805 4.0313006332144132 22.701517839683223 166.07185261696577 250.09545657015406 12.679645061492922 6.2379754483699825 8.7221972271800023 49.163264097995125 3.1971045332029453 98.191908046603203 94.745401541702449 88.757307352498174 78.406056499108672 5.0351473304908714 8.2889914065599424 7.588769329711794 8.4628891847096401 5.6947813257575017 25.242917545139793 3.4136551283299923 26.020610332721844 14.60713095217943 104.95185167575255 127.96324833296239 2.7946887686848632 11.408693157136439 228.06123335426673 36.603920046240091 1.9799499902874229 6.6904252469539633
leaf_count=1493 49 367 781 2668 60 39 57 1484 55 753 519 776 3198 96 28 31 105 36 128 16 402 48 4286 624 15 172 2350 231 16 35
internal_value=0.000324139 -0.010556 0.0144896 -0.0053708 -0.00423263 0.01494 -0.00626244 -0.0221855 -0.028529 -0.00576768 0.000500603 -0.00935059 -0.0195328 -0.0145195 0.0287359 0.00944607 0.00541557 0.0147257 -0.000248851 -0.0381476 0.00746657 0.0368734 -0.0161911 0.0183228 -0.0176509 -0.00190352 0.00830043 0.00563087 0.0169821 0.0104904
internal_weight=1538.05 869.716 668.338 601.916 574.037 42.2469 21.4018 267.8 27.8786 531.79 192.937 338.853 237.556 159.15 174.361 493.977 280.779 213.198 41.0418 9.10844 258.113 20.8451 154.115 172.156 22.6663 14.2034 254.082 44.1927 5.17705 31.9333
internal_count=20918 15915 5003 5358 4920 204 117 10557 438 4716 1272 3444 9064 5866 809 4194 3093 1101 215 52 2801 87 5770 886 292 187 2752 262 71 163
is_linear=0
shrinkage=0.05


Tree=45
num_leaves=31
num_cat=0
split_feature=9 9 15 18 20 18 17 19 9 18 8 19 17 17 13 19 13 19 17 18 0 1 7 16 17 18 2 0 17 17
split_gain=8.56118 5.85865 4.7814 4.25173 5.07222 4.53143 4.56271 4.10051 6.26073 6.65051 6.44049 3.84164 3.17403 7.32749 5.15092 2.84142 3.64138 6.00277 2.51864 3.90429 2.963 2.46525 3.78472 2.22671 2.07786 2.0409 3.09922 2.66345 2.69463 1.78856
threshold=6.1500000000000012 278.35000000000008 56.184659090909101 48.500000000000007 15.500000000000002 28.500000000000004 64.500000000000014 107.50000000000001 182.55000000000004 42.500000000000007 15.500000000000002 5.5000000000000009 74.500000000000014 77.500000000000014 15.500000000000002 1150.5000000000002 35.000000000000007 269.50000000000006 120.50000000000001 26.500000000000004 2020.5000000000002 11.500000000000002 54.500000000000007 40.500000000000007 276.50000000000006 14.500000000000002 5.5000000000000009 2006.5000000000002 407.00000000000006 131.50000000000003
decision_type=2 2 2 2 2 2 2 2 2 2 2 2 2 2 2 2 2 2 2 2 2 2 2 2 2 2 2 2 2 2
left_child=21 2 7 5 24 11 -7 12 10 -10 -9 -4 14 -14 -2 16 18 -18 19 -3 -20 25 23 -23 -5 26 29 -28 -29 -1
right_child=1 15 3 4 -6 6 -8 8 9 -11 -12 -13 13 -15 -16 -17 17 -19 20 -21 -22 22 -24 -25 -26 -27 27 28 -30 -31
leaf_value=0 -0.045067436788176762 0.028252626403591087 -0.045157850055875561 0.045798742546262136 -0.035379543473619275 0.022487087182974756 -0.018560557750668564 0.0029327314835224552 0.020904649956079529 -0.044951761495646538 -0.022279500899265111 -0.0023759804882406586 0.042135635803761833 -0.0026853901038109006 -0.0069257181799543786 0.045988016353040784 -0.056049783734837814 0.022116853779615888 0.0088447189415153931 -0.019674118310625481 -0.036495484330109206 0.0054314709503404156 -0.016490795561305976 0.093794955644565497 -0.0040340182751314648 -0.031470761277268139 -0.03774720358188223 0.024263404146539096 -0.040075220219403317 -0.043347559397169055
leaf_weight=3.3445043170358995 10.676573254400862 34.2613092251122 5.258550184313207 9.6396065661683661 3.0390747291967264 7.1222248477861276 91.071350463782437 530.85902867396362 69.499293375760317 3.9200860187411299 26.469566495157778 301.33884588396177 9.3967572716064733 226.26507622585632 52.922737075481564 5.7238471396267405 5.1032021529972535 4.4611991848796606 40.945094836875796 4.6507743932306758 3.8232198953628531 1.6032918191049232 6.3370402294676751 1.4296207306906579 2.416207338217645 29.514686287147924 3.0348115736851478 10.110530474688856 1.79484362900257 8.3564453258877602
leaf_count=152 125 152 71 76 37 75 1330 7680 362 25 187 3608 67 2543 526 26 33 24 223 20 17 56 248 9 51 1809 189 333 117 502
internal_value=-0.000682793 0.000113839 -0.000743931 -0.00517428 0.0207209 -0.00615716 -0.0155126 0.00125128 0.00354197 0.017264 0.00172256 -0.00314053 -0.00355965 -0.000859879 -0.0134679 0.0118529 0.00965692 -0.019221 0.0130363 0.0223605 0.00478851 -0.0183469 0.00491768 0.0503436 0.035449 -0.0223195 -0.0119144 0.00289063 0.0138943 -0.0311059
internal_weight=1514.39 1448.86 1349.89 419.886 15.0949 404.791 98.1936 930.009 630.748 73.4194 557.329 306.597 299.261 235.662 63.5993 98.9686 93.2448 9.5644 83.6804 38.9121 44.7683 65.5258 9.36995 3.03291 12.0558 56.1558 26.6411 14.9402 11.9054 11.7009
internal_count=20673 17258 16763 5248 164 5084 1405 11515 8254 387 7867 3679 3261 2610 651 495 469 57 412 172 240 3415 313 65 127 3102 1293 639 450 654
is_linear=0
shrinkage=0.05


Tree=46
num_leaves=31
num_cat=0
split_feature=10 10 9 13 10 15 11 10 11 13 13 15 13 13 10 13 11 19 3 19 11 15 10 14 11 16 9 14 15 5
split_gain=80.6532 25.9391 14.3572 7.8336 7.58821 7.27302 6.49899 7.48254 7.36118 8.30175 5.44777 5.3638 5.34897 16.3158 5.23825 6.02739 4.32726 3.9692 3.92528 3.03232 3.91024 5.4776 2.86605 2.94973 2.77693 2.75671 2.70078 2.60564 2.48009 2.88492
threshold=38.95000000000001 37.250000000000007 59.850000000000001 15.500000000000002 40.750000000000007 56.118055555555564 483.00000000000006 34.350000000000001 459.00000000000006 27.000000000000004 33.500000000000007 56.620192307692314 58.000000000000007 53.000000000000007 34.350000000000001 49.500000000000007 441.00000000000006 483.50000000000006 7.5000000000000009 55.500000000000007 515.00000000000011 56.483333333333341 40.650000000000013 41.367272727272734 515.00000000000011 12.500000000000002 85.65000000000002 48.721875000000004 55.792857142857152 1.0000000180025095e-35
decision_type=2 2 2 2 2 2 2 2 2 2 2 2 2 2 2 2 2 2 2 2 2 2 2 2 2 2 2 2 2 2
left_child=1 2 5 18 19 14 8 -8 11 -10 -9 -4 13 16 -1 -16 25 -18 28 20 21 -5 23 -20 26 -3 -21 -26 29 -2
right_child=3 12 6 4 -6 -7 7 10 9 -11 -12 -13 -14 -15 15 -17 17 -19 22 24 -22 -23 -24 -25 27 -27 -28 -29 -30 -31
leaf_value=-0.038432703404543835 -0.012546128347450997 0.023319007003860834 -0.0014849439109797559 -0.0073999504908162208 0.037778949075515732 -0.034842432491244683 -0.055284981682031845 -0.0014148164801582196 -0.013470084309992978 -0.043535698804870106 0.024149234837490978 -0.058166477805394495 -0.043023840611840461 0.071816691391657 -0.017057813146947248 0.012308244648777812 -0.004216277987506469 0.0055151383917190601 0.04190427301781334 0.01921361543198179 0.041348479612985968 0.039947700319783119 0.044169590870420675 -0.0028982028137627598 0.029052785332028708 -0.023672453584574499 0.033305086514696124 -0.0087050342262898848 -0.02219141298523844 0.030965800843213764
leaf_weight=24.733648691675626 8.7854377506300825 30.294519640505314 117.40796428965405 32.692007978446782 71.891126811504364 80.343807145254686 5.6728250114247194 128.35841723461635 95.261181346140802 30.625634234398603 24.718276829458773 4.2397013725712887 6.4299160467926404 8.244113886728881 151.23406494094525 19.479452977888286 247.86543196183629 181.3336324429838 4.6356822382658782 99.715636412613094 7.1501398338004938 7.3978871628642073 7.2622323445975772 15.629476369358597 6.8336044587194946 3.2933586491271845 55.044164575636387 13.058713410980998 16.079061985015869 6.4799986053258172
leaf_count=1085 88 268 860 225 301 3181 92 958 786 332 180 52 130 28 5088 457 2626 2458 24 673 37 32 26 99 38 46 243 92 132 36
internal_value=-0.000679444 -0.00705091 -0.013308 0.0202519 0.0235899 -0.02212 -0.00730997 0.000556796 -0.0123735 -0.0208529 0.0026936 -0.00354765 0.00187806 0.00251061 -0.0168495 -0.0136725 0.00124994 -9.28481e-05 0.00349804 0.0189554 0.00753372 0.00129048 0.0173033 0.00726035 0.02201 0.0185064 0.0242762 0.00409625 -0.00848349 0.00568009
internal_weight=1512.19 1159.54 682.075 352.655 293.783 275.791 406.284 158.75 247.534 125.887 153.077 121.648 477.461 471.031 195.447 170.714 462.787 429.199 58.8719 221.892 47.24 40.0899 27.5274 20.2652 174.652 33.5879 154.76 19.8923 31.3445 15.2654
internal_count=20673 18627 13071 2046 1641 9811 3260 1230 2030 1118 1138 912 5556 5426 6630 5545 5398 5084 405 1340 294 257 149 123 1046 314 916 130 256 124
is_linear=0
shrinkage=0.05


Tree=47
num_leaves=31
num_cat=0
split_feature=9 9 15 17 11 11 7 9 9 18 11 17 8 11 14 17 11 6 14 0 11 1 7 11 15 15 11 9 2 18
split_gain=7.37373 5.75106 3.88571 5.86056 5.26085 4.6828 4.2416 4.08244 4.02654 3.99377 3.45636 3.2702 5.06498 3.37749 3.07748 4.32838 3.28625 4.30367 3.61687 3.03349 3.07328 2.54905 3.70339 2.52079 2.2135 3.33645 2.16535 2.01492 1.57541 2.8076
threshold=6.1500000000000012 182.55000000000004 55.894444444444453 345.00000000000006 549.00000000000011 441.00000000000006 55.750000000000007 170.95000000000002 8.9500000000000011 34.500000000000007 509.00000000000006 287.50000000000006 15.500000000000002 487.00000000000006 43.290833333333339 130.50000000000003 449.00000000000006 4.5000000000000009 50.09062500000001 2011.5000000000002 477.00000000000006 11.500000000000002 54.500000000000007 479.00000000000006 55.689903846153854 56.566964285714292 527.00000000000011 2.5500000000000003 5.5000000000000009 23.500000000000004
decision_type=2 2 2 2 2 2 2 2 2 2 2 2 2 2 2 2 2 2 2 2 2 2 2 2 2 2 2 2 2 2
left_child=21 2 8 5 6 9 -5 -7 19 -4 14 13 -13 -10 15 -3 18 -18 -16 20 -2 27 23 -23 -12 26 -26 -1 -29 -30
right_child=1 10 3 4 -6 7 -8 -9 11 -11 24 12 -14 -15 16 -17 17 -19 -20 -21 -22 22 -24 -25 25 -27 -28 28 29 -31
leaf_value=-0.050902856566933552 -0.032490966938276043 -0.065097619506796489 -0.0029644601320890185 0.020436901822311736 0.074628585178684356 -0.0077075150666046782 -0.0021154432704091385 -0.039473804626543811 0.00090596573865626073 0.040255179888456061 0.037584296395297187 -0.0031665328252867054 -0.053613845943124842 0.009851983112703442 -0.04209319495590657 0.006351066125295516 0.013554958803472567 -0.0025985143812841775 0.020469987685796089 -0.041177898213561423 0.015584879753556059 -0.010580593391632129 -0.015493121226811521 0.079751630355559253 0.013326797785405931 0.042556977728647132 -0.02174142183038338 -0.028023376598148304 0.0017731883190540997 -0.031827306879662197
leaf_weight=5.3296120216837144 5.4902139434125301 3.6876806095242483 12.240222851745786 28.29689101385884 2.6083299899473777 384.75062146154232 77.30261545185931 10.384195758029817 325.16428342810832 9.114315433194859 12.762908861041067 112.32276827283204 5.1306100059300652 157.14827081887051 2.2956634648144236 4.5249856803566217 59.632214540615678 132.10164247453213 44.543678843416274 9.3167195424903166 8.0034333381336165 1.0058847158215924 6.1696795951575041 2.1519754987675697 12.474992983043199 6.4061310887336722 6.65471152588725 22.024900893447921 17.841813264414672 9.2339261266170052
leaf_count=443 246 26 176 337 16 5464 1094 79 4030 47 69 1651 54 1746 17 26 311 788 227 467 250 43 248 22 66 31 40 1311 786 562
internal_value=-0.000615254 0.000122407 -0.00145347 -0.0046247 0.00571263 -0.00732316 0.00389409 -0.00856476 0.00121148 0.0153507 0.00648005 0.00200455 -0.00545644 0.00383258 0.00428116 -0.0255268 0.00533849 0.00240385 0.017214 -0.0193406 -0.00370323 -0.0172398 0.00644504 0.0500015 0.0204708 0.0116091 0.000817868 -0.0213947 -0.0179931 -0.00957691
internal_weight=1496.12 1432.36 1147.27 524.697 108.208 416.489 105.6 395.135 622.576 21.3545 285.085 599.766 117.453 482.313 246.786 8.21267 238.573 191.734 46.8393 22.8104 13.4936 63.7578 9.32754 3.15786 38.2987 25.5358 19.1297 54.4303 49.1006 27.0757
internal_count=20673 17258 15657 7213 1447 5766 1431 5543 8444 223 1601 7481 1705 5776 1395 52 1343 1099 244 963 496 3415 313 65 206 137 106 3102 2659 1348
is_linear=0
shrinkage=0.05


Tree=48
num_leaves=31
num_cat=0
split_feature=10 10 9 13 13 9 10 14 10 10 6 13 18 18 10 11 11 16 0 14 16 0 6 17 14 14 9 14 10 16
split_gain=73.3678 20.2907 13.8753 6.45502 6.29284 6.12495 6.29361 5.19469 4.77668 4.52879 6.22088 4.39329 4.07543 5.16707 4.05545 3.97976 3.92502 3.88208 3.75208 3.61355 3.55065 3.22877 3.86331 3.90249 3.85279 5.92486 3.44405 2.90729 4.42703 2.8383
threshold=37.850000000000001 39.350000000000001 28.950000000000003 49.500000000000007 15.500000000000002 199.05000000000004 34.650000000000013 44.226736111111116 42.050000000000004 37.350000000000001 5.5000000000000009 15.500000000000002 40.500000000000007 34.500000000000007 37.550000000000004 505.00000000000006 483.00000000000006 36.500000000000007 2017.5000000000002 57.396875000000009 32.500000000000007 2009.5000000000002 4.5000000000000009 120.50000000000001 42.971078431372554 44.010096153846163 6.1500000000000012 54.265625000000007 35.050000000000004 27.500000000000004
decision_type=2 2 2 2 2 2 2 2 2 2 2 2 2 2 2 2 2 2 2 2 2 2 2 2 2 2 2 2 2 2
left_child=2 11 3 14 15 6 7 -4 17 16 -11 20 13 -7 27 -3 -8 -6 -5 -19 29 24 26 -24 -13 -26 -23 28 -1 -2
right_child=1 4 5 18 8 12 9 -9 -10 10 -12 21 -14 -15 -16 -17 -18 19 -20 -21 -22 22 23 -25 25 -27 -28 -29 -30 -31
leaf_value=-0.039386896478646058 -0.0082608934812891839 0.013450684689281451 -0.0055804120990986944 0.017995665837711627 0.02560461333205067 0.0011941825133922209 -0.014572527867515811 -0.041403288915465575 0.046820463705226779 -0.007469041777177908 0.019379026046153446 0.015153884129911309 -0.033421224657018751 0.03723982240777049 0 -0.023388230210438444 -0.0039171060526958035 -0.034332042272346798 -0.055602494536656381 0.022095200814289503 -0.068474417107004679 -0.024731915044448282 -0.015091817724226873 0.0099881751244633166 -0.070546016932115888 -0.00091466553490382203 0.022355242574240364 -0.035911444375436405 -0.01562594723843138 0.043855111318585965
leaf_weight=26.845141650992446 49.184655362507328 36.694779791869223 16.940779872005805 13.765044444357043 174.35969235375524 135.1858335537836 211.8910630857572 26.543814931763336 26.310592610388994 59.964082083664834 33.500049187801778 39.788961850106716 7.5901666935533276 10.666772816330193 15.327504467102697 8.989804355427621 148.65093076275662 5.3055470604449493 1.859655333450063 5.8101025223731995 2.2584052644670001 3.9152814461849621 19.231341087259352 76.510945259593427 3.0472225779667488 111.65114476974122 74.932523781899363 59.213331049773842 78.579965739394538 2.6374982558190814
leaf_count=1309 524 227 285 506 930 804 2482 500 108 634 290 358 54 41 598 73 1664 36 93 35 40 108 159 587 63 1126 570 3344 3111 14
internal_value=-0.000573829 0.0121877 -0.0102377 -0.021924 0.0230455 -0.0067157 -0.00941063 -0.0276069 0.026682 -0.00765108 0.00211101 0.00487448 0.00198963 0.00388831 -0.0246069 0.00605707 -0.0101955 0.0237746 0.00862013 -0.00445793 -0.00827921 0.00705321 0.0117152 0.00488781 0.0017481 -0.00286798 0.0199254 -0.0268957 -0.0217553 -0.00543279
internal_weight=1487.15 640.628 846.524 195.591 257.471 650.933 497.491 43.4846 211.786 454.006 93.4641 383.158 153.443 145.853 179.966 45.6846 360.542 185.475 15.6247 11.1156 54.0806 329.077 174.59 95.7423 154.487 114.698 78.8478 164.638 105.425 51.8222
internal_count=20673 4958 15715 8961 1409 6754 5855 785 1109 5070 924 3549 899 845 8362 300 4146 1001 599 71 578 2971 1424 746 1547 1189 678 7764 4420 538
is_linear=0
shrinkage=0.05


Tree=49
num_leaves=31
num_cat=0
split_feature=10 10 9 8 13 15 10 17 10 16 10 14 13 18 7 8 19 6 8 14 3 17 5 17 15 6 10 17 15 10
split_gain=70.7754 21.4415 15.9195 7.16466 6.93077 6.46982 5.70554 5.61512 5.27757 5.22629 5.37577 4.67164 4.64907 4.34424 4.54867 8.6178 4.1858 4.16408 3.74754 3.5994 3.34768 3.24553 2.91335 2.67234 2.65584 4.49619 2.87584 2.47491 2.44944 2.08042
threshold=39.050000000000004 37.250000000000007 85.65000000000002 17.500000000000004 15.500000000000002 56.118055555555564 34.350000000000001 54.500000000000007 42.050000000000004 42.500000000000007 34.45000000000001 39.04375000000001 33.500000000000007 49.500000000000007 56.250000000000007 11.500000000000002 57.000000000000007 6.5000000000000009 14.500000000000002 54.049791666666671 7.5000000000000009 131.50000000000003 1.5000000000000002 188.50000000000003 55.792857142857152 4.5000000000000009 40.250000000000007 307.50000000000006 54.88194444444445 40.650000000000013
decision_type=2 2 2 2 2 2 2 2 2 2 2 2 2 2 2 2 2 2 2 2 2 2 2 2 2 2 2 2 2 2
left_child=1 2 5 13 20 6 -1 -7 16 10 -4 -12 -8 14 15 -3 17 19 21 -6 24 -18 -16 -20 25 28 27 -26 -2 -22
right_child=4 3 9 -5 8 7 12 -9 -10 -11 11 -13 -14 -15 22 -17 18 -19 23 -21 29 -23 -24 -25 26 -27 -28 -29 -30 -31
leaf_value=-0.03711749050442547 0.017622806830966498 -0.0053557032556421271 -0.030383504623680602 0.062536983667327017 -0.015112893584072818 0.018044054585072449 -0.016250019907968604 -0.033667031720208462 0.045400923317857805 0.024310828754428238 0.015216663429828584 -0.0060306718139544113 0.0021004450985243318 -0.0486712261149801 -0.0022661379953395912 0.01297353794315706 0.0084398502886231502 0.046575745732008504 0.049876156824899293 0.013932408674923928 0.0080246931402807933 0.025525808418600901 -0.023997155865930483 0.020721605425184197 -0.063937450769929058 0.035632910103805183 -0.00098983744932560898 0.00088229259506330854 -0.039929267467129853 0.040943759897743522
leaf_weight=26.91022518160753 2.7092117853462714 105.13347721425816 20.551424711942673 4.6756165251135817 16.769746991805732 5.3781839702278367 171.76314036583062 91.811167675303295 25.563126794993877 15.069421543739734 28.502908036112785 261.78997485060245 42.578447635169141 4.2626160150393835 196.80994090950117 163.0152568211779 38.461553766857833 6.2244212143123141 22.940111234784126 28.641928781755269 17.630790583789352 111.70309980772436 16.737294994993135 13.375878263264893 4.9907795879989845 7.202655641362071 7.825734194368124 1.8568302653729913 4.9269623793661594 6.841041535139083
leaf_count=1172 18 1961 230 15 122 105 5079 3358 108 96 181 1867 983 51 2464 1014 274 25 85 166 108 650 229 64 64 40 45 13 60 26
internal_value=-0.000589803 -0.00634185 -0.0121965 0.00157647 0.0203036 -0.0197944 -0.0153539 -0.0307385 0.0236481 -0.00428759 -0.00569747 -0.00392273 -0.0125821 0.000966913 0.00142656 0.00576921 0.0212738 0.00850583 0.0247759 0.00308698 0.00386185 0.0211914 -0.0040032 0.0393617 -0.00734873 0.0072963 -0.0224465 -0.0458812 -0.0189004 0.0175598
internal_weight=1472.65 1154.99 664.355 490.634 317.664 338.441 241.252 97.1894 263.68 325.914 310.844 290.293 214.342 485.959 481.696 268.149 238.117 51.6361 186.481 45.4117 53.984 150.165 213.547 36.316 29.5122 14.8388 14.6733 6.84761 7.63617 24.4718
internal_count=20673 18805 13071 5734 1868 10697 7234 3463 1494 2374 2278 2048 6062 5719 5668 2975 1386 313 1073 288 374 924 2693 149 240 118 122 77 78 134
is_linear=0
shrinkage=0.05


Tree=50
num_leaves=31
num_cat=0
split_feature=9 8 0 13 20 17 17 18 7 16 17 15 13 13 17 13 9 5 8 17 20 8 9 15 17 17 9 16 17 6
split_gain=8.24148 3.12803 2.87341 2.82158 4.37585 4.38538 4.18965 2.87002 3.72381 4.07032 3.53296 3.40161 3.38569 2.72868 3.45316 3.06222 4.88205 3.97543 3.67068 3.57134 3.37958 2.68541 2.45128 2.4291 1.68539 1.68099 1.57137 1.56374 1.54337 1.43436
threshold=5.9500000000000011 12.500000000000002 2017.5000000000002 13.500000000000002 6.5000000000000009 53.500000000000007 381.50000000000006 10.500000000000002 56.750000000000007 29.500000000000004 345.00000000000006 56.566964285714292 29.000000000000004 14.500000000000002 54.500000000000007 16.500000000000004 108.25000000000001 1.0000000180025095e-35 14.500000000000002 193.00000000000003 9.5000000000000018 6.5000000000000009 49.45000000000001 55.689903846153854 39.500000000000007 301.00000000000006 117.95000000000002 9.5000000000000018 287.50000000000006 4.5000000000000009
decision_type=2 2 2 2 2 2 2 2 2 2 2 2 2 2 2 2 2 2 2 2 2 2 2 2 2 2 2 2 2 2
left_child=2 3 -1 4 5 -2 -7 8 9 -5 -10 12 -9 14 -3 17 22 19 -19 -15 -18 -6 -17 29 -23 28 -13 -25 -4 -16
right_child=1 13 25 7 21 6 -8 11 10 -11 -12 26 -14 15 23 16 20 18 -20 -21 -22 24 -24 27 -26 -27 -28 -29 -30 -31
leaf_value=-0.02554553373197915 0.022031845788689004 -0.039170318664751319 0.0035295605163049104 0.00065665667364167828 -0.026643316949482795 -0.035247980809136291 0.012345288118047373 -0.0058661586690070084 0.0045826100436498719 -0.021405250814373031 0.024422880497835454 -0.018714672918237946 0.0064681725215870725 0 0.017991922931691474 0.039809700111552646 -0.0038280368109801389 -0.003085314414465102 0.012660722525638378 -0.013324689687310763 0.010412919206311461 -0.040438195350321587 0.012721755826123157 -0.0012598082369555225 0.0068023819259034517 -0.029912064594614169 0.023213558000936843 0.033015862704678732 0.068081201395085264 0.050929472256137233
leaf_weight=42.749637452245224 4.7356746955774716 2.416210586205124 9.568565606605258 179.83369647501968 8.0839341620448959 31.012602463364601 5.2081948234699658 177.7684725219151 108.5501901966054 23.506303611909971 28.562608083710074 44.915419172612019 80.585949922562577 123.90862787887454 7.0180962570011634 9.5649420712143165 113.83666850626469 68.87206191662699 78.837594173848629 84.773285521194339 65.409886736888438 1.856216204818337 77.963261201046407 12.216292779892685 41.451189718442038 3.3003644960699594 2.1640190239995709 4.3465878497809163 0.95703737484291274 7.8289097100496292
leaf_count=2636 41 18 444 2925 311 535 83 3431 1798 472 438 941 1578 808 38 69 741 457 430 575 473 23 631 70 504 244 20 19 8 35
internal_value=-0.000456066 0.000299625 -0.0191482 -0.00192964 -0.010104 -0.0222763 -0.0282517 -0.000751759 0.00239546 -0.00187841 0.00876686 -0.00427582 -0.00199847 0.00281208 0.0166425 0.00205078 0.00610345 -0.000969662 0.00528793 -0.00542328 0.00134374 -0.000281716 0.015781 0.0212053 0.0045739 0.000314394 -0.0166363 0.00757923 0.010455 0.0359191
internal_weight=1451.8 1395.23 56.5756 738.234 92.3478 40.9565 36.2208 645.887 340.453 203.34 137.113 305.434 258.354 656.992 33.8261 623.166 266.775 356.392 147.71 208.682 179.247 51.3913 87.5282 31.4099 43.3074 13.826 47.0794 16.5629 10.5256 14.847
internal_count=20796 17464 3332 13100 1497 659 618 11603 5633 3397 2236 5970 5009 4364 180 4184 1914 2270 887 1383 1214 838 700 162 527 696 961 89 452 73
is_linear=0
shrinkage=0.05


Tree=51
num_leaves=31
num_cat=0
split_feature=10 10 9 10 11 10 16 19 14 13 13 0 1 11 1 10 11 9 6 14 13 8 10 14 16 20 0 8 13 14
split_gain=77.8011 19.4868 14.4209 9.69419 6.58121 7.02368 5.74186 5.68374 5.29499 4.75623 14.3904 3.96858 5.43015 4.68268 3.68186 12.0552 4.41238 3.80297 3.56803 3.55903 3.17738 3.90213 3.49725 5.57767 3.83442 3.24872 3.38013 3.08288 3.00193 2.7804
threshold=38.750000000000007 37.350000000000001 80.15000000000002 41.350000000000001 505.00000000000006 36.250000000000007 42.500000000000007 255.00000000000003 30.422527472527481 58.000000000000007 53.000000000000007 2007.5000000000002 10.500000000000002 509.00000000000006 11.500000000000002 36.250000000000007 499.00000000000006 5.9500000000000011 6.5000000000000009 36.444791666666667 13.500000000000002 6.5000000000000009 39.45000000000001 54.43437500000001 39.500000000000007 19.500000000000004 2004.5000000000002 7.5000000000000009 33.500000000000007 60.337500000000006
decision_type=2 2 2 2 2 2 2 2 2 2 2 2 2 2 2 2 2 2 2 2 2 2 2 2 2 2 2 2 2 2
left_child=1 2 14 20 6 18 8 -7 -4 10 11 13 -13 -3 17 16 -16 -1 -6 -5 21 -2 23 24 -22 26 -24 -17 -19 -25
right_child=3 9 4 19 5 7 -8 -9 -10 -11 -12 12 -14 -15 15 27 -18 28 -20 -21 22 -23 25 29 -26 -27 -28 -29 -30 -31
leaf_value=-0.041092017815976385 -0.059508904236763721 -0.0031766580757187643 0.033089157709460283 -0.00055000581881224999 -0.022972211771417145 -0.0064215250301253276 0.023747494591997785 0.039107618727818531 -0.011255415771432898 -0.049354287701356171 0.068929252444554723 0.0016156581300063708 0.024068552535857532 -0.035658044607575969 -0.029024006840474598 -0.00521835228880541 0.0085160479220641547 -0.023307750143355017 0.01408030506397495 0.041714566263312582 0.023366263446385562 0.0047908427044772812 0.01225593862853242 -0.019762667753719758 -0.024499290700196533 -0.0068356752959553698 0.028546879941874388 0.051823577697594242 -0.0096050330602151443 0.0056034510747247964
leaf_weight=25.277818340458907 2.642471672967079 125.34209402336273 6.7576419506222001 5.2425101064145556 16.988026470877234 9.523013733327387 12.935779673047362 22.656030322425067 266.03905248269439 4.4460922826547167 7.7819683756679288 208.81582157348748 30.936552668455988 12.146398623008279 33.338152160169557 3.01641179062426 9.9248035452328605 198.68228583724704 10.229851922951637 52.440457705408335 69.363090470898896 16.299633613787591 47.854822092689574 13.256344857625662 4.2716971281915894 9.0632310267537814 105.02669178321958 8.6393850063905102 52.004159663571045 56.112600857391953
leaf_count=2236 55 1613 39 24 130 85 79 116 2104 108 27 2547 218 236 873 72 198 6138 63 220 481 108 342 138 35 69 521 64 1442 415
internal_value=-0.00050952 -0.00745099 -0.0125836 0.0188572 -0.00541086 0.0096818 -0.00856804 0.0255007 -0.0101269 0.00144596 0.00205823 0.000647617 0.00454255 -0.00610639 -0.0200462 -0.00806078 -0.020297 -0.0224095 -0.00886241 0.0377925 0.0154588 -0.00418197 0.0166962 0.0109153 0.0204922 0.0217602 0.0234915 0.0367175 -0.0204901 0.000662563
internal_weight=1447.05 1065.48 676.012 381.574 345.129 59.3969 285.732 32.179 272.797 389.469 385.023 377.241 239.752 137.488 330.883 54.9188 43.263 275.964 27.2179 57.683 323.891 18.9421 304.948 143.004 73.6348 161.945 152.882 11.6558 250.686 69.3689
internal_count=20796 18388 13639 2408 2616 394 2222 201 2143 4749 4641 4614 2765 1849 11023 1207 1071 9816 193 244 2164 163 2001 1069 516 932 863 136 7580 553
is_linear=0
shrinkage=0.05


Tree=52
num_leaves=31
num_cat=0
split_feature=10 10 9 10 1 0 8 10 0 9 3 17 19 9 18 19 19 19 9 3 3 5 10 0 15 19 19 9 19 8
split_gain=72.8106 19.6209 8.78123 8.59014 8.35456 6.37447 6.17986 7.56289 8.22364 5.53915 5.01267 4.77345 3.64262 4.75942 6.0647 3.67377 3.34752 3.08051 2.92019 2.88922 8.13758 7.53725 4.42071 3.70382 3.32565 3.67867 3.4285 2.87412 5.18918 2.8441
threshold=38.750000000000007 36.550000000000004 40.250000000000007 41.250000000000007 10.500000000000002 2011.5000000000002 16.500000000000004 37.350000000000001 2006.5000000000002 101.45000000000002 5.5000000000000009 450.50000000000006 186.00000000000003 278.35000000000008 48.500000000000007 136.50000000000003 430.00000000000006 115.00000000000001 222.75000000000003 5.5000000000000009 6.5000000000000009 1.0000000180025095e-35 39.850000000000001 2018.5000000000002 56.535897435897446 666.50000000000011 181.50000000000003 42.650000000000013 886.00000000000011 13.500000000000002
decision_type=2 2 2 2 2 2 2 2 2 2 2 2 2 2 2 2 2 2 2 2 2 2 2 2 2 2 2 2 2 2
left_child=1 2 -1 19 6 18 7 8 -3 -7 -9 -5 15 14 -14 -4 -15 -11 29 24 21 23 -23 -21 27 26 -26 -2 -29 -6
right_child=3 4 12 11 5 9 -8 10 -10 17 -12 -13 13 16 -16 -17 -18 -19 -20 20 -22 22 -24 -25 25 -27 -28 28 -30 -31
leaf_value=-0.025180403256277652 0.038107244736666337 0.0042562144693978369 -0.014450724843085336 0.040073509883093224 -0.00051136593018251961 0.042424170252649579 0.03340910097754983 0.0061554121485843426 -0.022246446056484914 -0.019487949620195535 -0.0063622428673204799 -0.011145035554733132 -0.0068378558441604459 0.038288552422706984 -0.062838854556251864 -0.045304273931941995 -0.0126826802409727 0.026878993843812017 -0.028355089969123656 -0.027800051636529211 0.017376531970030588 -0.0050366627984803685 0.037999589643744267 0.02731900861677572 0.016322712966474133 0.025353943569365295 -0.03445346953244665 0.027086765626575911 -0.011858800683870211 0.022408676444459961
leaf_weight=145.39780339360004 33.161718277260661 40.714946892810985 104.91796612180769 54.533388290554285 49.133387692505494 23.756258744746447 10.59110391139984 144.53335824981332 101.19252311473247 7.3217048160731775 178.56441131234169 4.7580259256064883 184.34090785612352 9.6044202558696252 4.8950534779578438 10.78455323493108 4.5769273843616238 6.7795087583363056 6.8263606354594222 27.075880642980341 153.61741347191855 11.867874469142409 11.514275221154092 3.2620386164635411 5.6407808437943476 12.256966298446057 7.5621379287913442 39.577955590561032 10.640707571059464 18.372176583856344
leaf_count=6518 188 850 1014 240 740 223 45 1563 2513 38 2606 21 1853 44 57 134 24 39 36 305 1038 105 48 32 39 80 65 187 60 91
internal_value=-0.000546132 -0.00729417 -0.014974 0.0183498 -0.00121487 0.0110405 -0.00411803 -0.0049905 -0.0146097 0.0277248 -0.000746999 0.0358673 -0.0103017 -0.0062295 -0.00834529 -0.0174064 0.0215142 0.00248433 0.00245007 0.0150387 0.0115143 -0.00515763 0.0160147 -0.0216389 0.0216899 0.00559532 -0.0124245 0.0265318 0.0187282 0.00567647
internal_weight=1427.77 1052.3 464.518 375.469 587.786 112.189 475.596 465.005 141.907 37.8575 323.098 59.2914 319.12 203.417 189.236 115.703 14.1813 14.1012 74.3319 316.178 207.337 53.7201 23.3821 30.3379 108.84 25.4599 13.2029 83.3804 50.2187 67.5056
internal_count=20796 18388 9644 2408 8744 1167 7577 7532 3363 300 4169 261 3126 1978 1910 1148 68 77 867 2147 1528 490 153 337 619 184 104 435 247 831
is_linear=0
shrinkage=0.05


Tree=53
num_leaves=30
num_cat=0
split_feature=9 8 11 11 19 13 13 0 11 6 11 7 11 19 9 14 14 17 14 0 19 9 9 0 17 17 0 9 11
split_gain=6.76057 3.16897 4.162 4.76798 2.78054 4.52677 2.93169 2.68874 2.38611 3.79575 2.93682 2.95983 4.66699 3.4402 1.92652 1.59287 2.35385 2.09912 1.75531 1.47349 1.19764 1.02145 0.990074 0.965364 0.937133 0.918079 0.664213 0.566476 0.0336634
threshold=5.9500000000000011 12.500000000000002 401.00000000000006 421.00000000000006 1130.0000000000002 25.000000000000004 68.000000000000014 2017.5000000000002 549.00000000000011 5.5000000000000009 537.00000000000011 55.750000000000007 523.00000000000011 1170.0000000000002 117.95000000000002 77.480625000000018 70.35312500000002 142.50000000000003 37.781565656565661 2002.5000000000002 1408.5000000000002 157.55000000000004 2.5500000000000003 2008.5000000000002 217.50000000000003 273.50000000000006 2018.5000000000002 3.8500000000000001 441.00000000000006
decision_type=2 2 2 2 2 2 2 2 2 2 2 2 2 2 2 2 2 2 2 2 2 2 2 2 2 2 2 2 2
left_child=7 2 -2 14 6 -6 -5 19 10 -10 11 12 -3 -13 24 16 17 18 -9 -1 22 -12 28 -22 -4 -24 -19 -25 -21
right_child=1 8 3 4 5 -7 -8 15 9 -11 21 13 -14 -15 -16 -17 -18 26 -20 20 23 -23 25 27 -26 -27 -28 -29 -30
leaf_value=-0.049440665951104495 0.065361030005085238 0.0048174399407717953 -0.06113945960224039 -0.0031755907279718922 -0.0022822255768846257 0.016432600798830934 -0.05233268100544608 -0.043747303272230982 0.047176581819609049 -0.013429548787422869 -0.049263609556274068 -0.0026911540881322058 0.040844097770428807 0.018385267282753776 0.01781293317281318 -0.049131060549523521 0.056548758718785098 0.0066111019280092652 0.035814379497078323 0 -0.035399197963688837 -0.0079276341264329399 -0.028140033666885663 0.057720931044312522 -0.017958418847802315 -0.009660817837873736 -0.032038609142596257 0 -0.050992330607027937
leaf_weight=5.3145277262083246 2.1718069761991492 326.21002445975319 5.0757994554005545 569.31298840907402 89.508763684891164 50.13813464937266 2.9642321364954105 0.69802783592603912 7.1491164416074735 3.7892488725483418 3.4436404258012763 260.47078058356419 9.1942351777106506 20.786102259531617 1.0978974699974058 1.2910081798909221 1.9271777728572477 1.1741360514424739 3.9193738221656531 0.18803471932187621 0.57349857874214594 3.2446892820298672 15.215795848402196 0.91557570733129956 2.2979149727616459 14.206147121032698 4.383038907777518 0.79099030618090183 3.1548506261315197
leaf_count=405 13 2167 97 10045 1827 979 72 39 28 33 37 1891 48 138 7 103 35 83 119 14 54 22 975 20 60 830 317 38 300
internal_value=-0.000560035 0.000125866 -0.00213408 -0.00235354 -0.00189958 0.00440823 -0.00344804 -0.017935 0.00270816 0.0257971 0.00229091 0.002658 0.0058318 -0.00110976 -0.0394524 0.00112102 0.00725038 -0.00206014 0.0220545 -0.0243693 -0.0202951 -0.0303592 -0.0227917 0.0129308 -0.048772 -0.0194498 -0.0230162 0.0330005 -0.0493332
internal_weight=1410.61 1356.86 722.568 720.396 711.924 139.647 572.277 53.7522 634.288 10.9384 623.349 616.661 335.404 281.257 8.47161 13.3928 12.1018 10.1746 4.6174 40.3594 35.0449 6.68833 32.7648 2.28006 7.37371 29.4219 5.55717 1.70657 3.34289
internal_count=20796 17464 13100 13087 12923 2806 10117 3332 4364 61 4303 4244 2215 2029 164 696 593 558 158 2636 2231 59 2119 112 157 1805 400 58 314
is_linear=0
shrinkage=0.05


Tree=54
num_leaves=31
num_cat=0
split_feature=10 10 10 1 8 10 19 10 9 0 20 17 9 20 10 16 11 15 10 17 17 17 8 0 15 0 8 0 11 11
split_gain=68.0858 15.9745 10.456 7.52042 8.17411 7.70251 6.3608 7.67809 5.53521 5.4813 5.30203 4.71392 4.94063 6.40799 4.60947 3.91854 3.83629 3.79666 3.6082 3.58958 3.38637 5.69211 3.32869 3.87308 3.22854 3.3593 3.18769 3.16302 3.14233 2.97748
threshold=37.95000000000001 39.350000000000001 34.95000000000001 10.500000000000002 16.500000000000004 37.350000000000001 255.00000000000003 36.350000000000001 287.65000000000003 2005.5000000000002 9.5000000000000018 695.00000000000011 90.250000000000014 1.5000000000000002 41.350000000000001 44.500000000000007 465.00000000000006 56.171568627450988 38.850000000000001 450.50000000000006 60.500000000000007 14.500000000000002 15.500000000000002 2012.5000000000002 54.781746031746039 2013.5000000000002 15.500000000000002 2011.5000000000002 463.00000000000006 441.00000000000006
decision_type=2 2 2 2 2 2 2 2 2 2 2 2 2 2 2 2 2 2 2 2 2 2 2 2 2 2 2 2 2 2
left_child=2 10 11 4 5 8 20 17 -4 -6 22 12 -1 -14 -3 -7 -13 -8 29 -16 21 -5 -2 -24 -20 -26 -22 -9 -15 -12
right_child=1 14 3 6 9 15 7 27 -10 -11 18 16 13 28 19 -17 -18 -19 24 -21 26 -23 23 -25 25 -27 -28 -29 -30 -31
leaf_value=-0.03400355438562775 0.015111210208634977 0.018678429020856181 -0.018177704931828048 0.016739143432351004 -0.010144184626452394 -0.0011483480173273724 0.0026805058163071275 0.010869103646630848 0.012672017521647759 0.039531645425557677 0.020445091845844952 0.061124567347130704 0.024530111280495863 -0.003967657094344202 0.03911923023051482 -0.048728824617046515 -0.014457241562583238 -0.024360684016513857 -0.018552211021280778 -0.0068601662575278714 -0.0022965707018954696 -0.061536717615405315 -0.033038547302178825 0.018126258769812619 0.0035160699872822335 0.029690710624438007 -0.03150008241070288 0.035064789288885637 -0.032023142713526992 -0.0070719473385356018
leaf_weight=68.619094117952045 134.55877706897445 184.98303805664182 297.96895981673151 3.2339984215795976 9.3591412603855151 139.71585527597927 59.428930878639221 33.379696189658716 15.024575261399148 12.99301442503929 10.561046100687234 2.8185948571190229 9.017259204760192 16.642458160407841 50.637660933658481 4.3781670550815752 3.7116860788082704 16.431650839280337 8.1583007341250759 4.4038968719542018 68.810604728059843 7.1576573206111789 8.0540738925337774 6.556035663932561 28.829455613158643 21.935253519564867 10.815826237201689 23.789242528378963 26.730065549723804 116.92038757260889
leaf_count=2774 1186 1154 7452 30 57 2146 846 440 94 69 87 48 47 142 225 81 146 309 90 19 870 99 51 36 254 139 71 217 263 1354
internal_value=-0.000528777 0.0126807 -0.00969558 -0.00729189 -0.0108201 -0.0122714 0.000271118 0.00723664 -0.0166773 0.0185565 0.00561338 -0.0228799 -0.0251316 -0.0133733 0.0225341 -0.0026615 0.0178411 -0.00313524 0 0.035344 -0.00996372 -0.0367725 0.0126356 -0.00977217 0.0102121 0.0149605 -0.00636059 0.0210684 -0.0214069 -0.0047389
internal_weight=1405.62 575.598 830.026 702.487 479.44 457.088 223.048 133.03 312.994 22.3522 335.573 127.539 121.009 52.3898 240.025 144.094 6.53028 75.8606 186.404 55.0416 90.0181 10.3917 149.169 14.6101 58.923 50.7647 79.6264 57.1689 43.3725 127.481
internal_count=20796 4595 16201 12781 9899 9773 2882 1812 7546 126 3197 3420 3226 452 1398 2227 194 1155 1924 244 1070 129 1273 87 483 393 941 657 405 1441
is_linear=0
shrinkage=0.05


Tree=55
num_leaves=31
num_cat=0
split_feature=10 10 9 10 1 3 16 15 15 10 13 15 10 3 10 19 9 9 19 17 9 17 14 6 1 10 17 17 20 20
split_gain=68.5417 15.0558 14.7155 7.6589 9.81905 5.68632 5.96772 5.633 5.00944 4.83137 4.31219 7.69793 4.14444 3.98554 3.73839 3.64941 3.58238 3.49329 6.27034 5.83277 4.21597 3.40086 3.37708 3.35304 4.88572 3.31403 3.30584 4.16062 3.01604 2.87937
threshold=37.850000000000001 40.250000000000007 85.65000000000002 36.45000000000001 11.500000000000002 5.5000000000000009 42.500000000000007 56.535897435897446 56.193750000000009 42.550000000000004 33.500000000000007 55.972222222222229 39.350000000000001 6.5000000000000009 34.150000000000013 1192.5000000000002 135.95000000000002 99.750000000000014 638.50000000000011 564.50000000000011 271.10000000000008 270.00000000000006 27.080000000000002 5.5000000000000009 11.500000000000002 36.850000000000001 266.00000000000006 133.50000000000003 7.5000000000000009 14.500000000000002
decision_type=2 2 2 2 2 2 2 2 2 2 2 2 2 2 2 2 2 2 2 2 2 2 2 2 2 2 2 2 2 2
left_child=2 5 3 8 10 7 12 -2 14 -3 25 -12 16 -14 -1 -9 -7 18 23 20 -19 -22 -10 24 -4 -5 27 -20 -16 -6
right_child=1 9 17 4 29 6 -8 15 22 -11 11 -13 13 -15 28 -17 -18 19 26 -21 21 -23 -24 -25 -26 -27 -28 -29 -30 -31
leaf_value=-0.039821604939471449 0.019874166162549445 0.023819999162850422 -0.0066325949732910549 -0.030110920819282395 0.0063971801909847668 -0.0018955940109206017 -0.042103265537318531 -0.0098687463317173717 0.011620659695875146 0.052026250303672944 0.026698408179183182 -0.02269296153945979 -0.0055779558657087294 0.021635131876471567 -0.0092664195579700431 0.030934629226789773 0.012363233048381069 -0.0064539012907490027 0.040619576152748187 -0.046564405326161781 0.011555925271874727 -0.02417287826075782 -0.041009299669406508 -0.03065643978683924 0.050353138777416463 -0.011585356968232581 0.055998598989048493 -0.018675843007521967 -0.023436239668621409 0.053714431885282646
leaf_weight=19.068768294411711 146.2135925188195 106.15092417597771 16.903033679351218 32.27732056286186 6.3354489863850159 163.07988391024992 6.6455833432264617 29.194968232419342 3.0785116897895923 18.228806857019663 17.397983434377242 14.208099785959346 17.027975129894912 58.967710627242923 79.855336912267376 6.6213521594181648 60.062828697264194 271.1900280341506 6.3723540091887134 8.0442054392769915 59.510640932247043 7.3286564182490102 43.696943827089854 8.7818126687780005 4.701892400160431 103.75033836113289 8.0509900497272593 5.2362498370930552 74.099019420973491 7.1157625638879836
leaf_count=938 1032 545 172 1324 85 2002 103 315 71 83 309 413 177 361 2309 59 344 2126 40 58 327 53 1744 102 24 3049 34 63 2463 63
internal_value=-8.48083e-05 0.0124924 -0.00975224 -0.0165073 -0.0088408 0.00851493 0.00432475 0.0155201 -0.0227938 0.0280325 -0.0121656 0.00433592 0.00538662 0.0154726 -0.0187911 -0.0021211 0.00192384 -0.00290093 0.0094009 -0.00469656 -0.00367195 0.00753345 -0.0374214 -0.00469938 0.00571373 -0.0160368 0.0313614 0.0135153 -0.0161297 0.0320089
internal_weight=1409.2 612.194 797.003 400.884 181.085 487.814 305.784 182.03 219.799 124.38 167.634 31.6061 299.138 75.9957 173.023 35.8163 223.143 396.12 50.0463 346.074 338.029 66.8393 46.7755 30.3867 21.6049 136.028 19.6596 11.6086 153.954 13.4512
internal_count=20788 5021 15767 12768 5243 4393 2987 1406 7525 628 5095 722 2884 538 5710 374 2346 2999 435 2564 2506 380 1815 298 196 4373 137 103 4772 148
is_linear=0
shrinkage=0.05


Tree=56
num_leaves=31
num_cat=0
split_feature=10 10 9 10 3 3 10 9 10 1 6 0 1 10 13 20 11 11 9 10 14 8 1 11 14 2 18 20 13 6
split_gain=63.7897 14.4513 13.8668 7.23554 4.98487 4.54567 5.75577 5.45244 4.46755 3.92914 4.52392 3.79038 3.71723 6.2523 4.53418 3.63925 6.41939 3.92867 4.19863 3.74963 4.73822 4.31796 4.98905 3.6359 3.5764 3.47479 3.34195 3.29884 3.12212 3.61462
threshold=37.850000000000001 40.250000000000007 85.65000000000002 36.850000000000001 5.5000000000000009 7.5000000000000009 39.050000000000004 84.050000000000011 42.650000000000013 11.500000000000002 5.5000000000000009 2003.5000000000002 10.500000000000002 35.050000000000004 33.500000000000007 1.0000000180025095e-35 485.00000000000006 493.00000000000006 135.95000000000002 36.150000000000013 42.600653594771252 16.500000000000004 10.500000000000002 459.00000000000006 59.473863636363653 5.5000000000000009 6.5000000000000009 14.500000000000002 68.000000000000014 4.5000000000000009
decision_type=2 2 2 2 2 2 2 2 2 2 2 2 2 2 2 2 2 2 2 2 2 2 2 2 2 2 2 2 2 2
left_child=2 4 3 12 28 7 11 26 -3 10 -5 -7 -1 -14 -15 16 -4 -18 -19 20 -17 22 -21 -9 -23 -12 -6 -11 29 -2
right_child=1 8 15 9 5 6 -8 23 -10 27 25 -13 13 14 -16 19 17 18 -20 21 -22 24 -24 -25 -26 -27 -28 -29 -30 -31
leaf_value=-0.025913506826268442 0.023871632562846704 0.023687908596471449 -0.048051209199181655 -0.014662807866726815 -0.0042443066948053207 -0.015066239679466194 0.019062062804023762 0.032221914450576421 0.052355209124307946 -0.0090814086998133176 -0.014694765767796526 0.0062021821339189919 -0.030771993941151932 -0.0076114747662377096 0.055214771215799832 0.011686491402936733 0.049397112410545022 0.016702976869273543 -0.058533508185292731 -0.0048745033949663787 -0.010854918036595707 -0.0046668272986203343 0.012684614490280183 -0.00049983074872895648 0.043654277230288682 0.018694229204624945 -0.029991258300382663 0.050478747655842961 -0.038394350804577398 0.0093440227930742161
leaf_weight=154.62237084837398 76.754801608622074 105.77529149875045 11.563544366508724 92.084864728036337 29.412906331475824 26.050067664356902 78.858061981387436 11.631624591536818 16.056499470025301 3.8582615372724813 11.911359821679069 104.17160129593685 35.282507691998035 67.64706438803114 2.8859989624470463 27.698410506360233 3.3694754559546691 4.1919824630022049 3.0951402150094509 124.39239749871194 139.52766261156648 5.5231545548886087 59.768202045932412 29.668851574882865 11.103215308859943 21.632339223986492 22.735682469792664 5.2332409417722374 2.5681671779602757 101.05664103548042
leaf_count=6174 569 552 101 2923 402 397 498 66 76 51 264 1019 1371 1570 35 204 12 26 24 1185 1045 34 325 199 43 345 406 35 25 812
internal_value=-5.41801e-05 0.0121472 -0.00945576 -0.0160595 0.00824676 0.00429845 0.00840345 -0.00483165 0.0275469 -0.00659142 -0.00892338 0.0019009 -0.0209335 -0.0135917 -0.0048955 -0.00275351 -0.0223744 0.00521059 -0.014936 -0.00154949 -0.00708665 0.00303849 0.000800857 0.00865053 0.0273715 0.00668075 -0.015601 0.0248348 0.014835 0.0156531
internal_weight=1390.13 604.74 785.391 395.158 482.908 302.529 209.08 93.4491 121.832 134.72 125.629 130.222 260.438 105.816 70.5331 390.233 22.2201 10.6566 7.28712 368.013 167.226 200.787 184.161 41.3005 16.6264 33.5437 52.1486 9.0915 180.38 177.811
internal_count=20788 5021 15767 12768 4393 2987 1914 1073 628 3618 3532 1416 9150 2976 1605 2999 163 62 50 2836 1249 1587 1510 265 77 609 808 86 1406 1381
is_linear=0
shrinkage=0.05


Tree=57
num_leaves=31
num_cat=0
split_feature=10 8 10 10 10 1 13 15 0 10 1 11 13 10 13 17 17 17 13 11 0 6 13 9 15 18 15 17 10 18
split_gain=62.1636 13.2837 8.84364 6.65172 6.44361 4.61944 5.32217 4.5257 5.13039 5.11279 4.36112 4.99316 4.30396 4.29736 4.24225 7.50833 4.21537 4.11691 4.11429 3.81944 3.5955 3.95001 3.54794 3.51963 3.30963 3.21922 3.10473 2.96198 2.92956 2.89201
threshold=38.350000000000001 11.500000000000002 40.250000000000007 36.45000000000001 36.050000000000004 11.500000000000002 16.500000000000004 56.184659090909101 2005.5000000000002 34.95000000000001 11.500000000000002 499.00000000000006 16.500000000000004 42.650000000000013 68.000000000000014 695.00000000000011 131.50000000000003 50.500000000000007 15.500000000000002 449.00000000000006 2003.5000000000002 5.5000000000000009 29.000000000000004 60.650000000000013 56.806250000000006 10.500000000000002 56.36038961038961 626.50000000000011 37.050000000000004 47.500000000000007
decision_type=2 2 2 2 2 2 2 2 2 2 2 2 2 2 2 2 2 2 2 2 2 2 2 2 2 2 2 2 2 2
left_child=1 4 18 7 14 6 19 8 25 -10 12 23 28 24 -1 -16 -8 -9 26 -5 21 22 -20 -12 -4 -3 -2 -19 -6 -22
right_child=2 3 13 5 10 -7 16 17 9 -11 11 -13 -14 -15 15 -17 -18 27 20 -21 29 -23 -24 -25 -26 -27 -28 -29 -30 -31
leaf_value=-0.024712227517739476 0.0049985077765809412 -0.011948110568458261 0.025456440014380466 0.013482502540729963 -0.028266641414595763 0.029037870357283242 0.020223463366885297 0.023898609136336221 -0.014258619549200512 0.0048456204143765003 0.038386904743155585 -0.037255417122757289 -0.0033318113901591694 0.05139626842665556 -0.03209617303307926 0.088199817559759849 0.00064945478129234402 -0.030690352127262906 0.0035619930605378853 -0.0079230351452125088 0.014870045550444059 0.027672213145001026 -0.027523345943799567 -0.016735344491315286 -0.0064781586898127966 -0.043783469561361171 -0.022575973164825739 0.028189316483521517 -0.012023458623370674 0.044403629389674619
leaf_weight=141.17586113512516 39.638961410382763 27.410819719079882 96.030001729726791 24.226521509699523 43.586994176497683 15.400338184088467 49.696841076947749 4.0994026586413375 51.826159969903529 107.12958252849057 12.122476887423547 3.8270376499276599 90.531261103111319 15.452937075868247 2.7646437457296988 2.2316872477531433 62.688818715512753 39.854399214033037 37.962191990809515 140.60632274392992 212.29017392685637 12.305280734784899 11.929857636336235 3.5883265249431124 8.5556508768349868 11.580056224949656 13.589831093326209 2.0923483772203317 82.275805764598772 8.7575131906196457
leaf_count=5621 365 240 504 173 2032 73 322 28 500 768 162 65 2699 76 98 3 570 398 399 1231 1530 99 173 28 48 96 124 14 2295 54
internal_value=-0.000195018 -0.00769199 0.0148798 -0.00260633 -0.0148184 0.00246346 0.000959202 -0.00870551 -0.00538205 -0.00135677 -0.00966454 0.0127893 -0.0117199 0.0265561 -0.0230907 0.0213311 0.0093598 -0.0228416 0.0106927 -0.00474035 0.0130912 0.0023718 -0.0038111 0.0254546 0.0227926 -0.0216187 -0.0019769 -0.0275744 -0.0177062 0.0160823
internal_weight=1375.23 918.716 456.512 536.612 382.104 292.619 277.219 243.993 197.947 158.956 235.932 19.5378 216.394 120.039 146.172 4.99633 112.386 46.0462 336.474 164.833 283.245 62.1973 49.892 15.7108 104.586 38.9909 53.2288 41.9467 125.863 221.048
internal_count=20788 17416 3372 4413 13003 2369 2296 2044 1604 1268 7281 255 7026 628 5722 101 892 440 2744 1404 2255 671 572 190 552 336 489 412 4327 1584
is_linear=0
shrinkage=0.05


Tree=58
num_leaves=31
num_cat=0
split_feature=10 10 9 10 3 5 11 3 7 10 9 14 14 10 19 10 17 1 10 1 13 19 13 19 9 19 13 5 19 8
split_gain=58.286 12.1988 11.1368 6.31275 4.6168 4.39126 4.23419 5.08632 4.94294 4.05959 3.71117 4.20988 3.69637 3.58509 3.53555 4.14503 4.05569 3.4646 4.14673 3.13927 3.33585 3.19623 3.11636 2.98501 4.95311 3.51418 2.90521 2.77106 2.65436 2.62741
threshold=37.850000000000001 40.250000000000007 85.65000000000002 36.850000000000001 5.5000000000000009 1.0000000180025095e-35 505.00000000000006 6.5000000000000009 53.500000000000007 42.550000000000004 385.95000000000005 107.82812500000001 34.807692307692314 34.150000000000013 372.50000000000006 39.350000000000001 135.50000000000003 10.500000000000002 34.95000000000001 11.500000000000002 13.500000000000002 21.500000000000004 12.500000000000002 186.00000000000003 208.95000000000002 260.00000000000006 49.500000000000007 1.0000000180025095e-35 1192.5000000000002 13.500000000000002
decision_type=2 2 2 2 2 2 2 2 2 2 2 2 2 2 2 2 2 2 2 2 2 2 2 2 2 2 2 2 2 2
left_child=2 4 3 13 -2 6 8 -8 -6 28 12 -12 22 -1 15 -7 -16 27 -19 21 -21 -5 -4 24 -14 -25 -23 -15 29 -3
right_child=1 9 10 19 5 14 7 -9 -10 -11 11 -13 23 17 16 -17 -18 18 -20 20 -22 26 -24 25 -26 -27 -28 -29 -30 -31
leaf_value=-0.04032433748455596 0.014357418267281336 0.012974729282257813 -0.01788294941710129 -0.032400662802419558 -0.051583338022227032 0.010670620659825138 -0.022849017913344115 0.019750688449425201 -0.0029937768636703718 0.049360887167371234 0.03657342443885786 -0.020418467830868384 -0.018804175237205244 -0.028664875650408952 -0.028473793091559452 0.037392722141729458 0.0093458709884490631 -0.030151051917252383 -0.0049740417203215509 -0.020944726576888725 0.042110599154181243 -0.0082486619801624035 0.031151904469048444 0.01170935495825802 0.00023499084613213912 -0.0047432713588993819 0.020626067778875559 -0.013743157295616712 0.042894869321251708 0.032121385148180186
leaf_weight=20.196859621617477 176.84312412980944 61.616953009739518 4.1480303248390582 12.581757452222517 5.3705252730287603 50.205790570471436 8.3134475052356702 39.775952350115404 133.88651625206694 16.297203188762069 11.320276586338876 4.3264211025089017 83.263650059700012 87.470056210760958 9.4702767608687264 20.910786950029433 27.19661585893482 21.199036269215867 73.925908860517666 2.933194116689263 6.2710484494455159 101.43289635400288 12.501353146508334 39.940526529215276 57.00269316509366 169.64032199326903 9.3508518871385586 51.315615259227343 13.651449248194693 26.37125214189291
leaf_count=1108 1406 357 38 384 69 438 125 371 1491 83 56 28 844 3719 114 106 273 791 1724 26 60 2966 71 275 387 1300 182 1808 59 129
internal_value=-0.000245134 0.0115724 -0.00931946 -0.0153043 0.00795963 0.00410554 -0.000496009 0.0122504 -0.00493921 0.025969 -0.00324808 0.0204676 -0.00427951 -0.0199272 0.0121432 0.0186395 -0.000337027 -0.0181282 -0.0106631 -0.0063972 0.0214697 -0.00853254 0.018603 -0.00538779 -0.0110366 -0.0015799 -0.00574996 -0.0231975 0.0221243 0.0188
internal_weight=1358.73 589.91 768.82 386.677 471.973 295.13 187.346 48.0894 139.257 117.937 382.143 15.6467 366.497 254.107 107.783 71.1166 36.6669 233.911 95.1249 132.57 9.20424 123.366 16.6494 349.847 140.266 209.581 110.784 138.786 101.64 87.9882
internal_count=20788 5021 15767 12768 4393 2987 2056 496 1560 628 2999 84 2915 9150 931 544 387 8042 2515 3618 86 3532 109 2806 1231 1575 3148 5527 545 486
is_linear=0
shrinkage=0.05


Tree=59
num_leaves=31
num_cat=0
split_feature=9 9 15 9 13 13 19 19 8 13 11 0 11 19 17 11 17 17 19 17 15 17 9 15 1 9 1 18 11 11
split_gain=7.48215 4.16563 3.55704 3.67496 5.57141 3.80349 4.61463 3.05147 4.94486 3.88135 5.35242 4.28106 2.39303 2.34422 2.32343 2.29805 2.85394 2.87888 2.19574 5.74237 2.22225 2.06022 2.0371 2.37457 2.43706 1.87399 1.77893 4.81242 3.10539 4.92995
threshold=160.95000000000002 2.5500000000000003 54.40312500000001 147.65000000000001 31.000000000000004 16.500000000000004 79.500000000000014 603.50000000000011 17.500000000000004 32.500000000000007 465.00000000000006 2001.5000000000002 505.00000000000006 1.5000000000000002 154.50000000000003 505.00000000000006 203.50000000000003 241.50000000000003 465.00000000000006 101.50000000000001 56.806250000000006 150.00000000000003 302.05000000000007 56.535897435897446 5.5000000000000009 157.55000000000004 7.5000000000000009 43.500000000000007 481.00000000000006 489.00000000000006
decision_type=2 2 2 2 2 2 2 2 2 2 2 2 2 2 2 2 2 2 2 2 2 2 2 2 2 2 2 2 2 2
left_child=1 -1 26 5 25 13 -7 9 22 15 11 -11 -12 -4 -13 18 21 -18 20 -20 -2 -17 23 24 -9 -5 27 -3 -28 -30
right_child=7 2 3 4 -6 6 -8 8 -10 10 12 14 -14 -15 -16 16 17 -19 19 -21 -22 -23 -24 -25 -26 -27 28 -29 29 -31
leaf_value=-0.048275077131654881 0.006154111120164325 0.015067735895341711 0.037843055236781158 -0.016331376739726323 -0.056609294393225776 -0.011546368967975234 0.0044116285928839198 0.029649948293008151 0.059943427632295689 -0.041076816436921883 -0.047018167823600812 0 0.0076924224719470318 -0.0054077253515161907 0.050393469063395126 0.014654363373830366 -0.049482624613327919 0.010191599968994981 -0.0600337713919675 0.0067452225005701196 -0.033383966234374715 0.04443579831149181 0.034332586561068294 -0.018367000550669761 0.0041766697063134574 0.017208460416525736 -0.0088520388314924838 -0.045591786624578461 0.041351138119132783 -0.0040202511609674562
leaf_weight=4.8179229304078026 169.70403852779418 59.431780569721013 3.0245664068497708 14.617575442418461 7.8351402757689348 54.380482785170898 266.51527909934521 13.742109797894953 5.7987500354647628 3.0585706159472492 10.620638302061705 4.5083752600476128 2.2398762097582212 545.81320573412813 4.6689904937520623 15.810681700706484 2.5369225628674021 8.3707929830998165 4.6538132447749367 9.6017325166612846 3.4962239973247042 10.012776497751473 8.5255218464881164 7.234251268208026 31.199059784412384 5.5983718298375598 39.324904037523083 3.3282003910280755 9.6997093476820755 14.912384036928414
leaf_count=494 1083 993 22 120 79 960 5368 77 20 19 115 40 25 9548 27 96 24 63 28 60 31 44 50 55 172 37 693 108 104 233
internal_value=-0.000251671 -0.00232084 -0.00209515 -0.00320559 -0.0210116 -0.0026232 0.00168898 0.00647557 0.0160085 0.00390708 -0.0146452 0.00867863 -0.0371178 -0.00515342 0.0260638 0.00601179 0.0174683 -0.00355668 0.00373216 -0.0149732 0.00530834 0.0265215 0.0116375 0.00777489 0.0121254 -0.00675814 0.00573039 0.011704 -6.42629e-05 0.0137534
internal_weight=1345.08 1029.3 1024.48 897.785 28.0511 869.734 320.896 315.783 66.4997 249.283 25.0965 12.2359 12.8605 548.838 9.17737 224.187 36.7312 10.9077 187.456 14.2555 173.2 25.8235 60.7009 52.1754 44.9412 20.2159 126.697 62.76 63.937 24.6121
internal_count=20788 18759 18265 16134 236 15898 6328 2029 374 1655 226 86 140 9570 67 1429 227 87 1202 88 1114 140 354 304 249 157 2131 1101 1030 337
is_linear=0
shrinkage=0.05


Tree=60
num_leaves=31
num_cat=0
split_feature=10 10 9 10 19 13 14 13 17 13 17 17 0 11 10 0 17 2 17 19 1 0 20 19 20 10 17 14 5 1
split_gain=57.0823 10.3947 7.33806 6.20668 5.87827 4.99265 4.44318 4.41205 4.73207 4.57895 4.25142 6.90142 6.00811 5.35178 7.10576 6.05499 3.54969 3.01049 5.40872 2.89445 4.10376 2.85375 2.82477 2.82323 2.81618 4.2712 2.93269 2.79587 4.42125 2.46608
threshold=37.850000000000001 40.650000000000013 84.050000000000011 35.250000000000007 886.00000000000011 13.500000000000002 26.552820512820514 53.000000000000007 39.500000000000007 62.000000000000007 117.50000000000001 71.000000000000014 2005.5000000000002 505.00000000000006 34.750000000000007 2014.5000000000002 33.500000000000007 5.5000000000000009 95.500000000000014 33.500000000000007 11.500000000000002 2005.5000000000002 11.500000000000002 23.500000000000004 11.500000000000002 38.95000000000001 778.00000000000011 35.089583333333344 1.0000000180025095e-35 10.500000000000002
decision_type=2 2 2 2 2 2 2 2 2 2 2 2 2 2 2 2 2 2 2 2 2 2 2 2 2 2 2 2 2 2
left_child=2 5 3 21 29 27 -7 8 -6 -9 11 19 -12 15 -15 -14 -3 22 -19 23 -21 -1 -13 -4 26 -26 -8 -2 -29 -5
right_child=1 16 10 4 7 6 24 9 -10 -11 12 17 13 14 -16 -17 -18 18 -20 20 -22 -23 -24 -25 25 -27 -28 28 -30 -31
leaf_value=-0.045239659282257171 0.0055837284360419227 -0.017768370613126246 -0.016813611758397757 -0.019273039872981582 0.055338699273883324 -0.052369296821648315 0.01370749237770448 0.059113657481092687 -0.0057481441724935266 -0.022813482183624095 -0.027737398758249474 0.028498354953684468 -0.018691830960443769 -0.057884691230937091 0.01734290253646472 0.00023583039624759888 0.031014705940580329 -0.030584902991682202 0.016044312020167633 -0.011021640456872438 0.030095505867604483 -0.021044917355615894 0.0029098505088444686 -0.072216775160380151 0.00033955614541977456 0.014216828746162936 0.059349256199739645 -0.048010484887078292 0.013693394060698475 -0.0063517662898836397
leaf_weight=15.150981919956392 10.642161071300508 3.7250039316713801 10.066422116942702 130.53178323240718 3.1696773644071063 2.682278375606983 247.15216553444043 5.6188758710632092 94.771421889076009 2.2619390208274126 32.756665785331279 33.636489743366838 79.588689921889454 3.2941531585529438 38.741241935640574 88.845626904629171 76.480904521420598 9.5485530113801378 17.37972155585885 33.834000333212316 7.2592462562024584 76.683248753251974 16.563590880483389 3.0903052631765595 123.51461982959881 101.66019450686872 3.5516276275739065 8.9969029761850816 4.0490795560181132 53.490843379637226
leaf_count=619 110 18 99 4354 38 42 2046 89 3300 80 342 179 721 46 284 698 401 88 117 270 33 3083 122 28 1392 753 23 139 37 1179
internal_value=0.000164808 0.0119321 -0.00889162 -0.0137753 -0.0101512 0.00924448 0.01036 -0.000710101 -0.00366576 0.0349813 -0.00389998 0.00331931 -0.00781978 -0.00468444 0.0112056 -0.008684 0.0286675 0.0129521 -0.000357032 -0.0102825 -0.00358137 -0.0251359 0.0201774 -0.0306507 0.010735 0.00663049 0.0143974 -0.0130296 -0.0285206 -0.0155498
internal_weight=1338.74 582.455 756.283 381.679 289.845 502.249 478.561 105.822 97.9411 7.88081 374.605 131.378 243.226 210.47 42.0354 168.434 80.2059 77.1284 26.9283 54.25 41.0932 91.8342 50.2001 13.1567 475.879 225.175 250.704 23.6881 13.046 184.023
internal_count=20730 4961 15769 12742 9040 4542 4256 3507 3338 169 3027 936 2091 1749 330 1419 419 506 205 430 303 3702 301 127 4214 2145 2069 286 176 5533
is_linear=0
shrinkage=0.05


Tree=61
num_leaves=31
num_cat=0
split_feature=10 10 10 1 13 13 19 17 11 2 10 7 10 19 2 8 16 10 11 14 11 17 19 8 3 19 13 10 14 19
split_gain=53.9845 8.46167 7.32562 8.46599 6.90448 12.2481 5.8435 5.08347 4.99532 4.66784 4.3469 5.90534 4.32961 4.36421 4.01823 4.01218 4.30631 3.91513 3.88832 3.72678 5.84053 4.01282 3.56474 3.44694 2.55197 6.00506 3.66664 3.59054 2.36043 2.35117
threshold=37.95000000000001 39.850000000000001 35.650000000000013 11.500000000000002 16.500000000000004 21.000000000000004 1192.5000000000002 32.500000000000007 455.00000000000006 5.5000000000000009 36.750000000000007 52.500000000000007 41.850000000000001 1192.5000000000002 5.5000000000000009 11.500000000000002 42.500000000000007 35.850000000000001 473.00000000000006 43.600446428571431 479.00000000000006 22.500000000000004 843.50000000000011 12.500000000000002 6.5000000000000009 27.500000000000004 17.500000000000004 38.750000000000007 41.367272727272734 886.00000000000011
decision_type=2 2 2 2 2 2 2 2 2 2 2 2 2 2 2 2 2 2 2 2 2 2 2 2 2 2 2 2 2 2
left_child=2 23 15 4 10 -6 -7 9 -5 -3 11 -4 13 28 17 -1 19 -10 -16 20 -17 -21 -12 -2 29 26 -26 -27 -9 -25
right_child=1 7 3 8 5 6 -8 12 14 -11 22 -13 -14 -15 18 16 -18 -19 -20 21 -22 -23 -24 24 25 27 -28 -29 -30 -31
leaf_value=-0.022442163351521077 0.0042363462585347433 0.021391449645380593 0.017041339632498275 -0.022379137670326774 0.023654086853062226 -0.0095471086340596714 0.018757049091470201 -0.0016646687493100055 -0.020742358142204181 -0.05557722160353136 -0.012250168366790591 -0.025235303903414042 0.041117492385585493 0.044844866136154869 -0.043839836331551751 -0.017463780904792534 0.023591504232748261 0.040117918565829823 0.014896873908495631 0.037816149103514454 0.024864849930865251 -0.018792254342862365 0.0037968531590282339 0.023006800030105846 -0.02932397504645743 0.002809564096165864 0.020564079627948862 0.028819831834018119 0.019083813797567736 0.0010366165367005384
leaf_weight=111.99529016221641 229.5200183307752 3.7268053553998461 8.935278548859058 7.4970346088521174 42.354848869610578 156.68895511270966 20.441556864068843 15.744325341191141 2.8003192017786231 3.8570844456553459 119.45413309603464 84.857641210255679 30.285199360921979 15.122102987021206 3.5543450205586842 16.95901464484632 8.9458629190921766 23.462751679122448 12.138499138876794 3.0922756325453511 15.450663511641322 93.297209761338308 48.067778862197883 75.590874747373164 14.714206023141744 28.254881119355559 4.7017667274922124 25.772747166454792 86.653961760923266 15.097826926037667
leaf_count=4572 2737 19 112 92 497 3108 497 127 46 22 2225 2254 153 73 52 162 70 182 141 20 119 863 1102 421 121 181 30 141 488 103
internal_value=0.000137699 0.0121512 -0.00831271 -0.0049717 -0.00700558 -0.000443342 -0.00624375 0.0220475 0.0146757 -0.0173171 -0.012496 -0.0211407 0.0241114 0.0196552 0.0214533 -0.0153815 -0.00959243 0.0333849 0.00108337 -0.0119526 0.00257616 -0.0168871 -0.00761638 0.00822739 0.013772 0.00672588 -0.0169434 0.0153399 0.0158463 0.0194095
internal_weight=1329.04 549.042 779.993 530.253 480.8 219.485 177.131 155.389 49.4529 7.58389 261.315 93.7929 147.806 117.52 41.9559 249.74 137.745 26.2631 15.6928 128.799 32.4097 96.3895 167.522 393.652 164.132 73.4436 19.416 54.0276 102.398 90.6887
internal_count=20730 4616 16114 10308 9795 4102 3605 882 513 41 5693 2366 841 688 421 5806 1234 228 193 1164 281 883 3327 3734 997 473 151 322 615 524
is_linear=0
shrinkage=0.05


Tree=62
num_leaves=31
num_cat=0
split_feature=10 10 10 9 19 18 10 1 0 15 11 19 17 0 9 17 15 0 1 9 17 19 6 10 19 1 9 17 9 17
split_gain=49.697 10.162 7.3212 6.0434 5.33388 6.9889 4.22964 4.22296 4.14362 3.90147 3.82111 5.48991 4.94999 5.22874 3.77564 3.77405 2.7134 2.88439 4.12069 3.93333 3.58707 3.30154 2.71946 2.02183 3.31074 3.44264 4.736 2.2876 1.91639 5.57347
threshold=37.95000000000001 40.45000000000001 34.350000000000001 80.15000000000002 886.00000000000011 9.5000000000000018 36.850000000000001 11.500000000000002 2004.5000000000002 53.886752136752143 505.00000000000006 85.500000000000014 132.50000000000003 2014.5000000000002 111.55000000000001 42.500000000000007 53.222527472527482 2009.5000000000002 10.500000000000002 17.750000000000004 57.500000000000007 23.500000000000004 5.5000000000000009 41.850000000000001 1150.5000000000002 3.5000000000000004 32.45000000000001 74.500000000000014 185.70000000000002 154.50000000000003
decision_type=2 2 2 2 2 2 2 2 2 2 2 2 2 2 2 2 2 2 2 2 2 2 2 2 2 2 2 2 2 2
left_child=2 16 28 4 6 8 -4 -8 -6 -7 12 -12 15 -14 -13 -5 -2 19 20 21 -19 -18 -21 24 25 26 -3 -27 -1 -30
right_child=1 23 3 10 5 9 7 -9 -10 -11 11 14 13 -15 -16 -17 17 18 -20 22 -22 -23 -24 -25 -26 27 -28 -29 29 -31
leaf_value=-0.03247860309920278 0.045469276538561261 -0.062757252957961848 -0.021674531260391188 -0.016592519161442301 0.067735681861316219 0.033144243906505541 -0.010412338460941948 0.033726334044840864 0.010899588101064547 -0.011660857519888809 -0.01800920699666678 0.038657745170845276 -0.017864032933004492 0 0.0078045064331895347 0.0056859303865979295 -0.059620509405276891 -0.036747393601775841 0.039776907446568192 0.003257898171513977 0.011505676272211045 -0.0062572831392850164 0.016608900919749838 0.037380494582645411 0.047577716790722514 0.041845345766120777 0.015928232147089435 0.014837005680450177 -0.059413788048104446 0.023774086347921882
leaf_weight=36.56431258172961 4.9161196313798419 2.9893001336604348 134.67013807361946 22.334698731079698 3.6839475913438973 4.969022143399342 83.839851297729183 5.6520084508229038 24.268151813477743 96.455043597379699 14.301214965060352 14.253899130970238 97.525810877326876 70.049786306917667 34.258457656949759 122.56664727767929 3.1726539414376012 3.7842955142259589 12.918437307700513 140.30180003121495 201.45827771420591 29.255576115800068 53.055231723003089 31.340842118486762 10.186266189441083 10.67034689709544 4.7851174250245094 34.185487985610962 3.0169324893504363 5.526624393183738
leaf_count=1605 27 24 4591 183 32 138 2315 53 702 3578 131 102 918 581 240 880 67 40 65 1129 1715 677 380 161 50 52 34 195 25 40
internal_value=0.000216396 0.0118145 -0.00791524 -0.00669401 -0.0113876 -0.00325152 -0.0160575 -0.00753435 0.0187833 -0.00938601 -0.0022573 0.00895968 -0.00453026 -0.0103848 0.0170335 0.00220843 0.00866153 0.00823252 0.0123438 0.00423428 0.0105742 -0.0117991 0.00695382 0.026767 0.0213412 0.0160879 -0.0141045 0.0214518 -0.0274781 -0.00537058
internal_weight=1316.96 543.02 773.937 728.829 353.538 129.376 224.162 89.4919 27.9521 101.424 375.291 62.8136 312.477 167.576 48.5124 144.901 448.862 443.946 218.161 225.785 205.243 32.4282 193.357 94.1574 62.8165 52.6303 7.77442 44.8558 45.1079 8.54356
internal_count=20730 4616 16114 14444 11409 4450 6959 2368 734 3716 3035 473 2562 1499 342 1063 4100 4073 1820 2253 1755 744 1509 516 355 305 58 247 1670 65
is_linear=0
shrinkage=0.05


Tree=63
num_leaves=31
num_cat=0
split_feature=10 10 10 8 1 13 13 15 10 14 19 19 13 20 9 14 5 8 13 17 20 9 19 10 14 9 14 19 11 14
split_gain=47.4937 8.9318 8.07689 7.55653 7.08832 7.27644 14.1526 6.05956 5.8002 4.11462 4.08867 5.13087 3.77106 4.44182 3.73525 3.55331 3.54998 5.10889 4.84292 3.31642 3.28175 4.62306 3.1608 3.15678 3.01947 2.99524 2.92911 2.86979 4.53776 3.88604
threshold=38.150000000000013 39.850000000000001 36.050000000000004 12.500000000000002 10.500000000000002 16.500000000000004 21.000000000000004 55.972222222222229 36.750000000000007 42.971078431372554 96.500000000000014 19.500000000000004 13.500000000000002 10.500000000000002 336.05000000000007 36.444791666666667 1.0000000180025095e-35 13.500000000000002 35.000000000000007 50.500000000000007 14.500000000000002 80.15000000000002 740.50000000000011 42.45000000000001 68.454779411764719 106.35000000000001 59.552500000000009 1192.5000000000002 467.00000000000006 67.77500000000002
decision_type=2 2 2 2 2 2 2 2 2 2 2 2 2 2 2 2 2 2 2 2 2 2 2 2 2 2 2 2 2 2
left_child=2 27 3 19 5 8 -7 -8 14 -10 11 24 13 -3 -4 22 17 -17 -18 -1 21 -12 -5 -14 -6 -22 -13 -2 -29 -30
right_child=1 12 4 15 10 6 7 -9 9 -11 20 26 23 -15 -16 16 18 -19 -20 -21 25 -23 -24 -25 -26 -27 -28 28 29 -31
leaf_value=0.0087910089068814166 0.0092820184623529089 -0.048971661711603554 -0.03038690148707663 -0.0021143265636300083 0.02289464800125313 0.037804370877226212 0.0057431096533346951 -0.016085387316555212 0.004326832750746819 -0.01271730533562361 -0.0066261861875614491 -0.047991145778497564 0.021970105366843084 0.019747492538493491 0.037512714489642184 0.0074550307932974309 -0.0060359515644677637 -0.023060574948132427 0.026891626252417807 -0.022433510940529047 0.044835632459941828 0.018631439296567461 0.048823131350568462 0.045495951109622831 -0.028960465991418147 -0.0035876697444426581 -0.0066467234741986493 0.022530792660048506 -0.041545609889263195 0.012607348534185856
leaf_weight=8.7016130732372385 313.87532843253575 3.7810938153415901 47.203341621614527 6.4656083397567254 13.521976671647282 23.129718532669358 66.36815040872898 60.503035039058886 48.433589621796273 127.44458430749364 30.631790887797251 8.1951560489833373 123.17139386571944 5.7743117343634367 1.968900229781865 18.024787072557956 56.852784372866154 53.995663684792817 13.784782723989336 157.16156658192631 12.561955228913577 43.34646974876523 5.3627588404342532 16.743914883583784 3.3728166166692963 4.0037467516958705 9.6156055331230146 7.3772315233945873 10.548489707056431 4.5756222121417514
leaf_count=192 2803 40 1460 57 137 261 1233 1443 868 2609 784 106 710 40 11 158 429 463 103 5922 113 230 29 92 48 24 98 72 142 53
internal_value=0.000191455 0.0125835 -0.00713949 -0.0133421 -0.00315603 -0.00660193 0.00189936 -0.00463168 -0.0122888 -0.00799546 0.00711965 -0.00736592 0.0227689 -0.00715254 -0.027496 -0.00533623 -0.00754939 -0.0153543 0.000348049 -0.020761 0.0127291 0.00811082 0.0207763 0.0248517 0.0121388 0.0328809 -0.0261112 0.00803723 -0.0090695 -0.0248586
internal_weight=1306.5 485.847 820.65 320.35 500.301 375.051 150.001 126.871 225.05 175.878 125.25 34.7056 149.471 9.55541 49.1722 154.486 142.658 72.0205 70.6376 165.863 90.544 73.9783 11.8284 139.915 16.8948 16.5657 17.8108 336.377 22.5013 15.1241
internal_count=20730 3952 16778 7353 9425 7885 2937 2676 4948 3477 1540 389 882 80 1471 1239 1153 621 532 6114 1151 1014 86 802 185 137 204 3070 267 195
is_linear=0
shrinkage=0.05


Tree=64
num_leaves=31
num_cat=0
split_feature=10 10 10 1 8 10 17 6 10 16 1 11 16 17 14 8 15 10 2 20 17 14 19 14 15 17 14 14 8 19
split_gain=43.0639 10.2971 7.06117 5.90072 10.8699 5.23509 4.60241 4.3228 4.09228 5.67252 4.00967 3.91972 3.88562 3.88395 3.51132 3.11713 3.13498 2.94223 2.74854 5.0506 3.79011 2.80816 2.681 2.64942 2.5413 2.41759 3.07044 2.58287 2.55356 2.83302
threshold=37.95000000000001 39.650000000000013 35.050000000000004 10.500000000000002 15.500000000000002 36.850000000000001 93.500000000000014 8.5000000000000018 35.850000000000001 35.500000000000007 11.500000000000002 455.00000000000006 2.5000000000000004 50.500000000000007 56.907986111111107 12.500000000000002 56.806250000000006 41.850000000000001 5.5000000000000009 12.500000000000002 741.50000000000011 70.35312500000002 1170.0000000000002 46.71562500000001 56.63068181818182 695.00000000000011 54.729513888888896 50.371250000000011 11.500000000000002 43.000000000000007
decision_type=2 2 2 2 2 2 2 2 2 2 2 2 2 2 2 2 2 2 2 2 2 2 2 2 2 2 2 2 2 2
left_child=2 15 24 4 5 23 -7 12 9 22 13 -12 -6 -10 -11 18 -17 -3 19 20 -2 -21 -5 -4 25 28 27 -27 -1 -30
right_child=1 17 3 8 7 6 -8 -9 10 14 11 -13 -14 -15 -16 16 -18 -19 -20 21 -22 -23 -24 -25 -26 26 -28 -29 29 -31
leaf_value=-0.0263526792458669 0.0041550176616159595 0.017999312512907057 -0.010401743604274904 -0.017130994485867544 0.011219885997431407 0.0084028412011577167 -0.010465078130082246 0.057437416821719302 -0.046139993665480321 -0.00096682769133236447 -0.019550348897446043 0.025536561818353277 -0.023943160070699993 0.0031895137384938322 0.05745352233353837 0.01310495055328173 -0.025947995783457474 0.035444964941262591 0.0085119838498988378 -0.0086144903493362898 0.070097170282911722 -0.038603682011632175 0.016098124307265881 -0.023283484387024204 -0.055896783705526525 -0.00047465892977048373 -0.048961210557787273 0.073506524536660234 -0.031176452791165085 -0.0055155315469379582
leaf_weight=54.88565495639341 61.56650569406338 138.68514220882207 66.66462287894683 55.98196530668065 54.871923226863146 41.099997537094168 146.35340147698298 4.3369077518582335 4.0784159917384377 5.116668342612682 5.348614359740167 36.513725184369832 9.0026698121801001 86.74049997376278 4.7533051958307624 146.46029460895807 5.1526574064046136 30.408601555973291 97.861523202620447 43.163344221422449 2.1761008733883491 9.6946717591490579 6.5736426662188014 107.67827762349043 4.3644956304342477 2.2425749596441156 1.3039020274300126 2.113278214877937 14.002063624560831 48.82862205337733
leaf_count=2684 680 893 1846 815 397 611 3451 13 57 90 71 336 84 1238 34 899 49 161 1173 580 11 170 104 3234 185 87 81 23 146 527
internal_value=9.53688e-05 0.0109713 -0.00752836 -0.00535811 -0.00868781 -0.0121454 -0.00629927 0.00956906 0.00159908 -0.00792149 0.0068357 0.0196239 0.00615607 0.000870962 0.0269605 0.00623524 0.0117285 0.0211853 0.00232482 -0.00282799 0.0065908 -0.0142717 -0.0135392 -0.0183953 -0.0182669 -0.016851 0.0143829 0.03514 -0.0184061 -0.0113541
internal_weight=1298.02 535.169 762.855 635.115 430.008 361.796 187.453 68.2115 205.107 72.4256 132.681 41.8623 63.8746 90.8189 9.86997 366.075 151.613 169.094 214.462 116.601 63.7426 52.858 62.5556 174.343 127.741 123.376 5.65976 4.35585 117.716 62.8307
internal_count=20730 4616 16114 12381 9636 9142 4062 494 2745 1043 1702 407 481 1295 124 3562 948 1054 2614 1441 691 750 919 5080 3733 3548 191 110 3357 673
is_linear=0
shrinkage=0.05


Tree=65
num_leaves=31
num_cat=0
split_feature=10 10 8 10 13 11 1 15 11 10 19 15 16 19 11 9 15 10 11 3 18 3 10 13 17 19 17 11 16 11
split_gain=45.2409 9.81179 6.11498 5.14704 6.90742 3.98554 4.85977 4.35079 4.49506 3.84949 4.29044 4.48998 3.24518 3.38565 3.17507 4.58008 3.08682 3.50488 3.53559 3.41083 3.12302 2.83978 2.63128 2.59646 2.51568 2.79561 2.43399 2.42577 2.40303 2.95777
threshold=38.95000000000001 34.45000000000001 11.500000000000002 40.95000000000001 13.500000000000002 449.00000000000006 11.500000000000002 56.870833333333344 499.00000000000006 36.45000000000001 160.50000000000003 56.118055555555564 46.500000000000007 1192.5000000000002 489.00000000000006 185.70000000000002 55.12916666666667 39.350000000000001 451.00000000000006 5.5000000000000009 28.500000000000004 7.5000000000000009 37.050000000000004 16.500000000000004 216.00000000000003 11.500000000000002 188.50000000000003 513.00000000000011 23.500000000000004 513.00000000000011
decision_type=2 2 2 2 2 2 2 2 2 2 2 2 2 2 2 2 2 2 2 2 2 2 2 2 2 2 2 2 2 2
left_child=1 14 9 16 -5 6 21 8 -7 10 -3 -12 13 -11 15 -1 19 28 -19 -2 -20 -4 -14 -17 25 -21 -8 -6 29 -18
right_child=3 2 5 4 27 7 26 -9 -10 12 11 -13 22 -15 -16 23 17 18 20 24 -22 -23 -24 -25 -26 -27 -28 -29 -30 -31
leaf_value=-0.027379407132788986 0.039729553794597743 -0.031576989103263862 0.0050582563089114898 -0.035303028959598713 0.040338012954823609 -0.0045203153427092746 -0.059837199908737905 -0.030609421513640767 0.0068198997659825664 -0.0082993934777675828 -0.0038374759546464 -0.025982921071968909 -0.039054966682554752 0.0084794341434640454 -0.047696647590371122 0.040465518229235137 -0.0013623579614979245 0.039160829512337757 0.0064231604911526644 -0.034159259855487047 0.027542496278488274 0.02465400003171575 0.039272790875252005 -0.014017563296392716 0.027975393209902923 0.011545907555168209 0.0005236406654827077 0.011049525523663419 0.021074260308560275 -0.045378399270314174
leaf_weight=32.256945275730686 21.265648886561394 31.567767965781968 47.60591840185225 3.5346023403108111 44.435362976044416 326.30557981738821 3.459212001413106 13.125813652761279 119.01936200307682 216.67112939426443 77.126447967428248 32.909305071632843 1.13312289235182 34.537286026519723 12.948970137746072 4.3228951096534711 36.261700608767569 13.575514333322642 71.860635957214981 3.8150170333683517 23.544929867610335 31.107624983880669 6.5475250876042992 4.0710558388382196 21.294358840677887 21.955207190476358 2.8398570455610752 9.1051061768084747 10.005192428361623 4.2059289785102001
leaf_count=1386 107 1092 370 30 240 2819 32 154 935 5728 2888 1465 51 946 541 21 337 73 526 37 158 195 94 36 148 192 19 55 69 48
internal_value=-0.000107393 -0.00512993 -0.00394055 0.0174592 0.0309552 -0.000475825 0.00944945 -0.00232888 -0.00147741 -0.00862837 -0.0152714 -0.0105237 -0.00497109 -0.00597021 -0.0259367 -0.0187826 0.0140435 0.010166 0.0152089 0.022991 0.0117109 0.0128874 0.0267211 0.0135987 0.0152536 0.00448057 -0.03226 0.0354803 -0.000632244 -0.00616092
internal_weight=1282.42 997.556 943.956 284.859 57.0751 543.463 85.0126 458.451 445.325 400.493 141.604 110.036 258.889 251.208 53.5999 40.6509 227.784 159.454 108.981 68.3302 95.4056 78.7135 7.68065 8.39395 47.0646 25.7702 6.29907 53.5405 50.4728 40.4676
internal_count=20792 18772 16788 2020 325 4524 616 3908 3754 12264 5445 4353 6819 6674 1984 1443 1695 1211 757 484 684 565 145 57 377 229 51 295 454 385
is_linear=0
shrinkage=0.05


Tree=66
num_leaves=31
num_cat=0
split_feature=10 10 8 10 10 9 13 19 19 17 13 10 16 1 15 9 3 1 8 16 19 19 13 9 19 9 0 17 7 19
split_gain=41.1424 10.3753 6.23698 4.57915 4.37479 4.15425 4.03641 3.88871 3.63614 3.17117 4.22101 3.06371 4.32156 3.94889 3.05147 4.23016 2.80845 2.46033 3.57153 3.26708 2.40055 3.83439 3.74887 3.36002 3.55256 3.0085 5.61398 1.70008 1.6629 1.61489
threshold=39.050000000000004 34.95000000000001 11.500000000000002 40.750000000000007 38.150000000000013 439.05000000000007 14.500000000000002 11.500000000000002 5.5000000000000009 695.00000000000011 49.500000000000007 36.750000000000007 46.500000000000007 11.500000000000002 56.184659090909101 213.35000000000005 5.5000000000000009 10.500000000000002 14.500000000000002 35.500000000000007 57.000000000000007 64.500000000000014 62.000000000000007 30.250000000000004 31.500000000000004 24.450000000000003 2002.5000000000002 218.50000000000003 53.500000000000007 843.50000000000011
decision_type=2 2 2 2 2 2 2 2 2 2 2 2 2 2 2 2 2 2 2 2 2 2 2 2 2 2 2 2 2 2
left_child=1 5 8 20 17 9 -5 -6 -3 14 -11 13 -13 -10 15 -1 -9 18 -4 -19 23 -22 28 25 27 26 -2 -25 -23 -16
right_child=3 2 4 6 7 -7 -8 16 11 10 -12 12 -14 -15 29 -17 -18 19 -20 -21 21 22 -24 24 -26 -27 -28 -29 -30 -31
leaf_value=-0.023173761486492861 -0.058967676129685676 -0.042682448136945363 -0.0091403476211318682 -0.0077789885705238093 0.030569867713513922 0.053231714263486454 0.033156249842479377 0.015470313691905949 -0.017701159140885971 -0.017257691348881703 0.071993204539535546 -0.0047616346397758892 0.033951665883361321 0.0019754749971034025 -0.055148333627130834 0.00529937952409789 -0.0023606131668213138 0.0016001436069764383 0.0021387832655987804 0.030018862150933731 0.063611362055648532 0.030625947835340013 0.056698005254972872 -0.0083427654140056772 -0.049209939879122346 0.055824871925757968 0.029953926707676961 0.017761103474606202 0.01182191899496938 -0.020445829254781767
leaf_weight=76.097356103651691 2.3008427307941002 7.2512167056556782 160.7894420826342 6.4500983748584977 18.439379399642348 1.8348026424646366 59.238248461857438 38.413490498438478 104.83668423700146 3.2575173325603819 2.0397531896596774 229.44208102056291 7.3182030289899549 33.076461005024612 9.8715414586476999 15.370564471930264 50.805209536105394 114.02130984887481 123.39234056696296 11.061128782108424 4.207454382441937 13.377379661425946 5.2483125515282145 17.464772533625371 3.9714090395718804 4.7452012281864873 6.6011829543858767 9.5432133208960277 128.10022747609764 6.1668179646949275
leaf_count=2583 32 225 1757 50 108 5 331 230 4677 164 22 5541 121 696 293 99 382 732 990 62 18 71 26 133 32 18 47 67 1011 269
internal_value=-0.000117621 -0.00468241 -0.00286811 0.0175669 0.000703234 -0.0188493 0.029055 0.00967347 -0.00771381 -0.0201122 0.0168798 -0.0070125 -0.00353008 -0.0129478 -0.0219954 -0.0183339 0.00526931 -0.00164598 -0.00422631 0.00417515 0.0136696 0.0166888 0.0152668 0.00333177 -0.00565064 0.0239785 0.00601583 0.000728027 0.0136556 -0.0423243
internal_weight=1274.73 1013.49 898.847 261.248 516.922 114.638 65.6883 107.658 381.925 112.804 5.29727 374.673 236.76 137.913 107.506 91.4679 89.2187 409.264 284.182 125.082 195.56 150.933 146.726 44.6266 30.9794 13.6472 8.90203 27.008 141.478 16.0384
internal_count=20792 18956 15521 1836 4261 3435 381 720 11260 3430 186 11035 5662 5373 3244 2682 612 3541 2747 794 1455 1126 1108 329 232 97 79 200 1082 562
is_linear=0
shrinkage=0.05


Tree=67
num_leaves=31
num_cat=0
split_feature=10 10 9 13 13 13 10 10 8 3 14 15 17 10 20 15 11 6 11 14 8 20 9 8 11 20 16 11 11 16
split_gain=36.6315 10.0692 5.95104 5.85618 18.2745 4.63545 5.09635 4.35488 3.67008 4.25134 3.46251 3.08228 2.88812 2.8542 2.735 2.69628 2.2522 3.18816 2.02968 2.07786 1.98742 1.97547 1.95149 7.93861 4.20945 2.2707 1.71971 1.6671 3.14273 1.61151
threshold=39.050000000000004 36.750000000000007 271.10000000000008 58.000000000000007 53.000000000000007 13.500000000000002 40.95000000000001 34.45000000000001 14.500000000000002 8.5000000000000018 110.69687500000002 56.89204545454546 132.50000000000003 37.050000000000004 5.5000000000000009 56.806250000000006 511.00000000000006 4.5000000000000009 461.00000000000006 79.184375000000017 14.500000000000002 16.500000000000004 31.250000000000004 8.5000000000000018 489.00000000000006 19.500000000000004 42.500000000000007 477.00000000000006 489.00000000000006 42.500000000000007
decision_type=2 2 2 2 2 2 2 2 2 2 2 2 2 2 2 2 2 2 2 2 2 2 2 2 2 2 2 2 2 2
left_child=1 2 7 4 8 12 22 21 9 -3 18 14 -2 -6 -9 -10 -8 -18 19 -4 -20 26 25 -24 -25 29 -1 -14 -29 -7
right_child=5 3 10 -5 13 6 16 11 15 -11 -12 -13 27 -15 -16 -17 17 -19 20 -21 -22 -23 23 24 -26 -27 -28 28 -30 -31
leaf_value=-0.033053041489225575 0.01135059127478519 -0.0007834147492893688 0.011560377198328864 -0.040178880761781582 0.021050742018504251 0.024869096489436776 0.03719201604438583 -0.0040400557037788077 0.0086092562354634083 -0.015533523110545714 -0.028455745878178614 -0.053871526736961564 -0.068259816701664741 0.073596011564766584 -0.012793880418203825 -0.031209886045181757 -0.026570130645684548 0.032122465639225398 0.033730570565781375 0.051926665253282961 -0.0038406663039924124 0.00060744121381765283 -0.057274179264361326 0.019947450366279915 0.00012749271262575069 -0.022498915626830509 0 0.025365894533474959 -0.048538579112823159 -0.011358279001368141
leaf_weight=37.46684330762946 7.7504795803688449 342.24420249427203 7.8317152913659793 8.7249277603114006 4.1145619833841911 63.394180031493306 42.6811139639467 152.7356612442527 114.20845789695159 57.069179441255983 5.2154296524822703 3.8636923104058942 2.1648019859567285 9.3493309039622527 222.05641250012559 4.2705077417194834 3.5892056412994844 5.9273019414395094 4.3836007621139315 5.912499101832509 15.652598705142735 5.8019369883695608 4.0368275474756947 76.975331299938262 41.844996796920896 2.6526154214516273 4.1043486221460617 2.4479634743183851 3.0806191139854491 2.9762153839692465
leaf_count=1646 62 5980 47 217 39 519 238 2802 808 1174 41 166 21 34 5506 49 21 36 21 25 89 160 38 479 297 44 152 16 34 31
internal_value=-0.000101289 -0.00442998 -0.00982242 0.000205614 0.000885704 0.0166377 0.0183258 -0.0115388 -0.000605393 -0.00290735 0.00878308 -0.00972457 -0.00966547 0.0581804 -0.00924188 0.00710672 0.032252 0.00942017 0.0147471 0.029536 0.0042577 -0.025884 0.0144965 0.0106205 0.0130155 0.0212978 -0.0296939 -0.031353 -0.0150573 0.0231547
internal_weight=1264.53 1005.01 465.025 539.981 531.256 259.522 244.078 426.029 517.792 399.313 38.9958 378.656 15.4439 13.4639 374.792 118.479 52.1976 9.51651 33.7804 13.7442 20.0362 47.3731 191.88 122.857 118.82 69.023 41.5712 7.69338 5.52858 66.3704
internal_count=20792 18956 10655 8301 8084 1836 1703 10432 8011 7154 223 8474 133 73 8308 857 295 57 182 72 110 1958 1408 814 776 594 1798 71 50 550
is_linear=0
shrinkage=0.05


Tree=68
num_leaves=31
num_cat=0
split_feature=10 10 8 19 19 18 9 10 10 14 19 1 0 20 11 14 11 19 10 14 17 19 11 14 9 14 0 18 19 19
split_gain=36.8995 8.59114 5.81786 3.84086 4.43669 5.94471 4.54634 3.41594 3.2913 3.22599 7.24805 6.19132 5.0103 4.47425 4.34789 4.90453 3.15909 3.146 2.98565 2.87091 2.84168 2.57464 3.41094 2.54296 2.32462 2.16096 2.05749 2.68373 2.70637 1.90164
threshold=38.95000000000001 36.750000000000007 12.500000000000002 4.5000000000000009 886.00000000000011 29.500000000000004 278.35000000000008 39.650000000000013 34.45000000000001 40.930208333333333 372.50000000000006 11.500000000000002 2000.5000000000002 19.500000000000004 449.00000000000006 41.367272727272734 513.00000000000011 6.5000000000000009 37.750000000000007 100.8327380952381 38.500000000000007 32.500000000000007 519.00000000000011 35.506250000000009 18.350000000000005 21.837500000000002 2015.5000000000002 38.500000000000007 176.50000000000003 260.00000000000006
decision_type=2 2 2 2 2 2 2 2 2 2 2 2 2 2 2 2 2 2 2 2 2 2 2 2 2 2 2 2 2 2
left_child=1 2 8 -4 6 -6 -5 -2 -1 10 13 14 -12 20 24 -16 26 -10 -13 -19 -3 -18 -23 -15 -11 -14 -9 28 -28 -24
right_child=7 9 3 4 5 -7 -8 16 17 11 12 18 25 23 15 -17 21 19 -20 -21 -22 22 29 -25 -26 -27 27 -29 -30 -31
leaf_value=-0.030437621739120586 0.0094606600102894248 -0.073085806414009108 0.037811406307801859 -0.01250208494425584 -0.0082968283007988763 0.026070934957316452 0.0092665551315159883 0.020222904390741481 -0.055031378825538879 -0.023373683115133548 0.047562801437808354 0.041732744987707932 -0.050844383922667415 0.066716186310013428 0.046904560755588243 -0.0022023517202025646 0.042965393104951927 -0.010849636839476602 -0.0096046072711057986 -0.048937281105191917 -0.023434232676738085 -0.034284142817144057 -0.013760791930479833 -0.0054165026812182902 0.018266066998667063 0.001486021577305382 0.046415671633655897 0.065726672908804823 0.013378091415012616 0.022349885232570234
leaf_weight=30.992135084583424 117.68269815552048 3.1660773628391317 5.2683970639482132 140.57796666165814 25.981315313372761 23.975348923355341 28.568951494991779 99.909755984786898 4.2896281130379057 3.4562693092739201 5.9582484252750865 13.481975795701148 1.9683553418144573 1.8811626927927125 5.0523944534361354 353.78685597219737 3.6052492428571012 196.85062106195255 3.3490413543768218 5.0711396469851016 40.378870799439028 5.8961420338600901 5.297302544116973 2.8648684457875788 41.84990099305287 41.018676475039683 11.251498095691206 6.0183568987995377 15.225456550717352 10.502091141417621
leaf_count=1736 975 39 28 1277 232 159 158 690 143 172 52 85 34 13 38 5704 22 6717 49 205 683 40 43 52 405 791 57 22 100 71
internal_value=-0.000165316 -0.00471449 -0.00967495 -0.00387061 -0.00491247 0.0081163 -0.00879251 0.0159976 -0.0151403 -0.000285507 -0.00849727 0.00160092 0.00497675 -0.0222392 0.000347373 -0.00148413 0.0208348 -0.0128033 0.0312259 -0.0118547 -0.0273181 0.00438212 -0.00196775 0.0229294 0.0149349 -0.000906561 0.0239352 0.0350987 0.0277275 0.00991763
internal_weight=1255.18 979.788 461.576 224.372 219.104 49.9567 169.147 275.389 237.204 518.213 97.2363 420.976 48.9453 48.291 404.145 358.839 157.706 206.211 16.831 201.922 43.5449 25.3008 21.6955 4.74603 45.3062 42.987 132.405 32.4953 26.477 15.7994
internal_count=20792 18772 10655 1854 1826 391 1435 2020 8801 8117 1664 6453 877 787 6319 5742 1045 7065 134 6922 722 176 154 65 577 825 869 179 157 114
is_linear=0
shrinkage=0.05


Tree=69
num_leaves=31
num_cat=0
split_feature=10 10 9 13 13 13 10 11 9 9 10 10 13 6 8 17 0 13 13 1 1 8 14 11 18 13 10 11 11 9
split_gain=35.1659 8.91986 5.52939 4.90698 17.2123 4.63403 5.86235 4.18805 3.67398 3.78991 3.314 3.06851 3.01505 2.75407 4.04985 2.57452 2.55054 2.49476 3.88321 3.71137 2.14872 3.4503 3.008 2.50601 2.0571 1.84042 1.7178 1.48102 2.80249 1.41698
threshold=39.050000000000004 36.750000000000007 101.45000000000002 58.000000000000007 53.000000000000007 13.500000000000002 41.050000000000004 439.00000000000006 62.550000000000004 51.95000000000001 38.250000000000007 34.050000000000004 19.000000000000004 3.5000000000000004 14.500000000000002 132.50000000000003 2005.5000000000002 16.500000000000004 21.000000000000004 11.500000000000002 9.5000000000000018 6.5000000000000009 51.742460317460328 451.00000000000006 45.500000000000007 62.000000000000007 37.050000000000004 505.00000000000006 517.00000000000011 151.05000000000004
decision_type=2 2 2 2 2 2 2 2 2 2 2 2 2 2 2 2 2 2 2 2 2 2 2 2 2 2 2 2 2 2
left_child=1 2 11 4 8 15 20 12 9 -3 -10 -1 29 14 -9 -2 -15 19 -19 -13 24 22 -22 -23 25 -7 -6 -8 -29 -4
right_child=5 3 7 -5 26 6 27 13 10 -11 -12 17 -14 16 -16 -17 -18 18 -20 -21 21 23 -24 -25 -26 -27 -28 28 -30 -31
leaf_value=-0.035628261855733014 0.0099589143076384279 -0.0032469185980065654 0.023147208379329532 -0.03820160969680958 0.026708805855530038 0.007971569351477234 0.038885570352407431 -0.049744065379665081 -0.00054727164673584088 -0.024248059126698196 0.011115091572825543 -0.023821650160586474 0.050204299112290476 -0.019079921129538609 0 -0.031018570214655206 -0.00090363232866519654 0.007038343623659668 -0.013211988894197666 -0.0065897697112703608 0.067283590132451235 0.043141970413817343 0.020381809283588875 0.0089102343465608056 0.03788970944660891 0.034477872327589289 0.07115039281839583 -0.021861572666117511 0.033672235082108128 -0.0046731523410805118
leaf_weight=15.857340699178165 7.4515861971303803 204.16497320559574 7.6320749297738137 8.1581113808788341 3.673371445387601 124.70581291173585 36.749033758416772 8.2365201702341455 197.84242466418073 24.071066866163164 87.444201616570354 84.47829325372004 5.1660161614418021 22.698416912928224 8.1721245665103179 7.4585037054494023 130.66658781189471 33.273276709311176 79.455395396216772 51.200721055269241 7.0599240632727724 6.4991167634725562 7.561283128336072 32.593011448159814 6.7395464815199366 6.9749419242143622 8.7010879479348642 3.1238454878330213 7.1069893408566713 10.63343098759651
leaf_count=980 62 5208 51 217 39 979 202 71 1864 340 599 3330 28 213 52 71 1042 958 2726 1125 32 37 84 223 42 36 34 21 47 79
internal_value=-9.17862e-05 -0.00434847 -0.00947169 3.1658e-05 0.000641417 0.0164987 0.0181928 -0.00300759 -0.000758533 -0.00549336 0.00301252 -0.0141758 0.0167092 -0.0057665 -0.0252243 -0.0102763 -0.00363703 -0.0127724 -0.00718959 -0.0173654 0.0142632 0.0228363 0.0436714 0.0148244 0.0108863 0.00943861 0.0586785 0.034093 0.0161843 0.00674182
internal_weight=1245.55 991.525 457.47 534.055 525.897 254.024 239.114 193.205 513.523 228.236 285.287 264.265 23.4315 169.774 16.4086 14.9101 153.365 248.408 112.729 135.679 192.134 53.7133 14.6212 39.0921 138.42 131.681 12.3745 46.9799 10.2308 18.2655
internal_count=20792 18956 10655 8301 8084 1836 1703 1536 8011 5548 2463 9119 158 1378 123 133 1255 8139 3684 4455 1433 376 116 260 1057 1015 73 270 68 130
is_linear=0
shrinkage=0.05


Tree=70
num_leaves=31
num_cat=0
split_feature=8 19 14 5 14 11 19 19 8 5 0 17 17 3 0 11 18 1 13 14 0 19 13 18 20 5 17 20 18 5
split_gain=3.88881 5.10997 3.18134 4.02575 3.42746 4.29132 3.54902 3.31071 3.97391 3.2554 3.83058 3.04882 4.08077 3.52626 2.86978 2.85522 5.59812 4.15866 2.74274 3.8921 3.06293 4.47767 3.11235 2.9023 2.91393 4.48054 3.17031 2.87961 2.54507 3.04476
threshold=12.500000000000002 5.5000000000000009 82.627916666666678 1.5000000000000002 73.68125000000002 451.00000000000006 11.500000000000002 36.000000000000007 13.500000000000002 1.5000000000000002 2017.5000000000002 160.50000000000003 213.50000000000003 5.5000000000000009 2020.5000000000002 483.00000000000006 41.500000000000007 4.5000000000000009 15.500000000000002 82.90000000000002 2017.5000000000002 1130.0000000000002 37.500000000000007 36.500000000000007 8.5000000000000018 1.0000000180025095e-35 37.500000000000007 10.500000000000002 9.5000000000000018 1.0000000180025095e-35
decision_type=2 2 2 2 2 2 2 2 2 2 2 2 2 2 2 2 2 2 2 2 2 2 2 2 2 2 2 2 2 2
left_child=1 14 4 7 6 -6 11 8 -4 10 -7 13 -13 -2 -1 16 -8 -17 23 20 21 -20 -22 24 25 -3 -26 -25 29 -21
right_child=2 18 3 -5 5 9 15 -9 -10 -11 -12 12 -14 -15 -16 17 -18 -19 19 28 22 -23 -24 27 26 -27 -28 -29 -30 -31
leaf_value=-0.043712247477039862 0.049802713052685854 -0.023826426020132366 0.033716368530488698 -0.040311276944756641 0.018390513790451538 -0.015497306411629875 -0.00015482006599326178 0.021680005138061492 -0.017092232019774146 0.032734053532120083 -0.061371691442455516 -0.043805958823303626 0.012120069327947883 0.012546962984020242 0.032472697667447141 -0.0072752007461707405 -0.033248294291738908 0.011013049100775055 -0.0036748368533123556 0.0093075145099388561 0.013964436874588379 0.0089843273268491643 -0.011422226715391504 -0.0078847046707018042 -0.05419688544621374 0.0032445866280063789 0.0033631109622306067 -0.043139650827685179 -0.027556043743943933 -0.033308160644986172
leaf_weight=10.497978820232673 10.295554326847197 37.022481404128484 5.2469989079982069 3.2674198932945719 9.5333861634135229 28.996704485267401 208.33968476811424 53.181950553320348 13.505882279947398 2.6669376157224169 5.4839908108115187 3.9643656434491303 16.343618697486818 17.908277709968388 1.2492476732004423 40.985956011805683 13.536922514438627 124.60334765445441 291.288887226925 15.006186354497915 72.70095441036392 91.709583181363996 14.176966972590888 13.913658349891195 2.3616742698941371 25.447256187559105 79.102307870052755 10.459281100891529 19.937142319045961 5.6765099440235636
leaf_count=272 54 825 32 29 62 265 1703 349 109 19 44 44 130 127 19 340 131 952 6699 365 1731 2451 378 328 49 475 1618 307 697 163
internal_value=9.97061e-05 -0.00240422 0.00320804 0.012777 0.00170443 -0.0111345 0.00309282 0.0153104 -0.0025075 -0.0188749 -0.0230944 0.0158383 0.000796471 0.0264514 -0.0349827 0.00148047 -0.00221048 0.00645458 -0.00182799 0 0.00128217 -0.000628975 0.00975592 -0.00736118 -0.00460763 -0.0127315 0.00156872 -0.0233326 -0.0148318 -0.00225206
internal_weight=1248.41 690.55 557.861 75.2023 482.659 46.681 435.978 71.9348 18.7529 37.1476 34.4807 48.5118 20.308 28.2038 11.7472 387.466 221.877 165.589 678.803 510.496 469.876 382.998 86.8779 168.307 143.934 62.4697 81.464 24.3729 40.6198 20.6827
internal_count=20767 16377 4390 519 3871 390 3481 490 141 328 309 355 174 181 291 3126 1834 1292 16086 12484 11259 9150 2109 3602 2967 1300 1667 635 1225 528
is_linear=0
shrinkage=0.05


Tree=71
num_leaves=27
num_cat=0
split_feature=9 15 9 11 17 17 11 19 15 13 14 9 19 13 14 1 15 19 19 13 18 3 19 19 17 19
split_gain=3.31245 2.62341 4.39792 3.78774 3.41237 3.9574 2.97792 2.42835 3.29299 3.14113 2.22478 2.13153 4.9945 2.2757 3.08501 2.14576 2.06396 2.03462 1.94747 4.81822 2.63945 1.88247 0.784819 0.320387 0.163769 0.144419
threshold=2.5500000000000003 55.12916666666667 194.35000000000005 549.00000000000011 387.50000000000006 216.00000000000003 511.00000000000006 5.5000000000000009 56.261363636363647 21.000000000000004 102.20625000000003 4.1500000000000012 349.00000000000006 10.500000000000002 27.558333333333334 9.5000000000000018 54.986111111111121 213.50000000000003 1170.0000000000002 14.500000000000002 17.500000000000004 5.5000000000000009 255.00000000000003 65.500000000000014 123.00000000000001 1408.5000000000002
decision_type=2 2 2 2 2 2 2 2 2 2 2 2 2 2 2 2 2 2 2 2 2 2 2 2 2 2
left_child=23 2 11 7 5 21 10 8 9 -3 17 12 22 15 -15 -13 -14 -4 20 -20 -9 -5 -2 -1 -10 -25
right_child=1 3 6 4 -6 -7 -8 18 24 -11 -12 13 16 14 -16 -17 -18 -19 19 -21 -22 -23 -24 25 -26 -27
leaf_value=0 0.033593402995405246 0.00087606748362929309 0.01586655016286043 0.0581136511567035 0.072329771493066713 -0.04886522915224558 0.047078816783018763 1.1779139368422881e-05 -0.030422742261738075 -0.059106253148381277 0.039009576319704996 0.00025556009544192606 -0.035630913459359863 0.035750341990849879 0.00031552313772003184 -0.081623328894229741 0.043332922847871574 -0.0060445916747263314 -0.022652148893556739 0.0094460061694478514 -0.0063049831770037035 -0.0024640469236812965 0.093402185345518376 -0.049250120550578314 -0.06699023037608666 0
leaf_weight=0.26775327633367751 1.4296464083017775 14.278676952933898 29.066250226926059 2.9062510235235077 3.0881939502432942 1.965385968913324 6.9872226640582076 518.47276873496594 1.3286884920671571 2.4447823776863506 6.679377280175685 1.3420909761916837 2.6100525711080995 6.1958007501671082 268.36161940795137 1.5230019176378846 1.0577817846788091 16.165103850886226 13.252844943141097 90.798168440232985 241.64826813372201 1.9586490523070095 1.9646335501456631 3.7655924377031629 2.8709881872637197 0.22546407592017192
leaf_count=23 70 193 198 22 14 39 38 7759 19 35 39 40 248 141 4628 17 33 113 332 1864 4346 29 9 444 52 22
internal_value=9.32651e-05 0.000250405 0.00396842 -0.00117075 0.0293765 0.00847094 0.0164001 -0.001522 -0.0183278 -0.00789468 0.012092 0.00137222 0.0283207 0.000658241 0.00114609 -0.0428676 -0.0109855 0.00792943 -0.00110724 0.00529187 -0.00199036 0.0331591 0.0713244 -0.0434111 -0.0575606 -0.046943
internal_weight=1242.66 1238.4 343.383 895.014 9.91848 6.83029 58.898 885.095 20.9231 16.7235 51.9107 284.485 7.06211 277.423 274.557 2.86509 3.66783 45.2314 864.172 104.051 760.121 4.8649 3.39428 4.25881 4.19968 3.99106
internal_count=20767 20278 5574 14704 104 90 388 14600 299 228 350 5186 360 4826 4769 57 281 311 14301 2196 12105 51 79 489 71 466
is_linear=0
shrinkage=0.05


Tree=72
num_leaves=31
num_cat=0
split_feature=10 10 10 13 13 19 15 13 10 1 13 10 13 0 13 9 0 1 14 15 14 19 20 11 14 0 11 8 10 9
split_gain=33.8363 8.10069 6.729 6.0765 5.49156 7.71802 8.2213 7.48508 6.19262 5.16368 6.22836 5.22183 5.92779 4.72797 4.3606 4.3451 4.03755 4.14436 3.91736 3.83953 3.36901 3.32406 3.21839 2.94541 2.88801 2.88629 2.84424 2.83508 2.69675 2.48751
threshold=37.550000000000004 40.250000000000007 34.350000000000001 16.500000000000004 27.000000000000004 886.00000000000011 55.942810457516345 33.500000000000007 35.550000000000004 11.500000000000002 14.500000000000002 35.850000000000001 12.500000000000002 2006.5000000000002 13.500000000000002 102.85000000000001 2003.5000000000002 9.5000000000000018 33.762708333333343 53.822916666666679 40.556410256410267 554.00000000000011 18.500000000000004 499.00000000000006 50.463392857142871 2003.5000000000002 479.00000000000006 16.500000000000004 39.150000000000013 213.35000000000005
decision_type=2 2 2 2 2 2 2 2 2 2 2 2 2 2 2 2 2 2 2 2 2 2 2 2 2 2 2 2 2 2
left_child=2 16 24 9 8 6 -6 -7 13 10 20 23 -13 -5 -3 -12 21 18 -18 -19 -4 26 -16 -11 -1 -10 -2 -20 -28 -21
right_child=1 14 3 4 5 7 -8 -9 25 11 15 12 -14 -15 22 -17 17 19 27 29 -22 -23 -24 -25 -26 -27 28 -29 -30 -31
leaf_value=-0.012881795996023935 0.0091839401017319543 -0.017496636203806933 0.013422544167402354 -0.033687708951184149 -0.0029182887941267477 -0.012969691265937236 -0.030149362663967422 0.022832407575342131 -0.0011278602340007273 -0.016669152617883088 -0.025828214780995697 -0.030863505105116963 0.022663914792736422 0.0047685243746866893 0.02778839003183425 -0.010334223643511652 -0.022903598109996696 -0.03925604426115361 0.0056885889625103965 0.020673459240976657 -0.011457073863531262 -0.021247674998043947 -0.00024179806045065467 0.011609095650948593 -0.040227520780226289 0.026451777757438268 -0.020231187906186134 0.050847403789239645 0.0089969348116332361 -0.0030356799967287381
leaf_weight=18.921537008311134 49.80803433235269 6.4468079442158333 25.148518742644228 11.009413672960362 71.726150469738059 24.178190881968476 45.586360201530624 36.140926956839394 11.889062702190129 43.385399145015981 106.85657075364725 6.0575757636688641 30.67726573208347 27.900951882242225 82.741372594609857 81.231489050667733 11.828544900519772 2.8627122272737315 262.87544151546899 97.25775898527354 29.410045062657446 19.584433111129329 11.280522024258969 11.390060299541799 21.546777069888776 40.864622846362181 21.546661986736581 3.4558047484606496 12.068795178085564 12.047695599496363
leaf_count=837 559 50 574 287 1315 710 1067 843 235 799 3997 90 286 489 479 726 155 42 2929 940 706 387 93 175 869 581 325 16 114 92
internal_value=5.84623e-05 0.00867054 -0.00787569 -0.00653842 -0.000928372 -0.00607341 -0.0135592 0.0084011 0.00898323 -0.0110429 -0.0148599 -0.000862202 0.0136417 -0.00604269 0.0216243 -0.0191723 0.0060185 0.00834494 0.00504405 0.0164743 0 -0.00274811 0.0243756 -0.0106874 -0.0276282 0.0201512 0.00155521 0.00631218 -0.0095937 0.0180141
internal_weight=1237.73 593.805 643.921 603.453 269.296 177.632 117.313 60.3191 91.6641 334.157 242.647 91.5103 36.7348 38.9104 100.469 188.088 493.336 390.328 278.16 112.168 54.5586 103.008 94.0219 54.7755 40.4683 52.7537 83.4235 266.331 33.6155 109.305
internal_count=20767 6181 14586 12880 5527 3935 2382 1553 1592 7353 6003 1350 376 776 622 4723 5559 4174 3100 1074 1280 1385 572 974 1706 816 998 2945 439 1032
is_linear=0
shrinkage=0.05


Tree=73
num_leaves=31
num_cat=0
split_feature=10 10 13 10 13 13 10 15 0 0 1 10 13 10 13 10 0 0 14 11 14 18 11 16 14 11 14 11 17 11
split_gain=31.9957 7.24717 5.83861 6.43738 4.8842 7.50438 8.08331 4.92775 4.23344 4.003 3.73478 5.1839 4.50989 3.72672 5.45834 3.54463 3.32435 3.09648 2.653 3.13608 2.70031 2.43151 2.34012 3.27135 2.3183 2.58792 2.39889 2.20279 3.00003 1.98954
threshold=38.150000000000013 34.350000000000001 13.500000000000002 40.250000000000007 16.500000000000004 21.000000000000004 36.050000000000004 56.059027777777786 2004.5000000000002 2001.5000000000002 11.500000000000002 35.850000000000001 12.500000000000002 37.550000000000004 14.500000000000002 36.250000000000007 2001.5000000000002 2010.5000000000002 37.411805555555567 461.00000000000006 58.203125000000007 40.500000000000007 443.00000000000006 31.500000000000004 40.296875000000007 489.00000000000006 39.90384615384616 471.00000000000006 124.50000000000001 431.00000000000006
decision_type=2 2 2 2 2 2 2 2 2 2 2 2 2 2 2 2 2 2 2 2 2 2 2 2 2 2 2 2 2 2
left_child=1 24 9 17 10 6 8 16 -6 -2 13 21 -13 14 -3 -9 -7 22 19 -19 -20 -12 29 -24 26 -26 -1 28 -11 -4
right_child=2 4 3 -5 5 7 -8 15 -10 27 11 12 -14 -15 -16 -17 -18 18 20 -21 -22 -23 23 -25 25 -27 -28 -29 -30 -31
leaf_value=-0.015287183032148918 -0.061907996512244469 -0.00013467300827228558 -0.0025370646540010941 0.023815364661919729 -0.032260305716544986 -0.019926884538345374 0.030596719040572928 -0.032955677068619918 0.0063234011798795611 0.0013593126946704135 -0.0069343436018485735 -0.02159109710999816 0.02097599752168982 -0.0022021512492135542 -0.018250135493862372 -0.0085924602597031632 0.0035385310034721437 0.035853330521895287 0.022076632518357699 -0.022393812648618894 0.0079841387470523609 -0.049222644456990178 0.0040076197114169735 -0.025022101717146319 -0.025405743326739158 -0.061818127613839674 0.059080282820713141 0.0053433131749078908 -0.065150049265286156 0.029931857589156476
leaf_weight=10.599339444423093 3.390217213425788 54.315178925462533 6.5116922045126584 93.449063279666007 8.7020269667264056 16.93002794298809 35.928749266662635 19.486416043248028 36.674793494632468 3.5019588684663203 50.821294801658951 7.3739002090878776 34.881733490154147 90.78617917234078 185.41462752755615 67.773636675032321 131.48414585774299 2.9203451666980973 79.895859467796981 9.3514331588521582 61.882302330806851 3.6119884274085043 140.07714773458429 10.299862480256705 21.1733323346125 6.8345359709928735 1.0908695380203415 16.555511357262731 2.941444847965613 14.670192317105828
leaf_count=493 49 1280 64 572 227 414 369 662 604 31 866 102 325 1466 4723 1467 2554 24 608 111 546 108 1445 150 868 317 28 150 40 104
internal_value=7.45202e-05 -0.0060019 0.0107778 0.0122205 -0.00488124 -0.000162353 0.01291 -0.00469698 -0.00102061 -0.0119042 -0.00837003 0.000223036 0.0133963 -0.0108983 -0.0141684 -0.0141218 0.000816482 0.00887119 0.0140289 -0.00795069 0.0159708 -0.00991724 0.00420529 0.00197073 -0.0268192 -0.0346574 -0.00748128 -0.00408065 -0.0287701 0.0197504
internal_weight=1229.33 783.883 445.447 419.058 744.185 316.98 81.3056 235.674 45.3768 26.3891 427.205 96.6889 42.2556 330.516 239.73 87.2601 148.414 325.609 154.05 12.2718 141.778 54.4333 171.559 150.377 39.6981 28.0079 11.6902 22.9989 6.4434 21.1819
internal_count=20767 16873 3894 3624 15167 6297 1200 5097 831 270 8870 1401 427 7469 6003 2129 2968 3052 1289 135 1154 974 1763 1595 1706 1185 521 221 71 168
is_linear=0
shrinkage=0.05


Tree=74
num_leaves=31
num_cat=0
split_feature=10 10 10 9 14 9 19 17 13 13 18 14 8 9 3 19 17 13 10 9 11 11 11 17 19 19 17 17 17 11
split_gain=29.6734 6.96002 5.19062 4.35962 3.39449 2.92749 4.16099 3.69838 3.48333 2.83319 2.66222 3.11273 3.92483 3.84649 2.62149 3.76314 2.5581 2.53598 3.20689 2.82164 3.38468 2.51249 3.64973 3.13121 3.07485 2.25624 2.20559 2.1689 1.88699 1.73037
threshold=37.95000000000001 34.45000000000001 39.050000000000004 217.70000000000002 30.13571428571429 16.950000000000003 1170.0000000000002 93.500000000000014 44.500000000000007 68.000000000000014 18.500000000000004 55.300000000000004 15.500000000000002 29.350000000000005 6.5000000000000009 199.50000000000003 160.50000000000003 13.500000000000002 42.750000000000007 75.15000000000002 485.00000000000006 505.00000000000006 475.00000000000006 260.00000000000006 648.00000000000011 1192.5000000000002 119.50000000000001 64.500000000000014 76.500000000000014 489.00000000000006
decision_type=2 2 2 2 2 2 2 2 2 2 2 2 2 2 2 2 2 2 2 2 2 2 2 2 2 2 2 2 2 2
left_child=1 29 4 5 -2 9 7 -7 -8 16 14 12 -12 -13 27 -16 -3 19 25 20 -4 22 24 -24 -5 28 -27 -6 -19 -1
right_child=2 3 17 21 10 6 8 -9 -10 -11 11 13 -14 -15 15 -17 -18 18 -20 -21 -22 -23 23 -25 -26 26 -28 -29 -30 -31
leaf_value=-0.019042757723136957 -0.031091284229070211 -0.028680025679350407 -0.054687806871933455 0.00378230424918075 -0.0031605972090571056 0.0021548093759502203 0.0014693833354119902 -0.0091254019125767312 0.033250497959266614 0.038106043797996723 0.0096289492088197579 -0.045383562014107787 -0.056047872357673473 -0.0039858040878855338 -0.0060621166090729746 0.015340302930421377 -0.010533939612500851 0.024288489686036762 0.044591585344550266 0.019209147223420715 0.005871124215326381 0.022376828025106297 -0.00575345788578674 -0.050902952730284626 0.037900501770330018 -0.0063549130673329389 0.036742976635949574 0.018695504225881288 0.01080565006068474 -0.041961566050810556
leaf_weight=37.703039069892839 6.4272956303320816 28.246771877864376 4.2928430540487152 45.501700386870652 13.082019408233462 91.521260973298922 43.485437043360434 339.85664982011076 10.778769012424162 2.3412493867799631 40.23526004946325 7.7234636005014208 2.296281609684228 21.088756947778165 50.378750768024474 34.370546465273947 67.620993855671259 31.812862262595445 9.5253733787685615 6.7759867627173653 4.5479578878730536 16.501596690155566 25.3829765371047 4.5198981957510105 7.7352796550840131 3.2657382190227535 18.723157554864883 69.435707875993103 165.57740416796878 11.395989611744879
leaf_count=1438 93 1821 53 328 142 1117 687 5546 142 54 476 215 23 199 574 364 4146 254 59 41 49 104 202 49 39 35 122 638 1225 532
internal_value=1.73481e-05 -0.00634713 0.00955091 -0.00502964 0.0043761 -0.00668271 -0.00507275 -0.00672066 0.00792375 -0.0145798 0.00536503 -0.00266547 0.00584261 -0.0153745 0.00881967 0.00256667 -0.015957 0.0147123 0.0160469 -0.00450883 -0.0232581 0.0046034 0.00099302 -0.0128915 0.00889515 0.0147649 0.030116 0.0151704 0.0130152 -0.0245384
internal_weight=1222.15 732.592 489.559 683.493 245.038 583.851 485.642 431.378 54.2642 98.209 238.611 71.3438 42.5315 28.8122 167.267 84.7493 95.8678 244.521 228.905 15.6168 8.8408 99.6415 83.1399 29.9029 53.237 219.379 21.9889 82.5177 197.39 49.099
internal_count=20767 16205 4562 14235 2724 13513 7492 6663 829 6021 2631 913 499 414 1718 938 5967 1838 1695 143 102 722 618 251 367 1636 157 780 1479 1970
is_linear=0
shrinkage=0.05


Tree=75
num_leaves=31
num_cat=0
split_feature=10 10 10 1 10 13 11 10 13 19 11 13 17 17 19 0 11 20 1 13 20 13 11 11 11 8 10 8 2 17
split_gain=36.5913 8.00747 5.17965 4.69154 9.41957 7.91005 4.70209 4.61704 4.29618 3.80491 3.76283 3.69856 4.3383 3.46529 3.41801 3.38069 3.08287 4.95686 2.84733 2.72635 2.98555 2.50534 3.33339 2.43743 2.43713 2.31828 2.30404 2.18625 2.12096 2.11927
threshold=38.150000000000013 39.850000000000001 34.45000000000001 11.500000000000002 35.850000000000001 16.500000000000004 499.00000000000006 37.45000000000001 13.500000000000002 934.00000000000011 507.00000000000006 21.000000000000004 22.500000000000004 79.000000000000014 622.50000000000011 2003.5000000000002 451.00000000000006 17.500000000000004 2.5000000000000004 13.500000000000002 9.5000000000000018 17.500000000000004 523.00000000000011 411.00000000000006 509.00000000000006 12.500000000000002 43.150000000000013 5.5000000000000009 5.5000000000000009 431.00000000000006
decision_type=2 2 2 2 2 2 2 2 2 2 2 2 2 2 2 2 2 2 2 2 2 2 2 2 2 2 2 2 2 2
left_child=2 9 -1 5 6 7 13 27 25 21 -8 12 -7 -5 -13 -10 -11 18 -18 20 -3 28 24 -9 -23 -6 -21 -4 29 -2
right_child=1 19 3 4 8 11 10 23 15 16 -12 14 -14 -15 -16 -17 17 -19 -20 26 -22 22 -24 -25 -26 -27 -28 -29 -30 -31
leaf_value=-0.02437107066504467 -0.0023226740117821237 -0.041103277186609215 -0.033129191807986041 0.013487166178665189 -0.0097470632836597244 0.058690626185643927 0.045593013318305259 0.064564857585493851 -0.015963810381887874 0.025183338744190015 -0.0096416125708879627 -0.011870336856555128 0.0039852747031122911 -0.024950159693449499 0.0004225691995039055 0.034738075072018225 -0.04823951385584202 -0.048688408279968495 -4.6313828672737806e-05 0.020385488552741131 0.017708586821131387 0.014515012823882956 -0.026682817163503098 -0.0062697321285800217 0.041722092150990632 0.048194554572704051 0.048757782243250891 -0.016588851234823631 0.010754117638767354 0.026908566245610194
leaf_weight=46.332377821876435 87.516151419375092 3.5690488144755346 23.197630830924027 6.7171892649494103 13.899619812145826 3.756561054615303 5.6543887122534198 1.1189341815188516 3.5011073444038621 6.8342299181967965 6.3389476082520559 118.33034745784244 67.702624938567169 37.032592451781966 106.75014031719184 29.235253860475495 3.2320046182721844 7.1152162689249954 40.886021816870198 113.34503805451095 5.0363404499366879 63.974882683251053 4.2034832909703246 100.08952388708713 9.7283289432525617 1.8597801476717002 7.924220271408557 191.68728293536697 81.726149024209008 6.5697057847864917
leaf_count=1937 879 41 2095 71 167 26 60 5 63 66 108 2216 1091 735 2731 230 59 120 448 745 38 598 60 1764 77 6 50 3572 760 49
internal_value=-0.00150816 0.00993962 -0.00813989 -0.00708062 0.0026866 -0.00875083 -0.011268 -0.0142565 0.0188197 0.00556905 0.0161476 -0.0028624 0.00700897 -0.0189173 -0.00602031 0.0291312 -0.00591916 -0.0102064 -0.00379104 0.0203811 -0.00630099 0.00821931 0.0157073 -0.00537429 0.0182256 -0.00233328 0.0223193 -0.0184123 0.00486571 -0.000202064
internal_weight=1204.87 441.661 763.204 716.872 104.239 612.633 55.7431 316.093 48.4958 311.786 11.9933 296.54 71.4592 43.7498 225.08 32.7364 58.0675 51.2332 44.118 129.875 8.60539 253.719 77.9067 101.208 73.7032 15.7594 121.269 214.885 175.812 94.0859
internal_count=20867 3990 16877 14940 1440 13500 974 7436 466 3116 168 6064 1117 806 4947 293 693 627 507 874 79 2423 735 1769 675 173 795 5667 1688 928
is_linear=0
shrinkage=0.05


Tree=76
num_leaves=31
num_cat=0
split_feature=10 10 9 6 18 18 18 16 15 18 10 14 15 3 18 9 15 10 20 20 18 19 10 14 14 15 20 20 17 16
split_gain=34.8217 10.3611 5.57932 4.44126 4.08505 3.79711 3.249 3.69501 3.39943 3.09207 2.82842 2.68343 2.59423 5.25786 3.82004 2.65816 2.55995 2.52708 2.62154 2.69001 2.51931 2.49555 2.4553 2.30231 2.2594 2.15756 3.0488 2.12685 2.12669 2.12332
threshold=37.550000000000004 39.350000000000001 164.05000000000004 3.5000000000000004 8.5000000000000018 45.500000000000007 18.500000000000004 36.500000000000007 56.06904761904763 47.500000000000007 34.050000000000004 56.751666666666672 54.515625000000007 7.5000000000000009 25.500000000000004 61.550000000000004 53.656862745098046 43.850000000000001 1.5000000000000002 4.5000000000000009 19.500000000000004 898.50000000000011 37.250000000000007 33.762708333333343 31.068506493506504 56.759615384615394 1.5000000000000002 10.500000000000002 564.50000000000011 42.500000000000007
decision_type=2 2 2 2 2 2 2 2 2 2 2 2 2 2 2 2 2 2 2 2 2 2 2 2 2 2 2 2 2 2
left_child=2 6 3 12 -4 20 25 8 28 -10 -5 -9 13 -1 27 -16 -12 18 -3 21 -6 -20 -22 -18 -21 -2 -27 -14 -8 -13
right_child=1 17 4 10 5 -7 7 11 9 -11 16 29 14 -15 15 -17 23 -19 19 24 22 -23 -24 -25 -26 26 -28 -29 -30 -31
leaf_value=0.031455341660034657 0.0068260131884836693 0.035966936777603473 -0.0075219477284191542 -0.037397484114350787 0.033268113914256929 -0.038950766582206996 -0.0015430352701790604 0.038526843939435479 -0.022699266286859556 0.013965453962743558 -0.047542123990447549 0.020264959505683387 -0.0063771335042038541 -0.026591369198362164 -0.0019854896375571559 0.034696935171983884 -0.0029443123193670117 0.0508860369683828 -0.010825877042306666 -0.017302770492285457 0.0013443301627601889 0.030218982057726662 0.037042559909553831 -0.014709316044619293 0.017630401117552989 0.034504577893713181 -0.027008801355100472 -0.031669912128874982 0.041835454316085784 -0.052074390086611549
leaf_weight=13.460527086921504 252.31152942538029 15.19982406683266 93.195497775450349 13.249838142073711 12.143445381894706 3.5783333992585531 63.91420833900338 8.1169518945971486 39.028440959518775 6.4947009817115022 5.5358085071202359 2.1278089396655555 21.180646185181104 5.3031663236906743 15.301245025795653 7.0316949007101348 49.015471631311812 5.3835895741358391 17.514043178875003 4.5635351529344907 32.236751877702773 4.5694872909225515 5.6386152673512688 324.49235146678984 142.37239212961867 2.3734658625908187 9.8579939284827542 14.378930680686606 2.8540467019192866 1.6975997355766592
leaf_count=270 2932 96 791 807 79 37 895 91 595 73 169 33 607 166 602 53 1081 29 163 40 224 42 33 9090 1038 23 158 580 35 35
internal_value=-0.00143645 0.00736774 -0.00971437 -0.0123779 -0.00116873 0.00977867 0.00267742 -0.0039665 -0.00681797 -0.0173396 -0.0145296 0.022264 -0.00129649 0.0147306 -0.00659373 0.00944455 -0.0137074 0.0169523 0.0159064 0.0140526 0.0134353 -0.00200961 0.00687404 -0.01318 0.0165004 0.00581673 -0.0144839 -0.0168049 0.00029622 -0.0110721
internal_weight=1194.12 578.38 615.742 468.95 146.793 53.5971 388.777 124.234 112.291 45.5231 392.293 11.9424 76.6562 18.7637 57.8925 22.3329 379.044 189.603 184.219 169.019 50.0188 22.0835 37.8754 373.508 146.936 264.543 12.2315 35.5596 66.7683 3.82541
internal_count=20867 6278 14589 13425 1164 373 4870 1757 1598 668 11147 159 2278 436 1842 655 10340 1408 1379 1283 336 205 257 10171 1078 3113 181 1187 930 68
is_linear=0
shrinkage=0.05


Tree=77
num_leaves=31
num_cat=0
split_feature=10 10 10 1 10 13 10 0 13 13 14 19 13 17 19 10 7 17 9 13 17 1 6 9 9 14 8 7 13 17
split_gain=34.4498 5.80122 5.4265 4.75553 9.36691 4.98239 4.79908 4.55776 3.56216 3.45413 3.37679 3.3084 3.05381 2.97519 2.88897 2.84333 2.84197 2.82509 2.69648 2.61054 2.65346 2.60334 2.61232 2.32143 5.73942 2.89117 2.31 2.12213 2.06466 2.06346
threshold=38.350000000000001 37.350000000000001 39.850000000000001 11.500000000000002 35.850000000000001 16.500000000000004 35.150000000000013 2005.5000000000002 27.000000000000004 16.500000000000004 43.290833333333339 934.00000000000011 21.000000000000004 522.50000000000011 16.500000000000004 34.650000000000013 56.250000000000007 285.50000000000006 7.5500000000000007 12.500000000000002 117.50000000000001 10.500000000000002 7.5000000000000009 115.85000000000001 41.350000000000001 55.138942307692311 10.500000000000002 49.500000000000007 13.500000000000002 291.50000000000006
decision_type=2 2 2 2 2 2 2 2 2 2 2 2 2 2 2 2 2 2 2 2 2 2 2 2 2 2 2 2 2 2
left_child=1 3 11 5 15 13 7 -7 -8 16 18 -2 -12 27 -14 -5 21 -17 29 -6 -21 22 -3 24 25 -13 -26 -1 -4 -11
right_child=2 9 28 4 19 6 8 -9 -10 10 12 23 14 -15 -16 17 -18 -19 -20 20 -22 -23 -24 -25 26 -27 -28 -29 -30 -31
leaf_value=0.057190221809747081 0.0094287722858601829 -0.0053643092333754104 -0.0041353700105872526 -0.035762354020693575 -0.010906308111851603 -0.049349598659067247 0.0067765712059178725 -0.013012648269453057 -0.008038542195979612 -0.019170431143580958 0.039900509482770248 0.015441139652247993 -0.033420010253607191 -0.044830706945664343 0.011238479122766388 -0.015482653887105666 -0.013024638571896339 0.0097670502296396088 -0.018111305060361668 0.043878334169871108 0.013628644778379929 0.018983803487508697 0.04799081553315071 0.020055844052129471 -0.071798864932407266 -0.018326612224640156 -0.023058875316850913 -0.016765340961824023 0.021086391553236036 0.068635568261264421
leaf_weight=0.84925535973161359 209.45061604108196 65.826175178517587 8.3268276806920749 10.761494849226436 5.9494805932044974 10.547925759106873 59.60745047358796 50.762052446953021 125.12926405563485 0.91342811938375534 8.8469709181226772 17.466201948001984 3.7335807441268107 9.8205059882602637 54.781489493325353 33.990392796462402 66.722423980187159 16.078518791822717 17.266947327647358 11.522869337350128 21.684014956466854 15.836963038425891 2.2641437081620088 7.5309287831187239 3.4973024837672702 9.7508766776882094 9.8154153861105424 206.10241282056086 118.59638729691505 1.6311905875336377
leaf_count=5 1971 1060 79 313 81 382 1003 1677 2965 52 65 212 72 463 833 564 1243 288 283 73 236 173 17 50 30 177 82 5602 795 21
internal_value=-0.00138463 -0.00729545 0.010911 -0.0100624 -0.00012314 -0.0121984 -0.00728984 -0.0194158 -0.00323014 -0.000724917 0.00716723 0.00670637 0.0125353 -0.0177409 0.00825157 -0.0124441 -0.00532661 -0.0072713 -0.010805 0.0188734 0.0243757 0.000742056 -0.00344904 -0.00504907 -0.00987481 0.00313756 -0.0366757 -0.0164102 0.0193904 0.0356926
internal_weight=1185.06 800.629 384.435 562.806 99.9868 462.819 246.047 61.31 184.737 237.823 87.1736 257.511 67.362 216.772 58.5151 60.8304 150.65 50.0689 19.8116 39.1564 33.2069 83.9273 68.0903 48.0607 40.5298 27.2171 13.3127 206.952 126.923 2.54462
internal_count=20867 17471 3396 13652 1555 12097 6027 2059 3968 3819 1326 2522 970 6070 905 1165 2493 852 356 390 309 1250 1077 551 501 389 112 5607 874 73
is_linear=0
shrinkage=0.05


Tree=78
num_leaves=31
num_cat=0
split_feature=10 10 1 10 13 10 15 2 15 0 1 13 11 17 10 17 17 17 8 15 8 14 15 17 19 8 14 14 17 11
split_gain=32.3319 9.52661 4.62522 7.00055 5.89596 4.8315 4.36455 8.19941 5.22896 3.97388 3.67739 3.44236 3.00843 3.74918 2.86113 2.81826 3.88455 3.62403 2.78539 2.49637 2.96048 2.90634 2.87789 3.01948 2.52242 3.80181 2.39076 3.72406 2.33474 2.31244
threshold=37.550000000000004 39.050000000000004 11.500000000000002 35.850000000000001 16.500000000000004 35.150000000000013 55.972222222222229 5.5000000000000009 55.885620915032682 2005.5000000000002 4.5000000000000009 12.500000000000002 449.00000000000006 117.50000000000001 41.850000000000001 79.000000000000014 74.500000000000014 183.50000000000003 5.5000000000000009 56.656862745098046 14.500000000000002 49.118750000000006 54.88194444444445 152.00000000000003 1073.5000000000002 7.5000000000000009 55.540625000000013 61.558125000000011 173.50000000000003 473.00000000000006
decision_type=2 2 2 2 2 2 2 2 2 2 2 2 2 2 2 2 2 2 2 2 2 2 2 2 2 2 2 2 2 2
left_child=2 19 4 15 18 9 8 -8 -7 10 -6 -5 -13 -14 -3 16 -4 -17 -1 20 -2 24 -22 -24 -21 -26 -23 -28 -16 -19
right_child=1 14 3 11 5 6 7 -9 -10 -11 -12 12 13 -15 28 17 -18 29 -20 21 22 26 23 -25 25 -27 27 -29 -30 -31
leaf_value=-0.032336210142001186 0.00047061250905009675 0.012903218157383038 -0.0091471464440348715 -0.016733263753354276 0.030437484396004185 -4.2833823274259008e-05 -0.032415302024101193 0.00042532615730529006 0.033239416173414707 -0.012525306994269618 -0.057644315744207412 -0.020897364772844752 0.050235625880217828 0.013893032512428995 0.011102567828554568 -0.034981071029479609 0.061139829407615733 -0.02069095156719036 -0.015032326063996741 -0.042782736897322801 -0.0080473819046140149 0.025526226322735591 0.029461495327896461 0.0049839696194401602 -0.052737915074156476 0.041634587099915479 -0.053123766048091638 0.0051564147533382648 0.043682799637959215 0.0047193527491762232
leaf_weight=26.840334379579872 229.99085729866056 216.2353483135812 5.1516257938928884 6.4880476850084952 1.2162604515178816 110.10795164457522 29.527270566264633 52.194981838809326 13.078401331324129 50.649669965408975 9.1886149049969372 3.4273162051104 11.388392225839199 20.358653302770108 9.6218317514285463 15.664496082812546 2.970845325384289 15.345041172462514 213.24839692946989 9.5994348903186602 13.086859250441192 6.5726832551881698 27.042450560256839 24.666709042154253 1.6859848937019695 2.5318623688071966 3.6923337434418491 9.4139753088820708 14.786178620532153 20.711182744300459
leaf_count=2518 3396 1732 74 86 12 2185 1019 941 173 1677 370 41 68 210 66 343 19 331 4124 191 118 78 160 180 41 20 80 127 89 398
internal_value=-0.00133146 0.00722854 -0.00935528 0.000337634 -0.0113091 -0.00614832 -0.00243801 -0.0114044 0.0034742 -0.0184946 -0.0466804 0.0161008 0.0223292 0.0272038 0.014786 -0.0105617 0.0163836 -0.0149133 -0.0170003 0.00167061 0.00315463 -0.0112113 0.012589 0.0179137 -0.0287111 0.00240569 0.000906182 -0.0111617 0.0311411 -0.00598396
internal_weight=1176.48 568.927 607.557 101.506 506.052 265.963 204.909 81.7223 123.186 61.0545 10.4049 41.6624 35.1744 31.747 240.643 59.8432 8.12247 51.7207 240.089 328.283 294.787 33.4963 64.796 51.7092 13.8173 4.21785 19.679 13.1063 24.408 36.0562
internal_count=20867 6278 14589 1570 13019 6377 4318 1960 2358 2059 382 405 319 278 1887 1165 93 1072 6642 4391 3854 537 458 340 252 61 285 207 155 729
is_linear=0
shrinkage=0.05


Tree=79
num_leaves=31
num_cat=0
split_feature=10 10 10 11 1 13 11 15 15 10 7 2 9 9 19 19 13 15 11 9 18 9 13 18 9 10 0 10 15 11
split_gain=30.3895 6.06024 4.51022 7.68963 5.76579 7.84694 5.70547 5.02549 4.65808 4.24868 4.239 4.16807 3.74771 3.76495 3.3061 2.81027 2.77616 4.71367 3.42481 3.2478 2.77401 2.7229 2.70405 2.47312 2.40969 2.36311 2.01658 1.94032 1.93727 1.8963
threshold=38.150000000000013 39.350000000000001 35.050000000000004 509.00000000000006 11.500000000000002 16.500000000000004 473.00000000000006 55.972222222222229 55.885620915032682 37.250000000000007 55.750000000000007 5.5000000000000009 43.850000000000001 49.45000000000001 51.500000000000007 1192.5000000000002 16.500000000000004 56.535897435897446 521.00000000000011 15.65 18.500000000000004 151.05000000000004 13.500000000000002 12.500000000000002 246.35000000000005 43.150000000000013 2010.5000000000002 38.45000000000001 56.433035714285722 521.00000000000011
decision_type=2 2 2 2 2 2 2 2 2 2 2 2 2 2 2 2 2 2 2 2 2 2 2 2 2 2 2 2 2 2
left_child=2 16 3 12 5 9 14 8 -7 28 -8 -9 -1 -14 -6 -15 20 18 19 -18 23 -12 -3 29 -11 -24 -25 -19 -4 -2
right_child=1 22 4 -5 6 7 10 11 -10 24 21 -13 13 15 -16 -17 17 27 -20 -21 -22 -23 25 26 -26 -27 -28 -29 -30 -31
leaf_value=-0.025495533637487994 0.003485383735047743 -0.0081473380998692887 -0.015878746990634102 -0.058177991988325642 -0.04694771839807596 0.0013474736729826072 0.033982465060200216 -0.021930026777683676 0.030172719741303634 -0.0089372162345171639 -0.0075110064526639972 -0.001419847161905137 0.035353134890448931 -0.0066261606267481428 -0.0024168499319150434 -0.057340107037843438 -0.015498407693777827 0.008908674232941928 -0.036284210720153635 0.023086871178962451 -0.010501969402335226 0.027018396581836981 0.016190170389302032 -0.0051732844617629866 0.012542538954583977 0.045770732445522308 0.041924759530715776 -0.030800892726046736 -0.029705760458177077 -0.025976460316763695
leaf_weight=36.864592967322096 102.66678842424881 10.622776280622928 130.82791776533122 10.135261664050629 4.8191525037400416 138.65549690451007 21.708877044729888 42.514617441047449 15.556542775477281 108.86977228714386 17.128132724668834 60.555383580271155 5.0388659205054855 61.951271871919744 29.428932817885652 2.7989360326901069 5.7965335403569034 4.6165470201522103 2.7319452888332298 57.423895034007728 44.20129053038545 8.3713564760982973 167.41881732735783 3.0154057533945871 14.567792033776639 7.1897736825048915 7.1876536421477795 8.0713038477115315 33.113788541639224 5.6442483733408144
leaf_count=2429 1009 111 3536 370 79 2670 204 1245 208 2224 298 1093 92 794 393 53 144 67 49 461 551 43 1247 55 103 50 56 112 1043 78
internal_value=-0.00147599 0.00915384 -0.00758693 -0.0166278 -0.00589017 -0.00774985 0.00647761 -0.00138429 0.00430537 -0.0134289 0.0177686 -0.00994147 -0.0125817 -0.005662 -0.00894693 -0.0089805 0.00390288 0.0116108 0.0170154 0.0194512 0.000142074 0.00369077 0.0159631 0.00415956 -0.00635366 0.0174623 0.027605 -0.0160047 -0.0187185 0.00188142
internal_weight=1169.49 426.587 742.907 116.789 626.118 544.661 81.4565 257.282 154.212 287.379 47.2084 103.07 106.654 69.7891 34.2481 64.7502 241.356 78.6402 65.9524 63.2204 162.715 25.4995 185.231 118.514 123.438 174.609 10.2031 12.6879 163.942 108.311
internal_count=20867 3990 16877 3738 13139 12122 1017 5216 2878 6906 545 2338 3368 939 472 847 2582 833 654 605 1749 341 1408 1198 2327 1297 111 179 4579 1087
is_linear=0
shrinkage=0.05


Tree=80
num_leaves=31
num_cat=0
split_feature=10 10 9 9 9 9 3 17 17 0 15 10 19 17 9 17 10 10 1 10 11 19 9 13 18 15 10 13 13 3
split_gain=22.3209 8.57517 5.2355 4.5182 4.5977 5.34769 4.47277 6.59097 4.67831 4.141 4.05319 4.04995 3.70613 3.92243 3.60811 3.10996 3.10865 2.70033 4.35208 4.44481 3.87764 3.18882 2.8085 2.46962 2.73373 2.49587 3.98713 3.42084 2.25637 2.0814
threshold=37.350000000000001 39.650000000000013 16.450000000000003 157.55000000000004 213.35000000000005 287.65000000000003 5.5000000000000009 77.500000000000014 112.00000000000001 2001.5000000000002 56.483333333333341 43.650000000000013 6.5000000000000009 133.50000000000003 96.950000000000017 73.500000000000014 39.350000000000001 35.050000000000004 10.500000000000002 35.350000000000001 511.00000000000006 1192.5000000000002 217.70000000000002 68.000000000000014 8.5000000000000018 55.31009615384616 36.550000000000004 31.000000000000004 13.500000000000002 7.5000000000000009
decision_type=2 2 2 2 2 2 2 2 2 2 2 2 2 2 2 2 2 2 2 2 2 2 2 2 2 2 2 2 2 2
left_child=2 3 23 6 -5 -6 8 16 10 -9 -2 28 13 15 -10 -4 -8 20 19 -19 22 -20 -14 25 -25 26 -1 -28 29 -3
right_child=1 11 12 4 5 -7 7 9 14 -11 -12 -13 17 -15 -16 -17 -18 18 21 -21 -22 -23 -24 24 -26 -27 27 -29 -30 -31
leaf_value=-0.020555995970196955 0.026388744781046608 -0.026718803328443692 -0.046204679822801201 0.024419189916583473 -0.01169955470360301 0.019546881713020603 -0.035823165682519344 -0.025812086234810711 0.0053363903584588224 0.0012581007988989729 -0.024211784901860448 0.063045345712465437 -0.013516132386015525 -0.060364949587292466 -0.022034331101387326 0.023784319108525971 0.014724393809323263 0.012842109850615534 0.0018868801298742887 -0.0091502181554454897 -0.048459947456742383 0.028018773901094748 0.0096090162606039409 0.061331687452477072 -0.045071296377869781 -0.026757185707596633 -0.0045018591567892088 0.06133964143573141 0.017150445723687419 0.019851734189019862
leaf_weight=17.980843594908951 38.797387083759531 5.7642562557011825 2.5385275864973647 45.1270068641752 29.273482311982661 25.45367780700326 20.668631284439474 15.19885623041773 87.416745381487999 182.52238352061249 4.224846876692026 4.6081868866458526 70.069515878974926 6.1246744589880109 13.833946465514599 3.8349936392623931 3.354422220028936 25.50626774050761 127.98519629635848 211.68933628336526 6.7861177530139676 12.824547881260512 15.815402042120693 1.8080798285081976 0.74520284391473968 53.431062078845571 4.6688657584018065 3.1510266420664266 133.89296614099294 3.867421405389905
leaf_count=1446 353 66 46 319 261 172 453 288 1256 2777 84 28 1574 129 134 45 33 347 1310 3835 149 132 110 18 51 4037 339 95 949 25
internal_value=-6.36166e-05 0.0065309 -0.00723935 0.00318413 0.0126082 0.00275116 0.000596714 -0.00384626 0.00745804 -0.000809509 0.0212591 0.0170134 -0.00524243 -0.0320739 0.00152933 -0.00360255 -0.028526 -0.00451267 -0.00261903 -0.00675984 -0.0121718 0.00432058 -0.00919335 -0.018955 0.0278641 -0.02056 -0.00747939 0.0218372 0.0154577 -0.00749364
internal_weight=1178.96 614.004 564.96 465.871 99.8542 54.7272 366.017 221.744 144.273 197.721 43.0222 148.133 483.175 12.4982 101.251 6.37352 24.0231 470.676 378.005 237.196 92.671 140.81 85.8849 81.7851 2.55328 79.2318 25.8007 7.81989 143.525 9.63168
internal_count=20861 7198 13663 6130 752 433 5378 3551 1827 3065 437 1068 7677 220 1390 91 486 7457 5624 4182 1833 1442 1684 5986 69 5917 1880 434 1040 91
is_linear=0
shrinkage=0.05


Tree=81
num_leaves=31
num_cat=0
split_feature=10 10 9 9 10 19 14 13 17 17 9 10 3 15 0 6 9 13 13 3 14 11 14 11 10 19 10 9 0 17
split_gain=21.611 7.12993 4.9983 3.58229 3.22565 3.2041 3.26724 2.91802 2.78201 3.13201 2.76327 2.98997 2.65181 4.55943 4.09069 2.49116 2.41991 2.3659 2.6746 4.17497 2.15292 2.08346 1.89589 1.97575 1.75808 1.6852 1.56777 1.28508 1.26971 0.844179
threshold=37.350000000000001 40.45000000000001 5.8500000000000005 287.65000000000003 43.650000000000013 6.5000000000000009 27.080000000000002 13.500000000000002 133.50000000000003 73.500000000000014 217.70000000000002 35.050000000000004 5.5000000000000009 54.177083333333336 2004.5000000000002 4.5000000000000009 69.050000000000011 35.000000000000007 15.500000000000002 7.5000000000000009 47.587500000000013 469.00000000000006 33.285757575757586 471.00000000000006 36.650000000000013 264.50000000000006 37.550000000000004 84.050000000000011 2016.5000000000002 66.000000000000014
decision_type=2 2 2 2 2 2 2 2 2 2 2 2 2 2 2 2 2 2 2 2 2 2 2 2 2 2 2 2 2 2
left_child=2 3 -1 7 17 8 16 22 9 -4 11 -8 13 -9 -14 -12 24 18 19 -3 -19 -11 23 -2 -7 -24 -5 -20 29 -28
right_child=1 4 5 26 -6 6 10 12 -10 21 15 -13 14 -15 -16 -17 -18 20 27 -21 -22 -23 25 -25 -26 -27 28 -29 -30 -31
leaf_value=-0.030235203945675311 -0.035476378540370418 -0.016497318626504345 -0.048892558697695432 -0.0070254304355010615 0.062483259722564258 -0.0062231446007906688 -0.016324550114758658 0.043879588250974211 -0.053714433822930056 0.045679355704223504 0.015537420413721401 -0.0057458115006020884 -0.008009996488160611 0.0072327529855928264 0.0050870053194506278 -0.0037672157876809166 0.045007031097313896 -0.045719135174046084 0.03228717380681255 0.037900578331838325 0.013339647333993614 -0.025409172113944459 -0.037939933615347005 0.018465843421903268 0.039684514923823667 -0.0065936259668261891 0.0094292335973056481 0.014405836320436134 0 0.037030754141841621
leaf_weight=22.509273073053919 2.082084111869337 9.9608007259666902 2.6577993731480074 3.7441537063568857 4.3912701290100804 9.5552331774961221 83.644583410350606 8.8988613910041732 6.4827881100936793 2.6668521428946406 24.72769650677219 349.09199525471195 82.811351731419563 175.75796130497474 211.12706102919765 50.399572440888733 4.9513539243489495 2.5436636917293063 33.385768938809633 5.3127891458570948 3.4416658813133836 1.4646215408574788 8.5492139522684756 7.1782450368627906 2.5345543914008877 9.5241671496187319 4.0773470662534299 16.489011064171791 4.0482381694018832 15.948501002043484
leaf_count=2407 40 80 52 30 28 291 2631 52 176 28 169 7403 1388 2059 2590 397 30 22 196 30 32 30 134 76 49 164 28 116 34 99
internal_value=-5.71224e-05 0.00645699 -0.00714452 0.00440836 0.0208439 -0.00616402 -0.00553548 0.00343375 -0.0304212 -0.0069969 -0.00626613 -0.00780545 0.00434973 0.00904867 0.00137871 0.00253253 0.0158573 0.0181191 0.0209095 0.00222275 -0.0112765 0.0192917 -0.0123797 0.00555392 0.00323755 -0.0218236 0.0218788 0.0265162 0.0265914 0.0317342
internal_weight=1169.96 609.272 560.686 533.747 75.525 538.177 524.905 505.929 13.2721 6.78927 507.864 432.737 478.595 184.657 293.938 75.1273 17.0411 71.1337 65.1484 15.2736 5.98533 4.13147 27.3337 9.26033 12.0898 18.0734 27.8182 49.8748 24.0741 20.0258
internal_count=20861 7198 13663 6694 504 11256 10970 6503 286 110 10600 10034 6089 2111 3978 566 370 476 422 110 54 58 414 116 340 298 191 312 161 127
is_linear=0
shrinkage=0.05


Tree=82
num_leaves=31
num_cat=0
split_feature=10 9 10 13 17 9 17 19 10 13 17 10 19 11 9 10 13 15 17 16 13 7 0 13 15 10 1 15 17 16
split_gain=20.6483 6.66402 4.99558 4.66265 3.66763 3.56435 3.79237 3.20109 4.10441 4.17769 3.92253 4.59312 3.57212 2.94208 2.93094 2.89959 2.89418 2.74864 2.43171 2.36183 2.26981 2.26043 1.97206 2.12462 2.0384 1.83846 4.77031 1.89062 1.79051 1.71829
threshold=38.350000000000001 16.450000000000003 42.650000000000013 13.500000000000002 109.50000000000001 385.95000000000005 113.50000000000001 165.50000000000003 35.150000000000013 35.000000000000007 72.500000000000014 37.750000000000007 136.50000000000003 435.00000000000006 160.95000000000002 39.650000000000013 16.500000000000004 56.31009615384616 135.50000000000003 36.500000000000007 53.000000000000007 55.750000000000007 2003.5000000000002 29.000000000000004 56.530330882352949 35.45000000000001 11.500000000000002 56.322916666666679 232.00000000000003 17.500000000000004
decision_type=2 2 2 2 2 2 2 2 2 2 2 2 2 2 2 2 2 2 2 2 2 2 2 2 2 2 2 2 2 2
left_child=1 20 3 19 7 6 17 10 13 -10 11 -3 -12 -9 15 18 -8 -6 -5 -2 25 -22 23 -16 -24 -1 27 -27 -7 -23
right_child=2 4 -4 14 5 28 16 8 9 -11 12 -13 -14 -15 22 -17 -18 -19 -20 -21 21 29 24 -25 -26 26 -28 -29 -30 -31
leaf_value=-0.029126010401076066 -0.0085518546457282359 -0.024671895430120449 0.043909709064905982 -0.0048911313507379777 -0.056751517029779555 0.0016512479968510904 -0.0084292108744577782 -0.067251771258195411 0.0076361623655945114 0.035400665380407127 0.010733418680033503 0.012836883243880569 -0.047722376486039518 -0.0051286416228308353 0.013517471508597046 0.014345950790425867 -0.00052744909042364192 0 0.0078261296524980446 -0.069875931483773843 -0.038020524460502636 0.03840277572013464 0.029294858252573254 -0.031333134728256128 0.0025311298069886153 -0.012880097728634399 0.019070533025137681 -0.031912676871698527 0.046248499277478969 -0.035978271910708855
leaf_weight=27.85208832200442 19.934623044217009 31.071347156306729 10.300628070253877 54.921899244654924 6.0606680178316292 4.6251764353364688 270.51409895438701 2.2889234838075927 72.35059304558672 16.852773008635268 38.882915979716927 10.791836800053714 2.6799552883021525 10.697177700698374 12.034854205325244 104.41841315617785 205.169701063307 3.0466560589848086 116.35624280315824 1.652205767109989 1.649250411603133 4.7150487757753581 40.583074050024152 3.2461497448384753 9.1528365705162269 46.287900798051851 9.4355561763513816 19.250695955764968 4.8013743851333857 0.77581433387240384
leaf_count=2236 227 469 77 624 113 33 4342 30 866 144 398 110 42 191 89 760 3324 47 1237 24 118 173 255 34 70 3157 243 1324 24 80
internal_value=-7.99431e-05 -0.00466131 0.00961637 0.00861572 -0.00280404 -0.00505833 -0.00566087 0.00317079 0.00911482 0.0129713 -0.00405245 -0.0148759 0.00673871 -0.0168908 0.0100527 0.0077655 -0.0050324 -0.0375325 0.00371857 -0.0137766 -0.0160849 0.0106205 0.0196479 0.00352299 0.0244849 -0.0179964 -0.0137619 -0.0185868 0.0251385 0.0265435
internal_weight=1162.4 789.8 372.601 362.3 679.833 494.218 484.791 185.616 102.189 89.2034 83.4261 41.8632 41.5629 12.9861 340.713 275.697 475.684 9.10732 171.278 21.5868 109.966 7.14011 65.0169 15.281 49.7359 102.826 74.9742 65.5386 9.42655 5.49086
internal_count=20861 17464 3397 3320 10133 7883 7826 2250 1231 1010 1019 579 440 221 3069 2621 7666 160 1861 251 7331 371 448 123 325 6960 4724 4481 57 253
is_linear=0
shrinkage=0.05


Tree=83
num_leaves=31
num_cat=0
split_feature=10 10 9 10 13 13 8 19 3 14 14 11 6 13 19 10 6 10 17 9 5 17 9 10 19 20 1 9 1 14
split_gain=19.6482 6.00125 4.52119 4.15028 3.08987 10.5132 3.10071 6.38841 3.10257 3.07577 2.85632 2.91443 3.56828 2.64982 2.62363 2.61444 2.6097 2.8833 4.00481 3.13428 2.41269 2.26071 2.21041 2.42214 2.293 2.98936 2.2002 1.77852 1.73137 1.24959
threshold=38.850000000000001 37.350000000000001 16.450000000000003 43.650000000000013 58.000000000000007 53.000000000000007 14.500000000000002 264.50000000000006 5.5000000000000009 56.529513888888893 32.806250000000006 427.00000000000006 4.5000000000000009 68.000000000000014 9.5000000000000018 36.650000000000013 5.5000000000000009 40.750000000000007 407.00000000000006 76.450000000000017 1.0000000180025095e-35 75.500000000000014 21.850000000000005 40.45000000000001 21.500000000000004 12.500000000000002 4.5000000000000009 9.1500000000000004 2.5000000000000004 54.593750000000007
decision_type=2 2 2 2 2 2 2 2 2 2 2 2 2 2 2 2 2 2 2 2 2 2 2 2 2 2 2 2 2 2
left_child=1 2 9 16 5 6 8 -8 -3 13 14 26 -13 21 -4 -16 17 18 20 -20 -2 -1 23 27 25 -24 -12 -18 -26 -19
right_child=3 4 10 -5 -6 -7 7 -9 -10 -11 11 12 -14 -15 15 -17 22 29 19 -21 -22 -23 24 -25 28 -27 -28 -29 -30 -31
leaf_value=0.020076532386589539 -0.0032807797919548278 0.0052775025082349818 -0.050094844375966632 0.061715079552718481 -0.042294068611990435 0.066474734725923898 0.0197377374634265 -0.013356163069553464 -0.0060898063716948907 -0.033550035557356417 0.021980936734934488 0.00028935190404978813 -0.0091223317425585763 0.047058329694580688 0.0018569960495056514 0.030567166395995889 0.0081206207828017508 0.0094949406262193146 0.038233269560750696 -0.010560634837290681 0.010062370918783625 -0.016660114452405225 0.02517824680230529 0.043626060639567338 -0.001169900977851422 -0.029928220952087626 -0.034169392382309267 -0.049113513972958572 0.030337560972658606 0.027928159161073253
leaf_weight=4.369361864461097 83.550047668861225 97.382205568428617 1.7502046821173269 4.0433264058083287 3.8512712138472116 6.1321544609963885 50.270092605613172 20.259750615805387 155.25677932484541 22.839679586264538 1.8096793103031803 165.18750845396426 253.90807883336674 1.7350521731423203 27.118895737687126 11.369967128150163 2.1662226722110054 17.445088632404804 14.066236896207558 4.0473457276821128 56.51564025785774 49.622056731925113 5.4445359837263805 1.6313935071229932 4.4938615569844833 4.3200319055467844 13.974787604296578 2.9539308031089604 43.952950813807547 22.61805503629148
leaf_count=251 872 1397 34 28 116 31 359 185 2850 2258 33 2748 4061 42 492 114 32 124 104 32 445 3435 40 8 42 33 195 48 305 147
internal_value=-0.000105471 -0.00369127 -0.00688304 0.0117719 0.00159879 0.00213999 0.000883579 0.0101552 -0.00168803 -0.0180118 -0.00502885 -0.0062147 -0.00540158 -0.0115051 0.00764678 0.0105251 0.0109625 0.0080625 0.004979 0.027058 0.00207076 -0.0135631 0.0197094 -0.00672144 0.0228669 0.000234983 -0.0273192 -0.0242495 0.0273156 0.0200697
internal_weight=1154.09 886.838 553.685 267.249 333.152 329.301 323.169 70.5298 252.639 78.5662 475.119 434.88 419.096 55.7265 40.2391 38.4889 263.205 198.242 158.179 18.1136 140.066 53.9914 64.9629 6.75155 58.2114 9.76457 15.7845 5.12015 48.4468 40.0631
internal_count=20861 18601 13663 2260 4938 4822 4791 544 4247 5986 7677 7037 6809 3728 640 606 2232 1724 1453 136 1317 3686 508 88 420 73 228 80 347 271
is_linear=0
shrinkage=0.05


Tree=84
num_leaves=31
num_cat=0
split_feature=10 10 8 13 13 10 14 0 15 8 19 3 19 10 17 10 1 6 1 13 10 13 14 14 19 1 11 15 15 0
split_gain=19.4985 5.98125 4.74444 4.62049 11.273 3.82778 3.30746 3.00549 2.93848 2.80572 3.31011 3.21003 2.58561 2.50909 2.49143 4.0126 2.44268 2.18978 1.79342 1.63971 1.73667 1.62294 1.58589 2.20143 1.55587 1.44462 1.44033 1.27784 1.23342 1.07837
threshold=38.850000000000001 36.750000000000007 7.5000000000000009 58.000000000000007 53.000000000000007 43.650000000000013 56.300641025641035 2000.5000000000002 56.870833333333344 14.500000000000002 160.50000000000003 8.5000000000000018 622.50000000000011 39.650000000000013 307.50000000000006 39.550000000000004 2.5000000000000004 5.5000000000000009 5.5000000000000009 13.500000000000002 41.050000000000004 68.000000000000014 43.765625000000007 39.04375000000001 37.500000000000007 9.5000000000000018 523.00000000000011 55.763888888888893 55.696153846153855 2009.5000000000002
decision_type=2 2 2 2 2 2 2 2 2 2 2 2 2 2 2 2 2 2 2 2 2 2 2 2 2 2 2 2 2 2
left_child=1 2 6 4 9 13 21 28 12 11 -11 -3 -9 14 16 25 -2 19 -18 29 -21 -1 23 -19 -24 -16 -5 -6 -4 -15
right_child=5 3 7 26 27 -7 -8 8 -10 10 -12 -13 -14 17 15 -17 18 22 -20 20 -22 -23 24 -25 -26 -27 -28 -29 -30 -31
leaf_value=-0.014192002348233737 -0.031464106696496956 -0.00058836343167562759 -0.041537071606939521 -0.055320037177600694 0.073109060859634922 0.061338966912660046 -0.035623428939241461 -0.0076231147675954111 -0.042649079226664402 0.015530064463610327 -0.0026296009315792531 -0.014603368087680159 0.0014227424256021057 -0.024832861953552457 0.015739218037057089 -0.043344117388478223 0.01076434858358479 0.038556951893821953 -0.003334401294994847 0.0097838294149478252 0.024769933300266472 0.0311240690189582 0.010359815891104657 -0.029989950613510358 0.040279091025814645 0.041669098163400829 0.014780012349704913 0.032888336706173499 0.0050565099289275111 0.014317006822700552
leaf_weight=50.631738106400007 5.1105784252285948 298.02387900828035 7.7784107909537834 4.712592569529078 4.7912805434316379 3.7814367092214516 22.407522291498026 204.77631224796642 4.9639926670351988 53.053162615513429 46.73189178109169 47.421952350705396 127.18674237560481 4.6504294946789733 18.996551922755323 2.2752901539206496 44.912129799369723 2.0168733336031464 44.392241375753656 73.658948591910303 27.408918330445886 1.8984855964081351 6.4305084049701717 2.5201306212693453 18.434234639629722 8.2482445102650654 0.69505857420153905 4.9271992081776261 1.482072666287422 2.5406376346945763
leaf_count=3302 76 5712 125 176 30 28 2095 2928 112 410 423 1141 2014 54 176 22 414 18 437 568 180 42 45 27 128 67 18 45 28 20
internal_value=-0.000137939 -0.00371957 -0.0080254 0.000209332 0.00077106 0.011737 -0.0194513 -0.00553274 -0.00473752 -0.000386371 0.00698125 -0.00253045 -0.00414289 0.0109777 0.00574595 0.0184157 0.0017164 0.0156439 0.0037042 0.0122544 0.0139178 -0.0124032 0.0278709 0 0.0328142 0.0238959 -0.0452973 0.0537693 -0.0335716 -0.0103086
internal_weight=1146.86 881.482 421.125 460.357 454.949 265.377 74.9377 346.188 336.927 445.231 99.7851 345.446 331.963 261.596 123.935 29.5201 94.4149 137.661 89.3044 108.259 101.068 52.5302 29.4017 4.537 24.8647 27.2448 5.40765 9.71848 9.26048 7.19107
internal_count=20861 18601 10646 7955 7761 2260 5439 5207 5054 7686 833 6853 4942 2232 1192 265 927 1040 851 822 748 3344 218 45 173 243 194 75 153 74
is_linear=0
shrinkage=0.05


Tree=85
num_leaves=31
num_cat=0
split_feature=10 10 10 9 19 10 9 19 18 15 11 1 0 15 15 11 11 9 8 15 1 20 0 18 19 1 10 8 10 20
split_gain=17.217 7.72492 6.60877 4.79095 4.42952 4.34361 4.25699 3.58998 3.55367 3.29815 2.58621 2.56876 3.47117 2.9552 2.64435 2.50566 2.49393 2.65938 3.61264 2.27927 3.45611 2.18344 2.15115 2.09312 2.94098 2.13685 1.94517 2.1657 1.71723 1.93807
threshold=37.350000000000001 40.250000000000007 34.350000000000001 85.65000000000002 86.500000000000014 35.350000000000001 228.95000000000002 65.500000000000014 35.500000000000007 56.118055555555564 521.00000000000011 4.5000000000000009 2012.5000000000002 54.620192307692314 56.530330882352949 521.00000000000011 549.00000000000011 121.95000000000002 11.500000000000002 54.261363636363647 9.5000000000000018 6.5000000000000009 2001.5000000000002 24.500000000000004 1327.5000000000002 2.5000000000000004 36.95000000000001 11.500000000000002 42.45000000000001 18.500000000000004
decision_type=2 2 2 2 2 2 2 2 2 2 2 2 2 2 2 2 2 2 2 2 2 2 2 2 2 2 2 2 2 2
left_child=2 11 -1 9 7 8 -7 10 -6 23 -5 16 19 15 -15 -14 17 18 -2 20 -13 -21 -19 25 -25 -4 -11 -28 29 -3
right_child=1 28 3 4 5 6 -8 -9 -10 26 -12 12 13 14 -16 -17 -18 22 -20 21 -22 -23 -24 24 -26 -27 27 -29 -30 -31
leaf_value=-0.028963705600686784 -0.0014750201486505509 0.018527504310478494 0.019536480783678985 -0.0044216025715760141 0.02198202635917457 -0.006099839700239985 0.016504077715454594 -0.039321011262053986 -0.018067446995812416 -0.024083381192883876 -0.048755602242444324 0.040239935744084881 0.00055843133376658302 0.018364333569201117 -0.0024499031678217563 -0.057649174636194178 0.051910535652899652 0.039032084210231147 -0.020988350254900801 -0.0077362183498528763 -0.00044184609529737147 0.0033290212667943173 0.0028011585857472235 0.0047549937346545975 -0.028438005561346871 -0.012308175626973998 0.0030380070039070861 -0.039650992243113137 0.036754559216336941 -0.0072544157795952123
leaf_weight=33.38568101200508 75.874502765014768 67.136856887489557 5.3151176479877895 65.220070504117757 40.192998121026903 99.91166526498273 26.16612652875483 9.7034356258809549 6.2063376060686997 57.632125843840186 3.4044356727972618 8.8095646485453489 24.354235809762034 90.661630207090639 17.821734602097422 1.8876719409599889 1.9568754183128465 4.4802076872438183 34.844851328060031 70.528330579865724 12.029679999919606 120.34482235106407 43.825601030141115 52.72628241032362 7.5319837008428285 115.32037212471187 14.969579155673275 3.5588753216434261 11.765704328194259 7.8247494408860794
leaf_count=1726 1430 453 202 642 283 966 181 102 56 2742 39 92 316 993 243 25 18 26 373 936 142 1632 338 1685 495 3977 537 63 93 78
internal_value=-0.000953805 0.00491735 -0.00740777 -0.00597546 -0.00103599 0.00342007 -0.00135964 -0.0109038 0.0164902 -0.0107731 -0.00676149 0.00254721 0.00497685 0.0112511 0.0148998 -0.00364179 -0.00265025 -0.00338527 -0.00767464 0.000957111 0.0166272 -0.000735354 0.00633845 -0.00704815 0.000482954 -0.0108487 -0.0195341 -0.00506196 0.0187079 0.0157636
internal_weight=1135.39 594.147 541.245 507.859 250.805 172.477 126.078 78.3279 46.3993 257.054 68.6245 507.42 346.438 134.725 108.483 26.2419 160.982 159.025 110.719 211.712 20.8392 190.873 48.3058 180.894 60.2583 120.635 76.1606 18.5285 86.7273 74.9616
internal_count=20884 7188 13696 11970 2269 1486 1147 783 339 9701 681 6564 4379 1577 1236 341 2185 2167 1803 2802 234 2568 364 6359 2180 4179 3342 600 624 531
is_linear=0
shrinkage=0.05


Tree=86
num_leaves=31
num_cat=0
split_feature=10 10 8 10 17 18 9 14 9 19 10 16 10 7 15 8 14 15 9 14 1 11 19 19 14 15 19 9 17 9
split_gain=16.3847 9.25406 4.88963 5.08611 3.35712 3.50677 3.54819 2.97447 3.99757 3.76218 2.74454 3.23533 3.15284 2.51504 2.84599 2.15225 3.10823 2.91981 2.28775 1.59401 2.07871 1.7581 1.49926 1.44542 2.95887 1.68398 1.09774 1.00642 0.928435 1.17813
threshold=39.350000000000001 34.350000000000001 16.500000000000004 37.350000000000001 287.50000000000006 34.500000000000007 164.05000000000004 32.806250000000006 24.450000000000003 638.50000000000011 41.850000000000001 36.500000000000007 39.95000000000001 50.500000000000007 55.394444444444453 13.500000000000002 41.045416666666675 55.12916666666667 7.1500000000000012 43.765625000000007 3.5000000000000004 463.00000000000006 843.50000000000011 57.000000000000007 51.742460317460328 54.620192307692314 1408.5000000000002 190.05000000000004 173.50000000000003 85.65000000000002
decision_type=2 2 2 2 2 2 2 2 2 2 2 2 2 2 2 2 2 2 2 2 2 2 2 2 2 2 2 2 2 2
left_child=1 19 3 7 5 6 -4 9 -9 -3 11 15 -13 -5 -15 16 17 -2 -18 27 21 -21 28 24 -17 -25 -22 -1 29 -12
right_child=10 2 4 13 -6 -7 -8 8 -10 -11 22 12 -14 14 -16 23 18 -19 -20 20 26 -23 -24 25 -26 -27 -28 -29 -30 -31
leaf_value=-0.018627063375304384 0.020131515600886482 -0.0090020840324228583 -0.038639380425081866 -0.05093567751523205 -0.025555358628329378 0.055949481334601647 0.01973478285382468 -0.01821920363299593 -0.0058490942079255266 0.01848263939751716 0.039474718848485156 -0.057464671866922473 0.0052721721315064085 0.0069668158861358985 -0.0018942271654175836 0.034001638171413204 0.038394449994277692 -0.024888295060962726 0.010000942106549192 0.058188488045996613 -0.046002792645714906 -0.030154476784088807 0.0067827584621267482 -0.0030352705654734628 -0.019498796149620023 0.034452303618135185 0.025042543854177486 0.039746983984890238 0.050182749092987422 -0.00095695779600426427
leaf_weight=12.336515793227587 5.0232341559603837 24.649980323156342 2.8062827112153235 2.2407891787588587 4.1563334353268138 5.9243359398096791 22.125330704264343 81.394861759312334 344.08695904503111 24.71550301060779 4.1192669961601522 3.2128752036951473 4.7101796753704548 134.78953636810184 274.79395845989347 4.9553428534418327 7.8485431417357168 11.49590339232236 84.816684591118246 0.89016870222986044 17.594023191690216 1.1573336358414961 5.5536650046706191 3.1611709799617556 5.097032692283392 22.334977388381958 0.40913297299994056 0.64235483296215612 8.3687771335244161 2.7281667906790972
leaf_count=668 42 541 25 30 37 27 148 5635 5027 563 31 45 39 1851 3859 35 77 148 655 34 935 59 41 28 52 139 26 4 56 27
internal_value=-0.000989716 -0.00356233 -0.00262284 -0.00335181 0.0156527 0.0214296 0.0128364 -0.00687887 -0.00823098 0.00466698 0.0131377 0.0107527 -0.0199442 0.00070355 0.00101063 0.0124803 0.00891219 -0.0108588 0.0124985 -0.0295408 -0.0385358 0.00684618 0.0302916 0.0232434 0.00645702 0.0296153 -0.0439826 -0.0150739 0.0384452 0.0228643
internal_weight=1128.14 954.713 921.684 886.672 35.0123 30.8559 24.9316 474.847 425.482 49.3655 173.426 152.656 7.92305 411.824 409.583 144.733 109.184 16.5191 92.6652 33.0295 20.0507 2.0475 20.7699 35.5485 10.0524 25.4961 18.0032 12.9789 15.2162 6.84743
internal_count=20884 19469 17743 17506 237 200 173 11766 10662 1104 1415 1260 84 5740 5710 1176 922 190 732 1726 1054 93 155 254 87 167 961 672 114 58
is_linear=0
shrinkage=0.05


Tree=87
num_leaves=31
num_cat=0
split_feature=10 10 10 13 13 10 8 20 8 10 0 1 13 9 13 10 11 4 0 1 8 9 9 9 0 7 11 9 0 17
split_gain=15.221 6.47728 6.06335 3.905 5.02186 4.01629 3.86792 3.24651 3.74656 3.4526 2.98134 2.5578 2.57848 2.93263 2.54062 2.39171 2.70744 2.39386 2.32795 2.23076 3.34243 2.82883 2.7607 2.47695 2.16484 2.00832 1.8015 2.33402 4.68524 3.47878
threshold=37.95000000000001 34.350000000000001 40.250000000000007 16.500000000000004 21.000000000000004 35.550000000000004 12.500000000000002 17.500000000000004 14.500000000000002 36.150000000000013 2003.5000000000002 11.500000000000002 14.500000000000002 45.650000000000013 13.500000000000002 34.650000000000013 473.00000000000006 11.500000000000002 2006.5000000000002 4.5000000000000009 14.500000000000002 106.35000000000001 80.15000000000002 57.050000000000004 2017.5000000000002 53.500000000000007 479.00000000000006 40.850000000000001 2003.5000000000002 202.00000000000003
decision_type=2 2 2 2 2 2 2 2 2 2 2 2 2 2 2 2 2 2 2 2 2 2 2 2 2 2 2 2 2 2
left_child=1 -1 6 11 5 18 26 9 -9 -6 -7 12 -3 -14 -4 17 -17 -13 -5 21 23 22 -8 -21 -23 -22 -2 28 -28 -29
right_child=2 3 14 4 7 10 19 8 -10 -11 -12 15 13 -15 -16 16 -18 -19 -20 20 25 24 -24 -25 -26 -27 27 29 -30 -31
leaf_value=-0.027609291648196983 -0.0060840993693315063 -0.00060802765882892514 -0.015114732199285717 -0.029286241354268661 -0.010663548771151145 -0.00027961826706139891 0.0015011922743532189 -0.031570151754460297 0.013374195213119026 0.0035930939595153867 0.028941997162169421 0.030061437912494784 -0.021831838567292625 -0.0090708051864659047 0.020526639386973272 -0.0084850469179724285 0.009845555669638335 -0.051436608096090755 0.0043228760560641922 -0.013649920743221872 -0.021598018784234063 0.013785087045183955 -0.046352061522132462 0.025771421441538406 -0.016291287089095465 0.0082620193853413567 -0.0211765795600493 0.0059573508739157524 0.012624561883101361 -0.02329531681584688
leaf_weight=32.369713655425585 94.529221803299151 54.530686249549035 5.1064701825380316 6.4556130044511546 68.420394292566925 11.642417697934432 6.22374754026532 19.435446410556327 5.8393490286543956 110.97823964839336 31.144009162147995 1.0011718085734171 64.891420982487034 156.28335325815715 78.329480181448162 36.490957903442904 44.491198936244473 3.982967139221727 23.43039907515049 4.1085054669529191 6.4570757914334527 29.467091307044029 5.402911314740777 48.349414838477969 7.2773495111614457 37.803259234875441 11.752533079357816 23.054789926391095 72.478754195384681 17.782272094860673
leaf_count=1726 1311 1423 55 220 1731 192 56 844 56 2229 381 14 3760 1892 569 563 639 150 415 26 63 208 54 338 61 287 304 210 936 171
internal_value=-0.00102443 -0.00579102 0.00610552 -0.00467384 -0.000191564 0.0110716 0.00330449 -0.00421861 -0.0209776 -0.00181927 0.0208919 -0.00809622 -0.0104444 -0.0128456 0.01827 -0.000503821 0.00152375 -0.0338132 -0.00284367 0.00963929 0.0140232 0.000759634 -0.0205155 0.0225687 0.00766461 0.0037542 -0.000860668 0.00304907 0.00782958 -0.00668421
internal_weight=1119.51 671.387 448.123 639.018 277.346 72.6724 364.687 204.673 25.2748 179.399 42.7864 361.672 275.705 221.175 83.436 85.9663 80.9822 4.98414 29.886 145.089 96.7183 48.3711 11.6267 52.4579 36.7444 44.2603 219.598 125.068 84.2313 40.8371
internal_count=20884 16235 4649 14509 6068 1208 4025 4860 900 3960 573 8441 7075 5652 624 1366 1202 164 635 1093 714 379 110 364 269 350 2932 1621 1240 381
is_linear=0
shrinkage=0.05


Tree=88
num_leaves=31
num_cat=0
split_feature=10 10 13 10 13 18 8 13 10 20 19 9 9 19 8 1 17 9 19 15 10 17 19 19 14 20 18 14 1 17
split_gain=15.6122 7.60225 5.16046 4.39911 6.34094 4.7315 7.19363 3.72118 3.45156 3.22768 2.84698 2.8404 2.65434 2.37484 2.36944 2.47085 2.50187 1.94973 2.2301 1.84191 2.22438 1.95185 1.6139 2.42685 2.09929 1.59509 1.37401 1.20323 2.08563 1.53769
threshold=38.850000000000001 34.350000000000001 16.500000000000004 36.050000000000004 21.000000000000004 29.500000000000004 12.500000000000002 58.000000000000007 41.850000000000001 19.500000000000004 3.5000000000000004 174.55000000000004 119.75000000000001 1170.0000000000002 12.500000000000002 9.5000000000000018 248.50000000000003 185.70000000000002 107.50000000000001 56.870833333333344 40.250000000000007 112.00000000000001 54.000000000000007 886.00000000000011 42.600653594771252 4.5000000000000009 31.500000000000004 43.765625000000007 3.5000000000000004 357.50000000000006
decision_type=2 2 2 2 2 2 2 2 2 2 2 2 2 2 2 2 2 2 2 2 2 2 2 2 2 2 2 2 2 2
left_child=1 27 9 5 26 11 -7 -6 13 10 -3 -4 -12 14 15 16 -2 18 -11 20 21 -15 24 -24 -16 -17 -5 -1 29 -29
right_child=8 2 3 4 7 6 -8 -9 -10 17 12 -13 -14 19 22 25 -18 -19 -20 -21 -22 -23 23 -25 -26 -27 -28 28 -30 -31
leaf_value=-0.015332465384691924 0.0029280686710746067 -0.037373475492199285 -0.018997930345915341 0.029183329314017594 0.0033705144752096045 -0.015194028893979609 0.031694505174796848 -0.03113748806009578 0.030060752777509483 -0.0001323786941248469 -0.0079313863885194496 0.0024142796717237566 2.1916707512917419e-05 -0.036868292426710754 -0.029885191597311046 -0.0096691882481262301 -0.015412584873660137 -0.064868364217587585 -0.035938388313115383 0.062116670208542363 0.035548989499273452 0.012689636898701629 0.02269706100180836 -0.0075500220910947038 0.0089626751180050257 0.016179787610185639 0.00014018650475321266 -0.01990847989400675 -0.042001905334471158 0.06358531459304162
leaf_weight=12.810127562348496 58.4249163325876 6.948196673882193 57.861335936817341 29.757928354432806 180.57319850020576 15.412162018765228 17.034299460239708 8.0485908179543895 19.626119755208492 8.556297036353504 306.40580094678444 20.568813656456769 157.59410468302667 2.2526784050278428 3.9833634402602938 6.8370216805487862 26.976411316543818 2.7966107069514683 9.3831701478920859 2.6146744498983017 9.9311150005087239 11.991596750915049 44.559647480025887 7.4637343659996978 22.510185522958636 35.691020406084135 5.11870902578812 1.4204710324993386 17.18765069154324 0.73708361363969732
leaf_count=672 578 138 1678 318 3527 667 123 240 155 166 8186 168 1308 35 33 58 299 20 293 16 65 133 305 70 187 323 69 67 961 26
internal_value=-0.00103527 -0.00425658 -0.00331944 0.00146034 0.00551131 -0.00665793 0.00929044 0.00185583 0.00987545 -0.00657978 -0.00571274 -0.0133228 -0.00521991 0.00814334 0.00628535 0.00203909 -0.00281811 -0.0259096 -0.0192331 0.0221986 0.0174372 0.00430128 0.0131289 0.0182555 0.00284338 0.0118939 0.0250763 -0.0280916 -0.036161 0.00795372
internal_weight=1111.08 858.215 826.059 334.375 223.498 110.877 32.4465 188.622 252.862 491.684 470.948 78.4301 464 233.236 206.446 127.929 85.4013 20.7361 17.9395 26.7901 24.1754 14.2443 78.5169 52.0234 26.4935 42.528 34.8766 32.1553 19.3452 2.15755
internal_count=20884 18627 16901 6790 4154 2636 790 3767 2257 10111 9632 1846 9494 2102 1853 1258 877 479 459 249 233 168 595 375 220 381 387 1726 1054 93
is_linear=0
shrinkage=0.05


Tree=89
num_leaves=31
num_cat=0
split_feature=10 10 13 10 13 13 11 10 5 10 20 6 10 15 13 13 6 19 2 11 20 11 10 19 11 10 19 18 15 11
split_gain=14.4649 6.45045 4.88266 4.71046 5.92747 3.67061 3.44255 5.42512 4.48279 3.36728 2.87948 2.98323 2.56554 4.23055 2.51952 2.26845 1.9361 2.62141 1.8552 1.80124 3.7286 2.24812 1.72215 1.80687 1.81817 1.64342 2.17988 3.44368 1.40279 1.11729
threshold=38.850000000000001 34.350000000000001 16.500000000000004 36.050000000000004 21.000000000000004 58.000000000000007 463.00000000000006 34.750000000000007 1.0000000180025095e-35 40.250000000000007 19.500000000000004 4.5000000000000009 36.95000000000001 56.369318181818194 13.500000000000002 13.500000000000002 5.5000000000000009 5.5000000000000009 5.5000000000000009 469.00000000000006 17.500000000000004 489.00000000000006 43.150000000000013 1170.0000000000002 503.00000000000006 39.750000000000007 1170.0000000000002 17.500000000000004 54.136111111111113 445.00000000000006
decision_type=2 2 2 2 2 2 2 2 2 2 2 2 2 2 2 2 2 2 2 2 2 2 2 2 2 2 2 2 2 2
left_child=1 -1 10 6 28 -6 8 -8 -4 16 12 18 13 -3 -14 -11 17 -2 -12 20 -19 -21 23 24 -17 26 27 -18 -5 -13
right_child=9 2 3 4 5 -7 7 -9 -10 15 11 29 14 -15 -16 22 25 19 -20 21 -22 -23 -24 -25 -26 -27 -28 -29 -30 -31
leaf_value=-0.026310676746441525 -0.042863151425962837 -0.0066376860307094587 -0.023285974135818083 -0.0014591923976261258 0.0034843841867192513 -0.030941197276149447 0.015914579827033135 -0.020351418061006682 0.014548648686266564 -0.013794611737035984 0.014746595485240696 0 -0.018002826536267166 -0.025992681487371206 -0.00067221069205051782 0.019135939500180579 0.015221286014134031 -0.012824776542506614 -0.033563319820286569 0.018216860886134563 0.020699220786296123 0.0007867964968177178 0.050854406580515044 0.03671172383348862 -0.0010560336485106467 0.034075863826880839 0.04559812721888009 -0.022095546111849027 0.028119376222804318 -0.046670372452344802
leaf_weight=31.66950689953228 3.0309444419108322 180.82733412671951 10.485749125306027 4.2299787672236553 179.64682981313672 7.9736907033948219 12.336651990073731 57.282951788045466 29.522899273026269 5.0598227465525261 5.5182428119005653 1.3117592171765853 23.047460108646192 33.752353642048547 231.99812175706029 47.158995421603322 22.163758056471128 33.715397822903469 2.9549649577820674 31.785644430667162 10.821449455106629 45.611443631816655 4.3721914486959568 11.197049458511172 13.974762436002491 8.7038108753040415 3.635418066289275 8.3958294247277063 30.771650985174347 10.423861960938664
leaf_count=1726 35 4258 336 49 3527 240 351 1436 513 55 103 25 425 1109 3840 333 189 336 93 309 102 468 42 73 121 71 25 98 338 258
internal_value=-0.00108062 -0.00418035 -0.00331863 0.00134751 0.00553726 0.00197899 -0.00711236 -0.0138397 0.00447469 0.00949826 -0.00649347 -0.0250031 -0.00568117 -0.00971611 -0.00226435 0.0178404 0.00539699 0.00219894 -0.00171287 0.00339424 -0.00453906 0.00802381 0.0200076 0.0180064 0.0144444 0.0145699 0.00937428 0.00476729 0.0244084 -0.0412397
internal_weight=1103.38 853.754 822.085 332.25 222.622 187.621 109.628 69.6196 40.0086 249.627 489.834 20.2088 469.625 214.58 255.046 81.7628 167.864 124.965 8.47321 121.934 44.5368 77.3971 76.703 72.3308 61.1338 42.8988 34.195 30.5596 35.0016 11.7356
internal_count=20884 18627 16901 6790 4154 3767 2636 1787 849 2257 10111 479 9632 5367 4265 624 1633 1250 196 1215 438 777 569 527 454 383 312 287 387 283
is_linear=0
shrinkage=0.05


Tree=90
num_leaves=31
num_cat=0
split_feature=10 10 8 17 5 0 10 3 7 14 18 14 20 13 11 10 17 13 13 0 14 10 19 14 14 10 16 17 20 1
split_gain=15.3739 4.36821 4.30206 3.58862 2.96807 2.67867 3.27064 3.9015 3.3423 2.96216 3.86317 3.12917 2.60808 2.48131 2.27963 2.14717 2.34111 2.23858 3.97215 2.81365 2.10787 2.0531 1.90125 1.74907 1.60989 1.53 1.92814 2.68616 1.74189 1.92487
threshold=38.550000000000004 40.150000000000013 10.500000000000002 109.50000000000001 1.5000000000000002 2005.5000000000002 35.95000000000001 7.5000000000000009 53.500000000000007 79.184375000000017 42.500000000000007 72.006944444444457 19.500000000000004 13.500000000000002 483.00000000000006 36.95000000000001 553.50000000000011 53.000000000000007 58.000000000000007 2014.5000000000002 44.226736111111116 37.750000000000007 55.500000000000007 41.367272727272734 53.259375000000013 38.650000000000013 18.500000000000004 236.00000000000003 12.500000000000002 2.5000000000000004
decision_type=2 2 2 2 2 2 2 2 2 2 2 2 2 2 2 2 2 2 2 2 2 2 2 2 2 2 2 2 2 2
left_child=2 13 15 4 12 6 7 -5 -8 11 -11 -7 20 -2 -14 -1 17 19 -19 -17 -4 22 -18 -3 -6 26 27 -15 29 -27
right_child=1 23 3 5 24 9 8 -9 -10 10 -12 -13 14 25 -16 16 21 18 -20 -21 -22 -23 -24 -25 -26 28 -28 -29 -30 -31
leaf_value=-0.012217389560792455 -0.013648701661113533 0.0028929892690810846 -0.0060176515200746194 -0.049402572377661907 0.0045505638648111468 -0.0015927408018269187 -0.04278469075486456 0.0096893148890934352 -0.00042084295652235735 0.01429569303082711 -0.052266455466496699 -0.021815166149666741 0.0096227304985217407 0.022844089684142366 0.066970574991710261 -0.012080745815746613 0.051719984178191361 0.058745121276370507 -0.032506489291725324 0.0042668421260205619 0.0088656951897601501 0.036987804775687895 -0.029136079831000212 0.022574766658723544 -0.052010802461666408 -0.0057280999414920566 0.051329874181460837 -0.02938416959569606 0.00077764368391222455 0.013524731752269592
leaf_weight=145.65199617003964 14.274352468084542 14.029688052367417 29.558838447090238 10.430400997865943 1.7547306558117259 250.92494234652258 5.2717880131676784 3.5836146671790621 36.875940387137234 41.910953546408564 2.174924665130674 20.700591964647174 4.1431261769030234 12.192255038768055 3.2744208965450525 79.938390850933501 0.84033743734471356 3.3077276721596709 1.6788992830552159 38.598583169223275 114.0826231695246 6.3001797189936042 2.8713642222573981 74.883984105661511 3.2243075398728251 14.81191353080794 4.168103886768221 2.9162324545904985 81.505083163036034 86.6642010579817
leaf_count=8329 169 136 307 159 19 2849 80 51 452 401 36 266 47 104 20 2442 13 21 101 1153 1009 91 136 552 39 172 27 47 894 743
internal_value=0.000623003 0.0101791 -0.00298813 -0.000323197 0.00602793 -0.00300248 -0.0130627 -0.033976 -0.00592674 -0.00119347 0.0107879 -0.00315975 0.00731448 0.00630826 0.0361577 -0.00800738 -0.00337225 -0.00529382 0.0270045 -0.00671631 0.00576613 0.0196589 -0.00864172 0.0195321 -0.0313957 0.00774748 0.0212244 0.0123073 0.00628959 0.0106624
internal_weight=1112.54 305.446 807.099 527.911 156.038 371.873 56.1617 14.014 42.1477 315.711 44.0859 271.626 151.059 216.532 7.41755 279.187 133.535 123.524 4.98663 118.537 143.641 10.0119 3.7117 88.9137 4.97904 202.258 19.2766 15.1085 182.981 101.476
internal_count=20865 2844 18021 5735 1441 4294 742 210 532 3552 437 3115 1383 2156 67 12286 3957 3717 122 3595 1316 240 149 688 58 1987 178 151 1809 915
is_linear=0
shrinkage=0.05


Tree=91
num_leaves=31
num_cat=0
split_feature=10 10 17 8 5 14 17 13 15 15 17 0 11 6 3 16 17 15 15 10 15 11 19 3 18 17 16 11 15 18
split_gain=15.3077 4.52358 3.81355 3.33113 3.30057 3.17228 2.91512 3.89264 3.78794 2.48596 2.48282 2.82767 3.36568 2.46505 2.43564 2.50955 2.75081 2.39189 2.38127 2.14192 2.37274 4.48094 2.99142 2.11505 2.46404 2.04575 2.10233 2.01841 1.81095 2.35865
threshold=38.250000000000007 40.150000000000013 109.50000000000001 5.5000000000000009 1.5000000000000002 39.220979020979023 74.500000000000014 46.500000000000007 56.343137254901968 56.759615384615394 120.50000000000001 2003.5000000000002 507.00000000000006 5.5000000000000009 5.5000000000000009 42.500000000000007 120.50000000000001 53.53835227272728 55.083916083916094 34.45000000000001 55.972222222222229 499.00000000000006 1130.0000000000002 7.5000000000000009 47.500000000000007 315.50000000000006 39.500000000000007 481.00000000000006 55.925824175824182 41.500000000000007
decision_type=2 2 2 2 2 2 2 2 2 2 2 2 2 2 2 2 2 2 2 2 2 2 2 2 2 2 2 2 2 2
left_child=2 9 3 -1 6 -6 7 -5 -8 14 11 -4 17 23 28 16 -16 -13 -17 25 21 -21 -22 24 -11 27 -27 -12 -2 -30
right_child=1 -3 10 4 5 -7 8 -9 -10 13 19 12 -14 -15 15 18 -18 -19 -20 20 22 -23 -24 -25 -26 26 -28 -29 29 -31
leaf_value=-0.023755281376542661 0.020128737103500875 0.018811916468642317 -0.060106322411581675 0.002304295452462482 0.040252152894730567 -0.049758757564659702 0.015983050495897492 -0.034112908982812155 -0.014464457465705733 -0.057025860100662476 -0.015299783278380875 0.065885788340641002 -0.05253467727221374 0.011300026388630114 -0.0053966938125163504 0.014690639222077338 0.0086408686635403992 -0.0098256051296175661 -0.055759481856703291 -0.0042995103481066645 -0.01109216135939918 0.011159057590695172 0.003133947127991539 0.0093017032962488741 0.011671550163190388 -0.013985543889093569 0.033523662628925747 -0.049493779797247305 0.0015617703885914586 0.038071947112539611
leaf_weight=11.253716772800543 48.841873478144407 88.100511284545064 3.5713002548436625 80.079707533004694 1.0786527658347029 4.8472444317303598 75.606251606834121 7.9680633012903845 11.55747919360874 5.8154441453516466 14.745104528759841 0.96830687206238764 4.6866377733531399 5.937804519198834 49.322362510138191 1.6567284825723607 116.2066581977997 29.91497054224601 3.2804852137342095 203.87673491302121 162.65327272450668 60.714835899183527 47.108242553018499 2.4621151518076658 1.4905978702008722 7.5647313429799379 3.2426940473960713 6.5584648074000134 38.699252439662814 4.9518978819251052
leaf_count=885 401 688 105 1021 15 95 909 153 210 100 655 10 130 56 621 21 1254 693 58 4883 3869 1271 1307 21 16 513 131 370 368 36
internal_value=0.000565213 0.00891652 -0.00357905 0.00245463 0.0041228 -0.0321488 0.00539571 -0.000969592 0.0118766 0.00576452 -0.00571587 -0.0178807 -0.0133444 -0.0133943 0.00693249 0.00334525 0.0044272 -0.0070854 -0.0313043 -0.00476251 -0.0039007 -0.000730525 -0.00787347 -0.0288743 -0.0423666 -0.0172865 0 -0.0262423 0.0134791 0.00589541
internal_weight=1104.76 366.766 737.996 192.391 181.137 5.9259 175.212 88.0478 87.1637 278.665 545.605 39.1412 35.5699 15.706 262.959 170.466 165.529 30.8833 4.93721 506.464 474.353 264.592 209.762 9.76816 7.30604 32.111 10.8074 21.3036 92.493 43.6512
internal_count=20865 3640 17225 3288 2403 110 2293 1174 1119 2952 13937 938 833 193 2759 1954 1875 703 79 12999 11330 6154 5176 137 116 1669 644 1025 805 404
is_linear=0
shrinkage=0.05


Tree=92
num_leaves=31
num_cat=0
split_feature=9 14 17 15 3 19 16 17 14 9 14 14 8 15 14 19 17 16 15 9 20 15 18 9 5 20 9 20 7 19
split_gain=3.2514 2.92157 3.26187 2.91146 2.95268 3.68161 3.53875 2.71515 3.71408 2.7491 2.64584 2.58771 2.53894 2.3704 2.28275 2.27267 2.19549 2.15935 3.07137 2.2956 2.1552 2.09472 2.0031 1.82856 1.60225 3.62507 1.69617 1.53871 1.52706 1.42448
threshold=287.65000000000003 88.972708333333358 164.50000000000003 55.12916666666667 7.5000000000000009 908.00000000000011 24.500000000000004 93.500000000000014 66.85312500000002 13.450000000000001 61.509375000000006 52.088888888888896 13.500000000000002 55.160256410256416 64.674183006535955 603.50000000000011 402.50000000000006 17.500000000000004 56.171568627450988 15.950000000000001 11.500000000000002 54.102430555555564 18.500000000000004 318.30000000000001 1.5000000000000002 10.500000000000002 88.850000000000009 3.5000000000000004 54.500000000000007 234.50000000000003
decision_type=2 2 2 2 2 2 2 2 2 2 2 2 2 2 2 2 2 2 2 2 2 2 2 2 2 2 2 2 2 2
left_child=3 2 27 4 7 6 14 8 9 -1 -7 21 -13 -5 -6 29 24 18 -18 -19 -10 -9 -12 -4 26 -26 -15 -2 -25 -3
right_child=1 15 23 13 5 10 -8 11 20 -11 22 12 -14 16 -16 -17 17 19 -20 -21 -22 -23 -24 28 25 -27 -28 -29 -30 -31
leaf_value=-0.028236047381639436 0.0078510743800099068 -0.0016136961965502331 -0.026719334858091255 -0.03634846151989609 0.00742156712940317 -0.036354258187555513 -0.055289928905279 0.016402590691297562 0.0033547518364286689 0.026231391773597835 -0.044761217971285051 0.017341509607156101 -0.0036049446196026905 -0.0040854714012516216 -0.015852242867706579 0.036662830332170555 0.032551775371792789 -0.016862235831951494 -0.00080041165040397244 0.00696752997066496 -0.049192058568612806 -0.0055868742771030353 0.025123629162940316 -0.016488841371172201 0.00038849424566083745 -0.031409343704964912 0.0011916433950102747 0.036096730385773303 0.025509191336443218 -0.03407347687892736
leaf_weight=2.2848582324222653 6.9961899705231216 14.378455569967633 4.4058213578537098 4.8427399532229165 62.806394789833575 12.340239705226852 2.5465773964533573 12.720914640056433 6.5555543049704266 41.807385854655877 1.2779224114492524 48.360126221887185 20.067317056469619 364.80655146055506 12.464972771791507 2.9478089679032555 15.229758378351109 14.017852041375589 12.029143223509889 35.43764086405281 2.58728090376826 67.946970622229856 3.7311152741312981 2.9755378048866969 21.212882936757524 15.043223886226768 259.25996250496246 20.70891604013741 6.5636079600080848 4.4801279362291089
leaf_count=126 39 116 41 115 1064 347 56 303 115 396 38 1186 185 9685 213 24 298 707 261 507 56 1497 75 26 423 360 2393 131 45 37
internal_value=0.00055459 0.0115337 0.0192988 -0.000111946 0.00406102 -0.00316299 0.00142909 0.00748347 0.0171948 0.0232382 -0.0239369 0.00397329 0.0111294 -0.00179239 0.00348516 -0.00308966 -0.00155365 0.00642918 0.0177018 9.1837e-05 -0.0113456 -0.00204133 0.00578857 -7.98403e-05 -0.00248948 -0.0127175 -0.00188532 0.0291978 0.0118549 -0.00972777
internal_weight=1102.83 63.4565 41.6501 1039.38 297.498 95.1672 77.8179 202.33 53.2351 44.0922 17.3493 149.095 68.4274 741.88 75.2714 21.8064 737.037 76.7144 27.2589 49.4555 9.14284 80.6679 5.00904 13.945 660.323 36.2561 624.067 27.7051 9.53915 18.8586
internal_count=20865 459 282 20406 5657 1793 1333 3864 693 522 460 3171 1371 14749 1277 177 14634 1773 559 1214 171 1800 113 112 12861 783 12078 170 71 153
is_linear=0
shrinkage=0.05


Tree=93
num_leaves=31
num_cat=0
split_feature=10 10 17 14 11 9 14 14 19 10 17 10 19 10 14 13 20 13 13 13 10 18 17 14 11 20 17 9 20 19
split_gain=16.4951 4.1759 3.84858 3.37933 5.23022 4.66714 4.51596 4.0432 5.47315 4.71335 3.91943 3.88193 3.49222 3.33349 3.10918 3.01675 3.28618 2.80448 1.99551 3.81727 5.08988 3.45935 3.07567 2.9353 2.1318 1.93845 1.92404 3.19761 2.46956 1.90563
threshold=38.250000000000007 40.050000000000004 93.500000000000014 58.681318681318693 473.00000000000006 66.65000000000002 68.818750000000009 49.280494505494509 255.00000000000003 36.850000000000001 89.500000000000014 35.850000000000001 36.000000000000007 37.050000000000004 35.506250000000009 13.500000000000002 4.5000000000000009 16.500000000000004 16.500000000000004 21.000000000000004 35.95000000000001 43.500000000000007 553.50000000000011 37.781565656565661 533.00000000000011 15.500000000000002 144.00000000000003 133.05000000000004 10.500000000000002 465.00000000000006
decision_type=2 2 2 2 2 2 2 2 2 2 2 2 2 2 2 2 2 2 2 2 2 2 2 2 2 2 2 2 2 2
left_child=2 15 3 7 5 -5 -6 8 11 17 -8 -1 -7 -11 -10 16 -2 -9 24 20 -20 22 -21 -23 26 29 28 -28 -4 -18
right_child=1 -3 18 4 6 12 10 9 14 13 -12 -13 -14 -15 -16 -17 25 -19 19 21 -22 23 -24 -25 -26 -27 27 -29 -30 -31
leaf_value=0.012641715662176379 -0.057086383814850539 0.018378419931809675 -0.0064842914874531817 -0.037960451063155189 -0.054821272552216707 -0.020462589851587418 -0.017162817293501956 0.021645360435357405 0.03932571690168199 0.072112033254017924 0.05317022313948519 -0.028970966946346901 0.027324590065209937 0.02508331673938767 0.0035260512441058546 0.0074749363239423414 0.024149161325742217 -0.017323637985132177 -0.0029023614617575259 -0.0052815564581585595 0.026700677373622018 0.027271328389911195 0.021914135475894332 -0.035328404793190472 -0.032659666786012051 -0.026653587561688979 -0.0085484596948651858 0.0042246106765957952 -0.024658768644053114 -0.026478941802965752
leaf_weight=7.8891424007015329 3.4075478212907937 93.085887119639665 45.037644006486516 4.3480801871046451 7.5407935296534587 4.5906929019838598 16.7987955272547 9.8304271398519649 9.3533425594214368 5.5291977007873383 2.1228658366017035 17.829368131700903 18.828873179852962 13.861506180837749 17.992333792150021 253.49235101998784 6.9482485668268037 8.4515357687487249 36.192616180924233 161.02581088576699 23.849812051688787 1.9793899215001172 10.960924474697093 14.601799715659579 8.6099482832360064 5.3769805802730835 190.2415168217849 65.328876385930926 33.26421892241342 2.3551228768192232
leaf_count=123 34 741 870 211 177 53 264 166 149 39 21 320 153 182 326 2680 60 168 1025 4063 299 70 355 492 250 88 6017 560 872 37
internal_value=0.000518863 0.00921736 -0.00378451 0.00349306 -0.00631933 0.00869786 -0.0222389 0.00941311 0.000416056 0.021919 -0.00877109 -0.0160131 0.0176976 0.0390511 0.0160519 0.00605334 -0.0135263 0.00336221 -0.0055781 -0.00213962 0.00879815 -0.00565166 -0.00350756 -0.0274371 -0.00805817 -0.00275913 -0.00739918 -0.00526348 -0.0142906 0.0106558
internal_weight=1100.73 364.666 736.06 144.967 54.2301 27.7676 26.4625 90.7369 53.0642 37.6727 18.9217 25.7185 23.4196 19.3907 27.3457 271.58 18.0879 18.282 591.093 248.61 60.0424 188.568 171.987 16.5812 342.482 14.6804 333.872 255.57 78.3019 9.30337
internal_count=20865 3640 17225 2352 879 417 462 1473 918 555 285 443 206 221 475 2899 219 334 14873 6304 1324 4980 4418 562 8569 185 8319 6577 1742 97
is_linear=0
shrinkage=0.05


Tree=94
num_leaves=31
num_cat=0
split_feature=15 3 17 17 11 19 16 17 11 11 17 20 15 19 11 9 15 19 8 15 16 17 19 17 17 8 19 17 14 11
split_gain=3.16656 2.59933 3.1893 3.36351 3.1351 2.96614 4.0275 2.894 2.22272 3.02807 2.93639 2.15282 2.34878 2.07243 2.7508 2.04726 2.13553 2.03207 1.92535 1.82262 3.04846 2.94882 1.71827 2.04066 1.80175 1.34126 1.26049 1.17349 1.12216 1.10319
threshold=55.12916666666667 7.5000000000000009 109.50000000000001 112.00000000000001 509.00000000000006 908.00000000000011 24.500000000000004 46.500000000000007 497.00000000000006 513.00000000000011 128.50000000000003 1.5000000000000002 54.066964285714292 1192.5000000000002 479.00000000000006 2.7500000000000004 55.160256410256416 989.00000000000011 15.500000000000002 56.759615384615394 35.500000000000007 335.50000000000006 3.5000000000000004 74.500000000000014 14.500000000000002 12.500000000000002 1253.5000000000002 325.50000000000006 53.83250000000001 463.00000000000006
decision_type=2 2 2 2 2 2 2 2 2 2 2 2 2 2 2 2 2 2 2 2 2 2 2 2 2 2 2 2 2 2
left_child=1 2 4 -4 7 6 8 17 10 -10 -3 26 -13 25 29 -2 -17 -1 -9 22 21 -21 23 -18 -24 -7 -5 -22 -27 -15
right_child=15 5 3 11 -6 13 -8 18 9 -11 -12 12 -14 14 -16 16 19 -19 -20 20 27 -23 24 -25 -26 28 -28 -29 -30 -31
leaf_value=-0.0035301058296582141 -0.036880998034399842 -0.01411010566830612 -0.068161301055073523 -0.021629393773943784 -0.027314412581616532 -0.044327779975188886 -0.056037014314179373 0.029673586072423624 0.036814177782793271 -0.0098686739765137116 0.0083812175123579701 0.021459509901687143 0.0033608411558424208 0 0.038255458558905678 -0.033849914090618237 0.012373521886683071 0.043960084904883734 0.00058621262034370546 -0.011697363204765726 -0.007201711163576735 0.018998551925190982 0.025392221296714701 -0.041220822271705954 8.4809955767789342e-05 -0.035814153888909919 0.025332795961738042 -0.063162913056353742 0.016483775557054697 -0.063061241142713234
leaf_weight=16.915074640070092 3.8558290009968905 22.708992489788216 1.5025817155838002 10.68709129601484 3.6662011326407073 7.8341618615668285 2.7525832073297343 41.833186317235231 10.329038444266187 4.9362306409166186 39.770194669341436 21.702541375358123 107.70924702004413 1.1278687180601985 2.8178424570360221 4.7581595851224838 2.4423733615549272 2.481302243191748 6.9947198322042814 38.829173047444783 1.6183337161783118 9.6053053646464814 7.0092334987130007 5.1547253828612156 705.39722674615041 1.7515929639339449 1.4684735017362971 3.3620340881752782 2.0836663134396076 1.2765869785216635
leaf_count=211 493 370 45 230 63 267 56 583 120 88 717 465 2234 45 63 113 35 27 60 827 47 185 86 106 13111 20 30 103 20 45
internal_value=0.000720024 0.00497751 0.0080507 0.00368362 0.016655 -0.00175579 0.0021925 0.0191276 0.00438771 0.0214273 0.000117027 0.00452904 0.00644885 -0.0207677 0.00453634 -0.000974472 -0.000785416 0.00248299 0.0256187 -0.000571186 -0.00947455 -0.00548027 8.3608e-05 -0.0234044 0.000344351 -0.0324589 -0.0153877 -0.0464626 -0.00643367 -0.0329332
internal_weight=1094.38 312.349 214.96 143.07 71.8905 97.3888 80.497 68.2243 77.7445 15.2653 62.4792 141.567 129.412 16.8917 5.2223 782.032 778.177 19.3964 48.8279 773.418 53.4148 48.4345 720.004 7.5971 712.406 11.6694 12.1556 4.98037 3.83526 2.40446
internal_count=20865 5759 3948 3004 944 1811 1351 881 1295 208 1087 2959 2699 460 153 15106 14613 238 643 14500 1162 1012 13338 141 13197 307 260 150 40 90
is_linear=0
shrinkage=0.05


Tree=95
num_leaves=31
num_cat=0
split_feature=10 10 13 10 13 17 14 15 13 11 5 9 17 5 14 9 10 9 13 10 15 7 13 10 13 9 18 13 15 17
split_gain=19.8878 4.50493 2.87372 5.45371 4.71437 3.51049 6.31603 3.16287 3.34199 2.73305 3.24605 2.72011 2.56696 3.00014 2.51841 2.44355 2.44204 2.36899 2.27918 2.24065 2.16 2.12978 2.03072 1.95392 1.8987 1.69809 1.64522 1.61169 2.42359 2.03175
threshold=38.250000000000007 39.650000000000013 16.500000000000004 36.050000000000004 58.000000000000007 577.50000000000011 54.049791666666671 55.972222222222229 33.500000000000007 463.00000000000006 1.0000000180025095e-35 45.050000000000004 109.50000000000001 1.0000000180025095e-35 37.781565656565661 56.050000000000004 42.250000000000007 13.750000000000002 32.500000000000007 36.250000000000007 56.968750000000007 54.500000000000007 10.500000000000002 35.750000000000007 14.500000000000002 262.55000000000001 20.500000000000004 15.500000000000002 55.792857142857152 626.50000000000011
decision_type=2 2 2 2 2 2 2 2 2 2 2 2 2 2 2 2 2 2 2 2 2 2 2 2 2 2 2 2 2 2
left_child=2 20 11 5 7 9 14 8 -5 10 -4 12 13 -1 -7 -13 24 -15 -9 -6 27 -14 -17 -11 -3 -24 -23 28 -2 -30
right_child=1 16 3 4 19 6 -8 18 -10 23 -12 15 21 17 -16 22 -18 -19 -20 -21 -22 26 25 -25 -26 -27 -28 -29 29 -31
leaf_value=-0.014224029572651568 0.0094171542409570985 -0.0064491453150558155 -0.025017661525757275 0.0043953974594273821 0.019530218644311662 -0.022656464378127211 -0.042183230356926726 0.0028988059715242152 0.023371557131241318 -0.013694894381898637 0.005647475236481507 0.0092784461556269428 -0.0029134461507161254 -0.021172032026521698 0.070411606437441418 -0.055446323549480037 0.036270001364465385 0.031498019126035164 -0.016320165636550678 -0.05508986577861822 -0.030527530181637397 -0.014638313740189507 -0.0077041350949440387 -0.03514755819653928 0.016192706885158056 0.0042186979780549248 -0.028942670003297373 0.0076012431163461043 -0.021854158293069307 0.03334333176522427
leaf_weight=15.335215618310031 17.251930316211656 9.7586523336358351 11.460792034427866 66.924592446594033 1.1043947518337507 0.73270291648805042 2.3166523585096002 57.780188551114406 36.193428389495239 56.284171549414168 33.597257744055241 26.957723640836775 22.525113304436672 2.587858353042976 4.2288358681253158 2.0259399847127488 14.515808617696164 9.0674704613629711 20.82456270098919 4.7020174324279651 4.0510163763537994 53.390901079619653 212.92329652456101 13.681155624741221 106.03920180071145 34.093341145664454 35.293951962987194 185.43385945586488 16.962508837808858 1.6922341510653485
leaf_count=717 183 102 442 1271 15 56 136 1168 471 1835 700 461 966 179 85 35 126 201 609 184 81 2601 2407 357 827 259 2027 2046 227 10
internal_value=-0.000332524 0.00934237 -0.00509318 -0.00143055 0.0039072 -0.00965246 0.0235819 0.00535755 0.0111205 -0.0118175 -0.0020798 -0.00781983 -0.0135649 8.48552e-05 0.0555037 -0.00492115 0.016756 0.0192976 -0.00214357 -0.03996 0.00502833 -0.0169197 -0.00648137 -0.0180053 0.0142375 -0.00603727 -0.0204135 0.00571515 -0.00388044 -0.0164293
internal_weight=1079.74 355.705 724.032 309.831 187.529 122.302 7.27819 181.723 103.118 115.023 45.058 414.201 138.201 26.9905 4.96154 276 130.314 11.6553 78.6048 5.80641 225.392 111.21 249.043 69.9653 115.798 247.017 88.6849 221.341 35.9067 18.6547
internal_count=20784 3602 17182 7329 3718 3611 277 3519 1742 3334 1142 9853 6691 1097 141 3162 1055 380 1777 199 2547 5594 2701 2192 929 2666 4628 2466 420 237
is_linear=0
shrinkage=0.05


Tree=96
num_leaves=31
num_cat=0
split_feature=9 13 20 14 9 0 15 9 6 17 19 14 6 9 14 14 17 15 9 20 19 0 17 0 8 19 14 19 17 20
split_gain=3.05423 1.96682 3.04048 2.26381 2.50421 2.61683 2.01966 3.34795 3.35133 2.68322 2.61838 2.18894 2.08907 2.07357 1.87932 1.86095 1.68019 1.60854 1.37738 1.48111 1.71654 1.37575 1.35154 1.33593 1.25724 0.492236 0.344442 0.267706 0.222846 0.125611
threshold=2.7500000000000004 12.500000000000002 6.5000000000000009 32.164166666666674 50.350000000000001 2016.5000000000002 55.677083333333336 239.75000000000003 7.5000000000000009 345.00000000000006 4.5000000000000009 107.82812500000001 4.5000000000000009 439.05000000000007 102.20625000000003 88.125000000000014 72.500000000000014 54.40312500000001 15.050000000000002 11.500000000000002 165.50000000000003 2004.5000000000002 72.500000000000014 2002.5000000000002 11.500000000000002 1408.5000000000002 33.762708333333343 76.500000000000014 251.50000000000003 14.500000000000002
decision_type=2 2 2 2 2 2 2 2 2 2 2 2 2 2 2 2 2 2 2 2 2 2 2 2 2 2 2 2 2 2
left_child=25 2 3 4 5 -2 7 8 14 -10 22 13 -13 -12 -3 21 -17 -5 26 20 -20 -9 -8 -19 -21 27 28 -1 -4 -24
right_child=1 6 18 17 -6 -7 10 15 9 -11 11 12 -14 -15 -16 16 -18 23 19 24 -22 -23 29 -25 -26 -27 -28 -29 -30 -31
leaf_value=0 0.024558507712208331 0.0014193994461596247 0 0.018818522377538793 -0.049994209365514547 -0.046375090264422207 0 0.002193705655030857 -0.045034194317344546 0.024513119963805289 -0.0011558994615087049 0.0006629463959215284 -0.039654335009989938 0.03355901639033429 0.02488603477598195 -0.027601892620905823 0.01102156525584257 0 -0.010105082761170779 -0.013988141536301291 0.029949803170368695 0.027233957850668268 -0.057142295287921287 -0.051300225603098694 0.027042794814888933 0.0028832142002997137 -0.044155796935583629 -0.048917280535927282 -0.026750463469006055 -0.026627983192127988
leaf_weight=0.4365975453692944 5.7669457662850636 403.4135480197001 1.4542833663872472 0.93760428053792466 2.3047145744785666 1.5442759937141088 1.9535108321579162 7.5527804475277653 6.4266980774700624 1.5908782044425605 530.0568170795741 5.3719666216056776 7.0890001881634817 4.2294719479978076 8.653230529627761 3.8907800111919633 9.4496621703729016 1.4778532891359635 3.5786289782263365 10.384861086844465 8.5747042889706773 25.749466098845005 2.8733793955761939 9.3332511816988681 2.1170288044959298 0.38222019161912602 1.6052094366750678 3.9281048297998495 1.0950613777386022 1.5989262784714808
leaf_count=44 110 7709 94 9 30 49 34 60 88 21 10178 112 120 26 203 33 78 32 53 198 115 164 70 251 15 24 144 591 86 43
internal_value=-0.000363102 -0.000179018 -0.00983643 -0.0240884 -0.00539236 0.00847768 0.000292099 0.0027183 0.00129254 -0.0304864 -0.00174603 -0.00136046 -0.0220084 -0.000865507 0.00193024 0.0154221 0 -0.0387939 0.000606304 0.00528873 0.0177611 0.0217282 -0.0332635 -0.0443753 -0.00648387 -0.0399689 -0.0254776 -0.0448219 -0.0106067 -0.0481474
internal_weight=1074.82 1070.07 50.1744 21.3646 9.61594 7.31122 1019.9 466.727 420.084 8.01758 553.173 546.747 12.461 534.286 412.067 46.6427 13.3404 11.7487 28.8098 24.6552 12.1533 33.3022 6.42582 10.8111 12.5019 4.74692 4.15455 4.3647 2.54934 4.47231
internal_count=20784 20125 1186 481 189 159 18939 8356 8021 109 10583 10436 232 10204 7912 335 111 292 705 381 168 224 147 283 213 659 324 635 180 113
is_linear=0
shrinkage=0.05


Tree=97
num_leaves=31
num_cat=0
split_feature=10 10 10 3 5 17 14 1 14 17 18 8 17 19 17 18 18 20 14 2 17 6 16 14 16 10 14 8 3 10
split_gain=19.1295 4.44926 3.19019 2.65822 3.6538 3.13635 2.80109 4.71808 2.69265 2.49618 2.39585 2.3747 2.23008 2.52507 3.49137 2.51916 2.69309 2.05347 1.9007 1.90015 3.42661 2.5503 1.76057 2.22123 2.42738 1.70533 2.40572 3.40392 1.84034 1.62141
threshold=38.250000000000007 41.350000000000001 36.650000000000013 5.5000000000000009 1.0000000180025095e-35 311.00000000000006 49.118750000000006 9.5000000000000018 40.296875000000007 318.00000000000006 46.500000000000007 8.5000000000000018 73.500000000000014 603.50000000000011 52.000000000000007 43.500000000000007 22.500000000000004 14.500000000000002 47.728750000000005 5.5000000000000009 357.50000000000006 6.5000000000000009 39.500000000000007 75.408750000000012 49.500000000000007 39.350000000000001 41.045416666666675 13.500000000000002 7.5000000000000009 39.250000000000007
decision_type=2 2 2 2 2 2 2 2 2 2 2 2 2 2 2 2 2 2 2 2 2 2 2 2 2 2 2 2 2 2
left_child=2 22 11 10 5 -5 8 -8 -6 -7 19 -1 13 17 -15 16 -14 -13 -17 21 -21 -4 25 24 -24 29 27 -27 -28 -2
right_child=1 -3 3 4 6 9 7 -9 -10 -11 -12 12 15 14 -16 18 -18 -19 -20 20 -22 -23 23 -25 -26 26 28 -29 -30 -31
leaf_value=-0.015482033630650711 0.0064582262441970897 0.027052546706530595 -0.0045332410093509587 -0.014902773429028727 0.0054895379028797424 0.04491901445987681 -0.005350421425494579 0.026204362823983696 -0.025672668213942554 -0.0010926572526201298 -0.03254965740472493 -0.030733048860405635 -0.006349247146189143 0.03011575749405318 -0.032545003224331771 -0.0038371412383145101 0.0053381502153444184 0.008527119268157449 -0.042147841793357468 0.014589057369909817 -0.018539237227456477 0.02138778817184997 -0.027550793825586256 0.027198317130849012 0.03891211688429605 -0.016529185852402799 0.0093726605132292522 0.030048353971706954 0.022727885941307285 -0.012017360485963432
leaf_weight=84.88314441429975 166.88276051240973 32.173458645585924 66.542833256651647 93.555138642230304 14.052356055239217 3.414517225231978 22.928784851479577 23.891157335427124 13.151276599499395 17.11088619811926 4.3493511405540621 23.349576651235115 174.48561945185065 5.4744734675623459 3.5640891467919573 6.2777884902898204 68.159341477090493 3.616356845945119 7.4088706003967673 62.712837886007037 8.7018564993632008 10.948262689402325 10.591024650726464 3.1552324458025387 1.4304550671949989 13.888656022492798 56.950178653467447 5.3218690939247599 50.485611545853317 12.518567861989139
leaf_count=5923 1914 242 1397 2280 293 42 447 304 288 553 137 292 2548 57 59 124 956 50 141 935 240 116 154 41 10 170 496 46 391 138
internal_value=-0.000226443 0.00929145 -0.00491495 -0.00139442 -0.0053862 -0.0110059 0.00321023 0.0106662 -0.00943119 0.0064999 0.00347276 -0.00808634 -0.00591726 -0.0175977 0.00477446 -0.00425089 -0.00304479 -0.0252711 -0.0250935 0.00457962 0.0104622 -0.000783726 0.00748909 -0.0089323 -0.018974 0.0083224 0.0127902 -0.00327815 0.0157103 0.00513517
internal_weight=1071.98 353.398 718.579 341.359 188.104 114.081 74.0236 46.8199 27.2036 20.5254 153.255 377.219 292.336 36.0045 9.03856 256.332 242.645 26.9659 13.6867 148.906 71.4147 77.4911 321.224 15.1767 12.0215 306.048 126.646 19.2105 107.436 179.401
internal_count=20784 3602 17182 7032 4207 2875 1332 751 581 595 2825 10150 4227 458 116 3769 3504 342 265 2688 1175 1513 3360 205 164 3155 1103 216 887 2052
is_linear=0
shrinkage=0.05


Tree=98
num_leaves=31
num_cat=0
split_feature=10 10 10 9 17 0 0 13 13 8 18 11 13 11 13 20 10 11 19 2 11 13 7 17 11 8 9 18 20 18
split_gain=16.6963 4.56539 3.33485 3.33035 3.28675 3.10623 2.82079 2.81961 9.96597 2.73933 4.31344 3.1349 2.83262 6.67945 2.99833 2.3537 2.17947 1.98148 1.93769 1.83825 1.77718 1.68353 1.66253 1.48251 2.3153 1.76932 3.46353 3.27908 1.74614 2.56425
threshold=38.250000000000007 39.650000000000013 36.750000000000007 213.35000000000005 100.50000000000001 2015.5000000000002 2005.5000000000002 58.000000000000007 53.000000000000007 15.500000000000002 10.500000000000002 437.00000000000006 33.500000000000007 443.00000000000006 31.000000000000004 1.5000000000000002 42.250000000000007 491.00000000000006 603.50000000000011 4.5000000000000009 455.00000000000006 14.500000000000002 55.750000000000007 236.00000000000003 431.00000000000006 5.5000000000000009 6.4500000000000011 6.5000000000000009 10.500000000000002 42.500000000000007
decision_type=2 2 2 2 2 2 2 2 2 2 2 2 2 2 2 2 2 2 2 2 2 2 2 2 2 2 2 2 2 2
left_child=2 23 3 9 5 20 -6 8 15 12 11 -11 14 -14 -1 17 21 -4 -12 -17 -5 -3 -8 25 -25 26 27 -2 -26 -30
right_child=1 16 7 4 6 -7 22 -9 -10 10 18 -13 13 -15 -16 19 -18 -19 -20 -21 -22 -23 -24 24 28 -27 -28 -29 29 -31
leaf_value=-0.0084134580522219581 0.053034349470209845 -0.0063310367887430457 0.014101234585945831 0.021129393208202063 -0.029448656095245329 -0.059703587974461486 0.023243906496751853 -0.044681757626551355 0.055054421417478329 0.011990231935732861 -0.026792050759669894 -0.049810381498518498 -0.053647569688104337 0.0094898206151861723 -0.026648326787940282 0.020332857987439338 0.034954548454794114 -0.0074132359052144631 0.01357382155433688 -0.0044721324609485634 -0.02036658610901862 0.015616334852348056 0.00098408232803115113 -0.058879576962979088 -0.0088457525520035211 0.0089372735803031397 -0.032294649802476691 -0.02154949476745488 0.010701616516142686 -0.032568389721784004
leaf_weight=239.64261211940175 3.1040944622363877 9.1365325632505101 37.172102227807045 4.144394448027013 3.7648049783892921 3.2033060938119879 23.332321538589895 3.5276368379709302 7.8164469758048645 2.2103852815926137 4.7171088268514705 14.177340986439956 4.5425217208685345 41.985796526132617 25.193828424904495 7.5366096147336057 14.073475794866679 14.602641979290636 7.5933671975508332 250.42661891691387 6.3486325186677277 104.98977760598063 13.831750621087847 1.6104554152116168 31.701467823702842 134.97601878806017 7.5333700400078669 2.5349398397374898 37.779408345581032 3.6234412277117363
leaf_count=7386 56 102 489 34 39 33 153 152 61 16 51 176 156 1525 829 97 126 250 55 5501 59 827 120 14 403 1293 179 87 457 58
internal_value=-0.000256783 0.00866832 -0.00464185 -0.00772106 0.00366707 -0.0173143 0.0108352 -0.000839958 -0.000323277 -0.00956561 -0.0244144 -0.0411493 -0.00817356 0.0031167 -0.0101764 -0.00175423 0.016197 0.00793428 -0.00158188 -0.00372046 -0.00346031 0.0138115 0.0151183 0.00430979 -0.00137559 0.00720979 -0.0100488 0.0188438 0 0.00672495
internal_weight=1066.83 351.063 715.77 394.688 54.6252 13.6963 40.9289 321.082 317.554 340.063 28.6982 16.3877 311.365 46.5283 264.836 309.738 128.2 51.7747 12.3105 257.963 10.493 114.126 37.1641 222.863 74.7148 148.148 13.1724 5.63903 73.1043 41.4028
internal_count=20784 3602 17182 10632 438 126 312 6550 6398 10194 298 192 9896 1681 8215 6337 1055 739 106 5598 93 929 273 2547 932 1615 322 143 918 515
is_linear=0
shrinkage=0.05


Tree=99
num_leaves=31
num_cat=0
split_feature=10 10 10 9 3 10 7 14 9 14 0 17 19 17 9 17 0 17 9 19 9 17 14 3 19 11 9 14 7 10
split_gain=16.5835 4.11772 3.20301 2.91868 2.8187 2.35814 2.22894 2.76904 5.47517 2.12203 1.98224 4.98547 2.69174 1.89836 3.21895 1.78353 1.90073 1.81261 1.69143 2.41201 1.82612 2.94365 1.67152 1.61757 2.54028 1.91098 1.5865 1.53168 1.44523 1.43905
threshold=38.250000000000007 40.95000000000001 36.350000000000001 199.05000000000004 8.5000000000000018 33.95000000000001 56.250000000000007 63.495416666666678 56.050000000000004 64.674183006535955 2003.5000000000002 71.000000000000014 1130.0000000000002 242.50000000000003 154.35000000000005 100.50000000000001 2005.5000000000002 82.500000000000014 302.05000000000007 4.5000000000000009 234.75000000000003 119.50000000000001 63.495416666666678 5.5000000000000009 76.500000000000014 463.00000000000006 160.95000000000002 39.644583333333337 55.750000000000007 34.050000000000004
decision_type=2 2 2 2 2 2 2 2 2 2 2 2 2 2 2 2 2 2 2 2 2 2 2 2 2 2 2 2 2 2
left_child=2 18 3 5 6 -1 7 8 -4 -9 11 -7 -12 -6 27 17 -17 -5 19 -2 26 -22 -20 24 -8 -25 -21 -15 -24 -18
right_child=1 -3 4 15 13 10 23 9 -10 -11 12 -13 -14 14 -16 16 29 -19 22 20 21 -23 28 25 -26 -27 -28 -29 -30 -31
leaf_value=-0.033757173702457184 -0.028068204842888845 0.023593135611338183 0.0098020428648117452 -0.0020374721009736182 -0.023122976715121667 -0.056462151762326496 0.022177174788130513 0.046638751795207635 -0.010019119556835111 0.0095359722723482795 -0.010594122659920224 -0.008570414925541071 0.0027006760602865487 -0.049049663231575558 0.043089945851862245 -0.02458866174808455 0.04762856700247084 -0.046015757235827022 0.055142521805541057 0.0060466660923104154 0.014458682839014603 -0.034735382434669247 0.03049669388259578 0.006562128097067391 -0.0032411136897946544 -0.013645972559859859 0.017962191176643376 -0.0020734429217493795 -0.0096875083277084342 0.0086591490211593014
leaf_weight=10.420891207264502 4.9525838288245714 41.660999748622999 66.640184929652605 9.6907710069790465 23.559143692284124 7.587844374356794 11.319633763167074 4.1437398354755706 72.733220318565145 57.497737344296183 180.24487568699988 19.873223085865902 47.507907989347586 2.2471932129701582 3.2373293349519363 3.8327577351592472 2.5562909310683599 3.114382477477192 3.3566764444112769 245.89628697966691 5.3378318604081851 6.5706053134053946 4.8731854371726495 14.00037672522012 70.268621658789925 61.707380262814695 32.13224031124264 7.682801768212812 3.745334941893816 32.30815560836345
leaf_count=836 68 322 1966 80 739 229 154 50 777 992 4927 691 1624 89 26 40 20 32 17 2770 47 62 41 246 1621 1479 238 324 37 240
internal_value=-0.000119376 0.00881122 -0.0044975 -0.00824257 -0.00147696 -0.0103578 -0.000109015 0.00336444 -0.000505721 0.0121826 -0.00936993 -0.0221418 -0.00779899 -0.0146506 0.000191381 0.00256927 0.00800164 -0.0133947 0.00678105 0.00600537 0.00661411 -0.0123315 0.0252604 -0.00457896 0.000247067 -0.00983927 0.0074477 -0.0135859 0.0125496 0.0117875
internal_weight=1060.7 348.526 712.174 317.137 395.037 265.635 358.311 201.015 139.373 61.6415 255.214 27.4611 227.753 36.7265 13.1673 51.5024 38.6972 12.8052 306.865 294.89 289.937 11.9084 11.9752 157.296 81.5883 75.7078 278.029 9.92999 8.61852 34.8644
internal_count=20784 3602 17182 8719 8463 8307 7285 3785 2743 1042 7471 920 6551 1178 439 412 300 112 3280 3185 3117 109 95 3500 1775 1725 3008 413 78 260
is_linear=0
shrinkage=0.05


Tree=100
num_leaves=31
num_cat=0
split_feature=10 13 10 15 9 9 15 13 11 10 14 6 9 10 10 17 19 9 11 17 18 13 13 13 17 14 9 15 10 20
split_gain=16.2396 5.50298 5.16205 3.35881 3.71814 4.26512 5.44128 3.68894 3.59234 3.30156 3.04203 2.66225 2.63158 2.37918 2.34996 2.79064 6.03582 2.89482 2.88387 3.56429 2.81468 2.34243 5.91683 2.51045 2.3319 3.5275 4.58601 3.61777 2.21986 3.44455
threshold=37.150000000000013 13.500000000000002 38.550000000000004 56.118055555555564 59.850000000000001 121.95000000000002 56.289915966386566 16.500000000000004 471.00000000000006 37.050000000000004 42.971078431372554 4.5000000000000009 13.050000000000002 42.250000000000007 35.150000000000013 43.500000000000007 1130.0000000000002 278.35000000000008 449.00000000000006 90.500000000000014 36.500000000000007 53.000000000000007 58.000000000000007 37.500000000000007 262.00000000000006 43.765625000000007 36.850000000000001 55.577380952380956 37.250000000000007 6.5000000000000009
decision_type=2 2 2 2 2 2 2 2 2 2 2 2 2 2 2 2 2 2 2 2 2 2 2 2 2 2 2 2 2 2
left_child=3 12 21 14 9 6 -6 -8 -7 -5 -10 -11 -2 -4 24 16 17 -16 20 -20 -17 23 -23 -3 -1 26 -26 -27 -14 -30
right_child=1 2 13 4 5 8 7 -9 10 11 -12 -13 28 -15 15 18 -18 -19 19 -21 -22 22 -24 -25 25 27 -28 -29 29 -31
leaf_value=-0.016797463132266703 -0.05151925838269792 0.0029668022928866127 0.010751798458535801 -0.028200718599125665 -0.029523277362663122 -0.040606376340680372 -0.00014246578605523437 0.034791521056425627 0.027048900061168266 0.057519071034117623 -0.015622843183960523 -0.018207734412040974 0.035194032575605431 0.033816464958225906 -0.046609577938442961 0.014099096519541793 0.054137246181813384 0.013644316327470414 0.014028143744211997 -0.0059543734361537284 -0.02784818178206034 0.066234472548997711 -0.026310602995514368 -0.013228586635458384 -0.011954076744659894 -0.034178734593223667 0.046734703995071347 0.0073458470817972035 -0.038307021036397257 0
leaf_weight=59.818997958616819 4.0954921559896311 257.0497326835175 260.37674843240529 46.162569371692371 8.6319312378764135 12.304650455247609 16.707053212099712 13.284224614966659 4.9153530779294696 2.0261721871211185 23.485519989160821 2.3410928748780861 2.4800466850865659 11.852614382281898 10.537865232501643 45.81962850279524 2.0646781258401452 2.2580935060977927 25.788462172815343 157.70804362437048 4.2168374395696437 4.350121406838297 2.6568386525614187 26.216654325602576 5.902729935362002 10.254230298218319 7.1417171822395176 10.259070654719833 8.7891552518121916 16.950045118341222
leaf_count=1808 172 4365 2501 2953 136 141 217 157 40 54 267 97 23 112 221 696 24 21 447 3977 103 23 113 468 380 534 82 295 124 199
internal_value=0.000179854 0.0056781 0.00683748 -0.00674366 -0.0136031 -0.00674886 0.00504782 0.0152291 -0.0180495 -0.0242306 -0.0079932 0.0163072 -0.0143078 0.0117864 -0.00411951 -0.00155229 -0.0224898 -0.0355655 -0.000189493 -0.0031127 0.0104158 0.0021765 0.030564 0.00144611 -0.0108862 -0.000181709 0.0199082 -0.0132341 -0.00856789 -0.0130979
internal_weight=1066.45 594.817 562.503 471.629 129.859 79.3287 38.6232 29.9913 40.7055 50.5298 28.4009 4.36727 32.3147 272.229 341.77 248.394 14.8606 12.796 233.533 183.497 50.0365 290.273 7.00696 283.266 93.3767 33.5577 13.0444 20.5133 28.2192 25.7392
internal_count=20750 8100 7582 12650 4062 958 510 374 448 3104 307 151 518 2613 8588 5489 266 242 5223 4424 799 4969 136 4833 3099 1291 462 829 346 323
is_linear=0
shrinkage=0.05


Tree=101
num_leaves=31
num_cat=0
split_feature=10 13 18 3 10 15 10 9 15 17 0 15 7 19 8 17 0 15 19 9 11 15 16 19 19 11 13 0 17 11
split_gain=15.3903 5.19497 4.62705 4.032 3.35783 3.23299 3.05301 2.97602 2.94246 4.14243 2.88915 3.13582 4.8569 2.88875 2.8095 2.91526 2.65662 2.5572 2.54818 2.53474 2.37681 2.3265 2.52984 2.32305 3.76691 3.22206 2.82007 2.39729 2.3936 2.28864
threshold=37.850000000000001 15.500000000000002 36.500000000000007 7.5000000000000009 36.750000000000007 56.118055555555564 40.95000000000001 59.850000000000001 54.066964285714292 97.000000000000014 2003.5000000000002 54.177083333333336 54.500000000000007 6.5000000000000009 15.500000000000002 379.50000000000006 2011.5000000000002 55.083916083916094 17.500000000000004 262.55000000000001 447.00000000000006 55.36038961038961 32.500000000000007 183.50000000000003 213.50000000000003 429.00000000000006 35.000000000000007 2012.5000000000002 73.500000000000014 493.00000000000006
decision_type=2 2 2 2 2 2 2 2 2 2 2 2 2 2 2 2 2 2 2 2 2 2 2 2 2 2 2 2 2 2
left_child=4 2 3 21 5 23 10 -7 9 -6 11 -3 -13 -10 15 -9 29 -4 -8 -16 -5 -2 -23 25 27 -1 -26 -25 -27 -15
right_child=1 6 17 20 8 7 18 14 13 -11 -12 12 -14 16 19 -17 -18 -19 -20 -21 -22 22 -24 24 26 28 -28 -29 -30 -31
leaf_value=0.017188013714361489 0.0068720043179491376 0.028124250356775744 0.013291756779401687 0.053873264669789638 0.052755013459108463 -0.026502442866159749 -0.014144825838053444 -0.0081247890989750438 -0.031406676500877001 -0.00090567118417815876 0.010790344840851387 -0.026988333914698872 0.0037218613934690719 -0.0017444891909369625 -0.055022592434383177 0.029457019375419877 0.0051845327574191712 -0.050665465501013487 0.029765243186615487 -0.0015121040387684667 0.007804296406716058 -0.015234696843757459 -0.069510034339719806 0.039930029911128706 -0.0069869141267841625 -0.0368859607505303 0.0084661266644232361 -0.0038503181457353905 -0.01133061954851392 -0.018648428483285552
leaf_weight=8.4871209647099004 10.047724931500854 8.5793561176978965 1.7797950862441192 3.0925750075839487 6.0513362479396156 38.571492574206786 3.5229300654027638 46.238266312982887 7.7671173778362563 8.2240442450274696 259.90794581046794 16.916645830497146 52.14603207889013 80.770697327214293 5.5521128161344659 5.6730644346680483 103.34102377877571 7.45761235547252 27.878362184856087 3.9713448006659746 27.978209439083003 19.238643110729758 2.4289929415099314 8.2994459882611391 145.92705472998205 10.763004316540899 36.661415490874788 4.6436761119402936 70.936078299797373 26.907658562093275
leaf_count=113 125 73 23 29 60 2500 27 581 168 174 2773 249 730 1724 59 67 2273 100 228 30 300 259 41 105 4203 269 1029 69 1584 785
internal_value=0.000134004 0.00727528 -0.00495639 0 -0.00494746 -0.00781023 0.00967729 -0.0155682 -0.000186738 0.021702 0.00826263 -0.00013761 -0.00375634 -0.00164704 -0.00858996 -0.00387284 -0.00051362 -0.0377968 0.024651 -0.0334755 0.0127082 -0.0125937 -0.0218402 -0.00507283 -0.00197783 -0.0117181 -0.00385384 0.0239303 -0.0147994 -0.00602838
internal_weight=1059.76 440.975 72.0236 62.7861 618.786 385.724 368.951 100.006 233.062 14.2754 337.55 77.642 69.0627 218.786 61.4348 51.9113 211.019 9.23741 31.4013 9.52346 31.0708 31.7154 21.6676 285.718 195.532 90.1862 182.588 12.9431 81.6991 107.678
internal_count=20750 4957 877 754 15793 10609 4080 3237 5184 234 3825 1052 979 4950 737 648 4782 123 255 89 329 425 300 7372 5406 1966 5232 174 1853 2509
is_linear=0
shrinkage=0.05


Tree=102
num_leaves=31
num_cat=0
split_feature=10 13 10 8 13 10 17 14 18 15 15 2 17 17 13 18 8 16 14 15 10 13 8 14 11 11 14 19 8 11
split_gain=14.5625 4.35912 4.1322 3.12398 2.13378 3.56481 4.01754 4.55497 2.99756 2.97105 2.84532 4.28171 2.66228 4.37279 2.23371 2.10885 1.84737 1.69726 2.15773 1.91449 1.64575 1.55246 3.43598 1.40931 1.34765 1.33896 1.54623 1.78302 1.44363 1.31402
threshold=37.550000000000004 13.500000000000002 39.350000000000001 2.5000000000000004 16.500000000000004 36.150000000000013 577.50000000000011 56.751666666666672 29.500000000000004 56.825757575757585 55.972222222222229 5.5000000000000009 46.500000000000007 49.500000000000007 62.000000000000007 49.500000000000007 4.5000000000000009 27.500000000000004 68.454779411764719 53.984375000000007 42.250000000000007 35.000000000000007 14.500000000000002 30.422527472527481 465.00000000000006 483.00000000000006 34.331730769230781 186.00000000000003 11.500000000000002 495.00000000000006
decision_type=2 2 2 2 2 2 2 2 2 2 2 2 2 2 2 2 2 2 2 2 2 2 2 2 2 2 2 2 2 2
left_child=3 16 15 -1 9 6 8 -8 -6 12 14 -12 23 -14 -7 17 -2 19 -19 -3 21 -4 -23 -5 -22 28 27 -27 -18 -11
right_child=1 2 20 4 5 10 7 -9 -10 29 11 -13 13 -15 -16 -17 25 18 -20 -21 24 22 -24 -25 -26 26 -28 -29 -30 -31
leaf_value=-0.026793467739121821 -0.050342632601977327 0.018416037060272349 0.014417850767292434 0.015365653005208417 -0.014407103437800793 0.014018608142574249 0.056752012135953281 -0.033246509125109895 0.0036401799024975002 -0.056863062931799269 -0.022034862827998568 0.007149632955962661 0.056913706382322155 -0.0063018499283915069 -0.025438863785325474 -0.045824898505604353 -0.032461131997786351 0.0064934183295599539 0.031728101481654308 0.0020990900357452948 0.0012689996020137789 -0.021208055245267692 0.040189672355211814 -0.031962735597955587 0.042554345642843147 0.049557104485619327 -0.011865692877477971 -0.0068299536913245988 0.0078933025644749837 -0.008608315131638471
leaf_weight=16.618559479960823 2.9548940332606461 19.320936501142569 124.29525154433213 1.5580176259390999 84.184824373980518 62.780702578893397 4.6715442350832737 1.8409036323428152 31.049361225042958 4.3133997592958613 19.92889324168209 33.333236062142532 2.6505284332670263 264.80487736608484 3.6287877891445524 1.9678641306236375 7.797844872344287 29.589083118946292 12.249075399769934 266.3742986129364 2.8884159750305107 8.4270528396591526 2.9876623656600705 14.132259113539474 8.661389575339852 2.8394602183252555 7.4093262316891924 2.3809824166819453 2.7838016329333186 2.5284421711694449
leaf_count=2161 112 223 1075 17 2166 987 96 95 835 156 645 549 18 6300 111 37 136 430 149 3721 30 86 22 263 82 22 98 23 24 81
internal_value=0.000188717 0.00633655 0.00743453 -0.00544421 -0.00476224 -0.00126408 -0.00730135 0.0304375 -0.00950205 -0.00765582 0.00483708 -0.00369735 -0.00683955 -0.00563565 0.0117524 0.00429867 -0.0134309 0.00462897 0.0140587 0.00322612 0.0144096 0.0127882 -0.00449426 -0.0268789 0.0327583 -0.00832157 0.00232705 0.0232549 -0.0214022 -0.0401314
internal_weight=1050.95 502.927 476.761 548.024 531.406 241.418 121.747 6.51245 115.234 289.988 119.672 53.2621 283.146 267.455 66.4095 329.501 26.1663 327.533 41.8382 285.695 147.26 135.71 11.4147 15.6903 11.5498 23.2114 12.6298 5.22044 10.5816 6.84184
internal_count=20750 6270 5855 14480 12319 5484 3192 191 3001 6835 2292 1194 6598 6318 1098 4560 415 4523 579 3944 1295 1183 108 280 112 303 143 45 160 237
is_linear=0
shrinkage=0.05


Tree=103
num_leaves=31
num_cat=0
split_feature=10 9 10 13 20 13 19 13 18 10 15 10 11 15 9 11 13 11 10 15 11 3 15 11 20 20 10 14 13 20
split_gain=14.2039 3.92538 3.7029 2.26191 2.29559 2.24208 3.49109 4.1714 6.71691 3.91834 4.89841 3.29116 2.59184 2.37685 1.99415 2.43957 1.6799 2.07644 2.19978 2.10854 1.80746 1.87626 5.10529 3.50665 1.64815 1.61443 1.60969 1.52933 2.64414 1.57651
threshold=37.550000000000004 5.5500000000000007 39.350000000000001 13.500000000000002 9.5000000000000018 16.500000000000004 1130.0000000000002 49.500000000000007 43.500000000000007 35.150000000000013 55.972222222222229 35.650000000000013 495.00000000000006 56.825757575757585 43.850000000000001 481.00000000000006 15.500000000000002 505.00000000000006 37.650000000000013 56.696153846153855 411.00000000000006 5.5000000000000009 54.177083333333336 477.00000000000006 8.5000000000000018 14.500000000000002 42.45000000000001 41.045416666666675 21.000000000000004 6.5000000000000009
decision_type=2 2 2 2 2 2 2 2 2 2 2 2 2 2 2 2 2 2 2 2 2 2 2 2 2 2 2 2 2 2
left_child=1 -1 16 4 -4 13 9 11 -9 12 -11 -8 -7 14 -3 -16 17 18 -2 24 -18 22 -22 -23 -19 -20 27 28 -5 -29
right_child=2 5 3 26 -6 6 7 8 -10 10 -12 -13 -14 -15 15 -17 20 19 25 -21 21 23 -24 -25 -26 -27 -28 29 -30 -31
leaf_value=-0.028625528410123176 0.029276855267198826 -0.013300413161056757 -0.046528362653987881 0.012631749650720996 0.0067196006582523407 -0.011969767837611578 -0.019504299764223788 0.059066457361641372 -0.062773363835323198 0.0063312500698133158 -0.01225978990385186 0.013229592132511559 -0.046691425292449934 -0.037332903466097647 -0.0087672067239105943 0.0025054567615431251 0.048987551874274116 -0.014638383928665427 -0.022556784570782237 -0.036060306405575955 0.053126183176319113 -0.0072703679786359906 0.006813484799082785 0.0071493004498024816 0.032528534159349816 -0.0014438873328194151 0.035255164311741805 0.0062285980848106525 -0.026787042386841594 0.0188718277991635
leaf_weight=17.610096718664863 3.0911364869680247 85.077136853360571 3.0113867875188571 12.773956250166522 5.3906471617519855 34.707559317932464 10.62735711771529 7.7761330460780282 1.1985964317573232 98.918229597737081 55.052991352102254 26.506791437801439 6.4973121851799069 6.5509232342592432 114.98528853873722 81.328075744851958 2.2244418598711482 2.1611917098052791 21.589497879613191 1.6849930565804232 6.2424038103781632 71.87278443944524 110.44814474752638 101.37467801148887 8.1412484218599257 16.483667730994057 8.7092857602983695 37.702520608203486 6.250105991959571 80.404597845859826
leaf_count=2376 60 4043 52 137 60 1011 395 168 54 1701 1259 545 267 224 1443 994 13 40 358 25 37 1122 1402 1494 84 228 90 338 70 660
internal_value=0.0001495 -0.00541302 0.00624835 0.0126987 -0.0120998 -0.00462591 -0.00104591 0.011285 0.0417311 -0.00398887 -0.000287237 0.00370003 -0.0176656 -0.00760707 -0.00688426 -0.00407285 0.00334984 -0.00477272 -0.0101726 0.0132872 0.00484578 0.0044731 0.00937718 0.00113762 0.0221078 -0.0135747 0.0141689 0.0127686 -0.000129678 0.0148868
internal_weight=1046.39 546.836 499.557 154.243 8.40203 529.226 241.285 46.1089 8.97473 195.176 153.971 37.1341 41.2049 287.941 281.391 196.313 345.314 53.1517 41.1643 11.9874 292.162 289.938 116.691 173.247 10.3024 38.0732 145.84 137.131 19.0241 118.107
internal_count=20750 14480 6270 1407 112 12104 5400 1162 222 4238 2960 940 1278 6704 6480 2437 4863 795 646 149 4068 4055 1439 2616 124 586 1295 1205 207 998
is_linear=0
shrinkage=0.05


Tree=104
num_leaves=31
num_cat=0
split_feature=10 13 10 3 15 9 10 17 9 9 17 19 13 13 17 0 9 3 1 17 17 19 8 9 15 19 15 17 13 17
split_gain=13.6333 4.69056 3.55991 3.04574 2.84982 3.64756 3.24429 6.69944 4.39164 4.27127 4.12541 3.68514 3.01995 3.25884 2.832 2.63165 3.38109 3.49572 2.86523 2.67699 2.53761 2.57316 2.47133 2.29604 2.1514 2.0849 2.0172 1.94754 1.94291 2.57809
threshold=37.850000000000001 15.500000000000002 40.95000000000001 7.5000000000000009 56.118055555555564 46.350000000000001 35.050000000000004 695.00000000000011 213.35000000000005 160.95000000000002 778.00000000000011 505.00000000000006 35.000000000000007 37.500000000000007 37.500000000000007 2003.5000000000002 11.250000000000002 5.5000000000000009 9.5000000000000018 84.000000000000014 48.500000000000007 6.5000000000000009 12.500000000000002 439.05000000000007 55.36038961038961 73.500000000000014 55.14358974358975 318.00000000000006 16.500000000000004 103.50000000000001
decision_type=2 2 2 2 2 2 2 2 2 2 2 2 2 2 2 2 2 2 2 2 2 2 2 2 2 2 2 2 2 2
left_child=4 3 15 24 6 -6 7 8 9 -1 -9 28 14 -14 -13 16 26 -18 22 -20 -7 -22 -17 -23 27 -10 -3 -2 -8 -30
right_child=1 2 -4 -5 5 20 11 10 25 -11 -12 12 13 -15 -16 18 17 -19 19 -21 21 23 -24 -25 -26 -27 -28 -29 29 -31
leaf_value=-0.015673704127541342 -0.0071806971387668745 0 0.025926860178966945 0.0056036285071746732 -0.019841281741636001 0.025057899282893883 -0.0089324014707866713 0.067809645453315165 -0.013068750448212622 -0.057605450957851703 -0.028901664809218193 -0.058752680899051668 0.051170852255050574 0.010930279999384278 0.0032447118783845244 0.0018405957243026593 0.020934497690724321 -0.0039629814886387692 -0.010127472114591793 0.022233460490379723 -0.053827343709690924 -0.00655893272674553 0.013449788459209557 0.036767779935108449 -0.023581191133337814 0.026091686073146183 -0.048076435540142098 0.045767419209363759 0.012520330066660377 -0.0054207921345367305
leaf_weight=58.891079535198514 8.4338448727503401 3.3809551267768239 29.560897115850821 33.790503451658878 60.824094007970416 6.5438517425209275 111.61509962412674 4.0019976760959244 5.3707115203142157 6.8415669631212941 1.3596812929899895 1.7671339809894551 6.5698930470971417 23.085161551716737 111.39351180492667 106.48850202909671 19.915189856663346 46.984500059392303 6.8427739292383185 61.934666021261364 2.7370857093483201 115.11452225776156 82.039752542041242 3.0124466605484477 24.214074768126011 8.4536083210259658 5.4097842515911907 2.0625007399357846 31.194967562041711 55.250620516351773
leaf_count=2577 117 102 255 385 3670 78 2257 61 50 65 77 49 81 519 3020 1473 164 631 70 581 33 1564 649 19 353 62 155 22 468 1143
internal_value=0.000159407 0.00697899 0.00925061 -0.00496716 -0.00462028 -0.00975028 -0.00233895 -0.0110779 -0.0147859 -0.0201949 0.0422888 -0.00014463 0.00596008 0.0201554 0.00218139 0.00774787 -0.000383915 0.00339424 0.0101586 0.0189312 -0.00488188 -0.0065636 0.0069234 -0.00538157 -0.015388 0.0105343 -0.0294138 0.00308532 -0.00457258 0.0010027
internal_weight=1045.08 431.058 362.557 68.5009 614.027 188.232 425.795 84.9186 79.557 65.7326 5.36168 340.876 142.816 29.6551 113.161 332.996 75.6904 66.8997 257.306 68.7774 127.408 120.864 188.528 118.127 34.7104 13.8243 8.79074 10.4963 198.061 86.4456
internal_count=20750 4957 4080 877 15793 5364 10429 2892 2754 2642 138 7537 3669 600 3069 3825 1052 795 2773 651 1694 1616 2122 1583 492 112 257 139 3868 1611
is_linear=0
shrinkage=0.05


Tree=105
num_leaves=31
num_cat=0
split_feature=10 15 10 13 15 10 13 0 17 19 13 15 20 10 11 16 16 3 16 1 10 17 10 13 1 11 11 19 17 17
split_gain=10.6377 3.85441 6.0471 4.5982 3.69173 3.61079 3.67436 2.98546 2.76241 3.19836 3.48918 2.68515 3.41322 2.64256 2.52015 2.49157 3.62528 3.0016 4.69379 2.34093 2.31658 2.26625 2.71226 2.2279 2.17375 5.57299 3.50849 2.12005 2.10665 2.40054
threshold=37.350000000000001 55.972222222222229 35.050000000000004 16.500000000000004 54.566964285714292 38.95000000000001 14.500000000000002 2006.5000000000002 695.00000000000011 44.500000000000007 58.000000000000007 56.677083333333336 11.500000000000002 37.050000000000004 473.00000000000006 34.500000000000007 21.500000000000004 6.5000000000000009 36.500000000000007 4.5000000000000009 36.350000000000001 33.500000000000007 42.350000000000001 39.500000000000007 11.500000000000002 457.00000000000006 473.00000000000006 34.500000000000007 156.50000000000003 74.500000000000014
decision_type=2 2 2 2 2 2 2 2 2 2 2 2 2 2 2 2 2 2 2 2 2 2 2 2 2 2 2 2 2 2
left_child=1 2 4 24 28 6 -2 -6 15 -10 -11 -8 23 19 -15 16 20 18 -17 -5 -3 27 -23 -13 25 -4 -26 -7 29 -1
right_child=5 8 3 13 7 21 11 -9 9 10 -12 12 -14 14 -16 17 -18 -19 -20 -21 -22 22 -24 -25 26 -27 -28 -29 -30 -31
leaf_value=-0.023771759144593219 -0.015974085755646135 -0.018998053242744492 0.0079731393592811488 0.043552357071953936 -0.061213395995662639 0.010447019633880077 0.0043331744547547681 -0.018489551179624805 0.080984017568079436 -0.028280057471253263 0.061887209799609703 0.020103362150730761 -0.027870629571883257 0.010731056083045023 -0.039114545161107503 0.03653227210047455 -0.039704682754853032 0.047108110535999552 -0.019104404642025605 0.0092177854643869031 -0.0059815909747618747 0.0091996280276947263 0.035627959317372289 -0.02308063953840267 -0.012125156787497246 -0.01793849418054623 0.017639697427061517 -0.038307632509313273 -0.01375527041035219 0.031324054947594285
leaf_weight=2.4202741362969418 28.508563167240936 69.451033634089981 30.903700123555609 5.2391364289214826 4.5795105946308459 3.9457960606086981 270.11555698578013 45.100949885993032 1.5295712528750289 3.3326780464558396 1.4607260919874532 9.3493781303986925 15.257843676314222 4.4943489781580848 5.2965846829756629 4.9841357594123172 13.588985869835595 3.1656380316708228 14.582912274025146 99.647520783590153 70.395470490737353 194.21449380833656 10.303878332255406 4.1982067688368252 17.246609388617799 61.521148786720005 22.690216536168009 4.6011850219219923 9.9863163573609182 8.1027950058924016
leaf_count=52 488 2202 627 73 271 44 4114 1637 15 191 10 120 346 104 149 85 520 47 477 2023 1929 1876 107 90 277 1961 261 41 457 174
internal_value=-0.000422088 -0.00568443 -0.00233263 0.00132997 -0.0152782 0.00443416 0.00111935 -0.0226433 -0.0114791 0.0204706 0 0.0027711 -0.0116682 0.00867069 -0.0158512 -0.0126651 -0.0149576 0.00258685 -0.00456465 0.0110203 -0.0124906 0.00950185 0.0105723 0.00628382 -0.00499399 -0.00922124 0.00466276 -0.0153608 0.00234327 0.018077
internal_weight=1040.22 499.72 317.229 247.039 70.1898 540.495 327.43 49.6805 182.491 6.32298 4.7934 298.921 28.8054 114.678 9.79093 176.168 153.435 22.7327 19.567 104.887 139.847 213.065 204.518 13.5476 132.362 92.4248 39.9368 8.54698 20.5094 10.5231
internal_count=20768 13542 8066 5475 2591 7226 5158 1908 5476 216 201 4670 556 2349 253 5260 4651 609 562 2096 4131 2068 1983 210 3126 2588 538 85 683 226
is_linear=0
shrinkage=0.05


Tree=106
num_leaves=31
num_cat=0
split_feature=13 6 16 1 15 9 15 13 11 11 17 9 8 18 20 15 16 13 3 15 3 17 18 8 15 17 17 17 5 15
split_gain=2.93465 2.48192 3.36679 3.66677 3.20375 3.53349 3.18935 2.88282 3.86408 3.19082 2.46524 2.36788 2.3549 2.81913 2.17036 2.12219 2.18376 3.13648 2.79143 1.95254 1.93918 4.09519 2.57618 2.14163 1.90373 2.37501 1.69371 1.43988 1.34981 1.19035
threshold=15.500000000000002 4.5000000000000009 33.500000000000007 10.500000000000002 56.927083333333336 63.350000000000001 53.704861111111121 31.000000000000004 533.00000000000011 453.00000000000006 32.500000000000007 75.15000000000002 5.5000000000000009 1.0000000180025095e-35 19.500000000000004 54.261363636363647 37.500000000000007 16.500000000000004 5.5000000000000009 54.535897435897446 7.5000000000000009 77.500000000000014 5.5000000000000009 14.500000000000002 53.878676470588239 163.50000000000003 52.000000000000007 136.50000000000003 1.5000000000000002 55.741666666666667
decision_type=2 2 2 2 2 2 2 2 2 2 2 2 2 2 2 2 2 2 2 2 2 2 2 2 2 2 2 2 2 2
left_child=12 4 3 10 5 6 -2 9 -9 -5 11 -3 28 -14 -12 -4 17 -17 -18 -8 21 22 -15 -23 25 -7 -22 -28 -1 -30
right_child=1 2 15 7 -6 24 19 8 -10 -11 14 -13 13 20 -16 16 18 -19 -20 -21 26 23 -24 -25 -26 -27 27 -29 29 -31
leaf_value=-0.023517972517261267 -0.036008968412220586 -0.014425252720205542 0.054566437441851592 0.019388299433660106 -0.031136020879549232 0.04942708204799786 0.01406677646971756 -0.036357936960840845 0.037174974333172517 -0.012042595232331321 -0.00046112444190328489 0.039512129448336791 0.064184811113538881 -0.004576371555572183 -0.01809657536867787 -0.0066938950155899755 -0.011002084157480531 0.043211703687846922 0.019527471318309175 -0.00075071815867260158 -0.036171389270678547 -0.015922216325891365 0.030728772067363547 0.012734176166036441 0.008412174984086097 0 0.015231182144383286 -0.0011637140632518121 0.054519933123449354 -0.018273920260532539
leaf_weight=23.662910827013551 5.8574288111412889 2.640064631297717 2.5876206531538619 9.3870360219152627 6.3007402506191275 6.3300261897966248 25.331588226399617 18.058452681871135 1.8345894594676782 51.262553781052702 307.41483900730964 6.9305898351594806 1.4026968088001002 11.014300874900075 18.449363497551531 4.6707853765692553 18.87694993312471 8.5301356944255513 12.239011556404874 173.47967577942472 2.5662441606400526 76.789907093625516 9.275187512394039 6.8542995294556013 158.81305899983272 3.7809004569426179 20.183445074711926 37.964268984389491 1.0045316735049699 0.92993018502602343
leaf_count=1541 205 62 44 109 158 42 739 315 14 760 5845 55 12 142 397 80 486 118 174 5385 55 1298 94 44 1587 45 248 646 22 46
internal_value=-0.000417859 0.000847094 -0.00160329 -0.00304535 0.00384557 0.0044571 1.42121e-05 -0.0126222 -0.0291744 -0.00707167 -0.000727838 0.0241212 -0.00600414 -0.00378466 -0.00148017 0.0110586 0.00828855 0.0252605 0.000870186 0.00111824 -0.00443267 -0.00858833 0.0113894 -0.0135018 0.00980733 0.0309345 0.00260143 0.0044576 -0.0201366 0.0178908
internal_weight=1034.42 842.775 462.882 415.977 379.893 373.593 204.669 80.5426 19.893 60.6496 335.435 9.57065 191.648 166.05 325.864 46.9045 44.3169 13.2009 31.116 198.811 164.648 103.934 20.2895 83.6442 168.924 10.1109 60.714 58.1477 25.5974 1.93446
internal_count=20768 16620 8459 7557 8161 8003 6329 1198 329 869 6359 117 4148 2539 6242 902 858 198 660 6124 2527 1578 236 1342 1674 87 949 894 1609 68
is_linear=0
shrinkage=0.05


Tree=107
num_leaves=31
num_cat=0
split_feature=10 13 13 10 19 18 15 7 14 10 10 10 14 17 13 10 11 19 1 10 11 14 10 18 11 3 18 3 6 17
split_gain=10.2616 3.60678 5.0372 4.07564 3.55218 3.74277 3.41773 4.4214 3.08 2.89578 2.65774 2.58149 2.50804 2.38922 2.12013 2.05451 1.98457 1.86314 1.74492 3.49578 3.20106 2.61096 2.47724 2.08127 1.73401 2.01432 1.86654 1.52937 1.48378 2.2555
threshold=38.550000000000004 16.500000000000004 21.000000000000004 35.95000000000001 493.50000000000006 30.500000000000004 56.059027777777786 53.500000000000007 80.066458333333358 34.650000000000013 36.050000000000004 42.250000000000007 36.80937500000001 79.000000000000014 15.500000000000002 38.750000000000007 513.00000000000011 107.50000000000001 11.500000000000002 35.850000000000001 501.00000000000006 23.102651515151518 37.650000000000013 32.500000000000007 437.00000000000006 6.5000000000000009 25.500000000000004 7.5000000000000009 5.5000000000000009 121.50000000000001
decision_type=2 2 2 2 2 2 2 2 2 2 2 2 2 2 2 2 2 2 2 2 2 2 2 2 2 2 2 2 2 2
left_child=1 9 3 24 5 8 7 -6 -4 13 -8 14 -7 -1 15 -2 27 -13 21 20 -20 -11 -23 -21 25 -3 -26 -17 -16 -30
right_child=11 2 4 -5 6 12 10 -9 -10 18 -12 17 -14 -15 28 16 -18 -19 19 23 -22 22 -24 -25 26 -27 -28 -29 29 -31
leaf_value=0.026360993727451557 -0.031839287946973986 -0.0028919368698638918 -0.0099566632617857434 0.023523080236456537 -0.034013266655544196 0.027808698926314507 -0.031517438423684783 0.012900835571059553 0.015332518095169202 0.045006763011315322 -0.0016218715533304262 0.057659860086844254 -0.047748413723163269 -0.026672094688609871 0.0063077475846893688 -0.0061168486224692986 -0.034821283124400838 0.015075190807856043 -0.015555334304879327 0.0058949001649666946 0.018926418708240876 -0.010766686731208834 -0.0016929422298168921 0.03476242185430399 -0.011713345547814643 0.053704969106822098 0.012443915285920345 0.014932368703294755 -0.00067292132816725774 0.022248106206445621
leaf_weight=2.1457587301265475 5.4566751604434094 2.8550005547585888 89.569995853758883 37.269220228306949 5.2663752367370753 1.0984158143401135 9.2565605599665997 69.65842168990639 13.679279100731945 2.27213905903045 38.33959299387061 4.123497271211817 8.837856376427224 25.125407735889894 173.85570317669772 16.654963911045343 3.4437392624095073 8.058744660811497 33.991998738783877 30.753122714580968 8.1821075964253378 202.8370379650878 121.86718340919469 7.9823510033311313 23.538387868320569 2.9972976682474837 11.85079643683275 17.283317366964184 14.262041761539875 38.62871605809778
leaf_count=57 72 79 1983 431 165 15 441 1851 213 49 1042 31 236 1093 1748 220 61 94 680 355 126 5970 1942 86 731 34 312 154 154 343
internal_value=-0.000419524 -0.00348266 0.000584931 0.011559 -0.00305254 -0.00944503 0.00281498 0.00949571 -0.00654618 -0.00643072 -0.00759472 0.00770765 -0.0387038 -0.0222356 0.00665967 -0.00345217 0.000632009 0.0302486 -0.00535657 0.00116377 -0.00871838 -0.00698516 -0.00737812 0.0120467 0.000595641 0.0256698 -0.00347063 0.0044681 0.00859279 0.0159835
internal_weight=1031.14 749.374 314.217 78.5107 235.706 113.186 122.521 74.9248 103.249 435.157 47.5962 281.767 9.93627 27.2712 269.585 42.8387 37.382 12.1822 407.886 80.9096 42.1741 326.976 324.704 38.7355 41.2415 5.8523 35.3892 33.9383 226.746 52.8908
internal_count=20768 17891 7533 1587 5946 2447 3499 2016 2196 10358 1483 2877 251 1150 2752 507 435 125 9208 1247 806 7961 7912 441 1156 113 1043 374 2245 497
is_linear=0
shrinkage=0.05


Tree=108
num_leaves=31
num_cat=0
split_feature=10 10 15 13 13 10 8 17 14 1 6 10 17 1 0 17 10 17 14 8 10 11 14 11 0 15 11 11 20 15
split_gain=9.70682 3.89679 5.70369 4.19943 9.65272 3.78145 3.70779 3.43965 2.98369 2.78992 3.80289 5.6522 3.39511 2.61828 2.59926 2.22298 2.17464 1.879 1.83996 2.66126 1.94708 1.61811 1.39825 1.38911 1.3831 1.81858 2.89996 2.63493 1.65788 1.96097
threshold=38.95000000000001 36.350000000000001 56.193750000000009 58.000000000000007 53.000000000000007 36.95000000000001 14.500000000000002 161.50000000000003 57.032156862745104 9.5000000000000018 4.5000000000000009 34.750000000000007 564.50000000000011 11.500000000000002 2011.5000000000002 352.00000000000006 42.45000000000001 55.500000000000007 72.627500000000012 16.500000000000004 36.050000000000004 489.00000000000006 40.77884615384616 465.00000000000006 2017.5000000000002 53.984375000000007 453.00000000000006 513.00000000000011 19.500000000000004 54.31009615384616
decision_type=2 2 2 2 2 2 2 2 2 2 2 2 2 2 2 2 2 2 2 2 2 2 2 2 2 2 2 2 2 2
left_child=1 2 9 4 6 14 13 -8 15 10 11 -1 -12 -3 -6 17 24 -4 20 -20 -11 -5 -18 -17 28 -26 -27 -28 29 -2
right_child=16 3 8 21 5 -7 7 -9 -10 18 12 -13 -14 -15 -16 23 22 -19 19 -21 -22 -23 -24 -25 25 26 27 -29 -30 -31
leaf_value=-0.024059310495482048 0.025958554042574786 -0.0042132070125449669 0.026634075514273815 -0.063873278381668286 -0.022997434862263164 0.066078411533863152 0.014018071721676155 -0.0035206885169820276 -0.038849200158338398 -0.014666717541421277 -0.0095858248417779596 0.02089381337335804 0.034967935533828903 0.01366645650342998 0.056695705434120391 0.032369275607692038 -0.004035378948889337 -0.024392558306081162 -0.0030244341820935324 0.044337779044077305 0.0025097663416514364 -0.013226856580776387 0.042103959787782336 -0.0068707204064419455 -0.019298450225479075 -0.029864793138598973 0.029557912889345964 -0.0045369193673885011 -0.013716525391686989 0.0053488402180762885
leaf_weight=8.3797569746966456 12.722511048428712 358.44202986535674 1.7674159144517059 3.3043968965066588 2.6596611272543651 7.5021147867664695 69.887128190137446 45.859395507257432 17.978455417673104 92.770027034683153 57.647469778894447 38.053349799331045 4.483256285020615 21.507092163083144 1.504449564963579 3.3836873931577411 1.8236089886631797 25.555447521561291 21.922174437029756 3.3089574966579667 19.449184887809679 3.6368104429566301 7.5854768720455468 5.9581954735622276 3.1194894760847083 2.626689748838543 29.100697782356292 6.6975910775363436 9.9171259939903376 136.43412958923727
leaf_count=468 100 8446 38 119 45 43 562 465 733 2496 1680 963 123 252 15 83 23 894 548 19 360 114 77 234 33 22 230 64 128 1391
internal_value=-0.000437705 -0.00291264 -0.0074342 -0.000258715 0.00026365 0.0450302 -0.000788719 0.00702892 -0.0220531 -0.00415917 0.00179325 0.0126394 -0.00623952 -0.00318464 0.00527666 -0.0135979 0.00913869 -0.0208244 -0.00889488 0.00314005 -0.0116457 -0.0386122 0.0326873 0.00700499 0.0079936 0.0161776 0.0192301 0.0230449 0.00581599 0.00715649
internal_weight=1024.99 814.96 300.657 514.303 507.362 11.6662 495.696 115.747 54.6432 246.014 108.564 46.4331 62.1307 379.949 4.16411 36.6647 210.027 27.3229 137.45 25.2311 112.219 6.94121 9.40909 9.34188 200.618 41.5445 38.425 35.7983 159.074 149.157
internal_count=20768 18700 8639 10061 9828 103 9725 1027 1982 6657 3234 1431 1803 8698 60 1249 2068 932 3423 567 2856 233 100 317 1968 349 316 294 1619 1491
is_linear=0
shrinkage=0.05


Tree=109
num_leaves=31
num_cat=0
split_feature=10 15 10 9 14 10 15 15 20 17 17 15 17 14 9 6 10 15 8 9 17 15 0 16 16 11 14 10 11 15
split_gain=9.36904 3.3308 4.37265 3.33346 3.2877 3.2105 2.97936 2.72122 2.79898 4.6504 2.35271 2.1947 2.12759 2.12247 3.43406 2.9164 2.82101 2.08134 2.04204 2.01702 2.80477 3.19265 2.21258 1.98676 1.95808 2.77354 2.45221 2.48093 2.51817 2.22005
threshold=37.350000000000001 55.972222222222229 35.050000000000004 213.35000000000005 27.080000000000002 39.350000000000001 55.064583333333339 56.677083333333336 16.500000000000004 99.500000000000014 497.50000000000006 55.369318181818194 93.500000000000014 37.411805555555567 21.850000000000005 5.5000000000000009 42.45000000000001 55.942810457516345 14.500000000000002 17.450000000000003 202.00000000000003 55.654761904761905 2021.5000000000002 48.500000000000007 34.500000000000007 457.00000000000006 60.812500000000007 37.150000000000013 519.00000000000011 56.226495726495735
decision_type=2 2 2 2 2 2 2 2 2 2 2 2 2 2 2 2 2 2 2 2 2 2 2 2 2 2 2 2 2 2
left_child=1 2 3 6 11 7 12 19 10 -10 -9 -4 -1 14 -7 -16 -15 -6 -8 20 22 -22 -2 -21 26 29 -3 28 -28 -26
right_child=5 24 4 -5 17 13 18 8 9 -11 -12 -13 -14 16 15 -17 -18 -19 -20 23 21 -23 -24 -25 25 -27 27 -29 -30 -31
leaf_value=0.018976313238849969 -0.025930486330351533 -0.0085964357568253866 0.057097067746267764 0.0085378612191076859 -0.00071177272967789043 0.02679085210587677 -0.022908361513660352 0.0028067722793874003 0.029777708384839282 -0.044639393023908951 -0.049893786715819746 -0.0039794015791616818 -0.014415461013981154 0.010444139018159528 -0.035094334624185174 0.028703809923510272 0.041384226359787731 0.040634699113706978 -0.057631247352223962 0.0051183554484364735 -0.017059648955316521 0.015999547469391993 0.02589889236759034 -0.040798424524461634 -0.0090193513706928671 -0.006244846323821618 -0.030972130401931953 0.0063856201523326541 0.0054948786570105058 0.059764275956702945
leaf_weight=6.2029237155220498 18.514644385781143 105.16714370352565 4.1367811581585547 13.429164336062966 233.36761205478979 5.0188375771977034 24.831381695243184 25.308793593139857 2.4673669920302919 10.362530952203086 2.2040537968277922 2.0101193278096616 18.697565710026538 126.92902102158405 8.9461511792615038 2.0670912731438866 7.8835251843556753 2.9829588581342241 5.4648809996433547 286.01563296001405 11.539838032855188 19.2793689268874 2.1394141819328061 2.2536289165727785 1.6079287700122247 18.45948477688944 38.057890310097719 6.284363529412075 5.1141159939579657 3.1903472931589931
leaf_count=117 756 3164 71 108 5322 65 1292 404 38 219 41 45 996 1174 97 26 85 37 78 3297 415 529 40 40 33 594 1328 168 132 57
internal_value=-0.000506975 -0.00550412 -0.00236196 -0.0134987 0.000773339 0.00408632 -0.0189562 0.00162023 -0.0106133 -0.0298216 -0.00139939 0.0365799 -0.00585466 0.0102619 -0.0067026 -0.0225195 0.0123198 -0.000151832 -0.0295052 0.00309031 -0.00597594 0.00344412 -0.020222 0.00472803 -0.0109674 0.00236922 -0.013006 -0.0222456 -0.026534 0.0359802
internal_weight=1019.93 489.005 311.123 68.6259 242.497 530.93 55.1968 380.085 40.3427 12.8299 27.5128 6.1469 24.9005 150.845 16.0321 11.0132 134.813 236.351 30.2963 339.743 51.4733 30.8192 20.6541 288.269 177.881 23.2578 154.624 49.4564 43.172 4.79828
internal_count=20768 13542 8066 2591 5475 7226 2483 5779 702 257 445 116 1113 1447 188 123 1259 5359 1370 5077 1740 944 796 3337 5476 684 4792 1628 1460 90
is_linear=0
shrinkage=0.05


Tree=110
num_leaves=31
num_cat=0
split_feature=17 17 15 18 18 18 6 11 11 15 0 14 0 17 20 1 11 0 9 18 9 1 11 11 3 14 15 15 15 17
split_gain=4.39543 2.36102 4.14467 3.48471 4.3043 2.96378 2.64252 1.73901 2.11088 3.53516 2.84311 2.74363 2.97229 2.20169 2.06224 1.68299 1.61111 1.98512 1.59275 1.51609 1.46301 2.71905 1.94124 1.88149 2.17208 1.75929 1.65628 1.69209 2.36853 1.63528
threshold=94.500000000000014 74.500000000000014 56.343137254901968 26.500000000000004 38.500000000000007 6.5000000000000009 3.5000000000000004 511.00000000000006 495.00000000000006 56.289915966386566 2001.5000000000002 47.43437500000001 2016.5000000000002 36.500000000000007 15.500000000000002 5.5000000000000009 513.00000000000011 2009.5000000000002 27.150000000000002 1.0000000180025095e-35 199.05000000000004 3.5000000000000004 453.00000000000006 497.00000000000006 5.5000000000000009 63.89479166666667 54.40312500000001 53.704861111111121 53.222527472527482 120.50000000000001
decision_type=2 2 2 2 2 2 2 2 2 2 2 2 2 2 2 2 2 2 2 2 2 2 2 2 2 2 2 2 2 2
left_child=1 7 3 5 -5 6 -3 8 11 10 -10 13 -13 -1 -11 -6 17 -4 -7 -2 26 22 -22 24 -23 -25 27 28 -21 -28
right_child=19 2 16 4 15 18 -8 -9 9 14 -12 12 -14 -15 -16 -17 -18 -19 -20 20 21 23 -24 25 -26 -27 29 -29 -30 -31
leaf_value=-0.031691972279272888 0.022663684652241375 0.045028020311195543 0.0040084990015731292 -0.041663564194058741 0.05826964518584761 0 0.0092452528510570484 -0.014971447892701273 -0.0084945691719355357 -0.042987300338094135 0.042056903004764452 0.010827157882008973 -0.021110314200212782 -0.0024147231138947414 0.021825853129911935 0 0.02388410893885649 -0.052183039134236359 0.053545858640933711 0.010190340584719597 0.061443647244085769 0.00614781525847489 0.013506048859296389 0.026609940208264671 -0.011061003305083854 0 -0.01069696779116971 0.0070782634820167785 -0.027931890000826909 -0.0028782202138349319
leaf_weight=8.5664346029516292 6.0908095292688804 6.6372793604678035 2.3108559347456312 4.6627012763638032 2.0423820161959156 1.6908397445804428 25.052867754420731 12.439135854889171 3.3541302537487381 2.9823135370388618 12.221240596380083 64.740917092451127 8.0235932914656569 26.639818869007286 1.8458178443834183 2.5643921924056485 1.5328765322919933 3.8993094213074073 10.625771431485189 7.078056316124278 2.8047688808292142 31.895434468518943 9.7982933446764928 11.420085611753167 42.21108146617189 13.090532350353895 77.170674731227336 67.946665838069748 8.9712071754038316 535.68209407251561
leaf_count=155 216 79 38 98 24 72 345 236 74 51 136 946 157 466 29 57 26 94 69 143 14 297 79 89 376 131 1774 1520 222 12831
internal_value=-0.00027592 0.00632165 0.0145475 0.0195623 -0.0078221 0.0254485 0.0170151 0.00271385 0.00447674 0.0192075 0.030867 0.00163158 0.00721272 -0.00974971 -0.0172542 0.0255254 -0.0191294 -0.0307491 0.0464331 -0.00191819 -0.00211245 0.0031892 0.0249677 0.000332832 -0.00358865 0.0123588 -0.00296613 0.00358428 -0.0108506 -0.0038725
internal_weight=1015.99 201.833 61.0193 53.2762 9.26948 44.0068 31.6901 140.813 128.374 20.4035 15.5754 107.971 72.7645 35.2063 4.82813 4.60677 7.74304 6.21017 12.3166 814.16 808.069 111.22 12.6031 98.6171 74.1065 24.5106 696.849 83.9959 16.0493 612.853
internal_count=20844 3152 902 744 179 565 424 2250 2014 290 210 1724 1103 621 80 81 158 132 141 17692 17476 986 93 893 673 220 16490 1885 365 14605
is_linear=0
shrinkage=0.05


Tree=111
num_leaves=31
num_cat=0
split_feature=19 1 19 9 14 15 14 4 18 9 13 9 11 19 13 15 8 14 15 20 13 11 14 11 20 0 20 11 11 15
split_gain=2.27349 2.90781 2.37617 4.39529 3.15095 2.88629 2.36079 2.13812 2.03502 2.3222 2.25852 2.81385 2.58038 2.23905 3.27561 2.57105 2.18429 2.14122 3.23995 2.01371 4.10254 1.53903 1.48956 1.42545 1.19889 1.14141 0.965153 0.626815 2.13717 0.558147
threshold=13.500000000000002 2.5000000000000004 5.5000000000000009 55.150000000000013 103.76354166666668 55.303846153846159 67.77500000000002 11.500000000000002 1.0000000180025095e-35 15.950000000000001 15.500000000000002 21.850000000000005 451.00000000000006 1170.0000000000002 51.500000000000007 56.483333333333341 6.5000000000000009 27.558333333333334 55.815340909090914 6.5000000000000009 13.500000000000002 417.00000000000006 80.974305555555574 479.00000000000006 11.500000000000002 2017.5000000000002 10.500000000000002 477.00000000000006 509.00000000000006 55.935416666666676
decision_type=2 2 2 2 2 2 2 2 2 2 2 2 2 2 2 2 2 2 2 2 2 2 2 2 2 2 2 2 2 2
left_child=1 27 3 -3 7 6 -5 -4 9 -2 17 12 21 15 -15 -13 -14 18 25 20 -19 -12 -9 -20 -21 -10 -7 29 -29 -1
right_child=8 2 4 5 -6 26 -8 22 10 -11 11 13 16 14 -16 -17 -18 19 23 24 -22 -23 -24 -25 -26 -27 -28 28 -30 -31
leaf_value=0.025770571202135779 -0.00085516673641835943 -0.051156074751389807 0.071916318433230028 0.040782980144744657 -0.045791042813754991 -0.042154198088266766 -0.016731733294379748 0.011589238363184306 0.044419951497230298 0.055987854423717391 0.039187244961525973 0.0019292085921179657 -0.00037190888510216268 0.0061704004706374348 0.042346594865137643 -0.0075092881161233881 -0.014873338283236157 -0.031357449173380715 -0.043153103189114007 0.0044200382807378247 -0.0043289909349451408 -0.030854121215455662 -0.017268232847239603 0.0026285271764824297 -0.0077600173017330302 0.0011296815688115792 -0.0048139773250817398 -0.011809736514429367 0.05176831626586758 0.059590297003791419
leaf_weight=4.3175243742298317 3.5253166567417784 5.0203593597980243 1.3242844203487028 5.6431391541846114 2.4362585913622743 2.8336597541347128 2.3761170655488968 55.348420273745432 5.7688686951878463 3.2343977764248848 0.6886407234123898 444.47031385882292 104.08069700548367 55.265661430545151 7.0658755952026686 85.96718855475774 34.843832730839495 24.334309720099554 2.4736103441100559 29.839581930311397 34.299589360161917 13.129299379914299 4.6446959147579028 4.451331848918926 59.822801596921636 2.3898558808141388 5.1981246038340032 2.9394716206006706 2.1427509261993691 2.6644382324302569
leaf_count=50 196 212 12 37 35 46 30 904 115 31 26 5934 5254 807 95 1368 1065 660 88 672 692 767 90 104 1330 73 73 37 20 21
internal_value=-0.000288018 0.00698461 0.00363435 -0.0107842 0.00848759 0.00177211 0.0231293 0.0107966 -0.00106371 0.026034 -0.00127358 -9.96586e-05 -0.00615504 0.00145301 0.0104127 0.000388974 -0.00405308 -0.00659634 0.0111575 -0.00844213 -0.0156658 -0.0267478 0.00924686 -0.0133946 -0.00365039 0.032512 -0.0189591 0.0299061 0.0145127 0.040042
internal_weight=1012.54 96.8892 84.8251 21.0714 63.7537 16.051 8.01926 61.3174 915.651 6.75971 908.891 745.512 152.742 592.769 62.3315 530.438 138.925 163.38 15.0837 148.296 58.6339 13.8179 59.9931 6.92494 89.6624 8.15872 8.03178 12.0642 5.08222 6.98196
internal_count=20844 1567 1439 398 1041 186 67 1006 19277 227 19050 15316 7112 8204 902 7302 6319 3734 380 3354 1352 793 994 192 2002 188 119 128 57 71
is_linear=0
shrinkage=0.05


Tree=112
num_leaves=31
num_cat=0
split_feature=10 10 3 9 15 14 8 14 8 17 0 14 0 9 10 14 9 0 19 14 1 14 9 8 9 0 17 15 17 0
split_gain=12.958 5.93751 2.6945 4.18208 2.32743 2.09621 2.07415 2.76269 2.76929 2.22577 2.10411 2.04361 2.00132 1.99389 1.75813 1.70642 1.70338 2.15314 1.63933 1.55332 3.01738 2.56611 1.52254 2.29538 1.48995 1.51197 1.46302 2.55833 2.15945 2.02567
threshold=39.050000000000004 36.45000000000001 8.5000000000000018 138.95000000000002 56.322916666666679 25.900000000000002 8.5000000000000018 27.558333333333334 11.500000000000002 20.500000000000004 2009.5000000000002 30.422527472527481 2011.5000000000002 174.55000000000004 40.650000000000013 41.367272727272734 287.65000000000003 2008.5000000000002 8.5000000000000018 53.259375000000013 11.500000000000002 52.82500000000001 11.65 11.500000000000002 23.250000000000004 2012.5000000000002 135.50000000000003 54.483333333333341 94.500000000000014 2009.5000000000002
decision_type=2 2 2 2 2 2 2 2 2 2 2 2 2 2 2 2 2 2 2 2 2 2 2 2 2 2 2 2 2 2
left_child=1 6 4 22 5 -3 10 8 -8 -9 -1 -11 -5 -14 26 24 17 -6 -7 21 -21 -12 -4 -24 -16 -26 27 -2 -29 -30
right_child=14 2 3 12 16 18 7 9 -10 11 19 -13 13 -15 15 -17 -18 -19 -20 20 -22 -23 23 -25 25 -27 -28 28 29 -31
leaf_value=-0.027095245411693593 0.031305557533518588 0.045405881934725306 -0.041711359843891065 0.027951341303491702 0.0034974412757510925 0.016514547059390077 -0.0042337221777635475 0.028992507467830025 0.059450710482515171 -0.04726857801869018 -0.0070004701492231399 -0.0071000369762323602 0.025597653575424695 -0.034679523371461726 0.023654582815006132 0.024217224193465017 0.018394994736722296 -0.011265138569964708 0.002460833648160948 -0.034652918103277926 0.012110683840565876 0.043157677375438686 -0.0026570576717228254 -0.027812071479656045 0.0022057228094936776 -0.054177781135277853 0.012320360943277557 0.0069073562641609231 -0.02990418064279567 0.0021908338690127872
leaf_weight=26.622773117182078 6.3069279920309773 2.9278162382543078 5.7549116985901483 8.9408057341352087 37.505299414857291 22.387870242004283 3.383117069490253 4.0602462373208246 3.0702975653111935 3.1633255383931091 27.125659491110131 229.62151804059977 2.1460533048957577 3.2636099881492555 3.3291676025837651 38.85380131774582 7.4488874254748216 69.690782541118097 302.14789206659771 11.996382800789435 4.575723821821156 2.7028782666893667 21.655612770700827 16.177371842321008 2.7415239815600216 1.7997025921940801 94.357558436109684 25.687433830928057 10.471942600328477 8.6603740416467172
leaf_count=2062 54 39 463 72 766 328 77 49 26 65 1693 3544 23 51 33 325 70 1519 5632 1353 224 76 566 256 40 22 918 300 114 84
internal_value=-0.000265919 -0.00302098 0.000361172 -0.0097553 0.00170015 0.00385464 -0.00838176 -0.0061255 0.0257469 -0.00702554 -0.0158121 -0.00768742 0.0133939 -0.00982904 0.0114052 0.0199216 -0.0044082 -0.00605503 0.00345051 -0.00918644 -0.0214459 -0.00215937 -0.0175044 -0.0135901 -0.000694888 -0.0197478 0.00862383 0.00169331 -0.00242276 -0.0151803
internal_weight=1008.58 816.369 500.047 57.9384 442.109 327.464 316.322 243.299 6.45341 236.845 73.0234 232.785 14.3505 5.40966 192.208 46.7242 114.645 107.196 324.536 46.4006 16.5721 29.8285 43.5879 37.833 7.87039 4.54123 145.484 51.1267 44.8198 19.1323
internal_count=20844 18954 9785 1431 8354 5999 9169 3761 103 3658 5408 3609 146 74 1890 420 2355 2285 5960 3346 1577 1769 1285 822 95 62 1470 552 498 198
is_linear=0
shrinkage=0.05


Tree=113
num_leaves=31
num_cat=0
split_feature=17 13 17 20 16 20 8 8 0 17 0 9 9 14 19 19 9 0 20 14 3 17 7 20 7 9 19 20 0 14
split_gain=2.65673 2.45161 2.49424 2.29777 2.04857 1.98076 3.28862 1.95613 1.85452 1.92751 1.8072 3.34919 2.60567 2.52265 2.70078 1.92372 3.13391 3.32791 3.23622 1.86585 2.36662 1.80484 1.67731 1.60928 1.57867 2.4309 1.53847 2.20799 3.10756 2.12082
threshold=93.500000000000014 14.500000000000002 154.50000000000003 1.0000000180025095e-35 36.500000000000007 6.5000000000000009 11.500000000000002 11.500000000000002 2017.5000000000002 414.00000000000006 2017.5000000000002 37.250000000000007 24.750000000000004 40.77884615384616 183.50000000000003 54.000000000000007 29.350000000000005 2011.5000000000002 4.5000000000000009 34.807692307692314 6.5000000000000009 74.500000000000014 56.750000000000007 11.500000000000002 51.500000000000007 121.95000000000002 1170.0000000000002 16.500000000000004 2014.5000000000002 18.49545454545455
decision_type=2 2 2 2 2 2 2 2 2 2 2 2 2 2 2 2 2 2 2 2 2 2 2 2 2 2 2 2 2 2
left_child=10 2 3 -2 8 6 -5 -6 -4 -10 13 12 -12 14 22 24 17 -17 -18 20 -16 -21 -1 -7 -15 -26 -3 29 -29 -28
right_child=1 26 4 5 7 23 -8 -9 9 -11 11 -13 -14 15 19 16 18 -19 -20 21 -22 -23 -24 -25 25 -27 27 28 -30 -31
leaf_value=-0.034633815106327258 0.047810260657113489 -0.0013039008590696429 0.0033937824495162174 -0.022894520446594149 -0.036568569210655245 0.0076109377202804064 -0.087987353480682998 0.014281461156702233 -0.02684675961875875 0.029325548060777896 -0.001498609702257625 -0.017674808879056453 0.051844985490444612 0.046910117933662815 0.033366572143362805 -0.029660786903011573 -0.0065026544071288472 0.04061343112087186 0.016154594062559445 -0.020497182860035566 -0.030072969879402174 0.040526133881653763 0.0033071567166604934 -0.025998153943353447 0.026606535043465152 0.0029891246210368653 -0.06520518970110778 -0.045475765128563161 0.01934232746469932 0.0092546213978666487
leaf_weight=9.1519744373508747 0.98014237708412366 622.07183665820776 51.480110188233084 6.9361025274556614 7.9222799914714397 5.4052662454196243 2.860856088809669 2.2522529009729624 10.167031075601697 1.628120589419267 5.8593159505981038 20.407269662013277 3.4803301822394133 4.3734559798613182 7.9461853228276613 10.125037905760108 22.149866661056876 1.8740317545598362 52.042052106349729 7.1278887324733642 1.6353971348144112 1.3202151005389167 3.89377179252915 9.2066980156523623 22.286624055559514 22.319061067886651 0.85402044840156932 4.5613512128184075 2.8613884147489443 78.189389612962259
leaf_count=183 9 12823 1225 196 297 116 25 21 310 54 265 257 56 33 95 534 229 51 577 102 61 27 75 216 341 222 10 189 64 2181
internal_value=-0.000192915 -0.00146545 -0.00884079 -0.0223634 -0.00407447 -0.0255688 -0.0431048 -0.0247962 -0.00062969 -0.0184914 0.00502176 -0.00622411 0.0181883 0.00706662 -0.00566259 0.010032 0.00544136 -0.018027 0.00932336 0.00665701 0.0218234 -0.0100134 -0.0229902 -0.0132584 0.017981 0.0149342 -0.000428452 0.00580635 -0.0198994 0.00830558
internal_weight=1003.37 807.377 98.8389 25.3891 73.4498 24.4089 9.79696 10.1745 63.2753 11.7952 195.992 29.7469 9.33965 166.246 31.0754 135.17 86.191 11.9991 74.1919 18.0297 9.58158 8.4481 13.0457 14.612 48.9791 44.6057 708.538 86.4661 7.42274 79.0434
internal_count=20844 17736 2469 562 1907 553 221 318 1589 364 3108 578 321 2530 543 1987 1391 585 806 285 156 129 258 332 596 563 15267 2444 253 2191
is_linear=0
shrinkage=0.05


Tree=114
num_leaves=31
num_cat=0
split_feature=10 10 13 13 9 9 15 15 14 14 13 16 10 15 3 9 19 19 19 9 0 8 9 16 19 5 19 15 9 19
split_gain=11.9715 5.39088 2.66381 8.46452 2.40623 3.02443 2.48279 2.30399 2.3546 1.99358 2.93188 1.97539 1.89542 1.85737 1.79719 3.35441 1.69058 3.43265 2.28996 1.66162 1.6522 1.54629 1.36549 1.33106 1.32317 1.26845 1.25015 1.29532 3.06592 1.39107
threshold=39.050000000000004 36.45000000000001 53.000000000000007 55.000000000000007 93.550000000000011 95.250000000000014 56.433035714285722 53.741666666666667 65.778125000000017 36.675568181818186 13.500000000000002 42.500000000000007 40.750000000000007 55.654761904761905 8.5000000000000018 138.95000000000002 8.5000000000000018 5.5000000000000009 10.500000000000002 29.350000000000005 2011.5000000000002 12.500000000000002 11.65 42.500000000000007 886.00000000000011 1.0000000180025095e-35 4.5000000000000009 54.483333333333341 25.150000000000002 6.5000000000000009
decision_type=2 2 2 2 2 2 2 2 2 2 2 2 2 2 2 2 2 2 2 2 2 2 2 2 2 2 2 2 2 2
left_child=1 4 14 21 6 -6 7 -1 -9 10 -7 -11 23 -5 16 22 17 -3 -18 -8 -17 -4 -16 26 -15 -25 -2 28 -28 -29
right_child=12 2 3 13 5 9 19 8 -10 11 -12 -13 -14 24 15 20 18 -19 -20 -21 -22 -23 -24 25 -26 -27 27 29 -30 -31
leaf_value=-0.041879117829664747 -0.025518246508636988 -0.009575816318996443 0.071617031847660037 -0.041132096865376638 0.046461947637016554 -0.029993681496601639 -0.012609834300200712 -0.0055502661973166924 -0.022540414715057598 -0.0070680530040954552 0.038776689203738342 0.020193635931269115 0.020565503889197981 -0.020622076892212543 -0.039124888879508352 0.025634707772242266 -0.028756871906684196 0.027652720419130052 0.00057301110690920285 -0.042418533830856364 -0.0091720772985940686 0.026259372175888602 -0.011927248862755651 -0.037616003458084871 0.028814013973484827 0.0082857052920590375 -0.0085952021786567159 0.043965381775977336 0.037311941708086681 0.0073368098989138805
leaf_weight=5.3138685614685519 2.3499724625144145 9.7843547387165035 5.1742129195481557 3.7620040094479901 2.9186351413372895 1.9505444006063033 9.7426871699863131 125.94581564626424 24.676048805296887 121.40157635742798 5.7037063501775265 6.850105430930852 42.232699177460745 2.5010627173469402 5.4897979626693987 8.7884905980899912 6.6699665306368834 15.88924038823461 389.1362851219601 10.405994109460151 5.1970288492739192 3.8843212984502316 37.013028121000389 2.9110674732364705 2.649038560106419 2.6728715496137738 4.9945649188011911 2.6172257130965582 11.632027184590696 121.58439789293334
leaf_count=242 34 184 35 148 29 28 858 4893 1422 1269 51 59 386 61 463 72 113 199 7530 318 74 37 822 44 47 29 60 21 80 1236
internal_value=-0.000112149 -0.00277003 0.000469378 0.0193169 -0.00788605 -0.00291262 -0.0117748 -0.00957972 -0.00838001 -0.00404311 0.0204462 -0.00555841 0.011141 -0.0147891 -0.000232683 -0.00860756 0.000879665 0.0132886 5.89878e-05 -0.0283852 0.0123722 0.0532126 -0.0156411 0.00841978 0.00391831 -0.0150053 0.00937809 0.0100136 0.0232537 0.00818364
internal_weight=1001.84 810.848 495.939 17.9706 314.909 138.825 176.084 155.936 150.622 135.906 7.65425 128.252 190.995 8.91211 477.968 56.4883 421.48 25.6736 395.806 20.1487 13.9855 9.05853 42.5028 148.762 5.1501 5.58394 143.178 140.828 16.6266 124.202
internal_count=20844 18954 9785 328 9169 1436 7733 6557 6315 1407 79 1328 1890 256 9457 1431 8026 383 7643 1176 146 72 1285 1504 108 73 1431 1397 140 1257
is_linear=0
shrinkage=0.05


Tree=115
num_leaves=31
num_cat=0
split_feature=10 10 14 14 17 17 20 9 10 9 0 13 13 13 10 0 0 9 14 11 11 13 9 7 13 20 15 14 14 15
split_gain=11.2929 5.47689 2.26665 3.56215 2.69492 2.62738 2.16586 2.12899 2.31815 2.01681 2.53338 2.22756 2.64643 3.63433 3.32686 2.59505 2.46822 2.45656 2.41478 3.13837 3.38994 2.06688 1.88139 2.32889 1.62591 2.41415 1.59634 1.52027 1.47645 1.44441
threshold=37.350000000000001 39.750000000000007 40.930208333333333 41.367272727272734 220.50000000000003 44.500000000000007 11.500000000000002 4.1500000000000012 38.850000000000001 5.6500000000000012 2020.5000000000002 16.500000000000004 27.000000000000004 33.500000000000007 35.550000000000004 2006.5000000000002 2003.5000000000002 108.25000000000001 64.425000000000011 455.00000000000006 437.00000000000006 14.500000000000002 262.55000000000001 53.500000000000007 13.500000000000002 6.5000000000000009 56.968750000000007 75.56354166666668 47.587500000000013 56.870833333333344
decision_type=2 2 2 2 2 2 2 2 2 2 2 2 2 2 2 2 2 2 2 2 2 2 2 2 2 2 2 2 2 2
left_child=9 2 4 -4 5 -2 -7 -6 -9 10 -1 18 14 27 15 -13 -16 -15 22 20 -20 -21 23 -11 25 -3 29 -14 -28 -5
right_child=1 24 3 26 7 6 -8 8 -10 11 -12 12 13 17 16 -17 -18 -19 19 21 -22 -23 -24 -25 -26 -27 28 -29 -30 -31
leaf_value=-0.03086908281033536 -0.038666173833312917 -0.049677151598149533 0.047881447192634118 0.0032873768842424053 0.043491282001157122 0.015228083308049842 -0.0068017581744929147 -0.029707474388748822 0.0015253393605897329 0.00778894163113532 0.022650554524601369 -0.029116903880918907 -0.019429990647798233 0.0078279766890236909 -0.0080739301850567425 0.0020777356134133959 0.022296477935299531 -0.012269147288434911 -0.044558811264323962 -0.0016254792827643497 0.0147829611244904 -0.030678332205810007 0.020927123939789828 -0.0088604387755425226 0.016664659397335437 0.013993352297008453 0.013616925069595118 -0.00033394177462518667 -0.037072478372792872 0.026678116980511469
leaf_weight=14.606335257092725 3.6074488137383005 2.260522821918129 4.4615367986261836 320.76319181665895 1.2215356144588465 24.165764203295112 20.211288977938239 19.84424601454521 8.0252400650642794 23.625167166406754 2.4172618694137773 8.346291643829316 45.341447217739187 50.064508782175835 8.1492765998700616 30.554900757677387 31.566100732074119 21.633011843310669 2.9400193681067313 8.0298413988202793 11.315487996675072 32.087077979667811 6.1589218452572814 167.01212206712808 96.360016642138362 3.7755083590745926 1.8640979272313405 14.226301740389315 4.4378385269083083 6.7133847703225902
leaf_count=2131 79 40 34 4724 44 323 349 371 96 434 166 253 1248 1614 180 766 453 292 82 167 202 1013 44 4250 881 39 24 284 132 76
internal_value=-0.000402026 0.00470891 0.00213975 0.00391173 -0.00556664 0.00162247 0.00508956 -0.017561 -0.0205617 -0.005947 -0.0228897 -0.00530574 -0.00147379 -0.00583617 0.00574468 -0.0045444 0.0159345 0.00168587 -0.00848605 -0.0178506 0.00197103 -0.0250059 -0.00586559 -0.00676791 0.0150683 -0.00945769 0.00329486 -0.0149614 -0.0213192 0.00379016
internal_weight=995.786 517.712 415.316 338.24 77.0755 47.9845 44.3771 29.091 27.8695 478.074 17.0236 461.05 209.882 131.265 78.6166 38.9012 39.7154 71.6975 251.169 54.3724 14.2555 40.1169 196.796 190.637 102.396 6.03603 333.779 59.5677 6.30194 327.477
internal_count=20791 7212 6252 4990 1262 751 672 511 467 13579 2297 11282 5090 3438 1652 1019 633 1906 6192 1464 284 1180 4728 4684 960 79 4956 1532 156 4800
is_linear=0
shrinkage=0.05


Tree=116
num_leaves=31
num_cat=0
split_feature=9 1 11 0 13 19 20 17 0 1 11 18 16 11 18 18 6 11 9 17 13 19 19 19 9 9 13 9 19 20
split_gain=1.97276 2.58267 2.99624 1.69745 1.65961 2.50533 5.39883 2.38102 3.10039 2.23502 1.92719 2.74077 1.86704 1.76748 1.75067 3.80315 2.30891 1.66592 1.58199 2.13601 2.10939 1.74882 1.35548 1.2914 1.16268 1.11451 1.11381 1.0518 1.32896 1.02651
threshold=5.8500000000000005 9.5000000000000018 499.00000000000006 2019.5000000000002 15.500000000000002 1170.0000000000002 17.500000000000004 14.500000000000002 2000.5000000000002 5.5000000000000009 497.00000000000006 27.500000000000004 41.500000000000007 489.00000000000006 6.5000000000000009 7.5000000000000009 4.5000000000000009 511.00000000000006 278.35000000000008 45.500000000000007 10.500000000000002 88.500000000000014 898.50000000000011 288.00000000000006 115.85000000000001 336.05000000000007 14.500000000000002 4.6500000000000012 1408.5000000000002 4.5000000000000009
decision_type=2 2 2 2 2 2 2 2 2 2 2 2 2 2 2 2 2 2 2 2 2 2 2 2 2 2 2 2 2 2
left_child=1 -1 3 27 9 7 10 8 -6 12 11 -7 13 22 16 -16 -9 -12 19 21 -21 -11 -2 -4 -10 -20 -15 28 -3 -25
right_child=4 2 23 -5 5 6 -8 14 24 18 17 -13 -14 26 15 -17 -18 -19 25 20 -22 -23 -24 29 -26 -27 -28 -29 -30 -31
leaf_value=-0.024527704251441129 0.01178119730255953 -0.04239811245087384 -0.0287644402880496 0.038335516813073442 -0.02211712286317144 0.026415073718913863 -0.050433611913866576 0.006087046752422858 0.058380841956300403 -0.023512301524826459 0.033101598532983896 0.00045633316871803651 0.042415738646465639 0 -0.034981948917893906 -0.0022776015333345382 -0.0015807337252987351 0.0067559308400124045 0.03295845585439109 -0.046615284695987802 -0.010065780016103448 0.034022463465619754 -0.011455774265321786 -0.013501626673416575 0.016677778282309107 -0.0059404442542708687 -0.024785491129597902 0 0.046847292132509578 0.045667078252864229
leaf_weight=18.924798127205577 32.644278940279037 5.1495260467199859 0.67801696201786299 1.1916975087369781 2.5579854573588801 13.12358184478944 3.5440542920841827 174.9664329047373 4.0599326189840212 1.6483436196576793 15.832602194452194 45.834650046512252 2.8207765221886794 10.48754077340709 9.1265163219068182 270.1618808615749 221.88543500595551 10.59866696357494 3.7004984747618428 4.1156009500846258 99.449981554353144 4.6194845213321969 7.471486448950599 0.66710130158753589 3.6916267611086369 3.1728134267032146 8.2917486186197493 3.5051018783124164 0.31934879420441564 4.9474996531789657
leaf_count=1932 500 602 67 66 45 211 131 2975 43 36 242 1099 44 225 182 5476 3531 220 26 142 2019 59 172 60 41 26 152 238 18 211
internal_value=-0.000380382 -0.0119571 0.00225624 -0.0141646 4.50432e-05 0.00105082 0.00894219 2.00081e-05 0.0237579 -0.00429595 0.0115212 0.00635413 0.00333827 0.00131318 -0.000338005 -0.00337634 0.00178797 0.022791 -0.00837522 -0.00986141 -0.01161 0.0179749 0.0073113 0.0293727 0.0396222 0.0144575 -0.0112059 -0.022033 -0.0355412 0.0376487
internal_weight=989.189 35.3831 16.4583 10.1657 953.806 775.383 88.9336 686.45 10.3095 178.423 85.3895 58.9582 61.7158 58.8951 676.14 279.288 396.852 26.4313 116.707 109.833 103.566 6.26783 40.1158 6.29262 7.75156 6.87331 18.7793 8.97398 5.46887 5.6146
internal_count=20791 3194 1262 924 17597 14196 1903 12293 129 3401 1772 1310 1093 1049 12164 5658 6506 462 2308 2256 2161 95 672 338 84 52 377 858 620 271
is_linear=0
shrinkage=0.05


Tree=117
num_leaves=31
num_cat=0
split_feature=13 18 8 8 17 17 11 8 19 13 19 7 14 0 0 17 8 13 18 19 13 5 0 19 11 8 11 7 11 6
split_gain=1.92845 1.71909 1.69338 1.54134 1.46679 1.7006 1.42642 2.35134 2.64576 3.1105 2.82509 1.67565 2.27297 1.70948 2.61235 1.90698 1.52058 1.39522 3.05481 4.1115 3.7744 1.70751 3.63447 1.49793 1.26308 1.24364 1.67119 1.21171 1.18956 1.27757
threshold=15.500000000000002 1.0000000180025095e-35 6.5000000000000009 14.500000000000002 12.500000000000002 47.500000000000007 441.00000000000006 5.5000000000000009 886.00000000000011 32.500000000000007 505.00000000000006 53.500000000000007 42.050208333333337 2004.5000000000002 2008.5000000000002 108.00000000000001 16.500000000000004 53.000000000000007 9.5000000000000018 31.500000000000004 62.000000000000007 1.5000000000000002 2003.5000000000002 12.500000000000002 491.00000000000006 16.500000000000004 437.00000000000006 54.500000000000007 471.00000000000006 6.5000000000000009
decision_type=2 2 2 2 2 2 2 2 2 2 2 2 2 2 2 2 2 2 2 2 2 2 2 2 2 2 2 2 2 2
left_child=1 2 -1 4 -3 27 7 -2 9 10 -9 12 28 15 -15 -14 -11 21 19 -19 -20 23 -23 -13 -5 26 -10 -6 -8 -30
right_child=6 3 -4 24 5 -7 11 8 25 16 -12 17 13 14 -16 -17 -18 18 20 -21 -22 22 -24 -25 -26 -27 -28 -29 29 -31
leaf_value=-0.012123551358233644 -0.033228820115847962 -0.055295599341244353 0.080148618954702044 0.021166835935450223 -0.020046099727320788 -0.0075276481518427854 -0.010056709389752365 0.013749985399850921 0.0043460305398357836 -0.049979892221325907 -0.024023625415197775 0.01042697307882829 0 0.01743471014436573 -0.0076487428648454514 -0.034044518771520996 0.0087012583641658484 -0.026170616756675143 0.017167742910736247 0.034173679378684027 -0.028534537877178107 0.029641917066982815 -0.016287376390625431 0.00023530568646761005 -0.016336327749926768 0.068169657600566536 0.042716133329683575 0.021345431749326391 -0.056951674321383705 0.0042635818889308801
leaf_weight=0.68313655152451147 3.1693079656397449 1.4665395511547092 1.0658309180289505 8.9467486636713129 2.0156790066976091 160.24458123609656 4.9886571786191762 37.354041641170625 6.5367563792387937 3.5364097198471418 5.5293884866987346 38.570851578871952 7.7484302119119084 16.291680736176204 28.024724992486881 8.2495094076148217 1.3560091257095335 3.2369128877762732 9.2572355323354731 16.300824718200602 8.5554990173550305 4.8105855563189825 32.277752407564549 552.34460527598276 2.7546698092482975 1.8286389857530583 5.4456006864202209 8.5989065655157884 4.3185144793242216 0.8561224890872835
leaf_count=47 256 33 8 60 38 3842 104 464 137 92 87 670 100 193 543 166 11 75 316 307 219 86 736 11847 26 9 64 126 112 17
internal_value=-0.000393631 -0.00498487 0.042697 -0.00548813 -0.00670068 -0.00622223 0.000666009 0.00777483 0.0100164 0.00429603 0.00871857 3.26387e-05 -0.00728578 -0.00348382 0.0014784 -0.0174642 -0.0328655 0.000816334 0.010195 0.0238392 -0.00454079 0.000249041 -0.0101319 0.000910659 0.0118508 0.0292722 0.0224071 0.0129049 -0.0291077 -0.0459871
internal_weight=986.364 185.776 1.74897 184.027 172.326 170.859 800.588 64.7562 61.5868 47.7758 42.8834 735.832 70.4776 60.3143 44.3164 15.9979 4.89242 665.354 37.3505 19.5377 17.8127 628.004 37.0883 590.915 11.7014 13.811 11.9824 10.6146 10.1633 5.17464
internal_count=20791 4180 55 4125 4039 4006 16611 1120 864 654 551 15491 1235 1002 736 266 103 14256 917 382 535 13339 822 12517 86 210 201 164 233 129
is_linear=0
shrinkage=0.05


Tree=118
num_leaves=31
num_cat=0
split_feature=10 10 3 19 10 13 15 13 15 19 15 13 19 14 15 17 5 17 10 15 19 17 13 19 1 13 11 0 7 6
split_gain=11.094 4.11893 2.36286 2.8904 2.0368 1.99826 1.95975 1.90035 2.38372 3.23449 2.81608 1.8091 4.08075 3.77584 1.79285 1.90604 1.84081 2.63575 1.73196 1.70112 1.57134 1.53603 1.5188 1.51189 1.50146 1.47356 1.92101 1.53296 1.33304 1.59973
threshold=37.95000000000001 40.050000000000004 5.5000000000000009 1408.5000000000002 33.850000000000001 14.500000000000002 54.177083333333336 29.000000000000004 54.515625000000007 11.500000000000002 55.433035714285722 49.500000000000007 1130.0000000000002 72.187222222222246 55.806250000000006 32.500000000000007 1.5000000000000002 39.500000000000007 36.250000000000007 56.095454545454551 1150.5000000000002 778.00000000000011 15.500000000000002 1253.5000000000002 10.500000000000002 62.000000000000007 449.00000000000006 2006.5000000000002 56.750000000000007 4.5000000000000009
decision_type=2 2 2 2 2 2 2 2 2 2 2 2 2 2 2 2 2 2 2 2 2 2 2 2 2 2 2 2 2 2
left_child=4 2 3 6 -1 28 -2 21 9 -9 -10 14 25 23 16 19 20 -18 -17 -16 -6 24 -8 -14 -4 27 -27 -13 29 -3
right_child=1 5 7 -5 11 -7 22 8 10 -11 -12 12 13 -15 15 18 17 -19 -20 -21 -22 -23 -24 -25 -26 26 -28 -29 -30 -31
leaf_value=-0.026317461926052971 0.043484435738890159 -0.020211553031967682 -0.00300422655411963 -0.049334469658343615 -1.4669684131471723e-05 0.019071356210617976 -0.0074204252280498624 0.042615436964544257 0.061202451209596713 -0.034294329783824427 0.011968638992152544 -0.0082269034473935413 0.053327965914378765 -0.038774174681481949 -0.020836381148177537 -0.014160385062163661 0.060815552762474745 -0.030565543595140184 -0.0054806301075982396 0.037840298451435793 -0.012030594176945597 -0.046635731879502193 0.011184430747861908 0.0019121848267596013 0.011721775064867511 0.0082458335595264661 -0.036423358854866493 0.02085453038799907 -0.039489342261087065 0.042743495692368572
leaf_weight=10.561305432493098 4.3078352510929099 2.0983217214234169 142.63493325715535 1.9322958178818215 247.03942796511546 70.770984245464206 11.974861819529904 1.7417620685882891 3.5212846845388439 4.9204402299365029 17.602070725057274 10.073451821459463 7.6634072652668674 1.4934382423525665 1.5660315789282311 90.015300694976759 0.73498935531824727 9.4471821922925283 168.28002560701862 4.0341309889918193 30.593797886831453 1.7899385979399074 96.29517903260421 2.0130406986863818 19.526983448653482 3.598963675729463 6.1779698849422857 7.9087407412880557 2.3154467409476638 1.7053338745608924
leaf_count=708 21 36 1988 29 5602 636 141 12 21 96 284 243 131 66 30 2905 11 287 4408 61 1086 17 1063 106 250 51 198 254 37 13
internal_value=-0.000323465 0.00631938 0.00369798 0.00937905 -0.00456552 0.0166769 0.0104741 0.000275923 0.0123654 -0.0131148 0.0206613 -0.00416372 0.0061857 0.0316119 -0.00490403 -0.00788715 -0.00214968 -0.0229557 -0.00852916 0.0204771 -0.00136062 -0.00174874 0.00907561 0.0432721 -0.00119403 -0.00394274 -0.0195571 0.00433147 -0.0100737 0.00710482
internal_weight=984.339 383.138 306.248 114.51 601.201 76.8901 112.578 191.737 27.7856 6.6622 21.1234 590.64 38.929 11.1699 551.711 263.895 287.815 10.1822 258.295 5.60016 277.633 163.952 108.27 9.67645 162.162 27.7591 9.77693 17.9822 6.1191 3.80366
internal_count=20791 4644 3922 1254 16147 722 1225 2668 413 108 305 15439 1049 303 14390 7404 6986 298 7313 91 6688 2255 1204 237 2238 746 249 497 86 49
is_linear=0
shrinkage=0.05


Tree=119
num_leaves=31
num_cat=0
split_feature=10 10 10 13 13 0 5 15 18 13 9 15 14 10 15 7 17 17 20 6 9 10 13 7 13 7 1 15 0 20
split_gain=10.1889 3.25965 1.97056 2.30742 2.5558 3.87645 4.18934 2.45081 2.29767 1.90153 1.84657 2.21885 1.96732 1.96583 2.90418 1.94188 1.8218 3.18586 2.64694 2.3689 2.34797 1.73948 1.62266 1.58757 1.29647 1.0452 1.0258 2.08376 2.37718 1.51785
threshold=38.250000000000007 40.45000000000001 33.850000000000001 49.500000000000007 62.000000000000007 2006.5000000000002 1.0000000180025095e-35 55.654761904761905 6.5000000000000009 15.500000000000002 18.350000000000005 54.559027777777786 56.529513888888893 37.150000000000013 56.806250000000006 53.500000000000007 133.50000000000003 193.00000000000003 17.500000000000004 3.5000000000000004 302.05000000000007 39.45000000000001 14.500000000000002 54.500000000000007 35.000000000000007 54.500000000000007 5.5000000000000009 55.458041958041967 2014.5000000000002 11.500000000000002
decision_type=2 2 2 2 2 2 2 2 2 2 2 2 2 2 2 2 2 2 2 2 2 2 2 2 2 2 2 2 2 2
left_child=2 9 -1 10 5 23 -7 -6 -9 26 11 24 -13 14 -12 -15 20 18 -18 -19 21 -11 25 -5 -4 -3 27 -2 -29 -28
right_child=1 22 3 4 7 6 -8 8 -10 16 13 12 -14 15 -16 -17 17 19 -20 -21 -22 -23 -24 -25 -26 -27 29 28 -30 -31
leaf_value=-0.025449465503887776 0.025392574904687923 0.020581918800888804 0.00991591874885632 -0.024854733778679538 -0.05720409867945541 0.010476432658733463 0.068518510053877213 0.025147636377478251 -0.021563729321538987 -0.0068827100629980896 -0.0046301578614453987 -0.0087319491489951263 -0.026110917635300074 -0.016893424653565182 -0.033998313142831339 0.0024668369916623326 0.027502631786657617 -0.015055758407416032 -0.0042948980715788992 0.0079477922807912257 0.039021910522073905 0.009713761956251522 0.021290798691284051 0.010029272886652021 -0.052584777010758282 -0.02726973374840197 -0.00074051618181750277 0.010965903269232958 -0.027510883239912021 -0.028206586501592586
leaf_weight=10.394250839424783 6.8946129292016876 1.6339858444407571 14.824079319630979 4.6685341964475837 2.1928235335508353 7.4178357796627079 5.636667852231767 4.771924158674663 5.6272949334233999 50.101144665386528 320.88757110215374 54.274796689845971 24.251043344389473 13.87533631804399 8.6145383385010046 171.99951421061996 34.278439454268664 12.506142673548309 7.7300209938548496 92.732458163285628 3.6340483520179978 22.806076397653669 47.202310716034845 10.148360129503997 0.76147353241685856 2.9370249081403017 12.259527289075779 8.1328635228564945 7.5587687878869465 8.9249604124343005
leaf_count=708 66 16 876 105 138 324 86 67 123 679 5589 3520 2393 231 236 2427 319 183 95 1065 30 228 436 244 60 48 161 81 119 138
internal_value=-0.000325673 0.00700001 -0.00387635 -0.00351979 0.0079862 0.0164844 0.0362483 -0.0104115 0 0.00474879 -0.00429305 -0.0107518 -0.0141891 -0.00310208 -0.00542321 0.000986425 0.00662196 0.00987388 0.0215365 0.00515498 0.000296106 -0.00161649 0.0185061 -0.000719791 0.00622774 -0.00901948 -0.00470754 0.00252102 -0.00730885 -0.012625
internal_weight=979.678 319.332 660.346 649.952 40.4634 27.8714 13.0545 12.592 10.3992 267.559 609.488 94.1114 78.5258 515.377 329.502 185.875 223.788 147.247 42.0085 105.239 76.5413 72.9072 51.7733 14.8169 15.5856 4.57101 43.7707 22.5862 15.6916 21.1845
internal_count=20791 3664 17127 16419 1087 759 410 328 190 3164 15332 6849 5913 8483 5825 2658 2599 1662 414 1248 937 907 500 349 936 64 565 266 200 299
is_linear=0
shrinkage=0.05


Tree=120
num_leaves=31
num_cat=0
split_feature=10 10 10 1 14 13 9 9 10 14 9 14 9 17 13 17 14 11 10 10 20 13 16 10 18 15 9 17 5 11
split_gain=9.17884 3.10861 2.59575 2.77311 3.57832 3.02027 3.22371 3.14945 3.00757 2.8723 2.5182 2.68875 3.04233 2.44098 2.02582 3.64493 2.21628 1.99361 4.00093 2.82196 1.91048 1.87824 1.73292 1.72412 1.67304 2.34043 1.89085 1.57136 1.56746 1.56371
threshold=38.850000000000001 40.750000000000007 35.650000000000013 11.500000000000002 41.045416666666675 16.500000000000004 359.25000000000006 111.55000000000001 37.550000000000004 33.285757575757586 93.550000000000011 48.721875000000004 154.35000000000005 102.50000000000001 46.500000000000007 130.50000000000003 64.923076923076948 449.00000000000006 35.750000000000007 36.95000000000001 7.5000000000000009 13.500000000000002 39.500000000000007 36.550000000000004 35.500000000000007 56.184659090909101 115.85000000000001 242.50000000000003 1.0000000180025095e-35 455.00000000000006
decision_type=2 2 2 2 2 2 2 2 2 2 2 2 2 2 2 2 2 2 2 2 2 2 2 2 2 2 2 2 2 2
left_child=2 22 10 5 8 17 7 -7 23 -10 14 12 13 -12 20 -16 -17 18 -4 -19 -1 -22 -2 -5 25 -13 -26 -14 -24 -6
right_child=1 -3 3 4 29 6 -8 -9 9 -11 11 24 27 -15 15 16 -18 19 -20 -21 21 -23 28 -25 26 -27 -28 -29 -30 -31
leaf_value=-0.0097561508559275908 0.0069793739411783164 0.021217706697968654 0.068912328041015408 -0.012577582393570184 -0.0083293742252554415 0.0052479473982564974 0.038958773320173334 -0.007618248731534852 0.063018387528931172 -0.022382746574035595 0.029428165800417256 0 0.050789712924441711 -0.01633867653844466 -0.051994959433071454 0.028626807243285736 -0.027415796545874435 -0.015381136101280163 0.0009359533678188767 -0.0038756670045587693 0.0015507984197569451 -0.029530586457195626 -0.036328684774859329 -0.063209699420033169 0.011184191244543427 -0.028190534127060421 -0.053600603646514068 0.0051641261926432067 0.0057696465874758117 0.022335933127031967
leaf_weight=54.077521445331513 163.04740643745754 41.019950928399339 2.2169270461890838 5.3161817169748229 4.4892377952346569 149.00073480868014 5.6957113537937394 69.597626668633893 1.9832878932356837 1.6806088638259096 4.1291077309288111 46.561984591651708 5.8456014087423664 9.1767550043296051 2.1806329267565152 8.6875874533434381 2.0356649241875848 73.057851963931171 35.76115740291425 203.99130039512238 5.3866502184828269 31.152392072894145 4.424835925223304 2.6749193696305156 1.4095294820144761 8.5938238296657783 3.6022440064698458 3.1811093527358025 3.939492566511035 30.929490385344252
leaf_count=2381 1758 392 15 98 68 3968 43 781 10 35 45 473 36 122 120 395 127 2679 738 3935 363 1567 71 44 14 109 51 27 43 337
internal_value=-0.000373591 0.00882251 -0.00291001 -0.00126679 0.0103395 -0.00229082 0.00212703 0.00112712 -0.013364 0.022963 -0.00805964 -0.00147138 0.013231 -0.00164965 -0.0132554 0.00495453 0.0173709 -0.0054518 0.00520586 -0.00693215 -0.0159062 -0.0248203 0.00581646 -0.0307158 -0.00702436 -0.00437567 -0.0345398 0.0354914 -0.0160763 0.0182959
internal_weight=984.847 212.432 772.416 586.395 47.0737 539.321 224.294 218.598 11.655 3.6639 186.021 82.5002 22.3326 13.3059 103.52 12.9039 10.7233 315.027 37.9781 277.049 90.6166 36.539 171.412 7.9911 60.1676 55.1558 5.01177 9.02671 8.36433 35.4187
internal_count=20845 2264 18581 12751 592 12159 4792 4749 187 45 5830 877 230 167 4953 642 522 7367 753 6614 4311 1930 1872 142 647 582 65 63 114 405
is_linear=0
shrinkage=0.05


end of trees

feature_importances:
last_3f=591
odds_numeric=363
field_size=321
trainer_frequency=314
race_avg_odds=245
horse_weight_kg=244
jockey_frequency=240
race_avg_weight=237
popularity=186
year=173
month=154
jockey_encoded=122
race_type_encoded=106
venue_code=80
trainer_encoded=77
age=57
weight=52
sex_encoded=42
day_of_week=19
race_number=2

parameters:
[boosting: gbdt]
[objective: lambdarank]
[metric: ndcg]
[tree_learner: serial]
[device_type: cpu]
[data_sample_strategy: bagging]
[data: ]
[valid: ]
[num_iterations: 500]
[learning_rate: 0.05]
[num_leaves: 31]
[num_threads: 0]
[seed: 0]
[deterministic: 0]
[force_col_wise: 0]
[force_row_wise: 0]
[histogram_pool_size: -1]
[max_depth: 6]
[min_data_in_leaf: 20]
[min_sum_hessian_in_leaf: 0.001]
[bagging_fraction: 0.8]
[pos_bagging_fraction: 1]
[neg_bagging_fraction: 1]
[bagging_freq: 5]
[bagging_seed: 3]
[bagging_by_query: 0]
[feature_fraction: 0.8]
[feature_fraction_bynode: 1]
[feature_fraction_seed: 2]
[extra_trees: 0]
[extra_seed: 6]
[early_stopping_round: 0]
[early_stopping_min_delta: 0]
[first_metric_only: 0]
[max_delta_step: 0]
[lambda_l1: 0.1]
[lambda_l2: 0.1]
[linear_lambda: 0]
[min_gain_to_split: 0]
[drop_rate: 0.1]
[max_drop: 50]
[skip_drop: 0.5]
[xgboost_dart_mode: 0]
[uniform_drop: 0]
[drop_seed: 4]
[top_rate: 0.2]
[other_rate: 0.1]
[min_data_per_group: 100]
[max_cat_threshold: 32]
[cat_l2: 10]
[cat_smooth: 10]
[max_cat_to_onehot: 4]
[top_k: 20]
[monotone_constraints: ]
[monotone_constraints_method: basic]
[monotone_penalty: 0]
[feature_contri: ]
[forcedsplits_filename: ]
[refit_decay_rate: 0.9]
[cegb_tradeoff: 1]
[cegb_penalty_split: 0]
[cegb_penalty_feature_lazy: ]
[cegb_penalty_feature_coupled: ]
[path_smooth: 0]
[interaction_constraints: ]
[verbosity: -1]
[saved_feature_importance_type: 0]
[use_quantized_grad: 0]
[num_grad_quant_bins: 4]
[quant_train_renew_leaf: 0]
[stochastic_rounding: 1]
[linear_tree: 0]
[max_bin: 255]
[max_bin_by_feature: ]
[min_data_in_bin: 3]
[bin_construct_sample_cnt: 200000]
[data_random_seed: 1]
[is_enable_sparse: 1]
[enable_bundle: 1]
[use_missing: 1]
[zero_as_missing: 0]
[feature_pre_filter: 1]
[pre_partition: 0]
[two_round: 0]
[header: 0]
[label_column: ]
[weight_column: ]
[group_column: ]
[ignore_column: ]
[categorical_feature: ]
[forcedbins_filename: ]
[precise_float_parser: 0]
[parser_config_file: ]
[objective_seed: 5]
[num_class: 1]
[is_unbalance: 0]
[scale_pos_weight: 1]
[sigmoid: 1]
[boost_from_average: 1]
[reg_sqrt: 0]
[alpha: 0.9]
[fair_c: 1]
[poisson_max_delta_step: 0.7]
[tweedie_variance_power: 1.5]
[lambdarank_truncation_level: 30]
[lambdarank_norm: 1]
[label_gain: ]
[lambdarank_position_bias_regularization: 0]
[eval_at: 1,3,5]
[multi_error_top_k: 1]
[auc_mu_weights: ]
[num_machines: 1]
[local_listen_port: 12400]
[time_out: 120]
[machine_list_filename: ]
[machines: ]
[gpu_platform_id: -1]
[gpu_device_id: -1]
[gpu_use_dp: 0]
[num_gpu: 1]

end of parameters

pandas_categorical:[]
