tree
version=v4
num_class=1
num_tree_per_iteration=1
label_index=0
max_feature_idx=28
objective=lambdarank
feature_names=distance venue_code horse_number weight popularity odds time_seconds age year jockey_win_rate jockey_top3_rate jockey_track_win_rate horse_win_rate horse_top3_rate horse_race_count horse_dist_win_rate field_size race_avg_odds popularity_rank month day_of_week track_type_encoded track_condition_encoded weather_encoded sex_encoded distance_category_encoded season_encoded track_combined_encoded time_weight
feature_infos=[1000:2600] [0:8] [1:18] [48:59] [0:51.899999999999999] [1.2:564.70000000000005] [0:179.90000000000001] [2:11] [2016:2023] [0:0.5] [0:1] [0:1] [0:1] [0:1] [1:5] [0:1] [5:16] [12.48:127.28571428571428] [1:16] none [5:6] [0:1] [0:2] [0:2] [0:2] [0:3] none [0:5] [0.41666666666666657:1.6900000000000002]
tree_sizes=1820 1618 2036 2245 2659 1396 2338 1947 1302 2038 2014 1913 2721 2360 1810 1809 1932 1930 1522 1932 2008 2265 2398 2023 1833 1735 2553 2408 1920 2056 2121 2103 1714 1853 2100 2571 1949 1493 1917 2870 1507 1838 1727 1908 2237 1518 1390 1832 1521 2018 2301 2280 2455 2165 2340 1951 1571 1918 2444 1583 2597 1744 1499 2321 2157 2434 2540 2710 2868 2241 2892 1847 1621 1733 2018 2522 2235 2150 2442 1308 2238 2013 2139 2025 2248 3179 2662 2019 2413 2345 2238 1221 2647 2447 2246 1393 2759 2541 2383 1288 2042 2333 1947 2342 2119 2468 2203 1822 2354 1745 1701 1958 1902 2511 2328 1830 2251 2440 2253 2270 1916 1586 2427 2116 2658 2663 1625 2366 2848 2339 2282 1428 1593 1615 2218 2624 2374 2385 2324 2249 1706 1627 1722 2468 1724 2335 1833 1223 992 2471 2547 2381 2527 2456 1618 2236 2514 1831 2459 1987 2244 2402 2517 2557 2280 1501 2487 2532 1794 2527 2364 2647 2601 1928 2445 1531 1689 1104 1482 1681 2351 2202 2851 2466

Tree=0
num_leaves=16
num_cat=0
split_feature=13 5 4 16 18 4 5 3 18 11 6 6 11 16 4
split_gain=105.317 47.7132 14.4659 6.50279 5.88725 5.11226 4.47953 2.41222 1.99195 0.643163 0.572748 0.584315 0.46136 0.114283 0.0328708
threshold=0.36666666666666675 38.250000000000007 39.95000000000001 11.500000000000002 7.5000000000000009 40.350000000000001 35.650000000000013 55.250000000000007 11.500000000000002 0.054093567251461951 153.95000000000002 163.85000000000005 0.043055555555555507 12.500000000000002 37.050000000000004
decision_type=2 2 2 2 2 2 2 2 2 2 2 2 2 2 2
left_child=1 2 4 9 6 8 -1 -6 -2 12 -5 -12 -3 -4 -11
right_child=5 3 13 10 7 -7 -8 -9 -10 14 11 -13 -14 -15 -16
leaf_value=-0.022301071429081918 -0.065503616553065663 -0.0028389807667882384 0.0040821315482474094 0.041737043028308815 -0.0047805800657117125 0.0033789060041672365 0.0049568503904038547 0.019371254273781148 -0.0010071231557095546 -0.010328096455044504 -0.0030679737847535615 0.013541332736067639 0.012261130376367982 0.033209609487929517 0
leaf_weight=59.452863241778687 34.008977112593129 2.0623636706732209 3.2077651536092153 72.759586647618562 12.128527807071807 1.3009804785251606 10.574543202761559 7.5965155353769651 1.4633200336247671 1.7131396913900974 2.2962427795864633 2.7284437492489815 1.6038645207881925 8.3880889662541431 1.5713741369545458
leaf_count=1004 734 51 42 680 177 16 125 90 24 35 40 21 17 79 24
internal_value=0.000387906 0.0142017 -0.00590847 0.0370693 -0.0123834 -0.0608963 -0.0179818 0.00663768 -0.0636521 -0.00105439 0.0404137 0.00763182 0.00639694 0.0300759 -0.0091225
internal_weight=222.857 186.083 101.348 84.735 89.7524 36.7733 70.0274 19.725 35.4723 6.95074 77.7843 5.02469 3.66623 11.5959 3.28451
internal_count=3159 2385 1517 868 1396 774 1129 267 758 127 741 61 68 121 59
is_linear=0
shrinkage=0.0435066


Tree=1
num_leaves=14
num_cat=0
split_feature=4 13 18 6 4 4 27 1 16 10 18 4 4
split_gain=169.693 118.114 52.3053 24.2781 33.5202 23.2809 26.5066 15.5621 7.2319 6.14337 5.5082 4.86858 3.77817
threshold=40.45000000000001 0.36666666666666675 10.500000000000002 91.15000000000002 36.850000000000001 35.250000000000007 3.5000000000000004 1.0000000180025095e-35 12.500000000000002 0.16374829001367988 11.500000000000002 41.050000000000004 42.150000000000013
decision_type=2 2 2 2 2 2 2 2 2 2 2 2 2
left_child=1 2 3 4 -1 9 -7 -5 12 -4 -3 -10 -2
right_child=8 10 5 7 -6 6 -8 -9 11 -11 -12 -13 -14
leaf_value=-0.0096110718915140489 4.2783843323846872e-05 -0.067826146986915331 0.0010486152281468919 0.0044362134213762651 0.038347187667110198 0.0019209857799052453 0.030550735455426251 -0.029587961151684276 0.027034808529696031 -0.031410938576778395 -0.0038981997118109615 0.06404196755072751 0.032034570984275403
leaf_weight=154.30081195943058 11.931398309767248 52.177064701914787 17.671140030026436 28.091228201985359 26.771345257759094 117.97435412928462 124.69628039002419 145.36225785315037 25.087703850120306 19.076283097267151 3.8813125453889361 59.440304100513458 12.915994934737681
leaf_count=686 43 737 37 118 84 208 212 803 55 45 24 81 26
internal_value=0.000707707 -0.00739616 -0.00173298 -0.012739 -0.00138095 0.0121683 0.017087 -0.0240606 0.0494595 -0.0177622 -0.0644279 0.0558903 0.0201945
internal_weight=799.377 690.002 633.944 354.526 181.072 279.418 242.671 173.453 109.375 36.7474 56.0584 84.528 24.8474
internal_count=3159 2954 2193 1691 770 502 420 921 205 82 761 136 69
is_linear=0
shrinkage=0.0435066


Tree=2
num_leaves=18
num_cat=0
split_feature=5 4 4 13 18 6 4 1 5 6 11 9 9 6 16 11 10
split_gain=137.276 62.9122 47.2656 39.4968 25.0575 18.2679 23.4894 22.278 16.0337 11.0322 10.636 8.28489 8.18329 6.88329 6.45779 3.68616 3.20578
threshold=35.95000000000001 39.95000000000001 41.150000000000013 0.36666666666666675 7.5000000000000009 74.450000000000003 36.250000000000007 1.0000000180025095e-35 234.95000000000002 72.750000000000014 0.067496392496392457 0.017148526077097454 1.0000000180025095e-35 109.65000000000002 12.500000000000002 0.054093567251461951 0.27126436781609192
decision_type=2 2 2 2 2 2 2 2 2 2 2 2 2 2 2 2 2
left_child=1 3 5 4 12 10 7 -7 -8 -6 11 -2 -1 15 -15 -3 -12
right_child=2 13 -4 -5 9 6 8 -9 -10 -11 16 -13 -14 14 -16 -17 -18
leaf_value=0.0066488363122199391 -0.0031499020249873533 0.014378493910935109 0.052919648461076996 -0.063717365419729222 0.023506248411978424 0.021512206140709287 0.0039836211123359727 -0.032293838170785918 0.035867140622279414 -0.012344849852616755 -0.0160387154005469 0.031643739055378303 -0.030938461629534075 0.0031555555047854847 0.042138453750983761 -0.017551396931673204 0.011088521378361103
leaf_weight=9.0806611105799657 12.826469101011751 6.4364224895834905 53.108992889523506 46.924904488958418 24.791542749851942 14.57294327020645 135.03691371157765 47.424996174871922 32.972133729606867 27.468415381386876 11.96305243112147 103.77708126418293 151.55487164855003 13.567727491259573 22.154278390109539 7.9565189070999622 8.4992655888199788
leaf_count=39 37 21 68 687 86 38 406 170 57 153 50 214 990 41 32 40 30
internal_value=0.000685602 -0.0210195 0.0167959 -0.0295699 -0.0203285 0.0107105 0.00296809 -0.0186563 0.0114042 0.0052117 0.0229082 0.0277705 -0.028577 0.0214337 0.0303419 -0.00275981 -0.00444102
internal_weight=730.117 309.935 420.182 259.82 212.895 367.073 230.007 61.9979 168.009 52.26 137.066 116.604 160.636 50.1149 35.722 14.3929 20.4623
internal_count=3159 2089 1070 1955 1268 1002 671 208 463 239 331 251 1029 134 73 61 80
is_linear=0
shrinkage=0.0435066


Tree=3
num_leaves=20
num_cat=0
split_feature=5 4 4 13 18 5 17 9 3 9 4 10 9 11 17 3 17 10 5
split_gain=120.544 48.9924 31.9397 30.9583 17.1727 11.4908 14.6934 12.8245 11.057 10.2421 8.99921 8.21163 11.3908 5.26678 5.89101 4.21443 3.8421 1.9333 0.0154091
threshold=35.45000000000001 39.95000000000001 40.45000000000001 0.36666666666666675 8.5000000000000018 161.70000000000002 64.621428571428581 1.0000000180025095e-35 54.500000000000007 0.021482277121374852 36.45000000000001 0.15007309941520466 0.049515639589168957 0.026671408250355601 40.593589743589753 53.500000000000007 42.731666666666676 0.25403225806451618 30.150000000000002
decision_type=2 2 2 2 2 2 2 2 2 2 2 2 2 2 2 2 2 2 2
left_child=1 3 5 4 10 6 7 -2 -6 -8 -1 12 -7 -3 -15 -13 -4 -16 -5
right_child=2 13 16 18 8 11 9 -9 -10 -11 -12 15 -14 14 17 -17 -18 -19 -20
leaf_value=-0.033811129096225565 -0.026275060840290167 0.037240913835490323 0.016565280293724713 -0.061301365781496128 -0.019668521224449859 0.021511579364558948 0.014015422327824243 0.011819754092926777 0.025772967442049606 -0.033855773903752336 -0.010920499283542544 0.0083943949625126611 -0.01949167099207327 0.019742400551315709 -0.021565210591287687 0.043795919328926153 0.049671135129644307 0.0028819177380538141 -0.0049415173867922539
leaf_weight=94.562866559252143 11.872620657086371 12.026061318814753 19.034179337322712 41.507993716746569 10.606633570045235 30.574585177004337 7.4938176944851902 212.28816847316921 19.098369248211384 21.675268691033125 63.124593365937471 13.098126158118246 13.390159022063015 18.871360346674919 7.103586193174122 29.750904355198145 46.255387596786022 7.5507559813559055 1.605554163455962
leaf_count=655 53 24 40 661 61 70 21 655 64 104 429 34 30 53 28 56 72 27 22
internal_value=0.000962417 -0.0209161 0.0159791 -0.0289807 -0.0199311 0.010148 0.00513713 0.00907312 0.00864987 -0.0209614 -0.0255061 0.0232826 0.00791977 0.0182195 0.00619437 0.0357151 0.0425392 -0.0114832 -0.0603299
internal_weight=681.491 276.058 405.433 230.506 187.392 340.144 253.33 224.161 29.705 29.1691 157.687 86.8138 43.9647 45.5518 33.5257 42.849 65.2896 14.6543 43.1135
internal_count=3159 2024 1135 1892 1209 1023 833 708 125 125 1084 190 100 132 108 90 112 55 683
is_linear=0
shrinkage=0.0435066


Tree=4
num_leaves=24
num_cat=0
split_feature=5 18 13 16 5 8 17 18 5 23 10 11 17 5 10 5 5 1 5 2 10 16 3
split_gain=104.748 28.0045 19.0092 13.7713 13.3234 17.4318 12.6135 6.71505 5.98907 9.79457 9.28934 5.46471 4.90242 4.44164 4.25851 3.08844 2.82945 2.73769 2.62946 2.50287 1.65667 1.90833 0.919584
threshold=16.750000000000004 10.500000000000002 0.36666666666666675 11.500000000000002 38.45000000000001 2019.0000000000002 42.41564102564103 8.5000000000000018 183.35000000000005 1.0000000180025095e-35 0.13809523809523808 0.025978407557354904 30.657954545454547 20.550000000000004 0.34761152783260957 10.15 4.3500000000000005 5.5000000000000009 12.050000000000002 13.500000000000002 0.12372448979591837 13.500000000000002 54.500000000000007
decision_type=2 2 2 2 2 2 2 2 2 2 2 2 2 2 2 2 2 2 2 2 2 2 2
left_child=2 3 11 7 6 -6 -5 13 9 17 -11 15 -9 -2 19 22 -16 -3 -17 -13 -10 -22 -1
right_child=1 8 -4 4 5 -7 -8 12 20 10 -12 14 -14 -15 16 18 -18 -19 -20 -21 21 -23 -24
leaf_value=-0.021997370382801581 0.0018584973357233796 0.025051034709156792 -0.057438271683705869 0.016500658996120056 -0.01521598323415462 0.030853661757748341 -0.010113872107811098 0.018751433575506175 0.012576191961795033 0.019468614576757175 -0.014260119169276129 -0.033149740917996967 -0.017674353583835883 -0.042972474251165391 0.0091996141150033836 0.023569476117739928 -0.016581382206342525 0.0065305225200443942 -0.0054194405950141415 8.7565759559739032e-05 0.013800537819183957 0.040002814738519687 -0.0010070255027529384
leaf_weight=4.6498658061027554 3.9505166541785028 87.351053990423679 35.51548975892365 40.065975015982985 16.307622976601124 52.234924707561731 115.31164189381525 7.3353997990488988 20.825520128011703 18.918686792254448 32.799543749541044 52.967731192708015 7.5964560210704803 16.704503348097205 8.9910880699753779 5.7954039685428125 10.563877318054436 26.708942711353302 6.8335534073412418 3.9351670630276194 18.167422771453857 42.617599535733461 8.8222981430590135
leaf_count=35 23 216 593 174 65 142 642 25 47 43 116 400 42 133 44 17 85 81 44 25 38 83 46
internal_value=0.000963719 0.0101811 -0.031739 8.91234e-05 0.00430411 0.0193892 -0.00280083 -0.0227544 0.0204538 0.0145859 -0.00095114 -0.0198472 1.08938e-05 -0.0356381 -0.0253266 -0.00163455 -0.00500474 0.021385 0.0108519 -0.0309196 0.0302991 0.0344157 -0.0135653
internal_weight=644.97 506.896 138.074 259.507 223.92 68.5425 155.378 35.5869 247.389 165.778 51.7182 102.559 14.9319 20.655 76.4579 26.1011 19.555 114.06 12.629 56.9029 81.6105 60.785 13.4722
internal_count=3159 1870 1289 1246 1023 207 816 223 624 456 159 696 67 156 554 142 129 297 61 425 168 121 81
is_linear=0
shrinkage=0.0435066


Tree=5
num_leaves=12
num_cat=0
split_feature=5 4 5 4 6 21 2 10 6 0 10
split_gain=98.0208 41.1466 27.6069 20.1604 12.1559 11.0629 12.8191 11.0485 10.1105 7.59938 0.0899305
threshold=17.150000000000002 41.150000000000013 59.650000000000006 40.550000000000004 60.550000000000004 1.0000000180025095e-35 8.5000000000000018 1.0000000180025095e-35 96.65000000000002 1550.0000000000002 0.11437908496732026
decision_type=2 2 2 2 2 2 2 2 2 2 2
left_child=3 2 5 7 -4 6 -2 -1 -6 -7 -9
right_child=1 -3 4 -5 8 9 -8 10 -10 -11 -12
leaf_value=0.01304764151517367 -0.012885208290124552 0.042170149699080436 -0.024761388621856565 0.011622226308052574 0.027872735277088709 0 0.010925436193688465 -0.009191528970690227 0.0082849840438688413 -0.030205294698768169 -0.043169269112736934
leaf_weight=4.1394140049815169 72.007496574893594 55.665913015604019 8.0990180112421495 13.460191316902636 90.672038272023201 24.214061615988612 87.54043067805469 4.9799515129998317 123.59914442896843 42.399158362299204 99.940191632602364
leaf_count=17 429 95 28 50 226 94 378 36 362 258 1202
internal_value=0.000388088 0.00895977 0.00427109 -0.0334793 0.0149638 -0.00632374 3.45771e-05 -0.0394744 0.0171975 -0.0203365 -0.0422788
internal_weight=626.717 504.197 448.531 122.52 222.37 226.161 159.548 109.06 214.271 66.6132 104.92
internal_count=3175 1870 1775 1305 616 1159 807 1255 588 352 1238
is_linear=0
shrinkage=0.0435066


Tree=6
num_leaves=21
num_cat=0
split_feature=5 13 4 16 5 4 27 4 4 5 25 10 11 3 8 4 16 6 4 5
split_gain=87.6579 34.3943 19.3644 17.821 16.5911 12.6881 17.4066 13.4313 10.5989 10.0295 15.0425 7.00832 5.83752 5.6898 3.37951 2.9091 2.64733 2.34684 1.1283 0.283806
threshold=37.750000000000007 0.36666666666666675 40.45000000000001 12.500000000000002 72.950000000000017 41.150000000000013 2.5000000000000004 38.650000000000013 38.050000000000004 17.150000000000002 2.5000000000000004 1.0000000180025095e-35 0.057189542483660101 55.250000000000007 2019.0000000000002 40.750000000000007 13.500000000000002 110.75000000000001 36.650000000000013 31.850000000000005
decision_type=2 2 2 2 2 2 2 2 2 2 2 2 2 2 2 2 2 2 2 2
left_child=1 2 9 4 18 6 7 -5 -8 11 -11 -1 14 16 -6 19 -4 -14 -2 -3
right_child=3 15 13 5 12 -7 8 -9 -10 10 -12 -13 17 -15 -16 -17 -18 -19 -20 -21
leaf_value=0.012280527863019719 -0.039504418741445162 -0.053934749881235984 -0.012234206375550208 -0.03200811961954822 0.03441899792858024 0.044227563595339713 0.016745136036585877 0.009078577067848325 0.046446686061879204 -0.014805440941856159 0.017981290452281865 -0.031326273472537657 -0.016179997965766347 0.036279821483553729 0.0049542962457259634 1.3275990286794132e-05 0.01342040521817664 0.0083078030951655394 -0.010587328916837965 -0.0046185648073130362
leaf_weight=3.9848789833486071 9.9940857514739054 38.423763228580356 8.1788118928670919 15.62034786865115 12.208930741995575 34.054934859275818 145.52309207245708 40.75703389570117 26.274760272353888 102.87218811362982 28.715344808995724 63.577956048771739 11.367925968021156 12.521353743970392 18.039191126823425 1.6663812920451153 9.1949279680848122 6.7714592516422263 12.361153565347193 1.9740528427064408
leaf_count=16 61 693 33 67 27 49 405 127 46 621 119 639 53 26 57 7 30 26 52 21
internal_value=0.0008928 -0.0172318 -0.0098104 0.0157272 -0.0032986 0.0208528 0.01619 -0.00428207 0.0228756 -0.0147948 -0.00706683 -0.0277643 0.0108784 0.0198224 0.0211139 -0.0506981 0.000878855 -0.00685046 -0.0298625 -0.0527159
internal_weight=604.083 271.11 229.045 332.973 70.7427 262.23 228.175 56.3774 171.798 199.15 131.588 67.5628 48.3875 29.8951 30.2481 42.0642 17.3737 18.1394 22.3552 40.3978
internal_count=3175 2205 1484 970 276 694 645 194 451 1395 740 655 163 89 84 721 63 79 113 714
is_linear=0
shrinkage=0.0435066


Tree=7
num_leaves=17
num_cat=0
split_feature=13 5 18 16 5 10 11 5 11 16 17 3 10 7 0 9
split_gain=77.5069 45.4904 19.1918 13.0887 11.0933 6.77888 6.70365 6.29503 6.03871 5.32783 11.545 4.02463 2.8211 2.47427 1.22363 0.0438271
threshold=0.36666666666666675 37.750000000000007 7.5000000000000009 12.500000000000002 72.950000000000017 0.24638060352346061 0.12748284579270497 107.95000000000002 0.059411764705882351 11.500000000000002 38.590178571428574 56.500000000000007 0.21182053494391712 5.5000000000000009 1650.0000000000002 0.14651229273870783
decision_type=2 2 2 2 2 2 2 2 2 2 2 2 2 2 2 2
left_child=1 2 9 4 12 11 8 -6 -5 15 -11 -4 -3 -2 -7 -1
right_child=13 3 5 6 7 14 -8 -9 -10 10 -12 -13 -14 -15 -16 -17
leaf_value=-0.037722157547525233 -0.049554096732926593 -0.034845735565432363 -0.012454023032025203 0.014592480709714039 0.025991647967780127 0.03022580150133853 -0.0071733156990981817 -0.0032591736242173898 0.030059378802138405 0.0098730232992697183 -0.018522334689066243 0.016268321118040271 -0.00075483646840504733 -0.0018463551919624033 0.0063065658014955488 -0.0047941861159373506
leaf_weight=16.791807085275654 47.385628396645188 10.595742091536524 21.570386871695522 128.66204131022096 18.90178058296442 18.212031152099375 11.948127478361128 26.883359503000975 111.28924667835236 29.993848899379373 113.34951410628855 7.2427908927202216 7.5308912917971602 3.1356606576591721 11.356127314269541 2.9187274575233451
leaf_count=164 767 62 132 336 58 59 44 94 260 206 810 25 40 30 63 25
internal_value=0.000920472 0.00598804 -0.00894897 0.0164618 -0.000925213 0.0114685 0.0208242 0.010358 0.022412 -0.0164786 -0.0123426 -0.00327995 -0.0250361 -0.0473189 0.0241164 -0.035633
internal_weight=587.768 537.246 221.435 315.811 63.9118 58.3813 251.899 45.7851 239.951 163.054 143.343 28.8132 18.1266 50.5213 29.5682 19.7105
internal_count=3175 2378 1484 894 254 279 640 152 596 1205 1016 157 102 797 122 189
is_linear=0
shrinkage=0.0435066


Tree=8
num_leaves=11
num_cat=0
split_feature=13 4 5 18 18 4 16 4 7 4
split_gain=72.0873 41.6523 33.5588 22.0423 11.1666 9.95795 7.32601 6.46526 4.73252 3.70627
threshold=0.36666666666666675 41.250000000000007 34.550000000000004 7.5000000000000009 13.500000000000002 36.250000000000007 10.500000000000002 40.750000000000007 3.5000000000000004 35.850000000000001
decision_type=2 2 2 2 2 2 2 2 2 2
left_child=1 2 3 5 6 -1 -4 -2 -5 -6
right_child=7 -3 4 8 9 -7 -8 -9 -10 -11
leaf_value=-0.03795391922135339 -0.050702044897330066 0.040452636425179954 -0.020905846955941918 -0.0043860173892270966 0.0068583223078111698 -0.010069297379194183 0.0068455648104194756 0.0068345274936858621 0.020954010190299917 0.030737438653158717
leaf_weight=52.298867693170905 44.172844307497144 52.33973154425621 12.991015542298554 21.688329674303532 23.564483195543289 54.319523381069303 240.10668162442744 2.1089951917529097 23.332933451980352 46.675705268979073
leaf_count=485 787 109 80 127 55 467 873 10 96 86
internal_value=0.00111778 0.00591862 0.00159625 -0.0148788 0.00949458 -0.0252347 0.00489332 -0.0473695 0.00954035 0.02412
internal_weight=573.599 527.317 474.978 151.64 323.338 106.618 253.098 46.2818 45.0213 70.2402
internal_count=3175 2378 2269 1175 1094 952 953 797 223 141
is_linear=0
shrinkage=0.0435066


Tree=9
num_leaves=18
num_cat=0
split_feature=18 4 4 5 4 6 6 16 17 10 3 8 7 10 5 4 3
split_gain=58.6051 31.5176 24.9527 11.4528 10.3074 20.1679 22.2563 9.52627 14.1814 9.15957 9.13788 6.87316 6.28548 6.17392 3.94813 0.718949 1.15221
threshold=6.5000000000000009 36.550000000000004 41.550000000000004 35.45000000000001 41.150000000000013 94.050000000000011 108.65000000000002 12.500000000000002 54.814583333333339 1.0000000180025095e-35 55.250000000000007 2019.0000000000002 4.5000000000000009 0.17349498327759191 81.800000000000026 40.45000000000001 53.500000000000007
decision_type=2 2 2 2 2 2 2 2 2 2 2 2 2 2 2 2 2
left_child=2 3 9 10 5 13 -7 14 -9 -1 12 -12 -2 -3 -5 16 -11
right_child=1 4 -4 7 -6 6 -8 8 -10 15 11 -13 -14 -15 -16 -17 -18
leaf_value=0.013564873354919276 -0.042066944005412353 0.011499129578290374 0.026841492722786946 -0.034903011628540627 0.036595556905449675 -0.019238812477331831 0.0160097654793603 0.01607780104797045 -0.013186587325996722 -0.01786903296803247 0.025139359365053567 -0.012609448111686093 0.0030962861522268359 0.047986387346067604 -0.0019790180727129372 -0.0070979795023874874 -0.041436838632613167
leaf_weight=3.972319319844245 23.651548178866509 20.105531878769398 9.7288677506148797 9.3155138008296507 45.527206398546696 44.535865681245923 94.665439682081342 93.268521104007959 39.615768250077963 21.897148718126118 6.6565521266311434 23.128075295127928 5.6787674296647301 27.420904111117125 14.945120140910147 5.8740525245666495 67.799498416483402
leaf_count=18 223 59 27 72 89 240 326 303 156 259 22 166 38 69 64 35 1009
internal_value=0.000880896 0.00792019 -0.026745 -0.0039641 0.0188344 0.0133637 0.00430721 0.0022651 0.00707258 -0.0334047 -0.0192573 -0.000897027 -0.0340685 0.0359852 -0.0196619 -0.036197 -0.0373881
internal_weight=557.787 448.515 109.272 216.26 232.255 186.728 139.201 157.145 132.884 99.543 59.1149 29.7846 29.3303 47.5264 24.2606 95.5707 89.6966
internal_count=3175 1827 1348 1044 783 694 566 595 459 1321 449 188 261 128 136 1303 1268
is_linear=0
shrinkage=0.0435066


Tree=10
num_leaves=18
num_cat=0
split_feature=5 4 4 3 17 13 7 6 25 4 10 11 2 1 1 5 2
split_gain=54.2972 33.9907 16.342 14.104 15.749 12.2289 9.62663 7.29432 7.15361 8.22873 6.18914 5.15179 4.67697 4.06013 3.0756 2.03904 0.350017
threshold=36.45000000000001 39.95000000000001 41.45000000000001 53.500000000000007 42.41564102564103 0.36666666666666675 2.5000000000000004 72.750000000000014 2.5000000000000004 36.850000000000001 0.22653958944281524 0.025978407557354904 16.500000000000004 3.5000000000000004 4.5000000000000009 33.150000000000013 6.5000000000000009
decision_type=2 2 2 2 2 2 2 2 2 2 2 2 2 2 2 2 2
left_child=1 5 3 7 14 8 -3 13 12 -10 -6 -9 -1 -2 -5 -7 -8
right_child=2 6 -4 4 10 15 16 11 9 -11 -12 -13 -14 -15 -16 -17 -18
leaf_value=-0.025265756397381479 0.019436686224976765 -0.015068163059891145 0.037372978083021403 -0.017187701321309888 0.022653926807684761 -0.048418988221919645 0.03467146986243036 0.00049462228800631401 -0.012333042448669783 0.023929808079926191 0.0023204156640645136 -0.028420587040643111 0.0073457129063713399 -0.010428087480274639 0.0038159511040365729 0 0.0093908571849591425
leaf_weight=102.62737972848117 15.110451817512514 7.1893307175487271 33.202905081212521 27.202450271695852 133.37872247770429 31.985424735583365 19.042084980756048 16.221647255122662 35.224301668815315 10.000089172273873 38.969501217827201 28.186768859624863 5.7309570945799342 8.5505562685430032 17.318137429654598 1.3361584357917298 8.9639447927474958
leaf_count=944 41 39 60 149 377 695 55 53 281 45 144 139 21 33 63 11 46
internal_value=-0.000399542 -0.0166542 0.0110236 0.00715166 0.0125174 -0.0240021 0.0197788 -0.00940842 -0.0173462 -0.00211584 0.0183647 -0.0189489 -0.0231344 0.00838915 -0.00937609 -0.0465713 0.0301717
internal_weight=540.241 222.1 318.141 284.938 216.869 186.904 35.1954 68.0694 153.583 45.2244 172.348 44.4084 108.358 23.661 44.5206 33.3216 28.006
internal_count=3196 2137 1059 999 733 1997 140 266 1291 326 521 192 965 74 212 706 101
is_linear=0
shrinkage=0.0435066


Tree=11
num_leaves=17
num_cat=0
split_feature=13 4 18 27 4 2 4 4 6 18 9 4 7 2 18 18
split_gain=48.9841 29.6893 18.4626 16.0904 20.2177 12.7787 12.6705 9.84461 6.49326 6.41777 5.12051 3.59323 3.5614 3.35 2.0164 0.231939
threshold=0.36666666666666675 38.650000000000013 10.500000000000002 1.5000000000000002 40.45000000000001 6.5000000000000009 1.0000000180025095e-35 40.750000000000007 91.15000000000002 13.500000000000002 0.021482277121374852 39.150000000000013 2.5000000000000004 2.5000000000000004 11.500000000000002 8.5000000000000018
decision_type=2 2 2 2 2 2 2 2 2 2 2 2 2 2 2 2
left_child=1 2 6 4 11 10 13 14 -8 -7 -4 -3 -6 -1 -2 -5
right_child=7 3 5 15 12 9 8 -9 -10 -11 -12 -13 -14 -15 -16 -17
leaf_value=0.019699144824013338 -0.049734633598446647 0.0015957988959498506 -0.029516094905466545 0.015677564980619195 0.0007816074521317625 0.0070474344445662441 -0.0082443035585744017 0.013520277450751029 -0.028572048514108828 0.031878259373399651 0 -0.023483553321724304 0.027785264356288388 -0.0014839152511132727 -0.0034379470216972631 0.047424942509984427
leaf_weight=11.037322008982299 36.358522322028875 15.143630325794218 8.0179634168744069 10.50352714769542 12.26395310461521 49.28091736882925 68.049297508783638 2.6046916916966429 63.330873153172433 35.157655887305737 45.023171912878752 21.620021965354681 54.486745666712523 65.557150434702635 3.410463470965623 27.338735397905111
leaf_count=35 771 78 31 49 41 162 492 9 604 75 148 155 129 341 23 53
internal_value=-0.000238025 0.00386277 -0.00304133 0.0201939 0.00993868 0.00903582 -0.0111038 -0.0417912 -0.0190034 0.0190402 -0.00706226 -0.0142354 0.0234722 0.00275267 -0.047025 0.0424379
internal_weight=529.185 486.811 345.454 141.357 103.514 137.48 207.975 42.3737 131.38 84.4386 53.0411 36.7637 66.7507 76.5945 39.769 37.8423
internal_count=3196 2393 1888 505 403 416 1472 803 1096 237 179 233 170 376 794 102
is_linear=0
shrinkage=0.0435066


Tree=12
num_leaves=25
num_cat=0
split_feature=5 4 18 16 4 1 4 5 16 5 4 6 5 10 17 5 17 9 10 6 17 4 7 4
split_gain=48.8963 31.2326 17.2014 14.0902 9.00174 7.85868 9.53706 7.15482 6.45379 4.95819 4.46772 7.5371 4.94549 4.0805 3.99499 4.07863 3.65335 3.44311 3.34584 2.89437 2.33861 1.19795 0.78027 0.260089
threshold=35.95000000000001 39.95000000000001 8.5000000000000018 13.500000000000002 38.650000000000013 4.5000000000000009 40.750000000000007 71.350000000000009 12.500000000000002 101.45000000000002 36.250000000000007 91.15000000000002 35.550000000000004 0.28708791208791212 41.74821428571429 37.750000000000007 50.467032967032971 0.048115079365079354 0.15677668539325842 109.65000000000002 42.731666666666676 35.750000000000007 3.5000000000000004 40.45000000000001
decision_type=2 2 2 2 2 2 2 2 2 2 2 2 2 2 2 2 2 2 2 2 2 2 2 2
left_child=1 2 10 4 7 14 9 13 -3 -7 12 -12 -1 -2 18 -16 -9 22 -5 -10 -6 -19 -4 -22
right_child=3 8 17 5 20 6 -8 16 19 -11 11 -13 -14 -15 15 -17 -18 21 -20 -21 23 -23 -24 -25
leaf_value=-0.039894912185995904 -0.038747980670274379 -0.0071686394043382774 -0.017611446320477963 0.015767043161113162 -0.001808896550770746 -0.016995868712795785 0.028032699094812409 0.0091964756358932764 0.0018859931512242678 0.0072738615884535337 0.0064278570474086139 -0.025486323241082066 0 0.0016043536416220703 0.0045342796958363135 0.026990691106901603 -0.013179856125919142 0 -0.013625230323757233 0.035308522473005866 0.0070327026429583307 0.022240148751571383 0.0012233595468289712 0.026534977457759543
leaf_weight=75.471234922297299 14.969308773055674 10.74968760088086 3.3585384190082577 7.6689350344240692 10.079659529030325 27.792258910834789 14.682253211736677 23.037887942045927 7.9497703872621086 23.850694414228201 15.315541229210792 46.959349463693798 6.2073614411056033 4.844403810799121 22.155031828209758 116.16956495866179 19.305054761469364 5.1366156972944763 8.6136730536818487 17.612638233229518 10.404033154249193 11.554966580122707 4.2860495075583458 9.4219197034835798
leaf_count=1007 112 52 31 24 43 114 29 93 48 72 128 639 34 29 99 307 80 33 41 40 37 58 28 18
internal_value=-0.000233513 -0.0164964 -0.0243026 0.0104855 -0.00355846 0.0163161 0.00318557 -0.012709 0.0176395 -0.00605489 -0.0298471 -0.0176257 -0.03706 -0.0305442 0.0215299 0.0238293 -0.00119643 0.00754479 0.000326265 0.027723 0.0140549 0.0169543 -0.0106367 0.0209547
internal_weight=517.596 204.602 168.29 312.995 92.0623 220.932 66.3252 62.1567 36.3121 51.643 143.953 62.2749 81.6786 19.8137 154.607 138.325 42.3429 24.3362 16.2826 25.5624 29.9056 16.6916 7.64459 19.826
internal_count=3196 2098 1958 1098 412 686 215 314 140 186 1808 767 1041 141 471 406 173 150 65 88 98 91 59 55
is_linear=0
shrinkage=0.0435066


Tree=13
num_leaves=21
num_cat=0
split_feature=5 4 18 4 1 5 21 4 18 9 5 0 16 11 13 4 3 16 6 8
split_gain=46.5454 28.7147 13.8178 13.3019 12.4818 18.1278 8.57741 8.58594 6.92087 4.9794 4.93945 5.00967 4.85224 4.18302 3.91813 5.15396 3.41304 2.24788 1.97457 0.0347786
threshold=35.95000000000001 39.95000000000001 8.5000000000000018 38.650000000000013 1.0000000180025095e-35 63.150000000000013 1.0000000180025095e-35 41.750000000000007 13.500000000000002 0.093841642228739017 37.750000000000007 2200.0000000000005 12.500000000000002 0.10607196401799096 0.36666666666666675 36.250000000000007 54.500000000000007 13.500000000000002 109.85000000000001 2019.0000000000002
decision_type=2 2 2 2 2 2 2 2 2 2 2 2 2 2 2 2 2 2 2 2
left_child=1 2 14 4 10 13 -5 9 -7 -8 11 -2 -3 -6 15 -1 17 -4 -14 -18
right_child=3 12 16 6 5 8 7 -9 -10 -11 -12 -13 18 -15 -16 -17 19 -19 -20 -21
leaf_value=-0.030600217177983939 -0.015365303661422039 -0.0052388590942081207 0.006994732592427378 0.043605566966839295 -0.031699595228861135 -0.0015719124937540478 0.008680899831295899 0.033150492320840969 0.017991654436938637 -0.020505021642286885 0.033488854236538704 0.018233792007609384 0.0036511825046187693 0.00098869226113375785 -0.044630608372118144 -0.0097863073059650564 0.019112454187848245 -0.022661077319744979 0.032782794953127158 0.0049432902203426984
leaf_weight=61.859434921294451 8.2632624674588442 10.328553311526774 3.6211258694529551 24.428684569895267 30.30962854065001 81.210380865260959 38.90517458692193 19.709189750254154 50.514666941016912 8.0793520584702474 25.637039314955473 13.058073133230209 8.7551530785858649 8.0576981715857965 28.375346607528627 49.296363504603505 6.6219412162899998 4.8713658433407545 16.10958275385201 9.4236945621669275
leaf_count=643 58 52 16 50 197 330 141 36 125 32 48 35 50 46 681 484 29 51 38 54
internal_value=-9.30664e-05 -0.0162003 -0.0237595 0.0104096 0.00421276 -0.00144222 0.0238007 0.0131732 0.00635205 0.00158756 0.0225641 0.00430171 0.0170047 -0.0254634 -0.0288668 -0.0225083 0.00492123 -0.0117983 0.0257345 0.0150686
internal_weight=507.436 199.263 164.069 308.173 217.051 170.092 91.1224 66.6937 131.725 46.9845 46.9584 21.3213 35.1933 38.3673 139.531 111.156 24.5381 8.49249 24.8647 16.0456
internal_count=3196 2098 1958 1098 839 698 259 209 455 173 141 93 140 243 1808 1127 150 67 88 83
is_linear=0
shrinkage=0.0435066


Tree=14
num_leaves=16
num_cat=0
split_feature=13 4 5 18 27 4 6 5 4 17 5 10 7 3 18
split_gain=40.9334 24.6283 22.8706 14.6476 12.1455 16.5652 9.33882 10.8677 7.23036 4.49525 3.59943 3.48434 3.33119 2.63198 2.05162
threshold=0.36666666666666675 38.650000000000013 35.650000000000013 8.5000000000000018 1.5000000000000002 40.45000000000001 104.65000000000002 269.55000000000007 40.750000000000007 36.134375000000013 112.65000000000002 0.29128959276018102 2.5000000000000004 55.250000000000007 11.500000000000002
decision_type=2 2 2 2 2 2 2 2 2 2 2 2 2 2 2
left_child=1 2 3 11 5 10 9 -8 14 -4 -3 -1 -7 -5 -2
right_child=8 4 6 13 -6 12 7 -9 -10 -11 -12 -13 -14 -15 -16
leaf_value=-0.030433222536645266 -0.046869062518430191 -0.021302609517176527 -0.005704000291711208 -0.0044425898573146163 0.038397254116838794 0 -0.013106219743349292 0.022307172099588247 0.010589466506244481 0.015889087906881309 0.004831579183996593 -0.0080630576628191262 0.026198862107028476 0.020847444018561288 -0.0036860149318970669
leaf_weight=66.714880554005504 33.360564513131976 23.133489407598972 17.438701190054417 9.0255681499838847 36.79429204761982 11.792262252420185 67.482799634337425 14.661339357495306 2.3624029010534278 110.51651122793555 11.125389963388441 24.943841143511236 51.773128978908062 12.511760599911211 3.9810367077589026
leaf_count=718 771 193 87 63 102 41 307 34 9 371 40 262 129 46 23
internal_value=-0.00017728 0.00369105 -0.00284795 -0.018083 0.0188727 0.00949291 0.00561088 -0.00549687 -0.0392396 0.0127375 -0.0131529 -0.0253874 0.0219298 0.0113201 -0.0437267
internal_weight=497.618 457.914 323.295 113.196 134.619 97.8243 210.099 82.1441 39.704 127.955 34.2589 91.6587 63.5654 21.5373 37.3416
internal_count=3196 2393 1888 1089 505 403 799 341 803 458 233 980 170 109 794
is_linear=0
shrinkage=0.0435066


Tree=15
num_leaves=16
num_cat=0
split_feature=13 4 5 4 7 9 0 11 0 4 9 4 13 17 18
split_gain=47.251 31.5489 23.0879 10.2883 11.6649 8.16801 8.30245 8.09851 6.62677 8.00078 5.72414 4.10687 2.7502 2.13025 1.32791
threshold=0.36666666666666675 38.650000000000013 35.95000000000001 42.45000000000001 2.5000000000000004 0.048115079365079354 1350.0000000000002 0.072478991596638606 1550.0000000000002 36.350000000000001 0.093841642228739017 40.750000000000007 0.29166666666666669 46.578671328671341 11.500000000000002
decision_type=2 2 2 2 2 2 2 2 2 2 2 2 2 2 2
left_child=1 2 8 4 13 6 -4 -7 9 -1 -6 14 -10 -3 -2
right_child=11 3 5 -5 10 7 -8 -9 12 -11 -12 -13 -14 -15 -16
leaf_value=-0.01586589112656998 -0.0463014196491933 -0.026286862866135897 0.011692385751948154 0.045675670398188109 0.025719576676563584 0.020093492428937175 -0.015816967690482207 -0.0028237372295518174 -0.027980593401364176 0.01423844198746819 0 0.0058457629730052892 0.0045808587687604227 0.0020598284277008015 -0.0048763084370001507
leaf_weight=38.119027027860284 32.835866020992398 7.4320801701396686 30.030247248709202 25.873468421399593 76.194581165909767 93.163499809801579 41.758165054023266 38.185159936547279 56.439739655703306 20.33262974768877 20.366694819182158 1.5073405914008606 2.9365376867353907 5.5128663703799248 3.8150083292275658
leaf_count=371 791 49 96 51 280 308 187 174 590 130 96 7 26 25 24
internal_value=0.00186623 0.00598591 -0.00150732 0.0230756 0.0153833 0.00729958 -0.00416536 0.0135395 -0.0163584 -0.00486114 0.0206321 -0.0408631 -0.0259236 -0.0170499 -0.0436099
internal_weight=494.503 456.345 320.965 135.38 109.506 203.137 71.7884 131.349 117.828 58.4517 96.5613 38.1582 59.3763 12.9449 36.6509
internal_count=3205 2383 1882 501 450 765 283 482 1117 501 376 822 616 74 815
is_linear=0
shrinkage=0.0435066


Tree=16
num_leaves=17
num_cat=0
split_feature=13 4 5 16 16 4 6 5 9 18 9 10 4 6 24 18
split_gain=42.3168 27.0898 22.1191 13.2606 8.88222 7.45281 7.17625 5.68285 5.59927 5.53197 5.5167 4.54585 4.37543 2.72275 2.53876 0.874891
threshold=0.36666666666666675 39.45000000000001 35.550000000000004 12.500000000000002 13.500000000000002 42.850000000000001 109.95000000000002 71.350000000000009 0.012896825396825353 7.5000000000000009 0.048115079365079354 0.11437908496732026 40.750000000000007 72.750000000000014 1.0000000180025095e-35 12.500000000000002
decision_type=2 2 2 2 2 2 2 2 2 2 2 2 2 2 2 2
left_child=1 2 9 5 7 14 10 -4 -6 11 -5 -1 15 -11 -3 -2
right_child=12 3 4 6 8 -7 -8 -9 -10 13 -12 -13 -14 -15 -16 -17
leaf_value=0.0082482915763593886 -0.044539254676268646 -0.029887035206286765 -0.022200436148376752 0.026594524602336689 -0.012067222602325848 0.022176802599521241 0.042222199022139806 0.0027295260691343271 0.014625051186292143 0.011541472811437775 -0.0049677189255479034 -0.023532489544799525 0.0065069704511418226 -0.0099712100415997214 0.0015415149008912758 -0.0022516322525366504
leaf_weight=5.7616600561887017 32.751497507095337 8.6616500392556208 19.475275237113237 15.028663050383331 11.098679259419439 5.8424566760659209 47.583879282698035 46.64698138833046 156.13099813088775 14.539980936795475 16.233685702085495 79.805854284204543 1.601003736257552 17.106924500316381 5.4095266647636882 2.2033946197479954
leaf_count=40 799 59 133 52 52 13 106 182 529 72 74 900 7 146 25 16
internal_value=0.00137868 0.00527534 -0.00049941 0.0246316 0.00718796 -0.00533555 0.0321477 -0.0058075 0.0124094 -0.0154575 0.0119087 -0.0208509 -0.0398348 0 -0.020652 -0.0428892
internal_weight=485.882 449.326 350.566 98.7599 233.352 19.9136 78.8462 66.1223 167.23 117.214 31.2623 85.5675 36.5559 31.6469 14.0712 34.9549
internal_count=3205 2383 2054 329 896 97 232 315 581 1158 126 940 822 218 84 815
is_linear=0
shrinkage=0.0435066


Tree=17
num_leaves=17
num_cat=0
split_feature=13 4 5 6 7 11 6 0 4 4 4 10 0 6 18 17
split_gain=37.4023 25.3341 20.3274 10.2038 8.2436 7.6353 7.4937 5.71637 6.7676 4.33132 4.09344 3.06081 2.26862 3.44879 1.48965 0.700874
threshold=0.36666666666666675 39.45000000000001 36.650000000000013 72.750000000000014 2.5000000000000004 0.072478991596638606 123.25000000000001 1350.0000000000002 36.45000000000001 40.750000000000007 42.250000000000007 0.044642857142857109 2200.0000000000005 111.25000000000001 11.500000000000002 46.578671328671341
decision_type=2 2 2 2 2 2 2 2 2 2 2 2 2 2 2 2
left_child=1 2 7 5 10 -4 -5 8 -1 14 15 -9 13 -6 -2 -3
right_child=9 4 3 6 12 -7 -8 11 -10 -11 -12 -13 -14 -15 -16 -17
leaf_value=-0.011611165662499544 -0.0439796953733212 -0.02468546346569216 0.024228344646735626 -0.0070449763620667599 0.019998451821471225 -0.0075865449501605819 0.014616252860102565 0.0088381252947352679 0.018787136427207089 0.0069791848302779205 0.014239842782991804 -0.021566957307722505 0.0062628996267056853 0.046722703232674349 -0.0027359841439069752 -9.3511594538431758e-05
leaf_weight=33.510800056159496 30.303330738097429 4.3871633894741517 70.717947881668806 90.166681444272399 46.161659626290202 13.736076623201368 37.444858524948359 2.8359667882323256 14.65481176227331 1.5875531286001194 6.8945362418889991 83.14615611359477 12.080272369086741 22.36293002218008 3.2351488508284083 3.8606723174452782
leaf_count=303 791 37 199 406 162 70 120 14 83 7 18 859 49 44 24 19
internal_value=0.00126469 0.00493033 -0.000649205 0.00763543 0.0239596 0.0187703 -0.000212526 -0.0135644 -0.0010413 -0.0381688 -0.00365502 -0.0199032 0.0291482 0.0321542 -0.0413452 -0.0189786
internal_weight=477.087 441.961 346.213 212.066 95.7472 84.454 127.612 134.148 48.1656 35.126 15.1424 85.9821 80.6049 68.5246 33.5385 8.24784
internal_count=3205 2383 2054 795 329 269 526 1259 386 822 74 873 255 206 815 56
is_linear=0
shrinkage=0.0435066


Tree=18
num_leaves=13
num_cat=0
split_feature=13 16 5 11 17 10 7 14 9 10 1 1
split_gain=34.7639 19.7537 14.5183 6.06894 4.5701 3.54065 3.49453 3.04655 2.81374 2.43717 2.09176 0.844251
threshold=0.36666666666666675 10.500000000000002 38.250000000000007 0.078461538461538458 35.361888111888113 0.25403225806451618 2.5000000000000004 1.5000000000000002 0.032291666666666656 0.14511278195488717 1.5000000000000002 5.5000000000000009
decision_type=2 2 2 2 2 2 2 2 2 2 2 2
left_child=1 10 4 6 9 -5 -4 -6 11 -3 -1 -2
right_child=8 2 3 5 7 -7 -8 -9 -10 -11 -12 -13
leaf_value=-0.0027218226461847824 -0.011013877224156279 -0.0085247068559863234 -0.0016396014127908292 -0.011504079276630002 -0.0028398585940277834 0.0097429257620526705 0.019010580605269105 -0.019812603673848919 -0.042159350967672655 0.013968565638651674 -0.036347058700410682 0.0074655021340872879
leaf_weight=6.2798155881464508 3.7433739053085437 6.4206751789897671 14.880598727613686 20.980740174651146 111.93549591209739 25.747668631374836 178.72038133442402 19.412615651264787 27.879067520610988 33.880429167300463 15.99389768950641 2.0442284606397152
leaf_count=53 73 52 57 94 883 102 544 186 727 246 166 22
internal_value=0.00142406 0.00495701 0.00730729 0.0140749 -0.00227982 0 0.0173713 -0.00623937 -0.0373089 0.00948207 -0.0299786 -0.00317119
internal_weight=467.919 434.252 411.979 240.329 171.649 46.7284 193.601 131.348 33.6667 40.3011 22.2737 5.7876
internal_count=3205 2383 2164 797 1367 196 601 1069 822 298 219 95
is_linear=0
shrinkage=0.0435066


Tree=19
num_leaves=17
num_cat=0
split_feature=4 5 16 16 4 21 4 10 10 5 25 24 9 4 9 9
split_gain=30.8543 30.3118 11.3877 7.65503 6.93138 6.53716 9.14344 6.18952 5.33915 4.49152 7.89477 2.06386 1.03455 0.750006 2.87387 1.05744
threshold=39.45000000000001 34.550000000000004 12.500000000000002 11.500000000000002 42.850000000000001 1.0000000180025095e-35 36.250000000000007 1.0000000180025095e-35 0.13809523809523808 18.450000000000003 2.5000000000000004 1.0000000180025095e-35 0.10495716034271721 41.750000000000007 0.045478036175710557 0.056438791732909353
decision_type=2 2 2 2 2 2 2 2 2 2 2 2 2 2 2 2
left_child=1 7 4 12 11 6 -5 -1 -7 -9 -11 -2 -3 14 -4 -16
right_child=2 3 13 5 -6 8 -8 9 -10 10 -12 -13 -14 -15 15 -17
leaf_value=0.015487799613202907 -0.028231896956013261 -0.023473145986267659 0.03094527496115192 0.0031809465278098419 0.021288595421075023 -0.023085378911322403 0.024030739240002291 -0.030637984479442479 0.0029665010603620169 -0.022290932221683428 0.0098260280009807681 0.0005721034046684303 0 0.040082426604773749 -0.0022137373534736235 0.012881330821542549
leaf_weight=3.6314501762390128 8.4183526281267422 12.744144769385459 23.160868182778358 109.45233742240816 6.0974231436848632 14.666310371831058 59.648223167285323 67.055759852286428 44.529899295419455 32.929431566037238 17.650120737962425 5.5323776118457308 3.7097610235214225 24.946265242993832 9.4999051038175839 18.10370279289782
leaf_count=16 76 104 72 476 15 76 190 1233 224 373 123 28 23 54 40 82
internal_value=0.00166958 -0.00414243 0.0228316 0.004678 -0.00474575 0.0069475 0.0112116 -0.0213541 -0.00498407 -0.0233258 -0.0110647 -0.0197719 -0.0194102 0.0300539 0.0209505 0.00796051
internal_weight=461.776 366.017 95.7589 244.751 20.0482 228.297 169.101 121.267 59.1962 117.635 50.5796 13.9507 16.4539 75.7107 50.7645 27.6036
internal_count=3205 2838 367 1093 119 966 666 1745 300 1729 496 104 127 248 194 122
is_linear=0
shrinkage=0.0435066


Tree=20
num_leaves=18
num_cat=0
split_feature=18 4 4 5 27 4 6 4 6 9 16 16 5 2 9 6 6
split_gain=25.9816 15.7221 13.3515 12.5948 10.2099 9.68529 6.21083 5.42603 10.0401 5.29816 5.602 3.62176 3.4917 3.04653 2.528 1.6081 0.8134
threshold=8.5000000000000018 40.45000000000001 35.250000000000007 35.45000000000001 3.5000000000000004 41.750000000000007 98.750000000000014 37.750000000000007 111.85000000000001 1.0000000180025095e-35 15.500000000000002 9.5000000000000018 39.250000000000007 8.5000000000000018 0.049515639589168957 108.25000000000001 109.65000000000002
decision_type=2 2 2 2 2 2 2 2 2 2 2 2 2 2 2 2 2
left_child=1 3 13 9 5 6 -4 8 -6 15 -11 -5 -13 -2 -15 -1 -3
right_child=2 16 4 11 7 -7 -8 -9 -10 10 -12 12 -14 14 -16 -17 -18
leaf_value=0.013603968715779905 -0.026644033306094817 0.0015365499335200381 0.010720634687615711 -0.021451530955923198 0.024882951066891125 0.027457516907076641 -0.010438650444737921 0.034301822331571842 -0.0049588886803995837 -0.029982949656098972 0 -0.0015410263026052508 0.021436547335027572 -0.014017807075049033 0.012127130219180085 -0.010505686194685369 0.022466766314613872
leaf_weight=6.3244299348443729 15.213052218779923 6.657107753679159 34.558102159760892 5.2872298061847678 43.775417825207114 17.941883370280266 66.192428318783641 36.47209956869483 33.04514336027205 97.904644212219864 13.376447622664271 40.438026474788785 10.741201922297476 7.0829136632382852 7.8610398806631565 2.4585653804242611 15.873938985168932
leaf_count=50 94 32 131 54 153 41 327 91 160 1525 197 191 39 38 39 31 60
internal_value=-0.000376677 -0.0120333 0.00851461 -0.0164832 0.0121292 0.00281879 -0.0028766 0.0211155 0.0125414 -0.0241073 -0.0265872 0.000384773 0.00498338 -0.0162309 -0.000289084 0.0045966 0.0183615
internal_weight=461.204 199.062 262.142 176.531 231.985 118.692 100.751 113.293 76.8206 120.064 111.281 56.4665 51.1792 30.157 14.944 8.783 22.531
internal_count=3253 2179 1074 2087 903 499 458 404 313 1803 1722 284 230 171 77 81 92
is_linear=0
shrinkage=0.0435066


Tree=21
num_leaves=20
num_cat=0
split_feature=18 4 5 4 21 4 10 18 7 17 10 4 4 0 1 1 5 10 11
split_gain=26.241 14.0688 12.0944 11.148 10.8849 9.61543 7.24215 5.47033 4.05157 3.72728 3.70481 3.41317 3.17362 6.89791 2.9087 2.11319 7.63231 2.03338 1.67683
threshold=8.5000000000000018 39.650000000000013 35.45000000000001 36.050000000000004 1.0000000180025095e-35 41.750000000000007 1.0000000180025095e-35 13.500000000000002 2.5000000000000004 65.469642857142873 0.12372448979591837 35.250000000000007 38.550000000000004 1750.0000000000002 4.5000000000000009 1.0000000180025095e-35 39.250000000000007 0.28708791208791212 0.025978407557354904
decision_type=2 2 2 2 2 2 2 2 2 2 2 2 2 2 2 2 2 2 2
left_child=1 2 6 7 12 10 -1 9 -3 14 -6 -9 13 -5 -2 16 -4 -8 -17
right_child=3 8 15 4 5 -7 17 11 -10 -11 -12 -13 -14 -15 -16 18 -18 -19 -20
leaf_value=0.014436980985520256 0.0017030201267603882 -0.010798755584338534 -0.0046327120477677652 0.02957629724152747 -0.020096054284007268 0.026804043236592075 -0.032116374440035768 -0.0071201712845403746 0.020396009164011034 -0.033958590106683006 0.00074809835857507024 0.020533305962311406 0.036811082770096953 0.0030561884452083255 -0.020690640876073224 0.0047538417188975118 0.033530396953067247 -0.014149397321321892 -0.019905466745363937
leaf_weight=4.2197212539613238 29.823081068694592 5.5887383855879333 36.637582737952471 31.388083083555102 15.345954941585658 17.077883318066597 71.093921083491296 9.5433982983231562 23.738384688273072 7.1307136416435233 56.865378374233842 13.376090623438357 25.650038346648216 41.597309747710824 9.5520701855421049 3.9619436264038077 6.4032621085643759 36.594275779556483 8.4542591311037523
leaf_count=22 165 48 177 99 75 39 1084 37 116 47 267 32 61 188 64 24 8 628 72
internal_value=-0.00041925 -0.012185 -0.0170372 0.00861398 0.0140039 0.00251022 -0.0248898 -0.00579287 0.0132878 -0.0138439 -0.00485045 0.00964942 0.0235123 0.0160776 -0.00567672 -7.78734e-05 0.00450427 -0.0272549 -0.0125769
internal_weight=454.042 196.692 167.365 257.35 187.925 89.2892 111.908 69.4254 29.3271 46.5059 72.2113 22.9195 98.6354 72.9854 39.3752 55.457 43.0408 107.688 12.4162
internal_count=3253 2179 2015 1074 729 381 1734 345 164 276 342 69 348 287 229 281 185 1712 96
is_linear=0
shrinkage=0.0435066


Tree=22
num_leaves=22
num_cat=0
split_feature=4 5 4 21 16 17 22 4 0 7 2 1 4 17 17 2 10 5 5 1 4
split_gain=24.1615 12.2135 11.8026 19.7184 12.308 6.50804 5.84702 5.73964 8.1888 5.63804 5.50261 6.04795 5.3954 3.13202 2.68291 2.60523 2.25156 1.44293 1.3766 0.482788 0.465298
threshold=36.250000000000007 35.45000000000001 41.750000000000007 1.0000000180025095e-35 9.5000000000000018 59.663571428571437 1.5000000000000002 40.45000000000001 1650.0000000000002 4.5000000000000009 8.5000000000000018 1.0000000180025095e-35 34.350000000000001 63.135714285714293 87.75437500000001 10.500000000000002 0.17846085802742148 2.2500000000000004 30.650000000000002 1.5000000000000002 35.150000000000013
decision_type=2 2 2 2 2 2 2 2 2 2 2 2 2 2 2 2 2 2 2 2 2
left_child=1 9 3 4 19 10 -6 8 -5 13 11 -3 -12 17 -7 20 -9 -1 -15 -2 -11
right_child=2 5 -4 7 6 14 -8 16 -10 15 12 -13 -14 18 -16 -17 -18 -19 -20 -21 -22
leaf_value=0 0 0.0086930918911957596 0.031186628128210613 0.0082389361293052302 0.023619159165650501 -0.030558399525984679 -0.0074637928278567314 0.016324660343517292 -0.020971016359519846 -0.017007179517877915 -0.0020865104524122428 -0.019487772561306925 0.024510858225338935 -0.011732946338434268 0.00027107381602693882 0.015705849286930963 -0.0039512099911412652 -0.036845173445995555 0.010405347092141881 -0.025402548577762876 0
leaf_weight=1.960031185299157 2.1335632409900409 19.403235275298357 29.366623874753714 19.788231667131186 98.603222389239818 12.907917607575657 9.3035041503608209 14.39764214679599 65.212287701666355 3.9658572417683882 25.552030794322491 27.436350146308541 22.571220695972443 7.5650056516751629 6.3327285964041939 4.7527972757816306 15.361649626865981 45.326248782686889 2.096173083409667 6.5661325687542558 4.8269770964980125
leaf_count=35 21 84 77 117 499 77 67 51 658 69 117 158 82 135 28 38 73 704 14 91 58
internal_value=-0.000565174 -0.0123856 0.00786824 0.00409289 0.0162939 -0.00306758 0.0205788 -0.0084308 -0.0139584 -0.0258135 0.00196731 -0.00798918 0.0116396 -0.0312524 -0.022519 0 0.00675108 -0.0354591 -0.00405043 -0.0222431 -0.0118542
internal_weight=445.429 184.697 260.733 231.366 116.606 114.203 107.907 114.76 85.0005 70.4931 94.9628 46.8396 48.1233 56.9475 19.2406 13.5456 29.7593 47.2863 9.66118 8.6997 8.79283
internal_count=3253 1599 1654 1577 678 546 566 899 775 1053 441 242 199 888 105 165 124 739 149 112 127
is_linear=0
shrinkage=0.0435066


Tree=23
num_leaves=18
num_cat=0
split_feature=18 4 5 4 16 4 10 22 1 7 16 4 6 1 6 5 6
split_gain=24.2051 11.8396 10.8593 9.82641 7.39607 7.72232 7.15938 6.13611 5.93962 3.60582 3.51486 3.03578 5.49996 1.87472 1.721 1.45786 0.0414589
threshold=8.5000000000000018 39.650000000000013 36.650000000000013 34.45000000000001 14.500000000000002 41.750000000000007 0.07032115171650051 1.0000000180025095e-35 1.0000000180025095e-35 2.5000000000000004 15.500000000000002 38.050000000000004 120.55000000000001 4.5000000000000009 109.85000000000001 38.45000000000001 108.65000000000002
decision_type=2 2 2 2 2 2 2 2 2 2 2 2 2 2 2 2 2
left_child=1 2 6 -2 5 7 -1 -5 15 -3 -8 12 -6 -10 16 -4 -11
right_child=3 9 8 4 11 -7 10 -9 13 14 -12 -13 -14 -15 -16 -17 -18
leaf_value=0.013303188882003538 -0.024730161517305924 -0.010900821157015739 0.0024559298436059381 0.0047238004476729649 0.023646764863516509 0.027416923055018097 -0.027467060312322721 -0.018371209804676158 -0.026016695694016601 0.0033683228432184816 -0.0018639743190504935 0.037325891234243187 -0.0018962890366133992 0.0033899090635318551 0.026156078458647859 0.022321887785181582 0
leaf_weight=5.7007017992436877 9.8342491965740901 5.5178207494318512 16.927861180156473 128.50753581896424 33.593852948397398 18.138108104467392 104.7895868611522 19.409441113471985 6.8481332939118129 5.5372515488415974 13.197803095914422 14.91607480868697 23.861887911334634 3.1900541763752699 12.952923703938721 10.968498528003691 4.971889665350318
leaf_count=32 57 48 67 612 108 44 1605 113 68 41 201 35 105 19 46 23 29
internal_value=-0.000504132 -0.0119654 -0.0165235 0.00833672 0.0103634 0.00485301 -0.0225143 0.000980738 0.00322036 0.0115382 -0.0249315 0.0214338 0.0137685 -0.0184074 0.0183738 0.0133076 0.00185024
internal_weight=438.864 190.603 161.623 248.261 238.427 166.055 123.688 147.917 37.9345 28.9799 117.987 72.3718 57.4557 10.0382 23.4621 27.8964 10.5091
internal_count=3253 2179 2015 1074 1017 769 1838 725 177 164 1806 248 213 87 116 90 70
is_linear=0
shrinkage=0.0435066


Tree=24
num_leaves=16
num_cat=0
split_feature=18 4 4 5 16 4 22 1 10 4 6 16 5 1 6
split_gain=21.8303 11.9059 10.8677 9.54707 6.89084 6.89586 5.55241 5.23672 5.09224 3.42572 4.10192 3.1826 1.8801 1.80887 0.794502
threshold=8.5000000000000018 40.45000000000001 34.45000000000001 36.650000000000013 14.500000000000002 41.750000000000007 1.0000000180025095e-35 1.0000000180025095e-35 1.0000000180025095e-35 38.050000000000004 120.55000000000001 15.500000000000002 38.850000000000001 4.5000000000000009 109.85000000000001
decision_type=2 2 2 2 2 2 2 2 2 2 2 2 2 2 2
left_child=1 3 -2 8 5 6 -4 12 -1 10 -6 -10 -5 -9 -3
right_child=2 14 4 7 9 -7 -8 13 11 -11 -12 -13 -14 -15 -16
leaf_value=0.011842691377924985 -0.027078476284806297 0.00089120265017005647 0.0046594454129782713 0.0024292017754008609 0.021443697343526174 0.026393514872976139 -0.017385429149335843 -0.024719843701332286 -0.025066362841553294 0.037261564253876396 -0.00086232361133534358 -0.0012338876945182718 0.02489177909833162 0.0036090999580817721 0.019733625519724924
leaf_weight=4.3283139038830987 9.5478227343410236 7.583744332194331 128.8943393137306 19.228506658226255 33.440143380314112 17.532780915498734 19.177278608083725 6.7413358688354474 109.69944328907877 14.950397096574305 23.43182544130832 13.42451365990564 7.9508357048034659 3.3120153658092022 14.348346835002301
leaf_count=23 57 37 612 75 108 44 113 70 1682 35 105 202 15 20 55
internal_value=-0.000430186 -0.011465 0.00794854 -0.0155299 0.0100842 0.00475822 0.00112664 0.00321083 -0.0209697 0.0208185 0.0129507 -0.0227382 0.0128424 -0.0170302 0.0152689
internal_weight=433.592 186.617 246.975 164.685 237.427 165.604 148.072 37.2327 127.452 71.8224 56.872 123.124 27.1793 10.0534 21.9321
internal_count=3253 2179 1074 2087 1017 769 725 180 1907 248 213 1884 90 90 92
is_linear=0
shrinkage=0.0435066


Tree=25
num_leaves=15
num_cat=0
split_feature=13 18 14 11 24 10 7 10 10 10 5 2 9 5
split_gain=22.588 8.94058 5.44801 6.54154 5.40593 3.40009 3.31404 2.58386 4.13159 3.39229 2.46235 1.99236 1.0825 0.90161
threshold=0.70833333333333337 11.500000000000002 1.5000000000000002 0.040833333333333312 1.5000000000000002 0.10818713450292396 2.5000000000000004 0.12372448979591837 0.17519181585677748 0.24893162393162391 17.550000000000004 10.500000000000002 0.029513888888888853 136.95000000000002
decision_type=2 2 2 2 2 2 2 2 2 2 2 2 2 2
left_child=1 2 3 10 5 -4 -5 11 12 -10 -1 13 -9 -3
right_child=-2 7 4 6 -6 -7 -8 8 9 -11 -12 -13 -14 -15
leaf_value=0.0014045971777934779 -0.042129539180418583 0.00099525846013820266 0.011009846172471242 -0.01128494780966227 0.015813998384532853 -0.020390408584451365 0.0068793530983575152 0.0037113453784691297 -0.0084081817188772778 0.013293768289453627 -0.01787282896219471 0.011134136535866051 0.023458817517592451 -0.015129161935572415
leaf_weight=15.527871822006999 16.866312454454601 8.297937020659452 2.816072415560483 15.227516120299695 5.2188877034932366 52.664205424487591 155.59944877773523 10.243132848292587 20.630371019244194 20.792348448187113 34.03047469817102 9.405967749655245 49.215070314705372 8.7757191434502584
leaf_count=136 511 31 15 134 36 649 1040 32 97 74 232 29 148 38
internal_value=-0.000514133 0.0018147 -0.00251076 0.000731893 -0.0133635 -0.0176444 0.00484821 0.0110937 0.0141014 0.00260142 -0.0121918 -0.000581509 0.0209121 -0.0087555
internal_weight=425.311 408.445 281.084 220.385 60.6992 55.4803 170.827 127.361 100.881 41.4227 49.5583 26.4796 59.4582 17.0737
internal_count=3202 2691 2242 1542 700 664 1174 449 351 171 368 98 180 69
is_linear=0
shrinkage=0.0435066


Tree=26
num_leaves=23
num_cat=0
split_feature=4 5 6 0 6 27 4 7 0 4 7 6 0 6 5 6 3 17 4 10 5 4
split_gain=22.8185 15.934 10.2793 7.10873 8.14611 5.83703 6.60238 4.8248 4.55186 4.40205 4.39377 3.18076 2.78334 2.64707 2.39306 2.32051 1.53949 1.2652 0.840233 0.93837 0.352235 0.234073
threshold=38.650000000000013 20.950000000000003 109.35000000000001 1350.0000000000002 70.550000000000011 3.5000000000000004 36.250000000000007 3.5000000000000004 2200.0000000000005 35.150000000000013 2.5000000000000004 98.750000000000014 2500.0000000000005 72.750000000000014 186.60000000000005 109.75000000000001 57.500000000000007 39.485476190476199 38.150000000000013 0.11437908496732026 55.350000000000001 38.350000000000001
decision_type=2 2 2 2 2 2 2 2 2 2 2 2 2 2 2 2 2 2 2 2 2 2
left_child=1 16 7 4 9 15 -7 11 10 -3 17 -2 -10 -6 -13 -5 18 -4 19 -1 -9 -20
right_child=2 3 8 5 13 6 -8 20 12 -11 -12 14 -14 -15 -16 -17 -18 -19 21 -21 -22 -23
leaf_value=-0.0021972067072885482 0.010767277064529903 -0.015132112400332702 -0.0060552391089013233 -0.030713019278413734 0.027354457078304924 -0.010280361261887753 0.0091353170150424226 0.001254676501999231 -0.014266868652018712 0.0074345669316366759 0.034733000609370124 -0.022992999581772547 0.014965757229636901 0.0030521140794020794 0.0052244322730715274 -5.4064226891416526e-05 5.1305608130624367e-05 0.013282935471655367 0.0020836423497122736 -0.029702798592382496 0.018168770881545653 -0.007649731128625519
leaf_weight=4.427078913897275 4.6122730411589172 25.250875880010426 7.2679013703018409 17.296765305101875 27.259009450674057 78.894517354667187 47.624782785773277 5.5179322389885774 6.2049105651676637 27.320988921448588 47.647868713364005 18.955220130272213 5.4441892839968204 15.081773111596702 3.9509393051266661 6.6675662137567988 3.576611600816249 5.4544970616698265 3.0950748324394217 49.972233722452074 9.7283821478486043 2.4224595287814736
leaf_count=43 21 138 50 147 97 519 222 45 42 139 143 210 23 88 12 47 53 17 38 1024 37 47
internal_value=-0.000490226 -0.00667274 0.0155289 -0.00136868 0.00759908 -0.0071696 -0.00280665 -0.00123 0.0248847 -0.00370749 0.029256 -0.0114886 0 0.0204659 -0.0177045 -0.0243486 -0.024993 0.00340306 -0.026498 -0.0281042 0.0147188 -0.00318115
internal_weight=423.674 308.89 114.784 245.396 94.9126 150.484 126.519 42.7647 72.0194 52.5719 60.3703 27.5184 11.6491 42.3408 22.9062 23.9643 63.4935 12.7224 59.9168 54.3993 15.2463 5.51753
internal_count=3202 2602 600 1397 462 935 741 325 275 277 210 243 65 185 222 194 1205 67 1152 1067 82 85
is_linear=0
shrinkage=0.0435066


Tree=27
num_leaves=22
num_cat=0
split_feature=4 5 6 0 6 4 0 27 4 17 7 0 6 10 6 2 7 3 6 17 3
split_gain=21.2885 15.0796 8.02689 6.81657 6.79452 11.033 4.67 4.36413 5.89846 3.65917 3.40518 2.97587 2.84249 4.22122 1.74862 1.51086 1.50554 1.14683 1.11142 0.707543 0.466719
threshold=38.650000000000013 22.650000000000002 109.35000000000001 1350.0000000000002 60.95000000000001 35.250000000000007 2200.0000000000005 3.5000000000000004 36.250000000000007 39.750000000000007 4.5000000000000009 2500.0000000000005 98.750000000000014 0.15759905381431102 109.75000000000001 10.500000000000002 2.5000000000000004 57.500000000000007 110.85000000000001 104.29805194805198 52.500000000000007
decision_type=2 2 2 2 2 2 2 2 2 2 2 2 2 2 2 2 2 2 2 2 2
left_child=1 17 10 4 15 -6 9 14 -9 16 12 -8 -2 -14 -5 -3 -4 19 -11 20 -1
right_child=2 3 6 7 5 -7 11 8 -10 18 -12 -13 13 -15 -16 -17 -18 -19 -20 -21 -22
leaf_value=-0.0081667665129621873 0.013381408244636413 -0.020065480227247398 -0.0043738936793484336 -0.028068122879720145 -0.003676882965063832 0.027520913036154861 -0.015668628933860951 -0.010163249537615613 0.0084182910332406182 0.012849763559192155 0.018492991073137535 0.014638132784282705 0.005156026847837847 -0.023196373296808633 -0.00046560694262845714 0.0028631290877851397 0.016048511798156785 0 0.039441433198896494 0 -0.028213644268071918
leaf_weight=10.90466616116464 4.9543096125125876 11.276559101417662 9.2019652705639583 15.808656739071013 36.834394204430282 39.343463402241468 6.1366826109588128 77.126293978653848 46.187191646546125 14.160050773993133 7.4617040660232297 5.3298257440328598 13.144418719224634 16.637136623263359 6.6081543676555148 4.737976908683776 6.102725461125373 3.4199417522177091 29.755811803042889 1.4621819891035546 49.197617509402335
leaf_count=171 22 84 56 139 196 139 42 507 219 59 35 23 87 181 46 24 19 53 76 23 1001
internal_value=-0.000412452 -0.00645077 0.0151737 -0.00110995 0.00777879 0.013213 0.0235135 -0.0068916 -0.00305272 0.0279929 0 -0.00082176 -0.00635279 -0.0117262 -0.022217 -0.0139688 0.00566873 -0.0239805 0.0338354 -0.0252158 -0.0258823
internal_weight=415.792 302.907 112.885 237.923 92.1924 76.1779 70.6871 145.73 123.313 59.2206 42.1976 11.4665 34.7359 29.7816 22.4168 16.0145 15.3047 64.9844 43.9159 61.5645 60.1023
internal_count=3202 2602 600 1354 443 335 275 911 726 210 325 65 290 268 185 108 75 1248 135 1195 1172
is_linear=0
shrinkage=0.0435066


Tree=28
num_leaves=17
num_cat=0
split_feature=4 13 16 6 5 0 6 9 4 4 6 7 4 5 17 5
split_gain=21.3156 15.9182 11.1312 7.00366 5.95026 6.22628 6.25089 4.74972 3.4643 1.50013 4.39638 1.39321 1.60894 1.04493 0.840708 0.733271
threshold=39.050000000000004 0.36666666666666675 12.500000000000002 110.55000000000001 20.950000000000003 1350.0000000000002 60.95000000000001 0.033520599250936305 40.850000000000001 36.250000000000007 91.15000000000002 3.5000000000000004 39.650000000000013 141.75000000000003 34.153571428571432 3.8500000000000001
decision_type=2 2 2 2 2 2 2 2 2 2 2 2 2 2 2 2
left_child=1 4 8 11 9 6 -6 -7 -2 15 -11 12 -4 -3 -10 -1
right_child=2 13 3 -5 5 7 -8 -9 14 10 -12 -13 -14 -15 -16 -17
leaf_value=0 -0.024093418647663591 -0.036120184573840655 -0.0098323390007640215 0.037606137188876038 -0.012591883935517129 -0.020621297301731841 0.014013108419410629 -0.0012431475846063312 0.01119029781631785 0.012282800340878707 -0.017729802449905293 0.01913621792568531 0.0082658499785199253 0.00015922758384901635 -0.0042360355691165473 -0.025491206011065994
leaf_weight=2.1062232963740852 7.5221558790653971 25.249190418049697 7.2346052881330278 33.968829516321421 15.166329458355902 23.588926112279296 75.848915243521333 128.64271332323551 7.5077975466847402 9.6422594580799359 15.547427504323421 11.535815903916953 21.890564759261906 0.94032663106918235 6.6526402570307255 18.687026442959905
leaf_count=28 87 756 71 97 97 148 324 744 32 89 232 56 112 7 27 295
internal_value=-0.000396915 -0.00592216 0.0168286 0.0243712 -0.00257096 0.00024867 0.00893138 -0.00503258 -0.00840775 -0.0158578 -0.00576045 0.00943371 0.00251193 -0.0347374 0.00440489 -0.0234279
internal_weight=411.732 315.419 96.3124 74.6298 289.23 243.247 91.0152 152.232 21.6826 45.9829 25.1897 40.661 29.1252 26.1895 14.1604 20.7932
internal_count=3202 2720 482 336 1957 1313 421 892 146 644 321 239 183 763 59 323
is_linear=0
shrinkage=0.0435066


Tree=29
num_leaves=18
num_cat=0
split_feature=4 13 16 5 0 4 5 4 4 27 4 4 17 10 5 17 9
split_gain=18.8428 15.1335 10.1775 5.90976 5.36412 6.28811 4.088 2.81899 1.90479 2.68277 1.18335 1.12434 1.85651 1.08504 1.07083 0.865992 0.119945
threshold=39.050000000000004 0.36666666666666675 12.500000000000002 22.650000000000002 1350.0000000000002 35.150000000000013 35.95000000000001 40.850000000000001 42.350000000000001 1.5000000000000002 39.850000000000001 36.150000000000013 38.297916666666673 0.28708791208791212 141.75000000000003 34.153571428571432 1.0000000180025095e-35
decision_type=2 2 2 2 2 2 2 2 2 2 2 2 2 2 2 2 2
left_child=1 3 7 11 5 -5 -6 -2 9 10 -4 13 -13 -1 16 -9 -3
right_child=2 14 8 4 6 -7 -8 15 -10 -11 -12 12 -14 -15 -16 -17 -18
leaf_value=-0.027990253955847661 -0.02254345650742795 -0.0023791319564403801 -0.0021353114231041134 -0.0037459235911120816 -0.017158826478083939 0.018119842691774548 -0.00040741507069218491 0.010450234269466644 0.037291920638236387 0.028470119020914227 0.011823614356811606 0.0043304597029153249 -0.014635699704302702 -0.0033180382312009414 0.00034073148647876622 -0.0050885947573949559 -0.036625714609995967
leaf_weight=13.043737342581155 7.2702775299549129 1.7949979892000616 12.851788952946661 40.161117242649198 29.925659546628594 49.71938319131732 120.22249207086861 7.535113047808407 15.000587150454519 17.09137848764658 28.65915128774941 12.647663954645397 14.794285793788729 7.6670396327972403 0.95259281992912193 6.6334766242653131 22.699132607784122
leaf_count=208 87 34 109 209 303 201 571 32 35 62 130 129 228 108 7 27 722
internal_value=-0.000374685 -0.00557204 0.0159339 -0.00232951 0.000555584 0.00865239 -0.00438527 -0.00825876 0.023205 0.0160733 0.00758888 -0.0152471 -0.00644427 -0.0222069 -0.0340164 0.00337712 -0.0354682
internal_weight=408.67 313.628 95.0418 288.181 240.029 89.8805 150.148 21.4389 73.6029 58.6023 41.5109 48.1527 27.4419 20.7108 25.4467 14.1686 24.4941
internal_count=3202 2720 482 1957 1284 410 874 146 336 301 239 673 357 316 763 59 756
is_linear=0
shrinkage=0.0435066


Tree=30
num_leaves=19
num_cat=0
split_feature=13 16 10 18 22 22 9 9 6 5 2 18 3 2 5 9 5 6
split_gain=21.7457 13.5028 5.88767 7.79241 5.91965 5.14744 3.87758 3.58832 3.33356 6.10036 4.8588 1.74769 1.49322 2.13512 1.84562 1.37459 1.4239 0.466409
threshold=0.36666666666666675 13.500000000000002 0.24638060352346061 5.5000000000000009 1.0000000180025095e-35 1.0000000180025095e-35 0.038967611336032361 0.11651583710407236 69.550000000000011 35.95000000000001 1.5000000000000002 2.5000000000000004 54.500000000000007 11.500000000000002 38.45000000000001 1.0000000180025095e-35 179.60000000000005 70.350000000000009
decision_type=2 2 2 2 2 2 2 2 2 2 2 2 2 2 2 2 2 2
left_child=1 2 4 17 11 8 -6 -5 9 -3 -10 -1 13 -7 -14 -2 -17 -4
right_child=15 5 3 7 6 12 -8 -9 10 -11 -12 -13 14 -15 -16 16 -18 -19
leaf_value=0.0028071109761876201 0 -0.014002568900760456 0 0.022477579522292367 0.020621493052965432 -0.020068628460994366 -0.013007473611870648 -0.0046950910771755248 -0.011777260563886307 0.012943165300024899 0.016056594718659428 -0.021849980449501885 -0.0096421935066933941 0.0061113129165792828 0.011342194584115024 -0.037572382083602252 0.0014697030226729605 -0.022271622932986981
leaf_weight=3.6330665946006766 2.4034535977989462 21.505042618140578 2.4683885276317588 22.675797351635993 8.8112238664180023 12.412034992128612 5.1724242698401204 9.8019421193748695 7.8114468231797209 30.145704004913568 154.91990711446851 62.427828473970294 7.5258922725915935 4.2578321620821944 11.570866651833056 23.963907084427778 0.8485533744096746 9.7062826249748451
leaf_count=33 42 202 31 119 38 85 49 71 61 102 852 468 70 23 42 780 5 145
internal_value=5.68855e-06 0.00299144 -0.00838543 0.00378116 -0.0150626 0.00877086 0.00751043 0.0146043 0.0112968 0.00123916 0.014259 -0.0202249 -0.00553893 -0.0131091 0.00232998 -0.0334519 -0.0358877 -0.0195778
internal_weight=402.062 374.846 124.697 44.6524 80.0445 250.149 13.9836 32.4777 214.382 51.6507 162.731 66.0609 35.7666 16.6699 19.0968 27.2159 24.8125 12.1747
internal_count=3218 2391 954 366 588 1437 87 190 1217 304 913 501 220 108 112 827 785 176
is_linear=0
shrinkage=0.0435066


Tree=31
num_leaves=19
num_cat=0
split_feature=16 4 4 27 4 6 7 4 16 0 4 6 8 23 4 27 5 17
split_gain=14.4158 14.3042 10.4308 8.61938 8.38662 7.18876 7.11317 6.59417 5.27843 4.228 4.22635 3.24787 3.20058 3.15484 2.00063 1.66551 0.946479 0.852584
threshold=13.500000000000002 36.45000000000001 42.150000000000013 3.5000000000000004 37.050000000000004 95.000000000000014 3.5000000000000004 38.750000000000007 10.500000000000002 2500.0000000000005 41.050000000000004 60.95000000000001 2016.5000000000002 1.5000000000000002 40.45000000000001 3.5000000000000004 244.15000000000003 32.136363636363647
decision_type=2 2 2 2 2 2 2 2 2 2 2 2 2 2 2 2 2 2
left_child=1 13 3 6 9 8 14 -8 -3 -5 15 -10 -6 16 -2 -7 -1 -12
right_child=2 5 -4 4 12 10 7 -9 11 -11 17 -13 -14 -15 -16 -17 -18 -19
leaf_value=-0.033418719378488705 -0.024668335395401669 -0.013974907642466445 0.034740938895038237 0.0053203940217817942 0 -0.020034183901740034 -0.011518177427385945 0.024758478824713152 -0.00092790867141525615 -0.021885591576766408 0.014969476646934907 0.029780456265447525 0.033060214387365276 0.0045760012704115912 -0.00224424732474346 -0.0011551142626774692 0 -0.0010415274984549572
leaf_weight=40.151229950133711 29.247569837607443 4.8053838983178165 15.618324369192122 144.5627948329784 6.8070852542296079 31.644092922098935 12.888281851075591 12.547727399505673 7.4832739531993893 5.1399552375078192 6.8301740773022166 18.257075978443027 23.50274296477437 2.7122224140912286 12.639031700789927 14.130203137174247 2.1443969905376425 8.4239846356213075
leaf_count=650 349 50 40 999 42 339 136 49 56 63 26 68 99 19 55 136 9 33
internal_value=7.5171e-05 -0.0110612 0.00602458 0.00332626 0.00826285 -0.000588437 -0.00930144 0.0074618 0.0147431 0.00344781 -0.00909329 0.0221568 0.0269527 -0.0294045 -0.0193232 -0.0152692 -0.0321099 0.00799982
internal_weight=399.536 136.582 262.954 247.335 180.013 91.5742 67.3226 25.436 30.5457 149.703 61.0285 25.7403 30.3098 45.0078 41.8866 45.7743 42.2956 15.2542
internal_count=3218 1386 1832 1792 1203 708 589 185 174 1062 534 124 141 678 404 475 659 59
is_linear=0
shrinkage=0.0435066


Tree=32
num_leaves=15
num_cat=0
split_feature=13 16 4 4 27 4 6 11 6 2 2 4 18 2
split_gain=19.4432 11.8916 8.56089 7.32501 6.82779 6.86515 5.84873 4.11748 2.7285 2.07851 1.77755 1.53131 0.897138 0.691843
threshold=0.36666666666666675 13.500000000000002 36.45000000000001 42.150000000000013 3.5000000000000004 37.050000000000004 95.000000000000014 0.059411764705882351 106.65000000000002 3.5000000000000004 1.5000000000000002 42.150000000000013 12.500000000000002 10.500000000000002
decision_type=2 2 2 2 2 2 2 2 2 2 2 2 2 2
left_child=1 2 10 4 7 -6 9 -3 -8 -4 -1 12 -2 -12
right_child=11 3 6 -5 5 -7 8 -9 -10 -11 13 -13 -14 -15
leaf_value=0 -0.036457759710131724 -0.016304050280767576 -0.0040823823158062924 0.032995113664551927 0.0053796334499145301 0.027107182201911398 -0.02729553297862209 0.0045344522866633714 -0.0031706016206805225 0.018804548017759326 -0.030129937446059827 0.0022282874541894654 -0.00065181077017498884 -0.0044479071052237846
leaf_weight=4.3907201625406733 22.458307344466455 30.039927938021719 6.4597540721297291 14.643387749791144 142.67262890283018 29.91937886364758 5.3173748459666959 29.832588384859264 50.915580133907497 23.344459775835276 25.396900573745373 0.9632892906665792 2.2459383942186824 5.8560677077621213
leaf_count=34 803 199 42 38 865 129 56 206 356 115 306 5 19 45
internal_value=-4.82366e-06 0.0027535 -0.00806504 0.00819083 0.00572907 0.0100517 -7.16948e-05 -0.00634328 -0.0082102 0.0137243 -0.0241271 -0.032482 -0.0343407 -0.0271822
internal_weight=394.456 368.789 121.681 247.108 232.465 172.592 86.0372 59.8725 56.233 29.8042 35.6437 25.6675 24.7042 31.253
internal_count=3218 2391 954 1437 1399 994 569 405 412 157 385 827 822 351
is_linear=0
shrinkage=0.0435066


Tree=33
num_leaves=16
num_cat=0
split_feature=13 16 4 4 6 22 21 11 24 3 10 10 4 18 3
split_gain=17.8782 10.8122 8.79114 6.66414 5.9874 5.58606 4.48952 3.69005 2.79852 2.62401 1.94866 1.96687 1.37699 1.44533 1.31681
threshold=0.36666666666666675 13.500000000000002 36.650000000000013 42.150000000000013 95.000000000000014 1.0000000180025095e-35 1.0000000180025095e-35 0.040833333333333312 1.5000000000000002 54.500000000000007 0.28708791208791212 0.10818713450292396 42.150000000000013 11.500000000000002 56.500000000000007
decision_type=2 2 2 2 2 2 2 2 2 2 2 2 2 2 2
left_child=1 2 10 5 7 6 -3 -4 -6 -7 11 -1 13 -2 -12
right_child=12 3 4 -5 8 9 -8 -9 -10 -11 14 -13 -14 -15 -16
leaf_value=0.00016088224703803594 -0.036732004710285843 0.011639900239799283 -0.0033607685542215216 0.031775013408158796 -0.010568196485062456 -0.021099422726165586 -0.0031322155972802915 0.025811417082039538 0.014000094403610379 0.00099599088928185278 -0.011348942396988674 -0.030354694296109996 0.0019013913090769456 -0.0010577339950548009 0.0097544334395740645
leaf_weight=3.7094556335359838 20.651861533056952 154.25308419950306 9.8994575664401072 14.080798238515852 49.956713763996959 13.231177477166058 46.971671965904534 16.100510920397937 4.272644691169261 18.165200103074312 6.0013225302100164 27.782188263721764 0.95634948462247749 3.4036861266940823 3.5033637396991253
leaf_count=27 794 880 49 38 383 101 308 79 17 110 80 295 5 28 24
internal_value=-4.74023e-05 0.00257778 -0.00775702 0.00776487 0.000838906 0.00544308 0.00815309 0.0159469 -0.00717243 -0.0100761 -0.0225989 -0.0270839 -0.0315346 -0.0333152 -0.00213801
internal_weight=392.939 367.928 121.226 246.702 80.2293 232.621 201.225 26 54.2294 31.3964 40.9963 31.4916 25.0119 24.0555 9.50469
internal_count=3218 2391 954 1437 528 1399 1188 128 400 211 426 322 827 822 104
is_linear=0
shrinkage=0.0435066


Tree=34
num_leaves=19
num_cat=0
split_feature=16 4 4 6 27 4 25 18 4 4 17 8 24 6 11 2 6 17
split_gain=12.8077 13.4558 7.47239 7.26368 6.22953 6.82948 6.87797 4.31725 3.67225 3.59509 3.45941 2.55371 1.98185 1.53763 1.49773 1.31627 0.955565 0.630234
threshold=13.500000000000002 36.45000000000001 42.150000000000013 95.000000000000014 3.5000000000000004 37.050000000000004 1.5000000000000002 12.500000000000002 40.45000000000001 41.050000000000004 54.611111111111121 2016.5000000000002 1.5000000000000002 59.350000000000001 0.059411764705882351 12.500000000000002 60.95000000000001 32.136363636363647
decision_type=2 2 2 2 2 2 2 2 2 2 2 2 2 2 2 2 2 2
left_child=1 13 4 10 7 6 -6 8 -2 12 16 -7 -5 -1 -9 -15 -3 -11
right_child=2 3 -4 9 5 11 -8 14 -10 17 -12 -13 -14 15 -16 -17 -18 -19
leaf_value=2.9433135652101406e-06 -0.022214022850465091 0.0027895481243635552 0.031084390857098056 -0.017755531874738498 -0.015212012639102528 0 0.0074232624351354103 -0.0040425150832599701 0.0036173626923634897 0.012698834027669796 -0.0061503962072934452 0.029521477275669235 0.0062063172606031738 -0.032602456794909383 0.014195501321832983 0 0.026212184569511094 -0.0010327189840731305
leaf_weight=2.5368344588205209 29.838623255956918 7.0452636238187614 13.853721566498278 41.118410680443048 24.989300589077175 6.7392366072163012 124.78074019821361 10.552854534238579 11.451680500060318 6.7364375963807097 7.8009019410237661 24.157171131111681 3.6098802946507922 37.38520285487175 11.783496126532553 1.8991683013737191 16.313223824836314 8.0924862846732122
leaf_count=42 449 46 40 450 243 42 819 45 51 26 42 99 25 620 44 16 86 33
internal_value=0 -0.0106702 0.00563735 -0.0006313 0.00338393 0.00748223 0.00310527 -0.00772348 -0.0153226 -0.00937817 0.0145502 0.0241937 -0.0150818 -0.0292168 0.00626293 -0.0310556 0.0216342 0.00670585
internal_weight=390.685 132.538 258.147 90.7166 244.293 180.666 149.77 63.6267 41.2903 59.5572 31.1594 30.8964 44.7283 41.8212 22.3364 39.2844 23.3585 14.8289
internal_count=3218 1386 1832 708 1792 1203 1062 589 500 534 174 141 475 678 89 636 132 59
is_linear=0
shrinkage=0.0435066


Tree=35
num_leaves=23
num_cat=0
split_feature=4 16 21 4 16 0 10 2 22 11 5 17 18 5 7 6 2 0 5 6 11 9
split_gain=16.0215 8.33583 5.60033 11.3368 6.94964 5.57256 5.91729 5.34997 6.06865 5.24186 4.24863 8.08995 6.16438 4.13753 3.91471 3.68713 3.21813 2.77241 1.09985 2.01976 0.518678 0.229262
threshold=36.650000000000013 12.500000000000002 1.0000000180025095e-35 40.45000000000001 10.500000000000002 1650.0000000000002 0.17349498327759191 13.500000000000002 1.5000000000000002 0.026671408250355601 35.95000000000001 54.814583333333339 10.500000000000002 134.55000000000004 2.5000000000000004 145.45000000000002 10.500000000000002 1750.0000000000002 186.60000000000005 59.150000000000013 0.044949494949494906 0.033520599250936305
decision_type=2 2 2 2 2 2 2 2 2 2 2 2 2 2 2 2 2 2 2 2 2 2
left_child=1 16 4 5 -2 6 -4 8 -6 -7 12 17 15 -13 -5 -3 18 -12 19 -1 -18 -16
right_child=2 10 3 14 7 9 -8 -9 -10 -11 11 13 -14 -15 21 -17 20 -19 -20 -21 -22 -23
leaf_value=0.0029180004180765881 -0.014282251627914281 -0.019529502139083256 -0.01431018745955436 -0.0049867175086285324 0.029343450008673336 0.0050131189423859874 0.025391961209428743 -0.0082417318531038501 -0.0074206149323492038 -0.022243238916505155 0.0027030552923520373 -0.025255264145195987 0.020511691799854764 0.0025084008170946207 0.0057411237766699713 0.009376164897943547 0.0090332605197033407 0.020943529772277446 -0.00070296915419387242 -0.03378624119737296 -0.0052552476388419657 0.025777348552105322
leaf_weight=1.4806303475052143 6.8296934626996508 51.825063553638756 6.2197299934923675 8.2353189177811128 59.667425432242453 15.301069539971648 10.922861084342001 6.7225268930196753 6.6223173514008513 38.402585078496486 39.880141673609614 16.876924114301804 4.2220545057207337 15.009189680218695 7.1695406883954993 5.2827108846977344 2.77120117843151 24.474432516843081 3.3829020000994197 28.123450946994126 3.1405484322458506 30.156523145735264
leaf_count=17 85 765 40 48 278 133 47 35 53 505 194 109 11 63 27 54 18 84 11 495 39 112
internal_value=0.000436638 -0.008185 0.00910326 0.0026125 0.0175387 -0.00800304 0.0105875 0.0215684 0.0251969 -0.0146081 -0.00323323 0.00241085 -0.0116194 -0.0137163 0.0182486 -0.0160108 -0.0246796 0.0110701 -0.0292121 -0.0314764 0.00185677 0.023584
internal_weight=392.719 196.469 196.25 116.408 79.842 70.8462 17.1426 73.0123 66.2897 53.7037 157.571 96.2407 61.3298 31.8861 45.5614 57.1078 38.8987 64.3546 32.987 29.6041 5.91175 37.3261
internal_count=3223 1860 1363 912 451 725 87 366 331 638 1280 450 830 172 187 819 580 278 523 512 57 139
is_linear=0
shrinkage=0.0435066


Tree=36
num_leaves=17
num_cat=0
split_feature=13 18 7 18 5 10 5 8 2 0 10 6 9 7 13 6
split_gain=13.9486 6.67049 7.37783 3.55699 3.20011 2.71932 4.26878 4.59026 4.26748 4.01753 1.52962 1.62734 1.35349 1.6684 0.401652 0.15835
threshold=0.36666666666666675 9.5000000000000018 2.5000000000000004 2.5000000000000004 9.9500000000000011 0.26206005414718198 59.650000000000006 2021.5000000000002 7.5000000000000009 2200.0000000000005 0.11437908496732026 113.35000000000001 0.032291666666666656 6.5000000000000009 0.87500000000000011 108.25000000000001
decision_type=2 2 2 2 2 2 2 2 2 2 2 2 2 2 2 2
left_child=1 2 10 15 -5 6 7 -3 -7 -8 -1 -12 14 -14 -2 -4
right_child=12 5 3 4 -6 8 9 -9 -10 -11 11 -13 13 -15 -16 -17
leaf_value=0.0015764343314137138 0.0041791524076352209 -0.021552867481101221 0.0034916213737888457 -0.016843550595919476 0.00073127229635450684 -0.0023084854335379203 0.011237906105669503 0.0092833731774686016 0.03049563090023381 -0.013555488683378095 -0.030580834491599967 0.00027728193636663049 -0.034125337749223376 0.0031539750892538381 -0.0088267770170999908 0.020892855701550195
leaf_weight=2.6345995962619808 3.3899036403745439 14.356986511498691 6.1126879658550015 16.227716756053269 133.23667092621326 9.0508646070957202 118.40068655833602 10.673352513462303 16.549489542841911 7.8822081163525572 16.591836791485552 2.8818964613601556 18.740228269249204 0.82567358575761218 1.4073483846150336 8.2539601046591979
leaf_count=19 43 91 74 228 1059 49 468 56 57 47 203 27 689 9 50 54
internal_value=0.000306825 0.00267509 -0.00300099 0.00048062 -0.00173629 0.00859034 0.00575458 -0.00888306 0.0204692 0.00902527 -0.0233887 -0.0267021 -0.0277597 -0.031771 -0.00163256 0.0173713
internal_weight=387.216 362.853 185.939 163.831 149.464 176.914 151.313 25.0303 25.6004 126.283 22.1083 19.4737 24.3632 19.5659 4.79725 14.3666
internal_count=3223 2432 1664 1415 1287 768 662 147 106 515 249 230 791 698 93 128
is_linear=0
shrinkage=0.0435066


Tree=37
num_leaves=13
num_cat=0
split_feature=13 7 5 5 6 6 6 6 8 16 16 9
split_gain=12.2361 7.09872 4.82881 4.59154 3.57996 4.81494 4.31894 1.81537 1.77374 1.44959 0.284074 0.175753
threshold=0.55000000000000016 2.5000000000000004 183.35000000000005 60.650000000000006 119.55000000000001 109.85000000000001 164.95000000000002 113.75000000000001 2019.0000000000002 13.500000000000002 12.500000000000002 0.049515639589168957
decision_type=2 2 2 2 2 2 2 2 2 2 2 2
left_child=1 3 4 7 5 -3 -6 -1 -5 -4 -10 -11
right_child=-2 2 9 8 6 -7 -8 -9 10 11 -12 -13
leaf_value=-0.029762612797424464 -0.034007591491534823 0.0017858264541729773 0.0021239003586085124 0.011951051195380357 -0.010819988121066222 0.020222004753922863 0.017456629804614782 0.0021984525491077788 -0.012601068746413435 0.023451185758442294 0 0.0061761294743499125
leaf_weight=17.48894394282252 12.273754079593344 200.06155426846817 13.755588974803684 8.874080356210472 58.766051943413913 25.10830437252298 5.8637593705207101 2.2590020634233943 4.5160996373742801 23.006131555885077 4.4769917614758015 9.2160286828875524
leaf_count=232 523 1527 53 40 503 128 25 19 41 73 19 40
internal_value=0.000238395 0.00195465 0.00406394 -0.0144657 0.0017828 0.00439606 -0.00674894 -0.0260847 0.00150246 0.0162439 -0.00884784 0.0206404
internal_weight=385.666 373.393 335.777 37.6151 289.8 225.17 64.6298 19.7479 17.8672 45.9777 8.99309 32.2222
internal_count=3223 2700 2349 351 2183 1655 528 251 100 166 60 113
is_linear=0
shrinkage=0.0435066


Tree=38
num_leaves=17
num_cat=0
split_feature=13 18 16 10 5 10 11 5 2 8 3 18 5 11 13 10
split_gain=11.8548 5.4563 3.00877 3.7743 3.0838 2.74272 3.93774 3.60955 3.2521 1.70229 1.28859 1.14808 0.798928 0.595463 0.683836 0.468951
threshold=0.36666666666666675 9.5000000000000018 10.500000000000002 0.39231927710843378 36.650000000000013 0.26206005414718198 0.078461538461538458 49.100000000000009 7.5000000000000009 2019.0000000000002 55.250000000000007 12.500000000000002 179.60000000000005 0.038181818181818157 0.63333333333333341 0.12771739130434781
decision_type=2 2 2 2 2 2 2 2 2 2 2 2 2 2 2 2
left_child=1 2 10 4 -4 6 7 -3 -7 -5 15 13 -8 14 -2 -1
right_child=11 5 3 9 -6 8 12 -9 -10 -11 -12 -13 -14 -15 -16 -17
leaf_value=0 0.0044574027996943455 -0.0098119004084529244 -0.0068499470549277276 -0.0024703569019127298 0.006172975639762132 -0.00094705475389521136 -0.017893875779918061 0.0098642676501550074 0.028131424832113602 0.022430196471874123 0.00098799301038867467 0 0.00048853714950637889 -0.032612460087777358 -0.012609036404654994 -0.025679375557074176
leaf_weight=2.2567583564668885 3.1301639778539601 14.640241233631967 111.574970764108 4.7433303249999872 42.05601049028337 9.0446964986622351 9.3428682908415777 120.82650145702064 16.769510630518198 11.058814101852475 3.8588922768831244 2.1680176928639403 4.330690085887908 15.586042375303803 2.0308938804082572 9.2849432593211514
leaf_count=22 52 91 1121 50 199 49 65 483 57 86 43 16 23 648 75 143
internal_value=0.000171774 0.00232868 -0.00280769 -0.000753641 -0.00311594 0.00771656 0.00488248 0.00731412 0.0194942 0.0159656 -0.0180029 -0.0263686 -0.0132944 -0.0288149 -0.00468455 -0.0229754
internal_weight=382.703 359.788 184.834 169.433 153.631 174.955 149.14 135.467 25.8142 15.8021 15.4006 22.9151 13.6736 20.7471 5.16106 11.5417
internal_count=3223 2432 1664 1456 1320 768 662 574 106 136 208 791 88 775 127 165
is_linear=0
shrinkage=0.0435066


Tree=39
num_leaves=26
num_cat=0
split_feature=4 7 27 4 6 5 22 10 6 4 25 6 7 9 9 4 6 10 11 9 4 1 9 5 11
split_gain=14.5159 8.43538 8.13144 9.76788 7.63745 6.51622 5.18901 4.58166 4.52339 3.95871 3.561 4.17087 3.46049 3.44583 4.31737 3.43575 5.21222 2.5802 2.55455 1.94482 1.06957 0.684742 0.664903 0.662672 0.421507
threshold=36.750000000000007 3.5000000000000004 3.5000000000000004 40.45000000000001 92.65000000000002 36.650000000000013 1.5000000000000002 0.17349498327759191 72.750000000000014 38.350000000000001 2.5000000000000004 145.45000000000002 2.5000000000000004 0.060024009603841501 0.041213921901527957 35.250000000000007 60.550000000000004 0.11834733893557421 0.060915275200989459 0.13893653516295021 39.250000000000007 3.5000000000000004 0.066081498999454216 12.450000000000001 0.10607196401799096
decision_type=2 2 2 2 2 2 2 2 2 2 2 2 2 2 2 2 2 2 2 2 2 2 2 2 2
left_child=1 8 3 4 7 10 23 -2 15 -6 11 -3 -5 14 -7 24 -17 -10 -12 -19 -8 -15 -14 -4 -1
right_child=2 5 6 12 9 13 20 -9 17 -11 18 -13 22 21 -16 16 -18 19 -20 -21 -22 -23 -24 -25 -26
leaf_value=-0.024898765524355135 -0.0093254071473265008 -0.021497154694247071 0.0009484083337628872 -0.0050191538892270593 -0.028774977991534993 -0.0061772334815644913 -0.015765447060188523 0.025400284767416643 0 -0.0049292581032783795 -0.01155315180821748 0.0090130751631067874 0.025690792021809298 0.00066783916076718845 0.018580876185715481 -0.023407241766463478 0.011546441674397466 -0.035755154493052117 0.015797187390398638 -0.00041542520503138459 0.0048030146200735112 -0.016659463243114427 0.0059533678461798417 0.026749149992234936 -0.00029599480074457601
leaf_weight=7.593119516503064 6.7696487344801453 36.690463128499687 3.2992973420768967 7.9209608957171431 18.149147252552211 13.772044565528629 3.55807617958635 12.307522493414579 5.1159076644107691 38.662565562408417 4.4357877774164072 6.1725983629003158 26.405593123286963 4.5498309731483442 43.81035965308547 4.4753856407478478 23.774336651433259 27.233328552450988 9.8889417885802668 4.035632603801786 3.7428951822221279 4.6488145627081394 10.599664833396671 50.755295887589455 2.5627128444612026
leaf_count=90 44 457 49 49 288 77 38 56 31 391 78 64 95 29 159 85 164 407 102 93 21 36 48 229 43
internal_value=0.000434231 -0.00755293 0.00916197 0.00217441 -0.00713899 -0.000311081 0.0212429 0.0134473 -0.0184457 -0.0148833 -0.010545 -0.0162898 0.0170137 0.00847363 0.0124763 -0.00604647 0.00236968 -0.0283923 0.00588034 -0.032319 -0.0071998 -0.0107251 0.0220067 0.0256121 -0.0218369
internal_weight=380.93 198.759 182.171 120.815 75.8889 123.969 61.3556 19.0772 74.7904 56.8117 57.1878 42.8631 44.9262 66.781 57.5824 38.4056 28.2497 36.3849 14.3247 31.269 7.30097 9.19865 37.0053 54.0546 10.1558
internal_count=3223 1915 1308 971 779 1002 337 100 913 679 701 521 192 301 236 382 249 531 180 500 59 65 143 278 133
is_linear=0
shrinkage=0.0435066


Tree=40
num_leaves=13
num_cat=0
split_feature=13 16 5 17 3 6 0 0 5 11 16 2
split_gain=11.274 8.38905 5.41546 5.33711 3.17408 2.63482 6.03722 4.09294 1.96475 1.30312 1.94024 0.224473
threshold=0.70833333333333337 11.500000000000002 59.650000000000006 36.134375000000013 54.500000000000007 123.25000000000001 1900.0000000000002 2200.0000000000005 34.150000000000013 0.11173533083645441 10.500000000000002 9.5000000000000018
decision_type=2 2 2 2 2 2 2 2 2 2 2 2
left_child=1 9 3 8 -5 6 -4 -7 -3 11 -11 -1
right_child=-2 2 5 4 -6 7 -8 -9 -10 10 -12 -13
leaf_value=-0.021957701369760069 -0.033741316416303541 0.016992328424178187 0.0098590520990748214 -0.012709704933192153 8.0600147074600702e-05 0.03104590671534092 -0.021321706203150808 -0.0011083031313475181 -0.0029895359048968881 -0.014041660398887504 0.01323830735601462 -0.003507971388755228
leaf_weight=22.650227796286348 11.045114959590135 30.913188427686691 101.46478400193155 48.739106859546155 104.69454598939046 18.078294675797228 6.8646455146372309 9.3043946214020234 9.029817368835209 2.8314243117347351 3.921577381901443 5.7013332676142445
leaf_count=285 509 279 439 538 855 52 38 51 61 63 27 40
internal_value=0.000294205 0.00192859 0.00420575 -0.000468774 -0.00427164 0.0106536 0.00669772 0.0217104 0.0124726 -0.0164928 0 -0.0198855
internal_weight=375.238 364.193 329.089 193.377 153.434 135.712 108.329 27.3827 39.943 35.1046 6.753 28.3516
internal_count=3237 2728 2313 1733 1393 580 477 103 340 415 90 325
is_linear=0
shrinkage=0.0435066


Tree=41
num_leaves=16
num_cat=0
split_feature=13 4 0 18 4 16 2 25 4 5 7 10 11 10 5
split_gain=10.3682 8.64096 7.37385 7.33924 8.04693 6.45102 3.86604 3.1608 3.43022 2.54938 2.27466 1.98746 1.43697 0.700215 0.694977
threshold=0.70833333333333337 36.650000000000013 1650.0000000000002 12.500000000000002 40.45000000000001 12.500000000000002 10.500000000000002 1.5000000000000002 34.45000000000001 186.60000000000005 2.5000000000000004 0.16568627450980386 0.031372549019607808 0.16987179487179482 58.650000000000013
decision_type=2 2 2 2 2 2 2 2 2 2 2 2 2 2 2
left_child=1 5 10 4 -4 6 9 11 -9 -1 14 -7 -5 -12 -3
right_child=-2 2 3 12 -6 7 -8 8 -10 -11 13 -13 -14 -15 -16
leaf_value=-0.029584596968919269 -0.032961941743941701 -0.0063862244161641745 -0.011766866475091483 0.025912135803666421 0.01142581853433473 0.0005332559223747798 0.0066387961239284246 -0.0044638970018729893 0.0091297975922622534 0.0037326242541678508 0.010270151505556093 -0.025008403136848757 0.0060934464108638063 0.033926846969322896 0.0089743490778023353
leaf_weight=25.891831061337147 10.626583637204019 4.3946897126734239 66.846195588354021 17.408701591193676 39.577627351507545 7.7418841682374504 5.177367632277309 69.140909215435386 58.804309298284352 2.8618474677205077 12.954680887982251 8.4236347051337344 19.561839520931244 18.487194398418069 4.6158155202865601
leaf_count=383 509 43 704 58 171 56 36 478 436 10 55 115 84 78 21
internal_value=8.54313e-05 0.00164909 0.00814761 0.0030175 -0.00289102 -0.00505749 -0.0204216 -0.000646101 0.00184861 -0.025906 0.0231765 -0.0156933 0.0181419 0.0278818 0.00129787
internal_weight=372.515 361.889 183.847 143.394 106.424 178.042 33.931 144.111 127.945 28.7537 40.4524 16.1655 36.9705 31.4419 9.01051
internal_count=3237 2728 1214 1017 875 1514 429 1085 914 393 197 171 142 133 64
is_linear=0
shrinkage=0.0435066


Tree=42
num_leaves=15
num_cat=0
split_feature=13 4 6 6 16 16 4 5 5 4 8 2 6 16
split_gain=9.62283 7.63946 7.48893 10.1992 4.91441 4.33667 3.95929 3.42674 2.79525 6.50176 6.17354 2.17036 1.47531 0.15501
threshold=0.70833333333333337 36.650000000000013 95.000000000000014 109.45000000000002 12.500000000000002 11.500000000000002 38.650000000000013 186.60000000000005 35.95000000000001 35.250000000000007 2019.0000000000002 10.500000000000002 60.95000000000001 12.500000000000002
decision_type=2 2 2 2 2 2 2 2 2 2 2 2 2 2
left_child=1 4 12 6 7 -5 -4 11 9 -6 -10 -1 -3 -14
right_child=-2 2 3 5 8 -7 -8 -9 10 -11 -12 -13 13 -15
leaf_value=-0.027084338492318859 -0.032104974893561969 0.00039021894760279989 -0.025418283548508842 -0.0094417071721968615 -0.017649299868759925 0.014992504485764375 -0.0018498245620430383 0.0086610703961065728 -0.019998748119179052 0.0099926773966931282 0.0087132406691243849 0.0016681343003060632 0.0117378406092685 0.032055907298513008
leaf_weight=24.904358819592748 10.229645365849136 5.6923585068434468 16.886546725872904 11.252758865244685 37.366512323729694 79.26975566893816 37.03251457028091 3.7921306751668444 10.640862438827751 19.668568405322731 75.771211562678218 4.276819458231329 14.898072442039846 17.35651551745832
leaf_count=383 509 37 233 112 424 391 294 12 55 244 362 34 83 64
internal_value=0.000117158 0.00161969 0.00775181 0.00273408 -0.00471511 0.0114212 -0.0113427 -0.0183232 -0.000859622 -0.00791126 0.00391472 -0.023053 0.0234248 0.0264813
internal_weight=369.039 358.809 182.389 144.442 176.42 90.5225 53.9191 32.9733 143.447 57.0351 86.4121 29.1812 37.9469 32.2546
internal_count=3237 2728 1214 1030 1514 503 527 429 1085 668 417 417 184 147
is_linear=0
shrinkage=0.0435066


Tree=43
num_leaves=17
num_cat=0
split_feature=13 16 4 0 4 5 17 27 4 7 10 16 7 10 10 3
split_gain=9.22803 6.78035 4.95194 6.93122 6.44139 5.64225 4.73665 2.68455 2.25648 1.46182 1.40523 2.15219 1.06333 0.870725 0.596091 0.714424
threshold=1.0000000180025095e-35 11.500000000000002 36.050000000000004 1650.0000000000002 39.850000000000001 35.95000000000001 59.663571428571437 1.5000000000000002 39.45000000000001 4.5000000000000009 0.28708791208791212 10.500000000000002 6.5000000000000009 0.11437908496732026 0.11437908496732026 52.500000000000007
decision_type=2 2 2 2 2 2 2 2 2 2 2 2 2 2 2 2
left_child=1 10 5 7 -5 9 -7 -4 12 -3 13 -12 14 -1 -2 -16
right_child=8 2 3 4 -6 6 -8 -9 -10 -11 11 -13 -14 -15 15 -17
leaf_value=0 0 -0.015647703852589508 0.0049165052766374029 -0.0043583656338022445 0.014417847228096472 0.010281452339669171 -0.014437374501750092 0.027917101333003489 0.0034406853114120018 0.0026953170939455198 -0.014166376060454261 0.014019208640290184 0.0013106147434229639 -0.022596984656008227 -0.0022487231004218225 -0.030669267304080063
leaf_weight=4.2641289643943372 0.86817430891097558 41.919034326449037 18.50736490637064 81.882638945244253 50.281167423352599 61.241138773038983 12.381312195211647 33.45729804597795 3.9206925909966222 6.7467360962182275 3.252666648477315 4.2367843110114336 1.4124669786542643 18.793062929064035 3.8030146136879948 19.151393180014566
leaf_count=32 22 483 113 631 220 278 74 155 45 65 59 25 18 222 102 693
internal_value=0.000144533 0.00235578 0.00442376 0.0088263 0.00305418 -0.00223809 0.00516274 0.0213583 -0.0208909 -0.0129042 -0.015247 0.000163249 -0.0249188 -0.0195261 -0.0267534 -0.0278408
internal_weight=366.119 336.963 306.417 184.128 132.164 122.288 73.6225 51.9647 29.1557 48.6658 30.5466 7.48945 25.235 23.0572 23.8226 22.9544
internal_count=3237 2357 2019 1119 851 900 352 268 880 548 338 84 835 254 817 795
is_linear=0
shrinkage=0.0435066


Tree=44
num_leaves=20
num_cat=0
split_feature=18 7 4 0 4 5 4 6 4 4 5 6 3 7 5 6 5 17 27
split_gain=8.11512 6.5251 4.49603 10.5709 7.99978 5.84689 6.07965 5.70439 3.42549 2.9561 2.41735 2.19615 2.06148 2.1213 2.19267 1.89647 1.65932 1.39942 0.800674
threshold=11.500000000000002 2.5000000000000004 36.050000000000004 1650.0000000000002 39.95000000000001 35.95000000000001 34.850000000000001 60.45000000000001 35.350000000000001 43.000000000000007 60.650000000000006 145.45000000000002 52.500000000000007 4.5000000000000009 112.65000000000002 89.65000000000002 87.250000000000014 37.81785714285715 2.5000000000000004
decision_type=2 2 2 2 2 2 2 2 2 2 2 2 2 2 2 2 2 2 2
left_child=1 9 5 7 -5 11 -7 -4 17 10 -1 -3 15 14 -14 -10 -12 -2 -15
right_child=8 2 3 4 -6 6 -8 -9 12 -11 16 -13 13 18 -16 -17 -18 -19 -20
leaf_value=-0.031708901385887986 0.0056583308641294247 -0.018812154753761353 -0.010481183763320023 -0.013091312944743212 0.012615273697286381 0.011514951928492178 -0.018816652461603588 0.028859703907347944 0.011320251088308251 0.0089795462734340182 0.010538767589591115 0.0050613136595932043 0.0028428406193626091 0.0085435336600747282 0.02323985100927526 -0.012236486944321003 -0.013317038361515524 -0.014558951874162679 -0.0056293184759174282
leaf_weight=18.722331929486252 5.6523380093276492 51.246107777347788 4.6475455868057898 56.054110602941364 29.696548064239323 38.495029190555215 10.808501949533818 30.558950824197382 5.2012962549924833 1.9170624464750279 3.8865809235721809 4.8692677319049826 16.182723082602024 7.478149019181731 46.910920539870858 7.7851590849459171 5.1338989920914173 8.8413651026785356 9.5567703843116742
leaf_count=376 28 823 70 787 146 169 103 166 15 7 26 60 78 33 171 44 41 50 44
internal_value=0.000356953 -0.00383177 -0.00101314 0.00455476 -0.0038174 -0.00738495 0.00326462 0.0225991 0.0100612 -0.0210084 -0.0246885 -0.0162687 0.013078 0.015527 0.0189089 -0.00165519 -0.00228108 -0.00688558 0.000807195
internal_weight=363.645 256.036 226.376 120.957 85.7507 105.419 49.3035 35.2065 107.609 29.6599 27.7428 56.1154 93.115 80.1286 63.0936 12.9865 9.02048 14.4937 17.0349
internal_count=3237 2774 2324 1169 933 1155 272 236 463 450 443 883 385 326 249 59 67 78 77
is_linear=0
shrinkage=0.0435066


Tree=45
num_leaves=13
num_cat=0
split_feature=13 7 4 27 4 5 18 24 4 4 5 10
split_gain=9.05418 8.05816 5.36298 6.63284 7.22169 3.92276 7.05776 3.69479 3.64136 2.87693 2.69165 0.66224
threshold=0.70833333333333337 2.5000000000000004 35.95000000000001 2.5000000000000004 40.45000000000001 34.550000000000004 8.5000000000000018 1.0000000180025095e-35 37.750000000000007 42.850000000000001 199.05000000000004 0.11437908496732026
decision_type=2 2 2 2 2 2 2 2 2 2 2 2
left_child=1 9 5 4 -4 6 -3 -7 -5 10 11 -1
right_child=-2 2 3 8 -6 7 -8 -9 -10 -11 -12 -13
leaf_value=-0.00046111955836394087 -0.03035450965558446 -0.021834847201367615 -0.0062240961205891386 0.010326612953055187 0.016397139014194682 0.0085887289092265451 0.015360768684577095 -0.0093489638795910737 0.03054577577447264 0.0085290733442275612 0.006217807366108552 -0.02614003081967313
leaf_weight=3.1535885259509149 9.1694564709905517 27.783250460401177 65.962999794166535 61.22339416667819 35.721281547099352 68.711787033826113 7.8324912190437308 24.101184703409672 27.744156503118575 3.9884116426110259 3.3490572273731223 22.417375959455967
leaf_count=21 497 462 640 412 134 370 46 145 121 15 15 299
internal_value=0.00199324 0.00340046 0.00561719 0.0101314 0.00213852 -0.00117512 -0.0123052 0.00352159 0.0183918 -0.0152132 -0.0197381 -0.0240239
internal_weight=361.158 351.989 319.081 190.652 101.684 128.429 35.6157 92.813 88.9676 32.9084 28.92 25.571
internal_count=3177 2680 2330 1307 774 1023 508 515 533 350 335 320
is_linear=0
shrinkage=0.0435066


Tree=46
num_leaves=12
num_cat=0
split_feature=13 7 16 4 4 2 2 4 5 10 17
split_gain=8.43051 7.27009 5.83433 5.71748 5.31569 3.54956 2.64073 2.5487 2.11548 0.852421 0.556124
threshold=0.70833333333333337 2.5000000000000004 14.500000000000002 41.050000000000004 34.45000000000001 5.5000000000000009 2.5000000000000004 42.850000000000001 199.05000000000004 0.2137002341920374 36.600000000000009
decision_type=2 2 2 2 2 2 2 2 2 2 2
left_child=1 7 3 6 10 -6 -3 8 -1 -5 -4
right_child=-2 2 4 9 5 -7 -8 -9 -10 -11 -12
leaf_value=-0.022795916236470717 -0.029699455248737638 -0.012061006839043048 0 0.023170667738088731 0.00038886861420462136 0.023978628841228963 0.0011688132263294611 0.0078775413139624238 0.0045694860315915265 0.0030384273961443966 -0.018077446779942503
leaf_weight=24.803541165310893 8.8487679541576636 26.935390217695385 3.4923154041171065 17.583012685179714 16.541187431663275 52.680449387524277 185.57675570994616 3.8969654217362395 3.4249028339982024 8.9244604110717756 3.119254901073873
leaf_count=320 497 249 28 57 129 285 1517 15 15 35 30
internal_value=0.00183859 0.00320407 0.00531806 0.00177755 0.0153314 0.0189931 -0.00077101 -0.0146567 -0.0189515 0.0186347 -0.0126365
internal_weight=355.827 346.978 314.853 239.02 75.8332 69.2216 212.512 32.1254 28.2284 26.5075 6.61157
internal_count=3177 2680 2330 1858 472 414 1766 350 335 92 58
is_linear=0
shrinkage=0.0435066


Tree=47
num_leaves=16
num_cat=0
split_feature=7 4 18 6 4 17 0 6 4 4 6 6 24 27 17
split_gain=7.56348 6.22757 7.73165 6.53276 6.28128 4.95795 4.38182 5.51392 2.79487 1.95607 1.88744 1.92836 1.41528 0.627988 0.129191
threshold=2.5000000000000004 39.050000000000004 13.500000000000002 91.15000000000002 36.050000000000004 44.94583333333334 2200.0000000000005 110.65000000000002 42.850000000000001 35.850000000000001 98.750000000000014 92.65000000000002 1.0000000180025095e-35 1.5000000000000002 41.74821428571429
decision_type=2 2 2 2 2 2 2 2 2 2 2 2 2 2 2
left_child=8 2 3 4 -2 -5 7 12 10 14 11 -1 -3 -8 -4
right_child=1 6 9 5 -6 -7 13 -9 -10 -11 -12 -13 -14 -15 -16
leaf_value=-0.014398079541270621 -0.0026884462274598844 -0.0017489559156353197 0.0049025911233850422 -0.0011533776139175346 0.017376624333845851 -0.020608110699318657 -0.013690952146997412 0.03460578514293209 0.0079215230601281609 0.024694315894889015 -0.030223005565580885 0.0083674807553560399 0.013153007387057911 0.0016876603983873868 -0.0010723706081355458
leaf_weight=11.037341504357761 84.263898384291679 17.525292085018009 6.1458936221897584 53.243239862844348 37.365633381996304 43.395320925628766 4.7101408280432207 20.38744044303894 3.8409020304679862 21.003372963517904 13.0553045948036 5.7188287591561666 20.393471130169928 5.0236956421285868 6.5818287283182144
leaf_count=184 785 121 24 618 238 579 29 66 15 71 222 41 127 27 30
internal_value=0.00163065 0.0038193 0.000496798 -0.00262083 0.00396732 -0.0107371 0.0148707 0.0191744 -0.0161759 0.0180786 -0.0204219 -0.00602812 0.00679254 -0.00764025 0.00197257
internal_weight=353.692 320.039 251.999 218.268 121.63 96.6386 68.04 58.3062 33.6524 33.7311 29.8115 16.7562 37.9188 9.73384 12.7277
internal_count=3177 2715 2345 2220 1023 1197 370 314 462 125 447 225 248 56 54
is_linear=0
shrinkage=0.0435066


Tree=48
num_leaves=13
num_cat=0
split_feature=13 7 4 16 5 24 17 2 4 18 6 6
split_gain=7.64323 6.75951 5.21376 6.14289 5.20071 6.88519 4.71333 2.84717 2.40292 2.13498 1.96145 1.58592
threshold=0.70833333333333337 2.5000000000000004 35.250000000000007 15.500000000000002 35.650000000000013 1.0000000180025095e-35 39.942857142857157 9.5000000000000018 42.850000000000001 8.5000000000000018 98.750000000000014 92.65000000000002
decision_type=2 2 2 2 2 2 2 2 2 2 2 2
left_child=1 8 4 6 9 -6 -4 -5 10 -3 11 -1
right_child=-2 2 3 7 5 -7 -8 -9 -10 -11 -12 -13
leaf_value=-0.012550357179061762 -0.028854632101915131 -0.019035706955089327 0.013104184935047045 0.0066690401686219751 0.011738503358562318 -0.02006872343740872 -0.001037279156085669 0.031809354834833999 0.0076072830685922823 0.0051690356070588171 -0.028687451475369545 0.008219102909005134
leaf_weight=10.122674835845833 8.4446903790812922 30.676339897327125 66.432588643277995 20.21084121381864 47.779173001646996 10.429437102749942 109.66447385959327 21.677430083975196 3.7799302116036406 4.7954028472304335 11.947325236164032 5.6289140162989488
leaf_count=131 497 436 503 131 207 75 849 99 15 30 165 39
internal_value=0.00158106 0.00288269 0.00492903 0.00855489 -0.00341515 0.00443708 0.00451969 0.0224183 -0.014483 -0.0152292 -0.0186667 -0.00444272
internal_weight=351.589 343.145 311.666 217.985 93.6804 58.2086 176.097 41.8883 31.4788 35.4717 27.6989 15.7516
internal_count=3177 2680 2330 1582 748 282 1352 230 350 466 335 170
is_linear=0
shrinkage=0.0435066


Tree=49
num_leaves=18
num_cat=0
split_feature=7 4 21 4 2 25 6 2 6 0 6 4 6 6 24 10 4
split_gain=7.22546 6.41484 6.94005 4.7789 6.22107 4.62637 7.70042 4.56682 4.02024 3.0981 4.42069 2.54561 1.39131 1.76479 1.00968 0.336048 0.195453
threshold=2.5000000000000004 39.050000000000004 1.0000000180025095e-35 36.650000000000013 3.5000000000000004 2.5000000000000004 60.550000000000004 1.5000000000000002 110.55000000000001 2200.0000000000005 110.65000000000002 42.850000000000001 98.750000000000014 92.65000000000002 1.5000000000000002 0.3011501880115019 41.150000000000013
decision_type=2 2 2 2 2 2 2 2 2 2 2 2 2 2 2 2 2
left_child=11 2 3 4 -2 7 -7 -4 -5 10 14 12 13 15 -3 -1 -11
right_child=1 9 5 8 -6 6 -8 -9 -10 16 -12 -13 -14 -15 -16 -17 -18
leaf_value=-0.016672436168957704 -0.01856255544743712 0.0022273206023428645 0.010073357659166086 0.03014675925730631 0.0045367529198766313 -0.018633433294016486 0.019897411662653922 -0.025215670474435761 0.0041502473043687352 -0.0079631913639661399 0.032966795361875967 0.0073404734329430522 -0.028858360367772663 0.0076096504065162112 0.018169163037118571 0 0.00053173014426095063
leaf_weight=8.859449598938232 20.194726317422464 31.341872568707913 4.2958309473469845 15.857681693509219 119.9411816126667 11.674898085650058 14.770297290757297 32.779374663252383 29.963373685255647 4.8181831669062358 19.591737929731607 3.7452069893479338 12.558830467518417 5.4789721071720114 5.6000913418829432 2.1328599108383051 4.3907135426998138
leaf_count=132 272 227 34 65 1020 190 71 473 220 39 66 15 222 41 21 52 17
internal_value=0.00166756 0.00381504 0.000455054 0.00474801 0.00046233 -0.0112412 0.00226054 -0.0200011 0.015973 0.015235 0.0187998 -0.0159369 -0.0200185 -0.00656997 0.00723789 -0.0144146 -0.00473051
internal_weight=347.995 315.22 249.477 185.957 140.136 63.5204 26.4452 37.0752 45.8211 65.7426 56.5337 32.7753 29.0301 16.4713 36.942 10.9923 9.2089
internal_count=3177 2715 2345 1577 1292 768 261 507 285 370 314 462 447 225 248 184 56
is_linear=0
shrinkage=0.0435066


Tree=50
num_leaves=21
num_cat=0
split_feature=4 6 6 6 4 5 1 18 7 4 17 16 2 6 2 7 11 6 4 5
split_gain=10.9017 5.80922 12.2717 5.41257 4.9872 4.5623 12.9404 4.58293 3.7539 3.41605 3.41192 3.60135 3.40683 3.14736 1.83209 1.46172 1.42528 2.61482 1.29758 0.474874
threshold=36.650000000000013 94.050000000000011 109.35000000000001 146.25000000000003 38.150000000000013 37.750000000000007 1.0000000180025095e-35 9.5000000000000018 3.5000000000000004 38.350000000000001 59.663571428571437 14.500000000000002 4.5000000000000009 145.45000000000002 10.500000000000002 4.5000000000000009 0.11500330469266355 61.550000000000004 40.95000000000001 33.95000000000001
decision_type=2 2 2 2 2 2 2 2 2 2 2 2 2 2 2 2 2 2 2 2
left_child=5 16 8 4 -4 7 -7 13 18 -10 11 -8 -12 15 -5 -1 17 -2 -3 -15
right_child=1 2 3 14 -6 6 10 -9 9 -11 12 -13 -14 19 -16 -17 -18 -19 -20 -21
leaf_value=-0.021647791490151343 0 -0.024674853437988781 0 -0.014189719317664232 0.024739610405317268 0.026506673797750506 -0.012344297431406036 0.011968981292079319 -0.016449014276109477 0.011834572020154909 0.0030886490298190471 0.0089581970141318357 -0.031657358824659892 -0.0035235625110722536 0.0088302783908513691 -0.00082620614199409759 0 0.031201624087067871 0.0020305492591473307 0.010217373354799971
leaf_weight=66.976107061840594 5.4991646353155437 25.178662173915658 22.345402549952269 12.56390712503344 47.837968681938946 18.760275855660439 24.971790519542992 6.5635473346337667 6.7785189347341683 14.01833281200379 5.2266268450766828 22.10762438364327 12.693351682275532 2.4794662394560865 4.1008116346783927 8.6823368808254582 5.0092872940003863 21.486011176835746 2.0460175760090342 4.8478774167597294
leaf_count=1119 43 400 166 101 234 46 197 42 114 103 31 96 85 66 31 146 35 98 10 24
internal_value=-0.000181154 0.00757715 0.00307335 0.0125839 0.0176256 -0.00771085 -0.000155045 -0.0141834 -0.0133904 0.000521982 -0.00970522 -0.00228018 -0.0229899 -0.0170852 -0.00720061 -0.019636 0.0225682 0.0258071 -0.0223648 0.00537021
internal_weight=340.173 166.864 134.87 86.8481 70.1834 173.309 83.7597 89.5493 48.0215 20.7969 64.9994 47.0794 17.92 82.9858 16.6647 75.6584 31.9945 26.9852 27.2247 7.32734
internal_count=3187 1335 1159 532 400 1852 455 1397 627 217 409 293 116 1355 132 1265 176 141 410 90
is_linear=0
shrinkage=0.0435066


Tree=51
num_leaves=20
num_cat=0
split_feature=4 0 10 4 1 16 11 16 4 4 18 9 9 9 11 10 0 24 0
split_gain=11.154 4.68074 4.71347 4.53503 4.23498 4.18127 2.82812 2.7287 4.05482 2.46126 3.2115 3.37764 2.31923 1.85933 1.77377 1.76655 1.58622 1.12569 0.212971
threshold=38.350000000000001 1350.0000000000002 0.13263888888888889 36.650000000000013 1.0000000180025095e-35 14.500000000000002 0.040833333333333312 13.500000000000002 34.45000000000001 42.150000000000013 8.5000000000000018 0.093841642228739017 1.0000000180025095e-35 0.029513888888888853 0.10990338164251207 0.32188438438438444 1750.0000000000002 1.0000000180025095e-35 2200.0000000000005
decision_type=2 2 2 2 2 2 2 2 2 2 2 2 2 2 2 2 2 2 2
left_child=1 3 13 7 18 9 -5 12 -9 10 14 -12 -1 17 -2 -6 -15 -3 -4
right_child=5 2 4 6 15 -7 -8 8 -10 -11 11 -13 -14 16 -16 -17 -18 -19 -20
leaf_value=0.0079349825749264868 -0.014606220777698032 -0.015079374316496684 -0.0049740077400444926 -0.0033237641873452538 -0.021887283834496684 0.033237788908162133 0.025582751547264932 -0.0095551999101028476 0.011663224258442458 0.020214489073960219 0.014457739685401302 -0.011941422363480041 -0.019683677026979665 -0.0027747157503370578 0.0053931934964318905 -0.0030006879856908997 0.01979165138035887 0.0050392128751258784 0.00051777808120030211
leaf_weight=3.058357227593663 17.020726940128956 4.7241836525499838 13.949681171216069 6.4952490553259876 64.033936416730285 9.4017620831727964 14.208054427057503 24.381236477289349 31.367599499411881 15.509656123816965 37.644366301596165 5.8925850596278897 17.653348093852401 5.7149742450565126 7.9038348398171356 14.935460620792581 10.786722045391796 4.3608249854296446 28.012493500486016
leaf_count=26 240 40 103 43 879 30 67 197 221 62 204 47 298 52 92 314 59 29 184
internal_value=-0.000163423 -0.00509558 -0.0098585 0.00215774 -0.0133586 0.0121002 0.0175193 -0.00292959 0.00219294 0.00739897 0.00285671 0.00959394 -0.0143124 0.00572402 -0.00814051 -0.0189341 0.0129658 -0.00670564 -0.00152333
internal_weight=337.055 243.682 146.518 97.1638 120.932 93.3729 20.7033 76.4605 55.7488 83.9712 68.4615 43.537 20.7117 25.5867 24.9246 78.9694 16.5017 9.08501 41.9622
internal_count=3187 2512 1660 852 1480 675 110 742 418 645 583 251 324 180 332 1193 111 69 287
is_linear=0
shrinkage=0.0435066


Tree=52
num_leaves=22
num_cat=0
split_feature=4 6 17 5 13 0 6 4 27 10 1 5 7 6 27 27 16 17 6 9 10
split_gain=10.0213 4.55813 6.14754 5.65654 4.27589 3.79905 3.64483 4.37036 2.60842 3.71436 1.88873 1.50413 1.30642 1.49839 1.30226 1.26279 1.00026 1.1996 0.966214 0.742608 0.156197
threshold=38.350000000000001 109.85000000000001 41.655714285714296 39.250000000000007 0.36666666666666675 1350.0000000000002 60.550000000000004 34.45000000000001 3.5000000000000004 0.13263888888888889 5.5000000000000009 183.35000000000005 3.5000000000000004 106.55000000000001 1.5000000000000002 3.5000000000000004 12.500000000000002 26.106250000000006 127.45000000000002 0.021482277121374852 0.11437908496732026
decision_type=2 2 2 2 2 2 2 2 2 2 2 2 2 2 2 2 2 2 2 2 2
left_child=4 3 16 15 5 6 14 -8 10 -10 -7 20 13 -5 -1 19 17 -3 -4 -2 -6
right_child=1 2 18 12 11 8 7 -9 9 -11 -12 -13 -14 -15 -16 -17 -18 -19 -20 -21 -22
leaf_value=-0.020097757540471398 0.00061126117931281513 0.0044959273035488877 0.032597514361112238 0.014500205797697759 0 -0.026180626669968166 -0.0080295557376393253 0.013200471707757183 0.010117669121248511 -0.0080221213400313227 0.0019175443983516487 0.0035209348774417979 0.020335256322960217 -0.005873066399459166 0.0013868636227500229 0.0043604330445943373 0.00673090609422151 -0.017072981616279417 0.0058419753604719484 -0.022115208798931574 -0.028024739456202975
leaf_weight=8.0820000264793617 1.7866282258182788 3.6990718897432107 26.116795798763633 4.2432508189231219 0.71752419322729011 13.928690765984358 19.93542311899364 58.367961752228439 20.557408612221479 97.291522910818458 3.9148365631699553 1.2890506200492371 11.136650534346698 11.927929170429705 5.8946848679333916 1.8604616094380606 7.4521315768361083 5.1111299581825733 7.4164365921169511 12.843440019525586 12.462570893112568
leaf_count=100 22 31 110 18 23 188 145 356 110 849 37 5 53 84 45 14 28 44 39 232 654
internal_value=-0.000140094 0.0114575 0.0196537 0.000600297 -0.00484051 -0.00296865 0.00362205 0.00747508 -0.00748218 -0.00441249 -0.0207387 -0.0237729 0.0120233 0.00165831 -0.0129855 -0.0159257 -0.00168687 -0.00929871 0.028845 -0.0195305 -0.0272354
internal_weight=336.036 93.5939 49.7956 43.7984 242.442 227.973 92.2801 78.3034 135.692 117.849 17.8435 14.4691 27.3078 16.1712 13.9767 16.4905 16.2623 8.8102 33.5332 14.6301 13.1801
internal_count=3187 675 252 423 2512 1830 646 501 1184 959 225 682 155 102 145 268 103 75 149 254 677
is_linear=0
shrinkage=0.0435066


Tree=53
num_leaves=20
num_cat=0
split_feature=5 18 18 10 6 6 9 0 6 11 11 27 16 6 6 6 6 6 6
split_gain=6.7835 4.9909 4.49988 3.25218 3.34576 3.15283 2.44887 2.53606 5.16757 2.34593 1.86101 2.59703 0.916571 0.864849 0.492927 0.229225 0.162536 0.120214 0.0880007
threshold=37.750000000000007 7.5000000000000009 7.5000000000000009 0.11437908496732026 108.15000000000002 111.05000000000001 0.10404971932638325 2200.0000000000005 123.25000000000001 0.025978407557354904 0.12748284579270497 1.5000000000000002 14.500000000000002 93.050000000000011 162.65000000000001 115.2 89.65000000000002 96.65000000000002 106.45000000000002
decision_type=2 2 2 2 2 2 2 2 2 2 2 2 2 2 2 2 2 2 2
left_child=2 -2 3 16 12 -6 7 8 -3 18 11 -11 -5 -8 -9 -15 -1 -12 -4
right_child=1 6 9 4 5 -7 13 14 -10 10 17 -13 -14 15 -16 -17 -18 -19 -20
leaf_value=0.012480650093692966 0.022197061462347876 0.0016362836938706895 -0.013782813009305056 -0.020407173149468921 0.011416178685787464 -0.010321206521745898 0.00011717839712177636 -0.017519565622442859 0.023479901598139719 -0.0032974454873191407 -0.0087746985772803408 0.021914991366543544 0 -0.018874942494765134 0 -0.0013241800304803386 0 0 -0.00027965872821218973
leaf_weight=4.1467546233907333 21.148372955620289 109.48116669710726 3.3546852907165876 60.72379681118764 12.990908079314975 29.190944620873779 8.1393041545525211 4.487121129408477 19.430144928395748 8.1968501685187274 2.9596050223335615 17.734948880039155 5.4148873575031748 7.0550466906279308 5.240491596981883 4.2239831164479256 3.5435805283486843 2.7654587784782052 3.0834912937134504
leaf_count=34 80 621 36 1035 168 495 52 34 61 81 26 140 109 55 25 29 35 31 40
internal_value=-0.000552444 0.0050892 -0.00711597 -0.0112512 -0.0132999 -0.00278799 0.00195061 0.00413188 0.00597446 0.00505535 0.0100702 0.0145734 -0.0190141 -0.0103594 -0.0122671 -0.01576 0.00976014 -0.00640427 -0.011487
internal_weight=333.312 179.206 154.106 116.011 108.321 42.1819 158.057 138.639 128.911 38.095 31.6569 25.9318 66.1387 19.4183 9.72761 11.279 7.69034 5.72506 6.43818
internal_count=3187 957 2230 1876 1807 663 877 741 682 354 278 221 1144 136 59 84 69 57 76
is_linear=0
shrinkage=0.0435066


Tree=54
num_leaves=21
num_cat=0
split_feature=4 6 6 17 5 1 17 18 4 2 9 5 27 6 6 17 11 9 4 11
split_gain=8.84797 5.36364 9.88438 4.6093 4.27157 8.23083 3.9622 3.56435 3.0957 3.06609 2.50003 2.00953 1.8849 1.55966 1.46269 1.7456 1.33396 1.72307 1.0644 0.669271
threshold=36.650000000000013 94.050000000000011 108.55000000000001 57.784065934065936 36.850000000000001 1.0000000180025095e-35 28.620833333333337 9.5000000000000018 37.050000000000004 11.500000000000002 0.017148526077097454 37.750000000000007 1.5000000000000002 109.65000000000002 145.45000000000002 59.522500000000001 0.040833333333333312 0.029513888888888853 34.650000000000013 0.11173533083645441
decision_type=2 2 2 2 2 2 2 2 2 2 2 2 2 2 2 2 2 2 2 2
left_child=4 16 10 8 7 11 -7 14 -4 -8 -3 -6 -12 -5 15 -1 17 -2 -16 -18
right_child=1 2 3 13 5 6 9 -9 -10 -11 12 -13 -14 -15 18 -17 19 -19 -20 -21
leaf_value=-0.021299279714258105 0.014511105716670851 0.0052545813394932629 -0.017617421330012289 0.0013592081478813794 0 0.012968799546260656 -0.018844419119629276 0.0098215839822419302 0.0056394829405310128 0.0020454886869947248 -0.024671081698050445 0.023692255257356118 0.0019041775358171092 0.025111490319959854 0.010217260229093545 -0.00050752261383303122 0.030610116591655322 -0.0092943331423843232 -0.010356912988263781 0.0040389041412808866
leaf_weight=56.625723039731383 5.5350468084216136 5.2336193472146979 6.5058491099625817 8.249866057187317 8.5691747888922709 7.5394403468817464 39.744888654910028 5.9857397349551311 56.927811739034951 15.853986479341982 23.439624349586669 18.094699751585722 4.1904579177498809 26.27822224330157 4.2765971869230262 10.203861786285414 15.360129456035795 4.5433778986334801 1.8885155422613022 5.3929593404754987
leaf_count=1002 28 50 54 62 46 44 302 40 380 69 431 46 41 141 19 217 73 36 67 39
internal_value=-0.000294774 0.00680952 0.00244055 0.00939948 -0.00715679 -0.00038573 -0.00895237 -0.0141216 0.00169115 -0.0131359 -0.01617 0.0173701 -0.0207514 0.0207986 -0.0168557 -0.0185892 0.0214178 0.003737 0.00103719 0.0266899
internal_weight=330.44 161.657 130.825 97.9617 168.783 89.8022 63.1383 78.9804 63.4337 55.5989 32.8637 26.6639 27.6301 34.5281 72.9947 66.8296 30.8315 10.0784 6.16511 20.7531
internal_count=3187 1335 1159 637 1852 507 415 1345 434 371 522 92 472 203 1305 1219 176 64 86 112
is_linear=0
shrinkage=0.0435066


Tree=55
num_leaves=17
num_cat=0
split_feature=13 25 4 5 24 21 6 16 10 18 6 10 7 9 10 10
split_gain=7.0576 5.96015 3.85795 6.84449 5.85791 3.24304 5.09555 4.3845 2.09401 1.57576 1.45396 1.42833 0.537244 0.0526703 0.0363071 0.023588
threshold=0.36666666666666675 1.0000000180025095e-35 35.250000000000007 35.650000000000013 1.0000000180025095e-35 1.0000000180025095e-35 109.95000000000002 10.500000000000002 0.13263888888888889 12.500000000000002 163.85000000000005 0.29669386002576215 4.5000000000000009 0.012896825396825353 0.2069580731489741 0.33780760626398215
decision_type=2 2 2 2 2 2 2 2 2 2 2 2 2 2 2 2
left_child=1 8 3 11 -5 7 -7 -4 -1 12 -10 -3 13 -2 -14 -16
right_child=9 2 5 4 -6 6 -8 -9 10 -11 -12 -13 14 -15 15 -17
leaf_value=0.0035477622570658754 -0.00049416225428148826 -0.020184676823030056 -0.011674276346406918 0.012268348212641922 -0.0188020090827247 -0.0047561459784162602 0.016562685312319751 0.014608598258505591 -0.029963993865564528 0.0029305823031895392 -0.00019835049236445262 0.0013123052822161896 0.00091743185521270232 -0.029692021533176474 -0.0038875236722092791 0
leaf_weight=4.2869780138134983 1.0604327325709189 28.873729534447193 8.1870711566880328 47.142104800790548 8.2657870240509492 70.883050113916397 22.662258800119162 104.49985723383725 9.8137649632990342 2.0619007814675561 4.7974987719207993 5.0701746921986333 1.1563235204666846 11.277703853556885 0.78914040885865666 0.5493978438898921
leaf_count=31 34 368 126 205 64 637 105 669 98 18 35 60 26 658 40 28
internal_value=0.000711502 0.00240852 0.00409284 -0.00322009 0.0059797 0.00731015 0.00105021 0.0120807 -0.0178337 -0.0223242 -0.0237431 -0.0170306 -0.0261296 -0.0287549 -0.000623335 -0.00289346
internal_weight=331.377 314.482 295.584 89.3518 55.4079 206.232 93.5453 112.687 18.8982 16.8949 14.6113 33.9439 14.833 12.3381 2.49486 1.33854
internal_count=3202 2398 2234 697 269 1537 742 795 164 804 133 428 786 692 94 68
is_linear=0
shrinkage=0.0435066


Tree=56
num_leaves=14
num_cat=0
split_feature=13 25 2 6 10 8 5 3 10 5 5 10 7
split_gain=6.77574 5.26674 3.54154 3.44774 4.84911 4.32961 2.98697 3.17817 1.69817 1.52518 1.27809 0.299814 0.286402
threshold=0.36666666666666675 1.0000000180025095e-35 13.500000000000002 122.55000000000001 0.24638060352346061 2016.5000000000002 141.75000000000003 56.500000000000007 0.13263888888888889 183.35000000000005 105.35000000000001 0.12074829931972787 6.5000000000000009
decision_type=2 2 2 2 2 2 2 2 2 2 2 2 2
left_child=1 8 3 4 -3 -5 7 -4 -1 11 -10 -2 -13
right_child=9 2 6 5 -6 -7 -8 -9 10 -11 -12 12 -14
leaf_value=0.0029436563926034951 0 -0.00056892726932750886 -0.022733633811597358 -0.0087832831098331957 0.0127512732959682 0.0244919708493723 0.011000925458661773 0.0033820366636567508 -0.027150198057473231 0.0045579230139721162 0 -0.027048953754502718 0
leaf_weight=4.1387018486857441 1.2248626342043305 159.16905007651076 17.545994931831956 5.4045213591307428 68.847837473265827 26.522685410454869 6.6090260595083228 10.61714660190046 10.457263885065911 1.1421628333628167 3.9023221023380747 13.851539500523355 0.50658807437867004
leaf_count=31 35 1227 135 36 586 167 21 62 109 6 24 751 12
internal_value=0.000837198 0.00249858 0.00407171 0.00585885 0.00365261 0.0180632 -0.00786036 -0.0138124 -0.0166934 -0.0218193 -0.0219878 -0.0249823 -0.0262283
internal_weight=329.94 313.215 294.716 259.944 228.017 31.9272 34.7722 28.1631 18.4983 16.7252 14.3596 15.583 14.3581
internal_count=3202 2398 2234 2016 1813 203 218 197 164 804 133 798 763
is_linear=0
shrinkage=0.0435066


Tree=57
num_leaves=17
num_cat=0
split_feature=13 25 4 5 4 7 5 17 18 10 17 5 7 9 9 9
split_gain=5.86496 4.14069 3.28142 6.12662 6.13113 3.39264 4.4949 3.87943 2.01895 1.44548 1.34746 0.979659 0.444396 0.0461498 0.0162868 0.00613998
threshold=0.36666666666666675 1.0000000180025095e-35 35.250000000000007 35.650000000000013 33.650000000000013 2.5000000000000004 60.650000000000006 44.24807692307693 12.500000000000002 0.13263888888888889 37.81785714285715 79.65000000000002 4.5000000000000009 0.012896825396825353 0.032291666666666656 0.12625838926174496
decision_type=2 2 2 2 2 2 2 2 2 2 2 2 2 2 2 2
left_child=1 9 3 10 -5 6 -4 -7 12 -1 -3 -11 13 -2 -14 -16
right_child=8 2 5 4 -6 7 -8 -9 -10 11 -12 -13 14 -15 15 -17
leaf_value=0.0030601281646453465 -0.00037341794481447624 0 -0.020560480459539333 0.014839886408326 -0.01285583643874748 0.016748585444889941 0.0082674522524785344 0.0034607472654947066 0.0050971038236006447 -0.025026178762183722 -0.019907998796509719 -0.00025646716541556907 0.00011827964287834379 -0.02848534914672839 -0.0024614364683691369 0
leaf_weight=4.1039163358509567 1.0297235599719012 7.7361761359497896 12.866579513065519 38.364675581455231 16.583779342472553 69.040891823358834 15.653946883045135 108.12866759160534 2.1979055246338239 9.0806438988074643 25.871809883974493 4.9576426669955245 0.72192953806370441 10.642072200775145 1.1295606682542709 0.57751073595136393
leaf_count=31 34 97 199 163 106 481 95 762 18 103 331 30 15 658 48 31
internal_value=0.000982939 0.00251727 0.00390217 -0.00287545 0.00584048 0.00686632 -0.00585558 0.00910419 -0.0203025 -0.014631 -0.016011 -0.0196233 -0.0251098 -0.0275814 -0.000666858 -0.00205427
internal_weight=328.687 312.389 294.247 88.5564 54.9485 205.69 28.5205 177.17 16.2987 18.1422 33.608 14.0383 14.1008 11.6718 2.429 1.70707
internal_count=3202 2398 2234 697 269 1537 294 1243 804 164 428 133 786 692 94 79
is_linear=0
shrinkage=0.0435066


Tree=58
num_leaves=22
num_cat=0
split_feature=5 3 6 4 21 4 16 17 5 6 17 17 17 4 5 16 16 4 5 4 4
split_gain=5.48717 2.90421 2.81199 2.73082 3.95868 4.74536 3.65877 3.29515 4.19042 1.88332 1.79001 1.54354 1.19327 0.47685 0.342913 0.317613 0.256637 0.248041 0.232702 0.109068 0.0322667
threshold=10.15 53.500000000000007 153.95000000000002 35.95000000000001 1.0000000180025095e-35 38.250000000000007 10.500000000000002 65.469642857142873 35.550000000000004 162.05000000000004 87.75437500000001 44.094505494505491 30.657954545454547 39.250000000000007 8.5500000000000025 14.500000000000002 15.500000000000002 35.650000000000013 9.1500000000000004 41.95000000000001 40.650000000000013
decision_type=2 2 2 2 2 2 2 2 2 2 2 2 2 2 2 2 2 2 2 2 2
left_child=1 12 3 7 6 -6 -5 8 -2 20 -9 -11 -1 15 16 -14 19 -18 -16 -3 -4
right_child=2 14 9 4 5 -7 -8 10 -10 11 -12 -13 13 -15 18 -17 17 -19 -20 -21 -22
leaf_value=0.015037961482878693 -0.0091816420702703662 -0.024463809102359187 -0.02487190973379183 -0.010090223270551372 -0.013549970141024525 0.0075173874174903127 0.017008802663045927 -0.028504138018624725 0.0078714383847540079 0.013326314465231175 0.0013143493693019578 -0.0092120966161822124 -0.013373134086245639 0.0044764183887242813 0.0032014304064824778 0.00058346369321599036 -0.0067190840869998051 0.0041086829941712833 -0.0067847068471948904 0 -0.001953593630178504
leaf_weight=3.0882145385257882 35.638011445757002 17.363933661021303 4.1430850848555592 5.8754840665496877 23.214693507645279 56.609461939893663 74.983911565039307 4.9061711970716697 70.339634107425809 4.1652548671700043 3.9794657444581389 5.8079224396497011 3.0455081481486559 1.2442038897424934 2.2336234962567678 1.9010663959197698 1.0912172782700502 1.4170910236425696 1.7930200588889418 0.96855010092258353 2.3745474144816399
leaf_count=34 486 567 60 86 252 409 439 46 390 31 37 49 98 10 39 35 39 29 47 6 13
internal_value=0.00115076 -0.0138246 0.00319902 0.00435687 0.00791147 0.000713582 0.0143187 -0.000690509 0.00184763 -0.011464 -0.01959 0.00113667 0.00419651 -0.00535747 -0.0203449 -0.00984826 -0.0223026 -0.000936144 -0.00173507 -0.0238085 -0.0224463
internal_weight=326.184 34.1464 292.038 275.547 160.684 79.8242 80.8594 114.863 105.978 16.4908 8.88564 9.97318 9.27899 6.19078 24.8674 4.94657 20.8408 2.50831 4.02664 18.3325 6.51763
internal_count=3202 904 2298 2145 1186 661 525 959 876 153 83 80 177 143 727 133 641 68 86 573 73
is_linear=0
shrinkage=0.0435066


Tree=59
num_leaves=14
num_cat=0
split_feature=13 25 16 10 6 17 6 5 17 10 10 4 14
split_gain=5.48167 3.59759 2.73765 2.74248 3.57578 3.50501 1.73093 1.56393 1.16017 1.09687 0.295471 0.0261766 0.0127473
threshold=0.36666666666666675 1.0000000180025095e-35 9.5000000000000018 0.24638060352346061 122.55000000000001 38.297916666666673 162.25000000000003 183.35000000000005 44.094505494505491 0.12771739130434781 0.12074829931972787 42.150000000000013 2.5000000000000004
decision_type=2 2 2 2 2 2 2 2 2 2 2 2 2
left_child=1 6 9 4 -4 -5 -1 10 -8 -3 -2 12 -12
right_child=7 2 3 5 -6 -7 8 -9 -10 -11 11 -13 -14
leaf_value=-0.023401946357887383 0 0.00374038489162577 -0.00061101482790366587 0.021878356478613942 0.014047051532563932 0.0029754920519761579 0.010991338883947 0.0048962962382450631 -0.0088171222658367208 -0.019614099688312171 -0.025940595660400002 0 -0.0012283697328274844
leaf_weight=7.615948352962735 1.1954249404370809 1.9370541274547557 173.63770303409547 29.252070309594274 31.56090416200459 46.81153676752001 3.8128760233521444 1.4650783278048027 5.6782814273610711 6.5636756559833884 11.376528349239374 0.47025046497583467 1.5976486047729856
leaf_count=81 35 16 1281 208 185 412 32 6 51 132 683 3 77
internal_value=0.00110451 0.00260503 0.00388544 0.00478185 0.0019589 0.0115199 -0.0137455 -0.0195557 0 -0.0143079 -0.0232332 -0.0244975 -0.0248424
internal_weight=322.975 306.87 289.763 281.262 205.199 76.0636 17.1071 16.1049 9.49116 8.50073 14.6399 13.4444 12.9742
internal_count=3202 2398 2234 2086 1466 620 164 804 83 148 798 763 760
is_linear=0
shrinkage=0.0435066


Tree=60
num_leaves=24
num_cat=0
split_feature=4 6 4 6 27 0 16 6 5 2 16 6 7 6 16 4 14 2 11 0 9 18 16
split_gain=9.26731 4.91335 4.84243 5.17275 3.98304 3.72359 3.32096 3.01498 2.97412 2.63153 2.74879 2.33748 2.10706 2.54513 2.06475 1.51836 1.47644 1.4062 1.17934 1.01363 0.736575 0.507252 0.353495
threshold=38.550000000000004 104.45000000000002 36.050000000000004 60.95000000000001 3.5000000000000004 1900.0000000000002 13.500000000000002 109.85000000000001 37.95000000000001 3.5000000000000004 12.500000000000002 108.15000000000002 3.5000000000000004 94.050000000000011 11.500000000000002 41.45000000000001 1.5000000000000002 12.500000000000002 0.044949494949494906 1750.0000000000002 0.025167084377610654 4.5000000000000009 13.500000000000002
decision_type=2 2 2 2 2 2 2 2 2 2 2 2 2 2 2 2 2 2 2 2 2 2 2
left_child=1 2 6 21 17 11 20 12 -8 15 19 -6 13 -2 -5 -9 -7 -3 -15 -11 -1 -4 -14
right_child=7 4 3 14 5 16 8 9 -10 10 -12 -13 22 18 -16 -17 -18 -19 -20 -21 -22 -23 -24
leaf_value=0 0.015318347296185426 -0.029112546860309622 0 -0.0022228311232024966 -0.013925356589810946 -0.017106145086212617 -0.0072281179411415554 -0.010920975724528017 0.008123097131433046 0.0096296259003579767 0.029992749313890954 0.010620243753587777 0.0002325082545666823 0.0002827315341189956 0.020672632086982726 0.010827987198034123 0 0.001009895031084178 -0.017115750704438732 -0.0091351227261391461 -0.022883601129638487 -0.017222335056548604 0.016433991488832258
leaf_weight=3.297318502329289 3.1235805265605476 17.751860213000331 3.2245925934985262 6.6554989553987971 3.1549493647180524 30.491581451380625 47.1655519742053 5.2935263253748399 36.435084166936576 5.2422313168644887 26.668920156545937 26.373811535304412 4.8121342454105589 10.026588935405018 36.665516087785363 5.9817506968975067 11.418075838591902 2.13014041353017 12.131080121733246 3.5123731233179569 12.067226093495263 5.0823870524764061 9.3052371935918927
leaf_count=46 16 353 49 83 63 328 523 38 158 36 111 260 33 93 193 23 146 36 175 35 245 66 56
internal_value=0.000650509 -0.00370996 0.00111516 0.0112051 -0.0113141 -0.00524854 -0.00442014 0.0124101 -0.000322332 0.0192294 0.0242475 0.0056748 0.0025259 -0.00461273 0.0171223 0 -0.0128809 -0.0260511 -0.0106165 0.000755991 -0.01952 -0.0129351 0.0132172
internal_weight=328.011 241.914 150.593 51.628 91.3204 71.4384 98.9652 86.0974 83.6006 46.6988 35.4235 29.5288 39.3986 25.2812 43.321 11.2753 41.9097 19.882 22.1577 8.7546 15.3645 8.30698 14.1174
internal_count=3165 2549 1363 391 1186 797 972 616 681 243 182 323 373 284 276 61 474 389 268 71 291 115 89
is_linear=0
shrinkage=0.0435066


Tree=61
num_leaves=15
num_cat=0
split_feature=4 13 21 4 16 22 0 10 4 2 10 4 4 18
split_gain=8.86972 5.57237 2.89141 5.30089 4.20542 4.13865 1.89225 2.65995 2.53681 1.19692 1.04506 0.680593 0.258803 0.0740853
threshold=40.750000000000007 0.36666666666666675 1.0000000180025095e-35 37.150000000000013 12.500000000000002 1.0000000180025095e-35 1550.0000000000002 0.16374829001367988 38.750000000000007 4.5000000000000009 1.0000000180025095e-35 42.050000000000004 38.350000000000001 10.500000000000002
decision_type=2 2 2 2 2 2 2 2 2 2 2 2 2 2
left_child=1 2 3 4 -1 -5 7 -4 -8 11 -3 -2 -12 -14
right_child=9 10 6 5 -6 -7 8 -9 -10 -11 12 -13 13 -15
leaf_value=-0.018183537078904546 -0.0037547844172681794 0.0025972373131465478 -0.011786770953641865 0.022477532412112686 0.0014983862041905807 -0.0048877699518122307 -0.02099662309990288 0.0111188919126015 -0.0019216828054445744 0.024793692695627215 -0.028702957573204662 0.01070795498483205 -0.0040734354664660371 0.0016803174702896019
leaf_weight=17.360226909630001 5.931375250220297 0.72011004015803237 9.6308061648160237 30.011415280401707 138.91612090170383 11.074942501261829 21.525839165318757 16.960809420794249 30.174185960553586 22.406209489330649 10.51632695016451 6.0179116502404213 1.5136429271660738 0.61245599202811707
leaf_count=242 39 3 98 173 982 88 251 125 267 99 682 25 83 8
internal_value=0.000678532 -0.00193101 -0.000282947 0.00249536 -0.00126653 0.0152302 -0.00705902 0.0018317 -0.0114981 0.0196854 -0.0241842 0.00419194 -0.0265999 -0.00123336
internal_weight=323.372 289.017 275.654 197.363 156.276 41.0864 78.2916 26.5916 51.7 34.3555 13.3625 11.9493 12.6424 2.1261
internal_count=3165 3002 2226 1485 1224 261 741 223 518 163 776 64 773 91
is_linear=0
shrinkage=0.0435066


Tree=62
num_leaves=13
num_cat=0
split_feature=13 5 3 16 25 6 6 6 1 11 3 17
split_gain=4.97125 2.56287 2.16122 1.33066 1.32487 2.25761 2.20637 1.03846 0.732512 0.708788 0.843169 0.505698
threshold=0.55000000000000016 10.15 53.500000000000007 9.5000000000000018 1.0000000180025095e-35 123.25000000000001 165.35000000000005 70.350000000000009 1.5000000000000002 0.15139116202945987 56.500000000000007 44.433333333333344
decision_type=2 2 2 2 2 2 2 2 2 2 2 2
left_child=1 2 7 8 6 -6 -5 -1 -3 10 -4 -11
right_child=-2 3 9 4 5 -7 -8 -9 -10 11 -12 -13
leaf_value=-0.0063758120083035295 -0.024873832659758573 0.0027680455481993104 -0.022704645226222044 -0.015326455849745808 0.002750761122797961 0.014284793371585808 0.0098625257466499437 0.013808547944576977 -0.015593161665894721 -0.0086823427426343941 0 0.0052003117357344898
leaf_weight=2.5171829685568836 7.2486135913059107 2.6046696137636891 11.806064900476487 10.74255211278796 229.20023448159918 32.914518075063825 4.6002255380153647 4.9465457256883383 4.6660757753998041 2.301882325205951 2.9745017541572443 4.5244176397100091
leaf_count=42 539 31 246 117 1657 191 22 62 90 60 50 58
internal_value=0.000695628 0.00181176 -0.00919776 0.00315106 0.00375689 0.00454802 -0.00662458 0.00648194 -0.0100856 -0.0152191 -0.0191981 -0.000680262
internal_weight=321.047 313.799 29.0706 284.728 277.458 262.115 15.3428 7.46373 7.27075 21.6069 14.7806 6.8263
internal_count=3165 2626 518 2108 1987 1848 139 104 121 414 296 118
is_linear=0
shrinkage=0.0435066


Tree=63
num_leaves=21
num_cat=0
split_feature=4 5 6 17 25 21 4 10 4 7 6 2 5 5 17 9 5 6 4 5
split_gain=8.66446 4.6315 3.08722 4.09417 3.00822 3.2563 3.76603 2.88746 2.04776 1.89535 2.06803 1.23833 1.14822 1.93923 0.885504 0.783845 0.565247 0.358553 0.27579 0.0533866
threshold=38.550000000000004 11.350000000000003 109.85000000000001 41.655714285714296 1.5000000000000002 1.0000000180025095e-35 36.550000000000004 0.16374829001367988 41.550000000000004 3.5000000000000004 93.500000000000014 5.5000000000000009 157.35000000000005 33.150000000000013 93.90833333333336 0.049515639589168957 2.2500000000000004 155.75000000000003 37.750000000000007 2.1500000000000008
decision_type=2 2 2 2 2 2 2 2 2 2 2 2 2 2 2 2 2 2 2 2
left_child=1 14 9 8 12 6 -6 -7 -4 10 -2 -12 13 -3 16 -11 19 -5 -18 -1
right_child=2 4 3 17 5 7 -8 -9 -10 15 11 -13 -14 -15 -16 -17 18 -19 -20 -21
leaf_value=-0.0018079711365593797 0.014422030911518514 0.00067146152439778717 -0.013173119244168325 0.02958241677055282 0.00051430540958711352 -0.021753695732955207 0.017607530675725926 0 0.010724312666850738 0.017772816331685204 0.0013359185849902578 -0.0161616419234295 0.00059327976719422855 -0.021650774924473981 0.0028434823002680396 0 -0.024015498817023188 0.0049914080362105928 -0.0017531108256547221 0.0032934954742300363
leaf_weight=0.70327226934023801 2.3232216341421035 8.7245435649529117 5.9834597581066182 24.359496824443344 110.35993957519531 12.620176966302095 25.465180282481015 28.046204534824938 8.3240835070610029 8.1451380755752307 9.5301944646053034 12.819740314735098 9.1521101593971235 18.28849081043154 0.89678386622108419 5.6643897155299774 19.215099923894744 5.3908369867131105 3.2809650264680377 0.62524086656048894
leaf_count=47 10 147 68 107 858 153 140 251 31 46 104 170 40 143 24 43 651 37 83 12
internal_value=0.000574349 -0.00364641 0.0122045 0.0193258 -0.0012578 0.0011564 0.00444919 -0.00872351 0 0.00220965 -0.00459882 -0.00973441 -0.0116532 -0.0154116 -0.0193223 0.0124441 -0.0209201 0.0271018 -0.0222389 5.05185e-05
internal_weight=319.919 237.378 82.5406 44.0579 212.657 176.492 135.825 40.6664 14.3075 38.4827 24.6732 22.3499 36.1651 27.013 24.7214 13.8095 23.8246 29.7503 22.4961 1.32851
internal_count=3165 2549 616 243 1732 1402 998 404 99 373 284 274 330 290 817 89 793 144 734 59
is_linear=0
shrinkage=0.0435066


Tree=64
num_leaves=19
num_cat=0
split_feature=4 5 9 0 4 11 5 17 4 7 23 18 27 2 17 1 5 4
split_gain=8.47381 4.41045 3.00541 3.07952 4.18256 2.59455 3.09978 2.4027 2.37251 3.15782 2.01187 1.88225 1.77089 2.67523 0.93857 0.588353 0.802529 0.410411
threshold=38.650000000000013 11.350000000000003 0.048115079365079354 1650.0000000000002 35.550000000000004 0.044949494949494906 42.550000000000004 30.428571428571434 42.45000000000001 2.5000000000000004 1.0000000180025095e-35 11.500000000000002 2.5000000000000004 10.500000000000002 97.553571428571431 1.5000000000000002 2.2500000000000004 36.350000000000001
decision_type=2 2 2 2 2 2 2 2 2 2 2 2 2 2 2 2 2 2
left_child=1 14 3 4 -3 10 -7 -5 9 11 -4 -2 13 -11 15 17 -17 -1
right_child=8 2 5 7 -6 6 -8 -9 -10 12 -12 -13 -14 -15 -16 16 -18 -19
leaf_value=-0.0083559833891535384 -0.01909923473841604 -0.017017543080355274 0.021854571813791912 0.0042484659834983677 0.0097401379526792318 0.0042782198816474987 -0.0092366867423822677 -0.022280097800432101 0.026746606451984543 0.010450012245913919 -0.0029665563997088424 0.0079090871275966264 0.023024356760393248 -0.011212032357774236 0.0034557403222479806 0.0010418833031808562 -0.024696746054386248 0.0049689059121397457
leaf_weight=1.4609053074382305 6.6840313705615682 10.462947458960114 13.070709973573686 5.0730946194380548 25.121496460400522 89.040395434712991 41.819369675591588 24.519622439518571 12.590398922562597 36.258078680373728 6.03724187798798 2.6142280325293541 12.423810044303535 8.174764240626244 0.79615694400854309 1.1488953006919498 18.620465897955 2.7889695148915052
leaf_count=77 95 109 68 41 186 800 266 232 50 276 51 11 61 93 20 46 635 48
internal_value=0.000589824 -0.00347981 -0.00117202 -0.00854989 0.000216986 0.00219262 -0.000200756 -0.0175074 0.0124274 0.00740953 0.0148592 -0.0107388 0.0113355 0.0053426 -0.0187611 -0.0204078 -0.0229303 -0.000961284
internal_weight=318.706 239.96 215.145 65.1772 35.5844 149.968 130.86 29.5927 78.7453 66.1549 19.108 9.29826 56.8567 44.4328 24.8154 24.0192 19.7694 4.24987
internal_count=3165 2579 1753 568 295 1185 1066 273 586 536 119 106 430 369 826 806 681 125
is_linear=0
shrinkage=0.0435066


Tree=65
num_leaves=22
num_cat=0
split_feature=4 7 4 0 5 17 5 18 10 9 18 16 17 4 17 17 4 16 10 0 3
split_gain=6.56312 3.67378 3.69768 8.05604 4.52422 2.80986 3.75386 4.61721 4.23152 2.63638 2.49963 2.20299 1.40201 1.24905 1.06042 0.986848 0.894692 0.887434 0.777838 0.510782 0.339556
threshold=35.95000000000001 2.5000000000000004 39.150000000000013 1650.0000000000002 234.95000000000002 64.621428571428581 36.850000000000001 7.5000000000000009 0.22401433691756273 0.03608470181503886 10.500000000000002 12.500000000000002 107.49404761904763 43.000000000000007 66.437362637362654 31.393269230769238 34.95000000000001 15.500000000000002 0.11437908496732026 1100.0000000000002 55.250000000000007
decision_type=2 2 2 2 2 2 2 2 2 2 2 2 2 2 2 2 2 2 2 2 2
left_child=5 10 3 15 -5 6 7 19 9 -8 13 20 -7 18 -13 -3 -9 -10 -2 -1 -4
right_child=1 2 11 4 -6 12 8 16 17 -11 -12 14 -14 -15 -16 -17 -18 -19 -20 -21 -22
leaf_value=-0.004740041600316121 0.00058608642143430801 0 0.003635982418568739 -0.010644671127985594 0.016737653422969363 -0.02847444054637174 -0.007855653344538702 -0.0030372789795399865 -0.022892683278787972 0.013613938811085686 0.0062044928094852269 0.023766336954144728 0.00045593867656327814 0.0043935716015908116 0.0052764094128360008 0.018598826336362409 0.014755615557757026 0 -0.022010345263244181 -0.020592986902398899 -0.0069419918340701617
leaf_weight=11.603124710265545 1.9855223707854808 5.8575524892657986 5.4268845599144679 60.562870456371456 7.4809512421488753 8.9245814708992821 8.8575466908514482 4.4440212938934547 5.0256928782910091 38.987055443227291 10.62802394106984 33.261567588429898 2.8906176262535146 1.7976883351802815 14.035308512859045 37.064245397690684 7.1596339251846075 3.9630909077823162 13.734711051452903 31.916241705883294 4.0574014326557517
leaf_count=171 14 48 41 815 33 139 66 54 53 170 45 193 27 8 94 237 53 25 247 641 37
internal_value=0.000486152 0.0054078 0.00787486 0.00279452 -0.00629929 -0.00710689 -0.00414059 -0.0116629 0.00344559 0.00898871 -0.00772119 0.0163342 -0.0232011 -0.0159804 0.0197701 0.0163447 0.00874376 -0.0167867 -0.019368 -0.0177354 -0.00124409
internal_weight=319.664 195.893 167.747 110.966 68.0438 123.772 111.956 55.123 56.8334 47.8446 28.1459 56.7812 11.8152 17.5179 47.2969 42.9218 11.6037 8.98878 15.7202 43.5194 9.48429
internal_count=3211 1812 1498 1133 848 1399 1233 919 314 236 314 365 166 269 287 285 107 78 261 812 78
is_linear=0
shrinkage=0.0435066


Tree=66
num_leaves=23
num_cat=0
split_feature=4 6 6 5 6 16 6 6 6 9 6 4 22 7 10 11 10 5 5 5 9 17
split_gain=6.46208 4.05984 4.18773 3.85773 3.68731 2.97028 3.48182 7.48047 5.79959 4.37838 2.75525 2.50753 2.06129 1.97697 2.05308 1.42801 0.636547 0.586973 0.497093 0.493387 0.493038 0.0767796
threshold=35.95000000000001 72.050000000000011 70.550000000000011 36.850000000000001 145.45000000000002 10.500000000000002 94.050000000000011 108.15000000000002 60.550000000000004 0.017148526077097454 64.050000000000011 38.550000000000004 1.0000000180025095e-35 4.5000000000000009 1.0000000180025095e-35 0.071067821067821071 0.11437908496732026 215.45000000000002 37.550000000000004 38.850000000000001 0.033520599250936305 30.531818181818185
decision_type=2 2 2 2 2 2 2 2 2 2 2 2 2 2 2 2 2 2 2 2 2 2
left_child=1 2 3 15 13 16 8 9 21 -8 -5 -9 -4 14 -3 -1 -2 -10 -6 -15 -18 -7
right_child=5 4 12 10 18 6 7 11 17 -11 -12 -13 -14 19 -16 -17 20 -19 -20 -21 -22 -23
leaf_value=-0.018189834271249466 0.0022993864052934083 0.0039298699761564238 0.028617549008337257 0.013516037751715032 0.0098053994260153647 0 0.010863996779006671 0 0.022570770537941855 -0.023542214264925948 -0.0074194041764422437 0.01313917171705053 -0.0027376944099406857 0.0057624093502564961 -0.02974325850086719 0.001199729930928308 0.00041238670732908256 0.0013960349579480212 -0.0036993918467190293 -0.007395897145868989 -0.017973042035292271 -0.016741434827810577
leaf_weight=26.4810881158337 2.0494698360562316 1.6936775520443941 5.6470294017344695 20.381384624168277 5.8529641497880203 1.5628978172317136 4.704458653926852 44.743212218396366 40.878798263147473 20.481380025390536 15.094699652865527 63.343168411403894 3.5470944936387241 3.5622242938261461 25.161141659133136 7.0043146954849353 1.7898711012676338 4.648925118148326 2.963739737868309 4.7121725287288427 7.5457178833894432 3.2699848399497569
leaf_count=343 16 7 33 85 66 19 37 419 236 417 88 396 38 57 479 148 26 22 22 33 159 65
internal_value=0.000608962 -0.0069886 -0.000592546 -0.00491161 -0.0166186 0.00548797 0.00697118 0.00287475 0.0160633 -0.0158856 0.00459935 0.00798885 0.0197617 -0.0222071 -0.026965 -0.0143475 -0.0117015 0.0210477 0.00496599 -0.00100713 -0.0150923 -0.0151286
internal_weight=317.119 122.102 78.1556 68.9615 43.9459 195.018 183.633 133.272 50.3606 25.1858 35.4761 108.086 9.19412 35.1292 26.8548 33.4854 11.3851 45.5277 8.8167 8.2744 9.33559 4.83288
internal_count=3211 1399 735 664 664 1812 1611 1269 342 454 173 815 71 576 486 491 201 258 88 90 185 84
is_linear=0
shrinkage=0.0435066


Tree=67
num_leaves=25
num_cat=0
split_feature=4 2 18 7 4 3 6 6 1 5 6 7 22 10 6 9 10 9 2 0 1 11 6 2
split_gain=6.04409 3.3171 3.52316 2.79015 3.23942 3.31792 2.78777 3.48859 3.40776 5.48747 2.6969 2.27461 1.6174 1.48564 1.20756 1.4552 1.19084 1.89758 1.13335 0.854842 0.7024 0.613689 0.46597 0.0180095
threshold=35.95000000000001 7.5000000000000009 10.500000000000002 2.5000000000000004 39.150000000000013 53.500000000000007 72.050000000000011 70.550000000000011 3.5000000000000004 36.850000000000001 145.45000000000002 4.5000000000000009 1.0000000180025095e-35 1.0000000180025095e-35 106.95000000000002 0.066081498999454216 0.15894736842105264 0.10404971932638325 11.500000000000002 2200.0000000000005 1.5000000000000002 0.031372549019607808 108.25000000000001 8.5000000000000018
decision_type=2 2 2 2 2 2 2 2 2 2 2 2 2 2 2 2 2 2 2 2 2 2 2 2
left_child=6 3 16 20 5 -5 7 8 9 -1 11 13 -9 -8 -4 -16 21 -18 -13 -12 -2 -3 -6 -21
right_child=1 2 14 4 22 -7 10 12 -10 -11 19 18 -14 -15 15 -17 17 -19 -20 23 -22 -23 -24 -25
leaf_value=-0.012526388190910674 0 0.0018420238908012101 0.028339372939782389 0.010144606656359093 0 -0.010088931311996931 0.0027143288448187915 0.025843287510610734 -0.020843718540458456 0.01204186835312902 0.011228597232971404 -0.0086849304161799243 -0.0022510418613923403 -0.027135906035595066 0.014653566173888952 -0.0030052694335883797 0.012974220689795197 -0.004976607787171957 0.01140558555104358 -0.006896921161256727 -0.018829188942899311 -0.012003810225622771 0.01523842706935017 0
leaf_weight=26.412847375264391 3.895616323221474 6.1315609049051982 14.962830616161225 17.122171245049685 4.5197095479816225 37.167258863570169 1.6105974353849912 5.1743556209839863 12.762335936306043 29.493721202947199 5.1555508151650411 5.5030715148895961 3.4604970430955291 24.23695978615433 23.619206912815571 8.5719935940578562 21.119916459079832 13.089889806928111 3.004373449832201 2.1437004026956861 9.7243521669879538 7.5702828452922404 24.784782578237355 1.3975145490840075
leaf_count=364 37 60 58 142 51 467 7 33 174 126 18 73 38 479 114 42 248 192 17 51 167 94 140 19
internal_value=0.000780105 0.00552788 0.0110271 -0.000107666 0.00307828 -0.00313858 -0.00661988 -0.00120526 -0.00506353 0.000177371 -0.0147025 -0.0195293 0.0177939 -0.0247927 0.0187248 0.0099768 0.0019313 0.00616103 0 0.00390064 -0.0148299 -0.00671301 0.0133525 -0.00612936
internal_weight=312.635 192.28 95.0657 97.2139 83.5939 54.2894 120.356 77.3038 68.6689 55.9066 43.0518 34.355 8.63485 25.8476 47.154 32.1912 47.9117 34.2098 8.50744 8.69677 13.62 13.7018 29.3045 3.54121
internal_count=3211 1812 808 1004 800 609 1399 735 664 490 664 576 71 486 214 156 594 440 90 88 204 154 191 70
is_linear=0
shrinkage=0.0435066


Tree=68
num_leaves=26
num_cat=0
split_feature=4 21 4 22 16 6 6 5 1 7 0 4 17 9 2 10 7 10 3 10 6 6 4 9 10
split_gain=5.43852 4.48325 3.89754 3.49315 3.28351 2.69634 4.35092 3.51621 3.07886 2.73983 1.99716 3.28396 1.76422 1.84307 1.65524 1.61953 1.46499 1.18708 1.09206 1.04232 0.857681 0.819782 0.588766 0.443056 0.208781
threshold=36.550000000000004 1.0000000180025095e-35 41.050000000000004 1.5000000000000002 9.5000000000000018 72.250000000000014 70.550000000000011 36.45000000000001 3.5000000000000004 3.5000000000000004 1650.0000000000002 38.750000000000007 79.645673076923089 0.13893653516295021 9.5000000000000018 0.15504807692307693 2.5000000000000004 0.29128959276018102 52.500000000000007 0.17349498327759191 145.45000000000002 70.850000000000009 39.250000000000007 0.043961352657004807 0.15504807692307693
decision_type=2 2 2 2 2 2 2 2 2 2 2 2 2 2 2 2 2 2 2 2 2 2 2 2 2
left_child=5 3 10 4 -2 6 7 17 -9 12 19 -12 13 -7 21 23 -4 -1 -6 -3 -17 -8 -5 -11 -14
right_child=1 2 16 22 18 9 14 8 -10 15 11 -13 24 -15 -16 20 -18 -19 -20 -21 -22 -23 -24 -25 -26
leaf_value=-0.017000895803547578 -0.0082187108810148832 -0.0046664956637179674 -0.002859542462137956 -0.015352851249361381 0.00045208433287159336 -0.030796340449410944 0.0089499706958821833 0.0092942736491432379 -0.014287236709360728 -0.00067629397778217794 -0.02312581566115765 -0.001152187122322409 0.0044269031052395673 0.0012790516785229757 0.025388667119405701 -0.011098818550093772 0.017462812577476193 0.0016016021637369842 0.021917417547375945 0.014082023351502096 0.0023672914904239724 -0.008411159604472503 0.00167127146733068 0.014493220389999832 -0.0045828746580346856
leaf_weight=28.389297855086625 4.7369764707982531 4.3253184370696527 5.9114228822290924 2.9141235779970875 6.2082397732883683 15.296029819408437 3.62178945634514 34.390675927512348 7.5915428195148698 2.8945106640458098 15.044254329404792 36.436848360579461 2.7809029128402463 2.7209709277376524 8.3228812629822624 22.066753530874852 18.156094241887331 5.512016001623123 51.789588486310095 6.9760009059682488 8.5829753149300796 3.9369495073333383 3.0039927065372467 4.2180243348702788 3.62342444434762
leaf_count=433 74 38 40 41 42 327 29 158 58 33 340 350 21 80 40 308 88 115 311 42 80 56 21 30 56
internal_value=0.000713247 0.00634975 -0.000251155 0.0141321 0.0172009 -0.00494405 0 -0.00467791 0.00347561 -0.0114622 -0.00604291 -0.00962414 -0.0211771 -0.0264887 0.0169464 -0.00275996 0.0125962 -0.0139565 0.0200536 0.00725885 -0.00730296 0 -0.00955435 0.0102092 0
internal_weight=309.452 155.503 86.8499 68.6529 62.7348 153.949 91.7652 75.8835 41.9822 62.1836 62.7824 51.4811 24.4213 18.017 15.8816 37.7623 24.0675 33.9013 57.9978 11.3013 30.6497 7.55874 5.91812 7.11253 6.40433
internal_count=3211 1387 898 489 427 1824 889 764 216 935 770 690 484 407 125 451 128 548 353 80 388 85 62 63 77
is_linear=0
shrinkage=0.0435066


Tree=69
num_leaves=20
num_cat=0
split_feature=4 6 4 6 7 6 1 5 7 6 9 2 3 2 24 4 1 27 27
split_gain=5.36488 3.68714 4.25571 4.94595 4.57126 4.20468 3.42514 4.88757 2.63107 2.51635 3.91896 1.62592 1.53211 1.50796 1.83565 1.52546 1.471 1.33531 1.24382
threshold=38.550000000000004 94.050000000000011 34.45000000000001 60.550000000000004 2.5000000000000004 108.15000000000002 1.0000000180025095e-35 37.95000000000001 2.5000000000000004 111.85000000000001 0.066081498999454216 10.500000000000002 57.500000000000007 1.5000000000000002 1.0000000180025095e-35 39.050000000000004 3.5000000000000004 3.5000000000000004 1.5000000000000002
decision_type=2 2 2 2 2 2 2 2 2 2 2 2 2 2 2 2 2 2 2
left_child=1 2 6 18 -5 12 7 -1 11 17 -11 -2 -3 -10 16 -16 -15 -7 -4
right_child=8 5 3 4 -6 9 -8 -9 13 10 -12 -13 -14 14 15 -17 -18 -19 -20
leaf_value=-0.01066249211548608 -0.014636402902156967 -0.028809184050831736 -0.019423053190090623 -0.0096823452282535551 0.015325246456022018 -0.00548679893464501 -0.025095503789952185 0.018362993337669588 -0.0045188656354402338 0.00016406873492542999 -0.022303888054144773 0.008549240985651848 0 -0.0032902795061127443 -0.00028256439207224453 0.024364776046752669 0.012511704933490507 0.014928257641906841 0.0050733523715691944
leaf_weight=25.305464170873165 7.9132963512092811 15.858231838443318 9.1876970455050433 11.826632346259428 66.872270268853754 4.0953743089921781 9.6311579486355168 10.223456360399721 4.9759719306603065 39.552770240232348 15.992992031387983 3.4916997263208032 3.8297243341803542 16.055460660718381 4.416013919748365 27.814635732211173 16.466112432535738 11.911462939344347 1.4538059714250273
leaf_count=231 96 365 182 207 518 59 139 27 41 386 300 20 28 141 48 168 113 129 13
internal_value=0.000496939 -0.00294134 0.00159709 0.00701496 0.0109959 -0.00939507 -0.00845919 -0.00051922 0.00968576 -0.00342708 -0.00780543 -0.00644842 -0.0244541 0.0127824 0.0145449 0.0212483 0.0052055 0.00918159 -0.0148336
internal_weight=306.874 225.741 134.5 89.3404 78.6989 91.2406 45.1601 35.5289 81.1332 71.5526 55.5458 11.405 19.688 69.7282 64.7522 32.2306 32.5216 16.0068 10.6415
internal_count=3211 2584 1317 920 725 1267 397 258 627 874 686 116 393 511 470 216 254 188 195
is_linear=0
shrinkage=0.0435066


Tree=70
num_leaves=26
num_cat=0
split_feature=5 9 5 17 18 16 11 3 4 20 17 3 1 22 9 9 0 18 5 1 5 4 9 11 3
split_gain=3.68969 3.32211 4.3411 3.2105 3.204 2.66218 2.1541 1.85526 1.69366 1.68662 1.62024 1.52337 1.94494 1.28037 2.05004 1.20355 1.09978 1.09508 1.04207 1.67704 0.976317 0.921797 0.892859 0.834301 0.512591
threshold=35.95000000000001 0.048115079365079354 161.70000000000002 50.300000000000004 7.5000000000000009 13.500000000000002 0.022321428571428555 53.500000000000007 36.350000000000001 5.5000000000000009 30.531818181818185 53.500000000000007 3.5000000000000004 1.0000000180025095e-35 0.10404971932638325 0.041213921901527957 1350.0000000000002 9.5000000000000018 19.850000000000005 4.5000000000000009 34.550000000000004 36.050000000000004 1.0000000180025095e-35 0.071067821067821071 53.500000000000007
decision_type=2 2 2 2 2 2 2 2 2 2 2 2 2 2 2 2 2 2 2 2 2 2 2 2 2
left_child=4 2 3 8 7 17 -6 10 -2 20 -1 -4 -13 14 -7 -11 -5 24 -8 -20 -9 -19 -12 -15 -3
right_child=1 5 11 16 6 13 18 9 -10 15 22 12 -14 23 -16 -17 -18 21 19 -21 -22 -23 -24 -25 -26
leaf_value=0.014163673895421097 -0.011860153601915424 0.00053170423598905439 -0.0036478580692780602 0 -0.011879062847780144 0.016880163103120988 -0.0044315844625975364 -0.020297550936798928 0.0060856569002656572 0.0087648045535211449 0.0070104010368885004 -0.0003019021045685352 0.024832211484221944 -0.0081544922543650093 -0.0022238629014898702 -0.0082472847929937719 -0.026802719774608484 -0.0077713436700680132 0.017564372421422437 -0.0050167144482563906 -0.0031965984355605192 0.0075282395848533541 -0.010802703190361553 0.0077294950226317796 -0.016288538735785459
leaf_weight=5.1103902885224697 9.6208637161180395 2.7314841616898802 7.6860250271856811 3.7443314660340574 5.2831292161718002 58.471665318123996 3.8632318335585323 37.950577918323688 19.218028069473803 6.7457697992213097 1.7461064429953683 8.047149211168291 8.3899698443710786 6.6826070593669993 9.9585378617048246 12.538911516661754 13.726152571849523 4.5859917756170061 19.172356519382451 4.1998840263113371 12.331407766789196 15.812353840097783 11.134167753392829 5.2628014273941517 5.1693635266274214
leaf_count=64 83 29 48 27 72 275 49 862 119 96 13 40 32 39 65 366 116 40 144 56 133 95 248 26 67
internal_value=-0.000419299 0.00346089 -0.00360765 -0.0110077 -0.00616684 0.0080744 0.00463841 -0.0103303 -0.000698887 -0.013325 0.00130295 0.00958934 0.0154962 0.0118966 0.014014 -0.00119535 -0.0227918 -0.00268685 0.00981584 0.0129606 -0.0171289 0.00266554 -0.00632464 -0.00035271 -0.0121629
internal_weight=299.183 179.107 70.4325 46.3094 120.076 108.675 32.5186 87.5573 28.8389 69.5667 17.9907 24.1231 16.4371 80.3756 68.4302 19.2847 17.4705 28.2992 27.2355 23.3722 50.282 20.3983 12.8803 11.9454 7.90085
internal_count=3204 1101 465 345 2103 636 321 1782 202 1457 325 120 72 405 340 462 143 231 249 200 995 135 261 65 96
is_linear=0
shrinkage=0.0435066


Tree=71
num_leaves=16
num_cat=0
split_feature=13 25 4 4 16 1 2 7 10 4 10 7 3 4 8
split_gain=3.43406 2.69353 3.83857 2.83772 2.31523 2.25184 2.17058 2.90281 2.5537 1.27082 1.04939 1.11511 0.398485 0.277905 0.137594
threshold=1.0000000180025095e-35 2.5000000000000004 34.45000000000001 42.150000000000013 12.500000000000002 5.5000000000000009 13.500000000000002 3.5000000000000004 0.24638060352346061 37.050000000000004 0.14511278195488717 6.5000000000000009 52.500000000000007 39.050000000000004 2022.5000000000002
decision_type=2 2 2 2 2 2 2 2 2 2 2 2 2 2 2
left_child=1 3 -3 6 9 -6 7 -1 -8 -4 13 12 -12 14 -2
right_child=10 2 4 -5 5 -7 8 -9 -10 -11 11 -13 -14 -15 -16
leaf_value=-0.0067721296513658796 -0.0069907306234491921 -0.014939306266501508 -0.0041241197907265735 0.013722226133895879 0.024376935692008932 -0.00017476759973746069 -0.020409164632628526 0.0040824152863594637 0.0081083420292845931 0.011575767351178375 -3.934614001414384e-05 0.0034532183733480661 -0.024249896617775959 0.0069622576219051258 0.0010367512410180031
leaf_weight=84.224374211393297 1.661535196471962 5.933207480236887 19.845729697495702 14.363879542797802 23.558017730712894 8.0699225571006519 17.411040404811505 88.894014871679246 3.4145671138539901 8.8201060183346254 2.3087109746411434 1.1779107158072282 12.347925417125223 1.3483865121379492 1.8083443893119693
leaf_count=816 66 58 221 66 133 60 141 734 31 57 87 13 690 10 21
internal_value=-0.000490036 0.000914547 0.00815545 -0.00151822 0.0118144 0.0188889 -0.00310661 -0.00119649 -0.0145469 0.00166963 -0.0152727 -0.0192938 -0.0220978 0.000548566 -0.00385205
internal_weight=295.188 274.535 66.227 208.308 60.2938 31.6279 193.944 173.118 20.8256 28.6658 20.6528 15.8345 14.6566 4.81827 3.46988
internal_count=3204 2317 529 1788 471 193 1722 1550 172 278 887 790 777 97 87
is_linear=0
shrinkage=0.0435066


Tree=72
num_leaves=14
num_cat=0
split_feature=13 25 4 6 7 4 10 6 10 18 4 3 4
split_gain=3.17847 2.66011 3.58923 3.46215 2.63442 2.35796 1.63404 2.1367 1.86002 1.54004 1.18975 0.843118 0.196456
threshold=1.0000000180025095e-35 2.5000000000000004 34.45000000000001 60.95000000000001 2.5000000000000004 42.150000000000013 0.12372448979591837 95.65000000000002 0.13263888888888889 12.500000000000002 40.45000000000001 56.500000000000007 43.250000000000007
decision_type=2 2 2 2 2 2 2 2 2 2 2 2 2
left_child=1 5 -3 11 -5 6 7 -1 -8 10 -2 -4 -7
right_child=9 2 3 4 -6 12 8 -9 -10 -11 -12 -13 -14
leaf_value=0.007146863448522724 -0.022200348746582645 -0.014353143647491136 -0.011424246658528063 -0.006204249797129158 0.019794131467581782 0.015382437255863163 0.011907477057086351 -0.017916122458727181 -0.0027325181280701705 0.004414235316634838 0.0030627691883165103 0.0054049711082005056 0.0013236409690725152
leaf_weight=4.0188798494637039 15.41507868492045 5.8730537863448253 9.0065871542319638 4.9160689692944279 42.772527789697051 8.367727689445017 11.62948564160615 18.852278586477041 159.26805441640317 3.2455452894791952 1.6955318916589011 3.119797855615615 5.6386070400476447
leaf_count=26 854 58 117 65 261 41 78 164 1454 22 11 28 25
internal_value=-0.000525808 0.000823323 0.00805308 0.0115989 0.0165045 -0.00159075 -0.00302608 -0.0125611 -0.00127871 -0.0148292 -0.0191164 -0.00617841 0.012431
internal_weight=293.819 273.463 65.688 59.815 47.6886 207.775 193.769 22.8712 170.898 20.3562 17.1106 12.1264 14.0063
internal_count=3204 2317 529 471 326 1788 1722 190 1532 887 865 145 66
is_linear=0
shrinkage=0.0435066


Tree=73
num_leaves=15
num_cat=0
split_feature=13 25 6 6 7 6 9 18 17 18 10 10 10 10
split_gain=2.98786 2.39406 2.56683 5.31433 2.312 1.88154 1.87078 1.25436 1.02589 1.02048 0.46379 0.353181 0.0218254 0.116819
threshold=1.0000000180025095e-35 1.0000000180025095e-35 123.25000000000001 119.55000000000001 2.5000000000000004 165.05000000000004 0.099481987285142459 13.500000000000002 64.131490384615404 7.5000000000000009 0.13263888888888889 1.0000000180025095e-35 0.17519181585677748 0.15759905381431102
decision_type=2 2 2 2 2 2 2 2 2 2 2 2 2 2
left_child=1 5 3 4 -3 10 9 11 -5 -4 -1 -2 13 -13
right_child=7 2 6 8 -6 -7 -8 -9 -10 -11 -12 12 -14 -15
leaf_value=0 0.00014866835049407432 -0.0089551348932206936 0.0018830137732989049 -0.026641229672566741 0.003913988879581525 0.0056953493779963397 -0.0062252741480362068 0.0053226669756117938 -0.0014608032803089532 0.021485892195926792 -0.021366999990567216 -0.0064569871859328836 -0.02131686708429463 0.00070609182585172126
leaf_weight=2.8424494601786163 0.79065980948508396 24.022605006117374 9.6679076906293684 8.9314407138153893 185.28724557394162 4.2824982628226271 4.3196951914578667 1.6237315442413081 5.92759009823203 16.830707317218184 10.595987915992735 4.2782494251150665 11.719730082433669 1.6542956639314068
leaf_count=27 5 288 101 89 1514 21 29 12 59 69 120 136 678 56
internal_value=-0.000656682 0.000650042 0.00188146 7.48985e-05 0.00216452 -0.0123951 0.0124456 -0.0146 -0.0205752 0.0164223 -0.018642 -0.0176893 -0.0187297 -0.00432647
internal_weight=292.775 272.708 254.987 224.169 209.31 17.7209 30.8183 20.0667 14.859 26.4986 13.4384 18.4429 17.6523 5.93255
internal_count=3204 2317 2149 1950 1802 168 199 887 148 170 147 875 870 192
is_linear=0
shrinkage=0.0435066


Tree=74
num_leaves=18
num_cat=0
split_feature=5 17 4 16 5 4 1 7 17 4 6 10 17 2 9 2 4
split_gain=3.47577 3.27467 3.53705 4.08128 3.28092 4.67838 3.1245 3.03244 2.88954 2.68709 2.57634 2.14514 1.64335 1.63827 1.24439 0.558568 0.102253
threshold=179.60000000000005 52.467857142857149 42.350000000000001 14.500000000000002 36.650000000000013 35.150000000000013 1.0000000180025095e-35 2.5000000000000004 57.888392857142868 34.850000000000001 145.45000000000002 0.15677668539325842 69.64471153846155 7.5000000000000009 0.012896825396825353 7.5000000000000009 38.850000000000001
decision_type=2 2 2 2 2 2 2 2 2 2 2 2 2 2 2 2 2
left_child=1 4 3 14 5 10 13 -7 -5 -8 -1 12 15 -6 -3 -2 -13
right_child=11 2 -4 8 6 7 9 -9 -10 -11 -12 16 -14 -15 -16 -17 -18
leaf_value=-0.019603310047996272 -0.0005633730616029719 0 0.014557558529241238 -0.018087820803919727 0.026435308263591868 -0.014391925338191272 -0.017695306857207136 0.0075623690934683964 0.0067824868515971833 0.0043156303266620117 0.0085708132844676578 0.022229006782716724 -0.010942436469038301 0.0034497068573694006 -0.023650558725273156 0.014056127648790289 0.0040914852012106312
leaf_weight=31.99134930386208 5.3841309398412722 4.7829083912074557 4.4728527143597594 5.8208762486465302 11.760418448597195 8.7239631337579322 5.9409011313691726 47.728285011835396 24.633178603835404 59.260170851834118 2.9619429837912312 12.140043009072544 7.8747357521206132 13.696795035153626 32.821734779048711 5.8372771814465523 5.8054083716124287
leaf_count=532 33 46 22 65 30 214 55 707 252 404 24 53 46 61 605 25 30
internal_value=-0.000451256 -0.00237148 -0.00977781 -0.0126446 0.000761606 -0.00482727 0.00644603 0.00287133 -4.91e-05 0.000743939 -0.0160013 0.0108959 0 0.017607 -0.0211028 0.00884383 0.0194263
internal_weight=291.637 254.595 72.5316 68.0587 182.064 91.4055 90.6583 56.4522 30.4541 65.2011 34.9533 37.0416 19.0961 25.4572 37.6046 11.2214 17.9455
internal_count=3204 3017 990 968 2027 1477 550 921 317 459 556 187 104 91 651 58 83
is_linear=0
shrinkage=0.0435066


Tree=75
num_leaves=23
num_cat=0
split_feature=0 5 4 4 1 21 8 4 4 16 5 4 4 4 2 18 10 5 7 10 7 5
split_gain=4.0084 4.05227 3.85082 3.13299 2.25088 1.88868 2.69789 4.1043 1.81712 1.53609 1.45174 1.3555 1.22606 1.0767 1.00456 0.725368 0.635493 0.318603 0.305184 0.270231 0.189419 0.0314158
threshold=1350.0000000000002 34.45000000000001 40.750000000000007 35.250000000000007 1.5000000000000002 1.0000000180025095e-35 2016.5000000000002 36.250000000000007 40.45000000000001 14.500000000000002 39.250000000000007 38.150000000000013 34.95000000000001 37.250000000000007 1.5000000000000002 7.5000000000000009 0.19821428571428573 14.550000000000002 4.5000000000000009 0.16204051012753187 4.5000000000000009 81.800000000000026
decision_type=2 2 2 2 2 2 2 2 2 2 2 2 2 2 2 2 2 2 2 2 2 2
left_child=1 9 5 4 10 6 11 -8 14 13 -3 -2 19 18 -7 -4 -17 -14 -1 -11 -5 -6
right_child=2 3 15 20 21 8 7 -9 -10 12 -12 -13 17 -15 -16 16 -18 -19 -20 -21 -22 -23
leaf_value=-0.017379949377577336 -0.02397091553004152 -0.0015485440164164864 -0.00045035429378154882 0.021729484227074321 -0.015281006821762356 0.0010711250053490548 -0.0076504890314422246 0.0084750203329095695 0.0042053429350126887 0.0017952487038815812 0.019982454427975496 0.00037111061460032508 0 0.0045743045251537698 -0.017803187107416504 0.017109660460744087 2.4471436084287665e-05 0.016687711153452037 0 -0.010012098308649714 0.0040949072272591248 -0.001833117589661418
leaf_weight=13.382404340896757 9.1882286050822568 9.1517040580511111 8.2621765844523924 28.8228655802086 4.2497211070731264 4.0848465990275136 60.535821013152599 47.272647888399661 6.3305503604933611 1.2832843391224757 4.701297507621347 4.6098499149084082 2.4062557981815189 2.3971961047500363 42.038300096406601 12.329729422926905 6.834173370152711 3.8626185543835163 2.5052429726347318 3.162059263791889 6.3809034489095202 4.4479361344128847
leaf_count=291 144 64 53 142 39 57 846 397 38 13 17 35 59 19 693 65 41 26 42 82 32 26
internal_value=-0.000868811 0.00660447 -0.00424109 0.0128508 0 -0.00669167 -0.00327326 -0.000411513 -0.0132084 -0.00562739 0.00931917 -0.0178324 0.00511356 -0.0120172 -0.0160146 0.00931355 0.0129614 0.0133755 -0.0155725 -0.0066438 0.0199134 -0.0127967
internal_weight=288.24 86.7535 201.486 57.7544 22.5507 174.06 121.607 107.808 52.4537 28.9991 13.853 13.7981 10.7142 18.2848 46.1231 27.4261 19.1639 6.26887 15.8876 4.44534 35.2038 8.69766
internal_count=3221 852 2369 320 146 2210 1422 1243 788 532 81 179 180 352 750 159 106 85 333 95 174 65
is_linear=0
shrinkage=0.0435066


Tree=76
num_leaves=20
num_cat=0
split_feature=0 6 4 5 1 4 18 5 21 8 4 4 4 3 6 2 18 2 5
split_gain=3.27107 6.01909 3.48754 2.3569 1.76743 2.5372 1.49368 2.23093 1.47169 2.40541 3.50619 1.60719 1.4534 1.20051 1.18971 0.829999 0.725301 0.706124 0.464622
threshold=1350.0000000000002 70.550000000000011 40.750000000000007 83.950000000000017 1.5000000000000002 36.550000000000004 7.5000000000000009 39.250000000000007 1.0000000180025095e-35 2016.5000000000002 36.250000000000007 40.45000000000001 38.150000000000013 54.500000000000007 145.25000000000003 1.5000000000000002 7.5000000000000009 4.5000000000000009 23.850000000000005
decision_type=2 2 2 2 2 2 2 2 2 2 2 2 2 2 2 2 2 2 2
left_child=1 3 8 4 18 -6 7 14 9 12 -11 15 -2 -5 -3 -10 -4 -18 -1
right_child=2 6 16 13 5 -7 -8 -9 11 10 -12 -13 -14 -15 -16 -17 17 -19 -20
leaf_value=0.010450309661429432 -0.023652334025732285 -0.012242035918889173 -0.00077774997895204508 0.015933000630901625 -0.021358100427601764 0.0036112720848819227 0.024314042957703536 0.01991656709249625 0.00063290963161027219 -0.0073595044536876996 0.007575308798320351 0.0040883417058212822 0.0010872451898274926 -0.0038519331704038673 0.0077079741561315697 -0.016624555545982852 0 0.016317729560542713 -0.0020414820139630879
leaf_weight=3.1018503000959736 9.059003377100451 8.6604614753741753 8.2705024350434559 7.8747639618813974 18.684027188457552 7.7975270645692936 20.578415886498988 3.546688348054885 4.1583434566855422 60.332806620048359 46.943973443936557 6.1753945164382449 4.4993689097464076 5.1515254452824593 2.9354180768132201 41.345347904483788 5.6182704418897655 13.422788910567759 7.3115619719028473
leaf_count=57 144 148 53 37 359 61 86 9 57 846 397 38 35 33 13 693 39 67 49
internal_value=-0.0010845 0.00571239 -0.00413476 -0.00389513 -0.00931059 -0.0144394 0.017907 0.00403923 -0.00648112 -0.0034028 -0.000676012 -0.0123187 -0.0172529 0.00891788 -0.00567949 -0.0149721 0.00878172 0.0124676 0.00367481
internal_weight=285.468 85.6422 199.826 49.9213 36.895 26.4816 35.721 15.1426 172.514 120.835 107.277 51.6791 13.5584 13.0263 11.5959 45.5037 27.3116 19.0411 10.4134
internal_count=3221 852 2369 596 526 420 256 170 2210 1422 1243 788 179 70 161 750 159 106 106
is_linear=0
shrinkage=0.0435066


Tree=77
num_leaves=19
num_cat=0
split_feature=0 6 4 5 1 4 5 6 5 4 5 1 18 5 6 5 4 9
split_gain=3.25353 5.60875 3.23153 2.01925 1.61691 2.58616 1.36035 1.02514 2.994 1.24998 1.003 0.925894 0.870709 1.70318 1.01215 0.439514 0.397774 0.221031
threshold=1350.0000000000002 70.550000000000011 40.750000000000007 81.800000000000026 1.5000000000000002 36.550000000000004 420.2000000000001 94.050000000000011 37.95000000000001 37.850000000000001 141.75000000000003 4.5000000000000009 7.5000000000000009 39.250000000000007 145.25000000000003 23.850000000000005 42.150000000000013 0.060024009603841501
decision_type=2 2 2 2 2 2 2 2 2 2 2 2 2 2 2 2 2 2
left_child=1 3 6 4 15 -6 7 8 -2 -9 -5 16 13 14 -3 -1 17 -4
right_child=2 12 11 10 5 -7 -8 9 -10 -11 -12 -13 -14 -15 -16 -17 -18 -19
leaf_value=0.010169233887677627 -0.0097770184288599547 -0.010239965320602951 0.0008937146401846504 0.015546550442423954 -0.020838253614447463 0.0042704032059105064 0.0099015297766964442 -0.013571027872488609 0.0088910996885813321 -0.0037327422851643134 -0.0024079474491286628 0.016249994657262026 0.022766154870515719 0.018853165351438522 0.0079797209204809354 -0.0019640981436574228 0.0058465565213589969 -0.0078816712538804963
leaf_weight=3.1169355609454197 30.875280388630927 8.442738962126894 5.4000384062528664 6.4108798131346685 18.245726864086468 7.6673781629651776 3.2505346685647956 60.879863244364969 22.120755101554096 54.477930593187921 6.5803170781582594 8.7396247163414937 20.179908165708184 3.4224907346069804 2.9452164098620406 7.3117116130888462 8.9801036641001684 3.8965838346630335
leaf_count=57 407 148 35 30 358 60 11 981 127 684 42 51 86 9 13 49 44 29
internal_value=-0.00119838 0.00564041 -0.0042378 -0.00367258 -0.00873936 -0.0137331 -0.00649317 -0.00722452 -0.00169529 -0.00945556 0.00816954 0.0082655 0.0175286 0.00514395 -0.00377601 0.00358415 0.000773544 -0.00387977
internal_weight=282.944 84.3233 198.621 49.3329 36.3418 25.9131 171.604 168.354 52.996 115.358 12.9912 27.0164 34.9904 14.8104 11.388 10.4286 18.2767 9.29662
internal_count=3221 852 2369 596 524 418 2210 2199 534 1665 72 159 256 170 161 106 108 64
is_linear=0
shrinkage=0.0435066


Tree=78
num_leaves=22
num_cat=0
split_feature=0 6 4 4 6 6 1 6 21 4 28 4 4 2 4 28 1 4 2 6 2
split_gain=3.37506 5.4236 2.63517 2.0214 3.16451 3.88382 2.48429 1.4546 1.27732 2.01515 1.97428 2.86112 1.40626 0.752283 0.515398 0.485744 0.34424 0.294118 0.559742 0.1952 0.0813006
threshold=1350.0000000000002 70.550000000000011 41.050000000000004 35.150000000000013 60.95000000000001 69.850000000000009 1.5000000000000002 70.050000000000011 1.0000000180025095e-35 40.45000000000001 0.47500000000000003 36.250000000000007 38.150000000000013 1.5000000000000002 35.550000000000004 1.1500000000000001 3.5000000000000004 34.45000000000001 6.5000000000000009 111.85000000000001 11.500000000000002
decision_type=2 2 2 2 2 2 2 2 2 2 2 2 2 2 2 2 2 2 2 2 2
left_child=1 3 8 6 14 -6 20 -8 10 13 12 -12 -2 -10 -5 -11 19 18 -3 -4 -1
right_child=2 17 16 4 5 -7 7 -9 9 15 11 -13 -14 -15 -16 -17 -18 -19 -20 -21 -22
leaf_value=0 -0.022342950909860822 0.010232224596608374 0.0046473759038169029 0.0023754957832912431 0.022449137049647013 -0.011796812016505731 -0.024854664718192816 0.0030531213742833532 0.00018212863298356562 -0.0035197436752231115 -0.0068067061854108499 0.0066743999757914209 0.0016139600877536084 -0.016630396989504487 -0.013570334520064188 0.0089775014431814279 0.012224007741882717 0.020386714534227787 -0.0035421407094509633 -0.0029387612861257188 0.0072304606390166375
leaf_weight=3.2762540737167027 8.7703753886744362 6.3186140377074462 6.5152804739773291 1.514882515650245 13.947091828566046 3.8410086371004573 11.333232834469525 2.0285437051206818 4.165827144868671 4.961830046027897 60.26256480673328 47.081906239036471 4.4189908164553335 40.83791387535166 9.6270963591523451 5.5905392486602068 10.241433974355457 24.14465330960229 4.0401089005172253 5.2664472982287407 3.4961001900956035
leaf_count=41 144 34 40 27 77 52 186 26 57 39 846 401 35 693 167 29 55 178 44 30 20
internal_value=-0.00124283 0.0057593 -0.00433502 -0.00342081 0.00358667 0.0134596 -0.0122825 -0.0204992 -0.00617687 -0.0113933 -0.00323215 -0.000761769 -0.0159259 -0.0150524 -0.0107554 0.0034108 0.00808655 0.0175286 0.00496983 0.000866985 0.0052736
internal_weight=281.681 83.5676 198.113 49.0642 28.9301 17.7881 20.1341 13.3618 176.09 55.5561 120.534 107.344 13.1894 45.0037 11.142 10.5524 22.0232 34.5034 10.3587 11.7817 6.77235
internal_count=3221 852 2369 596 323 129 273 212 2244 818 1426 1247 179 750 194 68 125 256 78 70 61
is_linear=0
shrinkage=0.0435066


Tree=79
num_leaves=11
num_cat=0
split_feature=13 6 6 4 6 6 10 9 5 9
split_gain=2.79815 2.47733 1.88559 1.64198 1.88286 2.39129 0.682751 0.640599 0.177796 0.177661
threshold=0.70833333333333337 152.90000000000001 163.05000000000004 40.750000000000007 145.45000000000002 104.45000000000002 0.19821428571428573 0.049515639589168957 20.950000000000003 0.033520599250936305
decision_type=2 2 2 2 2 2 2 2 2 2
left_child=1 3 -3 4 5 -1 9 -4 -8 -5
right_child=-2 2 7 6 -6 -7 8 -9 -10 -11
leaf_value=0.0025021567793618183 -0.021956483261854263 -0.022523842882389827 -0.0064550000755801747 0.0016522419975369804 0.016338426839057472 -0.0062031808749643683 0.0042527726543916391 0.0085738041893414791 -0.0035262444381185185 0.017684906866431076
leaf_weight=131.09092949423939 5.4523606498260042 9.4836032022722083 3.7418148927390558 4.6707913503050831 5.5621653757989398 98.39696648332756 4.2749450076371414 4.4556441672611982 4.8513703234493732 8.9532678853720409
leaf_count=1163 517 126 32 31 20 1189 24 40 32 47
internal_value=-0.00134438 -0.000402732 -0.0137423 0.000790311 -0.000368374 -0.00125595 0.0105221 0.00120862 0 0.0150015
internal_weight=280.934 275.481 17.6811 257.8 235.05 229.488 22.7504 8.19746 9.12632 13.6241
internal_count=3221 2704 198 2506 2372 2352 134 72 56 78
is_linear=0
shrinkage=0.0435066


Tree=80
num_leaves=20
num_cat=0
split_feature=16 4 10 7 4 25 4 13 5 17 4 23 3 10 7 10 7 11 7
split_gain=5.11119 4.09565 2.33246 3.38224 5.32851 2.6642 2.65947 2.18093 1.91696 1.68981 1.26692 1.5252 1.25929 1.21039 0.860653 0.605508 0.609955 0.427948 0.035728
threshold=14.500000000000002 35.250000000000007 0.34761152783260957 3.5000000000000004 42.45000000000001 1.5000000000000002 36.650000000000013 0.36666666666666675 39.650000000000013 36.600000000000009 38.050000000000004 1.0000000180025095e-35 55.250000000000007 0.15007309941520466 6.5000000000000009 0.46610845295055825 3.5000000000000004 0.025978407557354904 3.5000000000000004
decision_type=2 2 2 2 2 2 2 2 2 2 2 2 2 2 2 2 2 2 2
left_child=2 9 3 4 6 14 -1 15 -7 -2 11 17 -11 -13 -5 16 -4 -3 -17
right_child=1 10 7 5 -6 8 -8 -9 -10 12 -12 13 -14 -15 -16 18 -18 -19 -20
leaf_value=-0.023873088664465407 0.0080859271663262251 0.00059073976273905753 0.022858823638639093 -0.018308875074668825 0.015705053324145277 -0.00011825400515074173 -0.0067307318250679144 -0.010934455802706982 0.011803950673309253 -0.020499838568075614 0.028502125687312623 0.0085791845623258457 0.0017720372970391298 -0.010780345102472057 0.0023008881996481436 -0.001814549518340028 0 0.016928336170300654 0.0021606340982581922
leaf_weight=22.987037682556547 5.6062959465198245 5.4336162297986474 9.0617488175630623 8.6211878834292275 8.6638465374708158 67.773419524310157 68.229988502920605 2.0909128754865369 32.80662274453789 6.4283948182128352 10.919691558927296 4.6455798279494029 4.9187401654198766 6.8141490570269525 2.3032896909862748 2.1663427120074621 3.3877479592338196 20.771858148043975 1.8451889809221027
leaf_count=473 45 47 73 128 42 711 760 171 207 111 45 24 47 79 21 36 32 167 23
internal_value=0.000969469 0.0111189 -0.00210751 -0.00353606 -0.00910768 0.00159673 -0.0124575 0.0104558 0.00415805 -0.00540852 0.0170264 0.00975817 -0.0131571 -0.00210696 -0.01415 0.0159417 0.0191917 0.0146409 0
internal_weight=295.476 65.5383 229.937 211.385 99.8809 111.505 91.217 18.5519 100.58 16.9534 48.5849 37.6652 11.3471 11.4597 10.9245 16.461 12.4495 26.2055 4.01153
internal_count=3242 565 2677 2342 1275 1067 1233 335 918 203 362 317 158 103 149 164 105 214 59
is_linear=0
shrinkage=0.0435066


Tree=81
num_leaves=18
num_cat=0
split_feature=16 4 16 10 7 4 25 24 4 18 4 1 6 10 3 7 4
split_gain=4.07421 3.7915 2.39611 2.46117 2.17425 4.21992 1.51606 1.34886 1.06318 1.56517 1.07486 0.778184 0.61694 0.59578 0.577066 0.524968 0.142705
threshold=14.500000000000002 35.250000000000007 9.5000000000000018 0.34761152783260957 3.5000000000000004 36.650000000000013 1.5000000000000002 1.0000000180025095e-35 38.050000000000004 13.500000000000002 36.95000000000001 2.5000000000000004 69.550000000000011 0.13118961352657002 55.250000000000007 3.5000000000000004 39.650000000000013
decision_type=2 2 2 2 2 2 2 2 2 2 2 2 2 2 2 2 2
left_child=2 7 13 4 5 -4 -6 12 9 10 -3 16 -2 -1 -9 -13 -5
right_child=1 8 3 11 6 -7 -8 14 -10 -11 -12 15 -14 -15 -16 -17 -18
leaf_value=0 -0.0039651031814387158 0.0060295765143233097 -0.021235047530395151 -0.0045557096943516446 -0.010443357531738516 -0.00097490063157931891 0.0039471736471712949 -0.017074343849490536 0.02662419371348684 0.01837707345772233 -0.0098917077615322639 0.020511077546476107 0.011319305834046035 -0.021388666315110449 0.0013015700405029954 0 0.0030995422429213842
leaf_weight=2.1869197562336904 3.4536590846255431 19.248836852377284 20.935051165171899 2.6770020672120181 9.3556210626848024 73.281912387814373 98.631871872814372 7.274206270929426 10.575458351522682 12.896921988576649 5.0242828875780097 8.5180663762148452 4.2175487177446485 7.2963669702876359 1.8477489934302864 3.7625697862822554 2.0075954496860504
leaf_count=21 36 208 384 76 125 741 892 117 45 57 52 119 34 239 16 66 14
internal_value=0.00100694 0.0101398 -0.00173758 -0.000488936 -0.00201959 -0.00665923 0.00208906 -0.00568605 0.0159061 0.00910943 0.0010108 0.0128231 0.00506761 -0.0180129 -0.0137168 0.0168414 -0.000481217
internal_weight=293.192 64.5387 228.653 219.17 202.204 94.217 107.987 16.7932 47.7455 37.17 24.2731 16.9652 7.67121 9.48329 9.12196 12.2806 4.6846
internal_count=3242 565 2677 2417 2142 1125 1017 203 362 317 260 275 70 260 133 185 90
is_linear=0
shrinkage=0.0435066


Tree=82
num_leaves=19
num_cat=0
split_feature=16 4 16 17 2 4 5 6 17 17 4 6 5 6 6 11 5 9
split_gain=3.55164 3.42204 2.59912 2.46942 2.18249 2.12741 1.80266 2.68443 2.2954 1.76436 1.07332 1.92831 3.81207 1.05545 0.905113 0.875899 0.469689 0.00376907
threshold=14.500000000000002 35.250000000000007 10.500000000000002 33.209615384615397 6.5000000000000009 35.45000000000001 36.650000000000013 70.15000000000002 64.318303571428586 36.600000000000009 37.850000000000001 119.55000000000001 141.75000000000003 108.25000000000001 70.65000000000002 0.052177858439201405 75.15000000000002 0.053342816500711203
decision_type=2 2 2 2 2 2 2 2 2 2 2 2 2 2 2 2 2 2
left_child=2 9 16 4 13 -6 8 -8 -5 -2 11 15 -13 -4 -11 -3 -1 -18
right_child=1 10 3 6 5 -7 7 -9 -10 14 -12 12 -14 -15 -16 -17 17 -19
leaf_value=-0.020519821704403494 0.0083056296495454124 0.0007883481982763087 -0.010046800232079401 -0.010305367103210623 -0.0065643916600091057 0.020833580853734775 0.011773654366554646 -0.0029918937150523179 0.0074678473170083099 -0.018038757428532087 0.024778838855447235 -0.015693646750955765 0.015630981641644309 0.0061968229660034763 0.0023303771088250872 0.021159586755061705 0 -0.0014490565733559014
leaf_weight=8.6719891220564005 5.5811330878641483 7.2233562294859466 8.7927937954664248 65.69209729344584 2.8538232885766801 19.325803718762472 26.456832531839609 72.157535857520998 11.337357623968272 8.4422889265697432 12.211539946496485 10.237213954795154 6.5437541939318171 8.2670912230387312 2.7442485177889457 11.125978734809904 2.5673346891999236 2.3678262340836227
leaf_count=297 45 51 124 1026 50 171 126 512 229 123 57 160 29 88 35 65 27 27
internal_value=0.000953723 0.00951298 -0.00160216 -0.000150033 0.00884271 0.0162672 -0.00245882 0.00135795 -0.00719044 -0.0054816 0.0150315 0.00805425 -0.00209076 -0.00221096 -0.0134545 0.0158536 -0.0165589 -0.00100303
internal_weight=292.6 64.1095 228.49 214.883 39.2395 22.1796 175.644 98.6144 77.0295 16.7677 47.3418 35.1303 16.781 17.0599 11.1865 18.3493 13.6072 4.93516
internal_count=3242 565 2677 2326 433 221 1893 638 1255 203 362 305 189 212 158 116 351 54
is_linear=0
shrinkage=0.0435066


Tree=83
num_leaves=18
num_cat=0
split_feature=13 10 16 4 2 23 10 22 17 9 10 10 4 6 5 10 4
split_gain=3.49552 4.01645 2.65263 4.21448 3.11668 2.74515 1.75977 1.6522 1.64637 1.77855 1.16532 1.13287 0.950596 0.913076 0.672637 0.186558 0.0458877
threshold=0.36666666666666675 0.28708791208791212 14.500000000000002 35.95000000000001 3.5000000000000004 1.0000000180025095e-35 0.16064516129032258 1.0000000180025095e-35 77.610714285714309 0.23856209150326799 0.31123737373737376 0.19345238095238093 43.850000000000001 59.350000000000001 183.35000000000005 0.12074829931972787 38.150000000000013
decision_type=2 2 2 2 2 2 2 2 2 2 2 2 2 2 2 2 2
left_child=1 2 4 6 13 -6 -4 8 9 -3 -9 -5 14 -1 15 -2 -12
right_child=12 7 3 11 5 -7 -8 10 -10 -11 16 -13 -14 -15 -16 -17 -18
leaf_value=0.0007270085496908083 0 0.020642502108036132 0.0039737879171353897 0.021491313394590907 -0.0036689460576789768 0.0086062778687066646 -0.017030970662493188 0.008117887333010167 -0.0050945031281163953 -0.0047147925523271959 -0.014034252918298984 0.00013794905049653686 0.0046107936435318461 -0.015180972846106432 0.0013825919516292225 -0.021933170933188181 0
leaf_weight=6.1438988000154486 0.8719410384073808 35.802418025676161 11.097014691680672 21.103079883381728 98.039713306352496 44.845064782304689 7.4082630397751918 3.7212159465998402 3.0468504242599002 2.8265953725203863 2.2544162133708596 6.9274511765688649 0.51638920605182725 32.640280679333955 1.1096441559493548 11.661984953214413 2.0236848462373018
leaf_count=48 30 313 66 115 860 397 90 22 39 47 38 49 2 332 7 768 19
internal_value=0.000956239 0.00222327 -0.000291071 0.00826257 -0.00274592 0.000323625 -0.00627812 0.0126474 0.0157836 0.0181512 -0.00274874 0.0175271 -0.0162852 -0.0126965 -0.0188105 -0.0209883 -0.0123285
internal_weight=292.04 277.88 228.205 46.5358 181.669 142.885 18.5053 49.6752 41.6759 38.629 7.99932 28.0305 14.16 38.7842 13.6436 12.5339 4.2781
internal_count=3242 2435 1957 320 1637 1257 156 478 399 360 79 164 807 380 805 798 57
is_linear=0
shrinkage=0.0435066


Tree=84
num_leaves=20
num_cat=0
split_feature=16 6 16 10 7 6 24 5 1 17 5 6 17 10 3 6 1 5 17
split_gain=4.19661 2.72406 2.40481 2.2492 2.3524 3.65219 1.73399 1.60092 1.16089 1.05343 0.869618 0.698019 2.28647 1.19262 0.570904 0.278426 0.263545 0.196818 0.128156
threshold=14.500000000000002 69.550000000000011 10.500000000000002 0.34761152783260957 3.5000000000000004 109.25000000000001 1.0000000180025095e-35 36.650000000000013 2.5000000000000004 78.225892857142867 3.5500000000000003 71.850000000000009 49.301339285714285 0.18113465481886534 56.500000000000007 121.25000000000001 2.5000000000000004 75.15000000000002 28.620833333333337
decision_type=2 2 2 2 2 2 2 2 2 2 2 2 2 2 2 2 2 2 2
left_child=2 8 14 4 5 -4 9 -6 -2 15 18 12 -8 -13 17 -3 -12 -1 -5
right_child=1 6 3 10 7 -7 11 -9 -10 -11 16 13 -14 -15 -16 -17 -18 -19 -20
leaf_value=-0.022055176675556343 0.0043603714308821174 0.031119222122343596 -0.014067375752463661 0.0015460076448224178 -0.0031401147331326569 0.0025345472307689841 0.013720366904048948 0.0069319727885248711 -0.016445693997513708 0 0.00077262364238726443 0.015060354536248806 -0.012496574451503416 -0.0033241740554879628 0.00056968658954380876 0.0082918990633517094 0.018243702837589443 -0.0023668503028220242 -0.0062258944195744334
leaf_weight=7.3241980340098944 4.5821344124851731 9.349174486473208 50.431094535219017 1.1161718857474654 49.056749746669084 40.205386508489028 4.0961070223711458 57.510135691612959 4.1292634634301066 4.4208144547883412 3.8645760810468337 12.419404325075449 8.8335628529312071 6.0665365853346875 1.8016546224243928 9.6370972245931608 10.204555538599378 4.2513557518832386 1.4668701761402188
leaf_count=267 50 45 736 7 649 342 30 335 60 46 59 73 94 78 36 89 126 48 72
internal_value=0.000883081 0.0102305 -0.00189971 -0.000489942 -0.00197963 -0.00692324 0.0137487 0.00229258 -0.00765778 0.0215947 0.0123116 0.00493168 -0.00185852 0.00933036 -0.0163875 0.025007 0.0156977 -0.018838 -0.00305858
internal_weight=290.767 63.5341 227.233 213.856 197.203 90.6365 54.8227 106.567 8.7114 23.4071 16.6522 31.4156 12.9297 18.4859 13.3772 18.9863 14.0691 11.5756 2.58304
internal_count=3242 565 2677 2326 2062 1078 455 984 110 180 264 275 124 151 351 134 185 315 79
is_linear=0
shrinkage=0.0435066


Tree=85
num_leaves=29
num_cat=0
split_feature=4 27 10 1 2 2 16 5 4 4 6 11 3 5 10 9 4 16 8 10 3 11 4 3 18 5 4 6
split_gain=4.01874 4.85472 2.78127 2.11623 4.04861 2.52978 3.35343 3.88177 2.07276 1.97144 2.21593 3.62355 1.64491 1.56589 1.49468 1.37645 1.3683 1.21274 1.0615 1.00325 0.938969 0.668612 0.526619 1.16503 0.214709 0.191759 0.111762 0.0411232
threshold=36.650000000000013 3.5000000000000004 0.24454200284765068 2.5000000000000004 11.500000000000002 11.500000000000002 13.500000000000002 37.95000000000001 37.750000000000007 41.050000000000004 90.750000000000014 0.031372549019607808 56.500000000000007 13.250000000000002 0.33780760626398215 1.0000000180025095e-35 35.250000000000007 12.500000000000002 2016.5000000000002 0.16987179487179482 53.500000000000007 0.13873626373626372 35.550000000000004 55.250000000000007 2.5000000000000004 45.45000000000001 42.45000000000001 111.85000000000001
decision_type=2 2 2 2 2 2 2 2 2 2 2 2 2 2 2 2 2 2 2 2 2 2 2 2 2 2 2 2
left_child=3 9 8 5 14 6 12 -8 20 10 19 -12 -1 24 15 -5 25 -11 -10 -2 -3 -16 23 -7 -4 -6 -19 -18
right_child=1 2 13 4 16 22 7 -9 18 17 11 -13 -14 -15 21 -17 27 26 -20 -21 -22 -23 -24 -25 -26 -27 -28 -29
leaf_value=-0.019600128691976828 -0.0045822908439394237 0.004029895208357605 0.0046421483691456052 0 -0.01074784297936556 -0.022278239523682596 -0.001307744452413759 0.021308581136313696 -0.0022612583371840246 -0.003250614862805516 0.0058592816287245351 -0.016966104454398591 0.0059184760575185357 0.028289361121682937 0.0094494070384377425 -0.023016921117005269 0.014979909983389562 0.0028857559145512687 0.017487232649505149 0.0128515840134832 -0.01255482634809056 -0.0067083187290883891 0.00081951379459252157 -0.0017561548098295322 -0.0051855581440729973 0.00025500847732550267 0.017982896406431637 0.00095527452415583808
leaf_weight=8.5851575834676606 4.948090221732854 5.6942702969536212 1.3956533796153991 5.2478658501058808 1.6525710122659796 7.9128628070466265 29.85471557022538 18.78731962479651 4.1659306846559039 7.5858750473707923 14.636994207277892 34.468947874498554 2.6897886854130766 17.494919260963798 2.4809571116929865 33.587525199051015 6.6056888066232187 6.2725001126527786 11.517703638412057 9.2661868222057802 8.9775700024329108 3.8087020725943148 3.308062072377651 12.007710464298725 2.2558334623463452 1.6742660794407127 5.7439705282449722 3.0735556492581964
leaf_count=224 46 39 26 62 53 88 331 71 27 50 173 590 40 103 37 599 59 41 71 55 70 135 34 92 44 13 27 42
internal_value=-0.000859112 0.0043771 0.0140716 -0.00588282 -0.0118108 -0.00106878 0.00361332 0.00873039 0.00368367 -0.00211795 -0.00588584 -0.0100921 -0.0130082 0.0242386 -0.0174995 -0.0202738 0.00666362 0.00809938 0.0126639 0.00676418 -0.00638302 0.000443875 -0.0116303 -0.0137711 0 -0.00768436 0.0144315 0.0133247
internal_weight=275.701 134.424 51.5019 141.277 58.1311 83.1456 59.917 48.642 30.3555 82.9226 63.3202 49.1059 11.2749 21.1464 45.1251 38.8354 13.0061 19.6023 15.6836 14.2143 14.6718 6.28966 23.2286 19.9206 3.65149 3.32684 12.0165 9.67924
internal_count=3242 1362 380 1880 1000 880 666 402 207 982 864 763 264 173 833 661 167 118 98 101 109 172 214 180 70 66 68 101
is_linear=0
shrinkage=0.0435066


Tree=86
num_leaves=24
num_cat=0
split_feature=4 27 27 16 17 10 4 17 9 5 17 18 10 10 4 4 6 4 10 18 18 10 10
split_gain=3.98333 4.4808 2.593 2.33669 1.98745 2.19103 1.9026 2.23384 2.34052 1.79056 3.45057 2.82716 1.58609 1.38329 1.20886 1.19381 1.1672 1.09388 1.03839 0.983577 0.754244 0.647405 0.0623054
threshold=36.650000000000013 3.5000000000000004 4.5000000000000009 10.500000000000002 47.027243589743591 0.14511278195488717 41.050000000000004 39.485476190476199 0.03608470181503886 37.95000000000001 44.851602564102571 9.5000000000000018 0.29669386002576215 0.28708791208791212 37.750000000000007 35.350000000000001 91.350000000000009 39.050000000000004 0.2069580731489741 14.500000000000002 11.500000000000002 0.29669386002576215 0.17846085802742148
decision_type=2 2 2 2 2 2 2 2 2 2 2 2 2 2 2 2 2 2 2 2 2 2 2
left_child=4 6 3 22 9 15 7 16 -9 11 19 12 -1 -7 -5 -6 -2 -4 -8 -11 -17 -15 -3
right_child=1 2 17 14 5 13 18 8 -10 10 -12 -13 -14 21 -16 20 -18 -19 -20 -21 -22 -23 -24
leaf_value=-0.012566847951116228 0.013267085620601813 -0.0070537534103245281 -0.015479245857206256 0.0086521175764073463 -0.01095715047282707 -0.02480944903404048 0.013692545125626747 0.0027777871839344648 -0.017184742002069354 -0.010169963717773832 0.016649792162169604 0.014337878296930498 0.0049402849274337952 0.0067984487376627715 0.028212462566563064 -0.0033374611625127271 -0.0029853128329283985 0.0056910959115653382 -0.0028351105292446521 0.0061840261516710286 0.013783369528148768 -0.0080542120866374748 0
leaf_weight=48.994345844490454 8.1321436427533644 2.2355293165892354 3.0968351829797021 22.027581056579947 3.2235252102836958 18.274938847520392 12.29422886669636 12.82102957065217 28.210963241755962 17.751593962311748 16.546535834670067 4.5169290238991371 7.3175728099886319 2.55294262152165 17.600416546687484 3.2741881506517512 13.560277432203291 3.1709785517305136 7.2127767931669942 3.9495676755905142 6.2343538887798786 7.4744089334271848 2.1232376429252326
leaf_count=736 51 27 43 150 29 312 72 131 467 169 55 32 228 25 89 51 215 24 46 17 28 198 47
internal_value=-0.0010527 0.00420797 0.01365 0.017199 -0.0060617 -0.0134554 -0.00202754 -0.00575649 -0.0112095 -0.00226266 0.00451062 -0.00669545 -0.00985508 -0.0191302 0.0203154 0.00084192 0.00440779 -0.00653954 0.00801473 -0.00609584 0.00829964 -0.00247554 -0.0054035
internal_weight=272.597 132.486 50.2546 43.9868 140.111 41.0344 82.2314 62.7244 41.032 99.0765 38.2477 60.8288 56.3119 28.3023 39.628 12.7321 21.6924 6.26781 19.507 21.7012 9.50854 10.0274 4.35877
internal_count=3242 1362 380 313 1880 643 982 864 598 1237 241 996 964 535 239 108 266 67 118 186 79 223 74
is_linear=0
shrinkage=0.0435066


Tree=87
num_leaves=18
num_cat=0
split_feature=4 27 13 10 5 5 1 5 3 4 7 2 6 17 10 6 18
split_gain=3.98266 2.77654 2.04866 2.68685 2.72404 2.53214 2.35083 2.53204 2.12002 1.35707 1.30663 1.49666 1.68294 0.948494 0.460709 0.160466 0.0253461
threshold=38.350000000000001 3.5000000000000004 0.36666666666666675 0.28708791208791212 41.350000000000001 11.550000000000002 2.5000000000000004 71.350000000000009 54.500000000000007 37.050000000000004 2.5000000000000004 9.5000000000000018 108.15000000000002 33.976666666666674 1.0000000180025095e-35 112.45000000000002 13.500000000000002
decision_type=2 2 2 2 2 2 2 2 2 2 2 2 2 2 2 2 2
left_child=2 10 3 6 5 -5 9 -8 -6 -1 15 12 -12 -13 -4 -2 -16
right_child=1 -3 14 4 8 -7 7 -9 -10 -11 11 13 -14 -15 16 -17 -18
leaf_value=-0.0024885290500073175 -0.012662156542119968 0.020439762992889986 0.00091206100619190586 -0.0034265697054298772 0.0077810274109728775 0.021034841520037529 -0.017675359860590482 -0.00082628350853521755 -0.018969162518873584 0.011722342131612882 -0.0050139128308141949 0.0070235418097885968 0.013231725600729733 -0.010892517977052679 -0.021042655497674465 0 0
leaf_weight=75.995057316496968 4.5512422155588856 15.614644525339825 0.54190057329833408 8.614990474656226 4.6348183769732696 17.679849863983691 37.3834898264613 30.648244952782989 5.8813338205218315 8.4878637306392175 8.2562406999059004 2.3394608697853974 28.810970752965659 10.503471453674136 9.1875790357589686 2.0189834348857403 0.52026261948049146
leaf_count=640 74 104 3 159 30 143 537 213 39 73 126 24 205 140 706 18 8
internal_value=-0.00101353 0.00729834 -0.00420084 -0.00274438 0.00689255 0.0136247 -0.00532082 -0.0109557 -0.00812184 -0.000212868 0.00176677 0.00460973 0.00879461 -0.005843 -0.0189795 -0.0106013 -0.020631
internal_weight=271.67 72.095 199.575 189.326 36.811 26.2948 152.515 68.0317 10.5162 84.4829 56.4804 49.9101 37.0672 12.8429 10.2497 6.57023 9.70784
internal_count=3242 691 2551 1834 371 302 1463 750 69 713 587 495 331 164 717 92 714
is_linear=0
shrinkage=0.0435066


Tree=88
num_leaves=22
num_cat=0
split_feature=4 21 23 16 4 17 17 9 5 17 18 18 2 5 2 3 18 4 2 4 5
split_gain=3.47755 3.24108 2.92639 3.62274 2.13237 1.81533 1.77059 2.08422 1.75148 3.06275 2.42148 1.41451 1.28046 1.22802 1.17016 2.22923 0.941862 0.781444 0.6617 0.645581 0.399643
threshold=36.650000000000013 1.0000000180025095e-35 1.5000000000000002 9.5000000000000018 41.050000000000004 47.027243589743591 36.63883928571429 0.03608470181503886 37.95000000000001 44.851602564102571 9.5000000000000018 13.500000000000002 1.5000000000000002 15.850000000000003 1.5000000000000002 55.250000000000007 14.500000000000002 38.350000000000001 7.5000000000000009 38.45000000000001 41.350000000000001
decision_type=2 2 2 2 2 2 2 2 2 2 2 2 2 2 2 2 2 2 2 2 2
left_child=5 2 3 -2 6 8 19 -8 10 16 12 14 -1 -5 -7 -16 -10 -4 20 -3 -6
right_child=1 4 17 13 18 11 7 -9 9 -11 -12 -13 -14 -15 15 -17 -18 -19 -20 -21 -22
leaf_value=0.0059470815325783364 -0.011568057808315746 0.010368625985980122 -0.014611068513838062 0 0.016892075107975021 0.0022932232705885204 0.0024214789426385904 -0.016502724814170627 -0.0095288910680742852 0.016155393969386457 0.013105396973084044 0.0017731317785629364 -0.011383947613984905 0.020784423175895166 -0.025161866319186179 0 0.0064575466671412066 0.0034501489688875783 -0.0004697026601361169 -0.0031032433719419134 0
leaf_weight=4.4407576983794561 4.0116795550566158 8.0054802852682752 4.5267056333832434 6.4321462963707736 7.0595121551305073 3.3185697835870078 12.85727486014366 27.339758741902187 17.452886982820932 16.215341717004776 4.4326302791014305 7.6288098301738492 51.741925940150395 40.338356934953481 19.902238559327092 9.0484595726011303 3.834875237196683 3.0520525793544948 7.7445173580199471 6.6970568269025526 4.0770472437143326
leaf_count=68 82 104 44 85 38 52 133 464 169 55 32 45 896 217 412 134 17 25 50 94 26
internal_value=-0.000991576 0.00391282 0.0110499 0.0147513 -0.00204584 -0.0057216 -0.00638541 -0.0107407 -0.00208961 0.00467263 -0.00647093 -0.012889 -0.00937769 0.0183365 -0.0163305 -0.0187784 -0.00544823 -0.00839067 0.00857635 0.00468903 0.0132888
internal_weight=270.158 132.142 58.3609 50.7822 73.7806 138.016 54.8996 40.197 98.1184 37.5031 60.6153 39.8981 56.1827 46.7705 32.2693 28.9507 21.2878 7.57876 18.8811 14.7025 11.1366
internal_count=3242 1362 453 384 909 1880 795 597 1237 241 996 643 964 302 598 546 186 69 114 198 64
is_linear=0
shrinkage=0.0435066


Tree=89
num_leaves=21
num_cat=0
split_feature=4 27 13 10 5 2 5 21 2 9 11 4 4 3 2 5 10 11 14 18
split_gain=3.48528 2.52632 1.84643 2.19971 2.69791 2.68124 1.65234 1.55231 2.5495 1.68324 1.25635 1.89794 1.37453 1.00442 0.919389 0.752512 0.338747 0.3085 0.101055 0.000258197
threshold=38.350000000000001 3.5000000000000004 0.36666666666666675 0.24638060352346061 41.350000000000001 9.5000000000000018 13.250000000000002 1.0000000180025095e-35 1.5000000000000002 0.048115079365079354 0.031372549019607808 41.050000000000004 39.350000000000001 54.500000000000007 6.5000000000000009 117.2 1.0000000180025095e-35 0.031372549019607808 2.5000000000000004 5.5000000000000009
decision_type=2 2 2 2 2 2 2 2 2 2 2 2 2 2 2 2 2 2 2 2
left_child=2 10 3 7 6 -6 -5 9 -9 -1 13 12 -12 15 -13 -2 -4 -3 -18 -20
right_child=1 17 16 4 5 -7 -8 8 -10 -11 11 14 -14 -15 -16 -17 18 -19 19 -21
leaf_value=-0.0091425810347585765 -0.0087019849221161953 0.0030125028909938141 0.0003692146368297939 -0.0010817604154643209 -0.018399795674560151 0.0077773853271284167 0.016419193000706468 0.0084384100558746213 -0.018656634420694641 0.0015425734073855339 0.0014790864067383456 0.014387355962618757 -0.015736446714126971 0.01652385329243921 -0.0024082130469748509 0.0078993248516627743 -0.020780608147505313 0.02312061036208957 0 -0.00025975720884812803
leaf_weight=38.428937626304105 4.747342771850529 5.3977527609094968 0.4630852434784164 12.805606215260921 9.9197625210508722 7.7842778488993636 23.327298391377553 3.7517390958964851 23.613630720414221 66.548351206816733 11.771479611517863 7.8108320906758291 14.20644602156244 8.7033369631972146 6.5156777314841747 2.8590712770819664 7.8245805463520792 9.9570202645845693 0.72645491035655119 0.7263072244822979
leaf_count=356 57 39 3 241 91 42 211 25 291 577 178 47 179 67 42 17 648 65 51 15
internal_value=-0.000877521 0.00688217 -0.0039075 -0.00252061 0.00443779 -0.00747836 0.0107631 -0.00549924 -0.0137361 -0.00258435 0.00163517 -0.00243984 -0.00889339 0.00996813 0.00790083 -0.000983137 -0.0181603 0.0195162 -0.0194937 0
internal_weight=267.889 71.969 195.92 186.18 53.8369 17.704 36.1329 132.343 27.3654 104.977 56.6142 40.3044 25.9779 16.3098 14.3265 7.60641 9.74043 15.3548 9.27734 1.45276
internal_count=3242 691 2551 1834 585 133 452 1249 316 933 587 446 357 141 89 74 717 104 714 66
is_linear=0
shrinkage=0.0435066


Tree=90
num_leaves=20
num_cat=0
split_feature=4 27 1 4 7 11 2 7 18 0 4 7 4 5 3 5 11 18 5
split_gain=3.46519 2.86293 2.15319 1.99098 2.69812 2.90457 1.9761 1.64139 2.266 2.13904 2.00903 1.32157 1.11672 1.05436 1.03055 0.954966 0.968174 0.480009 0.201408
threshold=37.650000000000013 3.5000000000000004 4.5000000000000009 43.45000000000001 3.5000000000000004 0.073801742919389915 11.500000000000002 3.5000000000000004 13.500000000000002 1550.0000000000002 34.45000000000001 2.5000000000000004 36.050000000000004 35.95000000000001 52.500000000000007 234.95000000000002 0.11500330469266355 13.500000000000002 35.650000000000013
decision_type=2 2 2 2 2 2 2 2 2 2 2 2 2 2 2 2 2 2 2
left_child=2 3 7 4 14 -6 15 8 12 10 -9 -3 -1 -11 -2 16 -4 18 -8
right_child=1 11 6 -5 5 -7 17 9 -10 13 -12 -13 -14 -15 -16 -17 -18 -19 -20
leaf_value=-0.01896474330175844 0.0022599522335367936 -0.0011683599571543726 -0.024927530300463269 0.017364261751698109 0.01704704115249785 -0.010741435697767244 0.0014968945010962493 -0.0021302213765691728 0.0089528756560436577 -0.010785135719916019 0.014763801749688301 0.020344107189818789 -0.0041414957216695664 0.00058532559475157995 -0.011680343957885036 0.0018163566505821648 0 0.01004163611560017 -0.007663942383990258
leaf_weight=17.159767112578265 9.4684360260143858 4.8990606660954681 17.299350139917816 4.5193467289209357 14.834662136621775 4.9349031979218116 3.2691876782337195 19.475707504432648 6.953194197267293 20.894107428845018 23.991156240459532 19.233293156139553 28.359072962775826 30.392051555216312 32.987161780823953 1.7378457374870766 3.5114734887611112 2.0987947732210159 1.9209970738738773
leaf_count=412 102 44 291 21 128 66 74 178 35 354 212 116 376 194 446 13 99 9 19
internal_value=-0.00130308 0.00531695 -0.00482379 9.98115e-05 -0.00253484 0.00878399 -0.0144035 -0.00228855 -0.00801615 0.00109554 0.00770194 0.0163284 -0.0115984 -0.00456645 -0.00847869 -0.0196177 -0.0217825 0.00264357 -0.00341215
internal_weight=267.94 90.8769 177.063 66.7445 62.2252 19.7696 29.8376 147.225 52.472 94.753 43.4669 24.1324 45.5188 51.2862 42.4556 22.5487 20.8108 7.28898 5.19018
internal_count=3189 923 2266 763 742 194 505 1761 823 938 390 160 788 548 548 403 390 102 93
is_linear=0
shrinkage=0.0435066


Tree=91
num_leaves=10
num_cat=0
split_feature=16 13 10 11 5 5 10 11 8
split_gain=2.32914 1.87281 2.24982 2.81503 1.97553 1.19705 1.01946 0.850039 0.547863
threshold=9.5000000000000018 0.70833333333333337 0.34761152783260957 0.071067821067821071 244.15000000000003 149.40000000000001 0.12771739130434781 0.24019607843137253 2016.5000000000002
decision_type=2 2 2 2 2 2 2 2 2
left_child=6 2 3 5 -5 -2 -1 8 -4
right_child=1 -3 7 4 -6 -7 -8 -9 -10
leaf_value=0.0025257938105095854 7.3349650625963897e-07 -0.018287831257318948 2.0516771597853815e-05 -0.011127634128480491 0.011365510234977829 0.0089648263115061511 -0.021799407352558697 -0.0031208407579787849 0.018719010588483728
leaf_weight=1.7352577173151056 149.08711954019964 4.0631103048799551 4.8296788083389464 54.057572483550757 2.6770434454083434 28.927512930706143 7.7411839941050857 2.4232582119293502 12.459798338473773
leaf_count=18 1431 434 35 659 18 157 246 48 143
internal_value=-0.00137468 -0.000329766 0.000367884 -0.000917964 -0.0088454 0.00177714 -0.0175012 0.012488 0.0153543
internal_weight=268.002 258.525 254.462 234.749 56.7346 178.015 9.47644 19.7127 17.2895
internal_count=3189 2925 2491 2265 677 1588 264 226 178
is_linear=0
shrinkage=0.0435066


Tree=92
num_leaves=24
num_cat=0
split_feature=4 1 6 6 6 4 2 24 9 16 4 2 5 24 10 2 2 2 5 27 5 5 9
split_gain=3.36403 2.11411 1.71407 2.91856 2.09806 1.63665 2.24481 1.63628 1.4529 2.3398 1.34147 1.08594 1.05625 1.00166 1.28557 0.997801 0.990307 0.619769 0.534782 1.2375 1.41655 0.242907 0.0071515
threshold=38.550000000000004 4.5000000000000009 95.000000000000014 123.25000000000001 124.85000000000001 35.050000000000004 3.5000000000000004 1.0000000180025095e-35 0.043961352657004807 11.500000000000002 37.050000000000004 2.5000000000000004 234.95000000000002 1.0000000180025095e-35 0.28708791208791212 11.500000000000002 14.500000000000002 3.5000000000000004 120.90000000000002 1.5000000000000002 32.750000000000007 5.2500000000000009 0.051064754454584908
decision_type=2 2 2 2 2 2 2 2 2 2 2 2 2 2 2 2 2 2 2 2 2 2 2
left_child=1 2 5 11 -5 16 -7 10 18 -10 15 -4 21 14 -11 -3 -1 -15 19 20 -2 -9 -12
right_child=8 7 3 4 -6 6 -8 12 9 13 22 -13 -14 17 -16 -17 -18 -19 -20 -21 -22 -23 -24
leaf_value=-0.0067300947460185124 0.0074704220213665865 -0.014160224723044115 0.001171779463694625 0.016172527017577546 -0.004551374202786132 -0.0080549601775797008 0.011189995436482808 0 -0.018062076816593973 -0.0092310731586090662 0.010930846676816319 -0.016648002566939872 0.0020890132346614455 -0.0012773784594408701 0.0084064063931644385 0.0041127901572930977 0.006112681789523124 0.014635118680418455 0.019308250237174231 0.015594962888815751 -0.011695917459840499 -0.024593432179994674 0
leaf_weight=38.733128075487912 8.7943399762734824 9.4037444242276269 5.5537575304042539 7.998424089979383 18.96237967221532 9.395916417706756 40.292663939297199 1.0777409683214525 3.9591406895779064 11.272839653305711 3.219930329360067 32.321722656488419 1.5678589046001423 3.4054906631354234 7.2856242374982676 4.0342165076872325 8.7883273474872095 12.188335307408122 9.8686290774494392 6.0613518003374329 7.2779646022245279 14.292759639210997 1.5648851993028072
leaf_count=418 89 170 100 50 240 131 420 52 53 116 36 537 11 32 80 44 60 109 54 32 64 248 43
internal_value=-0.00137274 -0.0042961 -0.00189214 -0.00705765 0.00324726 0.00168296 0.00685965 -0.0131053 0.0063844 7.90252e-05 -0.00193632 -0.0140197 -0.0208153 0.00498699 -0.00152008 -0.0086181 -0.0037179 0.0113522 0.0123482 0.00520739 -0.00163307 -0.0235382 0.0100867
internal_weight=267.321 197.207 162.046 64.8363 26.9608 97.21 49.6886 35.1611 70.1137 38.1114 18.2228 37.8755 16.9384 34.1523 18.5585 13.438 47.5215 15.5938 32.0023 22.1337 16.0723 15.3705 4.78482
internal_count=3189 2560 1956 927 290 1029 551 604 629 390 293 637 311 337 196 214 478 141 239 185 153 300 79
is_linear=0
shrinkage=0.0435066


Tree=93
num_leaves=22
num_cat=0
split_feature=7 6 25 6 16 17 17 9 6 2 9 9 10 2 2 6 2 6 2 2 9
split_gain=2.08429 2.389 1.916 1.68362 1.66423 1.54158 1.47312 1.27202 1.01241 0.982979 0.932715 0.898343 0.755001 0.450656 0.836705 0.421969 0.404133 0.357315 0.307832 0.186477 0.144838
threshold=3.5000000000000004 123.35000000000001 1.5000000000000002 60.050000000000004 15.500000000000002 97.553571428571431 65.469642857142873 0.13893653516295021 162.25000000000003 3.5000000000000004 0.042791762013729959 0.038967611336032361 0.17519181585677748 8.5000000000000018 1.5000000000000002 125.25000000000001 2.5000000000000004 108.25000000000001 8.5000000000000018 9.5000000000000018 0.051956815114709808
decision_type=2 2 2 2 2 2 2 2 2 2 2 2 2 2 2 2 2 2 2 2 2
left_child=1 5 12 13 8 7 9 10 11 -5 -1 -3 15 14 -4 -2 -14 -9 -7 -15 -10
right_child=2 4 3 6 -6 18 -8 17 20 -11 -12 -13 16 19 -16 -17 -18 -19 -20 -21 -22
leaf_value=-0.0041426142683841181 0.0067856284725259482 0.0024394631838410776 0.0047256634359085234 -0.00062336901542863095 0.016729563359769953 0.011102227038825676 -0.0080239832734840949 -0.0031013001318309563 0 0.011743753737788859 -0.014393587339341669 -0.015527097133035538 0 0.0061813646275794701 -0.011309339262680957 -0.0054965031531468067 -0.017196015729598738 0.0076245986918879989 -0.0010669728243975615 -0.00068943480237415773 0.0099119821910686797
leaf_weight=37.642352431081235 4.2029688553884652 5.0926483012735861 3.719504093751314 12.198271012865005 8.0453112199902552 3.695155458059161 4.452446343842893 4.4813785584410635 2.836265684105455 61.447768002166413 54.368103491840884 5.8849027601536363 1.8109904185403118 3.6302345534786609 12.591124577680601 3.6829564329236746 7.3165412948001176 5.8804394985781983 2.5577411763370037 17.7427348413039 3.1373631283640862
leaf_count=454 32 36 23 159 48 37 59 129 27 562 869 85 29 27 141 49 124 89 30 148 32
internal_value=-0.00135112 -0.00509463 0.00240549 0.00455117 0.00575074 -0.00786204 0.00801665 -0.00926579 -0.00222946 0.00968554 -0.0108534 -0.00881253 -0.00898489 -0.00252611 -0.00690627 0.000458601 -0.01458 0.00298265 0.00733149 0.0012881 0.00734772
internal_weight=266.417 133.622 132.796 115.782 24.9965 108.625 78.0985 102.372 16.9512 73.646 92.0105 10.9776 17.0135 37.6836 16.3106 7.88593 9.12753 10.3618 6.2529 21.373 5.97363
internal_count=3189 1836 1353 1119 228 1608 780 1541 180 721 1323 121 234 339 164 81 153 218 67 175 59
is_linear=0
shrinkage=0.0435066


Tree=94
num_leaves=20
num_cat=0
split_feature=4 27 4 7 1 9 27 0 4 5 2 17 9 9 7 5 9 9 17
split_gain=2.90952 3.80581 2.32061 2.86694 2.18732 2.07004 2.0264 1.73916 2.01141 1.67917 1.03505 1.31199 1.0299 0.82967 0.539687 0.393628 0.288636 0.501683 0.273614
threshold=37.650000000000013 3.5000000000000004 43.45000000000001 3.5000000000000004 4.5000000000000009 0.069187089061566009 1.5000000000000002 1550.0000000000002 34.45000000000001 35.95000000000001 11.500000000000002 79.645673076923089 0.14651229273870783 0.13048835125448027 2.5000000000000004 101.45000000000002 0.056438791732909353 0.07669789227166271 38.590178571428574
decision_type=2 2 2 2 2 2 2 2 2 2 2 2 2 2 2 2 2 2 2
left_child=4 2 3 12 6 -5 16 8 -8 -9 11 13 -2 -6 -3 18 -1 -18 -12
right_child=1 14 -4 5 10 -7 7 9 -10 -11 15 -13 -14 -15 -16 -17 17 -19 -20
leaf_value=-0.017008433366215714 -0.01229227384727173 0.0005544166542794382 0.017453865502432022 0.014454685175046091 -0.023234133162373043 -0.0095300646260757672 -0.004746204690030279 -0.011999021985848632 0.010179216764174574 0.00094746805559858685 0.0016210477928495157 0.0038761531125444636 0.0045194037733764496 0.00048010472577508242 0.019791951602541484 0.007075534128816458 0.005843774374267135 -0.0078339901225973722 -0.0094932625187433093
leaf_weight=10.843813284998761 37.879327577073127 4.7462309179827598 4.4438658840954295 15.219084310811015 18.153525293106224 4.1215807516127816 20.798807921353728 26.097896784776822 41.0095581819769 40.215117186307907 2.6227864392567417 1.8229904787149269 3.7651189983589566 1.9318401749478642 19.594259680714458 2.2005260102450848 2.2611532155424348 5.1056726684328169 2.3881782217067666
leaf_count=157 496 44 21 135 326 59 203 547 450 267 29 21 52 56 116 10 36 101 63
internal_value=-0.00145204 0.00465304 -0.00104258 -0.00409452 -0.00468582 0.00784023 -0.00214567 0 0.00503568 -0.00462716 -0.0144412 -0.0181764 -0.0101573 -0.0210158 0.0172765 0 -0.013549 -0.00213789 -0.00517441
internal_weight=265.221 89.7695 65.429 60.9851 175.452 19.3407 146.332 128.121 61.8084 66.313 29.1198 21.9084 41.6444 20.0854 24.3405 7.21149 18.2106 7.36683 5.01096
internal_count=3189 923 763 742 2266 194 1761 1467 653 814 505 403 548 382 160 102 294 137 92
is_linear=0
shrinkage=0.0435066


Tree=95
num_leaves=12
num_cat=0
split_feature=13 16 21 6 9 23 6 5 6 10 5
split_gain=2.31856 2.06241 1.86399 3.30494 2.94548 2.03885 1.6255 1.59855 0.44982 0.446045 0.0142637
threshold=0.55000000000000016 9.5000000000000018 1.0000000180025095e-35 108.05000000000001 1.0000000180025095e-35 1.5000000000000002 69.450000000000017 86.050000000000011 123.85000000000001 0.12771739130434781 86.050000000000011
decision_type=2 2 2 2 2 2 2 2 2 2 2
left_child=1 9 5 4 -4 6 -3 -5 -7 -1 -2
right_child=10 2 3 7 -6 8 -8 -9 -10 -11 -12
leaf_value=0 -0.019717977241365165 -0.0029875690211524034 0.010761372081768115 0.0096753154409896323 -0.014998092198830928 -0.012419837333448447 0.0077841196352708402 -0.0049670276668981111 0.0011814925300141917 -0.018623549488498811 0
leaf_weight=2.0154860466718656 4.8977529549156307 28.225315469317138 4.8478049244731656 30.190303907729685 41.079965618671849 9.900089781265704 120.61210583988577 16.760806007310748 3.2038877168670288 6.0579362460412085 0.40703729912638653
leaf_count=18 545 247 36 274 569 96 1128 106 24 157 14
internal_value=-0.000449925 0.000351429 0.00126763 -0.00344036 -0.0110877 0.00405626 0.00563692 0.00429155 -0.0092931 -0.0155261 -0.0193165
internal_weight=268.198 262.894 254.82 92.8789 45.9278 161.941 148.837 46.9511 13.104 8.07342 5.30479
internal_count=3214 2655 2480 985 605 1495 1375 380 120 175 559
is_linear=0
shrinkage=0.0435066


Tree=96
num_leaves=25
num_cat=0
split_feature=4 27 6 6 6 17 7 17 9 11 5 4 6 17 25 4 5 2 3 18 3 2 11 6
split_gain=3.97067 3.64667 2.99645 2.56555 3.7856 2.58578 2.27931 2.31104 1.53122 1.0761 1.28003 1.05401 1.92832 0.854615 0.839859 1.85432 2.87788 1.79765 0.627741 1.16719 0.367122 0.136235 0.123602 0.094362
threshold=36.250000000000007 1.5000000000000002 108.05000000000001 110.75000000000001 123.25000000000001 51.196503496503503 3.5000000000000004 106.47424242424246 1.0000000180025095e-35 0.046256684491978554 78.450000000000017 43.850000000000001 111.05000000000001 30.920238095238098 1.5000000000000002 34.45000000000001 34.550000000000004 9.5000000000000018 55.250000000000007 14.500000000000002 52.500000000000007 11.500000000000002 0.11500330469266355 71.450000000000017
decision_type=2 2 2 2 2 2 2 2 2 2 2 2 2 2 2 2 2 2 2 2 2 2 2 2
left_child=6 2 8 9 13 -6 7 18 -2 10 -3 12 -4 -5 21 16 -16 -17 19 -1 -10 -8 -11 -20
right_child=1 3 11 4 5 -7 14 -9 20 22 -12 -13 -14 -15 15 17 -18 -19 23 -21 -22 -23 -24 -25
leaf_value=-0.02395553882066195 0.0059700310298120242 0.01341280878962905 0.0062983744173191782 0.0020274744963707462 -0.0014327591589130052 0.020435338186734431 -0.014905766563359147 0.0080917604020313335 -0.0005907064358837568 0.026232113300202847 -0.0058142099330690282 0.016892368235646295 -0.011253662454014032 -0.016838486349428403 -0.01981255808745325 -0.0022306397889218224 0.0007728729630533843 0.016418566250435557 0.0027186936413245845 0.00158748203449638 -0.01771350768253074 0 0.0025940793175453299 -0.0037639473409546609
leaf_weight=21.226572641171526 3.2403236893005696 7.1652143755927664 31.221447275485843 3.2642591604962936 16.264181191567335 15.344396483618764 3.6377445836551479 2.7047538333572438 4.4626259433571276 15.640612483024599 6.455461859703064 3.440397933125495 10.673190023400819 10.49948989623226 11.344174749683587 15.406933721504176 41.274900620803237 12.873766163829712 1.961301528848707 2.1532419323921195 20.881530299666338 1.1658349141944198 3.0123554004821917 1.6672577634453771
leaf_count=571 26 61 284 35 135 99 109 26 84 112 39 14 98 143 195 210 301 108 27 14 417 18 54 34
internal_value=-0.000406975 0.00411435 -0.00262373 0.0103552 0.00264663 0.0105974 -0.00632957 -0.0155627 -0.0123516 0.0186674 0.00486747 0.00409706 0.00070576 -0.0126538 -0.00214571 -0.000427849 -0.00518911 0.00745425 -0.0193445 -0.0214329 -0.0157521 -0.0132861 0.0244749 0
internal_weight=266.982 151.565 73.9195 77.646 45.3723 31.6086 115.416 29.7131 28.5845 32.2736 13.6207 45.335 41.8946 13.7637 85.7034 80.8998 52.6191 28.2807 27.0084 23.3798 25.3442 4.80358 18.653 3.62856
internal_count=3214 1601 923 678 412 234 1613 672 527 266 100 396 382 178 941 814 496 318 646 585 501 127 166 61
is_linear=0
shrinkage=0.0435066


Tree=97
num_leaves=23
num_cat=0
split_feature=4 27 17 16 25 6 6 0 22 7 4 16 11 18 9 4 18 17 9 17 10 10
split_gain=4.35627 3.63949 1.95321 2.03842 2.76069 2.86276 1.83669 1.77155 1.50683 1.27023 1.19713 1.1399 2.20382 1.33834 1.04234 0.970941 0.923223 0.910963 0.893485 0.595679 0.256561 0.0941593
threshold=37.650000000000013 3.5000000000000004 32.850000000000016 12.500000000000002 2.5000000000000004 70.550000000000011 108.05000000000001 1350.0000000000002 1.5000000000000002 4.5000000000000009 36.150000000000013 12.500000000000002 0.057189542483660101 13.500000000000002 0.029513888888888853 33.850000000000001 10.500000000000002 32.136363636363647 0.03608470181503886 25.335119047619052 0.34761152783260957 0.11834733893557421
decision_type=2 2 2 2 2 2 2 2 2 2 2 2 2 2 2 2 2 2 2 2 2 2
left_child=2 6 10 14 15 -6 7 -2 -3 -9 16 12 -8 -13 21 -5 17 -1 -12 -20 -16 -4
right_child=1 8 3 4 5 -7 11 9 -10 -11 18 13 -14 -15 20 -17 -18 -19 19 -21 -22 -23
leaf_value=-0.01392364749102468 0.0093601884286198863 0.02203605505774096 0.0037349642286724602 -0.0022913416174025186 -0.0048814410407308374 0.017844102351057999 0.0081228613986441892 -0.020296836759159404 -0.001120121188450384 0.0020955960013633815 -0.0034369684732442687 0.012341474857216669 -0.016462751071429652 -0.0055288693594442075 -0.022409993870813241 -0.011754175671208067 0.0068831701954679995 0.0057815403358350429 0 0.019397505656696516 0 -0.002578080582904384
leaf_weight=8.3172288079513237 2.3007101379334935 23.138146508485082 1.9040584033355141 46.246354965493083 16.360114324139435 13.684736142866312 8.5807747934013587 10.584830465260891 4.7575768432579926 4.0522408159449705 2.469058013521134 29.28885299898684 6.227747705532237 5.2326060906052581 15.235305501264522 44.53970279044006 4.6788765024393788 1.3244034373201437 3.3505771735217413 8.4262105620000494 1.5918600657023478 2.6242492254823446
leaf_count=260 13 131 15 394 206 84 67 278 46 53 37 241 84 24 291 698 33 7 59 76 64 53
internal_value=-0.000361277 0.00683531 -0.00449212 -0.00657762 -0.0037872 0.00652962 0.000650298 -0.00947714 0.0183299 -0.0148856 0.0048948 0.0050081 -0.00361554 0.00893949 -0.0174277 -0.00751363 -0.00307157 -0.00935346 0.0118386 0.0156753 -0.0211461 0
internal_weight=264.916 94.1635 170.753 142.186 120.831 30.0449 66.2678 16.9378 27.8957 14.6371 28.5664 49.33 14.8085 34.5215 21.3555 90.7861 14.3205 9.64163 14.2458 11.7768 16.8272 4.52831
internal_count=3214 937 2277 1805 1382 290 760 344 177 331 472 416 151 265 423 1092 300 267 172 135 355 68
is_linear=0
shrinkage=0.0435066


Tree=98
num_leaves=21
num_cat=0
split_feature=4 27 4 27 0 21 25 4 7 4 2 7 2 11 2 4 10 17 17 17
split_gain=3.50396 1.90195 2.43051 2.87818 1.88825 1.71449 1.50985 1.33276 1.28583 1.19043 0.983646 1.79145 0.980333 0.709262 0.655412 0.448494 0.339246 0.29102 0.0689378 0.0168176
threshold=38.550000000000004 1.5000000000000002 36.250000000000007 4.5000000000000009 1900.0000000000002 1.0000000180025095e-35 1.5000000000000002 40.45000000000001 3.5000000000000004 43.45000000000001 5.5000000000000009 3.5000000000000004 10.500000000000002 0.040833333333333312 13.500000000000002 36.550000000000004 0.34761152783260957 44.851602564102571 22.187500000000004 37.151190476190479
decision_type=2 2 2 2 2 2 2 2 2 2 2 2 2 2 2 2 2 2 2 2
left_child=1 12 6 4 -4 7 14 -2 -8 10 13 -12 16 -7 -3 -14 18 -17 -1 -18
right_child=5 2 3 -5 -6 9 8 -9 -10 -11 11 -13 15 -15 -16 17 19 -19 -20 -21
leaf_value=-0.00014209808394178379 0.022482660871620083 -0.020637679830834775 0.014937934990475986 -0.017626558691781844 -0.00025719339744825781 -0.0028606841070617887 -0.010693246425724822 -0.00069790615022691368 2.2918693993836294e-07 0.015665601977152544 -0.011343122298353669 0.0090961972982020571 0.0081400067813427509 0.009917631801278538 0.0012814620532906216 0.0020808536161976729 0.0017192127812733502 -0.0097162057494382253 -0.018282895140167597 -0.0011676486973299261
leaf_weight=1.660175171680758 12.617242480628194 8.3179978383705002 29.322770511964336 2.7762392275035372 24.628325292607769 7.993273658212277 22.077120330417529 4.6299378015100947 76.009487370843999 4.1846975795924655 19.803545919945467 5.5877689798362544 2.3347294172272077 14.731556736864148 1.2484170638490457 2.0330387596040969 0.7709383643232276 1.7773850316880269 18.258413941017352 1.0322678969241676
leaf_count=34 78 224 268 39 245 76 480 28 731 18 245 51 33 134 18 31 21 51 374 35
internal_value=-0.000405213 -0.00346955 -0.00139496 0.00542991 0.00855473 0.00750447 -0.00518417 0.0173512 -0.00282659 0.00252341 -0.000167524 -0.00559033 -0.0128304 0.00544266 -0.0177908 0.000730887 -0.0163068 -0.00510542 -0.0175597 0
internal_weight=261.795 192.247 164.38 56.7273 53.9511 69.548 107.653 17.2472 98.0866 52.3008 48.1161 25.3913 27.8669 22.7248 9.56641 6.14515 21.7218 3.81042 19.9186 1.80321
internal_count=3214 2584 2005 552 513 630 1453 106 1211 524 506 296 579 210 242 115 464 82 408 56
is_linear=0
shrinkage=0.0435066


Tree=99
num_leaves=11
num_cat=0
split_feature=13 16 10 17 11 5 22 5 10 7
split_gain=2.15345 1.90084 1.56708 2.12237 2.05224 3.15542 1.97608 1.80388 0.514958 0.0813337
threshold=0.55000000000000016 9.5000000000000018 0.28708791208791212 26.468650793650799 0.063392857142857112 34.550000000000004 1.0000000180025095e-35 34.750000000000007 0.12771739130434781 6.5000000000000009
decision_type=2 2 2 2 2 2 2 2 2 2
left_child=1 8 4 -4 7 -6 -5 -3 -1 -2
right_child=9 2 3 6 5 -7 -8 -9 -10 -11
leaf_value=0.00039121402689741016 -0.019313375020234384 0.01007297762156803 -0.0118149475308202 0.015210353190829794 -0.017468140273413913 0 -0.0058634178231558153 -0.00060531087638527703 -0.018283074861528366 0
leaf_weight=1.9423363730311383 4.834559147595427 39.917737990850583 3.0039431578479698 33.924454418709502 21.515288086025976 64.342084627598524 6.1347493093926451 77.996979743242264 6.0159168312093243 0.26293484959751356
leaf_count=18 548 538 47 389 379 497 75 555 157 11
internal_value=-0.000401278 0.000385417 0.00128888 0.00823544 -0.000340957 -0.00528586 0.011398 0.0032669 -0.0149053 -0.0187432
internal_weight=259.891 254.793 246.835 43.0631 203.772 85.8574 40.0592 117.915 7.95825 5.09749
internal_count=3214 2655 2480 511 1969 876 464 1093 175 559
is_linear=0
shrinkage=0.0435066


Tree=100
num_leaves=18
num_cat=0
split_feature=4 5 6 6 3 2 2 6 6 11 18 6 2 10 3 4 6
split_gain=1.88065 1.99602 3.12974 2.67061 1.98052 2.26267 1.44778 1.33739 1.23601 1.20798 1.17706 1.07377 1.03919 0.912162 0.897061 0.790651 0.3624
threshold=38.550000000000004 183.35000000000005 74.450000000000003 70.350000000000009 54.500000000000007 5.5000000000000009 1.5000000000000002 146.25000000000003 108.95000000000002 0.025978407557354904 13.500000000000002 93.500000000000014 9.5000000000000018 0.13118961352657002 54.500000000000007 36.550000000000004 163.05000000000004
decision_type=2 2 2 2 2 2 2 2 2 2 2 2 2 2 2 2 2
left_child=1 2 3 9 12 -6 -2 8 11 -1 15 -8 -4 -10 -5 -3 -9
right_child=6 10 4 14 5 -7 7 16 13 -11 -12 -13 -14 -15 -16 -17 -18
leaf_value=-0.013536015216251319 -0.0098295348075934652 0.006207859584378396 -0.021536895776113597 0.0018204534178357854 0.0071288776708835072 -0.0094075903745215531 0.01459472960636843 -0.010374304519264766 -0.00018163650438329676 0.00019062026079962445 0.01538430188788787 -0.002656025377939423 -0.0026470187208985836 0.017773418182449069 0.020495684172249048 -0.0097987125560559593 0.002060998010694572
leaf_weight=8.1433499988634122 3.7013465929776421 5.4767058528959769 21.638106970465742 10.975353215006182 18.989324668073095 34.069660920533352 2.4385215677320984 3.554388145916163 4.915219601243737 61.8072901268024 11.794264450669287 21.351606136886403 11.024035403272135 26.895012064371258 9.2600699919275922 4.6415538918226957 2.8305164948105812
leaf_count=127 45 33 520 122 285 489 12 36 34 693 61 270 189 182 50 32 23
internal_value=6.1225e-05 -0.00203606 -0.00368884 0.0018599 -0.00935476 -0.00318785 0.00613054 0.00807506 0.010277 -0.00229305 0.00868186 0.00153791 -0.0169191 0.0151771 0.013654 -0.0014915 -0.00582439
internal_weight=263.506 197.82 175.907 90.1861 85.7211 53.059 65.6866 61.9853 55.6004 69.9506 21.9125 23.7901 32.6621 31.8102 20.2354 10.1183 6.3849
internal_count=3203 2601 2475 992 1483 774 602 557 498 820 126 282 709 216 172 65 59
is_linear=0
shrinkage=0.0435066


Tree=101
num_leaves=21
num_cat=0
split_feature=16 4 16 1 10 4 18 2 10 2 4 9 22 6 6 3 11 10 10 6
split_gain=2.34417 2.31025 4.47689 3.28258 1.68578 1.47482 1.73339 1.32784 1.60638 1.0139 0.857946 0.862004 0.697524 0.643453 0.610164 0.434682 0.510606 0.134922 0.133947 0.00209327
threshold=11.500000000000002 35.250000000000007 15.500000000000002 1.5000000000000002 0.16987179487179482 39.850000000000001 11.500000000000002 1.5000000000000002 0.15677668539325842 9.5000000000000018 37.750000000000007 0.043961352657004807 1.0000000180025095e-35 145.45000000000002 121.65000000000002 51.500000000000007 0.15139116202945987 0.13118961352657002 0.29128959276018102 70.15000000000002
decision_type=2 2 2 2 2 2 2 2 2 2 2 2 2 2 2 2 2 2 2 2
left_child=10 3 5 13 17 6 -3 -5 -9 -7 15 -12 -6 14 -2 -1 -17 -4 -13 -18
right_child=1 2 4 7 12 9 -8 8 -10 -11 11 18 -14 -15 -16 16 19 -19 -20 -21
leaf_value=0.00027982858072263863 0.0013154068232970224 -0.0059486273662156764 0.0051257677302627234 0.0045149909063555479 0.0087563061140871149 0.012190624007773364 0.0050479034902159575 -0.00047868988927204947 -0.026739363394622444 -0.0021082412261005461 0.0079599316630157742 -0.010901529975926199 -0.0054315350537098789 0.010635217847169403 -0.010451695014306192 -0.020030385687636213 0.00074026201360883194 0.02874153909097121 0 0
leaf_weight=1.4101429567672337 43.041676057735458 66.979234556551091 5.0971369957551422 1.7833421640098119 9.325289693893863 22.290611860342324 36.190613893792033 7.1699971104972091 11.862141299527137 9.8206419455818814 5.2134768068790418 3.0917987124994397 4.673432105453684 5.2548332326114169 3.4112201756797722 11.598894382012075 0.71361865033395477 11.181516939774154 2.3613569338340312 0.93799668038263917
leaf_count=20 364 1147 31 25 102 151 232 73 278 74 39 53 50 20 61 333 13 58 35 44
internal_value=6.28421e-05 0.00154309 0.00436633 -0.00460307 0.0178348 0.000599778 -0.00192863 -0.0168489 -0.019886 0.00793891 -0.0110037 0 0.00330802 0.00148767 -0.000538099 -0.0160857 -0.017855 0.0253682 -0.00861496 0
internal_weight=263.409 238.082 165.558 72.5232 30.2774 135.281 103.17 20.8155 19.0321 32.1113 25.3273 10.6666 13.9987 51.7077 46.4529 14.6607 13.2505 16.2787 5.45316 1.65162
internal_count=3203 2666 1845 821 241 1604 1379 376 351 225 537 127 152 445 425 410 390 89 88 57
is_linear=0
shrinkage=0.0435066


Tree=102
num_leaves=17
num_cat=0
split_feature=16 25 6 6 9 10 0 3 6 6 10 16 9 5 5 11
split_gain=2.24695 1.60137 1.67161 3.89385 2.13715 1.67541 2.72646 2.65116 1.53037 1.04962 0.794257 1.47241 0.84591 0.763721 0.343513 0.180851
threshold=11.500000000000002 1.0000000180025095e-35 108.15000000000002 104.45000000000002 0.017148526077097454 0.19821428571428573 1900.0000000000002 53.500000000000007 70.350000000000009 165.35000000000005 0.16374829001367988 9.5000000000000018 0.060024009603841501 27.650000000000002 20.550000000000004 0.15139116202945987
decision_type=2 2 2 2 2 2 2 2 2 2 2 2 2 2 2 2
left_child=10 9 3 8 -5 7 -7 -4 -3 13 -1 -12 -13 14 -2 -14
right_child=1 2 5 4 -6 6 -8 -9 -10 -11 11 12 15 -15 -16 -17
leaf_value=-0.017997649756943956 -0.0054662265330922034 -0.0010573991525078038 -0.0021920774696800112 0.0055771033130762922 -0.020786599724278911 0.0075887698756763478 -0.013871865063185902 0.018114333887536756 0.0084921844281716213 0.0039800687342365073 -0.013932251914602789 0.012896183738131742 -0.0068169468121158381 -0.020531257547301507 0.0065922102547879471 0.0019646655695078545
leaf_weight=9.0492017318028974 3.6358806226635334 70.836459674988873 14.602201553527264 3.9538823182228979 16.701979356235825 25.210257798898965 10.806786235189064 32.59628747520037 47.261399447219446 3.8955561323091379 5.3041585793253061 5.7454373447690141 3.8291800323640928 6.0772399324923754 1.4646219066344199 1.4788590034004299
leaf_count=129 90 769 124 44 452 235 184 231 430 28 213 67 97 66 13 31
internal_value=0.000117658 0.00157352 0.00264024 -0.000270324 -0.0152422 0.00727274 0 0.0121407 0.00292766 -0.00972386 -0.0106983 -0.00224283 0.00588021 -0.0147759 0 -0.00378415
internal_weight=262.449 237.043 221.969 138.754 20.6559 83.2155 36.017 47.1985 118.098 15.0733 25.4068 16.3576 11.0535 11.1777 5.1005 5.30804
internal_count=3203 2666 2469 1695 496 774 419 355 1199 197 537 408 195 169 103 128
is_linear=0
shrinkage=0.0435066


Tree=103
num_leaves=21
num_cat=0
split_feature=4 0 4 16 1 16 0 27 16 4 2 17 0 17 17 4 10 2 2 3
split_gain=2.18554 1.80592 1.86472 2.21238 1.87256 1.78984 1.81458 1.71097 1.82471 1.51515 1.48153 1.39685 1.23042 1.04655 0.876874 0.856676 0.836575 0.776251 0.755909 0.0665108
threshold=38.550000000000004 1350.0000000000002 35.150000000000013 12.500000000000002 2.5000000000000004 14.500000000000002 1750.0000000000002 3.5000000000000004 13.500000000000002 37.750000000000007 1.5000000000000002 63.306250000000013 1650.0000000000002 20.523076923076925 64.956250000000026 42.150000000000013 0.3011501880115019 9.5000000000000018 4.5000000000000009 56.500000000000007
decision_type=2 2 2 2 2 2 2 2 2 2 2 2 2 2 2 2 2 2 2 2
left_child=1 2 4 9 17 6 10 12 16 -4 -2 -10 -3 -14 -5 -12 -9 -1 -8 -6
right_child=5 7 3 14 19 -7 18 8 11 -11 15 -13 13 -15 -16 -17 -18 -19 -20 -21
leaf_value=0.0077819350997626003 -0.010170637915262192 0.0025871526446586512 -0.006442968359915412 0.019680256942622154 -0.017457052191435948 0.021761248314872025 0.0021506449558288737 -0.01585982132862182 -0.0025534324625391225 0.013539775696431219 0.0039963675330882851 0.0098423399066059486 0.0032407276385676333 -0.022818077653008941 0 0.017882941430947527 0.0011841427722242659 -0.0053152069883284593 -0.015718460873844542 -0.00095226937297297038
leaf_weight=14.227691314648839 3.0731781795620909 3.0567322566639659 20.736176725593399 16.937300643417988 7.6123637878335995 6.0309257954359046 3.4949927367269975 16.599643790046688 62.137116892961785 3.1679107397794715 37.056293201283552 16.347194796078838 0.93605533475056191 13.619897018652408 4.7500651096925131 9.2170969080179912 4.6415134221315375 7.9115247391164294 5.8366088205948472 2.7016134598525241
leaf_count=129 38 45 320 114 142 26 29 321 627 17 404 169 17 407 36 46 146 81 59 30
internal_value=0 -0.00228687 0.0026289 0.00792844 -0.00463848 0.00657694 0.00284257 -0.00560408 -0.00276355 -0.00113043 0.00640789 0.000466581 -0.01618 -0.0201804 0.0162245 0.00881935 -0.012369 0.00260575 -0.010258 -0.0157749
internal_weight=260.092 195.383 78.0446 45.5915 32.4532 64.7091 58.6782 117.338 99.7255 23.9041 49.3466 78.4843 17.6127 14.556 21.6874 46.2734 21.2412 22.1392 9.3316 10.314
internal_count=3203 2601 869 487 382 602 576 1732 1263 337 488 796 469 424 150 450 467 210 88 172
is_linear=0
shrinkage=0.0435066


Tree=104
num_leaves=19
num_cat=0
split_feature=16 4 4 7 17 11 6 5 11 4 2 6 7 5 11 9 11 8
split_gain=2.14684 4.43872 1.90024 2.38894 1.75725 2.33637 1.49033 2.00124 1.39148 0.823596 0.759165 0.707831 0.674858 0.607681 0.589935 0.570087 0.321222 0.312025
threshold=14.500000000000002 35.250000000000007 42.150000000000013 3.5000000000000004 77.610714285714309 0.10990338164251207 152.90000000000001 38.45000000000001 0.081666666666666665 36.150000000000013 9.5000000000000018 68.750000000000014 5.5000000000000009 71.350000000000009 0.11173533083645441 1.0000000180025095e-35 0.11500330469266355 2019.0000000000002
decision_type=2 2 2 2 2 2 2 2 2 2 2 2 2 2 2 2 2 2
left_child=2 11 3 4 5 -1 7 -5 15 14 -6 -2 -13 -4 -10 -3 -11 -17
right_child=1 8 13 6 10 -7 -8 -9 9 16 -12 12 -14 -15 -16 17 -18 -19
leaf_value=-0.014730936798548673 0.0025457657451733399 0 0.016385489741295653 -0.0019276348860965532 0.011181474973132302 0.0022941761269694451 -0.013359383843014905 0.010077767474487669 -0.0027980575463830955 0.00031248118154941117 -0.0052622563374333563 -0.017938595882149758 0.00090252117819254079 0 0.013896145287163613 0.0053443375430699694 -0.012337026670089556 0.022816605120874061
leaf_weight=57.555742971191648 2.8553994446992865 4.0667920522391823 6.3457376528531295 64.386580469552428 6.7532282252795977 16.671038541593589 5.8384348289109758 35.085456752218306 2.3891586221288872 3.5779487998224795 2.9368170045781881 8.7342393629951385 2.6563389748334876 4.9453488513827324 3.111791506758891 9.3993534168694186 2.3763327116612345 18.311300306580961
leaf_count=906 34 32 33 815 66 393 111 242 24 28 42 156 21 24 37 69 44 126
internal_value=-4.24431e-05 0.00688495 -0.00223104 -0.00344581 -0.00864665 -0.0109059 0.000870799 0.00257112 0.0135072 0 0.00546429 -0.0106585 -0.0142528 0.0113725 0.0082219 0.0174871 -0.00773695 0.0193303
internal_weight=257.997 57.4787 200.518 189.227 83.9168 74.2268 105.31 99.472 43.2327 11.4552 9.69005 14.246 11.3906 11.2911 5.50095 31.7774 5.95428 27.7107
internal_count=3203 571 2632 2575 1407 1299 1168 1057 360 133 108 211 177 57 61 227 72 195
is_linear=0
shrinkage=0.0435066


Tree=105
num_leaves=22
num_cat=0
split_feature=4 6 6 17 17 18 16 13 4 11 0 5 1 17 4 5 3 3 17 18 6
split_gain=4.18392 2.44367 2.13365 1.90873 2.56419 1.54507 1.40448 1.28518 1.15122 1.32024 1.0787 0.854655 1.26408 0.871215 0.692571 0.640146 1.9838 1.23001 0.57557 0.331851 0.176365
threshold=36.050000000000004 98.750000000000014 108.15000000000002 57.784065934065936 38.297916666666673 11.500000000000002 10.500000000000002 1.0000000180025095e-35 37.050000000000004 0.046256684491978554 1350.0000000000002 35.95000000000001 1.0000000180025095e-35 64.131490384615404 39.550000000000004 33.750000000000007 54.500000000000007 54.500000000000007 25.163750000000004 14.500000000000002 72.750000000000014
decision_type=2 2 2 2 2 2 2 2 2 2 2 2 2 2 2 2 2 2 2 2 2
left_child=7 6 14 4 -4 -5 20 10 9 -8 15 13 -13 -12 18 16 -1 -17 -3 -9 -2
right_child=1 2 3 5 -6 -7 8 19 -10 -11 11 12 -14 -15 -16 17 -18 -19 -20 -21 -22
leaf_value=-0.0088339327777579111 -0.0087269547092042876 0.0023302488742732372 0.0076482175024325484 0.00043747791661358725 -0.0090874552165854904 0.018253212808446564 -0.0043497196298918827 -0.022704589508667574 0.021195633539167199 0.011938546813496856 -0.017138890937114029 0.0034867395878330504 -0.011215038963344937 0.0023430826639488076 0.0018870782992770042 0.0066065348504386985 0.015332407448533258 -0.0084502410796973276 -0.016408967572765238 0 0.00062702535789910003
leaf_weight=4.946844471152871 1.9414160366868589 0.86653926735744136 23.640355735085905 19.102466786280274 33.937393540516496 14.556783632375298 11.177918322850021 5.7943275649449779 16.526354807429016 14.559721715049816 19.823592765023935 19.583334051072598 12.639695991761981 2.450674381107091 3.2205733391456297 9.4208162948489207 8.9460844304412586 22.466039001941681 14.373218131950123 0.74384074099361885 2.3326569679193199
leaf_count=100 39 18 243 226 330 83 100 421 103 135 331 106 137 38 44 65 99 171 389 5 36
internal_value=-0.000907075 0.00354348 -6.90354e-05 0.00275144 -0.00197996 0.0101041 0.0112111 -0.00733508 0.0135929 0.00510267 -0.00513141 -0.00891922 -0.00293662 -0.0146004 -0.0114929 0 0.00616088 -0.00337331 -0.0145017 -0.0209287 -0.00539283
internal_weight=263.051 156.235 109.697 91.237 57.5777 33.6593 46.5381 106.815 42.264 25.7376 100.277 54.4973 32.223 22.2743 18.4603 45.7798 13.8929 31.8869 15.2398 6.53817 4.27407
internal_count=3219 1746 1333 882 573 309 413 1473 338 235 1047 612 243 369 451 435 199 236 407 426 75
is_linear=0
shrinkage=0.0435066


Tree=106
num_leaves=20
num_cat=0
split_feature=4 0 13 0 5 17 17 16 5 17 3 5 3 10 5 1 10 18 18
split_gain=3.85685 1.82008 1.5056 1.52956 1.30585 1.38082 1.44122 1.26294 0.976996 1.06873 0.940467 0.879259 3.72691 1.79314 0.80235 1.56313 0.94236 0.360045 0.0101439
threshold=36.150000000000013 1650.0000000000002 1.0000000180025095e-35 1550.0000000000002 226.25000000000003 38.297916666666673 57.719780219780226 10.500000000000002 136.95000000000002 57.320833333333333 54.500000000000007 33.750000000000007 54.500000000000007 0.15677668539325842 35.95000000000001 1.0000000180025095e-35 0.20169491525423733 14.500000000000002 7.5000000000000009
decision_type=2 2 2 2 2 2 2 2 2 2 2 2 2 2 2 2 2 2 2
left_child=2 7 3 11 5 10 -7 18 9 -9 -3 12 -1 -13 16 -16 -5 -4 -2
right_child=1 4 17 14 -6 6 -8 8 -10 -11 -12 13 -14 -15 15 -17 -18 -19 -20
leaf_value=-0.012125836420210834 0 -0.0020853906484424515 -0.022954047955018115 0.0018164901715265601 0.011945191835557352 -0.0097411689941525586 0.0020139744767263597 0.019791354683941408 0 0 0.011116211008036206 0.0076861188733844477 0.018197258650972954 -0.0091276508237447384 0.0033162955761873373 -0.014054980338156935 -0.019192879010714259 0 -0.0060246529819885652
leaf_weight=6.8118486453313407 2.299600937170907 13.452616088208744 6.0965398639673358 2.6376785235479501 9.476794255897401 38.565311750629917 29.684535535634495 22.679448632989082 8.2116543240845186 7.2732323235832146 16.233577809063718 12.122847219929097 12.306062700226901 27.321482908912003 19.545849919319156 9.2559838602319342 15.444603685988112 0.72641549818217743 1.8455038741230962
leaf_count=148 52 190 450 44 55 479 398 177 47 67 181 77 132 224 106 104 265 5 18
internal_value=-0.000873244 0.00359926 -0.00679281 -0.0045975 0.000316483 -0.0013874 -0.00476378 0.0105725 0.013011 0.0160659 0.00555705 8.04221e-05 0.00666406 -0.00338384 -0.00992598 -0.00354438 -0.0160494 -0.0211449 -0.00516401
internal_weight=261.992 149.722 112.269 105.446 107.413 97.936 68.2498 42.3094 38.1643 29.9527 29.6862 58.5622 19.1179 39.4443 46.8841 28.8018 18.0823 6.82296 4.1451
internal_count=3219 1664 1555 1100 1303 1248 877 361 291 244 371 581 280 301 519 210 309 455 70
is_linear=0
shrinkage=0.0435066


Tree=107
num_leaves=16
num_cat=0
split_feature=4 27 27 4 6 10 13 0 5 6 4 5 4 10 18
split_gain=3.4742 1.80367 1.9647 2.36018 1.38518 1.25367 1.1474 1.37703 1.13027 1.06764 2.42481 1.02161 0.961241 0.79564 0.361357
threshold=36.050000000000004 4.5000000000000009 3.5000000000000004 37.650000000000013 110.25000000000001 1.0000000180025095e-35 1.0000000180025095e-35 1350.0000000000002 24.750000000000004 94.050000000000011 38.750000000000007 35.95000000000001 39.350000000000001 0.31123737373737376 14.500000000000002
decision_type=2 2 2 2 2 2 2 2 2 2 2 2 2 2 2
left_child=5 2 9 4 -4 -1 7 8 -7 13 -11 -9 -3 -2 -8
right_child=1 12 3 -5 -6 6 14 11 -10 10 -12 -13 -14 -15 -16
leaf_value=0.0093579001132777333 0.010291706131906993 -0.019343300408142475 0.0097063585266757724 0.020814728879270928 -0.0044426101023524664 0.009600624118265207 -0.02293055759240703 -0.016215591459745639 -0.0037601561993350608 -0.01434299552238528 0.0023344089148448341 -0.0033003529896745809 0.0030782794877491151 -0.004875103281265526 0
leaf_weight=2.8104116693139067 20.055141707416627 3.5876374929212025 19.548482478712685 18.560974907130003 19.664958995650522 10.361194411758332 5.4159309830283737 21.572930392576382 34.768859662115574 16.611073498730548 50.665903570014052 31.400742517784238 2.1965117361396551 3.3922177106142035 0.72693205252289761
leaf_count=20 198 57 157 115 260 159 420 366 266 418 494 237 17 30 5
internal_value=-0.000879628 0.00321498 0.00442278 0.0102451 0.00276866 -0.00671505 -0.00776439 -0.00558119 0 0.000173338 -0.00254985 -0.00992941 -0.01289 0.00717827 -0.021014
internal_weight=261.34 154.283 148.499 57.7744 39.2134 107.057 104.247 98.1037 45.1301 90.7243 67.277 52.9737 5.78415 23.4474 6.14286
internal_count=3219 1746 1672 532 417 1473 1453 1028 425 1140 912 603 74 228 425
is_linear=0
shrinkage=0.0435066


Tree=108
num_leaves=21
num_cat=0
split_feature=4 6 6 13 0 0 10 16 10 4 10 17 17 7 1 17 18 2 4 10
split_gain=3.38036 1.80775 2.47912 1.59421 1.51817 1.41726 1.57193 1.47246 1.08344 1.01945 0.989181 1.00512 0.906389 0.834523 0.649349 0.497683 0.474515 0.387575 0.335856 0.184501
threshold=36.650000000000013 98.750000000000014 108.65000000000002 1.0000000180025095e-35 1550.0000000000002 2200.0000000000005 0.12372448979591837 13.500000000000002 0.31123737373737376 36.95000000000001 0.28708791208791212 38.297916666666673 36.134375000000013 2.5000000000000004 1.5000000000000002 30.920238095238098 13.500000000000002 14.500000000000002 35.550000000000004 0.17846085802742148
decision_type=2 2 2 2 2 2 2 2 2 2 2 2 2 2 2 2 2 2 2 2
left_child=3 8 9 4 10 6 -4 -7 13 -3 12 -12 -1 19 -11 18 -5 -17 -6 -2
right_child=1 2 5 16 15 7 -8 -9 -10 14 11 -13 -14 -15 -16 17 -18 -19 -20 -21
leaf_value=-0.010312076462962928 -0.004060780938109779 0.0064300868340892731 -0.0052983964824839828 -0.022061459084366752 -0.0046106002813059077 -0.013526153628707046 0.010836829407345977 0.0075500889745531985 -0.0032303207510237524 0.0002208036162828764 0.016801975463344575 -0.0017035308283159037 0.00094781040051422909 0.019093394968804134 -0.015047797925898131 -0.011318837681986001 9.3519261359847163e-06 0 0.0071105806010466127 0.0044780582720171875
leaf_weight=11.370797094656153 2.7444092635996702 1.8610865799710179 9.1612103506922704 6.5799949836218721 2.1867570523172608 8.504392520291729 50.520239196252078 4.6737051135860375 3.6468670968897632 4.861360106617215 5.9783362736925465 6.4966479958966374 47.133116949815303 18.77348719118163 17.91047460626578 41.86127598467283 1.0964782005175946 7.9205326884984961 2.8621978964656591 3.2826967383734882
leaf_count=149 28 20 73 531 44 108 412 42 34 78 48 84 430 109 413 469 11 65 37 34
internal_value=-0.000719123 0.00423889 0.00101096 -0.00544837 -0.00358148 0.00511828 0.00793012 -0.005515 0.012763 -0.00934356 0.000568982 0.00935678 -0.00189995 0.0156192 -0.0121205 -0.00860816 -0.0196425 -0.00985195 0.00142569 0
internal_weight=259.426 125.94 97.4925 133.486 125.81 72.8595 59.6814 13.1781 28.4475 24.6329 70.9789 12.475 58.5039 24.8006 22.7718 54.8308 7.67647 49.7818 5.04895 6.02711
internal_count=3219 1351 1146 1868 1326 635 485 150 205 511 711 132 579 171 491 615 542 534 81 62
is_linear=0
shrinkage=0.0435066


Tree=109
num_leaves=15
num_cat=0
split_feature=25 6 25 13 10 2 9 6 14 3 2 6 1 16
split_gain=1.61542 2.02902 1.83082 1.74171 2.30812 1.71881 1.81155 1.33438 1.13569 0.963301 0.723751 0.658871 0.567891 0.36027
threshold=1.0000000180025095e-35 123.25000000000001 1.5000000000000002 1.0000000180025095e-35 0.24638060352346061 14.500000000000002 0.066081498999454216 163.45000000000002 1.5000000000000002 53.500000000000007 5.5000000000000009 108.55000000000001 1.0000000180025095e-35 13.500000000000002
decision_type=2 2 2 2 2 2 2 2 2 2 2 2 2 2
left_child=7 2 8 4 -4 6 12 9 -2 -1 -10 -5 -3 -9
right_child=1 5 3 11 -6 -7 -8 13 10 -11 -12 -13 -14 -15
leaf_value=0.0012076890064188991 -0.019887612072823368 0.0030319614255136453 -0.0018595419061141713 -0.016443941706850058 0.0082349353028514597 -0.0074832427810874545 -0.0055463551079924615 -0.0039501541160161082 0.0094388353114839337 -0.022272109136477387 -0.007970265041137398 0.00080495447258219016 0.022880144272657742 0.0080938464755633353
leaf_weight=2.4220252188388285 8.5486349170096201 7.2888361848890879 133.68192950426601 9.2136265010922198 54.943792901467532 3.8116579446941605 3.5801557938102624 2.4246855410747221 3.0337761340197167 8.5154720650752989 1.8892916943877933 3.4757476126542306 13.034532683668656 3.0939234017860144
leaf_count=29 157 66 1284 569 572 26 48 40 37 144 44 94 81 28
internal_value=-0.000780904 0.000217184 -0.00127281 0 0.00120602 0.0101026 0.0142403 -0.0118168 -0.0138314 -0.017986 0.00114295 -0.0125248 0.0186015 0.00269166
internal_weight=258.958 242.502 214.787 201.315 188.626 27.7152 23.9035 16.4561 13.4717 10.9375 4.92307 12.6894 20.3234 5.51861
internal_count=3219 2978 2757 2519 1856 221 195 241 238 173 81 663 147 68
is_linear=0
shrinkage=0.0435066


Tree=110
num_leaves=15
num_cat=0
split_feature=16 4 21 21 25 16 4 11 5 3 11 10 10 4
split_gain=4.30635 4.24462 2.03682 1.85537 2.77139 2.38579 2.06281 1.42584 1.20976 0.660555 0.553297 0.440599 0.759715 0.119274
threshold=11.500000000000002 38.550000000000004 1.0000000180025095e-35 1.0000000180025095e-35 1.5000000000000002 12.500000000000002 35.250000000000007 0.061862244897959155 83.950000000000017 51.500000000000007 0.10990338164251207 0.12372448979591837 0.19821428571428573 40.45000000000001
decision_type=2 2 2 2 2 2 2 2 2 2 2 2 2 2
left_child=9 3 -3 4 7 8 -6 -2 -5 -1 -7 13 -13 -4
right_child=1 2 11 5 6 10 -8 -9 -10 -11 -12 12 -14 -15
leaf_value=0.0006068518175547749 0 0.023609292552715499 -0.0053567419289307404 -0.0054940189961131857 -0.00098684150866895724 -0.02029565223686108 0.010450640884814443 -0.01758856167372903 0.011480812956623001 -0.01746472104495192 0 0.0113682620370573 -9.3071743352041655e-05 0.0011459974380660628
leaf_weight=2.719638217007744 15.8422064606566 13.40390505408868 3.5094754672609261 13.348007683875041 61.277855756343342 16.043361218296926 47.515709684463218 12.910830105887724 6.586383093148469 21.410835820483044 2.1453746990300706 20.405387016013265 15.40103107888717 3.6101286131888628
leaf_count=33 173 84 41 229 673 285 436 230 38 515 83 171 203 24
internal_value=-1.49546e-05 0.0019205 0.011651 -0.00144954 0.000943243 -0.00918562 0.00422945 -0.00968931 0.00118049 -0.0154034 -0.0182689 0.00509363 0.00694527 -0.00234889
internal_weight=256.13 232 56.3299 175.67 137.547 38.1231 108.794 28.753 19.9344 24.1305 18.1887 42.926 35.8064 7.1196
internal_count=3218 2670 523 2147 1512 635 1109 403 267 548 368 439 374 65
is_linear=0
shrinkage=0.0435066


Tree=111
num_leaves=17
num_cat=0
split_feature=16 4 21 24 16 21 5 4 4 10 22 11 3 4 16 10
split_gain=3.81029 3.47702 2.04755 3.03033 2.22143 1.7531 1.51252 1.43817 1.01195 0.555089 0.551065 0.5226 0.485351 0.524717 0.280374 0.209024
threshold=11.500000000000002 38.350000000000001 1.0000000180025095e-35 1.0000000180025095e-35 12.500000000000002 1.0000000180025095e-35 34.350000000000001 35.250000000000007 37.050000000000004 0.12372448979591837 1.0000000180025095e-35 0.15139116202945987 51.500000000000007 42.150000000000013 13.500000000000002 0.10818713450292396
decision_type=2 2 2 2 2 2 2 2 2 2 2 2 2 2 2 2
left_child=12 2 3 6 8 14 -2 -5 -4 15 -11 -6 -1 -14 -3 -7
right_child=1 5 4 7 11 9 -8 -9 -10 10 -12 -13 13 -15 -16 -17
leaf_value=0 -0.002766394560887155 0.0024266356472633071 -0.0057544337351397449 -0.015966393029143624 -0.021147467985299644 0.0017144644350465098 0.0096005618579376225 -0.0012512630476978848 0.0099886962158925192 0.0081994864316977164 -0.0038660760361239181 0.00011646672331877496 -0.018040968533305633 0.00030690888030565871 0.024207914219581177 -0.0072006307458399683
leaf_weight=2.6235208485741195 21.157161945593543 4.0857252508867523 12.652927416376771 13.467877689166924 14.212938040378502 3.0327067207545033 59.568559558130801 42.147547859232873 6.3445158877875647 35.044420731603168 3.4168291082605711 1.3272996677551407 19.256268972763795 1.8890517614781845 10.059525882359592 4.1226020092144608
leaf_count=33 396 33 213 255 274 29 393 459 48 369 48 52 505 10 60 41
internal_value=-5.80877e-05 0.00176122 -0.00141751 0.00103395 -0.00996819 0.0102479 0.00627936 -0.0062777 0.000316867 0.00445139 0.00649882 -0.0193768 -0.0146246 -0.0163516 0.0211537 -0.00366921
internal_weight=254.409 230.641 170.879 136.341 34.5377 59.7618 80.7257 55.6154 18.9974 45.6166 38.4612 15.5402 23.7688 21.1453 14.1453 7.15531
internal_count=3218 2670 2090 1503 587 580 789 714 261 487 417 326 548 515 93 70
is_linear=0
shrinkage=0.0435066


Tree=112
num_leaves=17
num_cat=0
split_feature=16 4 21 24 16 21 6 5 6 6 11 5 16 5 2 4
split_gain=3.53242 2.98246 2.01262 1.9856 1.96038 1.67897 1.34378 1.32086 1.01691 0.551066 0.524495 0.463821 0.771967 0.393011 0.389452 0.25556
threshold=11.500000000000002 38.350000000000001 1.0000000180025095e-35 1.0000000180025095e-35 12.500000000000002 1.0000000180025095e-35 111.45000000000002 35.95000000000001 60.95000000000001 130.55000000000004 0.10990338164251207 22.150000000000002 13.500000000000002 18.950000000000003 10.500000000000002 42.150000000000013
decision_type=2 2 2 2 2 2 2 2 2 2 2 2 2 2 2 2
left_child=14 2 3 7 8 9 -5 -2 -4 -3 -6 13 -13 -7 15 -1
right_child=1 5 4 6 10 11 -8 -9 -10 -11 -12 12 -14 -15 -16 -17
leaf_value=-0.016558506600196529 -0.00082013340817135643 0.023942176069477968 -0.0067407571803433375 -6.673758698085194e-05 -0.020709808446258318 0.0019587504906246728 -0.014082041451238442 0.0097698910993054087 0.0088073466158171826 0.00092179764661964609 0 0.012459740528052914 0 -0.0092860743899582654 0.00029875603225383536 0
leaf_weight=19.737325171241544 34.052127573522739 9.9866432207636517 11.040044554509224 41.932635801844299 13.457831585779784 11.160696328035554 13.275292954756877 46.478688862174749 8.0132543987128866 3.9184539201669386 1.9532542902743433 13.583564133383332 18.934196868678555 2.0310872973641372 1.6816262297797937 1.9950141459703434
leaf_count=515 524 58 205 506 251 193 208 265 56 35 75 104 164 26 22 11
internal_value=-1.49523e-05 0.00173082 -0.00121954 0.00121137 -0.00970967 0.00959665 -0.00473099 0.00545007 0 0.0203125 -0.0185854 0.00401614 0.00651983 -0.00175955 -0.0141329 -0.0154174
internal_weight=253.232 229.818 170.203 135.739 34.4644 59.6146 55.2079 80.5308 19.0533 13.9051 15.4111 45.7095 32.5178 13.1918 23.414 21.7323
internal_count=3218 2670 2090 1503 587 580 714 789 261 93 326 487 268 219 548 526
is_linear=0
shrinkage=0.0435066


Tree=113
num_leaves=23
num_cat=0
split_feature=16 4 16 5 4 4 5 17 3 22 6 9 6 17 23 17 4 4 3 14 5 4
split_gain=3.09817 2.81564 2.55499 2.0845 2.6069 2.52425 1.46109 1.96568 1.44904 1.40912 1.77835 1.25677 0.835983 0.444895 0.352591 0.144476 0.29105 0.212266 0.368202 0.0877568 0.0609165 0.0112342
threshold=11.500000000000002 35.250000000000007 15.500000000000002 34.550000000000004 33.650000000000013 34.550000000000004 286.80000000000001 39.314871794871806 55.250000000000007 1.0000000180025095e-35 71.65000000000002 0.039736842105263161 145.85000000000005 31.393269230769238 1.0000000180025095e-35 26.70097402597403 37.550000000000004 42.150000000000013 51.500000000000007 2.5000000000000004 34.350000000000001 36.750000000000007
decision_type=2 2 2 2 2 2 2 2 2 2 2 2 2 2 2 2 2 2 2 2 2 2
left_child=13 3 6 5 12 20 7 -3 -7 11 -11 -4 -5 15 -6 17 21 18 -1 -15 -2 -17
right_child=1 2 9 4 14 8 -8 -9 -10 10 -12 -13 -14 19 -16 16 -18 -19 -20 -21 -22 -23
leaf_value=0.0022551850697678857 -0.02647445284054166 0.0073308684629920188 0.0015553834476521328 0.0016806206877689226 -0.016284851851500835 -0.0092783742398129098 0.015334992383068704 -0.0036826324699633273 0.013346503634075317 -0.014243170646989826 0.010499487170340636 0.025928145615046236 0.016467482964513683 -0.019188253290472156 0 0 -0.0048483008666248854 0.0014376569872365569 -0.011736454497467396 0 -0.00065827959963680289 0.0068027584342822195
leaf_weight=1.0895157498307542 8.8070948694366979 41.522353393724188 7.2505894843488958 36.288096755743027 9.3551271017640811 4.4229691001819429 7.2325753644108763 78.021470139501616 3.8715013598557562 2.7854615637334081 6.8991586565971375 13.568414914654566 4.0078948512673369 9.5027102981694025 3.5786736123263827 1.6098485913826155 2.0412848433479667 1.4584258571267126 4.6256157638272271 1.2586063246708352 1.3473198562860478 1.592587274033576
leaf_count=12 195 467 56 258 91 158 40 1079 50 36 56 111 15 246 36 46 36 7 161 24 22 16
internal_value=8.38372e-05 0.00178948 0.00502079 -0.00499951 0 -0.015373 0.00188826 0.000244114 0.0018278 0.0151437 0 0.0202027 0.0054542 -0.0131206 -0.0134941 -0.00342465 0.000603185 -0.00599025 -0.00846526 -0.0182141 -0.0252496 0.00603527
internal_weight=252.137 228.959 157.28 71.6787 53.2298 18.4489 126.776 119.544 8.29447 30.5036 9.68462 20.819 40.296 23.1786 12.9338 12.4173 5.24372 7.17356 5.71513 10.7613 10.1544 3.20244
internal_count=3218 2670 1845 825 400 425 1586 1546 208 259 92 167 273 548 127 278 98 180 173 270 217 62
is_linear=0
shrinkage=0.0435066


Tree=114
num_leaves=21
num_cat=0
split_feature=16 4 21 6 6 4 21 16 6 6 3 0 11 17 6 2 17 4 4 14
split_gain=2.70201 2.82534 2.11892 1.79542 2.70032 2.22945 1.7658 1.53686 1.18118 0.613132 1.25597 0.527506 0.474752 0.466033 0.449843 0.322968 0.211516 0.292547 0.109337 0.0858143
threshold=11.500000000000002 38.350000000000001 1.0000000180025095e-35 111.85000000000001 145.85000000000005 35.250000000000007 1.0000000180025095e-35 12.500000000000002 60.95000000000001 108.95000000000002 54.500000000000007 2200.0000000000005 0.10990338164251207 31.393269230769238 130.55000000000004 9.5000000000000018 26.70097402597403 37.550000000000004 42.150000000000013 2.5000000000000004
decision_type=2 2 2 2 2 2 2 2 2 2 2 2 2 2 2 2 2 2 2 2
left_child=13 2 3 5 -5 -2 14 8 -4 10 -8 -11 -9 15 -3 16 18 -18 -1 -15
right_child=1 6 7 4 -6 -7 9 12 -10 11 -12 -13 -14 19 -16 -17 17 -19 -20 -21
leaf_value=-0.010356185183967378 -0.0016615464034530454 0.02363745589653846 -0.0081011462559266445 -0.012911562759493029 0.0082642083746884368 0.01085362959188697 -0.0097677647095824466 -0.019937491723523056 0.0086855660302767902 0.0098827641580860204 0.0070874928299503844 -0.0026540846992216902 0 -0.018419731722441126 0.0012822790517238226 0.0044344079392005034 0.005823668565416793 -0.0053329929194976125 0 0
leaf_weight=4.8265630997484568 50.899213741766289 9.9118514652363938 11.023004179121928 26.437019165721722 11.425982951885088 45.056348399608396 10.362812883453445 13.279098797007462 7.8860758130904278 21.384804653469477 9.8643686429131758 3.7212823256850234 1.9782879287376989 9.3203423271188495 3.8874585935845962 1.7842156969709311 2.8337845245841891 1.8026906417217103 1.1078575290739534 1.2370899592060585
leaf_count=162 586 58 205 386 126 405 164 251 56 148 137 38 75 246 35 26 52 32 6 24
internal_value=3.30161e-05 0.00163524 -0.00125742 0.00126185 -0.00601918 0.00443324 0.00931529 -0.00999369 -0.000272285 0.00365911 -0.00144714 0.007542 -0.0178919 -0.0123518 0.0202669 -0.00292242 -0.0059712 1.31264e-06 -0.00900481 -0.0174697
internal_weight=250.03 227.118 167.985 133.819 37.863 95.9556 59.1326 34.1665 18.9091 45.3333 20.2272 25.1061 15.2574 22.9125 13.7993 12.3551 10.5709 4.63648 5.93442 10.5574
internal_count=3218 2670 2090 1503 512 991 580 587 261 487 301 186 326 548 93 278 252 84 168 270
is_linear=0
shrinkage=0.0435066


Tree=115
num_leaves=16
num_cat=0
split_feature=16 10 11 5 7 11 10 17 13 2 5 5 28 18 5
split_gain=2.63976 1.59804 1.50191 1.09312 1.15346 2.26837 1.32066 1.04287 0.985867 0.635982 0.462879 0.709531 0.436194 0.296352 0.011748
threshold=15.500000000000002 0.34761152783260957 0.022321428571428555 304.15000000000003 3.5000000000000004 0.060915275200989459 0.12771739130434781 70.947836538461544 0.36666666666666675 4.5000000000000009 34.050000000000004 166.40000000000001 0.47500000000000003 6.5000000000000009 41.350000000000001
decision_type=2 2 2 2 2 2 2 2 2 2 2 2 2 2 2
left_child=1 3 10 4 5 -1 -6 9 12 14 -2 -12 -3 -14 -4
right_child=2 8 7 -5 6 -7 -8 -9 -10 -11 11 -13 13 -15 -16
leaf_value=-0.000797948223042329 0.0046505471712270548 0 0.0013970473565901663 0.0091743071885340404 -0.01281329593292691 -0.014688000695848013 0.0012570644522098603 -0.0022941091655837324 -0.0068948279865024163 0.018601991211956371 -0.014535146187773764 0.0027756559272079035 0.017843137135265929 0.00015948907320457344 -0.00072701617198636952
leaf_weight=50.10727404023055 2.9910316341556591 4.2200010302476612 2.5117384758777979 6.2153824605047694 7.9629330901661879 37.382104065036401 89.373304501874372 4.1106858324492341 1.3978656445397053 22.299095459282398 3.4177195918746293 3.6021533105522394 8.1420593820512277 3.5218083756044498 2.2153039332479239
leaf_count=651 46 49 51 36 93 651 987 47 176 202 38 20 89 31 16
internal_value=5.51414e-05 -0.00196255 0.00935331 -0.00323022 -0.00399826 -0.00744677 -0.000528834 0.0134873 0.00867485 0.0161673 -0.00314332 -0.00784836 0.0121019 0.0150288 0
internal_weight=249.47 208.323 41.1477 191.041 184.826 87.4894 97.3362 31.1368 17.2817 27.0261 10.0109 7.01987 15.8839 11.6639 4.72704
internal_count=3183 2763 420 2418 2382 1302 1080 316 345 269 104 58 169 120 67
is_linear=0
shrinkage=0.0435066


Tree=116
num_leaves=20
num_cat=0
split_feature=16 4 4 16 10 5 9 17 5 22 10 17 10 8 10 10 1 17 9
split_gain=2.19997 4.81904 2.16985 2.56591 2.21716 1.96171 2.77677 2.05204 1.4051 1.34237 0.936775 0.832324 0.505991 0.453457 0.276586 0.149949 0.104601 0.103835 0.0545537
threshold=15.500000000000002 35.250000000000007 39.650000000000013 12.500000000000002 0.21182053494391712 38.45000000000001 0.060024009603841501 37.151190476190479 304.15000000000003 1.0000000180025095e-35 1.0000000180025095e-35 70.480769230769241 0.29669386002576215 2019.0000000000002 0.18734335839598995 0.14511278195488717 3.5000000000000004 38.297916666666673 0.039736842105263161
decision_type=2 2 2 2 2 2 2 2 2 2 2 2 2 2 2 2 2 2 2
left_child=2 12 4 13 8 7 -7 -6 10 18 -1 -5 15 -4 -11 -2 -13 -15 -3
right_child=1 9 3 11 5 6 -8 -9 -10 14 -12 16 -14 17 -16 -17 -18 -19 -20
leaf_value=0.0028153064149181576 -0.0011136099563415652 0.0057157127724433718 0.00052864275517996539 0.016815784957693949 0.0070571869027975373 0.018631452045807961 -0.003777743714502279 -0.008093678707163373 0.0067882311314887509 0.0052474425954812135 -0.012872361696969795 0.0032950920311409313 0.0017091902421709374 0 -0.0045957535316172929 -0.016299654849659256 -0.0028525865419561586 -0.014204426047543585 0.025164496582912432
leaf_weight=4.6007872382178894 4.2237742450088245 6.6835861003492054 5.7450894555076939 19.534282482229177 17.4097404780332 15.09246762096882 15.633692022878675 52.168525246554054 3.9973001331090918 5.1221157584805059 59.938261864590459 3.9239437589421859 2.3508263982366762 2.1359106516465545 3.2209681043750606 5.687559399055317 3.8835088568739593 3.708583171479404 13.479145633988081
leaf_count=42 38 53 47 146 379 63 161 861 24 39 896 33 48 32 37 93 39 40 112
internal_value=-1.19557e-05 0.00844307 -0.00192427 0.00654345 -0.00410481 2.56036e-05 0.00829314 -0.00389058 -0.00976131 0.0172755 -0.0114566 0.0130781 -0.0104229 -0.007475 0.000420587 -0.0134501 0 -0.0122883 0.022066
internal_weight=248.54 40.768 207.772 38.9313 168.841 100.304 30.7262 69.5783 68.5363 28.5058 64.539 27.3417 12.2622 11.5896 8.34308 9.91133 7.80745 5.84449 20.1627
internal_count=3183 420 2763 337 2426 1464 224 1240 962 241 938 218 179 119 76 131 72 72 165
is_linear=0
shrinkage=0.0435066


Tree=117
num_leaves=22
num_cat=0
split_feature=4 27 27 6 6 4 7 1 11 5 18 8 6 6 2 10 4 2 10 5 5
split_gain=2.15718 2.19767 2.72949 1.7056 2.43484 1.63537 2.14412 1.47952 1.40063 1.27466 1.94369 1.24447 0.997807 0.835307 0.656695 0.627917 0.529699 0.2021 0.0511045 0.0210853 0.000761566
threshold=36.050000000000004 4.5000000000000009 3.5000000000000004 111.95000000000002 123.25000000000001 41.050000000000004 3.5000000000000004 4.5000000000000009 0.11173533083645441 35.650000000000013 8.5000000000000018 2021.5000000000002 71.050000000000011 145.85000000000005 11.500000000000002 0.19821428571428573 39.050000000000004 11.500000000000002 0.36397058823529416 13.550000000000002 7.7500000000000009
decision_type=2 2 2 2 2 2 2 2 2 2 2 2 2 2 2 2 2 2 2 2 2
left_child=7 2 5 17 -5 6 -2 9 19 10 11 -1 14 -14 -11 -7 -3 -4 -10 20 -9
right_child=1 16 3 4 -6 15 -8 8 18 12 -12 -13 13 -15 -16 -17 -18 -19 -20 -21 -22
leaf_value=-0.016583721069674439 -0.0087195897937329542 -0.019309306387540023 0.021630122303297319 -0.0099932116159930241 0.011032244985351809 0.013582666575042176 0.0061823794944958245 0 0.0050717352501881714 0.00967266434074808 0.0077689852066441202 0.0018531634125936703 -0.0089328506962578352 0.006275642523126109 -0.0011924567180406696 -6.9696788906983067e-05 8.4695467705284537e-05 0.0023065140236442649 0 -0.02163725660431471 -0.00076743780987693618
leaf_weight=21.568179436610084 44.490860652236734 3.0774628994986406 18.111986692529175 9.9578631084878015 22.025100773549639 11.768921241164209 22.050912694307044 0.68834212038200238 2.0185622323770072 23.311407464556396 6.4631101940758517 6.3643416338600209 15.393249678425493 3.7584956232458344 11.947880289517341 7.4899339396506539 2.2253408189862967 4.1160139245912424 0.92498021537903685 9.2017319421283883 0.80237992014735937
leaf_count=493 705 51 167 160 181 74 301 36 44 151 47 224 145 24 69 54 20 32 45 128 32
internal_value=0 0.00337409 0.00475547 0.0118161 0.00364091 -0.000115735 -0.00353247 -0.00464868 -0.0154228 -0.0019474 -0.00784352 -0.0125347 0.00205477 -0.00472028 0.00613814 0.00920715 -0.014759 0.0197365 0.00360313 -0.0206268 -0.000598593
internal_weight=247.757 145.314 140.012 54.211 31.983 85.8006 66.5418 102.443 13.636 88.8067 34.3956 27.9325 54.411 19.1517 35.2593 19.2589 5.3028 22.228 2.94354 10.6925 1.49072
internal_count=3183 1745 1674 540 341 1134 1006 1438 285 1153 764 717 389 169 220 128 71 199 89 196 68
is_linear=0
shrinkage=0.0435066


Tree=118
num_leaves=20
num_cat=0
split_feature=16 4 4 16 10 2 2 22 6 9 6 17 10 16 8 6 10 17 10
split_gain=2.108 4.54713 2.30902 2.49261 1.71281 1.9931 1.38246 1.24826 1.24276 1.56548 1.56036 0.827737 0.693423 0.634301 0.485988 0.268359 0.242268 0.113863 0.0573074
threshold=15.500000000000002 35.250000000000007 39.650000000000013 12.500000000000002 0.21182053494391712 4.5000000000000009 7.5000000000000009 1.0000000180025095e-35 91.15000000000002 0.093841642228739017 89.450000000000017 70.480769230769241 0.29669386002576215 10.500000000000002 2019.0000000000002 110.75000000000001 0.18734335839598995 38.297916666666673 0.14511278195488717
decision_type=2 2 2 2 2 2 2 2 2 2 2 2 2 2 2 2 2 2 2
left_child=2 12 4 14 8 13 -7 -3 10 -10 -1 -5 18 -6 -4 -13 -9 -16 -2
right_child=1 7 3 11 5 6 -8 16 9 -11 -12 15 -14 -15 17 -17 -18 -19 -20
leaf_value=-0.0069301611519104744 -0.0017253797750382642 0.021773945279468198 0.0010693844156512457 0.017143577587685224 -0.0042733769301307838 -0.012763451442336716 -2.8640115317122361e-05 0.0050717718766456277 -0.01552130387968924 0.0067754152665356346 0.011477947143768621 -0.0044884547258554463 0.0031867154010463213 0.010734436651814163 0 0.0053850834023540569 -0.0041153147328267551 -0.013954257315376341 -0.015876738002119525
leaf_weight=20.159934209426869 4.2920899721793813 19.876740613253787 5.6192206204868835 19.470948739908639 1.7430699244141603 17.180263558169827 55.737027579802088 5.1311484354082513 38.73648212372791 2.4776664972305289 6.3462618738412848 4.1075536645948878 2.4568555469159028 24.561376015481073 2.1303443922661245 3.6184964627027512 3.1938686296343803 3.7218834036029875 5.7952859326032922
leaf_count=311 38 165 47 146 101 337 702 39 580 20 51 49 48 324 32 23 37 40 93
internal_value=8.15008e-05 0.00842531 -0.00173255 0.00701754 -0.00400489 -0.00015134 -0.00395689 0.0171034 -0.00900639 -0.0132278 -0.000822461 0.0134193 -0.00973341 0.00878202 -0.00696311 0 0.000609157 -0.01199 -0.0135025
internal_weight=246.357 40.746 205.611 38.6684 166.942 99.2217 72.9173 28.2018 67.7203 41.2141 26.5062 27.197 12.5442 26.3044 11.4714 7.72605 8.32502 5.85223 10.0874
internal_count=3183 420 2763 337 2426 1464 1039 241 962 600 362 218 179 425 119 72 76 72 131
is_linear=0
shrinkage=0.0435066


Tree=119
num_leaves=20
num_cat=0
split_feature=4 9 21 2 4 22 24 0 10 18 17 3 8 17 11 11 8 17 4
split_gain=2.17831 2.19394 1.55394 1.43048 1.1593 2.05114 1.23798 1.14925 1.06254 1.35296 1.11295 1.03187 1.00979 0.995178 0.722506 0.579314 0.387566 0.377598 0.342538
threshold=38.350000000000001 0.045478036175710557 1.0000000180025095e-35 1.5000000000000002 35.150000000000013 1.5000000000000002 1.0000000180025095e-35 2200.0000000000005 1.0000000180025095e-35 13.500000000000002 44.24807692307693 54.500000000000007 2021.5000000000002 73.214285714285722 0.031372549019607808 0.13873626373626372 2019.0000000000002 30.920238095238098 41.050000000000004
decision_type=2 2 2 2 2 2 2 2 2 2 2 2 2 2 2 2 2 2 2
left_child=1 8 4 -4 6 -6 -3 11 -1 10 -10 14 -5 17 16 -16 -2 -13 -9
right_child=7 2 3 12 5 -7 -8 18 9 -11 -12 13 -14 -15 15 -17 -18 -19 -20
leaf_value=0.0040116970886677596 -0.00055371023823224427 0.0019263601548221117 0.0089371283411356951 -0.017025818207488233 0.0096662681044459298 -0.013753577926911797 -0.011953080493469603 -0.0097313657640492098 -0.0042266198330028837 0.0019099070829533442 -0.021811468494994352 0 0.00015233811645035198 -0.0026703816834733069 -0.0049262699928501602 0.0071197991835305202 0.012688635946065721 0.018578985201423939 0.0021072693873839055
leaf_weight=5.1527307489886871 3.2495771469548327 44.647532109520398 2.3098331510555026 13.81476328574354 51.033725699526258 1.9678254504688073 9.304889807244761 4.6004658811725667 17.539036187808961 8.1672900225967151 16.858777341316454 2.7849968643859091 7.6668230914510778 2.9378174295416093 20.610542703885589 3.7532873983727759 7.5789955453947186 19.782293432857841 2.7460963279008865
leaf_count=41 31 436 22 237 691 39 206 59 303 52 283 35 167 42 244 44 62 172 17
internal_value=0.000155986 -0.0023386 0.000611468 -0.00808267 0.00298734 0.00721681 -0.00133101 0.00646633 -0.00970964 -0.011888 -0.0151927 0.00849227 -0.0119267 0.0142986 0.00246615 -0.00163349 0.00941902 0.0169573 -0.00566922
internal_weight=246.507 178.463 130.745 23.7914 106.954 53.0016 53.9524 68.0441 47.7178 42.5651 34.3978 60.6975 21.4816 25.5051 35.1924 24.3638 10.8286 22.5673 7.34656
internal_count=3183 2477 1798 426 1372 730 642 706 679 638 586 630 404 249 381 288 93 207 76
is_linear=0
shrinkage=0.0435066


Tree=120
num_leaves=17
num_cat=0
split_feature=25 6 4 5 4 7 17 5 17 17 6 5 1 4 9 6
split_gain=2.03493 3.36467 1.86031 1.65502 2.29825 2.9685 2.8775 3.38027 1.321 1.30543 1.28729 1.12509 0.892185 0.877217 0.861482 0.484127
threshold=2.5000000000000004 60.550000000000004 35.150000000000013 304.15000000000003 39.45000000000001 2.5000000000000004 47.027243589743591 35.650000000000013 107.49404761904763 75.546428571428592 70.050000000000011 141.75000000000003 3.5000000000000004 37.050000000000004 0.069187089061566009 112.45000000000002
decision_type=2 2 2 2 2 2 2 2 2 2 2 2 2 2 2 2
left_child=3 13 10 4 6 15 7 -1 -8 -7 12 14 -3 -2 -4 -6
right_child=1 2 11 -5 5 9 8 -9 -10 -11 -12 -13 -14 -15 -16 -17
leaf_value=-0.010015989858719883 -0.016585395305895759 0.0024567846653584468 0.022731816779968769 0.01224538984487961 -0.016836020677411259 0.013865650364670509 -0.015704355291833966 0.0057155039089544302 0.0058205785819617469 -0.005214145063643664 0.010802734943369514 0 -0.015688094010265222 0.0045329538562786644 0.0026150375735458915 0.00027053168115863575
leaf_weight=37.767646491061896 6.9619506861781684 4.9934468560386431 21.891659403918315 8.3342405557632429 4.4584006199147543 30.186217043781653 41.981040274607949 55.318820174783468 2.0242633731104425 3.8925034240819505 3.7181952048558733 7.2099545877426854 5.2379970483016223 1.0746697075664995 8.2726372745819372 2.5413938155397773
leaf_count=837 191 86 184 48 68 231 781 399 21 36 48 39 98 6 93 25
internal_value=0.000527171 0.00714747 0.0114106 -0.00169792 -0.00281376 0.00550968 -0.0055148 -0.000803775 -0.0138918 0.010951 -0.00124211 0.0158458 -0.00872091 -0.0123041 0.0189341 -0.012744
internal_weight=245.865 59.3605 51.3239 186.505 178.17 41.0785 137.092 93.0865 44.0053 34.0787 13.9496 37.3743 10.2314 8.03662 30.1643 6.99979
internal_count=3191 745 548 2446 2398 360 2038 1236 802 267 232 316 184 197 277 93
is_linear=0
shrinkage=0.0435066


Tree=121
num_leaves=14
num_cat=0
split_feature=25 4 16 13 5 16 21 11 4 2 9 9 3
split_gain=1.92727 1.9696 2.29871 1.35587 1.22849 1.19684 1.18127 1.90023 1.84639 0.65049 0.491752 0.406638 0.179179
threshold=1.5000000000000002 39.150000000000013 13.500000000000002 0.70833333333333337 269.55000000000007 9.5000000000000018 1.0000000180025095e-35 0.026671408250355601 36.550000000000004 10.500000000000002 0.048115079365079354 0.21704464918497518 54.500000000000007
decision_type=2 2 2 2 2 2 2 2 2 2 2 2 2
left_child=1 4 -3 5 9 12 8 -8 -7 11 -11 -1 -2
right_child=3 2 -4 -5 -6 6 7 -9 -10 10 -12 -13 -14
leaf_value=-0.018917834642144277 -0.012282739902111203 -0.007962133981615549 0.020607980213504382 -0.013730921622932839 0.0048451397577095618 0.0032467899127396759 0.0095956138022530463 -0.003951939295406613 0.016640314655631337 -0.0093201093112498124 0.0034569370298117874 0 0
leaf_weight=19.819142200634822 3.9883320460794485 5.1442610267549735 3.8469521142542362 2.8092169669107525 3.6122251935303202 87.74658624350559 21.071983175817877 61.133051923592575 21.812093127053231 3.0512491017580015 7.0483363785315305 1.3859357924666245 1.5532265766523776
leaf_count=375 124 47 16 378 22 921 211 766 138 39 88 28 38
internal_value=0.000606012 -0.0069856 0.00713546 0.00248825 -0.0114153 0.00320023 0.00395859 0 0.00678462 -0.0140694 -0.0019384 -0.01767 -0.010164
internal_weight=244.023 43.9081 8.99121 200.114 34.9169 197.305 191.764 82.205 109.559 31.3047 10.0996 21.2051 5.54156
internal_count=3191 615 63 2576 552 2198 2036 977 1059 530 127 403 162
is_linear=0
shrinkage=0.0435066


Tree=122
num_leaves=22
num_cat=0
split_feature=6 4 4 7 5 5 21 4 17 2 6 6 4 5 5 11 6 6 17 4 10
split_gain=1.9347 2.55519 2.22604 2.33206 2.17766 2.15936 2.49675 2.41404 1.88945 1.51933 1.12664 2.03779 0.862419 0.852253 0.819066 0.677935 0.732724 0.659843 0.502783 0.465319 0.0855235
threshold=104.45000000000002 36.550000000000004 39.150000000000013 2.5000000000000004 269.55000000000007 37.750000000000007 1.0000000180025095e-35 33.650000000000013 31.624747474747476 11.500000000000002 152.90000000000001 109.95000000000002 34.95000000000001 31.250000000000004 71.350000000000009 0.072478991596638606 91.15000000000002 60.550000000000004 52.328846153846165 43.000000000000007 0.29669386002576215
decision_type=2 2 2 2 2 2 2 2 2 2 2 2 2 2 2 2 2 2 2 2 2
left_child=1 5 4 19 8 6 12 -7 13 -10 11 -5 -1 -2 -9 16 -3 -8 20 -4 -17
right_child=2 15 3 10 -6 7 17 14 9 -11 -12 -13 -14 -15 -16 18 -18 -19 -20 -21 -22
leaf_value=-0.0041404771199514308 -0.0051241226833493572 0.021074299155498879 -0.015966594565607225 0 0.010110231584460132 0.019046439799636713 -0.023651034434728935 -0.0089013655908557702 -0.016748060351964099 -0.00035755756537682282 -0.0048219948982171921 0.020277256677273307 0.0073191973151033336 0.010057884339353965 0.0038754761264819522 0.0092680441027571982 0 0.00042249616614996511 -0.0058738822760930247 0.0008154746264488179 0
leaf_weight=26.129839964560233 7.3711906267562863 15.954018500633543 4.6523190950974813 17.295863234670833 6.3172448575496665 12.964104011654852 7.0248702756362018 7.9960331651382175 42.095349700772204 15.734278705320319 5.2034571710973969 15.504057759419082 13.508420534082687 7.4515672265551984 20.531988625880331 3.138690725900231 3.8359581581316879 1.3425517696887252 3.0123526719398797 2.022106721997261 3.2047828729264438
leaf_count=375 220 111 81 204 35 46 194 94 828 212 48 88 269 72 153 20 39 26 30 11 35
internal_value=0.000620436 0.00450084 -0.00306448 0.00418157 -0.00728808 0.000428337 -0.00541953 0.00722126 -0.00963581 -0.0129329 0.00865773 0.0114972 2.86781e-05 0.00277682 -0.000407618 0.0143604 0.0180733 -0.0206179 0.00167618 -0.0122276 0.00720441
internal_weight=242.291 118.644 123.647 44.6778 78.9696 89.4978 48.0057 41.4921 72.6524 57.8296 38.0034 32.7999 39.6383 14.8228 28.528 29.1458 19.79 8.36742 9.35583 6.67443 6.34347
internal_count=3191 1392 1799 432 1367 1157 864 293 1332 1040 340 292 644 292 247 235 150 220 85 92 55
is_linear=0
shrinkage=0.0435066


Tree=123
num_leaves=19
num_cat=0
split_feature=25 7 18 4 21 0 5 2 5 9 9 27 9 1 0 4 4 9
split_gain=1.63407 1.94257 1.67929 1.50122 2.02198 1.84558 1.60081 1.17825 0.872661 0.814643 0.769982 0.627468 0.593055 0.54932 0.424025 0.417317 0.294384 0.0431804
threshold=1.5000000000000002 2.5000000000000004 10.500000000000002 38.050000000000004 1.0000000180025095e-35 1550.0000000000002 35.650000000000013 11.500000000000002 269.55000000000007 0.042791762013729959 0.17515516611902152 3.5000000000000004 0.029513888888888853 1.5000000000000002 1350.0000000000002 43.000000000000007 37.050000000000004 0.066081498999454216
decision_type=2 2 2 2 2 2 2 2 2 2 2 2 2 2 2 2 2 2
left_child=7 2 14 4 6 -6 -3 8 10 -9 13 12 -5 -1 16 -16 -2 -11
right_child=1 3 -4 11 5 -7 -8 9 -10 17 -12 -13 -14 -15 15 -17 -18 -19
leaf_value=0 -0.0062947168093970777 -0.0019441682233117695 0.0061631933568191211 -0.0013667215970908006 0.001359147890046942 -0.016688959011916041 0.0088035040445084579 -0.0061956237694471318 0.0041806772092072746 0.011960501744597486 0.0027068721694314319 0.0220026098466292 0.0088923065298329215 -0.016712941137058675 -0.019526131099714267 0 0.0051199578375677899 0.00045100232981218829
leaf_weight=4.7989375311881366 1.7235688855871583 38.746317041339353 5.9318956192582837 10.276640552096067 20.049613464507274 12.820924354018642 57.840602483600378 3.5536417402327043 2.9375788141041985 3.9308962479699403 2.5872432498726985 3.1840331852436057 33.334837695467286 21.73708599852398 9.7796822420787048 1.4526914097368706 2.2840032130479813 3.2985041930805892
leaf_count=76 74 695 42 97 280 264 358 37 20 23 49 13 425 357 300 9 19 53
internal_value=0.00069645 0.00243437 -0.00831662 0.0040314 0.00133761 -0.00702121 0.00454396 -0.00637194 -0.0101507 0.00387251 -0.012379 0.0102202 0.00641053 -0.0143983 -0.0145735 -0.0174803 0 0.0101453
internal_weight=240.269 197.425 21.1718 176.253 129.457 32.8705 96.5869 42.8439 32.0608 10.783 29.1233 46.7955 43.6115 26.536 15.2399 11.2324 4.00757 7.2294
internal_count=3191 2576 444 2132 1597 544 1053 615 502 113 482 535 522 433 402 309 93 76
is_linear=0
shrinkage=0.0435066


Tree=124
num_leaves=24
num_cat=0
split_feature=6 4 6 0 7 9 4 2 21 2 9 10 6 3 28 11 23 18 6 7 28 6 6
split_gain=1.69776 2.47529 2.00369 2.11429 3.14594 3.34656 1.39438 1.71601 1.16699 1.73708 1.09719 1.04491 1.43414 1.18655 0.773282 0.928293 0.738641 0.94536 0.565324 0.263574 0.214464 0.197923 0.0468658
threshold=104.45000000000002 36.550000000000004 108.15000000000002 1900.0000000000002 2.5000000000000004 0.029513888888888853 39.45000000000001 11.500000000000002 1.0000000180025095e-35 2.5000000000000004 1.0000000180025095e-35 0.17519181585677748 162.85000000000005 53.500000000000007 0.76666666666666672 0.022321428571428555 1.5000000000000002 5.5000000000000009 112.45000000000002 4.5000000000000009 0.47500000000000003 70.850000000000009 61.150000000000013
decision_type=2 2 2 2 2 2 2 2 2 2 2 2 2 2 2 2 2 2 2 2 2 2 2
left_child=1 8 6 4 18 -6 7 20 14 -10 -11 13 -13 -5 21 -16 17 22 -4 -9 -2 -1 -3
right_child=2 16 3 11 5 -7 -8 19 9 10 -12 12 -14 -15 15 -17 -18 -19 -20 -21 -22 -23 -24
leaf_value=0 -0.00019708786328033194 -0.0030511353419498091 -0.017628419056008846 -0.010743764254990363 -0.0087476990218162357 0.015045178638779232 0.0045605440375448081 -0.0026084971888825719 0.007520759871324242 0.0045006452115746295 -0.018338260816033854 -0.016255762543521495 0.0049665046810282026 0.006281928704189148 -0.0060790888159579053 0.0069588605735378941 -0.00048444230697821696 0.019348765921660741 0 0.0082476627920950417 -0.024575664416130953 -0.0092714078574099284 0.0012312378727968841
leaf_weight=6.6214042810024676 1.6997367849107892 1.8611319167539542 4.7170576358912495 5.2756720390170839 9.4681926607154292 39.421414709067903 3.1808914686553171 2.4996190854581068 4.6635124671738621 1.4841088149696577 11.571744484710505 18.789611153420996 3.7416425272822371 15.918973427498711 6.3984753226395688 54.468216615729034 4.0161154475063077 20.758635729551315 4.4292104658670723 1.2367989192716775 11.328676301287485 3.6318710064515471 2.074225083226338
leaf_count=84 42 30 127 64 86 377 42 68 39 18 227 375 52 139 98 624 33 134 74 13 340 67 38
internal_value=0.00071289 0.00435637 -0.00277012 0 0.00521188 0.00976862 -0.0134351 -0.017603 0.000344177 -0.00790035 -0.0145934 -0.00668973 -0.0120612 0.000150552 0.00301875 0.00498343 0.0141252 0.016429 -0.0124325 0.00296078 -0.0230366 -0.00544795 -0.000469984
internal_weight=239.257 117.549 121.707 101.762 58.0359 48.8896 19.9457 16.7648 88.8393 17.7194 13.0559 43.7259 22.5313 21.1946 71.12 60.8667 28.7101 24.694 9.14627 3.73642 13.0284 10.2533 3.93536
internal_count=3191 1392 1799 1294 664 463 505 463 1157 284 245 630 427 203 873 722 235 202 201 81 382 151 68
is_linear=0
shrinkage=0.0435066


Tree=125
num_leaves=24
num_cat=0
split_feature=16 4 6 5 24 4 11 16 10 4 4 1 21 2 2 10 10 18 5 11 18 10 10
split_gain=2.02851 2.53676 2.29406 2.11298 1.48645 1.58729 1.53893 1.23101 1.14031 1.44355 2.30088 1.34081 1.04543 1.68426 1.41339 0.989707 0.978104 0.796503 0.735178 0.608109 0.514728 0.482493 0.13914
threshold=12.500000000000002 38.550000000000004 109.85000000000001 146.60000000000005 1.0000000180025095e-35 35.250000000000007 0.031372549019607808 13.500000000000002 0.16374829001367988 36.95000000000001 38.45000000000001 1.5000000000000002 1.0000000180025095e-35 2.5000000000000004 3.5000000000000004 0.34761152783260957 0.16987179487179482 11.500000000000002 59.650000000000006 0.16025641025641021 10.500000000000002 0.24454200284765068 0.11834733893557421
decision_type=2 2 2 2 2 2 2 2 2 2 2 2 2 2 2 2 2 2 2 2 2 2 2
left_child=8 4 7 -4 12 22 -7 20 11 15 -11 -1 14 -14 -2 16 -10 -13 -9 -17 -3 -12 -6
right_child=1 2 3 -5 5 6 -8 18 9 10 21 17 13 -15 -16 19 -18 -19 -20 -21 -22 -23 -24
leaf_value=0.0029937255565575653 -0.0066647189344019031 0.01434825291125294 0.023324657135349421 -0.0033158535323631784 0 -0.011127304592237725 0.004024566427396791 -0.012664693963031293 0.0038223553553675027 0.016724491402329004 0.0016722142959899032 -0.021478186034731533 0.0091674514138387637 -0.013657311089637469 0.0070493475796048321 0.011475239193163433 -0.017732528930415593 0 0.0015207834135893778 -0.0054348743654946069 -0.0013952561902623372 -0.011665614911459156 -0.018628042191444486
leaf_weight=4.2200230956077602 11.670595850562675 5.1472301150206503 18.269974907860163 4.5883478317409745 1.3438040211331088 13.157535224454476 28.686877687228844 7.4509671885753077 1.6884800703264762 9.2833669930696505 4.5703541485127044 13.521569939912299 3.4480646768352008 10.785086210467851 62.749170940485783 1.8744825433241197 10.736780927050857 2.9722083415836087 9.1420024987310153 1.4285520558478308 2.7552196010947227 5.3944852701388299 9.9139622389338893
leaf_count=44 143 57 119 30 14 161 388 149 22 101 48 239 35 223 605 38 349 24 78 67 22 85 222
internal_value=-0.000321158 0.0018223 0.0098864 0.018085 -0.00111974 -0.00651046 -0.00138894 0 -0.00719005 -0.00138563 0.00558267 -0.0139441 0.00222811 -0.0064999 0.00441078 -0.00950339 -0.0139644 -0.0183359 -0.00618836 0.00438273 0.0100109 -0.00669473 -0.0174915
internal_weight=244.799 189.109 47.3537 22.8583 141.755 53.1022 41.8444 24.4954 55.6903 34.9765 19.2482 20.7138 88.6529 14.2332 74.4198 15.7283 12.4253 16.4938 16.593 3.30303 7.90245 9.96484 11.2578
internal_count=3263 2246 455 149 1791 785 549 306 1017 710 234 307 1006 258 748 476 371 263 227 105 79 133 236
is_linear=0
shrinkage=0.0435066


Tree=126
num_leaves=14
num_cat=0
split_feature=10 5 22 17 17 9 27 7 2 17 6 1 0
split_gain=1.25739 1.96852 2.16889 1.18043 1.43349 0.958486 0.799319 0.78189 0.628979 0.608772 0.287551 0.244244 0.0436367
threshold=0.15677668539325842 304.15000000000003 1.0000000180025095e-35 31.624747474747476 41.655714285714296 0.03608470181503886 1.0000000180025095e-35 6.5000000000000009 2.5000000000000004 106.47424242424246 124.05000000000001 1.5000000000000002 1550.0000000000002
decision_type=2 2 2 2 2 2 2 2 2 2 2 2 2
left_child=6 2 3 5 -5 -2 -1 9 12 11 -10 -8 -4
right_child=1 -3 8 4 -6 -7 7 -9 10 -11 -12 -13 -14
leaf_value=0.0072826849088369677 -0.005340660344518299 0.018557293969915855 0.0037850206034913984 -0.007838565779666672 0.0028119155542998559 0.013427157036605001 -0.00053540655410781041 0.006567186979266856 -0.015194562913544398 0.0042795313118055567 0 -0.0099452665766840923 -0.0002846752349653167
leaf_weight=2.855146675836294 1.8568739915499488 5.5405629444867364 1.6499529464636027 23.850352092413232 104.52328411815688 19.165569518459961 9.1635354573372734 2.3569445558823636 15.002731528948063 2.5502021908760062 3.4786471619736394 49.347143458318897 1.6186401111772282
leaf_count=31 42 28 24 370 1376 325 89 17 265 20 52 590 34
internal_value=-0.000338261 0.00155041 0.00028265 0.00233623 0.000475408 0.0105322 -0.00519993 -0.0065322 -0.0107532 -0.00777142 -0.0133032 -0.0088278 0.00189293
internal_weight=242.96 176.687 171.146 149.396 128.374 21.0224 66.273 63.4178 21.75 61.0609 18.4814 58.5107 3.26859
internal_count=3263 2516 2488 2113 1746 367 747 716 375 699 317 679 58
is_linear=0
shrinkage=0.0435066


Tree=127
num_leaves=21
num_cat=0
split_feature=16 6 24 3 16 5 5 0 18 0 6 23 10 11 5 1 18 9 7 6
split_gain=2.01833 1.01054 1.3236 1.19568 1.09763 0.995824 1.82219 1.22849 0.98793 0.927746 2.36164 0.910049 0.954248 0.65503 0.645119 0.640219 0.625088 0.505734 0.481361 0.136197
threshold=12.500000000000002 108.15000000000002 1.0000000180025095e-35 52.500000000000007 13.500000000000002 37.95000000000001 42.550000000000004 1550.0000000000002 11.500000000000002 1900.0000000000002 123.25000000000001 1.5000000000000002 0.34761152783260957 0.073801742919389915 18.450000000000003 1.5000000000000002 2.5000000000000004 0.045478036175710557 2.5000000000000004 111.25000000000001
decision_type=2 2 2 2 2 2 2 2 2 2 2 2 2 2 2 2 2 2 2 2
left_child=8 2 5 14 17 7 -7 -2 11 13 -11 12 15 -5 -3 -1 -6 -4 -14 -16
right_child=1 3 4 9 16 6 -8 -9 -10 10 -12 -13 18 -15 19 -17 -18 -19 -20 -21
leaf_value=0 0.0072250641772168044 0.0048072819289708751 -0.00472934532403688 0.0049494315066381262 0.0036190592093629861 0.017613558536966556 -0.0017819598571536031 -0.0066518931403577062 0.0049360596737732833 -0.012045818101887141 0.008180454830955303 0.0045638918419737447 -0.005946254258430231 0.018457215917918476 -4.9748508019841254e-05 -0.01514872695331604 -0.011753684514842058 0.0091796981433731641 0.0080605642606559665 -0.013475785785699261
leaf_weight=5.8499838473508126 12.474675136501899 2.2309636361896974 2.0024381434777743 26.924936366733164 1.7039556478848705 11.869914275594057 14.499898297712205 26.037952666403726 5.9562513642013064 9.8724946519359928 25.930654813186266 3.6490195854566982 1.5050967073766504 12.054387746844439 3.5416191024705768 33.336586467456073 29.077211732044816 5.9481396926566958 4.1443107201484963 3.6869654599577188
leaf_count=116 160 33 41 241 60 44 127 411 43 177 266 42 67 112 37 673 406 97 76 34
internal_value=-0.000212239 0.00191871 -0.000883806 0.00529261 -0.00672736 0.00275908 0.00840258 -0.00153819 -0.00714959 0.00721255 0.0013691 -0.00922634 -0.0109815 0.0113936 -0.00600583 -0.0131756 -0.010149 0.00442801 0.00231478 -0.0107728
internal_weight=242.297 187.856 103.614 84.242 38.7317 64.8824 26.3698 38.5126 54.4412 74.7825 35.8031 48.485 44.836 38.9793 9.45955 39.1866 30.7812 7.95058 5.64941 7.22858
internal_count=3263 2246 1346 900 604 742 171 571 1017 796 443 974 932 353 104 789 466 138 143 71
is_linear=0
shrinkage=0.0435066


Tree=128
num_leaves=26
num_cat=0
split_feature=16 6 24 21 16 6 5 3 0 6 10 7 6 17 6 9 11 5 5 24 18 5 6 6 5
split_gain=1.90207 1.10729 1.33839 1.48099 1.29942 1.27823 1.11686 1.02958 0.851783 2.02803 0.817105 1.071 0.979046 0.721641 0.683804 0.64026 0.622778 0.602367 0.398697 0.353839 0.230857 0.139679 0.125206 0.0802219 0.0113663
threshold=12.500000000000002 108.15000000000002 1.0000000180025095e-35 1.0000000180025095e-35 13.500000000000002 69.450000000000017 38.45000000000001 52.500000000000007 1900.0000000000002 122.45000000000002 0.16374829001367988 2.5000000000000004 124.45000000000002 59.030384615384627 60.050000000000004 0.045478036175710557 0.089572192513368967 7.9500000000000011 18.450000000000003 1.0000000180025095e-35 11.500000000000002 12.450000000000001 114.35000000000001 111.25000000000001 6.9500000000000011
decision_type=2 2 2 2 2 2 2 2 2 2 2 2 2 2 2 2 2 2 2 2 2 2 2 2 2
left_child=10 2 3 5 15 -2 -5 18 16 -10 19 13 14 22 -13 -4 -9 -6 -3 -1 21 -21 -12 -20 -14
right_child=1 7 4 6 17 -7 -8 8 9 -11 11 12 24 -15 -16 -17 -18 -19 23 20 -22 -23 -24 -25 -26
leaf_value=-0.017077634480856058 0 0.0034218540278813238 -0.0053176847966937418 -0.013498739581110576 0.0018821049173675481 0.013619798502441898 0.0035583447001245804 0.0054580701838887365 -0.015437873043007195 0.0062122200867473186 -0.016392142483453234 -0.0048058593475671079 0 0.003382575555861161 0.0097955931554568124 0.010414909347886669 0.019268346508052356 -0.012453521869591077 0 0.00052062681966186448 0.0032225426046327164 -0.0075209114581211616 0 -0.011076731484057965 -0.0092951245099194071
leaf_weight=9.9563398181926459 27.959537038230337 2.1093520775902999 1.9903744840994457 9.3435036635492015 3.3832174245035302 19.360051131108776 8.1339521696791035 29.354871843010187 3.857059607980772 31.6415405907901 6.0567157376790401 2.6374722380423981 1.1336062885820859 1.6403755118371917 18.674881708458997 6.0692873399239033 9.4591543753631395 27.392317549674772 3.5340140545740724 1.7046473490772749 2.0299643836915502 6.501258872449398 0.89807679981458921 3.4315219214186072 2.8179839490912855
leaf_count=156 241 33 41 254 114 178 69 268 109 334 212 89 32 43 264 97 85 352 37 37 14 100 18 34 52
internal_value=-6.04706e-05 0.00200671 -0.000922611 0.00274899 -0.00678555 0.00664983 -0.00633024 0.00556224 0.00730663 0.00159049 -0.00682564 -0.00163485 0.00289411 -0.0111208 0.00692443 0.00519826 0.0113321 -0.010554 -0.00515974 -0.01263 -0.00274228 -0.00567525 -0.0152708 -0.00890341 -0.00865957
internal_weight=241.071 187.02 103.632 64.797 38.8352 47.3196 17.4775 83.3875 74.3126 35.4986 54.0513 33.8591 25.2639 8.59517 21.3124 8.05966 38.814 30.7755 9.07489 20.1922 10.2359 8.20591 6.95479 6.96554 3.95159
internal_count=3263 2246 1346 742 604 419 323 900 796 443 1017 710 437 273 353 138 353 466 104 307 151 137 230 71 84
is_linear=0
shrinkage=0.0435066


Tree=129
num_leaves=21
num_cat=0
split_feature=16 4 17 5 5 3 5 17 18 23 2 4 2 5 5 17 4 2 4 4
split_gain=1.87166 1.96076 1.71362 2.22772 1.17052 1.1623 1.21851 0.882142 0.767202 0.801163 0.728719 0.702452 0.679181 2.14096 1.6181 0.641051 0.608238 0.460303 1.40451 0.421006
threshold=12.500000000000002 38.550000000000004 45.926373626373639 123.55000000000001 37.350000000000001 53.500000000000007 134.55000000000004 46.249450549450557 11.500000000000002 1.5000000000000002 11.500000000000002 35.850000000000001 13.500000000000002 36.45000000000001 36.050000000000004 34.31363636363637 40.050000000000004 10.500000000000002 36.95000000000001 36.650000000000013
decision_type=2 2 2 2 2 2 2 2 2 2 2 2 2 2 2 2 2 2 2 2
left_child=8 2 12 4 -4 6 16 15 9 17 -9 -5 13 -2 -14 -7 -3 18 -1 -19
right_child=1 5 3 11 -6 7 -8 10 -10 -11 -12 -13 14 -15 -16 -17 -18 19 -20 -21
leaf_value=-0.019343658942980162 -0.0026496383655325363 -0.003416716131618393 -0.0027825832825744247 -0.0047294780855914754 -0.019967223352952253 0.0091160864667757489 -0.012789673334790058 0.01942855157769377 0.004043225438838954 0.004302721118400632 0 0.0087994879674701577 0.0064835037737372824 0.01107259368778323 -0.014425708550636103 -0.0051422280288770817 0.012144143315890915 0.0065767789227546575 -0.0023053525104020475 -0.0061421683388657809
leaf_weight=16.73846833256539 35.42233256844338 2.9531286978162807 18.208392213331535 5.3333771135658052 14.13733287155628 3.8392951600253564 3.8332199361175299 19.109256901661869 5.8105624485760918 3.6445169593207529 4.0792372622527173 13.109898371621965 8.3747584838420135 38.701295759063214 6.8220958448946467 7.2259834443684667 4.9421798586845398 3.2299226458417243 20.996053020702675 3.4312862604856491
leaf_count=564 568 53 531 45 171 27 29 178 43 42 46 88 102 239 47 89 33 57 272 39
internal_value=-1.26504e-05 0.00204271 -0.000551974 -0.00653718 -0.0126414 0.00922777 -0.00140145 0.0127566 -0.00673596 -0.00855157 0.0167093 0.00427032 0.00295931 0.0047059 -0.00395149 0.000777286 0.0067118 -0.0102203 -0.0118266 0
internal_weight=239.943 186.092 140.109 50.789 32.3457 45.9823 11.7285 34.2538 53.8508 48.0402 23.1885 18.4433 89.3205 74.1236 15.1969 11.0653 7.89531 44.3957 37.7345 6.66121
internal_count=3263 2246 1791 835 702 455 115 340 1017 974 224 133 956 807 149 116 86 932 836 96
is_linear=0
shrinkage=0.0435066


Tree=130
num_leaves=20
num_cat=0
split_feature=10 5 18 10 1 17 2 5 16 8 5 10 11 0 17 22 2 10 4
split_gain=1.643 2.308 4.21896 2.68136 1.94935 1.81439 1.67982 2.34245 1.41549 1.3101 1.50044 1.04648 0.954947 0.954153 0.908646 0.897757 0.856367 0.724888 0.667171
threshold=0.28708791208791212 34.850000000000001 7.5000000000000009 0.094588550983899775 1.5000000000000002 26.070000000000004 6.5000000000000009 36.650000000000013 10.500000000000002 2022.5000000000002 59.650000000000006 0.49242424242424249 0.024725274725274703 1350.0000000000002 77.610714285714309 1.0000000180025095e-35 9.5000000000000018 0.14511278195488717 39.250000000000007
decision_type=2 2 2 2 2 2 2 2 2 2 2 2 2 2 2 2 2 2 2
left_child=1 2 3 -1 6 -5 7 -3 -2 10 -6 14 -4 -8 15 -10 -11 -14 -13
right_child=8 4 12 5 9 -7 13 -9 11 16 -12 18 17 -15 -16 -17 -18 -19 -20
leaf_value=0.0085324605454699526 -0.0096239944380759196 -0.0066131527723315882 -0.0056920079932883368 0.0017094849006877198 -0.01502233680769249 -0.021941412155659985 0.0086488115059203882 0.020387915445772002 0.01545078935048946 0.011942143464196904 -0.00083578467459316822 -0.011902770802412442 -0.002682530602258656 -0.0041574219367142614 -0.0043840916405085192 -0.0014801412886509624 -0.0044080910550225224 0.014878204356597301 0.0059265518140764455
leaf_weight=3.6913711926899841 2.6931350884260601 3.8832994019612697 3.0802598982118097 5.3080601410474619 15.263591965660451 32.604028255562298 10.843309030868111 18.966369099915028 32.967946110642515 10.331362980883567 47.406687336042523 2.4850631242734376 2.3770855544134966 23.227661340497434 2.2479878525482482 4.476418721722438 4.1493429024703792 12.190294960397294 0.99452210031449784
leaf_count=39 141 53 51 119 181 854 67 96 477 101 401 103 28 169 50 76 41 125 8
internal_value=0.000251185 -0.00151171 -0.00822795 -0.0151892 0.00162861 -0.0186383 0.00736447 0.0150069 0.00713776 -0.00272682 -0.00552608 0.00951117 0.00743649 0.000404354 0.0115827 0.0132782 0.00686337 0.0115915 -0.00525776
internal_weight=239.188 193.323 59.2511 41.6035 134.072 37.9121 56.9206 22.8497 45.8651 77.151 62.6703 43.1719 17.6476 34.071 39.6924 37.4444 14.4807 14.5674 3.47959
internal_count=3180 2325 1216 1012 1109 973 385 149 855 724 582 714 204 236 603 553 142 153 111
is_linear=0
shrinkage=0.0435066


Tree=131
num_leaves=12
num_cat=0
split_feature=13 10 5 1 6 4 17 11 16 4 17
split_gain=1.56275 2.05956 1.89797 4.23938 1.72394 1.81668 1.50896 1.28223 1.18119 0.860654 0.924454
threshold=0.70833333333333337 0.28708791208791212 38.45000000000001 1.0000000180025095e-35 91.15000000000002 36.850000000000001 26.106250000000006 0.026671408250355601 10.500000000000002 34.750000000000007 77.610714285714309
decision_type=2 2 2 2 2 2 2 2 2 2 2
left_child=1 2 4 -4 5 -1 -6 -5 -3 -10 -11
right_child=-2 8 3 7 6 -7 -8 -9 9 10 -12
leaf_value=-0.0036920319590068632 -0.016519341074347285 -0.0076875655696952861 0.02341380144212583 0.0051835231155959094 0.0038851464945713317 0.014860060215227637 -0.014863705081623093 -0.0045563592639569625 -0.0034958457604129019 0.014214127236631133 -0.0040622912349927492
leaf_weight=41.49474474764429 3.6026442571892394 2.2582276188768438 9.6138924285769445 35.844472967088223 6.2895059557631603 6.0915408991277209 33.723482929985039 57.392977683804929 3.4545282889157525 36.570465636788867 2.1948524857871226
leaf_count=528 510 79 25 287 88 42 604 497 56 421 43
internal_value=0.000184287 0.000921112 -0.0010766 0.00279849 -0.00561214 5.25978e-07 -0.0115688 -0.000616946 0.00871705 0.0107118 0.0125212
internal_weight=238.531 234.929 190.451 102.851 87.5993 47.5863 40.013 93.2375 44.4781 42.2198 38.7653
internal_count=3180 2670 2071 809 1262 570 692 784 599 520 464
is_linear=0
shrinkage=0.0435066


Tree=132
num_leaves=14
num_cat=0
split_feature=6 6 16 6 6 10 5 9 9 0 6 10 6
split_gain=1.673 2.26417 1.72696 1.32817 1.57963 1.23887 0.342527 0.317834 0.314817 0.230476 0.463595 0.181828 0.0125236
threshold=130.55000000000004 162.55000000000004 9.5000000000000018 123.25000000000001 120.35000000000001 0.28708791208791212 186.60000000000005 0.047065337763012159 0.066081498999454216 2200.0000000000005 145.45000000000002 0.11437908496732026 162.05000000000004
decision_type=2 2 2 2 2 2 2 2 2 2 2 2 2
left_child=2 9 11 4 5 -4 -6 -3 -5 10 -2 -1 -11
right_child=1 7 3 8 6 -7 -8 -9 -10 12 -12 -13 -14
leaf_value=0 -0.0099103445750823426 -0.0016708132216790156 0.00046882904571636915 0.015052294205935901 -0.013414669480067538 0.0091030689948910903 0.00082884001133903742 0.010062815486757429 0 -0.021349523434528998 0.0032171054355640961 -0.015297341659273968 -0.00065052021558600491
leaf_weight=0.98365791258402069 3.1659898534417215 2.4694495736621311 145.75580143358093 11.985713300760837 9.2336394859012199 34.956943650438916 1.5209744721651066 4.9895665087969974 4.0340524539351454 7.8799751058686507 4.3258644752204418 5.4285152910742909 1.51812451146543
leaf_count=13 50 34 1697 79 177 578 13 64 44 147 20 246 18
internal_value=0.000277828 -0.00916774 0.00163801 0.00256601 0.00128483 0.00245154 -0.0112644 0.00648977 0.0126323 -0.0163945 -0.003641 -0.013769 -0.0202743
internal_weight=238.248 24.349 213.899 207.487 191.467 180.713 10.7546 7.45902 16.0198 16.89 7.49185 6.41217 9.3981
internal_count=3180 333 2847 2588 2465 2275 190 98 123 235 70 259 165
is_linear=0
shrinkage=0.0435066


Tree=133
num_leaves=14
num_cat=0
split_feature=13 6 6 7 5 10 4 5 27 8 9 3 0
split_gain=1.51876 1.49941 1.98307 1.63366 1.28126 1.52348 1.18049 2.34749 1.25735 0.694425 0.311452 0.160398 0.196198
threshold=0.70833333333333337 130.55000000000004 162.55000000000004 3.5000000000000004 56.400000000000006 0.28708791208791212 34.750000000000007 35.650000000000013 1.5000000000000002 2022.5000000000002 0.047065337763012159 55.250000000000007 2200.0000000000005
decision_type=2 2 2 2 2 2 2 2 2 2 2 2 2
left_child=1 3 11 4 5 -1 7 -5 -8 -6 -4 12 -3
right_child=-2 2 10 6 9 -7 8 -9 -10 -11 -12 -13 -14
leaf_value=-0.010325393504005242 -0.016256688793010125 0.0012286407422929806 -0.0016118898401366898 -0.011208237247519957 0 0.0027823485033687699 0.00022451043234382025 0.0070237892772933522 0.014087063263479157 0.01057779021214344 0.010068576187837908 -0.018872424296574004 -0.0072246595377552939
leaf_weight=36.935392370563932 3.526769150805193 3.8752760030329281 2.4471585289575151 14.194097232539205 38.300474216695875 22.03067198372446 19.741933970944956 30.989196512848139 36.830029845703393 11.188289214856921 4.7959150436799973 8.1684052105993015 4.2410197709687054
leaf_count=619 510 45 34 235 310 353 276 188 327 82 52 90 59
internal_value=0.000270289 0.000995773 -0.00807617 0.00226994 -0.00135573 -0.00548479 0.00607635 0.000410622 0.00993199 0.00344997 0.00649583 -0.0150034 -0.00375049
internal_weight=237.265 233.738 23.5278 210.21 108.455 58.9661 101.755 45.1833 56.572 49.4888 7.24307 16.2847 8.1163
internal_count=3180 2670 280 2390 1364 972 1026 423 603 392 86 194 104
is_linear=0
shrinkage=0.0435066


Tree=134
num_leaves=20
num_cat=0
split_feature=13 10 7 8 17 4 3 2 17 9 10 16 27 3 27 7 10 13 8
split_gain=1.51826 1.36653 1.36828 2.04007 1.37396 1.18791 1.44685 1.04343 1.00843 0.881139 1.06424 0.702189 0.635922 0.498105 0.42978 0.335443 0.180881 0.176529 0.0456798
threshold=1.0000000180025095e-35 0.28708791208791212 3.5000000000000004 2022.5000000000002 78.225892857142867 37.050000000000004 54.500000000000007 9.5000000000000018 26.468650793650799 0.12625838926174496 0.39231927710843378 12.500000000000002 2.5000000000000004 53.500000000000007 2.5000000000000004 7.5000000000000009 0.07032115171650051 0.63333333333333341 2021.5000000000002
decision_type=2 2 2 2 2 2 2 2 2 2 2 2 2 2 2 2 2 2 2
left_child=1 2 3 4 -1 11 -7 -5 14 12 -11 -4 -10 17 -3 16 -15 18 -2
right_child=13 8 5 7 -6 6 -8 -9 9 10 -12 -13 -14 15 -16 -17 -18 -19 -20
leaf_value=-0.0095806725264512144 0 0.0031120124683635952 -0.0084627837825900602 0.012856091119141181 0.0059872331719965236 -0.0058108915427312032 0.016067607887435865 -0.005009452664703401 0 -0.0067927792788773826 0.0089128023902465513 0.0020241797674281502 0.019377371519214714 0 -0.011132087032264431 0.0011819912750574851 -0.016216537739690291 -0.0038834686298464048 0.0063179816425985762
leaf_weight=62.311112020397559 1.1817024333868174 1.944430649280547 7.806838519871234 11.567664692178367 7.3280962985008946 3.2087929882109174 15.291167407296598 4.1671628011390558 4.4605877511203298 8.0636547291651386 11.751312084496019 68.822361454367638 12.950358659029007 0.54290906898677072 2.0721965446136892 0.42517738277092654 10.180238141852895 0.78643329173792142 1.3930858043022452
leaf_count=701 41 20 137 123 58 33 146 50 52 109 133 581 109 4 43 6 697 109 28
internal_value=0.000270439 0.00133332 -0.000333164 -0.00421672 -0.00743806 0.00309995 0.011345 0.00759057 0.00788803 0.0101962 0.00203959 0.00025509 0.0159744 -0.010873 -0.00562113 -0.0139208 -0.0153243 0.000731101 0.00502178
internal_weight=236.255 221.746 180.503 85.374 69.6392 95.1292 18.5 15.7348 41.2425 37.2259 19.815 76.6292 17.4109 14.5095 4.01663 11.1483 10.7231 3.36122 2.57479
internal_count=3180 2295 1829 932 759 897 179 173 466 403 242 718 161 885 63 707 701 178 69
is_linear=0
shrinkage=0.0435066


Tree=135
num_leaves=24
num_cat=0
split_feature=4 7 17 6 17 11 10 6 11 2 7 5 1 18 5 10 11 6 11 11 17 6 5
split_gain=4.16508 1.87287 1.88874 1.44327 1.35359 1.35125 0.943481 0.99194 0.749155 0.709616 1.05757 1.72413 1.80041 0.786697 0.486775 0.483356 0.479582 0.619738 0.801746 0.507449 0.297065 0.0586283 0.0419668
threshold=36.050000000000004 3.5000000000000004 57.784065934065936 124.85000000000001 52.467857142857149 0.10990338164251207 0.11437908496732026 109.65000000000002 0.024725274725274703 6.5000000000000009 4.5000000000000009 38.45000000000001 1.5000000000000002 7.5000000000000009 226.25000000000003 0.12372448979591837 0.11500330469266355 145.85000000000005 0.038181818181818157 0.14589665653495437 28.620833333333337 162.55000000000004 24.750000000000004
decision_type=2 2 2 2 2 2 2 2 2 2 2 2 2 2 2 2 2 2 2 2 2 2 2
left_child=9 2 4 14 5 -2 -4 -8 -6 10 11 13 -13 -1 15 -3 17 18 -11 -18 -12 -5 -21
right_child=1 3 6 21 8 -7 7 -9 -10 16 20 12 -14 -15 -16 -17 19 -19 -20 22 -22 -23 -24
leaf_value=-0.01025939002012838 -0.0051776184128135777 0 -0.0051443658411834134 -0.0074732635238832345 0.00041264170697758563 0.0093893424562163565 0.00055971800067520984 0.015501309498950015 -0.020590934675364464 -0.00077448720956670581 0 0.019585039485595989 -0.0045081721873849829 0.0051977973260821202 -0.00048488776382528236 0.016254384719231078 0.0077951940160142143 0.0021789466157476592 -0.015430672075969426 -0.0076685470444463315 -0.016300542334892865 0 0
leaf_weight=14.376177887315867 33.997221777914092 3.7352186164353034 5.1148202642798415 1.9883024338632811 2.7386035788804275 10.525404337677172 16.561636393947992 16.042275100946426 6.3382513611577451 10.921193476184269 2.0965494262054554 7.896687525790183 5.5944133214652538 3.266491455724462 2.5716094337403765 29.776252918876708 2.6355077151674768 2.5535365461837491 40.017375877709128 1.7106548276497053 3.6764025508891791 2.2270486771594733 0.89237057766877104
leaf_count=394 451 55 45 38 28 160 263 150 117 143 44 32 68 43 20 348 49 34 490 83 64 32 13
internal_value=-0.00126189 0.00365154 0 0.0107269 -0.0049996 -0.000777412 0.00684462 0.00952654 -0.0160839 -0.00792396 -0.00226175 0.00143742 0.0108766 -0.00635053 0.013492 0.0147205 -0.0107465 -0.0118615 -0.012908 4.61807e-05 -0.0132147 -0.00582409 -0.006659
internal_weight=227.254 131.617 91.3182 40.2984 53.5995 44.5226 37.7187 32.6039 9.07685 95.6374 36.9067 31.1338 13.4911 17.6427 36.0831 33.5115 58.7306 53.4921 50.9386 5.23853 5.77295 4.21535 2.60303
internal_count=3164 1707 1214 493 756 611 458 413 145 1457 645 537 100 437 423 403 812 667 633 145 108 70 96
is_linear=0
shrinkage=0.0435066


Tree=136
num_leaves=21
num_cat=0
split_feature=4 6 6 10 6 8 0 10 6 11 4 6 11 10 11 10 17 3 17 22
split_gain=4.17721 1.26655 1.21321 1.30578 1.12252 1.80426 1.0869 0.831091 0.788278 0.748746 1.47155 1.18122 1.2289 1.08122 0.711225 0.571939 0.396999 0.19599 0.127355 0.113501
threshold=36.050000000000004 98.750000000000014 106.65000000000002 0.12372448979591837 61.150000000000013 2016.5000000000002 2200.0000000000005 0.10818713450292396 59.350000000000001 0.040833333333333312 35.550000000000004 145.85000000000005 0.10607196401799096 0.10070850202429146 0.025978407557354904 0.2137002341920374 29.047857142857143 55.250000000000007 46.578671328671341 1.0000000180025095e-35
decision_type=2 2 2 2 2 2 2 2 2 2 2 2 2 2 2 2 2 2 2 2
left_child=8 4 16 7 15 14 -5 -4 17 10 13 12 -11 -10 -6 -2 -3 -1 -12 -7
right_child=1 2 3 6 5 19 -8 -9 9 11 18 -13 -14 -15 -16 -17 -18 -19 -20 -21
leaf_value=0.0018836159931546895 -0.0089605209262604811 0.0014167972338197229 0.0010151972402265548 0.0066909044576397162 -0.011434759793941129 0.020004525780347112 -0.0056043759866323539 -0.015830003930674623 0.004859871629578549 -0.019634756081205282 0.01100441257720465 0.0033160508778751555 -0.0016619660460466422 -0.015159563777346379 0.0048538904985783917 0.0051464631125784071 -0.015572684336321087 -0.0039227794996246736 0 0.0040004998516166464
leaf_weight=12.190990394447001 4.5678422159980965 0.79815286945085873 7.5117802205495519 64.236347670550458 2.8301165746524957 17.091290214215409 10.711795469280331 4.7308999637607485 2.8600143771618631 29.054773110430688 4.0780691981781265 3.9767607982503241 12.261717607907483 9.4995159582467732 4.5019916237797588 3.9258050533244386 4.2640385720878839 17.662361340364441 3.7663078510668129 6.7388461935333899
leaf_count=116 80 23 70 836 21 141 155 69 22 490 52 64 328 165 47 41 167 171 49 57
internal_value=-0.00135735 0.00355358 0.000460081 0.00216594 0.00945132 0.0127916 0.00450224 -0.00819517 -0.00804277 -0.0105491 -0.00204934 -0.0134115 -0.0154646 -0.00991496 -0.0031283 -0.00236565 -0.0127343 -0.00136208 0.00851781 0.0176417
internal_weight=227.259 131.909 92.253 87.1908 39.6559 31.1622 74.9481 12.2427 95.3505 65.4972 20.2039 45.2933 41.3165 12.3595 7.33211 8.49365 5.06219 29.8534 7.84438 23.8301
internal_count=3164 1707 1320 1130 387 266 991 139 1457 1170 288 882 818 187 68 121 190 287 101 198
is_linear=0
shrinkage=0.0435066


Tree=137
num_leaves=22
num_cat=0
split_feature=4 7 17 17 6 3 6 17 6 6 5 10 6 4 3 3 9 8 0 6 5
split_gain=3.56902 1.47859 1.69608 1.34114 1.31627 1.1857 1.32946 1.1103 0.915389 0.640166 3.45689 0.561807 0.482601 0.7594 0.700409 0.410963 0.607311 0.371947 0.236963 0.0759821 0.0221615
threshold=36.050000000000004 3.5000000000000004 57.784065934065936 52.328846153846165 124.85000000000001 52.500000000000007 91.850000000000009 46.249450549450557 109.65000000000002 59.350000000000001 37.750000000000007 1.0000000180025095e-35 145.85000000000005 34.650000000000013 55.250000000000007 53.500000000000007 0.033520599250936305 2022.5000000000002 1550.0000000000002 162.55000000000004 34.550000000000004
decision_type=2 2 2 2 2 2 2 2 2 2 2 2 2 2 2 2 2 2 2 2 2
left_child=9 2 3 7 15 6 -4 -2 -7 10 18 -11 14 -14 -13 -3 -17 -5 20 -6 -1
right_child=1 4 5 17 19 8 -8 -9 -10 11 -12 12 13 -15 -16 16 -18 -19 -20 -21 -22
leaf_value=-0.0018263855183835364 -0.0039617827963974225 0 0.0079360637014084384 -0.017851908454385876 -0.0078051303964607292 0.00055557375528828901 -0.014355648094453112 0.010370337428995766 0.015648036301073167 0.003046943693861283 0.015425760851192216 -0.015337154466230497 0.0093498422120487125 -0.0087578574224821005 -0.0037664025936403134 0 0.015801055060461672 0 -0.012202470086015228 0 0.0012079521000164697
leaf_weight=2.2224673384334954 36.847380737308413 3.1526412032544604 3.0977187287062398 7.8336812420748156 2.0293660922907284 14.49175533722155 4.5647949352860451 6.7996631793212137 15.806525518186389 2.2515804860740891 8.4844158929772657 34.175828745879699 2.841572117060422 1.604745259741321 23.924038984114304 5.8929517983924589 26.822065636981279 1.7232133657671509 16.926834397017956 2.2284431713633239 2.2529072593897581
leaf_count=45 528 39 23 130 38 233 61 77 141 21 35 756 12 66 315 82 302 21 197 32 10
internal_value=-0.00126266 0.00328051 0 -0.00474026 0.00958123 0.00648143 -0.00512788 -0.000471073 0.010079 -0.00746736 -0.00137241 -0.00975499 -0.0106057 0.000574625 -0.0115889 0.0122847 0.0135229 -0.0155153 -0.0104387 -0.00591374 0
internal_weight=225.975 131.29 91.1647 53.2039 40.1255 37.9608 7.66251 43.647 30.2983 94.6844 29.8866 64.7978 62.5462 4.44632 58.0999 35.8677 32.715 9.55689 21.4022 4.25781 4.47537
internal_count=3164 1707 1214 756 493 458 84 605 374 1457 287 1170 1149 78 1071 423 384 151 252 70 55
is_linear=0
shrinkage=0.0435066


Tree=138
num_leaves=21
num_cat=0
split_feature=4 6 10 6 7 6 23 16 10 6 5 10 3 5 4 17 2 2 17 23
split_gain=3.08576 1.36604 1.10934 1.11183 1.17117 1.08911 0.981097 0.677154 0.621153 0.538357 3.22564 0.555152 0.53967 0.71454 0.67941 0.456397 0.38652 0.747552 0.207756 0.106323
threshold=36.050000000000004 98.750000000000014 0.12372448979591837 106.65000000000002 2.5000000000000004 60.45000000000001 1.5000000000000002 10.500000000000002 0.07032115171650051 59.350000000000001 37.750000000000007 1.0000000180025095e-35 52.500000000000007 51.150000000000013 35.45000000000001 25.485439560439563 11.500000000000002 8.5000000000000018 38.718750000000007 1.0000000180025095e-35
decision_type=2 2 2 2 2 2 2 2 2 2 2 2 2 2 2 2 2 2 2 2
left_child=9 5 8 15 -5 19 7 -7 -3 10 16 -11 14 -14 -13 -4 17 -1 -10 -2
right_child=1 2 3 4 -6 6 -8 -9 18 11 -12 12 13 -15 -16 -17 -18 -19 -20 -21
leaf_value=-0.0080006235416487399 -0.0084662416118739345 0.0014283973859345539 0.0025084068780074592 -0.0080699244665097345 0.0057624449806553029 -0.001156900881894651 -0.0037278861092928939 0.015390512966776369 0 0.0032977653647209056 0.014910851948027949 -0.0074524363155999583 -0.0059634745848758542 -0.018597780548593769 0.0075158280264765332 -0.01433318129120501 -0.015289923642459225 0.0070385882029030348 -0.016267179093466914 0
leaf_weight=9.2115017411997595 1.423970045289024 4.2993939053267232 0.69404637161642213 7.3053745426004744 68.009899487253278 3.1198505891952655 3.4666719908127552 29.223297048360109 2.760190114611758 2.2527932906523338 8.3933593528345209 5.4344777429942024 36.394461082818452 15.942012030165641 4.4987225399818271 3.8473699972382747 8.4206669079139811 3.7119756924221283 5.8875001487322152 1.3299173964187501
leaf_count=120 44 44 15 146 845 64 35 223 35 21 35 108 807 167 67 158 89 43 77 21
internal_value=-0.00126698 0.00294924 0 0.00205359 0.00376185 0.009163 0.011377 0.0136088 -0.00944282 -0.0070537 -0.00137466 -0.0091631 -0.0100301 -0.0116163 0 -0.0108871 -0.0101301 -0.0022514 -0.013803 -0.00629974
internal_weight=225.627 131.367 92.8038 79.8567 75.3153 38.5637 35.8098 32.3431 12.9471 94.26 29.7375 64.5225 62.2697 52.3365 9.9332 4.54142 21.3441 12.9235 8.64769 2.75389
internal_count=3164 1707 1320 1164 991 387 322 287 156 1457 287 1170 1149 974 175 173 252 163 112 65
is_linear=0
shrinkage=0.0435066


Tree=139
num_leaves=20
num_cat=0
split_feature=4 5 5 4 4 3 5 7 0 5 11 9 10 16 27 2 3 5 4
split_gain=2.85102 1.23032 2.51056 2.24366 2.13784 2.07657 1.23358 1.16055 1.2978 1.12482 1.20257 1.40015 1.09355 0.890355 0.634806 0.604523 0.31568 0.269601 0.0908491
threshold=35.95000000000001 72.950000000000017 38.45000000000001 34.650000000000013 33.250000000000007 55.250000000000007 35.250000000000007 3.5000000000000004 2200.0000000000005 226.25000000000003 0.15139116202945987 0.093841642228739017 0.13809523809523808 12.500000000000002 1.5000000000000002 7.5000000000000009 56.500000000000007 63.150000000000013 37.95000000000001
decision_type=2 2 2 2 2 2 2 2 2 2 2 2 2 2 2 2 2 2 2
left_child=1 2 3 6 -4 -5 -1 9 14 10 11 -2 -3 -12 15 -9 -16 -6 -11
right_child=7 12 4 5 17 -7 -8 8 -10 18 13 -13 -14 -15 16 -17 -18 -19 -20
leaf_value=-0.021677189945773744 -0.00074865204055577731 0 0.017847795187896396 -0.0071858979626446733 -0.0080763584758121142 0.015450398675121383 -0.0044240290325484669 -0.0036724307775481907 -0.0070602285531248766 0.012796343808790094 -0.0039427506875273069 -0.014344254011688561 -0.022603181916096938 0.014605478218236406 0.019390973098851932 0.008238870824737227 0.0034019164831932572 0.001818509866070363 0.0007575594022962602
leaf_weight=15.475803903187623 60.538534164428711 5.7246147440746418 9.6461258456110972 11.096376672678163 6.8778891051188094 7.0398026173934332 21.815660648047924 8.9501552110305074 4.1269896232988676 4.9098207578062993 3.2048559925751743 13.422798738349227 9.3017669953405839 6.3688495313981548 10.636321973754093 10.084872540784998 8.6295523715671152 3.0742608862929046 4.4615477025508881
leaf_count=333 798 42 29 431 92 137 185 143 71 29 66 241 100 97 80 131 99 26 34
internal_value=-0.00139792 -0.00715978 -0.00394222 -0.0085442 0.00757163 0.00295365 -0.0139735 0.00251785 0.00794719 -0.000218667 -0.0021812 -0.00430294 -0.0167051 0.00868828 0.0105805 0.00273583 0.0152899 -0.0048981 0.0103604
internal_weight=225.387 90.0523 75.0259 55.4276 19.5983 18.1362 37.2915 135.334 42.4279 92.9064 83.535 73.9613 15.0264 9.57371 38.3009 19.035 19.2659 9.95215 9.37137
internal_count=3164 1375 1233 1086 147 568 518 1789 524 1265 1202 1039 142 163 453 274 179 118 63
is_linear=0
shrinkage=0.0435066


Tree=140
num_leaves=15
num_cat=0
split_feature=10 5 3 9 13 6 11 8 1 2 4 4 16 5
split_gain=1.96126 2.26509 1.75896 1.49725 1.35489 1.19492 2.05179 1.56518 0.841532 0.632684 0.318845 0.293368 0.099421 0.093474
threshold=0.34761152783260957 183.35000000000005 52.500000000000007 0.12132352941176471 0.36666666666666675 94.050000000000011 0.031372549019607808 2016.5000000000002 2.5000000000000004 3.5000000000000004 35.350000000000001 39.250000000000007 12.500000000000002 40.800000000000004
decision_type=2 2 2 2 2 2 2 2 2 2 2 2 2 2
left_child=1 3 -3 5 8 6 -1 -7 11 -4 13 12 -2 -5
right_child=4 2 9 10 -6 7 -8 -9 -10 -11 -12 -13 -14 -15
leaf_value=-0.0086981037075092599 0.00011314701153381379 -0.0075640457321079178 0 -0.0034960632061600597 -0.0072956100649693087 0.0061051544247604219 0.0057667699399001982 -0.0075105664615671081 0.019436364401872911 0.01738590904799148 -0.017593694000922058 0.0060751377184075778 -0.0070443735117749562 0.0032966089534621846
leaf_weight=18.619162379298359 1.7091646674089198 4.0215597618371275 4.336444663815203 1.008238687529228 1.6972164829494421 13.834098197869023 63.449918032041751 75.200906126876362 12.306829630397258 15.998011423274873 8.6003558306256291 2.1278398521244526 2.0341071970760822 1.3004340031184254
leaf_count=248 30 31 30 57 215 170 747 1157 114 109 198 15 35 11
internal_value=0.000112794 -0.00123457 0.00966104 -0.00302954 0.0113349 -0.00165849 0.00197294 -0.00501747 0.0149484 0.0144518 -0.0152936 0 -0.00479848 0
internal_weight=226.244 206.369 24.356 182.013 19.8752 171.104 82.0691 89.035 18.1779 20.3345 10.909 5.87111 3.74327 2.30867
internal_count=3167 2758 170 2588 409 2322 995 1327 194 139 266 80 65 68
is_linear=0
shrinkage=0.0435066


Tree=141
num_leaves=14
num_cat=0
split_feature=10 9 4 11 10 24 6 13 6 1 1 5 6
split_gain=1.59712 1.62833 1.29877 1.52457 1.28775 1.2615 1.53666 1.24469 1.22163 1.12733 0.702841 0.317086 0.194263
threshold=0.34761152783260957 0.12132352941176471 37.850000000000001 0.026671408250355601 0.15677668539325842 1.0000000180025095e-35 94.050000000000011 0.36666666666666675 126.25000000000001 4.5000000000000009 2.5000000000000004 35.95000000000001 94.050000000000011
decision_type=2 2 2 2 2 2 2 2 2 2 2 2 2
left_child=1 2 5 8 -5 6 -1 10 -4 -7 12 -3 -2
right_child=7 11 3 4 -6 9 -8 -9 -10 -11 -12 -13 -14
leaf_value=0.0052354664496533183 -0.0047494021631949634 -0.01734141977741838 0.016728132989887252 -0.0085930381580805876 0.0049789218608409912 -0.0022352094493105312 -0.0061999416842896081 -0.0073213434823742657 -0.0046321932468270611 -0.015909673545597792 0.017890843765362575 -0.00045025108563686168 0.0041407782734519394
leaf_weight=51.572974836220965 1.9250989528372944 6.8003751806681958 17.027494480716999 14.835092925233765 28.209292245679535 37.588952004211023 29.27809592965059 1.6845067224348884 2.5690390951931468 13.691168082761576 12.056061684153972 4.4377336781471968 3.822740011382848
leaf_count=544 32 220 163 167 356 547 459 215 28 224 114 50 48
internal_value=0 -0.0012365 -3.36524e-05 0.0047878 -1.02279e-05 -0.00250966 0.000825572 0.0101859 0.013085 -0.00744262 0.0137744 -0.0138521 0
internal_weight=225.499 206.01 194.772 62.6409 43.0444 132.131 80.8511 19.4884 19.5965 51.2801 17.8039 11.2381 5.74784
internal_count=3167 2758 2488 714 523 1774 1003 409 191 771 194 270 80
is_linear=0
shrinkage=0.0435066


Tree=142
num_leaves=15
num_cat=0
split_feature=16 10 9 4 6 27 1 17 27 3 17 10 10 3
split_gain=1.68636 1.87389 1.63179 1.44711 2.14481 1.80797 0.952191 0.715113 0.726753 0.164124 0.153434 0.170884 0.0456912 0.0426799
threshold=10.500000000000002 0.34761152783260957 0.12132352941176471 35.550000000000004 68.750000000000014 1.5000000000000002 1.5000000000000002 55.906971153846158 3.5000000000000004 53.500000000000007 64.318303571428586 0.41070163004961019 0.42976939203354297 56.500000000000007
decision_type=2 2 2 2 2 2 2 2 2 2 2 2 2 2
left_child=6 2 3 4 -2 -5 13 8 12 -4 -9 -12 -3 -1
right_child=1 7 9 5 -6 -7 -8 10 -10 -11 11 -13 -14 -15
leaf_value=-0.00023069633819448513 0.0033615171680113722 0.0026183998176364993 0 -0.0021024118456995813 -0.010904108834863499 0.0081352823238904724 -0.019147510422203282 -0.0053787065400295294 0.020926400501212021 -0.014574157374665171 0.006547321493476272 -0.0022904760696441859 -0.0014966694315921205 0.003753351207910832
leaf_weight=2.3262205689679818 33.114998692646623 3.3178622291889051 1.1907164226286102 53.361415055813268 34.098831502255052 65.778103170567192 6.4237460464937612 1.409880544815677 8.2500044927000999 9.1127198392059636 1.6091718594543638 1.3661258591455405 2.2370631537633017 1.1719790942734105
leaf_count=78 329 45 27 781 471 678 251 55 100 202 23 50 55 22
internal_value=0 0.00100131 -0.00035625 0.000738964 -0.0040632 0.00359853 -0.0134415 0.0123085 0.0158287 -0.0133754 -0.000686811 0.00264172 0.000213488 0.00167213
internal_weight=224.769 214.847 196.657 186.353 67.2138 119.14 9.92195 18.1901 13.8049 10.3034 4.38518 2.9753 5.55493 3.4982
internal_count=3167 2816 2488 2259 800 1459 351 328 200 229 128 73 100 100
is_linear=0
shrinkage=0.0435066


Tree=143
num_leaves=22
num_cat=0
split_feature=4 27 17 7 4 18 11 16 6 10 17 0 11 11 6 0 3 18 3 6 8
split_gain=1.60679 1.81365 1.63688 1.42393 1.89133 1.72673 1.54687 0.882545 0.822779 1.79785 1.87221 1.02651 0.913215 0.764875 0.71916 1.24657 0.882569 0.565879 0.514268 0.382676 0.261441
threshold=37.650000000000013 3.5000000000000004 48.828571428571429 5.5000000000000009 35.95000000000001 13.500000000000002 0.10607196401799096 13.500000000000002 121.65000000000002 0.24638060352346061 38.297916666666673 2200.0000000000005 0.071067821067821071 0.026671408250355601 109.45000000000002 1350.0000000000002 55.250000000000007 10.500000000000002 55.250000000000007 115.95000000000002 2021.5000000000002
decision_type=2 2 2 2 2 2 2 2 2 2 2 2 2 2 2 2 2 2 2 2 2
left_child=2 13 8 4 6 -6 -4 19 9 11 -11 -1 18 17 15 -15 -16 20 -10 -3 -2
right_child=1 7 3 -5 5 -7 -8 -9 12 10 -12 -13 -14 14 16 -17 -18 -19 -20 -21 -22
leaf_value=-0.0053021638626488772 -0.0050513285398397761 0.0067673652834373422 -0.025434977980955339 0.0078881098239719748 -0.0082047182000276261 0.01099984109948895 0 0.019143181619563049 -0.0055113847591765578 0.016378953071751339 -0.0066931974499840575 0.005447269179049496 -0.016740596495793493 0.0083730142897125454 0.0075231082951462283 -0.011332342642011507 -0.0070195097449651956 0.012787066310670735 0.0068344193916158435 -0.0053092394595116842 0.0047042671025947936
leaf_weight=41.826522552990355 5.2797749319579435 2.7577971899881986 13.045033082365991 3.4402548787184051 21.118639990338128 6.449542259797453 5.1223376844427539 12.543493741657583 6.5360972112975997 18.85191399266478 4.2751910894876337 18.951575640588999 3.4600186090683556 2.2128704860806492 15.244253243785353 19.061257297056727 5.7530427710153154 6.7921814881265163 5.8415298378095031 4.1113319692667574 2.420669193379581
leaf_count=577 80 32 226 28 372 38 152 89 105 295 126 166 85 16 130 409 57 50 62 42 30
internal_value=-8.45242e-05 0.00477354 -0.00273033 -0.00871768 -0.0109875 -0.00217224 -0.0198513 0.0143162 0.000480416 0.00238456 0.0112403 -0.00159773 -0.00691118 0.000212635 -0.00264635 -0.00743744 0.00245366 0.00726525 0.000129679 0 -0.000525548
internal_weight=225.095 76.1767 148.919 49.1758 45.7356 27.5682 18.1674 19.4126 99.7428 83.9052 23.1271 60.7781 15.8376 56.764 42.2714 21.2741 20.9973 14.4926 12.3776 6.86913 7.70044
internal_count=3167 935 2232 816 788 410 378 163 1416 1164 421 743 252 772 612 425 187 160 167 74 110
is_linear=0
shrinkage=0.0435066


Tree=144
num_leaves=15
num_cat=0
split_feature=5 10 6 4 1 8 13 6 4 1 1 4 4 1
split_gain=1.64438 1.88548 1.27624 1.8268 2.02831 1.41573 1.22112 1.12121 1.05742 0.87898 0.57716 0.388952 0.317093 0.306701
threshold=183.35000000000005 0.34761152783260957 94.050000000000011 37.550000000000004 3.5000000000000004 2016.5000000000002 0.36666666666666675 123.25000000000001 35.850000000000001 2.5000000000000004 3.5000000000000004 38.050000000000004 39.250000000000007 2.5000000000000004
decision_type=2 2 2 2 2 2 2 2 2 2 2 2 2 2
left_child=1 2 3 4 -1 11 9 -7 -2 12 13 -4 -3 -10
right_child=8 6 5 -5 -6 7 -8 -9 10 -11 -12 -13 -14 -15
leaf_value=0.00280948137829548 -0.0038549080661096553 -0.0057029576374503883 -0.0026005796180496145 0.017265240836977953 -0.011274233442781752 -0.011654122935456998 -0.0074520627171941675 -0.00010224226518464416 0.0062597992085774695 0.01800296337982292 0.017975032569763395 0.0079394876230279611 0.0056180530006081867 -0.0039943690881153685
leaf_weight=60.354168027988635 4.867327498272064 3.6168130058795276 5.0541516653029239 4.866516168229281 20.574447904946283 54.633923214394599 1.6840986067545589 24.054958363878541 4.9272814206779021 11.755786010064183 10.917807119898496 10.034150141640565 2.057215191423893 3.61465182621032
leaf_count=717 35 65 99 38 334 982 215 318 31 111 74 100 14 34
internal_value=1.41985e-05 -0.00135119 -0.00287762 0.000855529 -0.0012292 -0.00622711 0.00968184 -0.00851887 0.00942163 0.0133354 0.0132641 0.0042232 0 0.00140096
internal_weight=223.013 198.686 179.572 85.7951 80.9286 93.7772 19.1139 78.6889 24.3271 17.4298 19.4597 15.0883 5.67403 8.54193
internal_count=3167 2993 2588 1089 1051 1499 405 1300 174 190 139 199 79 65
is_linear=0
shrinkage=0.0435066


Tree=145
num_leaves=21
num_cat=0
split_feature=4 1 27 4 27 16 5 3 7 16 4 11 1 5 17 6 5 5 5 4
split_gain=1.59063 1.99652 1.6679 1.76215 1.67996 1.96724 1.6591 1.41399 1.41057 1.37391 1.04229 1.0123 0.76458 0.600533 0.403758 0.485638 0.376171 0.33823 0.19814 0.0451721
threshold=36.050000000000004 1.5000000000000002 1.5000000000000002 42.150000000000013 4.5000000000000009 9.5000000000000018 36.650000000000013 55.250000000000007 5.5000000000000009 13.500000000000002 39.050000000000004 0.024725274725274703 1.0000000180025095e-35 321.50000000000006 107.49404761904763 71.050000000000011 38.45000000000001 36.050000000000004 33.750000000000007 36.650000000000013
decision_type=2 2 2 2 2 2 2 2 2 2 2 2 2 2 2 2 2 2 2 2
left_child=1 6 3 8 5 19 7 17 9 -2 -6 -7 16 14 15 -3 -8 -1 -9 -4
right_child=2 13 4 -5 10 11 12 18 -10 -11 -12 -13 -14 -15 -16 -17 -18 -19 -20 -21
leaf_value=-0.016275069645612785 -0.0012767120413855193 -0.005370674635654331 0 0.010369062644557824 -0.017114071071326196 0.00034289695960775017 0.0026020633953868625 0.0068506715873285729 0.0092775588059409633 -0.015688436075557637 0.0048740907694504523 0.013723511895259211 -0.0029062447719215793 0.0027707846225622414 0.0011353045810655999 -0.018097364050335164 0.016966292363974515 0 -0.00046546520616083914 -0.010721744564864003
leaf_weight=9.693696155794898 29.31319368397817 21.505338147631846 1.1796545677352686 8.9152575116604549 3.1139807207509866 15.815532419830559 11.041583515703683 4.0857067053439122 3.9650108064524821 20.058988847362343 2.250071682035923 46.339514473918825 4.9542816006578496 2.0075123682618132 1.5998509116470803 18.621219450491481 7.4175148010253897 2.3022147519513956 12.270922828465698 3.2877107341773808
leaf_count=212 478 365 43 58 52 151 65 67 35 391 19 463 50 13 24 497 21 18 131 76
internal_value=-0.000852079 -0.00499863 0.00212114 -0.00284056 0.00641984 0.00855997 0.000729343 -0.00562625 -0.00610538 -0.00845873 -0.00942854 0.0108211 0.00831148 -0.0111943 -0.0123585 -0.0131959 0.0116982 -0.0140483 0.00235282 -0.00973786
internal_weight=229.739 95.4998 134.239 62.2525 71.9865 66.6224 51.7659 28.3525 53.3372 49.3722 5.36405 62.155 23.4134 43.7339 41.7264 40.1266 18.4591 11.9959 16.3566 4.46737
internal_count=3229 1463 1766 962 804 733 564 428 904 869 71 614 136 899 886 862 86 230 198 119
is_linear=0
shrinkage=0.0435066


Tree=146
num_leaves=16
num_cat=0
split_feature=5 7 18 9 9 6 17 3 9 16 17 9 5 21 6
split_gain=1.09597 0.998292 1.29985 1.22929 1.54518 1.18162 1.30812 1.76956 1.12825 0.743747 0.536221 0.36587 0.273727 0.152047 0.0319708
threshold=304.15000000000003 3.5000000000000004 5.5000000000000009 0.12132352941176471 0.025167084377610654 123.25000000000001 47.759935897435909 53.500000000000007 0.021482277121374852 13.500000000000002 49.301339285714285 0.066081498999454216 12.65 1.0000000180025095e-35 74.450000000000003
decision_type=2 2 2 2 2 2 2 2 2 2 2 2 2 2 2
left_child=1 5 10 4 -4 6 7 -1 -8 12 13 -11 -7 -3 -12
right_child=-2 2 3 -5 -6 9 8 -9 -10 11 14 -13 -14 -15 -16
leaf_value=0.0082506265161849963 0.010476215903995782 0.016992839398393945 -0.011871470914380637 -0.014714744242880868 0.0029089299977381705 0.0026271544381716687 0.0011351465971811334 -0.0075803587968039689 -0.013893417435663431 0.012172122585273518 0.00017510516156515605 0 -0.0080186946666460091 0.00078555487849460903 -0.0032777491168442204
leaf_weight=17.429189453483559 8.3370898719876987 6.7440771304536593 9.0804988956078869 4.2430081390775731 85.469300016993657 1.6917619777377719 9.2418201211839897 23.557010940508917 39.109338378126267 8.4355324937496317 0.79417763417586629 4.5702871988760299 4.9997451966628432 3.4136020194273442 1.2828586295363491
leaf_count=240 57 144 118 77 858 43 97 495 748 72 19 60 56 88 57
internal_value=-0.000919171 -0.00168424 0.00113103 -0.000720827 0.000715823 -0.00454024 -0.00663866 -0.000427943 -0.0110436 0.00387729 0.0116752 0.00883192 -0.00459637 0.014586 -0.00165384
internal_weight=228.399 220.062 111.028 98.7928 94.5498 109.035 89.3374 40.9862 48.3512 19.6973 12.2347 13.0058 6.69151 10.1577 2.07704
internal_count=3229 3172 1361 1053 976 1811 1580 735 845 231 308 132 99 232 76
is_linear=0
shrinkage=0.0435066


Tree=147
num_leaves=10
num_cat=0
split_feature=13 18 5 5 7 5 5 18 10
split_gain=1.04601 0.97777 3.21221 1.08446 1.62328 1.04579 0.885747 0.698903 0.577497
threshold=0.70833333333333337 2.5000000000000004 3.5500000000000003 22.650000000000002 3.5000000000000004 25.150000000000002 304.15000000000003 5.5000000000000009 1.0000000180025095e-35
decision_type=2 2 2 2 2 2 2 2 2
left_child=1 2 -1 4 8 -5 -7 -6 -3
right_child=-2 3 -4 5 7 6 -8 -9 -10
leaf_value=-0.011487489966628919 -0.014972128301313808 0.0021086963279041077 0.021018087306024509 0.012341529536220712 0.0094424154566643288 -0.0013980711057024807 0.009700601224784092 -0.0043026130790804395 -0.014193799599049399
leaf_weight=3.8924202885245887 3.1577273499569847 1.7833021227270389 7.7461326119955629 6.4678830946795633 8.0022442897316051 157.10858945758082 8.2526207827031595 6.9741542087867847 24.27650776389055
leaf_count=103 503 14 121 66 153 1530 57 144 538
internal_value=-0.000940873 -0.00028314 0.00937087 -0.00111958 -0.00694911 0.000419205 -0.000438772 0.00320921 -0.0125703
internal_weight=227.662 224.504 11.6386 212.865 41.0362 171.829 165.361 14.9764 26.0598
internal_count=3229 2726 224 2502 849 1653 1587 297 552
is_linear=0
shrinkage=0.0435066


Tree=148
num_leaves=8
num_cat=0
split_feature=13 18 5 27 16 13 27
split_gain=0.982293 0.84181 2.91523 0.92458 0.729299 0.671391 0.159222
threshold=0.70833333333333337 2.5000000000000004 3.5500000000000003 4.5000000000000009 10.500000000000002 0.29166666666666669 2.5000000000000004
decision_type=2 2 2 2 2 2 2
left_child=1 2 -1 4 6 -6 -3
right_child=-2 3 -4 -5 5 -7 -8
leaf_value=-0.011248672074103126 -0.014708307571270987 0 0.019751000121284702 -0.01342839717779973 -0.00045234329160717679 0.0089696668211411892 -0.011325745232544773
leaf_weight=3.7923689055023697 3.1028968316386445 2.2992465603165311 7.679619952919893 4.6401429069228461 190.21876806207001 8.8700303103541938 6.9025701701175421
leaf_count=103 503 46 121 52 1998 217 189
internal_value=-0.00105717 -0.00041503 0.00858072 -0.00118601 -0.00046728 0.000189443 -0.00950453
internal_weight=227.506 224.403 11.472 212.931 208.291 199.089 9.20182
internal_count=3229 2726 224 2502 2450 2215 235
is_linear=0
shrinkage=0.0435066


Tree=149
num_leaves=22
num_cat=0
split_feature=4 16 6 4 17 17 16 4 4 2 4 17 2 11 6 2 7 10 3 17 28
split_gain=1.52368 1.32568 1.21267 1.55103 1.20971 2.90739 0.793551 2.52212 1.45592 1.75577 0.946426 0.791061 1.40691 0.81561 0.770326 0.674302 0.659909 0.43226 0.106614 0.0327423 0.0213056
threshold=38.350000000000001 14.500000000000002 98.750000000000014 42.150000000000013 44.94583333333334 59.362500000000004 13.500000000000002 36.550000000000004 34.850000000000001 6.5000000000000009 37.45000000000001 64.621428571428581 8.5000000000000018 0.093073593073593072 124.85000000000001 7.5000000000000009 5.5000000000000009 0.32188438438438444 51.500000000000007 56.025274725274734 1.4950000000000003
decision_type=2 2 2 2 2 2 2 2 2 2 2 2 2 2 2 2 2 2 2 2 2
left_child=4 2 -2 16 6 15 7 18 9 -8 -9 13 -13 -7 -10 20 -4 -17 -1 -5 -6
right_child=1 -3 3 19 5 11 8 10 14 -11 -12 12 -14 -15 -16 17 -18 -19 -20 -21 -22
leaf_value=0 0.013805622257551334 0.01784751009468849 -0.0073662143682182695 0.0016648030656116566 -0.024301765534107941 0.01117668949281648 0.0070063628103607068 0.010690774546417519 0.012224237443735375 -0.0078500175190095254 -0.0057543253036704224 0.0041031783594156317 -0.013480563203727369 -0.0053019500480745692 -0.0026849314310887678 -0.0080486707785399538 0.0057858125542284457 0.0043190696822880716 -0.017176269736662617 0.012648245071661887 -0.0013890277238657054
leaf_weight=1.5928199967602292 5.5070288481656453 5.3408650923520318 36.205613744677976 5.5929196514189226 11.126274682465009 11.727357420488259 17.956670852494426 11.194920632289721 21.813655503443446 32.213119842112064 4.5575823776889584 13.026735489373097 9.1108165276236814 2.7612596575636408 4.5675056634936473 10.426521130721083 2.7996935546398154 1.8147476075682778 12.183857061958404 4.0482959114015102 1.8792789365397773
leaf_count=32 35 32 519 40 218 133 185 133 247 325 85 212 148 67 62 185 19 39 440 26 47
internal_value=-0.00104551 0.00455733 0.00130431 -0.00139208 -0.00318405 -0.00770057 -0.000167033 -0.00562627 0.00209377 -0.0021608 0.00518894 0.000328365 -0.00420202 0.00688609 0.00931624 -0.0173431 -0.0055078 -0.00481469 -0.0161841 0.0101413 -0.0230757
internal_weight=227.448 59.4944 54.1536 48.6465 167.953 61.873 106.08 29.5292 76.551 50.1698 15.7525 36.6262 22.1376 14.4886 26.3812 25.2468 39.0053 12.2413 13.7767 9.64122 13.0056
internal_count=3229 671 639 604 2558 1049 1509 690 819 510 218 560 360 200 309 489 538 224 472 66 265
is_linear=0
shrinkage=0.0435066


Tree=150
num_leaves=23
num_cat=0
split_feature=4 27 10 10 2 6 6 3 3 11 4 0 3 22 2 9 18 1 4 1 10 11
split_gain=1.93126 1.72474 1.65865 1.36303 1.04156 1.03085 2.81481 0.977846 0.897926 0.950171 0.866334 0.894361 0.851584 0.826098 0.637951 0.620948 0.41843 0.403752 0.292079 0.277908 0.221729 0.125043
threshold=37.750000000000007 3.5000000000000004 0.2137002341920374 0.25873937103522743 2.5000000000000004 146.25000000000003 121.65000000000002 54.500000000000007 56.500000000000007 1.0000000180025095e-35 40.750000000000007 1100.0000000000002 52.500000000000007 1.5000000000000002 9.5000000000000018 0.066081498999454216 15.500000000000002 4.5000000000000009 37.250000000000007 4.5000000000000009 0.17349498327759191 0.057189542483660101
decision_type=2 2 2 2 2 2 2 2 2 2 2 2 2 2 2 2 2 2 2 2 2 2
left_child=2 3 8 10 -5 6 7 -4 9 12 11 -2 -1 -3 20 -7 -11 -8 -17 -6 -10 -12
right_child=1 13 5 4 19 15 17 -9 14 16 21 -13 -14 -15 -16 18 -18 -19 -20 -21 -22 -23
leaf_value=-0.010926664903443612 0.012495827465960159 0.018404825474072656 -0.0049114130334522808 0.0056439450368817199 -0.015648644165955631 0.017715847072202844 -0.018691353345915186 0.0054552341217632052 -0.0078041570001740499 -0.015543100485470637 0.013669001125547708 -0.0035705357401503717 0.0036254663838575312 -0.00055546109731295309 0.0091835082336654827 -0.0069043161402515662 0.00040788383046875778 0 0.0048165857866383551 0 0.0018082458381223909 0.00080482046674708037
leaf_weight=5.1084678068291423 1.8131067212671066 14.792677403427662 17.037758377962746 2.9488908307394004 8.2507520022918452 3.5675466679967931 9.3204024509759602 56.643226359970868 4.9344298396026698 28.459789081593048 9.9646776765584928 24.245806928724051 14.926029576221479 3.7354200123809269 4.7421669336035848 1.5587984987068924 1.7269197516143311 1.4924304189626116 1.1002802876755593 3.2898288451833642 1.9516846137121318 4.4396083466708651
leaf_count=72 8 116 419 39 143 25 167 676 72 496 68 375 183 40 45 60 10 36 9 60 24 41
internal_value=0 0.00552677 -0.00276014 0.000904931 -0.00822269 0.000934884 -0.000643958 0.00272818 -0.0078998 -0.0102135 0.00507505 0 -0.00147688 0.0150302 0.00161712 0.0125229 -0.0144458 -0.0165885 -0.000980385 -0.0130819 -0.00477372 0.0116713
internal_weight=226.051 73.4808 152.57 54.9527 14.4895 90.7204 84.4938 73.681 61.8495 50.2212 40.4632 26.0589 20.0345 18.5281 11.6283 6.22663 30.1867 10.8128 2.65908 11.5406 6.88611 14.4043
internal_count=3184 890 2294 734 242 1392 1298 1095 902 761 492 383 255 156 141 94 506 203 69 203 96 109
is_linear=0
shrinkage=0.0435066


Tree=151
num_leaves=21
num_cat=0
split_feature=4 7 6 6 7 16 5 5 17 3 5 5 9 13 4 5 18 17 8 6
split_gain=1.67592 2.56372 1.31209 2.27076 1.84902 1.56078 1.32347 1.06434 1.03709 1.74026 0.746661 1.94161 1.7723 0.928168 0.858646 0.730542 0.644088 0.613173 0.44943 0.00250411
threshold=37.750000000000007 3.5000000000000004 91.550000000000011 109.35000000000001 3.5000000000000004 12.500000000000002 2.6500000000000008 304.15000000000003 43.721875000000004 55.250000000000007 33.150000000000013 34.850000000000001 0.060024009603841501 0.45000000000000007 34.550000000000004 65.950000000000017 9.5000000000000018 42.731666666666676 2019.0000000000002 145.05000000000004
decision_type=2 2 2 2 2 2 2 2 2 2 2 2 2 2 2 2 2 2 2 2
left_child=1 7 -2 4 6 17 -4 8 16 -10 13 19 -13 14 -3 -7 -1 -5 -6 -12
right_child=2 10 3 5 18 15 -8 -9 9 -11 11 12 -14 -15 -16 -17 -18 -19 -20 -21
leaf_value=0.0027555019018122504 0.019602928387555781 -0.0039093897515610496 0.0067854256244512289 -0.0093239183104754896 0.011426968251674359 0.018288801350358895 -0.016823988431064311 0.0056218797703772739 -0.019718922035641333 0.0013709093137561615 -0.015204426005980595 0.005832218655620957 -0.010880139406941049 -0.0067462434430057691 0.014046187760522903 0.0026510057149044643 -0.0092291094219054924 0.0049043978641950502 -0.00075216777773153356 -0.00038883242522295947
leaf_weight=14.767695196089337 4.2953003495931616 2.3648030236363473 1.1990039781085275 6.3935243692249042 3.8911685352213672 16.192815526155758 15.803653931012375 3.5672811437398186 25.145503347972408 7.4924634698545551 7.204528881236909 55.481048624496907 8.3379874778911454 1.6490182305569749 16.969512481242418 13.220826366916297 7.3311941483989349 3.8478934112936258 8.1240584824699891 1.824496731162071
leaf_count=395 26 47 17 88 38 123 344 23 569 109 124 440 79 188 242 107 66 35 112 12
internal_value=2.32735e-05 -0.00251809 0.00522064 0.00256606 -0.00577387 0.00884059 -0.013312 -0.00921709 -0.0108438 -0.0151979 0.00187236 -0.000276925 0.00269977 0.00799772 0.0110285 0.0132959 -0.00206471 -0.0035487 0.00527988 -0.0142765
internal_weight=225.104 152.136 72.9682 68.6729 29.0179 39.6551 17.0027 58.3041 54.7369 32.638 93.8314 72.8481 63.819 20.9833 19.3343 29.4136 22.0989 10.2414 12.0152 9.02903
internal_count=3184 2294 890 864 511 353 361 1162 1139 678 1132 655 519 477 289 230 461 123 150 136
is_linear=0
shrinkage=0.0435066


Tree=152
num_leaves=23
num_cat=0
split_feature=4 7 27 6 16 17 7 1 10 1 9 1 17 5 23 2 6 16 2 5 2 6
split_gain=1.71203 2.41349 1.33132 1.14545 1.78326 1.43992 1.06192 0.989544 1.15647 1.04334 0.820939 0.746315 0.708574 0.667597 0.645733 0.751411 1.67465 0.991137 0.679741 0.501844 0.259379 0.0480172
threshold=37.750000000000007 3.5000000000000004 3.5000000000000004 109.35000000000001 13.500000000000002 41.655714285714296 3.5000000000000004 6.5000000000000009 0.23030303030303029 4.5000000000000009 0.032291666666666656 5.5000000000000009 90.522619047619074 65.950000000000017 1.5000000000000002 4.5000000000000009 108.25000000000001 11.500000000000002 9.5000000000000018 28.950000000000003 8.5000000000000018 89.65000000000002
decision_type=2 2 2 2 2 2 2 2 2 2 2 2 2 2 2 2 2 2 2 2 2 2
left_child=1 7 3 4 10 19 -6 8 12 -10 -2 -4 -1 -7 15 16 -3 -17 -16 -5 21 -9
right_child=2 14 11 5 6 13 -8 20 9 -11 -12 -13 -14 -15 18 17 -18 -19 -20 -21 -22 -23
leaf_value=-0.017502765720554741 0.01341469726935219 -0.01103303323300061 0.017503713764836781 0.0026382387737869935 -0.021053364043163846 0.018033460712208377 0 0 -0.0074323208273592489 0.0080025424835557819 -0.0020517227712179681 0 0.0011240172416090309 0.00059947141867094348 0.0026886860592835941 -0.0081322465906161351 0.0089119605758695951 0.0068312819131331947 -0.013620388712797301 -0.010621916986963589 -0.0025514667884540356 0.00916233852579703
leaf_weight=27.153925555408936 4.3122485212516048 13.128495779295919 13.475539007456975 5.2185712640639412 6.0787574643618427 9.6311194598674792 6.3428492362145334 1.6602643526857712 16.507174137746919 6.2886577571043736 10.610671428265048 5.2958105523139229 2.3936721375212064 7.9074898455291978 4.4045322716701767 3.4035546297673127 6.8909703111276022 62.805232383660041 3.5379387915600091 3.9760889485478401 2.0282184600364417 1.9479775832733137
leaf_count=475 40 192 102 54 190 73 83 26 436 135 185 54 30 67 45 96 90 668 41 42 32 28
internal_value=9.56137e-05 -0.00247334 0.00535048 0.00114464 -0.00442975 0.00690008 -0.0137353 -0.00900012 -0.0108373 -0.00199822 0.00466682 0.0136512 -0.0157841 0.0128837 0.00176753 0.00307891 -0.00328552 0.00526378 -0.00674399 -0.00448218 0.0038951 0.00782345
internal_weight=225 152.151 72.8491 54.0778 27.3445 26.7333 12.4216 57.9799 52.3434 22.7958 14.9229 18.7713 29.5476 17.5386 94.1707 86.2283 20.0195 66.2088 7.94247 9.19466 5.63646 3.60824
internal_count=3184 2294 890 734 498 236 273 1162 1076 571 225 156 505 140 1132 1046 282 764 86 96 86 54
is_linear=0
shrinkage=0.0435066


Tree=153
num_leaves=22
num_cat=0
split_feature=4 7 27 4 1 18 18 4 17 5 1 4 6 4 3 1 11 2 11 6 6
split_gain=1.55771 1.72816 1.41452 1.04528 0.808096 0.924018 1.08802 0.794377 2.43876 1.12519 2.77836 2.201 0.771915 0.861958 0.738206 0.69266 0.23721 0.209642 0.133009 0.0696086 0.257466
threshold=37.750000000000007 3.5000000000000004 3.5000000000000004 42.150000000000013 6.5000000000000009 2.5000000000000004 14.500000000000002 36.850000000000001 30.83311688311689 38.850000000000001 5.5000000000000009 34.550000000000004 72.050000000000011 39.150000000000013 52.500000000000007 5.5000000000000009 0.025978407557354904 3.5000000000000004 0.054093567251461951 112.65000000000002 124.65000000000002
decision_type=2 2 2 2 2 2 2 2 2 2 2 2 2 2 2 2 2 2 2 2 2
left_child=1 4 3 12 5 14 -7 9 -9 11 -11 -3 -2 -14 -1 19 -6 -18 -5 -4 -21
right_child=2 7 15 18 16 6 -8 8 -10 10 -12 -13 13 -15 -16 -17 17 -19 -20 20 -22
leaf_value=0.011861190685857321 0.0099040741603364669 -0.0063941257175743312 0.022641383952205336 0.013579799185955994 0.0081825057746345766 -0.013402503225382825 0.0037963138981596668 0.010972942833901725 -0.01855537002977518 0.014228005210481622 -0.012003569064874608 0.010299493375913604 -0.011211452398583179 0.00017767512231984357 -0.0059154176974408239 0 0.0033457189194124465 -0.0062663508515331465 0.00048983191095144853 -0.0010861375300422773 0.0089311639351919575
leaf_weight=2.2799785945098838 2.1568134874105445 39.161597985541448 4.461230110377076 4.5735811665654165 2.1267781406640998 42.94274137110915 4.2154166568070641 3.0615649225655925 6.277205283055082 25.620534047950063 4.2032101955264798 15.602930909139102 13.073822946171274 29.974473579903133 2.4178164137993008 5.2339048869907847 1.4582051029428842 2.037339236587286 4.242909898981452 3.3554808311164361 5.8976110043004155
leaf_count=41 15 448 28 28 21 810 26 28 87 188 35 346 318 342 199 54 17 48 31 31 43
internal_value=8.67432e-05 -0.00237253 0.00509237 0.000805584 -0.00791781 -0.00960342 -0.0114032 0.00121414 -0.00770848 0.00279071 0.0087643 -0.000884103 -0.00207083 -0.00409731 0.00369305 0.0135847 0.00360858 -0.00168281 0.0108227 0.0172363 0.00571217
internal_weight=224.375 151.405 72.9698 54.0216 57.4783 51.856 47.1582 93.927 9.33877 84.5883 29.8237 54.7645 45.2051 43.0483 4.6978 18.9482 5.62232 3.49554 8.81649 13.7143 9.25309
internal_count=3184 2294 890 734 1162 1076 836 1132 115 1017 223 794 675 660 240 156 86 65 59 102 74
is_linear=0
shrinkage=0.0435066


Tree=154
num_leaves=14
num_cat=0
split_feature=18 13 27 9 2 6 10 24 7 6 1 6 6
split_gain=1.37679 1.74263 1.39281 0.9065 1.14034 0.997573 0.993189 1.10528 0.963557 0.875268 0.381809 0.263748 0.0218742
threshold=2.5000000000000004 0.45000000000000007 4.5000000000000009 0.12132352941176471 3.5000000000000004 158.90000000000003 0.28708791208791212 1.0000000180025095e-35 3.5000000000000004 110.25000000000001 3.5000000000000004 90.750000000000014 123.35000000000001
decision_type=2 2 2 2 2 2 2 2 2 2 2 2 2
left_child=1 9 3 6 10 -6 8 -8 -2 11 -5 -1 -3
right_child=2 12 -4 4 5 -7 7 -9 -10 -11 -12 -13 -14
leaf_value=0.00085021457263229723 -0.0037124166762716069 -0.0087038095213493212 -0.015794885619715569 -0.0029980570187721932 -0.01687262917389689 0.0044613324444137256 0.01574459728935788 -0.0020775050479021921 0.0026249709375695883 -0.00096523624147446896 0.0098482793328615505 0.023927945278666946 0
leaf_weight=2.5659976904280466 77.060889035812579 1.8935715357074507 4.8600609354907638 2.3712423436809358 11.762962121982126 1.5341864866204549 9.8148321158951166 7.3127215089043593 92.367171777877957 2.6123734628781667 2.7370446060085669 6.1384977812413126 0.32947441597934801
leaf_count=49 1081 276 64 43 252 22 124 111 999 50 33 47 33
internal_value=0 0.0109438 -0.000970805 -9.57694e-05 -0.00794269 -0.0132451 0.000868194 0.009234 -0.000230955 0.0169189 0.00468085 0.0210633 -0.00825609
internal_weight=223.361 13.5399 209.821 204.961 18.4054 13.2971 186.556 17.1276 169.428 11.3169 5.10829 8.7045 2.22305
internal_count=3184 455 2729 2665 350 274 2315 235 2080 146 76 96 309
is_linear=0
shrinkage=0.0435066


Tree=155
num_leaves=20
num_cat=0
split_feature=16 6 22 18 6 11 6 14 0 2 2 2 4 9 5 4 4 11 6
split_gain=1.39508 2.60557 1.64966 1.35391 1.1113 0.914623 1.18619 0.902552 1.01491 0.896015 0.719827 0.583258 0.506768 0.826018 0.434656 0.367776 0.211843 0.194934 0.133551
threshold=15.500000000000002 69.550000000000011 1.0000000180025095e-35 11.500000000000002 162.25000000000003 0.025978407557354904 69.550000000000011 1.5000000000000002 1750.0000000000002 10.500000000000002 9.5000000000000018 5.5000000000000009 34.750000000000007 0.039736842105263161 59.650000000000006 37.350000000000001 37.850000000000001 0.028219395866454656 107.45000000000002
decision_type=2 2 2 2 2 2 2 2 2 2 2 2 2 2 2 2 2 2 2
left_child=3 17 12 4 5 9 -7 8 11 -1 -10 -5 -3 -14 16 -6 -4 -2 -9
right_child=1 2 14 7 15 6 -8 18 10 -11 -12 -13 13 -15 -16 -17 -18 -19 -20
leaf_value=-0.0027400513755310722 0 0 -0.0015441582394677246 -0.0027051537326657983 -0.0016459733272780285 -0.00044678043474425663 -0.0098508606490594428 0.00056115874557601864 -0.016177485287803595 0.011595172369097833 0.0018605406643541951 0.0095562433059280319 0.00096982100977259348 0.02306120181737821 -0.008401451324807116 0.011793442805895019 0.008069078795429889 -0.014719337898818657 0.013727613957830754
leaf_weight=19.262897527485624 1.8576628547161806 3.1315492498688426 2.8458363043610024 7.1841119565069738 1.9805323043838132 42.202806301647797 70.852319898200221 4.1020503528416148 3.7994883451610795 5.465041493298485 3.5712017603218555 10.534487860277293 5.699505626223984 13.407125320634803 4.1175572946667671 4.7419429677538574 1.7759937718510626 3.267993078159634 8.8268265724182111
leaf_count=324 22 31 63 56 52 512 1478 36 39 68 22 86 61 136 26 42 10 76 58
internal_value=-0.000444115 0.00662475 0.011607 -0.00207579 -0.00401864 -0.0050291 -0.00664029 0.00459017 -0.000384961 0.00186341 -0.00994062 0.00477859 0.0167678 0.0187871 -0.00241779 0.00821198 0.00380528 -0.0122636 0.0116562
internal_weight=218.627 36.1032 30.9776 182.524 144.506 137.783 113.055 38.0182 25.0893 24.7279 7.37069 17.7186 22.2382 19.1066 8.73939 6.72248 4.62183 5.12566 12.9289
internal_count=3198 425 327 2773 2476 2382 1990 297 203 392 61 142 228 197 99 94 73 98 94
is_linear=0
shrinkage=0.0435066


Tree=156
num_leaves=23
num_cat=0
split_feature=4 5 4 2 5 21 17 16 22 5 4 10 9 2 2 18 7 5 4 1 5 17
split_gain=1.28064 1.96257 1.9434 1.61567 1.41625 2.14224 1.32319 1.09064 2.06368 0.894666 0.830812 1.02092 1.00753 0.603116 0.466032 0.333297 0.274336 0.210085 0.133778 0.110756 0.0296095 0.0137565
threshold=35.45000000000001 34.850000000000001 34.150000000000013 12.500000000000002 48.20000000000001 1.0000000180025095e-35 73.801648351648353 15.500000000000002 1.0000000180025095e-35 10.15 36.150000000000013 0.16374829001367988 0.029513888888888853 3.5000000000000004 13.500000000000002 5.5000000000000009 5.5000000000000009 107.95000000000002 34.550000000000004 4.5000000000000009 38.45000000000001 23.050000000000004
decision_type=2 2 2 2 2 2 2 2 2 2 2 2 2 2 2 2 2 2 2 2 2 2
left_child=1 2 -1 7 5 13 14 10 -9 21 12 -12 -2 -3 -5 -11 18 -16 -6 -10 -7 -4
right_child=3 4 9 6 16 20 -8 8 19 15 11 -13 -14 -15 17 -17 -18 -19 -20 -21 -22 -23
leaf_value=-0.024158272280284592 0.0042127317814187265 -0.0012521207824996669 0 0.020889679290592406 0 -0.012017611104675797 -0.0051825199017792103 0.016793023263842039 -0.0096519468605262768 0.011263823590854235 -0.0050586979638957566 0.0034153560028836495 -0.014361546871670726 0.012324887807984158 -0.0016178773638093268 -2.5590229208240943e-05 0 0.0071704157842233784 -0.014478307335514893 0 -9.4694793302514565e-05 -0.011276577134712074
leaf_weight=9.502006718306804 3.4811472652945659 4.7608142625540522 0.40247203130274956 8.6118360614636931 2.6353885265998525 4.3341028057038775 3.0589958775090045 10.944930996862242 2.7023525312542906 2.3650168371386808 39.541137609106954 58.10823115328094 11.423973652767016 23.826567355077714 4.9650234868749967 7.3099727085791528 3.4791184915229669 2.3465139903128147 5.4750346401706338 2.6932988506741822 2.3641548934392631 3.1473043094738387
leaf_count=203 59 39 23 79 28 67 47 113 35 53 468 901 330 169 70 151 27 14 80 25 14 203
internal_value=-0.000436213 -0.00507854 -0.0139316 0.0018057 0.000201615 0.00474608 0.0118165 -9.19308e-05 0.00854084 -0.000524278 -0.00182867 -2.11532e-05 -0.0095914 0.00996421 0.0160877 0.00553473 -0.00980655 0.00252418 -0.0124315 -0.00738234 -0.0106935 -0.0109312
internal_weight=217.479 69.602 22.7268 147.877 46.8752 35.2856 18.9824 128.895 16.3406 13.2248 112.554 97.6494 14.9051 28.5874 15.9234 9.67499 11.5895 7.31154 8.11042 5.39565 6.69826 3.54978
internal_count=3198 1057 633 2141 424 289 210 1931 173 430 1758 1369 389 208 163 204 135 84 108 60 81 226
is_linear=0
shrinkage=0.0435066


Tree=157
num_leaves=16
num_cat=0
split_feature=16 6 18 7 18 6 6 6 5 6 10 9 5 11 9
split_gain=1.19591 2.49624 1.37641 1.27512 1.00836 0.911817 1.66299 2.0297 1.40183 1.37361 1.08359 0.994351 0.870708 0.108331 0.0977145
threshold=15.500000000000002 69.550000000000011 11.500000000000002 6.5000000000000009 13.500000000000002 108.15000000000002 69.550000000000011 60.95000000000001 91.100000000000009 111.05000000000001 0.15677668539325842 0.029513888888888853 7.5500000000000007 0.028219395866454656 0.048115079365079354
decision_type=2 2 2 2 2 2 2 2 2 2 2 2 2 2 2
left_child=3 13 12 5 -4 6 7 -1 -8 11 -11 -7 -3 -2 -6
right_child=1 2 4 -5 14 9 8 -9 -10 10 -12 -13 -14 -15 -16
leaf_value=-0.0044469689627607894 0 -0.001462581035962484 -0.0090424444822097289 0.011988987738158537 5.6934798782196529e-05 -0.0040364388586504258 -0.014390465315928077 0.013431307008266493 0.00087655763575373007 -0.011790385794958936 0.00060183976445417255 0.010639914842283008 0.021235146120141737 -0.014202970902957586 0.0098168549933567474
leaf_weight=38.519022411550395 1.8232424987945695 1.9174315831623996 5.3129414473660281 5.0843214364722362 5.0299932733178121 7.0471658160677206 36.751479763071984 9.8517907353816536 12.847229417413471 13.868227002443744 33.08308791089803 24.308820858888794 12.960143527248873 3.2017614991636947 5.2065512808039784
leaf_count=496 22 54 44 50 40 67 935 100 120 146 558 301 160 76 29
internal_value=-0.000458768 0.0061384 0.0110988 -0.00197017 0.000397624 -0.00284096 -0.00551293 0.0001732 -0.0106139 0.000549902 -0.00386104 0.00694851 0.0182846 -0.0123326 0.00750991
internal_weight=216.813 35.4521 30.4271 181.361 15.5495 176.277 97.9695 48.3708 49.5987 78.3073 46.9513 31.356 14.8776 5.025 10.2365
internal_count=3198 425 327 2773 113 2723 1651 596 1055 1072 704 368 214 98 69
is_linear=0
shrinkage=0.0435066


Tree=158
num_leaves=22
num_cat=0
split_feature=4 2 5 0 3 4 5 17 11 6 6 22 22 11 9 6 6 2 5 5 17
split_gain=1.28033 1.71842 1.26987 1.92901 1.4322 1.91958 1.56961 1.16772 0.994273 0.974964 2.70196 1.61781 1.31754 1.15148 0.833207 0.773672 0.742629 0.315092 0.179537 0.17732 0.000345031
threshold=35.45000000000001 12.500000000000002 35.650000000000013 2200.0000000000005 55.250000000000007 34.150000000000013 34.850000000000001 73.801648351648353 0.10607196401799096 60.95000000000001 70.950000000000017 1.0000000180025095e-35 1.0000000180025095e-35 0.071067821067821071 0.03608470181503886 145.25000000000003 145.25000000000003 13.500000000000002 110.55000000000001 11.550000000000002 29.156944444444445
decision_type=2 2 2 2 2 2 2 2 2 2 2 2 2 2 2 2 2 2 2 2 2
left_child=2 9 4 8 14 6 -6 17 16 12 13 -12 20 -11 -1 -16 -4 -3 -19 -7 -2
right_child=1 7 3 -5 5 19 -8 -9 -10 10 11 -13 -14 -15 15 -17 -18 18 -20 -21 -22
leaf_value=0.0015340381059942201 -0.00017467607269935114 0.020205164802533867 -0.011417237182325802 0.011645485733473106 -0.019041476522493106 0 0.0058061086748272643 -0.0043114790135294354 0.0071810512810266168 0.021811305524877662 0.0010794791418316033 -0.011018349178374593 0.0062549618416983289 -0.00052336500359110021 -0.024107823152437594 0.001219711310096624 0.0040308664956368112 -0.0010655368095631396 0.0071389797996040429 0.014304539895201892 -0.0182862660987613
leaf_weight=1.5833670378196991 1.285471256938761 8.6260184289421904 23.008057622704662 11.405394315719603 5.6668343620840442 1.5876197359757505 3.2237715553492308 3.0626324229524462 3.3448341297917059 8.3905136575922352 86.489008155767806 20.302944328868762 2.0021910436917096 4.5530760849360368 11.019770094892008 1.0869286465458561 2.7866577319800845 4.8790292436024165 2.2231432367116213 4.210032208589837 5.187583880033344
leaf_count=41 32 79 233 60 108 62 36 47 31 66 1303 333 20 46 401 16 14 71 13 55 131
internal_value=-0.000575053 0.00167345 -0.00523453 0 -0.011319 -0.000187707 -0.010733 0.0120454 -0.00585112 -0.000281037 0.000904306 -0.00163305 -0.0108128 0.0158929 -0.0188512 -0.021662 -0.00896024 0.0160133 0.00295025 0.0122876 -0.017357
internal_weight=215.925 147.002 68.9233 40.5449 28.3783 14.6883 8.89061 18.7908 29.1395 128.211 119.736 106.792 8.47525 12.9436 13.6901 12.1067 25.7947 15.7282 7.10217 5.79765 6.47306
internal_count=3198 2141 1057 338 719 261 144 210 278 1931 1748 1636 183 112 458 417 247 163 84 117 163
is_linear=0
shrinkage=0.0435066


Tree=159
num_leaves=18
num_cat=0
split_feature=16 6 22 18 6 5 5 3 6 6 6 9 5 9 6 5 9
split_gain=1.18144 2.78948 1.4162 1.05492 1.05877 0.81218 0.948934 0.896244 0.6079 1.50887 1.36694 0.378221 0.336701 0.137634 0.127515 0.0783658 0.0444244
threshold=15.500000000000002 69.550000000000011 1.0000000180025095e-35 11.500000000000002 162.25000000000003 67.300000000000026 112.65000000000002 52.500000000000007 69.550000000000011 106.65000000000002 60.95000000000001 0.039736842105263161 59.650000000000006 0.047065337763012159 107.35000000000001 31.250000000000004 0.017148526077097454
decision_type=2 2 2 2 2 2 2 2 2 2 2 2 2 2 2 2 2
left_child=3 -2 11 4 8 -5 14 -8 10 -10 -1 16 15 -6 -7 -4 -3
right_child=1 2 12 5 13 6 7 -9 9 -11 -12 -13 -14 -15 -16 -17 -18
leaf_value=-0.0041888435514925897 -0.013239419261497817 0.0039796445433167857 -0.00017644479976144646 0.013651035764776095 0 0 -0.0070778931708027192 0.007908182791661755 -0.01405688522291623 -0.0021650603053139997 0.011369769887381908 0.019356641420488884 -0.0073210788969593887 0.010077603207426199 -0.011981552406187401 0.0056134275499451179 0
leaf_weight=37.89418287796434 5.1272171609452917 2.754405501997101 2.2159825061680767 5.3318556081503621 1.9921136877965171 2.9122633002698413 4.0423813667148378 21.397608472034335 28.32207305560587 61.458093405119143 7.5105237105162805 14.996442335541358 3.8814192675054073 4.7271315414691344 3.6479447521269321 2.3615739811211824 3.681279348442331
leaf_count=492 98 33 55 37 30 26 37 160 662 1140 88 159 26 64 37 18 36
internal_value=-0.000502428 0.00608813 0.0114564 -0.0020127 -0.00374225 0.00391096 0 0.00425397 -0.00475302 -0.00671847 -0.000317225 0.0162799 -0.00185826 0.0081603 -0.0096504 0.00344545 0.00220098
internal_weight=214.254 35.0183 29.8911 179.236 141.904 37.3321 32.0002 25.44 135.185 89.7802 45.4047 21.4321 8.45898 6.71925 6.56021 4.57756 6.43568
internal_count=3198 425 327 2773 2476 297 260 197 2382 1802 580 228 99 94 63 73 69
is_linear=0
shrinkage=0.0435066


Tree=160
num_leaves=20
num_cat=0
split_feature=4 0 0 6 6 4 27 17 24 4 16 4 4 2 10 11 9 2 2
split_gain=2.26163 2.32256 1.85842 2.05674 1.65152 1.28864 1.806 1.55013 1.15911 0.709812 0.47235 0.381992 0.346537 0.309121 0.218379 0.259416 0.188161 0.108101 0.0287788
threshold=35.250000000000007 1350.0000000000002 2200.0000000000005 145.45000000000002 60.45000000000001 42.150000000000013 3.5000000000000004 38.444155844155851 1.5000000000000002 34.45000000000001 11.500000000000002 35.550000000000004 34.850000000000001 13.500000000000002 0.16374829001367988 0.061862244897959155 0.041213921901527957 8.5000000000000018 5.5000000000000009
decision_type=2 2 2 2 2 2 2 2 2 2 2 2 2 2 2 2 2 2 2
left_child=2 4 3 9 14 6 8 -8 -3 -1 16 -12 -11 17 -2 -16 -6 18 -4
right_child=1 5 13 -5 10 -7 7 -9 -10 12 11 -13 -14 -15 15 -17 -18 -19 -20
leaf_value=-0.018567584185428171 -0.0098981827854826426 -0.0098893049409510322 0.0021309800843950662 0.0085956326819399357 0.004761474470622324 0.010877518937064038 0.01094138132192032 -0.0020759903845381047 0.0066572149470573378 0.0014302003909085678 0 0.016972662434326088 -0.0081715214868445882 -0.0026117197805110618 0.0061090267853354252 -0.0048130676607451512 -0.0042975634891077238 0.0089597505894905179 -0.00072451486943269717
leaf_weight=23.860381551727187 1.8730885694967572 46.199314547877293 5.2475446974858659 3.7943782396614543 1.9158402675529931 9.9980705734342319 20.433594565605745 41.565284448617604 4.0246082897065198 7.8717226305743706 3.3950560181401697 27.730803581885993 8.1591685150051472 5.508549607358872 1.9075149809941652 1.1907189104240385 2.4155980446375906 5.8152419351972631 3.3156450786627829
leaf_count=360 64 875 51 17 26 69 286 579 55 146 35 213 217 52 32 55 61 56 38
internal_value=-6.13871e-05 0.0026204 -0.00667209 -0.0112479 0.0108565 -0.000437378 -0.00207193 0.00269988 -0.00777355 -0.0142944 0.0140185 0.0155847 -0.00395935 0.00329342 -0.0059781 0.000446726 0 0.00614676 0.00052212
internal_weight=226.222 162.649 63.5726 43.6857 40.4286 122.221 112.223 61.9989 50.2239 39.8913 35.4573 31.1259 16.0309 19.887 4.97132 3.09823 4.33144 14.3784 8.56319
internal_count=3287 2350 937 740 486 1864 1795 865 930 723 335 248 363 197 151 87 87 145 89
is_linear=0
shrinkage=0.0435066


Tree=161
num_leaves=22
num_cat=0
split_feature=4 0 0 5 6 6 17 4 5 27 6 27 5 5 5 5 4 2 10 10 5
split_gain=2.10466 1.87345 1.78067 2.28492 1.9383 1.48595 1.12004 2.66689 1.61416 1.29669 1.98885 1.02687 0.882012 0.867937 0.801389 0.518969 0.475058 0.320869 0.208532 0.17583 0.161294
threshold=35.250000000000007 1350.0000000000002 2200.0000000000005 34.550000000000004 145.45000000000002 60.45000000000001 38.297916666666673 38.350000000000001 304.15000000000003 3.5000000000000004 111.85000000000001 1.5000000000000002 141.75000000000003 30.150000000000002 10.15 6.6500000000000012 40.45000000000001 13.500000000000002 0.16374829001367988 0.25403225806451618 161.70000000000002
decision_type=2 2 2 2 2 2 2 2 2 2 2 2 2 2 2 2 2 2 2 2 2
left_child=2 5 4 -4 13 18 9 8 -8 16 -11 -9 15 14 -1 -7 -3 -5 -2 -20 -15
right_child=1 6 3 17 -6 12 7 11 -10 10 -12 -13 -14 20 -16 -17 -18 -19 19 -21 -22
leaf_value=-0.011149477536859536 -0.0097264129059287611 -0.0072356955631261866 -0.014895763696036294 0.01295858521073145 0.0083108862079989514 0 -0.013217617839855252 -0.00050978740874755397 0.0075221252534983119 0.019614964672798916 -0.0029754890119655861 0.011893036878967604 -0.0007258604876317472 -0.01807982572596465 0.0051171030119650058 0.017014104745469362 0.0035859509713980038 0 0.0050516713379135875 -0.0039184181579782788 0
leaf_weight=2.8561718778801133 1.827264739666133 10.293892996502111 3.0736830157693502 11.910987172275783 3.7913663871586314 2.5482313167303827 36.698745182715356 30.628856143448502 3.4693824127316466 12.251649532699959 8.5581633788533491 12.936980769736691 5.552719233557581 26.621888622641567 7.873224027804099 27.046181801008061 7.3244371903128913 4.781453037634491 2.0672974567860369 0.99343960522674013 2.1131681711412957
leaf_count=210 64 228 77 83 17 63 746 407 23 131 156 112 37 332 162 235 61 37 43 44 19
internal_value=-1.61875e-05 0.00256695 -0.00642668 0.00332267 -0.0109358 0.00999866 -0.000173334 -0.00303143 -0.0104106 0.00536683 0.0114619 0.00404044 0.0130269 -0.0139198 -0.00120585 0.0155515 -0.002566 0.0103519 -0.00589419 0.000403392 -0.0172808
internal_weight=225.219 162.197 63.0219 19.7661 43.2558 40.0351 122.162 83.734 40.1681 38.4281 20.8098 43.5658 35.1471 39.4645 10.7294 29.5944 17.6183 16.6924 4.888 3.06074 28.7351
internal_count=3287 2350 937 197 740 486 1864 1288 769 576 287 519 335 723 372 298 289 120 151 87 351
is_linear=0
shrinkage=0.0435066


Tree=162
num_leaves=23
num_cat=0
split_feature=4 0 5 6 0 6 9 3 4 1 27 10 5 5 5 11 16 5 18 5 5 5
split_gain=2.07433 1.73738 2.13256 1.84978 1.62951 1.44716 1.05295 1.72309 1.59408 1.44896 1.09518 0.81179 0.734033 0.665117 0.743392 0.554189 0.383426 0.17557 0.162684 0.140599 0.0883608 0.151795
threshold=35.250000000000007 2200.0000000000005 34.550000000000004 145.45000000000002 1350.0000000000002 60.45000000000001 0.032291666666666656 54.500000000000007 39.650000000000013 4.5000000000000009 3.5000000000000004 1.0000000180025095e-35 141.75000000000003 30.150000000000002 10.15 0.12931995540691191 13.500000000000002 175.40000000000003 10.500000000000002 3.6500000000000008 35.650000000000013 35.050000000000004
decision_type=2 2 2 2 2 2 2 2 2 2 2 2 2 2 2 2 2 2 2 2 2 2
left_child=1 3 -3 13 5 18 8 9 11 -8 -9 -6 15 14 -1 -7 -10 -15 19 -2 21 -4
right_child=4 2 20 -5 6 12 7 10 16 -11 -12 -13 -14 17 -16 -17 -18 -19 -20 -21 -22 -23
leaf_value=-0.011263296159243855 0.00015470608165276642 -0.014411954050011038 0.0048806707689866289 0.0079892091160632863 0.001856221861849828 0.016730725491878432 -0.00788619976472941 0 0.010633350821731688 0.0062097492028910821 0.012937223376068197 -0.015658526396188893 -0.00029758363212290537 -0.017615521426140337 0.0043889920273356715 0 -0.0013902897568632514 0 0.0010045215234646184 -0.0101381286858452 0.011469119087052154 -0.0031757436961781342
leaf_weight=2.8582095524761808 0.69051118299830649 3.004352826857942 1.9616754408925796 3.7796593345701686 3.5578615879640045 25.210232900222767 33.811292630271055 20.204146174713969 3.9430576460435969 14.482472066942135 24.679618998197839 16.207090745680034 5.5124471168965092 26.564855791861195 7.9064730623504147 4.1483710603788486 4.7863371502608061 2.1284449510276309 0.87896404787898053 3.1782741023343988 12.490455744788049 2.0937534868717194
leaf_count=210 24 77 21 17 38 248 576 366 33 262 304 239 37 334 162 50 46 17 11 116 66 33
internal_value=-7.20475e-05 -0.0064431 0.0032509 -0.0108805 0.00250198 0.00946655 -5.32165e-05 0.00215305 -0.00661335 -0.00323957 0.00782641 -0.012444 0.0124775 -0.0137833 -0.00186429 0.0147753 0.00560379 -0.0167961 -0.00617878 -0.00838688 0.0100609 0.000374895
internal_weight=224.079 62.7879 19.5502 43.2376 161.291 39.6188 121.672 93.1775 28.4943 48.2938 44.8838 19.765 34.8711 39.458 10.7647 29.3586 8.72939 28.6933 4.74775 3.86879 16.5459 4.05543
internal_count=3287 937 197 740 2350 486 1864 1508 356 838 670 277 335 723 372 298 79 351 151 140 120 54
is_linear=0
shrinkage=0.0435066


Tree=163
num_leaves=23
num_cat=0
split_feature=4 16 0 5 5 1 14 5 4 5 22 17 10 5 10 10 2 2 10 2 2 9
split_gain=2.00743 1.71919 1.68954 2.00232 1.21019 1.71977 1.42888 1.06822 0.975773 0.86826 0.837218 0.836158 0.737613 0.625239 0.40915 0.25563 0.222209 1.02652 0.133027 0.132957 0.0979906 0.0671418
threshold=35.250000000000007 15.500000000000002 2200.0000000000005 34.550000000000004 35.650000000000013 2.5000000000000004 1.5000000000000002 33.750000000000007 36.250000000000007 18.050000000000004 1.0000000180025095e-35 40.593589743589753 0.12074829931972787 49.750000000000007 0.18301435406698563 0.10818713450292396 9.5000000000000018 7.5000000000000009 0.31123737373737376 8.5000000000000018 13.500000000000002 0.033520599250936305
decision_type=2 2 2 2 2 2 2 2 2 2 2 2 2 2 2 2 2 2 2 2 2 2
left_child=2 4 7 -4 6 12 8 9 -2 15 18 -8 -6 -7 -12 -1 17 -9 21 -11 -5 -3
right_child=1 10 3 20 5 13 11 16 -10 19 14 -13 -14 -15 -16 -17 -18 -19 -20 -21 -22 -23
leaf_value=0.0015392748496389488 -0.003651868106835258 0.0019268810583201676 -0.01390702419586721 0.011492055682556852 0.0011218129460253759 -0.0073171615098044304 0.0020288331782193311 -0.012076182440519143 0.010565272236676212 0.0093862178831835685 0.0054498196644286187 -0.013300703378192474 -0.014952687047362374 0.0033808497253363283 -0.0065934395244234391 -0.010781632678410084 -0.020017840410625883 0.0044676480483041283 0.0011365104461458662 0 0.00055776430496240058 0.018961077136663018
leaf_weight=0.64487499720416774 6.7209131311974479 3.5487399194389608 2.9545902768149999 11.795822476968171 4.4044728111475733 6.2920036735013118 10.309181540505959 12.679198900237685 40.084716063982341 4.6592172589153051 4.9608225623378548 5.294997817662078 17.885406779590994 43.847955157514662 3.4560761468019336 5.3324263524264097 10.961603885516523 5.8783232737332574 3.532855173572897 3.0639608667697757 4.6801250446587792 10.764948896598069
leaf_count=7 270 40 77 83 42 96 218 152 638 63 39 228 183 419 42 294 132 49 35 43 37 100
internal_value=-2.29426e-05 0.00250811 -0.00630018 0.00327494 0.000246888 -0.00336941 0.00451168 -0.0106725 0.0081381 0 0.0114532 -0.00510357 -0.0118915 0.00117337 0 -0.00853666 -0.0146054 -0.00663488 0.0155415 0.00717438 0.00986256 0.0171454
internal_weight=223.753 161.103 62.6501 19.4305 134.84 72.4298 62.4098 43.2196 46.8056 13.7005 26.2634 15.6042 22.2899 50.14 8.4169 5.9773 29.5191 18.5575 17.8465 7.72318 16.4759 14.3137
internal_count=3287 2350 937 197 2094 740 1354 740 908 407 256 446 225 515 81 301 333 201 175 106 120 140
is_linear=0
shrinkage=0.0435066


Tree=164
num_leaves=20
num_cat=0
split_feature=5 7 3 2 11 9 13 10 6 0 27 6 2 6 6 6 5 5 18
split_gain=1.37843 1.97649 1.32636 1.32062 1.82607 1.61671 1.26643 1.02843 1.02743 2.16553 0.984948 1.57646 0.85438 0.750472 0.710443 0.634699 0.499826 0.471561 0.447631
threshold=33.150000000000013 2.5000000000000004 55.250000000000007 11.500000000000002 0.078461538461538458 1.0000000180025095e-35 0.70833333333333337 0.12074829931972787 70.750000000000014 2200.0000000000005 1.5000000000000002 109.75000000000001 10.500000000000002 124.05000000000001 88.850000000000009 60.45000000000001 134.55000000000004 41.350000000000001 6.5000000000000009
decision_type=2 2 2 2 2 2 2 2 2 2 2 2 2 2 2 2 2 2 2
left_child=1 18 3 4 5 -2 10 -5 9 -4 15 -12 -11 -9 -10 -3 -16 -6 -1
right_child=2 6 8 7 17 -7 -8 13 14 12 11 -13 -14 -15 16 -17 -18 -19 -20
leaf_value=-0.014072869426471579 -0.0081255942496472385 -0.0095375849293936072 -0.022017058390164251 0.0061317183855841076 0.0025990122365618972 0.0097285298109413953 -0.0099967919919401044 -0.015574191724704811 0.008902640596990816 -0.0075496925721979663 0.017151430643185816 0.00023579089816352483 0.0098625885389281801 0.0011529368729049146 -0.0070304861159977044 0.0037846490834506129 0.0034840447329197101 -0.010920282898040652 0.0010532103865287196
leaf_weight=6.04972553742118 5.7997300308197728 2.1471524257212904 12.887836907524616 2.9297479689121273 2.3510911506600669 50.009953083703294 2.0055439049028783 12.38292156904936 2.9035251103341571 3.1814300455152988 27.535745533648878 17.068713510176167 5.1092800293117762 4.3382394053041926 23.996733419597152 23.185652530752122 5.9110864801332346 11.340943836607037 2.4273050418123603
leaf_count=284 68 81 147 22 26 478 364 126 14 42 383 303 37 40 242 393 58 138 41
internal_value=-9.64622e-05 0.0042188 -0.00266628 0.000564128 0.00352291 0.00705592 0.00680854 -0.00778687 -0.0076533 -0.0139297 0.00823323 0.0117306 0.00211868 -0.0116947 -0.00170909 0.000618776 -0.0044243 -0.00801093 -0.0104946
internal_weight=223.562 80.4198 143.143 89.1526 69.5017 55.8097 71.9428 19.6509 53.9899 21.1785 69.9373 44.6045 8.29071 16.7212 32.8113 25.3328 29.9078 13.692 8.47703
internal_count=3287 1849 1438 898 710 546 1524 188 540 226 1160 686 79 166 314 474 300 164 325
is_linear=0
shrinkage=0.0435066


Tree=165
num_leaves=13
num_cat=0
split_feature=13 18 10 3 1 6 10 17 18 4 6 9
split_gain=1.05362 1.80948 0.801787 0.947441 0.828471 1.30926 0.981913 0.513041 0.472623 0.38908 0.334514 0.130262
threshold=0.36666666666666675 2.5000000000000004 0.10818713450292396 52.500000000000007 1.5000000000000002 111.55000000000001 0.14511278195488717 36.63883928571429 12.500000000000002 40.750000000000007 110.25000000000001 1.0000000180025095e-35
decision_type=2 2 2 2 2 2 2 2 2 2 2 2
left_child=1 10 3 -3 6 -6 -4 -5 9 11 -1 -2
right_child=8 2 4 7 5 -7 -8 -9 -10 -11 -12 -13
leaf_value=0.016486920470656367 0 -0.0051290678712321179 0.012608970417728278 -0.00035553202530855916 -0.00053221212263432122 -0.010378319075096681 -0.00016388429222674854 0.015640298439575324 0.0016964340108187228 0.00095093245431923776 0 -0.0174486056258806
leaf_weight=8.2114244019612652 0.4986338452436011 3.6450012624263755 6.9943254739046088 3.1256713876500717 82.997016537934542 32.605377295520157 62.642222999595106 8.2914443863555771 1.6118458341807125 0.85538671910762776 2.3608818715438238 6.0561950248084031
leaf_count=97 30 42 51 29 1025 418 653 67 16 7 45 750
internal_value=-0.000327525 0.000419488 -0.000670751 0.0072252 -0.00158904 -0.0037974 0.00195599 0.0121616 -0.0112891 -0.0143091 0.0140433 -0.0165523
internal_weight=219.895 210.873 200.301 15.0621 185.239 115.602 69.6365 11.4171 9.02206 7.41022 10.5723 6.55483
internal_count=3230 2427 2285 138 2147 1443 704 96 803 787 142 780
is_linear=0
shrinkage=0.0435066


Tree=166
num_leaves=22
num_cat=0
split_feature=16 4 6 6 1 17 5 5 3 4 20 17 4 5 4 2 17 4 17 4 17
split_gain=1.7515 1.46383 1.65036 3.39796 1.91962 1.56734 1.52375 1.61038 0.663435 0.577586 0.576495 0.552328 0.522696 0.641373 0.50009 0.409315 0.393348 0.341504 0.303922 0.220419 0.142483
threshold=12.500000000000002 38.650000000000013 74.450000000000003 70.350000000000009 3.5000000000000004 73.214285714285722 269.55000000000007 33.750000000000007 52.500000000000007 36.850000000000001 5.5000000000000009 61.667548076923083 34.850000000000001 67.300000000000026 40.050000000000004 3.5000000000000004 24.908571428571431 40.550000000000004 32.136363636363647 34.550000000000004 24.247979797979799
decision_type=2 2 2 2 2 2 2 2 2 2 2 2 2 2 2 2 2 2 2 2 2
left_child=8 2 3 4 -2 10 7 -4 9 20 17 -5 19 16 -12 -7 -14 -3 -15 -10 -1
right_child=1 5 6 11 -6 15 -8 -9 12 -11 14 -13 13 18 -16 -17 -18 -19 -20 -21 -22
leaf_value=0.00061140879709524986 0.002307898864333289 0.019095573748192159 0.0011404088848268696 0.021885475832552709 -0.016624423482335445 0.0028829253494446878 0.0099674019546029703 -0.01182543180702742 -0.003134894391041023 0.0080639157376213889 -0.0050527848888725644 0.0012374050773800364 -8.0643775431895486e-05 0.0051660970603611455 0.0074209626053347204 -0.0096738001170598581 -0.01594766554696958 0.0024345144014205084 -0.0046494186057962428 0.0071280375293628472 -0.008574033050739744
leaf_weight=0.96357736934441929 37.508308371587191 14.026289255823942 25.799113893066533 11.397846267442221 6.587829671567305 2.9056828652974209 5.4000895954668513 40.085325352149084 0.89196092262864057 5.5440870504826307 4.5800905872602033 5.0478010547813019 4.849821753974541 3.0689675072208038 6.4732600562274456 5.0076210116967559 20.426503465336282 6.7441209182143202 8.5361900832504016 1.5460111021529881 2.0457116432953626
leaf_count=14 383 150 700 75 102 25 38 442 53 55 71 42 130 32 55 74 530 52 100 36 71
internal_value=-0.000277912 0.00177188 -0.00047012 0.00447671 -0.00209787 0.0084457 -0.00482398 -0.00696348 -0.00714113 0.0018856 0.0123881 0.0181363 -0.00931342 -0.0106257 0.00172203 -0.00514538 -0.0138606 0.0159283 -0.000573577 0.00269957 -0.00616931
internal_weight=219.436 171.563 131.826 60.5418 44.0961 39.7371 71.2845 65.8844 47.8728 8.55338 31.8238 16.4456 39.3195 36.8815 11.0534 7.9133 25.2763 20.7704 11.6052 2.43797 3.00929
internal_count=3230 2209 1782 602 485 427 1180 1142 1021 140 328 117 881 792 126 99 660 202 132 89 85
is_linear=0
shrinkage=0.0435066


Tree=167
num_leaves=23
num_cat=0
split_feature=16 4 6 6 5 17 5 5 6 6 27 17 20 4 10 1 11 2 9 3 4 10
split_gain=1.70822 1.30539 1.53542 2.61233 1.87605 1.4425 1.38633 1.40204 0.718715 0.728134 0.813923 0.527889 0.44261 0.540831 0.432966 0.555018 0.36176 0.357044 0.265207 0.1218 0.0809514 0.0169843
threshold=12.500000000000002 38.650000000000013 74.450000000000003 70.350000000000009 36.45000000000001 73.214285714285722 269.55000000000007 33.750000000000007 69.15000000000002 60.95000000000001 1.5000000000000002 63.135714285714293 5.5000000000000009 40.050000000000004 0.44590643274853808 1.5000000000000002 0.071067821067821071 4.5000000000000009 1.0000000180025095e-35 54.500000000000007 40.550000000000004 0.51797385620915037
decision_type=2 2 2 2 2 2 2 2 2 2 2 2 2 2 2 2 2 2 2 2 2 2
left_child=8 2 3 4 -2 12 7 -4 9 10 18 -5 20 -14 15 19 -11 -7 -1 -10 -3 -16
right_child=1 5 6 11 -6 17 -8 -9 14 16 -12 -13 13 -15 21 -17 -18 -19 -20 -21 -22 -23
leaf_value=0.00052734494905288653 -0.0096924234780195913 0.017308067531261108 0.00090365838516117661 0.019508187165196613 0.0060953964914506878 0.0019881122960555752 0.0095324460983980206 -0.011192246060871037 0.002906914031550677 0.010823652959390792 0.00607002469739641 0 -0.0051712539041358068 0.0078104504986868167 0.0026603293137878506 -0.014651440933881557 -0.0014663935085350015 -0.0096981397370611948 -0.013300563304524489 -0.00406649935763128 0.0032852849951762911 0
leaf_weight=1.0072775203734634 20.530027418630198 13.889298051130028 25.869051207671873 12.197079031844625 23.310656222980469 3.8194229392101979 5.3240969181060782 40.021677890093997 4.4561755978502395 5.242913833819328 1.9281366998329765 3.8085386615712187 4.5599810193525645 6.5117932371795177 0.99258575786370729 21.219232907809783 3.1262638485059142 4.0511926766484976 7.0154473788570613 1.8177123841596765 6.6939472239464513 1.0815827933838589
leaf_count=16 336 150 700 84 149 34 38 442 72 47 21 33 71 55 26 513 25 65 197 61 52 43
internal_value=-0.000332067 0.00170309 -0.000417992 0.00438509 -0.00139536 0.00801873 -0.00461314 -0.0066503 -0.00710253 0 -0.00635264 0.0164879 0.0118187 0.00195616 -0.0106658 -0.0120073 0.00692399 -0.0049952 -0.0114135 0 0.015006 0.00156341
internal_weight=218.474 170.587 131.061 59.8463 43.8407 39.5256 71.2148 65.8907 47.8873 18.32 9.95086 16.0056 31.655 11.0718 29.5673 27.4931 8.36918 7.87062 8.02272 6.27389 20.5832 2.07417
internal_count=3230 2209 1782 602 485 427 1180 1142 1021 306 234 117 328 126 715 646 72 99 213 133 202 69
is_linear=0
shrinkage=0.0435066


Tree=168
num_leaves=16
num_cat=0
split_feature=16 17 6 6 4 27 1 16 0 4 4 6 4 6 4
split_gain=1.52844 0.945838 0.977491 1.8671 1.78126 1.63914 1.36119 1.2154 0.99386 0.353856 0.32238 0.128726 0.113481 0.0646909 0.090284
threshold=10.500000000000002 28.19776785714286 95.000000000000014 70.350000000000009 38.350000000000001 3.5000000000000004 1.5000000000000002 12.500000000000002 1350.0000000000002 35.150000000000013 37.850000000000001 69.850000000000009 40.95000000000001 162.55000000000004 41.45000000000001
decision_type=2 2 2 2 2 2 2 2 2 2 2 2 2 2 2
left_child=13 9 3 6 5 -4 -3 -6 -5 11 -11 -2 -12 14 -1
right_child=1 2 4 8 7 -7 -8 -9 -10 10 12 -13 -14 -15 -16
leaf_value=-0.014869469733194935 -0.0048642399104398461 0.0032208496972572095 -0.02066572628792606 0.015465208787751497 -0.0085899155807824239 -0.003250279096096959 -0.0089670392407048931 0.0060845662662969251 0.00091303773996020531 0.014661785118368043 -0.0027728744537216764 0.0026557251560835687 0.00403903285358058 0 0
leaf_weight=7.7681414271937648 1.4315602588467329 33.38097758917138 9.2570820269174856 17.801621157093905 7.4928917282959437 44.728407592745498 23.879380269791 37.824992518522777 17.851468195091002 7.8899530310882238 2.9075804618187249 1.9165301524335516 2.2081500068306923 0.80891119549051005 0.65276472270488728
leaf_count=349 35 325 310 146 103 623 379 454 281 106 55 26 14 18 6
internal_value=-0.000388125 0.000535914 -0.000396158 0.00265867 -0.0033373 -0.00830733 -0.00210086 0.00268905 0.0096849 0.00892284 0.0112863 -0.000627869 0 -0.0134888 -0.0141421
internal_weight=217.8 208.571 192.217 92.9134 99.3034 53.9855 57.2604 45.3179 35.6531 16.3538 13.0057 3.34809 5.11573 9.22982 8.42091
internal_count=3230 2857 2621 1131 1490 933 704 557 427 236 175 61 69 373 355
is_linear=0
shrinkage=0.0435066


Tree=169
num_leaves=23
num_cat=0
split_feature=16 17 4 6 6 2 5 18 18 18 10 3 4 18 4 10 17 3 8 4 17 6
split_gain=1.47492 1.00993 1.55338 1.43454 2.0484 1.02942 0.835322 0.784267 1.04496 0.700624 0.7547 0.557347 0.567777 0.541645 0.715597 0.535553 0.424226 0.364593 0.350989 0.19474 0.135613 0.0484821
threshold=12.500000000000002 69.64471153846155 39.150000000000013 74.450000000000003 70.350000000000009 3.5000000000000004 206.40000000000001 4.5000000000000009 13.500000000000002 10.500000000000002 0.13809523809523808 52.500000000000007 36.850000000000001 10.500000000000002 34.850000000000001 0.16204051012753187 24.908571428571431 54.500000000000007 2022.5000000000002 34.550000000000004 24.492500000000003 72.750000000000014
decision_type=2 2 2 2 2 2 2 2 2 2 2 2 2 2 2 2 2 2 2 2 2 2
left_child=11 2 3 4 -2 17 -5 18 -9 -4 -11 12 20 14 19 -15 -16 -3 -7 -13 -1 -14
right_child=1 5 9 6 -6 7 -8 8 -10 10 -12 13 21 15 16 -17 -18 -19 -20 -21 -22 -23
leaf_value=0.00046706535217922406 0 0.0092821923303623034 0.016667230731984183 -0.005100249951534519 0.017193111782260583 -0.003877413059566937 0.008078138660746673 -0.017520548459138419 0.0020779511319143208 0.0092247727403135908 -0.0067893938846688576 -0.002504857309135113 0.0093993347904735118 -0.006486058248943485 0 0.0074558631818973896 -0.014467247356477262 -0.0028287484073515976 0.0087732455227109447 0.0072851932716551243 -0.0085997836258197447 0
leaf_weight=0.9827658153371871 41.8635292846011 4.9271565686212879 13.604244650807233 60.078463913872838 13.160109502496196 1.6082121961517286 4.0764488745480767 12.450980799039828 4.1708841808140269 4.0075871571898443 5.1314802709966898 0.78297545004170688 2.8992981538176537 3.4306024708785108 4.620723754749636 4.2295228904113173 24.580624461290427 2.339600684819743 1.8425087500363588 1.4944832030450923 1.9929642025381324 2.5280677583068609
leaf_count=16 457 50 137 984 96 65 30 205 27 30 49 52 20 37 127 42 588 44 35 35 69 35
internal_value=-0.000374177 0.001523 0.00306403 0.00072704 0.00561361 -0.00522914 -0.00345267 -0.00971105 -0.0129673 0.0120766 0.000506396 -0.00668426 0.00163155 -0.00866831 -0.0108266 0.000390169 -0.012639 0.00515834 0.00318655 0.00341207 -0.00627937 0.00787179
internal_weight=216.803 169.261 141.922 119.179 55.0236 27.3393 64.1549 20.0726 16.6219 22.7433 9.13907 47.542 8.4031 39.1389 31.4788 7.66013 29.2013 7.26676 3.45072 2.27746 2.97573 5.42737
internal_count=3230 2209 1783 1567 553 426 1014 332 232 216 79 1021 140 881 802 79 715 94 100 87 85 55
is_linear=0
shrinkage=0.0435066


Tree=170
num_leaves=21
num_cat=0
split_feature=9 10 6 17 5 17 17 6 4 5 2 5 5 11 11 4 6 17 17 5
split_gain=1.4735 1.74339 1.10759 1.07625 1.13421 2.73345 2.0523 1.00899 1.19118 0.949856 1.06996 0.587914 0.730121 0.499024 0.387929 0.319358 0.263447 0.209887 0.18629 0.0203265
threshold=0.10281902844198336 0.39231927710843378 156.45000000000002 48.828571428571429 37.750000000000007 44.636904761904773 44.24807692307693 123.25000000000001 42.350000000000001 186.60000000000005 12.500000000000002 3.8500000000000001 30.150000000000002 0.031372549019607808 0.046256684491978554 36.050000000000004 162.65000000000001 27.427380952380954 64.956250000000026 107.95000000000002
decision_type=2 2 2 2 2 2 2 2 2 2 2 2 2 2 2 2 2 2 2 2
left_child=2 9 3 4 6 -6 -1 8 -5 10 19 17 15 -4 -15 -13 -16 -3 -19 -2
right_child=1 11 13 7 5 -7 -8 -9 -10 -11 -12 12 -14 14 16 -17 -18 18 -20 -21
leaf_value=0.0090186680418284093 -0.018586472777525388 0.0018819904482668952 -0.014294045035503061 -0.0059163034442192893 0.00065000618984324557 0.02116220525168009 -0.0055576027058834394 0.0094075049811601554 0.010725652810662871 0.0042665053652974167 0.0023369600054478539 0 -0.0050573010237370515 0.0076342406228118139 -0.0094083487786775083 0.01475628933769229 0.0019222554269783258 -0.010837580175553441 0.00074323472253033239 -0.00098750011975452605
leaf_weight=29.030986412020866 17.6005590154091 0.98812144022667725 3.7229336062446219 47.730181126040407 27.09561791177839 18.524470190517604 30.820169790415093 7.3558749253861597 3.1097394786775103 2.1536741349846116 3.4343566410243502 3.2497848324710485 1.6156014082953323 1.7632754007354376 1.6170840496197345 7.2007944314973429 1.8890493619255719 1.8418242870830002 0.58333060634322453 2.1399688133969894
leaf_count=552 429 18 60 734 275 93 411 65 20 18 50 104 20 16 37 109 33 95 26 27
internal_value=0.000711708 -0.00607858 0.00253552 0.00351284 0.00602688 0.0107764 0.00155222 -0.00103594 -0.00361977 -0.0121363 -0.0146017 0.00403454 0.00806429 -0.00860468 0.000241287 0.0118497 -0.00501809 -0.00514009 -0.00841404 -0.0177808
internal_weight=213.467 40.808 172.659 163.667 105.471 45.6201 59.8512 58.1958 50.8399 25.3286 23.1749 15.4795 12.0662 8.99234 5.26941 10.4506 3.50613 3.41328 2.42515 19.7405
internal_count=3192 896 2296 2150 1331 368 963 819 754 524 506 372 233 146 86 213 70 139 121 456
is_linear=0
shrinkage=0.0435066


Tree=171
num_leaves=24
num_cat=0
split_feature=25 10 2 16 27 5 4 5 9 5 6 2 2 4 4 5 11 5 6 16 6 6 8
split_gain=1.29465 1.63088 1.2619 1.17031 0.811075 1.74298 1.38913 2.29923 1.36884 1.39108 2.1127 1.1541 1.09364 0.721527 0.714425 0.515337 0.434885 0.396218 0.371951 0.324728 0.197609 0.175744 0.0889606
threshold=1.5000000000000002 0.17519181585677748 12.500000000000002 13.500000000000002 3.5000000000000004 96.950000000000003 34.750000000000007 37.750000000000007 0.017148526077097454 99.300000000000026 109.45000000000002 1.5000000000000002 7.5000000000000009 39.350000000000001 38.850000000000001 252.75000000000003 0.21000000000000005 35.95000000000001 122.75000000000001 15.500000000000002 124.65000000000002 163.45000000000002 2019.0000000000002
decision_type=2 2 2 2 2 2 2 2 2 2 2 2 2 2 2 2 2 2 2 2 2 2 2
left_child=1 3 16 13 8 6 7 -6 12 10 -10 -8 17 -1 -11 19 21 -2 -5 -7 -4 -3 -20
right_child=4 2 20 18 5 15 11 -9 9 14 -12 -13 -14 -15 -16 -17 -18 -19 22 -21 -22 -23 -24
leaf_value=-0.014524678321622032 0.0046584539422973806 -0.021010902937556659 -0.0020993621663929979 -0.0010192736491283086 -0.0045701718879302853 -0.013503896584455582 -0.0053776812429337049 0.012875747668923418 -0.012561946250723106 0.010596618837298585 0.0055647068022703968 0.014946971630614264 0.0172424535073969 0.0034778123724837919 -0.0028029918321050887 0.0029334203214595443 0 -0.0076077374511078211 0.00035863581809169936 0 0.0073938061865686227 -0.00014467911617933364 0.013599308040783888
leaf_weight=3.2515695374459055 2.714825547882354 11.515948422369549 1.6324151839362451 2.7024286751402533 33.448594921967015 7.3081076352391374 1.9807027905480925 15.62507952749729 34.388825469941366 9.9267236080486345 12.034963270649312 34.147517801786307 5.858380776247941 2.6362932324409485 8.2557391896843892 3.0092115290462962 1.5183037243550632 3.8648841730318964 3.1925351461395604 3.3813714683055878 1.9164230909664182 1.9245535195805121 6.6130703026428819
leaf_count=58 42 282 39 39 503 87 56 87 821 89 130 526 58 21 75 21 41 50 29 26 19 35 58
internal_value=0.000622526 -0.00608876 -0.0134685 0.00251248 0.00225258 0.00475552 0.00713578 0.00166166 -0.000960176 -0.00376402 -0.00756597 0.012945 0.0093592 -0.00805967 0.00497044 -0.00707858 -0.017801 -0.00197791 0.00907458 -0.010526 0.00349438 -0.0195506 0.0117698
internal_weight=212.848 36.9035 18.5076 18.3959 175.945 98.9006 85.2019 49.0737 77.0443 64.6063 46.4238 36.1282 12.4381 5.88786 18.1825 13.6987 14.9588 6.57971 12.508 10.6895 3.54884 13.4405 9.80561
internal_count=3192 621 416 205 2571 1306 1172 590 1265 1115 951 582 150 79 164 134 358 92 126 113 58 317 87
is_linear=0
shrinkage=0.0435066


Tree=172
num_leaves=23
num_cat=0
split_feature=9 9 18 2 9 22 4 2 6 17 2 5 9 16 16 5 6 4 9 2 4 6
split_gain=1.43104 1.03456 0.935705 1.03743 0.87567 1.78289 0.997254 0.916853 0.755184 1.02405 0.728971 0.698761 0.605016 0.659025 0.554353 0.344695 0.315222 0.259968 0.253851 0.383664 0.244847 0.147604
threshold=0.10281902844198336 0.13893653516295021 12.500000000000002 12.500000000000002 0.048115079365079354 1.0000000180025095e-35 42.45000000000001 1.5000000000000002 110.85000000000001 44.759340659340666 4.5000000000000009 39.250000000000007 0.21704464918497518 12.500000000000002 14.500000000000002 15.050000000000002 59.350000000000001 35.45000000000001 0.30147058823529416 2.5000000000000004 36.750000000000007 70.950000000000017
decision_type=2 2 2 2 2 2 2 2 2 2 2 2 2 2 2 2 2 2 2 2 2 2
left_child=4 2 3 -2 6 7 8 16 9 -1 20 -9 13 21 -10 -12 -6 -15 19 -14 -7 -3
right_child=1 12 -4 -5 5 10 -8 11 14 -11 15 -13 18 17 -16 -17 -18 -19 -20 -21 -22 -23
leaf_value=0.0060510630445823462 -0.016565734287047218 0.0015356812822823541 0.0039771298996275047 0.0030017293862765037 0.0025225343634200119 0.0070793362092168612 0.011638577762405579 0.0041700905718390696 -0.013124066609305748 -0.0053253754718628251 0.00038169179907594357 0.013309712141684334 0.002261753402579393 -1.0342507216387877e-05 8.5936600570676901e-05 -0.014592429103495454 -0.0096261086847572869 0.014151765037361996 0.0021603810456103986 -0.012705514876939137 -0.0028211582949954329 -0.0068874801033777756
leaf_weight=22.471254248463083 19.414515874930665 1.1535595194436594 3.1704079313203684 3.1629639089805996 1.5765064675360907 3.1576861671637735 3.397900938987731 51.864972318115178 11.681537426076831 24.405163096496835 1.6824200666742379 31.117041737539694 0.9310398506931955 1.3282752749510107 6.650039014290086 7.2430579708889127 3.0049026109045371 5.823106165335048 1.0919732006150296 2.8216629121161532 2.3758666347712278 1.7319524064077993
leaf_count=346 467 22 30 48 14 33 22 758 185 367 49 243 16 46 90 89 65 81 25 105 35 56
internal_value=0.000595703 -0.00610063 -0.010595 -0.0134199 0.00241284 0.00487312 -0.00121707 0.00726172 -0.00302399 1.24586e-05 -0.00687394 0.00842944 0.00206322 0.00721556 -0.00916086 -0.0121477 -0.00551161 0.0120336 -0.00574066 -0.00893252 0.00276582 -0.00371841
internal_weight=211.258 40.6295 25.7479 22.5775 170.628 102.022 68.6059 87.5634 65.208 46.8764 14.459 82.982 14.8816 10.0369 18.3316 8.92548 4.58141 7.15138 4.84468 3.7527 5.53355 2.88551
internal_count=3192 896 545 515 2296 1286 1010 1080 988 713 206 1001 351 205 275 138 79 127 146 121 68 78
is_linear=0
shrinkage=0.0435066


Tree=173
num_leaves=17
num_cat=0
split_feature=13 1 5 17 5 5 5 5 2 2 5 6 1 10 18 5
split_gain=1.03965 0.827839 1.73116 2.22509 1.54339 1.39618 1.66109 1.28898 1.0714 1.0016 0.918435 0.868863 0.755343 0.51613 0.336483 0.272042
threshold=0.70833333333333337 1.5000000000000002 37.750000000000007 48.828571428571429 12.450000000000001 35.150000000000013 16.750000000000004 59.650000000000006 6.5000000000000009 4.5000000000000009 131.05000000000004 145.45000000000002 2.5000000000000004 0.28708791208791212 10.500000000000002 4.8500000000000005
decision_type=2 2 2 2 2 2 2 2 2 2 2 2 2 2 2 2
left_child=1 2 4 14 15 6 9 13 -9 -3 -5 -6 -8 -7 -4 -1
right_child=-2 5 3 10 11 7 12 8 -10 -11 -12 -13 -14 -15 -16 -17
leaf_value=0 -0.013591578514733055 0.005714870523942415 0.020603804429559464 -0.011836630526625461 -0.0078106438565827795 -0.015110653909165031 0.018426431816083531 -0.0070434021306305513 0.0039487088332330897 -0.0075253152482652524 0.0060154162464330337 0.0058931907668438319 0.0031192846894423456 0.00015736938262110855 0.0017526264918326501 0.014507717562577578
leaf_weight=1.6725994508014981 2.8288099308265364 11.021634440519845 16.139813933521516 4.7647239770740253 30.683210155460984 15.973822569940241 8.361787970876323 22.43063488136977 32.941405843012035 21.310805262299255 4.1469505541026592 5.3918101484887293 19.646605885354802 3.4130575433373442 4.6887898920103899 5.0379174490226433
leaf_count=37 508 230 84 44 429 211 87 242 303 489 31 34 311 39 37 76
internal_value=0.000550056 0.00119752 0.00475784 0.0117808 -0.000831437 -0.000773632 0.00383892 -0.00462983 -0.000614121 -0.00255113 -0.00384458 -0.00493766 0.0105964 -0.0126705 0.0181575 0.0120387
internal_weight=210.454 207.626 72.5258 29.7403 42.7855 135.1 60.3408 74.7589 55.372 32.3324 8.91167 36.075 28.0084 19.3869 20.8286 6.71052
internal_count=3192 2684 772 196 576 1912 1117 795 545 719 75 463 398 250 121 113
is_linear=0
shrinkage=0.0435066


Tree=174
num_leaves=22
num_cat=0
split_feature=9 3 9 9 4 6 4 4 9 16 2 0 0 16 5 17 18 2 2 2 11
split_gain=1.21345 0.916215 1.47829 0.784301 0.877831 1.34936 1.1209 0.685744 0.657934 0.555442 0.50966 0.712521 0.593026 0.4747 0.43774 0.553462 0.388247 0.20408 0.175682 0.0891065 0.0326403
threshold=0.10281902844198336 56.500000000000007 0.13893653516295021 0.048115079365079354 36.45000000000001 95.000000000000014 39.650000000000013 35.350000000000001 0.12132352941176471 10.500000000000002 13.500000000000002 1650.0000000000002 1350.0000000000002 12.500000000000002 321.50000000000006 28.19776785714286 12.500000000000002 3.5000000000000004 7.5000000000000009 6.5000000000000009 0.073801742919389915
decision_type=2 2 2 2 2 2 2 2 2 2 2 2 2 2 2 2 2 2 2 2 2
left_child=3 2 16 4 14 19 -7 -4 -3 20 12 -12 -11 -9 15 -1 17 -2 -10 -6 -5
right_child=1 8 7 9 5 6 -8 13 18 10 11 -13 -14 -15 -16 -17 -18 -19 -20 -21 -22
leaf_value=0.002035854076543029 -0.0011082399104609861 0.011015768523383675 -0.0085366282799694097 -0.0069731952840685124 0.0021467857600322659 -0.0080434854212042585 0.0053127588397719003 -0.0026534213693226952 0.0011248859699069475 0.011172603828050211 -0.0093591301648783196 0.0049735374596607766 0.0030239423270071652 0.010551684189473151 0.0031236943584277413 -0.011853799978987473 0 -0.018177217257337473 -0.0081586969072387754 0.01528807853999356 0
leaf_weight=3.36512053548359 3.7670379389310318 4.3323740754276505 1.6269589682342473 1.8145547371823334 6.1071766512468439 20.422550756658893 14.554326290264724 3.1074243540060689 1.910329017788172 28.173757052165456 5.4123241931665671 7.7147179597523063 57.373144766315818 7.9177395251754206 2.000394567847251 17.11180450336542 2.0987056177109471 14.126993292651603 1.5037994391750542 4.8895214251242578 0.89846129261422891
leaf_count=73 106 51 90 72 61 329 137 79 38 264 68 89 757 133 11 361 23 329 47 38 36
internal_value=0.000455863 -0.00572052 -0.00873214 0.00213897 -0.00128502 0.00203492 -0.00228151 0.00193577 0.00445576 0.004482 0.00522851 -0.00156757 0.0064179 0.00665258 -0.00735394 -0.00925765 -0.0146794 -0.0162516 -0.0046205 0.0120795 -0.00609904
internal_weight=210.229 40.3914 32.6449 169.838 68.4509 45.9736 34.9769 12.6521 7.7465 101.387 98.6739 13.127 85.5469 11.0252 22.4773 20.4769 19.9927 17.894 3.41413 10.9967 2.71302
internal_count=3192 896 760 2296 1010 565 466 302 136 1286 1178 157 1021 212 445 434 458 435 85 99 108
is_linear=0
shrinkage=0.0435066


Tree=175
num_leaves=13
num_cat=0
split_feature=25 6 25 6 10 27 6 2 2 9 17 14
split_gain=1.38097 1.30694 1.90912 1.35524 3.06923 1.55828 0.908854 0.748699 0.712792 0.885823 0.481788 0.0455999
threshold=1.0000000180025095e-35 123.25000000000001 1.5000000000000002 109.45000000000002 0.15677668539325842 1.5000000000000002 164.35000000000005 3.5000000000000004 13.500000000000002 0.066081498999454216 33.56964285714286 1.5000000000000002
decision_type=2 2 2 2 2 2 2 2 2 2 2 2
left_child=6 2 7 5 -5 -4 10 11 9 -3 -1 -2
right_child=1 8 3 4 -6 -7 -8 -9 -10 -11 -12 -13
leaf_value=0.00011204547031539762 -0.001017428362540382 0.015427423934053518 -0.0080549163072897272 -0.0094463096019378554 0.016282086467424389 0.0013090688300739272 0.0022727884611647041 -0.01919870376743027 -0.0025745557006169595 -0.0031011258593048965 -0.018953825023966139 0.0032733915665628679
leaf_weight=1.6808169896248717 1.3500087080756196 14.496025928528985 42.868777550844243 7.7411104303319034 18.642845785070676 97.269865587935783 3.7307655147742471 8.0232429052703065 4.5928503572940818 2.8084412163589141 8.7041831195820105 1.3949476411798967
leaf_count=45 35 139 886 91 270 1267 51 189 39 47 148 20
internal_value=-0.00111844 0 -0.00135044 1.71163e-05 0.00805132 -0.00171736 -0.0118329 -0.0151146 0.00867555 0.0119718 -0.0164187 0.000844556
internal_weight=213.304 199.188 177.291 166.523 26.384 140.139 14.1158 10.7682 21.8973 17.3045 10.385 2.74496
internal_count=3227 2983 2758 2514 361 2153 244 244 225 186 193 55
is_linear=0
shrinkage=0.0435066


Tree=176
num_leaves=15
num_cat=0
split_feature=25 6 25 6 6 10 2 6 2 11 2 5 5 14
split_gain=1.35833 1.13781 1.74548 1.29274 1.93989 1.6262 0.879304 0.875013 0.509406 0.762357 0.38886 0.483584 0.167991 0.0251447
threshold=1.0000000180025095e-35 123.25000000000001 1.5000000000000002 108.15000000000002 104.45000000000002 0.15677668539325842 3.5000000000000004 164.35000000000005 13.500000000000002 0.071067821067821071 12.500000000000002 9.9500000000000011 6.6500000000000012 1.5000000000000002
decision_type=2 2 2 2 2 2 2 2 2 2 2 2 2 2
left_child=7 2 6 4 -4 -5 13 10 9 -3 11 12 -1 -2
right_child=1 8 3 5 -6 -7 -8 -9 -10 -11 -12 -13 -14 -15
leaf_value=-0.0044611413169717675 0 0.014212706053214896 0.0001895103132421273 -0.0042891087002587215 -0.013526980101788828 0.010992981637535197 -0.018939051729327687 0.0021604070434867264 -0.0016476065619117309 -0.0027448775953600674 0 -0.021396182489080481 0.0046938839091652442 0.0030809013649767325
leaf_weight=1.0345391473383627 1.4520138376392417 14.110785934841266 104.43362263386371 14.90262338076718 17.067659761378309 30.586547246726695 8.0727634964860027 3.7183729894459239 4.4955241745337835 2.9971568640321484 1.4551206929609168 6.8198024614248425 1.0942527391016481 1.3752831649035213
leaf_count=51 35 138 1412 167 512 423 189 51 39 48 12 112 18 20
internal_value=-0.00111674 0 -0.00125948 4.57243e-05 -0.00224912 0.00588267 -0.014369 -0.0117421 0.00813544 0.0108779 -0.0162245 -0.0183193 0 0.00170981
internal_weight=213.616 199.494 177.891 166.99 121.501 45.4892 10.9001 14.1221 21.6035 17.1079 10.4037 8.94859 2.12879 2.8273
internal_count=3227 2983 2758 2514 1924 590 244 244 225 186 193 181 69 55
is_linear=0
shrinkage=0.0435066


Tree=177
num_leaves=9
num_cat=0
split_feature=6 5 6 4 6 10 6 17
split_gain=1.17829 1.00379 1.09617 1.38017 1.82033 1.50491 0.82594 0.718287
threshold=153.95000000000002 304.15000000000003 145.45000000000002 39.350000000000001 104.45000000000002 0.19821428571428573 164.35000000000005 33.56964285714286
decision_type=2 2 2 2 2 2 2 2
left_child=1 2 3 4 -1 -5 7 -2
right_child=6 -3 -4 5 -6 -7 -8 -9
leaf_value=7.5104736544060732e-05 0.0019576773933366945 0.011163621092802421 0.011647802353595842 0.01187737851881133 -0.0093176344652928893 -0.0048643566182300655 0.0022006788149517773 -0.018832339106716618
leaf_weight=100.71643347898498 1.508122382685541 7.4906203411519519 5.7885869503952554 19.74519237596542 55.094354120607022 10.901959679555146 3.7284302713815114 8.5506773745291849
leaf_count=1384 40 53 32 192 1182 148 51 145
internal_value=-0.00111038 -4.31625e-05 -0.000882197 -0.0017036 -0.00342483 0.00584223 -0.011099 -0.0155634
internal_weight=213.524 199.737 192.247 186.458 155.811 30.6472 13.7872 10.0588
internal_count=3227 2991 2938 2906 2566 340 236 185
is_linear=0
shrinkage=0.0435066


Tree=178
num_leaves=13
num_cat=0
split_feature=25 6 4 5 0 17 10 11 6 6 17 5
split_gain=1.35605 1.07389 1.38986 2.88715 2.00394 1.39875 1.32941 2.30343 1.17123 0.862343 0.562219 0.124071
threshold=1.0000000180025095e-35 145.45000000000002 35.350000000000001 35.650000000000013 2200.0000000000005 37.151190476190479 0.15677668539325842 0.026671408250355601 109.45000000000002 164.35000000000005 33.56964285714286 10.15
decision_type=2 2 2 2 2 2 2 2 2 2 2 2
left_child=9 2 3 5 -5 -2 7 -4 -8 10 -1 -12
right_child=1 -3 6 4 -6 -7 8 -9 -10 -11 11 -13
leaf_value=0.00060344985353489558 0 0.012507095409737313 0.0051496085643110267 -0.0050117977725329856 0.013224013973389261 -0.021248012089130117 0.00034910845343303108 -0.012001271249956381 0.010408038222073986 0.0020930291654974419 0 -0.020488845683840327
leaf_weight=1.7227717244531948 6.6311221834039342 5.5577493533492079 22.376313931075856 24.55132019915618 11.390638200566171 16.580837366404012 55.876136145147029 24.176859368919395 32.616683516302146 3.6962212142534545 1.5523698817123639 7.2151906895451248
leaf_count=45 195 24 234 245 60 437 980 327 481 51 47 101
internal_value=-0.00119475 -4.40936e-05 -0.000847889 -0.00608856 0.00167289 -0.0161776 0.00155113 -0.00394766 0.00462224 -0.0117965 -0.0162095 -0.0190208
internal_weight=213.944 199.758 194.2 59.1539 35.942 23.212 135.046 46.5532 88.4928 14.1866 10.4903 8.76756
internal_count=3227 2983 2959 937 305 632 2022 561 1461 244 193 148
is_linear=0
shrinkage=0.0435066


Tree=179
num_leaves=15
num_cat=0
split_feature=25 6 25 6 7 6 6 13 17 4 6 9 5 13
split_gain=1.31291 1.07641 1.91179 1.09705 1.7464 1.73639 0.81049 0.607998 0.54867 0.447349 1.92451 0.207795 0.129429 0.00919283
threshold=1.0000000180025095e-35 123.25000000000001 1.5000000000000002 108.15000000000002 2.5000000000000004 104.45000000000002 164.35000000000005 0.29166666666666669 33.56964285714286 36.350000000000001 145.45000000000002 0.063220940550133067 9.9500000000000011 0.45000000000000007
decision_type=2 2 2 2 2 2 2 2 2 2 2 2 2 2
left_child=6 2 7 5 -5 -4 8 -2 -1 10 -3 -11 -10 -9
right_child=1 9 3 4 -6 -7 -8 13 12 11 -12 -13 -14 -15
leaf_value=0.00062284855080005071 -0.017873519571185405 -0.013310783464278563 0.00029295019521148521 -0.0085549050516483139 0.0092983738704669801 -0.012641596154766661 0.0019302153147256868 0.0021442030244991856 0 0.01398855132831894 0.012058237264986156 0 -0.020096382970790323 0
leaf_weight=1.7208303671795864 9.3044938175007683 4.1550294678891095 103.68400190898683 7.409716172842308 37.907805271446705 17.265074840484885 3.6794750075787297 0.7893705058377225 1.4838448659866097 8.6880892282351834 5.5322926044464111 2.9763009361922732 7.2482406054623425 0.80219834059244022
leaf_count=45 157 95 1412 202 388 512 51 10 46 71 24 35 102 77
internal_value=-0.00116571 -2.77853e-05 -0.00128307 8.97456e-05 0.00547638 -0.00202631 -0.0116088 -0.0150034 -0.0158792 0.00789078 0 0.0119169 -0.0186681 0.00141307
internal_weight=212.647 198.514 177.163 166.267 45.3175 120.949 14.1324 10.8961 10.4529 21.3517 9.68732 11.6644 8.73209 1.59157
internal_count=3227 2983 2758 2514 590 1924 244 244 193 225 119 106 148 87
is_linear=0
shrinkage=0.0435066


Tree=180
num_leaves=21
num_cat=0
split_feature=4 5 6 16 4 4 7 17 17 6 2 6 5 5 27 17 10 1 2 10
split_gain=1.60042 2.26899 2.70684 2.26185 1.0945 0.761708 0.938529 1.45246 1.02127 0.744696 0.730318 1.00595 0.671266 0.718617 0.875369 0.398632 0.244351 0.155336 0.140203 0.014961
threshold=35.250000000000007 36.45000000000001 1.0000000180025095e-35 15.500000000000002 34.95000000000001 42.45000000000001 3.5000000000000004 79.645673076923089 38.718750000000007 145.45000000000002 7.5000000000000009 71.450000000000017 14.550000000000002 58.650000000000013 3.5000000000000004 37.952857142857148 0.29128959276018102 2.5000000000000004 10.500000000000002 0.24454200284765068
decision_type=2 2 2 2 2 2 2 2 2 2 2 2 2 2 2 2 2 2 2 2
left_child=1 4 18 5 9 6 7 -2 -8 15 -4 -12 17 -14 -15 -1 -6 -5 -3 -19
right_child=3 2 10 12 16 -7 8 -9 -10 -11 11 -13 13 14 -16 -17 -18 19 -20 -21
leaf_value=-0.0011008990036239629 -0.0071472228069469528 0.016444808696010262 -0.015130632472254412 0.0032385696135847643 0.0065192734725375706 0.008615341184254794 0.0082920165376555582 0.0081917260652981817 -0.003104021417388816 0.0012992667381491521 -0.0096188349291981071 0.0089681041822031252 0.020228037201917883 -0.0074894242222805774 0.0096237682476683194 -0.021428941423431418 -0.0038562530191911032 0 0.0018467301583842135 -0.0056037471046933617
leaf_weight=3.9288832055172049 68.265718042879598 7.3767197728157061 6.8615294676274052 1.3483282938832442 2.9575740743312049 7.2787206731736651 21.864686321583577 7.6586986194597548 24.4163859145483 1.8824324905872334 3.7286482355557364 5.3717184388078749 10.555840559303762 3.6139180827885848 6.0581745048984885 18.024000971461646 0.92579337407369156 1.4202069710008802 5.2993573062121868 1.411434184759855
leaf_count=132 1244 38 83 27 76 50 316 110 360 19 39 39 92 27 47 371 55 28 38 35
internal_value=-0.000908298 -0.00679761 0.00159134 0.00137417 -0.0144121 -0.00102974 -0.00208954 -0.00495254 0.00244802 -0.0173454 -0.00864617 0 0.0119822 0.0146007 0.00216649 -0.0192294 0.00221085 -0.000922956 0.013566 -0.00485821
internal_weight=210.249 56.3567 28.638 153.892 27.7187 129.484 122.205 75.9244 46.2811 23.8353 15.9619 9.10037 24.4079 20.2279 9.67209 21.9529 3.88337 4.17997 12.6761 2.83164
internal_count=3226 890 237 2336 653 2080 2030 1354 676 522 161 78 256 166 74 503 131 90 76 63
is_linear=0
shrinkage=0.0435066


Tree=181
num_leaves=20
num_cat=0
split_feature=16 4 5 24 25 9 5 4 18 10 17 16 2 1 10 1 5 10 10
split_gain=1.45883 1.50912 1.09366 1.40788 1.04973 0.940321 1.22658 3.01551 1.44903 0.734545 0.631277 0.517127 0.507394 0.370711 0.210775 0.267422 0.188824 0.0495848 0.0138654
threshold=14.500000000000002 34.45000000000001 14.050000000000002 1.0000000180025095e-35 1.5000000000000002 1.0000000180025095e-35 36.45000000000001 34.95000000000001 7.5000000000000009 0.17846085802742148 33.209615384615397 13.500000000000002 12.500000000000002 1.5000000000000002 0.3011501880115019 1.5000000000000002 35.550000000000004 0.16204051012753187 0.33780760626398215
decision_type=2 2 2 2 2 2 2 2 2 2 2 2 2 2 2 2 2 2 2
left_child=4 16 13 -4 12 10 7 -7 -8 -5 -6 -12 14 -3 15 -1 -2 -15 -16
right_child=1 2 3 9 5 6 8 -9 -10 -11 11 -13 -14 17 18 -17 -18 -19 -20
leaf_value=0 0 0.0038360974604621568 0.018303381634874685 0.0069670079946288037 -0.0036456410046533192 -0.018374552049602959 0.0099007522548378094 6.9353119391698593e-05 -0.0025630734889478869 -0.006307634624854605 0.016083207564874066 0 0.0016403215202697994 0 0.00089630235892304132 -0.016570306515409448 -0.013175439722709211 -0.0096481343339881263 -0.0015489302732104497
leaf_weight=1.9008632549084783 1.4105849902261973 1.3670601681806136 16.365171300247312 11.547628107946368 2.7815727154957122 19.825503633182961 18.718626595567912 43.138904509454733 51.217805749038234 7.2302008271217337 5.6642435230314714 4.4949299450963736 2.2429100265726438 1.0954341205069793 0.98233011504635159 11.816494055441579 2.0263452837243676 3.5131583494367078 1.9111381470574995
leaf_count=41 46 29 122 95 42 397 135 1084 544 92 54 49 28 27 19 222 23 117 60
internal_value=-0.00102503 0.00539672 0.00821962 0.0109929 -0.00296044 -0.00139291 -0.00264414 -0.00677179 0.00120073 0.00114932 0.00752135 0.0114127 -0.0112165 -0.00451025 -0.0133611 -0.0149588 -0.0106341 -0.0086882 0
internal_weight=209.251 44.5556 41.1187 35.143 164.695 145.842 132.901 62.9644 69.9364 18.7778 12.9407 10.1592 18.8537 5.97565 16.6108 13.7174 3.43693 4.60859 2.89347
internal_count=3226 551 482 309 2675 2305 2160 1481 679 187 145 103 370 173 342 263 69 144 79
is_linear=0
shrinkage=0.0435066


Tree=182
num_leaves=26
num_cat=0
split_feature=4 5 1 0 4 4 4 27 9 4 11 9 0 17 23 2 4 23 2 14 10 2 9 17 23
split_gain=1.38804 2.17077 1.88639 1.44621 1.03855 1.17011 0.97319 0.92065 1.57972 1.57751 1.12417 1.04345 0.905096 0.859158 0.747946 0.61483 0.56873 0.376998 0.358623 0.34393 0.258872 0.249829 0.199482 0.106395 0.0152001
threshold=35.250000000000007 36.45000000000001 1.5000000000000002 1650.0000000000002 35.95000000000001 35.45000000000001 34.95000000000001 3.5000000000000004 0.032291666666666656 40.45000000000001 0.060915275200989459 0.017148526077097454 1550.0000000000002 41.655714285714296 1.5000000000000002 12.500000000000002 37.750000000000007 1.0000000180025095e-35 10.500000000000002 1.5000000000000002 0.29128959276018102 7.5000000000000009 0.10495716034271721 37.81785714285715 1.0000000180025095e-35
decision_type=2 2 2 2 2 2 2 2 2 2 2 2 2 2 2 2 2 2 2 2 2 2 2 2 2
left_child=1 6 12 4 5 21 22 9 19 11 -10 -5 -3 -11 16 -7 -6 -4 -14 -9 24 -2 -1 -24 -8
right_child=3 2 17 7 14 15 20 8 10 13 -12 -13 18 -15 -16 -17 -18 -19 -20 -21 -22 -23 23 -25 -26
leaf_value=-0.018083418815165977 0 -0.0024754445105588294 -0.013557624870407282 0.0022982807901026476 0.0060723014299435838 -0.012490586224917425 0 -0.012670727443485347 0.015044246518775043 -0.0048748061948756102 0 -0.013862581405482815 0.017187454781013783 0.0086364158108384378 -0.0028549517619385874 0.0037354204618687916 0.02104316842897698 0.00039518258142694798 0.00058550298851097024 0.00023984330414136558 -0.0042863719089045807 0.012335887835208781 0.0024614470753964593 -0.0044821309263026882 0.0071979297203214635
leaf_weight=20.691548428207177 2.6939782298868549 5.9545795647427502 6.3178832246921939 6.2972670084564006 29.161125830374658 9.2614816448185575 1.5040926312794907 5.7796144667081517 11.617966690799223 9.7173443295760098 19.936111902352422 27.541238801553845 8.1419359673745912 13.002421505749224 4.0516217504627994 1.6099084829911579 5.7901627561077467 2.7611203915439546 5.1109078526496878 3.2367373700253665 0.95088740659411986 2.4510512442793697 1.7240690430626266 1.0982384879607705 1.4727467860793693
leaf_count=405 45 43 79 82 372 187 40 87 135 87 380 688 45 109 42 18 42 31 39 34 55 28 54 63 36
internal_value=-0.00107867 -0.00658357 0.00165332 0.00106175 0.00635044 -0.00197924 -0.0140586 -0.00204782 0.00256657 -0.00544069 0.00720546 -0.01072 0.00885867 0.0027146 0.00978593 -0.00900905 0.0117126 -0.0102764 0.013598 -0.00923141 0.00176061 0.00874478 -0.016845 -0.000404201 0.00636956
internal_weight=207.876 55.728 28.2864 152.148 55.0193 16.0164 27.4416 97.1287 40.5704 56.5583 31.5541 33.8385 19.2074 22.7198 39.0029 10.8714 34.9513 9.079 13.2528 9.01635 3.92773 5.14503 23.5139 2.82231 2.97684
internal_count=3226 890 237 2336 734 278 653 1602 636 966 515 770 127 196 456 205 414 110 84 121 131 73 522 117 76
is_linear=0
shrinkage=0.0435066


Tree=183
num_leaves=22
num_cat=0
split_feature=4 5 6 16 23 4 22 2 4 1 11 5 6 5 17 5 6 10 2 23 10
split_gain=1.43249 1.95525 2.1798 1.90615 0.874014 0.859212 0.709934 0.938276 0.675269 0.780861 1.34935 1.24915 0.662173 0.564883 0.426434 0.40203 0.368567 0.262453 0.0872872 0.0467963 0.0447036
threshold=35.250000000000007 36.45000000000001 1.0000000180025095e-35 15.500000000000002 1.0000000180025095e-35 34.95000000000001 1.0000000180025095e-35 11.500000000000002 42.45000000000001 3.5000000000000004 0.072478991596638606 35.650000000000013 145.45000000000002 38.45000000000001 37.81785714285715 14.550000000000002 71.65000000000002 0.29128959276018102 6.5000000000000009 1.0000000180025095e-35 0.31123737373737376
decision_type=2 2 2 2 2 2 2 2 2 2 2 2 2 2 2 2 2 2 2 2 2
left_child=1 5 18 8 13 12 15 16 9 11 -11 -2 14 -4 -1 20 -8 19 -3 -7 -5
right_child=3 2 4 6 -6 17 7 -9 -10 10 -12 -13 -14 -15 -16 -17 -18 -19 -20 -21 -22
leaf_value=-0.0004582083698589186 0.00085595817154747878 0.015858728685403185 0.00073145404097332931 0.0023387798264773857 0.0039908081038882038 0 -0.013213315473219927 0.0098215021548248814 0.0079847271487781118 -0.0033061823187739863 0.0090026471599116854 -0.010527088319615881 0.0011693051537022285 -0.016077505648549394 -0.020339649399457534 0.017402398390593599 0.00075605724072441715 -0.0045943765686007419 0.0028811720211245123 0.0074514705846266431 -0.0022652220778424663
leaf_weight=3.7166146003874116 30.191996384965023 4.7173011749982852 2.8525905096903434 1.4022378509398561 4.0831604138948014 1.4762216430390251 2.0736651367042214 3.5225305198691785 7.2658799476921549 37.672084777790587 20.475441323418636 31.898537166649476 1.8677535208407778 8.7658112132921797 17.786777263972908 12.479057102929799 2.8973640035837889 0.96499690582277242 7.6547193396836519 1.5088173258118329 1.5318518162239341
leaf_count=126 699 22 23 34 41 40 27 27 50 573 399 359 19 97 377 110 34 55 54 36 24
internal_value=-0.00105671 -0.00666571 0.00123107 0.00112199 -0.00793965 -0.013752 0.0109503 0 -0.00108849 -0.00209856 0.00134283 -0.00528964 -0.0163682 -0.0126153 -0.0181686 0.0150872 -0.00838441 0.00131836 0.0121268 0.00612992 0
internal_weight=206.805 55.3948 28.0736 151.411 15.7016 27.3212 23.9067 8.49356 127.504 120.238 58.1475 62.0905 23.3711 11.6184 21.5034 15.4131 4.97103 3.95004 12.372 2.98504 2.93409
internal_count=3226 890 237 2336 161 653 256 88 2080 2030 972 1058 522 120 503 168 61 131 76 76 58
is_linear=0
shrinkage=0.0435066


end of trees

feature_importances:
popularity=500
time_seconds=406
odds=378
jockey_top3_rate=247
race_avg_odds=207
horse_number=179
field_size=173
jockey_win_rate=154
popularity_rank=132
jockey_track_win_rate=120
age=117
weight=101
venue_code=96
distance=94
horse_top3_rate=77
track_combined_encoded=72
distance_category_encoded=38
track_type_encoded=37
year=34
track_condition_encoded=34
sex_encoded=27
weather_encoded=19
horse_race_count=13
time_weight=6
day_of_week=3

parameters:
[boosting: gbdt]
[objective: lambdarank]
[metric: ndcg]
[tree_learner: serial]
[device_type: cpu]
[data_sample_strategy: bagging]
[data: ]
[valid: ]
[num_iterations: 5000]
[learning_rate: 0.0435066]
[num_leaves: 101]
[num_threads: 0]
[seed: 42]
[deterministic: 0]
[force_col_wise: 1]
[force_row_wise: 0]
[histogram_pool_size: -1]
[max_depth: 5]
[min_data_in_leaf: 27]
[min_sum_hessian_in_leaf: 0.001]
[bagging_fraction: 0.772374]
[pos_bagging_fraction: 1]
[neg_bagging_fraction: 1]
[bagging_freq: 5]
[bagging_seed: 400]
[bagging_by_query: 0]
[feature_fraction: 0.800155]
[feature_fraction_bynode: 1]
[feature_fraction_seed: 30056]
[extra_trees: 0]
[extra_seed: 12879]
[early_stopping_round: 0]
[early_stopping_min_delta: 0]
[first_metric_only: 0]
[max_delta_step: 0]
[lambda_l1: 0.231512]
[lambda_l2: 6.51682]
[linear_lambda: 0]
[min_gain_to_split: 0]
[drop_rate: 0.1]
[max_drop: 50]
[skip_drop: 0.5]
[xgboost_dart_mode: 0]
[uniform_drop: 0]
[drop_seed: 17869]
[top_rate: 0.2]
[other_rate: 0.1]
[min_data_per_group: 100]
[max_cat_threshold: 32]
[cat_l2: 10]
[cat_smooth: 10]
[max_cat_to_onehot: 4]
[top_k: 20]
[monotone_constraints: ]
[monotone_constraints_method: basic]
[monotone_penalty: 0]
[feature_contri: ]
[forcedsplits_filename: ]
[refit_decay_rate: 0.9]
[cegb_tradeoff: 1]
[cegb_penalty_split: 0]
[cegb_penalty_feature_lazy: ]
[cegb_penalty_feature_coupled: ]
[path_smooth: 0]
[interaction_constraints: ]
[verbosity: -1]
[saved_feature_importance_type: 0]
[use_quantized_grad: 0]
[num_grad_quant_bins: 4]
[quant_train_renew_leaf: 0]
[stochastic_rounding: 1]
[linear_tree: 0]
[max_bin: 255]
[max_bin_by_feature: ]
[min_data_in_bin: 3]
[bin_construct_sample_cnt: 200000]
[data_random_seed: 175]
[is_enable_sparse: 1]
[enable_bundle: 1]
[use_missing: 1]
[zero_as_missing: 0]
[feature_pre_filter: 1]
[pre_partition: 0]
[two_round: 0]
[header: 0]
[label_column: ]
[weight_column: ]
[group_column: ]
[ignore_column: ]
[categorical_feature: ]
[forcedbins_filename: ]
[precise_float_parser: 0]
[parser_config_file: ]
[objective_seed: 16083]
[num_class: 1]
[is_unbalance: 0]
[scale_pos_weight: 1]
[sigmoid: 1]
[boost_from_average: 1]
[reg_sqrt: 0]
[alpha: 0.9]
[fair_c: 1]
[poisson_max_delta_step: 0.7]
[tweedie_variance_power: 1.5]
[lambdarank_truncation_level: 30]
[lambdarank_norm: 1]
[label_gain: ]
[lambdarank_position_bias_regularization: 0]
[eval_at: 1,3,5]
[multi_error_top_k: 1]
[auc_mu_weights: ]
[num_machines: 1]
[local_listen_port: 12400]
[time_out: 120]
[machine_list_filename: ]
[machines: ]
[gpu_platform_id: -1]
[gpu_device_id: -1]
[gpu_use_dp: 0]
[num_gpu: 1]

end of parameters

pandas_categorical:[]
