tree
version=v4
num_class=1
num_tree_per_iteration=1
label_index=0
max_feature_idx=28
objective=lambdarank
feature_names=distance venue_code horse_number weight popularity odds time_seconds age year jockey_win_rate jockey_top3_rate jockey_track_win_rate horse_win_rate horse_top3_rate horse_race_count horse_dist_win_rate field_size race_avg_odds popularity_rank month day_of_week track_type_encoded track_condition_encoded weather_encoded sex_encoded distance_category_encoded season_encoded track_combined_encoded time_weight
feature_infos=[1000:2600] [0:8] [1:18] [48:59] [0:51.899999999999999] [1.2:564.70000000000005] [0:179.90000000000001] [2:11] [2016:2023] [0:0.5] [0:1] [0:1] [0:1] [0:1] [1:5] [0:1] [5:16] [12.48:127.28571428571428] [1:16] none [5:6] [0:1] [0:2] [0:2] [0:2] [0:3] none [0:5] [0.41666666666666657:1.6900000000000002]
tree_sizes=2310 2030 2049 1938 2130 1924 1703 1708 1720 1832 2042 1728 1682 1728 2029 2262 1695 2129 2520 1405 2354 2166 1817 1596 1577 1632 1519 2269 1708 2228 1319 2340 1385 1207 2327 2787 2244 2262 2480 1930 1900 1317 1300 1317 2020 1831 1697 2634 1822 2778 2237 2652 1825 2102 2040 1504 1741 1371 1998 1413 2215 2212 1409 2126 2750 2116 2224 1740 1353 1371 2628 1739 1835 1706 2431 2683 2454 2579 2146 2742 2208 1218 2137 1487 1955 2047 2012 2039 1947 1715 1513 2048 1622 2427 2212 2259 2858 2427 2438 1739 2935 2562 1599 2241 2532 1615 2147 2523 2577 1326 2559 2806 2130 1843 2868 1408 2541 1941 1794 2270 2138 1619 2030 2223 2254 2188 2967 2878 2444 2009 2536 1410 1372 1376 1603 2053 2380 2017 2446 2078 1784 1402 1611 1401 1706 2889 1974 2559 2699 2522 2139 1859 1859 2250 1331 2273 2685 2355 2647 2454 2342 2604 2740 2436 2282 2979 2419 2505 2433 2693 1818 2036 3073 2471 2182 2558 1814 1936 1794 2952 1929 1628 1417 1400 1718 1900 1892 1832 2154 1907 1465 1197 2232 2711 2460 2396 2632 2840 2413 2871 1781 1925 1921 2532 1727 2064

Tree=0
num_leaves=21
num_cat=0
split_feature=5 13 4 18 18 6 6 16 13 16 16 11 11 5 7 0 10 5 11 6
split_gain=103.639 31.4294 14.9286 9.164 7.16648 4.68539 7.84474 3.97751 3.00376 2.89872 2.64657 1.59866 1.34181 0.852876 0.784144 0.648088 0.611872 0.274313 0.175493 0.0954212
threshold=35.650000000000013 1.0000000180025095e-35 36.650000000000013 8.5000000000000018 10.500000000000002 109.45000000000002 91.15000000000002 11.500000000000002 0.45000000000000007 12.500000000000002 15.500000000000002 0.061862244897959155 0.073801742919389915 68.550000000000011 4.5000000000000009 2200.0000000000005 0.25403225806451618 51.050000000000004 0.073801742919389915 113.05000000000001
decision_type=2 2 2 2 2 2 2 2 2 2 2 2 2 2 2 2 2 2 2 2
left_child=1 2 3 10 9 6 -4 -7 15 13 -1 17 -13 18 -3 -6 -5 -11 -2 -15
right_child=4 14 5 16 8 7 -8 -9 -10 11 -12 12 -14 19 -16 -17 -18 -19 -20 -21
leaf_value=-0.038506514887845067 -0.012889317901828521 -0.062745075166221201 0.023779573711357482 -0.0016156734895537937 0.042555768576602343 -0.0098393913127451868 -0.01869021643106725 0.03004580550969408 -0.00015540922197107158 -0.0067970245625349739 -0.0019583470103958591 0.027526935680836317 0 0 -0.014233426591515289 0.0042946033223942989 0.01667839717707233 0.0038986093898491321 0 0.0078531738986167866
leaf_weight=32.610883068293333 4.6824579299427551 31.238563249353319 6.1160970777273205 2.261607874184846 54.012458836194128 2.3458800842054179 17.256543256808072 12.911259720567612 2.9245676542632273 1.9607802582904721 5.6018674653023472 15.393170149531217 3.6016378840431562 3.4684971552342176 5.876314900815486 3.0340525945648542 3.9004729301668704 2.6815978139638901 2.2870933585800231 1.957258087582886
leaf_count=570 85 675 65 39 516 51 295 140 49 39 95 152 54 56 110 34 32 37 36 29
internal_value=-0.00206935 -0.028379 -0.0114868 -0.0271344 0.0304625 0.00758712 -0.00447822 0.0223412 0.0393368 0.0116931 -0.0344398 0.0191415 0.0234777 -0.00367964 -0.0585683 0.0413282 0.0117903 -0.00104749 -0.0106457 0.00535136
internal_weight=216.123 120.119 83.0046 44.3748 96.0036 38.6298 23.3726 15.2571 59.9711 36.0325 38.2128 23.6372 18.9948 12.3953 37.1149 57.0465 6.16208 4.64238 6.96955 5.42576
internal_count=3159 2072 1287 736 1087 551 360 191 599 488 665 282 206 206 785 550 71 76 121 85
is_linear=0
shrinkage=0.0435066


Tree=1
num_leaves=18
num_cat=0
split_feature=18 4 21 4 4 25 13 10 2 9 11 2 10 10 9 6 4
split_gain=167.013 89.8522 59.0045 58.5026 36.7226 21.6424 14.9171 11.7959 12.3582 6.72506 5.96086 5.46782 4.92171 3.17139 2.80443 2.31156 1.30005
threshold=6.5000000000000009 40.650000000000013 1.0000000180025095e-35 37.350000000000001 40.45000000000001 2.5000000000000004 0.36666666666666675 0.25873937103522743 4.5000000000000009 0.17515516611902152 0.089572192513368967 5.5000000000000009 0.10818713450292396 0.18734335839598995 0.21704464918497518 161.05000000000004 41.550000000000004
decision_type=2 2 2 2 2 2 2 2 2 2 2 2 2 2 2 2 2
left_child=4 2 3 5 6 -2 9 8 -4 12 -9 -5 -1 -3 -11 -8 -6
right_child=1 13 7 11 16 -7 15 10 -10 14 -12 -13 -14 -15 -16 -17 -18
leaf_value=0 -0.0042572676102982012 0.061240428856452353 -0.0037953466895032368 0.014304136243448286 4.8473606313925832e-05 0.020252472719829332 -0.067135621980224325 0.018185002210917161 -0.033757847092697177 0.012097266516686926 -0.014773731758227342 0.052808570856971972 -0.038854465506408635 0.023966012120911605 -0.015538066918947014 -0.0039832600498494047 0.02477989005571481
leaf_weight=6.1172818243503562 198.82926580589265 50.894630271941423 40.786100667435676 15.565525606274603 6.5606642421334973 95.659569488838315 48.837909199297428 18.133980005979542 81.214786532800645 6.9026358388364297 11.545080000534652 55.986528351902962 75.235367821529508 19.075232809409499 7.8342142105102539 2.3383519742637864 9.1588473040610534
leaf_count=36 732 79 149 43 36 242 577 59 320 30 55 94 560 51 47 22 27
internal_value=-0.000776791 0.0100828 0.00351347 0.0129423 -0.0388758 0.00393693 -0.0455107 -0.0187728 -0.0245198 -0.0314509 0.00473427 0.0464545 -0.0360354 0.0541181 -0.00237965 -0.0652005 0.0179502
internal_weight=750.676 587.691 517.721 366.041 162.985 294.489 147.266 151.68 122.001 96.0895 29.6791 71.5521 81.3526 69.9699 14.7369 51.1763 15.7195
internal_count=3159 1824 1694 1111 1335 974 1272 583 469 673 114 137 596 130 77 599 63
is_linear=0
shrinkage=0.0435066


Tree=2
num_leaves=18
num_cat=0
split_feature=5 13 16 4 4 18 11 18 13 9 4 16 6 11 17 6 18
split_gain=176.374 61.3042 31.146 29.9598 26.3782 22.8231 20.6171 19.1158 15.9896 13.5995 12.8947 12.0701 6.92813 4.58762 4.45396 1.71266 0.884119
threshold=36.650000000000013 1.0000000180025095e-35 12.500000000000002 39.95000000000001 41.45000000000001 7.5000000000000009 0.11500330469266355 11.500000000000002 1.0000000180025095e-35 0.051064754454584908 37.050000000000004 15.500000000000002 109.45000000000002 0.043055555555555507 30.657954545454547 162.95000000000002 12.500000000000002
decision_type=2 2 2 2 2 2 2 2 2 2 2 2 2 2 2 2 2
left_child=1 3 7 5 6 11 8 10 -4 -7 14 -1 -5 -12 -2 -3 -8
right_child=2 15 4 12 -6 9 16 -9 -10 -11 13 -13 -14 -15 -16 -17 -18
leaf_value=-0.032257394874420267 -0.0023893845202097247 -0.060737534899523889 0.025293273746642139 -0.0068967042839684165 0.05747293995180934 -0.022934073533948218 -0.026256092421321365 0.029094896315718339 -0.019383620436314111 0.017284893637949182 -0.013007997010776051 0.0036974098166764132 0.032418222478957905 0.01653437033276544 -0.040975083067167913 -0.0035600077294655232 -0.0039364462644285777
leaf_weight=136.6191107830964 8.7077679894864541 65.532536583952606 238.36810084432364 8.5307152234017831 37.061670869588852 17.881466411054134 9.4557168111205119 16.695280611515045 11.281586298719047 39.279024742543697 10.779081363230945 18.163840783759952 23.548320949077606 17.119600975885987 23.774273041635752 2.2395988740026942 9.2341161184012872
leaf_count=930 36 773 545 50 44 109 35 39 57 123 44 103 61 60 112 14 24
internal_value=-0.000606103 -0.0246312 0.0190377 -0.0136225 0.0251733 -0.0196092 0.0194187 -0.00522025 0.0227933 0.00348557 -0.0167689 -0.0279967 0.0223031 0.00452575 -0.0330171 -0.0594617 -0.0194969
internal_weight=694.272 311.795 382.477 244.022 305.401 211.943 268.34 77.076 249.65 57.1605 60.3807 154.783 32.079 27.8987 32.482 67.7721 18.6898
internal_count=3159 2163 996 1376 705 1265 661 291 602 232 252 1033 111 104 148 787 59
is_linear=0
shrinkage=0.0435066


Tree=3
num_leaves=17
num_cat=0
split_feature=5 13 4 4 27 4 1 5 5 7 4 9 0 2 7 11
split_gain=141.033 43.2336 28.7996 24.8029 24.5376 21.2902 21.5675 18.2155 14.6928 12.425 10.6746 8.21456 7.93021 5.30581 1.2386 0.890551
threshold=35.650000000000013 1.0000000180025095e-35 41.45000000000001 35.050000000000004 2.5000000000000004 36.650000000000013 2.5000000000000004 64.40000000000002 15.750000000000002 2.5000000000000004 38.750000000000007 0.17515516611902152 1650.0000000000002 2.5000000000000004 5.5000000000000009 0.025978407557354904
decision_type=2 2 2 2 2 2 2 2 2 2 2 2 2 2 2 2
left_child=1 3 4 15 10 6 -6 -7 11 -10 12 -5 -2 -12 -3 -1
right_child=2 14 -4 8 5 7 -8 -9 9 -11 13 -13 -14 -15 -16 -17
leaf_value=-0.0055185501482136771 0.00036608169320145396 -0.057799207527603869 0.048638585299116563 -0.025617054355036646 0.021922271773215037 -0.0079847472483398265 -0.0076504776833075626 0.043891758393014853 -0.030760996123334657 0.013381610419820047 -0.017032120317060091 0.0074054045687289875 -0.037203593244109233 0.01224533114368051 -0.0064377261035282575 -0.042437663254192411
leaf_weight=4.1150082405656567 15.835208419710396 55.772366085089743 39.45289047062397 58.067493075504899 97.826138056814671 12.876875434070824 79.153453379869461 68.822220515459776 7.8133825212717047 73.625164981931448 9.3044155761599523 14.557061765342949 22.264932561665773 39.710827646777034 3.1349572017788878 41.67292796773836
leaf_count=30 68 760 61 467 258 50 245 134 61 329 34 72 102 135 25 328
internal_value=-0.000613709 -0.0251178 0.0159633 -0.0144431 0.0113759 0.0180013 0.0088391 0.0356153 -0.0053351 0.0070666 -0.00807335 -0.0188059 -0.0235903 0.00515975 -0.0561333 -0.0404132
internal_weight=644.005 258.758 385.247 199.851 345.794 258.679 176.98 81.6991 154.063 81.4385 87.1154 72.6246 38.1001 49.0152 58.9073 45.7879
internal_count=3159 2072 1087 1287 1026 687 503 184 929 390 339 539 170 169 785 358
is_linear=0
shrinkage=0.0435066


Tree=4
num_leaves=19
num_cat=0
split_feature=18 18 13 13 16 5 3 16 10 2 5 10 2 2 3 17 2 2
split_gain=107.212 49.4052 15.6727 14.6101 11.9114 10.7836 9.41834 6.63615 6.57078 5.38863 5.06241 7.31846 4.40569 3.94799 2.7595 2.03376 0.47276 3.70093
threshold=6.5000000000000009 11.500000000000002 0.36666666666666675 0.36666666666666675 14.500000000000002 88.950000000000017 53.500000000000007 10.500000000000002 0.39231927710843378 11.500000000000002 72.950000000000017 0.23875968992248062 3.5000000000000004 13.500000000000002 57.500000000000007 35.257948717948729 6.5000000000000009 5.5000000000000009
decision_type=2 2 2 2 2 2 2 2 2 2 2 2 2 2 2 2 2 2
left_child=2 3 6 4 7 10 8 -2 12 -6 11 -3 -1 15 -4 -7 17 -8
right_child=1 5 14 -5 9 13 16 -9 -10 -11 -12 -13 -14 -15 -16 -17 -18 -19
leaf_value=0.0097572024339645895 -0.024547130418722873 0.024488034866802847 -0.058963699743123765 -0.034814776000784461 0.0033622734936178786 0.0070911838014455688 -0.024318993782624362 -0.00098614696297675479 0.027835246228882834 0.035462599744916744 -0.013633158311610506 -0.010192272436029721 -0.024308568701691929 0.0073460854143804905 0 0.03526456649404467 -0.036762759694881103 0.0055610118744414596
leaf_weight=7.0105819106102052 18.962884530425072 28.207528315484524 37.781093142926693 17.941662989556789 21.130258234217763 9.8968901783227903 27.868931505829096 218.88030312722549 5.4296447075903407 16.890659932047129 11.34525181725621 12.330271773040293 10.896262181922792 17.468179389834404 1.8562812339514483 119.63895330578089 30.829226556234062 6.7848359346389762
leaf_count=37 96 64 590 168 93 26 244 977 15 43 31 33 104 32 18 261 281 46
internal_value=-0.000516972 0.00877375 -0.034929 -0.00258455 0.000231058 0.0251515 -0.0218583 -0.0035104 0.00138126 0.0209512 0.00675644 0.0137747 -0.0115145 0.0310157 -0.0567778 0.0336288 -0.0296556 -0.0182699
internal_weight=621.15 492.693 128.457 293.806 275.864 198.887 88.8195 237.843 23.3365 38.0209 51.8831 40.5378 17.9068 147.004 39.6374 129.536 65.483 34.6538
internal_count=3159 1824 1335 1377 1209 447 727 1073 156 136 128 97 141 319 608 287 571 290
is_linear=0
shrinkage=0.0435066


Tree=5
num_leaves=17
num_cat=0
split_feature=13 5 4 16 16 6 6 0 6 5 5 5 4 16 7 17
split_gain=98.7527 53.7721 30.2722 20.6435 13.7434 10.7712 19.4485 10.2358 9.57758 6.90292 6.6779 5.73451 6.01467 3.71229 3.18268 0.61178
threshold=0.36666666666666675 37.750000000000007 39.95000000000001 10.500000000000002 14.500000000000002 122.85000000000001 100.60000000000001 2200.0000000000005 109.45000000000002 18.150000000000002 34.650000000000013 84.750000000000014 40.45000000000001 13.500000000000002 3.5000000000000004 44.636904761904773
decision_type=2 2 2 2 2 2 2 2 2 2 2 2 2 2 2 2
left_child=1 2 4 14 10 6 -5 -7 15 -6 -1 12 -2 -10 -3 -4
right_child=11 3 8 5 9 7 -8 -9 13 -11 -12 -13 -14 -15 -16 -17
leaf_value=-0.027781385142262551 -0.059554000297501922 -0.033598465233532292 0.00039697184347452496 0.026854967653629769 -0.012624681618242775 0.045559339565889971 0.0022058931564412181 0.004896763023265715 0.0064835465043056812 0.018922023468230301 -0.0081104468586007637 -0.0010975350434006333 0.0039191362623090505 0.04468720479226479 0.00063566759864825437 -0.016111307362747067
leaf_weight=106.83103347802535 46.99889971036464 10.123594284057619 4.8517564423382264 121.10406740009785 16.880514802411199 45.625646658241749 119.60858286544681 18.07193098962307 10.028783351182939 23.835385676473379 58.261792785488069 4.409553423523902 1.8533976394683112 17.568303823471069 6.2774089835584155 3.6413661278784275
leaf_count=888 739 58 30 291 136 76 386 51 37 91 261 23 15 36 24 33
internal_value=0.000214297 0.00581443 -0.00950386 0.0173548 -0.0160389 0.0200422 0.0150287 0.0356915 0.0242799 0.00569243 -0.0214697 -0.0529664 -0.0567861 0.0349899 -0.0236012 -0.00993184
internal_weight=615.972 562.71 241.899 320.811 205.809 304.41 240.713 63.6976 36.0902 40.7159 165.093 53.2619 48.8523 27.5971 16.401 8.49312
internal_count=3175 2398 1512 886 1376 804 677 127 136 227 1149 777 754 73 82 63
is_linear=0
shrinkage=0.0435066


Tree=6
num_leaves=15
num_cat=0
split_feature=13 4 5 21 4 4 7 25 5 4 6 11 16 4
split_gain=82.9338 43.7628 42.22 16.4255 18.3767 12.4443 11.5599 8.89915 5.18332 4.43697 3.73524 2.54219 1.35395 0.395627
threshold=0.36666666666666675 40.850000000000001 34.650000000000013 1.0000000180025095e-35 36.650000000000013 34.750000000000007 3.5000000000000004 2.5000000000000004 78.850000000000009 40.45000000000001 144.95000000000002 0.081666666666666665 13.500000000000002 42.350000000000001
decision_type=2 2 2 2 2 2 2 2 2 2 2 2 2 2
left_child=1 2 5 4 -4 10 -7 -5 9 -2 -1 12 -3 -14
right_child=8 11 3 7 -6 6 -8 -9 -10 -11 -12 -13 13 -15
leaf_value=-0.04805089099225443 -0.056776677963257249 0.017332699807898769 0.0060294741450684615 -0.013161412006550617 0.031733150150952502 -0.02076989483036476 0.0058198992133257719 0.015267394206525165 -0.0012185955643910921 0.0023195642138644007 0 0.0095416149364276302 0.024529414492880892 0.05546217658032334
leaf_weight=22.549105893820528 43.046861099079251 18.341450452804565 160.72711827047169 73.437209635972977 75.965099073946476 78.64480465836823 44.143670786172152 21.910720236599445 4.4692763090133658 1.6607810128480185 3.3986425399780265 12.65114054456353 22.153553545475006 19.436327889561653
leaf_count=202 737 46 504 315 177 648 300 76 25 15 16 42 48 24
internal_value=0.000189807 0.00524073 0.000282019 0.00891307 0.0149496 -0.0184865 -0.0113212 -0.00597087 -0.0504272 -0.054369 -0.0430046 0.0352299 0.0390333 0.0447496
internal_weight=602.536 553.359 480.776 332.04 236.692 148.736 122.788 95.3479 49.1769 44.7076 25.9477 72.5825 59.9313 41.5899
internal_count=3175 2398 2238 1072 681 1166 948 391 777 752 218 160 118 72
is_linear=0
shrinkage=0.0435066


Tree=7
num_leaves=15
num_cat=0
split_feature=13 18 16 5 1 5 10 5 7 10 11 11 2 17
split_gain=71.1655 42.2512 16.0854 11.4368 11.6822 10.0493 8.37886 7.07026 5.30194 4.76614 4.45749 4.2865 3.20658 2.17246
threshold=0.36666666666666675 10.500000000000002 11.500000000000002 37.750000000000007 1.0000000180025095e-35 82.350000000000009 0.22401433691756273 45.45000000000001 5.5000000000000009 0.17519181585677748 0.15139116202945987 0.11500330469266355 7.5000000000000009 20.883333333333336
decision_type=2 2 2 2 2 2 2 2 2 2 2 2 2 2
left_child=1 2 10 6 -5 7 -4 -3 -2 -9 13 12 -7 -1
right_child=8 5 3 4 -6 11 -8 9 -10 -11 -12 -13 -14 -15
leaf_value=-0.0010420916019215204 -0.051801240630822018 0.022895304624529184 -0.013236950698341517 0.03697558611378661 0 0.015629828621964631 0.0045744482593754023 0.0069014958235900795 0.0010824266935064292 -0.017390955641575095 0.0048127291800811071 -0.00026445276327446694 0.031861652947206533 -0.035904411586442059
leaf_weight=4.775840062648057 43.009129174053669 17.808448504656553 125.73055073618889 19.32451705634594 43.630911566317081 65.658315423876047 75.051069953478873 25.240083772689104 3.1847896669059983 23.375189639627934 4.6315029114484778 11.840945165604351 87.739936962723732 34.539907198399305
leaf_count=27 749 49 767 28 186 173 516 74 28 77 25 35 178 263
internal_value=0 0.00465563 -0.00586031 -0.00147644 0.0137935 0.0184429 -0.00659605 0.00351319 -0.0482811 -0.00527113 -0.0283812 0.0240248 0.0258971 -0.0326396
internal_weight=585.541 539.347 307.684 263.737 62.9554 231.663 200.782 66.4237 46.1939 48.6153 43.9473 165.239 153.398 39.3157
internal_count=3175 2398 1812 1497 214 586 1283 200 777 151 315 386 351 290
is_linear=0
shrinkage=0.0435066


Tree=8
num_leaves=15
num_cat=0
split_feature=13 4 5 18 4 16 4 25 4 5 7 16 16 4
split_gain=61.5264 40.963 28.7558 15.8773 11.662 9.26046 10.6297 8.83763 6.60883 4.059 3.98191 1.49329 7.36207 1.42172
threshold=0.36666666666666675 40.850000000000001 34.650000000000013 13.500000000000002 35.350000000000001 14.500000000000002 36.150000000000013 2.5000000000000004 40.750000000000007 78.850000000000009 3.5000000000000004 13.500000000000002 12.500000000000002 42.150000000000013
decision_type=2 2 2 2 2 2 2 2 2 2 2 2 2 2
left_child=1 2 5 7 -5 6 -1 -4 9 -2 -7 12 -3 -13
right_child=8 11 3 4 -6 10 -8 -9 -10 -11 -12 13 -14 -15
leaf_value=-0.038456679570037892 -0.052685093726589763 -0.0090993859108606107 -0.0021998196588776681 -0.0063672127326042669 0.034887420577814396 -0.0076635981994188588 -0.0097690869352912157 0.016579793657308526 0.0090680818178454619 -0.0013478437981464227 0.018358336665170311 0.020917440291124439 0.033452333546509283 0.050763742034546651
leaf_weight=39.116063345223665 38.190934824757278 9.4379679039120674 201.07007747329772 14.115454144775866 48.506823748350143 19.956463851034641 69.451029698364437 54.898217607289553 1.7152571529149998 3.9247854929417363 12.72197065874934 22.434798382222652 10.659040078520775 22.865917518734932
leaf_count=388 741 45 768 35 99 147 564 170 11 25 67 62 18 35
internal_value=0.000373027 0.00473838 -1.48569e-05 0.00719696 0.025719 -0.0159498 -0.021785 0.00210116 -0.0455801 -0.0489298 0.00357797 0.0352729 0.0157558 0.0406666
internal_weight=569.065 525.234 459.836 318.591 62.6223 141.246 108.567 255.968 43.831 42.1157 32.6784 65.3977 20.097 45.3007
internal_count=3175 2398 2238 1072 134 1166 952 938 777 766 214 160 63 97
is_linear=0
shrinkage=0.0435066


Tree=9
num_leaves=16
num_cat=0
split_feature=4 18 16 4 16 6 4 6 9 11 18 4 11 16 4
split_gain=49.3062 50.7406 18.5656 21.4478 10.9452 10.6546 31.4342 19.6684 6.44377 6.47773 4.44032 4.01132 5.8446 3.29352 1.42031
threshold=40.650000000000013 6.5000000000000009 14.500000000000002 34.650000000000013 12.500000000000002 100.60000000000001 36.650000000000013 108.15000000000002 0.14651229273870783 0.21000000000000005 13.500000000000002 41.350000000000001 0.04880952380952381 15.500000000000002 38.350000000000001
decision_type=2 2 2 2 2 2 2 2 2 2 2 2 2 2 2
left_child=1 8 5 -4 -2 6 -3 -7 13 -10 -5 12 -6 -1 -11
right_child=4 2 3 10 11 7 -8 -9 9 14 -12 -13 -14 -15 -16
leaf_value=-0.041161684123639103 -0.0055947558372176345 -0.0066495102047316379 -0.027684966898946371 0.01351954718174006 0.030247359418577452 -0.038065453859907152 0.038450698718838668 -0.0016327184442947293 0.017298863543957026 -0.02612080017766567 0.035351078644899871 0.045636841930830625 -0.007609001030428139 -0.0082348761398417479 0.0016363626717126425
leaf_weight=65.237258419860154 10.563928375020621 114.9717173576355 11.81819569505751 55.019312616437674 10.66054053232074 33.477221894077957 32.040145853534341 98.168221451342106 7.0985049996525076 11.503044116310774 39.271505821496248 43.284203626215458 9.6067397315055114 11.221244529820977 2.6056337840855113
leaf_count=936 53 544 59 208 24 240 90 474 44 163 73 80 45 122 20
internal_value=0.000263621 -0.00491975 0.00231098 0.0172518 0.0317988 -0.00360721 0.00432903 -0.0123289 -0.0318655 -0.00721726 0.0244097 0.0381006 0.0144419 -0.0374769 -0.0216089
internal_weight=556.547 482.432 384.766 106.109 74.1154 278.657 147.012 131.645 97.6657 21.2072 94.2908 63.5515 20.2673 76.4585 14.1087
internal_count=3175 2973 1688 340 202 1348 634 714 1285 227 281 149 69 1058 183
is_linear=0
shrinkage=0.0435066


Tree=10
num_leaves=18
num_cat=0
split_feature=4 5 27 7 13 10 9 6 17 9 5 4 6 10 6 7 6
split_gain=65.9432 50.0158 17.8467 17.7129 16.8395 18.4187 11.7477 10.1799 8.40616 7.30087 14.3199 6.19856 4.24586 2.2376 1.80015 1.43546 0.815142
threshold=40.45000000000001 36.650000000000013 1.5000000000000002 2.5000000000000004 1.0000000180025095e-35 0.24454200284765068 0.03608470181503886 91.15000000000002 64.257589285714303 0.038967611336032361 112.65000000000002 36.95000000000001 145.45000000000002 0.25873937103522743 109.95000000000002 4.5000000000000009 119.95000000000002
decision_type=2 2 2 2 2 2 2 2 2 2 2 2 2 2 2 2 2
left_child=1 4 9 -2 5 12 8 -7 -4 10 -3 -8 -1 -11 -5 -6 -17
right_child=3 2 6 14 15 7 11 -9 -10 13 -12 -13 -14 -15 -16 16 -18
leaf_value=-0.027611125332077768 -0.010308902418970763 -0.030076456726568088 -0.020320600855976794 0.016026314130226288 -0.048655311145985029 0.021357706520090218 0.011866155587237665 -0.0096960737682998312 0.013776494467309676 -0.03078097898576574 0.024861290083807459 0.031535640917373597 0.0025659498225955651 -0.0037859387154400245 0.047509614640754004 -0.015609700140624421 0.0039911841247915305
leaf_weight=91.189721276052296 10.841634420678018 8.0104371495544928 24.742290198802948 14.159909993410109 32.983176079578698 27.717373767867684 110.30397250689566 41.503529839217663 18.070573151111603 22.593217194080353 17.070540815591812 47.734423864632845 7.8815574273467055 10.949584163725374 56.570356383919716 5.3465096480213097 1.7702189050614832
leaf_count=726 53 58 115 58 675 168 342 335 56 131 48 116 42 57 114 84 18
internal_value=0.00118396 -0.00523073 0.0074357 0.0357557 -0.0207962 -0.0136447 0.013554 0.00337326 -0.00580591 -0.0126304 0.00441206 0.018882 -0.0251048 -0.0242697 0.0432209 -0.0444903 -0.0104181
internal_weight=549.439 467.867 259.475 81.5719 208.392 168.292 200.851 69.2209 42.8129 58.6238 25.081 158.038 99.0713 33.5428 70.7303 40.0999 7.11673
internal_count=3196 2971 923 225 2048 1271 629 503 171 294 106 458 768 188 172 777 102
is_linear=0
shrinkage=0.0435066


Tree=11
num_leaves=15
num_cat=0
split_feature=4 18 13 27 4 6 2 9 9 6 6 7 9 10
split_gain=57.9747 44.9534 19.3656 11.2401 11.6478 11.8614 10.8332 8.5519 5.80266 4.02432 3.58897 2.58066 2.30425 2.01939
threshold=40.650000000000013 9.5000000000000018 1.0000000180025095e-35 1.5000000000000002 36.250000000000007 70.950000000000017 17.500000000000004 0.14651229273870783 0.038967611336032361 109.95000000000002 162.65000000000001 3.5000000000000004 0.033520599250936305 0.12372448979591837
decision_type=2 2 2 2 2 2 2 2 2 2 2 2 2 2
left_child=1 2 6 8 5 -5 7 -1 13 -2 -4 -10 -6 -3
right_child=9 3 10 4 12 -7 -8 -9 11 -11 -12 -13 -14 -15
leaf_value=-0.015853617265730348 0.008798518527007233 -0.0058151157017870547 -0.044981748646670948 0.019156532024404541 0.0067318968464536904 -0.011535563958659446 0.02746544209142493 0.012817162853011595 -0.028478312336647327 0.040379128780728656 0.0034324174722907019 -0.002479929232847494 0.030063437944618472 0.015608138590902126
leaf_weight=187.4055710406974 14.532704520970581 8.5024848654866236 39.214579301886261 38.874167561531067 15.437722712755201 43.66805063560605 7.0735555589199057 16.665610142983496 14.354396987706425 58.088446693494916 1.7430219091474999 14.562090482562779 63.766213020309806 14.438117913901804
leaf_count=1354 59 41 771 115 52 171 14 97 90 138 15 74 149 56
internal_value=0.000965047 -0.00480305 -0.017062 0.00969641 0.0152228 0.00315017 -0.010952 -0.0131402 -0.00714352 0.0354316 -0.0425209 -0.0185341 0.0264909 0.00779621
internal_weight=538.327 465.706 252.102 213.603 161.746 82.5422 211.145 204.071 51.8571 72.6212 40.9576 28.9165 79.2039 22.9406
internal_count=3196 2999 2251 748 487 286 1465 1451 261 197 786 164 201 97
is_linear=0
shrinkage=0.0435066


Tree=12
num_leaves=15
num_cat=0
split_feature=18 4 5 4 16 5 6 6 16 4 4 16 13 4
split_gain=52.6744 23.135 23.5663 18.9873 11.6771 11.0883 13.6991 12.1498 9.84437 6.98917 6.90024 3.1794 2.67156 1.27003
threshold=8.5000000000000018 40.45000000000001 36.650000000000013 40.850000000000001 13.500000000000002 324.95000000000005 72.750000000000014 60.750000000000007 15.500000000000002 36.95000000000001 35.650000000000013 13.500000000000002 1.0000000180025095e-35 37.150000000000013
decision_type=2 2 2 2 2 2 2 2 2 2 2 2 2 2
left_child=1 2 8 5 13 6 7 -2 12 -8 -10 -3 -1 -4
right_child=3 11 4 -5 -6 -7 9 -9 10 -11 -12 -13 -14 -15
leaf_value=-0.023902213417616766 -0.019800696516244661 0 -0.026408781814022519 0.037543907354804257 0.022467925282692126 0.035684050011157584 -0.014033116516890879 0.025440469244406082 -0.019502325999225512 0.0044514417192918904 0.019263318553592132 0.029806789009452935 -0.043752996764399955 0
leaf_weight=118.43628831487149 8.0680002942681295 10.433235865086319 7.7118897810578328 45.231451749801636 30.271150398999453 18.416061446070671 57.560284206643701 66.120972165837884 9.8989827176556009 91.248497737571597 11.913594026118515 16.213063456118107 29.960189842619002 4.4429847709834576
leaf_count=1015 47 48 61 99 82 39 279 204 121 391 86 52 645 27
internal_value=0.000971819 -0.0138742 -0.0187357 0.013432 0.00902634 0.00800567 0.00472769 0.0191941 -0.0257903 -0.00292246 0.00087585 0.0206753 -0.0296469 -0.0200679
internal_weight=525.927 239.281 212.635 286.645 42.426 241.414 222.998 74.189 170.209 148.809 21.8126 26.6463 148.396 12.1549
internal_count=3196 2137 2037 1059 170 960 921 251 1867 670 207 100 1660 88
is_linear=0
shrinkage=0.0435066


Tree=13
num_leaves=15
num_cat=0
split_feature=13 4 18 16 4 21 5 1 9 6 4 6 18 4
split_gain=45.0004 32.4905 27.9673 18.6634 9.31351 11.4962 9.05631 11.7884 6.95885 4.58176 2.42581 1.65041 1.10696 0.918918
threshold=0.36666666666666675 40.45000000000001 9.5000000000000018 12.500000000000002 34.550000000000004 1.0000000180025095e-35 36.45000000000001 1.0000000180025095e-35 0.14651229273870783 162.65000000000001 40.750000000000007 109.95000000000002 12.500000000000002 40.750000000000007
decision_type=2 2 2 2 2 2 2 2 2 2 2 2 2 2
left_child=1 2 6 -3 -4 -6 8 -8 -1 10 12 13 -2 -5
right_child=9 3 4 11 5 -7 7 -9 -10 -11 -12 -13 -14 -15
leaf_value=-0.0199187028617215 -0.046342595264777714 -0.014936718622405868 -0.021091235757289953 0.022622536454370908 0.019856524221178323 -0.00419555353427962 0.020275656341163233 -0.015729003376231558 0.008262544681245005 0.0066938976629832185 0.0014588143849289031 0.043121622518744379 -0.0027999569834710747 0.0018713016273632693
leaf_weight=132.61068634223193 34.856639550533146 11.178126087412236 9.7572647891938669 7.2481584474444416 138.54460942000151 47.221522588282824 29.38804030418396 26.54572356492281 14.688270960003136 1.7363978158682574 1.4202094636857499 48.511884555220604 2.5442502088844767 9.2044991776347143
leaf_count=1160 761 52 41 25 390 234 81 177 95 16 11 97 19 37
internal_value=0.000952495 0.00492937 -0.000188427 0.0297548 0.0113421 0.0137552 -0.0113374 0.00316861 -0.0168121 -0.0396358 -0.0425945 0.0382462 -0.0444649 0.0152764
internal_weight=515.456 474.899 398.756 76.1427 195.523 185.766 203.233 55.9338 147.299 40.5575 38.8211 64.9645 37.4009 16.4527
internal_count=3196 2389 2178 211 665 624 1513 258 1255 807 791 159 780 62
is_linear=0
shrinkage=0.0435066


Tree=14
num_leaves=18
num_cat=0
split_feature=18 4 5 4 1 6 5 9 6 4 3 13 9 2 10 1 2
split_gain=43.625 19.0733 18.0026 14.1717 10.647 10.1847 11.0624 10.1619 9.62216 8.65065 6.20194 4.68926 5.61137 1.19884 0.92442 0.582128 0.162928
threshold=8.5000000000000018 40.45000000000001 36.650000000000013 40.850000000000001 1.0000000180025095e-35 72.750000000000014 210.65000000000003 0.043961352657004807 60.750000000000007 35.350000000000001 53.500000000000007 0.70833333333333337 0.14651229273870783 7.5000000000000009 0.18301435406698563 3.5000000000000004 5.5000000000000009
decision_type=2 2 2 2 2 2 2 2 2 2 2 2 2 2 2 2 2
left_child=1 2 11 5 16 8 7 -7 -2 -10 -8 12 -1 -3 -5 -6 -4
right_child=3 13 4 14 15 6 10 -9 9 -11 -12 -13 -14 -15 -16 -17 -18
leaf_value=-0.02236415951003377 -0.01566221242734326 0.025004526339741883 0.026819686917577888 0.038319535026078627 -0.024772931838430438 -0.021478379372647079 -0.0053920315401859665 0.0036233754714562545 0.0041123386463672159 0.036473359580569908 0.029523820499661312 -0.04441110412606622 0.0036104476411152422 0.0025177081582307918 0.011962258152916013 -0.0030386654332503231 0.0091697697395449126
leaf_weight=127.82983753271401 7.9476478621363631 15.65930979140103 12.954980686306955 31.299451500177383 6.646199978888033 41.035286623984575 10.509734801948069 79.751550332643092 27.162884591147304 41.034496862441301 26.172869879752398 17.684437920805067 15.210533042438326 8.9776916392147523 12.582582816481588 6.824831984937191 14.5570324473083
leaf_count=1296 48 59 23 62 54 248 41 354 109 103 57 450 121 41 37 48 45
internal_value=0.000901541 -0.0130481 -0.0175391 0.0123536 0.00713203 0.00754117 0.000942061 -0.00548835 0.0199162 0.0252018 0.0199828 -0.0239229 -0.0194978 0.0193744 0.0334858 -0.0188464 0.0213214
internal_weight=503.841 226.345 201.708 277.497 40.983 233.614 157.469 120.787 76.145 68.1974 36.6826 160.725 143.04 24.637 43.882 13.471 27.512
internal_count=3196 2137 2037 1059 170 960 700 602 260 212 98 1867 1417 100 99 102 68
is_linear=0
shrinkage=0.0435066


Tree=15
num_leaves=20
num_cat=0
split_feature=18 4 4 0 2 4 18 5 11 9 9 5 5 13 2 7 2 2 5
split_gain=40.2286 24.064 12.9007 11.308 8.82628 6.53854 8.63384 6.42872 6.62861 5.05037 4.64297 5.34288 3.5126 2.70796 2.50414 2.37543 2.24423 1.24084 0.22349
threshold=6.5000000000000009 37.650000000000013 42.350000000000001 1350.0000000000002 1.5000000000000002 35.150000000000013 11.500000000000002 78.850000000000009 0.072478991596638606 0.048115079365079354 0.033520599250936305 203.25000000000003 100.40000000000002 0.36666666666666675 6.5000000000000009 3.5000000000000004 12.500000000000002 12.500000000000002 22.750000000000004
decision_type=2 2 2 2 2 2 2 2 2 2 2 2 2 2 2 2 2 2 2
left_child=2 3 13 5 -3 12 -7 9 -9 -6 16 -12 -2 14 15 -1 -5 -16 -15
right_child=1 4 -4 10 7 6 -8 8 -10 -11 11 -13 -14 18 17 -17 -18 -19 -20
leaf_value=-0.015861442163069499 0.0030134264435441481 -0.015508165122059192 0.023022146345438612 -0.029258698260678916 -0.0054338709027729939 -5.8468145384388315e-05 0.030720107126717109 0.038195486953545299 0.0038948486083272083 0.019308332603823725 -0.0078637462081475318 0.016135873263124923 -0.022366432453684391 -0.042888266888285065 -0.033657660228217583 0.0044301022723971396 0.00087810462916868123 -0.0040586488840141976 -0.00076591877915783372
leaf_weight=26.762325525283813 37.751771228387952 7.1593280918896189 5.1586548537015906 18.941718721762303 20.476436551660299 28.945484939962626 33.85483269020915 57.123955763876438 15.539735194295643 34.906672455370426 122.69312679022551 13.912851106375454 6.9382059760391703 23.297974226064984 20.988838285207752 11.767525538802145 4.4949746280908576 6.0577870309352866 0.97696088254451652
leaf_count=265 201 46 14 121 129 171 69 152 66 173 656 34 27 598 278 104 17 68 16
internal_value=0.000272045 0.0063694 -0.0242247 -0.00124415 0.0208699 0.00930236 0.0177168 0.0236313 0.0319115 0.0103888 -0.00847484 -0.00472567 -0.00307515 -0.0284152 -0.0198873 -0.0096962 -0.0242089 -0.0294035 -0.042041
internal_weight=497.749 402.739 95.0101 267.533 135.206 107.49 62.8003 128.047 72.6637 55.3831 160.043 136.606 44.69 89.8514 65.5765 38.5299 23.4367 27.0466 24.2749
internal_count=3205 1862 1343 1296 566 468 240 520 218 302 828 690 228 1329 715 369 138 346 614
is_linear=0
shrinkage=0.0435066


Tree=16
num_leaves=15
num_cat=0
split_feature=13 5 4 4 7 18 3 5 3 7 5 4 5 6
split_gain=36.6654 22.2704 15.9898 13.769 12.9501 7.05019 6.04709 5.841 4.49655 4.53073 3.43363 3.11062 2.25057 1.30854
threshold=0.36666666666666675 78.850000000000009 35.350000000000001 42.150000000000013 3.5000000000000004 13.500000000000002 52.500000000000007 37.750000000000007 53.500000000000007 4.5000000000000009 122.95000000000002 40.750000000000007 135.05000000000004 162.65000000000001
decision_type=2 2 2 2 2 2 2 2 2 2 2 2 2 2
left_child=1 3 10 4 6 11 -1 -6 12 -10 -3 13 -4 -2
right_child=5 2 8 -5 7 -7 -8 -9 9 -11 -12 -13 -14 -15
leaf_value=0.00082399905893743551 -0.045366427939275776 0.0019290220483177084 0.016996931071661048 0.031730592572817386 -0.00329599806821403 0.011894391334837651 -0.021351142712604819 0.013272148893831253 0.030699191466816801 0.0052732226296625427 -0.032076447061714586 0.0024479161369609223 -0.0018239787819981129 0
leaf_weight=29.116904629394412 33.456274155527353 7.2997900284826738 15.273527584969996 13.775337874889372 108.90263682417572 2.1197364293038836 87.985426293686032 55.26433214917779 82.13643579185009 20.39384501054883 7.6446432061493397 1.7724938839673985 22.517999283969402 1.1680997218936671
leaf_count=210 768 26 47 36 723 11 746 190 228 68 33 11 94 14
internal_value=0.000383089 0.00409018 0.0170807 -0.00293405 -0.00534685 -0.0370541 -0.0160032 0.0025162 0.0217311 0.0263516 -0.0194548 -0.0415129 0.00693634 -0.0440395
internal_weight=488.827 450.311 155.266 295.045 281.269 38.5166 117.102 164.167 140.322 102.53 14.9444 36.3969 37.7915 34.6244
internal_count=3205 2401 496 1905 1869 804 956 913 437 296 59 793 141 782
is_linear=0
shrinkage=0.0435066


Tree=17
num_leaves=19
num_cat=0
split_feature=18 4 4 27 4 0 6 4 6 17 0 24 13 7 27 27 11 3
split_gain=32.9913 15.4658 11.8626 10.8792 9.88941 9.16268 8.50958 8.13608 6.92825 8.25563 6.38175 4.23463 3.04031 2.1424 1.77956 1.50288 1.42599 1.38333
threshold=6.5000000000000009 37.650000000000013 42.350000000000001 3.5000000000000004 40.650000000000013 1550.0000000000002 60.45000000000001 34.45000000000001 123.25000000000001 45.894230769230781 1350.0000000000002 1.0000000180025095e-35 0.36666666666666675 3.5000000000000004 3.5000000000000004 3.5000000000000004 0.071067821067821071 52.500000000000007
decision_type=2 2 2 2 2 2 2 2 2 2 2 2 2 2 2 2 2 2
left_child=2 5 12 4 10 6 15 -8 9 -7 -3 -10 13 17 -15 -2 -6 -1
right_child=1 3 -4 -5 16 8 7 -9 11 -11 -12 -13 -14 14 -16 -17 -18 -19
leaf_value=-0.0041137520235116354 -0.027386768064800067 0.024959175271945459 0.022817495094488084 0.034174958555277406 0.027047700807404648 -0.0056046383567649061 -0.01009414319225101 0.016996012570747298 0.017420295868375651 -0.033980177664478389 -0.011328541699428304 -0.011881784997468104 -0.040526564896679815 -0.01556318659707462 0.0048638603036237366 0 0.0047185029943022259 -0.026808981494406699
leaf_weight=10.163915384560822 7.2673267498612386 4.7493838220834723 5.1374615356326094 43.513071978464723 28.048943504691124 76.369512813165784 21.316916730254889 94.602042153477669 21.79636213183403 21.915634531527758 44.177552185952663 8.0759663153439778 22.476665437221527 7.2277626767754564 13.266512550413609 5.155197512358427 11.632079690694807 33.421170556917787
leaf_count=106 61 11 14 120 73 416 126 395 76 152 322 46 614 91 121 24 40 397
internal_value=0.00039233 0.00601622 -0.0221582 0.0177251 0.00775333 -0.00026642 0.00771758 0.0116599 -0.00832322 -0.0137475 -0.00510474 0.00851252 -0.0263466 -0.0179482 -0.00398406 -0.0198917 0.0223091 -0.022941
internal_weight=480.313 388.62 91.6935 132.121 88.608 256.499 128.341 115.919 128.157 98.2851 48.9269 29.8723 86.556 64.0794 20.4943 12.4225 39.681 43.5851
internal_count=3205 1862 1343 566 446 1296 606 521 690 568 333 122 1329 715 212 85 113 503
is_linear=0
shrinkage=0.0435066


Tree=18
num_leaves=23
num_cat=0
split_feature=5 5 16 5 5 13 17 5 2 1 14 3 5 5 16 9 0 2 0 14 10 10
split_gain=31.3634 13.1525 8.20964 9.50354 14.0406 4.98601 4.60749 4.58796 3.85527 3.73139 3.70595 2.48042 4.12605 3.38644 2.14603 2.24143 1.8985 1.64924 1.53882 0.699453 0.559996 0.022223
threshold=16.050000000000004 78.850000000000009 13.500000000000002 25.050000000000004 35.650000000000013 0.36666666666666675 38.681250000000013 35.650000000000013 6.5000000000000009 3.5000000000000004 1.5000000000000002 53.500000000000007 135.05000000000004 100.40000000000002 13.500000000000002 0.17515516611902152 1900.0000000000002 12.500000000000002 2200.0000000000005 1.5000000000000002 0.41342952275249728 0.29128959276018102
decision_type=2 2 2 2 2 2 2 2 2 2 2 2 2 2 2 2 2 2 2 2 2 2
left_child=5 2 7 16 -5 8 9 10 14 -3 -2 12 -8 -13 15 -1 -4 20 -9 -16 -10 -19
right_child=1 6 3 4 -6 -7 11 18 17 -11 -12 13 -14 -15 19 -17 -18 21 -20 -21 -22 -23
leaf_value=-0.018560628507002803 0.00743223357908977 0.0099536461269114883 0.02818738206949719 -0.019393787340340977 0.0081574393886228516 -0.039425720688683823 0.021378608755650827 -0.027538199414056445 -0.031814488369234679 -0.019805590208170319 -0.020104896625669787 0 -0.0046489956595764971 0.024500636339266434 0.010229245781162929 0.0069888784872213141 0 -0.0023771613829182661 0 -0.004132642111554086 -0.0020104057917148433 4.1006260683148719e-05
leaf_weight=14.438368353992702 23.659025561064485 12.052926601842048 24.137471852824095 45.586790785193443 100.05972883105278 20.973727299831808 12.84587876871228 25.614148493856195 17.402431726455696 7.4536758363246909 6.7870981078594914 12.843763053417204 23.006248999387026 86.072086598724127 13.710964826866986 4.6855971794575444 5.4105480685830107 3.1309135276824227 3.9032791852951041 3.9886682238429776 3.0084205176681271 2.8389995880424976
leaf_count=165 184 47 137 342 407 591 36 185 235 39 95 53 103 250 105 30 44 37 17 45 32 26
internal_value=0.000415712 0.00571657 -0.000778506 0.0039856 -0.000861064 -0.0226452 0.0153099 -0.0138755 -0.0137677 -0.00314274 -0.00089624 0.0180738 0.00629288 0.0215953 -0.0031628 -0.0117226 0.0239936 -0.0247055 -0.0244003 0.00633566 -0.0293453 -0.000999323
internal_weight=473.611 389.433 235.158 175.195 145.647 84.1781 154.275 59.9636 63.2044 19.5066 30.4461 134.768 35.8521 98.9158 36.8236 19.124 29.548 26.3808 29.5174 17.6996 20.4109 5.96991
internal_count=3205 1939 1411 930 749 1266 528 481 675 86 279 442 139 303 345 195 181 330 202 150 267 63
is_linear=0
shrinkage=0.0435066


Tree=19
num_leaves=12
num_cat=0
split_feature=13 4 5 7 5 4 27 5 4 3 4
split_gain=29.9322 18.5016 12.0363 10.129 8.80416 7.11907 10.2661 5.1815 4.60967 3.61882 3.1358
threshold=1.0000000180025095e-35 42.350000000000001 61.150000000000013 3.5000000000000004 86.65000000000002 35.350000000000001 1.5000000000000002 37.750000000000007 37.750000000000007 54.500000000000007 40.750000000000007
decision_type=2 2 2 2 2 2 2 2 2 2 2
left_child=1 2 3 8 10 9 -7 -5 -1 -4 -2
right_child=4 -3 5 7 -6 6 -8 -9 -10 -11 -12
leaf_value=-0.02259523100079067 -0.04107779512656954 0.039017884804759449 0.00528200439999983 -0.0020089021822069716 0.0063385058810245254 -0.0012195525147428847 0.022081047468454528 0.015688420820491995 -0.0028755124997541116 -0.02498869584502467 0.0044740612728984804
leaf_weight=53.690283053554595 35.378915745764971 20.75444819778204 10.040613252669575 106.28056306578219 7.6217175684869281 53.187563192099333 94.526204686611891 36.814118126407266 41.254264218732715 8.9684685803949815 1.3583353124558915
leaf_count=510 846 45 38 695 34 232 290 119 338 47 11
internal_value=0.000571209 0.00430101 0.00190635 -0.00431245 -0.0309772 0.0106716 0.0139288 0.00296182 -0.0148611 -0.0113386 -0.0387404
internal_weight=469.875 425.517 404.762 238.039 44.359 166.723 147.714 143.095 94.9445 19.0091 36.7373
internal_count=3205 2314 2269 1662 891 607 522 814 848 85 857
is_linear=0
shrinkage=0.0435066


Tree=20
num_leaves=21
num_cat=0
split_feature=18 4 4 16 5 4 5 27 4 6 9 17 22 9 4 17 9 17 16 3
split_gain=26.7503 12.1556 11.0435 14.7703 11.6381 9.74251 8.62305 7.79412 11.6897 12.2504 4.72452 4.67388 3.22754 2.78619 3.8347 2.67392 2.09084 1.5844 1.45583 0.0802634
threshold=6.5000000000000009 40.45000000000001 36.650000000000013 13.500000000000002 35.95000000000001 34.250000000000007 171.30000000000004 3.5000000000000004 40.45000000000001 100.60000000000001 0.029513888888888853 35.103571428571435 1.5000000000000002 0.14651229273870783 36.45000000000001 39.750000000000007 0.21704464918497518 23.63214285714286 15.500000000000002 56.500000000000007
decision_type=2 2 2 2 2 2 2 2 2 2 2 2 2 2 2 2 2 2 2 2
left_child=1 13 3 6 5 -5 17 8 9 -4 -6 -9 -13 18 19 -10 -16 -2 -1 -15
right_child=2 -3 7 4 10 -7 -8 11 15 -11 -12 12 -14 14 16 -17 -18 -19 -20 -21
leaf_value=-0.034550280364914539 -0.002183255421984086 0.013734719939752806 0.020577647321900087 -0.022958344710205466 -0.0094904469056615037 0.010454241477942227 0.0080255253947591546 -0.0023565822199825837 0.002743678152837339 -0.0170721002050249 0.015840585919560439 0.032495003205358856 0.00168463654380898 -0.024283774079858895 0.018555032489998131 0.026885847550205479 -0.0083659698361006774 -0.036549569486039393 -0.0063262374626428704 -0.00078428526543069892
leaf_weight=49.194527648389339 4.3767527211457518 12.030826102942227 16.789886441081762 36.653833199292421 11.279751766473053 21.380943084135652 9.521283455193041 9.2021483071148378 14.679260928183792 49.35457100905478 92.419369526207447 46.656254707835615 8.9597864151000959 6.8506599152460712 5.9741430394351465 31.027519732713699 4.0192873850464821 26.538563487119973 8.2236518589779717 1.6733669908717272
leaf_count=929 31 61 63 268 54 150 31 46 44 383 316 150 39 138 42 91 51 229 119 18
internal_value=-9.49548e-05 -0.0208598 0.00497172 -0.00193781 0.00409366 -0.0106799 -0.0234962 0.0127212 0.00509761 -0.00638817 0.0125956 0.024068 0.0283908 -0.0271153 -0.00788851 0.0206351 0.00808911 -0.0331805 -0.0317223 -0.0226788
internal_weight=466.806 87.9665 378.84 202.17 161.734 58.0348 40.4366 176.669 111.851 66.1445 103.699 64.8182 55.616 75.9356 18.5175 45.7068 9.99343 30.9153 57.4182 8.52403
internal_count=3253 1358 1895 1079 788 418 291 816 581 446 370 235 189 1297 249 135 93 260 1048 156
is_linear=0
shrinkage=0.0435066


Tree=21
num_leaves=19
num_cat=0
split_feature=18 4 4 21 4 25 11 0 10 17 4 9 4 9 1 10 10 3
split_gain=24.4942 11.0094 10.8477 9.22972 14.9437 9.33408 4.62711 4.47392 3.65263 2.99358 2.93352 2.79007 3.4992 2.21463 0.51132 0.594871 0.459797 0.089779
threshold=6.5000000000000009 41.150000000000013 40.45000000000001 1.0000000180025095e-35 37.150000000000013 2.5000000000000004 0.026671408250355601 1550.0000000000002 0.13118961352657002 39.750000000000007 39.550000000000004 0.14651229273870783 36.45000000000001 0.21704464918497518 5.5000000000000009 0.15759905381431102 0.28708791208791212 56.500000000000007
decision_type=2 2 2 2 2 2 2 2 2 2 2 2 2 2 2 2 2 2
left_child=2 3 11 4 5 -2 10 -8 -6 -3 -5 14 17 -14 -1 -16 -4 -13
right_child=1 9 16 6 8 -7 7 -9 -10 -11 -12 12 13 -15 15 -17 -18 -19
leaf_value=-0.033891387969562738 -0.0058816121637636377 0.0020508529570391438 0.00021855015038332404 -0.0040538641597296123 -7.7866602693116147e-05 0.014190896411931048 0.0034801050688369971 -0.01887927043744906 0.030862172698986137 0.0322180413106102 0.020909368392234028 -0.023109888348575178 0.018539512432806621 -0.009068074998528991 0.0016744433081835046 -0.014412513688990339 0.017000714596221416 -0.00052645073895245503
leaf_weight=44.448736680205911 125.83710188791156 9.7874406799674016 5.9562020078301412 17.144170915707949 7.6866890266537657 58.997384417802095 19.446361938491464 59.123414623551071 42.012803509831429 25.724108882248402 8.2321805916726571 6.8642359771765786 6.0991085413843376 3.9430506913922727 2.9778211060911408 8.2266737883910519 6.3106035403907299 1.6234694011509416
leaf_count=848 716 29 32 112 36 252 106 407 143 64 30 138 42 51 43 157 29 18
internal_value=-0.000157996 0.00471399 -0.0201961 0.00203303 0.00679443 0.000737798 -0.00838597 -0.0133842 0.0264434 0.0257505 0.00634623 -0.0262517 -0.00736825 0.00778852 -0.0309455 -0.0105252 0.0122912 -0.0215663
internal_weight=460.442 373.992 86.4499 338.48 234.534 184.834 103.946 78.5698 49.6995 35.5115 25.3764 74.1831 18.5299 10.0422 55.6532 11.2045 12.2668 8.48771
internal_count=3253 1895 1358 1802 1147 968 655 513 179 93 142 1297 249 93 1048 200 61 156
is_linear=0
shrinkage=0.0435066


Tree=22
num_leaves=16
num_cat=0
split_feature=5 16 4 16 4 4 5 16 9 4 3 4 9 3 4
split_gain=21.2591 11.9268 12.3106 9.42655 7.91355 7.79727 5.5753 2.38141 1.72025 2.63131 1.56574 0.802094 0.580831 0.353462 0.0955919
threshold=16.350000000000005 10.500000000000002 41.250000000000007 14.500000000000002 34.650000000000013 40.45000000000001 35.550000000000004 15.500000000000002 0.14651229273870783 36.45000000000001 52.500000000000007 36.850000000000001 1.0000000180025095e-35 52.500000000000007 41.050000000000004
decision_type=2 2 2 2 2 2 2 2 2 2 2 2 2 2 2
left_child=5 10 3 6 -5 7 -3 8 12 -10 -2 13 -1 -9 -7
right_child=1 2 -4 4 -6 14 -8 11 9 -11 -12 -13 -14 -15 -16
leaf_value=-0.002000572142335537 0 -0.011196172700150275 0.02873064160639234 -0.016671083171207118 0.019563000151428676 0.012647430156583046 0.0029253833291613199 0.00042669302686136748 -0.0222411505976279 0.0049612821295392127 -0.030298387289861665 0.0073008278014723418 -0.033874963200182483 -0.012403666213771576 0.0012379455706896436
leaf_weight=2.6746632512658826 4.3580511622130897 68.80032464209944 34.175486292690039 7.8563139028847209 76.443970929831266 4.8119447529315931 170.57880859449506 3.2806775523349625 6.4992164187133303 9.1074515571817738 13.73685637488961 2.5886951945722094 40.072966205421835 6.0043131387792528 5.9289821311831474
leaf_count=41 29 579 85 55 285 26 788 36 126 90 133 20 822 106 32
internal_value=-0.00023163 0.0041755 0.00611263 0.00317412 0.0151213 -0.0195964 -0.00128151 -0.0246693 -0.028035 -0.00912618 -0.0251997 -0.00350752 -0.0326135 -0.00892652 0.00977875
internal_weight=456.919 375.95 357.855 323.679 84.3003 80.9689 239.379 70.228 58.3543 15.6067 18.0949 11.8737 42.7476 9.28499 10.7409
internal_count=3253 1954 1792 1707 340 1299 1367 1241 1079 216 162 162 863 142 58
is_linear=0
shrinkage=0.0435066


Tree=23
num_leaves=14
num_cat=0
split_feature=13 18 4 16 6 5 7 4 27 4 5 6 4
split_gain=23.4951 14.0812 8.4896 10.7899 8.56101 10.2877 5.48313 4.85034 7.01396 5.38504 2.76976 2.67315 0.505716
threshold=0.36666666666666675 10.500000000000002 40.45000000000001 12.500000000000002 100.60000000000001 37.750000000000007 5.5000000000000009 41.45000000000001 1.5000000000000002 34.650000000000013 179.95000000000002 145.45000000000002 41.150000000000013
decision_type=2 2 2 2 2 2 2 2 2 2 2 2 2
left_child=1 2 4 -4 5 -1 12 8 10 -10 -3 -6 -2
right_child=6 7 3 -5 11 -7 -8 -9 9 -11 -12 -13 -14
leaf_value=-0.0078052461398765653 -0.03899042763418812 -0.012966767822731855 -0.019663705981781146 0.028738525873788626 -0.019790845327564678 0.017452447845516007 0.0084604752961829864 0.03043068888774669 -0.012286951986570895 0.016978067021503868 0.006570509500143336 5.2187883534216323e-05 0
leaf_weight=87.270399741828442 27.547985044773675 27.127042764797807 6.8614694252610233 22.792253211140633 75.570813147351146 38.71131619811058 2.737445890903472 18.53646769374609 8.2560300379991514 104.51509546488523 17.196453720331192 13.998920580372213 0.9986448809504499
leaf_count=682 766 147 39 77 789 146 25 41 43 321 68 101 8
internal_value=-8.28746e-05 0.00280463 -0.00388086 0.0157355 -0.00700745 0.00035651 -0.0329794 0.0119987 0.00863679 0.0141969 -0.00531805 -0.0167915 -0.0380743
internal_weight=452.12 420.836 245.205 29.6537 215.551 125.982 31.2841 175.631 157.095 112.771 44.3235 89.5697 28.5466
internal_count=3253 2454 1834 116 1718 828 799 620 579 364 215 890 774
is_linear=0
shrinkage=0.0435066


Tree=24
num_leaves=14
num_cat=0
split_feature=13 18 7 4 6 17 7 4 27 8 7 6 4
split_gain=20.9565 13.5883 9.97496 12.1004 8.1408 6.15145 5.33081 3.50384 4.70729 3.83313 2.22579 0.855322 0.461615
threshold=0.45000000000000007 11.500000000000002 2.5000000000000004 40.250000000000007 100.60000000000001 62.201666666666675 5.5000000000000009 39.550000000000004 1.5000000000000002 2021.5000000000002 3.5000000000000004 109.65000000000002 41.050000000000004
decision_type=2 2 2 2 2 2 2 2 2 2 2 2 2
left_child=1 2 5 4 -4 -1 12 8 10 -10 -3 -5 -2
right_child=6 7 3 11 -6 -7 -8 -9 9 -11 -12 -13 -14
leaf_value=-0.032891636787257962 -0.037889943468417744 -0.019933958342384987 0.0035130321025016961 0.0037868184433185671 -0.012944128500529058 0.0057897948066659615 0.0085589307663929935 0.025873052633368129 0.019418458387374372 0 0.0040602378555209496 0.026814711809594133 0
leaf_weight=23.404512865468863 26.435773570556201 8.2297781966626662 128.01752374321222 7.2871820908039835 92.166061069816351 7.6254692682996383 2.7712767403572789 30.317741740494967 52.550188515335321 29.187628112733364 9.8834313750267011 23.45958648249507 1.0034239031374443
leaf_count=227 761 49 761 46 851 49 25 88 149 115 48 75 9
internal_value=-0.000222498 0.00252282 -0.00284502 0.000238549 -0.00350537 -0.0237626 -0.0317505 0.0138051 0.00868561 0.0130445 -0.00882244 0.023244 -0.0369796
internal_weight=442.34 412.129 281.96 250.93 220.184 31.03 30.2105 130.169 99.851 81.7378 18.1132 30.7468 27.4392
internal_count=3253 2458 2009 1733 1612 276 795 449 361 264 97 121 770
is_linear=0
shrinkage=0.0435066


Tree=25
num_leaves=14
num_cat=0
split_feature=13 16 5 17 3 7 21 5 17 5 7 11 2
split_gain=23.6051 15.476 6.76749 9.87565 6.58731 6.2274 5.29537 6.34855 4.64185 4.57132 4.28091 0.296463 0.0264859
threshold=1.0000000180025095e-35 11.500000000000002 35.95000000000001 42.41564102564103 51.500000000000007 6.5000000000000009 1.0000000180025095e-35 90.65000000000002 52.328846153846165 16.050000000000004 4.5000000000000009 0.11173533083645441 9.5000000000000018
decision_type=2 2 2 2 2 2 2 2 2 2 2 2 2
left_child=1 4 3 9 -1 -2 10 -8 -5 -3 -4 12 -6
right_child=5 2 6 8 11 -7 7 -9 -10 -11 -12 -13 -14
leaf_value=0.011694627882273944 -0.035027842840916763 -0.0014203154346355874 0.020080439140566321 -0.016583239432401753 -0.032123144029049956 0.012932213249568801 -0.008359017411520786 0.013495414889099583 0.0020041271203701332 0.023541342857805105 -5.0330162562319909e-06 -0.0062231727982999755 -0.0045099474104568814
leaf_weight=5.7850478030741206 33.526662199292332 20.540005624294281 109.8273823428899 53.028064615093172 21.940975282341249 2.185549395158886 43.734111007302999 43.802599921822548 40.655920622870326 28.790083557367325 23.063342750072479 6.222339483909308 3.3307512421160927
leaf_count=31 856 200 363 427 214 14 221 176 372 147 91 60 30
internal_value=0.000633643 0.00385713 0.00671668 -0.000602497 -0.0206423 -0.0303115 0.0113907 0.00264701 -0.00881065 0.0140146 0.016685 -0.0278338 -0.0304713
internal_weight=436.433 400.721 363.442 143.014 37.2791 35.7122 220.427 87.5367 93.684 49.3301 132.891 31.4941 25.2717
internal_count=3202 2332 1997 1146 335 870 851 397 799 347 454 304 244
is_linear=0
shrinkage=0.0435066


Tree=26
num_leaves=13
num_cat=0
split_feature=13 4 6 6 4 10 7 7 8 8 17 6
split_gain=22.0765 14.5665 7.90869 12.419 10.5066 6.44062 5.46105 5.43811 1.99878 1.70329 1.45687 0.169259
threshold=1.0000000180025095e-35 41.45000000000001 100.60000000000001 107.95000000000002 36.650000000000013 0.12372448979591837 6.5000000000000009 2.5000000000000004 2019.0000000000002 2016.5000000000002 39.942857142857157 162.65000000000001
decision_type=2 2 2 2 2 2 2 2 2 2 2 2
left_child=1 2 4 9 7 -5 11 -1 -6 -4 -3 -2
right_child=6 10 3 5 8 -7 -8 -9 -10 -11 -12 -13
leaf_value=-0.023362295875926736 -0.034874213263574448 0.0069833462827898589 -0.0013632102658044101 -0.020873226117508442 0.0042084958648062843 0.0035823318685965504 0.011663595588422141 0.0040416487580464087 0.032359288339192577 -0.032749147936997978 0.032569719472972596 -0.00056959882967641984
leaf_weight=8.5524622118100506 31.32626840705052 11.065396800637243 5.08466234430671 17.504639523103833 9.2656543198972923 127.94866610877216 2.0622671805322161 142.57057373225689 24.18596313521266 24.014716541394591 26.155832819640636 1.0999448727816332
leaf_count=90 836 37 45 126 58 823 14 759 96 231 67 20
internal_value=0.00054405 0.00365392 0.000724672 -0.00577389 0.0069104 -6.33877e-05 -0.0298504 0.00152521 0.0267714 -0.0288006 0.0273673 -0.0342592
internal_weight=430.837 396.349 359.127 174.553 184.575 145.453 34.4885 151.123 33.4516 29.0994 37.2212 32.4262
internal_count=3202 2332 2228 1225 1003 949 870 849 154 276 104 856
is_linear=0
shrinkage=0.0435066


Tree=27
num_leaves=20
num_cat=0
split_feature=5 4 21 4 6 4 0 6 6 22 17 5 9 22 5 27 4 6 4
split_gain=17.1197 9.59317 7.71606 11.5988 9.9207 4.93079 3.17284 6.73161 4.25622 2.66504 2.1975 1.57233 2.03373 1.37156 0.600021 0.573074 0.190595 0.177958 0.0460549
threshold=16.050000000000004 40.850000000000001 1.0000000180025095e-35 37.150000000000013 72.750000000000014 40.550000000000004 1650.0000000000002 60.45000000000001 107.95000000000002 1.0000000180025095e-35 39.750000000000007 10.850000000000003 0.11651583710407236 1.0000000180025095e-35 11.850000000000003 3.5000000000000004 38.95000000000001 110.85000000000001 39.150000000000013
decision_type=2 2 2 2 2 2 2 2 2 2 2 2 2 2 2 2 2 2 2
left_child=5 2 3 4 -2 11 7 -4 -8 -5 -3 13 14 18 -13 -14 -15 -12 -1
right_child=1 10 6 9 -6 -7 8 -9 -10 -11 17 12 15 16 -16 -17 -18 -19 -20
leaf_value=-0.029962875292436585 0.01020256861626777 0.0036147326612397212 -0.013670776798451072 0.028787021901615098 -0.0098977945673354509 0.0073322451331404902 -0.027788719193236899 0.017023818768165225 -0.0023746525693805068 0.0012020451878778794 0.010021833187652164 0.00067854995813541321 -0.0031958586777720956 -0.006424687910946858 -0.018019080790119314 0.012319859568367312 0.0021281052221003051 0.032564996746728143 -0.0040866607562772793
leaf_weight=34.820570894982666 91.527741846628487 12.376212026923893 23.004304599016905 36.23135101981461 81.757668167352676 9.5450445841997844 20.577536164782941 18.42019909247756 27.397680502384901 9.458136208355425 10.408910822123291 2.1918313577771213 2.6349845156073561 6.1472207009792319 11.034768048208205 4.4973232401534915 1.7686256971210239 19.427859496325254 3.3348082127049556
leaf_count=731 424 41 135 130 548 53 217 84 203 51 40 41 35 130 175 38 22 48 56
internal_value=0.000526545 0.00466761 0.0017587 0.00614857 0.000647997 -0.0173195 -0.00857598 0.000226825 -0.0154798 0.0241325 0.0226341 -0.0213382 -0.00721235 -0.0257216 -0.0152092 0.00706071 -0.00371781 0.0281839 -0.0288528
internal_weight=426.563 350.588 308.375 218.975 173.285 75.9752 89.3997 41.4245 47.9752 45.6895 42.213 66.4301 20.3589 46.0712 13.2266 7.13231 7.91585 29.8368 38.1554
internal_count=3202 1921 1792 1153 972 1281 639 219 420 181 129 1228 289 939 216 73 152 88 787
is_linear=0
shrinkage=0.0435066


Tree=28
num_leaves=15
num_cat=0
split_feature=13 16 4 25 6 4 4 10 7 16 3 1 5 6
split_gain=19.207 14.2499 13.8507 8.67376 9.721 6.76136 6.70947 5.50658 4.9762 3.34078 2.40965 1.16131 0.707639 0.237524
threshold=1.0000000180025095e-35 12.500000000000002 41.45000000000001 2.5000000000000004 69.550000000000011 36.650000000000013 39.45000000000001 0.12372448979591837 6.5000000000000009 9.5000000000000018 51.500000000000007 7.5000000000000009 175.80000000000004 162.65000000000001
decision_type=2 2 2 2 2 2 2 2 2 2 2 2 2 2
left_child=1 5 3 7 -5 10 9 -3 11 -7 -1 13 -12 -2
right_child=8 2 -4 4 -6 6 -8 -9 -10 -11 12 -13 -14 -15
leaf_value=0.0021511145186368309 -0.035222879880049282 -0.018279037613701487 0.032862807326243318 -0.010554214885130191 0.028718527151231368 -0.012361350878448033 -0.021763930363320718 0.0026874954936911438 0.011120301491789929 0.01491081002611094 -0.030126808379861758 0 -0.0023369326426977686 -8.1879208994209722e-05
leaf_weight=4.0651908740401259 28.15724803600461 20.198031956329942 30.36591874808073 11.858682140707968 39.264834374189377 5.3186669033020726 12.752708584070204 203.32395204529166 2.0478524155914775 29.901189802214503 28.036460234783593 1.8688133396208275 3.8938707262277594 0.98204003646969695
leaf_count=25 801 141 76 77 158 64 90 1210 14 176 298 38 17 17
internal_value=0.000437779 0.00334563 0.00773136 0.00421961 0.0192707 -0.0118835 -0.000415883 0.000284961 -0.0284413 0.00926397 -0.0245234 -0.0328 -0.0279704 -0.0345525
internal_weight=422.035 388.98 305.011 274.646 51.1235 83.9681 47.9726 223.522 33.056 35.2199 35.9955 31.0081 31.9303 29.1393
internal_count=3202 2332 1662 1586 235 670 330 1351 870 240 340 856 315 818
is_linear=0
shrinkage=0.0435066


Tree=29
num_leaves=20
num_cat=0
split_feature=16 4 27 4 5 4 9 4 2 5 4 11 0 2 11 3 4 17 2
split_gain=18.317 15.6282 19.3228 9.76882 9.57068 8.50086 5.85531 5.75134 3.61849 2.45356 1.85118 2.64967 1.68211 0.97953 0.726074 0.687948 0.51431 0.319982 0.129431
threshold=12.500000000000002 39.850000000000001 2.5000000000000004 36.650000000000013 35.95000000000001 35.250000000000007 0.029513888888888853 39.45000000000001 10.500000000000002 86.65000000000002 42.350000000000001 0.061862244897959155 1350.0000000000002 12.500000000000002 0.15139116202945987 57.500000000000007 37.850000000000001 17.08787878787879 13.500000000000002
decision_type=2 2 2 2 2 2 2 2 2 2 2 2 2 2 2 2 2 2 2
left_child=3 2 13 8 5 -4 -6 9 17 12 11 -3 -5 15 -13 -2 -11 -1 -15
right_child=1 10 4 7 6 -7 -8 -9 -10 16 -12 14 -14 18 -16 -17 -18 -19 -20
leaf_value=-0.0019090043085986019 -0.028743107433105927 0.022019764852238419 -0.015290957046058741 0.0084641858184908523 -0.0076923407569005602 0.0096488009384160713 0.016598915121253843 -0.021514673586466412 0.0015898915364799206 0.0027159267558479012 0.037146678741388446 -0.0062979413052282416 -0.0096931247588154541 0.00095025142066403284 0.0080835628704550092 0 0.023900015398486886 -0.034067957569791973 -0.0060785392153171634
leaf_weight=2.0881456378847352 31.624312129337341 25.033112399280071 52.752253348939121 11.160091696307065 17.599965678527951 39.593574849888682 116.95303856395185 12.949450295418499 5.2213771007955065 6.2976366020739061 17.094143286347389 9.4088169094175083 14.54459634143859 3.4508326631039372 4.8484867783263317 2.303737547248601 6.6522894874215126 36.996697638183832 2.7489947974681854
leaf_count=27 454 94 491 74 83 421 416 108 50 30 40 65 188 35 24 23 25 519 35
internal_value=0.000492608 0.0054974 0.000841692 -0.0155614 0.00596579 -0.0045649 0.0131416 -0.00178337 -0.0291242 0.00675398 0.0250143 0.0149823 -0.00137976 -0.0247016 0 -0.0273297 0.0184734 -0.0330891 -0.00289216
internal_weight=419.322 323.411 267.027 95.9103 226.899 92.3458 134.553 51.6041 44.3062 38.6546 56.3846 39.2904 25.7047 40.1279 14.2573 33.928 12.9499 39.0848 6.19983
internal_count=3202 2181 1958 1021 1411 912 499 425 596 317 223 183 262 547 89 477 55 546 70
is_linear=0
shrinkage=0.0435066


Tree=30
num_leaves=11
num_cat=0
split_feature=13 16 5 18 21 9 9 20 6 3
split_gain=15.9899 10.4214 6.91652 8.51147 5.88212 4.91799 4.26289 4.03985 3.56947 2.92265
threshold=0.70833333333333337 10.500000000000002 35.45000000000001 7.5000000000000009 1.0000000180025095e-35 0.04016129032258061 0.063220940550133067 5.5000000000000009 60.550000000000004 52.500000000000007
decision_type=2 2 2 2 2 2 2 2 2 2
left_child=1 9 3 7 6 -5 -4 -3 -6 -1
right_child=-2 2 4 5 8 -7 -8 -9 -10 -11
leaf_value=0.0030452951859076005 -0.037998292764991913 -0.016035637970330533 0.016410705350416055 -0.013695138525224443 -0.015739068200688783 0.018564729571316316 -0.00065549564960799128 0.0027787576860491092 0.0034624866566863232 -0.029207510495542578
leaf_weight=4.6047162767499712 13.84153643529862 70.788284618407488 120.17505026049912 6.1516017355024806 17.485251167789102 31.596988882869482 33.401961101219058 26.421513892244548 70.270800646394491 18.743985621258616
leaf_count=40 486 826 456 69 91 200 134 311 370 235
internal_value=-0.000358357 0.00150927 0.0034402 -0.00426902 0.00779089 0.0118378 0.0127604 -0.0109715 -0.00108008 -0.023233
internal_weight=413.482 399.64 376.291 134.958 241.333 37.7486 153.577 97.2098 87.7561 23.3487
internal_count=3218 2732 2457 1406 1051 269 590 1137 461 275
is_linear=0
shrinkage=0.0435066


Tree=31
num_leaves=21
num_cat=0
split_feature=18 4 4 0 27 6 17 5 4 6 17 7 4 10 4 16 18 10 6 10
split_gain=13.4035 8.17585 6.71543 6.93767 6.85311 6.22729 4.87313 5.42138 4.81366 5.05567 3.34251 2.97541 2.70889 2.6295 2.43591 1.96433 1.32309 0.784088 0.72535 0.5351
threshold=6.5000000000000009 40.45000000000001 37.750000000000007 1350.0000000000002 1.5000000000000002 69.550000000000011 44.94583333333334 36.650000000000013 40.45000000000001 105.45000000000002 64.761538461538478 3.5000000000000004 35.350000000000001 0.18301435406698563 35.150000000000013 14.500000000000002 9.5000000000000018 0.28708791208791212 161.95000000000002 0.07032115171650051
decision_type=2 2 2 2 2 2 2 2 2 2 2 2 2 2 2 2 2 2 2 2
left_child=1 11 3 5 8 14 7 -5 9 -4 -8 19 -7 -10 -2 18 -6 -3 -13 -1
right_child=2 17 4 6 16 12 10 -9 13 -11 -12 15 -14 -15 -16 -17 -18 -19 -20 -21
leaf_value=0 -0.016103502833372509 -5.9376387711254203e-05 0.020615487216201333 -0.010485838625966484 0.0053115913296361145 0.0039628370815239719 -0.027378687723531622 0.0091324296841537051 0.020852903239879129 -0.013966761980035085 -0.0037328131730590517 -0.014342565160384669 0.02526984927801109 -0.0016297725957920583 0.0041210556018171111 0.010856145166633972 0.030183383306306457 0.017698894705967569 0.0034912716768002012 -0.02885450309718798
leaf_weight=1.353695249184965 13.540265789255498 5.5678439978510124 3.8687032759189597 45.718615696299821 9.447601364925502 22.722341051325202 21.957924029789865 47.860326766967773 22.648715840652585 31.204649800434709 24.647757424041629 16.583197924774147 28.559101762250066 12.343270365148781 19.933934303000569 3.9771883329376569 27.862868152558804 6.5361849367618561 1.5809426717460144 40.77403910504654
leaf_count=18 92 36 10 340 52 138 164 204 72 295 132 313 102 58 122 60 77 31 18 884
internal_value=-0.000159557 -0.0158616 0.00365504 -0.00064266 0.0122683 0.00874657 -0.00652442 -0.000410253 0.00332495 -0.00727749 -0.017055 -0.0218275 0.0175145 0.0136688 -0.00509894 -0.00589616 0.0258415 0.0118273 -0.0118703 -0.0280819
internal_weight=408.689 76.3731 332.316 224.94 107.376 84.7556 140.185 93.5789 70.0653 35.0734 46.6057 64.2691 51.2814 34.992 33.4742 22.1413 37.3105 12.104 18.1641 42.1277
internal_count=3218 1360 1858 1294 564 454 840 544 435 305 296 1293 240 130 214 391 129 67 331 902
is_linear=0
shrinkage=0.0435066


Tree=32
num_leaves=12
num_cat=0
split_feature=13 16 4 21 4 16 25 2 6 9 6
split_gain=14.4199 10.2163 7.57081 11.2862 8.71254 3.61838 3.38288 2.21676 0.923584 0.892853 0.317765
threshold=0.70833333333333337 10.500000000000002 40.050000000000004 1.0000000180025095e-35 36.550000000000004 12.500000000000002 2.5000000000000004 12.500000000000002 127.60000000000001 0.17515516611902152 111.35000000000001
decision_type=2 2 2 2 2 2 2 2 2 2 2
left_child=1 8 3 4 -3 10 -5 -7 9 -1 -4
right_child=-2 2 5 6 -6 7 -8 -9 -10 -11 -12
leaf_value=-0.029308365121906609 -0.036789302443596524 0 0.0011151349506927433 -0.017507654560914389 0.01829375785177275 0.024113615155397672 0.00038906266181820134 -0.00022011608013222154 -0.00023277788518000808 0 -0.010098589930998568
leaf_weight=16.066877412609763 13.090758082456885 158.81130833271891 4.165133794769643 60.219639548100531 64.792440414428711 43.37771196430549 26.595771515741944 7.1727562099695197 3.7762060631066552 2.33697954006493 3.9367168005555868
leaf_count=222 486 1085 28 601 308 170 206 33 31 22 26
internal_value=-0.000351943 0.00142464 0.00333753 0.000464025 0.00566043 0.0168239 -0.0122728 0.0208535 -0.023584 -0.0266573 -0.00571747
internal_weight=404.342 391.252 369.071 310.419 223.604 58.6523 86.8154 50.5505 22.1801 18.4039 8.10185
internal_count=3218 2732 2457 2200 1393 257 807 203 275 244 54
is_linear=0
shrinkage=0.0435066


Tree=33
num_leaves=10
num_cat=0
split_feature=13 16 4 21 4 7 0 3 2
split_gain=13.2736 8.6915 7.44337 9.98281 7.76607 6.68928 4.27158 2.02605 1.03481
threshold=0.70833333333333337 10.500000000000002 40.050000000000004 1.0000000180025095e-35 36.550000000000004 2.5000000000000004 1550.0000000000002 52.500000000000007 2.5000000000000004
decision_type=2 2 2 2 2 2 2 2 2
left_child=1 7 3 4 -3 -4 -5 -1 -7
right_child=-2 2 5 6 -6 8 -8 -9 -10
leaf_value=0.0014865335597820065 -0.035930912243486018 -0.00024189272436153449 -0.012499203430222962 0.0012294339951215737 0.017020104690331751 0.00280265458408737 -0.018266728301612516 -0.02705366057755066 0.024631176170243383
leaf_weight=4.2422015238553312 12.547427436802534 157.99877715948969 8.0855136439204198 29.488766128197312 64.371700329706073 7.6456998051144174 56.683852926827967 17.412064638920128 42.368186812847853
leaf_count=40 486 1085 48 218 308 32 589 235 177
internal_value=-0.000462714 0.00123205 0.00299551 0.000147463 0.00505342 0.0164242 -0.011869 -0.0220545 0.0221802
internal_weight=400.844 388.297 366.642 308.543 222.37 58.0994 86.1726 21.6543 50.0139
internal_count=3218 2732 2457 2200 1393 257 807 275 209
is_linear=0
shrinkage=0.0435066


Tree=34
num_leaves=21
num_cat=0
split_feature=18 4 4 0 6 6 6 6 4 2 16 3 17 17 10 3 2 10 17 11
split_gain=10.1192 7.18141 6.51739 7.04628 8.68201 6.32778 6.0628 6.41726 5.90473 4.79753 2.89015 1.9989 1.41538 1.19363 0.75872 0.757446 0.423295 0.359321 0.140329 0.104038
threshold=6.5000000000000009 40.45000000000001 35.850000000000001 1650.0000000000002 107.85000000000001 60.95000000000001 145.45000000000002 111.95000000000002 37.650000000000013 2.5000000000000004 15.500000000000002 57.500000000000007 33.976666666666674 35.361888111888113 0.28708791208791212 55.500000000000007 13.500000000000002 0.16204051012753187 44.396875000000009 1.0000000180025095e-35
decision_type=2 2 2 2 2 2 2 2 2 2 2 2 2 2 2 2 2 2 2 2
left_child=1 10 6 5 12 17 7 9 -6 -2 11 16 -5 -7 -3 18 -1 -4 -12 -9
right_child=2 14 3 4 8 13 -8 19 -10 -11 15 -13 -14 -15 -16 -17 -18 -19 -20 -21
leaf_value=-0.026689081809888986 0.014294383513800411 -0.00015045123697201378 -0.013377001093937651 0 -0.0063614029919907928 0.0029761876641351648 0.020385663216604222 -0.0041389077985837588 0.01285397510450347 -0.0075851119446153394 0.00017273979173599302 0.0015709925852190501 -0.027544945349428092 0.028152714497614875 0.017125887385045051 0.0091588614142183583 0 2.6177803290569784e-05 -0.0084896960702662855 -0.03502967913391701
leaf_weight=46.441852800082415 17.143727991729975 5.6454726345837098 4.3879924658685914 5.1106628440320518 39.858569571748376 6.6432124748826018 9.9806997366249544 2.9873631633818141 83.90511925611645 89.402243167161942 1.6764875394292156 3.9236818719655266 12.176610731519757 41.072094328701496 6.6244633160531521 3.9256057282909751 1.453970834147184 3.546203538775444 4.90359325427562 8.4398050736635906
leaf_count=1052 79 36 33 49 226 37 33 17 413 540 29 52 151 155 31 48 31 24 81 101
internal_value=-0.000484349 -0.0142706 0.00287137 0.00776155 0.0021944 0.020001 -0.00458311 -0.00773298 0.00657962 -0.00335452 -0.0200567 -0.0238431 -0.0219837 0.0256121 0.011346 5.88638e-06 -0.026049 -0.00937913 -0.00652584 -0.0319514
internal_weight=399.249 74.5951 324.654 196.7 141.051 55.6495 127.954 117.973 123.764 106.546 62.3252 51.8195 17.2873 47.7153 12.2699 10.5057 47.8958 7.9342 6.58008 11.4272
internal_count=3218 1360 1858 1088 839 249 770 737 639 619 1293 1135 200 192 67 158 1083 57 110 118
is_linear=0
shrinkage=0.0435066


Tree=35
num_leaves=25
num_cat=0
split_feature=5 18 4 16 4 10 5 3 16 2 18 5 5 6 18 11 10 2 1 2 10 4 11 9
split_gain=14.52 11.4256 8.37027 7.2639 7.41762 5.94423 3.77077 2.85102 2.83409 2.83066 4.42797 2.59228 3.10058 2.29073 2.18883 2.8322 1.93506 1.60447 1.55537 1.15067 1.13473 1.03084 0.833964 0.206261
threshold=35.550000000000004 7.5000000000000009 42.350000000000001 13.500000000000002 36.650000000000013 0.24638060352346061 171.30000000000004 53.500000000000007 15.500000000000002 4.5000000000000009 13.500000000000002 61.150000000000013 117.00000000000001 145.75000000000003 9.5000000000000018 0.04880952380952381 0.28078817733990152 6.5000000000000009 3.5000000000000004 1.5000000000000002 0.24638060352346061 35.150000000000013 0.028219395866454656 0.060024009603841501
decision_type=2 2 2 2 2 2 2 2 2 2 2 2 2 2 2 2 2 2 2 2 2 2 2 2
left_child=1 2 8 4 6 17 -2 11 13 19 -11 -5 -13 -1 20 -16 -7 22 -18 -9 -6 -10 -3 -19
right_child=3 5 -4 7 14 16 -8 9 21 10 -12 12 -14 -15 15 -17 18 23 -20 -21 -22 -23 -24 -25
leaf_value=-0.024309435633971265 -0.028757690176867603 0.010096850400971375 0.019296537587165759 -0.017029324866665078 -0.014298207351994925 0.028273935332779988 0.0038167852162726934 0.0034605912330412025 -0.011206226672883042 0.0026979954865874786 0.023021060072069291 0.018114399838161849 -0.0066711087249224539 0.00017348947765605027 0.021659640969667125 -0.0015386256301368547 0.012138007470296926 -0.02095048615850854 -0.009567011175065426 0.02757580837303884 0.0057536056091484992 0.0061624377856341972 -0.0068467570162153851 -0.00038738879239270284
leaf_weight=89.170635798713192 18.952194889076058 5.2661680588498729 5.8473120480775824 6.0118840541690615 7.1142235621809942 13.183651127852501 6.5630074813961974 7.6232539657503358 4.1939495084807268 72.341796956025064 23.793701816350222 12.558893574401738 13.322900604456661 6.8447280349209896 15.388266384601595 15.424099234864114 8.0038835434243065 5.8863232396543008 4.4423308800905934 28.678100373595953 3.3511353842914104 9.5925003131851536 3.6583136543631554 2.3807445932179689
leaf_count=1439 164 39 18 38 63 67 28 35 77 338 80 50 68 93 66 86 48 78 37 97 22 121 45 26
internal_value=-0.000255845 -0.0101915 -0.0170736 0.00660684 -0.00504518 0.00799131 -0.0209926 0.0114136 -0.0200696 0.014107 0.00896826 -4.24856e-06 0.0062694 -0.0225658 0.00611999 0.0115359 0.0195484 -0.00945095 0.00323439 0.0240443 -0.00754031 -0.000526138 0.00254073 -0.0184911
internal_weight=389.594 158.471 115.649 231.123 66.7929 42.8214 25.5152 164.331 109.802 132.437 96.1355 31.8937 25.8818 96.0154 41.2777 30.8124 25.6299 17.1915 12.4462 36.3014 10.4654 13.7864 8.92448 8.26707
internal_count=3223 2088 1748 1135 429 340 192 706 1730 550 418 156 118 1532 237 152 152 188 85 132 85 198 84 104
is_linear=0
shrinkage=0.0435066


Tree=36
num_leaves=20
num_cat=0
split_feature=5 16 5 5 6 18 6 6 5 2 5 10 6 9 14 5 2 10 3
split_gain=14.4072 6.56869 3.97578 11.2321 4.3843 3.34246 3.00257 7.99546 3.3017 2.96012 2.55766 2.46945 1.93921 1.08877 0.795475 0.637788 0.575217 0.336295 0.0742365
threshold=16.750000000000004 11.500000000000002 35.350000000000001 25.950000000000003 145.75000000000003 8.5000000000000018 100.60000000000001 108.15000000000002 37.750000000000007 9.5000000000000018 6.6500000000000012 0.28078817733990152 127.60000000000001 1.0000000180025095e-35 1.5000000000000002 7.0500000000000007 6.5000000000000009 0.28708791208791212 55.500000000000007
decision_type=2 2 2 2 2 2 2 2 2 2 2 2 2 2 2 2 2 2 2
left_child=10 9 3 5 -5 -3 8 -8 -4 12 -1 13 17 -12 16 -15 -13 -2 -16
right_child=1 2 6 4 -6 -7 7 -9 -10 -11 11 14 -14 15 18 -17 -18 -19 -20
leaf_value=-0.026717661793519351 -0.028040891293442897 0.0018258060723049291 7.135915384833087e-06 -0.020548610200624037 0.013572493571968134 0.028071686725393542 -0.022291945108637228 0.0080474383141210162 0.018041231038877236 0.0070362160668748109 0.0028390388173145844 0.012722174197433935 0.0034845878440984052 0.0010049138637515239 -0.0089042838786346171 -0.019959458802272456 -0.0010065836500907158 -0.0023342320198080379 0
leaf_weight=27.648069110233337 14.277635851874956 21.544412037357688 26.307657298631966 39.827071787789464 3.4180506318807593 12.387890821322797 13.060291735455392 96.265010332688689 78.226652970537543 5.2200546078383914 2.6661139456555274 8.1410694569349307 2.8503839559853068 1.3916019112803066 1.6764243911020451 20.251727365422994 6.0326677850680417 3.2730521168559781 1.2916965708136556
leaf_count=621 169 219 150 368 16 55 130 426 300 29 38 83 20 22 47 376 88 39 27
internal_value=-0.000190834 0.00378675 0.005762 -0.00245325 -0.016225 0.0146355 0.0087573 0.00328591 0.0138601 -0.0149559 -0.0173073 -0.0080436 -0.0212983 -0.0155751 0.00355956 -0.0183332 0.00791549 -0.0255955 -0.00732626
internal_weight=385.758 316.658 291.037 77.1774 43.2451 33.9323 213.86 109.325 104.534 25.6211 69.0994 41.4513 20.4011 24.3094 17.1419 21.6433 14.1737 17.5507 2.96812
internal_count=3223 1921 1664 658 384 274 1006 556 450 257 1302 681 228 436 245 398 171 208 74
is_linear=0
shrinkage=0.0435066


Tree=37
num_leaves=20
num_cat=0
split_feature=5 16 10 5 5 11 6 0 13 6 11 16 14 1 18 9 9 9 9
split_gain=13.2279 6.87659 3.42671 10.5631 4.63077 3.83983 3.34564 3.0003 2.24809 2.1736 1.66696 1.3888 0.993334 0.975872 0.876892 0.535224 0.263743 0.127655 0.100267
threshold=16.750000000000004 11.500000000000002 0.24638060352346061 35.550000000000004 19.750000000000004 0.11500330469266355 104.45000000000002 1350.0000000000002 1.0000000180025095e-35 123.65000000000002 0.067496392496392457 12.500000000000002 1.5000000000000002 5.5000000000000009 8.5000000000000018 0.043961352657004807 1.0000000180025095e-35 0.10281902844198336 0.17515516611902152
decision_type=2 2 2 2 2 2 2 2 2 2 2 2 2 2 2 2 2 2 2
left_child=8 9 3 4 -3 14 -5 -7 11 10 -2 18 15 -14 -4 -13 -10 -12 -1
right_child=1 2 5 6 -6 7 -8 -9 16 -11 17 12 13 -15 -16 -17 -18 -19 -20
leaf_value=-0.019780428924048826 -0.026562507503138245 0.011335818846923295 0.0036345495185740747 0.013830060616805525 -0.018459290439284046 0.014176542087638758 0.0013973907342175775 -0.010976959770036997 0 0.005346921171082015 0.0024666705522143222 -0.0062781429557881262 -0.019282636982578791 0.0027659727840790402 0.022851553945580607 0.0044566598212618935 -0.030731703865720866 -0.004323691757862012 -0.0023794340188299343
leaf_weight=14.515831232070925 14.225249691866344 7.1568543184548608 9.5702453320845944 85.473349562846124 44.246432354673743 8.7651523184031266 80.370707221329212 15.159698419272898 0.62253411998972197 4.3654719963669768 4.1211579814553252 6.0929600819945362 4.3349496806040397 2.5684718638658524 37.893790539354086 21.22795941028744 14.163293186575173 3.0449094269424677 4.1275571621954432
leaf_count=225 152 69 76 362 426 39 415 103 21 28 39 82 68 32 174 227 608 38 39
internal_value=-0.000107697 0.00369561 0.00573884 0.00277822 -0.0133283 0.0136331 0.00814406 -0.00036872 -0.0166897 -0.0154245 -0.0202831 -0.00995331 -0.00318022 -0.0129691 0.0200699 0.00101693 -0.0298899 -0.000367561 -0.0179424
internal_weight=382.047 314.393 288.636 217.247 51.4033 71.3889 165.844 23.9249 67.6536 25.7568 21.3913 52.8677 34.2243 6.90342 47.464 27.3209 14.7858 7.16607 18.6434
internal_count=3223 1921 1664 1272 495 392 777 142 1302 257 229 673 409 100 250 309 629 77 264
is_linear=0
shrinkage=0.0435066


Tree=38
num_leaves=22
num_cat=0
split_feature=5 16 25 5 5 2 1 6 10 5 13 16 8 5 2 11 5 16 17 17 11
split_gain=12.0857 5.65081 3.7913 5.34458 7.14276 3.23403 3.01824 3.6893 2.94458 4.54376 2.29595 1.93296 2.80341 1.65831 1.32193 1.93708 1.65978 1.2658 0.630141 0.575527 0.0394545
threshold=16.750000000000004 13.500000000000002 2.5000000000000004 35.550000000000004 25.050000000000004 4.5000000000000009 3.5000000000000004 70.750000000000014 0.20169491525423733 210.65000000000003 1.0000000180025095e-35 10.500000000000002 2019.0000000000002 61.150000000000013 3.5000000000000004 0.093073593073593072 6.6500000000000012 11.500000000000002 42.70515151515152 64.318303571428586 1.0000000180025095e-35
decision_type=2 2 2 2 2 2 2 2 2 2 2 2 2 2 2 2 2 2 2 2 2
left_child=10 8 3 4 -3 -5 -4 -8 9 13 14 -10 -13 -2 17 19 -17 -1 -19 -16 -12
right_child=1 2 6 5 -6 -7 7 -9 11 -11 20 12 -14 -15 15 16 -18 18 -20 -21 -22
leaf_value=-0.011572903173927796 -0.026726938273964447 0.013093657206368297 0.026403017530014207 0.018646219220251548 -0.017374793365713639 0.0036803914298456208 -0.012736459422519759 0.017474377024886745 -0.011838539220730573 0.01130737525570547 -0.001141994625683491 -0.0065007999040013684 0.016406659805588929 -0.0072284778374487133 -0.023305092848121284 -0.012808873486773535 0.007182126205268805 0.013321969709306377 -0.0016567705267186441 -5.6129479626162263e-05 -0.030342618829483942
leaf_weight=3.1030715769156805 15.693806943483649 16.373349922709167 24.53209610376507 36.988063910976052 34.888736558146775 92.158510986715555 9.0686883851885813 8.4563017114996892 5.599808258470147 8.2669413704425079 1.3510909606702615 11.127762526273729 19.706867282278836 27.661724758334458 16.274349176324908 7.2022271594032672 11.684017652645705 6.3838941752910596 5.1009433232247829 3.2083620494231573 13.064107414567841
leaf_count=50 203 128 99 157 314 431 59 29 79 38 50 87 127 170 256 89 120 55 64 39 579
internal_value=-8.47494e-05 0.00358371 0.00723959 0.00409115 -0.00708952 0.00873071 0.018177 0.00220738 -0.00540839 -0.0115845 -0.015954 0.00353777 0.00817818 -0.0170586 -0.00934129 -0.0130726 -0.00137513 0.00100169 0.00791831 -0.0208376 -0.0292945
internal_weight=377.895 310.523 222.466 180.409 51.2621 129.147 42.0571 17.525 88.0569 51.6225 67.3721 36.4344 30.8346 43.3555 52.9569 38.369 18.8862 14.5879 11.4848 19.4827 14.4152
internal_count=3223 1921 1217 1030 442 588 187 88 704 411 1302 293 214 373 673 504 209 169 119 295 629
is_linear=0
shrinkage=0.0435066


Tree=39
num_leaves=17
num_cat=0
split_feature=4 5 6 6 4 4 5 10 5 10 9 17 7 17 4 1
split_gain=11.8365 11.9514 3.88192 7.8966 7.30871 5.11883 4.87442 2.21709 1.86543 2.23936 1.52457 1.51733 0.824996 0.517834 0.442314 0.278945
threshold=41.45000000000001 16.750000000000004 100.60000000000001 108.15000000000002 36.650000000000013 37.150000000000013 36.45000000000001 0.16064516129032258 6.6500000000000012 0.28078817733990152 1.0000000180025095e-35 39.942857142857157 3.5000000000000004 26.372222222222224 42.350000000000001 6.5000000000000009
decision_type=2 2 2 2 2 2 2 2 2 2 2 2 2 2 2 2
left_child=1 8 4 13 6 -5 -3 -6 15 10 -10 -2 -11 -4 -13 -1
right_child=11 2 3 5 7 -7 -8 -9 9 12 -12 14 -14 -15 -16 -17
leaf_value=-0.029188310576223904 0.0031067564649223727 -0.0092653510795241752 0 -0.0075625200015621225 0.0035142277686033658 0.0096794756497668357 0.0078910880492423768 0.031826526695842509 0.0040162829509094123 -0.0049651637528797818 -0.020931324799489334 0.0088080264029358323 0.0095026095159177933 -0.025849254273106474 0.035120320251247242 -0.00077177916342315413
leaf_weight=21.097821141127501 8.0519044324755686 44.635850143618882 2.2079304940998581 56.308002612553537 10.129805512726309 60.986125352792442 74.098981553688645 17.174038549885154 2.6295542572625008 9.4156280043534952 18.639099103864282 8.6965588070452231 7.2576064383611074 19.594511580653489 12.192218847572802 1.7951093772426236
leaf_count=562 32 385 23 395 48 343 337 67 37 159 390 33 85 246 34 47
internal_value=0.000173099 -0.00221392 0.00161182 -0.00346539 0.00645515 0.00135858 0.00121457 0.0243215 -0.0187158 -0.00962588 -0.0172659 0.0241549 0.00179877 -0.0241138 0.0292327 -0.0279673
internal_weight=374.911 345.97 285.135 139.097 146.039 117.294 118.735 27.3038 60.8348 37.9419 21.2687 28.9407 16.6732 21.8024 20.8888 22.8929
internal_count=3223 3124 1844 1007 837 738 722 115 1280 671 427 99 244 269 67 609
is_linear=0
shrinkage=0.0435066


Tree=40
num_leaves=17
num_cat=0
split_feature=16 18 13 17 5 18 11 6 3 6 6 18 9 6 17 6
split_gain=9.94091 5.05057 4.07899 3.87349 3.73714 3.496 2.63868 2.28212 2.25416 1.88235 3.29108 2.06814 1.72045 1.26119 0.616213 0.142639
threshold=12.500000000000002 13.500000000000002 0.70833333333333337 43.766666666666673 35.95000000000001 8.5000000000000018 0.061862244897959155 120.85000000000001 52.500000000000007 60.750000000000007 69.450000000000017 11.500000000000002 0.063220940550133067 111.35000000000001 53.66339285714286 71.15000000000002
decision_type=2 2 2 2 2 2 2 2 2 2 2 2 2 2 2 2
left_child=5 2 3 7 -5 8 13 -2 12 -7 -11 -12 -1 15 -8 -3
right_child=1 6 -4 4 -6 9 14 -9 -10 10 11 -13 -14 -15 -16 -17
leaf_value=-0.013702507532293148 0.012214871141327974 0.0088005174338930195 -0.024878819232647328 -0.0099956244492529836 0.0025017677334355616 -0.0179113084819775 -0.0068590493212423017 -0.0068500491118922693 -0.026268623560198018 0.01717428383476927 -0.013646277977259718 0.0096949882740292627 0.011528288174184161 0.028011389920730437 0.0058798323008268675 0
leaf_weight=3.0103622735477975 58.270797233562917 6.8883112240582722 5.8770873318426302 71.027689683716744 102.1305721513927 6.0908648716285816 7.414898417890071 9.3929060827940685 35.574105347972363 9.626913610845806 17.343221832066778 4.4040753021836272 4.5266931103542447 15.585418228060005 8.2620711252093297 7.2893368564546108
leaf_count=61 434 30 277 791 479 50 34 70 675 36 130 21 45 42 28 34
internal_value=-0.00173991 0.00203341 -0.000510438 0.000683364 -0.00274508 -0.0146647 0.0143699 0.00906326 -0.0223443 -0.00359724 0.00151841 -0.00741755 0 0.020818 0 0.0060928
internal_weight=372.715 292.139 246.699 240.822 173.158 80.5762 45.44 67.6637 43.1112 37.4651 31.3742 21.7473 7.53706 29.7631 15.677 14.1776
internal_count=3237 2219 2051 1774 1270 1018 168 504 781 237 187 151 106 106 62 64
is_linear=0
shrinkage=0.0435066


Tree=41
num_leaves=11
num_cat=0
split_feature=4 13 16 4 22 10 5 5 3 17
split_gain=11.9883 7.67983 5.31815 3.99724 5.75168 3.60451 6.30455 3.63978 1.84649 0.0280472
threshold=41.45000000000001 0.70833333333333337 14.500000000000002 35.250000000000007 1.0000000180025095e-35 0.21182053494391712 36.45000000000001 179.95000000000002 56.500000000000007 39.942857142857157
decision_type=2 2 2 2 2 2 2 2 2 2
left_child=1 2 5 8 -5 7 -7 -1 -4 -2
right_child=9 -3 3 4 -6 6 -8 -9 -10 -11
leaf_value=-0.016033487412669363 0.0079915959128981102 -0.032751766690613596 -0.013786047481955844 0.018510770263209023 -0.010399173475791458 -0.0087466685388602663 0.0086016832111137018 0.0030252833748479215 0.0090341034908198586 0.025403374707864558
leaf_weight=79.428432390559465 10.585350066423418 10.746882289182393 16.611258824355904 47.312763164751232 12.023154881317167 87.031628681812435 62.148393524810672 20.892840180546045 3.7421638220548621 18.896554760634899
leaf_count=827 42 508 143 232 80 918 295 104 23 65
internal_value=-0.00188391 -0.00436027 -0.0027856 0.00658178 0.0120504 -0.00590821 -0.00139713 -0.0120276 -0.00804205 0.02201
internal_weight=369.419 339.938 329.191 79.6893 59.3359 249.501 149.18 100.321 20.3534 29.4819
internal_count=3237 3130 2622 478 312 2144 1213 931 166 107
is_linear=0
shrinkage=0.0435066


Tree=42
num_leaves=11
num_cat=0
split_feature=4 13 6 4 27 6 5 4 5 6
split_gain=11.1809 7.22574 5.11296 7.8672 5.78668 5.3667 13.0315 6.71646 2.67188 0.80305
threshold=41.350000000000001 0.70833333333333337 72.750000000000014 36.150000000000013 1.5000000000000002 60.95000000000001 36.45000000000001 34.550000000000004 189.65000000000003 110.75000000000001
decision_type=2 2 2 2 2 2 2 2 2 2
left_child=1 2 5 8 -5 6 -1 -7 -4 -2
right_child=9 -3 3 4 -6 7 -8 -9 -10 -11
leaf_value=-0.021734217808955219 0.0035738495859645495 -0.032176404240531538 -0.022926041037172853 -0.010871515238487955 0.0064244765110926631 -0.01511997810893243 0.0138208343801572 0.017097188795030277 0.0021366407977973984 0.024749544209003358
leaf_weight=34.396447796374559 8.0319329909980315 10.413268911186604 51.043347848113626 58.692317036911845 76.725467589683831 9.410919660702346 30.949536170810461 59.15644242009148 7.3048144951462737 21.860255733132362
leaf_count=329 35 508 534 654 521 87 120 342 29 78
internal_value=-0.00193302 -0.00434805 -0.00282336 -0.00726052 -0.0011559 0.00356424 -0.00502804 0.0116127 -0.0197336 0.0209944
internal_weight=367.985 338.093 327.679 193.766 135.418 133.913 65.346 68.5674 58.3482 29.8922
internal_count=3237 3124 2616 1738 1175 878 449 429 563 113
is_linear=0
shrinkage=0.0435066


Tree=43
num_leaves=11
num_cat=0
split_feature=4 13 16 4 22 10 5 5 16 2
split_gain=9.82591 6.93868 5.40167 4.12402 5.31647 2.99021 5.81715 3.42228 2.63456 1.26974
threshold=41.350000000000001 0.70833333333333337 14.500000000000002 35.050000000000004 1.0000000180025095e-35 0.21182053494391712 36.45000000000001 179.95000000000002 13.500000000000002 8.5000000000000018
decision_type=2 2 2 2 2 2 2 2 2 2
left_child=1 2 5 9 -5 7 -7 -1 -2 -4
right_child=8 -3 3 4 -6 6 -8 -9 -10 -11
leaf_value=-0.015439568654873791 -0.0012204140013160935 -0.031589253801220164 0.0013932670576128725 0.017618162812638432 -0.0096597205488461197 -0.0087768042317530829 0.0079044866401108034 0.0031820201108123344 0.025485002576890532 -0.018156181766435856
leaf_weight=76.51850329246372 7.5019329264760044 10.081808532588182 8.3214452760294062 51.226528339553624 12.545833937823771 85.764756369404495 62.585904866456985 20.47967054694891 22.890393562614918 7.4261713530868283
leaf_count=823 44 508 70 256 90 916 295 104 69 62
internal_value=-0.00175101 -0.00405153 -0.00256214 0.00686499 0.0117105 -0.00575612 -0.00163781 -0.0114578 0.0195686 -0.00998927
internal_weight=365.343 334.951 324.869 79.52 63.7724 245.349 148.351 96.9982 30.3923 15.7476
internal_count=3237 3124 2616 478 346 2138 1211 927 113 132
is_linear=0
shrinkage=0.0435066


Tree=44
num_leaves=18
num_cat=0
split_feature=4 6 4 5 6 5 4 27 1 4 3 5 6 1 5 0 2
split_gain=8.65602 5.79318 7.59377 6.14531 5.42229 13.4476 5.65801 3.86809 3.84358 2.97942 2.1528 2.92287 1.56409 1.28929 1.2183 1.21156 0.870771
threshold=41.350000000000001 72.750000000000014 36.150000000000013 78.850000000000009 60.750000000000007 36.45000000000001 34.550000000000004 2.5000000000000004 4.5000000000000009 39.150000000000013 54.500000000000007 189.65000000000003 110.75000000000001 1.5000000000000002 34.650000000000013 2200.0000000000005 13.500000000000002
decision_type=2 2 2 2 2 2 2 2 2 2 2 2 2 2 2 2 2
left_child=1 4 10 9 5 14 13 -5 -8 -4 16 -12 -2 -6 -1 -7 -3
right_child=12 2 3 7 6 15 8 -9 -10 -11 11 -13 -14 -15 -16 -17 -18
leaf_value=-0.034090728853457299 0.00028352073676546146 -0.033767789770617972 -0.014838047019510216 -0.005482167210231691 0.0045915389697210847 0.0023398980247525073 0.021037769098075972 0.016096379208678565 -0.0018010556349385687 0.0019243046559377153 -0.015520989791385132 0.011082347728724786 0.023229517433296751 -0.019383364414952163 -0.011051709146499033 0.020474294264915406 0
leaf_weight=11.017869203817098 8.3564880602061766 18.402791263535622 57.598303909413517 20.540147501975298 2.239900744520126 15.514510080218315 46.820689681451768 34.061613600701094 16.518531798385084 25.788411951623857 35.682715443894267 4.2326081916689864 21.624298982322216 7.6542732645757496 21.957383407279849 14.231638710945845 1.8088098950684059
leaf_count=226 35 307 836 145 23 76 288 127 119 273 395 16 78 94 143 41 15
internal_value=-0.00182941 -0.00398132 -0.00863024 -0.00259001 0.00280735 -0.00615304 0.0104835 0.00809513 0.015325 -0.00977832 -0.0207324 -0.0113236 0.0183024 -0.013674 -0.0233599 0.0134141 -0.0316454
internal_weight=364.051 334.07 198.115 137.988 135.955 62.7214 73.2334 54.6018 63.3392 83.3867 60.1269 39.9153 29.9808 9.89417 32.9753 29.7461 20.2116
internal_count=3237 3124 2114 1381 1010 486 524 272 407 1109 733 411 113 117 369 117 322
is_linear=0
shrinkage=0.0435066


Tree=45
num_leaves=16
num_cat=0
split_feature=13 4 2 4 0 7 6 5 5 1 18 27 4 4 3
split_gain=9.94503 6.57396 9.07834 6.35788 9.68964 7.40638 5.24045 4.37314 4.31884 6.27214 4.07389 1.5633 0.661185 0.329915 0.326139
threshold=1.0000000180025095e-35 35.150000000000013 12.500000000000002 39.150000000000013 1650.0000000000002 2.5000000000000004 145.75000000000003 86.65000000000002 37.750000000000007 2.5000000000000004 10.500000000000002 2.5000000000000004 40.550000000000004 41.250000000000007 54.500000000000007
decision_type=2 2 2 2 2 2 2 2 2 2 2 2 2 2 2
left_child=1 6 3 4 -3 -5 8 12 10 -10 -1 13 -2 -4 -13
right_child=7 2 11 5 -6 -7 -8 -9 9 -11 -12 14 -14 -15 -16
leaf_value=-0.018737113220174677 -0.03056058660741726 0.0093300342117015617 -0.0010336707960490285 -0.016489776021578261 -0.012215719567812207 0.019328230590494006 0.018383937496281724 0.0080670791078033665 0.017887129374880482 -0.017512519426993774 0.013556131420959341 0.011133776527382242 4.1528717684079828e-05 0.0097423052188596454 0.035758205251211754
leaf_weight=59.257243787869811 20.527267235796906 66.34823891799897 6.3130445610731822 7.7888635965064159 79.673134505748749 54.380551493726671 7.8676523435860863 3.970271640457212 16.816664762794975 9.4651439189910871 3.2911828383803359 11.414577987045051 0.70017020776867767 3.4142330884933472 14.817300140857695
leaf_count=503 814 460 61 60 692 279 19 26 51 63 12 56 11 13 57
internal_value=0.000550806 0.00269665 0.00647943 0.00259902 -0.00237951 0.0135554 -0.00656287 -0.0227479 -0.00998353 0.00388468 -0.0157733 0.0248629 -0.0294155 0.00451962 0.0296985
internal_weight=366.046 340.848 244.15 208.191 146.021 62.1694 96.6979 25.1977 88.8302 26.2818 62.5484 35.9592 21.2274 9.72728 26.2319
internal_count=3177 2326 1678 1491 1152 339 648 851 629 114 515 187 825 74 113
is_linear=0
shrinkage=0.0435066


Tree=46
num_leaves=15
num_cat=0
split_feature=13 4 2 6 16 4 3 5 5 18 6 27 4 4
split_gain=9.74971 6.63129 7.91748 4.77742 4.58936 5.76452 4.48939 4.10031 3.49369 4.61844 2.86441 2.0338 0.486581 0.454528
threshold=1.0000000180025095e-35 35.150000000000013 12.500000000000002 145.45000000000002 12.500000000000002 39.150000000000013 52.500000000000007 75.750000000000014 36.45000000000001 10.500000000000002 59.350000000000001 2.5000000000000004 40.550000000000004 41.250000000000007
decision_type=2 2 2 2 2 2 2 2 2 2 2 2 2 2
left_child=1 3 4 8 6 -6 -3 12 9 -1 -10 13 -2 -4
right_child=7 2 11 -5 5 -7 -8 -9 10 -11 -12 -13 -14 -15
leaf_value=-0.020985973792502867 -0.03067658087924411 0.011545762904008999 -0.0028328209562667058 0.015774118724244633 0.00028851029668250925 0.017958565365701448 -0.012429420913714238 0.0062373880724511561 0.010268210479072302 0.014015138947694147 -0.010439181855636146 0.029150192424354911 0 0.0095124884225258749
leaf_weight=45.408323561772704 19.203919411869727 14.035925013944505 6.3647212311625463 9.5928140431642515 92.330177288502455 51.130845410749316 48.957421904429793 4.6655888985842457 19.25920950062573 3.3153495714068404 18.296829301863909 26.058378217741847 0.64551129937171836 3.3949190303683281
leaf_count=436 807 97 61 28 663 256 475 33 67 12 105 113 11 13
internal_value=0.000658877 0.00277667 0.00658824 -0.00656319 0.00291891 0.00716012 -0.00636084 -0.0226766 -0.0100886 -0.0170496 0 0.0237952 -0.0297167 0.00293196
internal_weight=362.66 338.145 242.272 95.8725 206.454 143.461 62.9933 24.515 86.2797 48.7237 37.556 35.818 19.8494 9.75964
internal_count=3177 2326 1678 648 1491 919 572 851 620 448 172 187 818 74
is_linear=0
shrinkage=0.0435066


Tree=47
num_leaves=24
num_cat=0
split_feature=4 27 25 6 5 18 4 7 6 7 0 0 6 10 22 11 10 6 6 4 18 4 11
split_gain=6.99746 8.69434 6.80153 8.62256 7.35497 4.50739 4.18938 3.8438 3.77997 4.4725 6.34546 4.01791 3.3318 3.37826 2.81533 2.75094 1.43042 1.12924 0.930295 0.894997 0.441426 0.151252 0.00139541
threshold=37.650000000000013 3.5000000000000004 2.5000000000000004 60.750000000000007 34.650000000000013 8.5000000000000018 34.45000000000001 2.5000000000000004 108.55000000000001 2.5000000000000004 1750.0000000000002 1650.0000000000002 122.95000000000002 0.18734335839598995 1.5000000000000002 0.026671408250355601 0.23875968992248062 69.65000000000002 112.45000000000002 36.150000000000013 11.500000000000002 35.95000000000001 0.022321428571428555
decision_type=2 2 2 2 2 2 2 2 2 2 2 2 2 2 2 2 2 2 2 2 2 2 2
left_child=2 8 4 20 5 19 17 -8 11 18 -11 -2 13 -6 22 -13 -14 -5 -10 -1 -4 -7 -3
right_child=1 14 3 6 12 21 7 -9 9 10 -12 15 16 -15 -16 -17 -18 -19 -20 -21 -22 -23 -24
leaf_value=-0.033015527262093516 0.015446215055878921 0.0082019342037459655 -0.02374404734276649 -0.016822227405908843 -0.019123483899474852 0.0082674073327096854 -0.0099606561343688581 0.019335362085880308 -0.021748031355809688 0.018390568843072948 -0.018588946287247703 0.0030247760495196382 0.013641502538851468 -0.00073879899632103081 4.5350744717222214e-05 -0.0231106718676331 -0.0052535781610667538 0.0048390617125803354 0.0006699857660449858 -0.010623824736732531 0 0 0.033487767169028522
leaf_weight=24.697748525300995 3.9056029357016113 6.4284290056675699 9.8010256635025108 5.9985849764198047 22.016581702046096 3.2882010694593182 5.23791051772423 56.360293456818908 4.1228320337831965 42.57707254588604 4.9408919671550384 7.9225344061851528 21.86541805416346 61.529781996272504 7.7293654838576904 19.747546273516491 5.5173946358263484 2.5977136250585318 3.4261108972132206 15.350925164762883 1.5939416289329535 3.4259584229439497 20.700519968755543
leaf_count=518 17 35 197 84 166 24 79 321 47 224 39 87 98 338 48 349 29 20 22 304 9 33 89
internal_value=0.000415471 0.00868091 -0.00385941 0.00595905 -0.00903568 -0.0223653 0.0120212 0.0159817 0.000674367 0.00738955 0.0125809 -0.0100329 -0.00240152 -0.00672864 0.0250976 -0.0161828 0.00925914 -0.0103459 -0.015261 -0.0273369 -0.0216093 0.00538644 0.0305446
internal_weight=360.782 121.501 239.281 81.5895 157.692 46.7628 70.1945 61.5982 86.6426 55.0669 47.518 31.5757 110.929 83.5464 34.8583 27.6701 27.3828 8.5963 7.54894 40.0487 11.395 6.71416 27.1289
internal_count=3177 957 2220 710 1510 879 504 400 785 332 263 453 631 504 172 436 127 104 69 822 206 57 124
is_linear=0
shrinkage=0.0435066


Tree=48
num_leaves=16
num_cat=0
split_feature=13 4 2 4 6 7 2 5 18 10 5 5 21 4 4
split_gain=8.94531 6.05938 8.37647 4.68923 7.46433 5.11275 4.42186 5.45588 4.17035 3.19068 3.05284 2.94625 1.2295 0.48458 0.264628
threshold=1.0000000180025095e-35 35.150000000000013 12.500000000000002 39.150000000000013 100.60000000000001 2.5000000000000004 12.500000000000002 35.050000000000004 8.5000000000000018 0.21825396825396823 75.750000000000014 37.750000000000007 1.0000000180025095e-35 40.550000000000004 41.250000000000007
decision_type=2 2 2 2 2 2 2 2 2 2 2 2 2 2 2
left_child=1 6 3 4 -3 -5 7 8 -1 -9 13 -8 -4 -2 -14
right_child=10 2 12 5 -6 -7 11 9 -10 -11 -12 -13 14 -15 -16
leaf_value=-0.022451593360061962 -0.029441725617577047 0.0083832081956111432 0.028224153708970384 -0.013702142712289572 -0.010718299435931758 0.016714390448223908 -0.028509660010521288 -0.010998853742423279 0.011862683594610193 0.01267916877298826 0.0040331337434541181 0.0024100318556769585 -0.00073090099918967234 0 0.0090458707743694151
leaf_weight=20.552464752458039 18.260853559942923 65.034108062274754 25.999543290585279 7.1948054898530236 77.692952357698232 52.725519354920834 15.828124776482584 8.1549382414668781 3.9555495008826247 39.513594392687082 4.4581180606037369 5.8338189274072638 5.8058008868247253 0.631256477907299 3.4049798622727394
leaf_count=237 807 460 113 60 692 279 132 52 21 185 33 21 61 11 13
internal_value=0.000417594 0.00245262 0.00613015 0.00234022 -0.00196113 0.0119248 -0.00656141 -0.000650512 -0.0152602 0.0076069 -0.0223808 -0.0211936 0.0239291 -0.0284461 0.00449353
internal_weight=355.046 331.696 237.858 202.647 142.727 59.9203 93.8385 72.1765 24.508 47.6685 23.3502 21.6619 35.2103 18.8921 9.21078
internal_count=3177 2326 1678 1491 1152 339 648 495 258 237 851 153 187 818 74
is_linear=0
shrinkage=0.0435066


Tree=49
num_leaves=25
num_cat=0
split_feature=18 4 5 16 27 4 5 16 16 6 3 4 6 5 0 6 5 5 7 4 7 28 5 18
split_gain=6.47068 5.34283 6.3832 5.75187 3.25889 4.52433 5.88065 3.47799 2.97923 2.78983 2.69318 2.56737 2.10004 2.58712 1.9346 1.92765 1.83602 2.47063 1.61335 1.1273 0.877171 0.677002 0.388328 0.183152
threshold=8.5000000000000018 39.250000000000007 34.650000000000013 15.500000000000002 1.5000000000000002 36.550000000000004 58.45000000000001 13.500000000000002 12.500000000000002 109.45000000000002 53.500000000000007 36.150000000000013 145.75000000000003 37.750000000000007 1900.0000000000002 110.35000000000001 210.65000000000003 35.650000000000013 3.5000000000000004 35.050000000000004 3.5000000000000004 1.1500000000000001 36.850000000000001 10.500000000000002
decision_type=2 2 2 2 2 2 2 2 2 2 2 2 2 2 2 2 2 2 2 2 2 2 2 2
left_child=1 2 3 11 10 7 22 18 -3 21 15 -1 13 -4 -9 23 17 -12 -6 -5 -8 -10 -7 -2
right_child=4 8 12 19 5 6 20 14 9 -11 16 -13 -14 -15 -16 -17 -18 -19 -20 -21 -22 -23 -24 -25
leaf_value=-0.031077689886341034 -0.003194923234744752 -0.0099060157925813363 -0.0085842962525654286 -0.0072039555644965439 -0.023638131119417205 0.00015631739120153124 0.028075272585299908 0.011184586468141763 0.0050088372391637864 0.026781710326036365 0.013746386905903248 -0.010214692075149153 0.01651160595423283 0.0091548415948978345 -0.0047911855056743001 0.0040653237020007423 0.016084772400110185 -0.0073757965178535487 0.00076825589806180897 0.010860839581628987 0.0072243862539660862 -0.011490089940688866 -0.013308398508490599 -0.024811003548655015
leaf_weight=29.077364145545289 4.3610287159681338 4.5218077078461674 35.110517394728959 4.0730976301711044 5.8316600648686272 3.9826013492420298 34.050972787663341 43.478667132556438 3.6020870711654451 12.504864094778894 8.2043810887262207 33.259342163102701 7.7665700688958159 18.220622610300779 14.812101198360322 4.8241142965853205 9.319015007466076 29.482831855304539 6.7919582519680262 11.498088360531254 12.072081947699187 2.2406156416982412 4.3325474821031094 7.0059854593127966
leaf_count=683 42 64 245 71 52 25 110 207 43 56 57 677 24 101 85 20 36 215 47 142 46 38 32 59
internal_value=0.00065893 -0.00557038 -0.00885191 -0.0166206 0.00606602 0.00997873 0.0187117 0.00213409 0.0115725 0.01848 -0.00175773 -0.022113 0.00155244 -0.00201848 0.00689604 -0.0142753 0.00357889 -0.00120103 -0.0141898 0.00494818 0.0243792 -0.00322565 -0.00894515 -0.0212673
internal_weight=350.425 161.875 139.006 77.9079 188.55 125.353 54.4382 70.9144 22.8694 18.3476 63.1974 62.3367 61.0977 53.3311 58.2908 16.1911 47.0062 37.6872 12.6236 15.5712 46.1231 5.8427 8.31515 11.367
internal_count=3177 2144 1943 1573 1033 604 213 391 201 137 429 1360 370 346 292 121 308 272 99 213 156 81 57 101
is_linear=0
shrinkage=0.0435066


Tree=50
num_leaves=20
num_cat=0
split_feature=5 4 16 16 2 21 3 4 3 2 4 2 5 17 5 16 11 10 3
split_gain=10.0083 6.25728 4.70728 4.54041 4.46938 4.43062 5.43412 3.88516 3.70012 2.08779 1.56751 1.55538 1.52999 1.59099 0.804499 0.848266 0.752304 0.0768162 0.0712795
threshold=9.4500000000000011 36.050000000000004 11.500000000000002 13.500000000000002 2.5000000000000004 1.0000000180025095e-35 52.500000000000007 40.150000000000013 55.500000000000007 1.5000000000000002 40.550000000000004 8.5000000000000018 150.05000000000004 23.63214285714286 7.7500000000000009 15.500000000000002 0.10172413793103446 0.12074829931972787 57.500000000000007
decision_type=2 2 2 2 2 2 2 2 2 2 2 2 2 2 2 2 2 2 2
left_child=10 3 11 12 9 6 -4 -7 -6 -5 14 16 13 -2 17 -16 -3 -1 -19
right_child=1 2 5 4 8 7 -8 -9 -10 -11 -12 -13 -14 -15 15 -17 -18 18 -20
leaf_value=-0.00059638726952937449 1.9826684750685061e-05 -0.021398548658446131 -0.0070823955030498344 -0.0012183502102459192 0.0034936125399501299 -0.0051151187866967703 0.021616131585545137 0.012809961630211577 -0.012766929629632653 0.024669314176430677 0 0.0043808306501656701 0.0028697383938982913 -0.028135111870988536 -0.010775934515658196 0.0078704814520281965 0.00056085299726186155 -0.028201474117047834 0
leaf_weight=1.2683434477075994 3.7342201834544602 8.8842875631526095 11.186340097337959 7.0423446493223318 48.831612208392471 47.836481297854334 66.761641296558082 32.923829784616828 44.818350302986801 10.525941642001271 5.3689356334507456 4.8035151637159279 2.6028847172856322 15.199082408100365 3.4383111037313929 1.9833371546119449 2.1771686826832584 20.780082680517811 0.88264094758778711
leaf_count=29 38 129 68 49 343 518 340 156 311 43 40 38 15 244 104 21 22 660 19
internal_value=-0.000113327 0.00247921 0.00779023 -0.00447022 -0.000408042 0.0101422 0.0171497 0.00248791 -0.00451202 0.0163521 -0.0205661 -0.0113909 -0.0201212 -0.0236032 -0.0239411 -0.00253828 -0.0178978 -0.0269779 -0.0276699
internal_weight=341.049 307.328 174.573 132.754 111.218 158.708 77.948 80.7603 93.65 17.5683 33.7217 15.865 21.5362 18.9333 28.3527 5.42165 11.0615 22.9311 21.6627
internal_count=3187 2314 1271 1043 746 1082 408 674 654 92 873 189 297 282 833 125 151 708 679
is_linear=0
shrinkage=0.0435066


Tree=51
num_leaves=24
num_cat=0
split_feature=18 4 27 16 4 11 10 16 4 10 3 4 25 3 9 3 7 9 10 11 10 10 16
split_gain=8.36106 4.76419 4.33882 3.60648 3.57363 2.90719 3.05906 2.76477 3.34263 2.38712 2.34558 1.73227 1.57478 1.48867 1.41929 1.126 0.902058 0.346924 0.313517 0.235551 0.210088 0.188245 0.178556
threshold=6.5000000000000009 37.150000000000013 3.5000000000000004 13.500000000000002 40.45000000000001 0.071067821067821071 0.12372448979591837 13.500000000000002 36.650000000000013 0.17519181585677748 53.500000000000007 41.150000000000013 1.5000000000000002 56.500000000000007 1.0000000180025095e-35 51.500000000000007 4.5000000000000009 0.060024009603841501 0.3011501880115019 0.052177858439201405 0.17846085802742148 0.41070163004961019 13.500000000000002
decision_type=2 2 2 2 2 2 2 2 2 2 2 2 2 2 2 2 2 2 2 2 2 2 2
left_child=4 7 5 19 13 6 -3 8 16 10 -9 -7 -11 14 -1 -16 -2 -6 22 -4 -10 -20 -15
right_child=1 2 3 -5 17 11 -8 9 20 12 -12 -13 -14 18 15 -17 -18 -19 21 -21 -22 -23 -24
leaf_value=0.002941551502390611 -0.022294549128332935 -0.0095902910057435835 0.0036492587509616981 0.027686782523244843 0.010628123547456828 -0.015528256942245621 0.013711582741734257 -0.0036365049927828759 0 -0.013635463173178519 0.016366270782025235 0.0051547473885098392 0.00017338633421947088 -0.0086889867728885458 0 -0.02554258581431797 -0.0018265189431310952 -0.00087825565588369836 0.0084072799047389939 -0.0049808150750537822 0.010791100538883814 -0.0013549510842405439 0.00057456747194992793
leaf_weight=2.007213817909359 18.466429008170966 8.4282058440148813 4.9453517040237767 27.031147688627243 4.7117918264120799 14.44687654823065 37.64570073550567 12.858936554752288 4.124003089964388 12.035605384968219 25.2632503984496 7.1294950060546389 89.943589464761317 2.4939135368913394 3.7421151194721451 34.86676863161847 7.709563808515667 4.7029165681451559 1.8402137560769918 5.44233940821141 4.434439854696393 1.444161689141765 2.4989104298874736
leaf_count=40 205 76 33 100 28 153 250 72 30 87 132 29 561 62 70 990 66 36 34 27 25 32 49
internal_value=-0.000187873 0.00297991 0.0100203 0.0207371 -0.0143209 0.00265552 0.00859731 -0.00140356 -0.011344 0.00138689 0.00984764 -0.00872503 -0.00208463 -0.01873 -0.0217299 -0.0234753 -0.01814 0.00624002 -0.000241214 -0.000453467 0.00762981 0.00504029 -0.00547729
internal_weight=338.213 279.905 105.069 37.4188 58.308 67.6503 46.0739 174.836 34.7344 140.101 38.1222 21.5764 101.979 48.8933 40.6161 38.6089 26.176 9.41471 8.2772 10.3877 8.55844 3.28438 4.99282
internal_count=3187 1846 668 160 1341 508 326 1178 326 852 204 182 648 1277 1100 1060 271 64 177 60 55 66 111
is_linear=0
shrinkage=0.0435066


Tree=52
num_leaves=16
num_cat=0
split_feature=5 4 2 27 27 16 4 6 18 23 4 18 5 16 24
split_gain=8.79149 5.38495 4.62009 4.10448 5.04295 5.47089 4.13007 3.17227 5.21516 2.88156 1.30081 1.26774 0.700735 0.790339 0.471324
threshold=9.4500000000000011 36.050000000000004 2.5000000000000004 4.5000000000000009 2.5000000000000004 10.500000000000002 40.45000000000001 145.75000000000003 8.5000000000000018 1.0000000180025095e-35 40.550000000000004 12.500000000000002 7.7500000000000009 15.500000000000002 1.0000000180025095e-35
decision_type=2 2 2 2 2 2 2 2 2 2 2 2 2 2 2
left_child=10 2 9 4 6 -6 -3 8 -4 14 12 -5 -1 -14 -2
right_child=1 3 7 11 5 -7 -8 -9 -10 -11 -12 -13 13 -15 -16
leaf_value=-0.02554136847222464 0.02224804904543673 -0.0059356757667380494 -0.018255648140292863 -0.022374894383004853 -0.012166428764749928 0.019941004109527281 0.012508793232204227 0.012513916444751106 0.00066944218781280927 -0.0099996767513127471 0 0.0015300091960971087 -0.010325833585581846 0.0077310633583543998 0.0022402286046255028
leaf_weight=22.356324569322172 11.874791666865354 52.864898165222257 56.617031732108444 4.8637905083596689 6.6974441669881335 72.792581508867443 30.853379657492042 7.2026005666702977 46.36591955833137 4.0777483815327278 5.2659885790199032 4.2707863785326481 3.3838213197886935 1.8945686914958058 5.7262917058542362
leaf_count=708 61 594 587 44 90 382 147 36 274 42 40 14 104 21 43
internal_value=-0.000200237 0.00222983 -0.00422445 0.00719848 0.00898896 0.0164018 0.00116266 -0.00792888 -0.0101103 0.0117274 -0.0195786 -0.0145714 -0.0226831 -0.00230018 0.0185206
internal_weight=337.108 304.207 131.864 172.343 163.208 79.49 83.7183 110.186 102.983 21.6788 32.9007 9.13458 27.6347 5.27839 17.6011
internal_count=3187 2314 1043 1271 1213 472 741 897 861 146 873 58 833 125 104
is_linear=0
shrinkage=0.0435066


Tree=53
num_leaves=19
num_cat=0
split_feature=5 5 11 16 7 5 16 6 6 7 6 5 10 11 16 22 17 16
split_gain=8.44029 4.01166 3.04023 3.04786 3.03639 3.86053 3.72454 2.47824 2.34589 2.30224 2.26335 2.06947 0.514168 0.514989 0.56846 0.290965 0.128393 0.00156492
threshold=9.4500000000000011 78.850000000000009 0.12748284579270497 11.500000000000002 3.5000000000000004 36.45000000000001 14.500000000000002 123.25000000000001 69.65000000000002 2.5000000000000004 145.75000000000003 57.350000000000001 0.11437908496732026 0.034848484848484802 15.500000000000002 1.5000000000000002 35.361888111888113 12.500000000000002
decision_type=2 2 2 2 2 2 2 2 2 2 2 2 2 2 2 2 2 2
left_child=12 4 3 16 5 9 10 -5 -8 -2 -6 -7 -1 14 17 -15 -3 -14
right_child=1 2 -4 7 6 11 8 -9 -10 -11 -12 -13 13 15 -16 -17 -18 -19
leaf_value=0 -0.014523464399802476 0 -0.012828343646480602 0.0078358765192559562 -0.0034761078427744375 -0.025338515742474112 -0.0035252692154991586 0.02545282924059444 0.023528563063366432 0.005595865958223852 0.013968627179106678 -0.0031234508197766344 -0.0097669121731794907 -0.023850518517297477 0.0065648839478406268 0 -0.011149078326667084 -0.00014163839717982942
leaf_weight=1.6023118849843729 7.5613067755475631 3.0662643015384665 5.3627159744501105 66.698972085490823 88.950029047438875 18.444334388710558 5.4245958253741291 20.091955315321684 15.785151518881319 38.716667404398322 9.9381653470918518 16.387391220778227 2.4053535484708872 23.278882713988427 1.2875889663118867 1.1655420931056131 4.7927003689110279 2.5131941484287381
leaf_count=30 147 22 35 336 764 154 43 64 74 464 60 109 66 671 18 35 42 53
internal_value=-0.00022611 0.00215883 0.00900429 0.0110875 -0.00137103 -0.00759398 0.00292671 0.013515 0.0170437 0.00073085 -0.000872133 -0.01727 -0.0193786 -0.0204427 -0.00292275 -0.023014 -0.00899355 -0.00861305
internal_weight=333.473 301.22 100.013 94.6499 201.208 81.1097 120.098 86.7909 21.2097 46.278 98.8882 34.8317 32.2529 30.6506 6.20614 24.4444 7.85896 4.91855
internal_count=3187 2314 499 464 1815 874 941 400 117 611 824 263 873 843 137 706 64 119
is_linear=0
shrinkage=0.0435066


Tree=54
num_leaves=18
num_cat=0
split_feature=5 4 7 27 2 21 23 6 18 6 5 4 18 6 7 4 5
split_gain=8.34795 5.25892 3.32937 3.88529 3.21662 2.83127 2.45976 2.22871 2.13931 6.00909 3.54083 1.05903 0.902546 0.562531 0.380596 0.297796 0.055715
threshold=9.4500000000000011 36.050000000000004 2.5000000000000004 4.5000000000000009 2.5000000000000004 1.0000000180025095e-35 1.0000000180025095e-35 127.15000000000002 8.5000000000000018 145.75000000000003 29.650000000000002 42.350000000000001 11.500000000000002 72.250000000000014 3.5000000000000004 39.650000000000013 7.9500000000000011
decision_type=2 2 2 2 2 2 2 2 2 2 2 2 2 2 2 2 2
left_child=11 4 7 5 6 -4 13 12 9 -6 -10 14 -3 -2 -1 16 -16
right_child=1 2 3 -5 8 -7 -8 -9 10 -11 -12 -13 -14 -15 15 -17 -18
leaf_value=-0.024668317116888164 0.019252400698026272 -0.016689968646090639 0.017846916383408934 -0.013477587178991196 -0.016945475830650859 0.0048491774042037292 -0.010229406366880186 0.012768449370245207 0.019267936890905411 0.017589400538195743 -0.0059146770201828607 0.0030768158658070733 0.00063918188153372943 0.00033881913765659361 -0.0096710826528990726 0.0026359836342220214 0
leaf_weight=20.488455569604419 12.202545804902917 14.054864980280405 63.076430534478277 7.2243686839938155 55.885367471957579 76.059211212210357 4.1239076089113942 2.7953315600752822 7.1704761404544106 5.533676639199256 39.811291272751987 1.3374864235520352 5.7288605011999598 5.1422551553696385 6.5247664358466846 1.2237102985382069 2.1308026453480124
leaf_count=615 63 180 339 51 587 667 42 9 40 23 247 7 25 41 200 10 41
internal_value=-0.000210574 0.00216332 0.00712836 0.0095322 -0.00425354 0.0113457 0.00912953 -0.00675241 -0.00735911 -0.0122969 -4.06735e-06 -0.0194013 -0.0123739 0.0156911 -0.0210331 -0.00607158 -0.00856994
internal_weight=330.514 298.809 168.939 146.36 129.87 139.136 21.4687 22.5791 108.401 61.419 46.9818 31.7052 19.7837 17.3448 30.3677 9.87928 8.65557
internal_count=3187 2314 1271 1057 1043 1006 146 214 897 610 287 873 205 104 866 251 241
is_linear=0
shrinkage=0.0435066


Tree=55
num_leaves=13
num_cat=0
split_feature=13 16 5 10 4 17 6 4 2 6 7 6
split_gain=6.8439 4.17117 3.38767 3.82393 3.48501 2.07651 1.21866 0.859036 0.797944 0.326396 0.520098 0.0507935
threshold=0.70833333333333337 10.500000000000002 6.6500000000000012 0.24638060352346061 39.95000000000001 43.688541666666673 109.95000000000002 38.850000000000001 1.5000000000000002 127.60000000000001 3.5000000000000004 89.550000000000011
decision_type=2 2 2 2 2 2 2 2 2 2 2 2
left_child=1 9 6 4 -4 -5 8 -8 -3 10 -1 -12
right_child=-2 2 3 5 -6 -7 7 -9 -10 -11 11 -13
leaf_value=-0.021379164171050433 -0.028820715704089055 0.0016716450004814923 -0.0015758511916445276 0.018090494386511443 0.012827848547929071 0.0033467759444622061 -0.0081454023526336614 0.010687412698308432 -0.02346789295512007 0 0.0014764577992581079 -0.0030254194814967987
leaf_weight=10.480219705030324 8.2335653374902886 1.0265788948163379 185.94512215675786 39.799950744956732 31.489187337458134 38.869143384043127 2.585074949078261 2.5534255923703313 8.0061020446009916 2.649512752890586 1.8276819013990455 2.1528754117898643
leaf_count=194 502 15 1338 274 163 339 58 21 207 28 16 47
internal_value=0.000151064 0.00145813 0.00277373 0.00391285 0.000777722 0.0117374 -0.014276 0.00109191 -0.0204598 -0.0161572 -0.0179855 -0.000365507
internal_weight=335.618 327.385 310.275 296.103 217.434 78.6691 14.1712 5.1385 9.03268 17.1103 14.4608 3.98056
internal_count=3202 2700 2415 2114 1501 613 301 79 222 285 257 63
is_linear=0
shrinkage=0.0435066


Tree=56
num_leaves=15
num_cat=0
split_feature=13 16 25 5 25 11 5 6 2 10 5 16 5 7
split_gain=6.39151 4.40403 3.24685 3.90255 4.55901 3.16696 2.95954 3.08352 1.55404 0.897442 1.16743 1.10849 0.779884 0.337989
threshold=0.70833333333333337 12.500000000000002 2.5000000000000004 90.65000000000002 1.5000000000000002 0.047338935574229656 140.80000000000004 69.550000000000011 10.500000000000002 0.25873937103522743 210.65000000000003 10.500000000000002 68.550000000000011 3.5000000000000004
decision_type=2 2 2 2 2 2 2 2 2 2 2 2 2 2
left_child=1 8 3 4 -3 -5 7 -4 9 10 -1 -11 13 -10
right_child=-2 2 6 5 -6 -7 -8 -9 12 11 -12 -13 -14 -15
leaf_value=-0.01604777007017081 -0.028115081384182457 -0.015087815089325734 -0.0015443430713258947 0.018523329770841208 0.0019018736268611738 -0.00041123777006536939 -0.0066954013210401312 0.024308964711606026 -0.0088470634730704097 -0.011472393647396939 0.0027325489039248031 0.0051935689053798561 0.012909166588602314 0.0030561320981636695
leaf_weight=35.946102939546108 7.9377022469416252 32.384096999652684 9.6897577708587033 32.055834479629993 121.73935952270404 27.235586054623127 6.9810006599873295 28.607676577754319 2.5877497242763621 5.7768019950017342 4.3074477426707736 12.715696608182043 4.0932572335004807 2.5364575777202845
leaf_count=454 502 297 88 138 1051 135 32 164 34 111 26 130 19 21
internal_value=0.000177631 0.00143185 0.0040568 0.00158021 -0.00207252 0.0104932 0.0138679 0.0182696 -0.00790515 -0.0104644 -0.013722 -0.00124272 0.00534416 -0.00367737
internal_weight=334.595 326.657 258.693 213.415 154.123 59.2914 45.2784 38.2974 67.9635 58.746 40.2536 18.4925 9.21746 5.12421
internal_count=3202 2700 1905 1621 1348 273 284 252 795 721 480 241 74 55
is_linear=0
shrinkage=0.0435066


Tree=57
num_leaves=12
num_cat=0
split_feature=13 16 4 25 7 4 4 4 5 16 9
split_gain=6.05526 3.89538 5.85337 4.34893 3.66334 3.02103 2.50387 3.13774 1.45545 1.06291 0.639472
threshold=0.70833333333333337 12.500000000000002 41.45000000000001 2.5000000000000004 3.5000000000000004 35.350000000000001 36.650000000000013 39.45000000000001 167.85000000000002 9.5000000000000018 0.14651229273870783
decision_type=2 2 2 2 2 2 2 2 2 2 2
left_child=1 6 3 4 -3 -5 8 9 10 -8 -1
right_child=-2 2 -4 5 -6 -7 7 -9 -10 -11 -12
leaf_value=-0.02085899749424296 -0.027613637239057246 -0.008075350761420132 0.023714751993534941 0 0.0036377790864753419 0.021689403253144009 -0.0056847985351222872 -0.015961105609024678 0.0031454760699331113 0.010719039343394255 0
leaf_weight=22.706337473355241 7.7268657202366731 80.209910636767745 18.915974289178848 20.361140728928149 113.98581853602082 23.831403587944806 4.4428805022034821 9.2460139309987408 3.8817369341850272 24.651917769573629 2.5496994657441965
leaf_count=374 502 763 71 170 787 114 74 99 23 192 33
internal_value=0.000132305 0.001353 0.00382835 0.0016202 -0.0012551 0.0129913 -0.00745561 1.30248e-06 -0.0157571 0.00734937 -0.0190286
internal_weight=332.51 324.783 257.304 238.388 194.196 44.1925 67.4786 38.3408 29.1378 29.0948 25.256
internal_count=3202 2700 1905 1834 1550 284 795 365 430 266 407
is_linear=0
shrinkage=0.0435066


Tree=58
num_leaves=18
num_cat=0
split_feature=16 4 6 6 7 16 5 5 4 4 5 3 4 18 4 24 6
split_gain=4.62123 5.6983 5.11362 4.99486 4.9336 4.6858 2.9098 5.91211 2.84964 2.55675 1.60749 2.09816 1.18871 1.17534 1.0426 0.571139 0.428363
threshold=12.500000000000002 41.550000000000004 100.60000000000001 122.95000000000002 3.5000000000000004 14.500000000000002 135.05000000000004 37.750000000000007 36.650000000000013 39.45000000000001 167.85000000000002 51.500000000000007 36.350000000000001 6.5000000000000009 37.850000000000001 1.5000000000000002 91.15000000000002
decision_type=2 2 2 2 2 2 2 2 2 2 2 2 2 2 2 2 2
left_child=8 2 6 4 -4 -5 7 -2 10 13 11 -1 -8 16 -15 -13 -10
right_child=1 -3 3 5 -6 -7 12 -9 9 -11 -12 15 -14 14 -16 -17 -18
leaf_value=0.0035071284394445046 0.00069979241253315756 0.022751624360712493 -0.020469072713776779 -0.0067124025616775024 0.00033167916264182018 0.017823262611002581 -0.01590950851200058 0.021374613465511678 0.0028519558782651609 -0.015491629098436292 0.0027200678551469555 -0.026530882884970349 0.0034908155460919134 0 0.01713812072981578 0 -0.010430301511799038
leaf_weight=3.3729543276131215 63.990490094991401 17.7350679859519 43.699793622945435 24.69674677727744 35.85270996298641 21.80629206309095 7.8854173813015205 39.649504967033863 2.5045573776587871 9.3027147224638593 3.8453726954758158 22.124256660463292 5.7261359766125679 12.879893204197289 9.8317697597667557 1.942956628743558 4.5831467364914715
leaf_count=35 595 68 631 202 361 118 45 153 39 105 23 514 19 87 63 28 116
internal_value=-4.52255e-05 0.00262785 0.000565452 -0.00534402 -0.0116623 0.00537949 0.00694689 0.00949737 -0.00947229 -0.000822544 -0.0180112 -0.0211775 -0.00875989 0.00543764 0.00983705 -0.0249765 -0.00587857
internal_weight=331.43 261.042 243.307 126.056 79.5525 46.503 117.252 103.64 70.3876 39.1021 31.2855 27.4402 13.6116 29.7994 22.7117 24.0672 7.0877
internal_count=3202 2192 2124 1312 992 320 812 748 1010 410 600 577 64 305 150 542 155
is_linear=0
shrinkage=0.0435066


Tree=59
num_leaves=12
num_cat=0
split_feature=13 16 4 6 5 9 4 4 5 3 16
split_gain=5.51926 4.42533 5.0765 3.77546 4.95434 3.21193 2.65923 2.80975 1.68792 1.40294 1.04456
threshold=0.70833333333333337 12.500000000000002 41.45000000000001 100.60000000000001 194.90000000000003 0.099481987285142459 36.750000000000007 39.45000000000001 171.30000000000004 51.500000000000007 9.5000000000000018
decision_type=2 2 2 2 2 2 2 2 2 2 2
left_child=1 6 3 5 -5 -3 8 10 9 -1 -8
right_child=-2 2 -4 4 -6 -7 7 -9 -10 -11 -12
leaf_value=0.0016947681987814394 -0.026800412162298427 0.0031405330668787461 0.022561829702145896 -0.0072639906141354366 0.014559590178174391 0.020652553076620603 -0.005810604190842031 -0.015017950567977051 0.0038100944362402149 -0.022533702973796851 0.010822315360146363
leaf_weight=3.4063410433009329 7.3412356271874151 94.938270203769207 18.560564316809177 103.07727045076899 17.505650792270899 20.510687498375773 4.0339921456761685 9.0148291271179897 3.9900417216122142 24.239661833737046 22.824308978393674
leaf_count=33 502 594 71 1029 76 135 69 99 23 398 173
internal_value=6.46218e-05 0.00122691 0.00389267 0.00181633 -0.00343243 0.00727157 -0.0081479 6.68617e-05 -0.0161472 -0.0194998 0.00737556
internal_weight=329.443 322.102 254.592 236.032 120.583 115.449 67.5092 35.8731 31.636 27.646 26.8583
internal_count=3202 2700 1905 1834 1105 729 795 341 454 431 242
is_linear=0
shrinkage=0.0435066


Tree=60
num_leaves=20
num_cat=0
split_feature=4 7 6 0 4 16 4 5 6 16 5 6 4 6 11 4 5 6 18
split_gain=6.10851 6.01013 9.00193 5.10367 8.4258 3.80511 3.35541 7.16427 5.71423 3.36107 2.38791 2.22964 1.92452 1.24579 2.28521 1.11086 0.904065 0.722355 0.310756
threshold=39.95000000000001 3.5000000000000004 123.25000000000001 1650.0000000000002 36.45000000000001 12.500000000000002 34.550000000000004 35.150000000000013 145.45000000000002 14.500000000000002 86.65000000000002 96.65000000000002 36.250000000000007 109.45000000000002 0.059411764705882351 38.550000000000004 63.45000000000001 112.35000000000001 14.500000000000002
decision_type=2 2 2 2 2 2 2 2 2 2 2 2 2 2 2 2 2 2 2
left_child=1 2 3 4 -1 17 7 8 -3 12 15 -9 -8 14 -7 -4 -11 -2 -5
right_child=5 6 10 18 -6 13 9 11 -10 16 -12 -13 -14 -15 -16 -17 -18 -19 -20
leaf_value=-0.0171402934832172 0.0021980856498317477 -0.02834546355715491 -0.0087441863660090574 -0.025292914320812349 0.012785627264147035 0.015147155002448311 -0.0051884844167316146 0.00082515887123613195 0.014908934217841681 0.027918481423873473 0.023356429992527333 0.020687484733389442 0.0092296394835724681 0.024401903225868566 -0.012068244391835493 0.010409971874241676 0.0036414203387060942 -0.014759844844725575 0
leaf_weight=34.867858128156513 5.007711032871156 18.514508874155585 7.8740458907559532 38.556518207187764 24.86795978108421 6.4560595541261119 22.297575123142451 38.092914417386055 2.7376792579889289 14.192690073512496 11.905714362859724 9.3884596712887269 38.676610009744763 27.90344525128603 4.1078967766370624 2.9002943327650428 7.148737844079732 2.9701828677207232 1.57808257639408
leaf_count=502 45 250 107 747 173 38 299 203 9 88 38 35 370 120 42 27 30 34 8
internal_value=0.00143963 -0.00111848 -0.00808454 -0.0136859 -0.00449792 0.0149825 0.00456998 -0.00233198 -0.0202196 0.0101948 0.013785 0.00696176 0.00381597 0.0201893 0.00340782 -0.00102551 0.0229021 -0.00721798 -0.0246066
internal_weight=320.045 273.6 122.55 99.8704 59.7358 46.4453 151.049 68.7336 21.2522 82.3156 22.6801 47.4814 60.9742 38.4674 10.564 10.7743 21.3414 7.97789 40.1346
internal_count=3165 2886 1602 1430 675 279 1284 497 259 787 172 238 669 200 80 134 118 79 755
is_linear=0
shrinkage=0.0435066


Tree=61
num_leaves=20
num_cat=0
split_feature=4 5 7 18 7 4 2 16 16 17 2 17 4 4 5 5 16 2 5
split_gain=5.54247 4.45791 3.09806 2.88696 4.4819 2.97704 2.94428 2.2953 2.00201 2.44928 1.22353 0.742312 0.675169 0.620762 0.378296 0.278545 0.0702932 0.184468 0.0313381
threshold=39.150000000000013 6.6500000000000012 2.5000000000000004 13.500000000000002 3.5000000000000004 36.350000000000001 7.5000000000000009 14.500000000000002 12.500000000000002 72.146978021978029 10.500000000000002 57.588690476190479 40.850000000000001 40.650000000000013 171.30000000000004 117.00000000000001 8.5000000000000018 1.5000000000000002 75.750000000000014
decision_type=2 2 2 2 2 2 2 2 2 2 2 2 2 2 2 2 2 2 2
left_child=1 16 10 4 5 -3 14 -6 12 15 18 -8 -4 -11 -5 -10 -1 -18 -2
right_child=2 3 8 6 7 -7 11 -9 9 13 -12 -13 -14 -15 -16 -17 17 -19 -20
leaf_value=0 -0.01640049992007785 -0.0175183541417364 -0.010581963508033551 0.00213187788569408 0.00076587921760658706 -0.001289515324926271 0.0035953410625068462 0.015709894429213389 0.026303153475165795 -0.0085802519807655804 0.0065891909933419104 0.026926192250340004 0.0054367858968068263 0.0061651791560622723 -0.0090781859505726578 0.0063012154041027562 0 -0.022371242520342331 -0.0004219049600079919
leaf_weight=0.85388278495520253 3.473901651799677 35.212132917251438 2.8530270564369848 5.3042429666966218 113.10315104504116 49.269999305484816 7.1613830178976086 17.63598572416231 28.50829301471822 3.5868205213919264 3.0289998585358262 9.4010133240371925 3.90290791913867 4.8953292071819305 4.9395657740533352 8.1099593155086023 1.3836240242235351 12.154311140766366 1.9933831393718717
leaf_count=35 61 462 38 26 926 518 36 121 183 49 18 32 24 26 28 37 37 493 15
internal_value=0.00153653 -0.00130542 0.0127122 0.000310393 -0.00145142 -0.00893453 0.0122754 0.00350531 0.016526 0.0195124 -0.00696352 0.0211384 -0.00244329 -0.000417465 -0.00410067 0.023728 -0.0205877 -0.0211786 -0.0148126
internal_weight=316.772 256.419 60.3526 242.027 215.221 84.4821 26.8062 130.739 51.8563 45.1004 8.49628 16.5624 6.75593 8.48215 10.2438 36.6183 14.3918 13.5379 5.46728
internal_count=3165 2714 451 2149 2027 980 122 1047 357 295 94 68 62 75 54 220 565 530 76
is_linear=0
shrinkage=0.0435066


Tree=62
num_leaves=12
num_cat=0
split_feature=13 6 6 7 6 6 5 11 6 18 11
split_gain=5.04462 3.93824 5.5713 4.71164 7.42224 4.36533 2.85695 2.70119 2.22901 1.76009 0.601959
threshold=0.70833333333333337 122.95000000000002 121.55000000000001 2.5000000000000004 110.35000000000001 125.45000000000002 35.650000000000013 0.031372549019607808 145.45000000000002 11.500000000000002 0.071067821067821071
decision_type=2 2 2 2 2 2 2 2 2 2 2
left_child=1 2 3 9 -5 10 8 -8 -7 -1 -3
right_child=-2 5 -4 4 -6 6 7 -9 -10 -11 -12
leaf_value=-0.019276319812329808 -0.024920460076055174 0.02979152403205575 -0.022632767928510537 0.00052439434475603705 0.022190104177895017 -0.022511634084501429 -0.007328514110330954 0.018816765980839378 0.0036642060386918134 0.0035914595316004503 0.0039646274192964882
leaf_weight=18.44309034943581 6.5987091534771016 14.48491074703634 12.319035291671751 186.16125220805407 29.473028840497136 5.9131791582331052 6.4443395845592049 15.202106412500141 8.1011069593951088 5.2238535210490218 5.3599718878976992
leaf_count=300 488 67 123 1648 194 88 38 61 87 25 46
internal_value=0.00149202 0.00259762 0.00013319 0.00191508 0.0040951 0.0124192 0.00183427 0.0107808 -0.0105296 -0.0142095 0.0259025
internal_weight=313.725 307.126 251.62 239.301 215.634 55.5056 35.6607 21.6464 14.0143 23.6669 19.8449
internal_count=3165 2677 2290 2167 1842 387 274 99 175 325 113
is_linear=0
shrinkage=0.0435066


Tree=63
num_leaves=19
num_cat=0
split_feature=4 16 6 22 6 6 0 7 25 5 4 17 5 16 5 2 24 11
split_gain=5.60906 4.97372 4.01691 5.62005 5.26843 3.90653 5.45671 4.84587 3.08225 3.83541 4.48593 4.298 1.59322 1.41587 1.31059 0.869721 0.68234 0.661922
threshold=36.250000000000007 13.500000000000002 122.95000000000002 1.5000000000000002 121.55000000000001 110.35000000000001 1650.0000000000002 2.5000000000000004 1.5000000000000002 37.750000000000007 35.250000000000007 44.849404761904772 175.80000000000004 13.500000000000002 203.25000000000003 10.500000000000002 1.5000000000000002 0.04880952380952381
decision_type=2 2 2 2 2 2 2 2 2 2 2 2 2 2 2 2 2 2
left_child=1 12 4 13 5 6 -2 -7 14 10 -10 -11 15 17 -3 16 -1 -4
right_child=2 8 3 -5 -6 7 -8 -9 9 11 -12 -13 -14 -15 -16 -17 -18 -19
leaf_value=-0.026580745967094938 0.012336419532484377 -0.021461701218656787 0.010691737589610862 -0.010773119806112234 -0.022604985874375504 -0.0090865241794145287 -0.0078843645261249349 0.02528036726869792 -0.0087716760385251422 -0.0083770483990718275 0.016304769678428935 0.019977972097261494 0.002846279289980355 0.029955104224096005 0.0028386098421432707 -6.4733539360053519e-05 0 -0.0048263336213824042
leaf_weight=19.588283471064653 36.918147566262633 9.8707046508789045 4.032876665703955 6.0372556895017615 7.474804281955584 6.1908142059110132 53.725825254106894 23.770381431095302 57.100618049036711 9.404786689206956 10.649986104806883 28.576136471703649 3.2523243278264991 22.9055654569529 2.894437037408351 3.8863869290798894 1.4566391450352956 3.8255830155685544
leaf_count=498 272 143 35 53 80 82 764 138 543 53 122 103 19 114 12 67 22 45
internal_value=0.00150182 -0.00454219 0.00690567 0.0184429 0.00278339 0.00551429 0.000522687 0.0175484 -0.00020268 0.00249008 -0.00360937 0.0125318 -0.0190326 0.0253275 -0.0163322 -0.0222054 -0.0249467 0.00367342
internal_weight=311.562 146.68 164.881 36.8013 128.08 120.605 90.644 29.9612 118.497 105.732 67.7506 37.9809 28.1836 30.764 12.7651 24.9313 21.0449 7.85846
internal_count=3165 1582 1583 247 1336 1256 1036 220 976 821 665 156 606 194 155 587 520 80
is_linear=0
shrinkage=0.0435066


Tree=64
num_leaves=25
num_cat=0
split_feature=4 7 18 5 1 27 4 23 7 4 5 25 4 3 9 9 0 1 10 11 9 4 11 11
split_gain=5.03957 4.56598 3.81061 3.68114 4.20627 3.52206 5.63556 3.08948 2.75352 2.42856 2.82393 2.51834 2.07156 2.06985 2.03821 1.84624 1.5785 1.2466 1.21724 1.13056 1.08851 0.591504 0.581743 1.04761
threshold=36.250000000000007 3.5000000000000004 14.500000000000002 37.750000000000007 1.5000000000000002 2.5000000000000004 40.45000000000001 1.5000000000000002 3.5000000000000004 34.750000000000007 35.150000000000013 1.5000000000000002 36.95000000000001 52.500000000000007 0.050633812847172707 0.017148526077097454 1650.0000000000002 3.5000000000000004 0.29669386002576215 0.071067821067821071 0.03608470181503886 38.550000000000004 0.071067821067821071 0.13188405797101446
decision_type=2 2 2 2 2 2 2 2 2 2 2 2 2 2 2 2 2 2 2 2 2 2 2 2
left_child=1 2 13 9 -5 6 8 12 16 10 -3 -11 14 18 -7 -15 -2 -6 -1 -10 -14 -9 -8 -24
right_child=5 3 -4 4 17 7 22 21 19 11 -12 -13 20 15 -16 -17 -18 -19 -20 -21 -22 -23 23 -25
leaf_value=-0.0093650497909444318 -6.8197834301042854e-05 -0.019269523051353609 0.011348356361680861 0.022574112662689789 -0.012973110021083699 0.012391117354164097 0.017551859018160611 -0.015181994955961295 0.0094800961185635118 -0.013071205798223698 0 0.015310817580498997 0.0027263704695921023 0 -0.0069882985383276702 -0.029813676790867296 -0.020611100074459696 0.0043913126281338961 0.010386390411525098 -0.0063601585554897483 0.024235946014236842 0.0018841918164804131 -0.0065661017583910812 0.011472488931057715
leaf_weight=9.1474873721599561 10.963858196046205 22.034856206737459 4.1537910364568225 18.625194013118744 6.9072865974158075 18.155717890709642 19.386549498885874 2.9249047338962546 14.026274210307749 2.4917009035125348 29.27989742718637 12.670517022022977 8.242539447732268 4.4341353615745929 11.400593846105037 20.900550139835104 20.760495975613594 12.21836383640766 2.8711886289529494 8.0572758489288372 34.640146117657423 2.8321682885289192 5.8693281244486553 5.348684030584991
leaf_count=132 96 287 17 56 59 118 102 37 142 65 175 174 60 51 131 472 445 68 26 123 230 20 47 32
internal_value=0.00157983 -0.00415823 -0.0152725 0.000815172 0.0107455 0.00674409 0.000307439 0.0130154 -0.00781476 -0.00514194 -0.00953375 0.00765483 0.0155568 -0.0197084 0.00472473 -0.0256008 -0.0149964 -0.00319033 -0.00211039 0.00321621 0.0212105 -0.00942298 0.0137239 0.00252192
internal_weight=308.344 145.735 41.5072 104.228 37.7508 162.609 84.4125 78.1961 53.8079 66.477 51.3148 15.1622 72.439 37.3534 29.5563 25.3347 31.7244 19.1257 12.0187 22.0836 42.8827 5.75707 30.6046 11.218
internal_count=3165 1582 698 884 183 1583 987 596 806 701 462 239 539 681 249 523 541 127 158 265 290 57 181 79
is_linear=0
shrinkage=0.0435066


Tree=65
num_leaves=19
num_cat=0
split_feature=16 4 4 27 5 0 17 9 7 7 4 5 17 17 5 5 17 4
split_gain=4.73261 8.77861 3.12647 3.27644 6.24793 3.38387 2.89668 2.22462 2.1195 1.71378 1.70227 1.58195 1.21677 1.07898 0.961411 0.817058 0.706888 0.0218208
threshold=13.500000000000002 36.650000000000013 42.150000000000013 3.5000000000000004 36.45000000000001 1550.0000000000002 53.775000000000006 0.03608470181503886 2.5000000000000004 3.5000000000000004 39.95000000000001 167.85000000000002 44.480208333333344 26.209523809523812 110.55000000000001 117.00000000000001 13.716666666666669 37.150000000000013
decision_type=2 2 2 2 2 2 2 2 2 2 2 2 2 2 2 2 2 2
left_child=1 11 3 6 5 -5 10 -6 14 -8 -2 16 13 -10 17 -14 -1 -3
right_child=2 8 -4 4 7 -7 9 -9 12 -11 -12 -13 15 -15 -16 -17 -18 -19
leaf_value=0 -0.0049938967388973698 -0.00042287093335946724 0.021974603183711153 0.0064507010572596932 -0.00079548529406105141 -0.011279166276443124 -0.021708458571169161 0.01593075357588003 -0.0025421185815479356 0.0013327360698292541 0.013134541838328968 0 -0.0065323219405031586 0.015145394522847225 0.0028406947902430615 0.0069424253465504319 -0.026679577725109864 -0.017629027284651041
leaf_weight=1.3285465398803378 17.406585966935385 1.7345814881846289 10.310761988162993 28.841313299024478 16.581047033891082 41.930719039868563 17.004592462209988 70.137679834850132 5.0487303934060064 6.2166117788292459 10.010862711817024 4.6065660044550887 13.607204872183503 23.240169475320727 3.8814663290977478 8.055286940187214 30.211349030956626 5.4760035006329417
leaf_count=18 258 35 41 316 93 460 246 286 63 60 55 28 170 210 29 40 695 108
internal_value=0.000245274 -0.007416 0.00381484 0.00222843 0.00533118 -0.00398881 -0.00675278 0.0127925 0.00274529 -0.016261 0.0025797 -0.0226104 0.00674569 0.0118144 -0.0105272 -0.000717497 -0.0255302 -0.0163894
internal_weight=315.63 97.1899 218.44 208.129 157.491 70.772 50.6387 86.7187 61.0434 23.2212 27.4174 36.1465 49.9514 28.2889 11.0921 21.6625 31.5399 7.21058
internal_count=3211 1396 1815 1774 1155 776 619 379 655 306 313 741 483 273 172 210 713 143
is_linear=0
shrinkage=0.0435066


Tree=66
num_leaves=20
num_cat=0
split_feature=16 4 4 21 5 4 22 17 5 7 5 6 6 6 5 17 3 17 6
split_gain=4.253 8.11354 2.6609 2.95754 3.05999 4.8143 2.82279 2.46095 3.96994 2.01556 1.58556 1.39903 1.19188 1.40742 0.914013 0.647127 0.56497 0.25885 0.106821
threshold=13.500000000000002 36.650000000000013 42.150000000000013 1.0000000180025095e-35 35.650000000000013 34.750000000000007 1.0000000180025095e-35 41.966071428571432 36.45000000000001 2.5000000000000004 167.85000000000002 108.45000000000002 125.85000000000001 109.95000000000002 110.55000000000001 13.716666666666669 51.500000000000007 44.480208333333344 92.450000000000017
decision_type=2 2 2 2 2 2 2 2 2 2 2 2 2 2 2 2 2 2 2
left_child=1 10 3 4 5 -2 -6 11 -9 14 15 -5 13 -11 18 -1 -17 -14 -3
right_child=2 9 -4 7 6 -7 -8 8 -10 12 -12 -13 17 -15 -16 16 -18 -19 -20
leaf_value=0 -0.015171064332949834 -0.00064207862007334773 0.020634299888756587 -0.0045856256612385442 0.012670750252184605 0.007507377457664546 -0.0062308649095488946 -0.026274954373580409 0 0.002572665798159937 0.00011726104998067024 0.014983046508383672 0.00071058629890205244 0.018903737951560601 0.0028057052996717435 -0.0008090124023833196 -0.02761577240526283 -0.0097421920701914917 -0.018094648936558575
leaf_weight=1.3284908602945531 24.487271841382608 2.5710346973501128 10.018807813525198 7.8980408001225424 83.593494000844657 34.700611454667524 13.051775385625659 13.118827156024052 22.930918890982866 30.757651585852727 4.5576444379985324 7.7017260752618313 3.9050206737592807 12.219197011552749 3.8595035560429096 2.8002276616171029 26.481747929705307 3.1893426752649248 4.7615576046518981
leaf_count=18 311 37 41 125 366 452 69 247 158 340 28 46 40 67 29 40 655 36 106
internal_value=0.000317454 -0.0069749 0.0037044 0.00223636 0.00522842 -0.002296 0.00978813 -0.00619225 -0.0119135 0.00268694 -0.0218364 0.00618828 0.0065914 0.0092971 -0.0102096 -0.0248232 -0.0259475 -0.00566309 -0.0158841
internal_weight=313.933 96.4314 217.501 207.483 155.833 59.1879 96.6453 51.6495 36.0497 61.2633 35.1681 15.5998 50.0712 42.9768 11.1921 30.6105 29.282 7.09436 7.33259
internal_count=3211 1396 1815 1774 1198 763 435 576 405 655 741 171 483 407 172 713 695 76 143
is_linear=0
shrinkage=0.0435066


Tree=67
num_leaves=15
num_cat=0
split_feature=13 4 6 18 9 25 2 22 7 10 0 18 10 1
split_gain=4.8848 3.13796 4.45548 2.82929 5.50251 5.76254 2.88557 2.81889 2.75669 2.69894 2.06128 1.32671 0.891675 0.793265
threshold=0.70833333333333337 37.650000000000013 110.35000000000001 13.500000000000002 0.056438791732909353 1.5000000000000002 7.5000000000000009 1.0000000180025095e-35 3.5000000000000004 0.10818713450292396 1650.0000000000002 11.500000000000002 0.12074829931972787 1.5000000000000002
decision_type=2 2 2 2 2 2 2 2 2 2 2 2 2 2
left_child=1 3 8 4 9 -6 -5 12 10 -1 -3 -10 -4 -9
right_child=-2 2 7 6 5 -7 -8 13 11 -11 -12 -13 -14 -15
leaf_value=0.0044631133371568358 -0.025511424801889466 0.0079162549181359329 0.00038543800020219931 -0.0054416888092132572 -0.019004539841320077 0.0057679759740848534 0.019212365264631978 -0.01116098239633787 -0.0001778226865920405 -0.017237392993239422 -0.012644547985435257 0.019144291515798981 0.023514855995927307 0.0053317000190681594
leaf_weight=9.6362259844318015 6.7343869018368414 6.9153769873082629 4.649096079170703 10.217121238820257 14.616140135563908 104.3381761983037 16.14042241871357 3.8420476522296649 10.596193087287249 51.658004062250257 28.559904348105192 7.7632416598498812 32.074167259968817 5.1588956480845809
leaf_count=77 516 45 33 48 170 871 69 29 127 582 381 40 179 44
internal_value=0.000328167 0.0014486 0.00755701 -0.00158872 -0.00365609 0.00181488 0.0101649 0.0166244 -0.000940917 -0.0135762 -0.00779014 0.0104624 0.0213191 -0.0027898
internal_weight=312.899 306.165 99.5589 206.606 180.249 118.954 26.3575 45.7242 53.8347 61.2942 35.4753 18.3594 36.7233 9.00094
internal_count=3211 2695 878 1817 1700 1041 117 285 593 659 426 167 212 73
is_linear=0
shrinkage=0.0435066


Tree=68
num_leaves=12
num_cat=0
split_feature=13 7 6 4 6 10 6 16 2 18 16
split_gain=4.77636 3.2386 5.03987 4.86194 3.24499 4.10309 4.08486 1.24868 1.38696 1.03487 0.466496
threshold=0.70833333333333337 2.5000000000000004 113.35000000000001 39.95000000000001 100.60000000000001 0.23875968992248062 108.25000000000001 12.500000000000002 11.500000000000002 11.500000000000002 11.500000000000002
decision_type=2 2 2 2 2 2 2 2 2 2 2
left_child=1 2 9 4 5 -3 -6 -5 -9 -1 -4
right_child=-2 3 10 7 6 -7 -8 8 -10 -11 -12
leaf_value=-0.025951862737517574 -0.025353168903209964 6.5908379016179086e-06 0 -0.0011983964309567566 -0.017866349047896489 0.016675661633558121 3.1303098699135441e-05 0.022206303691334663 0 0 0.016989317996916612
leaf_weight=14.183233049698179 6.6345148973632595 95.942520956974477 3.0037908069789401 4.9462470561265937 26.402149991132319 33.648184042191133 86.245471648406237 26.858221432892606 5.4583305399864903 3.4552088417112818 3.4107704861089587
leaf_count=272 516 681 40 39 417 270 757 147 36 19 17
internal_value=0.000293902 0.001408 -0.012032 0.00284761 0.000383058 0.00499991 -0.00482666 0.0161972 0.0188734 -0.0222726 0.0123817
internal_weight=310.189 303.554 24.053 279.501 242.238 129.591 112.648 37.2628 32.3166 17.6384 6.41456
internal_count=3211 2695 348 2347 2125 951 1174 222 183 291 57
is_linear=0
shrinkage=0.0435066


Tree=69
num_leaves=12
num_cat=0
split_feature=13 7 6 4 6 6 6 17 2 2 5
split_gain=4.66698 3.22403 4.92928 4.49809 3.02813 4.02542 2.99555 1.41691 1.08073 0.506471 0.359369
threshold=0.70833333333333337 2.5000000000000004 113.35000000000001 39.95000000000001 100.60000000000001 108.25000000000001 69.65000000000002 44.480208333333344 10.500000000000002 11.500000000000002 110.55000000000001
decision_type=2 2 2 2 2 2 2 2 2 2 2
left_child=1 2 8 4 6 -6 -3 -5 -1 -9 -4
right_child=-2 3 10 7 5 -7 -8 9 -10 -11 -12
leaf_value=-0.025865322155084178 -0.025171169943042544 -0.0006242635476989937 0 0.024508600461627381 -0.01755749826354407 0.00023173192642324166 0.012204431905539216 0.0083513212910148946 0 -0.0033950924609268715 0.016007972095735328
leaf_weight=14.283181789331143 6.5013797548599532 76.312426742166281 3.0359651884064069 14.332690702751277 26.261997320689261 86.059277869295329 53.461178590310737 18.760551630519334 2.9789923541247836 4.0982316341251126 3.4390241466462612
leaf_count=261 516 580 40 75 417 757 371 115 30 32 17
internal_value=0.000313756 0.0014115 -0.0120742 0.0028421 0.000467221 -0.00457756 0.00491757 0.0156962 -0.0223422 0.0056165 0.0120006
internal_weight=309.525 303.024 23.7372 279.286 242.095 112.321 129.774 37.1915 17.2622 22.8588 6.47499
internal_count=3211 2695 348 2347 2125 1174 951 222 291 147 57
is_linear=0
shrinkage=0.0435066


Tree=70
num_leaves=24
num_cat=0
split_feature=5 4 0 4 17 16 4 3 10 5 17 10 5 17 14 16 5 10 9 20 11 3 11
split_gain=4.5308 2.94906 2.81105 3.64019 3.3785 3.11535 2.32228 2.25911 2.24435 2.10687 1.90434 1.73581 1.7214 1.555 0.961555 0.916973 1.05276 0.589647 0.480412 0.40833 0.370515 0.291467 0.212076
threshold=78.850000000000009 35.750000000000007 1350.0000000000002 38.550000000000004 44.94583333333334 12.500000000000002 36.650000000000013 55.500000000000007 0.2069580731489741 36.45000000000001 63.816964285714299 0.16987179487179482 35.650000000000013 75.182142857142864 1.5000000000000002 14.500000000000002 110.55000000000001 0.13809523809523808 0.17515516611902152 5.5000000000000009 0.050862068965517211 51.500000000000007 0.043055555555555507
decision_type=2 2 2 2 2 2 2 2 2 2 2 2 2 2 2 2 2 2 2 2 2 2 2
left_child=2 8 6 4 9 18 7 12 17 -4 15 -7 -1 22 -9 16 -3 -2 -5 -8 -15 -6 -12
right_child=1 10 3 5 21 11 19 14 -10 -11 13 -13 -14 20 -16 -17 -18 -19 -20 -21 -22 -23 -24
leaf_value=-0.016310464838684507 -0.0011260218707724355 -0.0013118399780140317 -0.010329191240574706 -0.016890178068492318 0 -0.0032552291977806175 0.02084863671923191 0.011233898016873875 0.0083224098704382521 0.0029200928621560978 0 0.01535178890938957 0.0023206565708227558 0.012991151125636086 -0.0056291076330720509 0.025302907387957832 0.012917621733719594 -0.021927090652595883 0.00078994462566523175 0.00089084779511864058 0 -0.023099934031305929 -0.012567341082502239
leaf_weight=14.648241362767296 5.7234565149992722 10.689243177883325 51.617154874140397 6.3321928726509196 1.4785071904771054 9.9868381144478899 7.4158264889847469 20.032350198132921 6.501247680746018 31.871054726652801 4.5302558988332766 22.720997348660603 12.843406668864189 6.4397719390690309 3.1674437192268661 11.968039901927112 26.692982253618538 4.8336625285446644 1.7029505604878066 4.2437360864132643 6.522144602611661 27.478054385865107 5.2632642555981874
leaf_count=339 32 77 751 113 24 121 48 156 35 170 24 240 77 33 49 41 159 40 15 31 36 559 34
internal_value=-0.000303178 0.00758327 -0.00373781 -0.00684803 -0.0107452 0.00369296 0.00368225 -0.000812371 -0.00654604 -0.00531424 0.0113195 0.00981672 -0.0085335 0.000196682 0.0078631 0.0156468 0.00902862 -0.0159739 -0.0137752 0.0170625 0.00873245 -0.0222669 -0.00945826
internal_weight=304.703 89.1641 215.539 153.188 112.445 40.743 62.351 50.6914 17.0584 83.4882 72.1057 32.7078 27.4916 22.7554 23.1998 49.3503 37.3822 10.5571 8.03514 11.6596 12.9619 28.9566 9.79352
internal_count=3204 511 2693 1993 1504 489 700 621 107 921 404 361 416 127 205 277 236 72 128 79 69 583 58
is_linear=0
shrinkage=0.0435066


Tree=71
num_leaves=15
num_cat=0
split_feature=13 4 21 4 16 0 0 23 4 4 1 16 3 17
split_gain=3.80505 3.37431 3.59667 3.85589 3.11151 2.45813 2.33888 2.16691 1.96525 1.87393 1.57089 1.5333 0.95415 0.15852
threshold=0.70833333333333337 36.050000000000004 1.0000000180025095e-35 40.45000000000001 13.500000000000002 1650.0000000000002 1350.0000000000002 1.5000000000000002 35.050000000000004 37.650000000000013 2.5000000000000004 12.500000000000002 51.500000000000007 20.523076923076925
decision_type=2 2 2 2 2 2 2 2 2 2 2 2 2 2
left_child=1 4 7 5 12 -4 8 9 -6 -3 -8 -5 -1 -14
right_child=-2 2 3 11 6 -7 10 -9 -10 -11 -12 -13 13 -15
leaf_value=0.0022576216470156672 -0.023815667634011797 0.0060182617242317236 0.0045961946288735275 -0.0052319133448428803 -0.001345749666701659 -0.014079879435044873 -0.0018022380665811875 -0.0088713206732445073 0.015145231964389138 0.020682709051363764 -0.01669386184864674 0.013769231098279282 -0.00030058781539400525 -0.021941475980644984
leaf_weight=1.7018106570467377 6.088346234872005 53.1392741962336 14.446543117985128 6.1663015121594098 27.980201214086264 37.184953075135127 51.713330822065473 4.9587164279073468 17.080510144587606 28.02094507869333 13.671619487926362 23.531514121219516 1.8354658540338302 15.477771433535962
leaf_count=18 504 432 137 56 224 578 330 48 101 170 152 125 25 304
internal_value=-0.000380987 0.000567543 0.0045985 -0.00183851 -0.00454266 -0.00875162 -0.00120617 0.0104879 0.00583375 0.0123571 -0.00628691 0.00931428 -0.0182732 -0.0207795
internal_weight=302.997 296.909 167.448 81.3293 129.461 51.6315 110.446 86.1189 45.0607 81.1602 65.385 29.6978 19.015 17.3132
internal_count=3204 2700 1546 896 1154 715 807 650 325 602 482 181 347 329
is_linear=0
shrinkage=0.0435066


Tree=72
num_leaves=16
num_cat=0
split_feature=13 4 21 4 6 6 1 6 7 9 0 16 16 17 18
split_gain=3.68938 3.09651 3.05617 3.3965 2.4874 3.50404 3.01664 2.79644 2.12297 2.00806 1.91178 1.89302 1.40012 0.885518 0.718585
threshold=0.70833333333333337 35.850000000000001 1.0000000180025095e-35 40.45000000000001 71.15000000000002 69.65000000000002 1.5000000000000002 145.75000000000003 4.5000000000000009 0.025167084377610654 1650.0000000000002 9.5000000000000018 12.500000000000002 64.761538461538478 8.5000000000000018
decision_type=2 2 2 2 2 2 2 2 2 2 2 2 2 2 2
left_child=1 4 9 10 5 6 -1 8 -6 13 -4 -11 -5 -3 -7
right_child=-2 2 3 12 7 14 -8 -9 -10 11 -12 -13 -14 -15 -16
leaf_value=0.00039603525967491974 -0.023505189528331139 -0.010107039138733584 0.0030774962592588257 -0.005014738445222558 -0.022425947147855462 -0.00046337384301364836 -0.020097509203225249 0.0066716321471196049 0.0013471122017460664 -0.0072690549922696879 -0.01299063196504169 0.013542849711169026 0.013154322225557381 0.0063221940807352195 0.017474478266413601
leaf_weight=48.27925368398428 5.9553561487700781 9.2906353748403472 16.278085842262954 6.1390953492373255 25.424049175810069 3.5637020366266396 11.807847309857605 7.2507789228111497 7.2403006209060541 4.4838700098916879 36.761862148530781 76.686618278268725 23.140261163935065 3.9147712253034106 14.083217764273284
leaf_count=305 504 96 163 56 342 62 135 35 80 77 579 548 125 25 72
internal_value=-0.000302023 0.000632926 0.00424396 -0.00174863 -0.00464741 0 -0.00505236 -0.0126158 -0.0175518 0.00934615 -0.00809302 0.0118235 0.00884397 -0.00424616 0.0142872
internal_weight=300.3 294.344 176.695 82.3193 117.649 77.734 60.0871 39.9151 32.6643 94.3759 53.0399 81.1705 29.2794 13.2054 17.6469
internal_count=3204 2700 1669 923 1031 574 440 457 422 746 742 625 181 121 134
is_linear=0
shrinkage=0.0435066


Tree=73
num_leaves=15
num_cat=0
split_feature=13 18 6 6 11 9 6 1 14 10 9 11 7 24
split_gain=3.43816 2.30138 1.78818 4.17459 4.03085 2.55989 2.20406 1.65092 2.39964 1.67765 1.29785 1.2138 0.865895 0.469251
threshold=0.70833333333333337 8.5000000000000018 100.60000000000001 108.15000000000002 0.052177858439201405 0.10281902844198336 69.450000000000017 6.5000000000000009 1.5000000000000002 0.21825396825396823 0.047065337763012159 0.16904761904761903 5.5000000000000009 1.0000000180025095e-35
decision_type=2 2 2 2 2 2 2 2 2 2 2 2 2 2
left_child=1 7 4 12 10 -5 -6 8 9 -1 -3 -10 -4 -9
right_child=-2 2 3 5 6 -7 -8 13 11 -11 -12 -13 -14 -15
leaf_value=-0.011244464559974089 -0.022830510013900567 0.0040515017337966327 -0.022013698526628576 0.0078466295571155264 0 -0.010986603694801037 0.024515814988842075 0.01532796985553837 -0.020317792963266638 0.00093762978048003221 -0.011449939763760162 0.0024790069018322991 0 -0.0011214702717378187
leaf_weight=20.519386420957744 5.7356385666644192 21.521508031524721 9.7507595843635482 65.79577664565295 8.764215022325514 10.481905924156306 23.518937733955681 4.7111047441139808 16.128031778382141 93.727675533853471 9.4132035635411722 2.9500066963955751 3.3003554344177237 1.9821228175424037
leaf_count=328 504 131 129 414 53 73 99 62 416 802 54 59 27 53
internal_value=-0.000221901 0.000675461 0.0043133 0.000114271 0.00953706 0.0044759 0.018914 -0.00323471 -0.00455206 -0.00165565 -0.00156811 -0.0166656 -0.0178637 0.0115441
internal_weight=298.301 292.565 152.547 89.3288 63.2179 76.2777 32.2832 140.018 133.325 114.247 30.9347 19.078 13.0511 6.69323
internal_count=3204 2700 980 643 337 487 152 1720 1605 1130 185 475 156 115
is_linear=0
shrinkage=0.0435066


Tree=74
num_leaves=22
num_cat=0
split_feature=5 4 6 6 0 6 4 6 16 17 6 5 27 22 17 1 27 6 23 10 17
split_gain=3.70199 3.18428 3.1761 3.16055 2.60033 4.46228 4.30197 2.33845 2.33564 2.07491 2.01935 1.68359 1.49632 1.0571 0.683791 0.515004 0.502234 0.177927 0.113232 0.0201851 0.00299683
threshold=6.6500000000000012 36.050000000000004 72.250000000000014 69.65000000000002 1650.0000000000002 110.55000000000001 37.750000000000007 60.95000000000001 15.500000000000002 42.819047619047623 145.75000000000003 189.65000000000003 3.5000000000000004 1.5000000000000002 69.980769230769241 6.5000000000000009 1.0000000180025095e-35 60.750000000000007 1.0000000180025095e-35 0.12074829931972787 82.045089285714297
decision_type=2 2 2 2 2 2 2 2 2 2 2 2 2 2 2 2 2 2 2 2 2
left_child=14 2 3 8 7 9 -7 17 -2 -6 11 -4 -5 -9 15 16 -1 -3 20 -18 -16
right_child=1 4 10 12 5 6 -8 13 -10 -11 -12 -13 -14 -15 18 -17 19 -19 -20 -21 -22
leaf_value=0.00065004766791185436 0 -0.0095138286114040578 -0.020110081710242918 -0.0023112727968503002 0.0022209682085711177 -0.0036536570608438936 0.017274830370091494 0.019986641011716499 -0.020319477233723942 -0.014554446339019327 0.0040202535001259126 0.0027311576323644183 0.018424829244590803 -3.126713221834597e-05 0 0.00050136192739232274 0 0.00031388755774272044 0.0047195952030464573 -0.021707775400186605 -0.0027379456506694323
leaf_weight=0.79714729543776286 53.397711330791935 2.8595763328485182 29.529818017734215 6.283036146778616 19.484571519307792 28.022859842283651 36.875771512277424 31.002366322558373 6.8823147136718026 27.631433788919821 7.5794229432940474 4.7363372892141333 16.290563924005255 4.585703255608677 0.59835033584386044 1.2124479885678727 0.76404952304437657 2.0230995584279299 1.1608994831331072 14.548459567828102 0.69165843003429472
leaf_count=15 384 56 429 56 255 258 233 196 72 380 44 24 120 29 27 41 21 17 24 491 32
internal_value=-0.000300459 0.00112009 -0.00388092 0.00109701 0.00526459 0.00146856 0.00858821 0.013896 -0.00407883 -0.00800234 -0.0127651 -0.016774 0.0130822 0.0175624 -0.0159386 -0.0182822 -0.0198783 -0.00670666 0.000750707 -0.0212834 -0.00248901
internal_weight=296.958 277.185 124.699 82.8536 152.485 112.015 64.8986 40.4707 60.28 47.116 41.8456 34.2662 22.5736 35.5881 19.773 17.3221 16.1097 4.88268 2.45091 15.3125 1.29001
internal_count=3204 2553 1129 632 1424 1126 491 298 456 635 497 453 176 225 651 568 527 73 83 512 59
is_linear=0
shrinkage=0.0435066


Tree=75
num_leaves=24
num_cat=0
split_feature=4 16 10 5 13 11 1 5 11 4 16 2 2 11 0 11 4 10 2 5 2 10 10
split_gain=6.33978 3.31909 2.86871 3.08041 3.04115 2.74887 2.34247 6.6054 2.52786 2.24769 2.10258 3.02038 1.95994 1.71847 1.01199 0.567148 0.538298 0.322462 0.302815 0.283139 0.810571 0.168849 0.18898
threshold=35.850000000000001 15.500000000000002 0.24638060352346061 92.750000000000014 0.36666666666666675 0.044949494949494906 1.5000000000000002 36.45000000000001 0.097619047619047619 40.750000000000007 14.500000000000002 11.500000000000002 1.5000000000000002 0.081666666666666665 1350.0000000000002 0.11173533083645441 34.650000000000013 0.18113465481886534 9.5000000000000018 38.750000000000007 8.5000000000000018 0.25403225806451618 0.25873937103522743
decision_type=2 2 2 2 2 2 2 2 2 2 2 2 2 2 2 2 2 2 2 2 2 2 2
left_child=6 2 3 9 12 -5 7 10 21 -2 11 -1 -4 17 16 -16 -10 -3 -15 20 -9 -8 -23
right_child=1 13 4 5 -6 -7 8 19 14 -11 -12 -13 -14 18 15 -17 -18 -19 -20 -21 -22 22 -24
leaf_value=-0.0050429016334822023 -0.014247413058853893 0.023376053993046462 -0.0091766233033451355 0.013152273909375846 -0.01391127052454624 -0.0066527799023220714 -0.023449275128751688 0.010238292940663135 -0.0031977180108668881 0.0047185527660910829 0.008115817026007997 -0.032123829122003032 0.013855086612042201 -0.0066744766818637698 0.0035664426185073529 -0.013274401641785128 0.011948683837451925 0.0040009964269627383 0.0039686005087950955 0.016010569755812429 -0.0042902012522826171 0.0017925031785397127 -0.0071905945331018368
leaf_weight=22.87821989133954 41.864795735571533 16.771569550503052 2.8982246546074739 23.907544748857617 4.4308583841193458 17.378183175809681 26.331456616055224 9.4295650944113785 2.0998151864623633 11.171303106471894 2.7133405441418281 9.8680154853500408 50.300419783685356 3.6533759050071231 1.145317947026341 4.9923102539032698 6.0512158470228314 6.599537508096545 3.0236902022734284 11.545238168910144 7.1258831955492488 1.7509025176987041 3.7024655449204147
leaf_count=251 691 83 43 134 250 125 381 35 36 75 40 110 446 40 16 150 68 42 24 53 34 27 67
internal_value=-0.000928217 0.00398212 0.00103301 -0.00351648 0.00823693 0.00483466 -0.0089325 -0.00279235 -0.0158159 -0.0100042 -0.0142859 -0.0174376 0.0115671 0.015778 0 -0.00911758 0.00767295 0.0203072 -0.00151176 0.0113791 0.00410283 -0.0216422 -0.0040593
internal_weight=291.633 182 151.951 94.3218 57.6295 41.2857 109.634 63.5603 46.0735 53.0361 35.4596 32.7462 53.1986 30.0482 14.2887 6.13763 8.15103 23.3711 6.67707 28.1007 16.5554 31.7848 5.45337
internal_count=3221 1953 1764 1025 739 259 1268 523 745 766 401 361 489 189 270 166 104 125 64 122 69 475 94
is_linear=0
shrinkage=0.0435066


Tree=76
num_leaves=22
num_cat=0
split_feature=4 0 4 6 6 5 7 16 9 25 5 6 5 6 20 4 11 8 5 2 9
split_gain=5.72194 3.51108 4.50411 3.9807 3.65677 2.72802 2.32577 2.11342 2.02961 2.15911 4.49291 5.05681 3.60629 3.11769 1.5423 1.51735 1.50695 1.37955 1.20391 0.106378 0.0381086
threshold=35.850000000000001 1650.0000000000002 38.850000000000001 60.650000000000013 110.35000000000001 239.10000000000002 2.5000000000000004 12.500000000000002 0.04016129032258061 2.5000000000000004 36.45000000000001 145.75000000000003 41.250000000000007 69.550000000000011 5.5000000000000009 36.750000000000007 0.031372549019607808 2022.5000000000002 95.500000000000014 11.500000000000002 0.066081498999454216
decision_type=2 2 2 2 2 2 2 2 2 2 2 2 2 2 2 2 2 2 2 2 2
left_child=8 3 5 20 16 14 15 -6 19 10 11 -10 -12 17 -3 -5 -4 -11 -15 -1 -2
right_child=1 2 4 6 7 -7 -8 -9 9 13 12 -13 -14 18 -16 -17 -18 -19 -20 -21 -22
leaf_value=-0.023615823271779701 -0.014516445360005355 -0.014098522631050226 0.0082118217402341199 -0.012795300943560357 -0.0013378950980448955 0.012206696171166218 0.021294659974193244 0.022835399408617677 -0.023358747548285045 -0.016899710176683833 0.012007141904375573 0.01227226217693202 -0.015102320674521767 0.019510141927709317 0 0.0095635900787188026 -0.0087088921516651364 0.0051208873825682368 -0.0022182221567259523 -0.001906290914044948 -0.00023735951759551455
leaf_weight=10.423878673464058 2.6882742349989703 44.765842777327634 9.5213181688450295 4.2705821495037508 7.0463373260572579 6.1617262586951247 36.402138554956764 22.673651134595275 34.501486505847424 7.6474346762988734 21.410518346354369 4.5524938248563549 7.4014016115106633 11.87107441597618 20.896031648851931 5.6626524841412902 19.500024453504011 3.9302985502872616 3.8438159916549912 2.7866666873451313 2.1676494530402124
leaf_count=174 68 637 94 67 72 32 213 121 565 128 84 32 69 109 304 52 260 54 21 32 33
internal_value=-0.000825163 0.00382578 -4.52374e-05 0.0127636 0.00832819 -0.00714517 0.0168847 0.0176163 -0.00848791 -0.00528342 -0.0092372 -0.0178232 0.00325678 0.00413561 -0.0100388 -0.000697644 -0.00238626 -0.00971569 0.0146501 -0.0216895 -0.0128165
internal_weight=290.125 181.756 130.565 51.1913 58.7413 71.8236 46.3354 29.72 108.369 95.1585 67.8659 39.054 28.8119 27.2926 65.6619 9.93323 29.0213 11.5777 15.7149 13.2105 4.85592
internal_count=3221 1953 1520 433 547 973 332 193 1268 1062 750 597 153 312 941 119 354 182 130 206 101
is_linear=0
shrinkage=0.0435066


Tree=77
num_leaves=23
num_cat=0
split_feature=4 16 4 6 0 4 2 17 7 2 4 2 6 5 16 6 16 6 2 9 18 2
split_gain=5.57058 3.78988 2.43142 2.57015 2.52327 2.89657 2.55846 2.12313 1.98672 1.92808 3.36827 3.59754 2.11185 2.28099 1.94508 1.83904 1.634 1.42379 0.929475 0.782572 0.709319 1.00899
threshold=35.850000000000001 15.500000000000002 39.150000000000013 110.35000000000001 1650.0000000000002 36.750000000000007 12.500000000000002 53.06964285714286 3.5000000000000004 9.5000000000000018 35.050000000000004 17.500000000000004 69.450000000000017 36.650000000000013 13.500000000000002 70.950000000000017 12.500000000000002 69.250000000000014 9.5000000000000018 0.10281902844198336 13.500000000000002 3.5000000000000004
decision_type=2 2 2 2 2 2 2 2 2 2 2 2 2 2 2 2 2 2 2 2 2 2
left_child=8 2 4 7 5 -2 -6 -4 15 12 11 -11 13 -10 -14 17 -5 -1 20 -19 21 -3
right_child=1 18 3 16 6 -7 -8 -9 9 10 -12 -13 14 -15 -16 -17 -18 19 -20 -21 -22 -23
leaf_value=-0.016313551836922825 -0.0062695722051391697 0.0081080760173506475 0.0072189600524413386 -0.0011647316031282609 -0.011695722550354745 0.015378028745027306 0.0091959864962407514 -0.012801303830763243 -0.015705494701371229 -0.023693450935786817 0.010207791249386471 0.0096110511806908848 -0.0079547716399151151 0.0062618782148602435 0.014409270587673377 -0.027049424417141556 0.021120075791156018 -0.0037762449785641015 0.021886192802967146 0.012246567464439896 0.011828701853859497 -0.01052955681465273
leaf_weight=2.9659058211836991 16.835116946604103 3.2467809757217783 16.306303838267926 6.3240267490036812 56.556462784996256 17.444225970190018 7.8499824684113255 11.242330539505927 14.598229188239204 22.620729302056141 5.5084348684176794 3.4705296624451867 4.8134845730382976 9.9471531994640809 19.840741109568626 12.520263158017768 18.495111713185906 5.8995550512336177 16.201671649236232 4.6941485706483945 4.4303630311042062 5.9206665717065334
leaf_count=84 228 30 156 65 851 127 97 139 163 226 55 16 104 46 154 301 101 72 85 47 21 53
internal_value=-0.00111283 0.00348082 0.000362636 0.00748319 -0.00354964 0.00519644 -0.00839638 -0.00154141 -0.00872802 -0.00447051 -0.0118448 -0.0179191 0.000916499 -0.00703281 0.00896957 -0.0180786 0.016059 -0.00320218 0.0161081 0.00469514 0.00386255 -0.0026603
internal_weight=287.732 180.853 151.054 52.3678 98.6858 34.2793 64.4064 27.5486 106.879 80.7993 31.5997 26.0913 49.1996 24.5454 24.6542 26.0799 24.8191 13.5596 29.7995 10.5937 13.5978 9.16745
internal_count=3221 1953 1764 461 1303 355 948 295 1268 764 297 242 467 209 258 504 166 203 189 119 104 83
is_linear=0
shrinkage=0.0435066


Tree=78
num_leaves=19
num_cat=0
split_feature=4 6 4 6 25 6 20 6 27 4 6 4 7 2 7 28 2 6
split_gain=5.69566 3.58128 3.86357 3.72934 2.5976 2.55241 2.50376 2.63392 1.73435 1.70015 1.51694 1.98522 2.82321 2.35857 1.08628 0.371116 0.183493 0.14951
threshold=36.050000000000004 91.15000000000002 38.750000000000007 60.750000000000007 1.5000000000000002 110.35000000000001 5.5000000000000009 123.25000000000001 3.5000000000000004 39.350000000000001 145.45000000000002 34.550000000000004 3.5000000000000004 17.500000000000004 2.5000000000000004 1.4950000000000003 13.500000000000002 61.45000000000001
decision_type=2 2 2 2 2 2 2 2 2 2 2 2 2 2 2 2 2 2
left_child=4 3 6 15 16 9 7 -3 -8 -4 11 13 -13 -6 -7 -2 -1 -5
right_child=1 2 5 17 10 14 8 -9 -10 -11 -12 12 -14 -15 -16 -17 -18 -19
leaf_value=-0.026192192854535608 -0.014294125679343028 -0.018155119104108792 0.0097369482713197692 0.0039982602992507431 -0.014470737660216653 -0.00079362861677876727 -0.006207246834532114 0.0014244297105217801 0.013642798390981968 -0.007282130273039155 0.0097842700661635185 -0.0098714519228149371 0.0089364794410484501 0.010332349059278307 0.018837661467151479 0.000902193384191224 -4.0366895966194553e-05 0.022005286205362171
leaf_weight=8.6747126816771907 2.8415559993591151 30.170699075912125 11.727133089443667 5.8429822574835297 50.568133498774841 4.6513937246054438 9.5387168931774795 17.374498724704608 11.273334043100476 21.699683616869152 5.5839497894048682 22.269614055519924 25.272577370516956 3.1340893264859906 24.88979706633836 1.7495758705772457 1.3551435568369914 25.592311732936651
leaf_count=187 61 500 167 42 507 49 177 132 99 236 19 421 258 15 148 23 17 163
internal_value=-0.00099916 0.00405875 0.000405302 0.0150376 -0.00815597 0.00784136 -0.00639628 -0.0115046 0.00486572 -0.000444715 -0.00518665 -0.00664758 0 -0.0118945 0.0158825 -0.0104645 -0.024675 0.0201849
internal_weight=284.21 167.352 131.325 36.0264 116.858 62.968 68.3572 47.5452 20.8121 33.4268 106.828 101.244 47.5422 53.7022 29.5412 4.59113 10.0299 31.4353
internal_count=3221 1797 1508 289 1424 600 908 632 276 403 1220 1201 679 522 197 84 204 205
is_linear=0
shrinkage=0.0435066


Tree=79
num_leaves=25
num_cat=0
split_feature=4 6 4 6 6 7 5 5 6 1 6 6 22 7 11 6 5 7 9 5 13 6 4 10
split_gain=5.46891 2.67005 3.85101 3.07558 2.89621 1.93708 2.54773 4.98632 5.76038 3.25903 2.2843 1.87016 1.93695 1.52377 1.42822 1.41021 1.28377 1.23443 1.03358 0.96594 0.957542 0.702576 0.349044 0.216923
threshold=36.050000000000004 100.60000000000001 39.150000000000013 110.35000000000001 60.750000000000007 3.5000000000000004 30.450000000000003 36.45000000000001 145.45000000000002 2.5000000000000004 72.050000000000011 108.05000000000001 1.0000000180025095e-35 2.5000000000000004 0.026671408250355601 111.85000000000001 167.85000000000002 2.5000000000000004 0.12625838926174496 171.30000000000004 1.0000000180025095e-35 72.250000000000014 36.95000000000001 0.24638060352346061
decision_type=2 2 2 2 2 2 2 2 2 2 2 2 2 2 2 2 2 2 2 2 2 2 2 2
left_child=5 4 11 14 23 10 15 8 -8 -9 16 22 -13 21 -4 20 18 -5 -1 -15 -7 -6 -3 -2
right_child=1 2 3 17 13 6 7 9 -10 -11 -12 12 -14 19 -16 -17 -18 -19 -20 -21 -22 -23 -24 -25
leaf_value=-0.013716042039454786 -0.013014868642135026 0 0.0091022983430794034 -0.00088367816728206032 -0.0095144277091315631 0.017738814087265509 -0.026386614677149946 0.010852073120626957 0.012299546319957496 -0.011296079648771511 -0.026928166833999102 0.0025258093850256077 -0.015932547793405201 0.022930600973496213 -0.008620264040278271 -0.0083833469480512381 0.01039153005404065 0.020665806421930569 0.0050993790559900306 0.0001606645143820676 -0.003307321032694301 0.0064343608063048311 -0.01811312149947911 0
leaf_weight=11.177901531104004 2.450755260186269 2.9844993783626732 7.0939797139726606 4.3819013871252563 2.3317731216084194 11.633486084640024 26.099407456349585 26.420039751566947 4.8070848304778329 13.771983470767735 13.181497141835278 47.725923548918217 6.8418088990729293 25.440108018694449 16.578306239331141 1.7546877739951003 3.0785817690193644 23.08522502053529 3.0910329004982477 5.0785995610058299 2.009879622841253 6.2567789885215461 14.22324229381047 2.0666675358079374
leaf_count=181 59 52 65 47 30 118 292 122 20 104 335 472 90 149 213 69 14 129 59 24 110 73 369 25
internal_value=-0.00104021 0.00393687 0.000379838 0.00896434 0.0124062 -0.00803868 -0.00396375 -0.00751181 -0.0190064 0.00253008 -0.0165839 -0.00584495 -0.00107651 0.0162793 -0.00215721 0.00932138 -0.00309466 0.0174214 -0.00883466 0.0201084 0.0140719 0 -0.0160924 -0.0100225
internal_weight=283.565 166.54 122.915 51.1394 43.6247 117.026 86.4966 71.0985 30.9065 40.192 30.529 71.7755 54.5677 39.1073 23.6723 15.3981 17.3475 27.4671 14.2689 30.5187 13.6434 8.58855 17.2077 4.51742
internal_count=3221 1797 1437 454 360 1424 835 538 312 226 589 983 562 276 278 297 254 176 240 173 228 103 421 84
is_linear=0
shrinkage=0.0435066


Tree=80
num_leaves=20
num_cat=0
split_feature=16 4 21 2 2 17 10 4 5 4 2 9 5 17 23 7 5 27 18
split_gain=3.14776 2.75713 2.33832 4.06151 2.72416 2.51772 1.99248 1.92587 1.89989 1.80921 0.849023 1.33905 0.765933 0.685937 0.684209 0.379242 0.283063 0.20512 0.15485
threshold=12.500000000000002 42.350000000000001 1.0000000180025095e-35 4.5000000000000009 1.5000000000000002 47.337362637362638 0.24638060352346061 37.750000000000007 34.850000000000001 39.45000000000001 10.500000000000002 0.029513888888888853 61.150000000000013 35.103571428571435 1.0000000180025095e-35 3.5000000000000004 184.00000000000003 3.5000000000000004 4.5000000000000009
decision_type=2 2 2 2 2 2 2 2 2 2 2 2 2 2 2 2 2 2 2
left_child=7 2 4 5 17 -4 -5 10 -6 13 11 12 -1 18 -11 -12 -13 -2 -9
right_child=1 -3 3 6 8 -7 -8 9 -10 14 15 16 -14 -15 -16 -17 -18 -19 -20
leaf_value=-0.009158442093522243 0 0.019954321853041194 0.014908117602475224 -0.020444129525752724 -0.0023584483514965892 -0.0088346789993507119 0 0.0024683691687912893 0.0077684633171261341 -0.014862298362001576 -0.0053058375475862904 -0.021038392613938712 0.0070513615574001607 0.015035372856109985 0.0028874983411231636 0.0071518125761838736 0 -0.018158506376651559 -0.0057965283576867782
leaf_weight=3.745077553438021 2.1868205666542044 7.4557515829801551 15.32612117379904 25.402675572084263 46.734980612178333 7.7981783859431735 13.495676432969047 1.4266213558148622 99.503550694324076 5.5795139628462485 2.8351382203400126 25.801566570997242 5.3300406038761139 8.0171468323096615 2.2699479749426246 2.3977843439206481 2.1815175842493764 4.9591615481767803 1.8330299821682272
leaf_count=87 12 35 120 350 751 112 220 23 533 81 48 583 37 70 24 29 14 76 37
internal_value=-0.00119962 0.00122598 0 -0.00671266 0.00289231 0.00637953 -0.0145161 -0.00942284 0.00450362 0.0013775 -0.0140454 -0.0160566 -2.39998e-05 0.0106629 -0.0100468 0.000345822 -0.0199774 -0.0157651 -0.00191485
internal_weight=284.28 222.863 215.407 62.0227 153.385 23.1243 38.8984 61.4174 146.239 19.1263 42.2911 37.0582 9.07512 11.2768 7.84946 5.23292 27.9831 7.14598 3.25965
internal_count=3242 2209 2174 802 1372 232 570 1033 1284 235 798 721 124 130 105 77 597 88 60
is_linear=0
shrinkage=0.0435066


Tree=81
num_leaves=10
num_cat=0
split_feature=4 2 16 24 10 3 11 4 7
split_gain=2.55592 2.20847 2.34515 5.06579 2.03209 2.56716 2.00069 1.55362 1.42964
threshold=42.250000000000007 17.500000000000004 14.500000000000002 1.0000000180025095e-35 0.24638060352346061 53.500000000000007 0.061862244897959155 35.150000000000013 3.5000000000000004
decision_type=2 2 2 2 2 2 2 2 2
left_child=1 2 4 7 8 -6 -5 -4 -1
right_child=-2 -3 3 6 5 -7 -8 -9 -10
leaf_value=-0.013125846029547672 0.015379244064255828 0.016797381363683823 -0.00042604005364257945 0.0021396779964374573 0.016581638232217217 -0.0030337201012179895 -0.015562544684049835 0.020986107431495201 -0.0037735406508045593
leaf_weight=56.258218041853979 10.111223578453062 4.6474794950336209 6.8698596779722747 22.353662530425936 9.5972813148982805 51.054171125870198 15.223413762520066 20.750013142824173 85.011733145453036
leaf_count=777 55 17 68 164 120 906 188 139 808
internal_value=-0.0011565 -0.00215366 -0.00291238 0.00390287 -0.00521445 0.00122784 -0.00604364 0.0163006 -0.00798065
internal_weight=281.877 271.766 267.118 65.1969 201.921 60.6515 37.5771 27.6199 141.27
internal_count=3242 3187 3170 559 2611 1026 352 207 1585
is_linear=0
shrinkage=0.0435066


Tree=82
num_leaves=19
num_cat=0
split_feature=4 6 6 6 5 17 2 7 20 6 6 11 11 5 17 25 11 4
split_gain=3.16417 3.90632 2.94092 5.00242 2.4069 3.97826 2.37226 2.35892 2.07421 1.85608 1.79788 1.7316 1.66789 1.1332 1.05585 0.970182 0.678446 0.450408
threshold=38.550000000000004 109.95000000000002 72.750000000000014 71.65000000000002 306.55000000000007 44.94583333333334 17.500000000000004 3.5000000000000004 5.5000000000000009 155.95000000000002 123.35000000000001 0.031372549019607808 0.10172413793103446 140.80000000000004 34.218636363636371 1.5000000000000002 0.072478991596638606 39.550000000000004
decision_type=2 2 2 2 2 2 2 2 2 2 2 2 2 2 2 2 2 2
left_child=2 7 3 6 5 15 8 11 -1 13 -7 17 -13 14 -3 -4 -9 -2
right_child=1 9 4 -5 -6 10 -8 16 -10 -11 -12 12 -14 -15 -16 -17 -18 -19
leaf_value=-0.0080166769047694351 -0.0040067436111313401 0 -0.0095236356121323629 0.024245050248623723 0.011422683222894726 -0.023823780894536108 0.017693679778296723 0.014663335496529709 0.0057004218140715374 -0.0045565840931852458 -0.0028160692081375719 -0.023653151047650825 0.0016786143786993865 0.00065692663176409021 0.025492995799321318 0.0012882110122610299 -0.0023591889142343895 0.0092246107861850384
leaf_weight=66.887407092144713 2.5723476163111689 3.6531962230801645 16.028791450196877 9.1347499648109061 4.9204900525510302 32.4810442160815 3.7636331748217335 6.4316063337028009 22.942290477920324 4.2864719913341096 13.454907969105987 10.822251279838381 4.7526966950390479 6.8812217190861693 20.274394495412707 44.034072906128131 2.9961669051554054 4.2380650602281094
leaf_count=648 51 47 209 42 25 600 11 56 277 35 126 171 88 39 122 629 31 35
internal_value=-0.00121787 0.0065862 -0.00383024 0.00138144 -0.00855162 -0.0101762 -0.00218245 -0.00393735 -0.00426021 0.0154903 -0.0189769 -0.0110145 -0.0172523 0.0188579 0.0225003 -0.00209559 0.00986867 0.00395576
internal_weight=280.556 66.9084 213.647 102.728 110.919 105.999 93.5933 31.8131 89.8297 35.0953 45.936 22.3854 15.5749 30.8088 23.9276 60.0629 9.42777 6.81041
internal_count=3242 675 2567 978 1589 1564 936 432 925 243 726 345 259 208 169 838 87 86
is_linear=0
shrinkage=0.0435066


Tree=83
num_leaves=13
num_cat=0
split_feature=13 6 6 6 2 14 5 5 6 6 4 6
split_gain=2.83652 2.0664 2.75176 3.98519 3.63866 2.15402 2.12757 1.84529 1.32455 1.01551 0.894271 0.75596
threshold=1.0000000180025095e-35 155.95000000000002 123.25000000000001 121.05000000000001 13.500000000000002 1.5000000000000002 35.650000000000013 86.65000000000002 164.95000000000002 122.95000000000002 37.850000000000001 109.75000000000001
decision_type=2 2 2 2 2 2 2 2 2 2 2 2
left_child=1 2 3 5 6 -1 -4 10 -3 -5 -2 -12
right_child=7 8 4 9 -6 -7 -8 -9 -10 -11 11 -13
leaf_value=0.0032329740180983184 -0.024389358814579782 -0.019668948937117469 0 -0.023049338998822413 -0.010073014719717839 -0.0079925171169962714 0.02522386276457458 0.0050229140575005033 0.0031719198152123846 7.3147120607382218e-05 -0.0091360612909446234 0.0091806685107502003
leaf_weight=167.76578510506079 11.485829773941079 8.8865138627588731 8.2628416167572194 10.967055830173193 6.1860608011484137 33.041082881391048 17.216063138097525 3.5962087800726286 3.690263904631137 3.39646525774151 2.3972039269283405 1.6325493436306713
leaf_count=1506 680 88 98 114 44 354 70 31 30 26 169 32
internal_value=-0.00120383 0.000118878 0.00119282 -0.00065367 0.011974 0.00114416 0.018603 -0.0150155 -0.0136443 -0.0187829 -0.0202291 0
internal_weight=278.524 259.412 246.835 215.17 31.665 200.807 25.4789 19.1118 12.5768 14.3635 15.5156 4.02975
internal_count=3242 2330 2212 2000 212 1860 168 912 118 140 881 201
is_linear=0
shrinkage=0.0435066


Tree=84
num_leaves=17
num_cat=0
split_feature=13 16 5 17 6 0 6 0 18 3 23 1 6 1 2 10
split_gain=2.72428 1.95372 1.75326 1.50673 3.62265 2.67604 2.49642 1.88142 1.18269 1.84316 0.906577 0.717571 0.576324 0.554206 0.457148 0.117358
threshold=1.0000000180025095e-35 12.500000000000002 86.65000000000002 43.766666666666673 69.65000000000002 1350.0000000000002 122.95000000000002 1900.0000000000002 11.500000000000002 52.500000000000007 1.0000000180025095e-35 6.5000000000000009 162.95000000000002 5.5000000000000009 5.5000000000000009 0.23875968992248062
decision_type=2 2 2 2 2 2 2 2 2 2 2 2 2 2 2 2
left_child=1 8 11 4 -3 13 -7 -6 9 14 -11 12 -2 -5 -1 -13
right_child=2 3 -4 5 7 6 -8 -9 -10 10 -12 15 -14 -15 -16 -17
leaf_value=-0.0029955741235903536 -0.02389360674987091 -0.014941179057931946 0.004810264281732428 0.010905470235455775 0.0157360679478937 -0.0071309349065767072 0.0066800316167696609 -0.0033458200502858291 0.0056920977556528442 -0.017755394306679335 -0.0019801787368852932 0.0043251355550108783 0.00094912782799403544 -0.0014806813583066345 0.0093306090088230553 -0.0032236755365765545
leaf_weight=4.4280825378373248 12.755669389618561 5.2115492541342965 3.646270563825964 32.488629627972841 40.011177647858858 85.0704375654459 27.518192901276052 8.8094976330175978 6.9854227080941191 22.902207361534238 13.405496319290249 1.3350269524380558 0.57543342490680593 4.9010469801723948 5.9971948377788067 0.7279039816930889
leaf_count=60 771 52 31 212 322 793 194 68 41 322 190 38 15 27 49 57
internal_value=-0.0010832 0.000216434 -0.0146386 0.00222407 0.00801843 -4.60653e-05 -0.00348998 0.0121223 -0.00665662 -0.00916231 -0.0133538 -0.0197655 -0.0223543 0.0090737 0.0043622 6.21663e-05
internal_weight=276.769 257.729 19.0403 204.011 54.0322 149.978 112.589 48.8207 53.7184 46.733 36.3077 15.394 13.3311 37.3897 10.4253 2.06293
internal_count=3242 2330 912 1668 442 1226 987 390 662 621 512 881 786 239 109 95
is_linear=0
shrinkage=0.0435066


Tree=85
num_leaves=18
num_cat=0
split_feature=18 2 4 7 5 4 9 6 6 11 5 3 11 8 4 1 4
split_gain=6.50005 2.98548 2.94355 2.1189 3.48763 3.97852 3.41017 2.03964 2.32851 2.82727 1.91417 1.31909 1.08244 1.03882 2.28985 1.23028 0.0648425
threshold=13.500000000000002 3.5000000000000004 37.650000000000013 3.5000000000000004 37.050000000000004 34.050000000000004 0.033520599250936305 110.55000000000001 104.25000000000001 0.038181818181818157 131.35000000000002 55.500000000000007 0.022321428571428555 2022.5000000000002 36.050000000000004 1.5000000000000002 36.350000000000001
decision_type=2 2 2 2 2 2 2 2 2 2 2 2 2 2 2 2 2
left_child=2 -2 3 13 5 -5 -6 8 -4 -10 12 16 -9 15 -15 -1 -3
right_child=1 11 7 4 6 -7 -8 10 9 -11 -12 -13 -14 14 -16 -17 -18
leaf_value=-0.00055869081118814382 -0.0060904226447522887 0.0078004210157765607 0.01357862862177435 -0.016706146810920357 -0.014405185294868877 0.0037886863853881271 0.01188194927413103 -0.00028645002362877656 0.0063616720595343051 -0.014604923534625079 -0.0070959286016624981 0.0013052085631144105 0.018579282169348618 -0.012867020058122753 0.01230293088766149 -0.018600022075299857 0.030381822902574303
leaf_weight=10.536430931882931 5.7372272447682908 7.6684612035751405 7.3003085670061401 36.300991510506719 5.7041154112666836 26.244623011676595 37.012991886585951 5.6672371393069652 14.454295403789727 24.395070793805644 4.5124705396592608 6.7142881974577895 22.07426221575588 7.9450369819533062 6.393394072772935 35.434598271036521 11.894546573981641
leaf_count=143 28 43 50 355 58 467 197 50 174 472 35 41 159 163 70 689 48
internal_value=-0.000443716 0.0161617 -0.00302666 -0.00625937 -0.00214665 -0.0084145 0.00672508 0.00363799 -0.00209416 -0.0067888 0.0110729 0.021572 0.0151099 -0.0123775 -0.000823545 -0.0152397 0.0260774
internal_weight=275.99 32.0145 243.976 165.572 105.263 62.5456 42.7171 78.4036 46.1497 38.8494 32.254 26.2773 27.7415 60.3095 14.3384 45.971 19.563
internal_count=3242 160 3082 2142 1077 822 255 940 696 646 244 132 209 1065 233 832 91
is_linear=0
shrinkage=0.0435066


Tree=86
num_leaves=18
num_cat=0
split_feature=18 4 5 17 10 16 6 2 10 6 6 17 10 3 17 8 6
split_gain=5.52403 3.23185 2.82035 5.96087 3.18318 2.48205 2.94834 2.37783 2.3499 2.27803 2.6067 2.1173 1.97217 1.96618 1.4148 1.16249 0.628271
threshold=13.500000000000002 36.650000000000013 37.050000000000004 45.062500000000007 0.12074829931972787 14.500000000000002 145.45000000000002 3.5000000000000004 0.13809523809523808 100.60000000000001 110.55000000000001 53.06964285714286 0.14511278195488717 55.500000000000007 38.681250000000013 2019.0000000000002 71.65000000000002
decision_type=2 2 2 2 2 2 2 2 2 2 2 2 2 2 2 2 2
left_child=1 2 5 8 -5 6 -1 -2 -4 15 11 -11 -12 -7 -9 16 -3
right_child=7 9 3 4 -6 13 -8 14 -10 10 12 -13 -14 -15 -16 -17 -18
leaf_value=-0.019362959284540897 -0.0050181889589437367 -0.008908762841877315 -0.0095725003146025778 0.0094349612760972583 -0.02215604271452638 -0.0082462511963501458 0.0055289358956454922 0 0.014877180282927557 0 -0.0069256692199738401 -0.018238044585366625 0.010945969773980773 0.014254058213212914 0.02379420885070424 0.018436722753441596 0.0065246091827820063
leaf_weight=52.965070386882871 5.6391596994362798 2.9164790427312282 4.0136014195159069 3.4993425142020014 17.207844337448478 10.209311794140378 6.9766921030823132 4.7983469218015697 30.784539896063507 29.833472021156922 10.537886384874581 14.527640073676592 34.343165796948597 6.501177850412204 20.887230606749654 14.885844192933289 3.8953622882254422
leaf_count=1029 28 28 35 19 160 191 75 28 171 465 92 305 295 79 104 102 36
internal_value=-0.000345418 -0.00272017 -0.00718549 0.000208341 -0.0154669 -0.0122574 -0.0160561 0.0151125 0.0107483 0.00261693 -0.000637461 -0.00766894 0.00620774 0.00161702 0.019966 0.0134148 -0.000452507
internal_weight=274.422 243.097 132.158 55.5053 20.7072 76.6523 59.9418 31.3247 34.7981 110.94 89.2422 44.3611 44.8811 16.7105 25.6856 21.6977 6.81184
internal_count=3242 3082 1759 385 179 1374 1104 160 206 1323 1157 770 387 270 132 166 64
is_linear=0
shrinkage=0.0435066


Tree=87
num_leaves=18
num_cat=0
split_feature=18 4 10 2 16 5 5 4 3 10 17 3 16 5 3 8 6
split_gain=4.95824 3.20295 2.51076 2.23125 2.1772 3.40959 3.91231 3.16021 1.87886 1.59025 1.40787 1.19106 0.904412 0.806733 0.638951 0.637248 0.416474
threshold=13.500000000000002 36.650000000000013 0.24638060352346061 3.5000000000000004 13.500000000000002 37.050000000000004 59.45000000000001 35.350000000000001 52.500000000000007 0.31123737373737376 38.681250000000013 56.500000000000007 10.500000000000002 167.85000000000002 51.500000000000007 2021.5000000000002 90.15000000000002
decision_type=2 2 2 2 2 2 2 2 2 2 2 2 2 2 2 2 2
left_child=1 4 8 -2 13 7 -7 -6 16 12 -5 -10 -4 14 -1 -11 -3
right_child=3 2 9 10 5 6 -8 -9 11 15 -12 -13 -14 -15 -16 -17 -18
leaf_value=0 -0.0047735379779528493 0.014246731509604262 -0.0022140028211979049 -0.00014605058592074191 -0.014700602877075921 0.01381844229276977 -0.011742189155357338 0.0054452149538168617 -0.010200212677015782 -0.0058381650080182833 0.023221712657728859 0.0041905561530865467 0.017101809640758383 0.00044843124052436502 -0.020111310503021017 0.0067863381044313822 0.00088338064391259709
leaf_weight=2.6916396999731722 5.7644246579147902 4.242810050025585 2.6852442796807763 4.8258442357182529 45.532389480969869 28.645874286070466 10.541317991912363 15.74450891301967 37.896725579630584 11.314717392669992 20.421979654580355 9.2778221152257156 27.265543926041573 3.4557521231472483 23.917752164765261 6.5055927124340078 12.187013192102311
leaf_count=42 28 26 39 28 566 126 77 251 495 176 104 85 263 26 671 98 141
internal_value=-0.000179737 -0.00243713 0.00283888 0.0145258 -0.00693337 -0.00325545 0.00602839 -0.0093499 -0.00266411 0.00979159 0.0193245 -0.00701727 0.0150077 -0.0161787 -0.0183055 -0.00023243 0.00783925
internal_weight=272.917 241.905 111.375 31.0122 130.529 100.464 39.1872 61.2769 63.6044 47.7711 25.2478 47.1745 29.9508 30.0651 26.6094 17.8203 16.4298
internal_count=3242 3082 1323 160 1759 1020 203 817 747 576 132 580 302 739 713 274 167
is_linear=0
shrinkage=0.0435066


Tree=88
num_leaves=17
num_cat=0
split_feature=18 4 13 6 16 6 17 6 6 2 3 1 2 5 2 4
split_gain=4.61631 3.0341 2.10599 2.00022 2.35363 2.07749 2.72694 1.65026 3.13532 1.40184 1.90171 1.16795 0.410593 0.332668 0.205671 0.204418
threshold=13.500000000000002 37.650000000000013 0.45000000000000007 110.55000000000001 13.500000000000002 104.25000000000001 53.06964285714286 145.75000000000003 121.55000000000001 3.5000000000000004 55.500000000000007 1.0000000180025095e-35 15.500000000000002 150.05000000000004 12.500000000000002 36.350000000000001
decision_type=2 2 2 2 2 2 2 2 2 2 2 2 2 2 2 2
left_child=1 2 7 5 13 -3 -7 8 -1 -2 15 -9 -4 -5 -6 -11
right_child=9 3 12 4 14 6 -8 11 -10 10 -12 -13 -14 -15 -16 -17
leaf_value=-0.0024588481326255256 -0.0024340690531527852 0.013397221902101904 -0.023401259754196529 0.0018126092220806613 0.021710769034726542 0.002459630205594701 -0.018318564578845058 0.016694706780924322 -0.019991840471617547 0.0061615560543398879 -0.00051429651525649635 -0.0027900913372461708 0.00040824376010297126 -0.0083141371163173248 0.0028235894558253922 0.027648281450762424
leaf_weight=124.38156879716553 5.4538106503896442 7.0941879795864216 7.76045028795488 10.088312958832828 14.526682696305217 25.690338571555912 13.058864153921602 5.6351363062858564 17.443857421167195 7.3211272154003444 7.0538335535675278 6.7869304288178682 0.37421567738056172 2.8677811026573172 4.8406986305490127 10.91831229161471
leaf_count=1229 28 50 591 108 84 382 264 17 222 43 41 74 9 19 33 48
internal_value=-0.000255894 -0.00243777 -0.00578149 0.00429985 0.0116139 -0.00146841 -0.00594946 -0.0040133 -0.00546675 0.0139847 0.017615 0.00822025 -0.0219241 -0.00194393 0.0192786 0.0233229
internal_weight=271.296 240.549 162.382 78.1669 32.3235 45.8434 38.7492 154.247 141.825 30.7471 25.2933 12.4221 8.13467 12.9561 19.3674 18.2394
internal_count=3242 3082 2142 940 244 696 646 1542 1451 160 132 91 600 127 117 91
is_linear=0
shrinkage=0.0435066


Tree=89
num_leaves=15
num_cat=0
split_feature=18 4 27 13 27 4 3 2 21 6 16 3 2 2
split_gain=4.68314 3.26313 2.52431 2.1629 1.87805 1.6838 2.16541 1.53657 1.83288 1.56218 1.29322 1.27589 0.39651 0.202509
threshold=13.500000000000002 37.650000000000013 1.5000000000000002 0.45000000000000007 4.5000000000000009 42.150000000000013 56.500000000000007 10.500000000000002 1.0000000180025095e-35 69.250000000000014 13.500000000000002 55.500000000000007 4.5000000000000009 14.500000000000002
decision_type=2 2 2 2 2 2 2 2 2 2 2 2 2 2
left_child=1 3 5 7 10 6 -3 9 -9 -1 -4 12 -2 -5
right_child=11 2 4 13 -6 -7 -8 8 -10 -11 -12 -13 -14 -15
leaf_value=-0.013785190794233916 0.0027543705932370141 -0.0090681091465517269 0.0017314726302741627 -0.0231210904179633 -0.0042136236154632582 0.011908026235222925 0.010870599317943312 0.0056959860607786131 -0.012289126159674922 -0.0024852831598424297 0.025516645391427666 -0.00016442761163932217 0.021562063116881337 0
leaf_weight=34.143648869358003 6.1430822042748394 37.359691901598126 8.1641338132321888 7.5518685634015119 5.040463598445057 8.3622107058763486 7.1392957535572341 43.788424164522439 7.0414581103250375 69.351157536031678 12.459771031513808 7.5095869936048976 16.408439785242081 0.42380009125918139
leaf_count=329 33 630 79 582 47 47 70 349 81 783 67 44 83 18
internal_value=-9.05714e-05 -0.00227246 0.00468902 -0.00575128 0.0143233 -0.00087747 -0.00469177 -0.00397422 0.00191548 -0.00690053 0.0191487 0.0144043 0.0185514 -0.0221924
internal_weight=270.887 240.826 78.5256 162.3 25.6644 52.8612 44.499 154.325 50.8299 103.495 20.6239 30.0611 22.5515 7.97567
internal_count=3242 3082 940 2142 193 747 700 1542 430 1112 146 160 116 600
is_linear=0
shrinkage=0.0435066


Tree=90
num_leaves=13
num_cat=0
split_feature=4 13 21 2 10 25 2 7 10 6 11 1
split_gain=3.14232 3.01238 2.91267 4.56241 3.20517 2.05817 1.7301 1.70863 1.22037 1.06757 0.554595 0.33935
threshold=42.45000000000001 1.0000000180025095e-35 1.0000000180025095e-35 9.5000000000000018 0.24638060352346061 1.5000000000000002 4.5000000000000009 4.5000000000000009 0.12074829931972787 106.25000000000001 0.24019607843137253 7.5000000000000009
decision_type=2 2 2 2 2 2 2 2 2 2 2 2
left_child=1 2 3 5 -5 -1 9 -8 -3 -4 11 -10
right_child=-2 8 6 4 -6 -7 7 -9 10 -11 -12 -13
leaf_value=-0.012789944364393496 0.018990481493498204 0.0042769067613664703 0.0084142542930662218 0.0034797774720534479 0.023368537345773294 0.00069280411355408138 -0.014606533617609272 0.0034430115875505665 -0.02296134814119611 -0.0052688261385582047 0.00047309369679168425 0
leaf_weight=23.012603955343366 7.873751498758792 1.5134454624494562 13.708886738866569 46.634989989921451 20.105874987784773 71.567227864637971 42.146111402660608 8.6959305750206095 13.285250781453211 16.273122189566493 1.0723591814748932 0.64120640605688173
leaf_count=225 43 36 109 354 141 684 502 83 731 180 70 31
internal_value=-0.000771921 -0.00186341 -0.000380385 0.00294082 0.0111546 -0.0031011 -0.00684947 -0.0113033 -0.016912 0.0010969 -0.020166 -0.0218922
internal_weight=266.531 258.657 242.145 161.321 66.7409 94.5798 80.8241 50.842 16.5123 29.982 14.9988 13.9265
internal_count=3189 3146 2278 1404 495 909 874 585 868 289 832 762
is_linear=0
shrinkage=0.0435066


Tree=91
num_leaves=18
num_cat=0
split_feature=16 25 6 1 5 2 2 6 6 25 23 18 9 6 21 2 5
split_gain=2.8601 2.5822 3.79085 2.33399 1.65413 1.34602 1.82176 1.40288 2.81464 2.70572 1.07335 1.23796 1.04516 0.562448 0.526544 0.474384 0.307437
threshold=12.500000000000002 2.5000000000000004 69.65000000000002 1.5000000000000002 90.65000000000002 14.500000000000002 17.500000000000004 123.25000000000001 143.05000000000004 1.5000000000000002 1.0000000180025095e-35 11.500000000000002 0.033520599250936305 120.45000000000002 1.0000000180025095e-35 8.5000000000000018 5.5500000000000007
decision_type=2 2 2 2 2 2 2 2 2 2 2 2 2 2 2 2 2
left_child=10 5 3 -3 -4 7 -7 9 -9 -2 11 14 -12 16 15 -1 -14
right_child=1 2 4 -5 -6 6 -8 8 -10 -11 12 -13 13 -15 -16 -17 -18
leaf_value=-0.0091160286480126505 -0.016466060632225402 0.0091397345499826411 0.023007684389717613 -0.018092585768273842 0 -0.01960608689378204 0.0062616137355715048 0.018298454122189882 -0.0041300225195725739 0.00071128716637283186 0.0097109734226571067 0.003285649708897137 0.00072536215156225668 0.0044728742527631237 -0.021229374015661662 0.0029196622669803284 -0.011255215027616079
leaf_weight=11.333936690702101 13.754562567570245 4.7577540923375619 20.918133594328541 6.9723934046924114 7.6783335097134104 8.5030454061925393 3.3081492092460385 14.907818343490364 16.007902594050393 111.78751212370116 5.3106261790962916 4.2592024467885485 2.3164515000535202 2.2824243863578877 15.192355070263147 4.0757100365590313 11.946567478124051
leaf_count=240 190 39 153 95 39 85 15 105 171 1297 71 24 77 44 292 51 201
internal_value=-0.000942898 0.00143115 0.0104913 -0.00717576 0.0180119 -0.000992756 -0.0121611 0.00024112 0.00771889 -0.00181411 -0.00908116 -0.0132243 -0.000598152 -0.00615289 -0.0159669 -0.0055517 -0.00920747
internal_weight=265.313 208.596 40.3266 11.7301 28.5965 168.269 11.8112 156.458 30.9157 125.542 56.7173 34.8612 21.8561 16.5454 30.602 15.4096 14.263
internal_count=3189 2189 326 134 192 1863 100 1763 276 1487 1000 607 393 322 583 291 278
is_linear=0
shrinkage=0.0435066


Tree=92
num_leaves=14
num_cat=0
split_feature=4 13 16 2 4 8 10 5 8 10 10 1 18
split_gain=2.8717 2.75317 2.47503 2.76521 2.04254 1.98301 1.25802 1.95829 1.23653 1.02991 0.501384 0.268641 0.105968
threshold=42.45000000000001 1.0000000180025095e-35 14.500000000000002 9.5000000000000018 35.250000000000007 2022.5000000000002 0.16374829001367988 210.65000000000003 2019.0000000000002 0.12074829931972787 0.51797385620915037 7.5000000000000009 3.5000000000000004
decision_type=2 2 2 2 2 2 2 2 2 2 2 2 2
left_child=1 2 6 5 -5 -4 7 -1 -8 -3 11 -11 -12
right_child=-2 9 3 4 -6 -7 8 -9 -10 10 12 -13 -14
leaf_value=-0.011991917257836401 0.0182085664818992 0.0035872400418291376 -0.009326459201942295 -0.0029335319168578575 0.020800699738485709 0.01015618982625765 -0.0077946751310679291 0.0060320467979782296 0.0016964029456707952 -0.022000800475194475 -0.0028532639306404137 0 0.0044872507984145349
leaf_weight=43.216383365914226 7.6126226112246504 1.4584288562182361 19.813962081912905 6.2780776568688479 20.957678929902613 9.2268165815621632 27.321011493913829 9.6011521220207197 103.66395653877407 12.924111065687608 0.59452112484723219 0.60108897835016328 0.58398374449461699
leaf_count=509 43 36 169 53 115 59 312 59 1002 723 72 31 6
internal_value=-0.000859995 -0.00190238 -0.000477164 0.00697852 0.0155213 -0.00212628 -0.00297365 -0.00824311 -0.000485605 -0.0164085 -0.019359 -0.0210748 0.000194958
internal_weight=263.854 256.241 240.079 56.2765 27.2358 29.0408 183.803 52.8175 130.985 16.1621 14.7037 13.5252 1.1785
internal_count=3189 3146 2278 396 168 228 1882 568 1314 868 832 754 78
is_linear=0
shrinkage=0.0435066


Tree=93
num_leaves=22
num_cat=0
split_feature=16 17 6 0 3 3 2 1 0 6 10 18 17 23 6 6 2 0 2 18 10
split_gain=2.46168 3.01885 2.52289 1.98915 1.75643 1.47078 1.52659 1.31325 1.3129 1.18867 1.18152 1.10235 1.07504 0.888501 0.759821 0.723985 0.404817 0.416554 0.31541 0.263062 0.0515873
threshold=12.500000000000002 44.636904761904773 69.65000000000002 1350.0000000000002 52.500000000000007 52.500000000000007 3.5000000000000004 6.5000000000000009 1900.0000000000002 110.65000000000002 0.18734335839598995 11.500000000000002 35.735267857142865 1.0000000180025095e-35 70.450000000000017 108.05000000000001 5.5000000000000009 1100.0000000000002 11.500000000000002 13.500000000000002 0.15677668539325842
decision_type=2 2 2 2 2 2 2 2 2 2 2 2 2 2 2 2 2 2 2 2 2
left_child=4 2 12 10 16 9 -7 8 -4 -5 19 13 -2 18 -12 -15 17 -1 -6 -3 -18
right_child=1 3 7 5 11 6 -8 -9 -10 -11 14 -13 -14 15 -16 -17 20 -19 -20 -21 -22
leaf_value=0.0049776119376411321 0.0033398388272105652 0.017596943709707605 0.017421532472024725 -0.0046484675525297744 -0.019917879576215554 0.0025981092495387386 -0.009487363535887321 -0.0042551426038987443 0.00038794885748857417 0.015308600065874875 -0.007440814099710035 0.0024449118110341701 -0.018197020442644547 -0.0097001365450710905 0.0052837418073113243 0.0039981272397301062 0.010821219776383372 -0.00836335300768868 0 0.00085345127867844032 0
leaf_weight=1.713061147602273 3.9205775689333668 7.3294507546816003 39.157872047740966 5.1657606260851008 22.101152185932737 21.290521329967305 76.294230440980755 4.6520647504366925 12.425017752684651 5.6966194743290544 9.1881617587059754 5.7598119266331187 2.8821173894684762 8.5603275450412202 13.853192846756427 7.7146324156783512 3.6213304363191128 2.7546705486020073 1.543254961259662 4.3701206557452679 2.775044783949852
leaf_count=28 40 57 421 88 469 225 876 54 131 40 88 36 40 176 105 150 27 44 23 24 47
internal_value=-0.000795358 0.00142184 0.00890486 -0.00204947 -0.00835293 -0.00496395 -0.00675628 0.0120402 0.0139957 0.00705396 0.00615128 -0.0118562 -0.0094674 -0.0141901 0 -0.0034784 0.00472 -0.00241278 -0.0188846 0.0144384 0.00918545
internal_weight=262.769 206.226 63.0376 143.188 56.5433 108.447 97.5848 56.235 51.5829 10.8624 34.7409 45.6792 6.80269 39.9194 23.0414 16.275 10.8641 4.46773 23.6444 11.6996 6.39638
internal_count=3189 2189 686 1503 1000 1229 1101 606 552 128 274 854 80 818 193 326 146 72 492 81 74
is_linear=0
shrinkage=0.0435066


Tree=94
num_leaves=20
num_cat=0
split_feature=4 0 6 17 4 5 2 4 6 1 6 23 5 7 5 6 1 9 5
split_gain=3.01721 2.7831 2.98682 2.26188 3.59306 2.24557 1.84988 1.69326 1.37279 1.29572 1.12944 1.11898 1.20601 0.997245 0.97868 0.818011 0.752396 0.556674 0.142706
threshold=40.650000000000013 1350.0000000000002 70.450000000000017 44.94583333333334 38.550000000000004 324.95000000000005 8.5000000000000018 36.650000000000013 128.25000000000003 2.5000000000000004 122.65000000000002 1.0000000180025095e-35 37.550000000000004 2.5000000000000004 117.00000000000001 145.75000000000003 6.5000000000000009 0.085626463700234121 135.05000000000004
decision_type=2 2 2 2 2 2 2 2 2 2 2 2 2 2 2 2 2 2 2
left_child=1 2 6 11 5 -5 7 -1 16 -8 -6 12 -3 -2 -13 -10 -4 18 -15
right_child=13 3 8 4 10 -7 9 -9 15 -11 -12 14 -14 17 -16 -17 -18 -19 -20
leaf_value=-0.014959589660346093 -0.0031538442094189035 -0.0087512688023668739 0.019538083376739887 -0.02059812103474 -0.0039211769589078014 0.0063884626761855218 0.013787056213960329 0.0056027328277987688 -0.010437778948570158 -0.003934035116271997 0.012337170062420716 0.0072725719035279766 0.0029671420122137 0.019750747926872213 -0.0086278838049360512 0.0073333515593191007 0 0 0.0024660348904002186
leaf_weight=19.935291207861159 3.9480545949190882 38.457426299806684 20.894491373095669 40.991994191077538 14.838503218255939 3.0304990150034419 9.6766385643277335 5.8304438767954698 3.6241551563143721 9.545586043968795 6.3825537879019967 31.228472629678436 20.603989987168461 12.436281010508543 2.7885753400623789 2.8080461248755455 4.2783790752291671 5.3682584464550009 4.6434779651463023
leaf_count=310 40 578 151 721 242 18 86 54 53 124 38 420 146 77 24 8 32 39 28
internal_value=-0.000825236 -0.00252513 0.00398623 -0.00576936 -0.0115959 -0.0179569 -0.00303646 -0.00980288 0.013057 0.00582763 0.00235532 -0.00109261 -0.00462102 0.0115017 0.00454305 -0.00211556 0.0168896 0.0145566 0.0174573
internal_weight=261.311 234.915 76.593 158.322 65.2436 44.0225 44.988 25.7657 31.6051 19.2222 21.2211 93.0785 59.0614 26.3961 34.017 6.4322 25.1729 22.448 17.0798
internal_count=3189 3005 818 2187 1019 739 574 364 244 210 280 1168 724 184 444 61 183 144 105
is_linear=0
shrinkage=0.0435066


Tree=95
num_leaves=20
num_cat=0
split_feature=13 16 5 5 22 6 24 5 25 16 3 5 5 22 5 23 6 1 6
split_gain=3.30813 2.15989 1.30241 3.02057 2.09763 1.6273 1.18662 1.66112 1.31573 0.858265 0.7545 1.00595 0.536173 0.485501 0.29588 0.278211 0.219875 0.256589 0.0544924
threshold=1.0000000180025095e-35 12.500000000000002 35.95000000000001 29.050000000000004 1.0000000180025095e-35 145.45000000000002 1.0000000180025095e-35 75.750000000000014 1.5000000000000002 14.500000000000002 52.500000000000007 150.05000000000004 122.95000000000002 1.5000000000000002 26.850000000000005 1.0000000180025095e-35 122.65000000000002 1.5000000000000002 69.750000000000014
decision_type=2 2 2 2 2 2 2 2 2 2 2 2 2 2 2 2 2 2 2
left_child=1 10 3 4 -3 -5 8 -8 -4 13 12 15 14 -2 -1 -12 17 -11 -19
right_child=9 2 6 5 -6 -7 7 -9 -10 16 11 -13 -14 -15 -16 -17 -18 18 -20
leaf_value=-0.00051912093060726397 -0.020541968988368041 0.010472355787365623 -0.0012155333116360537 -0.012668663891638092 -0.0087220726450578569 0.0079833324205205586 -0.0069378824549359642 0.0071916909922765332 0.013195117726314924 0.0027837068680147989 -0.01348001275221577 0.004334972502685071 -0.0055326014402875545 0.00055436430085030756 0.011192160351230251 -0.0028243605427104076 0.0055724360522889926 0 -0.0092578829761519547
leaf_weight=3.0897532058879715 11.382455380517058 41.918102969881147 11.959188751876352 29.025909305550158 7.944771420210599 3.7077563628554335 19.220323665067554 33.554151672869921 57.381948437541723 1.2668309812434011 19.71475586714223 6.1408486403524867 2.6573983170092097 0.92930066795088428 5.1782753383740783 14.256063336040823 1.7133388667134566 0.82752380351303179 1.5235505609307436
leaf_count=55 700 512 77 305 109 15 138 202 326 29 287 43 21 27 39 195 26 34 74
internal_value=0.000972595 0.00240321 0.00441548 2.65697e-05 0.00658075 -0.00913569 0.00715401 0.00167891 0.010686 -0.0144029 -0.00507914 -0.00766487 0.00315352 -0.0187739 0.00783465 -0.0104314 0 -0.00398102 -0.00812891
internal_weight=273.392 255.749 204.712 82.5965 49.8629 32.7337 122.116 52.7745 69.3411 17.643 51.0371 40.1117 10.9254 12.3118 8.26803 33.9708 5.33124 3.61791 2.35107
internal_count=3214 2324 1684 941 621 320 743 340 403 890 640 525 115 727 94 482 163 137 108
is_linear=0
shrinkage=0.0435066


Tree=96
num_leaves=26
num_cat=0
split_feature=4 5 20 21 4 7 17 4 6 7 0 0 22 4 4 6 5 5 9 6 2 6 9 3 5
split_gain=4.11848 2.90591 3.66971 3.32766 4.41807 2.46255 2.11491 1.93593 1.79197 2.74797 2.70562 1.92322 1.15382 1.14871 0.884967 0.934222 0.827384 2.06722 0.792134 0.491634 0.353409 0.31742 0.0687799 0.0620005 0.0464056
threshold=37.650000000000013 34.650000000000013 5.5000000000000009 1.0000000180025095e-35 1.0000000180025095e-35 4.5000000000000009 26.534890109890114 36.050000000000004 109.95000000000002 3.5000000000000004 2200.0000000000005 1650.0000000000002 1.0000000180025095e-35 37.350000000000001 34.95000000000001 60.45000000000001 38.350000000000001 41.250000000000007 0.069187089061566009 69.65000000000002 11.500000000000002 164.95000000000002 0.042791762013729959 56.500000000000007 35.650000000000013
decision_type=2 2 2 2 2 2 2 2 2 2 2 2 2 2 2 2 2 2 2 2 2 2 2 2 2
left_child=1 2 5 4 24 13 22 -6 9 11 12 -8 -10 -1 23 -16 20 -18 -11 -7 -5 -12 -2 -4 -3
right_child=6 3 14 16 7 19 8 -9 10 18 21 -13 -14 -15 15 -17 17 -19 -20 -21 -22 -23 -24 -25 -26
leaf_value=-0.024629566037358282 0 0.005381428149824668 -0.009172250206116889 -0.021494739667823726 -0.0084505087578251124 -0.006799297938047847 0.01017674093339033 0.0051826919645281619 0.023969386620401645 0.018711887955229992 -0.0089875693754270358 -0.010453720488951391 0.0007128910088274661 0.0018008154848226563 -0.0072831751756018571 0.010334802953436431 0.012951471000998199 -0.011532366007342346 -0.00066053527878485844 0.0066065834692391736 -0.00044471589818421216 0.0020946952912843323 -0.01196281836802348 0 0.018649824460507912
leaf_weight=27.089164224220443 1.6216890555806447 10.15791635494679 2.9671724771615149 6.9816594272851962 33.901083795819432 1.7720014625228921 5.8370468164794174 31.667332999408245 26.9794084103778 11.563187963329254 3.397283047437667 22.352028555003926 6.0881208088248959 1.7291275144089002 1.7209618946071739 17.424450483871624 4.2464562915265551 9.9103096723556501 3.3277129293419412 6.6858350317925215 3.1510852947831154 3.6781088307034224 3.0915458691306412 1.0089227638673035 22.441477078944445
leaf_count=697 31 80 97 68 268 31 44 212 167 116 39 417 52 43 62 301 19 92 46 97 25 26 66 31 87
internal_value=0.000844391 -0.00283781 -0.0101481 0.00102024 0.00474012 -0.0176264 0.00827533 -0.00185312 0.0101397 0.00293711 0.0161637 -0.00478283 0.0207643 -0.022719 0.00279312 0.00691128 -0.0115094 -0.00193344 0.015029 0.00138861 -0.0182899 -0.00424332 -0.0105285 -0.00805335 0.0163583
internal_weight=270.791 182.855 60.3976 122.457 98.1678 37.2761 87.9361 65.5684 83.2229 43.08 40.1429 28.1891 33.0675 28.8183 23.1215 19.1454 24.2895 14.1568 14.8909 8.45784 10.1327 7.07539 4.71323 3.9761 32.5994
internal_count=3214 2210 1359 851 647 868 1004 480 907 623 284 461 219 740 491 363 204 111 162 128 93 65 97 128 167
is_linear=0
shrinkage=0.0435066


Tree=97
num_leaves=22
num_cat=0
split_feature=4 16 25 11 17 9 17 22 6 6 4 2 2 2 6 24 1 2 2 17 9
split_gain=3.77343 2.57042 2.86933 2.85394 2.06764 1.70547 1.61025 2.51973 1.87458 1.65956 1.59918 1.52426 1.05406 1.01131 0.806988 0.693301 0.563219 0.401388 0.946782 0.253692 0.0267833
threshold=37.650000000000013 12.500000000000002 1.5000000000000002 0.046256684491978554 26.534890109890114 0.025167084377610654 63.816964285714299 1.0000000180025095e-35 108.45000000000002 110.75000000000001 34.550000000000004 10.500000000000002 3.5000000000000004 10.500000000000002 122.95000000000002 1.0000000180025095e-35 1.5000000000000002 4.5000000000000009 2.5000000000000004 35.361888111888113 0.042791762013729959
decision_type=2 2 2 2 2 2 2 2 2 2 2 2 2 2 2 2 2 2 2 2 2
left_child=1 13 3 14 20 15 7 8 -6 16 -7 -9 -5 17 -3 -4 -8 18 -1 -15 -2
right_child=4 2 5 12 6 10 9 11 -10 -11 -12 -13 -14 19 -16 -17 -18 -19 -20 -21 -22
leaf_value=-0.012162680251288032 0 -0.006566979523866364 0.0020561609861194144 0 0.0036548037410795067 0 0.0027062033076054094 -0.010844558377395406 0.022766512736078558 0.0090654716872794767 0.0099552364417970392 0.010358233588101978 -0.02581207901342884 0.007352121368872839 0.0096481416491241267 -0.01543095479133207 -0.013991106343328293 -0.018731049277840767 0.0042513011942509069 -0.0030659923174659078 -0.011638448027262537
leaf_weight=6.9185307462466898 1.577915638219564 3.3381670266389865 3.0757064735516888 3.2078069932758799 18.797696859342977 61.05699450802058 1.4934266144409791 9.0510615818202478 31.549778372980654 9.5529264323413354 50.961238382966258 4.3220000884030005 10.640109457192009 2.452976895030587 7.7195353424176574 6.1065546805039048 7.9768694628728554 17.029866217169911 7.1269256226951256 1.8824470127001403 3.0265701883472502
leaf_count=145 31 41 32 49 291 489 21 107 229 60 544 42 179 29 55 77 157 387 147 36 66
internal_value=0.000962735 -0.00257685 7.63819e-05 -0.0116389 0.00809383 0.00303367 0.00994086 0.0129942 0.0170447 -0.000598315 0.0047456 -0.00233704 -0.0215254 -0.0120748 0.00355996 -0.0105098 -0.0106982 -0.0145366 -0.00463635 0.00277571 -0.0105677
internal_weight=268.865 181.517 146.106 24.9056 87.3482 121.2 82.7438 63.7205 50.3475 19.0232 112.018 13.3731 13.8479 35.4107 11.0577 9.18226 9.4703 31.0753 14.0455 4.33542 4.60449
internal_count=3214 2210 1466 324 1004 1142 907 669 520 238 1033 149 228 744 96 109 178 679 292 65 97
is_linear=0
shrinkage=0.0435066


Tree=98
num_leaves=22
num_cat=0
split_feature=4 13 17 21 5 1 4 10 17 23 2 5 0 17 17 7 2 10 11 2 9
split_gain=3.62633 2.44254 1.93979 1.92606 2.66083 3.3428 2.55773 1.82763 1.50318 2.05615 1.34588 1.26062 0.770889 0.764839 0.712088 0.630334 0.525631 0.486119 0.289766 0.186792 0.0152134
threshold=37.650000000000013 1.0000000180025095e-35 26.534890109890114 1.0000000180025095e-35 34.650000000000013 1.0000000180025095e-35 34.95000000000001 0.25403225806451618 63.816964285714299 1.5000000000000002 10.500000000000002 38.350000000000001 2200.0000000000005 74.810714285714297 37.151190476190479 7.5000000000000009 10.500000000000002 0.11437908496732026 0.071067821067821071 14.500000000000002 0.042791762013729959
decision_type=2 2 2 2 2 2 2 2 2 2 2 2 2 2 2 2 2 2 2 2 2
left_child=1 3 20 4 6 -6 -1 11 9 12 -11 -5 -4 16 -9 17 -10 -3 -15 -19 -2
right_child=2 15 8 7 5 -7 -8 14 13 10 -12 -13 -14 18 -16 -17 -18 19 -20 -21 -22
leaf_value=-0.017900670309802729 0 0.00017931985951304035 0.016648034530304077 -0.021340845853696201 0.01541012015576817 -0.00069346413339619315 0.0013700252848825735 0.012150346571312897 -0.011682860648962939 -0.014547245701518574 0.0084232183629695152 -0.001457345628559736 0 0.0091800482605201399 -0.0045812865402777465 0.0023051858302105244 0.0027177328992271437 -0.022491066995173514 -0.0015525574996183016 0 -0.01122510458965935
leaf_weight=15.727888671215622 1.5496267233975221 1.0469884546473593 51.056939803762361 13.122655109502377 32.370260593481362 61.137996127828956 27.414541460340843 4.0998117486014953 6.7713270431850123 4.2309048422612241 2.5352997984737158 11.879148548468946 5.0001918801572165 6.4714728652033937 2.9751005098223686 0.48924632649868804 2.8510890339966863 9.8261581833939964 2.7899172035977244 0.56349554006010372 3.0130024061072618
leaf_count=226 31 18 544 177 167 422 397 30 91 54 23 81 48 69 42 7 34 624 44 19 66
internal_value=0.000750466 -0.00271441 0.00779571 -0.000969299 0.00133101 0.0054213 -0.00687961 -0.0095999 0.00960466 0.0125809 -0.00527211 -0.0144678 0.0152214 -0.000587698 0.0055503 -0.0177914 -0.00741744 -0.0197368 0.00600268 -0.021635 -0.010285
internal_weight=266.923 180.653 86.2698 168.727 136.651 93.5083 43.1424 32.0767 81.7071 62.8233 6.7662 25.0018 56.0571 18.8838 7.07491 11.9259 9.62242 11.4366 9.26139 10.3897 4.56263
internal_count=3214 2210 1004 1542 1212 589 623 330 907 669 77 258 592 238 72 668 125 661 113 643 97
is_linear=0
shrinkage=0.0435066


Tree=99
num_leaves=15
num_cat=0
split_feature=13 16 17 6 9 5 17 24 2 11 5 11 5 17
split_gain=2.78447 1.59759 1.2297 4.20084 2.87953 1.93226 2.46059 2.02578 1.08828 0.737642 0.577221 0.429643 0.220175 0.0389759
threshold=0.70833333333333337 12.500000000000002 43.766666666666673 69.65000000000002 0.025167084377610654 35.650000000000013 53.66339285714286 1.0000000180025095e-35 10.500000000000002 0.11173533083645441 150.05000000000004 0.16904761904761903 68.550000000000011 36.881168831168843
decision_type=2 2 2 2 2 2 2 2 2 2 2 2 2 2
left_child=1 8 3 -3 -5 6 -4 -7 9 10 -1 -11 13 -10
right_child=-2 2 5 4 -6 7 -8 -9 12 11 -12 -13 -14 -15
leaf_value=-0.011949999774646588 -0.020308399999573411 -0.015891300853737932 -0.012381667876387076 -0.0071732155612470715 0.016930411961886202 0.0093867325167367958 0.0044845664190356835 -0.0027002234851220817 0.0015045950056206297 0.0063448696389764902 0.00026474528503918414 -0.0057601641735491082 0.010464577334778092 -0.0025688673818974983
leaf_weight=29.098391219740734 4.7403144079144104 5.4280420490540555 29.455703035229817 7.0336291175335637 43.680865051224828 60.912635752931237 24.161069887690246 37.379582532681525 1.9788323948159807 7.669645968358962 6.8778633177280417 2.3201404956635088 3.1405312605202198 1.7482669744640587
leaf_count=485 517 66 383 79 394 367 385 263 26 109 48 45 18 29
internal_value=0.000846404 0.00175402 0.00349209 0.00866117 0.0129753 0.00124044 -0.00495148 0.00481199 -0.00455247 -0.00710469 -0.0096953 0.00175909 0.00691928 0
internal_weight=265.626 260.885 208.052 56.1425 50.7145 151.909 53.6168 98.2922 52.8337 45.966 35.9763 9.98979 6.86763 3.7271
internal_count=3214 2697 1937 539 473 1398 768 630 760 687 533 154 73 55
is_linear=0
shrinkage=0.0435066


Tree=100
num_leaves=27
num_cat=0
split_feature=4 6 5 6 2 7 21 6 10 7 3 4 22 5 18 6 10 5 17 2 3 5 6 5 4 2
split_gain=4.19043 3.48724 4.17037 3.01246 2.34215 2.06086 1.76774 2.39104 2.15539 1.9565 1.5478 1.45482 1.59124 1.23075 1.1356 1.11269 1.07802 1.01998 0.687866 0.60556 0.457312 0.390097 0.282855 0.203675 0.193268 0.125375
threshold=36.650000000000013 72.750000000000014 36.45000000000001 69.450000000000017 4.5000000000000009 2.5000000000000004 1.0000000180025095e-35 108.45000000000002 0.11834733893557421 3.5000000000000004 53.500000000000007 36.95000000000001 1.5000000000000002 58.45000000000001 14.500000000000002 110.55000000000001 0.24638060352346061 34.650000000000013 37.117857142857154 1.5000000000000002 55.500000000000007 117.00000000000001 91.15000000000002 77.40000000000002 41.550000000000004 5.5000000000000009
decision_type=2 2 2 2 2 2 2 2 2 2 2 2 2 2 2 2 2 2 2 2 2 2 2 2 2 2
left_child=1 2 3 17 18 13 11 9 -9 -8 23 15 -13 22 25 -7 -12 -1 -3 -20 -5 -15 -2 -4 -24 -6
right_child=5 4 10 20 14 6 7 8 -10 -11 16 12 -14 21 -16 -17 -18 -19 19 -21 -22 -23 24 -25 -26 -27
leaf_value=-0.021763507212875462 0 -0.0088121263283316206 -0.0086983498718932462 0 -0.0022339300458644484 0.0096423958391652336 -0.013275001316867058 -0.0093925450484067825 0.014596313651055863 0.0052280041730050466 0.016491731368031365 0.021905503783828967 -0.0008271624497349396 0.0086365157533934804 0.0039176922471186176 -0.010344871879525135 -0.00078968981508807364 -0.0035871564880676447 -0.004691669218487216 0.0094007597383496781 0.013852839031124794 -0.0030465293286488877 -0.019042383619626374 0.00064777400639441131 0 -0.019829494991526052
leaf_weight=12.742270848364571 1.161844522692262 2.4505659104324904 2.6120497584342948 7.7139035995933209 3.9700595971662542 3.636469976976513 15.648564855335282 3.5267085116356602 30.085803137393668 15.022572138463145 30.023023151792586 29.322951307985932 5.4072419393341979 4.588535759598015 1.6091226339340199 4.355430971365422 6.3602625206112853 15.136886910069732 2.7388071725144973 11.30793352506589 3.5312765622511506 4.0932283326983452 4.0635906339157373 3.6068773092702031 1.1391819529235361 32.537736416561529
leaf_count=329 21 90 23 151 77 19 353 33 252 213 143 198 56 36 7 47 44 132 48 147 36 35 117 31 14 551
internal_value=0.00104552 -0.00406626 0.0015866 -0.00787527 -0.0119575 0.00675075 0.00888699 0.0035059 0.0107118 -0.00461346 0.0103731 0.0152437 0.0185505 -0.0060689 -0.0171624 -0.000310001 0.0135749 -0.014737 0.00108523 0.00554717 0.00773473 0.00352108 -0.0150956 -0.00492911 -0.017209 -0.0187784
internal_weight=258.393 136.341 81.7266 39.1243 54.6142 122.052 107.006 64.2836 33.6125 30.6711 42.6022 42.7221 34.7302 15.0464 38.1169 7.9919 36.3833 27.8792 16.4973 14.0467 11.2452 8.68176 6.36462 6.21893 5.20277 36.5078
internal_count=3203 1809 889 648 920 1394 1171 851 285 566 241 320 254 223 635 66 187 461 285 195 187 71 152 54 131 628
is_linear=0
shrinkage=0.0435066


Tree=101
num_leaves=23
num_cat=0
split_feature=4 16 6 4 6 6 7 10 2 4 7 22 6 6 3 2 6 17 17 2 2 2
split_gain=3.5329 3.11453 2.14707 3.95256 2.06105 3.39057 2.06349 2.16813 1.82694 1.82634 1.4516 1.06757 0.903983 0.899212 0.985727 0.700951 0.593093 0.287043 0.198123 0.159357 0.0912099 0.0190046
threshold=36.650000000000013 13.500000000000002 80.850000000000009 34.45000000000001 94.15000000000002 108.15000000000002 2.5000000000000004 0.13118961352657002 17.500000000000004 40.150000000000013 5.5000000000000009 1.0000000180025095e-35 115.35000000000001 145.75000000000003 57.500000000000007 1.5000000000000002 62.350000000000001 49.453125000000007 47.759935897435909 10.500000000000002 4.5000000000000009 11.500000000000002
decision_type=2 2 2 2 2 2 2 2 2 2 2 2 2 2 2 2 2 2 2 2 2 2
left_child=1 15 3 8 16 9 12 -8 -3 10 -6 -5 -7 14 -4 18 17 -2 -1 20 -17 -21
right_child=4 2 13 11 5 6 7 -9 -10 -11 -12 -13 -14 -15 -16 19 -18 -19 -20 21 -22 -23
leaf_value=-0.0035022339374544791 0.0070070750308749222 -0.0072025117938126779 -0.012822546496674031 0.020171042258965276 -0.019371186712654993 -0.013785564077894202 -0.0042989603876519341 0.013369243684862878 0.013427654732291888 0.0089280777094209139 0.0042419814573992198 0.0002653198426781539 0.0043185555791415038 0.0039636761084841073 0.0038564144388737349 -0.0045295499518100135 0.021795496566657125 -0.0031966320756696555 0.0060227229300639862 0 -0.021246545297553057 -0.0029995795025009385
leaf_weight=1.6052206213353231 4.5100126818288144 37.903187717893161 28.007017875090241 19.181210546987135 15.222431577160028 6.1830878024920803 12.199184847995637 57.578177814371884 3.4637623224407426 2.6433617337606838 2.9264379211235783 7.8825782909989348 3.6855281698517501 6.0357380744535467 4.1170148819219312 6.923090036143555 12.651907474268226 3.0315485149621964 1.2857667854987083 2.5402903866488478 13.722247284080366 1.762380948057398
leaf_count=47 36 341 427 142 428 118 105 505 12 18 30 82 30 49 38 196 93 31 16 38 376 45
internal_value=0.00119407 -0.00353571 3.96124e-05 0.00462095 0.00645513 0.00323643 0.00737388 0.0100449 -0.00367238 -0.0102211 -0.0150405 0.0158499 -0.00738117 -0.00742618 -0.0101344 -0.014929 0.0173916 0.00260847 0.000900873 -0.0168902 -0.0184433 -0.00188685
internal_weight=255.061 134.43 106.591 68.4307 120.632 100.438 79.646 69.7774 41.367 20.7922 18.1489 27.0638 9.86862 38.1598 32.124 27.839 20.1935 7.54156 2.89099 24.948 20.6453 4.30267
internal_count=3203 1809 1091 577 1394 1234 758 610 353 476 458 224 148 514 465 718 160 67 63 655 572 83
is_linear=0
shrinkage=0.0435066


Tree=102
num_leaves=14
num_cat=0
split_feature=16 13 17 6 16 5 6 6 17 3 6 5 6
split_gain=2.47444 2.02911 1.56911 2.05703 2.0121 2.39867 1.435 1.3945 1.31652 0.59346 0.330886 0.00243367 0.00100214
threshold=10.500000000000002 0.70833333333333337 43.766666666666673 69.65000000000002 15.500000000000002 34.650000000000013 123.25000000000001 68.750000000000014 26.793831168831172 51.500000000000007 71.15000000000002 11.850000000000003 161.25000000000003
decision_type=2 2 2 2 2 2 2 2 2 2 2 2 2
left_child=9 2 3 7 5 -4 -6 -2 -5 -1 11 -11 -12
right_child=1 -3 4 8 6 -7 -8 -9 -10 10 12 -13 -14
leaf_value=0.001805508808385268 0.0040123789904152607 -0.016618536425879311 -0.011158548950554899 -0.0015054688005539975 0.0018347559915708742 0.0016029554040285978 0.020260510420147589 -0.016320089026424581 0.013473703063621577 0.00039512142274155131 -0.019090103547703765 -0.00066421464323883762 0
leaf_weight=1.642643027123994 9.5417763523291779 3.6136923810117869 32.080948380287737 10.610950485803185 24.463546030689031 92.742376456037164 7.9732612967491141 4.3887308728881171 55.640640443656594 1.127258890657685 8.1234461979474855 1.2194612300954757 1.0341906487010408
leaf_count=28 120 415 612 120 236 682 45 58 556 30 261 24 16
internal_value=0.00127384 0.00245841 0.00322621 0.00793651 0.00054283 -0.00199113 0.00925434 -0.00506052 0.0110162 -0.0135503 -0.0161618 0 -0.0184463
internal_weight=254.203 241.056 237.442 80.1821 157.26 124.823 32.4368 13.9305 66.2516 13.147 11.5044 2.34672 9.15764
internal_count=3203 2844 2429 854 1575 1294 281 178 676 359 331 54 277
is_linear=0
shrinkage=0.0435066


Tree=103
num_leaves=20
num_cat=0
split_feature=4 16 0 4 0 4 2 27 4 17 0 22 2 10 9 17 17 17 17
split_gain=3.43547 2.87189 2.03557 2.57688 1.81284 4.13047 2.29676 1.69373 1.97172 1.45325 1.28399 0.923955 0.675469 0.607034 0.601799 0.175319 0.0703285 0.0674748 0.192236
threshold=36.650000000000013 13.500000000000002 1650.0000000000002 42.150000000000013 1350.0000000000002 34.45000000000001 17.500000000000004 1.5000000000000002 37.750000000000007 43.196153846153855 1100.0000000000002 1.0000000180025095e-35 1.5000000000000002 0.11834733893557421 0.10495716034271721 47.759935897435909 54.945138888888899 35.103571428571435 28.348809523809525
decision_type=2 2 2 2 2 2 2 2 2 2 2 2 2 2 2 2 2 2 2
left_child=1 12 14 7 5 10 13 9 -9 -4 -3 -7 15 -6 16 -1 -2 18 -14
right_child=2 4 3 -5 6 11 -8 8 -10 -11 -12 -13 17 -15 -16 -17 -18 -19 -20
leaf_value=-0.0031702409656142461 0.022657890057572055 0.00075063269868086045 0.0018842340317474474 0.018491663643649466 0.0046318308086564699 0.019640010554437901 0.01532187398662538 -0.0032859745709904252 0.013898299152261864 -0.011634928417010101 -0.01879093357030932 0.00059832740950142523 -0.0080195296999748897 -0.0082586450881484991 0 0.0057769481415618036 0.0048728576806816963 -0.019133630505651828 0.00052129571523769423
leaf_weight=1.5733244139701157 11.053452042047871 11.008725326508285 25.131052660406567 10.777131384238599 2.5593949919566503 19.217490005539734 3.4674012456089249 18.392290542367846 20.76249965862371 23.313217711169273 5.1030538380146018 7.8313161123078308 4.7391658908454719 57.146570674842224 3.5954768178053191 1.2629234411288051 6.7046039160341016 15.680534696439279 4.1027700162958354
leaf_count=47 82 92 362 66 24 142 12 201 157 438 86 82 142 653 35 16 53 400 113
internal_value=0.00123789 -0.00343685 0.00644554 0.00314264 0 0.00641914 -0.00445705 0 0.00628866 -0.00504659 -0.00862275 0.0156136 -0.0144692 -0.00715255 0.0170078 0.000986112 0.0194688 -0.016413 -0.00486104
internal_weight=253.422 133.693 119.73 98.3762 106.334 43.1606 63.1734 87.5991 39.1548 48.4443 16.1118 27.0488 27.3587 59.706 21.3535 2.83625 17.7581 24.5225 8.84194
internal_count=3203 1809 1394 1224 1091 402 689 1158 358 800 178 224 718 677 170 63 135 655 255
is_linear=0
shrinkage=0.0435066


Tree=104
num_leaves=23
num_cat=0
split_feature=4 6 6 16 5 4 6 17 6 6 6 7 17 5 4 16 5 9 2 4 17 6
split_gain=3.26485 3.44413 4.3073 2.77252 2.6074 2.46653 2.31621 3.26182 2.77486 2.4264 2.1451 1.85747 1.825 1.70132 1.62171 1.03525 1.00367 0.539147 0.519451 0.473347 0.35407 0.0394797
threshold=38.650000000000013 72.750000000000014 69.550000000000011 12.500000000000002 36.45000000000001 1.0000000180025095e-35 122.95000000000002 45.205357142857146 125.15000000000002 145.75000000000003 111.35000000000001 3.5000000000000004 35.257948717948729 37.050000000000004 34.95000000000001 12.500000000000002 295.9500000000001 0.045478036175710557 7.5000000000000009 39.45000000000001 64.956250000000026 109.15000000000002
decision_type=2 2 2 2 2 2 2 2 2 2 2 2 2 2 2 2 2 2 2 2 2 2
left_child=1 2 4 19 14 -6 7 12 18 -10 11 13 -3 -5 -1 17 -9 -4 -8 21 -17 -2
right_child=3 6 15 10 5 -7 8 16 9 -11 -12 -13 -14 -15 -16 20 -18 -19 -20 -21 -22 -23
leaf_value=-0.015487917849560481 0 -0.010693647663121983 0.0070739774029142588 0.0083065042653679196 0.014751442747719841 -0.0063389452837854694 0 -0.022619208225247746 -0.020696321756731979 0.0040286251559212838 0.024846545124004759 0.016992224677203901 0.0057000527358579828 -0.010379417540884419 0.0028595506668037209 0.020759745079876966 0.0009378045755385015 -0.0081183139029567912 0.01826620212167308 -0.010615838963804396 0.0019015632551424827 0.0040513187948742375
leaf_weight=22.447590206400495 1.8363448018208131 16.934024088201113 1.6975063477584651 10.783817015355455 17.389726698398594 12.869211780838667 3.9201015040744123 27.211441937135536 6.6109831189969581 12.473325049621051 15.499882525065912 9.1350626032799465 21.649776598787867 13.033426895737646 9.5032419359777105 21.757353109773252 2.3493161462247363 2.8083227381575853 8.7295043910853547 7.716478877235204 4.8437863986473522 1.6563197744544593
leaf_count=309 35 338 25 178 65 104 44 601 112 132 86 72 294 131 210 157 18 68 52 110 43 19
internal_value=0.00125596 -0.00150874 0.00428738 0.00962777 -0.00237094 0.00597396 -0.00694965 -0.0111804 0.00222901 -0.00723096 0.0138962 0.00523822 -0.00177717 -0.00161996 -0.010209 0.0159751 -0.0206366 -0.000682612 0.0146326 -0.0065801 0.0186799 0.00243645
internal_weight=252.857 193.195 93.3167 59.6613 62.2098 30.2589 99.8785 68.1446 31.7339 19.0843 48.4522 32.9523 38.5838 23.8172 31.9508 31.107 29.5608 4.50583 12.6496 11.2091 26.6011 3.49266
internal_count=3203 2572 981 631 688 169 1591 1251 340 244 467 381 632 309 519 293 619 93 96 164 200 54
is_linear=0
shrinkage=0.0435066


Tree=105
num_leaves=14
num_cat=0
split_feature=13 16 6 17 11 2 2 4 11 2 5 17 6
split_gain=2.03891 1.73433 2.78624 2.05391 2.2509 1.89792 1.81805 1.3549 1.33826 1.29823 1.22527 0.939428 0.905119
threshold=0.70833333333333337 14.500000000000002 69.550000000000011 64.257589285714303 0.031372549019607808 6.5000000000000009 17.500000000000004 36.650000000000013 0.022321428571428555 1.5000000000000002 40.100000000000009 35.735267857142865 1.0000000180025095e-35
decision_type=2 2 2 2 2 2 2 2 2 2 2 2 2
left_child=1 5 11 8 -5 9 7 -7 -4 12 -11 -3 -1
right_child=-2 2 3 4 -6 6 -8 -9 -10 10 -12 -13 -14
leaf_value=0.0066331693414705215 -0.017816017025132785 0.0031979604943806936 0 0.012128743196770193 -0.012224939810364401 -0.010177251308761133 0.01319028431325178 -0.00031703808749277502 0.020189627486286832 0.010436368810862363 -0.00033618094116901739 -0.017217350576053135 -0.010553934328318096
leaf_weight=2.6057784147560588 3.9904773061862207 3.0540079292841247 6.3878144896589211 6.823551705107092 8.9490491310134512 51.606181321432814 4.271718267351388 53.106649863300845 28.247212920337915 46.691141907125711 28.558727994328365 4.3273520525544882 11.422261153929865
leaf_count=13 494 26 58 44 95 615 17 590 205 588 258 56 160
internal_value=0.000929912 0.00169536 0.00791002 0.011678 -0.000771446 -0.000260971 -0.00405304 -0.00557862 0.0168165 0.0042238 0.00652385 -0.010507 -0.00577974
internal_weight=260.042 256.051 57.789 50.4076 15.7726 198.262 108.985 104.713 34.635 89.2779 75.2499 7.38136 14.028
internal_count=3219 2725 484 402 139 2241 1222 1205 263 1019 846 82 173
is_linear=0
shrinkage=0.0435066


Tree=106
num_leaves=19
num_cat=0
split_feature=4 25 16 21 4 5 16 16 17 5 4 4 17 17 4 22 17 11
split_gain=2.34993 2.64487 2.45953 1.66054 1.82757 1.59694 1.47616 1.46393 1.31731 1.05711 2.60954 1.00839 0.905693 1.3031 1.15808 0.796368 0.154082 0.0938573
threshold=37.750000000000007 1.5000000000000002 14.500000000000002 1.0000000180025095e-35 36.050000000000004 194.90000000000003 13.500000000000002 11.500000000000002 33.976666666666674 38.350000000000001 36.250000000000007 36.650000000000013 26.534890109890114 53.06964285714286 42.350000000000001 1.0000000180025095e-35 27.859523809523811 0.04880952380952381
decision_type=2 2 2 2 2 2 2 2 2 2 2 2 2 2 2 2 2 2
left_child=1 5 12 4 6 8 -3 -6 16 11 -11 -5 17 15 -15 -14 -1 -2
right_child=2 3 -4 9 7 -7 -8 -9 -10 10 -12 -13 13 14 -16 -17 -18 -19
leaf_value=-0.0021910995999658285 0 -0.011359939216117398 0.022020513382346008 -0.016943296976502379 -0.0040173039680715021 0.0052791542756540685 0.0023822829408949595 0.016239837876164235 -0.020360819664044044 0.01367993775669514 -0.01327129862837834 0.00065064831631587983 0.011824877752391098 -0.0062804272832819958 0.010670408115078522 -0.0010298187976876269 0.0057623068893414139 -0.010781370270884749
leaf_weight=3.0147597135510358 2.2372535131871691 11.539123044698497 10.040654233191161 13.835677785798909 5.0734888026490834 3.9201745614409438 75.244481667876244 20.971196018159389 19.605407169088721 8.4372875979170185 5.8827572520822278 6.6563541693612924 31.099078881787136 24.446115251979794 3.5272920951247206 8.9286596556194109 1.5390667570754883 2.4646093847695738
leaf_count=67 36 327 61 270 100 23 707 164 329 51 59 134 332 352 23 109 18 57
internal_value=0.00090411 -0.00190914 0.00669454 0.000539556 0.00317928 -0.0127518 -2.82477e-06 0.0119702 -0.0165058 -0.00692451 0.0014369 -0.0120773 0.00281346 0.00444912 -0.0022387 0.00899837 0.00139681 -0.0087876
internal_weight=258.463 175.72 82.7437 147.64 112.828 28.0794 86.7836 26.0447 24.1592 34.8121 14.32 20.492 72.703 68.0011 27.9734 40.0277 4.55383 4.70186
internal_count=3219 2249 970 1812 1298 437 1034 264 414 514 110 404 909 816 375 441 85 93
is_linear=0
shrinkage=0.0435066


Tree=107
num_leaves=23
num_cat=0
split_feature=4 6 6 16 5 17 17 21 5 5 16 22 7 2 5 2 17 2 5 16 10 3
split_gain=2.73241 2.8539 2.72668 2.50431 3.81163 2.43528 3.6358 2.31542 1.57381 1.40584 1.28479 1.2658 1.19682 1.37127 1.10771 1.02137 1.24355 1.05944 0.664779 0.594783 0.534972 0.471846
threshold=37.750000000000007 80.850000000000009 69.550000000000011 15.500000000000002 37.750000000000007 44.94583333333334 65.338392857142878 1.0000000180025095e-35 90.65000000000002 104.60000000000001 13.500000000000002 1.5000000000000002 2.5000000000000004 8.5000000000000018 40.550000000000004 4.5000000000000009 26.106250000000006 1.5000000000000002 203.25000000000003 11.500000000000002 0.10070850202429146 53.500000000000007
decision_type=2 2 2 2 2 2 2 2 2 2 2 2 2 2 2 2 2 2 2 2 2 2
left_child=1 2 3 4 -1 15 20 11 10 -8 -4 19 21 14 -14 17 -17 -3 -15 -2 -7 -9
right_child=7 5 8 -5 -6 6 9 12 -10 -11 -12 -13 13 18 -16 16 -18 -19 -20 -21 -22 -23
leaf_value=-0.0061878309859167832 0.00095294168895877329 -0.0073392615709020961 -0.0014860709218066225 -0.020433811588788854 0.014789783172278461 0 -0.008949299139551883 0.00097314381308064631 -0.0027720800230446926 0.010122820343525551 0.02055746518556004 -0.00029433868946178009 0.01486994543603678 -0.0073424786837871384 0 0.007688870651449577 -0.0089058854268070902 0.011548900441921136 0.006325413374662049 0.023846414236959098 -0.027876896034668121 -0.0150518752113069
leaf_weight=39.594410223478917 4.0503841731697383 2.1923355286708093 4.1484028652776095 5.4089687934610984 18.841577494516969 1.3422039598226572 8.8048413629876467 2.5495692384429267 7.0837871935218564 7.4762188252061597 19.452089464524761 5.3450745239388189 17.919856263906695 16.484432775469035 14.648138162679968 5.3709467117441845 26.388328443164937 12.49023038567975 3.112977158278226 15.245424414053558 16.360860823653638 3.4569203678984195
leaf_count=506 42 54 87 81 101 13 189 25 50 47 150 52 260 252 154 70 402 166 20 97 333 68
internal_value=0.000995809 -0.00205308 0.00293049 -0.0021883 0.00122619 -0.007807 -0.0156221 0.00722969 0.0123695 0 0.0168652 0.0168668 0.0017039 0.0042862 0.00919788 -0.000679434 -0.00500505 0.00686433 -0.00374897 0.0208849 -0.0263106 -0.0104787
internal_weight=257.768 174.955 94.5292 63.845 58.436 80.426 33.9841 82.8128 30.6843 16.2811 23.6005 24.6409 58.1719 52.1654 32.568 46.4418 31.7593 14.6826 19.5974 19.2958 17.7031 6.00649
internal_count=3219 2249 975 688 607 1274 582 970 287 236 237 191 779 686 414 692 472 220 272 139 346 93
is_linear=0
shrinkage=0.0435066


Tree=108
num_leaves=23
num_cat=0
split_feature=4 6 6 17 17 16 21 11 2 22 7 8 17 16 2 17 2 16 2 27 4 10
split_gain=2.62247 2.86077 2.88305 2.79664 4.06939 2.70713 2.22411 1.59651 1.44541 1.28794 1.12832 1.1144 1.01069 1.27841 0.925142 1.05254 1.03054 0.776587 0.691891 0.53941 0.477166 0.349565
threshold=37.850000000000001 80.850000000000009 69.550000000000011 44.94583333333334 65.338392857142878 15.500000000000002 1.0000000180025095e-35 0.071067821067821071 8.5000000000000018 1.5000000000000002 2.5000000000000004 2021.5000000000002 64.956250000000026 11.500000000000002 4.5000000000000009 26.106250000000006 1.5000000000000002 11.500000000000002 8.5000000000000018 1.0000000180025095e-35 42.550000000000004 0.10070850202429146
decision_type=2 2 2 2 2 2 2 2 2 2 2 2 2 2 2 2 2 2 2 2 2 2
left_child=1 2 5 14 21 8 9 10 -1 17 -8 -12 13 -4 16 -16 -3 -2 -6 -9 -21 -5
right_child=6 3 12 4 18 -7 7 19 -10 -11 11 -13 -14 -15 15 -17 -18 -19 -20 20 -22 -23
leaf_value=-0.0045744496561490808 0.00015699211296865703 -0.007145935112171797 -0.0033640648733428645 0 0.0064830919387244019 -0.021001413435038505 -0.0078901986106532391 0.0038314610371311228 0.0077472747406461106 -0.00061580271528021259 0.01414978336307641 -0.00037393433215020272 -0.0024153689268418118 0.018518711438844117 0.0073203683316998263 -0.0078802796017874502 0.011538537571240771 0.024358320059752303 -0.0068660231812745463 -0.011649312026523568 0.0026843724464202649 -0.028270290586516599
leaf_weight=30.601935094571672 3.9127641511149767 2.1548445071093729 3.0435905768536093 1.4678440950810934 9.7859244693536329 5.6079212350305161 2.9731063647195688 2.4642320461571243 28.12562976568006 5.0306789567694059 21.696272055385634 12.953127106244208 4.2027018151711664 23.236210895003751 5.318267270224168 26.874228340981063 12.595839529880321 14.404999183490871 6.7475509512005365 15.21700608963147 1.5632650926709164 17.077463218476623
leaf_count=345 40 56 60 13 146 81 43 36 265 49 233 146 41 186 70 409 167 92 94 290 13 344
internal_value=0.000956809 -0.0019735 0.00302628 -0.00766437 -0.015883 -0.00220247 0.00719587 0.00173381 0.00135666 0.0168807 0.00672658 0.00927596 0.0127783 0.0155124 -0.000146957 -0.00429926 0.00698214 0.0209921 0.000197239 -0.0068684 -0.00950427 -0.0269444
internal_weight=257.055 176.84 94.818 82.022 35.0788 64.3355 80.2155 56.867 58.7276 23.3484 37.6225 34.6494 30.4825 26.2798 46.9432 32.1925 14.7507 18.3178 16.5335 19.2445 16.7803 18.5453
internal_count=3219 2277 978 1299 597 691 942 761 610 181 422 379 287 246 702 479 223 132 240 339 303 357
is_linear=0
shrinkage=0.0435066


Tree=109
num_leaves=11
num_cat=0
split_feature=13 23 2 2 16 6 2 6 10 21
split_gain=1.87983 1.49817 2.45755 1.4036 1.72272 2.19352 1.46802 1.16359 0.794929 0.150218
threshold=0.70833333333333337 1.5000000000000002 12.500000000000002 1.5000000000000002 14.500000000000002 69.550000000000011 6.5000000000000009 1.0000000180025095e-35 0.12074829931972787 1.0000000180025095e-35
decision_type=2 2 2 2 2 2 2 2 2 2
left_child=1 3 9 7 6 -6 -5 -1 -9 -3
right_child=-2 2 -4 4 5 -7 -8 8 -10 -11
leaf_value=0.0070528282998933442 -0.017231096649650036 -0.020736506494912741 0.0093256869569205599 0.0057689618142487071 -0.0073332362692042075 0.013444340672837653 -0.0020758614039977771 0.0028613487847122107 -0.016111240966294276 -0.0013725154944149531
leaf_weight=2.4962324649095526 3.8355086653609751 7.1819632151164097 4.0581847559660664 71.548399656545371 6.7596122710965565 45.201025368878618 99.215186250396073 2.1372529007494441 11.057001789566128 3.0946754808537662
leaf_count=12 494 70 22 806 76 353 1157 21 163 45
internal_value=0.000900233 0.00164043 -0.00952623 0.00258855 0.00357157 0.0100531 0.00124547 -0.00786505 -0.0125971 -0.0183005
internal_weight=256.585 252.75 14.3348 238.415 222.724 51.9606 170.764 15.6905 13.1943 10.2766
internal_count=3219 2725 137 2588 2392 429 1963 196 184 115
is_linear=0
shrinkage=0.0435066


Tree=110
num_leaves=23
num_cat=0
split_feature=4 10 5 17 2 4 10 1 16 27 7 2 2 5 5 0 0 17 23 10 1 2
split_gain=2.82437 2.18531 3.07696 3.18047 2.6381 2.47735 2.1169 1.96705 1.61048 1.35105 1.34596 1.25426 1.05426 0.994454 0.952719 0.852519 0.75397 0.790612 0.559302 0.526089 0.25738 0.0254835
threshold=37.850000000000001 0.2069580731489741 37.750000000000007 36.134375000000013 13.500000000000002 35.45000000000001 0.11437908496732026 2.5000000000000004 14.500000000000002 3.5000000000000004 2.5000000000000004 3.5000000000000004 11.500000000000002 7.7500000000000009 70.000000000000014 1350.0000000000002 2200.0000000000005 26.68571428571429 1.0000000180025095e-35 0.12372448979591837 2.5000000000000004 5.5000000000000009
decision_type=2 2 2 2 2 2 2 2 2 2 2 2 2 2 2 2 2 2 2 2 2 2
left_child=1 6 3 13 -5 15 9 -7 12 21 14 -10 -8 -3 -2 -4 17 -12 -18 -19 -11 -1
right_child=10 2 5 4 -6 7 8 -9 11 20 16 -13 -14 -15 -16 -17 18 19 -20 -21 -22 -23
leaf_value=0 -0.013274368858080048 -0.0043589991824522448 0.0010678529249211856 -0.0026668196406146633 -0.024438917279022334 -0.014881256874992281 -0.020503652221726162 0.0078524099232426692 0.0098997314822407267 0.015785924083330218 -0.0036506488755718705 -0.0074738058059601684 0.00080202775002622458 0.014866950819713023 0.0045614957939787842 0.023618882712008991 -0.0084627147194033664 0.0008418992710886601 0.0058302072118931016 0.014059313910761977 0.00096372175441010552 -0.0091997083551311788
leaf_weight=2.3013171213678989 4.0636622740421426 2.6068846670677877 5.6455656057223704 49.391225226747338 8.2188241813564655 5.3135633785277632 24.27549071144313 11.732373762875794 5.246831540483984 4.5940944729372859 2.5087977151852092 16.757318649906665 3.5307451691478482 13.3533936078893 6.0298054218292236 14.26032045832835 3.7324183648452154 9.1587638836353999 3.6661049142712727 49.268260238924995 5.8854604091029614 2.4175143516622484
leaf_count=26 99 134 37 781 130 39 429 96 43 28 46 152 60 177 40 60 41 110 33 577 50 30
internal_value=0.00114714 -0.00189559 0.00177135 -0.00329207 -0.00809789 0.0110664 -0.007864 -0.000962473 -0.0119075 0.0045205 0.00769869 -0.00166254 -0.0178662 0.0109252 -0.00440363 0.0194451 0.00984861 0.0113346 -0.00124291 0.0124349 0.0116155 -0.00793766
internal_weight=253.959 175.531 110.522 73.5703 57.61 36.9518 65.0088 17.0459 49.8104 15.1984 78.4278 22.0042 27.8062 15.9603 10.0935 19.9059 68.3343 60.9358 7.39852 58.427 10.4796 4.71883
internal_count=3218 2272 1454 1222 911 232 818 135 684 134 946 195 489 311 139 97 807 733 74 687 78 56
is_linear=0
shrinkage=0.0435066


Tree=111
num_leaves=26
num_cat=0
split_feature=16 4 5 5 4 17 3 9 4 2 1 10 9 4 3 17 5 5 16 9 17 3 5 17 5
split_gain=2.30269 2.64844 1.77063 5.50857 1.87129 1.72223 1.71744 1.59658 1.89182 1.75482 1.41077 1.16197 1.44443 1.23191 1.04478 1.04286 0.802975 0.642897 0.604529 0.591481 0.549491 0.487849 0.376155 0.376104 0.221012
threshold=13.500000000000002 36.650000000000013 25.050000000000004 35.050000000000004 37.550000000000004 43.766666666666673 55.500000000000007 0.033520599250936305 36.45000000000001 13.500000000000002 2.5000000000000004 0.24454200284765068 0.033520599250936305 38.250000000000007 52.500000000000007 34.218636363636371 9.9500000000000011 167.85000000000002 12.500000000000002 0.051064754454584908 65.338392857142878 51.500000000000007 10.850000000000003 13.716666666666669 3.6500000000000008
decision_type=2 2 2 2 2 2 2 2 2 2 2 2 2 2 2 2 2 2 2 2 2 2 2 2 2
left_child=1 17 5 4 19 16 10 8 -5 -9 -7 12 15 22 -14 -3 24 21 -15 -4 -8 -1 -13 -23 -2
right_child=2 11 3 7 -6 6 20 9 -10 -11 -12 13 14 18 -16 -17 -18 -19 -20 -21 -22 23 -24 -25 -26
leaf_value=0 0.0059097598479199293 -0.0072476421115094444 0 -0.016420724566677026 0.0039356297962111434 0.0063929584115832386 0.016312648520534195 0.0097656109837809865 0.0047819034896833647 -0.0045383085712574264 -0.014389150898432925 0 0.0027460873675857361 -0.008989185217708924 -0.015830664495035063 0.011850285262225084 0.021984853306411579 0 0.0049220512620200873 -0.024062781512496439 -0.0015477431492431626 0 0.017169078936678468 -0.019360240225817192 -0.003771245830699951
leaf_weight=2.0621637250296834 1.4630065871751892 2.5084535471396547 1.7327961265109539 7.4039525664411512 3.7823659526184192 4.6276991842314628 5.8400742814410469 80.768969799857587 12.592281266115604 14.826390619389711 9.0460300521226582 2.4194213561713722 4.6457773530855802 5.2569432748714444 12.142478081979787 8.2321416891645622 15.244531611911951 3.9761900864541522 5.0938567741541192 14.314196178689597 1.729952970636077 0.98884222912602382 9.0903186313807947 19.772225765511394 3.3015167447738349
leaf_count=43 27 39 29 65 42 97 89 514 93 107 230 69 62 88 169 83 165 27 66 203 64 14 77 637 119
internal_value=0.00101929 -0.00498387 0.00374827 0.00107022 -0.0169389 0.0109834 0.000938299 0.00498126 -0.00479534 0.00730045 -0.00706358 0.00108584 -0.00426768 0.00761429 -0.0109274 0.00575377 0.0184179 -0.0144966 -0.00228935 -0.0220212 0.0126883 -0.0167364 0.0146873 -0.0183067 5.24792e-06
internal_weight=252.863 76.1888 176.674 135.421 19.8294 41.2528 21.2438 115.592 19.9962 95.5954 13.6737 49.3894 27.5289 21.8605 16.7883 10.7406 20.0091 26.7994 10.3508 16.047 7.57003 22.8232 11.5097 20.7611 4.76452
internal_count=3218 1374 1844 1053 274 791 480 779 158 621 327 653 353 300 231 122 311 721 154 232 153 694 146 651 146
is_linear=0
shrinkage=0.0435066


Tree=112
num_leaves=19
num_cat=0
split_feature=16 4 17 4 23 6 2 5 27 11 16 3 6 5 17 3 18 18
split_gain=2.10315 2.49168 2.13088 1.91521 1.57981 1.4884 1.19205 0.993134 0.950299 1.47443 1.34831 0.905204 0.840592 0.771278 0.677509 0.649425 0.593999 0.0421721
threshold=13.500000000000002 36.750000000000007 28.19776785714286 42.150000000000013 1.0000000180025095e-35 122.95000000000002 5.5000000000000009 36.250000000000007 2.5000000000000004 0.024725274725274703 9.5000000000000018 52.500000000000007 125.85000000000001 189.65000000000003 18.013888888888893 51.500000000000007 11.500000000000002 6.5000000000000009
decision_type=2 2 2 2 2 2 2 2 2 2 2 2 2 2 2 2 2 2
left_child=1 13 6 4 5 -4 -2 -6 9 16 17 -11 -12 14 -1 -16 -3 -10
right_child=2 8 3 -5 7 -7 -8 -9 10 11 12 -13 -14 -15 15 -17 -18 -19
leaf_value=0.0014230642325758496 -0.0011751459775652068 -0.00062399301754570565 0.00039692012101723577 0.018300858021028345 -0.012278560002685015 0.01220374632848956 0.021696082815049901 0 0 0.0040465409252035157 0.018261805925430617 -0.012132139630027294 -0.0012058014900840533 0.0014101352526268973 0.00031565265589641035 -0.019267510864452893 0.015215995445736446 -0.0079319884309452283
leaf_weight=1.9625651042442829 3.8222512789070597 5.4713394036516565 86.952836439944804 5.8653885647654525 17.550758530152962 20.818867998197675 10.865354779642074 29.068553548771888 1.8785452835727512 4.2528787159826633 9.4711893396452052 17.577907084138133 3.4138037387747309 3.5100059732794753 2.2602979824878302 21.32925722154323 2.9276900794357061 1.654379275627434
leaf_count=39 50 77 985 35 330 168 90 186 41 62 74 289 38 22 47 648 16 21
internal_value=0.0010556 -0.00469416 0.00367862 0.00181415 0.000409387 0.00333166 0.0167372 -0.00573666 0.00152872 -0.00278777 0.00844952 -0.00841935 0.0139123 -0.0134161 -0.0156395 -0.0173944 0.00845777 -0.00657365
internal_weight=250.654 75.7099 174.944 160.256 154.391 107.772 14.6876 46.6193 46.6477 30.2298 16.4179 21.8308 12.885 29.0621 25.5521 23.5896 8.39903 3.53292
internal_count=3218 1374 1844 1704 1669 1153 140 516 618 444 174 351 112 756 734 695 93 62
is_linear=0
shrinkage=0.0435066


Tree=113
num_leaves=16
num_cat=0
split_feature=13 10 4 4 7 6 5 6 17 17 10 8 17 17 1
split_gain=1.87126 2.10644 1.83538 1.78875 1.61007 1.36872 2.35529 1.06845 0.941549 1.32939 1.02507 0.66807 0.652258 0.49187 0.202353
threshold=0.70833333333333337 0.24454200284765068 36.150000000000013 40.750000000000007 2.5000000000000004 91.15000000000002 36.45000000000001 122.85000000000001 37.952857142857148 26.070000000000004 0.32882882882882886 2019.0000000000002 63.816964285714299 39.942857142857157 2.5000000000000004
decision_type=2 2 2 2 2 2 2 2 2 2 2 2 2 2 2
left_child=1 3 8 5 13 6 -1 -7 9 -3 -10 -6 14 -4 -5
right_child=-2 2 4 12 11 7 -8 -9 10 -11 -12 -13 -14 -15 -16
leaf_value=-0.0067027539658514749 -0.017086313741473898 -0.0090619202935413104 -0.010169111024403436 0.00099772160652606681 0.0027334753209255647 -0.0099552427066378207 0.0074143890809444286 8.9069863312135359e-05 -0.013380035604445123 0.012999913185100926 0.0041379906683899105 0.017589146745203895 -0.0014610404672688374 0.0037978042009086245 0.017325095689827784
leaf_weight=32.106624834472314 3.7850616875803089 1.928318840451541 3.3771233344450584 4.1011460050940496 11.955950959119944 48.271879202104174 46.202953196130693 28.342952658887953 9.9863443973008525 8.0778043512254936 5.186772567452862 32.276539604179561 3.6842941436916581 3.001723159221001 7.2028668010607362
leaf_count=438 491 46 61 31 134 669 282 246 163 93 88 349 31 45 51
internal_value=0.0010402 0.00179363 0.00752377 -0.000888737 0.0118759 -0.00247927 0.0014374 -0.00640259 -0.00154945 0.00624147 -0.00748325 0.0146388 0.0108525 -0.00421775 0.0144977
internal_weight=249.488 245.703 75.7906 169.913 50.6113 154.924 78.3096 76.6148 25.1792 10.0061 15.1731 44.2325 14.9883 6.37885 11.304
internal_count=3218 2727 979 1748 589 1635 720 915 390 139 251 483 113 106 82
is_linear=0
shrinkage=0.0435066


Tree=114
num_leaves=26
num_cat=0
split_feature=4 6 6 22 17 7 6 6 6 3 10 20 6 2 22 4 0 16 6 6 10 20 10 10 6
split_gain=1.92886 1.89843 2.45175 2.10444 1.94315 1.74749 1.66078 1.56851 1.34635 1.88735 1.15211 0.90978 0.887541 0.880856 1.20261 0.875783 0.852838 0.778205 0.745708 0.566434 0.515425 0.440407 0.842557 0.31389 0.289377
threshold=37.850000000000001 80.850000000000009 69.550000000000011 1.0000000180025095e-35 30.920238095238098 3.5000000000000004 71.350000000000009 109.25000000000001 145.25000000000003 53.500000000000007 0.16568627450980386 5.5000000000000009 106.75000000000001 13.500000000000002 1.0000000180025095e-35 34.750000000000007 1650.0000000000002 13.500000000000002 125.95000000000002 108.05000000000001 0.094588550983899775 5.5000000000000009 0.24454200284765068 0.15007309941520466 105.75000000000001
decision_type=2 2 2 2 2 2 2 2 2 2 2 2 2 2 2 2 2 2 2 2 2 2 2 2 2
left_child=1 2 10 17 21 7 -5 16 9 -6 20 -12 24 14 -9 -10 -2 -4 -14 -18 -1 22 -3 -23 -7
right_child=5 4 3 6 8 12 -8 13 15 -11 11 -13 18 -15 -16 -17 19 -19 -20 -21 -22 23 -24 -25 -26
leaf_value=0.001224108856587514 0.0048141544702167294 -0.0021733447159900262 0 -0.015610526663689733 0.002604037015730626 0.0042810198547888591 0.0077963047614559274 0.013196367553948474 0.010789472340961916 -0.015238261791658506 -0.0021570008544199342 0.010119342565737832 0.020765925942948692 -0.0058900565904591818 -0.0037667164187487508 -0.0061485945400882426 -0.017046436576880333 0.020933814703866915 0 -0.0011974311730479515 -0.015963867953166774 0.0040694142361221821 0.015675367397944728 -0.0079593150398384101 -0.0072727942555152357
leaf_weight=1.8642357597127537 4.4321391433477428 4.5612819381058198 3.9129195827990797 3.7295908706728387 11.009677549591286 1.334866696037355 6.4589596563018858 24.626610733801503 5.5731095820665342 44.837290561001282 43.156899722351227 8.2140842294320446 16.326787488767881 3.2578097470104685 6.2540663402760392 4.508933125063777 5.6622636257670846 17.029648527037352 2.9898991929367176 10.588381636654956 7.1862757103517652 1.1715941447764628 6.1229690366890281 1.9767549326643346 1.5821802045684306
leaf_count=20 41 64 75 67 170 20 44 216 31 798 404 123 141 25 67 70 195 109 29 173 134 9 98 56 39
internal_value=0.00114736 -0.00139958 0.00272747 0.0115293 -0.00610168 0.006598 -0.00291621 0.00162548 -0.00916801 -0.0116548 -0.002338 0.000550176 0.0153608 0.00701405 0.00943388 0.00316761 -0.00644797 0.0179481 0.0180742 -0.0104607 -0.0127461 0.00627383 0.00953339 -0.00271526 -0.001613
internal_weight=248.369 171.314 91.5526 31.1311 79.7616 77.055 10.1886 54.8213 65.929 55.847 60.4215 51.371 22.2337 34.1385 30.8807 10.082 20.6828 20.9426 19.3167 16.2506 9.05051 13.8326 10.6843 3.14835 2.91705
internal_count=3218 2272 976 295 1296 946 111 717 1069 968 681 527 229 308 283 101 409 184 170 368 154 227 162 65 59
is_linear=0
shrinkage=0.0435066


Tree=115
num_leaves=12
num_cat=0
split_feature=23 10 10 11 5 5 28 2 7 5 18
split_gain=1.83014 1.716 1.52487 2.31746 1.77531 1.76989 1.17004 1.11566 0.730817 0.583581 0.541684
threshold=1.5000000000000002 1.0000000180025095e-35 0.34761152783260957 0.071067821067821071 36.45000000000001 171.30000000000004 0.47500000000000003 12.500000000000002 2.5000000000000004 65.200000000000003 10.500000000000002
decision_type=2 2 2 2 2 2 2 2 2 2 2
left_child=1 -1 3 4 -3 -5 10 9 -8 -2 -4
right_child=7 2 6 5 -6 -7 8 -9 -10 -11 -12
leaf_value=0.01598195444089396 -0.021990272696030086 -0.0042495861766235687 -0.010872794021272725 -0.012152973800522986 0.004835941765825193 0.0074623282002200973 -0.0027837651667821546 0.0029014558967976117 0.017043803990401306 0 0.0048872228425314093
leaf_weight=5.987798808142542 7.4259259977843595 64.529412886477076 2.5225370767293529 45.059158914140426 87.953301779460162 5.2513895127922288 1.3061107294051897 3.4040389214642337 12.738319720956495 3.3262009471654892 1.4270808994770048
leaf_count=43 115 1061 74 842 655 40 59 23 241 25 5
internal_value=-0.000809655 0.000268951 -0.000558863 -0.00178671 0.000911088 -0.00930733 0.00966395 -0.0132136 0.0144121 -0.0180683 -0.00471862
internal_weight=240.931 226.775 220.787 202.793 152.483 50.3105 17.994 14.1562 14.0444 10.7521 3.94962
internal_count=3183 3020 2977 2598 1716 882 379 163 300 140 79
is_linear=0
shrinkage=0.0435066


Tree=116
num_leaves=23
num_cat=0
split_feature=4 5 3 1 9 5 23 5 22 8 5 5 11 18 4 17 9 11 3 3 1 5
split_gain=3.1284 2.88923 3.00839 2.80585 2.28078 1.99609 1.60451 2.13013 2.04174 1.35032 1.19459 1.09428 2.01994 0.999122 0.918186 0.848578 0.734271 0.621565 0.615518 0.389052 0.320664 0.062738
threshold=36.050000000000004 35.650000000000013 49.500000000000007 1.0000000180025095e-35 0.14651229273870783 90.65000000000002 1.0000000180025095e-35 40.100000000000009 1.0000000180025095e-35 2019.0000000000002 37.750000000000007 136.95000000000002 0.022321428571428555 11.500000000000002 34.850000000000001 26.106250000000006 0.03608470181503886 0.10607196401799096 54.500000000000007 53.500000000000007 1.5000000000000002 36.45000000000001
decision_type=2 2 2 2 2 2 2 2 2 2 2 2 2 2 2 2 2 2 2 2 2 2
left_child=1 2 -1 10 5 6 7 -2 -8 13 21 16 -13 -5 15 -4 -7 -11 19 -6 -16 -3
right_child=4 3 14 9 18 11 8 -9 -10 17 -12 12 -14 -15 20 -17 -18 -19 -20 -21 -22 -23
leaf_value=0.012846149448362003 -6.0138893148266675e-05 -0.0012957676457063651 0 -0.0069853521646314068 0.0069683056232989499 0 0.010754547571494303 -0.017736543901477431 -0.0081119074965279279 -0.014962158154004888 0.017397432564072893 0.013669653558574798 -0.0064022362385462673 0.011809967318038543 0.0025630733885525282 -0.023987969913849425 0.018923872774756635 0.00065634746395931795 0.022429142542383311 -0.0063597785421013317 -0.0075978664672158823 0.0025039289468579773
leaf_weight=2.0517715550959101 33.190772361005656 8.5307157486677223 2.1860380169237059 3.3710313490591926 1.8607713400851917 4.9159215204417732 22.576058852137066 15.933850549627094 10.941106292651964 20.087216634303335 10.331517741084097 8.8971309419721383 17.921126839704812 5.3137019332498312 2.89456068992149 22.95961182389874 12.281695057637988 3.776986895594745 7.2625422386918217 1.6325054834596813 12.888134663284289 8.9521443806588632
leaf_count=10 661 58 41 45 15 36 301 179 164 186 31 62 145 31 81 412 84 35 69 52 435 50
internal_value=-0.000817711 -0.00635955 -0.0141511 0 0.00337935 0.00120676 -0.00268503 -0.00738043 0.00402636 -0.00795011 0.00909822 0.00811703 0.00132514 0.00398483 -0.0172954 -0.0220219 0.015009 -0.0125481 0.0182722 0 -0.00507822 0.000381788
internal_weight=240.757 103.343 42.9801 60.3633 137.413 126.658 82.6418 49.1246 33.5172 32.5489 27.8144 44.0159 26.8183 8.68473 40.9283 25.1456 17.1976 23.8642 10.7558 3.49328 15.7827 17.4829
internal_count=3183 1415 979 436 1768 1632 1305 840 465 297 139 327 207 76 969 453 120 221 136 67 516 108
is_linear=0
shrinkage=0.0435066


Tree=117
num_leaves=17
num_cat=0
split_feature=4 23 16 6 6 4 6 5 6 1 10 20 7 2 5 11
split_gain=2.93712 2.43381 1.74925 2.1204 1.26655 1.98524 2.01232 1.94784 2.8286 2.21923 1.09955 0.98864 0.961777 0.455342 0.413152 0.288521
threshold=38.750000000000007 1.5000000000000002 12.500000000000002 110.75000000000001 80.850000000000009 36.150000000000013 123.25000000000001 36.45000000000001 60.45000000000001 1.5000000000000002 0.13263888888888889 5.5000000000000009 3.5000000000000004 2.5000000000000004 70.000000000000014 0.12748284579270497
decision_type=2 2 2 2 2 2 2 2 2 2 2 2 2 2 2 2
left_child=1 4 14 11 7 10 -7 8 -1 -9 -6 13 -13 -4 15 -2
right_child=2 -3 3 -5 5 6 -8 9 -10 -11 -12 12 -14 -15 -16 -17
leaf_value=-0.014036610827958944 -0.012834187281300462 -0.02006176564769634 -0.0030082076580815525 0.021319894610589221 0.0032036610670708107 -0.0052603302059014744 0.010229538348284481 0.016290418086783869 0.0060812935615505662 -0.0014281045568648168 -0.014816829554411142 -0.012783889749656129 0.0060807924338491179 0.0099428143917087049 0.0020630829128631964 0.00041432690981184448
leaf_weight=20.561457348288968 4.1745889832964149 9.0363084059208614 2.0774886643048402 15.807861675042657 4.1991674910532302 39.685203443281353 17.665287707233801 20.600184570997953 19.676264470093884 22.666957356967032 31.952987888362259 6.5968637799378502 2.6257562255486846 15.002345863031222 4.5432126587256789 1.8810073728673158
leaf_count=326 84 106 31 103 60 660 154 95 337 177 663 103 26 189 42 27
internal_value=-0.000827029 -0.00344873 0.0076178 0.011352 -0.00186348 -0.00521163 0 0.00187953 -0.00450709 0.0078338 -0.012318 0.00201057 -0.00647911 0.00754494 -0.00530356 -0.00983612
internal_weight=238.753 186.044 52.7091 42.1103 177.008 93.5026 57.3505 83.5049 40.2377 43.2671 36.1522 26.3025 9.22262 17.0798 10.5988 6.0556
internal_count=3183 2578 605 452 2472 1537 814 935 663 272 723 349 129 220 153 111
is_linear=0
shrinkage=0.0435066


Tree=118
num_leaves=16
num_cat=0
split_feature=4 22 4 2 2 21 16 6 17 17 17 3 20 1 17
split_gain=2.53322 1.65471 1.58702 2.09842 2.13997 1.71554 1.40544 2.05113 1.71369 1.30082 0.962716 0.533944 0.282987 0.200746 0.148369
threshold=38.750000000000007 1.5000000000000002 36.050000000000004 17.500000000000004 2.5000000000000004 1.0000000180025095e-35 12.500000000000002 110.75000000000001 52.500000000000007 20.883333333333336 24.908571428571431 52.500000000000007 5.5000000000000009 1.5000000000000002 74.810714285714297
decision_type=2 2 2 2 2 2 2 2 2 2 2 2 2 2 2
left_child=1 2 3 4 -1 10 11 8 12 -7 -4 -2 -8 -13 -10
right_child=6 -3 5 -5 -6 9 7 -9 14 -11 -12 13 -14 -15 -16
leaf_value=0.0052055580276320129 0.0044718054021144933 -0.018621272697140704 -0.0074051434707969824 0.013426050021924828 -0.010167377105100949 0.010621789105303111 0.012152372116323263 0.020050827483540919 -0.010672723563170663 -0.0088985507043019951 0.0085119334668511161 0 0 -0.011325523693416389 0
leaf_weight=16.09950021863915 2.7102915253490192 6.4146228134632102 2.5298649026080957 3.8534032925963393 80.325815732474439 1.8587058493867541 10.413418461568655 15.655170938465742 7.6452063028700632 25.66138380812481 48.456142278155312 2.029647566145286 4.6208787783980361 5.8060853217029944 3.6159099715296179
leaf_count=213 31 93 40 16 1165 17 112 103 127 522 512 32 53 90 57
internal_value=-0.000969144 -0.00340696 -0.00217104 -0.00567304 -0.00733576 0.00227569 0.00688691 0.0102426 0.00127366 -0.00550297 0.00679726 -0.00468492 0.00954781 -0.00914626 -0.00865692
internal_weight=237.696 185.199 178.785 100.279 96.4253 78.5061 52.4966 41.9506 26.2954 27.5201 50.986 10.546 15.0343 7.83573 11.2611
internal_count=3183 2578 2485 1394 1378 1091 605 452 349 539 552 153 165 122 184
is_linear=0
shrinkage=0.0435066


Tree=119
num_leaves=20
num_cat=0
split_feature=4 27 2 4 0 17 9 10 9 2 2 9 23 11 10 11 4 22 17
split_gain=2.43528 1.95055 1.70843 1.57546 1.52945 1.64245 1.50715 1.16297 1.00095 1.61938 1.20815 0.905316 0.854093 0.439918 0.408035 0.62879 0.316308 0.118906 0.0479142
threshold=37.650000000000013 1.5000000000000002 17.500000000000004 40.45000000000001 1650.0000000000002 30.920238095238098 0.017148526077097454 0.33780760626398215 0.051064754454584908 2.5000000000000004 11.500000000000002 0.049515639589168957 1.5000000000000002 0.084219858156028365 0.17846085802742148 0.13397435897435897 40.45000000000001 1.0000000180025095e-35 45.205357142857146
decision_type=2 2 2 2 2 2 2 2 2 2 2 2 2 2 2 2 2 2 2
left_child=2 3 4 6 8 13 -2 -7 10 -10 -1 -8 16 -6 18 -16 17 -3 -5
right_child=1 12 -4 14 5 7 11 -9 9 -11 -12 -13 -14 -15 15 -17 -18 -19 -20
leaf_value=-0.00078643844513226729 0.0082494021738606007 0.019853733296932866 0.013094719880944621 0.013917243004308204 0.0080143115964387435 -0.014352123040799771 -0.018270921453296729 0.002989287357604301 0.0083455450123769565 -0.0079973697157132134 0.014474777898526588 -0.0017355315742812424 -0.0019535796106456486 -0.0037766394100366613 -0.0056116088533246849 0.0087751620207334007 0.00039797326751800594 0.0027554456451528639 0.0020380287230088753
leaf_weight=25.929016063339077 4.8602492902427938 13.977971419692048 3.9418614748865357 5.7110223993659037 7.1532546330708993 52.00653251807671 8.9115757315885293 5.0162914823740712 8.5200487532420066 44.640476438275073 7.7917024393100283 15.773047985276206 3.4011724530719212 4.1339657462667674 7.5273802503943426 3.196165970293805 3.8162824250757685 4.8032487737946203 5.9180654771625996
leaf_count=359 63 98 16 38 102 699 182 152 108 613 67 347 38 80 71 27 27 50 46
internal_value=-0.001038 0.00495412 -0.00411147 -7.93336e-05 -0.0051209 -0.00970312 -0.00628705 -0.012518 -0.000984653 -0.004584 0.00426278 -0.0105972 0.0133136 0.00332845 0.00734393 0 0.0158804 0.0177153 0.01133
internal_weight=237.029 77.8962 159.133 51.8975 155.191 68.31 29.5449 57.0228 86.8812 53.1605 33.7207 24.6846 25.9987 11.2872 22.3526 10.7235 22.5975 18.7812 11.6291
internal_count=3183 987 2196 774 2180 1033 592 851 1147 721 426 529 213 182 182 98 175 148 84
is_linear=0
shrinkage=0.0435066


Tree=120
num_leaves=19
num_cat=0
split_feature=7 4 16 9 17 6 5 9 6 6 5 17 23 16 6 5 6 9
split_gain=1.74932 2.12888 2.08251 1.81735 1.58772 1.64453 1.49413 1.08564 1.00305 0.966401 0.630136 0.583846 0.566895 0.541711 0.346707 0.250544 0.116149 0.0899948
threshold=2.5000000000000004 39.150000000000013 12.500000000000002 0.033520599250936305 39.942857142857157 121.55000000000001 34.850000000000001 0.041213921901527957 127.15000000000002 110.65000000000002 104.60000000000001 62.93988095238096 1.0000000180025095e-35 12.500000000000002 110.75000000000001 62.350000000000009 70.950000000000017 0.03608470181503886
decision_type=2 2 2 2 2 2 2 2 2 2 2 2 2 2 2 2 2 2
left_child=7 3 15 9 5 -5 -6 12 16 13 -11 -4 17 -2 -13 -3 -9 -1
right_child=1 2 11 4 6 -7 -8 8 -10 10 -12 14 -14 -15 -16 -17 -18 -19
leaf_value=-0.0072557278471891565 -0.0011224921938072195 -0.011257317671433169 0.016508994508964897 0.011045920705427923 -0.0083667422245978975 -0.0070412385862908015 0.0016706041035531899 0 0.0039381109619874488 -0.0058346860127224285 0.0087881349471681351 -0.0038321723304010889 0.0090917964045730687 -0.018318587962708938 0.0070326673426670547 0.0004922390954541267 -0.020218426604662339 0
leaf_weight=2.6095608304021911 6.9803668168606299 3.2950221137143663 24.187812626827508 36.622120042447932 35.689935089612845 6.6584543224889776 75.956715194508433 1.1259792518103484 1.1443960070610035 5.3686388779897225 3.7906817942857742 4.8857266977429372 3.0795754105783999 12.20436000835616 3.8526468835771084 2.1641957797110081 10.81446976092411 1.3209456792101262
leaf_count=57 102 51 204 512 813 89 558 37 4 79 23 82 39 180 27 19 286 29
internal_value=-0.000136891 0.00105766 0.00957523 -0.000940764 0.000980614 0.00750374 -0.00173726 -0.0107242 -0.0161066 -0.00995192 0.000712133 0.0135926 0.00149745 -0.0143248 0.00125572 -0.00802516 -0.0192856 -0.00544831
internal_weight=241.752 221.657 38.3854 183.271 154.927 43.2806 111.647 20.0949 13.0848 28.344 9.15932 32.9262 7.01008 19.1847 8.73837 5.45922 11.9404 3.93051
internal_count=3191 2739 383 2356 1972 601 1371 452 327 384 102 313 125 282 109 70 323 86
is_linear=0
shrinkage=0.0435066


Tree=121
num_leaves=14
num_cat=0
split_feature=13 9 5 14 2 11 5 4 4 9 8 11 0
split_gain=1.59678 1.29901 1.61866 2.08869 1.47903 1.46544 1.43648 0.960319 0.808535 0.282558 0.271872 0.00908701 0.00639302
threshold=0.70833333333333337 0.13893653516295021 104.60000000000001 1.5000000000000002 2.5000000000000004 0.059411764705882351 32.95000000000001 35.850000000000001 36.350000000000001 0.21704464918497518 2019.0000000000002 0.061862244897959155 1350.0000000000002
decision_type=2 2 2 2 2 2 2 2 2 2 2 2 2
left_child=1 2 3 6 11 -5 -1 -6 9 12 -10 -4 -3
right_child=-2 8 4 5 7 -7 -8 -9 10 -11 -12 -13 -14
leaf_value=0.005956984510606049 -0.016932341602348928 0.0037398800661219873 -0.0093924527531293652 -0.0010419740702533207 -0.0023534716293603427 -0.018792534986110072 -0.0029937228652360914 0.011657399901048823 0.00064120892392032349 -0.0076361042597771454 0.017967909414351814 -0.00014579077636776776 0
leaf_weight=44.940484881401062 3.8036987408995619 1.6216584444046049 3.0413878560066214 18.136513761477545 7.9708567485213271 15.566757821128702 93.123556088656187 35.558890651911497 3.9627904454246146 1.5181220318190751 7.3937554627191275 2.8403486236929893 1.5369435821194199
leaf_count=654 507 20 31 312 64 343 792 250 44 38 75 24 37
internal_value=-0.000143076 0.000530353 -0.000427847 -0.00248217 0.00599054 -0.0112075 0 0.00891819 0.010499 -0.00177872 0.0149237 -0.00816317 0.00324257
internal_weight=241.016 237.212 221.179 171.767 49.4115 33.7033 138.064 43.5297 16.0333 4.67672 11.3565 5.88174 3.1586
internal_count=3191 2684 2470 2101 369 655 1446 314 214 95 119 55 57
is_linear=0
shrinkage=0.0435066


Tree=122
num_leaves=18
num_cat=0
split_feature=7 4 9 17 6 2 5 1 5 6 6 17 2 11 2 6 2
split_gain=1.77635 1.98598 1.46375 1.54798 1.55456 1.14033 1.07586 1.07066 1.05109 0.742672 0.973026 0.960511 0.585346 0.478709 0.215277 0.0579285 0.0552251
threshold=2.5000000000000004 39.150000000000013 0.033520599250936305 39.942857142857157 121.55000000000001 10.500000000000002 34.850000000000001 2.5000000000000004 125.10000000000001 151.70000000000002 110.55000000000001 53.06964285714286 7.5000000000000009 1.0000000180025095e-35 10.500000000000002 110.65000000000002 1.5000000000000002
decision_type=2 2 2 2 2 2 2 2 2 2 2 2 2 2 2 2 2
left_child=5 2 7 4 -4 13 -5 12 -9 10 11 -3 -2 15 -12 -1 -15
right_child=1 9 3 6 -6 -7 -8 8 -10 -11 14 -13 -14 16 -16 -17 -18
leaf_value=-0.0028541239072232775 0.0080105679978250757 0.008931305118943824 0.010737035749102055 -0.0074771953939621154 -0.006903585215706525 0.0036607338761359292 0.0010772274038441901 -0.018223430590724541 0.0015587348880716553 -0.0037649392195293761 0.021665229219157554 -0.0056733155249057031 -0.0058140540608720122 0 0.0021724742676450561 0.0020540730406898161 -0.019090642803423812
leaf_weight=2.690225652302618 5.5245092685800063 14.273265726398678 36.834638488071505 35.02144393598428 6.5228708700742564 4.3816192308440796 75.923080490436405 13.740810183342548 4.3211743347346774 3.0697843739762893 8.555123705416916 7.9307729972060761 4.3651908729225397 1.0250015619676549 4.2115620579570523 1.6950362694915382 10.241472684487233
leaf_count=45 58 139 512 813 89 51 558 231 34 34 54 126 61 33 30 26 297
internal_value=-9.74402e-05 0.00111128 -0.000822936 0.000892868 0.00732588 -0.0107786 -0.00180239 -0.00896495 -0.0139225 0.00936923 0.0111752 0.00326051 0.00140901 -0.0151631 0.0186645 0 -0.018373
internal_weight=240.328 220.294 182.254 154.302 43.3575 20.0334 110.945 27.9517 18.062 38.0405 34.9707 22.204 9.8897 15.6517 12.7667 4.38526 11.2665
internal_count=3191 2739 2356 1972 601 452 1371 384 265 383 349 265 119 401 84 71 330
is_linear=0
shrinkage=0.0435066


Tree=123
num_leaves=20
num_cat=0
split_feature=7 4 9 0 5 21 2 2 21 5 2 4 5 8 2 22 7 0 2
split_gain=1.56734 1.93524 1.43086 1.71608 2.28843 1.23589 0.996181 0.737778 1.09466 0.830129 0.418114 0.335185 0.308857 0.29618 0.3332 0.256353 0.142692 0.113001 0.0494238
threshold=2.5000000000000004 37.650000000000013 0.025167084377610654 1900.0000000000002 95.500000000000014 1.0000000180025095e-35 10.500000000000002 2.5000000000000004 1.0000000180025095e-35 125.10000000000001 12.500000000000002 39.150000000000013 28.150000000000002 2016.5000000000002 1.5000000000000002 1.0000000180025095e-35 3.5000000000000004 1100.0000000000002 5.5000000000000009
decision_type=2 2 2 2 2 2 2 2 2 2 2 2 2 2 2 2 2 2 2
left_child=6 2 10 5 -5 -4 13 11 15 -10 17 16 -13 18 -15 -9 -3 -2 -1
right_child=1 7 3 4 -6 -7 -8 8 9 -11 -12 12 -14 14 -16 -17 -18 -19 -20
leaf_value=-0.0027760955003619044 -0.00079476970305428348 -0.010285067245535974 0.006576005689617935 -0.010773318505730304 0.010318158181819555 -0.0034441554829257558 0.0033244756268541293 0.019591737655956919 -0.00020879024814216086 0.01148801158855622 0.00017533879850735045 0.0075937507800688314 -0.0033354109384025918 0 -0.018001401984781389 0.0017036466234517625 0 -0.01588520827111051 0.0019896785919126898
leaf_weight=1.3820540677988931 3.3189588733948794 1.8853053733473628 63.746842577762436 37.270894579472952 6.4807826820760956 28.442592491628602 4.3622666114242739 10.94630029145628 31.797889433102682 9.9970569312572461 2.9306311099790028 3.4404296458233148 2.7969524236395955 1.3370811069617037 11.024252000672275 4.5709482640959314 2.0804184584412724 9.9020208760630322 1.7371997223235665
leaf_count=47 49 41 750 479 32 412 51 72 510 83 28 32 32 33 283 42 28 149 38
internal_value=-9.89716e-05 0.00103359 -0.00165789 0 -0.00651612 0.00335922 -0.0101722 0.00684498 0.00866074 0.00355275 -0.0117775 -0.00215227 0.00270306 -0.0142915 -0.0163613 0.0168419 -0.00768263 -0.0141204 0
internal_weight=239.451 219.608 152.093 135.941 43.7517 92.1894 19.8429 67.5153 57.3122 41.7949 16.1516 10.2031 6.23738 15.4806 12.3613 15.5172 3.96572 13.221 3.11925
internal_count=3191 2739 1899 1673 511 1162 452 840 707 593 226 133 64 401 316 114 69 198 85
is_linear=0
shrinkage=0.0435066


Tree=124
num_leaves=20
num_cat=0
split_feature=10 2 21 6 13 7 7 11 1 18 0 2 2 22 6 18 18 2 11
split_gain=1.62783 1.92303 1.59117 1.27884 1.28213 1.3009 1.17332 1.1618 1.48057 1.54543 1.02589 1.90167 1.12298 1.00241 0.632715 0.40943 0.274082 0.137154 0.0572388
threshold=0.25403225806451618 9.5000000000000018 1.0000000180025095e-35 121.55000000000001 0.36666666666666675 2.5000000000000004 6.5000000000000009 0.028219395866454656 2.5000000000000004 13.500000000000002 1650.0000000000002 2.5000000000000004 17.500000000000004 1.0000000180025095e-35 163.45000000000002 4.5000000000000009 2.5000000000000004 12.500000000000002 0.081666666666666665
decision_type=2 2 2 2 2 2 2 2 2 2 2 2 2 2 2 2 2 2 2
left_child=6 3 15 4 5 -2 7 8 13 -10 11 -9 -12 -1 -5 16 -3 18 -4
right_child=1 2 17 14 -6 -7 -8 10 9 -11 12 -13 -14 -15 -16 -17 -18 -19 -20
leaf_value=0.013727777710771469 -0.0076662638410260227 0.0063364922970574914 0 -0.015210245886965084 -0.011194334028397436 0.0098631370414557096 0.0099994373544651551 0.012484623585158597 -0.008403789359160618 0.0094264898903062624 -0.010685895159744703 -0.0051549650137276901 0.0071357668261709927 -0.0044790395891012918 0.0028936158649720115 0.020957710083119262 -0.0049870733315188383 0.0025348503687484788 -0.0060747978422400753
leaf_weight=15.683811509632507 4.4401784455403677 1.4008454417344247 2.4950017316732547 6.8145518471719679 3.1311399408150455 29.551440296228975 6.8543866788968435 8.8804758938495052 25.740294317482039 6.4055565223097792 59.22046936879633 39.450143754773308 2.2779079582542172 3.211513388901948 1.4198367390781639 15.007564816856755 1.560347461258061 1.6597586204297838 3.2021336962934583
leaf_count=163 87 44 25 144 308 315 52 68 367 45 789 469 8 39 13 114 35 29 77
internal_value=-3.38945e-05 0.0051851 0.0133917 -0.00030966 0.00329059 0.00645976 -0.00240277 -0.00336011 0.00176952 -0.0036003 -0.00579618 -0.000631869 -0.00925723 0.00988187 -0.0115065 0.018827 0 -0.00176555 -0.00452707
internal_weight=238.407 70.6828 25.3257 45.3571 37.1228 33.9916 167.725 160.87 51.0412 32.1459 109.829 48.3306 61.4984 18.8953 8.23439 17.9688 2.96119 7.35689 5.69714
internal_count=3191 1191 324 867 710 402 2000 1948 614 412 1334 537 797 202 157 193 79 131 102
is_linear=0
shrinkage=0.0435066


Tree=125
num_leaves=20
num_cat=0
split_feature=16 4 0 6 20 1 3 5 2 18 16 6 6 6 4 10 10 0 3
split_gain=2.23233 1.84934 1.89589 2.94573 2.64435 2.5887 1.88492 1.29391 0.995558 0.951518 0.676386 0.669562 1.70038 0.485777 0.473778 0.211766 0.053445 0.082127 0.0134569
threshold=12.500000000000002 42.350000000000001 1650.0000000000002 69.65000000000002 5.5000000000000009 1.5000000000000002 53.500000000000007 61.150000000000013 9.5000000000000018 7.5000000000000009 11.500000000000002 70.950000000000017 60.95000000000001 80.850000000000009 36.750000000000007 0.15007309941520466 0.10070850202429146 2500.0000000000005 52.500000000000007
decision_type=2 2 2 2 2 2 2 2 2 2 2 2 2 2 2 2 2 2 2
left_child=7 2 3 5 6 -2 -4 11 10 -6 -9 12 18 -5 -14 -12 -13 -18 -1
right_child=1 -3 4 13 9 -7 -8 8 -10 -11 15 16 14 -15 -16 -17 17 -19 -20
leaf_value=0 0.0044205276836899359 0.018701364568329704 -0.011428289631515287 0.016499114645271637 0 -0.018924836920676008 0.0045618522463649388 -0.010895385203072851 0.011841322276686128 -0.01674168596213968 -0.0021393267095088887 0 -0.0016095483348271072 0.0052014325438147725 0.01367202348431819 0.006345062430032856 -0.017446623674931733 0 -0.013798454236452226
leaf_weight=1.1966817196225763 18.985800541238863 6.4315987955778828 10.272543780622071 24.872506412211806 8.5897176777943987 7.4832046394585623 74.081376712361816 6.5107645397074529 4.4661699226126066 18.459874168038368 3.7569782873615623 1.0846680528484309 2.4759913365123793 25.234176174271852 4.0965039590373635 5.0250556673854589 15.526093241176568 0.95137580065056759 5.039612976135686
leaf_count=37 138 41 180 196 233 101 830 91 30 228 34 22 75 296 30 37 473 29 162
internal_value=0.000518712 0.00269299 0.00148522 0.00650968 -0.00205192 -0.00430915 0.00182381 -0.00707538 0.00111491 -0.012446 -0.00415806 -0.0119325 -0.00185816 0.0122408 0.00921049 0.00269188 -0.0163704 -0.0168828 -0.0130589
internal_weight=244.541 194.411 187.979 76.5757 111.404 26.469 84.3539 50.1299 19.759 27.0496 15.2928 30.3709 12.8088 50.1067 6.5725 8.78203 17.5621 16.4775 6.23629
internal_count=3263 2243 2202 731 1471 239 1010 1020 192 461 162 828 304 492 105 71 524 502 199
is_linear=0
shrinkage=0.0435066


Tree=126
num_leaves=27
num_cat=0
split_feature=6 6 6 17 8 1 5 6 0 6 22 17 6 6 6 10 9 2 9 6 14 5 1 2 10 1
split_gain=1.85385 3.33737 2.44103 1.61767 1.75681 1.58688 3.09463 2.38875 1.49367 1.7231 1.37168 1.19418 1.12189 3.74701 1.63149 0.943938 0.482587 0.766475 0.655747 0.99429 0.376255 0.387103 0.210709 0.181556 0.0973776 0.0355088
threshold=100.60000000000001 108.15000000000002 69.65000000000002 21.278787878787881 2016.5000000000002 1.5000000000000002 37.750000000000007 60.650000000000013 1100.0000000000002 60.95000000000001 1.0000000180025095e-35 27.859523809523811 122.95000000000002 116.05000000000001 155.95000000000002 0.46610845295055825 0.11651583710407236 9.5000000000000018 0.033520599250936305 72.750000000000014 1.5000000000000002 39.250000000000007 4.5000000000000009 10.500000000000002 0.24638060352346061 1.5000000000000002
decision_type=2 2 2 2 2 2 2 2 2 2 2 2 2 2 2 2 2 2 2 2 2 2 2 2 2 2
left_child=2 3 5 -2 24 6 7 -1 9 -7 12 -10 13 -3 -14 -6 18 22 19 -4 23 -22 -18 -12 -5 -20
right_child=1 10 16 4 15 8 -8 -9 11 -11 20 -13 14 -15 -16 -17 17 -19 25 -21 21 -23 -24 -25 -26 -27
leaf_value=-0.0091703081969198904 0.007335676131520372 0.0051312203709958266 0.008806054403549788 0.0052419342615333698 -0.025574028412890071 -0.010212502816256464 0.017492286526420025 0.015840288627147963 0.0010195036203256634 0.011719818541466177 -0.015355453234920597 -0.024614030050055861 0.012770035759240772 -0.017442737017465987 -0.0048159482114427318 0.0013974876196340569 -0.010448751422136464 0.0090211422487654902 0.0049963328822514187 -0.0099374708550430645 -0.0066650513854796404 0.0061234967329637166 0.00063595116323078224 0 -0.0011253196966170844 0.016696151253651044
leaf_weight=27.093796478118751 1.120256199035796 42.636253196455073 5.5921576902037469 2.0863742020446838 16.877585336915221 7.2325065081240609 12.544356746599076 2.7497439595172173 3.0624513102229685 6.7995196217671037 6.3126595818903279 6.0101217472110875 26.596574409632012 12.842061218805609 9.256334060803054 1.245432793162762 2.9615014321170738 3.4557234552921727 11.006815787521189 3.0341016764286906 1.9649414911400516 2.9754600645974278 1.5212954494636504 1.7116161559242753 1.8553441337426191 24.039158747240435
leaf_count=258 12 557 51 31 486 192 48 37 39 55 98 88 229 236 131 23 73 38 99 53 52 20 30 26 34 267
internal_value=0.000376723 -0.0031351 0.00424497 -0.0160124 -0.0189525 -0.00126079 0.00351682 -0.00416284 -0.00921124 0.000271439 0.000409967 -0.0185062 0.00256896 -0.00121597 0.00794964 -0.0234323 0.010763 0 0.0123436 0.00010883 -0.0100539 0 -0.00762322 -0.0135795 0.00244812 0.0146235
internal_weight=244.584 127.481 117.103 23.185 22.0647 65.4925 42.3879 29.8435 23.1046 14.032 104.296 9.07257 91.3312 55.4783 35.8529 18.123 51.6108 7.93852 43.6722 8.62626 12.9647 4.9404 4.4828 8.02428 3.94172 35.046
internal_count=3263 1935 1328 586 574 717 343 295 374 247 1349 127 1153 793 360 509 611 141 470 104 196 72 103 124 65 366
is_linear=0
shrinkage=0.0435066


Tree=127
num_leaves=26
num_cat=0
split_feature=16 17 11 25 9 5 6 1 6 1 18 9 10 9 5 1 18 5 24 11 9 5 6 3 16
split_gain=2.362 1.21643 1.31851 1.14839 1.78681 3.05639 1.49811 1.88149 0.883865 0.91155 0.656236 0.604682 1.08751 0.610329 0.575102 0.828657 0.542008 0.458608 0.373031 0.339222 0.258089 0.253849 0.217666 0.05488 0.0214531
threshold=13.500000000000002 73.641071428571436 0.024725274725274703 2.5000000000000004 0.033520599250936305 37.750000000000007 69.65000000000002 1.5000000000000002 124.15000000000002 2.5000000000000004 13.500000000000002 0.099481987285142459 0.16568627450980386 0.14651229273870783 86.65000000000002 1.5000000000000002 7.5000000000000009 135.05000000000004 1.0000000180025095e-35 0.21000000000000005 0.03608470181503886 12.950000000000001 122.25000000000001 52.500000000000007 12.500000000000002
decision_type=2 2 2 2 2 2 2 2 2 2 2 2 2 2 2 2 2 2 2 2 2 2 2 2 2
left_child=11 3 22 4 10 -6 7 -5 9 -4 -2 12 14 23 15 -1 21 -16 -8 -15 -18 -14 -3 -13 -21
right_child=1 2 8 6 5 -7 18 -9 -10 -11 -12 13 16 19 17 -17 20 -19 -20 24 -22 -23 -24 -25 -26
leaf_value=0.0010321664074125182 -0.014166549018736239 -9.3477669438709554e-06 0.0001769477506856995 0.011841390342155419 -0.0016337912675209452 0.012762989804661416 0.023377219070030437 -0.012601520693898093 0.0045579072050828777 -0.019250581877436567 0.0017639776430365748 -0.00014612962005468167 0.0016655781062747668 0.0058757492975925743 0.0063958090927755664 -0.016601714136755742 -0.0003000901784619686 -0.0052620960195913615 0.0061279087459816866 -0.0065830426933494732 0.0097070568265936515 -0.0074848165358137424 0.010486783974797569 -0.01648229075166071 0
leaf_weight=4.6537791546434191 9.117914740694685 3.2019310735631761 4.8496748062316355 4.6404154398478585 63.102927548927255 40.505503826774657 7.4663813654333362 6.1721323690144345 1.8898605010472227 9.3222868444863689 3.7509625721722832 1.8187704798765505 5.6701780799776333 3.2133937953039995 4.6117416471242896 10.87602823670022 3.6044140029698601 8.3925159340724331 13.493592372629791 1.4848499593208546 11.59308033226989 4.0943762265378609 2.763510636985302 10.8353009315324 0.82855293835746113
leaf_count=71 140 46 72 41 856 259 40 89 18 155 27 48 190 40 40 268 40 75 118 75 109 105 16 294 31
internal_value=0.000340025 0.00315362 -0.00515726 0.00461871 0.00221922 0.00432534 0.0112773 -0.001022 -0.0108261 -0.014154 -0.00997157 -0.00592096 -0.00267934 -0.0118276 -0.00782939 -0.0121174 0.00328982 0 0.0167262 0 0.00749203 -0.00301278 0.00698252 -0.0155075 -0.00588825
internal_weight=241.954 170.277 22.0273 148.25 116.477 103.608 31.7725 10.8125 16.0618 14.172 12.8689 71.677 53.4961 18.1809 28.5341 15.5298 24.962 13.0043 20.96 5.5268 15.1975 9.76455 5.96544 12.6541 2.3134
internal_count=3263 1877 307 1570 1282 1115 288 130 245 227 167 1386 898 488 454 339 444 115 158 146 149 295 62 342 106
is_linear=0
shrinkage=0.0435066


Tree=128
num_leaves=22
num_cat=0
split_feature=16 0 6 6 17 5 25 6 5 5 5 6 6 17 6 3 18 6 24 11 5
split_gain=2.40519 1.0815 2.25489 1.41654 2.38245 1.54714 1.43361 2.81844 1.44954 1.1737 1.50041 0.914075 2.23948 0.687793 1.06934 0.530609 0.508253 0.430357 0.283886 0.121332 0.0128579
threshold=12.500000000000002 1650.0000000000002 69.65000000000002 108.15000000000002 45.205357142857146 35.350000000000001 1.5000000000000002 122.95000000000002 80.65000000000002 41.750000000000007 38.350000000000001 69.15000000000002 60.45000000000001 44.396875000000009 70.450000000000017 51.500000000000007 11.500000000000002 161.95000000000002 1.0000000180025095e-35 0.054093567251461951 119.40000000000002
decision_type=2 2 2 2 2 2 2 2 2 2 2 2 2 2 2 2 2 2 2 2 2
left_child=11 2 9 4 5 -3 7 -5 -8 10 -2 12 20 -4 -15 -13 17 -17 19 -14 -1
right_child=1 3 13 6 -6 -7 8 -9 -10 -11 -12 15 18 14 -16 16 -18 -19 -20 -21 -22
leaf_value=-0.015684983060858949 -0.0037985514977660843 -0.0088589782242658333 0.018779224509615992 -0.016064957612991121 -0.020977971180669099 0.0074198054623570197 0.013561260174709946 0.0053133152187224307 -0.002160847770960267 -0.01434043484767618 0.016569638454089975 0.0011298836635940961 -0.0038098617153701649 -0.007380805789112297 0.0086995766432650286 -0.015867673230992231 0.00064576693539074108 0.00087900307847775007 0.012128141715925196 0.0034670142444783317 0
leaf_weight=4.0193508288357433 17.672143139294356 13.146295074606316 13.453818014822899 11.624011745676397 7.8246576198725952 18.648350129835308 26.001077839871868 26.034906184766442 12.932490525767205 5.4168866239488116 2.9638469070196143 3.1445893561467555 2.0785604016855332 3.8163458174094549 32.981827234034427 24.3180096076103 2.6496970057487479 1.2483981731347729 8.4978123696055263 2.2099679531529546 0.75898475199937809
leaf_count=164 199 269 110 198 253 127 303 250 111 34 6 42 30 47 336 638 19 18 74 25 10
internal_value=0.000291595 0.00255469 0.00635569 -6.39373e-05 -0.00624954 6.4035e-05 0.00325367 -0.00245388 0.00855624 -0.0032523 0.00203058 -0.00768537 0 0.0113159 0.00593979 -0.0114949 -0.0131399 -0.0147236 0.0093046 0 -0.0150776
internal_weight=241.442 192.517 76.3049 116.212 39.6193 31.7946 76.5925 37.6589 38.9336 26.0529 20.636 48.9254 17.5647 50.252 36.7982 31.3607 28.2161 25.5664 12.7863 4.28853 4.77834
internal_count=3263 2243 732 1511 649 396 862 448 414 239 205 1020 303 493 383 717 675 656 129 55 174
is_linear=0
shrinkage=0.0435066


Tree=129
num_leaves=18
num_cat=0
split_feature=16 4 27 4 25 2 18 20 4 4 5 17 17 25 18 4 18
split_gain=2.46426 1.76332 1.5123 1.62664 2.86979 1.03731 0.952644 1.03496 0.896992 1.07038 0.459183 0.390928 0.330919 0.249425 0.210106 0.0538504 0.0156024
threshold=12.500000000000002 42.150000000000013 2.5000000000000004 38.550000000000004 1.5000000000000002 10.500000000000002 3.5000000000000004 5.5000000000000009 37.050000000000004 39.45000000000001 54.750000000000007 51.183516483516492 20.523076923076925 2.5000000000000004 11.500000000000002 36.350000000000001 6.5000000000000009
decision_type=2 2 2 2 2 2 2 2 2 2 2 2 2 2 2 2 2
left_child=5 2 6 4 -4 8 11 -8 12 13 15 -2 16 -10 -14 -7 -1
right_child=1 -3 3 -5 -6 10 7 -9 9 -11 -12 -13 14 -15 -16 -17 -18
leaf_value=-0.001186129625749818 0.010450864777275432 0.017774911975501802 -0.0091400178239772981 0.016214678959578639 0.0051301958791139766 -0.0053092115195568735 -0.0013545716358268184 -0.016201249259708745 -0.00014221562911458091 -0.012103840886570605 0.010099444403398956 -0.0030641852578281062 -0.017800500668220143 0.0083856090147728119 0 0 0.001578049772724015
leaf_weight=1.0350254887016519 3.7690090251853681 7.1981553770601741 28.459497709176503 10.725231264485044 104.53961072751554 1.0287869819439941 24.158618627232499 11.067146869492715 9.140862369444223 5.4425802780315271 3.3532137237489223 1.4032901996979488 17.704662197269503 5.3162947073578826 2.43036607466638 2.1274057023692876 1.0759321784134952
leaf_count=42 84 48 383 80 1023 39 341 205 165 86 22 79 547 48 17 39 15
internal_value=0.000331917 0.0026291 0.00139677 0.00352521 0.00172012 -0.00776204 -0.0053987 -0.00806147 -0.0101761 -0.00180771 0.00436634 0.00625837 -0.0152061 0.0041446 -0.016524 -0.00338391 0
internal_weight=239.976 191.321 184.122 143.724 132.999 48.6551 40.3981 35.2258 42.1457 19.8997 6.50941 5.1723 22.246 14.4572 20.135 3.15619 2.11096
internal_count=3263 2243 2195 1486 1406 1020 709 546 920 299 100 163 621 213 564 78 57
is_linear=0
shrinkage=0.0435066


Tree=130
num_leaves=23
num_cat=0
split_feature=7 4 5 5 1 18 5 5 5 2 4 4 11 5 10 4 10 17 5 5 18 10
split_gain=1.32083 2.85232 2.67934 3.64869 2.39964 2.13209 1.72776 2.17561 3.44501 1.52912 1.36229 1.40498 0.799087 0.888995 1.12972 0.720881 0.605263 0.314636 0.257156 0.235903 0.140629 0.079119
threshold=3.5000000000000004 41.250000000000007 25.050000000000004 36.45000000000001 1.0000000180025095e-35 11.500000000000002 78.850000000000009 40.550000000000004 23.150000000000002 2.5000000000000004 35.850000000000001 38.45000000000001 0.025978407557354904 11.65 0.17349498327759191 36.95000000000001 0.12074829931972787 35.257948717948729 37.750000000000007 26.850000000000005 13.500000000000002 0.17349498327759191
decision_type=2 2 2 2 2 2 2 2 2 2 2 2 2 2 2 2 2 2 2 2 2 2
left_child=1 6 12 9 18 -6 7 8 -1 -4 20 -12 21 17 -15 -11 -9 -14 -5 -3 -8 -2
right_child=2 19 3 4 5 -7 10 16 -10 15 11 -13 13 14 -16 -17 -18 -19 -20 -21 -22 -23
leaf_value=-0.012576366745031915 0.0012651625278694381 0 0.0039505751105820691 0.0032594212120132492 -0.012047499196063193 0.0055245522132446366 -0.014373100322390963 0 0.0092091539270804882 -0.017783834095455378 0.011154145010493603 -0.0047646748764498311 -0.0047359353880211423 -0.0013910785985150004 0.024191824617281876 0.000623051795856015 -0.024967725122330274 0.0058855961953996946 0.018676793221792849 0.014091163921105897 -5.3947816414256915e-05 -0.0044001988875943246
leaf_weight=29.273697309254203 1.936261765891689 4.243378114886581 5.7558897989802054 8.077781520783903 14.93168672500178 26.616480172146112 3.2489361446350804 2.6586061385460225 15.977396974223664 24.024758533341814 18.117414321750406 12.266184529289601 2.8885368554620099 2.2770945120137176 11.821810394758357 2.9486358859576276 13.585259196581317 4.9070930192247033 11.514463596045969 8.239039106294511 3.2472881134599447 1.7556626684963701
leaf_count=1024 43 35 47 52 181 194 38 24 228 293 129 108 107 42 137 28 173 134 36 64 20 43
internal_value=-0.000935949 -0.0042641 0.00213348 -0.00138956 0.00471575 -0.0013582 -0.00693843 -0.0110573 -0.00449873 -0.0119405 0.000326549 0.00474809 0.0130307 0.0156287 0.0204378 -0.0157412 -0.022366 0.000881826 0.0151062 0.0114329 -0.0116009 -0.00153141
internal_weight=230.313 110.857 119.456 93.8697 61.1404 41.5482 98.3748 61.495 45.2511 32.7293 36.8798 30.3836 25.5865 21.8945 14.0989 26.9734 16.2439 7.79563 19.5922 12.4824 6.49622 3.69192
internal_count=3180 1843 1337 831 463 375 1744 1449 1252 368 295 237 506 420 179 321 197 241 88 99 58 86
is_linear=0
shrinkage=0.0435066


Tree=131
num_leaves=12
num_cat=0
split_feature=13 4 7 5 5 10 16 1 11 6 17
split_gain=1.38742 0.947873 1.7907 3.03838 3.39517 1.08977 1.07439 1.04706 1.62726 0.952262 0.106328
threshold=0.70833333333333337 41.250000000000007 3.5000000000000004 25.050000000000004 34.650000000000013 0.16064516129032258 12.500000000000002 2.5000000000000004 0.034848484848484802 124.65000000000002 62.93988095238096
decision_type=2 2 2 2 2 2 2 2 2 2 2
left_child=1 2 7 5 -5 -4 -3 8 -1 -9 -8
right_child=-2 6 3 4 -6 -7 10 9 -10 -11 -12
leaf_value=0.010827207153891988 -0.016408426837726215 -0.0050632410017734733 -0.0019171493460639183 -0.017669847574828902 0.0025799882392717769 0.017853274556255971 0.016051260595900691 -0.010305057213913274 -0.0058032441878566 0.0026332379864765338 0.0010114439531956124
leaf_weight=12.116028600838034 3.6347086290479629 3.3362787738442394 4.0182938841171589 12.636907174717633 78.649841891601682 20.288896073587239 7.5346964169293642 52.771143828635104 20.883952432894148 8.9294410578440857 3.5689721666276455
leaf_count=128 512 37 87 186 614 290 50 855 303 88 30
internal_value=-0.000674996 0 -0.000820223 0.00269907 -0.00111082 0.0145439 0.0088686 -0.00511267 0.000826384 -0.00821227 0.0139507
internal_weight=228.369 224.734 210.295 115.594 91.2867 24.3072 14.4399 94.7006 33 61.7006 11.1037
internal_count=3180 2668 2551 1177 800 377 117 1374 431 943 80
is_linear=0
shrinkage=0.0435066


Tree=132
num_leaves=12
num_cat=0
split_feature=13 16 25 6 1 4 6 3 10 4 18
split_gain=1.32564 0.8563 0.8665 1.59746 1.42192 1.07969 0.561401 0.497278 0.362384 0.258082 0.29668
threshold=0.70833333333333337 10.500000000000002 1.0000000180025095e-35 110.55000000000001 2.5000000000000004 39.150000000000013 164.95000000000002 51.500000000000007 0.16064516129032258 35.150000000000013 2.5000000000000004
decision_type=2 2 2 2 2 2 2 2 2 2 2
left_child=1 7 6 4 -4 -5 8 -1 -3 -9 -11
right_child=-2 2 3 5 -6 -7 -8 9 -10 10 -12
leaf_value=0.0026567487180545846 -0.016170887060810574 0 0.0029496912160503763 0.0027603375589549443 -0.0052233344056738067 0.01629038564946135 0.0020611835024524736 0 -0.016470840317326606 0 -0.016274025564131361
leaf_weight=1.7130689430050541 3.5760881804744704 2.5536630377173406 78.668263765051961 42.242506577633321 69.254821337293833 12.461075378116218 3.2010266166180372 1.5697788561228643 4.5247423658147454 1.3236217943485824 6.5043256120989099
leaf_count=24 512 29 739 459 987 100 29 37 68 31 165
internal_value=-0.000745392 -5.29234e-06 0.000693387 0.00147894 -0.000870492 0.00741292 -0.00875752 -0.00927166 -0.0130337 -0.0122765 -0.0141866
internal_weight=227.593 224.017 212.906 202.627 147.923 54.7036 10.2794 11.1108 7.07841 9.39773 7.82795
internal_count=3180 2668 2411 2285 1726 559 126 257 97 233 196
is_linear=0
shrinkage=0.0435066


Tree=133
num_leaves=12
num_cat=0
split_feature=13 25 6 7 5 4 6 0 24 10 5
split_gain=1.27431 0.819889 1.43775 1.25614 3.26196 2.02898 0.829587 0.672362 0.80297 0.288633 0.0212589
threshold=0.70833333333333337 1.0000000180025095e-35 123.25000000000001 3.5000000000000004 25.950000000000003 40.550000000000004 164.95000000000002 1550.0000000000002 1.0000000180025095e-35 0.14511278195488717 35.050000000000004
decision_type=2 2 2 2 2 2 2 2 2 2 2
left_child=1 6 3 5 -5 -3 9 10 -9 -1 -4
right_child=-2 2 7 4 -6 -7 -8 8 -10 -11 -12
leaf_value=0 -0.015987368835072631 -0.0075870649372670176 -0.0028920700983837591 0.014510716962353176 -0.0021014786297270005 0.0072865667606821349 0.0033463666463325 0.017284324455896168 0 -0.01689573223815052 0
leaf_weight=2.1105180110316706 3.5234690295183091 71.578996647731401 2.4661848256364491 24.089741348521784 76.126599779818207 16.070749059552327 3.4013515058904886 11.712414997513408 7.675727830734103 5.6757128699682653 2.633890138939023
leaf_count=26 512 1146 34 353 654 151 32 92 66 93 21
internal_value=-0.000817247 -8.82572e-05 0.000599544 -0.000758349 0.00243952 -0.00443746 -0.00912765 0.00931156 0.0123108 -0.0143229 -0.00173315
internal_weight=227.065 223.542 212.354 187.866 100.216 87.6497 11.1876 24.4882 19.3881 7.78623 5.10007
internal_count=3180 2668 2517 2304 1007 1297 151 213 158 119 55
is_linear=0
shrinkage=0.0435066


Tree=134
num_leaves=14
num_cat=0
split_feature=13 2 17 17 2 4 8 2 4 3 4 9 17
split_gain=1.20403 1.16807 1.91202 1.49287 1.14537 2.08829 1.17182 1.14313 0.937243 0.627809 0.452252 0.405534 0.0177605
threshold=0.70833333333333337 4.5000000000000009 26.68571428571429 64.482967032967039 11.500000000000002 34.150000000000013 2016.5000000000002 1.5000000000000002 35.350000000000001 51.500000000000007 38.850000000000001 0.025167084377610654 20.883333333333336
decision_type=2 2 2 2 2 2 2 2 2 2 2 2 2
left_child=1 2 12 4 6 -6 -3 10 -9 -5 -4 -11 -1
right_child=-2 3 7 9 5 -7 -8 8 -10 11 -12 -13 -14
leaf_value=-8.5895574453796804e-06 -0.015686101615875303 -0.012995667470744201 -0.0063569776273322632 0.0024897159804153704 -0.0059767747996222536 0.011357044176085291 -0.00055202644208250174 0 0.013428057312393913 0 0.0053460972888289757 -0.015695552009146536 -0.01376591263609561
leaf_weight=1.7407253575511266 3.4545796741731456 11.713659523753448 11.263391432352362 2.3224301449954536 15.198019677773116 28.099150995491073 79.536156474729069 14.363367398269473 32.598232179647312 4.3010399537161019 2.9358565211296073 15.980559115530921 2.9831196571467444
leaf_count=33 512 169 155 24 146 298 964 142 361 51 35 225 65
internal_value=-0.000881563 -0.000169573 0.00438999 -0.00224137 -0.00022077 0.00508448 -0.0030122 0.00692744 0.00993534 -0.0111819 -0.00253046 -0.013348 -0.0125365
internal_weight=226.49 223.036 65.8847 157.151 134.547 43.2972 91.2498 61.1608 46.9616 22.604 14.1992 20.2816 4.72385
internal_count=3180 2668 791 1877 1577 444 1133 693 503 300 190 276 98
is_linear=0
shrinkage=0.0435066


Tree=135
num_leaves=18
num_cat=0
split_feature=4 7 6 6 21 5 25 5 17 23 7 10 18 6 9 4 10
split_gain=3.01553 3.05285 1.89388 2.99431 1.38737 3.76923 1.59025 1.18077 1.10878 1.36495 1.19603 1.06268 1.15249 1.05397 0.702077 0.483474 0.168286
threshold=36.350000000000001 3.5000000000000004 100.60000000000001 106.45000000000002 1.0000000180025095e-35 38.350000000000001 1.5000000000000002 29.650000000000002 44.094505494505491 1.0000000180025095e-35 2.5000000000000004 1.0000000180025095e-35 13.500000000000002 60.95000000000001 0.12625838926174496 36.650000000000013 0.15504807692307693
decision_type=2 2 2 2 2 2 2 2 2 2 2 2 2 2 2 2 2
left_child=1 11 13 -4 6 -6 16 -8 10 -10 -5 -1 14 -2 -13 -15 -3
right_child=2 4 3 8 5 -7 7 -9 9 -11 -12 12 -14 15 -16 -17 -18
leaf_value=0.0034358695924399173 -0.0027567856787188354 0 -0.020431115336939674 -0.0059906571999370339 -0.025375426267641724 0.0088388767844988624 0.014114659380942713 0.00075207703474036681 0.0030701853733400147 -0.011265991083329372 0.011175208837744076 -0.024347257375624754 0.00010838205186649529 0.00064496992937185455 -0.0020281013625328007 0.019337621528221091 -0.014940081365753951
leaf_weight=2.0009672250598696 3.5179087285650921 1.6767405658029009 4.6582855003071009 4.329698182642459 6.6994969506049511 6.1115634087473154 11.555651682894675 49.517544364091009 38.608718314440921 10.790704007144084 33.509152088663541 18.55769449798391 4.5944489482790223 4.7843261864036348 5.5549619481316759 15.960985077777876 3.4812789864372462
leaf_count=15 53 21 154 88 121 40 195 422 502 174 376 476 33 51 203 133 107
internal_value=-0.000638833 -0.00567944 0.00409026 0.000786619 -0.000652471 -0.0110554 0.00203139 0.00454655 0.00336841 -0.000829282 0.00839236 -0.0159688 -0.0179927 0.0134598 -0.0210598 0.0165808 -0.012801
internal_weight=225.91 109.75 116.16 91.8966 79.0423 12.8111 66.2312 61.0732 87.2383 49.3994 37.8389 30.7081 28.7071 24.2632 24.1127 20.7453 5.15802
internal_count=3164 1633 1531 1294 906 161 745 617 1140 676 464 727 712 237 679 184 128
is_linear=0
shrinkage=0.0435066


Tree=136
num_leaves=21
num_cat=0
split_feature=4 0 6 23 25 21 11 4 10 18 6 0 9 6 3 4 18 6 10 10
split_gain=2.47613 1.62551 2.64697 1.41508 1.3349 1.41462 1.18588 1.13794 1.13591 1.05642 0.912852 0.518746 0.942481 0.631018 0.573707 0.38536 0.372556 0.309092 0.182168 0.123225
threshold=36.350000000000001 1650.0000000000002 106.45000000000002 1.0000000180025095e-35 1.5000000000000002 1.0000000180025095e-35 0.025978407557354904 37.750000000000007 0.13809523809523808 10.500000000000002 60.95000000000001 1350.0000000000002 0.047065337763012159 145.45000000000002 55.500000000000007 36.650000000000013 13.500000000000002 60.95000000000001 0.15677668539325842 0.21825396825396823
decision_type=2 2 2 2 2 2 2 2 2 2 2 2 2 2 2 2 2 2 2 2
left_child=3 10 -3 4 16 6 -6 9 -9 -4 -2 12 18 -14 19 -12 -1 -7 -5 -13
right_child=1 2 7 11 5 17 -8 8 -10 -11 15 14 13 -15 -16 -17 -18 -19 -20 -21
leaf_value=-0.016502252738233279 -0.0026209380950674424 -0.019549872884397808 -0.011647123500338349 -9.6834466111106853e-05 -0.0077801539202099574 -0.012103455244079891 0.0065630036665047719 -0.00320870558736485 0.0086977238010306369 0.0036651251512719264 0.00054046688893839899 -0.0068703501535630988 -0.013513388408390427 0.0033777610652821637 -0.022516702240425443 0.017669248110151574 0.0001550122908331305 4.4551598685676942e-05 0.0095067790323216245 0
leaf_weight=5.946801660116761 3.5393712039804113 4.555957823060452 10.855601386283526 2.7906310630496582 7.2068129453109568 9.3837080525699985 48.910718844272196 15.374439614592118 50.195820748922415 10.787873864173887 4.6760170296765891 3.6803464826662111 7.6706735508050752 1.7032530233263967 8.0681744758039695 15.772103749215601 1.5823851469904182 3.0793406849261364 2.8033536963630468 6.4796376938465983
leaf_count=167 53 154 243 35 117 160 612 180 641 76 51 71 142 8 125 133 12 31 34 119
internal_value=-0.000765762 0.00352561 0.000483255 -0.00534005 -0.00156578 0.000731092 0.00394236 0.00292371 0.00572857 -0.00457533 0.0122449 -0.0120629 -0.00308032 -0.00968384 -0.016278 0.0152031 -0.0138367 -0.00958655 0.00641008 -0.00385691
internal_weight=225.063 115.757 91.7697 109.306 76.1098 68.5806 56.1175 87.2137 65.5703 21.6435 23.9875 33.1961 14.9679 9.37393 18.2282 20.4481 7.52919 12.463 5.59398 10.16
internal_count=3164 1531 1294 1633 1099 920 729 1140 821 319 237 534 219 150 315 184 179 191 69 190
is_linear=0
shrinkage=0.0435066


Tree=137
num_leaves=18
num_cat=0
split_feature=4 6 4 7 5 5 6 17 4 10 10 0 17 9 6 10 27
split_gain=2.28145 1.44955 2.20527 1.29344 2.1518 0.958959 0.948203 1.21106 0.987785 0.875483 0.893957 0.819214 0.963623 0.794869 0.630415 0.490091 0.327404
threshold=38.750000000000007 100.60000000000001 36.550000000000004 3.5000000000000004 37.750000000000007 194.90000000000003 145.45000000000002 31.624747474747476 34.750000000000007 0.11834733893557421 0.10818713450292396 2200.0000000000005 26.68571428571429 0.12625838926174496 61.650000000000013 0.2069580731489741 1.0000000180025095e-35
decision_type=2 2 2 2 2 2 2 2 2 2 2 2 2 2 2 2 2
left_child=1 2 3 13 -5 6 7 -3 -8 10 -2 12 -11 -1 15 -4 -14
right_child=9 5 14 4 -6 -7 8 -9 -10 11 -12 -13 16 -15 -16 -17 -18
leaf_value=-0.013243927998770586 0.0055683274971823505 0 -0.0074508055951553786 -0.0055685387323384378 0.0096033890536264752 0.0043573822433054443 0.010905256127273735 -0.01478453072595713 -0.0067152638274231759 -0.0049095625188699541 -0.013331981817441475 -0.0041247175273326697 0 0.0023125884749005702 0.015673064680469164 0.0065624567107059077 0.013491183978471856
leaf_weight=20.211559123883493 3.4954334860667577 12.20790951058734 2.6315931454300907 36.710770116071217 23.320634593255818 6.1818730821833006 4.2261468246579152 40.503558329539374 6.9582605889299884 2.5989597288426003 2.6938206302002072 3.803627105895429 3.454374721273779 4.5293185531627378 12.021715974668039 3.2307117022573948 35.131607580464333
leaf_count=403 42 220 35 447 142 51 19 874 129 60 23 44 42 119 99 27 388
internal_value=-0.000807045 -0.00324595 3.42848e-05 -0.00298552 0.000537263 -0.00777673 -0.00938837 -0.0116115 0.000937437 0.00668695 -0.00448386 0.0087922 0.0105968 -0.0101854 0.0117357 0 0.012423
internal_weight=223.912 172.734 102.656 84.7723 60.0314 70.0777 63.8959 52.7115 11.1844 51.1778 6.18925 44.9886 41.1849 24.7409 17.884 5.8623 38.586
internal_count=3164 2565 1272 1111 589 1293 1242 1094 148 599 65 534 490 522 161 62 430
is_linear=0
shrinkage=0.0435066


Tree=138
num_leaves=22
num_cat=0
split_feature=4 6 4 16 2 23 11 5 5 2 11 6 17 4 17 5 5 6 11 10 27
split_gain=1.84182 1.58113 1.84909 1.17806 1.32191 1.06844 1.50647 1.08147 0.84192 1.21985 1.03974 0.916346 1.75459 0.991595 0.798749 0.63151 0.584507 0.401355 0.372055 0.341502 0.24151
threshold=38.750000000000007 100.60000000000001 36.550000000000004 12.500000000000002 13.500000000000002 1.0000000180025095e-35 1.0000000180025095e-35 80.65000000000002 86.65000000000002 5.5000000000000009 0.050862068965517211 145.45000000000002 40.080494505494514 34.750000000000007 73.641071428571436 136.95000000000002 46.350000000000001 110.85000000000001 0.16025641025641021 0.28708791208791212 1.0000000180025095e-35
decision_type=2 2 2 2 2 2 2 2 2 2 2 2 2 2 2 2 2 2 2 2 2
left_child=1 2 5 16 14 6 -1 -7 11 -10 -11 12 -3 -13 20 19 18 -16 -2 -4 -5
right_child=3 8 15 4 -6 7 -8 -9 9 10 -12 13 -14 -15 17 -17 -18 -19 -20 -21 -22
leaf_value=-0.012449876759082178 -0.014117574192991662 -0.0012093879835835325 0.016494267735877317 0 -0.0069204097250894327 -0.013182199887045117 0.0038501751950946218 0.0032249482986208317 -0.011391253218915343 0.012574983617061964 -0.0046329457563324735 0.010394101890947407 -0.019671934814372335 -0.0078656968704263457 -0.0063864306652065325 -0.0018753850174751444 0.0033644188641327247 0.0059380567166511904 0.0010816114943875304 0 0.015049759520707015
leaf_weight=6.5112380150239906 3.7695592144737002 17.935815774719231 11.219293890986593 2.879384768195453 3.6078340250533065 18.738233628100719 52.87310681049712 6.5499479323625556 5.1889131958596435 9.2434558980166894 5.8705231966450802 4.2015703618526441 22.349902792251669 5.1902562415343709 4.3390313526615492 2.9801805112510911 4.6850483706220984 2.5353838354349136 1.5134901632554827 3.6959062842652193 28.247452094918117
leaf_count=111 85 380 96 36 35 297 655 48 61 60 47 19 613 113 64 18 48 18 20 47 293
internal_value=-0.000779075 -0.00298026 0.000431528 0.00591972 0.00899044 -0.00234941 0.0008557 -0.00882582 -0.00772322 0 0.00604337 -0.010467 -0.0129803 0.000581535 0.0115192 0.0111168 -0.0047741 -0.000411116 -0.0107171 0.0139637 0.0140366
internal_weight=224.126 172.548 102.568 51.5772 41.6091 84.6725 59.3843 25.2882 69.9804 20.3029 15.114 49.6775 40.2857 9.39183 38.0013 17.8954 9.9681 6.87442 5.28305 14.9152 31.1268
internal_count=3164 2565 1272 599 446 1111 766 345 1293 168 107 1125 993 132 411 161 153 82 105 143 329
is_linear=0
shrinkage=0.0435066


Tree=139
num_leaves=19
num_cat=0
split_feature=4 21 22 5 5 10 16 2 3 9 4 4 5 2 5 4 7 5
split_gain=1.80681 1.55164 1.28261 1.54631 2.06405 1.2441 1.14595 0.931113 0.813179 0.70644 0.680084 0.66601 0.656 0.4847 0.478559 0.424441 0.345227 0.177384
threshold=38.750000000000007 1.0000000180025095e-35 1.0000000180025095e-35 11.15 16.050000000000004 1.0000000180025095e-35 12.500000000000002 13.500000000000002 57.500000000000007 0.048115079365079354 36.550000000000004 37.350000000000001 112.65000000000002 1.5000000000000002 248.35000000000002 39.45000000000001 2.5000000000000004 62.350000000000009
decision_type=2 2 2 2 2 2 2 2 2 2 2 2 2 2 2 2 2 2
left_child=1 2 3 11 -5 -3 15 14 13 10 -4 -1 -11 -7 16 -2 -8 -17
right_child=6 5 9 4 -6 8 7 -9 -10 12 -12 -13 -14 -15 -16 17 -18 -19
leaf_value=-0.014170826574837144 0.0032637079319661282 0.0079438577652427358 -0.0076782824749173171 0.018562014705962856 0.00072465473644865459 0 0 -0.004939075689280664 0.0023717729991278862 -0.018756212345546995 0.0084459398988203978 0.0034489568095726671 0 -0.015142300533090174 -0.0012947828763387567 -0.011818143571489113 0.013361073697486471 0
leaf_weight=9.2543900324963015 3.1314135669963417 1.6990900714881707 2.7430172144668203 7.940919869055505 95.675200021243654 3.0409760524053118 3.3255916067864737 3.5078022463712832 3.6741828250233075 7.2195132729830203 3.9287883453071117 1.4819630244746793 3.7795501099899411 31.619864192267414 2.8403575271368018 3.5267769326455891 31.75981114548631 3.2683971030637622
leaf_count=428 46 11 59 117 982 52 41 35 38 168 26 19 22 643 18 73 352 34
internal_value=-0.000815705 -0.00299709 -0.000483642 0.00129551 0.0032006 -0.00984141 0.00583258 0.00886884 -0.0118939 -0.00966043 0.000534631 -0.0107708 -0.0143177 -0.0137868 0.0109096 -0.00472042 0.0121877 -0.00895291
internal_weight=223.418 172.057 132.023 114.352 103.616 40.0341 51.3602 41.4336 38.335 17.6709 6.67181 10.7364 10.9991 34.6608 37.9258 9.92659 35.0854 6.79517
internal_count=3164 2565 1821 1546 1099 744 599 446 733 275 85 447 190 695 411 153 393 107
is_linear=0
shrinkage=0.0435066


Tree=140
num_leaves=16
num_cat=0
split_feature=16 23 2 21 6 6 6 1 4 2 5 24 2 4 6
split_gain=2.06364 1.80084 1.35098 1.30029 1.46306 1.33348 2.21598 1.47774 1.06562 0.888816 0.570486 0.374393 0.36485 0.238381 0.0820515
threshold=10.500000000000002 1.5000000000000002 12.500000000000002 1.0000000180025095e-35 110.05000000000001 119.45000000000002 123.25000000000001 4.5000000000000009 39.750000000000007 2.5000000000000004 5.6500000000000012 1.0000000180025095e-35 8.5000000000000018 37.350000000000001 69.550000000000011
decision_type=2 2 2 2 2 2 2 2 2 2 2 2 2 2 2
left_child=10 3 8 5 9 7 -7 -2 -3 -5 13 -6 14 -1 -12
right_child=1 2 -4 4 11 6 -8 -9 -10 -11 12 -13 -14 -15 -16
leaf_value=-0.0041444733704692639 0.011854934786079038 -0.022480741394384281 0.0049140400854190067 0.0051388845286412946 0 -0.011966791766011805 0.0065679931907888633 -0.0017798363905317579 0.0022488469749023447 -0.0058909585552156573 0 0.014169283771173642 0 0.0064959672694483656 -0.018115376011367579
leaf_weight=0.78985312592703794 70.157384444435593 5.8735392113449034 3.6347072643693537 11.625543197966179 6.1743057689163816 12.599642087414393 27.255852426984347 15.258360138279384 2.083042586222291 52.578564832161646 0.82485642563551476 6.6841315575875342 1.4702027000021178 1.6147312817047348 7.8788375041913241
leaf_count=77 751 94 27 146 69 224 274 243 22 896 17 53 30 25 219
internal_value=0.00154977 0.00273579 -0.010447 0.00384165 -0.000488068 0.00647399 0 0.0093562 -0.0172131 -0.00346184 -0.0121435 0.0100107 -0.0152434 0.0013975 -0.0173257
internal_weight=226.504 213.925 11.5913 202.334 77.0625 125.271 39.8555 85.4157 7.95658 64.2041 12.5785 12.8584 10.1739 2.40458 8.70369
internal_count=3167 2799 143 2656 1164 1492 498 994 116 1042 368 122 266 102 236
is_linear=0
shrinkage=0.0435066


Tree=141
num_leaves=12
num_cat=0
split_feature=13 25 24 7 6 4 24 8 10 2 2
split_gain=1.27373 0.943626 0.990542 0.982374 1.59742 1.37396 1.98325 1.39854 0.555021 0.418658 0.00841569
threshold=0.70833333333333337 1.0000000180025095e-35 1.5000000000000002 2.5000000000000004 113.35000000000001 38.850000000000001 1.5000000000000002 2022.5000000000002 0.11437908496732026 10.500000000000002 6.5000000000000009
decision_type=2 2 2 2 2 2 2 2 2 2 2
left_child=1 2 9 4 8 6 -5 -7 -3 -1 -6
right_child=-2 3 -4 5 10 7 -8 -9 -10 -11 -12
leaf_value=-0.016593949445890668 -0.013941912401202374 0.0018403472980554093 0.0061928492328722825 0.0031693601899113245 0.0002319460811662302 0.014243480949763002 -0.015135400758745872 -0.0040556722924658933 -0.014916125380510495 0 0.0095007347893723299
leaf_weight=5.604006879264487 3.0017725860234341 1.8261460671201373 2.049095444381237 152.21328660473228 2.9981611538678399 30.862329984316602 5.4865839784033588 5.9300865542609236 11.118100584833881 2.2248688070103526 2.4851467336993665
leaf_count=96 500 21 11 1696 41 335 80 77 260 30 20
internal_value=0.00160396 0.00224759 -0.00780496 0.0029778 -0.00520124 0.00394635 0.00189581 0.0108951 -0.0122099 -0.0133197 0.00815029
internal_weight=225.8 222.798 9.87797 212.92 18.4276 194.492 157.7 36.7924 12.9442 7.82888 5.48331
internal_count=3167 2667 137 2530 342 2188 1776 412 281 126 61
is_linear=0
shrinkage=0.0435066


Tree=142
num_leaves=14
num_cat=0
split_feature=16 17 4 6 0 6 6 10 4 10 3 3 6
split_gain=2.14693 1.82776 1.54258 1.74876 1.63793 1.20903 1.37402 1.24008 1.50275 0.778729 0.162294 0.101842 0.15492
threshold=10.500000000000002 43.472500000000004 34.150000000000013 60.750000000000007 1900.0000000000002 80.850000000000009 71.65000000000002 0.10070850202429146 39.250000000000007 0.15504807692307693 51.500000000000007 54.500000000000007 109.05000000000001
decision_type=2 2 2 2 2 2 2 2 2 2 2 2 2
left_child=10 2 -2 -4 -5 6 9 -7 -9 -3 -1 -12 -13
right_child=1 5 3 4 -6 7 -8 8 -10 -11 11 12 -14
leaf_value=0 -0.010744505867752337 -0.0077156634084888341 -0.0089725803600708767 0.014229329484717331 -0.0033042753907305609 0.0099310262813703063 0.01797908306464709 -0.0091190152527823899 0.0032656594096010278 0.0034282644888079953 -0.01613508098359431 0.0016345840085063607 -0.0062281510300874155
leaf_weight=1.1236264474573534 1.8372660060413171 8.2112313138786686 3.3737563547911114 55.650926960166544 8.4035173980519158 5.0069506996660484 4.9635041020810595 51.761042002937756 21.711028784047812 51.633720171579625 6.4482320121605863 3.7298312756465748 1.5191844328073782
leaf_count=24 49 89 97 730 119 48 25 898 245 499 217 64 63
internal_value=0.00157959 0.00280295 0.0082682 0.00982373 0.0116936 -1.64884e-05 0.00409566 -0.00358449 -0.00536552 0.00113991 -0.0122908 -0.0133135 -0.0019742
internal_weight=225.374 212.553 69.2655 67.4282 64.0544 143.287 64.8085 78.479 73.4721 59.845 12.8209 11.6972 5.24902
internal_count=3167 2799 995 946 849 1804 613 1191 1143 588 368 344 127
is_linear=0
shrinkage=0.0435066


Tree=143
num_leaves=12
num_cat=0
split_feature=16 23 13 4 17 6 6 18 2 4 2
split_gain=1.67093 1.55695 1.13267 1.1312 1.0463 1.44273 1.35705 0.610038 0.316665 0.297619 0.125363
threshold=10.500000000000002 1.5000000000000002 0.70833333333333337 38.95000000000001 43.472500000000004 80.850000000000009 60.750000000000007 3.5000000000000004 8.5000000000000018 37.350000000000001 12.500000000000002
decision_type=2 2 2 2 2 2 2 2 2 2 2
left_child=7 2 4 10 6 -6 -2 9 -9 -1 -3
right_child=1 3 -4 -5 5 -7 -8 8 -10 -11 -12
leaf_value=-0.0043558259409784365 -0.0080187826370827255 -0.017895388597229805 -0.011612811229394096 0.0045228791545540549 0.0065717394784534297 -0.0021166547139426384 0.010264485960063177 -0.01632746467878686 0 0.0073535264634458997 -0.00060345908013449993
leaf_weight=1.2503666547127061 3.2093155207112423 5.4262069356627745 2.3619435526197767 3.5668199304491273 58.991291810525581 73.28158413071651 62.498692350462079 8.1722541227936727 1.4148518738802511 1.7150490499916484 2.7078725178726017
leaf_count=102 68 82 390 41 521 960 717 211 27 28 20
internal_value=0.00160324 0.00267662 0.00371634 -0.00953384 0.00431272 0.00181227 0.00858908 -0.0107189 -0.0143508 0.00175364 -0.0156553
internal_weight=224.596 212.044 200.343 11.7009 197.981 132.273 65.708 12.5525 9.58711 2.96542 8.13408
internal_count=3167 2799 2656 143 2266 1481 785 368 238 130 102
is_linear=0
shrinkage=0.0435066


Tree=144
num_leaves=15
num_cat=0
split_feature=23 16 21 4 4 4 6 5 16 11 4 0 6 6
split_gain=1.61475 1.51978 1.19598 1.70893 1.12788 1.10643 1.6464 1.07439 0.792344 0.650868 0.423965 0.251378 0.102231 0.0158992
threshold=1.5000000000000002 10.500000000000002 1.0000000180025095e-35 40.45000000000001 38.95000000000001 36.95000000000001 80.850000000000009 5.6500000000000012 13.500000000000002 0.026671408250355601 37.350000000000001 2500.0000000000005 127.60000000000001 69.550000000000011
decision_type=2 2 2 2 2 2 2 2 2 2 2 2 2 2
left_child=1 7 5 8 -2 6 -3 10 -4 -5 -1 -7 13 -9
right_child=4 2 3 9 -6 11 -8 12 -10 -11 -12 -13 -14 -15
leaf_value=-0.0041451754883962662 -0.016884343033162781 0.0081688257210982673 0.00052677752170302353 -0.0023976114028479469 0.0036630924669972314 0.015062332946221002 -0.0023922871974163549 0 -0.0089655210441172417 0.01177893276880103 0.010472155513882949 0.00027994876368139137 0 -0.016001589798452277
leaf_weight=0.77666000922908951 8.0796372811309976 54.838422048895154 26.850715320440941 4.3530085515230921 3.7001135274767867 20.83587654680014 44.994863604952116 0.94689352263230642 28.535839434363879 15.872312411665915 2.0110865580500104 4.1755488578928626 1.0991480303928245 7.6302997691673227
leaf_count=76 107 528 488 37 43 180 739 18 505 134 24 45 20 223
internal_value=0.00151103 0.0025447 0.00359467 -0.000596105 -0.0108738 0.00611313 0.0034593 -0.00924755 -0.00463005 0.00851039 0.00526629 0.0134819 -0.0144876 -0.0154271
internal_weight=224.7 212.921 200.457 75.6119 11.7798 124.845 99.8333 12.4641 55.3866 20.2253 2.78775 25.0114 9.67634 8.57719
internal_count=3167 3017 2656 1164 150 1492 1267 361 993 171 100 225 261 241
is_linear=0
shrinkage=0.0435066


Tree=145
num_leaves=26
num_cat=0
split_feature=11 4 6 1 6 16 5 5 3 6 4 22 4 6 5 3 4 27 6 14 3 16 17 5 5
split_gain=1.65424 2.46763 1.36336 1.23397 1.05906 1.04276 0.824866 0.938142 0.814573 1.25742 0.980733 0.765011 0.843851 2.3677 0.608016 0.571219 0.498411 0.343141 0.470367 0.279412 0.242629 0.117391 0.0744497 0.00797151 0.0160265
threshold=0.071067821067821071 38.050000000000004 110.65000000000002 3.5000000000000004 109.35000000000001 13.500000000000002 265.65000000000003 36.250000000000007 56.500000000000007 69.550000000000011 35.050000000000004 1.0000000180025095e-35 35.95000000000001 145.75000000000003 31.750000000000004 53.500000000000007 39.350000000000001 2.5000000000000004 110.55000000000001 1.5000000000000002 55.500000000000007 12.500000000000002 44.480208333333344 100.40000000000002 33.350000000000001
decision_type=2 2 2 2 2 2 2 2 2 2 2 2 2 2 2 2 2 2 2 2 2 2 2 2 2
left_child=2 6 4 17 8 22 7 14 10 -10 -1 12 13 -4 -2 -9 21 18 -3 -14 -7 -13 -5 24 -6
right_child=1 3 11 5 23 20 -8 15 9 -11 -12 16 19 -15 -16 -17 -18 -19 -20 -21 -22 -23 -24 -25 -26
leaf_value=-0.008565112568477978 -0.0074022310522153228 -0.011776412195349566 -0.012243226156179125 0.00033761177481796172 -0.00012530545603536971 0.002587317555164751 0.004945929000356987 -0.001661215871449098 -0.00061319032653489992 0.013925623717941321 0.0013829899843415829 0 0.015760203928540946 0.014055980029085985 0.0057012495125816683 -0.023282413515915566 0.0051710033692734499 0.0032913665266901719 0.0023477494401190529 0.0015312128204208006 0.021410270979067399 -0.010498777419768695 -0.0054279811887842141 -0.00088972830520303548 -0.014697485630995608
leaf_weight=21.134431121172383 21.653623133548539 6.2413254384882766 7.1363981289323402 1.5972556612687161 1.7372701660497103 5.4441208958160132 1.2233613114804018 5.0573219992220428 23.408774960553274 12.474903702794107 50.379870013450272 2.0369775568833566 19.976322241593156 5.8082465506158769 2.6754938121885052 12.288694493705405 2.7986098425462842 2.1267636995762578 2.4943985987920314 6.421681757667101 3.8928644210100174 2.6061934947501868 1.8854544154019093 2.9876070953905582 2.9389635073021054
leaf_count=249 708 145 146 29 39 85 9 42 188 115 744 25 186 39 35 131 24 24 28 86 25 37 31 27 32
internal_value=-0.00045473 -0.00594232 0.00188557 0.00431993 -0.000663262 0.0114305 -0.011634 -0.0129327 0.00068385 0.00556713 -0.00189766 0.00765782 0.00988896 0 -0.00473463 -0.0195759 -0.00252596 -0.00463168 -0.00780308 0.0135933 0.0166454 -0.00837826 -0.00327972 -0.0118902 -0.0134086
internal_weight=228.427 66.5807 161.846 23.6822 115.062 12.8197 42.8985 41.6751 107.398 35.8837 71.5143 46.7844 39.3426 12.9446 24.3291 17.346 7.44178 10.8625 8.73572 26.398 9.33699 4.64317 3.48271 7.66384 4.67623
internal_count=3229 1292 1937 367 1394 170 925 916 1296 303 993 543 457 185 743 173 86 197 173 272 110 62 60 98 71
is_linear=0
shrinkage=0.0435066


Tree=146
num_leaves=17
num_cat=0
split_feature=6 6 2 10 2 6 22 24 25 10 22 3 24 0 9 6
split_gain=1.36705 2.83179 2.00329 1.33622 1.2208 1.55433 1.19005 1.12356 1.10596 2.042 1.25599 0.949811 0.909472 0.896413 0.877574 0.389572
threshold=108.15000000000002 100.60000000000001 14.500000000000002 1.0000000180025095e-35 17.500000000000004 70.450000000000017 1.0000000180025095e-35 1.5000000000000002 1.0000000180025095e-35 0.12372448979591837 1.0000000180025095e-35 57.500000000000007 1.5000000000000002 1100.0000000000002 0.017148526077097454 164.95000000000002
decision_type=2 2 2 2 2 2 2 2 2 2 2 2 2 2 2 2
left_child=1 4 8 -3 5 13 -7 11 12 14 -11 -5 15 -1 -10 -2
right_child=2 3 -4 7 -6 6 -8 -9 9 10 -12 -13 -14 -15 -16 -17
leaf_value=0.0017199273918594615 -0.013912648377487374 0.0059437091204251405 -0.01544226110150199 -0.022793928025341963 0.014758507976861011 0.0099017687831143859 -0.0037229289176272723 0.0030255301840710568 0.0043149987196265827 0.011191864129587642 -0.0042189394084744414 0.0023317297871233399 0.006648613115968237 -0.0084930164464807386 -0.012652660011164085 0.00076158523952967263
leaf_weight=18.511459256755188 6.8662446518428606 1.2443417971953774 3.8254599513020358 19.066600261954598 2.792426759377121 23.717488831316587 14.397894378285853 1.7874171475414176 4.1626920308917752 64.06551867997041 7.1679286190774283 1.1391918049193908 2.609194125281646 46.929984417569358 8.2637186362408084 2.0914797330042347
leaf_count=294 134 10 50 519 8 327 164 31 50 863 128 21 17 503 83 27
internal_value=-0.000821234 -0.00371576 0.00286579 -0.0155884 -0.000282047 -0.00162888 0.00473732 -0.0182401 0.00464225 0.00644523 0.00928795 -0.0207773 -0.00546447 -0.00556997 -0.00690794 -0.0109577
internal_weight=228.639 129.587 99.0522 23.2376 106.349 103.557 38.1154 21.9932 95.2268 83.6599 71.2334 20.2058 11.5669 65.4414 12.4264 8.95772
internal_count=3229 1877 1352 581 1296 1288 491 571 1302 1124 991 540 178 797 133 161
is_linear=0
shrinkage=0.0435066


Tree=147
num_leaves=23
num_cat=0
split_feature=11 6 2 5 2 5 5 5 22 23 17 17 6 17 11 17 17 5 6 3 2 2
split_gain=1.59539 1.82118 2.90489 1.40368 1.10106 1.04747 1.44188 1.05687 0.917213 0.724192 0.58654 0.677419 0.510529 0.409878 0.373531 0.32959 0.606359 0.286479 0.189537 0.127115 0.180754 0.0112762
threshold=0.071067821067821071 122.95000000000002 13.500000000000002 36.250000000000007 17.500000000000004 29.050000000000004 16.350000000000005 34.650000000000013 1.0000000180025095e-35 1.0000000180025095e-35 35.223333333333343 55.906971153846158 108.65000000000002 38.681250000000013 0.022321428571428555 58.102678571428577 64.956250000000026 20.050000000000004 109.55000000000001 54.500000000000007 7.5000000000000009 9.5000000000000018
decision_type=2 2 2 2 2 2 2 2 2 2 2 2 2 2 2 2 2 2 2 2 2 2
left_child=1 4 8 9 5 6 -1 -7 14 10 18 -12 17 -14 -3 19 -17 -11 -2 20 -5 -21
right_child=3 2 -4 15 -6 7 -8 -9 -10 12 11 -13 13 -15 -16 16 -18 -19 -20 21 -22 -23
leaf_value=-0.0041532418265517925 0.00061135843300817684 0.0018352484430890061 -0.011975190088596066 -0.0076612953115999475 0.013859555253382833 -0.014950247530994339 0.011589881336311737 -0.0018645468857068036 0 -0.014493012649886255 0.011781213335706555 -0.001880777928518525 0.0077210839862763463 -0.0049884906579414478 0.021367401307700075 0.0061619361237871956 -0.008332549808300586 0 -0.0082819476342750643 -0.020313311964627732 0.00040161643642228941 -0.0022099020515030684
leaf_weight=14.833549717674034 4.2124988460564081 4.7439722982235351 3.6784701440483323 4.1662013094173798 2.6713121011853209 8.0339309558039513 16.796154832467437 90.368770153494552 4.7663662434788412 4.8430469906306808 12.185493909928484 6.6159350903471923 2.8672046224819496 2.935570364468731 15.963973006932063 3.3780949374195171 5.3246585237793624 1.7606816175393758 1.9296220253454519 7.6823004875332099 5.0335038984194398 3.1976882638409734
leaf_count=468 110 51 43 49 8 129 237 800 47 189 247 211 51 85 154 35 58 35 56 82 50 34
internal_value=-0.000695158 0.0016027 0.0103518 -0.00609701 -0.000641574 -0.00166047 0.00449449 -0.00389115 0.0156733 0 0.00388331 0.00732925 -0.00688237 0.00123619 0.0187732 -0.0123197 -0.00181514 -0.0118546 -0.00421214 -0.0149335 -0.0042716 -0.0183925
internal_weight=227.989 161.856 29.1528 66.1325 132.704 130.032 31.6297 98.4027 25.4743 37.3501 24.9435 18.8014 12.4065 5.80277 20.7079 28.7824 8.70275 6.60373 6.14212 20.0797 9.19971 10.88
internal_count=3229 1937 295 1292 1642 1634 705 929 252 984 624 458 360 136 205 308 93 224 166 215 99 116
is_linear=0
shrinkage=0.0435066


Tree=148
num_leaves=25
num_cat=0
split_feature=6 6 6 25 17 6 7 17 6 3 6 5 8 5 8 17 9 6 5 18 6 18 9 11
split_gain=1.46494 2.23433 1.16514 0.99956 1.73525 1.84461 1.60854 1.33456 1.10406 0.852781 0.846979 0.892913 0.77169 0.761975 0.740674 0.730323 0.703624 0.582131 0.233872 0.192385 0.123441 0.0669538 0.0459008 0.0244735
threshold=108.15000000000002 100.60000000000001 96.65000000000002 1.5000000000000002 55.681696428571435 122.25000000000001 2.5000000000000004 53.06964285714286 113.35000000000001 56.500000000000007 164.95000000000002 25.950000000000003 2019.0000000000002 248.35000000000002 2016.5000000000002 57.230769230769248 0.11324786324786322 68.950000000000017 23.950000000000003 13.500000000000002 108.45000000000002 5.5000000000000009 0.056438791732909353 0.022321428571428555
decision_type=2 2 2 2 2 2 2 2 2 2 2 2 2 2 2 2 2 2 2 2 2 2 2 2
left_child=1 2 12 4 10 -6 8 20 23 14 11 -2 17 -7 22 -9 -14 -1 21 -16 -8 -11 -3 -5
right_child=3 9 -4 6 5 13 7 15 -10 18 -12 -13 16 -15 19 -17 -18 -19 -20 -21 -22 -23 -24 -25
leaf_value=-0.0035220221034862401 0 0.0030189170448593982 0.014457262804985454 0 -0.011460039028736612 0.014771952146217548 0 -0.0097774042057766769 0.0061237199752803137 0 0.0053686793786975875 -0.017239620680939403 -0.00182693943896313 -0.0025596346277983657 -0.022078414824287594 0.0046262406068418608 -0.012994721539108401 0.0084718243663272214 -0.0048065184769096455 0 0.014940568971656182 0.0064771286026901013 -0.0014773067002331413 -0.015048949811335192
leaf_weight=6.1260955173056599 8.6608436404494622 1.20738317922224 2.3446488082408896 0.79505974875064378 2.7074641140061457 15.1714690286899 2.3364565572701421 3.6527394643053439 2.9369631293229759 1.4151090045925223 1.9472608477808524 11.608887319453059 75.646243703668006 2.7978092581033698 12.818495691986751 12.649909619125536 7.4719406600925131 14.376692447229287 3.3462135591544211 1.0736749786883599 28.903355778660625 1.6243711653514763 1.2089160322211681 4.4012157386168838
leaf_count=104 188 25 7 23 74 168 39 37 34 38 24 121 856 20 410 169 162 167 43 11 311 21 33 144
internal_value=-0.00069829 -0.00371064 -0.000633849 0.00312407 -0.00158711 0.00627653 0.00670159 0.00975738 -0.00686796 -0.0143858 -0.0090198 -0.0117479 -0.001902 0.011699 -0.0183185 -3.02238e-05 -0.00381502 0.00453024 0 -0.0210706 0.0142555 0.00474121 0.000205209 -0.0143925
internal_weight=227.229 128.66 105.966 98.5694 42.8937 20.6767 55.6757 47.5425 8.13324 22.6942 22.217 20.2697 103.621 17.9693 16.3085 16.3026 83.1182 20.5028 6.38569 13.8922 31.2398 3.03948 2.4163 5.19628
internal_count=3229 1877 1296 1352 595 262 757 556 201 581 333 309 1289 188 479 206 1018 271 102 421 350 59 58 167
is_linear=0
shrinkage=0.0435066


Tree=149
num_leaves=23
num_cat=0
split_feature=4 16 11 17 6 6 6 11 2 6 3 17 14 4 28 2 6 1 6 2 2 2
split_gain=2.05186 2.17357 1.72881 1.71407 1.2332 1.68549 1.64916 0.791399 0.769153 0.668333 1.06252 0.624878 0.539446 0.538421 0.420572 0.249154 0.205843 0.190441 0.178574 0.135264 0.085965 0.00338205
threshold=38.45000000000001 12.500000000000002 0.071067821067821071 72.146978021978029 145.75000000000003 125.15000000000002 122.95000000000002 0.061862244897959155 4.5000000000000009 108.55000000000001 54.500000000000007 59.522500000000001 2.5000000000000004 39.45000000000001 0.76666666666666672 13.500000000000002 111.15000000000002 3.5000000000000004 163.45000000000002 3.5000000000000004 5.5000000000000009 11.500000000000002
decision_type=2 2 2 2 2 2 2 2 2 2 2 2 2 2 2 2 2 2 2 2 2 2
left_child=2 13 4 9 5 6 -1 18 -5 10 -3 12 15 17 21 -4 -10 -2 -6 -16 -14 -13
right_child=1 3 11 8 7 -7 -8 -9 16 -11 -12 14 20 -15 19 -17 -18 -19 -20 -21 -22 -23
leaf_value=-0.0018258439625827858 -0.0029750959932771021 -0.0073139976025172583 -0.014415139534503362 0.0054593631246887854 -0.0053108900808781093 -0.017535316485255099 0.014668639452211385 0.017196012560923467 -0.013270512452187874 0.017325045868071248 0.010993120855478591 0 0.0044788486631353206 -0.013037413201583643 0.00065050321134328334 0 0 0.0057757929076164196 0.0031349003476010061 -0.0073786520143235227 -0.0016704711534536306 0.0068836126206548217
leaf_weight=103.80757458822336 2.7375720727723074 5.302397708874194 29.880609564832415 3.7594240228645486 2.4926219007465971 5.1262966175563625 6.2819214002229264 5.1197267845273018 3.6046800137264654 25.398897581151687 5.4973435959545895 2.073356654669622 1.3097195024020032 5.6636234840843827 1.430626878980547 1.296073643141425 1.5324421934783456 2.2899624858982861 2.7033242417965084 5.3222538866684772 1.241848391597159 2.1477657532086596
leaf_count=1295 52 104 656 45 37 95 50 27 78 223 79 51 25 102 34 26 13 19 26 131 44 17
internal_value=-0.000628149 0.0061269 -0.00304307 0.0102159 -0.00020167 -0.00178967 -3.10682e-05 0.0107624 -0.00397259 0.0140129 0.00205324 -0.00978469 -0.0122978 -0.0078724 0 -0.0137164 -0.0109324 0.00114871 -0.000757433 -0.00543451 0.00132559 0.00613504
internal_weight=226.02 55.7863 170.234 45.0952 125.531 115.216 110.089 10.3157 8.89655 36.1986 10.7997 44.7023 33.7283 10.6912 10.974 31.1767 5.13712 5.02753 5.19595 6.75288 2.55157 4.22112
internal_count=3229 715 2514 542 1530 1440 1345 90 136 406 183 984 751 173 233 682 91 71 63 165 69 68
is_linear=0
shrinkage=0.0435066


Tree=150
num_leaves=19
num_cat=0
split_feature=16 6 10 2 9 13 20 10 4 2 2 6 3 28 10 4 6 18
split_gain=1.0806 1.49014 1.26239 2.07832 1.41264 1.04919 1.0175 0.855653 1.18544 1.13169 1.13123 1.05032 0.989431 0.515476 0.418102 0.249097 0.0961947 0.00899548
threshold=14.500000000000002 69.550000000000011 0.13118961352657002 14.500000000000002 0.10404971932638325 0.36666666666666675 5.5000000000000009 0.16568627450980386 36.050000000000004 2.5000000000000004 6.5000000000000009 107.35000000000001 51.500000000000007 1.1500000000000001 0.094588550983899775 40.750000000000007 123.35000000000001 12.500000000000002
decision_type=2 2 2 2 2 2 2 2 2 2 2 2 2 2 2 2 2 2
left_child=5 6 14 4 -4 7 -2 10 9 -9 13 -10 -12 -1 -3 16 17 -7
right_child=1 2 3 -5 -6 15 -8 8 11 -11 12 -13 -14 -15 -16 -17 -18 -19
leaf_value=0.0057879715891420444 -0.016709093091020515 0.0029342690278737153 0.019214832556287371 -0.0081800668869639985 -0.00015161097418334136 -0.015778564665672644 0.0035575404292533834 0.008226317313247038 0.01221566342887417 -0.0050904674354782589 0.0041342196759252521 0.00046077572334336699 -0.013720042414063164 -0.0044498070542183504 -0.0098708707719608307 0.00061991692167063161 0 0
leaf_weight=15.199863321613522 2.7653790928889057 3.3218785580247632 25.630458511470351 3.871095309033989 7.7196841124095945 5.1841708940337403 4.5608803713694215 8.7470994116738421 22.003529514651746 49.858824080787599 3.3034471063874689 33.953733495203778 20.167125093983486 9.3282780735753459 3.4997513629496098 0.37799902400001872 0.77806180797051627 0.28070891182869662
leaf_count=192 52 22 234 46 119 583 48 76 270 558 39 425 281 125 37 7 65 5
internal_value=0.000433247 0.00560995 0.00871099 0.0116701 0.0151874 -0.00123101 -0.00762948 -0.000203873 0.00178149 -0.00232392 -0.00477379 0.00603634 -0.0105189 0.00145324 -0.00449307 -0.0130726 -0.0145843 -0.015547
internal_weight=220.552 51.3691 44.0429 37.2212 33.3501 169.183 7.32626 162.562 114.563 58.6059 47.9987 55.9573 23.4706 24.5281 6.82163 6.62094 6.24294 5.46488
internal_count=3184 558 458 399 353 2626 100 1966 1329 634 637 695 320 317 59 660 653 588
is_linear=0
shrinkage=0.0435066


Tree=151
num_leaves=16
num_cat=0
split_feature=13 17 16 5 4 10 6 6 9 4 6 4 23 2 3
split_gain=1.01561 0.996487 1.61809 1.39795 2.38995 2.15023 1.59052 1.57457 1.14978 0.991786 0.838008 0.666314 0.884097 0.608124 0.512421
threshold=0.70833333333333337 43.196153846153855 12.500000000000002 35.550000000000004 35.550000000000004 0.20169491525423733 145.25000000000003 94.15000000000002 0.047065337763012159 34.250000000000007 115.35000000000001 36.150000000000013 1.0000000180025095e-35 13.500000000000002 51.500000000000007
decision_type=2 2 2 2 2 2 2 2 2 2 2 2 2 2 2
left_child=1 2 11 4 6 8 -3 -6 -5 -4 -11 14 -13 -7 -1
right_child=-2 3 9 5 7 13 -8 -9 -10 10 -12 12 -14 -15 -16
leaf_value=0.0027192604785690518 -0.013793175274021598 -0.019218446091728021 -0.0056924941231450785 0.00075175873982216788 0.012961175377230445 0.0097268221971426438 0.0051277515705147915 -0.0047608154570713867 -0.012010543712970704 0.013507536298330914 -0.00066500466379423157 -0.0055770246340598297 0.0085314627183517497 -0.0015803619155559247 -0.013266412126781053
leaf_weight=1.3666515592485682 2.8373904715408562 19.850488507538106 2.7714087856002143 28.05840705614537 8.3474717135541159 40.469478790531866 2.647439654916524 19.356636724201962 15.90465091075748 35.918178888037801 7.3516015051864079 10.083760242909193 10.199088089982979 7.3031367491930714 7.0566905874293298
leaf_count=13 503 344 35 261 142 302 18 406 152 390 77 176 115 56 194
internal_value=0.000198499 0.000824209 0.00470498 -0.00126847 -0.00670314 0.00185046 -0.0154981 0.001736 -0.00462025 0.00934114 0.0111254 -0.0027974 0.00149095 0.00783052 -0.00994382
internal_weight=219.522 216.685 74.7474 141.938 50.202 91.7357 22.4979 27.7041 43.9631 46.0412 43.2698 28.7062 20.2828 47.7726 8.42334
internal_count=3184 2681 1000 1681 910 771 362 548 413 502 467 498 291 358 207
is_linear=0
shrinkage=0.0435066


Tree=152
num_leaves=16
num_cat=0
split_feature=13 17 16 5 16 3 1 5 23 4 6 4 23 6 3
split_gain=0.98159 0.915422 1.45804 1.1388 2.2188 2.26855 1.76938 1.47095 0.958951 0.914378 0.812604 0.6849 0.724657 0.51789 0.420071
threshold=0.70833333333333337 43.196153846153855 12.500000000000002 35.550000000000004 15.500000000000002 53.500000000000007 1.0000000180025095e-35 37.750000000000007 1.0000000180025095e-35 34.250000000000007 115.35000000000001 36.150000000000013 1.0000000180025095e-35 71.550000000000011 51.500000000000007
decision_type=2 2 2 2 2 2 2 2 2 2 2 2 2 2 2
left_child=1 2 11 4 5 -3 7 -5 -8 -4 -11 14 -13 -6 -1
right_child=-2 3 9 6 13 -7 8 -9 -10 10 -12 12 -14 -15 -16
leaf_value=0.0020438276121742451 -0.01363749426449606 0.0071929148591197284 -0.0055148563827721398 0.00061512630025981605 -0.0011982871305660681 -0.014967890359789413 0.0013854749785874431 0.019737679069994955 -0.0086289156830482959 0.01299063280745355 -0.00081516503262787801 -0.0047497629781983854 0.0080306016104341842 0.012824160446284085 -0.012826528810072107
leaf_weight=1.3238636385649458 2.7928829841548568 6.2918172116624183 2.7255932199768713 18.244540033861998 4.6998392017558199 33.218115670431871 43.220661989413202 8.8607228845357877 21.63672734668944 35.758850338403136 7.4136616454925379 10.04065888246987 10.137762052821927 5.8286747753154486 7.0157279610866681
leaf_count=13 503 122 35 128 73 630 412 30 201 390 77 176 115 85 194
internal_value=0.000152249 0.000768837 0.00450087 -0.0012308 -0.00614734 -0.0107013 0.00157186 0.0097799 -0.00229708 0.00890428 0.0106212 -0.00263669 0.00168681 0.00790876 -0.00992691
internal_weight=219.21 216.417 74.4161 142.001 50.0384 39.5099 91.9627 27.1053 64.8574 45.8981 43.1725 28.518 20.1784 10.5285 8.33959
internal_count=3184 2681 1000 1681 910 752 771 158 613 502 467 498 291 158 207
is_linear=0
shrinkage=0.0435066


Tree=153
num_leaves=20
num_cat=0
split_feature=16 6 20 13 10 5 4 5 5 8 10 10 11 9 6 10 4 6 18
split_gain=1.01797 1.35472 0.946143 0.9098 0.993822 1.71055 1.02277 2.57313 1.54638 0.939303 0.910316 0.864936 1.38028 0.780327 0.344964 0.287158 0.249138 0.123344 0.014395
threshold=14.500000000000002 69.550000000000011 5.5000000000000009 0.36666666666666675 0.16374829001367988 84.750000000000014 36.650000000000013 35.550000000000004 145.00000000000003 2021.5000000000002 0.10818713450292396 0.13118961352657002 0.081666666666666665 0.029513888888888853 116.05000000000001 0.094588550983899775 40.750000000000007 123.35000000000001 12.500000000000002
decision_type=2 2 2 2 2 2 2 2 2 2 2 2 2 2 2 2 2 2 2
left_child=3 2 -2 4 5 9 7 -6 -8 -1 -7 15 13 -13 -14 -3 17 18 -5
right_child=1 11 -4 16 6 10 8 -9 -10 -11 -12 12 14 -15 -16 -17 -18 -19 -20
leaf_value=-0.0022247256952250914 -0.016206200859363872 0.0027013170158460241 0.0034405315433936453 -0.015561361577057953 -0.010781500490612033 0.012301114602844011 0.0088441192134766072 0.0050109365143246936 -0.0085806905547148871 -0.019909376437867329 -0.0025655681527193843 -0.0006221607951604547 0.0038998572216447764 0.017951748440860733 -0.006158873999871646 -0.0078004150079053758 0.00070659387266587656 0 0
leaf_weight=14.023671667790042 2.72012287355028 3.1727064140141001 4.3961459823185578 5.0401207509567021 27.806008819374256 5.1484469939023283 44.656902139773592 38.467618548311293 5.8417001273483029 9.5004169021267426 16.603457153774798 3.3475842804182347 6.8469539084471744 21.173882301780395 5.5424327979562804 3.3328433616552502 0.37815867969766248 0.77900949266040687 0.28588074073195446
leaf_count=232 52 22 48 583 480 34 544 289 57 160 170 46 66 173 114 37 7 65 5
internal_value=0.000102715 0.00518718 -0.00748745 -0.00150063 -0.000525488 -0.00560856 0.00155595 -0.00184866 0.00590138 -0.0124717 0.00262151 0.00817242 0.0105631 0.0154933 -0.000639066 -0.00311654 -0.0126179 -0.0141799 -0.0152974
internal_weight=219.064 50.5327 7.11627 168.531 162.048 45.276 116.772 66.2736 50.4986 23.5241 21.7519 43.4164 36.9109 24.5215 12.3894 6.50555 6.48317 6.10501 5.326
internal_count=3184 558 100 2626 1966 596 1370 769 601 392 204 458 399 219 180 59 660 653 588
is_linear=0
shrinkage=0.0435066


Tree=154
num_leaves=11
num_cat=0
split_feature=13 6 6 6 17 6 22 2 2 23
split_gain=0.931944 0.73132 1.24371 0.922117 0.874121 0.770444 1.87948 0.555336 0.563334 0.149981
threshold=0.70833333333333337 60.95000000000001 72.750000000000014 89.15000000000002 44.94583333333334 71.65000000000002 1.0000000180025095e-35 2.5000000000000004 17.500000000000004 1.0000000180025095e-35
decision_type=2 2 2 2 2 2 2 2 2 2
left_child=1 7 5 -4 -5 6 -3 -1 9 -9
right_child=-2 2 3 4 -6 -7 -8 8 -10 -11
leaf_value=0.0038013067110638809 -0.013360948205889463 0.0080683762569727421 -0.012702107872519497 0.0041716865622498239 -0.0026472479285888188 0.017916406875968811 -0.011780015424358281 -0.0099544308357475686 0.0045767365046416927 -0.0010326947459120221
leaf_weight=7.3608307456597677 2.7151726031443095 31.812184208189137 3.8107790655922136 65.165355673874728 63.141786983411293 5.8089177384972563 5.3383951028808942 21.452061141608286 2.4581922423094502 9.0796005753800255
leaf_count=58 503 305 61 864 915 42 69 269 11 87
internal_value=0.000132186 0.000734945 0.00200341 -0.000119381 0.000775527 0.00789127 0.0036532 -0.00406719 -0.00641523 -0.00822147
internal_weight=218.143 215.428 175.077 132.118 128.307 42.9595 37.1506 40.3507 32.9899 30.5317
internal_count=3184 2681 2256 1840 1779 416 374 425 367 356
is_linear=0
shrinkage=0.0435066


Tree=155
num_leaves=20
num_cat=0
split_feature=5 5 17 3 22 17 17 4 17 2 5 4 0 3 17 6 2 4 5
split_gain=1.36733 1.89216 1.45916 1.23905 0.993986 1.11876 0.87923 0.798257 0.797249 1.41452 1.17229 0.717372 1.3907 0.876277 0.846145 0.819388 0.535702 0.481044 0.283195
threshold=32.95000000000001 34.45000000000001 38.316477272727276 54.500000000000007 1.5000000000000002 26.070000000000004 64.761538461538478 35.650000000000013 59.11538461538462 6.5000000000000009 179.95000000000002 36.95000000000001 1650.0000000000002 49.500000000000007 62.525128205128219 107.65000000000002 11.500000000000002 34.850000000000001 17.250000000000004
decision_type=2 2 2 2 2 2 2 2 2 2 2 2 2 2 2 2 2 2 2
left_child=3 -2 7 11 5 18 -7 17 9 -4 -10 13 -13 -1 -15 -14 -9 -3 -5
right_child=1 2 8 4 -6 6 -8 16 10 -11 -12 12 15 14 -16 -17 -18 -19 -20
leaf_value=0.0071789447945275458 -0.017832787755759381 -0.0059317849483455235 -0.0030454338867316583 -0.0082270923188874582 -0.0063607550188508576 0.01616670126105433 -0.0018211820355805456 -0.01554335921304693 -0.0095851126909432798 0.0080108273330039559 0.0046262942749474203 0.016616965685768471 -0.012950594032520017 -0.015574225157992189 0.002027616002821159 0.0023975335518706996 0.00072537213946642447 0.0068863008491877424 0.0027679357417947337
leaf_weight=1.2890837097074825 7.0031587530393145 3.6396388281136769 29.549555850098841 2.369280583690851 1.9145049778744567 29.015754027874209 3.4416316736023864 14.344811799237506 18.534554937155921 50.186730885878205 13.188969899434595 3.7901232754811671 2.882794808130714 9.3194855897163489 4.3231383381062178 14.944413903343955 2.606831779703497 5.3185693398118019 2.3113102096831426
leaf_count=10 118 33 275 80 46 523 120 166 205 419 113 40 128 455 118 258 17 42 32
internal_value=0.000151321 -0.00226679 -0.000631499 0.00470517 0.00952095 0.0113977 0.0140153 -0.00882956 0.0015713 0.00387618 -0.00363185 -0.000868677 0.00358971 -0.00692244 -0.0106445 -0.00247306 -0.0131057 0.000722702 -0.00344712
internal_weight=219.974 144.373 137.37 75.6015 39.0525 37.138 32.4574 25.9099 111.46 79.7363 31.7235 36.549 21.6173 14.9317 13.6426 17.8272 16.9516 8.95821 4.68059
internal_count=3198 1388 1270 1810 801 755 643 258 1012 694 318 1009 426 583 573 386 183 75 112
is_linear=0
shrinkage=0.0435066


Tree=156
num_leaves=24
num_cat=0
split_feature=5 5 1 5 4 11 1 17 4 5 16 8 5 2 5 2 16 24 9 2 4 4 9
split_gain=1.35985 1.62601 1.48725 2.13963 1.68428 1.33862 1.29636 1.424 1.22314 1.14374 1.03952 0.981236 0.97084 0.926267 0.98359 0.863345 0.824181 0.696756 0.449948 0.307378 0.300513 0.434362 0.147193
threshold=32.95000000000001 34.650000000000013 1.0000000180025095e-35 53.900000000000006 35.350000000000001 0.086670838548185206 2.5000000000000004 41.74821428571429 35.750000000000007 9.6500000000000004 12.500000000000002 2016.5000000000002 28.650000000000002 12.500000000000002 37.750000000000007 6.5000000000000009 15.500000000000002 1.0000000180025095e-35 0.13893653516295021 12.500000000000002 36.350000000000001 38.550000000000004 0.12625838926174496
decision_type=2 2 2 2 2 2 2 2 2 2 2 2 2 2 2 2 2 2 2 2 2 2 2
left_child=6 8 13 5 -5 -4 10 9 -2 18 20 -11 22 15 -15 -3 19 -18 -8 -9 -1 -22 -12
right_child=1 2 3 4 -6 -7 7 16 -10 11 12 -13 -14 14 -16 -17 17 -19 -20 -21 21 -23 -24
leaf_value=-0.0066738584278216561 -0.021654852645855337 0.00017571788362545564 -0.018564942382964612 -0.012333940632900057 0.0029895924884390849 0.0016342919860077643 -0.010814392171156642 -0.012740262057544314 0.0039024662210714171 -0.0029696982880343128 0.020133273563107849 0.015783879773047762 -0.0032915293278028223 -0.010222749154746949 0.0079049766037875367 0.015801685927844446 0.010864522944734233 -0.0049698210193762846 0.003467080050594712 0.00010331979559807919 0.008650734147969406 -0.0043381951486084966 0.0025263345400393543
leaf_weight=2.6965026212274115 6.240185745060443 12.483623323030772 16.181424502749 10.028640934033318 68.716552892932668 6.0029652239754787 3.1067170855239992 14.211017358116811 1.6976006962358949 3.6335020611295503 13.634867129498167 13.241440291749312 1.8244207794778038 6.8971101595088822 3.2394485548138618 12.897487381473182 3.2276520184241226 4.7439368561608717 1.7756876361381726 2.2919903510482973 4.3924711273284629 2.3064129537087865 4.5971249717986202
leaf_count=159 117 86 201 111 617 65 159 517 22 59 203 200 21 72 14 83 43 91 58 63 80 57 100
internal_value=0.000132357 -0.00227929 -0.000697756 -0.00344369 0.000126365 -0.0136182 0.00467164 0 -0.0161971 0.0069436 0.0108672 0.0116129 0.0152914 0.00618981 -0.0029983 0.0100379 -0.00655635 0.00274929 -0.00572404 -0.0109947 -0.000338855 0.00348254 0.017935
internal_weight=220.069 144.385 136.447 100.93 78.7452 22.1844 75.6837 46.2319 7.93779 21.7573 29.4518 16.8749 20.0564 35.5177 10.1366 25.3811 24.4746 7.97159 4.8824 16.503 9.39539 6.69888 18.232
internal_count=3198 1388 1249 994 728 266 1810 1190 139 476 620 259 324 255 86 169 714 134 217 580 296 137 303
is_linear=0
shrinkage=0.0435066


Tree=157
num_leaves=21
num_cat=0
split_feature=5 5 6 5 3 7 6 23 3 2 2 17 23 6 2 3 2 3 5 2
split_gain=1.34887 1.47377 1.44024 1.4911 1.11137 1.05698 0.863196 0.918336 0.790512 0.7563 1.04857 1.14453 0.777162 0.751497 0.687611 0.434241 0.839375 0.335563 0.240898 0.0712536
threshold=32.95000000000001 34.45000000000001 62.350000000000001 210.65000000000003 54.500000000000007 5.5000000000000009 68.450000000000017 1.5000000000000002 53.500000000000007 3.5000000000000004 11.500000000000002 27.859523809523811 1.0000000180025095e-35 145.75000000000003 1.5000000000000002 55.500000000000007 8.5000000000000018 52.500000000000007 36.050000000000004 6.5000000000000009
decision_type=2 2 2 2 2 2 2 2 2 2 2 2 2 2 2 2 2 2 2 2
left_child=4 -2 15 13 9 6 19 -8 -5 14 11 -11 -12 -4 -1 18 -17 -16 -3 -6
right_child=1 2 3 8 5 -7 7 -9 -10 10 12 -13 -14 -15 17 16 -18 -19 -20 -21
leaf_value=-0.004863678408928959 -0.016195849082302025 0 -0.0074033251529791438 -0.0040825112455382395 -0.0057046396138312654 -0.0052424019863367899 0.015143123515657376 -0.0040518918660046753 0.011219212797442688 0.0054399323105582421 -0.0044557636470739913 -0.013378035476718333 0.012880779567982377 0.0032152940481339561 -0.00035946660769128511 -0.0068136757247563807 0.0069099158151250221 0.01434404056080407 0.012716416898254979 0.00014175047225357289
leaf_weight=1.9146086078835631 6.8200632226653388 4.6646797517314544 75.101099674939178 4.5242303693667081 1.333380292518995 3.8165260844398281 31.214427896076813 1.769952926901168 11.63541220128536 3.4414044916629853 3.480776996118947 16.302740561019164 3.8935541340033524 9.6841908330097777 1.7796261669718658 8.5343368295580166 12.367238559760152 5.6697444712335709 10.372307394631205 1.4853225559927521
leaf_count=77 118 59 781 45 36 64 623 37 84 93 107 519 51 78 39 72 78 123 73 41
internal_value=8.31052e-05 -0.00233075 -0.000865077 -0.00356873 0.00458742 0.0090997 0.0114384 0.0133596 0.00654892 -0.000715071 -0.00450389 -0.00917851 0.00572123 -0.00593722 0.00696879 0.00587387 0.000651434 0.0115815 0.010274 -0.00359658
internal_weight=219.806 143.704 136.883 100.945 76.1021 39.6196 35.8031 32.9844 16.1596 36.4825 27.1185 19.7441 7.37433 84.7853 9.36398 35.9386 20.9016 7.44937 15.037 2.8187
internal_count=3198 1388 1270 988 1810 801 737 660 129 1009 770 612 158 859 239 282 150 162 132 77
is_linear=0
shrinkage=0.0435066


Tree=158
num_leaves=24
num_cat=0
split_feature=4 6 1 4 6 5 6 6 4 6 27 6 17 17 17 6 5 9 11 1 4 4 4
split_gain=1.36168 1.63129 2.37375 2.38315 2.16767 1.82224 1.61291 1.69854 1.25629 1.25228 1.02938 1.0463 0.703154 0.719812 0.690523 0.638232 0.539555 0.435726 0.483274 0.335332 0.30256 0.39134 0.14376
threshold=38.750000000000007 80.850000000000009 4.5000000000000009 34.850000000000001 60.95000000000001 34.650000000000013 108.45000000000002 125.65000000000002 35.350000000000001 164.55000000000004 1.5000000000000002 108.55000000000001 44.480208333333344 50.225274725274737 26.68571428571429 71.550000000000011 71.050000000000011 1.0000000180025095e-35 0.081666666666666665 1.5000000000000002 39.550000000000004 40.95000000000001 38.95000000000001
decision_type=2 2 2 2 2 2 2 2 2 2 2 2 2 2 2 2 2 2 2 2 2 2 2
left_child=1 2 3 5 -5 -1 17 8 -8 -9 11 19 14 -14 -13 16 -4 -3 -19 -2 -12 -22 -21
right_child=10 6 15 4 -6 -7 7 9 -10 -11 20 12 13 -15 -16 -17 -18 18 -20 22 21 -23 -24
leaf_value=-0.012919384429815299 0.0016887369557465916 0.00092548745541508131 -0.018257073989733301 -0.0050637698554812319 0.018353715119532914 0.0041508069895166057 -0.0097671533832894269 -0.014790142721025251 0.0074629883331261363 0.0062525825135146262 0.019265722959589306 -0.0020642045154336468 -0.010076521131661185 0.0043880476067233616 0.015229252186696485 0.0021969562100211952 0 -0.017315454472493195 -0.0027722175198573624 0 -0.0047895861235423883 0.0078174862581525568 -0.01171111642305373
leaf_weight=10.601290319114922 2.299447901779784 2.0007139712106463 7.5142195871885615 5.8596633567358394 25.487148048123345 31.332826199010015 3.6478417111793524 13.75940917566186 33.509394606400747 2.408537771087139 5.5385910402983409 2.7757605831138816 3.2989990934729567 12.544378095772116 9.8418946757446957 2.3004377651959649 2.596374592743814 19.04978968878277 10.899039671174249 1.4775183557067064 2.5562991602346301 2.6610378436744213 6.458552369964309
leaf_count=171 49 31 146 156 228 227 119 214 496 28 44 56 35 134 82 26 20 401 315 33 32 23 132
internal_value=0.000168329 -0.00165784 0.00242308 0.00564676 0.0135921 -0.00111405 -0.00574935 -0.000577757 0.00433583 -0.0103157 0.00611965 0.00159007 0.00584967 -0.000232358 0.0114911 -0.0114697 -0.0148274 -0.0125589 -0.0137403 -0.00732102 0.0150843 0.00155265 -0.0102128
internal_weight=220.419 170.967 85.692 73.2809 31.3468 41.9341 85.2747 53.3252 37.1572 16.1679 49.4525 38.6966 28.461 15.8434 12.6177 12.411 10.1106 31.9495 29.9488 10.2355 10.7559 5.21734 7.93607
internal_count=3198 2578 974 782 384 398 1604 857 615 242 620 521 307 169 138 192 166 747 716 214 99 55 165
is_linear=0
shrinkage=0.0435066


Tree=159
num_leaves=22
num_cat=0
split_feature=5 3 5 10 2 6 6 10 1 2 17 16 3 23 2 16 1 6 2 9 5
split_gain=1.6474 1.39823 1.24045 1.40866 2.00612 1.28832 2.19083 1.24097 1.05169 1.29215 1.56395 0.977995 1.20175 1.07234 0.893825 0.829541 0.816784 0.432754 0.33557 0.30915 0.262826
threshold=32.95000000000001 54.500000000000007 34.650000000000013 0.13118961352657002 11.500000000000002 72.750000000000014 108.45000000000002 1.0000000180025095e-35 2.5000000000000004 3.5000000000000004 27.859523809523811 14.500000000000002 55.500000000000007 1.0000000180025095e-35 12.500000000000002 11.500000000000002 1.0000000180025095e-35 108.05000000000001 1.5000000000000002 0.099481987285142459 7.7500000000000009
decision_type=2 2 2 2 2 2 2 2 2 2 2 2 2 2 2 2 2 2 2 2 2
left_child=1 8 16 4 7 14 -7 -4 15 18 -11 12 19 -13 -5 -1 -2 -14 -10 -3 -17
right_child=2 11 3 5 -6 6 -8 -9 9 10 -12 13 17 -15 -16 20 -18 -19 -20 -21 -22
leaf_value=-0.0064869896493903439 -0.019400291251577127 0.015476489638774068 0.0030461382160606931 0.0087010527556662335 0.0085356364123162203 -0.013208237728015706 0.0022036227804147863 -0.020112200763067127 -0.002784225002968173 0.0062437648032798651 -0.016833934363147701 0.023463221129625556 -0.0071593502643755094 -0.0013394644880401654 -0.0030828416875626321 0 0.0021531853237845267 0.0028126839099588594 0.0097523844278775869 0 0.01273243506850537
leaf_weight=1.7832549448357884 5.8438377873972049 7.0867803260916862 2.7348412200808587 38.298430731520057 3.4521829197183242 19.476595057174563 46.529041163972579 13.52091915742494 1.1806886924896414 3.064357639988887 13.665017729159443 8.1329984379699436 9.9193022315739672 2.4471696054097256 11.44312205351889 2.5494165983400299 1.8816167418844996 9.5296512453351152 4.5364229479455389 3.5796278648194857 9.4325783989625034
leaf_count=101 111 115 24 280 29 250 430 148 46 67 446 96 264 40 88 94 28 183 104 103 151
internal_value=0.000129822 0.00506633 -0.00255959 -0.00113717 -0.0102798 0.000802082 -0.00298338 -0.016017 -0.000954456 -0.00633494 -0.0116081 0.0100293 0.00387048 0.0188134 0.00576803 0.00653908 -0.0148603 -0.00240571 0.00623606 0.0124728 0.0106245
internal_weight=220.088 76.9073 143.181 135.455 19.7079 115.747 66.0056 16.2558 36.2117 22.4465 16.7294 40.6955 30.1154 10.5802 49.7416 13.7652 7.72545 19.449 5.71711 10.6664 11.982
internal_count=3198 1810 1388 1249 201 1048 680 172 1009 663 513 801 665 136 368 346 139 447 150 218 245
is_linear=0
shrinkage=0.0435066


Tree=160
num_leaves=21
num_cat=0
split_feature=4 0 6 16 9 4 1 7 7 6 10 2 23 17 2 10 1 24 16 4
split_gain=3.41376 1.54912 1.89231 1.05375 1.72481 1.03201 0.974029 0.873765 0.857061 0.686205 0.669891 0.628935 0.609686 0.377667 0.348974 0.322702 0.147615 0.116615 0.114211 0.0229923
threshold=36.650000000000013 1650.0000000000002 106.65000000000002 14.500000000000002 0.038967611336032361 37.750000000000007 4.5000000000000009 2.5000000000000004 2.5000000000000004 61.45000000000001 0.17846085802742148 17.500000000000004 1.0000000180025095e-35 20.523076923076925 3.5000000000000004 0.15759905381431102 5.5000000000000009 1.0000000180025095e-35 11.500000000000002 35.850000000000001
decision_type=2 2 2 2 2 2 2 2 2 2 2 2 2 2 2 2 2 2 2 2
left_child=3 7 16 11 17 10 12 18 -7 -9 -4 13 -6 19 -15 -8 -3 -5 -2 -1
right_child=1 2 5 4 6 8 15 9 -10 -11 -12 -13 -14 14 -16 -17 -18 -19 -20 -21
leaf_value=0 -0.0048511304179691805 -0.017680594107032484 -0.011898781205278999 -0.00016358244406518174 0.01307757450640187 -0.0055308403125339618 0.0025249076664146473 0 0.0069059086964945709 0.020903090170440179 0.0015346895754753038 0.0031117939435497907 -0.00042025851402893228 -0.0034616236965420823 -0.013007821144657298 -0.0088282994856886468 0 -0.015458958451885945 0.0019256419620399966 0.0027631596323905148
leaf_weight=1.1633839866262854 1.9179487235378498 4.0626580675016148 7.0752166220336248 2.6811744217993683 13.003671748912899 6.5891169796232125 2.281367309857159 4.5533588845282784 57.224670499097556 9.4404470718000066 9.6051527758245339 2.7570662405341855 6.7401710096746674 18.458057893905789 57.245877572218888 5.432047322159633 1.1003472678712567 5.1183835919946432 2.5879244543612003 0.88630990427918721
leaf_count=37 37 136 102 30 139 115 17 44 712 65 146 16 77 315 1037 99 40 67 32 24
internal_value=-0.00238939 0.00316548 0.000244346 -0.00737187 -0.000598686 0.00253586 0.00460243 0.0127012 0.00508504 0.0166317 -0.0054711 -0.00995527 0.00912532 -0.010743 -0.0112616 -0.00514407 -0.0161007 -0.0133724 -0.00120782 0.00123202
internal_weight=219.924 104.157 85.6572 115.768 35.2568 80.4942 27.4573 18.4997 63.8138 13.9938 16.6804 80.5107 19.7438 77.7536 75.7039 7.71341 5.16301 7.79956 4.50587 2.04969
internal_count=3287 1429 1251 1858 429 1075 332 178 827 109 248 1429 216 1413 1352 116 176 97 69 61
is_linear=0
shrinkage=0.0435066


Tree=161
num_leaves=24
num_cat=0
split_feature=4 0 6 5 1 6 8 6 10 4 23 6 2 5 10 6 6 2 7 17 1 2 5
split_gain=2.92051 1.29677 1.8034 0.964922 3.34156 1.39105 1.08596 1.11335 1.53324 0.925253 0.871637 0.851866 0.841605 0.818107 0.721243 0.699543 0.641844 0.572199 0.465657 0.250812 0.139986 0.0411814 0.0369672
threshold=36.650000000000013 1650.0000000000002 106.65000000000002 36.650000000000013 2.5000000000000004 80.850000000000009 2021.5000000000002 145.25000000000003 0.17846085802742148 37.750000000000007 1.5000000000000002 122.15000000000002 2.5000000000000004 40.550000000000004 0.17846085802742148 70.950000000000017 68.450000000000017 2.5000000000000004 2.5000000000000004 26.106250000000006 5.5000000000000009 5.5000000000000009 37.750000000000007
decision_type=2 2 2 2 2 2 2 2 2 2 2 2 2 2 2 2 2 2 2 2 2 2 2
left_child=3 12 20 6 5 22 7 8 -1 14 -11 -7 -2 -6 -4 16 -8 -15 -14 -17 -3 -9 -5
right_child=1 2 9 4 13 11 15 21 -10 10 -12 -13 18 17 -16 19 -18 -19 -20 -21 -22 -23 -24
leaf_value=0.0015742468305841404 -0.0027319499651452662 -0.01748418314081757 -0.011883712718061481 0.0017841250872285964 0.0031511430610578805 -0.011485454855435895 -0.0050362504938638135 0.0037693853686822424 -0.019146918004645699 0.0064452616934339204 -0.0066724938924277912 0.0057617964866720746 0 0 0.0019474194174959093 0.0014124780044792191 0.011801133295348099 -0.016568089029533987 0.017917674122764696 -0.0094808862547864602 0 0 0.013291957515792811
leaf_weight=5.9791877635288975 3.2068578919861492 3.9505886720144181 7.1930205057142329 5.0989614538848462 2.4871223480440703 5.7352409115992469 1.1742397715570385 2.2774679169524452 32.741598790802527 59.271944404114038 5.0727699042763552 3.5124108903110027 3.8987463312223545 3.6535361087881055 9.6169471102766675 1.6360547623480668 5.5906440112157725 20.932037595426664 11.260984263848512 5.9014563548844308 1.0957503209938293 2.6191619653254747 16.188584877178073
leaf_count=157 32 136 102 31 28 76 74 25 658 760 67 17 57 33 146 54 92 226 89 264 40 32 91
internal_value=-0.00235137 0.00276996 0.000116768 -0.00696975 -0.00233569 0.00673813 -0.0107202 -0.0137371 -0.0159587 0.00233961 0.00475042 -0.0046219 0.0115258 -0.0121916 -0.0052057 0 0.00708308 -0.0144026 0.0149211 -0.00684118 -0.0159315 0.00202933 0.011962
internal_weight=220.095 104.568 86.201 115.528 57.6079 30.5352 57.9198 43.6174 38.7208 81.1547 64.3447 9.24765 18.3666 27.0727 16.81 14.3024 6.76488 24.5856 15.1597 7.53751 5.04634 4.89663 21.2875
internal_count=3287 1429 1251 1858 502 215 1356 872 815 1075 827 93 178 287 248 484 166 259 146 318 176 57 122
is_linear=0
shrinkage=0.0435066


Tree=162
num_leaves=25
num_cat=0
split_feature=4 21 23 17 16 5 6 9 6 7 6 7 16 5 4 4 17 9 3 3 24 5 9 4
split_gain=2.75934 1.26038 1.58049 1.29422 1.01047 2.33449 2.31186 1.65786 1.06415 1.04382 0.821724 0.99405 0.983248 0.756356 0.73859 1.01143 0.701022 0.640982 0.585448 0.582646 0.356834 0.263399 0.250258 0.0494571
threshold=36.650000000000013 1.0000000180025095e-35 1.5000000000000002 34.510714285714293 14.500000000000002 36.650000000000013 1.0000000180025095e-35 0.038967611336032361 145.25000000000003 4.5000000000000009 108.45000000000002 2.5000000000000004 13.500000000000002 131.35000000000002 34.550000000000004 35.850000000000001 30.657954545454547 0.038967611336032361 55.500000000000007 57.500000000000007 1.0000000180025095e-35 41.750000000000007 0.063220940550133067 38.350000000000001
decision_type=2 2 2 2 2 2 2 2 2 2 2 2 2 2 2 2 2 2 2 2 2 2 2 2
left_child=4 2 3 22 5 8 -7 21 9 -1 12 -12 17 -5 20 -16 -8 -3 -13 -14 -9 -6 -2 -4
right_child=1 10 23 13 7 6 16 14 -10 -11 11 18 19 -15 15 -17 -18 -19 -20 -21 -22 -23 -24 -25
leaf_value=-0.020087877810925241 0.0019182791000889408 0.0087334277575381401 -0.0098883676541673213 0.016858294830403197 0 0.011471948196814762 0.0025773554626501846 0.0023750020652468875 0.0006318788223382834 0 -0.009463178519403698 0.0096061804670631041 -0.016362018424938691 0 0.012959730768604624 -0.0024917946073554648 -0.011223589139996411 -0.0040852293323393194 -0.0016266728168729209 0.0019780613655675304 -0.010733183922517618 -0.015584495854084866 -0.0078493282262864488 0
leaf_weight=33.161420512886252 4.0180411965120575 4.9384246590198044 2.2322679306380442 25.194627688033506 2.488743601134046 11.906674619764088 5.2608889704570201 2.013668906758542 5.218622673302888 5.214692286332137 3.1625280909938764 20.053502794879027 9.2849444279563613 6.9972778288647524 15.111880998709241 8.3812566868145932 18.997890816186555 13.926745388191192 8.5945689004147408 1.3690330777317292 2.0183239525649697 5.3068761434406042 2.7348340726457536 2.0340628041885793
leaf_count=877 50 65 34 241 52 55 56 20 76 126 66 201 296 61 173 94 239 236 96 20 45 45 38 25
internal_value=-0.00235341 0.00262159 0.00781418 0.0107628 -0.00685388 -0.00939854 -0.000574321 -0.000297981 -0.0154913 -0.0176816 -0.00128765 0.00310264 -0.00600375 0.0139944 0.00475171 0.00776765 -0.00799136 0.000254298 0.0062729 -0.0135624 -0.0058089 -0.0128767 -0.00319059 -0.00840558
internal_weight=219.622 104.541 43.2111 38.9448 115.081 79.7602 36.1655 35.3208 43.5947 38.3761 61.3297 31.8106 29.5191 32.1919 27.5251 23.4931 24.2588 18.8652 28.6481 10.654 4.03199 7.79562 6.75288 4.26633
internal_count=3287 1429 449 390 1858 1429 350 429 1079 1003 980 363 617 302 332 267 295 301 297 316 65 97 88 59
is_linear=0
shrinkage=0.0435066


Tree=163
num_leaves=22
num_cat=0
split_feature=4 22 14 24 8 16 5 1 4 17 8 4 16 4 1 1 5 5 3 10 1
split_gain=2.23144 1.00403 1.20316 1.07541 0.956043 0.910229 1.62507 1.95064 1.56129 1.60924 1.22124 1.0012 0.88672 0.871095 0.833308 0.684996 0.650539 0.501359 0.384391 0.268619 0.0600183
threshold=37.750000000000007 1.0000000180025095e-35 2.5000000000000004 1.0000000180025095e-35 2022.5000000000002 14.500000000000002 36.650000000000013 1.0000000180025095e-35 34.150000000000013 49.301339285714285 2021.5000000000002 36.650000000000013 13.500000000000002 39.250000000000007 2.5000000000000004 4.5000000000000009 135.05000000000004 45.45000000000001 54.500000000000007 0.18113465481886534 4.5000000000000009
decision_type=2 2 2 2 2 2 2 2 2 2 2 2 2 2 2 2 2 2 2 2 2
left_child=5 2 3 12 -5 6 11 -8 -7 10 -10 19 -2 18 -13 -9 -11 20 -3 -1 -15
right_child=1 13 -4 4 -6 8 7 15 9 16 -12 14 -14 17 -16 -17 -18 -19 -20 -21 -22
leaf_value=-0.0015262133936273417 0.0016763221922563116 -0.017109034022171364 -0.0093124347760864517 0.0046330951931933574 -0.010807373721178357 -0.016513802625111408 0.0094596661006739538 -0.0094374131583952296 -0.0017953241059015385 -0.008082467080621155 0.01763530861247212 0.0080988113339461962 0.017453459890558926 0 -0.0080715806800727794 0.0023367858976854608 0.0043920519635548428 0.0090829312573928785 0 -0.01615763451457328 -0.0062649238078778752
leaf_weight=5.7025285805575541 13.518703206616921 3.098908632877281 2.8755391482263795 22.308744547655809 3.7222348977229549 2.407072319649159 14.658683832734821 28.425669497111812 6.4238682108698439 15.19175771326991 10.865708526107481 5.2332349059870449 18.003760889056139 1.5448308305349203 5.8639197148149833 8.0855402869638038 6.1681740675121537 4.0767270419746637 1.8708983456017447 37.665628945775097 1.5581170255318282
leaf_count=235 194 63 55 270 56 43 74 320 63 264 80 80 220 30 158 101 44 32 35 844 26
internal_value=-0.00235782 0.00359149 0.00592992 0.00771843 0.000393944 -0.00539465 -0.00742416 -0.00130336 0 0.00339845 0.0114776 -0.0122557 0.0123984 -0.00550948 0 -0.00663688 -0.00393423 0.00306074 -0.0134796 -0.0148864 -0.00459748
internal_weight=219.27 72.5785 60.429 57.5534 26.031 146.692 105.635 51.1699 41.0566 38.6495 17.2896 54.4653 31.5225 12.1495 11.0972 36.5112 21.3599 7.17967 4.96981 43.3682 3.10295
internal_count=3287 981 795 740 326 2306 1812 495 494 451 143 1317 414 186 238 421 308 88 98 1079 56
is_linear=0
shrinkage=0.0435066


Tree=164
num_leaves=20
num_cat=0
split_feature=7 6 6 6 6 14 5 22 6 6 11 6 5 7 10 18 1 10 18
split_gain=0.784494 1.11659 2.02422 1.18835 1.46814 1.1235 1.05759 0.976795 0.91588 1.4071 0.869476 0.803342 0.743735 0.519142 0.468451 0.459241 0.520549 0.408445 0.289184
threshold=2.5000000000000004 108.45000000000002 119.45000000000002 94.15000000000002 70.450000000000017 2.5000000000000004 36.650000000000013 1.0000000180025095e-35 122.95000000000002 125.65000000000002 0.022321428571428555 127.15000000000002 10.550000000000002 3.5000000000000004 0.44590643274853808 8.5000000000000018 2.5000000000000004 0.3011501880115019 11.500000000000002
decision_type=2 2 2 2 2 2 2 2 2 2 2 2 2 2 2 2 2 2 2
left_child=11 3 5 4 6 12 -2 -6 17 -10 13 15 -3 -5 -12 -1 -17 -4 -18
right_child=1 2 8 10 7 -7 -8 -9 9 -11 14 -13 -14 -15 -16 16 18 -19 -20
leaf_value=-0.017668907365161406 -0.009440119834829723 -0.0020402249995675691 -0.014105110043486588 -0.0062824224167669562 0.011463363043076148 -0.0066098450331075215 0.00097188925258869028 -0.0030505438764529868 0.009726751845386487 -0.0055440961376171348 -0.015798781776298801 0.0050388370178016499 0.013599433142834782 0.0079159400942608888 0.00075509256110642875 0.0063664976989523427 -0.010910681858456853 0.00069748859764720832 0.00097446257830256528
leaf_weight=8.0923517383053021 33.448693658603588 3.7250397207681081 9.2825822022277844 2.4414918039692592 16.539569185231816 2.559274836909025 29.347366312518716 9.1114709372050111 12.276343478763009 22.408486949803773 20.40338905816316 1.4404599890112866 29.873208157951012 3.8217916827998124 1.7371168296085659 2.3558358296286297 3.623116823611781 2.1946380279841824 2.4716499913483858
leaf_count=372 566 81 180 56 193 29 208 119 113 297 521 7 295 47 40 23 60 59 21
internal_value=-0.0024724 -0.00145685 0.00224579 -0.00412779 -0.00121859 0.00922924 -0.00479494 0.00642121 -0.00349803 0.000299975 -0.0109804 -0.0099295 0.0115646 0.00121186 -0.0142722 -0.0127253 -0.00168649 -0.0114874 -0.00727921
internal_weight=217.154 199.17 82.3196 116.851 88.4471 36.1575 62.7961 25.651 46.1621 34.6848 28.4038 17.9834 33.5982 6.26328 22.1405 16.543 8.4506 11.4772 6.09477
internal_count=3287 2804 1054 1750 1086 405 774 312 649 410 664 483 376 103 561 476 104 239 81
is_linear=0
shrinkage=0.0435066


Tree=165
num_leaves=27
num_cat=0
split_feature=21 4 9 2 17 4 6 1 2 6 9 1 1 17 6 6 18 1 6 9 17 18 8 2 9 2
split_gain=1.2092 2.23841 1.94812 1.51007 1.81271 1.20302 1.18741 1.33466 1.05899 0.983714 0.875416 0.788867 0.784169 0.754173 0.515828 0.606427 0.39099 0.33263 0.369025 0.326237 0.606516 0.286419 0.341906 0.20505 0.133141 0.0289699
threshold=1.0000000180025095e-35 35.350000000000001 0.051956815114709808 4.5000000000000009 33.976666666666674 43.150000000000013 111.85000000000001 5.5000000000000009 1.5000000000000002 70.550000000000011 0.021482277121374852 5.5000000000000009 2.5000000000000004 64.761538461538478 145.75000000000003 106.05000000000001 6.5000000000000009 5.5000000000000009 69.050000000000011 0.051956815114709808 39.942857142857157 1.5000000000000002 2016.5000000000002 7.5000000000000009 0.085626463700234121 7.5000000000000009
decision_type=2 2 2 2 2 2 2 2 2 2 2 2 2 2 2 2 2 2 2 2 2 2 2 2 2 2
left_child=1 12 8 16 11 10 7 -4 -3 -10 -6 23 14 -8 15 -1 21 18 -14 20 -18 -2 -23 -5 -21 -19
right_child=3 2 6 4 5 -7 13 -9 9 -11 -12 -13 17 -15 -16 -17 19 25 -20 24 -22 22 -24 -25 -26 -27
leaf_value=0.0004758275673396083 0.0036531261754812468 -0.00505080907652764 0.010802731461631462 0.0019853483478669935 0.00059177838113700818 0.00623894357130266 -0.011983281001068708 -0.0088584597983819985 -0.0036423873653980664 0.014788811214827419 -0.017197015051342503 0.013734201525315175 0.00074269840439208066 0.0032379890517037582 0.0087278313114321614 -0.010599207925365291 0.0076458061858565244 -0.0014778472128636724 -0.014910370007028769 0.011038102034498924 -0.0063599574352754193 0.0023237364811034716 -0.010881740799874749 -0.006505884376618149 0 0.0021038411969741015
leaf_weight=29.252589494280983 0.9830979459220569 2.5656095593003547 15.033384300535547 3.7192867575213295 4.3450114773586384 1.4481708966195572 13.408944164926654 3.2164111243910147 2.6757653093663967 42.59258980397135 30.894635502540041 2.531887646066024 1.2783649073680887 4.3095330300275227 2.849598102271556 6.006674181262496 3.866618307190949 1.7064103567390696 11.558899523515718 7.4572385596111399 6.8587295345496386 1.200910404208116 3.8201790162711404 4.2921871726866812 3.3593137944117188 1.8143800137913784
leaf_count=313 25 41 239 66 67 10 249 48 26 451 619 30 28 63 13 135 49 29 270 49 84 24 131 99 44 28
internal_value=-0.000361714 0.00198485 0.00630684 -0.00463588 -0.00898174 -0.0131259 -0.00110788 0.00551175 0.0115319 0.0131836 -0.0150124 0.00435381 -0.00446311 -0.00799033 -0.00030982 -0.00252888 0.0028127 -0.0108538 -0.013106 0.00544889 0 -0.00375432 -0.0073218 -0.00274827 0.00914807 0
internal_weight=213.046 138.269 83.8022 74.7773 47.2312 36.6878 35.9683 18.2498 47.834 45.2684 35.2396 10.5434 54.4669 17.7185 38.1089 35.2593 27.5461 16.3581 12.8373 21.5419 10.7253 6.00419 5.02109 8.01147 10.8166 3.52079
internal_count=3230 1933 1117 1297 891 696 599 287 518 477 686 195 816 312 461 448 406 355 298 226 133 180 155 165 93 57
is_linear=0
shrinkage=0.0435066


Tree=166
num_leaves=22
num_cat=0
split_feature=16 6 1 11 27 17 4 16 7 0 1 6 5 4 8 3 6 1 16 4 4
split_gain=2.04869 2.26219 1.09958 1.18946 1.1729 1.02112 1.40492 0.923054 0.814436 0.764909 0.723915 0.703971 2.54771 1.14019 0.430496 0.212316 0.211062 0.0624706 0.117313 0.0739626 0.0549242
threshold=14.500000000000002 69.550000000000011 6.5000000000000009 0.12931995540691191 4.5000000000000009 44.24807692307693 35.45000000000001 10.500000000000002 6.5000000000000009 1900.0000000000002 1.5000000000000002 100.60000000000001 36.650000000000013 42.150000000000013 2019.0000000000002 53.500000000000007 116.05000000000001 2.5000000000000004 13.500000000000002 34.350000000000001 35.95000000000001
decision_type=2 2 2 2 2 2 2 2 2 2 2 2 2 2 2 2 2 2 2 2 2
left_child=5 10 3 4 -3 6 17 15 11 -9 -2 12 -7 -13 -12 -8 -5 18 -1 -19 -4
right_child=1 2 20 16 -6 8 7 9 -10 -11 14 13 -14 -15 -16 -17 -18 19 -20 -21 -22
leaf_value=-0.0043684492620675187 0.0029601456649126097 0.017356732425489248 -0.0058918876074820371 0.0023032734003983128 -0.003242328124309724 -0.01092470931752363 0.00088035096376682428 0.0084982406988880644 0.0073541566878069908 -0.0031583177385601461 0 -0.012569467447146189 0.0065633886227628238 0.0049873805984934827 -0.019241743004384703 -0.0087607060788590565 -0.007226528991354975 0 0.0030672014819314304 -0.013902439821259542 0
leaf_weight=1.2902483856305471 2.344064397737383 31.908650867058896 2.1630171320866785 1.8929823203943659 3.0126892074476919 25.085378335730638 2.3987098797224444 41.3273095714394 2.6508864210918537 8.5640159248141554 1.6760987302986903 39.305446286132792 24.79393803072162 3.779602648690342 2.8253202056512237 5.7830846658325754 2.5607444436172955 1.0434580057626588 1.2504371436079964 4.0679014243651181 2.2653225385583937
leaf_count=67 24 289 26 21 30 428 51 646 19 121 20 776 198 31 54 167 57 33 13 130 29
internal_value=-0.000449127 0.00662529 0.0103973 0.0126328 0.0151061 -0.00290097 0.00110411 0.0038548 -0.00564743 0.00618507 -0.0100567 -0.00657689 -0.00229923 -0.0103733 -0.0154909 -0.00611178 -0.00329582 -0.0112321 -2.30469e-05 -0.0128021 -0.0042463
internal_weight=211.989 50.6489 43.8034 39.3751 34.9213 161.34 65.7252 58.0731 95.6153 49.8913 6.84548 92.9644 49.8793 43.085 4.50142 8.18179 4.45373 7.65204 2.54069 5.11136 4.42834
internal_count=3230 550 452 397 319 2680 1228 985 1452 767 98 1433 626 807 74 218 78 243 80 163 55
is_linear=0
shrinkage=0.0435066


Tree=167
num_leaves=23
num_cat=0
split_feature=16 6 4 5 1 27 10 2 10 6 18 2 1 11 27 17 1 2 5 8 6 4
split_gain=1.88022 1.98668 1.01734 1.38024 2.69276 1.36043 1.40199 1.08909 1.06674 1.04973 1.04286 0.990641 0.948496 1.02815 1.20669 0.738052 0.636661 0.60091 0.559683 0.32615 0.175138 0.0499012
threshold=14.500000000000002 69.550000000000011 36.150000000000013 36.650000000000013 1.0000000180025095e-35 3.5000000000000004 0.14511278195488717 9.5000000000000018 0.15504807692307693 145.45000000000002 8.5000000000000018 2.5000000000000004 6.5000000000000009 0.12931995540691191 4.5000000000000009 43.766666666666673 1.5000000000000002 10.500000000000002 136.95000000000002 2019.0000000000002 116.05000000000001 35.95000000000001
decision_type=2 2 2 2 2 2 2 2 2 2 2 2 2 2 2 2 2 2 2 2 2 2
left_child=2 16 3 9 17 6 15 -8 -6 10 -1 -7 13 14 -3 -4 -2 -5 -13 -18 -15 -14
right_child=1 12 5 4 8 11 7 -9 -10 -11 -12 18 21 20 -16 -17 19 -19 -20 -21 -22 -23
leaf_value=-0.016238721025490521 0.0027024561661022407 0.016546466322298812 0 0.015904728005566481 0.002376220376427777 -0.006175195932631895 0.004407465013048395 -0.0081422745057774422 -0.0165061159888036 0.0032091890199901153 0.0031736851001273555 0.012521961015392619 -0.0053819366008614981 0.0020295263306996268 -0.0037875254341975732 -0.017110687429946571 0 0 -0.0012602858029029211 -0.017907239834659899 -0.0066076512287524015 0
leaf_weight=30.11537219613092 2.3154653829988083 31.67866250872612 6.6692451396957066 9.0187191516160983 5.3174673914909354 3.4656904926523593 37.293480506719789 12.019068824738495 9.1184601585846377 4.4157506270566946 2.9281425431836388 21.039819333469499 2.1787205864675334 1.8783461423590768 3.0697947493754318 9.9584517863113415 1.6587336084339765 5.1511141844093791 4.0158985559828571 2.6507219768827781 2.5004400420584716 2.2552311145700514
leaf_count=805 24 289 113 40 62 61 642 245 126 57 41 271 26 21 30 145 20 34 38 54 57 29
internal_value=-0.000514567 0.0062922 -0.00286535 -0.00673988 0.000295823 4.78373e-06 -0.00330465 0.000574891 -0.0104943 -0.0115894 -0.0140245 0.00713508 0.00981434 0.011898 0.0141916 -0.0121676 -0.00948308 0.0116185 0.0101898 -0.0146463 -0.00298032 -0.0037914
internal_weight=210.713 50.1861 160.527 66.065 28.6058 94.4617 65.9402 49.3125 14.4359 37.4593 33.0435 28.5214 43.5612 39.1272 34.7485 16.6277 6.62492 14.1698 25.0557 4.30946 4.37879 4.43395
internal_count=3230 550 2680 1165 262 1515 1145 887 188 903 846 370 452 397 319 258 98 74 309 74 78 55
is_linear=0
shrinkage=0.0435066


Tree=168
num_leaves=22
num_cat=0
split_feature=16 6 6 17 6 5 4 5 6 8 9 7 23 0 4 5 16 5 11 3 7
split_gain=1.78866 1.86576 1.93558 1.74272 2.0062 1.13734 1.07596 0.847548 0.815176 0.66088 0.438711 0.418358 0.586021 0.39071 0.339443 0.61204 0.270295 0.252235 0.222108 0.206104 0.112451
threshold=13.500000000000002 69.550000000000011 80.850000000000009 42.819047619047623 122.25000000000001 36.650000000000013 36.750000000000007 171.30000000000004 91.15000000000002 2019.0000000000002 0.017148526077097454 5.5000000000000009 1.0000000180025095e-35 2200.0000000000005 34.150000000000013 34.650000000000013 15.500000000000002 157.35000000000005 0.040833333333333312 51.500000000000007 3.5000000000000004
decision_type=2 2 2 2 2 2 2 2 2 2 2 2 2 2 2 2 2 2 2 2 2
left_child=6 5 7 9 -5 14 10 -3 18 -4 20 12 -10 -7 15 -2 -16 19 -8 -12 -1
right_child=1 2 3 4 -6 13 8 -9 11 -11 17 -13 -14 -15 16 -17 -18 -19 -20 -21 -22
leaf_value=0.0038667491304919701 -0.021023737101491691 0.017191337046540408 -0.0022114719497154634 -0.009434063833885795 0.0051448586318315857 -0.0021198005784889983 -0.00024226716056310681 -0.0013585896236279001 -0.010460410413756066 0.011990056926886228 0 0.0042599265707427827 0.00063322016496776383 0.0083791553274124506 0.0060985985628891877 -0.0036734111935254068 -0.004986685008364803 0 0.0097817954577385045 -0.017082699771921263 -0.0032795708619396229
leaf_weight=2.1292315522441672 4.5471288203261855 20.151101094787013 4.1879315916448858 31.851110030402197 26.808601805882063 8.4219113346189243 3.0369160855188948 3.3807166479527941 16.699506189586835 22.435128048062325 1.4183113888138965 2.6021388396620742 10.964360437297726 5.4585693255066863 1.5658610929967827 14.3386755278334 1.9684030464850366 3.2002055011689654 6.1175481724785641 15.672528878698357 1.2536123869940636
leaf_count=39 102 166 74 625 307 53 28 21 332 270 39 23 175 26 17 129 46 26 58 641 33
internal_value=-0.000545399 0.00207202 0.00492398 0.00133856 -0.00276846 -0.00569003 -0.00634049 0.0144745 -0.00112153 0.00945658 -0.0125793 -0.00469763 -0.00648643 0.00287314 -0.0107928 -0.0125691 0 -0.0144631 0.00709578 -0.016055 0
internal_weight=208.209 145.115 108.815 85.2828 58.6597 36.3005 63.0944 23.5318 39.4205 26.6231 23.6739 30.266 27.6639 13.8805 22.4201 18.8858 3.53426 20.291 9.15446 17.0908 3.38284
internal_count=3230 1836 1463 1276 932 373 1394 187 616 344 778 530 507 79 294 231 63 706 86 680 72
is_linear=0
shrinkage=0.0435066


Tree=169
num_leaves=24
num_cat=0
split_feature=16 6 6 5 17 1 5 4 23 5 5 5 3 9 17 7 2 0 2 0 10 9 9
split_gain=1.40321 1.7878 1.83542 1.37543 1.44308 1.14954 1.08769 1.06081 0.856371 1.06938 0.81594 0.702533 0.656764 0.605708 0.565607 0.819491 0.447432 0.618768 0.44128 0.384072 0.183732 0.0661237 0.0133539
threshold=13.500000000000002 69.550000000000011 94.15000000000002 179.95000000000002 30.657954545454547 6.5000000000000009 36.650000000000013 36.150000000000013 1.0000000180025095e-35 136.95000000000002 171.30000000000004 171.30000000000004 55.500000000000007 0.049515639589168957 51.24155844155846 5.5000000000000009 14.500000000000002 1100.0000000000002 5.5000000000000009 2200.0000000000005 0.32188438438438444 0.017148526077097454 0.17515516611902152
decision_type=2 2 2 2 2 2 2 2 2 2 2 2 2 2 2 2 2 2 2 2 2 2 2
left_child=7 6 5 4 -4 10 16 11 14 12 -3 20 -10 -5 15 -9 17 -2 -16 -8 21 -1 -22
right_child=1 2 3 13 -6 -7 19 8 9 -11 -12 -13 -14 -15 18 -17 -18 -19 -20 -21 22 -23 -24
leaf_value=-0.00032874935437465097 0.0012582297873192051 0.017837976612103925 0.010055756306710408 0.016350609891756639 -0.004799103480391911 -0.003245305736456588 -0.0022342119586355054 -0.012589590605271806 0.013157621338072569 -0.0087953494719973692 -0.00018404012559663515 0.002207856237256626 -0.001153589393094344 -0.00046124658792209182 0.0076020074550508521 0.0052932644454056123 0.00017583791020182269 -0.015536181553622661 -0.0043068498649640801 0.0081600416086593346 0.000497491008089373 -0.019434519990999304 -0.0017658408468118583
leaf_weight=1.708244859590194 2.6742368619889065 23.443105536105584 8.7398410544265044 6.5467445086687786 57.291371704719495 4.2773658036021507 8.440725611522792 16.471071894688073 10.951851747173356 2.7702209446579209 4.1972616836428633 1.8245762661099423 5.9876421922817817 3.7645003255456686 4.281805530714335 1.3881416022777546 4.0346222000662229 15.586168319627177 5.9504669700108934 5.4243954643607131 1.2492456071195186 8.9163017077953537 0.97291192534612481
leaf_count=49 20 254 108 51 941 42 53 357 172 30 33 16 83 34 73 12 51 223 91 26 63 371 77
internal_value=-0.000475933 0.00183816 0.00464664 0.000554891 -0.00196742 0.0124179 -0.00575976 -0.00563982 -0.00157278 0.00433125 0.0152934 -0.0138561 0.00875452 0.0118126 -0.0060418 -0.00974288 -0.0107536 -0.0129861 0.00109404 0.00264696 -0.016633 -0.0182431 0
internal_weight=206.893 144.42 108.26 76.3425 66.0312 31.9177 36.1601 62.4725 47.8012 19.7097 27.6404 14.6713 16.9395 10.3112 28.0915 17.8592 22.295 18.2604 10.2323 13.8651 12.8467 10.6245 2.22216
internal_count=3230 1836 1463 1134 1049 329 373 1394 818 285 287 576 255 85 533 369 294 243 164 79 560 420 140
is_linear=0
shrinkage=0.0435066


Tree=170
num_leaves=16
num_cat=0
split_feature=9 2 16 4 24 16 4 10 6 5 17 17 9 16 22
split_gain=2.10442 2.10258 1.44479 1.39502 1.12693 1.88302 1.84762 0.817149 0.521791 0.513482 1.3097 0.813631 0.407214 0.387347 0.294714
threshold=0.033520599250936305 1.5000000000000002 13.500000000000002 39.45000000000001 1.0000000180025095e-35 14.500000000000002 35.250000000000007 1.0000000180025095e-35 60.95000000000001 82.350000000000009 43.766666666666673 50.225274725274737 0.017148526077097454 15.500000000000002 1.0000000180025095e-35
decision_type=2 2 2 2 2 2 2 2 2 2 2 2 2 2 2
left_child=3 14 9 7 5 -4 -6 -1 -9 11 -11 -3 -5 -10 -2
right_child=1 2 4 12 6 -7 -8 8 13 10 -12 -13 -14 -15 -16
leaf_value=0.0010816121932917971 -0.016520185173982658 -0.0097945360015119793 0.0034052830890328421 0.0087990346410677048 -0.013886006366144064 0.018911085967079404 0.004267987458082623 0 -0.020396128865784974 0.012396464449448214 -0.006848493700151774 0.0031325496651508932 -0.0036800314465566999 -0.0020194278042583217 0
leaf_weight=4.2235132716596153 6.7220163680613023 23.338224603445273 59.061221385549288 4.7175909127108744 7.8202477087033904 16.669260038412176 34.002203590469435 2.3278287436114651 16.08893496874953 6.0346072502434236 7.6759396165143698 8.1787014485453238 2.5661539016291499 5.5514929455239317 1.467221650178544
leaf_count=51 168 640 708 45 145 161 438 52 299 54 87 221 32 66 25
internal_value=-0.000716777 0.00132787 0.00270365 -0.0094874 0.0052044 0.00816875 -0.0003326 -0.0133634 -0.0159263 -0.00343836 0.00238894 -0.00621316 0.004011 -0.0175981 -0.0144137
internal_weight=206.445 170.97 162.78 35.4755 117.553 75.7305 41.8225 28.1918 23.9683 45.2275 13.7105 31.5169 7.28374 21.6404 8.18924
internal_count=3192 2647 2454 545 1452 869 583 468 417 1002 141 861 77 365 193
is_linear=0
shrinkage=0.0435066


Tree=171
num_leaves=18
num_cat=0
split_feature=9 2 16 10 24 5 4 6 4 5 5 6 2 4 6 22 6
split_gain=1.51818 1.81218 1.40781 1.28596 1.0561 1.85224 1.51232 0.520424 0.614413 0.446271 0.964662 0.584991 0.287999 0.248584 0.306226 0.241035 0.0837676
threshold=0.033520599250936305 1.5000000000000002 13.500000000000002 0.12074829931972787 1.0000000180025095e-35 37.750000000000007 35.050000000000004 60.95000000000001 39.350000000000001 75.750000000000014 145.00000000000003 69.15000000000002 12.500000000000002 38.850000000000001 90.15000000000002 1.0000000180025095e-35 123.35000000000001
decision_type=2 2 2 2 2 2 2 2 2 2 2 2 2 2 2 2 2
left_child=3 15 9 12 5 -4 -6 -5 16 11 -11 -3 13 14 -1 -2 -9
right_child=1 2 4 7 6 -7 -8 8 -10 10 -12 -13 -14 -15 -16 -17 -18
leaf_value=0.0019506879364128836 -0.015566811044753819 0.0019067463091577202 0.0016379606377593726 0.0011617887577196004 -0.014197981263372659 0.015457265314777402 0.0031772165886055606 -0.018832441982288738 0 0.0089074086724321381 -0.0071176087185965339 -0.0094996502052584857 0.0081106141569198507 0.0036365607734389813 -0.0096876149402889793 0 -0.0011617226359387184
leaf_weight=2.3691644440405053 6.6195255781640281 7.5403386375983272 47.763201646826928 2.1293529085814979 5.6334272912936276 27.599653930636123 35.972499466617592 14.453677096345933 4.2702459683641782 8.6472144005820137 6.6584814721718422 22.18026675528381 2.7034352878108612 3.0684646726585925 3.3335954241920263 1.4281175227370111 2.7349707670509806
leaf_count=40 168 169 676 40 114 193 469 252 54 88 70 675 21 35 63 25 40
internal_value=-0.000743027 0.000990817 0.00228057 -0.00823122 0.0047683 0.00764937 -0.000570186 -0.0130856 -0.0148007 -0.00377239 0.00143078 -0.00650533 0.00231323 -0.00151041 -0.00556655 -0.0136835 -0.017538
internal_weight=205.106 170.043 161.995 35.0629 116.969 75.3629 41.6059 23.5882 21.4589 45.0263 15.3057 29.7206 11.4747 8.77122 5.70276 8.04764 17.1886
internal_count=3192 2647 2454 545 1452 869 583 386 346 1002 158 844 159 138 103 193 292
is_linear=0
shrinkage=0.0435066


Tree=172
num_leaves=28
num_cat=0
split_feature=16 24 16 5 4 6 6 27 4 17 9 4 21 5 0 11 6 5 6 7 17 9 5 11 17 17 7
split_gain=1.35695 1.44712 2.18523 1.93322 1.60375 1.58292 1.56308 1.49122 1.36862 1.12787 0.941733 0.703455 0.975821 0.655556 0.578916 0.573503 0.432439 0.906565 0.405786 0.376536 0.353638 0.324875 0.249452 0.191925 0.0943058 0.0479261 0.0115297
threshold=13.500000000000002 1.0000000180025095e-35 14.500000000000002 37.750000000000007 39.150000000000013 145.45000000000002 108.75000000000001 3.5000000000000004 35.250000000000007 53.775000000000006 0.045478036175710557 36.750000000000007 1.0000000180025095e-35 194.90000000000003 1650.0000000000002 0.13873626373626372 111.45000000000002 68.550000000000011 111.25000000000001 6.5000000000000009 23.050000000000004 0.063220940550133067 114.80000000000003 0.17394957983193279 61.65312500000001 54.708333333333336 2.5000000000000004
decision_type=2 2 2 2 2 2 2 2 2 2 2 2 2 2 2 2 2 2 2 2 2 2 2 2 2 2 2
left_child=11 2 3 5 7 -2 -5 13 -9 -6 24 15 16 -3 21 19 26 -18 -11 20 -1 -14 -16 -17 -4 -25 -13
right_child=1 4 10 6 9 -7 -8 8 -10 18 -12 12 14 -15 22 23 17 -19 -20 -21 -22 -23 -24 25 -26 -27 -28
leaf_value=0 -0.0079301950987608442 -0.022312853750021205 -0.002950452959952755 0.016408665888123147 0.014542048718161348 0.010127962708415653 -0.0029556559445144018 -0.011979668941880028 0.0034514978983838829 -0.0091689596120201802 0.019938533207033676 0.0003917040351195951 -0.0034350895909393145 0.00069776229445675313 -0.011296081701749817 0.0053418989860892063 -0.010070334824916044 0.0077761470622407219 0.0037582785855724233 0.0011921047736793231 -0.01610310467747007 0.0077041519451990044 0 -0.0051816676337402504 0.0031756567180231524 0 0.013189588294289461
leaf_weight=2.4669610564597049 38.60666041195509 7.0227523540961538 3.0328626064583686 13.762282290495934 7.3458858663216215 5.1980136273195958 8.8720665550790709 9.9741856592008826 24.920599488541484 3.6683617022354156 14.043805078603325 2.3149781632237127 3.2590154875069883 1.376776300370693 14.405663180194098 2.7432783890981218 3.5361345509299991 5.0040065497159958 2.1200435124337673 0.92857745615765352 16.876393041282427 3.1255355309695005 3.0538695268332949 0.90781797614181392 2.9402457433752716 0.47160987061215565 2.5931662507355213
leaf_count=69 607 173 35 104 67 48 82 181 281 63 143 41 36 13 324 65 76 42 15 15 514 28 37 67 28 22 16
internal_value=-0.000787374 0.00150581 0.00494643 0.000520943 -0.00357199 -0.00455309 0.00950893 -0.00754002 -0.00190715 0.00715809 0.0155201 -0.00588308 -0.00129482 -0.0192089 -0.00621975 -0.0108196 0.00611265 -0.000104715 -0.00413284 -0.013238 -0.0144461 0.0023744 -0.0095737 0.000949859 0 -0.00370912 0.0117015
internal_weight=204.572 142.885 86.4559 66.439 56.4286 43.8047 22.6343 43.2943 34.8948 13.1343 20.0169 61.687 37.2924 8.39953 23.8441 24.3946 13.4483 8.54014 5.78841 20.2719 19.3434 6.38455 17.4595 4.12271 5.97311 1.37943 4.90814
internal_count=3192 1840 1047 841 793 655 186 648 462 145 206 1352 600 186 425 752 175 118 78 598 583 64 361 154 63 89 57
is_linear=0
shrinkage=0.0435066


Tree=173
num_leaves=22
num_cat=0
split_feature=16 3 24 16 5 10 6 6 17 18 5 2 6 6 2 6 10 17 17 0 17
split_gain=1.1852 1.57835 1.19247 1.92072 1.63859 1.52172 1.49428 1.47066 1.01388 2.07817 1.14525 0.67847 0.797874 0.678303 0.802827 0.530519 0.163138 0.0743705 0.11785 0.0695554 0.0517863
threshold=13.500000000000002 51.500000000000007 1.0000000180025095e-35 14.500000000000002 37.750000000000007 0.10070850202429146 108.75000000000001 145.75000000000003 49.301339285714285 13.500000000000002 23.550000000000004 6.5000000000000009 108.75000000000001 120.85000000000001 2.5000000000000004 61.150000000000013 0.16064516129032258 73.996410256410272 43.615208333333335 1750.0000000000002 34.218636363636371
decision_type=2 2 2 2 2 2 2 2 2 2 2 2 2 2 2 2 2 2 2 2 2
left_child=1 20 3 4 7 19 -6 -2 10 -10 -7 13 15 14 -3 -13 -14 18 -5 -4 -1
right_child=2 11 5 17 6 8 -8 -9 9 -11 -12 12 16 -15 -16 -17 -18 -19 -20 -21 -22
leaf_value=0 -0.0071718253790659945 -0.0068077324226274334 0.00051490837143831989 0.0020376302091547798 0.01562721396432214 0.0090089758068469805 -0.0031835400554223662 0.01110220605318637 -0.016637935560937674 0.0059772038726109439 -0.006629234851419928 -0.00019454862199058798 -0.005055838251660629 -0.011678533838453971 0.0063288102523866227 -0.020057641749578331 0.0020819622428593855 0.0015493551389397574 0.018130265443582611 0.012588502261783718 0.010190944948016721
leaf_weight=2.3249396937317206 39.907211777899647 7.5062421077163952 3.7185821121674953 4.4183729644864824 13.640457974048333 10.04498368361965 8.9161620740778726 3.7502907055895767 20.456765343318697 6.1232189722359172 12.375375882722436 4.2974509153864409 3.7270620837807638 3.4478275477304114 16.52230808371678 12.335127427300902 6.8845723741687834 3.9322897415840989 11.530208278214557 3.1355193965137005 4.2613615585723892
leaf_count=39 615 191 41 46 104 200 82 40 366 42 124 112 56 97 373 270 157 53 107 20 57
internal_value=-0.000591504 -0.00537474 0.00155174 0.00467247 0.000506535 -0.00308272 0.00879835 -0.00416319 -0.00610976 -0.0109727 0.000480067 -0.00800641 -0.0122683 -0.00194237 0.00131846 -0.0168601 -0.000806723 0.0146154 0.0160047 0.010235 0.00882876
internal_weight=203.256 61.3069 141.949 86.095 66.2141 55.8544 22.5566 43.6575 49.0003 26.58 22.4204 54.7206 27.2442 27.4764 24.0286 16.6326 10.6116 19.8809 15.9486 6.8541 6.5863
internal_count=3192 1352 1840 1047 841 793 186 655 732 408 324 1256 595 661 564 382 213 206 153 61 96
is_linear=0
shrinkage=0.0435066


Tree=174
num_leaves=20
num_cat=0
split_feature=9 2 16 3 4 6 3 5 9 9 6 17 7 9 17 17 16 5 4
split_gain=1.37557 1.51684 1.28071 1.48137 0.893743 0.924582 0.787129 1.45947 1.2219 0.590718 0.472236 0.52838 0.469721 0.373913 0.242193 0.138811 0.0959394 0.0855745 0.0187144
threshold=0.033520599250936305 1.5000000000000002 13.500000000000002 51.500000000000007 38.95000000000001 72.750000000000014 53.500000000000007 37.750000000000007 0.063220940550133067 0.017148526077097454 70.750000000000014 35.223333333333343 6.5000000000000009 0.12827451829400302 82.19687500000002 26.209523809523812 11.500000000000002 110.55000000000001 36.95000000000001
decision_type=2 2 2 2 2 2 2 2 2 2 2 2 2 2 2 2 2 2 2
left_child=4 13 3 18 5 10 8 -8 -4 17 11 -1 -5 16 15 -7 -2 -6 -3
right_child=1 2 6 12 9 14 7 -9 -10 -11 -12 -13 -14 -15 -16 -17 -18 -19 -20
leaf_value=0.0039067931040716866 0 0.011720706262662788 -0.010397922744559189 -0.0080234906287313269 0 0 0.0013965044976626366 0.012281221939982481 0.0067037545307573531 -0.0060467020546311053 0.0075129890207500322 -0.010579326476707196 0.0043663455946840951 0.00061586002141086167 0 -0.018223443273311116 -0.01603888396301658 0.010455346935011487 0.0001431181027038239
leaf_weight=2.5703336595324817 1.0637671778677011 3.1534274264704427 10.039500757877251 37.896800467511639 3.0306744354311359 1.2458240643609304 58.426317570119863 37.83287648181431 8.4817346273921412 2.9504356984980404 2.7928187882644124 4.471254967735149 1.3987467964179803 1.6183427188079802 1.5681511957664032 13.111780440434812 5.4572652269271202 2.7686693966388702 2.3510104690212756
leaf_count=42 40 39 140 917 42 32 900 280 132 44 21 82 14 35 21 241 118 20 32
internal_value=-0.000520749 0.00113295 0.00232873 -0.00344842 -0.00770665 -0.0111979 0.00473077 0.00628001 -0.00245756 0.00230456 0 -0.00521245 -0.00680423 -0.0122352 -0.0160723 -0.0173115 -0.0149107 0.00832246 0.0103719
internal_weight=202.23 167.72 159.58 44.8 34.5099 25.7602 114.78 96.2592 18.5212 8.74978 9.83441 7.04159 39.2955 8.13938 15.9258 14.3576 6.52103 5.79934 5.50444
internal_count=3192 2647 2454 1002 545 439 1452 1180 272 106 145 124 931 193 294 273 158 62 71
is_linear=0
shrinkage=0.0435066


Tree=175
num_leaves=23
num_cat=0
split_feature=2 6 14 17 16 2 9 17 27 4 17 9 4 4 4 11 10 6 3 18 3 18
split_gain=1.53833 1.52262 1.44365 1.4057 1.2875 1.0788 1.68865 1.65678 0.754723 0.677745 0.669692 0.666856 0.577561 0.64264 0.467477 0.43285 0.404676 0.253482 0.222851 0.213465 0.191237 0.0621207
threshold=6.5000000000000009 121.55000000000001 1.5000000000000002 64.257589285714303 11.500000000000002 10.500000000000002 0.10404971932638325 69.006250000000009 2.5000000000000004 36.050000000000004 73.641071428571436 0.13893653516295021 40.650000000000013 34.95000000000001 37.150000000000013 0.025978407557354904 0.12771739130434781 164.35000000000005 53.500000000000007 6.5000000000000009 55.500000000000007 2.5000000000000004
decision_type=2 2 2 2 2 2 2 2 2 2 2 2 2 2 2 2 2 2 2 2 2 2
left_child=1 2 4 16 20 11 7 8 -7 -4 -6 12 13 -2 -11 -9 -3 -18 -8 21 -1 -13
right_child=5 3 9 -5 10 6 18 15 -10 14 -12 19 -14 -15 -16 -17 17 -19 -20 -21 -22 -23
leaf_value=-0.0072415954797551219 -0.00082806355353814227 0.00076642002158452841 -0.011749016491608047 0.007872974289072316 0.01342565303214838 -0.0017984780726778352 0 0.001568720998153974 0.010228511505983561 0.0090411239887594579 -0.00066724076554430963 -0.0043883346064443919 0.0025023545289092702 -0.012575986813431134 -0.00347686248534333 -0.01424306912807817 -0.015937422311357273 0 -0.013499479241574875 0.0078313869814474468 0.0017345951174172511 0.0008034290461841968
leaf_weight=4.5313780581927849 15.134432038408702 1.9095238158479357 4.1287681662361129 4.4678836957318699 49.792856862768531 8.8341713128611428 2.1292392433388141 1.6037238246062759 36.500223096285481 3.6836249096086231 5.0122185677755615 0.82715559232747127 4.5242760800756505 32.373267350718379 5.7664992438512854 3.7338814145768993 8.9234709736774658 1.380879359319805 6.936416985176038 2.5541184339672327 1.7292014556005595 1.3385193742578847
leaf_count=168 179 20 140 48 573 152 36 25 367 66 75 54 45 611 154 65 171 21 164 21 33 39
internal_value=0.000495648 0.00459189 0.00723121 -0.00549767 0.00995119 -0.00270701 0.00122462 0.00470471 0.00775912 -0.00375996 0.0120386 -0.00670455 -0.00818772 -0.00957125 0.00247034 -0.0103919 -0.0119639 -0.0143048 -0.0114134 0.00401557 -0.00435384 -0.00182486
internal_weight=207.816 91.3263 74.6445 16.6818 61.0657 116.489 59.7377 50.672 45.3344 13.5789 54.8051 56.7518 52.032 47.5077 9.45012 5.33761 12.2139 10.3044 9.06566 4.71979 6.26058 2.16567
internal_count=3227 1469 1209 260 849 1758 809 609 519 360 648 949 835 790 220 90 212 192 200 114 201 93
is_linear=0
shrinkage=0.0435066


Tree=176
num_leaves=16
num_cat=0
split_feature=5 5 4 5 11 2 4 16 6 5 5 3 11 2 11
split_gain=1.27257 3.10188 2.72874 2.5911 2.72218 2.06701 1.52665 1.05796 1.04907 1.85492 1.19609 0.581292 0.499565 0.493031 0.267691
threshold=41.250000000000007 37.750000000000007 35.350000000000001 52.000000000000007 0.028219395866454656 7.5000000000000009 34.350000000000001 13.500000000000002 60.95000000000001 35.050000000000004 5.8500000000000005 53.500000000000007 0.060915275200989459 2.5000000000000004 0.075498575498575457
decision_type=2 2 2 2 2 2 2 2 2 2 2 2 2 2 2
left_child=1 5 -2 -4 13 8 -3 -6 9 -1 -10 14 -13 -5 -7
right_child=2 6 3 4 7 11 -8 -9 10 -11 -12 12 -14 -15 -16
leaf_value=-0.016138063422589628 -0.018508770486937894 0.025840080782402065 -0.017242120920605692 0 -0.0098256012447018697 -0.0021203180045482367 0 0.0023179025071530337 -0.0042580806964675529 0.0069775416934415822 0.011799551510713137 0.00020748279580469757 -0.0096886264056112066 0.015528790808718116 0.0075163337655132986
leaf_weight=4.758128888293867 11.497681725537403 8.7785886470228416 6.898404548992402 3.8000204595737186 17.060645934427157 5.1419430798850936 5.0367135903798035 25.389516448136419 6.4224670097464687 9.1851377394050342 36.391396959894337 9.8345721148070862 33.090206465451047 20.692340326029807 3.355020631221123
leaf_count=134 135 32 113 39 192 117 51 228 294 62 718 232 635 170 75
internal_value=0.000556739 0.00337568 -0.00331697 0.000232368 0.00354008 0.000330168 0.0189784 -0.00301498 0.00582758 -0.00304605 0.00894228 -0.00553678 -0.00748909 0.0134721 0.00262475
internal_weight=207.333 121.994 85.3386 73.8409 66.9425 108.179 13.8153 42.4502 56.7571 13.9433 42.8139 51.4217 42.9248 24.4924 8.49696
internal_count=3227 2350 877 742 629 2267 83 420 1208 196 1012 1059 867 209 192
is_linear=0
shrinkage=0.0435066


Tree=177
num_leaves=17
num_cat=0
split_feature=5 5 4 5 11 2 4 6 5 16 6 6 2 17 2 6
split_gain=1.21712 2.75333 2.62905 2.49154 1.76077 1.51682 1.22548 1.05616 1.49307 0.997818 0.863373 0.528378 0.70029 0.486535 0.469619 0.0746899
threshold=41.750000000000007 37.750000000000007 35.350000000000001 52.000000000000007 0.028219395866454656 7.5000000000000009 34.350000000000001 60.95000000000001 35.050000000000004 10.500000000000002 95.950000000000017 90.950000000000017 12.500000000000002 75.182142857142864 4.5000000000000009 106.65000000000002
decision_type=2 2 2 2 2 2 2 2 2 2 2 2 2 2 2 2
left_child=1 5 -2 -4 14 7 -3 8 -1 -9 -6 12 -7 -13 -5 -8
right_child=2 6 3 4 10 11 15 9 -10 -11 -12 13 -14 -15 -16 -17
leaf_value=-0.015293462374983084 -0.018423672649097212 0.024267641168372496 -0.017217710544221745 7.8038802022481672e-05 0.0054484272074269086 0.0047274492355522148 0.0028269578039691102 -0.0049470063050883152 0.0055745663319199902 0.010581081879781502 -0.0058629552292255591 -0.010145008451421873 -0.0069915855304066854 0.003485920879393394 0.014487441221889564 -0.002697490896717484
leaf_weight=4.6545677698450154 10.766808256506918 8.7816176265478116 6.3618318692315361 7.0592995323240784 13.282111745793371 17.101279242953755 2.8065678048878899 4.5118864010437383 9.0533730080351216 38.666615395777626 28.548483239952475 22.760036112158563 9.8017584840999898 1.4282807224662963 17.156032047234476 2.6724361954256892
leaf_count=134 133 33 107 74 115 287 25 224 62 788 305 576 139 57 135 33
internal_value=0.000692132 0.00342158 -0.00316409 0.000311238 0.00353318 0.000503507 0.0179438 0.00519541 -0.00365788 0.00831986 -0.00181273 -0.0045425 0 -0.00844307 0.0115218 0
internal_weight=205.413 122.238 83.1746 72.4078 66.0459 107.978 14.2606 56.8864 13.7079 43.1785 41.8306 51.0914 26.903 24.1883 24.2153 5.479
internal_count=3227 2358 869 736 629 2267 91 1208 196 1012 420 1059 426 633 209 58
is_linear=0
shrinkage=0.0435066


Tree=178
num_leaves=16
num_cat=0
split_feature=5 5 5 4 4 11 11 5 17 1 6 2 21 6 2
split_gain=1.18319 2.7325 2.0345 2.2097 1.3284 1.29766 1.28945 1.13765 1.93256 1.02171 0.806771 0.75169 0.7429 0.679445 0.548418
threshold=41.250000000000007 37.750000000000007 53.900000000000006 35.350000000000001 34.350000000000001 0.028219395866454656 0.060915275200989459 34.850000000000001 43.688541666666673 3.5000000000000004 61.45000000000001 3.5000000000000004 1.0000000180025095e-35 95.950000000000017 4.5000000000000009
decision_type=2 2 2 2 2 2 2 2 2 2 2 2 2 2 2
left_child=1 6 -2 -4 -3 14 9 8 -8 10 -1 -11 -9 -7 -5
right_child=2 4 3 5 -6 13 7 12 -10 11 -12 -13 -14 -15 -16
leaf_value=-0.0040505966263067938 -0.017042740876079345 0.024606854352889933 -0.015473317049487789 0 0 0.0048965957911312474 0.0023336589466186638 0.0081990860397763276 -0.01320478386337947 0.0071420827439899765 0.015098998385804063 -0.0074252281373361987 -0.0042709735905582325 -0.0051491504731156212 0.013221785130990159
leaf_weight=1.2890057978220344 9.8074225155869481 8.5061449185013753 8.0900813466869277 7.0332832946442094 5.0102583612315348 13.254191086627541 23.579496577032842 18.14349719369784 25.926554504636442 5.0539610860287203 16.503813701914623 9.0428201294271258 8.0290337195619959 28.14432547823526 16.780092398636043
leaf_count=55 147 32 108 73 51 115 596 143 724 91 298 280 80 302 132
internal_value=0.000643101 0.00335491 -0.0031521 0 0.018126 0.00309104 0.000481198 -0.00253097 -0.00621355 0.00710828 0.0125834 -0.00110714 0.00397667 -0.00149415 0.0100026
internal_weight=204.194 121.085 83.1094 73.302 13.5164 65.2119 107.568 75.6786 49.5061 31.8896 17.7928 14.0968 26.1725 41.3985 23.8134
internal_count=3227 2350 877 730 83 622 2267 1543 1320 724 353 371 223 417 205
is_linear=0
shrinkage=0.0435066


Tree=179
num_leaves=27
num_cat=0
split_feature=9 9 5 6 4 14 5 5 6 5 4 9 5 28 4 28 3 6 6 6 6 6 17 4 10 17
split_gain=1.17103 1.19077 1.15544 1.0841 1.93139 1.42208 0.993665 1.17012 0.96531 3.40651 0.896196 0.994478 0.806956 0.681957 0.613315 0.651065 0.462792 0.395534 0.355273 0.354966 0.353871 0.26174 0.191634 0.0843874 0.0600419 0.03459
threshold=0.10404971932638325 0.13893653516295021 324.95000000000005 80.850000000000009 36.250000000000007 1.5000000000000002 86.65000000000002 40.100000000000009 69.450000000000017 34.650000000000013 34.350000000000001 1.0000000180025095e-35 131.35000000000002 1.1500000000000001 35.95000000000001 0.76666666666666672 53.500000000000007 109.95000000000002 70.550000000000011 145.45000000000002 162.65000000000001 68.950000000000017 36.63883928571429 35.550000000000004 0.41070163004961019 54.708333333333336
decision_type=2 2 2 2 2 2 2 2 2 2 2 2 2 2 2 2 2 2 2 2 2 2 2 2 2 2
left_child=3 2 16 5 10 8 7 -6 9 -1 19 -12 -10 18 24 22 23 -8 -7 -5 -18 -15 -16 -2 -3 -26
right_child=1 14 -4 4 6 13 17 -9 12 -11 11 -13 -14 21 15 -17 20 -19 -20 -21 -22 -23 -24 -25 25 -27
leaf_value=-0.014609540724599543 -0.0036138773884778984 0 0.0072403156763466651 -0.0042369101992990469 0.0037882282883506873 -0.015008900844123695 0.00076430472702736165 -0.0092604866668157711 0.019882756875251331 0.0099242218985974174 0.0029774260002822786 -0.017714555867639464 -0.00029212926328700035 -0.0028799458777532747 0.0023193116565718547 0.013169152269479196 -0.017213405822911362 0.012253343207966562 0.00069704410838989522 0.0064250977602305411 0 0.007748181108352555 -0.0067247636790522033 0.0024245218976590315 -0.0077688400445328331 0
leaf_weight=7.9597219761926672 1.2323005530051947 1.1911188673111603 1.25506081432104 6.8057619050960074 28.249173329269979 4.1538109981338476 11.594980755355211 14.060603420715777 12.597673986048902 35.059737052768469 2.4809775889152688 14.164641635667065 3.2380784191191188 1.8035042004194108 2.2858532649697718 6.1630912721739151 16.565485335420821 15.391550939995794 1.3766720187850294 3.9664337411522865 1.6824312955141056 2.693575422745198 1.8166951968742067 3.4394588778377511 1.8611047405865977 0.76825959281995881
leaf_count=192 36 54 7 110 605 89 129 192 132 257 33 353 26 39 36 118 387 122 16 19 16 31 41 76 77 34
internal_value=0.000526218 -0.00569793 -0.0107 0.00218411 -0.000726605 0.00611403 0.00308008 -0.00099911 0.0086925 0.00385671 -0.00938837 -0.0142256 0.0164244 -0.00587379 0.00306696 0.00782715 -0.01341 0.00872647 -0.012001 4.84153e-05 -0.0157837 0.0033893 -0.00240622 0 -0.00562025 -0.00693734
internal_weight=203.858 38.2609 24.1747 165.597 96.7141 68.8828 69.2963 42.3098 58.8552 43.0195 27.4178 16.6456 15.8358 10.0276 14.0861 10.2656 22.9197 26.9865 5.53048 10.7722 18.2479 4.49708 4.10255 4.67176 3.82048 2.62936
internal_count=3227 882 522 2345 1563 782 1048 797 607 449 515 386 158 175 360 195 515 251 105 129 403 70 77 112 165 111
is_linear=0
shrinkage=0.0435066


Tree=180
num_leaves=17
num_cat=0
split_feature=4 6 10 3 6 5 4 22 0 4 6 3 0 10 8 5
split_gain=1.31793 1.04757 1.51444 1.49554 1.12418 3.37168 1.48215 1.53153 1.22088 0.99124 0.96593 1.20083 0.817085 0.484495 0.418082 0.055083
threshold=42.350000000000001 80.850000000000009 0.26206005414718198 54.500000000000007 60.45000000000001 34.850000000000001 34.45000000000001 1.0000000180025095e-35 2200.0000000000005 35.350000000000001 108.25000000000001 51.500000000000007 2200.0000000000005 0.34761152783260957 2022.5000000000002 34.650000000000013
decision_type=2 2 2 2 2 2 2 2 2 2 2 2 2 2 2 2
left_child=1 4 10 13 5 15 14 -8 -7 -5 11 -3 -12 -4 -6 -1
right_child=-2 2 3 9 6 8 7 -9 -10 -11 12 -13 -14 -15 -16 -17
leaf_value=-0.02183906572666099 0.014277718241265488 0.006128962393726285 0.0011874171780203407 -0.004759695228147726 -0.011259527265883333 -0.0032925065181602237 0.014783827124867328 -0.0025529764103821434 0.012624440144891391 0.014616252572821724 0.00040789664425063823 -0.014245272816121165 -0.010848438359756782 -0.011391565040987751 0.0026359014662322303 0
leaf_weight=5.5331991479615708 6.0121520217508069 2.0458614520030123 7.6419028450618516 2.131270132726061 3.9741045716218641 11.88499489473179 29.846846049011219 9.5588204788509739 12.685532193630934 16.24109204596607 53.074347444518935 25.614809361111838 8.6496323305764218 4.2008398800971918 1.8768592982669359 0.92715259501710523
leaf_count=209 56 36 219 93 74 109 343 113 83 270 727 563 138 150 28 15
internal_value=0.000582084 -0.000234664 -0.00276888 0.0047948 0.00352195 -0.00236441 0.00754215 0.0105935 0.00552503 0.0113062 -0.00558278 -0.0115623 -0.00190726 -0.00518565 -0.00694754 -0.0208527
internal_weight=201.899 195.887 119.6 30.2151 76.2875 31.0309 45.2566 39.4057 24.5705 18.3724 89.3847 27.6607 61.724 11.8427 5.85096 6.46035
internal_count=3226 3170 2196 732 974 416 558 456 192 363 1464 599 865 369 102 224
is_linear=0
shrinkage=0.0435066


Tree=181
num_leaves=14
num_cat=0
split_feature=4 21 24 4 16 23 9 5 22 17 20 14 9
split_gain=1.2167 1.10737 1.73645 1.17106 1.35386 1.15716 1.11292 0.842408 0.677429 0.658889 0.881958 0.227326 0.146491
threshold=42.350000000000001 1.0000000180025095e-35 1.5000000000000002 36.650000000000013 13.500000000000002 1.5000000000000002 0.063220940550133067 184.00000000000003 1.5000000000000002 41.338095238095242 5.5000000000000009 1.5000000000000002 0.041213921901527957
decision_type=2 2 2 2 2 2 2 2 2 2 2 2 2
left_child=1 2 3 4 -1 -5 7 8 -3 11 -11 -8 -4
right_child=-2 6 12 5 -6 -7 9 -9 -10 10 -12 -13 -14
leaf_value=-0.0091055011647744252 0.013897774251622218 -0.012182264633124407 0 0.012234876572398671 0.0032521308492580604 -0.0063316177491390532 0.0094937478176209417 0.0038107470000609315 0.0030558310143391321 0.0043012835566575225 -0.012421596747247221 -0.00065047549067835219 -0.015757704040421351
leaf_weight=14.49200904893223 5.9613787205889812 34.009588464687113 1.878517516888677 31.601439050631598 75.140035544463899 2.6783288437873116 10.862567078205759 4.7654892625287166 2.5968451804947099 6.7736321246484277 4.4449961328646168 2.1697650371352202 3.5914365998469293
leaf_count=502 56 657 25 346 944 42 164 46 28 173 119 66 58
internal_value=0.000721652 -6.75679e-05 0.0021978 0.00362146 0.000667617 0.00975767 -0.00446865 -0.00840939 -0.0105693 0.00228406 -0.00388628 0.00763577 -0.0136477
internal_weight=200.966 195.005 129.382 123.912 89.632 34.2798 65.6229 41.3719 36.6064 24.251 11.2186 13.0323 5.46995
internal_count=3226 3170 1917 1834 1446 388 1253 731 685 522 292 230 83
is_linear=0
shrinkage=0.0435066


Tree=182
num_leaves=12
num_cat=0
split_feature=4 25 4 24 27 10 2 1 10 11 9
split_gain=1.13578 1.06461 1.04714 1.09393 1.19305 0.968986 1.11291 0.947792 0.637631 0.635775 0.326798
threshold=42.150000000000013 2.5000000000000004 34.150000000000013 1.5000000000000002 3.5000000000000004 0.26206005414718198 17.500000000000004 3.5000000000000004 0.41342952275249728 0.028219395866454656 0.099481987285142459
decision_type=2 2 2 2 2 2 2 2 2 2 2
left_child=1 5 -3 4 -4 6 9 10 -9 -1 -7
right_child=-2 2 3 -5 -6 7 -8 8 -10 -11 -12
leaf_value=0.00028522869705833618 0.012942473844341549 -0.0094508336577749982 0 -0.0086743329748351847 0.014203078448239606 0.0045637540929061053 0.010726347291237162 0.013056048525027529 -0.0025842290433491701 -0.0066912447606258902 -0.0059002337310897169
leaf_weight=29.767423770623282 6.9990058215335003 2.2042501682881257 19.450985611823853 1.8547281731152896 24.83022350911051 1.5504901023814479 2.9349364945664993 13.447942872589921 2.7702352189226067 82.613675390719436 11.966197986737823
leaf_count=453 66 53 350 24 296 25 15 252 91 1239 362
internal_value=0.000744712 -5.38743e-05 0.00509053 0.00706031 0.00894591 -0.00197993 -0.00381274 0.00425778 0.00996652 -0.00484426 -0.00310303
internal_weight=200.39 193.391 48.3402 46.1359 44.2812 145.051 115.316 29.7349 16.2182 112.381 13.5167
internal_count=3226 3160 723 670 646 2437 1707 730 343 1692 387
is_linear=0
shrinkage=0.0435066


Tree=183
num_leaves=12
num_cat=0
split_feature=4 17 5 6 25 6 2 6 2 6 2
split_gain=1.07899 0.98988 1.27726 1.27135 0.969886 1.54437 1.22208 1.14521 1.19408 1.01085 0.555746
threshold=42.350000000000001 73.641071428571436 194.90000000000003 123.65000000000002 2.5000000000000004 60.45000000000001 2.5000000000000004 108.15000000000002 17.500000000000004 123.95000000000002 3.5000000000000004
decision_type=2 2 2 2 2 2 2 2 2 2 2
left_child=1 4 3 10 7 -6 -7 8 -1 -9 -3
right_child=-2 2 -4 -5 5 6 -8 9 -10 -11 -12
leaf_value=-0.0067407632699443866 0.013190843453889938 0 0.0041772088521945614 0.0040910897030276812 -0.010606431888404119 -0.0047843821558232434 0.011691094030474644 0.0062449467821159609 0.010270997032901142 -0.0038927813080483153 -0.022397104867659404
leaf_weight=58.786502370610833 5.8356463825330129 2.0918568596243876 6.4443971500731996 2.4632404111325732 3.0814914564252822 5.8662376045249394 36.021534008148592 46.755947329220362 2.5937832463532677 21.965782058599871 7.7800405859597959
leaf_count=1042 56 49 53 25 165 86 434 768 12 330 206
internal_value=0.000720574 -2.13723e-05 -0.00813044 -0.014316 0.00105357 0.00614003 0.00884218 -0.00083984 -0.00495672 0.00281421 -0.019324
internal_weight=199.686 193.851 18.7795 12.3351 175.071 44.9693 41.8878 130.102 61.3803 68.7217 9.8719
internal_count=3226 3170 333 280 2837 685 520 2152 1054 1098 255
is_linear=0
shrinkage=0.0435066


Tree=184
num_leaves=15
num_cat=0
split_feature=4 10 7 5 5 5 11 10 27 5 4 1 4 8
split_gain=0.947524 0.93165 1.06253 2.03433 2.32133 1.79264 0.99967 0.911624 0.655826 0.617951 0.512522 0.437373 0.141636 0.13507
threshold=42.150000000000013 0.13118961352657002 3.5000000000000004 31.750000000000004 34.850000000000001 70.000000000000014 0.15139116202945987 0.094588550983899775 3.5000000000000004 6.4500000000000011 35.850000000000001 2.5000000000000004 36.650000000000013 2022.5000000000002
decision_type=2 2 2 2 2 2 2 2 2 2 2 2 2 2
left_child=1 7 5 9 -5 6 -3 8 -1 -4 -7 12 -9 -10
right_child=-2 2 3 4 -6 10 -8 11 13 -11 -12 -13 -14 -15
leaf_value=-0.0065594624992556215 0.011848125941596439 -0.0098367738264407058 -0.00042468153484160449 -0.01554007606414899 0.0033248740053603292 -0.0031524280401560882 0.0036144970369221298 0.0032966711235685796 0 0.014938536427544951 0.0086106286546768582 -0.015890585364638096 -0.0043743529590981531 0.010685341914414465
leaf_weight=3.5737059982784576 6.8403319064527741 40.617332751629874 4.0177385226707001 8.7296184976585192 58.065405359957367 4.2977951588109162 8.5089888153597695 3.0267117221374056 3.385628147283569 23.487543482042383 19.607185490429401 9.5193827032344398 2.0733596333302557 3.272626084741205
leaf_count=57 66 1087 142 165 517 39 246 42 36 402 198 166 35 28
internal_value=0.000635831 -8.80529e-05 0.00111009 0.00408137 -0.000165468 -0.00261996 -0.00717546 -0.00703116 0.0018098 0.0127469 0.00594243 -0.0123456 0 0.00808896
internal_weight=199.023 192.183 167.332 94.3003 66.795 73.0313 49.1263 24.8514 10.232 27.5053 23.905 14.6195 5.10007 6.65825
internal_count=3226 3160 2796 1226 682 1570 1333 364 121 544 237 243 77 64
is_linear=0
shrinkage=0.0435066


Tree=185
num_leaves=17
num_cat=0
split_feature=7 16 17 18 4 0 4 24 0 18 9 27 7 17 10 7
split_gain=3.07645 1.18598 0.782025 1.17382 0.9348 1.48301 0.754423 0.727356 0.545813 0.508534 0.636315 0.55811 0.46368 0.231472 0.228371 0.207109
threshold=2.5000000000000004 13.500000000000002 44.94583333333334 13.500000000000002 34.850000000000001 1350.0000000000002 36.350000000000001 1.0000000180025095e-35 1900.0000000000002 11.500000000000002 0.048115079365079354 2.5000000000000004 5.5000000000000009 52.076068376068385 0.10818713450292396 3.5000000000000004
decision_type=2 2 2 2 2 2 2 2 2 2 2 2 2 2 2 2
left_child=8 6 3 12 -4 -6 7 13 14 11 -11 -8 -3 -2 -1 -9
right_child=1 2 4 -5 5 -7 9 15 -10 10 -12 -13 -14 -15 -16 -17
leaf_value=0 -0.017025031265701648 0.011066354007587506 -0.010287622075558629 -0.0042254355645738213 0.013757370881190749 -0.00078379347983390045 0 -0.0043193087199292013 0.0017749589478134519 0.0039331712474081522 -0.012152295723135066 0.011286112910098739 -0.00060162513616836874 0 -0.016568535170298538 0.0041317479899823303
leaf_weight=1.2685375881846965 4.3480706088594134 73.281788141932338 3.9636990533326744 7.4388618580996981 12.496951336273922 38.194900263799354 20.353073753969515 2.6385049011441879 1.558190252864734 3.2291009919717899 3.064298078417778 7.9599095912417388 4.545843535102903 1.6930762213887645 12.215325337310786 6.5072576092206873
leaf_count=19 164 832 76 53 116 642 375 110 31 30 29 108 62 37 393 152
internal_value=0.00251161 0.00419519 0.00618656 0.00868688 0.00161136 0.00378373 -0.00129017 -0.00784413 -0.0131046 0.00212835 -0.00531044 0.00475526 0.0102716 -0.014693 -0.0153458 0.000267851
internal_weight=204.757 189.715 139.922 85.2665 54.6556 50.6919 49.7933 15.1869 15.0421 34.6064 6.2934 28.313 77.8276 6.04115 13.4839 9.14576
internal_count=3229 2786 1781 947 834 758 1005 463 443 542 59 483 894 201 412 262
is_linear=0
shrinkage=0.0435066


Tree=186
num_leaves=17
num_cat=0
split_feature=7 5 5 4 6 7 17 5 17 5 3 6 4 10 10 3
split_gain=2.88938 1.35391 2.09781 1.04914 1.02824 0.949553 0.918509 1.34328 1.14921 0.906252 0.87152 0.851016 0.547708 0.452173 0.107462 0.059766
threshold=2.5000000000000004 45.45000000000001 37.750000000000007 35.850000000000001 127.60000000000001 3.5000000000000004 43.921428571428571 6.6500000000000012 62.525128205128219 82.350000000000009 52.500000000000007 125.65000000000002 38.45000000000001 0.25403225806451618 0.10818713450292396 54.500000000000007
decision_type=2 2 2 2 2 2 2 2 2 2 2 2 2 2 2 2
left_child=4 2 6 10 14 -4 7 -2 -8 12 -3 -11 -5 -12 -1 -16
right_child=1 3 5 9 -6 -7 8 -9 -10 11 13 -13 -14 -15 15 -17
leaf_value=0 -0.0052423916237042539 0.0049790342053053242 0 -0.0088219284376176797 0.0056701495467850862 0.02315491196011361 -0.0026813118706589065 0.012091107721470006 0.0095788562292752656 0.0089279633680501621 -0.014688523149306699 -0.0053841715700190642 0.0031086876027014731 0 -0.018047491701544925 -0.00076626670165695935
leaf_weight=1.3921616482548387 5.9808594552450804 3.0826043828856227 4.0112344860099283 10.671746494248511 1.000093691051007 12.356371411588041 51.087480037880596 30.977768552314956 12.738303957245078 31.051122420001775 11.365747319534419 4.3482302930206052 6.58612331515178 4.4466293533332637 10.233608653419649 2.2929808927583499
leaf_count=21 262 30 50 121 5 67 828 567 294 293 121 35 78 40 359 58
internal_value=0.00251009 0.00414446 0.00690721 -0.000448952 -0.0126678 0.0190692 0.00380003 0.00868907 0.00028311 0.00263511 -0.00791175 0.00636589 -0.00424111 -0.0115956 -0.0158663 -0.0167578
internal_weight=203.623 188.704 117.152 71.5522 14.9188 16.3676 100.784 36.9586 63.8258 52.6572 18.895 35.3994 17.2579 15.8124 13.9188 12.5266
internal_count=3229 2786 2068 718 443 117 1951 829 1122 527 191 328 199 161 438 417
is_linear=0
shrinkage=0.0435066


Tree=187
num_leaves=16
num_cat=0
split_feature=7 5 5 6 6 21 6 5 5 9 9 10 7 6 2
split_gain=2.62447 1.23596 1.99173 0.963977 0.924544 1.35275 0.78562 0.731591 1.04167 1.11016 0.749801 0.70605 0.536135 0.374337 0.0706178
threshold=2.5000000000000004 45.45000000000001 38.750000000000007 127.60000000000001 120.85000000000001 1.0000000180025095e-35 145.75000000000003 154.15000000000003 131.35000000000002 0.03608470181503886 0.049515639589168957 0.17349498327759191 3.5000000000000004 106.75000000000001 10.500000000000002
decision_type=2 2 2 2 2 2 2 2 2 2 2 2 2 2 2
left_child=3 2 4 14 5 -2 -6 8 9 -3 13 -12 -4 -9 -1
right_child=1 7 12 -5 6 -7 -8 10 -10 -11 11 -13 -14 -15 -16
leaf_value=-0.016343852146393726 0.010179804655306195 -0.0085276595551314251 0.00078870961268529558 0.0055456170664416535 -0.0085679170696199691 -0.00025410033560927908 0.0051528435443429213 0 -0.015688611279196928 0.0041580047173134628 -0.009799223353613655 0.0051927680586319304 0.025021660670636724 0.013427182904316879 -0.00031681949745199857
leaf_weight=11.554501484322822 50.071683370741084 13.760441700927911 3.5085804704576713 0.98698122054338533 12.927240252902267 36.582511220185552 6.8070430813822886 4.3693798929452923 4.1538469009101382 29.887204439844936 5.1050165081396681 5.4410725124180317 6.8767281728796661 8.8159464793279749 2.1595213824766697
leaf_count=394 770 149 41 5 282 804 130 43 50 310 42 46 41 78 44
internal_value=0.00245423 0.00400765 0.0066532 -0.0120885 0.0040485 0.00595718 -0.00334717 -0.000376956 -0.00347871 -0.000228791 0.00494124 -0.00244496 0.0208913 0.0102148 -0.015233
internal_weight=203.008 188.307 116.774 14.701 106.388 86.6542 19.7343 71.5329 47.8015 43.6476 23.7314 10.5461 10.3853 13.1853 13.714
internal_count=3229 2786 2068 443 1986 1574 412 718 509 459 209 88 82 121 438
is_linear=0
shrinkage=0.0435066


Tree=188
num_leaves=19
num_cat=0
split_feature=16 27 5 5 6 27 5 3 6 3 17 8 5 17 4 6 2 3
split_gain=2.18203 1.08328 1.13293 2.17146 0.951664 0.826151 0.753711 0.492405 0.806984 0.682578 0.615916 0.597294 0.58725 0.570073 0.479211 0.460999 0.160562 0.133271
threshold=13.500000000000002 4.5000000000000009 45.45000000000001 38.750000000000007 70.65000000000002 3.5000000000000004 9.4500000000000011 54.500000000000007 106.65000000000002 50.500000000000007 26.793831168831172 2016.5000000000002 100.40000000000002 28.348809523809525 39.95000000000001 67.600000000000009 7.5000000000000009 54.500000000000007
decision_type=2 2 2 2 2 2 2 2 2 2 2 2 2 2 2 2 2 2
left_child=7 2 3 6 17 -6 -2 9 12 -1 -10 -12 13 -9 15 -11 -16 -4
right_child=1 -3 4 -5 5 -7 -8 8 10 14 11 -13 -14 -15 16 -17 -18 -19
leaf_value=0.0054497603579391086 -0.0039002194645444384 -0.008161915937397516 0 0.024789452030622657 -0.0022800093438745399 0.0084456540983867089 0.0069840199074780156 0.00117099525788825 -0.0057806936712570586 -0.00043857524106248017 -0.0026563082299067443 0.012227634840255953 0.0036919064579700868 -0.015395241285481878 -0.0031713803994378831 -0.014409021691513948 0.0047366331082327471 -0.011778599984937124
leaf_weight=1.9128685175674025 8.6440668101713509 4.5096365450881413 3.1331089166924349 8.5238389791920763 19.757743630558252 21.911122135818005 72.173442258441355 3.0362595803453605 1.5040817725821423 7.9472760369535598 2.9734695263905442 11.562051416723987 2.8293588850647202 5.4485603150678799 2.7862835889682165 16.867543913249392 2.9616038044914603 4.0794291440397501
leaf_count=27 378 56 27 51 221 179 896 50 75 164 53 184 29 176 44 545 37 37
internal_value=0.00250131 0.00538718 0.00624641 0.00900594 0.000554828 0.00353038 0.00550037 -0.00408447 2.64526e-05 -0.00723109 0.00573414 0.00882469 -0.00663864 -0.0108622 -0.00911472 -0.0112781 0.000433752 -0.00941816
internal_weight=202.562 142.732 138.223 89.3413 48.8814 41.6689 80.8175 59.8294 27.3538 32.4756 16.0396 14.5355 11.3142 8.48482 30.5627 24.8148 5.74789 7.21254
internal_count=3229 1845 1789 1325 464 400 1274 1384 567 817 312 237 255 226 790 709 81 64
is_linear=0
shrinkage=0.0435066


Tree=189
num_leaves=17
num_cat=0
split_feature=7 7 4 6 6 10 6 18 18 4 0 8 1 3 10 6
split_gain=2.91833 1.13836 1.24866 1.06653 1.52144 1.06199 0.944339 0.640901 1.30793 0.528719 0.681688 0.531616 0.222919 0.207341 0.0987702 0.186972
threshold=2.5000000000000004 3.5000000000000004 40.850000000000001 111.95000000000002 108.15000000000002 0.21825396825396823 127.60000000000001 13.500000000000002 11.500000000000002 36.250000000000007 1750.0000000000002 2016.5000000000002 4.5000000000000009 53.500000000000007 0.10818713450292396 113.35000000000001
decision_type=2 2 2 2 2 2 2 2 2 2 2 2 2 2 2 2
left_child=6 2 7 4 5 -3 14 8 -2 10 -5 -11 -6 -9 -1 -16
right_child=1 3 -4 9 12 -7 -8 13 -10 11 -12 -13 -14 -15 15 -17
leaf_value=0 0 -0.0020414276837945355 0.01032739942591634 0.0024392555429833653 0.023321765623502577 0.0083918384834143073 0.005183120145259121 -0.00049484878508707824 -0.013697856838521295 -0.0045196014718712711 -0.012883374073800439 0.0089329989653216899 0.0014100353524129972 0.0085132265172828941 -0.018495432270124044 -0.00018744878689745084
leaf_weight=1.3774508847855003 45.177380698733032 21.308550586807542 11.536088738590477 5.3796691382303852 8.6821216219104809 54.999664307921194 0.93800685554742891 3.79959300579503 12.959301688708363 3.0541147387120855 5.3672610892681405 7.2752130585722625 2.961940693203359 5.3832656415179372 9.9602930274850205 2.4857578538358203
leaf_count=21 1087 331 107 68 81 627 5 33 136 36 129 75 34 42 360 57
internal_value=0.00246925 0.00411411 0 0.0068648 0.0088636 0.00542542 -0.0128413 -0.00243576 -0.00426969 -0.00123469 -0.00660437 0.00414784 0.0208087 0.00548615 -0.0158283 -0.0166911
internal_weight=202.646 187.884 78.8556 109.029 87.9523 76.3082 14.7615 67.3195 58.1367 21.0763 10.7469 10.3293 11.6441 9.18286 13.8235 12.4461
internal_count=3229 2786 1405 1381 1073 958 443 1298 1223 308 197 111 115 75 438 417
is_linear=0
shrinkage=0.0435066


Tree=190
num_leaves=13
num_cat=0
split_feature=7 24 6 6 6 6 6 3 5 5 11 18
split_gain=0.908618 0.881455 0.624114 2.42183 1.29426 1.17869 1.35038 1.15437 0.405256 0.276742 0.161794 0.00658834
threshold=6.5000000000000009 1.5000000000000002 108.15000000000002 80.850000000000009 71.65000000000002 125.65000000000002 122.95000000000002 57.500000000000007 64.40000000000002 26.450000000000003 0.06030303030303031 7.5000000000000009
decision_type=2 2 2 2 2 2 2 2 2 2 2 2
left_child=1 2 3 4 -1 6 -4 -5 -7 11 -2 -3
right_child=10 9 5 7 -6 8 -8 -9 -10 -11 -12 -13
leaf_value=0 0 -0.00024027746854188875 0.0014760319875326373 -0.013407037916603149 0.01508983153355214 -0.0083793558274911882 0.015962562663676402 0.004613401576637993 0.0021716526946023093 -0.013504238146561133 0.013458183530420125 0.0012620212049702891
leaf_weight=69.010320912784664 3.5471204994246355 1.2449889647541552 46.745054802042432 30.252262131398311 6.1170626461971542 13.365075318899473 11.846691208775153 3.91447909339331 5.2160638952627769 6.2149160015396774 3.954369003418833 1.0316668986342845
leaf_count=924 36 49 832 806 50 230 121 47 44 63 33 13
internal_value=-1.0421e-05 -0.000801887 0 -0.00205498 0.00228684 0.00287609 0.00586432 -0.0106866 -0.00522136 -0.0109453 0.0106511 0
internal_weight=202.46 194.959 186.467 109.294 75.1274 77.1729 58.5917 34.1667 18.5811 8.49157 7.50149 2.27666
internal_count=3248 3179 3054 1827 974 1227 953 853 274 125 69 62
is_linear=0
shrinkage=0.0435066


Tree=191
num_leaves=10
num_cat=0
split_feature=7 24 23 13 6 10 27 11 11
split_gain=0.784518 0.810705 0.733369 0.625802 0.514106 0.491331 0.30786 0.225176 0.0612558
threshold=6.5000000000000009 1.5000000000000002 1.5000000000000002 0.70833333333333337 125.65000000000002 0.24638060352346061 2.5000000000000004 0.06030303030303031 0.038181818181818157
decision_type=2 2 2 2 2 2 2 2 2
left_child=1 2 3 4 -1 8 -4 -2 -3
right_child=7 5 6 -5 -6 -7 -8 -9 -10
leaf_value=0.0022593004033053051 0 -0.00029013004491982696 0.0006348126712039454 -0.010506397575683384 -0.0045753139236310546 0.0012566063415944486 -0.011365788307809316 0.013043815783762439 -0.016047812028077615
leaf_weight=156.82510422333144 3.5117881703190497 2.1689624367281777 2.6570296483114344 2.1554483661893746 16.92772831604816 2.5766575271263719 7.7498301502782851 4.0247330970596522 3.9018311921972781
leaf_count=2220 36 29 57 449 226 44 102 33 52
internal_value=-2.55449e-05 -0.000764504 0 0.00082507 0.00139624 -0.0104383 -0.00864208 0.00986387 -0.014283
internal_weight=202.499 194.963 186.315 175.908 173.753 8.64745 10.4069 7.53652 6.07079
internal_count=3248 3179 3054 2895 2446 125 159 69 81
is_linear=0
shrinkage=0.0435066


Tree=192
num_leaves=20
num_cat=0
split_feature=4 24 17 2 16 11 10 6 2 16 20 11 14 17 10 17 3 6 6
split_gain=1.38226 1.01681 1.17441 0.788574 1.32543 1.23343 0.773996 0.622707 1.17721 1.10485 0.775175 0.95632 0.753118 0.754048 0.670119 0.544671 0.525342 0.389497 0.341854
threshold=37.850000000000001 1.5000000000000002 46.082142857142863 2.5000000000000004 13.500000000000002 0.047338935574229656 0.20169491525423733 110.55000000000001 2.5000000000000004 13.500000000000002 5.5000000000000009 0.031372549019607808 2.5000000000000004 28.940000000000001 0.13809523809523808 64.318303571428586 56.500000000000007 122.85000000000001 123.65000000000002
decision_type=2 2 2 2 2 2 2 2 2 2 2 2 2 2 2 2 2 2 2
left_child=1 2 3 4 -1 -5 18 10 -9 14 12 -12 13 -2 -10 -8 -13 -3 -4
right_child=7 17 6 5 -6 -7 15 8 9 -11 11 16 -14 -15 -16 -17 -18 -19 -20
leaf_value=-0.0060661433715857166 -0.004668047880377447 -0.01755469367919129 -0.013446898042177614 0.0078283235312127594 0.014399577769564579 -0.003584633275128906 -0.0058271804181975907 -0.0051209303924591486 -0.0095819184903423553 0.018385357048643188 0.0056563776351117138 -0.015247025401747405 -0.0070494338134732548 0.010787992365478099 0.006276489627363397 0.0052721982693420058 0.0014846648598233405 0 0
leaf_weight=3.7088605960598189 2.7148772509535837 4.3513790357392272 17.46272090863204 17.841041665000375 11.867192676581908 60.415238509420305 10.193832696881147 4.0458260844461646 2.1667882949113872 13.963493035174904 3.7629663466941556 7.0274616516544466 2.0535720246843985 19.459722486149985 5.4429544371087104 10.159596575074827 2.0004653754876927 1.8323355289176104 2.7983126883627838
leaf_count=114 64 71 301 279 103 907 290 46 23 112 47 163 52 341 81 185 22 21 26
internal_value=-3.43087e-05 -0.00246359 -0.00120813 0.00142875 0.00871862 -0.000462097 -0.00686907 0.00499228 0.00946714 0.0131149 0.000710534 -0.00598589 0.00509285 0.00791416 0 0 -0.0118234 -0.0143408 -0.0117371
internal_weight=203.269 140.631 134.447 93.8323 15.5761 78.2563 40.6145 62.6381 25.6191 21.5732 37.0191 12.7909 24.2282 22.1746 7.60974 20.3534 9.02793 6.18371 20.261
internal_count=3248 2297 2205 1403 217 1186 802 951 262 216 689 232 457 405 104 475 185 92 327
is_linear=0
shrinkage=0.0435066


Tree=193
num_leaves=25
num_cat=0
split_feature=1 4 6 8 17 2 17 18 5 4 6 11 16 17 2 2 17 3 11 5 17 1 0 4
split_gain=0.770616 2.16758 1.11925 1.36562 0.726999 0.810316 0.700623 0.683171 1.49048 2.1392 1.65382 1.38524 1.25689 0.762476 0.592608 0.526971 0.416141 0.472281 0.395495 0.355233 0.19525 0.168378 0.166673 0.0482993
threshold=2.5000000000000004 36.150000000000013 110.05000000000001 2016.5000000000002 25.485439560439563 5.5000000000000009 38.681250000000013 9.5000000000000018 36.45000000000001 34.95000000000001 145.75000000000003 0.025978407557354904 12.500000000000002 42.70515151515152 8.5000000000000018 13.500000000000002 30.657954545454547 57.500000000000007 0.078461538461538458 203.25000000000003 26.070000000000004 7.5000000000000009 1550.0000000000002 35.150000000000013
decision_type=2 2 2 2 2 2 2 2 2 2 2 2 2 2 2 2 2 2 2 2 2 2 2 2
left_child=7 16 4 18 -3 -6 -5 8 9 10 -1 -9 -11 14 -13 22 20 21 -4 -15 23 -18 -10 -2
right_child=1 2 3 6 5 -7 -8 11 15 12 -12 13 -14 19 -16 -17 17 -19 -20 -21 -22 -23 -24 -25
leaf_value=-0.01143372300329566 -0.0058863547055327944 0.008006305970694929 0.001462322704649154 -0.0017899463715876373 0.0016266540613736836 -0.010007913577007768 0.012943474024703699 0.0083446587400599175 0.001036475500893913 -0.0027475369722171706 0.010362634396657584 -0.0064235931996725806 0.014496087484358988 -0.016400037081786105 0.0083450789620416622 0 -0.015250940139070614 0.00041532701796844737 -0.011382097806905729 0 0.0043762137425829746 0 0.01732084832949855 0
leaf_weight=23.847780661017172 1.6426177049288555 2.6879242574213995 4.0062442210037252 4.396984206861819 14.406319790985433 20.915316368627828 24.412643974763341 7.6302962983027127 3.6583607150241795 8.5657116503571178 2.4975432977080336 3.2565885731019106 14.934618083178064 8.2702409364283067 4.0413580604363233 3.5905978120863429 22.244349578249974 2.6925207014428443 3.0324976919218898 2.9789751917123786 2.7921292450046167 1.1495397679973383 13.032985649537293 1.4096381665440274
leaf_count=381 38 45 45 76 260 413 283 70 36 286 12 36 265 85 32 26 551 42 32 20 54 23 95 42
internal_value=-8.30284e-05 -0.00261712 0.00150157 0.0065484 -0.00329385 -0.00550765 0.0104943 0.0025921 0.00476812 0.00010081 -0.00741569 -0.00271768 0.00864339 -0.00865696 0.00110434 0.0130489 -0.0110456 -0.0129629 -0.00613998 -0.0136387 0 -0.0145944 0.0154789 -0.00447113
internal_weight=202.094 105.789 73.8579 35.8484 38.0096 35.3216 28.8096 96.3051 70.1276 49.8457 26.3453 26.1775 23.5003 18.5472 7.29795 20.2819 31.9308 26.0864 7.03874 11.2492 5.84439 23.3939 16.6913 3.05226
internal_count=3248 1904 1154 436 718 673 359 1344 1101 944 393 243 551 173 68 157 750 616 77 105 134 574 131 80
is_linear=0
shrinkage=0.0435066


Tree=194
num_leaves=22
num_cat=0
split_feature=4 5 5 20 5 4 17 10 11 6 16 6 5 8 5 5 10 4 11 17 0
split_gain=0.870677 1.06375 2.08153 1.62727 1.47761 1.28087 1.07765 0.897093 1.02926 0.7214 1.18812 0.700039 0.900151 0.61444 0.468525 0.627898 0.464962 0.407829 0.354772 0.254258 0.121174
threshold=37.850000000000001 41.250000000000007 38.750000000000007 5.5000000000000009 34.650000000000013 34.750000000000007 43.472500000000004 0.11437908496732026 0.11500330469266355 110.65000000000002 13.500000000000002 94.15000000000002 112.65000000000002 2016.5000000000002 71.050000000000011 131.35000000000002 0.13809523809523808 39.150000000000013 0.043055555555555507 52.500000000000007 2200.0000000000005
decision_type=2 2 2 2 2 2 2 2 2 2 2 2 2 2 2 2 2 2 2 2 2
left_child=1 2 3 4 -1 -5 14 -8 -9 11 16 -2 13 -13 18 -16 -11 -12 -3 -14 -18
right_child=9 6 -4 5 -6 -7 7 8 -10 10 17 12 19 -15 15 -17 20 -19 -20 -21 -22
leaf_value=-0.011288648623555886 0.010274461392396484 -0.009692294499713346 0.016134783455921228 -0.0084444540617967662 0.0011783626503322018 0.011523292350070645 0.0028200144068871637 -0.016110116137853722 0.003490024743196683 -0.0096221045035238244 0.001221972503504237 0.0040172195662988418 0.010536135411039222 -0.0091820691316469201 0.010488088580234362 -0.0041055183751146978 0.0058466937288153267 0.017984580976603177 0.0017311407057412562 0 -0.0010806926963662306
leaf_weight=29.967631275590975 3.1719491726253173 3.7943470943719166 7.7969936691224566 2.3191908928565708 30.765507348580286 17.837919755897019 4.1490840632468489 24.667227301397364 2.669779426418244 2.6246511111967283 6.1808053986169389 3.445160350296649 3.1583078438416106 22.134196110710036 7.9709399046841991 3.3980608889833093 3.6687340131029487 9.7795501155778748 4.69735177885741 4.8544328068383038 2.2304702285910025
leaf_count=910 34 52 43 106 280 416 35 270 25 32 54 74 28 497 72 32 54 77 56 62 39
internal_value=-0.000192497 -0.00211702 0.000725323 -0.00173698 -0.00532128 0.00734647 -0.00672922 -0.0110543 -0.0135951 0.00383941 0.00873319 -1.12681e-05 -0.0027452 -0.0066358 0.000782687 0.00565649 -0.00251727 0.0141776 -0.00469422 0.0063873 0.00322377
internal_weight=201.282 140.034 88.6872 80.8902 60.7331 20.1571 51.3468 31.4861 27.337 61.2483 24.4842 36.764 33.5921 25.5794 19.8607 11.369 8.52386 15.9604 8.4917 8.01274 5.8992
internal_count=3248 2297 1755 1712 1190 522 542 330 295 951 256 695 661 571 212 104 125 131 108 90 93
is_linear=0
shrinkage=0.0435066


Tree=195
num_leaves=22
num_cat=0
split_feature=3 16 6 2 18 2 6 11 0 6 6 10 11 9 10 27 2 6 11 17 18
split_gain=1.24833 1.07597 1.29344 1.39608 1.2904 1.18014 0.999859 0.886035 0.732289 1.30434 0.805025 0.717528 0.374747 0.36254 0.336958 0.61866 0.242319 0.183354 0.168535 0.164438 0.118348
threshold=53.500000000000007 15.500000000000002 69.65000000000002 14.500000000000002 11.500000000000002 17.500000000000004 108.05000000000001 0.038181818181818157 1650.0000000000002 71.850000000000009 110.55000000000001 0.26206005414718198 1.0000000180025095e-35 0.033520599250936305 0.17349498327759191 3.5000000000000004 8.5000000000000018 70.65000000000002 0.040833333333333312 33.620833333333344 9.5000000000000018
decision_type=2 2 2 2 2 2 2 2 2 2 2 2 2 2 2 2 2 2 2 2 2
left_child=8 4 20 12 5 6 -2 16 9 17 13 -9 -4 -10 15 -12 -6 19 -15 -1 -3
right_child=1 2 3 -5 7 -7 -8 11 10 -11 14 -13 -14 18 -16 -17 -18 -19 -20 -21 -22
leaf_value=-0.0019648686972889655 -0.011111661198339751 0 0 -0.0076160006183189988 0.012553878704075767 0.0091200155454974931 -0.0017038913938094904 -0.0087056564275729709 0.0019807082231402011 0.019053672127850078 0.007627884686581929 0.0060082282419523592 0.014892185253835757 0 0.010790103889168777 -0.007463204559164654 0 -0.0050260319085663769 -0.012269442154676161 0.0052571336717420125 -0.011228028692412469
leaf_weight=3.1284521103953029 55.074199781869538 2.0200529741705422 2.6560580190271201 2.7665764368139198 8.3120389673858899 2.7753253029659382 41.317210227804026 9.1940004229545575 2.0690357226412761 8.0448699907865358 3.0130970231257361 3.9119615142699322 16.431680749868974 1.553727901773527 4.2579887647298165 4.551872716518119 4.1612785775214425 2.2588433609344056 5.9674677607836202 7.9342340130824596 2.0465447623282671
leaf_count=69 1138 38 34 29 65 15 812 102 30 94 30 29 174 35 60 66 37 32 164 130 17
internal_value=-0.000607942 -0.00252797 0.00458991 0.00895682 -0.00423817 -0.00644507 -0.00754026 0.00357524 0.0053902 0.0100524 -0.000161274 -0.00326367 0.0130793 -0.00750747 0.00579868 0 0.00994547 0 -0.0105429 0.00267056 -0.00899109
internal_weight=193.447 150.667 25.9209 21.8543 124.746 99.1667 96.3914 25.5793 42.7796 21.3664 21.4132 13.106 19.0877 9.59023 11.823 7.56497 12.4733 13.3215 7.5212 11.0627 4.0666
internal_count=3200 2490 292 237 2198 1965 1950 233 710 325 385 131 208 229 156 96 102 231 199 199 55
is_linear=0
shrinkage=0.0435066


Tree=196
num_leaves=24
num_cat=0
split_feature=11 16 5 5 1 5 2 21 5 5 18 5 10 2 2 8 2 9 10 0 11 10 10
split_gain=1.39934 1.19 1.90997 1.1557 3.05948 2.85582 0.852311 0.839221 0.829943 0.721416 0.651585 0.631992 0.599825 0.596569 0.489162 0.294339 0.291715 0.260808 0.239885 0.170371 0.165269 0.0903362 0.194539
threshold=0.047338935574229656 14.500000000000002 82.350000000000009 35.95000000000001 1.0000000180025095e-35 32.95000000000001 3.5000000000000004 1.0000000180025095e-35 35.95000000000001 72.950000000000017 12.500000000000002 131.35000000000002 0.16064516129032258 3.5000000000000004 4.5000000000000009 2016.5000000000002 8.5000000000000018 0.10281902844198336 0.17846085802742148 1100.0000000000002 0.067496392496392457 0.16064516129032258 0.24638060352346061
decision_type=2 2 2 2 2 2 2 2 2 2 2 2 2 2 2 2 2 2 2 2 2 2 2
left_child=1 2 8 5 7 6 19 -5 14 17 21 -11 -8 -4 -1 -10 -12 -6 -15 -2 -7 -3 -23
right_child=3 10 13 4 9 20 12 -9 15 11 16 -13 -14 18 -16 -17 -18 -19 -20 -21 -22 22 -24
leaf_value=0.0059264828915538631 0.00033006292019723601 0.019228545540936698 -0.0026827011509121526 0.01846512586130724 -0.014082463684395481 -0.020001519850329351 -0.0074003668648976581 0 0 0.0057059205607674279 0.0053355254787939817 -0.0054455663132908089 0.0050275088906567792 0.013250428256882517 -0.005171509526275775 -0.016225087159053849 -0.0046079030492462572 -0.00085840027719748995 0 -0.010254053313687792 -0.00013166318234056793 -0.0017714613809414676 0.0070315175288932176
leaf_weight=7.0423683646950002 0.89678177965106343 6.5141177335754055 3.3911937125958529 11.110993558540942 9.9654149040579814 16.676075726747516 2.4850655592163085 7.0759899560362092 1.8271935735829155 11.494746348820629 5.1726766116917116 14.048144215252249 32.519283075496787 13.363877925090494 10.296164553903507 7.7839410622837022 3.8747947281226516 6.5814679698087266 3.7558193644508711 8.6441991257015598 1.980852473527192 2.9608604609966278 2.7675720729166642
leaf_count=154 26 64 46 60 151 272 84 52 26 132 36 148 874 117 296 135 35 84 38 271 27 44 28
internal_value=-0.000552268 0.00412873 0 -0.00331236 0.000865313 -0.00714958 -0.000260575 0.013379 -0.00699317 -0.00540342 0.0112759 0 0.00287961 0.00855602 0 -0.0141026 0.000283583 -0.0109881 0.0113343 -0.00890176 -0.0188722 0.0159419 0.00313768
internal_weight=192.23 68.7506 47.4606 123.479 60.2768 63.2023 44.5453 18.187 26.9497 42.0898 21.29 25.5429 35.0043 20.5109 17.3385 9.61113 9.04747 16.5469 17.1197 9.54098 18.6569 12.2426 5.72843
internal_count=3200 1019 812 2181 627 1554 1255 112 611 515 207 280 958 201 450 161 71 235 155 297 299 136 72
is_linear=0
shrinkage=0.0435066


Tree=197
num_leaves=26
num_cat=0
split_feature=4 21 5 1 4 6 22 6 2 11 9 9 4 16 25 6 16 6 5 5 8 6 24 2 1
split_gain=1.58302 1.95411 1.92239 2.8111 2.30909 1.55253 1.0447 1.03242 0.941828 0.776929 1.2779 0.712991 0.754062 0.677333 0.638046 0.624547 0.571242 0.472688 0.36128 0.258854 0.157075 0.128474 0.127202 0.0963261 0.0856279
threshold=36.250000000000007 1.0000000180025095e-35 35.850000000000001 1.0000000180025095e-35 34.45000000000001 109.95000000000002 1.5000000000000002 70.750000000000014 2.5000000000000004 0.046256684491978554 0.029513888888888853 0.017148526077097454 36.95000000000001 13.500000000000002 1.5000000000000002 145.25000000000003 10.500000000000002 114.55000000000001 171.30000000000004 110.55000000000001 2021.5000000000002 106.25000000000001 1.0000000180025095e-35 13.500000000000002 7.5000000000000009
decision_type=2 2 2 2 2 2 2 2 2 2 2 2 2 2 2 2 2 2 2 2 2 2 2 2 2
left_child=2 6 4 23 15 11 8 13 21 10 -5 19 -13 -6 -8 20 -10 22 -11 -3 -1 -2 -7 -4 -9
right_child=1 5 3 9 7 17 14 24 16 18 -12 12 -14 -15 -16 -17 -18 -19 -20 -21 -22 -23 -24 -25 -26
leaf_value=-0.023969231595563887 0.0017633361987681607 -0.0018068119730934909 0.0135085445931191 -0.010286431105219245 -0.0042920897341895935 0.00091139068268770019 -0.011174214862954387 -0.0087157984692567067 0 -0.013989540934625165 0.0084686372249135333 0.0026481998513719178 -0.011320437880476224 0.011731917383208187 0.0046393929396760488 0 0.015243686824823282 -0.0028677920177767394 0 0.0084486419425453506 -0.00032582295103783147 -0.0053209959836963755 0.012998929220270546 0.0012123254443403932 0
leaf_weight=13.73167558264686 2.1154509445186696 3.7594932264182708 14.457937128841879 5.4042934675235328 2.3990328936779424 5.3262644497444835 2.8357425390277049 9.831156247237228 4.1153367779916143 13.151018324657342 9.6328872032463533 5.106634880299679 30.048349687189329 7.9616597446147352 3.5473552057519555 2.4875028785318127 31.477664480509702 2.3834951270255251 2.6566189341247073 2.0550903417170048 1.6335633429407597 3.2178135090507567 6.6393867875449359 4.7821381799876681 0.66169579676352519
leaf_count=274 25 77 93 82 160 70 41 432 90 166 85 97 681 106 41 20 328 42 24 14 62 64 66 36 24
internal_value=-0.000667488 0.00287551 -0.0047849 0.000801221 -0.0113098 -0.00247218 0.00885792 -0.000143668 0.0112683 -0.00673648 0.000188736 -0.00672249 -0.00895282 0.00720014 -0.00370108 -0.0204131 0.0135641 0.00749 -0.0119074 0.00355039 -0.0227615 -0.00223661 0.0103819 0.0119234 -0.00796752
internal_weight=191.419 102.628 88.7912 50.0849 38.7063 55.3187 47.3094 20.8535 40.9263 30.8448 15.0372 40.9696 35.155 10.3607 6.3831 17.8527 35.593 14.3491 15.8076 5.81458 15.3652 5.33326 11.9657 19.2401 10.4929
internal_count=3200 1636 1564 486 1078 1047 589 722 507 357 167 869 778 266 82 356 418 178 190 91 336 89 136 129 456
is_linear=0
shrinkage=0.0435066


Tree=198
num_leaves=22
num_cat=0
split_feature=11 16 4 5 5 4 4 6 7 7 4 7 4 21 8 1 17 1 10 6 5
split_gain=1.39427 1.16371 1.67318 1.61928 0.961754 4.26982 2.92508 1.52556 0.972487 0.954381 0.882879 0.703908 0.697492 0.612619 0.505765 0.447496 0.370177 0.327273 0.302402 0.317137 0.0854942
threshold=0.047338935574229656 14.500000000000002 34.850000000000001 82.350000000000009 35.95000000000001 34.95000000000001 35.050000000000004 145.75000000000003 5.5000000000000009 3.5000000000000004 39.95000000000001 2.5000000000000004 38.850000000000001 1.0000000180025095e-35 2019.0000000000002 6.5000000000000009 26.106250000000006 1.5000000000000002 0.12074829931972787 113.05000000000001 35.45000000000001
decision_type=2 2 2 2 2 2 2 2 2 2 2 2 2 2 2 2 2 2 2 2 2
left_child=1 3 -3 10 5 7 13 16 9 -8 15 -7 -13 17 -4 -1 -2 -6 -5 -20 -12
right_child=4 2 14 18 6 11 8 -9 -10 -11 20 12 -14 -15 -16 -17 -18 -19 19 -21 -22
leaf_value=-0.012060003724787915 0 -0.0068449524743600925 0 0.013303009149319736 0.017464880099677702 -0.0095004779557643377 -0.0023499135500999429 0.0044368737755661096 0.0062424196189560998 -0.017470877090987352 0.0061949078888551513 -0.00054546179864892804 0.0099637473968077605 0 0.018730170851535846 0.0018216027059794269 -0.025015089833056541 0.00022800176372975926 0.0049971143534186368 -0.0047382887129534656 0
leaf_weight=18.995103552355438 1.2897728041280121 3.4687278119381544 4.3753269778098938 5.4740829337388304 11.209236618597062 3.0455510250176294 23.883812229614705 1.4368994019459922 4.0088623380288473 9.8136587832123023 3.5781832262873641 27.380525181273697 12.038259096152613 7.0540033085271707 13.49119853263255 2.003712467965669 17.221890395856462 3.934517540736123 11.957411593291907 2.7536035757511845 2.1833798144944012
leaf_count=492 32 50 42 51 65 188 311 10 40 113 44 738 173 53 115 49 413 45 122 28 26
internal_value=-0.000750756 0.00393816 0.0109879 -2.61764e-05 -0.00351322 -0.00702686 0.000326182 -0.0207754 -0.00658119 -0.00912161 -0.00659246 0.00113098 0.00340294 0.0112409 0.0157673 -0.0102516 -0.0237805 0.0148675 0.00778622 0.00180516 0.00428636
internal_weight=190.598 68.2807 21.3353 46.9455 122.317 62.4129 59.9041 19.9486 37.7063 33.6975 26.7604 42.4643 39.4188 22.1978 17.8665 20.9988 18.5117 15.1438 20.1851 14.711 5.76156
internal_count=3200 1019 207 812 2181 1554 627 455 464 424 611 1099 911 163 157 541 445 110 201 150 70
is_linear=0
shrinkage=0.0435066


Tree=199
num_leaves=26
num_cat=0
split_feature=4 21 5 4 7 6 17 9 3 22 2 5 6 6 6 4 25 4 6 11 8 17 3 17 5
split_gain=1.53316 1.75867 1.7493 2.4392 2.199 1.18223 1.78799 1.54938 0.848161 0.804471 0.751788 0.716805 0.861581 0.647801 0.629754 0.628347 0.554983 0.480067 0.421558 0.337412 0.328697 0.259866 0.25199 0.219289 0.145834
threshold=36.250000000000007 1.0000000180025095e-35 35.850000000000001 1.0000000180025095e-35 4.5000000000000009 109.95000000000002 41.338095238095242 0.017148526077097454 55.500000000000007 1.5000000000000002 2.5000000000000004 13.250000000000002 145.75000000000003 106.45000000000002 123.25000000000001 35.750000000000007 1.5000000000000002 34.750000000000007 114.55000000000001 0.06030303030303031 2019.0000000000002 73.641071428571436 56.500000000000007 62.721794871794877 37.750000000000007
decision_type=2 2 2 2 2 2 2 2 2 2 2 2 2 2 2 2 2 2 2 2 2 2 2 2 2
left_child=2 9 4 24 11 6 13 -8 15 10 23 19 -13 -3 -12 -5 -11 -6 21 -1 -10 -7 -19 -2 -4
right_child=1 5 3 8 17 18 7 -9 20 16 14 12 -14 -15 -16 -17 -18 22 -20 -21 -22 -23 -24 -25 -26
leaf_value=0.0042849323136120851 -0.0058162460107389858 -0.0044509935124625319 0.0034484621683350254 -0.0054544545548873289 -0.0037483050233159607 0.011475295452035926 0.0050456599024838247 -0.017359250277696001 0 -0.010004996643446408 0.0045737511213115372 -0.021150246531406059 0.001984369642932568 0.0082080374190646697 0.018485571784841715 0.0064399091542568978 0.0046811095546440184 0.012911982622712695 -0.0030253280180913638 -0.0065570270312460656 -0.01723472224794043 0 -7.1400417715165965e-05 0.0035704009615651813 0.015187869633789174
leaf_weight=3.2036398623313307 3.6000631828792384 6.7576191823463914 11.839151976630093 13.575605895486666 2.1307267674710593 9.045245510293169 3.6079753504600403 18.484328766004182 2.8835309911519271 2.7266917089000335 20.521820083842613 20.50980790756876 1.379338964819907 11.481421864184084 14.805598641978575 7.7943532427307209 3.585090194363147 3.704264787142165 2.4107879764633244 5.1440081423497759 6.1741229190956801 2.9138135947287074 1.7713841252261771 1.7016774406656621 7.1336349025368682
leaf_count=127 69 145 101 169 61 109 49 483 27 41 284 447 11 192 134 86 41 51 42 333 75 27 48 20 28
internal_value=-0.0007078 0.00278808 -0.00479876 0.000568423 -0.0110864 -0.00231268 -0.00606634 -0.0130323 -0.00646475 0.00847782 0.0105714 -0.0157995 -0.019217 0.00317394 0.0126158 -0.000263863 -0.0027377 0.00558121 0.00634602 -0.00166414 -0.014216 0.00918107 0.0101155 -0.00164374 0.0110121
internal_weight=188.886 101.642 87.2436 49.4004 37.8432 54.7012 40.3313 22.0923 30.4276 46.9409 40.6292 30.2368 21.8891 18.239 35.3274 21.37 6.31178 7.60638 14.3698 8.34765 9.05765 11.9591 5.47565 5.30174 18.9728
internal_count=3200 1636 1564 486 1078 1047 869 532 357 589 507 918 458 337 418 255 82 160 178 460 102 136 99 89 129
is_linear=0
shrinkage=0.0435066


Tree=200
num_leaves=16
num_cat=0
split_feature=3 11 16 11 4 27 8 16 4 10 3 17 10 3 17
split_gain=1.64784 0.929883 0.731007 0.674444 0.650476 1.20063 0.84332 0.687403 0.580373 0.653994 0.579008 0.658988 0.150604 0.133636 0.0961071
threshold=57.500000000000007 0.067496392496392457 13.500000000000002 0.06030303030303031 40.650000000000013 3.5000000000000004 2021.5000000000002 13.500000000000002 36.150000000000013 0.19345238095238093 52.500000000000007 37.635714285714293 0.17846085802742148 51.500000000000007 42.844047619047622
decision_type=2 2 2 2 2 2 2 2 2 2 2 2 2 2 2
left_child=1 4 8 -2 5 6 -1 -7 14 -10 13 -12 -6 -4 -3
right_child=3 2 10 -5 12 7 -8 -9 9 -11 11 -13 -14 -15 -16
leaf_value=0 -0.0014266860577655145 -0.0094442895854974732 -0.0021420621861764958 0.016880881503017826 0.010876529033292295 -0.0046455406396394318 -0.013464498596281968 0.0042903245986141078 -0.0061020455678263861 0.0079227386943641568 0 -0.014057378407249134 0 0.0052948318427103579 0
leaf_weight=18.609317682130499 2.5628658267669371 2.5661965250910752 1.4999116044491518 8.5252908397233096 7.953009461052714 13.662724434310801 11.302768169349291 75.186781751923263 2.5834249626495902 15.380033077526603 7.5715681951842297 20.592945056298049 3.6677902638912201 2.8059676645789295 2.5552794343384448
leaf_count=361 39 153 24 102 72 307 238 781 69 299 109 464 36 61 129
internal_value=0.000351303 -0.000775874 -0.0052032 0.0131155 0.0011949 0 -0.00669798 0.00258705 0.000415518 0.00440684 -0.00885793 -0.0108859 0.00886903 0.00204366 -0.00734715
internal_weight=197.026 185.938 55.5553 11.0882 130.382 118.762 29.9121 88.8495 23.0849 17.9635 32.4704 28.1645 11.6208 4.30588 5.12148
internal_count=3244 3103 1308 141 1795 1687 599 1088 650 368 658 573 108 85 282
is_linear=0
shrinkage=0.0435066


Tree=201
num_leaves=17
num_cat=0
split_feature=3 11 16 11 13 16 6 8 1 10 16 0 6 10 7 3
split_gain=1.96505 0.997193 0.658983 0.603563 0.552803 0.610754 1.61526 1.26593 0.521687 0.4213 0.436406 0.352354 0.278707 0.22756 0.153728 0.0803061
threshold=57.500000000000007 0.067496392496392457 13.500000000000002 0.06030303030303031 1.0000000180025095e-35 15.500000000000002 70.450000000000017 2021.5000000000002 1.5000000000000002 0.24893162393162391 10.500000000000002 1650.0000000000002 127.15000000000002 0.12074829931972787 2.5000000000000004 54.500000000000007
decision_type=2 2 2 2 2 2 2 2 2 2 2 2 2 2 2 2
left_child=1 4 9 -2 5 7 -7 -1 11 15 -11 -4 -10 -6 -15 -3
right_child=3 2 8 -5 13 6 -8 -9 12 10 -12 -13 -14 14 -16 -17
leaf_value=0.0031637724089215737 -0.0005653369700797593 0 0.0069215366481705431 0.017599969786081603 0.0014585760885536415 -0.0062961035390482209 0.013505823643134539 -0.0071195806055207433 -0.011924198481000582 -0.0043572061694125636 0.0070824216365831813 -0.0050647649240540297 0.00053413078181666562 0 -0.011187332062776929 -0.0081307458483478104
leaf_weight=76.278047612868249 2.6289015829097471 4.0931918469432302 3.1321026778314254 8.756182056036776 0.88192608716781151 6.2868895856663611 16.659945041872561 24.577226164750755 25.863800962775716 2.9893500986218013 13.080645355599698 2.0527711910544895 1.5024786829017092 0.88658945410861623 4.698413002101006 2.740482289751526
leaf_count=916 39 118 43 102 29 63 130 343 533 148 306 53 29 59 255 78
internal_value=0.000352514 -0.000893195 -0.00547726 0.0141639 0.00115256 0.00201738 0.00754609 0.000284015 -0.00891715 0 0.0038653 0.00113745 -0.0109718 -0.00733045 -0.00958869 -0.0058698
internal_weight=197.109 185.724 55.4548 11.3851 130.269 123.802 22.9468 100.855 32.5512 22.9037 16.07 5.18487 27.3663 6.46693 5.585 6.83367
internal_count=3244 3103 1308 141 1795 1452 193 1259 658 650 454 96 562 343 314 196
is_linear=0
shrinkage=0.0435066


Tree=202
num_leaves=17
num_cat=0
split_feature=3 11 16 4 27 16 17 3 17 11 4 4 3 3 5 6
split_gain=2.14069 1.0494 0.652528 0.623895 0.846907 0.722999 0.623659 0.563328 0.652663 0.556189 0.457203 0.421104 0.389819 0.144739 0.126722 0.0832488
threshold=57.500000000000007 0.067496392496392457 13.500000000000002 39.95000000000001 3.5000000000000004 13.500000000000002 35.223333333333343 52.500000000000007 37.635714285714293 0.04880952380952381 36.150000000000013 39.350000000000001 51.500000000000007 51.500000000000007 27.650000000000002 107.05000000000001
decision_type=2 2 2 2 2 2 2 2 2 2 2 2 2 2 2 2
left_child=1 3 10 4 12 -6 -2 13 -9 -5 15 -12 -1 -4 -8 -3
right_child=6 2 7 9 5 -7 14 8 -10 -11 11 -13 -14 -15 -16 -17
leaf_value=0.0030068413427227236 -0.00035173271334203063 -0.0088781429728044103 -0.002487594286225899 0.011404352119107331 -0.0055957362811170641 0.0036141072062874013 0.021602207764854525 0 -0.014293697836387023 -0.0022357852687701065 0.0065342058418345608 -0.0043198108126426297 -0.0079807316838334513 0.0052732533843580769 0.002586491806448443 0
leaf_weight=2.5249640520778511 2.8565241051837793 2.9031536741822519 1.4611845701001573 11.220565270748919 13.342510566115378 74.663949592621066 4.5357421695953217 7.5651916919741806 20.918590758374194 4.0250646574422708 14.327046702877853 3.537045049131847 24.108172501611989 2.7807789351209067 4.3029019741807133 2.2040985243511386
leaf_count=49 40 166 24 115 305 775 51 109 464 45 295 73 506 61 50 116
internal_value=0.000174032 -0.00113436 -0.00581331 0.000980099 -0.00020537 0.00182173 0.0144656 -0.0092223 -0.0111738 0.00774921 0 0.00339179 -0.00624889 0.00177625 0.0180273 -0.00709364
internal_weight=197.277 185.582 55.6971 129.885 114.64 88.0065 11.6952 32.7257 28.4838 15.2456 22.9713 17.8641 26.6331 4.24196 8.83864 5.10725
internal_count=3244 3103 1308 1795 1635 1080 141 658 573 160 650 368 555 85 101 282
is_linear=0
shrinkage=0.0435066


Tree=203
num_leaves=23
num_cat=0
split_feature=7 11 6 5 5 2 10 1 6 5 8 6 1 5 5 1 10 6 18 5 22 18
split_gain=0.960761 1.4468 1.336 0.923939 0.761505 0.739956 1.09689 1.00517 0.989691 1.45256 0.926722 0.721359 0.662351 0.624949 0.522414 0.514368 0.38722 0.342828 0.307462 0.212425 0.117719 0.0645034
threshold=3.5000000000000004 0.028219395866454656 127.15000000000002 38.050000000000004 72.950000000000017 7.5000000000000009 0.16987179487179482 5.5000000000000009 69.950000000000017 35.050000000000004 2021.5000000000002 125.45000000000002 3.5000000000000004 8.9500000000000011 23.150000000000002 4.5000000000000009 0.18301435406698563 119.95000000000002 13.500000000000002 57.350000000000001 1.0000000180025095e-35 11.500000000000002
decision_type=2 2 2 2 2 2 2 2 2 2 2 2 2 2 2 2 2 2 2 2 2 2
left_child=1 11 3 14 -5 7 12 8 9 -2 17 13 -7 -1 -3 -12 -15 -8 -10 -4 -9 -14
right_child=5 2 19 4 -6 6 10 20 18 -11 15 -13 21 16 -16 -17 -18 -19 -20 -21 -22 -23
leaf_value=-0.005399658524530759 -0.012226963950104889 -0.005478144749970282 0 -0.020216999800890544 -0.004275282831852632 -0.01621995336603849 0.00093016952437031182 -0.008637377198648136 0.013601296103035319 0.0071323487288198224 0.014404511990432039 -0.0071751605169387122 -0.0018925826583412206 0.010793365475075449 0.0045995828702731674 -0.00089387535286773289 -0.00036122369908565973 -0.0075286565510671944 0 0.011273021018978249 0 0.0030638541593352641
leaf_weight=1.7735610370873534 5.0754030797979821 20.753102901333481 2.3427347026299676 12.012031260877849 17.751236823387444 5.1158230827422795 24.237358984246388 2.9706590716377823 26.234572224668231 13.463825691491364 7.6697249738499504 2.7842562426812938 2.6608735612826422 20.399217216123365 8.2857513768249174 3.2252882510656491 4.8464361436199388 5.9123141906457013 2.5490315537899724 2.30057767406106 1.5598317470867185 3.0147365881130099
leaf_count=79 110 838 48 162 213 79 285 60 391 92 89 40 56 237 156 49 83 95 23 15 20 24
internal_value=-2.1225e-05 -0.00316088 -0.00671949 -0.00872221 -0.0134626 0.00273085 -0.000791275 0.00611961 0.00818117 0 0.0025357 0.00398376 -0.0102175 0.00660484 -0.00200336 0.0106577 0.00870013 -0.00149716 0.0124559 0.00802344 -0.00662576 0.000144472
internal_weight=196.938 93.2489 63.4454 58.8021 29.7633 103.689 51.8361 51.8533 47.3228 18.5392 41.0447 29.8035 10.7914 27.0192 29.0389 10.895 25.2457 30.1497 28.7836 4.64331 4.53049 5.67561
internal_count=3244 1871 1432 1369 375 1373 677 696 616 202 518 439 159 399 994 138 320 380 414 63 80 80
is_linear=0
shrinkage=0.0435066


Tree=204
num_leaves=15
num_cat=0
split_feature=3 11 11 13 5 4 17 9 11 2 4 18 3 18
split_gain=1.36675 0.994287 0.697816 0.532631 0.529588 0.734748 0.737381 0.430943 0.956882 0.46109 0.396579 0.194216 0.135037 0.00113527
threshold=57.500000000000007 0.067496392496392457 0.06030303030303031 1.0000000180025095e-35 306.55000000000007 36.650000000000013 37.635714285714293 0.033520599250936305 0.028219395866454656 9.5000000000000018 36.45000000000001 8.5000000000000018 52.500000000000007 14.500000000000002
decision_type=2 2 2 2 2 2 2 2 2 2 2 2 2 2
left_child=1 3 -2 7 5 12 -7 8 -1 -9 13 -12 -3 -5
right_child=2 4 -4 10 -6 6 -8 9 -10 -11 11 -13 -14 -15
leaf_value=0.0020394212655304653 -0.0022534886038407661 0 0.015468512288599448 -0.012379855814249817 0.0057951515561654107 0.0051247616254645875 -0.0060716231174408426 0.0055026176714622769 -0.012165026141400982 -0.00044139035816974701 -0.0033477857863998118 0.0059803525133851438 -0.013114806289643352 0
leaf_weight=24.790705405874181 2.5237278018612406 3.0928310013841864 8.7870877675013599 2.7828468321240503 1.3872405625879753 11.998136377485933 20.643336751585593 58.90871459338814 5.9328160837758324 33.50183863309212 1.3650589210155888 1.8019414973678065 18.072817832930014 0.46036762185394753
leaf_count=316 39 89 102 191 9 185 453 657 98 381 117 30 572 5
internal_value=2.86973e-06 -0.00102287 0.011571 0.00102976 -0.00560372 -0.00665888 -0.00153095 0.00188718 -0.00208184 0.00335878 -0.00730968 0.00137239 -0.0119812 -0.0120752
internal_weight=196.049 184.739 11.3108 129.544 55.1944 53.8071 32.6415 123.134 30.7235 92.4106 6.41021 3.167 21.1656 3.24321
internal_count=3244 3103 141 1795 1308 1299 638 1452 414 1038 343 147 661 196
is_linear=0
shrinkage=0.0435066


Tree=205
num_leaves=18
num_cat=0
split_feature=10 10 7 3 16 23 2 6 17 18 5 14 3 17 3 17 24
split_gain=1.46756 1.69921 0.893616 1.22216 0.882753 0.862301 1.37634 0.86285 0.824618 0.540693 0.690855 0.28398 0.304348 0.235959 0.195691 0.165658 0.0282861
threshold=0.27126436781609192 0.41070163004961019 7.5000000000000009 55.500000000000007 12.500000000000002 1.0000000180025095e-35 2.5000000000000004 70.950000000000017 77.622321428571453 12.500000000000002 39.550000000000004 2.5000000000000004 53.500000000000007 26.793831168831172 55.500000000000007 33.620833333333344 1.5000000000000002
decision_type=2 2 2 2 2 2 2 2 2 2 2 2 2 2 2 2 2
left_child=2 4 3 5 13 7 -7 -1 14 10 -5 12 -3 -2 -6 -15 -14
right_child=1 11 -4 9 8 6 -8 -9 -10 -11 -12 -13 16 15 -16 -17 -18
leaf_value=0.0034279100483125707 -0.0066886248204764132 0.0016728032842119919 0.011750413144468792 -0.0071447117700574412 0.0054561484646623902 -0.0097529770803331979 0.0084778567200226133 -0.0061835653624717065 -0.0028588716796655957 -0.015954438396026109 0.0028185257918649466 0.0024067321959796613 -0.012219547617408478 0.0068023461894204636 0.021031168622268174 -0.0014553967423560112 0
leaf_weight=21.493571989791235 1.6653783008223424 0.87189892993774076 1.9042354545090336 36.756398266588803 10.873831335280562 3.6001720524509429 32.069378852320369 40.826529693091288 1.8076855415711168 7.1370398364961138 13.04793961625546 0.88064461492467661 5.2129041900043376 1.8034177680965511 10.849244145094415 3.1460708527010866 1.062917115865275
leaf_count=320 72 15 17 545 223 75 419 741 43 73 144 26 205 37 129 117 20
internal_value=-7.01906e-05 0.00686732 -0.00202705 -0.00272625 0.0112936 0.00020718 0.00517668 -0.00271165 0.0145208 -0.00743593 -0.00433156 -0.00667379 -0.00914392 -0.000928583 0.0166497 0.00283103 -0.0115207
internal_weight=195.009 38.174 156.835 154.931 30.1456 97.9897 35.6696 62.3201 23.5308 56.9414 49.8043 8.02836 7.14772 6.61487 21.7231 4.94949 6.27582
internal_count=3221 887 2334 2317 621 1555 494 1061 395 762 689 266 240 226 352 154 225
is_linear=0
shrinkage=0.0435066


end of trees

feature_importances:
time_seconds=504
popularity=477
odds=445
horse_number=257
race_avg_odds=234
field_size=216
jockey_top3_rate=185
weight=139
jockey_win_rate=139
jockey_track_win_rate=139
age=134
popularity_rank=119
venue_code=102
distance=83
horse_top3_rate=81
track_combined_encoded=55
track_condition_encoded=46
track_type_encoded=45
year=42
weather_encoded=42
distance_category_encoded=39
sex_encoded=33
horse_race_count=18
day_of_week=17
time_weight=7

parameters:
[boosting: gbdt]
[objective: lambdarank]
[metric: ndcg]
[tree_learner: serial]
[device_type: cpu]
[data_sample_strategy: bagging]
[data: ]
[valid: ]
[num_iterations: 5000]
[learning_rate: 0.0435066]
[num_leaves: 101]
[num_threads: 0]
[seed: 42]
[deterministic: 0]
[force_col_wise: 1]
[force_row_wise: 0]
[histogram_pool_size: -1]
[max_depth: 5]
[min_data_in_leaf: 27]
[min_sum_hessian_in_leaf: 0.001]
[bagging_fraction: 0.772374]
[pos_bagging_fraction: 1]
[neg_bagging_fraction: 1]
[bagging_freq: 5]
[bagging_seed: 400]
[bagging_by_query: 0]
[feature_fraction: 0.800155]
[feature_fraction_bynode: 1]
[feature_fraction_seed: 30056]
[extra_trees: 0]
[extra_seed: 12879]
[early_stopping_round: 0]
[early_stopping_min_delta: 0]
[first_metric_only: 0]
[max_delta_step: 0]
[lambda_l1: 0.231512]
[lambda_l2: 6.51682]
[linear_lambda: 0]
[min_gain_to_split: 0]
[drop_rate: 0.1]
[max_drop: 50]
[skip_drop: 0.5]
[xgboost_dart_mode: 0]
[uniform_drop: 0]
[drop_seed: 17869]
[top_rate: 0.2]
[other_rate: 0.1]
[min_data_per_group: 100]
[max_cat_threshold: 32]
[cat_l2: 10]
[cat_smooth: 10]
[max_cat_to_onehot: 4]
[top_k: 20]
[monotone_constraints: ]
[monotone_constraints_method: basic]
[monotone_penalty: 0]
[feature_contri: ]
[forcedsplits_filename: ]
[refit_decay_rate: 0.9]
[cegb_tradeoff: 1]
[cegb_penalty_split: 0]
[cegb_penalty_feature_lazy: ]
[cegb_penalty_feature_coupled: ]
[path_smooth: 0]
[interaction_constraints: ]
[verbosity: -1]
[saved_feature_importance_type: 0]
[use_quantized_grad: 0]
[num_grad_quant_bins: 4]
[quant_train_renew_leaf: 0]
[stochastic_rounding: 1]
[linear_tree: 0]
[max_bin: 255]
[max_bin_by_feature: ]
[min_data_in_bin: 3]
[bin_construct_sample_cnt: 200000]
[data_random_seed: 175]
[is_enable_sparse: 1]
[enable_bundle: 1]
[use_missing: 1]
[zero_as_missing: 0]
[feature_pre_filter: 1]
[pre_partition: 0]
[two_round: 0]
[header: 0]
[label_column: ]
[weight_column: ]
[group_column: ]
[ignore_column: ]
[categorical_feature: ]
[forcedbins_filename: ]
[precise_float_parser: 0]
[parser_config_file: ]
[objective_seed: 16083]
[num_class: 1]
[is_unbalance: 0]
[scale_pos_weight: 1]
[sigmoid: 1]
[boost_from_average: 1]
[reg_sqrt: 0]
[alpha: 0.9]
[fair_c: 1]
[poisson_max_delta_step: 0.7]
[tweedie_variance_power: 1.5]
[lambdarank_truncation_level: 30]
[lambdarank_norm: 1]
[label_gain: ]
[lambdarank_position_bias_regularization: 0]
[eval_at: 1,3,5]
[multi_error_top_k: 1]
[auc_mu_weights: ]
[num_machines: 1]
[local_listen_port: 12400]
[time_out: 120]
[machine_list_filename: ]
[machines: ]
[gpu_platform_id: -1]
[gpu_device_id: -1]
[gpu_use_dp: 0]
[num_gpu: 1]

end of parameters

pandas_categorical:[]
