tree
version=v4
num_class=1
num_tree_per_iteration=1
label_index=0
max_feature_idx=28
objective=lambdarank
feature_names=distance venue_code horse_number weight popularity odds time_seconds age year jockey_win_rate jockey_top3_rate jockey_track_win_rate horse_win_rate horse_top3_rate horse_race_count horse_dist_win_rate field_size race_avg_odds popularity_rank month day_of_week track_type_encoded track_condition_encoded weather_encoded sex_encoded distance_category_encoded season_encoded track_combined_encoded time_weight
feature_infos=[1000:2600] [0:8] [1:18] [48:59] [0:51.899999999999999] [1.2:564.70000000000005] [0:179.90000000000001] [2:11] [2016:2023] [0:0.5] [0:1] [0:1] [0:1] [0:1] [1:5] [0:1] [5:16] [12.48:127.28571428571428] [1:16] none [5:6] [0:1] [0:2] [0:2] [0:2] [0:3] none [0:5] [0.41666666666666657:1.6900000000000002]
tree_sizes=1309 1729 2022 2019 2040 1735 1735 1782 1627 2752 2250 2042 1897 1507 1832 2856 1725 1820 2152 1606 2212 1812 2233 2122 2516 2063 2322 2478 2110 1906 2306 2355 2140 2450 2570 2125 1083 1103 1197 1511 1182 2677 1210 2241 2315 1815 2229 1619 2762 1697 2221 1514 2013 1837 2158 2251 1214 1987 2246 2127 1416 1515 1713 1419 1317 1599 1795 1812 1707 1692 2448 2345 2554 1361 1439 2054 2244 2148 1741 1726 2259 2010 1403 1745 1480 2383 1996 2332 1824 1591 2670 1297 2347 1395 1928 1731 2446 2851 2658 2546 1996

Tree=0
num_leaves=11
num_cat=0
split_feature=13 5 4 16 5 4 5 17 0 16
split_gain=105.797 43.3793 15.4824 6.99895 6.15946 4.83124 4.51785 6.83153 3.50728 0.460039
threshold=1.0000000180025095e-35 38.250000000000007 39.95000000000001 10.500000000000002 72.750000000000014 40.350000000000001 34.650000000000013 38.76250000000001 1650.0000000000002 9.5000000000000018
decision_type=2 2 2 2 2 2 2 2 2 2
left_child=1 2 6 9 5 -2 7 -1 -8 -3
right_child=4 3 -4 -5 -6 -7 8 -9 -10 -11
leaf_value=0.0013008031640792486 -0.062587954691471895 -0.011551411519391312 0.033412610399781717 0.041303583154663551 0.0011852303566471155 0.0034378457250638628 -0.0080328018781603457 -0.025783179150000904 0.019768760783916609 0.0030144548243034187
leaf_weight=26.507354442728683 37.618907068390399 2.1221822150982907 11.820429974235592 76.904174126684666 2.7199662579223505 1.2114847730845202 12.477212392492222 39.479422914562747 9.431208585854618 2.3309426289051771
leaf_count=382 803 54 110 778 36 15 179 656 111 35
internal_value=0.00131004 0.0160721 -0.00327051 0.0383784 -0.0562692 -0.0601079 -0.0102763 -0.0156254 0.00536935 -0.00574745
internal_weight=222.623 181.073 99.7156 81.3573 41.5504 38.8304 87.8952 65.9868 21.9084 4.45312
internal_count=3159 2305 1438 867 854 818 1328 1038 290 89
is_linear=0
shrinkage=0.0435066


Tree=1
num_leaves=15
num_cat=0
split_feature=4 18 13 21 9 16 4 27 5 16 2 16 5 14
split_gain=176.217 101.062 71.2346 25.4508 26.5444 24.2348 30.7547 28.8207 18.9872 17.5712 8.85512 7.62479 3.89631 0.500426
threshold=40.45000000000001 11.500000000000002 0.45000000000000007 1.0000000180025095e-35 0.012896825396825353 12.500000000000002 36.650000000000013 2.5000000000000004 80.750000000000014 12.500000000000002 8.5000000000000018 13.500000000000002 72.750000000000014 2.5000000000000004
decision_type=2 2 2 2 2 2 2 2 2 2 2 2 2 2
left_child=1 2 5 4 -3 6 -1 -7 -6 12 11 -5 -2 -4
right_child=9 3 13 10 8 7 -8 -9 -10 -11 -12 -13 -14 -15
leaf_value=-0.043951183821585402 -0.001449670126352917 -0.016095390552754749 -0.066780956097022587 0.0253601550123797 0.0052852655313033172 -0.029853011412300845 -0.0036447630338410516 0.0031285733742969848 0.041893129984404344 0.061511149282691184 -0.026255753440183573 -0.0089045943301689235 0.027577305344153216 -0.017269061357152903
leaf_weight=74.607322931289673 12.974647160619499 20.551205392926931 45.181955234147608 14.366027817130087 39.270262572914362 57.397635138593614 67.525230601429939 226.81781415641308 101.90141389146447 79.85215850174427 20.069327846169472 23.760970741510391 14.275198826566337 6.5601564822718492
leaf_count=332 40 41 658 30 71 298 273 931 156 134 43 50 21 81
internal_value=0.00127647 -0.00682969 -0.017998 0.0172242 0.0258459 -0.0116052 -0.0258692 -0.00401731 0.0324605 0.0515565 -0.00676924 0.00559783 0.0158458 -0.0633103
internal_weight=805.111 698.009 478.09 219.919 161.723 426.348 142.133 284.215 141.172 107.102 58.1963 38.127 27.2498 51.7421
internal_count=3159 2964 2573 391 268 1834 605 1229 227 195 123 80 61 739
is_linear=0
shrinkage=0.0435066


Tree=2
num_leaves=18
num_cat=0
split_feature=5 13 4 4 6 5 18 9 5 9 4 11 4 9 4 5 4
split_gain=159.304 66.4025 42.516 34.1982 24.4874 19.9813 15.6567 14.0974 13.1023 12.0953 10.4163 7.75937 6.89489 5.51243 2.33595 1.78264 0.289865
threshold=37.95000000000001 1.0000000180025095e-35 40.45000000000001 39.45000000000001 73.40000000000002 111.45 7.5000000000000009 0.04016129032258061 34.650000000000013 0.021482277121374852 36.150000000000013 0.072478991596638606 42.150000000000013 0.090097402597402565 40.45000000000001 63.45000000000001 40.750000000000007
decision_type=2 2 2 2 2 2 2 2 2 2 2 2 2 2 2 2 2
left_child=1 2 6 4 9 7 8 -6 -1 -2 -7 -11 -4 -8 -3 -5 -17
right_child=3 14 12 15 5 10 13 -9 -10 11 -12 -13 -14 -15 -16 16 -18
leaf_value=-0.030991071032138433 -0.0070631771474911403 -0.061095697950188814 0.0078086043710987665 0.01740817326518642 -0.03575786104102055 -0.010025108708297963 -0.0072962139751274876 -6.6362612191712172e-05 -0.0059295033307544057 0.039911330409988205 0.024148191229940278 0.0062063852800375678 0.043909383263026902 0.019004381419908411 -0.0025075216423474066 0.026525725648147994 0.05189573599058514
leaf_weight=125.66432624962181 13.198327060788868 56.755038159899414 24.447188392281532 17.450654000043869 24.536915581673384 17.440552465617657 30.49472639337182 66.18837514333427 63.058698434382677 72.311421625316143 67.149755362421274 19.57908846065402 17.759390711784363 18.986702333204448 2.2667413949966422 28.350436650216579 52.376354046165943
leaf_count=856 43 757 53 36 124 49 167 233 241 134 155 59 27 78 10 67 70
internal_value=0.00152708 -0.0198998 -0.0103738 0.0207761 0.0124501 0.00216288 -0.0175891 -0.0115723 -0.0231462 0.0283933 0.0167788 0.0337188 0.0270468 0.00365301 -0.0594724 0.0422044 0.0457484
internal_weight=718.015 339.433 280.411 378.582 280.404 175.316 238.204 90.7253 188.723 105.089 84.5903 91.8905 42.2066 49.4814 59.0218 98.1774 80.7268
internal_count=3159 2189 1422 970 797 561 1342 357 1097 236 204 193 80 245 767 173 137
is_linear=0
shrinkage=0.0435066


Tree=3
num_leaves=18
num_cat=0
split_feature=5 4 4 13 21 18 2 7 7 5 9 10 2 5 1 24 17
split_gain=126.236 62.635 35.0951 32.0188 26.2966 14.2511 9.15355 18.6502 8.93205 7.12141 6.95443 6.86862 4.55058 9.09276 6.80686 2.3205 1.6713
threshold=35.650000000000013 40.45000000000001 39.150000000000013 1.0000000180025095e-35 1.0000000180025095e-35 7.5000000000000009 7.5000000000000009 4.5000000000000009 3.5000000000000004 27.450000000000003 0.093841642228739017 0.10818713450292396 3.5000000000000004 80.750000000000014 1.5000000000000002 1.0000000180025095e-35 39.671190476190482
decision_type=2 2 2 2 2 2 2 2 2 2 2 2 2 2 2 2 2
left_child=1 3 4 5 6 11 8 -8 -2 -7 15 -1 14 -14 -6 -4 -3
right_child=2 16 10 -5 12 9 7 -9 -10 -11 -12 -13 13 -15 -16 -17 -18
leaf_value=0.0089087200312151279 -0.0073721155898981046 0.0081790930179466668 0.025561173044286151 -0.058364782410323411 0.021614244490333889 0.014472023842419185 0.030580824044453035 -0.011731693197183861 0.017943238021585525 -0.016073379051419003 0.0056116957028395122 -0.028690091199365254 -0.035333790221122194 0 -0.016468456228375845 0.050496993171666914 0.034215377455909385
leaf_weight=6.5548028275370589 48.607384258881211 13.0212459936738 40.371417324990034 52.160547626437619 10.766766533255579 26.519275344908237 104.23104741424322 19.967818360775709 44.407218955457211 19.110411737114191 14.337288893759249 129.99916104134172 25.312314620241523 24.224319122731686 11.723644375801085 49.771808978170156 23.568161375820637
leaf_count=38 177 35 94 751 30 118 264 67 130 107 31 910 140 81 48 87 51
internal_value=0.0011047 -0.0214431 0.0167423 -0.0297213 0.00849596 -0.0197347 0.0159716 0.0234553 0.00499629 0.00107602 0.0376414 -0.0264913 -0.013375 -0.020047 0.00217556 0.0419097 0.0278207
internal_weight=664.655 270.934 393.721 234.344 289.241 182.184 217.213 124.199 93.0146 45.6297 104.481 136.554 72.027 49.5366 22.4904 90.1432 36.5894
internal_count=3159 2010 1149 1924 937 1173 638 331 307 225 212 948 299 221 78 181 86
is_linear=0
shrinkage=0.0435066


Tree=4
num_leaves=18
num_cat=0
split_feature=5 13 16 18 18 1 5 3 10 16 17 17 5 11 18 8 11
split_gain=123.543 42.6756 21.0857 12.6618 10.6525 8.87812 15.4944 8.28415 6.81471 6.51451 8.7141 3.64711 2.87895 2.2153 1.60551 1.09681 0.547915
threshold=37.050000000000004 1.0000000180025095e-35 10.500000000000002 7.5000000000000009 13.500000000000002 1.5000000000000002 68.850000000000009 52.500000000000007 0.25403225806451618 12.500000000000002 42.954395604395614 34.32083333333334 38.45000000000001 0.16025641025641021 7.5000000000000009 2019.0000000000002 0.10990338164251207
decision_type=2 2 2 2 2 2 2 2 2 2 2 2 2 2 2 2 2
left_child=1 3 7 9 5 12 -7 -2 11 13 -11 -5 -4 -1 -3 -6 -10
right_child=2 14 4 8 15 6 -8 -9 16 10 -12 -13 -14 -15 -16 -17 -18
leaf_value=-0.03406950694241994 0.012584179426027114 -0.057633391222565833 0.0066109496868946831 -0.025946765470583756 0.013435973461510139 -0.0069901784142899163 0.018849201567897874 -0.036013188104352126 0.0074879522532128691 0.0097863086911824711 -0.016164326355394849 0.0026621227513958603 0.032329433852063751 -0.0035390331125658976 -0.013834747278095229 0.039136779077908489 0.025009318149000394
leaf_weight=38.478354595601559 5.6778987050056484 43.669776699505746 15.0821441039443 7.3358389474451569 14.36141364276409 62.078042989596725 120.91420855745673 12.916315291076897 16.537311770021919 25.906281311064959 108.03709494881332 17.539265096187592 59.920306593179703 7.6524384431540957 7.4123739735223344 57.144510146230459 13.443016879260538
leaf_count=285 19 675 56 49 30 252 327 79 64 146 637 94 139 50 89 121 47
internal_value=0.000971935 -0.0199511 0.0182425 -0.011311 0.020878 0.0159661 0.0100914 -0.0213578 0.00629749 -0.0167616 -0.0108523 -0.00908893 0.0282232 -0.0302612 -0.0537371 0.0356574 0.0186832
internal_weight=634.107 286.012 348.095 234.93 329.501 257.995 182.992 18.5942 54.8554 180.074 133.943 24.8751 75.0025 46.1308 51.0822 71.5059 29.9803
internal_count=3159 2136 1023 1372 925 774 579 98 254 1118 783 143 195 335 764 151 111
is_linear=0
shrinkage=0.0435066


Tree=5
num_leaves=15
num_cat=0
split_feature=13 4 18 6 21 4 7 18 4 4 17 11 4 4
split_gain=90.1131 48.7118 32.1953 18.8617 18.0394 14.6282 12.5634 11.3619 8.86629 7.02809 6.65278 6.24255 3.50736 2.24166
threshold=1.0000000180025095e-35 40.350000000000001 10.500000000000002 103.35000000000001 1.0000000180025095e-35 36.750000000000007 2.5000000000000004 12.500000000000002 34.45000000000001 34.350000000000001 43.766666666666673 0.067496392496392457 41.250000000000007 40.45000000000001
decision_type=2 2 2 2 2 2 2 2 2 2 2 2 2 2
left_child=1 2 3 5 8 -1 -3 13 -4 -5 -6 -8 -13 -2
right_child=7 6 4 9 10 -7 11 -9 -10 -11 -12 12 -14 -15
leaf_value=-0.0059957660021389128 -0.056164732690277303 -0.0036455937583488966 -0.0096541166678103217 0.00099649884191911056 0.0070874366504377921 0.026649179629214474 0.050648684658065803 0.0054426811136257238 0.024343376959653804 -0.02670299266092822 -0.023463331720096386 0.00083362824360174532 0.029777716178084244 -0.0004227695656175879
leaf_weight=136.89063478820026 51.720619833096862 12.857097841799257 12.41379841417074 19.247012361884117 19.814211666584015 25.212262850254774 43.759761340916157 5.0415399037301531 122.98079771175981 102.50340775772929 23.024996921420097 15.100142825394871 13.278338998556135 1.8738818019628514
leaf_count=703 810 39 38 90 77 113 77 20 295 752 87 40 24 10
internal_value=-0.000889775 0.00479897 -0.000910327 -0.00995179 0.0132776 -2.4975e-05 0.0338027 -0.0492922 0.0208551 -0.0224174 -0.0100587 0.0403542 0.0176972 -0.0546405
internal_weight=605.719 547.082 462.087 283.853 178.234 162.103 84.9953 58.636 135.395 121.75 42.8392 72.1382 28.3785 53.5945
internal_count=3175 2335 2155 1658 497 816 180 840 333 842 164 141 64 820
is_linear=0
shrinkage=0.0435066


Tree=6
num_leaves=15
num_cat=0
split_feature=13 4 5 4 7 6 7 21 16 16 6 6 9 4
split_gain=76.2892 43.8915 31.6927 14.2785 12.4705 12.1499 10.4411 10.1452 8.77433 7.20667 6.52395 4.31388 1.52055 1.49463
threshold=0.36666666666666675 39.95000000000001 34.550000000000004 36.250000000000007 2.5000000000000004 103.35000000000001 6.5000000000000009 1.0000000180025095e-35 11.500000000000002 14.500000000000002 103.35000000000001 109.45000000000002 0.051956815114709808 39.350000000000001
decision_type=2 2 2 2 2 2 2 2 2 2 2 2 2 2
left_child=1 2 3 9 -3 -5 13 8 -4 -1 -9 12 -6 -2
right_child=6 4 7 5 11 -7 -8 10 -10 -11 -12 -13 -14 -15
leaf_value=-0.039413585071389236 -0.055616478788483276 -0.0035191887629992605 -0.012339036096386017 0.016828751141010668 0.020379623262348573 -0.016056962037372211 0.013186688519084265 0.0038343697641989179 0.013781346673826493 -0.0057170912671162697 -0.020419012838288564 0.04338325552167642 -0.00034149466820857432 -0.0034267528530352712
leaf_weight=48.987549962475896 43.849424897693098 15.471354164183138 21.97396919503808 27.109926827251911 12.384346239268782 51.510726258158684 2.0666759442538014 42.956688463687897 207.57944698631763 19.460948836058378 30.799873106181622 56.403321538120508 8.6166334412991983 2.3934206236153832
leaf_count=416 730 48 110 142 35 427 10 161 615 144 170 111 33 23
internal_value=-0.000638091 0.00423237 -0.00150001 -0.0176583 0.0304073 -0.00417886 -0.0495845 0.00650894 0.0109667 -0.0312973 -0.00700354 0.0370552 0.0134443 -0.0538631
internal_weight=591.564 543.255 450.379 147.069 92.8757 78.6207 48.3095 303.31 229.553 68.4485 73.7566 77.4043 21.001 46.2428
internal_count=3175 2412 2185 1129 227 569 763 1056 725 560 331 179 68 753
is_linear=0
shrinkage=0.0435066


Tree=7
num_leaves=16
num_cat=0
split_feature=18 18 13 7 13 0 17 5 5 0 17 2 2 3 1
split_gain=67.0576 25.635 15.2857 8.19129 8.04752 6.87343 6.24433 4.83656 5.87782 2.75251 1.83577 5.44611 3.67806 1.6594 1.36208
threshold=6.5000000000000009 11.500000000000002 1.0000000180025095e-35 2.5000000000000004 1.0000000180025095e-35 1750.0000000000002 36.881168831168843 141.65000000000003 82.65000000000002 2500.0000000000005 69.006250000000009 8.5000000000000018 6.5000000000000009 52.500000000000007 5.5000000000000009
decision_type=2 2 2 2 2 2 2 2 2 2 2 2 2 2 2
left_child=2 4 3 -1 7 6 -5 8 -2 10 12 -12 -3 -6 -7
right_child=1 9 -4 5 13 14 -8 -9 -10 -11 11 -13 -14 -15 -16
leaf_value=-0.038987836844709675 1.2122786881932538e-05 0.011555538431068567 -0.050297531225817108 0.016202555666019171 0 -0.031263080999336335 -0.010396393529597276 -0.020655943496710998 0.018599285668483238 0 0.020575705760213812 -0.010946096888295842 0.029947086959684503 -0.034206700228774589 0
leaf_weight=16.769972521811724 222.81424861587584 45.474028661847115 34.767539477907121 21.462141567841172 2.8009789166972032 14.762344483286144 34.902728386223316 11.305860832333563 31.346615914255381 11.214513488113878 20.295864116400484 11.235953263938425 83.046073079109192 8.9145518299192172 3.6183498762547961
leaf_count=143 1076 127 649 111 25 150 264 54 96 30 47 38 199 138 28
internal_value=-0.00031227 0.00761325 -0.0275252 -0.0160026 -0.000608173 -0.00800862 0.000201083 0.00124592 0.00275085 0.0205102 0.0219151 0.00912763 0.0243859 -0.0286019 -0.0270515
internal_weight=574.732 448.449 126.283 91.5155 277.182 74.7456 56.3649 265.467 254.161 171.266 160.052 31.5318 128.52 11.7155 18.3807
internal_count=3175 1830 1345 696 1389 553 375 1226 1172 441 411 85 326 163 178
is_linear=0
shrinkage=0.0435066


Tree=8
num_leaves=14
num_cat=0
split_feature=13 4 18 1 5 4 27 4 5 16 17 9 4
split_gain=59.2141 37.913 25.8664 12.7791 12.5124 9.99205 9.83908 10.7955 9.49459 6.6796 5.10234 1.19069 0.731411
threshold=1.0000000180025095e-35 40.650000000000013 10.500000000000002 2.5000000000000004 37.050000000000004 38.350000000000001 2.5000000000000004 36.250000000000007 67.450000000000017 12.500000000000002 43.688541666666673 0.060024009603841501 40.050000000000004
decision_type=2 2 2 2 2 2 2 2 2 2 2 2 2
left_child=1 2 3 4 -1 -5 10 -8 12 -3 -4 -11 -2
right_child=8 9 6 5 -6 -7 7 -9 -10 11 -12 -13 -14
leaf_value=-0.0083410072588269279 -0.050558284885434381 0.003478470475044499 0.0081773632267284797 -0.026694811806919815 0.017083116439236469 0.0008897103835650849 0.0044100437855068867 0.029278254842671471 0.0012239301697587308 0.045788022016077172 -0.018618871815687381 0.015877446935201177 -0.0018025788221930547
leaf_weight=109.91542122513056 40.948941820301116 13.333016142249106 21.319132138043642 82.80353638716042 46.929819438606501 32.908466544002295 65.533049460500479 68.965944398194551 7.3424453623592845 37.009888298809528 19.854220785200596 14.170576825737951 1.5253434590995301
leaf_count=662 784 43 80 641 169 207 185 151 41 67 94 36 15
internal_value=-0.000174872 0.00440576 -0.000248162 -0.00859044 -0.000294161 -0.0191382 0.012484 0.0179967 -0.0425558 0.0339384 -0.00531141 0.0404098 -0.0494856
internal_weight=562.56 512.743 448.23 272.557 156.845 115.712 175.672 134.499 49.8167 64.5135 41.1734 51.1805 42.4743
internal_count=3175 2335 2189 1679 831 848 510 336 840 146 174 103 799
is_linear=0
shrinkage=0.0435066


Tree=9
num_leaves=25
num_cat=0
split_feature=5 4 18 16 24 10 9 4 4 10 0 6 6 3 4 3 17 7 3 5 4 17 17 9
split_gain=51.8627 24.697 13.3726 11.9388 8.59886 18.9262 10.3952 8.41007 8.09679 7.8835 7.42311 6.53068 6.20688 5.08999 6.3693 4.53374 4.1094 3.85719 2.53628 2.24219 1.30352 0.541816 0.243953 0.104389
threshold=37.050000000000004 39.95000000000001 6.5000000000000009 13.500000000000002 1.0000000180025095e-35 0.21182053494391712 0.025167084377610654 36.650000000000013 39.750000000000007 0.24893162393162391 1650.0000000000002 108.75000000000001 145.85000000000005 53.500000000000007 36.350000000000001 57.500000000000007 35.735267857142865 4.5000000000000009 53.500000000000007 9.4500000000000011 36.150000000000013 59.522500000000001 50.382417582417588 0.049515639589168957
decision_type=2 2 2 2 2 2 2 2 2 2 2 2 2 2 2 2 2 2 2 2 2 2 2 2
left_child=1 2 13 7 6 8 21 17 -6 12 -9 -12 -4 14 -1 -15 -11 20 -8 -3 -2 -5 -7 -21
right_child=3 19 9 4 5 22 18 10 -10 16 11 -13 -14 15 -16 -17 -18 -19 -20 23 -22 -23 -24 -25
leaf_value=-0.028162115192811161 -0.028767301394345544 0 -0.018199117200144894 -0.011858579757180257 0.0058436372965358606 -0.0079136294837559122 0.0053142021311636785 0.027458913072527777 0.036198733341499624 0.021443219816168178 -0.023627956801027361 0.0081633973271833978 0.014905342862117222 -0.038448791499243455 0.0080970988955698028 0.0035440454763513954 -0.0061471208282495686 0.0036039657433208838 0.033802423392725843 0.031794788503048212 -0.0034851975958520602 0.0013237668737051296 -0.033008312273958382 0.0087744923639495962
leaf_weight=10.708332771435382 16.764375902712349 8.6686364747583884 86.052798817865551 6.6260693036019784 51.152577597647905 7.7338747382164028 10.15774058178067 19.994164951145649 21.638821698725224 15.286140587180855 10.772874876856802 35.115414932370186 6.8652203045785418 72.050146490335464 14.328674269840119 3.6091839103028169 14.18703251890838 11.793798107653855 82.289574190974236 11.029860511422159 8.2017481550574285 6.4328563660383224 9.2227800861000997 8.8129949625581485
leaf_count=152 96 40 582 31 161 32 28 57 43 70 62 126 30 957 116 41 116 51 218 32 33 25 38 38
internal_value=-2.49676e-05 -0.0143887 -0.0193207 0.0121216 0.0182669 0.00741509 0.0264396 0 0.0172273 -0.0088039 0.00910649 -0.00111797 -0.0148353 -0.0306973 -0.00970521 -0.0362008 0.00917434 -0.0151362 0.0313301 0.0203294 -0.0232223 -0.00657147 -0.0273664 0.0266497
internal_weight=549.496 251.599 223.088 297.897 195.254 89.7481 105.506 102.642 72.7914 122.391 65.8825 45.8883 92.918 100.696 25.037 75.6593 29.4732 36.7599 92.4473 28.5115 24.9661 13.0589 16.9567 19.8429
internal_count=3175 2174 2064 1001 576 274 302 425 204 798 245 188 612 1266 268 998 186 180 246 110 129 56 70 70
is_linear=0
shrinkage=0.0435066


Tree=10
num_leaves=20
num_cat=0
split_feature=5 4 13 4 21 17 6 4 0 4 5 9 9 3 6 6 10 7 17
split_gain=57.3708 24.5839 14.9419 14.7923 16.6867 14.43 11.2532 13.3419 8.37942 6.86137 4.48198 5.30406 4.57563 2.83769 2.79457 2.37903 1.51548 0.845169 0.434309
threshold=35.650000000000013 39.95000000000001 1.0000000180025095e-35 39.850000000000001 1.0000000180025095e-35 41.655714285714296 91.850000000000009 36.750000000000007 2500.0000000000005 36.45000000000001 113.35000000000001 0.048115079365079354 0.039736842105263161 57.500000000000007 109.65000000000002 163.75000000000003 0.29128959276018102 4.5000000000000009 41.655714285714296
decision_type=2 2 2 2 2 2 2 2 2 2 2 2 2 2 2 2 2 2 2
left_child=1 2 6 4 8 -5 7 -1 9 -2 11 -6 -12 -8 16 -10 -3 -4 -16
right_child=3 14 17 5 10 -7 13 -9 15 -11 12 -13 -14 -15 18 -17 -18 -19 -20
leaf_value=-0.012019296064742443 0.0088362340353779802 -0.011446985618823714 -0.048667766418189068 -0.0062307670987617339 -0.038266921310257392 0.039735200064904802 -0.028083775808890179 0.027418555885004827 -0.02534990710531862 0.026520598736344353 0.019586340811133952 -0.0061999641280971827 -0.01103809972547822 0.0036781102859254865 0.0068147484167638784 0.0034291122519840202 0.01014003566916716 -0.010403919108363255 0.028452036587957131
leaf_weight=55.894485687837005 120.38086975831538 6.2707441505044681 31.70477145537734 14.102187067270277 10.246281011030076 51.605716653168201 66.511396063491702 15.411707408726214 6.8660053480416519 69.973307881504297 11.020675215870144 33.918672256171703 13.049812618643044 3.6299411971122018 9.4105310272425431 5.9504617340862751 5.2425103224813938 6.1736614890396586 12.368407737463711
leaf_count=415 419 37 660 37 81 111 635 63 36 197 36 169 58 29 36 19 20 105 33
internal_value=0.00130109 -0.01609 -0.02241 0.0123961 0.00747917 0.0300585 -0.0145468 -0.00178378 0.0136557 0.0160508 -0.0103639 -0.0178021 0.00383965 -0.0261357 0.0157953 -0.0148153 -0.000946571 -0.0451008 0.0231814
internal_weight=549.732 212.618 179.326 337.114 271.406 65.7079 141.448 71.3062 203.171 190.354 68.2354 44.165 24.0705 70.1413 33.2922 12.8165 11.5133 37.8784 21.7789
internal_count=3196 2033 1907 1163 1015 148 1142 478 671 616 344 250 94 664 126 55 57 765 69
is_linear=0
shrinkage=0.0435066


Tree=11
num_leaves=18
num_cat=0
split_feature=18 13 4 6 4 4 4 10 7 9 4 17 23 27 6 18 2
split_gain=50.965 30.5894 12.4518 13.5283 12.5798 10.3227 8.26352 6.57741 7.56136 5.53571 5.08717 4.58989 4.58451 4.4729 13.4564 3.1182 2.36938
threshold=10.500000000000002 1.0000000180025095e-35 40.550000000000004 91.550000000000011 36.750000000000007 36.350000000000001 33.750000000000007 0.16568627450980386 3.5000000000000004 0.048115079365079354 42.150000000000013 37.952857142857148 1.5000000000000002 2.5000000000000004 108.45000000000002 13.500000000000002 5.5000000000000009
decision_type=2 2 2 2 2 2 2 2 2 2 2 2 2 2 2 2 2
left_child=1 2 3 4 -1 7 -5 8 9 -2 -3 -9 13 14 -7 -13 -4
right_child=5 10 16 6 -6 12 -8 11 -10 -11 -12 15 -14 -15 -16 -17 -18
leaf_value=-0.0044246466786685441 -0.023098268366681909 -0.04464384038200047 0.028196313652160715 0.0038292000804393254 0.027667515923245647 -0.0091587839367768958 -0.023124256072001418 0.0089254756602956623 0.029272945078558085 0.014087404628459182 0.0079597437525024892 -0.028624639368942894 -7.704077208406249e-05 0.034665566468290686 0.028506061108574225 0.00096024533793685253 0.0036368263205038614
leaf_weight=104.88501944020391 8.779696714133026 40.426868761889637 16.234277293086052 24.382272478193045 22.638777118176222 23.562893163412809 95.610013263300061 11.862345550209282 20.544154342263937 8.6719121932983381 1.4773970693349827 13.995787641033532 13.079106800258158 63.437100309878588 43.341642946004868 8.4843412861227971 15.921661518514155
leaf_count=611 34 814 43 123 85 114 812 46 64 20 5 65 35 142 109 26 48
internal_value=0.00111244 -0.00977873 -0.00410994 -0.00755598 0.00226556 0.0172012 -0.0176526 0.00322307 0.0146655 -0.0053938 -0.0417595 -0.00951005 0.0237378 0.0260909 0.0154683 -0.0194051 0.0189584
internal_weight=537.335 321.576 279.672 247.516 127.524 215.759 119.992 72.3382 37.9958 17.4516 41.9043 34.3425 143.421 130.342 66.9045 22.4801 32.1559
internal_count=3196 2541 1722 1631 696 655 935 255 118 54 819 137 400 365 223 91 91
is_linear=0
shrinkage=0.0435066


Tree=12
num_leaves=17
num_cat=0
split_feature=5 4 18 4 16 6 10 6 4 4 27 16 17 17 6 1
split_gain=47.5577 24.3184 13.0334 10.7214 10.0205 9.48944 8.83272 8.34845 6.33175 4.53801 5.5351 3.23385 2.69396 1.77918 1.21728 0.9738
threshold=16.850000000000005 39.850000000000001 11.500000000000002 40.45000000000001 12.500000000000002 89.550000000000011 0.094588550983899775 145.25000000000003 36.750000000000007 34.850000000000001 3.5000000000000004 15.500000000000002 40.080494505494514 42.474125874125875 163.75000000000003 5.5000000000000009
decision_type=2 2 2 2 2 2 2 2 2 2 2 2 2 2 2 2
left_child=3 2 5 6 13 8 -1 -7 -2 -4 -11 14 -6 -3 -8 -13
right_child=1 4 9 -5 12 7 11 -9 -10 10 -12 15 -14 -15 -16 -17
leaf_value=0.013254582722072314 0 -0.01273244111311876 -0.0076267316354033899 0.0087543346100354812 0.0082426524262393455 -0.017741092622311164 -0.037059850037469561 0.011185707814908765 0.025451661452894171 0.0027862308523804841 0.023098889975147766 -0.014477083083148344 0.039652863649293997 0.0090875951964057653 0 0.0028098869305845427
leaf_weight=4.9365250114351502 90.340486157685518 7.6496864296495897 12.932007674127815 12.949352838099001 10.994627278298138 91.712543780915439 70.078231189399958 18.20691199414432 16.687312189489603 42.565411899238825 70.864127308130264 7.8898698613047582 52.511048398911953 7.4880454614758492 1.7261167354881752 6.2784233530983329
leaf_count=32 474 33 54 52 26 680 1017 96 51 160 187 109 121 23 21 60
internal_value=0.0012789 0.00784167 0.00259531 -0.0241815 0.0286746 -0.00383891 -0.0292482 -0.0125053 0.00517981 0.0133644 0.0161259 -0.0325595 0.0356319 -0.00198717 -0.0362456 -0.00785789
internal_weight=525.811 421.952 343.309 103.859 78.6434 216.947 90.9092 109.919 107.028 126.362 113.43 85.9726 63.5057 15.1377 71.8043 14.1683
internal_count=3196 1905 1702 1291 203 1301 1239 776 525 401 347 1207 147 56 1038 169
is_linear=0
shrinkage=0.0435066


Tree=13
num_leaves=13
num_cat=0
split_feature=13 4 18 16 21 18 1 17 5 4 6 17
split_gain=41.6125 26.9979 17.2068 14.2919 8.68729 8.54601 7.98227 7.08235 7.08222 5.23039 5.12524 2.83313
threshold=1.0000000180025095e-35 40.650000000000013 9.5000000000000018 11.500000000000002 1.0000000180025095e-35 12.500000000000002 5.5000000000000009 41.655714285714296 34.650000000000013 40.45000000000001 108.55000000000001 54.945138888888899
decision_type=2 2 2 2 2 2 2 2 2 2 2 2
left_child=1 2 3 11 6 9 -4 -3 -5 -2 -6 -1
right_child=5 7 4 8 10 -7 -8 -9 -10 -11 -12 -13
leaf_value=-0.035063393110481407 -0.044383181569513271 0.0042236111238389672 0.020617695604334855 -0.0099189908029173306 -0.013364167176864311 0.0080748746680565277 -0.0046031987819946255 0.038682730835574115 0.0067453885822985745 0.0040474522169383726 0.011596686362386054 0
leaf_weight=28.925591694191098 39.743697463534772 17.566414061933756 113.26306101307273 94.762383729219437 34.645936727523804 5.2895560637116423 26.242766857147217 45.070395365357399 85.529885791242123 3.096078895032405 18.62876957654953 4.5199953205883494
leaf_count=254 834 53 336 853 178 24 98 97 352 18 70 29
internal_value=0.00120129 0.00533584 0.00101859 -0.00735253 0.0102872 -0.0347472 0.0158107 0.0304731 -0.00200003 -0.0406067 -0.00415491 -0.0309224
internal_weight=517.285 469.155 406.518 213.738 192.781 48.1293 139.506 62.6368 180.292 42.8398 53.2747 33.4456
internal_count=3196 2320 2170 1488 682 876 434 150 1205 852 248 283
is_linear=0
shrinkage=0.0435066


Tree=14
num_leaves=16
num_cat=0
split_feature=13 4 5 21 18 18 4 5 0 4 17 6 6 6 7
split_gain=38.1284 23.8743 17.1633 9.56527 8.75662 6.66071 6.57518 6.06052 5.52912 4.6807 4.36729 3.50071 1.43734 1.32182 0.125776
threshold=1.0000000180025095e-35 40.45000000000001 34.650000000000013 1.0000000180025095e-35 7.5000000000000009 12.500000000000002 36.150000000000013 26.850000000000005 2500.0000000000005 40.45000000000001 41.655714285714296 108.55000000000001 110.45000000000002 109.95000000000002 4.5000000000000009
decision_type=2 2 2 2 2 2 2 2 2 2 2 2 2 2 2
left_child=1 2 4 8 6 9 -1 -6 -4 14 12 -5 -3 -12 -2
right_child=5 10 3 11 7 -7 -8 -9 -10 -11 13 -13 -14 -15 -16
leaf_value=-0.033023062604439685 -0.045773076026645154 0.016169956387516445 0.013463501796461903 -0.011592967313651153 0.016933418273162051 0.0058360943303389689 -0.0074838488859284326 -0.014456014369712953 -0.012197987605089274 0.0035946339758517027 0.011486028946723877 0.008087023891000588 -0.0022179435267114817 0.039103982520759271 -0.011238758988783073
leaf_weight=34.49450402893126 31.562568846158683 9.4524759128689784 191.20939318090677 54.087389998137951 22.439063671976328 4.966121118515729 47.742806574329734 13.069710837677119 11.885987363755701 3.0452962815761557 12.480222843587397 17.929751221090555 11.863426540046929 35.622359819710255 6.2341966880485407
leaf_count=395 718 22 659 277 124 24 458 96 54 18 39 84 38 74 116
internal_value=0.00129806 0.00523239 0.000874614 0.0068269 -0.0125805 -0.0339198 -0.0199479 0.00469016 0.0115811 -0.0391045 0.02757 -0.00630059 0.00745109 0.0343483 -0.0427947
internal_weight=508.085 462.277 392.859 275.113 117.746 45.8082 82.2373 35.5088 203.095 40.8421 69.4185 72.0171 21.3159 48.1026 37.7968
internal_count=3196 2320 2147 1074 1073 876 853 220 713 852 173 361 60 113 834
is_linear=0
shrinkage=0.0435066


Tree=15
num_leaves=26
num_cat=0
split_feature=5 4 2 18 14 4 1 10 17 7 7 9 11 3 11 5 11 18 4 10 2 4 4 17 4
split_gain=46.7578 24.5435 14.2993 10.8613 7.7589 9.19268 8.87356 5.9221 5.50736 4.43108 3.96528 7.70529 5.95599 3.78406 3.3699 3.10759 2.77252 2.65659 4.07899 2.90542 2.33915 1.72677 1.34171 1.07315 0.107383
threshold=36.650000000000013 39.250000000000007 7.5000000000000009 7.5000000000000009 1.5000000000000002 37.850000000000001 1.5000000000000002 0.10818713450292396 73.996410256410272 2.5000000000000004 4.5000000000000009 0.060024009603841501 0.060915275200989459 56.500000000000007 0.022321428571428555 79.350000000000009 0.060915275200989459 9.5000000000000018 36.250000000000007 0.26206005414718198 6.5000000000000009 37.550000000000004 37.95000000000001 47.00416666666667 40.550000000000004
decision_type=2 2 2 2 2 2 2 2 2 2 2 2 2 2 2 2 2 2 2 2 2 2 2 2 2
left_child=1 3 4 7 5 6 -2 -1 10 -3 11 -4 -12 -9 -10 -7 22 18 -5 -19 24 -16 -6 -22 -11
right_child=2 9 8 17 16 15 -8 13 14 20 12 -13 -14 -15 21 -17 -18 19 -20 -21 23 -23 -24 -25 -26
leaf_value=0.0074188522001631873 0.015775729964295205 -0.010338591543486817 0.032834886156589457 -0.021811178767242149 0.0065653894639086559 0.00044240530672192975 -0.01503794380156164 -0.033443482356655153 0.015884280899321236 0.0084818710617292278 -0.012995184961068331 0.0032419408375639449 0.023995539121170955 -0.013354309087317041 -0.022079626413076175 0.028608844628191431 -0.027559737290880529 -0.0059118832086923557 0.006340486896551009 0.025731691858078672 -0.0073873714819206703 0.0029355157905824021 -0.011425188717289805 0.010638009810257412 0.033022557990727945
leaf_weight=6.4220365630462757 22.957755163311958 5.8679492790251961 92.71930194273591 11.655971283093097 10.015601072460418 10.526924522593616 37.687614243477583 88.427367302589118 7.293732829391959 7.6244964804500368 11.587851386517288 22.785770952701569 8.6735959574580175 40.229842435568571 5.9093040525913221 29.447089664638042 11.531981710344551 5.5330585166811925 15.488355297595261 6.0150794386863708 4.854668263345955 5.6342033371329308 8.2578551396727544 7.2508674804121256 13.236806586384771
leaf_count=47 76 44 259 118 55 53 183 1236 21 58 57 80 31 350 32 86 52 49 112 24 35 22 42 52 31
internal_value=0.00152737 -0.0136563 0.0129397 -0.0205735 0.00203724 0.00790337 -0.00282434 -0.0261557 0.0216202 0.0155821 0.0245475 0.0275645 0.00444974 -0.028183 0 0.0225098 -0.0153537 0 -0.00733113 0.0133494 0.0213959 -0.0126588 -0.00202456 0.00281291 0.0285751
internal_weight=497.635 212.606 285.029 173.772 130.425 100.619 60.6454 135.079 154.604 38.8348 135.767 115.505 20.2614 128.657 18.8372 39.974 29.8054 38.6925 27.1443 11.5481 32.9668 11.5435 18.2735 12.1055 20.8613
internal_count=3205 2156 1049 1936 547 398 259 1633 502 220 427 339 88 1586 75 139 149 303 230 73 176 54 97 87 89
is_linear=0
shrinkage=0.0435066


Tree=16
num_leaves=15
num_cat=0
split_feature=13 5 4 16 11 7 18 7 4 18 4 4 5 11
split_gain=42.7318 22.3437 15.8111 8.52007 6.54764 6.60085 5.7145 4.90554 4.61559 4.37351 4.29996 3.65948 2.88716 2.04563
threshold=1.0000000180025095e-35 37.050000000000004 36.850000000000001 9.5000000000000018 0.071067821067821071 4.5000000000000009 9.5000000000000018 2.5000000000000004 36.150000000000013 14.500000000000002 40.750000000000007 40.45000000000001 35.650000000000013 0.081666666666666665
decision_type=2 2 2 2 2 2 2 2 2 2 2 2 2 2
left_child=1 2 6 -3 5 -5 12 13 -6 10 -2 -9 -1 -4
right_child=9 3 7 4 8 -7 -8 11 -10 -11 -12 -13 -14 -15
leaf_value=-0.023687855510653572 -0.042476897788054482 -0.020309943886107993 -0.023316532537190592 0.021680265401397839 -0.01483816085813478 -0.00075987378549370946 0.011560935174837373 0.004689125904408481 0.0090697579919312901 0.006517013450199725 0.0052620820471339976 0.026459159312981002 -0.0038561566781216946 0.0049043858667697096
leaf_weight=73.716928608715534 39.785457864869386 7.8843598850071421 5.8887490071356279 172.57678307592869 15.47112259827554 27.301262583583593 7.6616578027606002 46.85453518666327 43.332726195454597 2.0068971216678611 2.0181827619671813 18.899788789451122 21.829613491892815 4.0921414252370596
leaf_count=713 875 59 51 519 83 121 39 387 157 6 11 50 103 31
internal_value=0.00133863 0.00557487 -0.00614833 0.0134403 0.0149808 0.0186392 -0.0168235 0.00845712 0.00177265 -0.0366833 -0.0395649 0.0129075 -0.0197911 -0.0137687
internal_weight=489.32 445.51 178.943 266.566 258.682 199.878 103.208 75.7352 58.8038 43.8105 41.8036 65.7543 95.5465 9.98089
internal_count=3205 2313 1374 939 880 640 855 519 240 892 886 437 816 82
is_linear=0
shrinkage=0.0435066


Tree=17
num_leaves=16
num_cat=0
split_feature=13 18 4 7 5 10 10 5 4 21 18 4 6 1 5
split_gain=36.8662 20.96 10.6513 8.18381 7.39483 4.77849 6.21985 5.39777 5.06898 6.94697 4.51412 3.39546 2.0824 1.93376 0.404652
threshold=1.0000000180025095e-35 9.5000000000000018 41.850000000000001 2.5000000000000004 36.650000000000013 0.17846085802742148 0.24893162393162391 92.050000000000011 40.650000000000013 1.0000000180025095e-35 14.500000000000002 40.750000000000007 91.550000000000011 4.5000000000000009 85.500000000000014
decision_type=2 2 2 2 2 2 2 2 2 2 2 2 2 2 2
left_child=1 2 3 12 -5 8 7 -7 9 -3 11 14 -1 -8 -2
right_child=10 5 -4 4 -6 6 13 -9 -10 -11 -12 -13 -14 -15 -16
leaf_value=-0.0054653957733126219 -0.042359249581659431 0.020803491354842611 0.028102440612253209 -0.0084950861451601536 0.0097173027357948492 -0.022599669553296873 0.021169759476128064 0.0058877533716860933 0.037076241498630896 -0.0017990325877684451 0.0077598342197378635 0.0038397826123298326 -0.035196848077950205 0 -0.0042684363603475691
leaf_weight=10.245716311037542 34.641509751789272 78.037076095119119 11.517707228660582 133.47563199698925 53.884471295401454 14.832986447960137 29.520126678049564 24.96969110891223 22.491375096142292 34.473287932574749 1.8741419315338124 1.8899310380220402 15.2612411621958 10.303380720317362 2.7267568148672572
leaf_count=73 851 225 31 1109 205 80 105 82 50 153 6 11 153 47 24
internal_value=0.00120274 0.00509692 -0.00413002 -0.00670293 -0.00305471 0.0146263 0.00538255 -0.00619699 0.0195083 0.0140741 -0.0351617 -0.0382438 -0.0271113 0.0164173 -0.0408559
internal_weight=480.145 439.013 224.385 212.867 187.36 214.628 79.6262 39.8027 135.002 112.51 41.1323 39.2582 25.507 39.8235 37.3683
internal_count=3205 2313 1571 1540 1314 742 314 162 428 378 892 886 226 152 875
is_linear=0
shrinkage=0.0435066


Tree=18
num_leaves=19
num_cat=0
split_feature=13 5 2 1 16 17 17 16 9 5 16 5 2 9 5 10 13 9
split_gain=33.0735 17.6281 8.26983 7.20514 5.26931 8.30182 4.51808 4.02674 3.57207 3.41411 3.04311 2.88516 2.47653 2.31957 1.15684 0.82772 0.612033 0.135164
threshold=1.0000000180025095e-35 37.750000000000007 7.5000000000000009 1.5000000000000002 11.500000000000002 42.474125874125875 69.980769230769241 13.500000000000002 0.060024009603841501 184.20000000000002 13.500000000000002 209.90000000000003 7.5000000000000009 0.041213921901527957 123.55000000000001 0.14511278195488717 0.63333333333333341 0.032291666666666656
decision_type=2 2 2 2 2 2 2 2 2 2 2 2 2 2 2 2 2 2
left_child=1 4 3 14 13 12 10 -5 -7 15 -4 -8 -6 17 -3 16 -2 -1
right_child=9 2 6 7 5 8 11 -9 -10 -11 -12 -13 -14 -15 -16 -17 -18 -19
leaf_value=-0.0036806981316331081 0.003111299472812367 0.023388423020299802 0.0090168633214642146 -0.014275827908244479 0.017753208516749705 -0.013470223268406953 -0.0097192073338829652 0.0037779442790240362 0.0032315303411374952 0.0058857689844518269 0.02739448515460096 0.015079935484543387 -0.00051854121414012292 -0.030969951459193335 0.001791720067109578 -0.039189679637089671 -0.01340534144307198 0.0036218687221905885
leaf_weight=3.3002571985125568 3.2325515570119014 22.724674034863714 34.662531550973654 31.947772525250912 31.310082944110036 80.239488300867379 13.985441204160454 53.243948686867952 29.405080800876021 1.6766075715422619 78.154393063858151 9.0810814127325994 20.099368833005428 13.202979965135453 8.2197014354169351 32.703756564296782 1.9356321534141896 2.8478608336299658
leaf_count=33 43 74 134 169 195 581 63 205 273 7 199 29 159 149 27 797 45 23
internal_value=0.00115859 0.00484385 0.0121607 0.00323716 -0.0053912 -0.00229589 0.0192194 -0.00341592 -0.00897434 -0.0339023 0.0226332 0.000874726 0.011181 -0.0236949 0.0192303 -0.0364961 -0.00623898 0
internal_weight=471.973 432.425 252.02 116.136 180.405 161.054 135.883 85.1917 109.645 39.5485 112.817 23.0665 51.4095 19.3511 30.9444 37.8719 5.16818 6.14812
internal_count=3205 2313 900 475 1413 1208 425 374 854 892 333 92 354 205 101 885 88 56
is_linear=0
shrinkage=0.0435066


Tree=19
num_leaves=14
num_cat=0
split_feature=4 13 5 27 4 27 4 16 5 5 9 14 14
split_gain=30.3781 27.3232 14.6767 11.4984 8.31737 7.35458 6.8152 4.87629 4.20814 3.65175 2.46052 0.538458 0.109052
threshold=40.650000000000013 0.45000000000000007 36.650000000000013 2.5000000000000004 36.850000000000001 3.5000000000000004 37.650000000000013 14.500000000000002 184.20000000000002 209.90000000000003 0.060024009603841501 2.5000000000000004 3.5000000000000004
decision_type=2 2 2 2 2 2 2 2 2 2 2 2 2
left_child=1 2 4 9 7 -6 -5 -1 11 -4 -2 -3 -13
right_child=10 8 3 6 5 -7 -8 -9 -10 -11 -12 12 -14
leaf_value=-0.02151923958890645 0.035641564974305047 -0.043837960552054231 -0.014643942269254355 0.0080043164908639598 -0.0071153309094663716 0.022711308760956499 0.029446977692524495 0.0018610211662749459 0.006837701958734255 0.0085437104594622698 0.0091975117185468629 0 -0.0083412287688385163
leaf_weight=76.618617264553905 39.109479870647192 26.29512577038259 42.226231399923563 140.32304074242711 38.474485950544477 17.490828403271735 32.664639171212912 18.988286335021257 1.5361558124423016 12.022469483315943 15.839889496564863 2.3144914908334608 1.2684064153581855
leaf_count=710 102 701 238 518 351 142 91 169 6 43 51 46 37
internal_value=0.00141562 -0.00279332 0.000693896 0.00763114 -0.00952853 0.0034417 0.0130314 -0.0169547 -0.0380041 -0.00897423 0.0299659 -0.0413979 -0.00576142
internal_weight=465.172 410.223 378.809 227.236 151.572 55.9653 172.988 95.6069 31.4142 54.2487 54.9494 29.878 3.5829
internal_count=3205 3052 2262 890 1372 493 609 879 790 281 153 784 83
is_linear=0
shrinkage=0.0435066


Tree=20
num_leaves=20
num_cat=0
split_feature=4 5 16 4 6 16 6 27 5 24 4 21 3 4 16 5 6 4 6
split_gain=31.3258 21.7257 10.4089 9.30229 16.2525 9.26492 7.38676 5.83828 5.59625 7.97599 5.20034 4.9833 2.92095 2.64016 2.15149 1.87464 1.59937 1.66404 1.32228
threshold=39.45000000000001 35.650000000000013 13.500000000000002 36.850000000000001 91.250000000000014 12.500000000000002 109.35000000000001 3.5000000000000004 194.90000000000003 1.0000000180025095e-35 36.650000000000013 1.0000000180025095e-35 57.500000000000007 41.850000000000001 15.500000000000002 189.00000000000003 107.25000000000001 40.45000000000001 110.85000000000001
decision_type=2 2 2 2 2 2 2 2 2 2 2 2 2 2 2 2 2 2 2
left_child=1 3 10 12 -5 13 16 -6 9 -4 15 -12 14 18 -1 -3 -7 -18 -2
right_child=5 2 8 4 7 6 -8 -9 -10 -11 11 -13 -14 -15 -16 -17 17 -19 -20
leaf_value=-0.0306958649962055 0 -0.026841394501770796 0.011143326179098674 0.029236539790176236 -0.02649242732280627 0.018165247183769918 0.03775385491652971 0.0057519570267419162 0.024430479793307265 -0.010225227730338859 0.013403236439669685 -0.01532899143594588 0.0049062826363772362 0.011441025400424019 -0.0080973674922829413 0 -0.012839181821152781 0.0076146073235620892 -0.022918535577522603
leaf_weight=72.937228253111243 7.04184538125992 24.221710732206706 97.058003336191177 14.205991588532923 27.671806012280285 5.2078764773905304 48.748533612117171 11.858950079418717 28.246819756925106 42.221467418596148 19.824229665100574 13.612960107624529 3.1312935482710591 7.3631664514541617 16.709366839379072 6.5366562083363524 7.2116023171693113 9.9752487987279874 4.8097030054777861
leaf_count=1042 44 166 362 58 420 18 136 136 79 191 85 85 37 22 210 24 70 34 34
internal_value=0.000229851 -0.00531969 0.00296724 -0.01806 -0.00288838 0.0223592 0.0290864 -0.0171555 0.00864786 0.00442903 -0.0111454 0.000861336 -0.0259797 -0.00321532 -0.0274226 -0.0223366 0.00561371 -0.00171319 -0.0136979
internal_weight=468.594 378.236 231.722 146.515 53.7367 90.358 71.1433 39.5308 167.526 139.279 64.1956 33.4372 92.7779 19.2147 89.6466 30.7584 22.3947 17.1869 11.8515
internal_count=3253 2895 992 1903 614 358 258 556 632 553 360 170 1289 100 1252 190 122 104 78
is_linear=0
shrinkage=0.0435066


Tree=21
num_leaves=16
num_cat=0
split_feature=4 13 18 21 4 7 17 8 9 5 11 0 9 5 5
split_gain=27.7332 20.4224 11.9996 7.50371 10.9727 6.48971 6.01706 3.9611 3.69617 3.3258 2.54838 1.00925 1.14409 0.528247 0.326051
threshold=39.45000000000001 0.45000000000000007 12.500000000000002 1.0000000180025095e-35 36.750000000000007 2.5000000000000004 34.088571428571434 2016.5000000000002 0.029513888888888853 8.1500000000000004 0.072478991596638606 2200.0000000000005 0.066081498999454216 5.0500000000000007 141.65000000000003
decision_type=2 2 2 2 2 2 2 2 2 2 2 2 2 2 2
left_child=1 2 3 4 -1 10 -5 -4 -9 13 -2 12 -11 -7 -3
right_child=5 14 7 6 -6 9 -8 8 -10 11 -12 -13 -14 -15 -16
leaf_value=-0.0075434237766366114 -0.015951732409771151 -0.037910555611539117 -0.0077354681856205637 0.0033473337069937852 0.015193645646132396 0.0073418488307867369 -0.023021968066820105 -0.0037655292661636537 0.020831729634753091 0.034594720579320185 0.010864679595472547 0.005797788921784475 0.010192460446995557 -0.0060916731756120099 0
leaf_weight=139.92798737064004 7.9032417219132167 26.949573016725484 10.838063329458235 18.802718186751008 48.790479773655534 4.1514416821300966 60.993741547688842 11.251236110925673 54.282050102949142 45.479235680773854 6.0988484565168619 7.8451756909489623 12.840966025367377 4.9314871411770582 0.95640678703784843
leaf_count=979 44 774 28 140 290 29 474 45 159 147 28 28 56 26 6
internal_value=0.000102611 -0.00515932 -0.00190225 -0.00626755 -0.00130255 0.021042 -0.0169082 0.0126103 0.0165103 0.0257823 -0.00403957 0.0288861 0.0309417 0 -0.0371396
internal_weight=462.043 372.792 344.886 268.515 188.718 89.2504 79.7965 76.3713 65.5333 75.2483 14.0021 66.1654 58.3202 9.08293 27.906
internal_count=3253 2895 2115 1883 1269 358 614 232 204 286 72 231 203 55 780
is_linear=0
shrinkage=0.0435066


Tree=22
num_leaves=20
num_cat=0
split_feature=4 5 1 16 0 5 5 27 10 4 27 4 4 2 4 5 5 9 5
split_gain=27.4158 18.3626 10.1134 7.64436 7.03526 9.44929 5.70933 4.91148 3.3899 3.34084 9.69201 3.17469 2.27374 2.18889 1.38186 2.78055 1.36707 0.682574 0.491762
threshold=39.45000000000001 38.45000000000001 1.0000000180025095e-35 12.500000000000002 1350.0000000000002 250.90000000000003 11.550000000000002 3.5000000000000004 0.11437908496732026 36.850000000000001 3.5000000000000004 38.95000000000001 41.750000000000007 17.500000000000004 41.750000000000007 25.250000000000004 58.550000000000004 0.060024009603841501 7.3500000000000005
decision_type=2 2 2 2 2 2 2 2 2 2 2 2 2 2 2 2 2 2 2
left_child=1 6 -3 12 7 -6 8 -4 -1 13 -11 -10 16 -8 15 18 -2 -17 -5
right_child=3 2 4 14 5 -7 9 -9 11 10 -12 -13 -14 -15 -16 17 -18 -19 -20
leaf_value=0.0053747775924124254 -0.021644843398737169 0.031102521872474229 -0.0026515444316627629 0.0067989950843910943 -0.01140693829952929 0.018388653236053307 -0.01445444389793228 0.02138585420796477 -0.03250881534104174 -0.014946885607130133 0.024065537197104636 0.0037516819372827945 0.010841813798841684 0.0091788415839509051 0.039119167954328411 0.02655873103060306 0.0011881694044642991 0.0050988576947869763 -0.0052516070171566781
leaf_weight=3.2646335735917082 5.1154741831123847 17.144204869866371 23.218373898416758 5.3092564605176431 93.50707108527422 18.862308576703072 94.553569841198623 34.517393417656422 42.423099947161973 21.641564389690757 14.527693501673637 3.1105504240840665 7.173571251332759 3.1787443011999121 19.111480712890625 30.62353441119194 6.1966489367187023 8.3005869612097722 7.4118073731660843
leaf_count=34 50 28 108 36 492 57 819 111 877 227 93 36 25 13 45 94 25 33 50
internal_value=0.000226729 -0.00504183 0.00444013 0.0210292 0.000647467 -0.00558691 -0.0146314 0.012274 -0.0267945 -0.00908914 0.00176861 -0.0296787 -0.00272373 -0.0130634 0.0270715 0.0185565 -0.0127097 0.0235916 0
internal_weight=459.192 369.949 187.249 89.2424 170.105 112.369 182.7 57.7358 48.7983 133.902 36.1693 45.5337 18.4857 97.7323 70.7567 51.6452 11.3121 38.9241 12.7211
internal_count=3253 2895 796 358 768 549 2099 219 947 1152 320 913 100 832 258 213 75 127 86
is_linear=0
shrinkage=0.0435066


Tree=23
num_leaves=19
num_cat=0
split_feature=4 13 18 16 6 4 6 4 6 27 14 4 5 18 5 7 4 5
split_gain=26.0866 18.7499 9.83661 7.76789 6.62969 12.4176 7.84229 6.15387 5.52509 5.17929 1.97455 1.63925 1.46509 1.1835 1.05204 0.684241 0.588341 0.0217308
threshold=39.45000000000001 0.45000000000000007 11.500000000000002 12.500000000000002 103.35000000000001 36.95000000000001 145.85000000000005 35.250000000000007 109.35000000000001 3.5000000000000004 2.5000000000000004 41.750000000000007 25.250000000000004 13.500000000000002 58.550000000000004 4.5000000000000009 40.650000000000013 99.500000000000014
decision_type=2 2 2 2 2 2 2 2 2 2 2 2 2 2 2 2 2 2
left_child=1 2 4 11 5 -1 -6 13 12 -9 -3 14 16 -4 -2 -12 -5 -14
right_child=3 10 7 8 6 -7 -8 9 -10 -11 15 -13 17 -15 -16 -17 -18 -19
leaf_value=-0.007136165968420264 -0.019583240765166616 -0.040420404425083177 -0.019267794211941532 -0.012079538199355113 -0.021651253169215005 0.023202454194382424 0.0069457193728294699 -0.0001312936054699736 0.034820073542715671 0.02088824522294155 -0.00980543768497966 0.0083833985930799673 0.014944481541537104 0 0.00067789271629352138 0.0076759558201506903 0.0031923605726363285 0.0028656217521489265
leaf_weight=114.31662463396788 4.8416769076138753 22.393745717592541 7.6874807961285141 3.81271939352155 73.374211614951491 25.84303816780448 19.434594929218292 33.060049097985029 46.257365521043539 55.142257705330849 2.1889198878780003 7.3419635519385329 8.0808565821498615 11.527644515037535 6.1578706093132496 1.5531362053006885 3.4900747612118721 6.6694504097104064
leaf_count=792 50 693 31 50 736 106 124 136 136 155 70 25 32 35 25 17 13 27
internal_value=0.000138268 -0.0049851 -0.00189554 0.0207502 -0.00689344 -0.00069123 -0.0154987 0.00862986 0.0270069 0.0134364 -0.0365054 -0.0031183 0.00606174 -0.010857 -0.0116332 -0.00130099 -0.00598846 0.0125082
internal_weight=453.174 366.522 340.386 86.652 232.968 140.16 92.8088 107.417 68.3105 88.2023 26.1358 18.3415 22.0531 19.2151 10.9995 3.74206 7.30279 14.7503
internal_count=3253 2895 2115 358 1758 898 860 357 258 291 780 100 122 66 75 87 63 59
is_linear=0
shrinkage=0.0435066


Tree=24
num_leaves=23
num_cat=0
split_feature=5 4 16 4 27 6 4 9 3 5 16 5 7 17 16 6 3 6 7 5 10 3
split_gain=22.5685 12.1767 10.4104 7.75437 7.97894 6.76182 8.38633 5.26285 5.21744 3.81542 3.80921 3.6404 3.1845 3.1064 2.96601 2.40793 1.569 1.20237 0.810393 0.662412 0.31928 0.18097
threshold=37.050000000000004 36.850000000000001 11.500000000000002 39.45000000000001 2.5000000000000004 91.250000000000014 38.850000000000001 0.10404971932638325 51.500000000000007 35.650000000000013 12.500000000000002 226.45000000000002 3.5000000000000004 41.655714285714296 15.500000000000002 70.550000000000011 57.500000000000007 109.95000000000002 3.5000000000000004 36.45000000000001 0.20169491525423733 53.500000000000007
decision_type=2 2 2 2 2 2 2 2 2 2 2 2 2 2 2 2 2 2 2 2 2 2
left_child=1 9 8 4 11 21 12 -6 -2 14 -8 -4 -7 -5 16 19 -1 -15 -16 -11 -10 -3
right_child=2 5 3 13 7 6 10 -9 20 15 -12 -13 -14 17 18 -17 -18 -19 -20 -21 -22 -23
leaf_value=-0.028740957230894395 0.013373108163082266 0.028437329720857767 -0.01692773838036405 0.00025465213567611299 0.014367378733942357 -0.029428465359607019 -0.011093343541046697 -0.0079229877989420005 -0.029765239499165042 -0.015926895516649955 0.014285813147066929 0.010816808806530524 0 0.010979814952691342 -0.009987258282552567 0.011398261234541013 0.000715618573412294 0.035963123344127913 0.0047397182679371841 0 -0.0063513438497479523 0.0068540589095149578
leaf_weight=68.186276167631149 4.1107310354709652 7.1010624244809142 28.115805512294173 8.566635459661482 125.18065219279379 17.691239324398342 9.8974274247884733 18.729587871581316 11.27508580312133 9.9858372956514376 31.540111534297466 6.6140507869422427 9.8759508905932289 14.389515198767183 10.161181333474817 7.6954028513282529 2.5641735363751641 26.750629290938377 6.0681182378903022 5.2908298578113309 7.2193506583571425 8.2577516511082631
leaf_count=1042 14 24 198 27 437 316 87 80 81 58 206 25 132 62 145 35 33 67 69 27 52 36
internal_value=4.74912e-05 -0.0108625 0.00859547 0.0114868 0.0066853 0.00150284 -0.00466018 0.0111818 -0.0163004 -0.0199898 0.00733016 -0.0105256 -0.0209344 0.0257887 -0.0239301 -0.00273761 -0.0275727 0.0301325 -0.0042577 -0.0115996 -0.0250645 0.0227922
internal_weight=445.267 194.315 250.952 228.347 178.64 84.3635 69.0047 143.91 22.6052 109.952 41.4375 34.7299 27.5672 49.7068 86.9797 22.9721 70.7504 41.1401 16.2293 15.2767 18.4944 15.3588
internal_count=3253 2210 1043 896 740 801 741 517 147 1409 293 223 448 156 1289 120 1075 129 214 85 133 60
is_linear=0
shrinkage=0.0435066


Tree=25
num_leaves=18
num_cat=0
split_feature=5 16 10 24 5 11 13 5 9 10 10 10 2 16 10 17 16
split_gain=23.2743 14.4728 5.5068 8.42224 5.93527 6.2487 3.40847 3.1602 2.49998 2.75988 1.54717 1.5042 2.20203 1.27671 1.11286 0.622465 0.309578
threshold=16.850000000000005 10.500000000000002 0.26206005414718198 1.0000000180025095e-35 38.250000000000007 0.078461538461538458 1.0000000180025095e-35 28.550000000000004 0.056438791732909353 0.23030303030303029 0.12074829931972787 0.34761152783260957 12.500000000000002 13.500000000000002 0.41070163004961019 54.945138888888899 13.500000000000002
decision_type=2 2 2 2 2 2 2 2 2 2 2 2 2 2 2 2 2
left_child=6 15 4 16 7 -6 8 -3 9 10 -1 12 -10 -5 -13 -2 -4
right_child=1 2 3 13 5 -7 -8 -9 11 -11 -12 14 -14 -15 -16 -17 -18
leaf_value=0.0045720268079632066 -0.031217629947482849 0.0077935478267820687 0.011084099668249239 0.0082603872632515847 0.012039187207919159 -0.011502689124358189 -0.034086796297836036 -0.0083861867723151462 -0.029496272824372519 0.015302511848837153 -0.01543736753086096 0.00548915370601177 0.0015099991509756746 -0.0092255696595776957 -0.012617718783298083 -0.001845698017545304 0.038148599364996788
leaf_weight=6.6709376368671718 13.172579062171282 26.472411154769361 9.4442982617765683 7.3104540221393135 174.39865409769118 18.554293408989906 19.219280319288373 68.194303669966757 17.895392701961104 6.5052521321922532 13.896913629025219 7.2904660124331695 3.7965788412839165 11.659035335760562 5.5148802828043699 3.2014125976711503 19.254738811403513
leaf_count=53 143 231 53 41 674 91 652 481 229 47 164 44 34 89 80 25 71
internal_value=0.000616985 0.00553965 0.0077147 0.0206084 0.00513428 0.00942307 -0.0195092 -0.00355163 -0.0119838 -0.00105462 -0.00903711 -0.0187849 -0.0246173 -0.00170255 -0.00341318 -0.0280753 0.0332275
internal_weight=432.452 351.662 335.288 47.6685 287.62 192.953 80.7897 94.6667 61.5704 27.0731 20.5679 34.4973 21.692 18.9695 12.8053 16.374 28.699
internal_count=3202 1899 1731 254 1477 765 1303 712 651 264 217 387 263 130 124 168 124
is_linear=0
shrinkage=0.0435066


Tree=26
num_leaves=21
num_cat=0
split_feature=5 4 4 6 6 17 2 21 7 5 17 6 2 11 8 10 9 2 9 2
split_gain=20.446 11.5906 9.31264 8.80466 14.7034 6.63932 6.01008 5.64942 4.54429 3.4159 3.33775 3.21947 2.69337 2.36707 2.32518 2.09542 0.832797 0.59852 0.902277 0.302083
threshold=16.850000000000005 36.750000000000007 38.550000000000004 94.350000000000009 108.15000000000002 41.655714285714296 10.500000000000002 1.0000000180025095e-35 3.5000000000000004 36.650000000000013 69.006250000000009 110.65000000000002 3.5000000000000004 0.14589665653495437 2022.5000000000002 0.094588550983899775 0.042791762013729959 12.500000000000002 0.017148526077097454 13.500000000000002
decision_type=2 2 2 2 2 2 2 2 2 2 2 2 2 2 2 2 2 2 2 2
left_child=2 6 15 -3 5 -5 8 10 14 -10 -8 -6 -4 16 -2 -1 -14 18 -17 -19
right_child=1 3 12 4 11 -7 7 -9 9 -11 -12 -13 13 -15 -16 17 -18 19 -20 -21
leaf_value=0.0011828115499476896 -0.024449456638818666 0.032078368524125697 0.017451053864181221 0.0051525453960584774 0.0026310505935956303 -0.033243970387291627 0.016139404705188622 -0.019563975026289412 -0.011456548678003293 0.0053904907919027226 -0.010400552634542608 0.019391010050126174 0 0.0090298959811354988 0 -0.001074807662886552 -0.021261923764392284 0.0022006319621771086 -0.033056186172102549 -0.009274689669414575
leaf_weight=3.2571262847632161 28.520979566499591 31.282349014654756 7.715162897482517 10.999819058924915 34.949034720659256 14.774268940091131 51.74669746030122 6.103720322251319 32.371606013737619 48.16438976302743 5.5217214170843354 73.531103119254112 4.4105240758508462 6.2949229776859275 9.8020629547536355 2.8718206118792287 6.7564874282106757 2.285667458549141 42.361638699658215 3.2038036622107029
leaf_count=28 218 96 48 75 190 135 255 49 274 218 35 292 44 39 62 47 91 35 909 62
internal_value=0.000488564 0.00511585 -0.0185661 0.013231 0.00748617 -0.0188125 -0.00240481 0.00784213 -0.00807216 -0.00161622 0.0126214 0.0145341 0.00266127 -0.00642005 -0.019208 -0.0278535 -0.015817 -0.0298164 -0.0316114 -0.00505672
internal_weight=426.925 347.768 79.1572 165.537 134.254 25.7741 182.231 63.3721 118.859 80.536 57.2684 108.48 25.1771 17.4619 38.323 53.9801 11.167 50.7229 45.2335 5.48947
internal_count=3202 1899 1303 788 692 210 1111 339 772 492 290 482 222 174 280 1081 135 1053 956 97
is_linear=0
shrinkage=0.0435066


Tree=27
num_leaves=22
num_cat=0
split_feature=5 4 4 21 4 6 6 5 1 9 5 25 2 1 10 17 11 9 22 14 2
split_gain=19.3478 10.4379 8.20164 6.75006 8.2885 7.68425 6.05173 5.57386 7.83572 4.85032 3.07382 4.17014 2.67189 2.66043 2.13018 2.04271 1.68027 0.993834 0.658971 0.416817 0.291182
threshold=16.850000000000005 37.650000000000013 38.550000000000004 1.0000000180025095e-35 40.45000000000001 105.65000000000002 73.40000000000002 37.750000000000007 2.5000000000000004 0.060024009603841501 80.750000000000014 1.5000000000000002 3.5000000000000004 3.5000000000000004 0.094588550983899775 41.655714285714296 0.12931995540691191 0.042791762013729959 1.5000000000000002 1.5000000000000002 12.500000000000002
decision_type=2 2 2 2 2 2 2 2 2 2 2 2 2 2 2 2 2 2 2 2 2
left_child=2 6 14 19 5 -5 7 9 -9 -2 11 -8 -4 -12 -1 -6 17 -14 20 -3 -16
right_child=1 3 12 4 15 -7 10 8 -10 -11 13 -13 16 -15 18 -17 -18 -19 -20 -21 -22
leaf_value=0.0018007452271215567 -0.010582521911255451 0.030792800189580048 0.016676441004191501 0.025408443051908015 0.001489529803224508 -0.014524797673881347 -0.030285490062875883 0.025794282151101994 -0.0026654432809688536 0.015665815086751668 -0.0079316386969462294 -0.0054038582176276105 8.0659601201222216e-05 0.011363842902077696 -0.031999049499974098 0.0252184811350918 0.0054923081410297838 -0.021908477032937489 -0.0014779420350380357 0.0078837454444846272 -0.0057688518654141563
leaf_weight=3.1104610599577418 44.438562789000571 33.384379466995597 7.6931543964892652 5.2049191761761895 10.946846559643744 36.262782642617822 14.581951746717094 36.307982128113508 29.021350460126996 11.575031921267508 22.94808728992939 45.68128044065088 4.3331158850342053 18.370902925729752 40.944919153582305 26.359466716647148 7.3555625118315211 5.6744857635349035 3.0119540728628627 8.6835610512644035 5.1281411470845333
leaf_count=28 311 116 48 16 38 288 148 116 129 72 101 368 44 74 915 82 52 78 48 40 90
internal_value=0.000553384 0.00505961 -0.0182125 0.0149993 0.00635052 -0.00653256 -0.000557516 0.00581907 0.0139164 -0.00392994 -0.00815932 -0.0139432 0.00180589 0.000816185 -0.0271277 0.0197424 -0.00711398 -0.015501 -0.0291382 0.027963 -0.0303477
internal_weight=421.019 343.767 77.2518 120.842 78.774 41.4677 222.925 121.343 65.3293 56.0136 101.582 60.2632 25.0563 41.319 52.1955 37.3063 17.3632 10.0076 49.085 42.0679 46.0731
internal_count=3202 1899 1303 580 424 304 1319 628 245 383 691 516 222 175 1081 120 174 122 1053 156 1005
is_linear=0
shrinkage=0.0435066


Tree=28
num_leaves=19
num_cat=0
split_feature=13 4 16 6 6 5 4 17 4 4 9 5 5 17 7 6 5 6
split_gain=18.5514 12.6033 11.7762 9.68244 13.9046 8.01558 6.91672 6.71902 6.04116 3.94695 2.94816 1.68013 1.73909 0.992003 0.919104 0.890673 0.653711 0.203278
threshold=0.36666666666666675 36.650000000000013 13.500000000000002 94.350000000000009 110.65000000000002 34.650000000000013 38.550000000000004 39.314871794871806 40.45000000000001 42.250000000000007 0.060024009603841501 72.750000000000014 90.450000000000017 65.755219780219804 2.5000000000000004 61.150000000000013 141.65000000000003 161.25000000000003
decision_type=2 2 2 2 2 2 2 2 2 2 2 2 2 2 2 2 2 2
left_child=1 2 11 14 8 7 -6 -4 -5 16 -7 13 -13 -1 -3 -16 17 -2
right_child=9 3 5 4 6 10 -8 -9 -10 -11 -12 12 -14 -15 15 -17 -18 -19
leaf_value=-0.030700764689751459 -0.036709761198731823 0.0062659225285249757 0.0072361639682402669 -0.015523762780920039 0.00078941892592910429 0.0095271989719433719 0.026218314435178768 -0.029143257989272926 0.0090901187882489951 0.0098915314396592936 -0.0082943849227179681 0.008340747281104257 -0.014063630643644347 0 0.0078815899926036968 0.035644933078600831 0 -0.00010184293975060881
leaf_weight=25.701844921335582 22.801990758162002 8.2383014317601901 11.392423294484617 52.598542915657163 33.567325258627534 100.59007186163217 49.799243662506342 18.947020947933197 22.052995003759861 1.0608928352594365 15.200548930093644 4.4788116961717597 11.22355070337653 2.1698620766401282 8.2808030322194082 24.50629960745573 1.1957074217498291 0.8868985497392704
leaf_count=333 744 44 102 468 203 432 187 269 83 3 73 21 64 22 40 77 8 29
internal_value=0.00061653 0.00322692 -0.00468755 0.0107285 0.0052283 0.00142629 0.0168911 -0.0163455 -0.00798239 -0.0309813 0.00678801 -0.0229101 -0.00664786 -0.028783 0.0280812 0.0313587 -0.0347358 -0.0359903
internal_weight=414.693 388.748 189.704 199.044 158.018 146.13 83.3666 30.3394 74.6515 25.9455 115.791 43.5741 15.7024 27.8717 41.0254 32.7871 24.8846 23.6889
internal_count=3202 2418 1316 1102 941 876 390 371 551 784 505 440 85 355 161 117 781 773
is_linear=0
shrinkage=0.0435066


Tree=29
num_leaves=17
num_cat=0
split_feature=13 4 16 16 27 4 5 10 4 0 21 5 17 5 3 9
split_gain=17.2865 12.4204 11.1467 9.31659 12.0826 9.38122 7.45327 4.93138 3.99857 3.49554 2.22447 1.93147 1.26154 0.812278 0.6662 0.420233
threshold=0.36666666666666675 36.650000000000013 13.500000000000002 9.5000000000000018 1.5000000000000002 42.150000000000013 37.750000000000007 0.22653958944281524 42.250000000000007 2500.0000000000005 1.0000000180025095e-35 72.750000000000014 65.755219780219804 99.500000000000014 57.500000000000007 1.0000000180025095e-35
decision_type=2 2 2 2 2 2 2 2 2 2 2 2 2 2 2 2
left_child=1 2 11 -3 5 -5 10 -8 14 -6 -4 12 -1 -13 15 -2
right_child=8 3 6 4 9 -7 7 -9 -10 -11 -12 13 -14 -15 -16 -17
leaf_value=-0.031326394207387018 -9.2852980490369422e-05 -0.025951095509866823 -0.0037754210211191339 -0.0035709517384852848 0.028384322287380748 0.02591237823747395 0.01567125413162063 -0.010747060532299346 0.010178304351122392 0.0022949376957004984 -0.022420350184571863 0.0042519898402727085 0 -0.011152057012233443 0 -0.036802993192762597
leaf_weight=24.808555056340996 1.2017085338011479 6.4753328440710893 63.533335943706334 90.386502766981721 67.914113676175475 19.353694662451744 59.486106470227242 11.383725121617315 1.0890807509422291 13.56290892139077 10.508172444999216 4.8466489650309077 2.2385007515549651 10.698806535452603 1.3853841782547522 21.570464164949954
leaf_count=333 30 84 545 611 286 50 194 58 3 71 79 26 22 59 27 724
internal_value=0.000525401 0.00304383 -0.0048631 0.0105084 0.0126086 0.00270312 0.00109345 0.0107499 -0.0303231 0.0246475 -0.00814624 -0.0227898 -0.0290646 -0.00605559 -0.0342518 -0.0356614
internal_weight=410.443 385.196 187.504 197.693 191.217 109.74 144.911 70.8698 25.2466 81.477 74.0415 42.5925 27.0471 15.5455 24.1576 22.7722
internal_count=3202 2418 1316 1102 1018 661 876 252 784 357 624 440 355 85 781 754
is_linear=0
shrinkage=0.0435066


Tree=30
num_leaves=21
num_cat=0
split_feature=5 13 2 1 18 17 7 1 5 6 1 7 16 5 5 6 2 9 8 5
split_gain=15.8226 9.68846 7.29378 12.1955 5.19299 4.82599 4.70028 4.45273 5.26944 3.52886 2.29426 1.93525 2.64544 1.89871 1.14766 1.13152 0.378453 0.326861 0.126652 0.0867964
threshold=38.250000000000007 1.0000000180025095e-35 7.5000000000000009 1.5000000000000002 11.500000000000002 73.996410256410272 2.5000000000000004 1.5000000000000002 16.850000000000005 146.15000000000001 4.5000000000000009 4.5000000000000009 15.500000000000002 39.750000000000007 184.20000000000002 125.35000000000001 2.5000000000000004 1.0000000180025095e-35 2022.5000000000002 33.45000000000001
decision_type=2 2 2 2 2 2 2 2 2 2 2 2 2 2 2 2 2 2 2 2
left_child=1 6 3 13 15 11 16 9 -9 -8 -6 18 -13 -2 -7 -5 -1 -3 -4 -19
right_child=2 17 5 4 10 14 7 8 -10 -11 -12 12 -14 -15 -16 -17 -18 19 -20 -21
leaf_value=-0.0014446847391913805 0 0 0.023190299089206921 -0.023538507467607071 0.0090808341936623998 -0.014759773570818131 -0.012190162327743359 -0.00500875307581416 0.014645304157797022 0.014805954773495051 -0.0087610920327850523 -0.0063134288278847038 0.018486584250431887 0.026864044773255547 0.0037931440813475941 0 -0.025988368936782334 -0.032584120100689784 0.0076697790309393759 -0.00037559813917599564
leaf_weight=3.112453516572713 6.6002885848283794 0.92913299240172165 74.56097979657352 26.696684119291607 23.888962812721729 5.5820288620889169 61.568025685846806 44.593974096700549 46.37758612819016 4.6582153923809519 18.080286867916584 13.142146892845632 7.5424810796976081 21.478398537263274 7.646581344306469 3.8731786087155333 10.697197002358733 20.384312803857032 11.613860459998248 0.95551508385687967
leaf_count=38 17 29 243 207 96 36 483 462 323 21 86 74 21 82 31 26 129 748 47 19
internal_value=0.00130985 -0.00761543 0.00916446 0.000298802 -0.00905625 0.0161154 -0.00347672 -0.000829386 0.00521684 -0.00899654 0.00104236 0.019097 0.00462184 0.0219114 -0.005813 -0.0209391 -0.0231889 -0.0310652 0.0218935 -0.0319288
internal_weight=413.982 193.276 220.706 100.618 72.5391 120.088 171.007 157.198 90.9716 66.2262 41.9692 106.859 20.6846 28.0787 13.2286 30.5699 13.8097 22.269 86.1748 21.3398
internal_count=3218 2252 966 514 415 452 1456 1289 785 504 182 385 95 99 67 233 167 796 290 767
is_linear=0
shrinkage=0.0435066


Tree=31
num_leaves=21
num_cat=0
split_feature=5 4 16 0 4 1 4 5 5 6 16 10 5 21 4 8 3 16 6 11
split_gain=14.7113 8.16612 6.40451 5.71414 6.84635 5.10021 6.36138 3.88141 3.78896 3.52376 3.21566 3.1856 2.92505 2.92138 2.85828 2.13267 1.95621 1.34833 1.13546 0.681734
threshold=38.250000000000007 39.850000000000001 9.5000000000000018 1550.0000000000002 36.45000000000001 2.5000000000000004 36.650000000000013 34.550000000000004 63.45000000000001 109.65000000000002 13.500000000000002 0.15759905381431102 35.150000000000013 1.0000000180025095e-35 39.850000000000001 2016.5000000000002 55.250000000000007 15.500000000000002 73.40000000000002 0.071067821067821071
decision_type=2 2 2 2 2 2 2 2 2 2 2 2 2 2 2 2 2 2 2 2
left_child=1 3 -2 4 16 13 11 17 -8 19 -11 -7 -9 18 -15 -6 -1 -5 -4 -3
right_child=2 9 5 7 15 6 8 12 -10 10 -12 -13 -14 14 -16 -17 -18 -19 -20 -21
leaf_value=-0.016221396558417634 -0.02146664825907043 0.0036660508568215349 0.03175694974426807 -0.026068752508803354 -0.0035148569221691919 0.0045043525757278227 -0.0061736102110271336 0.01146812975397285 0.016121000340910244 -0.0018817094722003535 0.031014210466960068 -0.015425527157787056 -0.011472515378277693 -0.0060358324283644651 0.017855890490094544 0.022737030978511968 0.00069641595879175176 -0.0013149312545417523 0.013031851112386398 -0.011746668152405791
leaf_weight=28.193278905004263 6.3948439657688132 4.2164395004510897 24.515115961432457 53.256470055319369 5.005483289249244 22.022952359169722 13.630642574280499 8.7254716083407384 64.988349605351686 6.3466826025396594 11.528534889221191 27.729971451684833 28.457789152860641 16.026382707059387 10.017298143357037 15.689949915744362 18.050347456242889 6.1792498510330907 31.052247572690248 5.6750261774286628
leaf_count=472 65 27 64 986 44 99 76 42 266 42 37 158 180 96 35 90 201 93 107 38
internal_value=0.00124154 -0.0073865 0.00890869 -0.0111301 -0.000972669 0.0104986 0.00458569 -0.0175635 0.0119607 0.0122951 0.0215392 -0.00692467 -0.00495134 0.0186582 0.00457893 0.0166963 -0.0101566 -0.0240322 0.0239215 -0.00571617
internal_weight=407.703 191.325 216.378 163.558 66.9391 209.983 128.372 96.619 78.619 27.7667 17.8752 49.7529 37.1833 81.611 26.0437 20.6954 46.2436 59.4357 55.5674 9.89147
internal_count=3218 2252 966 2108 807 901 599 1301 342 144 79 257 222 302 131 134 673 1079 171 65
is_linear=0
shrinkage=0.0435066


Tree=32
num_leaves=19
num_cat=0
split_feature=4 13 16 25 6 21 27 4 2 8 16 4 18 4 1 6 11 4
split_gain=15.2931 11.5139 8.00805 7.43627 8.79546 6.54726 6.44869 6.20029 5.02464 3.04834 2.34703 1.78085 1.43024 1.14304 1.09978 1.00852 0.986019 0.143206
threshold=38.850000000000001 0.45000000000000007 11.500000000000002 2.5000000000000004 60.650000000000013 1.0000000180025095e-35 1.5000000000000002 40.45000000000001 8.5000000000000018 2021.5000000000002 12.500000000000002 42.250000000000007 12.500000000000002 39.150000000000013 4.5000000000000009 106.95000000000002 0.067496392496392457 38.550000000000004
decision_type=2 2 2 2 2 2 2 2 2 2 2 2 2 2 2 2 2 2
left_child=1 2 8 5 -5 -4 7 9 -1 15 11 -9 17 -11 -8 -2 -12 -3
right_child=6 12 3 4 -6 -7 14 10 -10 13 16 -13 -14 -15 -16 -17 -18 -19
leaf_value=-0.029835391301145864 0.001835979436221685 -0.034165066275295843 0.0010563987879336539 -0.016782932204175635 0.01824925600029358 -0.018444490568967166 0.03848876517978618 -0.011973263896983409 0.0054972001250767353 0.016276265040004064 0.027881571802681939 0.01126730245005359 0.00028925812126208498 -0.0027412186206805214 0.0084151861302174981 -0.020871878544326726 0.0080619526239527426 -3.056426567606886e-05
leaf_weight=20.277983896434311 2.3785836994648006 18.008199805859483 140.29596333857626 10.967623546719549 66.880595654249191 35.388743894174695 16.383884503506128 5.895991472527383 7.5442672781646243 4.3078687610104671 18.446067415177822 6.0181477330625057 1.8569286391139019 8.394208921119569 8.653043342754243 13.397881915792821 17.282985255122185 0.8467392148450007
leaf_count=237 20 697 891 109 345 319 49 37 48 24 58 19 14 77 46 139 62 27
internal_value=0.00125941 -0.0036608 -0.000986169 0.00160778 0.0122792 -0.00333566 0.0153774 0.0075818 -0.0207363 -0.00725645 0.0164432 0 -0.030692 0.00651644 0.0322988 -0.0174606 0.0212553 -0.0334307
internal_weight=403.226 302.067 281.355 253.533 77.8482 175.685 101.159 76.1217 27.8223 28.4785 47.6432 11.9141 20.7119 12.7021 25.0369 15.7765 35.7291 18.8549
internal_count=3218 2687 1949 1664 454 1210 531 436 285 260 176 56 738 101 95 159 120 724
is_linear=0
shrinkage=0.0435066


Tree=33
num_leaves=22
num_cat=0
split_feature=4 5 0 4 27 4 16 0 0 4 2 16 16 1 6 11 16 27 4 5 3
split_gain=14.7539 13.1784 6.70932 6.28685 5.09779 5.29067 4.03979 3.20921 7.05642 3.62604 2.68698 2.60265 2.27167 1.75133 1.33387 1.46875 1.29482 1.42447 1.29371 0.999249 0.060443
threshold=39.150000000000013 34.650000000000013 1550.0000000000002 36.45000000000001 1.5000000000000002 40.45000000000001 11.500000000000002 1350.0000000000002 1750.0000000000002 36.550000000000004 8.5000000000000018 14.500000000000002 12.500000000000002 2.5000000000000004 107.15000000000002 0.031372549019607808 15.500000000000002 1.0000000180025095e-35 42.250000000000007 111.45 55.250000000000007
decision_type=2 2 2 2 2 2 2 2 2 2 2 2 2 2 2 2 2 2 2 2 2
left_child=1 2 3 11 5 14 10 9 -9 -8 -3 -1 18 -5 -2 -16 17 -4 -7 -14 -18
right_child=4 6 16 13 -6 12 7 8 -10 -11 -12 -13 19 -15 15 -17 20 -19 -20 -21 -22
leaf_value=-0.021828552199692472 0.0080212177659505779 -0.02361072004077177 0.00028225579876501358 0.022342064899370431 0.03206888652151868 -0.010567387981572774 0.0051237710991792603 -0.011175445785245741 0.0088557128664000159 0.027559623932877562 0.0056852235074821445 0.00095235355162506168 0.024442526820737012 -0.0004308524360977263 0.0033377470200294189 -0.018219910946876878 0.0001108269547591197 -0.030151826208720003 0.009316334888906869 0.0033634117417902431 -0.0045268803494218851
leaf_weight=20.49202284635976 2.5230600051581886 10.53644309658557 2.2769461972638956 9.5277979429811257 22.236191751435399 5.6916964109987003 55.717944256030023 50.73494391515851 72.90141721162945 14.56013563275337 5.1398604214191428 12.571626832708715 26.095591954886913 8.8269784040749055 5.1264910809695747 12.631841287948189 4.0470313671976319 41.339434631634504 5.9927052892744541 8.9345330372452718 1.842424123547971
leaf_count=408 16 104 35 58 83 37 256 314 326 39 27 180 91 67 35 141 59 860 19 29 34
internal_value=0.00123506 -0.0032791 -0.0156979 -0.00361531 0.0162029 0.00842386 0.00294735 0.00485609 0.000410431 0.0118474 -0.0147026 -0.0141816 0.0159061 0.013742 -0.00811133 -0.0123563 -0.0261871 -0.028532 -0.00013169 0.0206795 -0.00214393
internal_weight=399.747 310.515 100.924 51.4184 89.2321 66.9959 209.591 193.914 123.636 70.2781 15.6763 33.0636 46.7145 18.3548 20.2814 17.7583 49.5058 43.6164 11.6844 35.0301 5.88946
internal_count=3218 2767 1701 713 451 368 1066 935 640 295 131 588 176 125 192 176 988 895 56 120 93
is_linear=0
shrinkage=0.0435066


Tree=34
num_leaves=23
num_cat=0
split_feature=4 18 1 16 27 4 3 3 4 21 6 6 6 6 11 4 4 3 27 17 10 17
split_gain=13.8709 8.99085 7.84003 5.94118 4.9289 4.92038 3.75431 5.20938 3.59035 2.2146 2.00484 1.72245 3.73185 2.90844 1.67774 1.3421 1.25179 1.22762 0.95815 0.824835 0.797357 0.13117
threshold=39.150000000000013 10.500000000000002 2.5000000000000004 15.500000000000002 1.5000000000000002 41.750000000000007 52.500000000000007 54.500000000000007 36.550000000000004 1.0000000180025095e-35 105.85000000000001 72.250000000000014 69.550000000000011 94.350000000000009 0.031372549019607808 38.850000000000001 36.350000000000001 55.250000000000007 1.0000000180025095e-35 58.26250000000001 0.18734335839598995 53.775000000000006
decision_type=2 2 2 2 2 2 2 2 2 2 2 2 2 2 2 2 2 2 2 2 2 2
left_child=1 2 6 15 5 14 16 -8 11 17 -11 12 -3 -13 21 -4 -1 -10 -16 -5 -7 -2
right_child=4 8 3 19 -6 20 7 -9 9 10 -12 13 -14 -15 18 -17 -18 -19 -20 -21 -22 -23
leaf_value=-0.0022412085450402497 0.012151337334927376 -0.011211485673442587 -0.026093573610658186 0.009864475566990041 0.031060885053616583 0.027033239814913235 -0.024759029436676027 -8.9631798095117103e-05 0.02214620935274891 0.014127312947335205 -0.0090360785333697506 -0.022842185117575912 0.014298291305741674 0.0017030710746362991 0.0061916662329137484 6.0281886867845581e-05 0.022284479418605431 0.0011315428186998312 -0.0093008319840119594 -0.0055253733623831357 0.0046720410243245901 0.00084506802046737468
leaf_weight=2.9220575997605911 6.6394988056272251 11.31804704852402 58.924759440589696 9.2854776019230467 22.113809533417225 13.958386059850456 13.417689219117163 91.298212990164757 28.959035214036703 5.0622490271925953 11.65622162260115 8.5352074764668959 21.695434648543596 19.5069072637707 3.9946960099041489 3.0934638362377873 8.3831104785203916 8.2524793557822687 27.371487741358578 4.962009470909833 8.7709769010543805 5.9704158045351505
leaf_count=49 33 67 1007 113 83 42 252 684 86 19 91 45 76 93 22 33 45 34 208 73 30 33
internal_value=0.000930149 -0.00347454 -0.00913507 -0.0193821 0.0154698 0.00785918 -0.00164452 -0.00460655 0.00589074 0.0134301 0 -0.00127266 0.00489142 -0.00837493 -0.000979729 -0.0247604 0.0168786 0.0185793 -0.00633618 0.00396759 0.0217125 0.00943662
internal_weight=396.092 307.272 192.287 76.2657 88.8193 66.7055 116.021 104.716 114.986 53.93 16.7185 61.0556 33.0135 28.0421 43.9761 62.0182 11.3052 37.2115 31.3662 14.2475 22.7294 12.6099
internal_count=3218 2767 2256 1226 451 368 1030 936 511 230 110 281 143 138 296 1040 94 120 230 186 72 66
is_linear=0
shrinkage=0.0435066


Tree=35
num_leaves=19
num_cat=0
split_feature=18 4 4 27 0 6 6 0 5 4 10 17 7 3 17 11 6 6
split_gain=11.1705 7.23789 5.91193 6.88107 5.02047 6.34986 6.06229 4.48957 6.14338 5.91495 4.4826 3.37313 2.59921 1.94992 1.35584 0.934997 0.282593 0.317454
threshold=6.5000000000000009 41.750000000000007 39.850000000000001 3.5000000000000004 1100.0000000000002 108.45000000000002 60.550000000000004 1350.0000000000002 194.90000000000003 34.850000000000001 0.094588550983899775 41.939285714285724 3.5000000000000004 53.500000000000007 34.32083333333334 0.026671408250355601 109.95000000000002 108.95000000000002
decision_type=2 2 2 2 2 2 2 2 2 2 2 2 2 2 2 2 2 2
left_child=1 10 3 4 6 -6 -2 9 -9 -5 -1 14 13 -12 -4 -14 17 -13
right_child=2 -3 11 7 5 -7 -8 8 -10 -11 12 16 15 -15 -16 -17 -18 -19
leaf_value=0.010751347650036271 -0.016857996210567786 0.017237903269306767 0.0080697476561104042 0.0011655998940946295 -0.027152748878653137 0.0026713071122253661 0.021016371937064796 -0.0039854898466864172 0.019559974853240038 0.028331528342023005 -0.0074130089920343492 0.011755489651528835 0.005115640697911805 -0.033667088067988453 -0.01113859222060281 -0.01063891567506311 0.026080580701163106 0
leaf_weight=4.4131472976878277 7.275693015195432 6.4795857518911353 8.1636629812419397 33.161436405964196 32.405819974839687 18.162396563217044 12.922356396913527 109.8226726539433 19.060234233736992 23.818857565522194 12.821956770494578 6.3043588586151582 4.9681375315412906 29.846989221870899 6.5761926472187033 15.07082191808149 23.54422165080905 5.6446128636598587
leaf_count=32 74 21 35 193 307 129 58 725 65 101 238 34 66 692 27 325 75 26
internal_value=-0.000298555 -0.0148148 0.00338668 0.000522485 -0.0104141 -0.0171824 0.00621207 0.00495059 0.000196044 0.0144223 -0.0192975 0.0161014 -0.0223708 -0.02801 -0.000813751 -0.00605683 0.0224024 0.00796296
internal_weight=380.463 73.6006 306.863 256.629 70.7663 50.5682 20.198 185.863 128.883 56.9803 67.1211 50.233 62.7079 42.6689 14.7399 20.039 35.4932 11.949
internal_count=3223 1374 1849 1652 568 436 132 1084 790 294 1353 197 1321 930 62 391 135 60
is_linear=0
shrinkage=0.0435066


Tree=36
num_leaves=9
num_cat=0
split_feature=13 16 25 6 6 6 6 6
split_gain=12.2805 7.41743 4.03576 9.90509 4.03073 9.00145 5.76011 0.884845
threshold=0.70833333333333337 9.5000000000000018 1.0000000180025095e-35 164.75000000000003 110.15000000000002 103.35000000000001 111.95000000000002 69.15000000000002
decision_type=2 2 2 2 2 2 2 2
left_child=1 7 3 -3 5 -4 -6 -1
right_child=-2 2 4 -5 6 -7 -8 -9
leaf_value=0 -0.035191844845987974 -0.030476043003089943 0.0065078933843560425 0.017453730499573997 0.024954946553556855 -0.011185108831095405 0.0028387412658379451 -0.028626739345038031
leaf_weight=1.7578567638993252 11.771471928805111 14.189587189350279 163.89624291518703 7.7851726664230219 30.78085351549089 73.365931277163327 63.43726534768939 10.237654907163231
leaf_count=14 499 146 1074 32 142 717 428 171
internal_value=-0.000371312 0.00132011 0.00270444 -0.0130338 0.00400876 0.000842815 0.011311 -0.0255187
internal_weight=377.222 365.451 353.455 21.9748 331.48 237.262 94.2181 11.9955
internal_count=3223 2724 2539 178 2361 1791 570 185
is_linear=0
shrinkage=0.0435066


Tree=37
num_leaves=9
num_cat=0
split_feature=13 16 25 6 6 6 6 6
split_gain=11.3182 6.26451 3.80172 7.73431 3.45276 8.87618 4.98505 0.895114
threshold=0.70833333333333337 9.5000000000000018 1.0000000180025095e-35 164.95000000000002 110.15000000000002 103.35000000000001 111.95000000000002 69.15000000000002
decision_type=2 2 2 2 2 2 2 2
left_child=1 7 3 -3 5 -4 -6 -1
right_child=-2 2 4 -5 6 -7 -8 -9
leaf_value=0.00012265840167835506 -0.034404336982734665 -0.027647594643893474 0.0062828009562606894 0.015746738233845096 0.0231069138082826 -0.011316849705137765 0.0024989325347724179 -0.027136273130609134
leaf_weight=1.7389970310032357 11.32404118683189 14.608040817547591 163.88768346700817 6.7303598141297689 30.533586791716516 72.977686794474721 63.452748853480443 9.8080108445137721
leaf_count=14 499 150 1074 28 142 717 428 171
internal_value=-0.000548073 0.00106575 0.00233221 -0.0131171 0.00359261 0.000661174 0.0103583 -0.0239102
internal_weight=375.061 363.737 352.19 21.3384 330.852 236.865 93.9863 11.547
internal_count=3223 2724 2539 178 2361 1791 570 185
is_linear=0
shrinkage=0.0435066


Tree=38
num_leaves=10
num_cat=0
split_feature=13 16 5 1 8 6 17 17 5
split_gain=10.6407 6.1801 3.79457 2.93749 2.87758 3.07803 1.31125 1.24279 1.12602
threshold=0.70833333333333337 9.5000000000000018 6.8500000000000005 2.5000000000000004 2016.5000000000002 156.05000000000004 37.952857142857148 13.716666666666669 111.45
decision_type=2 2 2 2 2 2 2 2 2
left_child=1 7 3 6 8 -6 -3 -1 -4
right_child=-2 2 4 -5 5 -7 -8 -9 -10
leaf_value=0.0008700485766060755 -0.033751510601013376 0.013176831714948717 -0.0012330453464111087 -0.023373757125126831 0.0061908947532088978 -0.010657064595960976 -0.0081446807940989598 -0.02804562166786689 -0.016714488777415333
leaf_weight=2.1532216798514119 10.909239425789563 5.1622128644958156 29.108937904238701 12.069711270742117 277.36466562189162 15.862320290878413 3.8052074257284403 9.4449876677244884 8.3965917900204641
leaf_count=17 499 42 225 239 1802 128 67 168 36
internal_value=-0.000518169 0.00102942 0.00229114 -0.0132327 0.00354506 0.00503401 0.00385881 -0.0237396 -0.00688901
internal_weight=374.277 363.368 351.77 21.0371 330.733 293.227 8.96742 11.5982 37.5055
internal_count=3223 2724 2539 348 2191 1930 109 185 261
is_linear=0
shrinkage=0.0435066


Tree=39
num_leaves=13
num_cat=0
split_feature=13 4 6 5 4 27 4 17 10 17 11 11
split_gain=9.90371 7.48576 7.20202 5.97398 5.87075 7.85114 3.58432 3.01458 2.80253 1.9002 0.644315 0.0694483
threshold=0.70833333333333337 40.650000000000013 73.40000000000002 184.20000000000002 36.650000000000013 3.5000000000000004 33.850000000000001 41.939285714285724 0.15007309941520466 36.63883928571429 0.040833333333333312 0.073801742919389915
decision_type=2 2 2 2 2 2 2 2 2 2 2 2
left_child=1 2 4 6 5 -1 -4 9 -5 -3 -6 -9
right_child=-2 7 3 8 10 -7 -8 11 -10 -11 -12 -13
leaf_value=-0.018901635154957571 -0.03293481198480442 0.010937490383533265 0.0057795194788604967 -0.0035934783221830062 0.0058869994809255663 0.0074393950939527168 -0.012574994482579009 0.026595633114648735 0.018866082655323788 -0.012069344422137213 0.028858798879299052 0.006838848721569867
leaf_weight=21.215930448845029 10.509825242217628 7.7722370065748674 18.692542478442192 15.043901663273575 8.6604099124670046 87.115585463587195 138.84691363200545 20.476336192339662 16.414267720654607 6.4397343993186951 13.836879177018998 7.7049366757273665
leaf_count=225 499 34 110 69 44 537 1466 68 60 28 52 31
internal_value=-0.000483625 0.000996061 -0.00137213 -0.00673626 0.00625559 0.00141318 -0.0101927 0.0168706 0.00908676 0 0.0236714 0.0237832
internal_weight=372.73 362.22 319.826 188.998 130.829 108.332 157.539 42.3932 31.4582 14.212 22.4973 28.1813
internal_count=3223 2724 2563 1705 858 762 1576 161 129 62 96 99
is_linear=0
shrinkage=0.0435066


Tree=40
num_leaves=10
num_cat=0
split_feature=16 13 18 9 5 14 2 8 17
split_gain=10.4259 8.45782 4.97905 4.88336 4.46126 1.9436 2.33504 2.29112 0.898594
threshold=9.5000000000000018 0.70833333333333337 12.500000000000002 0.17515516611902152 16.450000000000003 1.5000000000000002 6.5000000000000009 2019.0000000000002 56.024553571428577
decision_type=2 2 2 2 2 2 2 2 2
left_child=-1 2 3 4 -2 7 -7 -4 -5
right_child=1 -3 5 8 -6 6 -8 -9 -10
leaf_value=-0.031136117072733616 -0.012326657042029718 -0.029909947444466373 0.0014094781720193916 0.02545543783605252 0.0017134837790422908 -0.012482926783593095 0.010374807886843461 0.021959778664368899 0
leaf_weight=12.258063086308537 46.269042145926505 8.4896141043864173 15.9806618578732 10.155263075605033 218.90542286541313 7.7499904260039356 14.110386516898869 38.016789257526398 3.7254075640812507
leaf_count=256 716 410 55 88 1433 37 54 138 50
internal_value=0.000467381 0.00209038 0.0034092 0.00058294 -0.000936149 0.0128151 0.000910572 0.0168511 0.0211245
internal_weight=375.661 363.403 354.913 279.055 265.174 75.8578 21.8604 53.9975 13.8807
internal_count=3237 2981 2571 2287 2149 284 91 193 138
is_linear=0
shrinkage=0.0435066


Tree=41
num_leaves=24
num_cat=0
split_feature=4 5 21 4 25 0 7 16 2 21 17 4 17 7 16 23 17 3 17 28 11 17 11
split_gain=10.3748 9.84674 6.51729 7.98586 5.32843 4.58075 4.03907 3.62079 4.35599 3.37724 2.71101 2.50023 2.43974 2.38855 2.35152 2.54972 2.05206 0.991886 0.963758 1.25552 0.442122 0.107771 0.0483932
threshold=37.650000000000013 34.250000000000007 1.0000000180025095e-35 40.45000000000001 1.5000000000000002 1650.0000000000002 2.5000000000000004 15.500000000000002 13.500000000000002 1.0000000180025095e-35 41.939285714285724 37.050000000000004 82.19687500000002 3.5000000000000004 11.500000000000002 1.5000000000000002 36.63883928571429 53.500000000000007 49.301339285714285 0.76666666666666672 0.10172413793103446 53.775000000000006 0.071067821067821071
decision_type=2 2 2 2 2 2 2 2 2 2 2 2 2 2 2 2 2 2 2 2 2 2 2
left_child=1 7 14 5 12 -4 -6 8 11 -8 16 -1 17 -7 21 -16 -5 -3 20 -20 -9 -2 -12
right_child=2 4 3 10 6 13 9 18 -10 -11 22 -13 -14 -15 15 -17 -18 -19 19 -21 -22 -23 -24
leaf_value=-0.03025111548146588 -0.0029562586585631873 -0.00051180000286894052 0.019485331058902818 0.010970670969752724 -0.017453454178324258 -0.018360586053531351 0.0099788217111483769 -0.00047510612185091769 0.0092462198078344868 -0.0051268299271622969 0.027572702968283146 -0.0025179981516018327 0.0043909021902060457 0.00060330412570221517 0.032909562687442682 0.0009801275325089611 -0.012352572943195856 -0.027304178131070556 0.0065437636358480038 -0.01448641655151795 0.014100629294711937 0.0033961101208393398 0.0079665559564159379
leaf_weight=39.960309434682131 3.5906939823180428 4.2557681985199514 4.0228693801909676 10.05462294816971 8.3453806624747795 30.938049023039639 107.69183797296137 3.9365420565009144 3.7987649459391823 31.624496543779969 15.711966030299665 9.4818376428447646 5.2699828203767529 16.809928664937615 25.937225141329691 6.7951112263835958 5.9582361727952948 11.874564277008174 3.4309736741706711 6.5115932822227478 2.9141218410804868 3.5111292097717524 9.2233965285122377
leaf_count=942 38 23 14 43 84 407 494 48 43 201 57 128 26 155 121 36 28 93 45 119 33 19 40
internal_value=0.000728226 -0.0046327 0.0102345 0.00320345 0.00113106 -0.00768784 0.00431047 -0.0175898 -0.0226061 0.00640493 0.0163505 -0.0260252 -0.0163312 -0.012228 0.0236315 0.0278011 0.000782458 -0.0228615 0 -0.00689981 0.00882316 0 0.0237941
internal_weight=371.649 239.096 132.553 92.7191 169.062 51.7708 147.662 70.0341 53.2409 139.316 40.9482 49.4421 21.4003 47.748 39.8342 32.7323 16.0129 16.1303 16.7932 9.94257 6.85066 7.10182 24.9354
internal_count=3237 2279 958 744 921 576 779 1358 1113 695 168 1070 142 562 214 157 71 116 245 164 81 57 97
is_linear=0
shrinkage=0.0435066


Tree=42
num_leaves=10
num_cat=0
split_feature=13 16 4 6 21 4 6 5 22
split_gain=8.48209 7.60281 7.30138 8.25388 7.21731 6.26198 5.51793 4.30385 2.35248
threshold=0.70833333333333337 9.5000000000000018 37.650000000000013 73.40000000000002 1.0000000180025095e-35 40.45000000000001 69.550000000000011 302.85000000000008 1.0000000180025095e-35
decision_type=2 2 2 2 2 2 2 2 2
left_child=1 -1 3 6 8 -6 -3 -5 -4
right_child=-2 2 4 7 5 -7 -8 -9 -10
leaf_value=-0.026839234588032914 -0.030530492722296593 -0.00072127985529375554 0.033470063919668759 -0.013415958394092256 -0.0060504174355965499 0.015458160374300237 0.017633076166108614 0.015759500487219896 0.006547937803262063
leaf_weight=10.047540934756396 9.3377248169854266 87.034180026501417 22.907538679428399 89.206967880018055 49.793484373018146 40.627443421632051 40.431313228793442 4.8731994330883017 13.938830662518738
leaf_count=184 482 589 89 908 480 168 234 17 86
internal_value=0.000597212 0.00196483 0.00329989 -0.00146578 0.0113385 0.00389931 0.00559993 -0.0108816 0.0260324
internal_weight=368.198 358.86 348.813 221.546 127.267 90.4209 127.465 94.0802 36.8464
internal_count=3237 2755 2571 1748 823 648 823 925 175
is_linear=0
shrinkage=0.0435066


Tree=43
num_leaves=20
num_cat=0
split_feature=4 5 0 18 24 7 4 16 7 27 4 17 8 17 17 4 10 7 5
split_gain=8.44815 8.38634 5.24694 4.53119 3.31906 3.5871 3.17023 3.58139 3.15034 2.70204 4.08989 2.41991 1.67195 1.78145 1.61841 0.769505 0.416843 0.0601734 0.0418585
threshold=38.650000000000013 34.650000000000013 2500.0000000000005 9.5000000000000018 1.5000000000000002 2.5000000000000004 37.350000000000001 15.500000000000002 3.5000000000000004 2.5000000000000004 40.45000000000001 41.939285714285724 2021.5000000000002 58.102678571428577 36.63883928571429 39.150000000000013 0.19345238095238093 4.5000000000000009 117.50000000000001
decision_type=2 2 2 2 2 2 2 2 2 2 2 2 2 2 2 2 2 2 2
left_child=1 3 4 6 5 -3 7 -1 -8 10 12 14 15 -14 -12 -2 -13 -5 -11
right_child=9 2 -4 17 -6 -7 8 -9 -10 18 11 16 13 -15 -16 -17 -18 -19 -20
leaf_value=-0.02684381175612665 -0.019193415539878932 -0.013394924079806003 -0.024409076623622052 0.00076510632268970166 -0.017766274517341633 0.0070860149466144941 -0.012803415457964455 -0.0011046979069487368 0.015495277946815123 0.026490974522157373 0.0093395528716055595 0.025840101454014476 0.014412427070611583 -0.008417945601826687 -0.011575231918342588 -0.0022241996384539916 0.0056449136309659163 0.01352318296652796 0.0058457372667663678
leaf_weight=46.037006162339821 6.0198237821459797 11.603115391917525 6.8826577588915816 3.6135039690416297 6.2569980937987557 161.00821435730904 10.366716894321145 14.455611550249158 6.791474654339253 14.422081225551667 9.803139513358472 15.977478176355364 8.8298641731962544 5.0439789146184912 5.7220966182649127 14.583970393985508 8.649390194565056 3.4791910098865628 6.2025539465248576
leaf_count=1055 79 103 56 36 39 809 215 227 76 72 43 57 71 56 28 129 40 20 26
internal_value=0.000597226 -0.00332351 0.00187312 -0.0141448 0.00376126 0.0052158 -0.0172743 -0.021549 0 0.0113298 0.00620924 0.0147355 -0.00423864 0.00558062 3.08747e-05 -0.0109741 0.021736 0.0112422 0.0235477
internal_weight=365.749 270.494 185.751 84.7435 178.868 172.611 77.6508 60.4926 17.1582 95.2544 74.6297 40.1521 34.4776 13.8738 15.5252 20.6038 24.6269 7.09269 20.6246
internal_count=3237 2636 1007 1629 951 912 1573 1282 291 601 503 168 335 127 71 208 97 56 98
is_linear=0
shrinkage=0.0435066


Tree=44
num_leaves=21
num_cat=0
split_feature=4 6 5 6 1 17 7 27 4 6 5 2 7 4 6 6 17 2 10 4
split_gain=8.51143 8.88584 8.57835 4.34053 3.96266 3.89284 3.39402 3.15743 2.83006 2.53608 2.27599 2.26236 2.30146 1.86865 1.5249 2.57421 1.84447 0.963516 0.616758 0.362017
threshold=39.150000000000013 73.40000000000002 209.90000000000003 69.550000000000011 2.5000000000000004 44.94583333333334 2.5000000000000004 3.5000000000000004 36.350000000000001 123.25000000000001 125.75000000000001 13.500000000000002 2.5000000000000004 37.050000000000004 109.45000000000002 155.60000000000002 53.775000000000006 6.5000000000000009 0.15007309941520466 37.750000000000007
decision_type=2 2 2 2 2 2 2 2 2 2 2 2 2 2 2 2 2 2 2 2
left_child=1 3 5 4 8 10 19 -8 -1 -7 -3 12 17 -6 16 -16 -14 -2 -4 -5
right_child=11 2 18 6 13 9 7 -9 -10 -11 -12 -13 14 -15 15 -17 -18 -19 -20 -21
leaf_value=0 -0.010702149286144786 -0.0092034564047871643 0.0013809080939625946 -0.012248909470466626 -0.021416985055220068 -0.027779836059260363 0 0.025643843965019661 0.020726413219640544 -0.0039221507354682671 0.011128810353944236 -0.0077835737350297326 0.013893417486447743 0.0044962831876180689 0.027741818098898897 -0.00039905051192128859 -0.0060603630524274765 0.0062672928418170673 0.019751211293996745 0.0014302538243726518
leaf_weight=66.404220357304439 4.7973777651786786 68.875420433934778 7.3832212239503887 3.9534709146246305 14.756392356939616 39.795988402329385 12.501470343209801 28.161663331091404 8.6203592410311085 14.528245615772901 6.0455338060855857 4.8329480830579987 14.848304763436319 3.6210401132702819 29.808329991996288 6.3462095800787202 9.1338224560022336 7.6044826339930296 9.3942945674061757 1.9782323837280271
leaf_count=448 39 867 39 77 203 644 100 136 41 156 25 24 96 17 118 34 94 42 32 5
internal_value=0.000444807 -0.00303859 -0.0103556 0.00464576 -0.000842734 -0.0142399 0.0145909 0.0188861 0.00374872 -0.0226685 -0.00667986 0.0126777 0.0146976 -0.0160661 0.0179211 0.0232596 0.00629247 -0.00118991 0.0147474 -0.00851726
internal_weight=363.391 286.02 146.023 139.997 93.402 129.245 46.5948 40.6631 75.0246 54.3242 74.921 77.3715 72.5385 18.3774 60.1367 36.1545 23.9821 12.4019 16.7775 5.9317
internal_count=3237 2790 1763 1027 709 1692 318 236 489 800 892 447 423 220 342 152 190 81 71 82
is_linear=0
shrinkage=0.0435066


Tree=45
num_leaves=16
num_cat=0
split_feature=4 13 6 27 4 4 6 7 2 4 6 14 27 14 10
split_gain=10.3472 7.79881 4.58102 4.77266 5.42216 5.00223 2.70477 1.38112 1.10234 0.895764 0.835731 0.114421 0.329538 0.0711137 0.0470854
threshold=40.650000000000013 0.45000000000000007 144.15000000000001 3.5000000000000004 35.250000000000007 38.350000000000001 164.35000000000005 6.5000000000000009 3.5000000000000004 42.150000000000013 110.45000000000002 2.5000000000000004 1.0000000180025095e-35 3.5000000000000004 0.16204051012753187
decision_type=2 2 2 2 2 2 2 2 2 2 2 2 2 2 2
left_child=1 2 3 5 -5 -1 8 11 -4 10 -2 12 -3 -13 -12
right_child=9 7 6 4 -6 -7 -8 -9 -10 -11 14 13 -14 -15 -16
leaf_value=-0.014999635860346278 0.014083877512116925 0 0 -0.0022446349103782469 0.012439322706339186 0.0039725709518408673 0.0054575220946175675 0.0034741776360641733 -0.027034260133793613 0.026169548368440591 0.0014492832067349826 0.0003607235020765074 -0.031178979486296506 -0.0053113280249270853 -0.0023038497308036474
leaf_weight=52.372123647481203 13.075222313404085 0.78685061167926207 4.0405365061014953 91.676440232433379 86.935060361400247 42.378923759795725 4.8462316915392867 0.80457696039229532 14.757565645035355 17.277828402817249 5.0096475854516012 1.6993396272882813 14.582769810222088 0.98820992186665524 5.7362625077366829
leaf_count=509 53 23 37 578 595 343 28 9 139 54 22 51 665 38 33
internal_value=-6.23127e-05 -0.00288443 -0.000852268 0.00086797 0.00503433 -0.00670498 -0.016965 -0.0260512 -0.0230603 0.018842 0.00871541 -0.0283491 -0.0301443 -0.00291444 -8.41034e-05
internal_weight=356.968 315.869 297.007 273.363 178.612 94.751 23.6443 18.8617 18.7981 41.099 23.8211 18.0572 15.3696 2.68755 10.7459
internal_count=3177 3015 2229 2025 1173 852 204 786 176 162 108 777 688 89 55
is_linear=0
shrinkage=0.0435066


Tree=46
num_leaves=20
num_cat=0
split_feature=16 4 6 4 4 5 17 22 6 4 5 5 6 9 11 2 6 6 3
split_gain=10.307 8.5406 6.16528 5.52575 5.15048 5.08258 4.30307 4.19494 3.92604 4.276 3.83022 3.4105 2.31254 2.0085 1.71367 1.51991 1.09062 1.7863 0.0541511
threshold=12.500000000000002 39.150000000000013 88.750000000000014 36.350000000000001 35.250000000000007 302.85000000000008 38.444155844155851 1.0000000180025095e-35 72.65000000000002 41.850000000000001 128.40000000000001 34.650000000000013 60.95000000000001 0.041213921901527957 0.11173533083645441 10.500000000000002 108.25000000000001 107.15000000000002 53.500000000000007
decision_type=2 2 2 2 2 2 2 2 2 2 2 2 2 2 2 2 2 2 2
left_child=3 2 4 15 11 6 -4 -6 12 14 16 -2 -5 -12 -10 -1 17 -3 -14
right_child=1 10 5 8 7 -7 -8 -9 9 -11 13 -13 18 -15 -16 -17 -18 -19 -20
leaf_value=-0.030956188837774727 -0.014559026517033394 0.015314667275259507 0.0056385187752120017 -0.0062296374309944403 0.033318092389047468 0.017106814693453896 -0.014431037129338744 0.00039663249522965514 -0.022096322427376115 0.012220423837732097 0.0097265909660735669 0.0054461314875801341 0.022712355119331822 -0.013658653616373429 0.00045034156562529534 0 0.026363358685868091 -0.0097339540164562369 0.0035910010912729028
leaf_weight=22.114376361481849 14.380815136479212 4.6770301200449449 21.506542253307998 6.0194353936240104 14.468532756902279 8.5333763435482961 82.238428805489093 12.468144458718596 24.717189384624366 6.3073106557130805 8.6044720038771612 63.609233610332012 6.0349904689937812 6.2698592841625205 6.6134650185704222 2.9171116231009355 36.082117728888988 3.9371340787038207 4.7196553032845259
leaf_count=472 234 23 209 53 58 32 968 83 270 20 33 269 26 33 92 44 169 51 38
internal_value=-4.36071e-05 0.00393374 -0.00018184 -0.0132653 0.00712882 -0.00711489 -0.0100919 0.0214266 -0.00410274 -0.011491 0.0176305 0.000799867 0.0106194 -0.000817997 -0.0178128 -0.0279014 0.0232894 0.0039389 0.0194253
internal_weight=356.219 276.776 217.205 79.4435 104.927 112.278 103.745 26.9367 54.412 37.638 59.5706 77.99 16.7741 14.8743 31.3307 25.0315 44.6963 8.61416 10.7546
internal_count=3177 2162 1853 1015 644 1209 1177 141 499 382 309 503 117 66 362 516 243 74 64
is_linear=0
shrinkage=0.0435066


Tree=47
num_leaves=14
num_cat=0
split_feature=4 16 5 6 6 6 7 4 6 10 6 10 0
split_gain=9.73957 9.46589 4.88327 4.15093 3.83221 9.34057 4.34045 3.77637 2.54712 2.20065 1.37193 0.721129 0.43579
threshold=42.150000000000013 12.500000000000002 77.200000000000003 144.15000000000001 108.15000000000002 88.750000000000014 3.5000000000000004 36.95000000000001 73.40000000000002 0.24638060352346061 164.95000000000002 0.21182053494391712 1550.0000000000002
decision_type=2 2 2 2 2 2 2 2 2 2 2 2 2
left_child=1 2 7 4 5 -3 -6 -1 -4 -9 12 -10 -5
right_child=-2 3 8 10 6 -7 -8 9 11 -11 -12 -13 -14
leaf_value=-0.032687741097932037 0.026779812579278771 0.0070102743292457031 0.013504748728511885 -0.0020631306435171005 0.0029003558383008123 -0.014138015973808548 0.02347649054584891 -0.016913567877559408 -0.01467793715682778 0.0044157766468233611 0.0034007816068698199 0.0015063220219118153 -0.02198209367215985
leaf_weight=24.834621130954474 17.069050550460815 105.20823984616436 10.089707641862335 5.349418912082915 56.653421896509826 54.617584330029786 26.163399584125727 11.903422476258131 8.1291673947125656 12.926895932294427 3.7902932260185471 4.789214774966239 11.795557286124676
leaf_count=585 54 644 50 41 447 672 169 146 60 127 21 30 131
internal_value=-0.000236136 -0.00212 -0.0153316 0.00176739 0.0035295 -0.000426971 0.0107519 -0.0222581 0.000891607 -0.00687848 -0.0142785 -0.00966648 -0.0184727
internal_weight=353.32 336.251 72.673 263.578 242.643 159.826 82.8168 49.6649 23.0081 24.8303 20.9353 12.9184 17.145
internal_count=3177 3123 998 2125 1932 1316 616 858 140 273 193 90 172
is_linear=0
shrinkage=0.0435066


Tree=48
num_leaves=25
num_cat=0
split_feature=16 4 6 4 4 22 16 5 5 17 6 4 5 6 4 5 3 5 3 3 6 10 17 6
split_gain=8.51741 6.86712 7.24026 5.68002 5.50486 4.37746 3.6025 3.5113 3.46662 4.79898 3.27585 2.91831 2.80445 2.28911 2.22837 1.75179 1.65224 1.27807 0.812027 0.795983 0.486401 0.394441 0.219928 0.149964
threshold=12.500000000000002 38.750000000000007 88.750000000000014 35.250000000000007 36.850000000000001 1.0000000180025095e-35 9.5000000000000018 34.650000000000013 250.90000000000003 38.444155844155851 104.85000000000001 41.850000000000001 79.350000000000009 108.45000000000002 37.750000000000007 128.40000000000001 54.500000000000007 226.45000000000002 52.500000000000007 51.500000000000007 107.65000000000002 0.15759905381431102 61.769791666666677 110.65000000000002
decision_type=2 2 2 2 2 2 2 2 2 2 2 2 2 2 2 2 2 2 2 2 2 2 2 2
left_child=4 2 3 7 12 -5 -6 -2 9 -4 14 -12 19 16 -8 23 18 -17 -3 -1 -18 -14 -21 -15
right_child=1 13 8 5 6 -7 10 -9 -10 -11 11 -13 21 15 -16 17 20 -19 -20 22 -22 -23 -24 -25
leaf_value=0 -0.014974188879077272 0.0036450327614729206 0.0056193310276684864 0.033659785764211504 -0.023096208165535127 0.00036840736413600868 -0.00051475131899583228 0.0052904806381317056 0.0099567718961316876 -0.01647347574308209 -0.013213224640726084 0.012839545720574689 0.0048131799155178177 0.011023621288643374 0.026995478456239563 -0.0068241512638612788 0.014948555598138407 0.012074599217924267 -0.014894813405566015 -0.033920123938154287 -0.00055549601148354875 -0.0067948708870975288 -0.00066219073376739971 0.028905359672233913
leaf_weight=1.8181750001385868 14.55265406728722 2.5490223765373248 20.096054815221578 15.395016236230733 5.2284750090911976 12.512596962042151 7.7256992086768133 62.887475840747356 11.150091823190449 70.888924650382251 18.992055321112279 5.6511919498443595 4.1018789596855623 16.726144408807158 7.4326793439686298 6.7246253155171853 5.4053069064393622 7.3347636163234711 6.1043311711400747 19.7973045851104 3.2399930162355304 4.6257564108818769 1.282385249622165 18.832821375690401
leaf_count=35 234 20 198 58 92 83 49 269 44 876 205 18 29 102 25 33 40 25 71 499 34 31 32 75
internal_value=-0.000140395 0.00345493 -0.000528779 0.00720795 -0.0123938 0.0219214 -0.00160732 0.000495629 -0.00855526 -0.011441 0.00385045 -0.00547979 -0.0245894 0.0148948 0.0165705 0.0191667 0.000326763 0.00324736 -0.0095498 -0.0310489 0.0107324 -0.000953158 -0.032896 0.0237437
internal_weight=351.055 274.4 207.483 105.348 76.6556 27.9076 45.0301 77.4401 102.135 90.985 39.8016 24.6432 31.6255 66.917 15.1584 49.6184 17.2987 14.0594 8.65335 22.8979 8.6453 8.72764 21.0797 35.559
internal_count=3177 2162 1762 644 1015 141 389 503 1118 1074 297 223 626 400 74 235 165 58 91 566 74 60 531 177
is_linear=0
shrinkage=0.0435066


Tree=49
num_leaves=15
num_cat=0
split_feature=4 16 6 24 5 4 4 6 4 10 2 2 2 1
split_gain=8.07964 8.33635 3.7824 4.09539 5.35702 5.32236 3.58563 4.09157 2.11086 1.88838 1.54012 1.04795 0.736491 0.387176
threshold=42.150000000000013 12.500000000000002 144.15000000000001 1.0000000180025095e-35 37.750000000000007 35.150000000000013 36.350000000000001 73.40000000000002 37.750000000000007 0.24454200284765068 4.5000000000000009 10.500000000000002 10.500000000000002 5.5000000000000009
decision_type=2 2 2 2 2 2 2 2 2 2 2 2 2 2
left_child=1 6 3 4 -3 -5 11 8 -8 -9 -4 13 -12 -1
right_child=-2 2 10 5 -6 -7 7 9 -10 -11 12 -13 -14 -15
leaf_value=-0.03118258406116186 0.024430376006626356 0 0.0025855725731671253 -0.021172561663280406 0.016472525531205717 0.0017992815980831579 -0.0026124983806573936 -0.022314207415849344 0.021118806240850763 -0.00021361881232429073 -0.025881062007130654 0 -0.0036673645871039958 -0.0018936044241328728
leaf_weight=18.227937919786207 16.88836719840765 76.743580453563482 5.6791968247853246 17.819258589996025 65.340602831915021 82.144931490067393 12.191143643576654 16.490602582460273 5.9553044885396949 12.291058537084607 7.1672593201510599 2.7020072573795906 8.2923476947471482 2.5765338661149135
leaf_count=416 54 739 49 219 289 685 105 190 20 167 78 44 66 56
internal_value=-0.000268049 -0.00199204 0.0016185 0.00331311 0.0079357 -0.00324619 -0.0146087 -0.00585576 0.00828964 -0.0149435 -0.0136296 -0.0266835 -0.019045 -0.0292408
internal_weight=350.51 333.622 263.187 242.048 142.084 99.9642 70.4346 46.9281 18.1464 28.7817 21.1388 23.5065 15.4596 20.8045
internal_count=3177 3123 2125 1932 1028 904 998 482 125 357 193 516 144 472
is_linear=0
shrinkage=0.0435066


Tree=50
num_leaves=20
num_cat=0
split_feature=5 4 7 21 5 11 16 18 6 4 3 6 2 2 4 6 16 23 4
split_gain=9.26339 5.14618 9.97584 8.05541 4.36897 5.74548 4.04653 3.52599 3.46541 3.35474 5.46015 2.74311 3.1382 2.54503 2.22089 1.81396 1.5924 0.542293 0.0411292
threshold=9.9500000000000011 36.350000000000001 3.5000000000000004 1.0000000180025095e-35 37.050000000000004 0.031372549019607808 10.500000000000002 9.5000000000000018 160.85000000000005 38.350000000000001 52.500000000000007 70.050000000000011 13.500000000000002 8.5000000000000018 40.750000000000007 69.250000000000014 9.5000000000000018 1.5000000000000002 40.350000000000001
decision_type=2 2 2 2 2 2 2 2 2 2 2 2 2 2 2 2 2 2 2
left_child=14 2 11 6 7 -6 16 -4 -8 10 -5 15 -13 -11 17 -2 -3 18 -1
right_child=1 3 4 9 5 -7 8 -9 -10 13 -12 12 -14 -15 -16 -17 -18 -19 -20
leaf_value=-0.024270790900498301 -0.013546891835287766 -0.016631258418565106 -0.0080980173435792197 0.014529418368361764 -0.011699802555783992 0.017865273934746941 0.023971536481953 0.017341011542919487 -0.0014936731349172547 0.010327931609117212 -0.024010361655452075 -0.030499990496422748 0.0035743536421939596 -0.0057149191323828371 0.0041251657647269138 0.011379183313365978 0.0071824932396874156 0 -0.00071088029267312282
leaf_weight=27.733543600887067 3.4239590631332231 4.4908697267528606 56.866108705289662 4.5077116843313005 10.815589398145674 47.210897522978485 62.512539743445814 5.8565233573317519 10.131897770799695 37.699607623741031 17.00798506801948 25.257082493510101 3.9789794711396089 26.081934867892414 4.199678521603345 5.910657711327076 4.3267061673104763 2.2718088901601723 1.4388890899717797
leaf_count=802 52 65 509 30 69 185 310 35 66 236 199 288 25 186 24 30 25 42 9
internal_value=0.000290819 0.00274761 -0.00275212 0.007966 0.00352249 0.0115737 0.0172156 -0.00416869 0.020462 -0.00135297 -0.014076 -0.0202887 -0.0257746 0.00370269 -0.0188962 0 -0.00620278 -0.0224166 -0.023733
internal_weight=361.723 326.079 159.32 166.759 120.749 58.0265 81.462 62.7226 72.6444 85.2972 21.5157 38.5707 29.2361 63.7815 35.6439 9.33462 8.81758 31.4442 29.1724
internal_count=3187 2310 1193 1117 798 254 466 544 376 651 229 395 313 422 877 82 90 853 811
is_linear=0
shrinkage=0.0435066


Tree=51
num_leaves=13
num_cat=0
split_feature=13 16 4 21 7 11 4 0 10 4 7 3
split_gain=8.22663 4.34727 4.87675 8.56945 7.45964 3.46628 2.8089 2.67152 2.46811 2.12394 1.58542 0.335885
threshold=0.45000000000000007 9.5000000000000018 36.250000000000007 1.0000000180025095e-35 3.5000000000000004 0.089572192513368967 39.850000000000001 2500.0000000000005 0.16204051012753187 40.750000000000007 7.5000000000000009 55.250000000000007
decision_type=2 2 2 2 2 2 2 2 2 2 2 2
left_child=1 11 4 7 8 -6 -5 -4 -3 10 -2 -1
right_child=9 2 3 6 5 -7 -8 -9 -10 -11 -12 -13
leaf_value=-0.022600699978154996 -0.030360727443145188 -0.0024675134538550774 0.020755488414135128 -0.0074380691706345562 -7.6355312528351407e-05 0.019428405133326606 0.0066144475645094078 -5.1908447506661215e-05 -0.025704520919625353 0.0052883941931695551 0.0037657521138601841 0
leaf_weight=7.390602308791129 16.042109792120762 16.241783315315843 69.409604128450155 52.20539909414947 102.69570773933083 13.959828465245662 42.969725552946329 12.627737686038015 21.410778686404228 1.6192422583699215 0.83959045633673568 1.7052967716008423
leaf_count=125 758 123 375 495 627 101 216 86 246 10 5 20
internal_value=0.000324744 0.00208232 0.00310821 0.00792127 -0.00245363 0.00308038 -0.00097728 0.0176708 -0.017752 -0.0237444 -0.0276569 -0.0203538
internal_weight=359.117 340.616 331.521 177.212 154.308 116.656 95.1751 82.0373 37.6526 18.5009 16.8817 9.0959
internal_count=3187 2414 2269 1172 1097 728 711 461 369 773 763 145
is_linear=0
shrinkage=0.0435066


Tree=52
num_leaves=18
num_cat=0
split_feature=5 4 11 5 27 9 16 5 0 5 0 6 4 22 16 2 17
split_gain=7.70583 4.81421 8.02894 6.34265 5.28234 5.18091 3.32141 3.20462 2.7915 2.52185 2.38527 2.33811 1.80308 1.63555 1.26928 1.1819 0.924762
threshold=9.9500000000000011 36.350000000000001 0.025978407557354904 36.650000000000013 2.5000000000000004 0.060024009603841501 10.500000000000002 141.65000000000003 2500.0000000000005 234.25000000000003 1650.0000000000002 145.85000000000005 40.750000000000007 1.5000000000000002 9.5000000000000018 11.500000000000002 30.657954545454547
decision_type=2 2 2 2 2 2 2 2 2 2 2 2 2 2 2 2 2
left_child=12 2 15 11 7 -5 14 10 -8 -9 -3 -4 13 -1 -6 16 -2
right_child=1 4 3 5 6 -7 8 9 -10 -11 -12 -13 -14 -15 -16 -17 -18
leaf_value=-0.023326890459145034 -0.0017423895906039423 0.018360322407428627 -0.010505793558141401 0.015725599395403279 -0.015332208188232898 -0.0096921416400678612 0.021341390359009598 -0.023590126543366913 -0.001432049540468186 0.0032224558609455023 0 0.011715588058813233 0.0034002385781872297 0.003403415033150651 0.0060168911333389422 -0.0012063914869618404 -0.031579586536290671
leaf_weight=27.875783448107544 3.8819656893611016 11.220235240645705 59.646590945310891 57.392848126590252 4.3143689390271884 14.531688363756983 61.699068881105632 10.062441676855089 10.095766162499784 7.7965572178363791 55.120142183732241 4.4610494896769515 4.2232441008090964 2.4921614713966838 4.3761722445487976 5.3528121504932633 13.55598580255173
leaf_count=814 39 61 622 233 65 106 310 63 66 39 488 28 24 39 25 34 131
internal_value=0.000345872 0.00257899 -0.00273345 0.00157457 0.0076702 0.0100832 0.0151885 0 0.0181577 -0.0137395 0.00448309 -0.0078785 -0.0173919 -0.0206464 -0.0059479 -0.0234231 -0.0276388
internal_weight=358.099 323.508 158.823 136.032 164.685 71.9245 80.4854 84.1994 71.7948 17.859 66.3404 64.1076 34.5912 30.3679 8.69054 22.7908 17.438
internal_count=3187 2310 1193 989 1117 339 466 651 376 102 549 650 877 853 90 204 170
is_linear=0
shrinkage=0.0435066


Tree=53
num_leaves=16
num_cat=0
split_feature=13 5 9 16 10 7 17 10 8 7 7 6 16 9 10
split_gain=7.70195 4.44072 3.42894 4.4079 3.89261 3.30785 4.78767 3.28572 2.376 1.73152 1.33858 1.27017 1.28372 0.947796 0.336511
threshold=0.45000000000000007 36.650000000000013 0.025167084377610654 13.500000000000002 0.22653958944281524 2.5000000000000004 38.590178571428574 0.16987179487179482 2019.0000000000002 4.5000000000000009 6.5000000000000009 123.85000000000001 13.500000000000002 0.012896825396825353 0.32188438438438444
decision_type=2 2 2 2 2 2 2 2 2 2 2 2 2 2 2
left_child=1 5 11 7 -5 14 9 -4 -8 -7 13 12 -3 -2 -1
right_child=10 2 3 4 -6 6 8 -9 -10 -11 -12 -13 -14 -15 -16
leaf_value=-0.023674683043811037 0 0.0011979752983644963 -0.012210381887206859 0.017155054633327373 -0.0025150004496938363 0.016557572483632235 0.0062553829291829999 0.0081246414553602202 -0.0094905540075213204 -0.0014247273854090976 0.0036327702875043563 0.0072239920398695376 -0.015144269663752652 -0.028354730241424812 -0.00039483256769843824
leaf_weight=8.9814967941492778 1.7068510244134873 11.845297312363984 22.886204309761524 90.788223666138947 20.712885189801455 24.421398908831179 17.442564810626209 24.121402548626065 77.204885514453053 12.196546615101395 0.99684540275484224 6.1454368457198134 16.447370680049062 15.118902466958387 2.4886492723599067
leaf_count=133 38 79 152 358 117 228 168 150 754 119 10 30 89 725 37
internal_value=0.000362514 0.00206511 0.00629882 0.00897207 0.0134786 -0.00361559 -0.00108154 -0.00186878 -0.00627314 0.0110242 -0.0232583 -0.00522921 -0.00906955 -0.0258524 -0.0211567
internal_weight=353.505 335.682 192.947 158.509 111.501 142.736 131.265 47.0076 94.6475 36.6179 17.8226 34.4381 28.2927 16.8258 11.4701
internal_count=3187 2414 975 777 475 1439 1269 302 922 347 773 198 168 763 170
is_linear=0
shrinkage=0.0435066


Tree=54
num_leaves=19
num_cat=0
split_feature=5 4 7 21 5 11 4 0 18 10 0 7 10 4 22 10 6 10
split_gain=7.01549 4.30233 8.1795 4.62073 4.57077 3.88808 3.01218 4.54543 2.71597 2.45833 2.38173 2.36395 1.98368 1.71705 1.63841 1.61023 1.47321 1.06771
threshold=9.9500000000000011 36.350000000000001 3.5000000000000004 1.0000000180025095e-35 36.650000000000013 0.031372549019607808 39.850000000000001 1650.0000000000002 9.5000000000000018 0.16374829001367988 2500.0000000000005 2.5000000000000004 0.13809523809523808 40.350000000000001 1.5000000000000002 0.23030303030303029 70.050000000000011 0.22653958944281524
decision_type=2 2 2 2 2 2 2 2 2 2 2 2 2 2 2 2 2 2
left_child=13 2 9 10 8 -6 7 -5 -4 12 11 -3 -2 14 -1 -8 -11 -12
right_child=1 3 4 6 5 -7 15 -9 -10 16 17 -13 -14 -15 -16 -17 -18 -19
leaf_value=-0.023180922195482904 -0.01393432889057393 0.001763573179070626 -0.0088876618786253928 0.011201429436815367 -0.0087194782025180866 0.015585923725681558 0.013020605163891237 -0.015042263593449803 0.014222551506233225 -0.0016604625475501757 -0.010842349598995608 0.021687427670657615 0.0082384253212409529 0.0021975674064134221 0.0035260141710185336 -0.0042730623100978938 -0.033080959777453671 0.0075995862554736988
leaf_weight=25.768222907558087 9.7739469418302196 16.989444981096312 51.528270353097469 12.411889452487229 10.722731113433836 51.708725465461612 28.269350664690137 32.310702914837748 5.2120910966768852 4.9259043084457543 6.1143767517060024 50.651180960703641 7.9758503821212789 5.454183278605341 2.484502909705042 9.6457761274650675 13.795969056896864 4.5839665774255991
leaf_count=805 85 131 488 68 70 206 133 392 34 44 40 264 66 33 39 58 200 31
internal_value=0.000447608 0.00259953 -0.00246999 0.00746663 0.00316685 0.0108358 1.99169e-05 -0.00706396 -0.00535904 -0.0188107 0.0145985 0.0174137 -0.00401918 -0.016662 -0.020322 0.00841289 -0.0277764 -0.00246981
internal_weight=350.327 316.62 155.643 160.977 119.172 62.4315 82.6377 44.7226 56.7404 36.4717 78.339 67.6406 17.7498 33.7069 28.2527 37.9151 18.7219 10.6983
internal_count=3187 2310 1193 1117 798 276 651 460 522 395 466 395 151 877 844 191 244 71
is_linear=0
shrinkage=0.0435066


Tree=55
num_leaves=20
num_cat=0
split_feature=4 16 16 0 6 5 5 9 4 6 5 0 18 17 6 9 10 4 6
split_gain=10.1038 5.75369 5.32545 5.4273 11.0971 3.44799 6.20298 5.25446 4.2597 4.12657 2.93061 2.77588 2.63976 2.30275 1.93103 0.950867 0.903192 0.529544 0.487465
threshold=36.750000000000007 13.500000000000002 9.5000000000000018 1650.0000000000002 108.15000000000002 37.050000000000004 42.850000000000001 0.090097402597402565 34.850000000000001 145.85000000000005 38.45000000000001 2200.0000000000005 12.500000000000002 47.337362637362638 71.250000000000014 0.17515516611902152 0.12771739130434781 36.350000000000001 61.45000000000001
decision_type=2 2 2 2 2 2 2 2 2 2 2 2 2 2 2 2 2 2 2
left_child=1 12 -2 18 13 7 10 9 -8 -3 -7 -6 15 -5 -9 16 -1 -17 -4
right_child=2 5 3 4 11 6 8 14 -10 -11 -12 -13 -14 -15 -16 17 -18 -19 -20
leaf_value=-0.0027808858923979835 -0.021887228786328646 -0.019397044579271841 0.0046737051832343871 -0.0024026181739298645 0.014532306015989671 -0.00018434028872591225 -0.025342183702855132 0.018330187530060011 0.0018051806652571215 0.012576977911321417 0.025226478948020638 -0.0043598818167360489 0.0078654214178716757 -0.028113588507450649 -0.0048384083898517418 -0.007352791646910127 -0.027462813848381441 0.008580891373167138 0.027612176519217754
leaf_weight=5.7885557604022315 4.5101611870340994 46.740040803095326 6.3047308064997223 14.047181877773257 84.293919375166297 11.519391925074162 8.9822364933788759 9.4750821730121988 32.695265969261527 3.9559173937886944 19.527928460389376 13.57534773647785 2.2387475296854964 11.418133369181303 7.1279816026799372 1.6826905761845403 28.975886965403333 1.0755533408373592 23.439214600715786
leaf_count=78 98 526 37 188 532 63 57 86 156 20 50 123 10 237 169 74 588 9 101
internal_value=4.72668e-05 -0.00685833 0.0079464 0.00974634 0.00499224 -0.00226848 0.00405879 -0.00899702 -0.00647219 -0.0155776 0.0171339 0.0117067 -0.0202087 -0.0176253 0.00938773 -0.0230285 -0.0246848 0 0.0247416
internal_weight=337.374 179.785 157.589 153.079 123.335 140.024 72.7248 67.299 41.6775 50.696 31.0473 97.8693 39.7614 25.4653 16.6031 37.5227 34.7644 2.75824 29.7439
internal_count=3202 1886 1316 1218 1080 1127 326 801 213 546 113 655 759 425 255 749 666 83 138
is_linear=0
shrinkage=0.0435066


Tree=56
num_leaves=10
num_cat=0
split_feature=13 16 6 5 2 25 3 5 1
split_gain=6.09869 4.60936 3.32395 6.48117 6.03562 2.28637 1.31197 0.651826 0.187263
threshold=0.70833333333333337 9.5000000000000018 60.550000000000004 37.750000000000007 14.500000000000002 1.0000000180025095e-35 56.500000000000007 103.30000000000001 1.5000000000000002
decision_type=2 2 2 2 2 2 2 2 2
left_child=1 7 3 6 5 -4 -3 -1 -6
right_child=-2 2 4 -5 8 -7 -8 -9 -10
leaf_value=-0.025458142631340479 -0.02787980321965481 -0.027275469815192511 -0.0073741408764058511 0.013475614287590955 -0.0035276935066105497 0.0069072719504363091 -0.0075304272939322407 0.00016613333680136854 -0.026034387957770716
leaf_weight=7.0154621656984073 7.7647537291049948 9.7775549464859051 17.273689317051321 14.200429175049065 4.5165238231420499 239.56695891800337 27.034982129000127 1.1940450072288511 5.0225328113883734
leaf_count=172 497 135 171 58 34 1880 196 15 44
internal_value=-1.33503e-05 0.00115488 0.00224378 -0.00726438 0.00423155 0.00574983 -0.0163208 -0.022623 -0.0217624
internal_weight=333.367 325.602 317.393 51.013 266.38 256.841 36.8125 8.20951 9.53906
internal_count=3202 2705 2518 389 2129 2051 331 187 78
is_linear=0
shrinkage=0.0435066


Tree=57
num_leaves=18
num_cat=0
split_feature=4 16 16 27 4 0 17 5 18 4 4 4 7 17 1 4 17
split_gain=8.43312 5.37142 3.63844 3.80968 4.12736 5.03609 3.62452 4.41601 6.03414 5.70454 2.60615 2.05082 2.01396 1.71155 0.433138 0.367279 0.161085
threshold=36.350000000000001 12.500000000000002 9.5000000000000018 1.5000000000000002 40.650000000000013 1650.0000000000002 65.755219780219804 38.45000000000001 8.5000000000000018 35.350000000000001 38.650000000000013 36.050000000000004 4.5000000000000009 41.655714285714296 6.5000000000000009 36.850000000000001 62.010833333333345
decision_type=2 2 2 2 2 2 2 2 2 2 2 2 2 2 2 2 2
left_child=1 14 15 4 5 -4 7 9 -9 -3 12 -8 -5 -6 16 -2 -1
right_child=2 6 3 10 13 -7 11 8 -10 -11 -12 -13 -14 -15 -16 -17 -18
leaf_value=-0.026834069474807317 0 -0.012335556907487165 0.013877785142531076 0.011090680589644486 -0.001011230520246115 -0.01119191932388921 -0.026536975061024742 0.026742188533291338 -0.0021999286697963459 0.01567942924180531 0.027143927812789501 0.0018157245037404191 -0.0086416491712859641 0.018369079168341653 0 -0.020145827333795014 0
leaf_weight=18.870786959072582 1.0697430020663876 61.179101620567963 14.410926156211643 48.995526825776324 9.9924434907734376 49.460142480675131 11.062115387991069 15.549892915412782 31.936249015852809 11.075805034954099 18.531780471093953 4.7004051841795436 6.2573863794095805 22.557197954505682 1.2593746799975623 4.0847745756618679 1.1518944259732951
leaf_count=464 32 596 85 350 53 684 145 32 169 171 89 35 57 92 35 91 22
internal_value=-8.59583e-05 -0.00728969 0.00632978 0.00773251 0.0016635 -0.00463129 -0.00344851 -0.000345596 0.00917442 -0.00697144 0.0147593 -0.019572 0.00801699 0.0129855 -0.0248425 -0.017581 -0.0260255
internal_weight=332.146 156.786 175.36 170.205 96.4207 63.8711 135.504 119.741 47.4861 72.2549 73.7847 15.7625 55.2529 32.5496 21.2821 5.15452 20.0227
internal_count=3202 1669 1533 1410 914 769 1148 968 201 767 496 180 407 145 521 123 486
is_linear=0
shrinkage=0.0435066


Tree=58
num_leaves=20
num_cat=0
split_feature=4 16 7 6 4 0 6 6 5 5 4 6 4 5 18 6 11 5 0
split_gain=7.43517 5.54405 3.51829 3.62371 3.52492 5.54432 7.03109 2.9328 2.52431 6.35603 5.1298 3.57175 2.89573 2.77712 2.05528 1.57858 0.85355 0.0838286 0.0194525
threshold=36.250000000000007 13.500000000000002 2.5000000000000004 115.05000000000001 41.350000000000001 1650.0000000000002 108.15000000000002 60.95000000000001 37.050000000000004 42.000000000000007 35.350000000000001 145.85000000000005 34.850000000000001 38.45000000000001 12.500000000000002 70.950000000000017 0.12748284579270497 179.10000000000005 1350.0000000000002
decision_type=2 2 2 2 2 2 2 2 2 2 2 2 2 2 2 2 2 2 2
left_child=1 14 3 16 5 7 -7 -4 10 13 11 -3 -11 -10 17 -12 18 -1 -2
right_child=2 8 4 -5 -6 6 -8 -9 9 12 15 -13 -14 -15 -16 -17 -18 -19 -20
leaf_value=-0.026355959013258941 -0.0029466243361242679 -0.017707146830467303 -0.003811643433658305 0.012510806141816854 0.023798228293244676 -0.01725205367334012 0.0066650307625940796 0.023998427509498849 -0.00017471527538479874 -0.022999406984658525 0.023511789768786588 0.012237025474874678 0.0005584215269213693 0.025160829313956638 0.0062111866270691844 -0.00090082314466918519 0.00031693980141073982 -0.0016783147274485558 -0.020567429191938644
leaf_weight=23.90211150073447 4.0649062688462534 46.840331293642521 6.2933104583062223 6.8542151805013409 18.349412776529789 26.120662794914097 74.439168557990342 27.757828303612769 11.133224511519076 9.4650551285594684 4.2182547086849791 3.6881155180744818 23.013917189091444 17.398599647916853 1.3219855949282635 7.1536806379444897 3.9861209513619533 2.0966216735541812 12.512701561208813
leaf_count=578 37 533 66 37 71 461 610 134 63 60 27 13 114 42 5 145 53 13 140
internal_value=0 -0.00701608 0.00583234 -0.00712795 0.00841495 0.00524453 -0.000125304 0.0188237 -0.00248943 0.00351697 -0.00832783 -0.0141967 -0.00874481 0.0167931 -0.0226816 0.012858 -0.0154812 -0.0254109 -0.0187336
internal_weight=330.61 150.232 180.378 27.4179 152.96 134.611 100.56 34.0511 122.911 61.0108 61.9004 50.5284 32.479 28.5318 27.3207 11.3719 20.5637 25.9987 16.5776
internal_count=3202 1593 1609 267 1342 1271 1071 200 997 279 718 546 174 105 596 172 230 591 177
is_linear=0
shrinkage=0.0435066


Tree=59
num_leaves=19
num_cat=0
split_feature=4 16 16 27 4 0 5 5 4 6 4 2 6 3 27 17 1 4
split_gain=6.17331 5.07801 4.14594 4.88971 3.51192 4.17556 3.0086 7.58932 3.23565 5.43528 2.8235 2.80699 1.99209 1.89587 1.80383 1.4673 1.17154 0.491221
threshold=36.750000000000007 12.500000000000002 9.5000000000000018 1.5000000000000002 40.45000000000001 1650.0000000000002 38.45000000000001 42.850000000000001 35.350000000000001 145.45000000000002 34.750000000000007 13.500000000000002 70.950000000000017 51.500000000000007 4.5000000000000009 41.655714285714296 6.5000000000000009 36.650000000000013
decision_type=2 2 2 2 2 2 2 2 2 2 2 2 2 2 2 2 2 2
left_child=1 13 -2 4 5 -4 8 -8 9 -3 -9 14 -10 -1 -5 -6 17 -15
right_child=2 6 3 11 15 -7 7 10 12 -11 -12 -13 -14 16 -16 -17 -18 -19
leaf_value=0.0036183798908179794 -0.020315765998214143 -0.016275714224924312 0.012992459206552476 0.022419295212586458 -0.0012342698053855212 -0.011644682882555787 0.02386149084463695 -0.020960068955596319 0.020813051493696288 0.016956284832300942 0.00088810055585484594 -0.0054919723217440979 -0.0026909272132778399 -0.027694702210617234 -0.00058854776243163673 0.015687581286569829 0.0019979426476366088 0
leaf_weight=2.9116099365055588 4.3338214927352956 56.467429664218798 11.285910207778214 46.683606376405805 11.347294844686983 43.872009192127734 18.99152641184628 8.6493403371423465 4.474195170216265 5.2109239259734741 38.003405505791306 6.0866150669753543 13.208642069716005 21.41721660387703 6.0056141656823447 24.178664300590754 1.3861327841877926 1.8602835587225843
leaf_count=41 98 625 53 279 60 634 53 53 32 22 205 33 279 521 51 108 35 20
internal_value=-0.000126174 -0.00570401 0.00604765 0.00769354 0.000966616 -0.00560016 -0.00198064 0.00457756 -0.00745832 -0.0119683 -0.00504561 0.0167857 0.00684326 -0.0208668 0.0198506 0.0106895 -0.0242325 -0.0262278
internal_weight=326.374 172.581 153.794 149.46 90.6839 55.1579 145.005 65.6443 79.3612 61.6784 46.6527 58.7758 17.6828 27.5752 52.6892 35.526 24.6636 23.2775
internal_count=3202 1886 1316 1218 855 687 1269 311 958 647 258 363 311 617 330 168 576 541
is_linear=0
shrinkage=0.0435066


Tree=60
num_leaves=12
num_cat=0
split_feature=13 7 27 4 4 5 0 7 18 4 6
split_gain=6.50927 4.58586 4.03388 4.50668 3.50723 5.34581 4.81393 2.76319 1.87742 2.24804 0.172772
threshold=0.70833333333333337 2.5000000000000004 1.5000000000000002 42.150000000000013 34.650000000000013 34.250000000000007 1900.0000000000002 3.5000000000000004 10.500000000000002 43.250000000000007 91.550000000000011
decision_type=2 2 2 2 2 2 2 2 2 2 2
left_child=1 8 3 7 5 -4 -6 -3 9 10 -1
right_child=-2 2 4 -5 6 -7 -8 -9 -10 -11 -12
leaf_value=-0.004967326346052593 -0.028124083546470967 -0.013630901086338453 -0.023102395180696386 0.018112965087720225 0.017568687258409252 0.0045863374802560782 0.00022422336861705229 0.0022874739695471721 0.0025888271305274709 0.0072429839458535905 -0.025731417874688613
leaf_weight=6.0847838935442367 7.6572477677837005 47.449465156067163 9.4919872540049237 8.5976027771830541 78.213063649600372 68.474674986675382 49.25887549482286 29.206037000752985 8.4928325526416284 2.0954352989792815 13.188734362134708
leaf_count=80 501 515 173 30 542 370 414 284 41 9 206
internal_value=0.000711307 0.00197755 0.00375229 -0.00392266 0.00700744 -0.000187411 0.0112783 -0.00774082 -0.0125992 -0.018191 -0.0224782
internal_weight=328.211 320.553 290.692 85.2531 205.439 77.9667 127.472 76.6555 29.8618 21.369 19.2735
internal_count=3165 2664 2328 829 1499 543 956 799 336 295 286
is_linear=0
shrinkage=0.0435066


Tree=61
num_leaves=13
num_cat=0
split_feature=13 27 4 18 4 5 5 0 4 4 4 2
split_gain=6.05639 3.91923 4.02109 3.09238 5.65838 2.67712 4.54338 2.29337 6.0611 2.42505 1.82708 1.19657
threshold=0.70833333333333337 3.5000000000000004 42.150000000000013 11.500000000000002 34.650000000000013 42.000000000000007 38.95000000000001 1350.0000000000002 36.550000000000004 38.350000000000001 37.45000000000001 6.5000000000000009
decision_type=2 2 2 2 2 2 2 2 2 2 2 2
left_child=1 2 7 5 -5 6 -3 8 -1 -9 -7 -6
right_child=-2 3 -4 4 11 10 -8 9 -10 -11 -12 -13
leaf_value=-0.013684120222558211 -0.027438619434792255 0.0010259378457334412 0.014988055838580747 -0.013583549608567322 0.0054997087843778976 -0.015810844718938719 0.024387822910158122 -0.022000226729856034 0.017289747976237415 -0.0048291261117280534 0.0037681415793968292 0.023512330338325959
leaf_weight=17.304870209190995 7.3908400263171634 100.38314738427289 11.891918517649172 7.0764460936188689 16.566604202613235 17.20279649831355 12.574984345585106 20.220861778128892 17.433065919205546 55.605674370191991 10.073774419724939 32.436763621866703
leaf_count=214 501 1031 49 38 81 151 40 303 83 498 55 121
internal_value=0.000646709 0.0018655 -0.00406451 0.00562591 0.01371 0.0018592 0.00489937 -0.00691994 0.00189157 -0.0109093 -0.00894965 0.0189645
internal_weight=326.162 318.771 122.456 196.315 56.0798 140.235 112.958 110.564 34.7379 75.8265 27.2766 49.0034
internal_count=3165 2664 1147 1517 240 1277 1071 1098 297 801 206 202
is_linear=0
shrinkage=0.0435066


Tree=62
num_leaves=15
num_cat=0
split_feature=13 27 18 6 5 6 17 17 7 1 0 8 6 9
split_gain=5.73297 3.73711 2.88768 2.90669 2.41523 2.11759 5.29556 2.71165 1.80023 1.63353 1.48734 1.40578 1.40075 1.14098
threshold=0.70833333333333337 3.5000000000000004 11.500000000000002 111.95000000000002 62.350000000000009 110.75000000000001 53.775000000000006 56.024553571428577 2.5000000000000004 1.5000000000000002 1350.0000000000002 2021.5000000000002 146.15000000000001 0.017148526077097454
decision_type=2 2 2 2 2 2 2 2 2 2 2 2 2 2
left_child=1 5 3 8 -4 6 10 11 -3 -8 -1 -7 -5 -6
right_child=-2 2 4 12 13 7 9 -9 -10 -11 -12 -13 -14 -15
leaf_value=0.0086318980243951324 -0.026809091779003539 -0.007963379226539025 -0.0056793911921414093 -0.012962276070762248 0.00035624178826751336 -0.012177023105990765 0 0.017964098676824632 0.0077994748893833966 -0.023209200703790289 -0.0039822907057460288 0.0075316564181969296 0.002162118074322809 0.019356192309568032
leaf_weight=22.134770601987839 7.1588129806332281 9.9387575727887434 6.8686149790883055 23.235132929170504 8.3940564636141044 10.820889926515521 6.0845799120143047 11.015583354048429 91.726924951653928 26.743772678077221 39.214808811433613 5.1364895710721603 14.686217566020785 40.339346531778574
leaf_count=205 501 148 39 308 43 78 60 65 700 304 395 40 121 158
internal_value=0.000751552 0.001935 0.00561038 0.0019529 0.0134621 -0.00389171 -0.006937 0.00572117 0.00577853 -0.0194108 0.000812312 -0.00504048 -0.00742014 0.0166939
internal_weight=323.499 316.34 195.189 139.587 55.602 121.151 94.1779 26.973 101.666 32.8284 61.3496 15.9574 37.9214 48.7334
internal_count=3165 2664 1517 1277 240 1147 964 183 848 364 600 118 429 201
is_linear=0
shrinkage=0.0435066


Tree=63
num_leaves=12
num_cat=0
split_feature=13 27 4 16 4 6 5 5 5 2 6
split_gain=5.33494 3.7382 3.91592 2.52138 3.14373 4.5947 4.29926 2.09226 4.34329 0.598511 0.446453
threshold=0.70833333333333337 3.5000000000000004 42.150000000000013 9.5000000000000018 34.650000000000013 111.95000000000002 34.650000000000013 136.85000000000005 79.350000000000009 7.5000000000000009 70.950000000000017
decision_type=2 2 2 2 2 2 2 2 2 2 2
left_child=1 2 7 10 6 -6 -5 8 -1 -9 -3
right_child=-2 3 -4 4 5 -7 -8 9 -10 -11 -12
leaf_value=-0.0084912061921810916 -0.026093241093794402 0.0001799599731147026 0.015096665297154466 -0.019684974234060123 0.018055265268195411 0.00039160645097715218 0.004487460781369028 -0.022313994475311197 0.011738388699901714 -0.0028710476033044201 -0.017086655975254859
leaf_weight=68.680342379491776 6.9079514904879025 2.1531594884581855 11.442676946520804 10.785779668483881 65.073983462061733 48.078267559409142 64.71687039360404 12.172279339283707 20.899375051259995 7.7317146845161906 4.2581396563909948
leaf_count=860 501 26 49 188 464 395 335 81 105 52 109
internal_value=0.000748629 0.00188205 -0.00395079 0.00555876 0.00667669 0.0110642 -0.000132536 -0.00676464 -0.00319075 -0.0177136 -0.0133411
internal_weight=322.901 315.993 120.926 195.066 188.655 113.152 75.5027 109.484 89.5797 19.904 6.4113
internal_count=3165 2664 1147 1517 1382 859 523 1098 965 133 135
is_linear=0
shrinkage=0.0435066


Tree=64
num_leaves=11
num_cat=0
split_feature=13 7 24 9 25 5 11 18 4 10
split_gain=5.09294 3.33707 3.02274 3.38913 3.05444 3.38944 1.96875 1.32035 1.70027 0.198655
threshold=0.70833333333333337 2.5000000000000004 1.5000000000000002 0.041213921901527957 1.0000000180025095e-35 37.050000000000004 0.11173533083645441 10.500000000000002 43.250000000000007 0.31123737373737376
decision_type=2 2 2 2 2 2 2 2 2 2
left_child=1 7 4 -4 6 -6 -3 8 9 -1
right_child=-2 2 3 -5 5 -7 -8 -9 -10 -11
leaf_value=-0.021393182961812467 -0.025531016323634245 -0.018344883671810894 0.0079934450257575368 -0.025136248957815899 0.0002925760758799434 0.010323923455805298 0.0059946223227139647 0.0019991195588408318 0.0064223255120693786 -0.0017778110659717719
leaf_weight=14.538597195409247 6.6894275899976483 11.190911268349739 5.1762574352323991 7.7500068610534072 117.69432327337563 139.39966612495482 5.0447277631610623 8.415241561830042 1.9998046085238446 3.5812040846794835
leaf_count=220 501 113 37 71 1320 737 50 41 9 66
internal_value=0.000917905 0.00201773 0.00352546 -0.013119 0.00463577 0.00589067 -0.0107886 -0.0106635 -0.0155313 -0.019421
internal_weight=321.48 314.791 286.256 12.9263 273.33 257.094 16.2356 28.5348 20.1196 18.1198
internal_count=3165 2664 2328 108 2220 2057 163 336 295 286
is_linear=0
shrinkage=0.0435066


Tree=65
num_leaves=14
num_cat=0
split_feature=4 0 4 7 5 4 3 5 4 5 16 17 4
split_gain=5.17505 3.66565 6.03776 3.00458 2.43608 2.87265 2.41395 3.49048 2.2756 3.95968 2.3897 1.33049 1.31394
threshold=41.45000000000001 1350.0000000000002 36.45000000000001 3.5000000000000004 368.10000000000008 39.250000000000007 55.250000000000007 36.050000000000004 38.350000000000001 48.650000000000013 13.500000000000002 41.939285714285724 34.45000000000001
decision_type=2 2 2 2 2 2 2 2 2 2 2 2 2
left_child=1 2 6 4 5 -3 7 -1 9 -5 -10 -2 -8
right_child=11 3 -4 8 -6 -7 12 -9 10 -11 -12 -13 -14
leaf_value=-0.021017447978317304 0 -0.015338146500174291 0.021401259049260699 0.0033589207185444315 0.012783078827241681 0.00039887024427468897 -0.0010818329436534588 0.0024359480622232598 -0.0041283013248398417 -0.015961684408372725 0.021760524498176875 0.024354799023988204 0.015272473081216492
leaf_weight=14.313194484449921 6.2056514918804195 67.85898868413642 26.187353487592191 65.453304884489626 3.2312121465802184 28.951292666606605 14.81715572322719 24.095171366818249 7.1702647237107167 21.258393885567784 11.0556037039496 14.242567755281923 12.211139437509699
leaf_count=343 34 1064 138 663 10 249 105 132 61 156 77 59 120
internal_value=0.000791054 -0.000817832 0.00610988 -0.00405493 -0.00921454 -0.0108061 -0.00125372 -0.0078609 0.00102473 -0.00205436 0.0127637 0.0190592 0.00753821
internal_weight=317.051 296.603 91.624 204.979 100.041 96.8103 65.4367 38.4084 104.938 86.7117 18.2259 20.4482 27.0283
internal_count=3211 3118 838 2280 1323 1313 700 475 957 819 138 93 225
is_linear=0
shrinkage=0.0435066


Tree=66
num_leaves=16
num_cat=0
split_feature=4 6 4 5 3 4 4 6 7 9 27 16 17 6 17
split_gain=4.88333 4.18531 5.56789 3.51287 3.84809 3.01776 2.81879 3.70838 2.686 2.59642 2.2288 2.20678 1.94763 1.88533 1.23973
threshold=41.45000000000001 73.40000000000002 36.45000000000001 35.650000000000013 55.250000000000007 38.350000000000001 33.750000000000007 145.45000000000002 3.5000000000000004 0.029513888888888853 3.5000000000000004 13.500000000000002 37.952857142857148 60.95000000000001 41.939285714285724
decision_type=2 2 2 2 2 2 2 2 2 2 2 2 2 2 2
left_child=1 2 3 4 -1 6 7 -3 10 -5 -7 -10 -8 -4 -2
right_child=14 5 13 9 -6 8 12 -9 11 -11 -12 -13 -14 -15 -16
leaf_value=-0.023290620495240263 1.8221092660584572e-05 -0.008843549161358176 0 -0.012994824639378665 0.0027391807548242655 -0.0085329470761962411 -0.0018903056906183844 0.021293449878388056 -0.0029206359508446192 0.0094743493905719411 0.010254520004195288 0.022619407949931856 -0.015694473961406226 0.026205326919036046 0.023927566069967373
leaf_weight=14.129931175149975 6.2080590426921871 11.329007699154319 6.1160022481344667 5.3972015958279362 18.678025896893814 34.046540493145585 31.568785883486271 7.2752071581780902 6.9393112282268712 54.162452150136232 10.427698289975522 11.271706478204578 65.514182361075655 19.55100328149274 14.017899975180624
leaf_count=340 34 101 48 41 195 387 478 21 61 270 68 77 946 85 59
internal_value=0.00093778 -0.000622382 0.00551893 0 -0.0102172 -0.00479204 -0.00881064 0.00500724 0.00261012 0.00620499 -0.00318281 0.0142751 -0.0117042 0.021103 0.0187583
internal_weight=316.633 296.407 118.035 92.3676 32.808 178.372 115.687 18.6042 62.6853 59.5597 44.4742 18.211 97.083 25.667 20.226
internal_count=3211 3118 979 846 535 2139 1546 122 593 311 455 138 1424 133 93
is_linear=0
shrinkage=0.0435066


Tree=67
num_leaves=16
num_cat=0
split_feature=4 6 4 5 3 4 4 6 2 10 7 6 9 10 10
split_gain=4.76822 3.89482 4.8422 2.58674 3.47426 2.55252 2.60869 4.13746 3.61983 2.52188 2.33385 1.8233 1.05476 0.930523 0.0946516
threshold=41.45000000000001 73.40000000000002 36.45000000000001 35.650000000000013 55.250000000000007 38.350000000000001 33.750000000000007 145.45000000000002 12.500000000000002 0.24638060352346061 3.5000000000000004 60.95000000000001 0.033520599250936305 0.39231927710843378 0.18734335839598995
decision_type=2 2 2 2 2 2 2 2 2 2 2 2 2 2 2
left_child=1 2 3 4 -1 6 7 -3 -8 -5 13 -4 -12 -7 -2
right_child=14 5 11 9 -6 10 8 -9 -10 -11 12 -13 -14 -15 -16
leaf_value=-0.021368285294417526 0.021721902335912771 -0.0096590863336231837 0 0.0088288974466376163 0.003280170652409238 -0.0057071476062652265 -0.014754956208540195 0.022011308577301571 0.005564323086277809 -0.013021794781065254 -0.0023326732747236895 0.024938329135054414 0.017341988216060429 0.0082971143449622146 0.0048752774366158094
leaf_weight=13.669109078124164 12.684578970074655 11.45014420989901 6.181992455385628 53.570056517608464 18.947807153686881 39.519364025909454 80.409763586940244 7.4208404254168263 16.061276096850634 5.708444293588399 3.8991374205797937 19.457893056795001 14.063915191218255 4.6365528809837988 7.398848343640565
leaf_count=340 56 101 48 270 195 404 1279 21 145 41 34 85 104 51 37
internal_value=0.000952743 -0.000592129 0.00534151 0.000136399 -0.00863036 -0.00462682 -0.00831825 0.00485152 -0.0111362 0.00549026 0.00221964 0.0198755 0.0131758 -0.00315993 0.0186091
internal_weight=315.08 294.996 117.535 91.8954 32.6169 177.461 115.342 18.871 96.471 59.2785 62.119 25.6399 17.9631 44.1559 20.0834
internal_count=3211 3118 979 846 535 2139 1546 122 1424 311 593 133 138 455 93
is_linear=0
shrinkage=0.0435066


Tree=68
num_leaves=15
num_cat=0
split_feature=4 6 4 27 4 27 21 0 4 2 6 8 4 17
split_gain=4.5985 3.70978 4.33411 2.77562 2.59182 2.77892 2.45957 2.32974 2.15812 2.05077 1.51323 1.39121 1.16608 1.06301
threshold=41.45000000000001 73.40000000000002 36.45000000000001 3.5000000000000004 38.750000000000007 3.5000000000000004 1.0000000180025095e-35 1900.0000000000002 34.45000000000001 13.500000000000002 60.95000000000001 2019.0000000000002 34.95000000000001 42.844047619047622
decision_type=2 2 2 2 2 2 2 2 2 2 2 2 2 2
left_child=1 2 3 12 5 9 -6 -7 -5 -3 -4 -8 -1 -2
right_child=13 4 10 8 6 7 11 -9 -10 -11 -12 -13 -14 -15
leaf_value=0.0049764175613661041 0.00069118663293050206 -0.021082642000297355 0 -0.00097645551358267995 0.016856204816557346 0.0017042090501183079 -0.012301376473525851 -0.011407666708461172 0.013322693432209494 0.0067678208648425889 0.023780123506109179 0.0028928890629084038 -0.017687370232285522 0.02351131170896497
leaf_weight=1.6625061002559949 6.4510111846029785 27.839052568888295 6.2569811875000623 53.217146733775735 11.663745377678422 61.640509539633058 10.274353844113646 34.673991064075381 23.735615093726665 2.129679729230701 19.382382215000689 28.475846703164279 12.448140497552229 13.486251600086687
leaf_count=26 35 533 48 363 72 685 112 439 213 26 85 272 244 58
internal_value=0.00111478 -0.000409099 0.00540083 0.000408972 -0.00435696 -0.00760134 0.0035329 -0.00334202 0.00400917 -0.0179721 0.0191412 -0.00210423 -0.0138003 0.0184975
internal_weight=313.337 293.4 116.703 91.0634 176.697 126.283 50.4139 96.3145 76.9528 29.9687 25.6394 38.7502 14.1106 19.9373
internal_count=3211 3118 979 846 2139 1683 456 1124 576 559 133 384 270 93
is_linear=0
shrinkage=0.0435066


Tree=69
num_leaves=15
num_cat=0
split_feature=4 13 17 2 11 11 5 5 7 17 14 6 27 14
split_gain=5.17149 3.51677 3.00197 5.07477 4.02439 2.73521 4.35695 1.93862 1.76477 1.52087 0.566491 0.350113 0.157074 0.0620998
threshold=41.45000000000001 0.36666666666666675 69.980769230769241 3.5000000000000004 1.0000000180025095e-35 0.024725274725274703 125.75000000000001 146.60000000000005 6.5000000000000009 41.939285714285724 2.5000000000000004 106.05000000000001 1.0000000180025095e-35 3.5000000000000004
decision_type=2 2 2 2 2 2 2 2 2 2 2 2 2 2
left_child=1 2 5 11 -5 6 -1 -7 10 -2 12 -4 -3 -12
right_child=9 8 3 4 -6 7 -8 -9 -10 -11 13 -13 -14 -15
leaf_value=-0.014120052870748866 0 0 0.015870009879327421 0.0042401483795675736 -0.028868859751635816 0.0060846058452051358 0.011254178288483184 -0.0076620295534271217 0.0068534583513100754 0.025077793205714474 0.0023165824911450532 0.000106835152987442 -0.025431656696241728 -0.0031966098573678247
leaf_weight=33.298633477184922 6.0772533826530006 0.47967120539396901 3.9736522547900659 7.1035449001938131 16.608165120705962 181.81235178350471 12.772838028147815 15.457771779969333 1.2057310799136747 14.08974042534828 1.6206479175016277 5.4862750452011824 10.412708326941354 0.71272477926686395
leaf_count=349 34 20 18 47 195 1513 69 97 11 59 49 51 661 38
internal_value=0.00109303 -0.000542564 0.000708161 -0.0103772 -0.0198411 0.00249085 -0.0063709 0.00474744 -0.017753 0.0194366 -0.0220282 0.0111311 -0.024736 0
internal_weight=311.112 290.945 276.513 33.1716 23.7117 243.342 46.0715 197.27 14.4315 20.167 13.2258 9.45993 10.8924 2.33337
internal_count=3211 3118 2339 311 242 2028 418 1610 779 93 768 69 681 87
is_linear=0
shrinkage=0.0435066


Tree=70
num_leaves=22
num_cat=0
split_feature=4 16 0 4 16 17 5 5 7 5 3 3 5 8 1 1 3 17 4 4 4
split_gain=5.60943 5.13926 3.54831 4.03936 3.48978 3.12747 3.84252 2.54327 3.71726 3.6368 1.70846 1.6218 1.5909 1.34718 1.29589 1.25078 1.16482 0.990774 0.777845 0.210643 0.0249868
threshold=36.750000000000007 12.500000000000002 1650.0000000000002 40.45000000000001 11.500000000000002 36.63883928571429 209.90000000000003 35.650000000000013 4.5000000000000009 42.850000000000001 52.500000000000007 51.500000000000007 39.350000000000001 2019.0000000000002 6.5000000000000009 3.5000000000000004 53.500000000000007 13.716666666666669 34.850000000000001 42.45000000000001 41.550000000000004
decision_type=2 2 2 2 2 2 2 2 2 2 2 2 2 2 2 2 2 2 2 2 2
left_child=1 11 4 5 -2 15 -7 8 13 12 -11 -1 -9 -3 17 -4 20 -13 -10 -18 -5
right_child=2 7 3 16 -6 6 -8 9 18 10 -12 14 -14 -15 -16 -17 19 -19 -20 -21 -22
leaf_value=0.0032704987614004632 -0.0070336800795875254 0.0014259416449956381 0.015609069960370406 -0.0010241006723715502 0.024069042362247963 -0.01224621171373517 0.01153601056874457 0.0050404204289555173 -0.0013784033485774922 0.0074175362003866679 -0.010005159602109922 0.0012936008630901814 0.024079556554035531 -0.017085514870244362 0.0025736191712151489 -0.0027526984466743148 0.008084245299061852 -0.027392507520688222 0.017430095180151595 0.023845794566234799 0.001715562504420121
leaf_weight=2.5732893999666002 4.9685194757767048 6.7710293696727595 13.62263046950102 5.2451245523989183 24.973850158974528 53.453237408073619 10.421136647462843 40.050627075135708 3.7960010867100191 8.5614526681601983 33.204061309807003 1.1430239700712324 7.3448767391964784 33.742205603281036 1.4914166958769772 6.9155124458484343 17.4581747725606 21.639818432042375 4.6390517402905971 8.9262252077460271 5.3615662828087807
leaf_count=38 50 111 122 30 121 693 57 196 64 44 200 15 29 539 34 101 106 528 66 36 24
internal_value=0.000370297 -0.0050527 0.00630938 0.00249256 0.018297 -0.00276648 -0.00751425 -0.00121359 -0.00862873 0.00306241 -0.00570598 -0.0204055 0.0107318 -0.0140086 -0.0234034 0.00988028 0.0133419 -0.0256419 0.0113805 0.0173897 0
internal_weight=316.303 164.957 151.346 121.404 29.9424 84.4125 63.8744 138.109 48.9483 89.161 41.7655 26.8475 47.3955 40.5132 24.2743 20.5381 36.9911 22.7828 8.43505 26.3844 10.6067
internal_count=3204 1864 1340 1169 171 973 750 1249 780 469 244 615 225 650 577 223 196 543 130 142 54
is_linear=0
shrinkage=0.0435066


Tree=71
num_leaves=21
num_cat=0
split_feature=4 22 13 10 25 2 17 16 17 17 4 17 17 7 0 2 16 11 16 21
split_gain=5.6471 2.88903 3.10244 2.51114 2.09222 2.03401 1.69805 1.69461 1.54069 0.844174 0.830201 0.78836 1.23069 0.695723 0.674251 1.00066 0.530486 0.189889 0.150607 0.0471834
threshold=39.150000000000013 1.0000000180025095e-35 0.45000000000000007 0.26206005414718198 1.5000000000000002 13.500000000000002 39.314871794871806 12.500000000000002 64.09532967032969 31.393269230769238 41.850000000000001 53.775000000000006 56.346428571428582 4.5000000000000009 2200.0000000000005 11.500000000000002 11.500000000000002 0.060915275200989459 14.500000000000002 1.0000000180025095e-35
decision_type=2 2 2 2 2 2 2 2 2 2 2 2 2 2 2 2 2 2 2 2
left_child=1 2 3 4 -1 7 9 10 -5 19 16 -9 -13 -4 15 -8 -2 -11 -15 -3
right_child=5 6 13 8 -6 -7 14 11 -10 17 -12 12 -14 18 -16 -17 -18 -19 -20 -21
leaf_value=-0.011967008515604192 0.0025784412672230678 -0.0089699971891007424 -0.022823385169403236 0.013735389759585227 0.00062755187022906877 -0.0087611230868073885 -0.024412068084279565 0.023085707981998375 -0.0055202946405830825 0.012131566871495946 0.0097261017021764064 -0.0069721433830811867 0.011611401954822714 -0.0038427151273458734 -0.00018020700260993171 -0.00017224198616675932 -0.010568279133688022 0 0.0047044177440890775 0
leaf_weight=23.258878684602678 5.2425826322287339 1.9625298217870277 7.103552387794478 31.116884202463552 144.37577985040843 3.8333006016910067 16.139791339635856 21.888401481322944 5.2938647218979886 3.0155780003406107 5.0027841813862315 3.5759934019297388 18.997210097499192 1.2656561790499838 4.7349014235660425 4.8550099432468405 6.1170365018770099 2.3933289968408644 1.1714510726742444 1.5419812179170549
leaf_count=209 53 39 527 299 1131 24 199 134 68 31 23 19 139 65 38 53 59 37 28 29
internal_value=0.000383173 -0.00261965 -0.000520293 0.0008549 -0.00144449 0.0112373 -0.0131865 0.0133731 0.0102881 0.00158116 0.000386536 0.0172944 0.00741879 -0.0189694 -0.0179004 -0.0205413 -0.00520937 0.00935415 0 -0.0076921
internal_weight=312.886 248.229 213.586 204.045 167.635 64.6573 34.6431 60.824 36.4107 8.91342 16.3624 44.4616 22.5732 9.54066 25.7297 20.9948 11.3596 5.40891 2.43711 3.50451
internal_count=3204 2753 2327 1707 1340 451 426 427 367 136 135 292 158 620 290 252 112 68 93 68
is_linear=0
shrinkage=0.0435066


Tree=72
num_leaves=23
num_cat=0
split_feature=4 6 4 6 27 6 4 6 22 1 17 6 6 4 7 3 22 0 6 10 6 9
split_gain=4.80165 4.36292 2.87631 6.22592 3.68194 3.46673 2.67922 4.90999 4.06832 2.90855 2.12803 1.56942 1.33497 1.67616 1.33591 1.21948 1.15808 1.08678 1.01603 0.591372 0.543121 0.00855707
threshold=39.150000000000013 73.40000000000002 35.850000000000001 145.25000000000003 3.5000000000000004 111.95000000000002 34.45000000000001 60.750000000000007 1.0000000180025095e-35 2.5000000000000004 36.63883928571429 155.60000000000002 109.45000000000002 39.650000000000013 2.5000000000000004 51.500000000000007 1.5000000000000002 2200.0000000000005 108.95000000000002 0.25873937103522743 147.05000000000004 0.10404971932638325
decision_type=2 2 2 2 2 2 2 2 2 2 2 2 2 2 2 2 2 2 2 2 2 2
left_child=1 6 3 15 10 -6 9 16 -9 17 -4 12 13 19 -14 -3 -8 -1 -15 -2 -5 -16
right_child=11 2 4 20 5 -7 7 8 -10 -11 -12 -13 14 18 21 -17 -18 -19 -20 -21 -22 -23
leaf_value=-0.0042176316143588532 -0.015461668070054406 8.121603297421547e-05 0.0010398276248988236 0.014397332922805768 0.014635623410636107 -0.0050116778581162941 -0.018581443459239615 0.02044335132682441 -0.0052856560142573745 -0.023434829283350462 -0.018777430806095702 -0.0048945121296385449 0 0.013867583390323547 0.023148218272557308 -0.026949517915825227 0.0049835951389651054 0.0071721536722258511 -0.0041878543303657239 0.0020490796895147865 -0.0011774114237776574 0.0051643792859668927
leaf_weight=27.268537819385529 3.544944514520469 2.619012736715379 13.075942846480755 5.4767716526985151 24.37089458014816 31.553675442235544 7.3701306432485563 40.884972679894418 11.632922699209301 4.4453406692482522 24.003252056194469 6.7823159247636786 6.7027301164343944 13.456549941096457 21.209014339372519 28.337612719275057 1.5302105480805037 22.982084691524506 3.8335200399160376 2.2388018453493714 3.4665219236630946 6.188311055302619
leaf_count=166 50 23 172 26 204 338 181 288 109 68 445 48 51 100 109 514 17 148 32 32 54 29
internal_value=0.00039391 -0.00235481 -0.00759591 -0.0165366 -0.00282735 0.00402284 0.00364685 0.00949597 0.0146193 -0.00306831 -0.0124471 0.0104673 0.0127621 0.00290408 0.0176483 -0.0247774 -0.0134826 0.0010394 0.00939074 -0.0103701 0.0097573 0.0211561
internal_weight=312.974 249.018 132.904 39.8999 93.0038 55.9246 116.114 61.4182 52.5179 54.696 37.0792 63.9562 57.1739 23.0738 34.1001 30.9566 8.90034 50.2506 17.2901 5.78375 8.94329 27.3973
internal_count=3204 2753 1776 617 1159 542 977 595 397 382 617 451 403 214 189 537 198 314 132 82 80 138
is_linear=0
shrinkage=0.0435066


Tree=73
num_leaves=12
num_cat=0
split_feature=16 13 17 9 8 24 22 10 11 6 17
split_gain=3.61961 3.09296 2.08205 2.26343 1.64989 1.48879 1.7661 0.934875 0.836127 0.249822 0.274393
threshold=9.5000000000000018 0.70833333333333337 37.952857142857148 0.04016129032258061 2021.5000000000002 1.5000000000000002 1.0000000180025095e-35 0.15007309941520466 0.040833333333333312 69.15000000000002 54.945138888888899
decision_type=2 2 2 2 2 2 2 2 2 2 2
left_child=9 2 3 4 -2 6 -4 -7 -5 -1 -11
right_child=1 -3 5 8 -6 7 -8 -9 -10 10 -12
leaf_value=0 0.0043156477090160435 -0.02089630499364693 0.0026470911256697648 0 -0.016476033502924224 0.0016939188825362975 -0.0075015646639726829 -0.018916557742127086 0.01468883762401752 -0.023685538602961242 0
leaf_weight=1.2497046440839747 13.898180887103083 4.9335947870276859 186.43720554513857 7.3567883698269716 4.6802333751693359 3.5905292220413667 32.319418756756932 5.6786840886343271 43.826463486999273 6.6067055313615128 0.88796665240079153
leaf_count=23 122 423 1523 71 50 21 305 54 386 207 19
internal_value=0.000220137 0.0012672 0.00210713 0.00832936 -0.00343917 0 0.000929369 -0.0128914 0.0126816 -0.0204305 -0.0220994
internal_weight=311.465 302.721 297.788 69.7617 18.5784 228.026 218.757 9.26921 51.1833 8.74438 7.49467
internal_count=3204 2955 2532 629 172 1903 1828 75 457 249 226
is_linear=0
shrinkage=0.0435066


Tree=74
num_leaves=13
num_cat=0
split_feature=4 13 16 4 6 6 7 6 5 1 5 28
split_gain=4.8839 3.2322 2.38268 3.10737 6.56694 3.44683 0.941288 0.328974 0.170676 0.153925 0.115413 0.055943
threshold=42.150000000000013 0.45000000000000007 9.5000000000000018 36.750000000000007 94.350000000000009 71.050000000000011 4.5000000000000009 71.450000000000017 20.350000000000005 7.5000000000000009 184.20000000000002 1.4950000000000003
decision_type=2 2 2 2 2 2 2 2 2 2 2 2
left_child=1 2 7 5 -5 -4 9 -1 11 10 -3 -8
right_child=-2 6 3 4 -6 -7 8 -9 -10 -11 -12 -13
leaf_value=0 0.020598580784768616 -0.023801460640707588 0.0024891215255909509 0.02299714523529784 0.00014839925718388835 -0.010164544443212747 0 -0.020652437776457606 -0.0037091522947968279 0 0 0.0066761430649652604
leaf_weight=2.2554735429584971 14.250657662749289 9.104668865445996 84.710964919067919 25.351834204047918 98.095713278278708 67.166149299126118 0.99205363448709183 5.0512466095387936 1.2718668747693298 0.47676953137852329 0.41138958185911256 0.72912482009269297
leaf_count=31 61 645 596 120 822 672 57 117 38 26 4 15
internal_value=0.000166006 -0.00120869 0 0.000839507 0.0058361 -0.00323121 -0.0183394 -0.0176603 0.000349686 -0.0224756 -0.0232023 0.00513319
internal_weight=309.868 295.617 282.631 275.325 123.448 151.877 12.9859 7.30672 2.99305 9.99283 9.51606 1.72118
internal_count=3204 3143 2358 2210 942 1268 785 148 110 675 649 72
is_linear=0
shrinkage=0.0435066


Tree=75
num_leaves=18
num_cat=0
split_feature=4 21 16 4 5 23 23 3 4 0 21 7 1 2 5 4 23
split_gain=5.10085 3.59308 3.79856 4.88551 3.94561 3.72539 2.64779 1.93074 1.69012 2.19191 2.34511 2.4454 0.825056 0.771072 0.705579 0.695576 0.102518
threshold=38.350000000000001 1.0000000180025095e-35 10.500000000000002 36.550000000000004 35.650000000000013 1.5000000000000002 1.5000000000000002 52.500000000000007 43.45000000000001 2200.0000000000005 1.0000000180025095e-35 2.5000000000000004 1.0000000180025095e-35 5.5000000000000009 136.85000000000005 39.150000000000013 1.0000000180025095e-35
decision_type=2 2 2 2 2 2 2 2 2 2 2 2 2 2 2 2 2
left_child=1 2 14 4 -4 -5 7 13 9 10 15 -12 -9 -3 -1 -2 -11
right_child=8 6 3 5 -6 -7 -8 12 -10 16 11 -13 -14 -15 -16 -17 -18
leaf_value=-0.022851272106138684 0.0025081981877306194 0.010599675554728582 -0.012358984958768639 0.017385119489636863 0.0029797528824819868 -0.011848232791243148 0.011952281397833648 -0.0062341685650241351 0.024218326536189251 -0.013499146918018861 -0.015002538403796071 0.0064691341698407106 -0.024432151747379525 -0.0069167595001456287 0.00082638354179220494 0.02532041210541798 -0.00033250862054786821
leaf_weight=9.3048065998591465 6.1459736041724673 3.5749519984237841 46.167556806118228 38.916474909521639 73.37646073102951 4.850832669530063 1.977740748785435 14.535666633397339 5.970823921263217 3.618778475560247 5.7500456897541872 48.234139172360301 23.424314133822918 2.3829136369749904 1.3471304308623064 9.4718949124217016 3.5088149420917034
leaf_count=273 45 37 873 232 418 46 22 82 24 33 58 452 482 48 14 48 34
internal_value=-0.00016066 -0.003661 -0.000569923 0.00136633 -0.0031968 0.0128292 -0.0136576 -0.016406 0.00861978 0.00548409 0.00810352 0.00264599 -0.0196247 0.00283293 -0.0200931 0.0201798 -0.0110102
internal_weight=302.559 219.859 173.963 163.311 119.544 43.7673 45.8956 43.9178 82.7005 76.7296 69.6021 53.9842 37.96 5.95787 10.6519 15.6179 7.12759
internal_count=3221 2527 1856 1569 1291 278 671 649 694 670 603 510 564 85 287 93 67
is_linear=0
shrinkage=0.0435066


Tree=76
num_leaves=20
num_cat=0
split_feature=4 18 6 6 1 4 2 17 2 16 6 17 17 6 18 23 5 3 6
split_gain=5.18075 4.04969 4.65935 6.37562 3.8167 3.17769 4.51554 2.31771 2.1076 1.88759 1.64134 2.79623 2.49819 1.23831 1.13416 0.735754 0.968987 0.160672 0.0603659
threshold=39.150000000000013 13.500000000000002 94.350000000000009 145.85000000000005 1.0000000180025095e-35 36.45000000000001 2.5000000000000004 41.338095238095242 6.5000000000000009 11.500000000000002 110.75000000000001 41.655714285714296 52.832142857142863 127.60000000000001 11.500000000000002 1.0000000180025095e-35 184.20000000000002 54.500000000000007 113.35000000000001
decision_type=2 2 2 2 2 2 2 2 2 2 2 2 2 2 2 2 2 2 2
left_child=1 2 5 7 -5 6 -1 -4 -3 -7 12 18 14 -13 -2 16 -14 -10 -12
right_child=10 8 3 4 -6 9 -8 -9 17 -11 11 13 15 -15 -16 -17 -18 -19 -20
leaf_value=0.013472457260856835 0.015136405370844378 -0.0043625460877058566 -0.0038374865991390597 0.025372035476249815 -0.0073251122090437033 -0.0066422590168569015 -0.0084012583436504414 -0.02239395764045763 0.020449866926474214 0.015383882556822482 -0.0046791316343772118 0.029727290664679912 -0.01919934799897902 0.0022053599096966948 -0.0035834006071813508 0.0023535025758447854 0.0026387054237828958 0.0041092185381809586 0
leaf_weight=16.357944548130035 16.950791845098141 8.521429222077133 22.202451287070289 6.5877485498785964 8.7444313762243819 4.7792513822205391 75.684021352208219 50.959130915231071 12.105715971440079 25.979801746550947 3.5035901721566942 13.516142614185812 6.4793225326575321 5.9614154724404207 4.3550426550209513 4.0127840507775536 2.434236291795969 7.3823580592870703 3.9197943788021803
leaf_count=155 130 45 421 16 169 56 864 820 45 144 25 57 90 39 27 32 16 37 33
internal_value=-0.000136038 -0.00309902 -0.00525323 -0.0124902 0.00964012 0.000250617 -0.00377784 -0.0176635 0.0107842 0.0111284 0.0104948 0.0174986 0.0028256 0.0243559 0.0110049 -0.00930776 -0.0139871 0.0172281 -0.00274615
internal_weight=300.437 239.304 211.295 88.4938 15.3322 122.801 92.042 73.1616 28.0095 30.7591 61.1331 26.9009 34.2322 19.4776 21.3058 12.9263 8.91356 19.4881 7.42338
internal_count=3221 2772 2645 1426 185 1219 1019 1241 127 200 449 154 295 96 157 138 106 82 58
is_linear=0
shrinkage=0.0435066


Tree=77
num_leaves=19
num_cat=0
split_feature=4 17 5 25 2 16 6 6 16 6 14 17 6 3 2 17 17 4
split_gain=4.55809 4.40337 4.98805 4.72048 4.46906 3.62237 3.91935 6.69638 3.35615 3.31016 3.18142 2.08296 1.97086 1.37768 0.957195 0.924754 0.677076 0.225364
threshold=36.750000000000007 64.761538461538478 35.650000000000013 2.5000000000000004 3.5000000000000004 9.5000000000000018 95.250000000000014 108.05000000000001 12.500000000000002 61.850000000000001 1.5000000000000002 44.636904761904773 69.050000000000011 55.250000000000007 9.5000000000000018 26.106250000000006 87.959285714285713 36.050000000000004
decision_type=2 2 2 2 2 2 2 2 2 2 2 2 2 2 2 2 2 2
left_child=1 2 3 15 17 -2 9 11 14 -7 -10 -8 -5 -9 -4 -1 -6 -3
right_child=5 4 8 12 16 6 7 13 10 -11 -12 -13 -14 -15 -16 -17 -18 -19
leaf_value=0.00070258415451144327 -0.019268884715499111 -0.00041644122104513926 -0.016765619463795393 -0.0079288055204690903 -0.033172284829074992 -0.0021688481290871443 -0.0010264915922424522 0.011668761756384071 0.012032950435745014 0.027973745802384212 -0.0092351658442604515 -0.025417444620561776 0.013570813608868677 0 0.0033144141069436474 -0.022587862349952376 -0.0020788539881629767 0.010451214049520709
leaf_weight=2.2116907967720207 4.3193858568556598 2.5052069295197752 9.6838347380980832 8.7534626969136315 13.041591387242081 7.4747943934053209 13.429146807640793 61.641732678748667 61.632379381917417 18.590408598072827 10.897443559020756 10.225334682036189 10.746305197244508 25.200401168316603 2.6168682910501948 29.533658856176771 3.1736776239704332 2.6046113981865346
leaf_count=89 103 39 116 232 158 48 186 455 300 84 74 245 168 219 19 622 48 16
internal_value=-0.000256652 -0.00527425 -0.00187266 -0.0118573 -0.0210992 0.0052663 0.00695503 0.00276138 0.00446427 0.0203157 0.00821211 -0.0151167 0.0039639 0.00845425 -0.0122901 -0.0208587 -0.0298703 0.00700982
internal_weight=298.282 157.401 136.076 51.2451 21.3251 140.881 136.562 110.497 84.8305 26.0652 72.5298 23.6545 19.4998 86.8421 12.3007 31.7453 16.2153 5.10982
internal_count=3221 1881 1620 1111 261 1340 1237 1105 509 132 374 431 400 674 135 711 206 55
is_linear=0
shrinkage=0.0435066


Tree=78
num_leaves=15
num_cat=0
split_feature=4 21 4 0 2 4 22 7 23 4 7 6 9 9
split_gain=4.14784 2.84298 4.32003 2.76401 3.13678 2.77173 1.68915 2.37663 1.58841 1.78793 1.80374 1.75258 0.454372 0.360477
threshold=41.050000000000004 1.0000000180025095e-35 36.550000000000004 1350.0000000000002 12.500000000000002 33.750000000000007 1.5000000000000002 4.5000000000000009 1.5000000000000002 38.350000000000001 3.5000000000000004 63.050000000000004 0.051956815114709808 0.060024009603841501
decision_type=2 2 2 2 2 2 2 2 2 2 2 2 2 2
left_child=1 2 3 4 -1 -5 7 -4 9 11 -11 -3 -8 -2
right_child=13 8 6 5 -6 -7 12 -9 -10 10 -12 -13 -14 -15
leaf_value=0.008753182959950305 0.01815876172376979 -0.0065526042661944823 0.015270601351077018 0.0012349189715507235 -0.013196946400882375 -0.015486251684027723 0.0020544029054825152 -0.0059147733070626105 0.0081149366591671181 -0.0080604457969131321 0.0090302900614141358 -0.026467940092022874 -0.011971855543391505 0.0021850748769367072
leaf_weight=42.535845249309205 15.8282931111753 29.328625173657201 50.246515404898673 27.563097099773586 9.9595392926130426 41.61213893617969 3.4020769312046459 7.7791384607553473 4.8137503643520168 26.83511136751622 11.37050689710304 12.816534872399641 2.7948492933064699 7.0532563105225554
leaf_count=394 79 321 365 192 101 800 24 49 49 335 97 328 40 47
internal_value=-0.00035468 -0.00202512 0.000986218 -0.00375426 0.0034206 -0.00915788 0.00962802 0.0119639 -0.00831087 -0.00994584 -0.00217411 -0.0155495 -0.00637328 0.0151533
internal_weight=293.939 271.058 185.893 121.671 52.4954 69.1752 64.2226 58.0257 85.1645 80.3508 38.2056 42.1452 6.19693 22.8815
internal_count=3221 3095 1965 1487 495 992 478 414 1130 1081 432 649 64 126
is_linear=0
shrinkage=0.0435066


Tree=79
num_leaves=15
num_cat=0
split_feature=4 21 4 17 5 22 11 17 23 4 7 2 4 10
split_gain=3.70766 2.85295 3.29341 3.47204 3.26774 2.02318 1.93355 1.5393 1.53025 1.36808 1.59971 1.41488 0.311437 1.70309
threshold=41.050000000000004 1.0000000180025095e-35 37.650000000000013 73.996410256410272 35.650000000000013 1.5000000000000002 0.025978407557354904 87.959285714285713 1.5000000000000002 38.350000000000001 3.5000000000000004 5.5000000000000009 43.750000000000007 0.18734335839598995
decision_type=2 2 2 2 2 2 2 2 2 2 2 2 2 2
left_child=1 2 3 4 -1 6 -4 -5 9 11 -11 -3 13 -2
right_child=12 8 5 7 -6 -7 -8 -9 -10 10 -12 -13 -14 -15
leaf_value=-0.0067732710325131892 0.014711998993623633 -0.0031004861763225268 -0.0015148930424812724 -0.025496291026455252 0.0060870203624974984 -0.0065761882836735943 0.022574060397251891 0 0.0080033205960592779 -0.0081479790332861391 0.0080130002788494671 -0.020647090486608358 0.022305608665989247 -0.0062813204636717693
leaf_weight=55.534207261283882 10.613127078861003 18.129529470112175 6.3105233237147393 8.3598117360379529 87.111615904141217 4.1555874897167078 19.404548915103078 6.1513845117297015 4.8036450590006998 26.699221435468644 11.216900306753812 23.633213317021728 5.0189937353134146 7.0288975499570361
leaf_count=1073 59 250 47 111 501 46 109 78 49 335 97 399 20 47
internal_value=-0.000181177 -0.00175808 0.0012297 -0.00138884 0.000935606 0.0130647 0.017239 -0.0179259 -0.00809751 -0.00971675 -0.00266629 -0.0146853 0.0145399 0.0064928
internal_weight=294.171 271.51 187.028 157.157 142.646 29.8707 25.7151 14.5112 84.4825 79.6789 37.9161 41.7627 22.661 17.642
internal_count=3221 3095 1965 1763 1574 202 156 189 1130 1081 432 649 126 106
is_linear=0
shrinkage=0.0435066


Tree=80
num_leaves=20
num_cat=0
split_feature=5 16 4 27 11 5 27 9 3 5 6 6 4 4 9 17 2 2 7
split_gain=4.51482 3.08177 2.77808 2.96463 2.53802 4.01677 1.8621 1.803 1.11624 1.09737 1.09226 1.34533 1.14964 1.02997 0.76902 0.759351 0.57507 0.574336 0.329818
threshold=16.850000000000005 10.500000000000002 35.350000000000001 4.5000000000000009 0.063392857142857112 34.550000000000004 2.5000000000000004 0.17515516611902152 55.250000000000007 31.450000000000006 88.950000000000017 71.850000000000009 44.000000000000007 37.350000000000001 0.21704464918497518 54.945138888888899 13.500000000000002 2.5000000000000004 3.5000000000000004
decision_type=2 2 2 2 2 2 2 2 2 2 2 2 2 2 2 2 2 2 2
left_child=7 15 4 6 9 -6 -4 10 17 -3 11 13 16 -1 -10 -2 -12 -9 -19
right_child=1 2 3 -5 5 -7 -8 8 14 -11 12 -13 -14 -15 -16 -17 -18 18 -20
leaf_value=-0.01285179353373106 -0.018899978069103259 0.0025054959402812872 0.0030005487157624983 -0.012400872022047385 -0.018697231515797202 0.0059482557475109112 0.013345731171990094 0.004347149100776773 0.018265050019800406 -0.020266219426274139 -0.021000691355146376 0.012146043398069434 0.0043050488766638098 0.0074157127022675693 -0.0024668367536947906 0.0011883086325623574 0.00017934402299482676 -0.014904809432705245 0.00088160058908962155
leaf_weight=10.656568633159621 8.0992569003719819 2.5780604104511431 65.171726530883461 7.1758065433241418 8.6718788587022555 63.833197573199868 81.171020782086998 1.4917796503286789 3.2360895629972219 10.444411362521349 26.681737562059432 2.342558477073907 1.1551197320222844 1.0785099044442166 1.9560405928641555 2.56286333547905 1.4914028842467804 2.6779084454756235 0.97810913645662356
leaf_count=294 131 45 584 53 147 334 500 27 25 95 739 30 5 3 52 27 30 101 20
internal_value=0.000438599 0.00298031 0.00419071 0.00759559 -0.00191655 0.00157426 0.00912887 -0.0102485 0.00365507 -0.0159105 -0.0138071 -0.00177878 -0.0179267 -0.00845456 0.0125685 -0.014866 -0.0197661 -0.00647076 -0.0118321
internal_weight=303.454 249.708 239.046 153.519 85.5275 72.5051 146.343 53.7458 10.3399 13.0225 43.4059 14.0776 29.3283 11.7351 5.19213 10.6621 28.1731 5.1478 3.65602
internal_count=3242 1916 1758 1137 621 481 1084 1326 225 140 1101 327 774 297 77 158 769 148 121
is_linear=0
shrinkage=0.0435066


Tree=81
num_leaves=18
num_cat=0
split_feature=16 4 7 27 27 4 1 4 2 3 3 6 2 7 3 4 2
split_gain=3.60599 2.08082 3.40828 2.98357 4.47119 2.26108 2.91144 1.74818 1.53824 1.45985 1.33239 1.32909 1.04559 1.03793 0.71721 0.569612 0.292129
threshold=10.500000000000002 35.350000000000001 3.5000000000000004 1.5000000000000002 4.5000000000000009 40.45000000000001 2.5000000000000004 37.650000000000013 2.5000000000000004 55.250000000000007 51.500000000000007 90.15000000000002 1.5000000000000002 2.5000000000000004 55.250000000000007 38.650000000000013 5.5000000000000009
decision_type=2 2 2 2 2 2 2 2 2 2 2 2 2 2 2 2 2
left_child=10 2 9 5 7 6 -3 -5 12 -2 -1 -10 -4 -7 -12 -6 -16
right_child=1 3 8 4 15 13 -8 -9 11 -11 14 -13 -14 -15 16 -17 -18
leaf_value=0.0044179282559902514 -0.024773091271481612 0.0053016792097459568 -0.0022213736724891252 0.0070054758890156187 -0.017928084615420281 -0.0054100478170089582 -0.013230522892856388 0.020837963695549071 0.0011469446532976536 0.0041912320703528455 -0.024012921682330955 -0.0110544169780976 0.018061048471334194 0.010621887249582948 0.0050986428697984689 0 -0.0064102842587667793
leaf_weight=1.8830354723613698 10.200458686333146 20.112312118988484 4.2617011116817576 72.708766656578518 5.707620367407797 4.8200771175324943 36.467498638434336 25.715977079933509 52.731489922967739 1.3298897435888655 10.396226180484517 16.975448040757328 6.9976072078570724 23.788000822067261 1.9956125281751149 3.8101792270317674 1.5543405059725044
leaf_count=22 224 264 46 700 61 35 613 142 387 23 276 184 34 134 33 32 32
internal_value=0.000375679 0.00168772 -0.00346192 0.004237 0.00884917 -0.00171084 -0.0066161 0.0117851 0.000209532 -0.0205672 -0.0164363 -0.00238333 0.0118175 0.00713138 -0.0202545 -0.0133342 0
internal_weight=301.456 285.627 92.4966 193.13 107.943 85.1879 56.5798 98.4247 80.9662 11.5303 15.8292 69.7069 11.2593 28.6081 13.9462 9.5178 3.54995
internal_count=3242 2879 898 1981 935 1046 877 842 651 247 363 571 80 169 341 93 65
is_linear=0
shrinkage=0.0435066


Tree=82
num_leaves=12
num_cat=0
split_feature=13 16 14 27 4 7 4 4 17 21 6
split_gain=3.70853 2.56335 2.53277 2.42407 3.13069 1.50654 0.719477 0.675079 0.529865 0.373277 0.618105
threshold=1.0000000180025095e-35 10.500000000000002 2.5000000000000004 4.5000000000000009 35.350000000000001 6.5000000000000009 38.650000000000013 40.45000000000001 54.945138888888899 1.0000000180025095e-35 70.65000000000002
decision_type=2 2 2 2 2 2 2 2 2 2 2
left_child=1 8 3 4 -3 7 -5 -2 9 10 -1
right_child=5 2 -4 6 -6 -7 -8 -9 -10 -11 -12
leaf_value=0.00068556707788327632 -0.022168100087911473 -0.0019458684771954079 -0.01730870924357493 -0.017864563243335567 0.007971570920144536 0.0060722929149846904 0.0005428405155327885 0.00052922772340536399 0.00054224452643181274 0 -0.021627559521965392
leaf_weight=1.3462125658988933 13.908224981394598 86.510850208811462 4.8668767400085917 5.9886214574798924 168.10243607172742 1.3891130546107877 3.8813762292265892 1.5164998024702061 2.6735451268032184 2.6942179398611179 7.160369589459151
leaf_count=10 850 652 47 45 1378 15 31 15 28 33 138
internal_value=0.000350413 0.00171834 0.00281305 0.00362781 0.00459885 -0.0163039 -0.0126741 -0.0199831 -0.013147 -0.0159806 -0.0186603
internal_weight=300.038 283.225 269.35 264.483 254.613 16.8138 9.87 15.4247 13.8743 11.2008 8.50658
internal_count=3242 2362 2153 2106 2030 880 76 865 209 181 148
is_linear=0
shrinkage=0.0435066


Tree=83
num_leaves=15
num_cat=0
split_feature=13 16 14 4 2 5 3 3 5 14 4 9 9 17
split_gain=3.49934 2.23427 2.22916 1.98185 2.61902 2.35162 1.04551 0.963641 0.822757 0.891483 0.546357 0.298514 0.187436 0.0951897
threshold=1.0000000180025095e-35 10.500000000000002 2.5000000000000004 35.350000000000001 12.500000000000002 34.550000000000004 51.500000000000007 55.250000000000007 175.05000000000004 2.5000000000000004 40.750000000000007 0.13893653516295021 0.049515639589168957 54.945138888888899
decision_type=2 2 2 2 2 2 2 2 2 2 2 2 2 2
left_child=1 6 3 5 -5 -3 -1 13 9 10 -2 12 -11 -8
right_child=8 2 -4 4 -6 -7 7 -9 -10 11 -12 -13 -14 -15
leaf_value=0.0047832217721302025 -0.025118316503429598 -0.014278790513979967 -0.016201064969507017 0.0032741990520694202 0.017077778486874692 0.001769712727639794 -0.022517691503886862 0.0011541794268533931 0.0032041781467014416 0.001113028158335756 9.4735959098660145e-05 0.0059598507907120358 -0.0085229354088653363 -0.0006177445015386029
leaf_weight=1.7928004749119271 9.4818491089390591 15.627976075746117 4.9012240180745712 150.16511068772525 27.290500334464014 70.99203696846962 6.9895512489601952 3.0181979937478891 1.0334318056702603 1.7318469751626242 0.8831621967256077 1.0142945144325493 2.3240937602240592 1.7785534076392648
leaf_count=14 701 266 47 1289 162 389 133 38 8 51 6 25 89 24
internal_value=0.000293686 0.00161842 0.00263652 0.00340513 0.00598152 -0.00181411 -0.0123623 -0.0162951 -0.0160116 -0.0183263 -0.0231661 -9.84408e-05 -0.00530583 -0.0208918
internal_weight=299.025 282.556 268.977 264.076 177.456 86.62 13.5791 11.7863 16.4687 15.4352 10.365 5.07024 4.05594 8.7681
internal_count=3242 2362 2153 2106 1451 655 209 195 880 872 707 165 140 157
is_linear=0
shrinkage=0.0435066


Tree=84
num_leaves=13
num_cat=0
split_feature=13 16 5 5 5 1 18 6 7 10 6 1
split_gain=3.2452 2.10908 1.60859 3.08711 3.14736 2.75745 1.48498 1.35532 1.34206 1.03606 0.470057 0.227231
threshold=1.0000000180025095e-35 9.5000000000000018 16.450000000000003 28.950000000000003 34.650000000000013 1.5000000000000002 2.5000000000000004 89.750000000000014 6.5000000000000009 0.3011501880115019 72.050000000000011 7.5000000000000009
decision_type=2 2 2 2 2 2 2 2 2 2 2 2
left_child=1 10 5 9 -5 7 -7 -3 11 -4 -1 -2
right_child=8 2 3 4 -6 6 -8 -9 -10 -11 -12 -13
leaf_value=0 -0.019946102993799338 0.020364937025448046 0.018160282504056005 -0.01522517475984979 0.0032201380283186053 0.0027276289531775817 -0.015509677963153291 -0.0030287625042175275 0.0055843264681872621 -0.0016334849095654502 -0.019091308705400659 0
leaf_weight=2.2896716250106683 14.053006803849712 3.9771967036649567 25.83955444954336 12.623374890536068 192.92988260928541 8.1756254518404621 23.458684795536101 4.724145126529038 1.3985439185053099 3.6540379477664819 4.4993920756969601 0.69273104728199619
leaf_count=29 824 37 244 190 1125 108 408 67 15 43 111 41
internal_value=0.0002977 0.0015677 0.00236459 0.00377436 0.00160683 -0.00501785 -0.0108716 0.011144 -0.0155224 0.0155765 -0.0153262 -0.019096
internal_weight=298.316 282.172 275.383 235.047 205.553 40.3357 31.6343 8.70134 16.1443 29.4936 6.78906 14.7457
internal_count=3242 2362 2222 1602 1315 620 516 104 880 287 140 865
is_linear=0
shrinkage=0.0435066


Tree=85
num_leaves=22
num_cat=0
split_feature=4 6 6 27 2 4 6 5 25 6 6 7 5 3 11 16 10 6 7 10 5
split_gain=3.63648 3.84202 3.56818 2.99141 2.49192 3.8034 2.47256 2.41256 4.2586 2.36012 3.16063 2.85799 1.71265 1.30819 1.1842 1.07298 0.99138 0.726451 0.60529 0.526241 0.287423
threshold=38.350000000000001 103.35000000000001 147.05000000000004 3.5000000000000004 2.5000000000000004 34.45000000000001 60.650000000000013 141.65000000000003 1.5000000000000002 110.55000000000001 105.55000000000001 3.5000000000000004 37.95000000000001 53.500000000000007 0.031372549019607808 13.500000000000002 0.11437908496732026 164.95000000000002 2.5000000000000004 0.23030303030303029 209.90000000000003
decision_type=2 2 2 2 2 2 2 2 2 2 2 2 2 2 2 2 2 2 2 2 2
left_child=1 4 9 16 14 12 -7 8 -5 10 -2 -12 -6 -11 -1 -15 -3 -4 -18 -16 -9
right_child=2 3 17 7 5 6 -8 20 -10 13 11 -13 -14 15 19 -17 18 -19 -20 -21 -22
leaf_value=-0.0029052861607825275 0.021131460721033526 0 -0.018892830446724726 -0.021210536248905731 -0.015054520909301402 -0.013064062454251828 0.0081928292304940462 0.012361185073118499 0.0022309700084399762 0 -0.010205380632241454 0.010747198907424803 0.0011043372192251213 0.0017373024910222947 0.019358160698542612 0.027373532935804201 0 0.00061047107144200793 -0.029097232626312027 0.00012991119196466015 0
leaf_weight=4.6205410216935006 7.4316479084081939 2.3118269555270698 4.7212038165889663 21.680361018632539 33.582507749670185 6.036819598870351 56.851625040639192 6.4074241705238801 26.853631758014672 5.4141274429857758 26.444131879834458 13.103010028600691 15.159180568531154 5.6772451587021378 13.775878884363921 15.899607634171842 1.0166162066161621 3.3472122130915523 13.367047332809305 4.4448118840809903 6.707789683714509
leaf_count=45 44 27 45 382 320 162 574 26 380 38 334 101 60 46 79 70 17 22 369 72 29
internal_value=-0.000461355 -0.00348692 0.00695256 -0.0107492 0.000974003 -0.00181554 0.00497215 -0.00492748 -0.00932877 0.0102126 0.00316345 -0.00250627 -0.0103091 0.0191799 0.012327 0.0229544 -0.0243936 -0.0134536 -0.027398 0.0163446 0.00853694
internal_weight=294.854 212.816 82.0382 78.3447 134.471 111.63 62.8884 61.6492 48.534 73.9698 46.9788 39.5471 48.7417 26.991 22.8412 21.5769 16.6955 8.06842 14.3837 18.2207 13.1152
internal_count=3242 2542 700 1230 1312 1116 736 817 762 633 479 435 380 154 196 116 413 67 386 151 55
is_linear=0
shrinkage=0.0435066


Tree=86
num_leaves=18
num_cat=0
split_feature=13 4 6 6 27 3 9 5 6 6 7 9 5 4 3 17 6
split_gain=3.49358 2.52391 3.55506 2.49322 2.75332 2.25068 2.15388 1.70901 1.22156 2.5619 1.46477 1.09327 1.07083 0.931078 0.923093 0.0558322 0.0176061
threshold=1.0000000180025095e-35 38.350000000000001 147.05000000000004 103.35000000000001 3.5000000000000004 53.500000000000007 0.048115079365079354 37.95000000000001 110.55000000000001 105.65000000000002 2.5000000000000004 1.0000000180025095e-35 141.65000000000003 35.550000000000004 53.500000000000007 13.716666666666669 163.95000000000002
decision_type=2 2 2 2 2 2 2 2 2 2 2 2 2 2 2 2 2
left_child=1 3 8 5 14 13 -6 -7 9 -3 -10 -2 15 -1 -5 -13 -4
right_child=11 2 16 4 6 7 -8 -9 10 -11 -12 12 -14 -15 -16 -17 -18
leaf_value=0 0.0038315050283919639 0.020645141675956099 -0.015881192073421643 0 -0.012253872768051998 -0.0059471193791081007 0.0035098706508092316 0.0049639246447729128 -0.001202469461787314 -0.00088527912313703626 0.02138377077799471 0 0.003422734483605739 0.01532885952077344 -0.025373980287487042 -0.023147118488969613 -0.0019208925325815802
leaf_weight=9.6831905604340154 1.3583083786070336 7.4342886358499518 3.5443265717476597 2.4828688297420731 19.64361326303333 57.808815970551223 37.185051092645153 40.142738180235028 4.9212826434522894 36.806639897637069 21.011330148205161 0.46016366011462828 0.91874445229768831 20.407668640837073 11.119242624379693 12.890401794807984 4.1950983963906765
leaf_count=83 35 41 33 32 176 558 381 219 38 345 105 16 8 134 181 833 24
internal_value=-0.000339574 0.000936669 0.00727225 -0.00165343 -0.00788628 0.00191605 -0.00248015 -0.0013484 0.0106206 0.0047204 0.0174064 -0.0169989 -0.020046 0.0111659 -0.0218526 -0.0227609 -0.0133578
internal_weight=292.014 276.386 77.913 198.473 70.4308 128.042 56.8287 97.9516 70.1735 44.2409 25.9326 15.6276 14.2693 30.0909 13.6021 13.3506 7.73942
internal_count=3242 2350 586 1764 770 994 557 777 529 386 143 892 857 217 213 849 57
is_linear=0
shrinkage=0.0435066


Tree=87
num_leaves=21
num_cat=0
split_feature=4 6 5 17 6 0 5 1 6 4 2 6 27 8 6 16 8 6 5 6
split_gain=3.57462 3.20526 3.20601 3.58559 4.08576 2.9401 2.01108 3.7999 3.22431 3.19739 3.19521 3.09103 1.57768 1.51273 1.46658 1.3959 1.14694 1.60217 0.685474 0.0350556
threshold=38.650000000000013 103.35000000000001 130.95000000000002 37.952857142857148 145.25000000000003 2200.0000000000005 37.95000000000001 1.0000000180025095e-35 60.650000000000013 34.45000000000001 2.5000000000000004 70.950000000000017 2.5000000000000004 2016.5000000000002 108.55000000000001 13.500000000000002 2019.0000000000002 122.85000000000001 22.950000000000003 164.35000000000005
decision_type=2 2 2 2 2 2 2 2 2 2 2 2 2 2 2 2 2 2 2 2
left_child=1 6 3 13 -5 12 8 -8 10 -9 -1 -10 14 -3 15 -2 -4 -18 -16 -7
right_child=5 2 16 4 -6 19 7 9 11 -11 -12 -13 -14 -15 18 -17 17 -19 -20 -21
leaf_value=0.0093045067378709732 0.0063893112734857791 0.013107666235987308 -0.0060889299933155729 -0.026517270104404269 0.0015866310864143989 -0.013603741976058943 0.023364805663073727 -0.02002269641837719 0.01379881928390813 0.0051496110288308042 -0.017171753858374206 -0.0079359576688807047 0.021224459560737353 -0.005925111402391027 0 -0.013029712319644327 -0.0034059437734893952 0.019848756277807883 0.012887004820367372 -0.00078277487456384178
leaf_weight=6.1652498478069893 7.1972070452757153 5.7082871878519681 6.0098957531154182 33.152276672539301 11.193639419041572 3.8570145517587653 12.202311910688875 5.4093778207898131 22.678964502527378 41.403962779790163 30.534505302086473 15.312247775960712 14.966277560219167 15.591006574220954 9.5423989761620742 8.0379818514920771 5.840591259300707 6.7019938938319683 25.972499461844563 3.1868282901123166
leaf_count=50 82 60 33 718 117 40 35 35 290 276 348 289 80 336 93 114 43 27 158 18
internal_value=-0.000213583 -0.00304666 -0.00937613 -0.0136428 -0.019931 0.00769692 0.00111782 0.00679583 -0.00342985 0 -0.0117585 0.00493305 0.0107852 0.000689492 0.00546586 -0.00422717 0.00494108 0.0110295 0.00987431 -0.0117097
internal_weight=290.665 217.904 84.1977 65.6452 44.3459 72.7602 133.707 59.0157 74.691 46.8133 36.6998 37.9912 65.7164 21.2993 50.7501 15.2352 18.5525 12.5426 35.5149 7.04384
internal_count=3242 2657 1334 1231 835 585 1323 346 977 311 398 579 527 396 447 196 103 70 251 58
is_linear=0
shrinkage=0.0435066


Tree=88
num_leaves=16
num_cat=0
split_feature=13 4 6 6 6 6 5 4 18 9 11 7 5 4 9
split_gain=3.39621 2.53204 3.05622 2.13774 2.21362 1.93549 3.34854 2.24025 1.79549 1.1215 2.38018 1.12909 1.00385 1.08984 0.0272466
threshold=1.0000000180025095e-35 38.350000000000001 147.05000000000004 103.35000000000001 163.45000000000002 60.650000000000013 37.95000000000001 34.45000000000001 13.500000000000002 0.10404971932638325 0.12931995540691191 2.5000000000000004 141.65000000000003 43.750000000000007 0.045478036175710557
decision_type=2 2 2 2 2 2 2 2 2 2 2 2 2 2 2
left_child=1 3 9 5 8 6 -1 -7 -5 11 -11 -3 13 -2 -4
right_child=12 2 14 4 -6 7 -8 -9 -10 10 -12 -13 -14 -15 -16
leaf_value=-0.011172408163861886 -0.022095278760049235 -0.00046374506969250285 -0.014160368395485816 -0.01268439549189594 0.0115003844201615 -0.0071571905588327092 0.011157307800096584 0.0092227944079660302 0.0046349951341583444 -0.014960187347111504 0.010802735213112773 0.01546734171798976 0.0039056445356731341 0.0043321526815715246 -0.0012712410140545448
leaf_weight=35.417350121773779 13.639286568271924 8.1333765201270563 3.6760151740163556 54.977791274199262 4.6310557005926958 14.381208271719514 11.899112973362206 64.691716132685542 9.3944192230701429 5.2719681002199641 9.4802576610818488 46.370807842351496 1.0518217235803593 0.5475458502769478 3.7707030437886715
leaf_count=318 882 64 25 695 32 107 54 515 43 49 75 341 9 1 32
internal_value=-0.000200017 0.00106312 0.00745083 -0.0015541 -0.00738776 0.00176113 -0.00469897 0.00580792 -0.009821 0.0105263 0 0.0131293 -0.0167795 -0.0195462 -0.0119944
internal_weight=287.334 272.096 76.7031 195.393 69.0033 126.389 47.3165 79.0729 64.3722 69.2564 14.7522 54.5042 15.2387 14.1868 7.44672
internal_count=3242 2350 586 1764 770 994 372 622 738 529 124 405 892 883 57
is_linear=0
shrinkage=0.0435066


Tree=89
num_leaves=14
num_cat=0
split_feature=13 16 4 27 22 6 6 4 6 5 4 6 4
split_gain=3.10825 2.12647 2.11895 3.10777 2.86059 2.20166 1.82869 1.52043 1.2909 0.950332 0.996886 0.254226 0.0321592
threshold=1.0000000180025095e-35 9.5000000000000018 37.150000000000013 3.5000000000000004 1.5000000000000002 111.95000000000002 69.550000000000011 38.350000000000001 145.25000000000003 141.65000000000003 43.750000000000007 69.65000000000002 40.45000000000001
decision_type=2 2 2 2 2 2 2 2 2 2 2 2 2
left_child=1 11 5 7 -5 6 -3 -4 -7 10 12 -1 -2
right_child=9 2 3 4 -6 8 -8 -9 -10 -11 -12 -13 -14
leaf_value=0 -0.021872985494237631 -0.0034648839846394726 -0.0095237247885162704 0.02155612969237216 -0.0057054414120524897 -0.016218678466363119 0.0064598767761608247 0.0042111163973332635 0.00010106128440246984 0.0038784280391051754 0.004093367070483982 -0.017774596734818997 0
leaf_weight=1.3731934223324049 12.354544185451227 64.146729493513703 13.178214116953312 27.25787855964154 5.6374720111489287 18.384639118332419 62.766188780777156 59.7340735392645 12.490178543142973 1.0434284387156356 0.53077566623687822 5.4906774400733411 1.0176854021847255
leaf_count=15 867 493 175 146 45 221 551 473 108 9 1 123 15
internal_value=-4.69799e-05 0.00115614 0.00200222 0.00658854 0.0164577 -0.00115126 0.0014438 0.00102416 -0.0104803 -0.0160279 -0.0187761 -0.0157337 -0.0212341
internal_weight=285.406 270.459 263.595 105.808 32.8954 157.788 126.913 72.9123 30.8748 14.9464 13.903 6.86387 13.3722
internal_count=3242 2350 2212 839 191 1373 1044 648 329 892 883 138 882
is_linear=0
shrinkage=0.0435066


Tree=90
num_leaves=24
num_cat=0
split_feature=2 14 4 21 4 6 6 0 6 5 7 2 2 6 7 11 23 10 2 6 6 10 4
split_gain=2.23622 3.84877 3.17958 2.88685 2.06938 1.87977 2.04365 1.79476 1.80309 1.66453 1.61595 1.4198 1.36606 1.28491 1.25174 1.23232 1.34748 0.945863 0.935921 0.797951 1.2208 0.470993 0.415515
threshold=7.5000000000000009 1.5000000000000002 34.650000000000013 1.0000000180025095e-35 37.95000000000001 1.0000000180025095e-35 145.45000000000002 2500.0000000000005 164.95000000000002 37.050000000000004 2.5000000000000004 11.500000000000002 4.5000000000000009 145.25000000000003 6.5000000000000009 0.031372549019607808 1.5000000000000002 0.12074829931972787 6.5000000000000009 126.25000000000001 109.45000000000002 0.13263888888888889 39.150000000000013
decision_type=2 2 2 2 2 2 2 2 2 2 2 2 2 2 2 2 2 2 2 2 2 2 2
left_child=1 4 5 7 12 9 -7 10 -9 11 -4 -2 13 -1 17 22 -17 -3 -19 20 -6 -14 -5
right_child=2 14 3 15 19 6 -8 8 -10 -11 -12 -13 21 -15 -16 16 -18 18 -20 -21 -22 -23 -24
leaf_value=-0.0027812484679174774 0.0057251536281224796 0 -0.00095582496513836905 -0.00055866988582984169 0.00017385041882509342 -0.02085699033919803 0.0067233432616476997 -0.016342759345995325 0.010025063359203744 0.01144342433951615 0.016989803353979299 -0.013578391221662139 0.00028178747856243591 0.01288743246115427 0.0046949040635105516 -0.010288961410188686 0.0084411316099954788 -0.025590575589819142 -4.7196208480255701e-06 -0.0044413669692737728 0.017337681630889331 -0.012793020437939534 0.012166483674868757
leaf_weight=38.536119874450378 6.6471057645976606 4.8977946415543618 9.232756066019645 4.8609233638271672 14.860416244249793 13.475436809705572 2.6958848293870679 3.7601870233193031 3.0259079304523766 10.756356460973619 54.046282396651804 10.768705897033213 4.2080759210512069 6.1171310450881711 1.4643423929810513 24.8663362369407 3.5371525716036549 17.208612916991118 3.953556813299655 3.519418879877775 14.045856670476494 22.934729827800766 5.6009684014134109
leaf_count=475 49 53 109 65 170 165 15 60 17 38 454 74 41 50 12 394 23 370 66 37 90 326 36
internal_value=-0.000169983 -0.00424962 0.00330392 0.00722912 -3.98099e-06 -0.00583114 -0.0152047 0.012164 -0.00467686 0.00110468 0.0143824 -0.00623717 -0.00416488 0.000536319 -0.0169516 -0.00191455 -0.00652803 -0.019173 -0.022301 0.00810556 0.0104536 -0.0108046 0.00771567
internal_weight=285.02 131.746 153.274 108.931 104.222 44.3435 16.1713 70.0651 6.78609 28.1722 63.279 17.4158 71.7961 44.6533 27.5243 38.8654 28.4035 26.06 21.1622 32.4257 28.9063 27.1428 10.4619
internal_count=3189 1690 1499 1158 1189 341 180 640 77 161 563 123 892 525 501 518 417 489 436 297 260 367 101
is_linear=0
shrinkage=0.0435066


Tree=91
num_leaves=11
num_cat=0
split_feature=16 13 10 2 1 21 16 2 5 5
split_gain=2.16991 1.7957 1.5097 1.93668 2.53433 2.03316 1.69135 1.74971 1.08364 0.218642
threshold=9.5000000000000018 0.70833333333333337 0.15894736842105264 10.500000000000002 2.5000000000000004 1.0000000180025095e-35 14.500000000000002 10.500000000000002 73.65000000000002 136.85000000000005
decision_type=2 2 2 2 2 2 2 2 2 2
left_child=9 2 6 4 -4 -5 7 -2 -8 -1
right_child=1 -3 3 5 -6 -7 8 -9 -10 -11
leaf_value=-0.018938319225489046 0.0055169004505906819 -0.0171828985686906 0.00174896079641692 0.0092068002029912725 -0.010240897139226234 -0.0066225708302871007 0.020641937869482489 -0.0093791566494531211 0.0013256778774998258 0
leaf_weight=5.6845197663642457 48.735366667155176 3.6582609571050844 64.857491385890171 48.125138816656545 56.688368421746418 15.274108137004076 13.056780353188516 13.801732342224566 10.624238440766929 0.84365346655249585
leaf_count=239 424 405 577 373 710 168 88 134 59 12
internal_value=-5.1363e-05 0.000719745 0.00139514 -0.000802295 -0.00400097 0.00498731 0.00594256 0.00150864 0.0144657 -0.0174281
internal_weight=281.35 274.821 271.163 184.945 121.546 63.3992 86.2181 62.5371 23.681 6.52817
internal_count=3189 2938 2533 1828 1287 541 705 558 147 251
is_linear=0
shrinkage=0.0435066


Tree=92
num_leaves=21
num_cat=0
split_feature=4 5 6 5 6 4 3 4 27 0 6 5 2 6 4 21 10 18 6 6
split_gain=2.1639 3.13534 3.89079 3.38495 3.40589 2.38783 2.14328 2.36855 1.85347 1.6325 1.60375 1.43416 1.35291 2.54419 1.84646 1.2992 1.38771 1.51814 1.21908 0.511244
threshold=38.850000000000001 36.650000000000013 73.40000000000002 203.40000000000003 123.65000000000002 36.050000000000004 53.500000000000007 36.550000000000004 3.5000000000000004 2200.0000000000005 71.450000000000017 92.050000000000011 8.5000000000000018 145.25000000000003 34.850000000000001 1.0000000180025095e-35 0.13263888888888889 10.500000000000002 109.75000000000001 61.45000000000001
decision_type=2 2 2 2 2 2 2 2 2 2 2 2 2 2 2 2 2 2 2 2
left_child=1 5 8 4 -4 12 19 -8 10 15 -3 -10 13 -1 -14 -2 -17 -18 -5 -7
right_child=9 2 3 18 -6 6 7 -9 11 -11 -12 -13 14 -15 -16 16 17 -19 -20 -21
leaf_value=-0.022737062854017612 0.019631576363994669 -0.009547812856838752 -0.015724219292454791 -0.0027868485330712861 0.005774859334843274 -0.00066795250651292511 0.009499727933429283 -0.012813179623128463 0.018358874908408325 -0.0085787249289525028 0.011825093100960485 -0.0012655799927164509 -0.010622239251613831 0.0077828823555329872 0.0082604786359756176 0.01414035849497337 0.0054151717327652667 -0.010443977380129844 0.018239173735171248 0.015764596136501913
leaf_weight=25.851363172754649 10.996474532410501 10.909151115920393 37.1431349653285 4.6102110296487799 15.578691744245587 2.5264543904922894 7.4879601150751141 20.064014723524451 32.003685519099236 5.8870332064107052 4.1366411447525016 6.5034681987017384 21.761328454129401 2.3126316459383807 8.6923401857493428 11.558311851695178 24.007238772930577 11.667624311521648 8.1872103139758092 9.1253278187941742
leaf_count=593 65 92 343 38 92 33 175 466 142 48 18 41 242 40 194 84 241 78 36 128
internal_value=0 -0.00210522 0.00253605 -0.00432655 -0.00926503 -0.00765683 0.000501655 -0.00579625 0.0106583 0.00663096 -0.00140658 0.0151173 -0.0127722 -0.018949 -0.00445409 0.00903292 0.004297 -0.000344916 0.0117586 0.0126856
internal_weight=281.01 216.894 119.072 65.5192 52.7218 97.8214 39.2038 27.552 53.5529 64.1167 15.0458 38.5072 58.6177 28.164 30.4537 58.2296 47.2332 35.6749 12.7974 11.6518
internal_count=3189 2673 802 509 435 1871 802 641 293 516 110 183 1069 633 436 468 403 319 74 161
is_linear=0
shrinkage=0.0435066


Tree=93
num_leaves=12
num_cat=0
split_feature=16 25 6 6 6 6 2 2 24 18 9
split_gain=1.91743 1.58928 3.32117 3.51348 3.16046 3.07748 1.4382 1.46729 1.38302 1.16902 0.243589
threshold=9.5000000000000018 1.0000000180025095e-35 123.25000000000001 120.55000000000001 164.35000000000005 109.15000000000002 14.500000000000002 7.5000000000000009 1.5000000000000002 14.500000000000002 0.012896825396825353
decision_type=2 2 2 2 2 2 2 2 2 2 2
left_child=10 4 3 5 8 -3 7 -4 -2 -5 -1
right_child=1 2 6 9 -6 -7 -8 -9 -10 -11 -12
leaf_value=0 -0.026782892481906229 -0.0012981504780547554 0.0019281441017643169 -0.023523894113165415 0.0083122639624244599 0.011118545224932745 -0.0041366670576423138 0.024322588118182071 0.0027331289430790094 0.001114978764691253 -0.018074814855626131
leaf_weight=0.8336755553027605 7.5546599442604911 175.47601754067 10.643047214951372 8.8515773902181518 6.0567628764547399 41.009261024650186 3.6542402058839789 14.208957109134642 1.6683393693529067 3.0545669570565215 5.5798789225518703
leaf_count=18 151 1972 97 155 45 359 29 99 18 13 233
internal_value=-2.05957e-05 0.000705126 0.00165682 -0.000206947 -0.010545 0.00126499 0.0141369 0.0174461 -0.0218828 -0.0184976 -0.016431
internal_weight=278.591 272.177 256.898 228.391 15.2798 216.485 28.5062 24.852 9.223 11.9061 6.41355
internal_count=3189 2938 2724 2499 214 2331 225 196 169 168 251
is_linear=0
shrinkage=0.0435066


Tree=94
num_leaves=17
num_cat=0
split_feature=16 2 4 4 4 8 9 13 25 17 17 17 17 1 9 1
split_gain=2.21032 3.45888 2.8978 2.77804 1.83138 1.58568 1.56683 1.42176 1.04442 0.762867 0.67624 0.479265 0.457838 0.301209 0.180546 0.131366
threshold=14.500000000000002 7.5000000000000009 34.650000000000013 42.150000000000013 37.850000000000001 2022.5000000000002 0.012896825396825353 0.45000000000000007 1.5000000000000002 34.153571428571432 73.996410256410272 66.437362637362654 35.735267857142865 5.5000000000000009 0.060024009603841501 7.5000000000000009
decision_type=2 2 2 2 2 2 2 2 2 2 2 2 2 2 2 2
left_child=3 4 12 6 5 14 9 8 -8 -1 13 -11 -3 -4 -2 -9
right_child=1 2 10 -5 -6 -7 7 15 -10 11 -12 -13 -14 -15 -16 -17
leaf_value=-0.0042649073982440498 -0.019922735558471048 0.0022738324746706825 0.02391424273754883 0.014411846797541671 0.011452544585271176 0.0052120351466919132 -0.012529957170771653 -0.019467516355051 -0.0021708561091570893 0.013745353499237343 0.00029905353931626669 -0.00096580127502108194 -0.012587440735663214 0.0050663331198659298 -0.0032450853942356931 0
leaf_weight=3.8131485522026223 8.3653379837051087 2.1951966974884263 19.894230677979071 11.138442307710646 3.3580032624304286 4.7398818857036522 15.867315582465379 6.7325068817008278 164.62658285000362 11.120035337982697 4.6342856343835583 2.8517106100916854 3.164151264121756 7.8341510444879523 6.4286364316940299 0.33345051622018207
leaf_count=52 96 17 130 59 23 48 188 590 1578 105 50 33 44 68 82 26
internal_value=-4.90757e-05 0.00683737 0.0141445 -0.00216587 -0.00532727 -0.0107418 -0.00352827 -0.00477519 -0.00354029 0.00696147 0.018719 0.010899 -0.00774464 0.0208607 -0.0163567 -0.018745
internal_weight=277.097 60.6139 37.722 216.483 22.8919 19.5339 205.345 187.56 180.494 17.7849 32.3627 13.9717 5.35935 27.7284 14.794 7.06596
internal_count=3189 558 309 2631 249 226 2572 2382 1766 190 248 138 61 198 178 616
is_linear=0
shrinkage=0.0435066


Tree=95
num_leaves=15
num_cat=0
split_feature=6 25 5 5 21 3 6 11 17 16 1 10 5 5
split_gain=4.35487 3.76748 2.68485 2.44708 2.0698 1.82711 1.80159 1.59782 2.14437 1.79486 1.65655 1.13444 0.830378 0.369189
threshold=60.550000000000004 2.5000000000000004 37.750000000000007 226.45000000000002 1.0000000180025095e-35 57.500000000000007 108.25000000000001 0.028219395866454656 64.956250000000026 11.500000000000002 1.5000000000000002 0.15007309941520466 130.95000000000002 45.45000000000001
decision_type=2 2 2 2 2 2 2 2 2 2 2 2 2 2
left_child=2 3 -1 5 -4 6 -2 10 9 -9 -3 -5 -12 -7
right_child=1 7 4 11 -6 13 -8 8 -10 -11 12 -13 -14 -15
leaf_value=-0.018299181511189887 -0.011331186194213251 0.012576205441040706 0.014989115221517054 -0.0017943056988002743 -0.010684828895871469 0.013901941200532893 -0.0012546209418109824 -0.0041677448351143988 -0.0069771450556180403 0.020049474872940468 -0.013469974739684804 0.017651772558833507 0.0036303677916703818 -0.00011769634335283708
leaf_weight=31.576973094954155 48.470374933560379 4.7401521624997285 6.3471617922186834 5.6497937813401213 4.5646459837444127 6.2688738754950446 98.249723680550233 3.6404415310826144 3.8427886115387073 35.568589483737014 8.898212527157737 10.088895577937363 3.6136541850864878 2.8689253591001034
leaf_count=384 853 29 21 42 44 66 1191 72 44 273 100 48 21 26
internal_value=-0.000888236 0.0015229 -0.0127061 -0.00177782 0.00369185 -0.00362091 -0.00498956 0.0103233 0.0143041 0.0173072 -0.000384881 0.0117372 -0.0084499 0.0106402
internal_weight=274.389 231.9 42.4888 171.597 10.9118 155.858 146.72 60.3038 43.0518 39.209 17.252 15.7387 12.5119 9.1378
internal_count=3214 2765 449 2226 65 2136 2044 539 389 345 150 90 121 92
is_linear=0
shrinkage=0.0435066


Tree=96
num_leaves=22
num_cat=0
split_feature=4 0 6 5 5 5 25 2 4 7 6 17 6 6 11 6 0 5 6 4 17
split_gain=4.43965 4.54983 3.22814 2.89946 2.39437 3.11376 2.15187 1.9133 1.8998 1.6886 1.52308 1.42538 1.22353 1.72552 1.11445 1.07104 0.702442 0.692586 0.437034 0.304021 0.238009
threshold=38.350000000000001 1550.0000000000002 69.550000000000011 141.65000000000003 46.750000000000007 38.95000000000001 2.5000000000000004 5.5000000000000009 36.350000000000001 2.5000000000000004 90.750000000000014 26.68571428571429 108.45000000000002 105.55000000000001 0.026671408250355601 60.95000000000001 2200.0000000000005 72.750000000000014 111.35000000000001 41.150000000000013 50.467032967032971
decision_type=2 2 2 2 2 2 2 2 2 2 2 2 2 2 2 2 2 2 2 2 2
left_child=1 2 8 4 5 -3 10 -5 17 -8 -4 19 13 -13 -15 -10 18 -1 -14 -2 -18
right_child=11 3 6 7 -6 -7 9 -9 15 -11 -12 12 16 14 -16 -17 20 -19 -20 -21 -22
leaf_value=-0.017202796666444919 -0.011620042526526356 -0.012073794516730305 -0.010642560174844048 -0.0094740662791062708 -0.026830598527386673 0.010912252440872688 -0.0040722533921971867 0.013669126701465768 -0.0066660893958376778 0.017413667525203239 0.0059117061981860545 0.013167803494566161 0.0069181471987324727 0.0057278620633439015 -0.012264401448076206 0.011447900935277856 -0.0053651276381023998 0 0.01938796486461173 0.0011468249777824709 0.004302998283370117
leaf_weight=17.510654668440115 2.9919779989868394 56.049045896623284 11.439954802393915 5.2840887587517491 16.948096871841699 7.8010118762031189 5.0166631018510079 9.6445205435156804 4.6746600046753866 29.934696134412661 18.605721117230132 6.2174514054786441 26.484957383945584 4.4183346058707711 12.157084464561192 7.505400505149737 3.0560527020134023 4.1591372690163544 18.686073321849108 1.9314756467938421 2.9339621472172439
leaf_count=317 52 1087 182 37 180 46 81 53 47 214 180 38 205 56 186 42 31 35 108 14 23
internal_value=-0.000949928 -0.00449005 0.00196138 -0.0109507 -0.0140726 -0.00837177 0.00748283 0.00461807 -0.00788759 0.0139315 -0.000889345 0.00734107 0.0090429 4.41207e-05 -0.00676924 0.00405679 0.0124194 -0.0143443 0.0140655 -0.0079309 -4.96283e-05
internal_weight=273.451 194.574 98.8469 95.7268 80.7982 63.8501 64.997 14.9286 33.8499 34.9514 30.0457 78.8774 73.9539 22.7929 16.5754 12.1801 51.161 21.6698 45.171 4.92345 5.99001
internal_count=3214 2501 1098 1403 1313 1133 657 90 441 295 362 713 647 280 242 89 367 352 313 66 54
is_linear=0
shrinkage=0.0435066


Tree=97
num_leaves=26
num_cat=0
split_feature=4 0 6 16 0 1 4 16 6 6 4 18 17 0 7 4 4 11 11 1 6 11 9 17 17
split_gain=4.57973 4.28549 2.86645 3.3112 2.52045 2.04986 1.95195 1.86604 2.25148 1.77824 2.24586 1.82666 1.45398 1.30522 1.3007 1.0641 1.06361 0.990738 0.837147 0.755404 0.557445 1.03915 0.328408 0.0796255 0.0747127
threshold=38.350000000000001 1550.0000000000002 69.550000000000011 15.500000000000002 1750.0000000000002 2.5000000000000004 36.350000000000001 12.500000000000002 108.45000000000002 117.25000000000001 35.95000000000001 13.500000000000002 63.02812500000001 1650.0000000000002 4.5000000000000009 37.45000000000001 42.550000000000004 0.026671408250355601 0.078461538461538458 5.5000000000000009 111.35000000000001 0.059411764705882351 0.033520599250936305 54.542857142857152 34.32083333333334
decision_type=2 2 2 2 2 2 2 2 2 2 2 2 2 2 2 2 2 2 2 2 2 2 2 2 2
left_child=1 2 5 14 19 6 -1 13 17 10 -6 -11 -5 -2 -4 -7 23 -9 -19 22 21 -10 -3 -15 -21
right_child=7 4 3 12 9 15 -8 8 20 11 -12 -13 -14 16 -16 -17 -18 18 -20 24 -22 -23 -24 -25 -26
leaf_value=-0.0069357548156934118 0.010196923595332636 0 0.0026837096772678454 0.022929157114515424 -0.0054682855218717357 -0.020836214367910451 0.014873730578220442 0.0087398160550111147 -0.0010845430197241896 -0.017652402799628431 0.013527704153935683 0.002581888754313416 0 -0.015009988115444196 -0.01400497406181769 0.0026364808571679782 0.0058123090688237912 -0.014827413551253969 0.0016784679298221181 0.0036172107441048724 0.021970386964673225 0.014017023889495737 -0.024991588527992437 -0.00056843476581739218 -0.0024097266406003389
leaf_weight=13.087293530697936 3.3019342031329897 1.7151748253963948 36.238079430884682 17.488545095548037 30.26128871482797 11.81398195074871 6.259379686554893 4.981471597217026 12.034263439476492 22.656188933062371 10.761785064241847 8.6542107015848142 6.4809230891987673 9.3337133517488819 4.5649686586111775 2.0050383657217017 2.4981191493570796 5.2178100587334466 7.3761470778845251 0.89622764149680678 17.846449214499444 12.696963302558286 18.999421252752654 2.8969557564705601 1.1335405746940521
leaf_count=185 19 34 440 110 367 207 39 54 94 452 133 44 55 128 52 10 13 90 95 20 103 90 312 27 41
internal_value=-0.000735321 -0.00434964 0.00193988 0.00712654 -0.0106364 -0.00744268 0.00170078 0.00771673 0.0111649 -0.00549275 0.00047443 -0.0123121 0.0179918 -0.00328654 -0.000642143 -0.0171817 -0.00898397 -0.00124678 -0.00735726 -0.0217838 0.0159788 0.00765258 -0.0237152 -0.0135133 0
internal_weight=271.2 193.016 97.9382 64.7725 95.0778 33.1657 19.3467 78.1838 60.1531 72.3335 41.0231 31.3104 23.9695 18.0307 40.803 13.819 14.7288 17.5754 12.594 22.7444 42.5777 24.7312 20.7146 12.2307 2.02977
internal_count=3214 2501 1098 657 1403 441 224 713 526 996 500 496 165 187 492 217 168 239 185 407 287 184 346 155 61
is_linear=0
shrinkage=0.0435066


Tree=98
num_leaves=24
num_cat=0
split_feature=4 16 5 0 4 16 1 10 5 4 0 5 27 4 1 1 4 0 2 2 9 8 5
split_gain=4.88949 3.77702 3.00889 2.27115 4.33606 2.40234 1.9028 1.87276 2.57083 2.45209 1.55285 1.53618 1.4026 1.3696 0.831013 1.03304 0.593556 0.593079 0.417127 0.415709 0.384376 0.289405 0.08117
threshold=34.650000000000013 12.500000000000002 37.050000000000004 1350.0000000000002 38.750000000000007 13.500000000000002 1.0000000180025095e-35 0.17349498327759191 21.450000000000003 36.650000000000013 2200.0000000000005 38.95000000000001 3.5000000000000004 35.250000000000007 1.5000000000000002 5.5000000000000009 36.45000000000001 1900.0000000000002 2.5000000000000004 6.5000000000000009 0.17515516611902152 2016.5000000000002 37.95000000000001
decision_type=2 2 2 2 2 2 2 2 2 2 2 2 2 2 2 2 2 2 2 2 2 2 2
left_child=2 7 10 12 5 -5 11 14 20 -10 18 22 16 -14 21 -16 -3 -6 -1 -12 -9 -2 -4
right_child=1 3 6 4 17 -7 -8 8 9 -11 19 -13 13 -15 15 -17 -18 -19 -20 -21 -22 -23 -24
leaf_value=-0.00073132600461606287 0.0056570909167420556 -0.0069379226073005354 0.00029491227524417173 0.0087365637813859032 0.0070836972425955 -0.0085229346845028045 -0.011572617572175899 -0.01385333486415072 -0.0087144454711355016 0.016991138776773013 0.0020156988195853846 0.018496453750157266 0.0015216008761269469 0.026431924448359245 -0.020918879875486365 0.00084426948513353396 0.0073719147576828143 0.020383506485187452 -0.026060576977700433 -0.0084439091042419288 0.00017696624889084855 -0.0051013732165424179 -0.0046481843833881742
leaf_weight=2.573671764344911 2.866312948055568 4.3746617694851029 5.8830685168504768 14.278488131007178 42.755549024324864 52.207545433775522 7.6559581663459531 10.301829244941471 5.0741705314721939 14.735841836780308 6.8315063063055304 6.8029408752918235 7.4330676896497634 13.933517887257038 15.629722882062199 3.4084414350800207 4.5097071453928947 9.4043343057855946 18.542409797315486 10.299381289165465 2.7634613651316604 2.9938950997311622 4.1120368391275406
leaf_count=41 28 68 43 232 375 764 57 313 101 102 54 15 75 63 230 39 22 50 297 93 87 44 21
internal_value=-0.000751535 0.00249006 -0.0108103 0.00612843 0.00291466 -0.00422932 0.000856674 -0.00640094 0.000474042 0.00949699 -0.0175335 0.00860482 0.0157084 0.0205083 -0.0140144 -0.0174067 0 0.0116508 -0.0242384 -0.00444085 -0.0113001 0 -0.0021606
internal_weight=269.372 206.671 62.701 148.897 118.646 66.486 24.454 57.7737 32.8753 19.81 38.247 16.798 30.251 21.3666 24.8984 19.0382 8.88437 52.1599 21.1161 17.1309 13.0653 5.86021 9.99511
internal_count=3214 2593 621 1649 1421 996 136 944 603 203 485 79 228 138 341 269 90 425 338 147 400 72 64
is_linear=0
shrinkage=0.0435066


Tree=99
num_leaves=23
num_cat=0
split_feature=6 25 16 6 5 6 17 21 16 6 6 3 17 5 2 24 17 7 2 2 2 2
split_gain=4.02238 2.53561 2.57573 2.63119 2.41536 2.27346 1.87415 1.83717 1.28711 1.88198 3.49372 1.1788 1.05311 0.876413 1.23887 0.945067 0.324178 0.381363 0.176847 0.0419091 0.493122 0.244269
threshold=60.550000000000004 2.5000000000000004 12.500000000000002 108.25000000000001 37.750000000000007 117.25000000000001 46.249450549450557 1.0000000180025095e-35 11.500000000000002 69.550000000000011 67.850000000000009 56.500000000000007 64.956250000000026 58.550000000000004 7.5000000000000009 1.5000000000000002 35.170833333333341 3.5000000000000004 2.5000000000000004 5.5000000000000009 9.5000000000000018 2.5000000000000004
decision_type=2 2 2 2 2 2 2 2 2 2 2 2 2 2 2 2 2 2 2 2 2 2
left_child=4 2 13 6 11 -5 -4 -6 16 10 -10 18 -11 15 -15 -2 17 -3 -1 21 -21 -13
right_child=1 8 3 5 7 -7 -8 -9 9 12 -12 19 -14 14 -16 -17 -18 -19 -20 20 -22 -23
leaf_value=-0.00029471217232210199 -0.018155926191565273 -0.013429811317851859 0.0017607467119579233 0.0124158815285414 0.014774966388047893 -0.00083040941876540793 -0.013832723586278243 -0.0098008453265950746 0.01320789232676179 0.020024539478726594 -0.014439233358051711 0 0 -0.0097152742638196218 0.0089751495272103327 0.0037602104894650596 0.002479142160277881 0.0015709996961732586 -0.03005061882798319 0.0037188692699044634 -0.0075792137596734808 -0.01460806494534851
leaf_weight=1.2381051373668031 18.058982406277213 2.3952889341162513 25.225781245622784 42.649697280023247 5.6620257273316366 44.786093282629736 22.00790671329014 4.4468534104526043 12.335977225564422 25.308962900890041 9.4393348875455541 2.6408014204353121 5.5404103789478532 7.8677801648154837 5.9351852033287287 1.2223681029863644 2.0936853224411607 1.4893498085439203 7.2038729162886739 5.9398524924181428 11.188464497216044 2.9575076708570123
leaf_count=20 485 57 339 354 21 495 403 44 84 180 126 26 49 84 43 23 31 12 161 53 89 35
internal_value=-0.000788564 0.00155156 -0.00118124 0.00155176 -0.0122938 0.00593673 -0.00611365 0.00375422 0.00886434 0.0110402 0.000301808 -0.0175151 0.0169759 -0.0109849 -0.000881871 -0.0157772 -0.00525156 -0.00932926 -0.0283895 -0.0077049 -0.00329011 -0.0113453
internal_weight=267.634 226.357 167.754 134.669 41.2775 87.4358 47.2337 10.1089 58.603 52.6247 21.7753 31.1686 30.8494 33.0843 13.803 19.2814 5.97832 3.88464 8.44198 22.7266 17.1283 5.59831
internal_count=3214 2765 2226 1591 449 849 742 65 539 439 210 384 229 635 127 508 100 69 181 203 142 61
is_linear=0
shrinkage=0.0435066


Tree=100
num_leaves=18
num_cat=0
split_feature=4 21 11 5 7 4 1 3 4 3 2 6 17 17 3 17 5
split_gain=2.19613 2.35059 1.88313 3.55538 1.73631 1.60365 1.59583 1.43214 3.38861 1.99227 1.42664 1.21303 1.17913 0.887828 0.498605 0.487482 0.468244
threshold=41.350000000000001 1.0000000180025095e-35 0.028219395866454656 130.95000000000002 3.5000000000000004 37.350000000000001 1.5000000000000002 54.500000000000007 35.250000000000007 56.500000000000007 8.5000000000000018 110.55000000000001 28.922023809523811 41.655714285714296 52.500000000000007 63.306250000000013 99.500000000000014
decision_type=2 2 2 2 2 2 2 2 2 2 2 2 2 2 2 2 2
left_child=1 2 3 12 6 10 14 8 -4 -9 -6 -8 -1 -2 -3 -5 -7
right_child=13 4 7 15 5 16 11 9 -10 -11 -12 -13 -14 -15 -16 -17 -18
leaf_value=0.0018691042515556978 -0.00050832032127694487 0.0094455128042112389 -0.019071227380700922 0 0.0018516145423956903 0.011258292170680697 -0.01845733823761549 0.013235426228829898 0.004497782478526508 0 -0.016517127578072825 0.002103625158865139 -0.017653772632862073 0.017612951911462792 -0.0037017444193174175 0.014028637144937059 -0.001410337822704677
leaf_weight=4.8128542359918383 5.2222207896411446 2.9402374387718719 8.7140961104305443 6.6661793477833253 13.181712455581875 13.297558283200489 30.758540861657821 44.749318918096833 40.758975224918686 34.608383626909927 8.2262372560799104 3.9096134892897672 21.53439725888893 11.249533593654631 5.9598284331150353 6.9261954855173826 4.0318804411217561
leaf_count=55 35 28 191 41 149 165 532 461 534 339 110 39 292 62 100 33 37
internal_value=0 -0.0011197 0.00178676 -0.00576355 -0.00688674 0 -0.0122363 0.0043667 -0.00121028 0.00778879 -0.00705347 -0.0159281 -0.0141176 0.0129142 0.00214499 0.00925621 0.0083085
internal_weight=267.548 251.076 168.77 39.9396 82.3056 38.7374 43.5682 128.831 49.4731 79.3577 21.4079 34.6682 26.3473 16.4718 8.90007 13.5924 17.3294
internal_count=3203 3106 1946 421 1160 461 699 1525 725 800 259 571 347 97 128 74 202
is_linear=0
shrinkage=0.0435066


end of trees

feature_importances:
popularity=293
time_seconds=214
odds=196
race_avg_odds=110
field_size=105
horse_number=77
age=74
jockey_top3_rate=59
jockey_win_rate=57
horse_top3_rate=53
weight=52
distance=50
popularity_rank=50
track_combined_encoded=47
venue_code=46
jockey_track_win_rate=44
track_type_encoded=35
year=18
horse_race_count=16
distance_category_encoded=15
track_condition_encoded=13
weather_encoded=10
sex_encoded=10
time_weight=2

parameters:
[boosting: gbdt]
[objective: lambdarank]
[metric: ndcg]
[tree_learner: serial]
[device_type: cpu]
[data_sample_strategy: bagging]
[data: ]
[valid: ]
[num_iterations: 5000]
[learning_rate: 0.0435066]
[num_leaves: 101]
[num_threads: 0]
[seed: 42]
[deterministic: 0]
[force_col_wise: 1]
[force_row_wise: 0]
[histogram_pool_size: -1]
[max_depth: 5]
[min_data_in_leaf: 27]
[min_sum_hessian_in_leaf: 0.001]
[bagging_fraction: 0.772374]
[pos_bagging_fraction: 1]
[neg_bagging_fraction: 1]
[bagging_freq: 5]
[bagging_seed: 400]
[bagging_by_query: 0]
[feature_fraction: 0.800155]
[feature_fraction_bynode: 1]
[feature_fraction_seed: 30056]
[extra_trees: 0]
[extra_seed: 12879]
[early_stopping_round: 0]
[early_stopping_min_delta: 0]
[first_metric_only: 0]
[max_delta_step: 0]
[lambda_l1: 0.231512]
[lambda_l2: 6.51682]
[linear_lambda: 0]
[min_gain_to_split: 0]
[drop_rate: 0.1]
[max_drop: 50]
[skip_drop: 0.5]
[xgboost_dart_mode: 0]
[uniform_drop: 0]
[drop_seed: 17869]
[top_rate: 0.2]
[other_rate: 0.1]
[min_data_per_group: 100]
[max_cat_threshold: 32]
[cat_l2: 10]
[cat_smooth: 10]
[max_cat_to_onehot: 4]
[top_k: 20]
[monotone_constraints: ]
[monotone_constraints_method: basic]
[monotone_penalty: 0]
[feature_contri: ]
[forcedsplits_filename: ]
[refit_decay_rate: 0.9]
[cegb_tradeoff: 1]
[cegb_penalty_split: 0]
[cegb_penalty_feature_lazy: ]
[cegb_penalty_feature_coupled: ]
[path_smooth: 0]
[interaction_constraints: ]
[verbosity: -1]
[saved_feature_importance_type: 0]
[use_quantized_grad: 0]
[num_grad_quant_bins: 4]
[quant_train_renew_leaf: 0]
[stochastic_rounding: 1]
[linear_tree: 0]
[max_bin: 255]
[max_bin_by_feature: ]
[min_data_in_bin: 3]
[bin_construct_sample_cnt: 200000]
[data_random_seed: 175]
[is_enable_sparse: 1]
[enable_bundle: 1]
[use_missing: 1]
[zero_as_missing: 0]
[feature_pre_filter: 1]
[pre_partition: 0]
[two_round: 0]
[header: 0]
[label_column: ]
[weight_column: ]
[group_column: ]
[ignore_column: ]
[categorical_feature: ]
[forcedbins_filename: ]
[precise_float_parser: 0]
[parser_config_file: ]
[objective_seed: 16083]
[num_class: 1]
[is_unbalance: 0]
[scale_pos_weight: 1]
[sigmoid: 1]
[boost_from_average: 1]
[reg_sqrt: 0]
[alpha: 0.9]
[fair_c: 1]
[poisson_max_delta_step: 0.7]
[tweedie_variance_power: 1.5]
[lambdarank_truncation_level: 30]
[lambdarank_norm: 1]
[label_gain: ]
[lambdarank_position_bias_regularization: 0]
[eval_at: 1,3,5]
[multi_error_top_k: 1]
[auc_mu_weights: ]
[num_machines: 1]
[local_listen_port: 12400]
[time_out: 120]
[machine_list_filename: ]
[machines: ]
[gpu_platform_id: -1]
[gpu_device_id: -1]
[gpu_use_dp: 0]
[num_gpu: 1]

end of parameters

pandas_categorical:[]
