tree
version=v4
num_class=1
num_tree_per_iteration=1
label_index=0
max_feature_idx=28
objective=lambdarank
feature_names=distance venue_code horse_number weight popularity odds time_seconds age year jockey_win_rate jockey_top3_rate jockey_track_win_rate horse_win_rate horse_top3_rate horse_race_count horse_dist_win_rate field_size race_avg_odds popularity_rank month day_of_week track_type_encoded track_condition_encoded weather_encoded sex_encoded distance_category_encoded season_encoded track_combined_encoded time_weight
feature_infos=[1000:2600] [0:8] [1:18] [48:59] [0:50] [1.2:564.70000000000005] [0:174.30000000000001] [2:11] [2016:2023] [0:0.5] [0:1] [0:0.5] [0:1] [0:1] [1:5] [0:1] [5:16] [12.48:127.28571428571428] [1:16] none [5:6] [0:1] [0:2] [0:2] [0:2] [0:3] none [0:5] [0.41666666666666657:1.6900000000000002]
tree_sizes=1698 1498 1724 2125 1924 1523 1832 1950 1914 2357 1893 1483 1900 1593 1480 2247 2846 2872 1829 1311 2038 2125 2736 1910 2038 2671 1818 2040 2038 1747 1949 1808 1713 1204 1814 2577 1728 2006 2047 2573 2338 1784 1522 1823 1523 2769 2961 2745 2863 2885 2034 2252 1630 1888 2534 1457 2125 1723 1925 1266 1778 2017 1602 1276 1803 2049 1713 2442 2360 1507 1743 1621 1591 1511 1578

Tree=0
num_leaves=15
num_cat=0
split_feature=5 13 16 4 13 4 5 18 5 5 16 18 11 10
split_gain=107.875 43.6498 18.5964 18.114 8.50508 6.02578 5.94977 4.58217 2.68309 2.51957 1.59192 0.859 0.748281 0.246496
threshold=36.550000000000004 1.0000000180025095e-35 11.500000000000002 36.650000000000013 0.45000000000000007 40.650000000000013 34.550000000000004 6.5000000000000009 34.95000000000001 32.250000000000007 14.500000000000002 9.5000000000000018 0.14589665653495437 0.25873937103522743
decision_type=2 2 2 2 2 2 2 2 2 2 2 2 2 2
left_child=1 3 11 6 12 7 10 -5 -8 -3 -1 13 -4 -2
right_child=2 9 4 5 -6 -7 8 -9 -10 -11 -12 -13 -14 -15
leaf_value=-0.038954292420959734 -0.022258563359399887 -0.064400792680386176 0.043529473618065105 -0.011954150877447283 -0.0096926250403675408 0.03433302069884489 0.01756970458955695 0.015245595321098489 -0.01090360714772951 0 -0.0080844992603985918 0.0010174258412185525 0.0046772347663212033 -8.200146819364237e-06
leaf_weight=23.843471575994045 4.6605799095705134 33.571352332597598 82.243426518980414 17.850192735902965 3.6470494051463893 8.9974530693143588 3.6690804352983823 16.005715453298762 9.7528897523879987 1.3421632824465621 9.1170481136068684 3.2932927296496928 3.2349036680534473 2.0438345810398459
leaf_count=457 79 737 790 307 63 72 30 176 168 17 151 40 39 29
internal_value=0.0010108 -0.0254043 0.0337167 -0.00754816 0.0398442 0.0118439 -0.024907 0.00104056 0 -0.0624339 -0.0334148 -0.014465 0.0426041 -0.0195848
internal_weight=223.272 124.149 99.1231 89.2359 89.1254 42.8534 46.3825 33.8559 13.422 34.9135 32.9605 9.99771 85.4783 6.70441
internal_count=3155 2115 1040 1361 892 555 806 483 198 754 608 148 829 108
is_linear=0
shrinkage=0.0435066


Tree=1
num_leaves=13
num_cat=0
split_feature=13 4 18 18 21 4 16 27 9 1 4 14
split_gain=164.292 111.069 63.0603 30.9743 26.7447 29.3076 24.0075 20.9588 11.4878 3.96556 0.76615 0.989082
threshold=0.45000000000000007 40.45000000000001 11.500000000000002 6.5000000000000009 1.0000000180025095e-35 36.250000000000007 12.500000000000002 2.5000000000000004 0.017148526077097454 6.5000000000000009 39.45000000000001 2.5000000000000004
decision_type=2 2 2 2 2 2 2 2 2 2 2 2
left_child=1 2 3 9 5 -4 -3 -5 -6 -1 11 -2
right_child=10 6 4 7 8 -7 -8 -9 -10 -11 -12 -13
leaf_value=-0.035842832944141319 -0.069923348063111179 6.1331426553134664e-05 0.0050563948878349181 -0.02121162035677213 0.020943316705363181 0.042543308698284051 0.05766269229187309 0.002740485462363921 -0.017413870364092757 0 -0.008740272236366765 -0.015532586704501692
leaf_weight=71.368296804837883 49.521616914309561 16.639099933207035 69.138371709734201 87.380688621662557 14.860885314643381 94.447438709437847 81.855030488222837 256.13868781458586 42.15098787099123 5.7307066880166522 2.9902459327131501 5.5633066594600669
leaf_count=643 652 53 125 283 23 129 131 884 94 38 30 70
internal_value=0.00139536 0.00715819 0.000346301 -0.0094907 0.0188812 0.0275596 0.0486354 -0.00360489 -0.00613428 -0.03327 -0.0651671 -0.066818
internal_weight=797.785 739.71 641.216 420.618 220.598 163.586 98.4941 343.519 57.0119 77.099 58.0752 55.0849
internal_count=3155 2403 2219 1848 371 254 184 1167 117 681 752 722
is_linear=0
shrinkage=0.0435066


Tree=2
num_leaves=15
num_cat=0
split_feature=5 13 4 1 18 4 1 18 11 10 10 4 18 11
split_gain=160.551 71.9474 47.2293 22.6058 35.8621 19.7717 17.0176 16.1853 13.0056 11.1559 7.6401 7.16038 5.6598 4.84379
threshold=38.250000000000007 0.29166666666666669 41.250000000000007 1.0000000180025095e-35 10.500000000000002 35.250000000000007 5.5000000000000009 6.5000000000000009 0.10607196401799096 0.17846085802742148 0.14511278195488717 39.250000000000007 13.500000000000002 0.15139116202945987
decision_type=2 2 2 2 2 2 2 2 2 2 2 2 2 2
left_child=1 2 7 -2 6 12 10 13 -9 -7 -5 -8 -6 -1
right_child=3 -3 -4 4 5 9 11 8 -10 -11 -12 -13 -14 -15
leaf_value=-0.037840824473135262 0.055587747372259293 -0.063093966753866554 0.037557640313900742 0.0019867300253818341 -0.021069332638243888 0.035315888856609801 -0.0030953023544731872 -0.013875168510564875 0.017045643273332203 0.014237500058617781 -0.026784263687377567 0.039318149007367381 0.010657337843049862 -0.007413285992494802
leaf_weight=63.047902768477798 26.109231561422348 55.798050718382001 27.621939912438393 24.285328475758433 16.87088008411229 156.070631749928 10.819003298878672 143.28855222277343 25.049791509285569 89.070398550480604 44.688675992190838 11.315973587334154 13.575492987409232 16.876974053680897
leaf_count=542 32 745 50 79 49 307 40 659 102 204 186 19 29 112
internal_value=0.00133949 -0.0207153 -0.0108503 0.0200218 0.016536 0.0242261 -0.00668615 -0.0170986 -0.00875255 0.0282642 -0.0172237 0.0222471 -0.00726562 -0.0325755
internal_weight=724.489 331.683 275.885 392.806 366.696 275.587 91.109 248.263 168.338 245.141 68.974 22.135 30.4464 79.9249
internal_count=3155 2210 1465 945 913 589 324 1415 761 511 265 59 78 654
is_linear=0
shrinkage=0.0435066


Tree=3
num_leaves=19
num_cat=0
split_feature=5 4 18 4 27 4 5 4 7 0 18 0 21 2 10 9 13 10
split_gain=131.783 67.0766 37.1149 22.6082 29.2259 17.3945 12.334 11.1187 29.1049 10.4712 13.2539 9.53498 8.02163 6.99475 4.15695 2.1161 2.00293 0.199657
threshold=36.650000000000013 40.45000000000001 6.5000000000000009 40.45000000000001 2.5000000000000004 36.650000000000013 34.550000000000004 36.550000000000004 3.5000000000000004 1650.0000000000002 13.500000000000002 2500.0000000000005 1.0000000180025095e-35 7.5000000000000009 0.044642857142857109 0.039736842105263161 1.0000000180025095e-35 0.17349498327759191
decision_type=2 2 2 2 2 2 2 2 2 2 2 2 2 2 2 2 2 2
left_child=1 2 14 4 9 6 -4 8 -6 15 -11 -9 -7 -3 -1 -2 -16 -5
right_child=3 13 5 17 7 12 -8 11 -10 10 -12 -13 -14 -15 16 -17 -18 -19
leaf_value=0.0018243227491880046 0.022172184554175408 0.03924133536566355 -0.037076726847296952 0.046713011150776897 -0.011056333076489318 0.024512778206074785 -0.0057673859161493915 0.036266307485058789 0.026239072360129262 -0.030965650291795998 0.017022454712923477 -0.0026509933962648937 -0.0078138960564039083 0 -0.035297605556810344 -0.00046693890621330819 -0.060970507036694176 0.020148881583679529
leaf_weight=2.3546452261507502 9.543793238699438 27.256394106894732 48.864264726638794 41.53360153734684 60.122365325689316 21.343214141204953 48.315210805274546 83.479500893503428 93.955361207947135 40.677586149424314 9.2895433455705625 12.207128174602984 24.847261326387525 11.72487039119005 65.983298171311617 13.080308921635149 41.513716234825552 17.904827572405338
leaf_count=17 25 56 358 58 205 76 216 179 222 188 22 32 135 34 605 52 629 46
internal_value=0.00135178 -0.0203705 -0.0285796 0.0180655 0.012948 -0.0129552 -0.0229484 0.0199142 0.0117653 -0.0105593 -0.0209311 0.0313505 0.00811612 0.02919 -0.0470174 0.0115602 -0.0482187 0.0416452
internal_weight=673.997 292.203 253.222 381.794 322.356 143.37 97.1795 249.764 154.078 72.5912 49.9671 95.6866 46.1905 38.9813 109.852 22.6241 107.497 59.4384
internal_count=3155 2126 2036 1029 925 785 574 638 427 287 210 211 211 90 1251 77 1234 104
is_linear=0
shrinkage=0.0435066


Tree=4
num_leaves=17
num_cat=0
split_feature=13 5 16 18 11 5 11 18 18 10 18 23 17 18 10 17
split_gain=119.528 65.2894 25.9322 17.5164 7.88771 8.4026 8.04745 6.64871 10.3426 6.44727 4.61165 3.14042 2.97698 1.17608 0.307944 0.248434
threshold=0.36666666666666675 37.550000000000004 11.500000000000002 7.5000000000000009 0.15139116202945987 35.550000000000004 0.17914438502673799 13.500000000000002 7.5000000000000009 0.25403225806451618 9.5000000000000018 1.0000000180025095e-35 30.531818181818185 12.500000000000002 0.25873937103522743 42.70515151515152
decision_type=2 2 2 2 2 2 2 2 2 2 2 2 2 2 2 2
left_child=1 3 10 4 5 -1 -6 8 -4 12 14 -11 -5 -2 -3 -9
right_child=13 2 7 9 6 -7 -8 15 -10 11 -12 -13 -14 -15 -16 -17
leaf_value=-0.024505257081253971 -0.060128163029440851 -0.031581976751509623 0.039930034801996042 -0.022045147760865705 0.023952902313919725 0 -0.017473974079765923 0.015077169291929857 0.013979568537673948 0.02923567936705852 0.0037294212240523484 0.00092871344952122445 0.0031082243838946042 -0.0048804275278351416 -0.0058100035320835571 0.03804669528144769
leaf_weight=127.94568076077849 48.56678575836122 12.343973470851784 32.327213704586029 5.9966398030519512 13.070910084992649 33.827974158339202 9.8770423308014852 15.050295464694498 205.9094055518508 20.842465532943606 11.025115076452492 11.817257311195133 24.997328257188201 2.3737978413701049 5.7074625678360453 57.938892986625433
leaf_count=936 741 72 51 39 51 136 82 34 579 66 39 49 127 16 28 109
internal_value=0.00134625 0.00713292 0.0193676 -0.00965705 -0.016318 -0.0196289 0.00585936 0.0230639 0.0185115 0.00924974 -0.0168926 0.0211087 -0.00447433 -0.0585745 -0.027546 0.0350611
internal_weight=639.618 588.678 340.302 248.375 184.722 161.774 22.948 311.226 238.237 63.6537 29.0766 32.6597 30.994 50.9406 18.0514 72.9892
internal_count=3155 2398 912 1486 1205 1072 133 773 630 281 139 115 166 757 100 143
is_linear=0
shrinkage=0.0435066


Tree=5
num_leaves=13
num_cat=0
split_feature=4 5 13 16 18 10 16 5 4 6 11 5
split_gain=107.667 80.8698 19.2753 17.3902 11.7103 11.0854 9.75805 10.687 8.83844 6.55507 4.74349 3.98818
threshold=41.250000000000007 34.45000000000001 0.36666666666666675 14.500000000000002 7.5000000000000009 0.16568627450980386 10.500000000000002 81.200000000000003 36.95000000000001 123.35000000000001 0.022321428571428555 25.850000000000005
decision_type=2 2 2 2 2 2 2 2 2 2 2 2
left_child=1 2 4 6 8 10 -3 -8 -1 -7 -5 -6
right_child=-2 3 -4 5 11 9 7 -9 -10 -11 -12 -13
leaf_value=-0.039023446891141129 0.050271646677274712 -0.028281715065953401 -0.055956739496479099 0.0079895786412441556 0.010638709559337193 -0.0081152595959145396 -0.0049108322441104675 0.012440446367943364 -0.011574533448942544 0.025342888665989629 0.041072032301657319 -0.012723308566056534
leaf_weight=55.732648284174502 66.246850714087486 14.598608203232287 36.231606222689152 15.711014077067373 22.070308541879058 28.627167405560613 152.64833817910403 109.65011494979262 48.503042599186301 9.6541089974343759 37.131054416298866 20.213004879653454
leaf_count=576 117 100 653 35 108 94 598 304 377 20 71 121
internal_value=0.000489196 -0.00599842 -0.0291344 0.0057705 -0.0203354 0.0215586 0.000163048 0.0024309 -0.0277745 0.00255688 0.0333627 -0.000530518
internal_weight=617.018 550.771 182.751 368.02 146.519 91.1233 276.897 262.298 104.236 38.2813 52.8421 42.2833
internal_count=3174 3057 1835 1222 1182 220 1002 902 953 114 106 229
is_linear=0
shrinkage=0.0435066


Tree=6
num_leaves=16
num_cat=0
split_feature=4 5 16 13 16 4 16 2 6 10 8 5 16 10 5
split_gain=94.2563 74.464 22.87 13.0723 11.1188 9.29144 7.47525 7.43997 7.04296 9.64613 4.92671 6.62199 5.48683 4.34933 3.11758
threshold=40.350000000000001 34.45000000000001 14.500000000000002 1.0000000180025095e-35 12.500000000000002 41.850000000000001 11.500000000000002 9.5000000000000018 123.85000000000001 0.16568627450980386 2019.0000000000002 17.650000000000002 15.500000000000002 0.24638060352346061 31.750000000000004
decision_type=2 2 2 2 2 2 2 2 2 2 2 2 2 2 2
left_child=1 3 6 10 5 -2 13 -8 9 -4 11 -1 -12 -3 -5
right_child=4 2 8 14 -6 -7 7 -9 -10 -11 12 -13 -14 -15 -16
leaf_value=-0.021482284079478085 -0.018251139787610407 -0.031525575320992726 0.025669481992183756 -0.054070993523714798 0.044698320302721535 0.027108890578205456 0.0060876597331047579 -0.010321876807414521 0.044408977818382538 -0.0063273918740742677 -0.032215202208620355 0.0094060204428617084 -0.00151802768376595 0.0023875395149251691 0.00055008764698611745
leaf_weight=20.968159405514598 9.7447342984378356 17.026193404570225 40.162828719243407 38.146644422784448 79.223229251801968 11.779646277427672 150.58927296660841 71.795355334877968 18.180272355675697 24.697967428714037 68.915761069394648 19.304817000404 14.504672722890971 8.292157441377638 1.552525758743285
leaf_count=191 50 109 88 701 148 27 513 284 32 99 652 104 124 39 13
internal_value=0.000565676 -0.00735313 0.00456245 -0.0307822 0.037586 0.00674481 -0.00215836 0.000602912 0.0234207 0.0138792 -0.0216544 -0.00721288 -0.0274865 -0.021887 -0.0519406
internal_weight=594.884 494.137 330.744 163.393 100.748 21.5244 247.703 222.385 83.0411 64.8608 123.693 40.273 83.4204 25.3184 39.6992
internal_count=3174 2949 1164 1785 225 77 945 797 219 187 1071 295 776 148 714
is_linear=0
shrinkage=0.0435066


Tree=7
num_leaves=17
num_cat=0
split_feature=13 5 16 18 3 2 17 5 0 5 11 2 18 18 2 10
split_gain=71.8497 46.3781 19.3072 8.10925 10.9222 6.28537 5.78664 9.33506 5.34779 4.01033 3.50241 2.51156 2.29846 1.28557 0.652931 0.117105
threshold=0.36666666666666675 60.45000000000001 12.500000000000002 11.500000000000002 54.500000000000007 1.5000000000000002 36.134375000000013 36.550000000000004 1100.0000000000002 134.55000000000004 0.044949494949494906 13.500000000000002 9.5000000000000018 13.500000000000002 5.5000000000000009 0.44590643274853808
decision_type=2 2 2 2 2 2 2 2 2 2 2 2 2 2 2 2
left_child=1 2 8 4 9 -5 12 -8 10 -3 -1 -7 -4 -2 -6 -10
right_child=13 3 6 5 14 11 7 -9 15 -11 -12 -13 -14 -15 -16 -17
leaf_value=-0.021375185731032462 -0.051266573404742451 0.022987797303538775 0.020277627757827699 -0.0027597411613065263 -0.00074213012645825784 0.029366244044381252 -0.0097385794963700742 0.0093697197544325601 -0.034108800113332866 -0.0059375094565725928 0.0074895592215354972 0.0064597238593968737 -0.00013841045442487598 -0.00058166471736221192 -0.019499743538825182 -0.0056846797317167408
leaf_weight=6.6145135089755085 40.688764902763069 37.56189676001668 26.248170288279653 12.395141318440436 6.1700227968394783 132.48880797624588 129.65438884496689 68.540501052513719 42.198508124798536 7.879233129322528 13.878533661365507 15.515498504042624 13.767011426389216 1.5321617051959027 15.774176001548765 4.1055702939629546
leaf_count=68 723 125 137 28 31 307 897 214 316 33 89 46 59 11 63 27
internal_value=0.000618255 0.00520004 -0.00584632 0.0197855 0.00613643 0.0249958 0.000117144 -0.00299336 -0.0253705 0.0176628 -0.0043636 0.0274038 0.0140015 -0.0499576 -0.0159571 -0.0327915
internal_weight=575.013 532.792 305.007 227.785 67.3853 160.399 238.21 198.195 66.7971 45.4411 20.493 148.004 40.0152 42.2209 21.9442 46.3041
internal_count=3174 2440 1807 633 252 381 1307 1111 500 158 157 353 196 734 94 343
is_linear=0
shrinkage=0.0435066


Tree=8
num_leaves=17
num_cat=0
split_feature=4 5 16 18 1 18 7 4 13 2 16 5 2 25 5 4
split_gain=80.6746 60.3474 17.9578 13.7287 7.2083 14.9439 6.65496 6.58069 6.14134 5.93342 4.22185 2.8734 2.61473 4.95841 2.3608 1.02718
threshold=40.45000000000001 35.650000000000013 14.500000000000002 7.5000000000000009 1.5000000000000002 9.5000000000000018 2.5000000000000004 37.850000000000001 1.0000000180025095e-35 6.5000000000000009 15.500000000000002 55.850000000000001 10.500000000000002 2.5000000000000004 24.950000000000003 41.250000000000007
decision_type=2 2 2 2 2 2 2 2 2 2 2 2 2 2 2 2
left_child=1 3 4 8 9 -6 -2 11 10 -3 -1 -4 13 -5 -14 -8
right_child=6 2 7 12 5 -7 15 -9 -10 -11 -12 -13 14 -15 -16 -17
leaf_value=-0.026989220522872198 0.0080498397210635644 0.019792928728500629 -0.0027422138514199197 -0.020261301279440761 -0.035066254115670825 0.0002036043415677672 0.022322655656509677 0.045936938297073425 -0.049389876797788446 -0.0023375308429192027 0 0.018219596118484824 0.02098627190416491 0.010371836785434354 -0.0068595864511253905 0.048163155628740066
leaf_weight=99.533950767479837 17.583234446123242 38.853236891329288 12.852440452203153 19.97749631293118 22.174736596643925 106.57783035933971 24.937231708317995 13.753817513585089 31.91106828674674 42.462282572872937 12.772450892254708 49.939819514751434 7.0621779225766641 10.485351240262391 5.0388665720820427 48.97007928788662
leaf_count=882 53 121 53 165 150 378 67 21 646 172 111 137 32 59 41 86
internal_value=0.000637611 -0.00669769 0.00582371 -0.0255123 -0.000874901 -0.0071931 0.0366167 0.0229546 -0.0316897 0.00880591 -0.0241426 0.0139293 -0.00294796 -0.0094753 0.0105078 0.0420848
internal_weight=564.886 473.396 286.614 186.781 210.068 128.753 91.4905 76.5461 144.217 81.3155 112.306 62.7923 42.5639 30.4628 12.101 73.9073
internal_count=3174 2968 1032 1936 821 528 206 211 1639 293 993 190 297 224 73 153
is_linear=0
shrinkage=0.0435066


Tree=9
num_leaves=21
num_cat=0
split_feature=4 5 16 18 21 4 4 16 16 6 16 0 6 9 8 10 17 4 6 17
split_gain=66.2605 55.8895 15.9952 11.8802 6.6731 6.32525 6.16228 7.06796 5.99341 5.97276 5.59109 4.82289 4.44219 3.97973 3.76651 4.68581 2.60328 2.52878 0.630327 0.186256
threshold=40.350000000000001 34.45000000000001 14.500000000000002 7.5000000000000009 1.0000000180025095e-35 36.45000000000001 42.350000000000001 12.500000000000002 10.500000000000002 72.250000000000014 15.500000000000002 1550.0000000000002 112.25000000000001 0.017148526077097454 2016.5000000000002 0.25403225806451618 66.437362637362654 35.550000000000004 123.45000000000002 39.750000000000007
decision_type=2 2 2 2 2 2 2 2 2 2 2 2 2 2 2 2 2 2 2 2
left_child=1 3 4 10 8 9 7 12 -3 -4 13 -6 -2 -1 -5 -16 19 -12 -7 -9
right_child=6 2 5 14 11 18 -8 16 -10 -11 17 -13 -14 -15 15 -17 -18 -19 -20 -21
leaf_value=-0.0058926355766307885 0.012659499129926069 -0.02061595048186279 0.016831177489675352 0.012845634987291936 0.0029380910884472689 0.01549332476949164 0.048514989586755666 0.013316504854794266 0.0068895697072751975 -0.013539525394543084 -0.019987804946960255 -0.017765401505403993 -0.024229191093074517 -0.040851802032794496 -0.025660461550524278 0.0050668908541512108 0.0043684811703214952 0.0057525864903925925 0.041506943658703083 0.037223755493381909
leaf_weight=9.9175298158079368 6.5654951743781549 10.313910722732542 30.643979530781507 9.8821358866989595 28.783468492329121 17.187294982373714 31.479640826582909 13.071799486875532 133.60210114531219 12.203206952661274 6.9745077537372735 55.516001952812076 5.4223363865166903 87.772279172670096 14.401024203747513 12.969789687544106 11.065435744822024 10.018286683596669 16.860371444374323 24.128375813364983
leaf_count=100 26 82 93 47 103 44 55 32 478 52 97 282 31 1218 137 93 31 93 30 50
internal_value=0.000391517 -0.00647348 0.00429904 -0.027457 -0.00157572 0.0206163 0.0328585 0.0205911 0.0040437 0.00733181 -0.0341036 -0.0108819 -0.00613836 -0.0379898 -0.00473444 -0.0126286 0.0273543 -0.00699587 0.0332223 0.0322907
internal_weight=548.779 457.046 305.11 151.936 228.215 76.8949 91.7331 60.2534 143.916 42.8472 114.683 84.2995 11.9878 97.6898 37.2529 27.3708 48.2656 16.9928 34.0477 37.2002
internal_count=3174 2949 1164 1785 945 219 225 170 560 145 1508 385 57 1318 277 230 113 190 74 82
is_linear=0
shrinkage=0.0435066


Tree=10
num_leaves=17
num_cat=0
split_feature=13 5 4 10 6 5 6 4 4 5 6 5 5 27 4 11
split_gain=65.8338 28.0572 26.1881 9.9008 14.0742 8.99015 12.994 18.4914 9.76919 7.61495 5.1902 2.60702 1.75442 1.44236 1.13274 0.682785
threshold=0.36666666666666675 35.850000000000001 40.050000000000004 0.23030303030303029 145.45000000000002 206.85000000000002 103.7 39.350000000000001 36.550000000000004 19.650000000000002 109.25000000000001 9.4500000000000011 105.35000000000001 3.5000000000000004 40.45000000000001 0.057189542483660101
decision_type=2 2 2 2 2 2 2 2 2 2 2 2 2 2 2 2
left_child=1 2 3 4 -1 6 8 -8 -3 -5 13 -4 14 -7 -2 -13
right_child=12 5 11 9 -6 10 7 -9 -10 -11 -12 15 -14 -15 -16 -17
leaf_value=-0.031670100099732292 -0.050873674696938355 0.010439605000851539 0.00024042488654766293 -0.014050868990646196 0.016486948242434681 -0.002472851889562954 -0.012448395832182052 0.019864582704965564 0.037314197369318541 0.013204110092318028 0.038638895351638274 0.036021163016145268 0 0.015937583654122033 -0.0002403370307401467 0.0095913251949474969
leaf_weight=71.80691048130393 37.63985560182482 98.331015857867897 7.8990926556289187 39.267807826399803 9.0165815800428373 10.467978619039059 82.607123708352447 47.202642951160669 33.874070551246405 27.122321296483278 32.753926206380129 14.788422998040916 1.7297919839620579 11.328491352498531 1.3244003187865008 10.269823642447589
leaf_count=658 761 340 32 407 39 40 349 136 88 149 63 37 14 28 12 37
internal_value=0.0011053 0.00571857 -0.00777426 -0.0156995 -0.0253531 0.013431 0.00956856 -0.000236661 0.0188276 -0.00259326 0.0288172 0.0241185 -0.0480099 0.00820597 -0.0496551 0.0297234
internal_weight=537.43 496.736 180.171 147.214 80.8235 316.565 262.015 129.81 132.205 66.3901 54.5504 32.9573 40.694 21.7965 38.9643 25.0582
internal_count=3190 2403 1359 1253 697 1044 913 485 428 556 131 106 787 68 773 74
is_linear=0
shrinkage=0.0435066


Tree=11
num_leaves=13
num_cat=0
split_feature=13 4 18 21 4 2 9 18 17 4 9 4
split_gain=58.4092 24.4215 25.2211 9.47012 14.3368 3.80502 2.44405 2.01419 1.87073 1.54968 1.12982 0.911725
threshold=0.36666666666666675 41.250000000000007 6.5000000000000009 1.0000000180025095e-35 36.550000000000004 4.5000000000000009 0.14651229273870783 12.500000000000002 90.522619047619074 40.550000000000004 0.21704464918497518 42.350000000000001
decision_type=2 2 2 2 2 2 2 2 2 2 2 2
left_child=1 2 6 4 -4 -5 8 9 -1 -2 -8 -3
right_child=7 11 3 5 -6 -7 10 -9 -10 -11 -12 -13
leaf_value=-0.02737035467320062 -0.049480035087976999 0.017531055063829799 0.0030253398213845135 0.0059822655105643387 0.02411581273626066 -0.0095425960745846791 0.0077999779651584684 0 0.0022968396458482817 0 -0.011249359904800433 0.040279755852243776
leaf_weight=49.622024619951844 35.424454300664365 26.280879497528076 169.72043841425329 41.452011317014694 91.975484780967236 73.222616886720061 5.8995459377765638 1.869363635778426 2.6323341615498057 1.2115172445774067 4.5582046657800674 25.257258549332619
leaf_count=575 762 61 774 173 285 367 48 15 22 10 53 45
internal_value=0.00128416 0.00558441 0.00202255 0.00638442 0.0108812 -0.00382772 -0.0221467 -0.0461617 -0.0256155 -0.0480787 -0.00104081 0.0321231
internal_weight=529.126 490.621 439.083 376.371 261.696 114.675 62.7121 38.5053 52.2544 36.636 10.4578 51.5381
internal_count=3190 2403 2297 1599 1059 540 698 787 597 772 101 106
is_linear=0
shrinkage=0.0435066


Tree=12
num_leaves=17
num_cat=0
split_feature=13 16 4 5 27 17 4 6 10 18 17 6 18 4 6 23
split_gain=52.5541 27.1655 25.2078 23.3447 12.3912 11.5682 10.1546 12.2752 10.5699 5.41153 5.23196 3.3541 1.65185 1.32627 1.29618 0.414969
threshold=0.36666666666666675 12.500000000000002 39.850000000000001 35.850000000000001 2.5000000000000004 36.134375000000013 36.650000000000013 72.65000000000002 0.11437908496732026 11.500000000000002 36.134375000000013 110.35000000000001 12.500000000000002 40.550000000000004 109.55000000000001 1.0000000180025095e-35
decision_type=2 2 2 2 2 2 2 2 2 2 2 2 2 2 2 2
left_child=1 6 3 5 -5 -3 8 15 -1 -10 -9 14 13 -2 -4 -8
right_child=12 2 11 4 -6 -7 7 10 9 -11 -12 -13 -14 -15 -16 -17
leaf_value=0.0094670052138779662 -0.047925521947259485 0.014190979599817811 0.021357514470386772 -0.011254373062365625 0.017795920235982522 -0.018259133375262662 0.0076589708359388452 -3.1458246374922677e-05 -0.041797358309722227 0.0051771238427520717 -0.028763137684990836 0.042837781746853244 0 0 0.00070878854781468035 0.030304608504876037
leaf_weight=8.5055526457726938 33.320445929653943 21.489922529086471 21.479210840538148 27.668142445385456 179.14316852856427 82.50128848105669 10.087636897340417 26.121549163013697 32.410644857212901 3.3338650315999976 16.864140063524246 37.45679884031415 1.8211533874273289 1.3006637822836626 9.1255688257515413 8.4111394174396992
leaf_count=35 762 137 80 133 525 741 47 153 311 11 108 73 15 10 23 26
internal_value=0.00143263 0.00547009 0.0109092 0.00529825 0.0136372 -0.0110207 -0.0134313 -0.00123388 -0.027847 -0.037055 -0.0138096 0.0336946 -0.0447071 -0.0465103 0.0166772 0.0235705
internal_weight=521.041 484.599 378.864 310.803 206.811 103.991 105.735 61.4845 44.2501 35.7445 42.9857 68.0616 36.4423 34.6211 30.6048 18.4988
internal_count=3190 2403 1712 1536 658 878 691 334 357 322 261 176 787 772 103 73
is_linear=0
shrinkage=0.0435066


Tree=13
num_leaves=14
num_cat=0
split_feature=13 4 5 16 18 16 21 5 11 6 4 18 17
split_gain=49.1262 21.7908 28.0807 17.3681 14.4061 10.2213 9.50888 7.47204 6.72671 4.57095 1.72924 1.65003 0.475539
threshold=0.36666666666666675 40.45000000000001 35.650000000000013 13.500000000000002 7.5000000000000009 12.500000000000002 1.0000000180025095e-35 77.050000000000011 0.044949494949494906 145.45000000000002 40.550000000000004 12.500000000000002 34.218636363636371
decision_type=2 2 2 2 2 2 2 2 2 2 2 2 2
left_child=1 2 4 7 9 12 -5 -4 -6 -1 11 -2 -3
right_child=10 5 3 6 8 -7 -8 -9 -10 -11 -12 -13 -14
leaf_value=-0.025811865018296947 -0.046824569297808899 0.0024994346834085485 -0.021407667280923318 0.021454824127776762 -0.017646029410135135 0.034458545706727663 -0.0017661281310199094 0.0042341482987238383 0.016071516853242793 0.0030189684078637514 0 0 -0.0088011238926241873
leaf_weight=86.419415141455829 32.449494829401374 8.125885955989359 32.089798025786877 150.25330380909145 9.6009976249188167 56.538491360843182 40.220096006989479 43.544767454266548 31.47562593780458 9.5904433205723745 1.3849497195333231 1.8280872553586949 7.1045119687914839
leaf_count=952 762 30 182 416 82 127 179 177 159 70 10 15 29
internal_value=0.00173248 0.00567393 0.00154328 0.00974361 -0.0140246 0.0266908 0.0166042 -0.0073576 0.00664185 -0.0228249 -0.0432883 -0.0449191 -0.00336651
internal_weight=510.626 474.963 403.194 266.108 137.086 71.7689 190.473 75.6346 41.0766 96.0099 35.6625 34.2776 15.2304
internal_count=3190 2403 2217 954 1263 186 595 359 241 1022 787 777 59
is_linear=0
shrinkage=0.0435066


Tree=14
num_leaves=13
num_cat=0
split_feature=13 4 5 18 21 6 10 18 4 7 4 18
split_gain=44.9552 22.0232 24.8874 12.2828 10.2398 7.72121 6.18497 5.33367 5.05404 2.90584 1.44031 1.54706
threshold=0.36666666666666675 40.45000000000001 35.650000000000013 7.5000000000000009 1.0000000180025095e-35 74.450000000000003 0.23030303030303029 13.500000000000002 36.650000000000013 2.5000000000000004 40.550000000000004 12.500000000000002
decision_type=2 2 2 2 2 2 2 2 2 2 2 2
left_child=1 2 3 8 5 -4 -5 -6 -1 -3 11 -2
right_child=10 9 4 6 7 -7 -8 -9 -10 -11 -12 -13
leaf_value=-0.029334565290425281 -0.045391214920901431 0.0051055019149937268 0.025463389390155383 -0.012948079226522352 -0.0091779064116324048 0.0070193124302665106 0.017275929565930239 0.020530019395943112 -0.0068958346027617181 0.0311961376887189 0 0
leaf_weight=56.574678018689156 31.06468175817281 13.705211415886877 69.056940417736769 14.951467417180536 63.263955160975456 122.10475027468055 25.858738675713539 7.226229064166545 36.35023145750165 56.043038174510002 1.319401891902088 1.7564368247985829
leaf_count=641 762 42 199 124 302 433 117 20 381 144 10 15
internal_value=0.00187915 0.00565846 0.00147749 -0.0133695 0.00924409 0.014353 0.00573187 -0.00452198 -0.0216854 0.0270759 -0.0420168 -0.0435193
internal_weight=499.276 465.135 395.387 133.735 261.652 191.162 40.8102 70.4902 92.9249 69.7482 34.1405 32.8211
internal_count=3190 2403 2217 1263 954 632 241 322 1022 186 787 777
is_linear=0
shrinkage=0.0435066


Tree=15
num_leaves=20
num_cat=0
split_feature=4 5 0 4 5 7 7 0 10 5 11 18 17 2 3 4 0 8 18
split_gain=41.9337 27.9578 18.6865 30.2177 15.4831 11.3123 9.37532 7.4893 7.41756 5.82603 7.78845 5.13242 3.65663 3.50161 3.05843 3.03899 2.33282 0.51592 0.359004
threshold=36.550000000000004 35.650000000000013 1650.0000000000002 41.45000000000001 79.450000000000017 3.5000000000000004 3.5000000000000004 1350.0000000000002 0.13118961352657002 38.45000000000001 0.025978407557354904 8.5000000000000018 87.75437500000001 4.5000000000000009 56.500000000000007 35.650000000000013 2200.0000000000005 2019.0000000000002 8.5000000000000018
decision_type=2 2 2 2 2 2 2 2 2 2 2 2 2 2 2 2 2 2 2
left_child=1 11 13 4 6 7 -4 15 -6 16 -11 -1 -9 17 -13 -3 -7 -2 -15
right_child=2 5 3 -5 8 9 -8 12 -10 10 -12 14 -14 18 -16 -17 -18 -19 -20
leaf_value=-0.036168644152271105 -0.00084144044948585917 0.010740529852864096 -0.023516204853476341 0.032774344909160334 -0.012792182676095687 -0.013983460899579874 0.0031810230623205613 -0.038346872309610876 0.020301486774439034 -0.011441822864675384 0.022214599628801027 -0.014970839295679628 -0.00013683841750752266 0.014028382516752251 0.016549176716966714 -0.01496937746432396 0.0052850762274783527 0.012508492984638473 0.043835429087580327
leaf_weight=73.08043401921168 5.3337985984981051 16.155331730842594 64.064295127056539 49.795516163110733 11.663165431469677 20.449509189464152 35.354693585075438 18.999139832332734 45.77956809476018 12.144666176289318 48.430408544838428 7.4932848978787643 6.5342199616134158 10.385605484247206 3.4164486955851316 7.5581450574100009 15.557057823985813 8.6147521175444108 29.540478244423866
leaf_count=1092 34 51 647 108 52 106 248 111 157 61 140 75 26 78 17 39 52 40 67
internal_value=2.02061e-05 -0.013308 0.0118528 0.00538587 -0.00420741 -0.00138376 -0.0143156 -0.0171706 0.0128059 0.00714479 0.0148608 -0.03231 -0.0308989 0.0332344 -0.00202469 0.000752397 -0.00588731 0.00826906 0.0393553
internal_weight=490.351 229.819 260.532 206.657 156.862 145.828 99.419 49.2468 57.4427 96.5816 60.5751 83.9902 25.5334 53.8746 10.9097 23.7135 36.0066 13.9486 39.9261
internal_count=3201 1770 1431 1212 1104 586 895 227 209 359 201 1184 137 219 92 90 158 74 145
is_linear=0
shrinkage=0.0435066


Tree=16
num_leaves=26
num_cat=0
split_feature=4 5 6 6 4 18 7 6 16 7 6 5 11 18 4 16 6 3 11 16 7 11 5 5 5
split_gain=37.1111 24.2654 17.0517 40.1101 11.9945 10.1525 9.44642 10.0955 7.22378 5.74972 12.2191 4.77484 6.06351 4.67333 4.38918 3.76771 3.69575 2.71046 2.00189 1.96793 1.50111 1.42049 1.2664 0.745186 0.198442
threshold=36.550000000000004 35.650000000000013 98.350000000000009 108.75000000000001 37.350000000000001 12.500000000000002 3.5000000000000004 70.950000000000017 12.500000000000002 3.5000000000000004 107.35000000000001 36.650000000000013 0.025978407557354904 8.5000000000000018 36.250000000000007 11.500000000000002 145.45000000000002 56.500000000000007 0.025978407557354904 10.500000000000002 4.5000000000000009 0.18465909090909091 36.050000000000004 174.75000000000003 23.650000000000002
decision_type=2 2 2 2 2 2 2 2 2 2 2 2 2 2 2 2 2 2 2 2 2 2 2 2 2
left_child=1 13 15 9 5 -5 7 18 -6 21 -11 22 -13 16 -9 19 20 24 -3 -2 -1 -4 -8 -17 -15
right_child=2 6 3 4 8 -7 11 14 -10 10 -12 12 -14 17 -16 23 -18 -19 -20 -21 -22 -23 -24 -25 -26
leaf_value=-0.039787734032881703 -0.0095796807170976279 -0.0073684088448269704 -0.040461950013045492 -0.025738587052304369 0.00098627671055245944 0.021228525603338537 0.0001438801134875475 -0.038105990508442884 0.026615071422185235 -0.028894500427592926 0.021128989952160709 -0.012490993253192606 0.016021958666846345 0 0.00014820573472893635 0.03988888419315862 0 0.015534006075076726 0.014777269236798328 0.015848533679761582 -0.0094201173580812699 -1.9067396484393703e-05 -0.019417276215499178 0.0094710175145355444 -0.016763539284131875
leaf_weight=57.049515698105097 5.145509319379924 7.2195015512406853 24.98834620881826 16.983718770556155 27.594928851351142 7.6925988942384711 9.1144077777862567 21.38825219869614 99.154910493642092 14.055168833583595 10.478364903479813 11.999752657487987 65.934534087777138 2.6095329374074918 6.4097895231097928 35.464048184454441 5.3391024135053149 3.5232043880969286 12.338676664978264 4.8885641284286976 9.2787753129377943 2.2687447331845751 7.9721973352134219 7.645882159471511 4.6237368974834681
leaf_count=913 48 24 316 149 162 18 48 126 350 131 58 62 202 22 33 123 51 17 44 25 128 29 47 22 53
internal_value=-5.44297e-05 -0.0127835 0.0111095 0.00487548 0.0161638 -0.00939801 -0.00150114 -0.0162223 0.021432 -0.0260743 -0.00725447 0.00630664 0.0108874 -0.0306212 -0.0306387 0.0316425 -0.0343394 -0.00165572 0.00641786 0.00356264 -0.0369006 -0.0380471 -0.0113973 0.0366491 -0.0141551
internal_weight=481.162 224.801 256.361 203.217 151.426 24.6763 142.377 47.3562 126.75 51.7906 24.5335 95.0209 77.9343 82.4239 27.798 53.144 71.6674 10.7565 19.5582 10.0341 66.3283 27.2571 17.0866 43.1099 7.23327
internal_count=3201 1770 1431 1213 679 167 586 227 512 534 189 359 264 1184 159 218 1092 92 68 73 1041 345 95 145 75
is_linear=0
shrinkage=0.0435066


Tree=17
num_leaves=26
num_cat=0
split_feature=4 5 6 6 4 18 11 7 6 0 6 5 6 18 8 18 6 3 4 11 7 5 17 6 5
split_gain=34.4591 23.1251 14.6539 35.276 9.87836 8.00837 6.81014 6.01757 11.3827 5.25012 4.65944 8.62517 6.24452 3.95803 2.92195 2.98509 2.85524 2.55051 2.09898 1.41412 0.951588 0.823423 0.822117 0.239396 0.0469937
threshold=36.550000000000004 35.650000000000013 98.350000000000009 108.75000000000001 37.350000000000001 12.500000000000002 0.025978407557354904 3.5000000000000004 107.25000000000001 2200.0000000000005 71.15000000000002 37.850000000000001 108.25000000000001 8.5000000000000018 2019.0000000000002 8.5000000000000018 145.45000000000002 56.500000000000007 35.850000000000001 0.18465909090909091 5.5000000000000009 11.850000000000003 57.230769230769248 71.850000000000009 23.650000000000002
decision_type=2 2 2 2 2 2 2 2 2 2 2 2 2 2 2 2 2 2 2 2 2 2 2 2 2
left_child=1 13 14 7 5 -5 18 19 -9 -6 11 -8 -12 16 15 21 20 24 -3 -4 -1 -2 -20 -16 -15
right_child=2 6 3 4 9 -7 10 8 -10 -11 12 -13 -14 17 23 -17 -18 -19 22 -21 -22 -23 -24 -25 -26
leaf_value=-0.037144360975764498 0.0032437284779805631 -0.026243951778516246 -0.039177237404704766 -0.023323530109952854 0.023525730790499161 0.018898551524029195 -0.0076982279484227789 -0.02833189252055587 0.019813675911959708 -0.001111497568958129 -0.018067205477405184 0.023150331283295411 0.0091937704033503553 -0.00088048979239618407 0.013782699483960832 0.019072105173364121 -0.00033511457791667422 0.014198562065696769 -0.0095574630546557456 0 -0.0019104825688318636 -0.016470040699018522 0.0061972690790922614 0.041279169776896364 -0.016451726277620583
leaf_weight=61.539307395927608 2.6770425084978369 16.23496889136732 24.377140578813854 16.024836614727977 108.49375944025815 7.4775776974856845 23.711738158017397 12.730296489782633 11.586013400927184 17.522533576004207 27.469405872747302 36.351765524595976 23.772007437422872 2.6959808859974128 11.232713997364042 11.090304709970949 5.2456487203016868 3.5619631074368954 5.7835732810199243 2.3774863863363853 2.8483511172235003 2.9999486077576876 6.0119068138301373 24.626197826117277 4.6041227970272303
leaf_count=1008 28 81 316 149 404 18 109 127 62 108 141 105 94 22 59 30 51 17 33 29 33 30 23 71 53
internal_value=-0.000168124 -0.012595 0.0106269 0.00478431 0.0154301 -0.00836813 -0.00145946 -0.0244272 -0.00572602 0.0201377 0.00351443 0.0112592 -0.00563548 -0.0302017 0.0297453 0.00897117 -0.0337475 -0.00276003 -0.0184389 -0.0366706 -0.0360466 -0.00958247 -0.00162974 0.0363478 -0.0145577
internal_weight=473.047 219.831 253.216 200.59 149.519 23.5024 139.335 51.0709 24.3163 126.016 111.305 60.0635 51.2414 80.4954 52.6262 16.7673 69.6333 10.8621 28.0304 26.7546 64.3877 5.67699 11.7955 35.8589 7.3001
internal_count=3201 1770 1431 1213 679 167 586 534 189 512 449 214 235 1184 218 88 1092 92 137 345 1041 58 56 130 75
is_linear=0
shrinkage=0.0435066


Tree=18
num_leaves=16
num_cat=0
split_feature=13 5 16 10 16 2 0 9 11 5 9 9 17 27 2
split_gain=31.9046 18.0406 7.22396 5.47071 4.49106 4.89223 4.33248 3.63918 3.55932 2.88095 2.81764 2.76239 1.49643 1.30924 0.751701
threshold=0.36666666666666675 39.350000000000001 9.5000000000000018 0.24454200284765068 12.500000000000002 7.5000000000000009 1750.0000000000002 1.0000000180025095e-35 0.093073593073593072 165.50000000000003 0.12132352941176471 0.099481987285142459 29.047857142857143 1.0000000180025095e-35 10.500000000000002
decision_type=2 2 2 2 2 2 2 2 2 2 2 2 2 2 2
left_child=1 3 12 4 14 -6 8 9 -5 -4 -9 -8 -3 -2 -1
right_child=13 2 7 6 5 -7 11 10 -10 -11 -12 -13 -14 -15 -16
leaf_value=-0.031234656481814262 0 0.00052037230893707802 -0.012947001235170095 -0.0032998828144523706 0.001608342688604322 -0.016283350568563337 0.0039717678300661627 0.01573803012245821 0.017870568877480196 0.012395681464891745 -0.004390540756216533 -0.021241270933771102 -0.027198469378731993 -0.040137153272236416 -0.0005355297808105052
leaf_weight=16.512254947796468 1.7463708268478537 4.1307261586189252 14.349855907261373 21.451175415888429 55.563913753256202 49.675497348420322 10.49096587020904 193.90130686014891 29.902501985430717 7.7729076147079459 10.589959010481833 12.392808168195186 4.5781845822930336 29.975628912914544 2.5862648505717507
leaf_count=195 33 26 59 182 347 398 80 655 205 26 42 149 36 744 24
internal_value=-0.000238542 0.00305326 0.0110807 -0.00646039 -0.0118406 -0.00720389 0.00265444 0.0127653 0.00947755 -0.00289661 0.0145445 -0.0110216 -0.0187941 -0.0383746 -0.0286646
internal_weight=465.62 433.898 235.323 198.575 124.338 105.239 74.2375 226.614 51.3537 22.1228 204.491 22.8838 8.70891 31.722 19.0985
internal_count=3201 2424 844 1580 964 745 616 782 387 85 697 229 62 777 219
is_linear=0
shrinkage=0.0435066


Tree=19
num_leaves=11
num_cat=0
split_feature=4 13 5 4 16 21 5 5 3 7
split_gain=30.5287 28.2327 15.7658 6.55499 6.44471 6.39727 5.92127 4.9578 4.6435 1.51233
threshold=41.250000000000007 0.36666666666666675 38.250000000000007 36.650000000000013 13.500000000000002 1.0000000180025095e-35 79.450000000000017 35.650000000000013 51.500000000000007 2.5000000000000004
decision_type=2 2 2 2 2 2 2 2 2 2
left_child=1 2 3 7 6 -5 -4 -1 -6 -2
right_child=9 -3 4 5 8 -7 -8 -9 -10 -11
leaf_value=-0.02425285045918113 0.0076346704484908431 -0.041388547352213652 -0.016931981884561968 0.013059853135545274 -0.010970945619606595 -0.011436034304941903 0.0065545106995221836 -0.003019115736140741 0.014319845026546088 0.032904625500453977
leaf_weight=63.423600842244923 11.446019560098646 29.147064600139856 28.807695070281625 30.824604520574212 10.048345912247894 37.374128514900804 41.403695724904537 34.225907338783145 132.04808630794287 41.22234134376049
leaf_count=765 32 772 172 229 44 338 177 166 414 92
internal_value=-0.000178245 -0.00437696 -0.000845198 -0.0106959 0.0068932 -5.6114e-05 -0.00357035 -0.0175617 0.012061 0.0290284
internal_weight=459.971 407.303 378.156 165.848 212.308 68.1987 70.2114 97.6495 142.096 52.6684
internal_count=3201 3077 2305 1498 807 567 349 931 458 124
is_linear=0
shrinkage=0.0435066


Tree=20
num_leaves=18
num_cat=0
split_feature=13 4 5 4 5 6 4 6 18 21 4 4 5 6 16 2 18
split_gain=27.4449 17.7795 14.2033 14.4752 12.0632 10.1342 17.0132 7.22754 7.86711 5.64732 5.35814 5.06759 2.96109 2.00594 1.94804 1.5236 1.47941
threshold=0.36666666666666675 36.550000000000004 36.550000000000004 1.0000000180025095e-35 88.850000000000009 91.15000000000002 38.850000000000001 145.45000000000002 8.5000000000000018 1.0000000180025095e-35 42.150000000000013 35.250000000000007 37.550000000000004 110.35000000000001 12.500000000000002 5.5000000000000009 13.500000000000002
decision_type=2 2 2 2 2 2 2 2 2 2 2 2 2 2 2 2 2
left_child=1 2 7 12 5 14 -7 8 -1 15 16 -5 -4 -11 -3 -6 -2
right_child=10 4 3 11 9 6 -8 -9 -10 13 -12 -13 -14 -15 -16 -17 -18
leaf_value=-0.030351978207643605 -0.041454067936888925 0.0060839268707523772 0.0028031405887992329 -0.020102067806495056 0.010406314164602934 -0.020307803769944576 0.010987109164113575 0.011909324292493905 0.0063200086343676281 0.00073933809907038859 0.010684863694238525 0.0009262707407311718 0.031911365133435496 0.01915999156596079 0.034594030278193792 0.037192858485165965 3.5947550157554712e-05
leaf_weight=58.406823970377445 28.097451098263271 11.714282367378475 11.313157958909867 27.13032577931881 12.907731510698794 51.201768482103944 69.84179930575192 7.5216692592948666 10.41875074803829 28.005280796438456 1.444727674126624 57.205548601225019 22.913899958133698 14.318887680768965 12.426959868520496 36.215208243578672 1.1879495345056046
leaf_count=714 786 74 46 114 38 407 354 45 75 119 5 254 47 37 40 85 10
internal_value=0.000140439 0.00320806 -0.00637575 0.00305304 0.0111028 0.00292122 -0.00253296 -0.0202282 -0.0246004 0.0229311 -0.0356919 -0.00668423 0.0245246 0.00890252 0.0253222 0.0323786 -0.0397895
internal_weight=462.272 431.542 194.91 118.563 236.632 145.185 121.044 76.3472 68.8256 91.4471 30.7301 84.3359 34.2271 42.3242 24.1412 49.1229 29.2854
internal_count=3250 2449 1295 461 1154 875 761 834 789 279 801 368 93 156 114 123 796
is_linear=0
shrinkage=0.0435066


Tree=21
num_leaves=19
num_cat=0
split_feature=13 4 5 1 5 0 4 10 4 7 21 18 5 0 9 17 18 10
split_gain=24.7608 15.9723 11.9976 13.2415 10.5399 8.45787 11.1208 6.14377 5.25943 4.7946 4.36374 4.35722 3.06544 2.72712 2.17212 1.94069 0.993946 0.195431
threshold=0.36666666666666675 36.550000000000004 36.550000000000004 1.5000000000000002 88.850000000000009 1650.0000000000002 40.45000000000001 0.14511278195488717 42.150000000000013 2.5000000000000004 1.0000000180025095e-35 8.5000000000000018 50.300000000000004 1350.0000000000002 0.10818713450292396 72.532142857142873 13.500000000000002 0.12372448979591837
decision_type=2 2 2 2 2 2 2 2 2 2 2 2 2 2 2 2 2 2
left_child=1 2 11 12 5 9 -7 -5 16 -3 17 13 -4 -1 -13 -12 -2 -6
right_child=8 4 3 7 10 6 -8 -9 -10 -11 15 14 -14 -15 -16 -17 -18 -19
leaf_value=-0.0081190332744059228 -0.040082938968795757 -0.0054969638395519224 0.024183064490718321 0.0069980186989001825 0.011393052432645455 -0.01272502996180065 0.014095239202832746 -0.017856717859552181 0.010649633753624784 0.028742255817847312 0.013047138929795617 -0.0083900888626797683 -0.00086135507223039892 -0.02969826649699004 0.01802919914668339 -0.0064204026245186646 0 0.033271513239618862
leaf_weight=25.178119970951229 26.99836705997587 7.3301145713776377 36.893583295866847 24.493384018540382 11.901421777904032 72.663779862225056 39.885115850716829 44.98608348891139 1.5275279656052578 23.60711857676506 34.037413690239191 6.9030065033584815 10.231234420090912 39.272009723819792 4.0274597965180874 7.5973472483456126 1.1367579698562611 36.743244726210833
leaf_count=273 786 52 108 86 34 598 123 217 5 102 123 60 50 484 17 33 10 89
internal_value=0.0001095 0.00302317 -0.0061311 0.00262047 0.0105456 0.00284069 -0.0028846 -0.00911348 -0.0344439 0.0208159 0.0216717 -0.018923 0.0191139 -0.0229297 0.0038653 0.00889744 -0.0387252 0.0300797
internal_weight=455.413 425.75 191.985 116.604 233.766 143.486 112.549 69.4795 29.6627 30.9372 90.2794 75.3806 47.1248 64.4501 10.9305 41.6348 28.1351 48.6447
internal_count=3250 2449 1295 461 1154 875 721 303 801 154 279 834 158 757 77 156 796 123
is_linear=0
shrinkage=0.0435066


Tree=22
num_leaves=25
num_cat=0
split_feature=5 4 16 16 16 1 4 27 3 5 4 5 4 17 17 10 4 10 4 5 5 17 9 9
split_gain=19.7045 16.3063 9.14123 6.59014 6.58725 5.58407 10.8829 8.69532 4.87991 4.31116 5.22397 4.10306 2.86402 2.58036 2.4676 2.06818 1.9055 1.35931 1.02074 1.00543 0.910143 0.856509 0.783373 0.00291171
threshold=37.550000000000004 39.95000000000001 12.500000000000002 14.500000000000002 12.500000000000002 1.5000000000000002 35.95000000000001 3.5000000000000004 54.500000000000007 17.250000000000004 36.850000000000001 69.15000000000002 35.550000000000004 35.361888111888113 95.967857142857156 0.15894736842105264 37.650000000000013 0.18301435406698563 42.150000000000013 41.45000000000001 97.250000000000014 35.735267857142865 0.051956815114709808 0.060024009603841501
decision_type=2 2 2 2 2 2 2 2 2 2 2 2 2 2 2 2 2 2 2 2 2 2 2 2
left_child=1 3 11 9 18 16 8 -8 -7 14 -11 19 21 20 -1 -15 22 -14 -3 -2 -13 -5 -4 -6
right_child=2 4 5 12 23 6 7 -9 -10 10 -12 13 17 15 -16 -17 -18 -19 -20 -21 -22 -23 -24 -25
leaf_value=-0.030916407176883071 0 -0.017488428126204717 0.008502436669200978 0.0038656238576347699 0.031290389633852007 0.003633896114837006 0.0012568697480367166 0.025182961045218725 -0.024710039602032805 -0.017600343807442794 0.005145775956812578 0.018073931762995727 -0.0035700778949593619 0.0039531829289122826 0.0037668573225238806 -0.019087708181402218 0.0041253103087112572 0.018321211521511158 0.0022596855662363846 -0.024898308271698383 0 -0.015965321464287984 0.03183918195111414 0.0095726268604983886
leaf_weight=50.205373630393296 4.0268519576638964 4.4240364879369718 10.896720979362724 1.8831887990236298 13.020154455676677 17.863048797473311 57.226040940731764 54.832181289792061 18.086785605177283 62.853668098337948 22.131914572790265 9.0459493547678012 3.9657366853207376 10.167927876114847 2.1999754253774872 8.0215751565992814 11.568202227354048 12.35328448936343 5.2749295085668564 13.921636585146187 8.1737402025610191 6.9816024652682245 29.931590732187033 9.772446630522607
leaf_count=1013 22 41 47 20 42 77 238 165 78 558 172 34 59 44 25 52 43 121 16 102 33 135 72 41
internal_value=8.88017e-05 -0.0101015 0.00801757 -0.0157252 0.0157051 0.0122227 0.00722069 0.0137899 -0.0119927 -0.0193476 -0.0116221 -0.00721956 0.00363374 0.00169127 -0.0290339 -0.00815477 0.0238197 0.0130596 -0.00953518 -0.0209786 0.0118996 -0.0112448 0.0278512 0.0265213
internal_weight=448.829 195.066 253.762 162.575 32.4916 200.405 148.008 112.058 35.9498 137.391 84.9856 53.3577 25.1838 35.4092 52.4053 18.1895 52.3965 16.319 9.69897 17.9485 17.2197 8.86479 40.8283 22.7926
internal_count=3250 2243 1007 2103 140 720 558 403 155 1768 730 287 335 163 1038 96 162 180 57 124 67 155 119 83
is_linear=0
shrinkage=0.0435066


Tree=23
num_leaves=17
num_cat=0
split_feature=13 16 4 5 6 0 5 4 0 6 6 6 7 4 6 18
split_gain=22.3239 14.0922 14.1365 11.0333 9.60159 8.19464 5.56706 4.97602 4.68005 4.89095 2.2375 2.05493 2.06663 1.6433 0.979593 0.685424
threshold=0.36666666666666675 12.500000000000002 39.850000000000001 36.650000000000013 74.450000000000003 1550.0000000000002 69.15000000000002 42.150000000000013 1100.0000000000002 60.350000000000001 110.35000000000001 114.95000000000002 2.5000000000000004 41.750000000000007 108.75000000000001 13.500000000000002
decision_type=2 2 2 2 2 2 2 2 2 2 2 2 2 2 2 2
left_child=1 6 3 5 -5 -3 8 15 9 -1 14 12 -8 -10 -4 -2
right_child=7 2 10 4 -6 -7 11 -9 13 -11 -12 -13 -14 -15 -16 -17
leaf_value=-0.020120919887274553 -0.038899729280966633 0.0069581980820623297 0.018791942255900917 0.022345701671615013 0.00098519130863936434 -0.017416334447284725 -0.016508996365695555 0.010534895373370129 -0.030563356903763925 0.01473139329638015 0.031895632614324411 0.014596254952911294 0.004140751901166838 -0.0021428029285312758 0.0017981581475343669 0
leaf_weight=6.9596757907420423 25.515207910910256 36.503110264893621 8.0664714425802249 59.592635653913021 104.48909850604832 63.051452164538205 8.8553881850093621 1.4574337676167477 31.52136361785233 11.003215072676538 35.731982821598649 9.1379714235663396 16.740247271955013 6.3049787506461135 17.022256422787905 1.0915546230971802
leaf_count=88 786 316 40 164 429 665 49 5 354 72 76 33 73 20 70 10
internal_value=0.000156565 0.00293334 0.00718654 0.00253343 0.00935938 -0.00850569 -0.0116663 -0.0334269 -0.0194714 -0.000122251 0.0250094 0.00172176 -0.0045903 -0.0270644 0.0103288 -0.037738
internal_weight=443.044 414.98 324.457 263.636 164.082 99.5546 90.5228 28.0642 55.7892 17.9629 60.8207 34.7336 25.5956 37.8263 25.0887 26.6068
internal_count=3250 2449 1760 1574 593 981 689 801 534 160 186 155 122 374 110 796
is_linear=0
shrinkage=0.0435066


Tree=24
num_leaves=18
num_cat=0
split_feature=13 4 21 16 5 1 4 6 23 16 6 18 18 4 3 18 9
split_gain=20.869 14.0812 10.996 11.612 10.0853 10.1285 8.83497 8.15785 7.11373 6.1625 5.89645 5.78732 5.5346 4.34465 2.29154 0.851583 0.110088
threshold=0.36666666666666675 36.550000000000004 1.0000000180025095e-35 10.500000000000002 36.550000000000004 1.0000000180025095e-35 40.45000000000001 98.350000000000009 1.5000000000000002 12.500000000000002 145.45000000000002 8.5000000000000018 11.500000000000002 42.150000000000013 55.250000000000007 12.500000000000002 0.043961352657004807
decision_type=2 2 2 2 2 2 2 2 2 2 2 2 2 2 2 2 2
left_child=1 4 3 16 10 14 7 -4 -5 -8 11 -1 -7 15 -6 -2 -3
right_child=13 2 6 8 5 12 9 -9 -10 -11 -12 -13 -14 -15 -16 -17 -18
leaf_value=-0.027153215482387739 -0.03832463165100343 -0.0018480825984545247 0.015358188256254341 0.029562356714820791 0.030782277249918857 -0.017857097539796925 -0.0095061416387659751 -0.016470759157376128 -0.0023873534311237682 0.020900315424593866 0.010678892881886571 0.0043575733285819949 0.0037410481661844736 0.0094575036996365665 0.0053927588748727195 -0.00027891662975166904 -0.019667666221499333
leaf_weight=54.004759778268635 23.915769886225469 3.7068126257508975 14.426130373030899 80.35160231590271 15.380150608718397 32.986222641542554 12.276390887796877 53.751961516216397 13.783645385876296 41.568574361503124 7.9265959430485955 10.843070235103367 46.605312023311853 1.3916004449129094 16.226834386587143 1.8126465529203404 5.73187773860991
leaf_count=714 778 28 70 307 34 201 56 457 62 114 45 75 167 5 59 18 60
internal_value=0.000423549 0.00310425 0.0102746 0.020252 -0.00568622 0.00254924 0.00113 -0.00884872 0.0249324 0.0135231 -0.0175722 -0.0218264 -0.00576721 -0.0325193 0.0211616 -0.0365546 -0.0169139
internal_weight=436.69 409.57 225.597 103.574 183.973 111.199 122.023 68.1781 94.1352 53.845 72.7744 64.8478 79.5915 27.12 31.607 25.7284 9.43869
internal_count=3250 2449 1154 457 1295 461 697 527 369 170 834 789 368 801 93 796 88
is_linear=0
shrinkage=0.0435066


Tree=25
num_leaves=24
num_cat=0
split_feature=18 16 5 3 17 18 17 11 11 27 18 3 18 9 11 5 13 11 3 5 16 2 18
split_gain=22.9316 14.4056 7.35846 3.96615 3.65633 6.86266 4.34683 4.06196 3.54686 3.18495 4.84676 3.01891 5.28522 2.67549 2.39105 1.93255 1.86418 1.78198 1.58199 1.539 1.48387 1.37114 0.177696
threshold=8.5000000000000018 13.500000000000002 39.350000000000001 52.500000000000007 57.588690476190479 13.500000000000002 44.24807692307693 0.063392857142857112 0.059411764705882351 1.5000000000000002 13.500000000000002 55.250000000000007 11.500000000000002 0.051956815114709808 0.12931995540691191 26.850000000000005 1.0000000180025095e-35 0.022321428571428555 55.250000000000007 112.60000000000001 12.500000000000002 6.5000000000000009 2.5000000000000004
decision_type=2 2 2 2 2 2 2 2 2 2 2 2 2 2 2 2 2 2 2 2 2 2 2
left_child=1 3 8 15 6 11 9 17 16 13 -11 12 -6 -2 -10 22 -3 -8 -9 -13 -5 -7 -1
right_child=4 2 -4 20 5 21 7 18 14 10 -12 19 -14 -15 -16 -17 -18 -19 -20 -21 -22 -23 -24
leaf_value=0 -0.010370650591225222 0.013415523456730787 0.026956474207243369 -0.035757844559627994 0.0097068851906789537 0.0083312468558830854 -0.0092919968307131756 -0.028442388683510914 -0.012448354090375804 0.019484610534230472 -0.0064404970453694589 0.0015352748964426401 -0.017680560892676719 0.010612466502745097 0.0043525103975453738 0.011686837688084676 -0.010602238183463645 0.0092503538850883023 -0.0010929456379478399 0.027173834573987636 -0.010760599425512976 0.036452267449096291 -0.01460745804333213
leaf_weight=1.8976674759760479 20.781628587283194 18.600557852536443 8.2710198368877155 40.56450992776081 26.609110973775387 10.458914052695038 8.3997274711728114 8.8458255212754029 74.189254126045853 53.560712978243828 13.497276805341242 9.0321880150586384 15.753379277884958 13.254905524663625 15.492532913107423 4.6920592579990625 2.3111523208208373 22.102654380723834 7.2287110164761534 7.4091220758855334 14.554615485481916 19.800644177943468 5.2862676857039332
leaf_count=29 112 173 19 672 132 30 48 51 672 225 41 53 74 72 223 23 75 83 34 22 203 45 85
internal_value=-0.000292411 -0.0115349 -0.00196778 -0.026693 0.0085652 0.0152863 0.00397148 -0.00632673 -0.00559663 0.00890555 0.0140213 0.00520763 -0.00127104 -0.00155853 -0.00934306 -0.00173111 0.00850553 0.00313522 -0.0204523 0.0179616 -0.0311562 0.0302051 -0.0126204
internal_weight=422.594 185.86 118.865 66.9951 236.735 89.0634 147.671 46.5769 110.593 101.095 67.058 58.8038 42.3625 34.0365 89.6818 11.876 20.9117 30.5024 16.0745 16.4413 55.1191 30.2596 7.18394
internal_count=3196 2174 1162 1012 1022 356 666 216 1143 450 266 281 206 184 895 137 248 131 85 75 875 75 114
is_linear=0
shrinkage=0.0435066


Tree=26
num_leaves=16
num_cat=0
split_feature=4 5 6 6 0 4 5 17 6 4 22 2 11 4 2
split_gain=18.0899 19.9039 9.48761 11.2258 9.23852 9.34387 5.88695 5.06574 4.62331 10.6935 3.75323 2.94423 1.23332 0.869982 0.575351
threshold=41.250000000000007 18.550000000000004 122.95000000000002 128.60000000000005 1550.0000000000002 36.650000000000013 206.85000000000002 39.750000000000007 91.15000000000002 36.95000000000001 1.0000000180025095e-35 4.5000000000000009 1.0000000180025095e-35 40.550000000000004 13.500000000000002
decision_type=2 2 2 2 2 2 2 2 2 2 2 2 2 2 2
left_child=1 8 4 10 5 -3 -6 -2 9 12 -4 -5 -1 14 -10
right_child=7 2 3 11 6 -7 -8 -9 13 -11 -12 -13 -14 -15 -16
leaf_value=0 0.00019771676024405319 -0.0022661188291456498 0.038063513538027047 0.010198500108220959 -0.01372652221576017 0.023374931899213285 0.011106588968783252 0.031985445778374789 -0.034864560751158215 0.026829570650339682 0.0032377514201792248 -0.013466071040225102 -0.024980806941367631 -0.0021145897207307226 -0.001675476033415135
leaf_weight=4.038365211337811 13.636350326240061 76.943885143380612 23.965229157358408 10.388894060626628 115.86534026172012 33.591894116252661 15.720214631408451 31.284060567617416 36.411334320437163 6.3603723365813485 9.6789859198033792 17.923089317977428 17.48611107468605 3.3922431003302327 2.3673049239441744
leaf_count=62 41 454 70 53 830 117 57 74 789 27 37 123 396 25 41
internal_value=-0.000417717 -0.00370675 0.00122852 0.0155692 -0.00271248 0.00630771 -0.0103027 0.0237792 -0.0235413 -0.00697324 0.0304465 -0.00420986 -0.0212349 -0.0318901 -0.0335934
internal_weight=419.054 374.133 304.078 61.9562 242.121 110.536 131.586 44.9204 70.0557 27.8848 33.6442 28.312 21.5245 42.1709 38.7786
internal_count=3196 3081 1741 283 1458 571 887 115 1340 485 107 176 458 855 830
is_linear=0
shrinkage=0.0435066


Tree=27
num_leaves=18
num_cat=0
split_feature=5 7 4 21 4 6 4 0 5 5 6 5 4 3 5 10 2
split_gain=17.7161 9.05744 6.77199 7.1702 6.86558 6.20832 8.08768 7.91713 14.2219 4.00006 3.7417 2.75017 2.40435 0.874038 1.50515 0.794816 0.515649
threshold=60.45000000000001 2.5000000000000004 41.050000000000004 1.0000000180025095e-35 36.750000000000007 123.25000000000001 39.550000000000004 1650.0000000000002 202.55000000000004 38.850000000000001 156.85000000000005 168.75000000000003 42.150000000000013 54.500000000000007 119.65000000000002 0.11834733893557421 1.5000000000000002
decision_type=2 2 2 2 2 2 2 2 2 2 2 2 2 2 2 2 2
left_child=1 12 3 4 -3 6 7 11 -9 -5 -7 -2 15 14 -8 -1 -17
right_child=5 2 -4 9 -6 10 13 8 -10 -11 -12 -13 -14 -15 -16 16 -18
leaf_value=-0.00025813574273537092 0.014604394622929695 -0.00659467982914912 0.01688619982511275 -0.022975761303428828 0.01473963334896838 0.03443299448808939 0.019159242515300167 -0.029498404708008484 0.016279119122278397 0.0028304997451975666 0.0030028110688254577 -0.0042805727257837949 0.0019172198519351452 0.032185869280542227 -0.00036194012968960546 -0.0036167065459989886 -0.038773573594682365
leaf_weight=1.9248874457553089 40.381508730351925 108.59456304647028 18.346103645861149 53.341346457600594 31.393398998305202 20.880191365256906 10.110675660893326 29.389330772683024 14.523423779755829 11.573225704953073 12.547602802515028 16.612445544451475 2.6639540418982497 10.163297310471533 11.379371490329502 2.9880945924669531 16.822388901375234
leaf_count=18 153 1106 47 751 191 52 34 188 49 76 50 69 10 26 39 40 297
internal_value=-0.000665096 -0.00798097 -0.00471976 -0.00716278 -0.00129871 0.0100807 0.00516415 -0.00112331 -0.0140113 -0.0183954 0.025302 0.00906685 -0.0302098 0.0222414 0.0107838 -0.0340379 -0.0360612
internal_weight=413.636 247.648 223.249 204.903 139.988 165.988 132.56 100.907 43.9128 64.9146 33.4278 56.994 24.3993 31.6533 21.49 21.7354 19.8105
internal_count=3196 2536 2171 2124 1297 660 558 459 237 827 102 222 365 99 73 355 337
is_linear=0
shrinkage=0.0435066


Tree=28
num_leaves=18
num_cat=0
split_feature=16 4 5 16 4 22 17 5 3 11 27 16 6 24 23 4 4
split_gain=20.0472 16.6391 9.22233 9.08476 10.2481 7.6058 4.61488 5.34759 4.54046 3.38015 2.78946 2.69614 2.567 1.83276 1.13329 0.721864 0.248569
threshold=12.500000000000002 41.250000000000007 60.45000000000001 14.500000000000002 35.150000000000013 1.0000000180025095e-35 38.297916666666673 37.550000000000004 52.500000000000007 0.10172413793103446 2.5000000000000004 11.500000000000002 114.95000000000002 1.0000000180025095e-35 1.0000000180025095e-35 37.750000000000007 42.150000000000013
decision_type=2 2 2 2 2 2 2 2 2 2 2 2 2 2 2 2 2
left_child=2 3 8 6 9 -6 10 -8 11 -5 -2 -1 13 15 -15 -4 -3
right_child=1 16 12 4 5 -7 7 -9 -10 -11 -12 -13 -14 14 -16 -17 -18
leaf_value=-0.018041875044995298 -0.0061881187796742751 0.013753078281867136 -0.021894089923127465 -0.024062227143228671 0.028151308034775464 -0.0018123586605721281 -0.015263345818823965 0.00034488501861856965 -0.033738047570631764 0.0070234959053714066 0.014518440766873636 0.011611152932116167 0.013687013719854096 -0.0060976991949561032 0.011076854116865134 0 0.037028045479363003
leaf_weight=3.5914965434931201 13.725937642622737 15.17490044981241 7.2093549594283104 11.306925194337966 47.318920155521482 20.89813373144716 78.968943743500859 77.900731649249792 44.085468086414039 6.1303364373743525 28.057127747684717 7.028280021622777 9.6630919277667982 8.9930659439414722 7.0027983263134965 3.9828378148376942 18.484666779637337
leaf_count=54 142 41 49 98 248 129 891 362 708 64 175 63 38 46 30 22 36
internal_value=-0.000693404 0.00450247 -0.017941 0.000745288 0.0121051 0.0194796 -0.0043326 -0.00774612 -0.0282957 -0.0137755 0.00759055 -0.000876863 -0.000395193 -0.00737774 0.00200367 -0.0171577 0.0307185
internal_weight=409.523 317.967 91.5564 284.307 85.6543 68.2171 198.653 156.87 54.7052 17.4373 41.7831 10.6198 36.8511 27.1881 15.9959 11.1922 33.6596
internal_count=3196 2186 1010 2109 539 377 1570 1253 825 162 317 117 185 147 76 71 77
is_linear=0
shrinkage=0.0435066


Tree=29
num_leaves=15
num_cat=0
split_feature=4 5 16 4 22 16 21 16 10 11 17 16 17 5
split_gain=16.5192 16.697 11.971 5.7283 6.24237 4.83372 5.7992 4.24431 3.00737 2.35874 2.13587 1.3155 1.1483 0.967051
threshold=40.45000000000001 18.550000000000004 14.500000000000002 35.150000000000013 1.0000000180025095e-35 9.5000000000000018 1.0000000180025095e-35 12.500000000000002 1.0000000180025095e-35 0.084219858156028365 97.553571428571431 15.500000000000002 39.750000000000007 61.850000000000001
decision_type=2 2 2 2 2 2 2 2 2 2 2 2 2 2
left_child=1 8 5 9 -5 -3 -7 13 -1 -4 11 -10 -9 -2
right_child=7 2 3 4 -6 6 -8 12 10 -11 -12 -13 -14 -15
leaf_value=0.0080223967108633745 -0.010097891645749164 -0.027819891028538497 -0.018202664629991362 0.028506754972260625 -0.0010676333179588196 0.0024230963887489285 -0.012609970067203378 0.0058503340425357922 -0.029423456848177709 0.0085326450973687313 0.0039321601299392968 -0.0052153831577989853 0.029012291108415435 0.0070779020310692241
leaf_weight=2.1788894534111014 6.3134061172604543 9.691872049123047 7.8196386126801354 41.639770844951272 17.247745826840401 133.47870924323797 67.806469884701073 10.108269161544738 50.180029299110174 5.3034618049860001 2.3474671375006428 9.1965727531351131 34.535327177494764 5.313256561756134
leaf_count=18 42 108 50 158 79 751 517 31 1104 25 26 165 100 22
internal_value=-0.000596952 -0.00426464 0.000408465 0.0149915 0.0204473 -0.00482274 -0.00282923 0.0199488 -0.0232247 -0.00763909 -0.0251361 -0.0267135 0.025378 -0.00197061
internal_weight=403.161 346.891 282.988 72.0106 58.8875 210.977 201.285 56.2703 63.903 13.1231 61.7241 59.3766 44.6436 11.6267
internal_count=3196 3001 1688 312 237 1376 1268 195 1313 75 1295 1269 131 64
is_linear=0
shrinkage=0.0435066


Tree=30
num_leaves=17
num_cat=0
split_feature=13 16 5 27 6 22 17 6 18 10 7 27 1 5 17 17
split_gain=15.7587 11.3536 7.53853 5.31668 8.52658 4.62682 4.55681 3.41105 2.99167 1.90955 1.85742 1.34888 1.64782 0.426634 0.139609 0.694509
threshold=1.0000000180025095e-35 10.500000000000002 60.45000000000001 1.5000000000000002 109.25000000000001 1.0000000180025095e-35 65.143750000000011 90.750000000000014 13.500000000000002 0.13809523809523808 5.5000000000000009 1.0000000180025095e-35 6.5000000000000009 23.150000000000002 26.106250000000006 23.988888888888891
decision_type=2 2 2 2 2 2 2 2 2 2 2 2 2 2 2 2
left_child=1 10 5 4 -4 6 -3 -7 11 -5 14 -2 -13 -14 15 -1
right_child=8 2 3 9 -6 7 -8 -9 -10 -11 -12 12 13 -15 -16 -17
leaf_value=-0.013869841855546326 0.0014441530210674079 0.0047496147339263261 -0.015077602463097315 0.026041441685211178 0.01676168902170428 0.00090755283391319712 -0.015354014809850125 -0.025837661691569477 0.0068753950496199092 0.011052600565815994 0.0025535284883892737 -0.033607469038262741 -0.007289529104839613 0.006854358700203329 -0.033174743028550467 0.0034138374390311481
leaf_weight=3.2714031655341449 1.3988177245482827 161.57860685419291 26.214555487036705 34.622261211276054 24.458410937339067 13.637254968285562 17.886915912851691 14.943645613268016 1.9896107465028752 64.780381340533495 2.3798926696181288 26.653644539881501 1.4204976595938199 1.6942840833216903 10.853966710157691 2.9993185419589281
leaf_count=50 25 1156 141 96 87 103 180 127 8 225 17 778 47 14 141 19
internal_value=0.000214242 0.00293059 0.00488866 0.0121021 0.000273025 -0.000477397 0.00222398 -0.0149903 -0.0258683 0.0176494 -0.0248548 -0.0290534 -0.030766 0 -0.0287438 -0.00728852
internal_weight=410.783 377.627 358.122 150.076 50.673 208.046 179.466 28.5809 33.1569 99.4026 19.5046 31.1672 29.7684 3.11478 17.1247 6.27072
internal_count=3214 2342 2115 549 228 1566 1336 230 872 321 227 864 839 61 210 69
is_linear=0
shrinkage=0.0435066


Tree=31
num_leaves=16
num_cat=0
split_feature=4 18 21 4 7 23 16 0 6 3 4 10 4 4 6
split_gain=15.3909 20.7611 8.30858 10.3489 7.54913 7.36812 3.5801 2.7685 3.69734 3.62575 2.01021 2.54619 1.94638 0.241681 0.0532105
threshold=41.250000000000007 6.5000000000000009 1.0000000180025095e-35 36.750000000000007 2.5000000000000004 1.5000000000000002 15.500000000000002 1550.0000000000002 60.550000000000004 54.500000000000007 40.45000000000001 0.044642857142857109 35.650000000000013 42.150000000000013 120.65000000000002
decision_type=2 2 2 2 2 2 2 2 2 2 2 2 2 2 2
left_child=1 6 3 4 -3 -5 10 8 -4 -9 11 -1 -8 -2 -14
right_child=13 2 7 5 -6 -7 12 9 -10 -11 -12 -13 14 -15 -16
leaf_value=0.0046593454430967985 0.01103070016402085 -0.027233500072105912 -0.013491941422241995 0.025972610613847778 0.0035805775482740617 -0.011257163333795983 -0.013442531555735913 -0.024829631362717788 0.01435865550590951 -0.0034407812680077687 0 -0.031729280511312831 0.014632400323554937 0.029200044947461014 0.00091085241858469476
leaf_weight=1.7387628275901068 16.801801566034555 10.19462778046727 8.9672159682959336 56.111185517162085 143.90086886379868 7.7605311907827845 3.9053405104204995 23.013474367558956 15.070922885090111 38.320667347870767 4.4055951368063679 48.237403614446521 2.3261338053271174 22.190753187984228 3.4026926858350635
leaf_count=14 53 74 78 210 828 34 95 207 65 261 32 1139 22 56 46
internal_value=0.000389095 -0.00250043 0.00236466 0.00685701 0.000456993 0.0206826 -0.0237849 -0.0086682 0.00297788 -0.0132286 -0.0276856 -0.0298935 0 0.0242929 0.0121269
internal_weight=406.348 367.355 303.339 217.967 154.095 63.8717 64.0159 85.3723 24.0381 61.3341 54.3818 49.9762 9.63417 38.9926 5.72883
internal_count=3214 3105 1757 1146 902 244 1348 611 143 468 1185 1153 163 109 68
is_linear=0
shrinkage=0.0435066


Tree=32
num_leaves=15
num_cat=0
split_feature=4 18 21 4 23 16 2 11 16 8 4 10 4 4
split_gain=14.6874 18.7265 7.80117 7.81585 5.37805 4.92818 4.1357 3.28434 3.22231 2.37319 1.79541 1.44371 2.0504 0.0801258
threshold=41.250000000000007 6.5000000000000009 1.0000000180025095e-35 36.550000000000004 1.5000000000000002 13.500000000000002 9.5000000000000018 0.072478991596638606 15.500000000000002 2021.5000000000002 35.650000000000013 0.044642857142857109 40.45000000000001 36.850000000000001
decision_type=2 2 2 2 2 2 2 2 2 2 2 2 2 2
left_child=1 8 3 5 -5 -3 7 -4 11 -8 -10 -1 -13 -12
right_child=-2 2 6 4 -6 -7 9 -9 10 -11 13 12 -14 -15
leaf_value=0.0013339706277651707 0.023643845027164493 -0.015797196861582083 0.0040407589330240168 0.021283226422449539 -0.010303154657107513 0.0039615415424926487 -0.029826819524527592 -0.015648539542041932 -0.013214682195075895 -0.00053874191591582184 2.0304285233723668e-05 -0.030571923128481386 0 0.013481614827311902
leaf_weight=2.0093596000224343 38.423179283738136 22.910245275124907 46.072170814499259 64.915934549644589 7.4585213437676421 120.25793158169836 14.91294661536813 16.47757934872061 3.8412777883931977 8.1982584698125702 2.6472657453268766 46.660348610021174 4.0924689806997767 3.0633773151785135
leaf_count=15 109 190 294 247 35 674 116 135 95 66 45 1139 31 23
internal_value=0.000136249 -0.00269388 0.00191418 0.0063209 0.0173182 0.00018229 -0.00872782 -0.00198731 -0.0231863 -0.0221811 0 -0.0269652 -0.0282858 0.0114018
internal_weight=401.941 363.518 301.204 215.543 72.3745 143.168 85.661 62.5498 62.3141 23.1112 9.55192 52.7622 50.7528 5.71064
internal_count=3214 3105 1757 1146 282 864 611 429 1348 182 163 1185 1170 68
is_linear=0
shrinkage=0.0435066


Tree=33
num_leaves=10
num_cat=0
split_feature=16 13 4 21 4 2 4 7 1
split_gain=15.0215 12.6513 8.90692 11.1512 10.9523 3.23789 2.09055 2.4682 0.0836544
threshold=10.500000000000002 0.70833333333333337 41.250000000000007 1.0000000180025095e-35 36.550000000000004 9.5000000000000018 41.750000000000007 5.5000000000000009 2.5000000000000004
decision_type=2 2 2 2 2 2 2 2 2
left_child=6 2 3 4 -2 -5 7 -1 -4
right_child=1 -3 8 5 -6 -7 -8 -9 -10
leaf_value=-0.037622892230926241 -1.7188226240901727e-05 -0.033997691491729827 0.0099091087413793553 -0.0043603063259156135 0.019520994929915547 -0.021689495187013734 0.0027452899493628914 0.0010776071408033492 0.026990825451543809
leaf_weight=17.958650444168605 150.51564342807978 10.679663144052027 14.6219135671854 72.854915709234774 77.536558417603374 26.109033145476133 1.8083691373467434 2.596340254880487 21.550515994429588
leaf_count=332 1104 416 39 608 345 278 8 24 60
internal_value=0.000170166 0.0024886 0.0041691 0.0016615 0.00694053 -0.0100852 -0.0300558 -0.0332798 0.0228886
internal_weight=396.232 373.868 363.189 327.016 228.052 98.9639 22.3634 20.555 36.1724
internal_count=3214 2850 2434 2335 1449 886 364 356 99
is_linear=0
shrinkage=0.0435066


Tree=34
num_leaves=16
num_cat=0
split_feature=16 4 21 4 23 16 6 0 6 3 4 4 10 10 6
split_gain=14.0167 9.42078 11.1316 8.72195 6.7581 6.35766 5.5453 4.05774 6.09181 5.27174 2.53219 1.73477 1.02887 1.8936 1.00426
threshold=10.500000000000002 39.850000000000001 1.0000000180025095e-35 36.550000000000004 1.5000000000000002 12.500000000000002 71.15000000000002 1550.0000000000002 60.550000000000004 57.500000000000007 41.750000000000007 41.750000000000007 0.19345238095238093 0.28708791208791212 161.05000000000004
decision_type=2 2 2 2 2 2 2 2 2 2 2 2 2 2 2
left_child=11 2 3 6 -5 10 -2 8 -4 -9 -3 14 -7 -14 -1
right_child=1 5 7 4 -6 12 -8 9 -10 -11 -12 -13 13 -15 -16
leaf_value=-0.034568689698673008 0.0073839284410691852 -0.020614574715901727 -0.018764264265752634 0.020587956656367899 -0.01483693928896742 0.027978073069367608 -0.0085545885541597165 -0.024105607066868821 0.014741510100132823 0.013149842515102136 0.0074584345510860118 0.0017638273185780309 -0.0034900760090218405 0.018704258768071642 0
leaf_weight=18.314481145236648 65.887687710113823 5.7006084527820331 12.080675840377809 63.855647782795131 6.7936604898422948 32.418505605310202 89.389652506448328 50.769936049822718 16.411551570519805 3.6945434007793656 6.4809043481945992 1.8118193373084057 9.4138300418853778 8.8346107136458141 1.6526688179001201
leaf_count=340 461 55 188 295 53 107 848 631 80 26 21 8 44 41 16
internal_value=7.7312e-05 0.00231029 -0.000894177 0.00411049 0.0160856 0.016809 -0.00170425 -0.0139432 -2.56279e-05 -0.0202781 -0.00774626 -0.0294342 0.0230987 0.00894259 -0.0323828
internal_weight=393.511 371.732 308.883 225.927 70.6493 62.8485 155.277 82.9567 28.4922 54.4645 12.1815 21.779 50.6669 18.2484 19.9671
internal_count=3214 2850 2582 1657 348 268 1309 925 268 657 76 364 192 85 356
is_linear=0
shrinkage=0.0435066


Tree=35
num_leaves=23
num_cat=0
split_feature=4 5 6 16 6 6 5 7 4 4 11 5 10 1 6 6 7 4 16 10 5 4
split_gain=15.0008 8.33989 7.44223 7.32297 5.81628 11.2017 10.822 3.86957 3.75641 3.52285 2.82824 3.37873 2.78328 5.01732 2.55879 2.00754 1.58094 1.3217 1.15226 0.82032 0.755828 0.590357
threshold=36.250000000000007 34.650000000000013 71.15000000000002 10.500000000000002 92.950000000000017 107.35000000000001 65.700000000000003 4.5000000000000009 36.550000000000004 36.95000000000001 0.025978407557354904 37.550000000000004 0.15504807692307693 1.0000000180025095e-35 145.75000000000003 121.55000000000001 3.5000000000000004 35.850000000000001 14.500000000000002 0.23030303030303029 174.75000000000003 34.350000000000001
decision_type=2 2 2 2 2 2 2 2 2 2 2 2 2 2 2 2 2 2 2 2 2 2
left_child=1 7 10 15 8 9 -7 14 19 -6 -3 -12 16 -14 18 -2 -4 21 -1 -5 -10 -9
right_child=3 2 12 4 5 6 -8 17 20 -11 11 -13 13 -15 -16 -17 -18 -19 -20 -21 -22 -23
leaf_value=-0.035781751547274733 -0.022848175874127626 -0.010481205470090679 -0.0089769087037775818 -0.010518663684523833 0.0096054298046074089 -0.00097531381261955488 0.02206063415928624 0.0033911605092387105 0.031859582192155747 -0.023532694671207693 -0.00026589608516169232 0.019209219177034869 4.4682302896355028e-05 -0.030805456485243656 0.0049209798767650441 0.0059408756760959101 0.012036021903046961 0.013191210072947291 -0.0090785558956796384 0.0072517227252481128 0.0051025651602382852 -0.012539949142747182
leaf_weight=25.932270061224699 11.717558822594581 8.9651216641068441 7.0097675342112762 4.0863794684410086 3.4008057853207019 72.932536969427019 72.437607403844595 2.150643225759266 28.332403593696654 21.666685610078275 28.858088813722134 30.42681922391057 14.728255099616943 20.619273692369461 1.8574284389615048 2.4466475443914524 6.9249739106744528 2.7954786978662014 10.817428285256026 2.5470149470493197 6.1095152832567683 5.5602637529373169
leaf_count=597 167 46 41 51 32 626 271 24 119 285 177 107 77 158 23 21 28 25 194 30 19 107
internal_value=0.000824273 -0.00885357 -0.00206893 0.00806193 0.0102523 0.00613861 0.0108912 -0.0227643 0.0239321 -0.0176638 0.00692604 0.0104888 -0.0140604 -0.0197046 -0.0283053 -0.0170833 0.00148089 4.62441e-05 -0.0307057 -0.00271713 0.0289262 -0.00787062
internal_weight=392.323 166.646 117.532 225.677 211.513 170.438 145.37 49.1135 41.0753 25.0675 68.25 59.2849 49.2823 35.3475 38.6071 14.1642 13.9347 10.5064 36.7497 6.63339 34.4419 7.71091
internal_count=3225 1604 634 1621 1433 1214 897 970 219 317 330 284 304 235 814 188 69 156 791 81 138 131
is_linear=0
shrinkage=0.0435066


Tree=36
num_leaves=15
num_cat=0
split_feature=13 16 5 10 9 25 6 3 10 18 5 5 6 9
split_gain=18.2868 6.48629 4.98137 3.45212 3.55843 3.39703 4.82391 2.68916 1.98742 1.07732 0.703767 1.04298 0.437096 0.406145
threshold=1.0000000180025095e-35 11.500000000000002 67.000000000000014 0.15504807692307693 0.033520599250936305 2.5000000000000004 69.050000000000011 57.500000000000007 0.094588550983899775 13.500000000000002 69.15000000000002 119.65000000000002 70.850000000000009 1.0000000180025095e-35
decision_type=2 2 2 2 2 2 2 2 2 2 2 2 2 2
left_child=1 10 5 8 -5 7 -7 -3 -4 13 12 -12 -1 -2
right_child=9 2 3 4 -6 6 -8 -9 -10 -11 11 -13 -14 -15
leaf_value=-0.00057513174128309523 -0.00027620598336791592 -0.0032339083813933125 0.00021730714636450686 -0.012386522140316233 0.0093227713415495617 -0.0053404270237891339 0.022844578735728139 0.015901900620891203 0.02249252566440155 0 0.0054475036004184149 -0.012185086168229199 -0.020406219765015745 -0.032385263792206853
leaf_weight=3.9468843135982814 1.5319820162840248 157.37164731323719 9.9931802079081518 12.413388166576622 52.878099059686065 15.115003494545816 21.738991232588887 8.6213942188769561 49.018324786797166 1.6263511292636383 7.8944606930017454 4.7229216657578945 15.025216564536093 24.933421162888408
leaf_count=47 38 1202 44 64 219 140 141 46 166 10 47 34 214 813
internal_value=0.000677475 0.00355509 0.00546271 0.0120932 0.00430554 0.00110154 0.0119872 -0.00161847 0.0192708 -0.0295292 -0.0134921 -0.00252843 -0.0178776 -0.0312538
internal_weight=386.831 358.74 327.15 124.303 65.2915 202.847 36.854 165.993 59.0115 28.0918 31.5895 12.6174 18.9721 26.4654
internal_count=3225 2364 2022 493 283 1529 281 1248 210 861 342 81 261 851
is_linear=0
shrinkage=0.0435066


Tree=37
num_leaves=18
num_cat=0
split_feature=13 16 5 11 6 6 6 11 10 14 7 1 11 9 9 18 18
split_gain=16.1139 6.11448 3.98222 4.41318 3.40023 3.34381 3.57498 2.63999 1.14986 1.06078 0.884784 0.626958 0.784051 1.76788 0.59996 0.237666 0.100624
threshold=1.0000000180025095e-35 11.500000000000002 67.000000000000014 0.13873626373626372 91.15000000000002 109.25000000000001 98.350000000000009 0.17914438502673799 0.18734335839598995 2.5000000000000004 4.5000000000000009 5.5000000000000009 0.11173533083645441 0.12625838926174496 1.0000000180025095e-35 9.5000000000000018 10.500000000000002
decision_type=2 2 2 2 2 2 2 2 2 2 2 2 2 2 2 2 2
left_child=1 11 3 4 -3 6 -4 -5 -7 14 15 12 16 -14 -2 -11 -1
right_child=9 2 5 7 -6 8 -8 -9 -10 10 -12 -13 13 -15 -16 -17 -18
leaf_value=-0.019373267850251338 0 0.0047423442604200483 0.0096254429275035146 0.024890564332073529 -0.0067863185581817616 0.021240861771803541 -0.010526530130010772 -0.0032088812550838106 0.0049145227400914848 -0.015410963167848433 0.0049468273467866775 0.00058349682736317371 0.013643176692739289 -0.01338345838015273 -0.035207778586747271 0 -0.0017394057426237889
leaf_weight=19.199544501490902 1.395673272665596 85.858262270223349 43.817377667874098 14.731700252741577 94.7580167776905 44.343654753640294 18.38425968401134 6.2616463061422101 17.568048987537622 4.2316072448156756 3.1913882922381163 3.5476173106580964 2.5861718021333209 2.70561942178756 17.221293119713664 1.1931798681616781 3.3775106817483893
leaf_count=232 35 595 169 85 776 146 104 73 74 111 29 35 16 43 677 9 16
internal_value=0.000478919 0.00316493 0.00502589 0.00109838 -0.0012779 0.0109555 0.00308934 0.0173685 0.0176645 -0.0282569 -0.00663248 -0.0134126 -0.01526 0 -0.0335495 -0.0132701 -0.018062
internal_weight=384.373 357.139 325.723 201.61 180.616 124.113 62.2016 20.9933 61.9117 27.2331 8.61618 31.4165 27.8688 5.29179 18.617 5.42479 22.5771
internal_count=3225 2364 2022 1529 1371 493 273 158 220 861 149 342 307 59 712 120 248
is_linear=0
shrinkage=0.0435066


Tree=38
num_leaves=18
num_cat=0
split_feature=13 16 5 3 0 3 6 17 10 18 5 10 11 6 1 16 6
split_gain=15.3997 5.15089 3.83709 3.49315 4.38609 2.63506 3.12089 2.52559 1.43977 1.12589 0.796988 1.27127 0.308462 0.379236 0.287124 0.220333 0.151442
threshold=1.0000000180025095e-35 11.500000000000002 81.200000000000003 53.500000000000007 1750.0000000000002 53.500000000000007 108.55000000000001 77.610714285714309 0.11834733893557421 13.500000000000002 57.000000000000007 0.13263888888888889 0.11173533083645441 70.850000000000009 6.5000000000000009 10.500000000000002 92.950000000000017
decision_type=2 2 2 2 2 2 2 2 2 2 2 2 2 2 2 2 2
left_child=1 10 3 4 -3 8 -7 -5 -4 14 12 -12 13 -1 -2 -13 -14
right_child=9 2 5 7 -6 6 -8 -9 -10 -11 11 15 16 -15 -16 -17 -18
leaf_value=-0.00037600140651486186 -0.031563807554420079 0.017975051863075495 -0.0098135543301603144 0 -0.01222979024272596 0.0037205671191263678 0.022476812112615534 -0.019914257564649856 0.0062293720203465278 0.00068843959777921838 -0.012855738090090286 -5.9814005513121406e-05 0.0025903701658959509 -0.02283661269145177 -0.0024952252038506774 0.0092513506474664279 -0.0053534744157967447
leaf_weight=2.8319676350802245 21.975661456584938 33.690665651112795 9.5777189657092077 169.49578892905265 6.3665898609906426 32.314735930413008 42.731689613312483 6.459161775186657 24.099122293293476 1.4551364295184601 5.4196609910577527 4.6969922464340907 2.0675764810293904 9.3164655575528723 2.6614050935022524 4.7697508223354816 2.0983847277238965
leaf_count=37 779 222 43 1234 72 138 135 78 100 10 36 43 23 147 72 22 34
internal_value=0.000502904 0.00309617 0.00480335 0.00128872 0.0119186 0.0112311 0.0154665 -0.00141528 0.000564795 -0.0281132 -0.0121649 -0.00232241 -0.0174783 -0.0200997 -0.0299258 0.00586058 -0.00129294
internal_weight=382.028 355.936 324.735 216.012 40.0573 108.723 75.0464 175.955 33.6768 26.0922 31.2008 14.8864 16.3144 12.1484 24.6371 9.46674 4.16596
internal_count=3225 2364 2022 1606 294 416 273 1312 143 861 342 101 241 184 851 65 57
is_linear=0
shrinkage=0.0435066


Tree=39
num_leaves=23
num_cat=0
split_feature=4 13 6 27 4 5 6 7 6 0 6 4 0 5 3 10 9 5 4 5 9 4
split_gain=13.9951 7.05536 7.03737 4.99747 5.78177 4.04178 4.00227 3.93679 4.5546 4.07081 10.6517 3.86036 3.60186 2.91504 4.50829 2.48674 2.19438 1.75719 0.975408 0.966637 0.290904 0.0711086
threshold=36.250000000000007 1.0000000180025095e-35 71.350000000000009 3.5000000000000004 35.150000000000013 36.850000000000001 145.75000000000003 2.5000000000000004 114.95000000000002 1650.0000000000002 107.75000000000001 36.650000000000013 2500.0000000000005 72.050000000000011 57.500000000000007 0.14511278195488717 0.085626463700234121 174.75000000000003 40.45000000000001 86.65000000000002 0.038967611336032361 35.050000000000004
decision_type=2 2 2 2 2 2 2 2 2 2 2 2 2 2 2 2 2 2 2 2 2 2
left_child=2 7 3 17 5 -5 13 8 16 11 -11 -9 -8 14 -4 -15 -2 21 19 -3 -6 -1
right_child=1 18 6 4 20 -7 12 9 -10 10 -12 -13 -14 15 -16 -17 -18 -19 -20 -21 -22 -23
leaf_value=-0.00083033857548243397 -0.021921642825876924 -0.025335401574232308 -0.0330668631233757 -0.011312244266236266 0.0027532289310907869 0.0089227602446640148 0.01806590799946052 -0.0012130669524495893 0.01514914578336472 -0.018197129937885061 0.012881235745585973 0.029617606436135591 -0.016027427519993823 0.0077745934658505992 0.0046140029617894127 -0.016197387771739263 0.0025834369991744391 0.0050947355494788014 0.0027264370775187383 0.0019359248725698121 0.027343227742921809 -0.02551107831019411
leaf_weight=1.5565652158111323 13.380964180454617 9.0313540371134859 36.260611934121698 33.785673965699971 3.6740297013893715 28.193810675293207 6.7949786707758886 8.2270530285313708 9.3505848105996829 18.944418659433722 117.17080285772681 31.728723216801882 3.9805373810231686 9.2381501439958829 4.755469824653118 11.118461424484847 7.6669270116835824 1.7201037853956211 1.2154399910941709 1.1073212474584568 10.439080216921864 10.669020760804413
leaf_count=25 116 344 641 334 24 101 19 77 32 192 659 113 57 35 39 76 66 8 11 11 60 185
internal_value=0.000612073 0.0077454 -0.00883771 -0.000388728 0.00430413 -0.00198733 -0.018348 0.00979224 -0.00376611 0.0122391 0.00785136 0.0237728 0.00359534 -0.0223244 -0.0284526 -0.00569651 -0.0141296 -0.0197028 -0.0189097 -0.0221601 0.0243219 -0.0242875
internal_weight=380.01 217.824 162.186 90.0383 76.0926 61.9795 72.1482 206.469 30.3985 176.071 136.115 39.9558 10.7755 61.3727 41.0161 20.3566 21.0479 13.9457 11.3541 10.1387 14.1131 12.2256
internal_count=3225 1621 1604 737 519 435 867 1255 214 1041 851 190 76 791 680 111 182 218 366 355 84 210
is_linear=0
shrinkage=0.0435066


Tree=40
num_leaves=21
num_cat=0
split_feature=5 16 5 6 0 6 17 11 3 14 16 11 5 11 18 13 3 6 9 17
split_gain=15.0254 4.25134 3.20405 3.59704 2.79823 3.93934 2.69159 4.41253 4.07154 2.00112 1.9239 1.87919 1.84804 1.71208 1.67278 1.55301 1.29879 0.843735 0.447824 0.292172
threshold=17.250000000000004 12.500000000000002 192.80000000000004 109.25000000000001 1350.0000000000002 69.550000000000011 35.361888111888113 0.040833333333333312 52.500000000000007 1.5000000000000002 12.500000000000002 0.12220381110190555 28.550000000000004 0.026671408250355601 11.500000000000002 0.63333333333333341 53.500000000000007 119.65000000000002 0.012896825396825353 29.511111111111116
decision_type=2 2 2 2 2 2 2 2 2 2 2 2 2 2 2 2 2 2 2 2
left_child=10 6 4 16 5 -3 7 19 -8 -9 -1 13 -6 18 -10 17 -4 -13 -12 -2
right_child=1 2 3 -5 12 -7 8 9 14 -11 11 15 -14 -15 -16 -17 -18 -19 -20 -21
leaf_value=-0.026716100103140177 -0.001600953790903517 -0.006302039888377766 -0.0092847181297383043 0.029439935839035387 0.011662798884603821 0.019652596879354823 0.010047605061484499 0.01976717055171202 -0.02549180869797444 -0.0058276908548410529 -0.0067469354752254882 0.012811698298789994 0.00018584054761547396 -0.021421425036978383 0 -0.013263889709522733 0.0096984411951089883 -0.0044370593954255822 0.0056446630542689507 -0.018225202596488882
leaf_weight=21.493887351360172 5.9132626820355672 10.443341481499372 5.9283235482871524 18.569210760295391 26.836345892399549 39.227115388959646 6.3947528190910843 16.730387443676594 17.398059474769983 3.6979784220457068 3.2143071759492177 11.008351593744012 140.88080137688667 16.398537451401353 5.2109306454658499 2.3709567198529831 8.3981999754905683 2.8688781801611176 6.1840966623276472 4.8399963919073343
leaf_count=534 43 56 34 55 220 189 40 107 187 43 53 137 828 365 21 118 33 45 81 46
internal_value=0.00126202 0.0052956 0.00777362 0.0194769 0.00544232 0.0139183 -0.004611 0.00379076 -0.0129655 0.0144713 -0.0169626 -0.008853 0.00244761 -0.0150042 -0.0206121 0.00197018 0.000913026 0.00847355 0 -0.0137204
internal_weight=374.008 310.469 250.283 32.8957 217.388 49.6705 60.1854 31.1816 29.0037 20.4284 63.539 42.0451 167.717 25.7969 22.609 16.2482 14.3265 13.8772 9.3984 10.7533
internal_count=3235 1902 1415 122 1293 245 487 239 248 150 1333 799 1048 499 208 300 67 182 134 89
is_linear=0
shrinkage=0.0435066


Tree=41
num_leaves=16
num_cat=0
split_feature=4 18 16 16 10 5 4 10 4 22 5 17 4 3 5
split_gain=16.2465 14.4469 5.42452 4.75644 8.14166 5.37979 4.33771 4.23814 3.42734 3.11188 2.84235 1.05601 0.826794 0.368886 0.148859
threshold=39.850000000000001 6.5000000000000009 12.500000000000002 14.500000000000002 0.21825396825396823 36.650000000000013 35.150000000000013 0.11437908496732026 41.750000000000007 1.0000000180025095e-35 75.350000000000009 95.967857142857156 39.250000000000007 57.500000000000007 16.750000000000004
decision_type=2 2 2 2 2 2 2 2 2 2 2 2 2 2 2
left_child=1 11 8 4 7 -6 10 -3 -2 -8 -5 12 13 -1 -4
right_child=2 3 14 6 5 -7 9 -9 -10 -11 -12 -13 -14 -15 -16
leaf_value=-0.026628275066564414 -0.017785172627213616 0.0042180143446418281 0.0076673846230225435 0.0062895811968336976 -0.003852727343653716 0.014372055639994793 0.022390859396004249 -0.017172547902524211 0.012920504364821601 0 -0.023297935976498249 0.00039308714636321725 0 0 0.028093805475451261
leaf_weight=41.704220490064472 6.8941725147888047 19.525477640330791 8.3645406533032638 8.2038081930950266 56.004091388080269 54.502665171399713 35.750422205775976 63.35958069935441 7.5543374866247177 15.322055103257297 4.7247898690402499 2.3679103194735935 3.0855999337509266 1.7629096135497082 41.477795075625181
leaf_count=1136 75 109 52 64 479 255 158 498 32 81 23 33 50 44 146
internal_value=0.00117478 -0.00307741 0.0199952 0.00119497 -0.0022207 0.00534958 0.0109103 -0.0120807 -0.00222453 0.0162998 -0.00818946 -0.0232359 -0.0245283 -0.025886 0.0261275
internal_weight=370.604 306.314 64.2908 257.393 193.392 110.507 64.0011 82.8851 14.4485 51.0725 12.9286 48.9206 46.5527 43.4671 49.8423
internal_count=3235 2930 305 1667 1341 734 326 607 107 239 87 1263 1230 1180 198
is_linear=0
shrinkage=0.0435066


Tree=42
num_leaves=13
num_cat=0
split_feature=4 18 16 4 4 10 16 4 1 5 17 16
split_gain=14.9631 14.8723 4.49648 4.09655 3.19887 8.00906 3.21385 1.54862 1.44137 1.1365 0.916578 0.507162
threshold=42.150000000000013 6.5000000000000009 15.500000000000002 35.150000000000013 39.750000000000007 0.21825396825396823 12.500000000000002 41.550000000000004 4.5000000000000009 69.15000000000002 97.553571428571431 15.500000000000002
decision_type=2 2 2 2 2 2 2 2 2 2 2 2
left_child=1 7 4 9 5 -3 -6 10 -5 -4 11 -1
right_child=-2 2 3 8 6 -7 -8 -9 -10 -11 -12 -13
leaf_value=-0.02480066905607034 0.032339728621077556 -0.011625708162096378 0.0039927923426109945 0.025985783942117754 -0.0096125062265161789 0.0052427461644919812 0.016777711110972596 0.0053012289588018659 0.0058616486991993491 -0.015329277404568789 0.00034216005314944404 -0.0045337989341761717
leaf_weight=44.631587367039174 20.537636436522007 86.712042759172618 6.3641970297321659 22.842143846675754 6.3154215794056645 117.53573335055262 29.388271361589432 1.2093349397182453 16.952011434361339 4.7468442879617214 2.2852445752359918 7.2807312253862611
leaf_count=1153 62 639 53 93 55 768 122 4 84 23 31 148
internal_value=0.00115935 -0.00122471 0.00280758 0.013746 0.000144065 -0.00200889 0.0111079 -0.0206226 0.0196617 -0.00630594 -0.0218739 -0.0229533
internal_weight=366.801 346.264 290.857 50.9052 239.951 204.248 35.7037 55.4069 39.7942 11.111 54.1976 51.9123
internal_count=3235 3173 1837 253 1584 1407 177 1336 177 76 1332 1301
is_linear=0
shrinkage=0.0435066


Tree=43
num_leaves=16
num_cat=0
split_feature=4 18 16 16 10 5 5 4 4 22 5 17 16 4 3
split_gain=12.5862 12.7637 5.47756 4.63748 6.47807 4.39194 3.8575 3.03023 2.55505 1.59902 1.45759 0.89656 0.74778 1.38739 0.55125
threshold=39.850000000000001 6.5000000000000009 12.500000000000002 15.500000000000002 0.21825396825396823 37.550000000000004 83.15000000000002 35.150000000000013 41.750000000000007 1.0000000180025095e-35 69.15000000000002 95.967857142857156 15.500000000000002 36.850000000000001 57.500000000000007
decision_type=2 2 2 2 2 2 2 2 2 2 2 2 2 2 2
left_child=1 11 8 4 6 -6 -3 10 -2 -9 -5 12 14 -14 -1
right_child=2 3 -4 7 5 -7 -8 9 -10 -11 -12 -13 13 -15 -16
leaf_value=-0.026330373059528709 -0.017005332526605025 -0.018650714363847826 0.024466296336470895 0.0060951282927269789 -0.0022890569109435539 0.013775628518586758 -0.00058879762394253128 0.022850369411911712 0.0098634815593394674 0.0020605581023037745 -0.015619812135624914 0.00019913286346544918 -0.013374129881555796 0.0094956886122498536 0
leaf_weight=35.803784212796018 6.7429889850318414 41.651738163083792 48.003270888701081 6.279046365991233 66.053966328967363 52.178787030279636 44.863217582926154 26.530484953895211 7.1005198732018471 12.080515617504714 4.5331965982913971 2.3374214190989724 4.6922756116837254 2.6257155034691095 1.7070684283971775
leaf_count=1041 75 404 198 53 534 234 243 113 32 63 23 33 124 24 41
internal_value=0.00129266 -0.00245169 0.0181783 0.00154439 -0.00140228 0.00506918 -0.0100901 0.012673 -0.00398327 0.0178058 -0.00487819 -0.0217469 -0.0229673 -0.00383272 -0.0253517
internal_weight=363.184 301.337 61.8468 254.171 204.748 118.233 86.515 49.4232 13.8435 38.611 10.8122 47.1663 44.8288 7.31799 37.5109
internal_count=3235 2930 305 1667 1415 768 647 252 107 176 76 1263 1230 148 1082
is_linear=0
shrinkage=0.0435066


Tree=44
num_leaves=13
num_cat=0
split_feature=4 18 25 6 5 25 6 11 4 17 3 3
split_gain=11.8413 13.1098 3.9032 6.60124 7.14865 6.9326 3.33337 1.59381 1.94423 1.33016 0.956369 0.10662
threshold=42.150000000000013 6.5000000000000009 1.0000000180025095e-35 123.85000000000001 35.850000000000001 1.5000000000000002 164.55000000000004 0.16025641025641021 39.250000000000007 97.553571428571431 53.500000000000007 57.500000000000007
decision_type=2 2 2 2 2 2 2 2 2 2 2 2
left_child=1 7 6 5 -5 -4 -3 9 10 11 -9 -1
right_child=-2 2 3 4 -6 -7 -8 8 -10 -11 -12 -13
leaf_value=-0.025377704763668869 0.029343971173191912 -0.025054418188351163 -0.017712143947973102 -0.0070400297848736137 0.033684088211743526 0.0041836875957318234 0.0066942074394731928 0.0043055443639339053 0.011782362764562807 0.0019160126630155452 -0.017432912222217916 -0.00017657140532759396
leaf_weight=37.803321731742471 19.574417121708393 10.395600511692466 24.61830485239625 8.5421574134379643 19.432308765128255 217.65140267135575 5.7362919002771369 1.4645370543003062 3.9894249578937879 2.0750100165605536 6.7590534761548042 1.2278007557615627
leaf_count=999 62 81 165 87 59 1423 22 24 28 25 231 29
internal_value=0.00108101 -0.0010402 0.00274045 0.00413485 0.0219761 0.00151257 -0.0146425 -0.0196013 -0.00283719 -0.0233007 -0.0126863 -0.0249448
internal_weight=359.27 339.695 286.376 270.244 27.9745 242.27 16.1319 53.3191 12.213 41.1061 8.22359 39.0311
internal_count=3235 3173 1837 1734 146 1588 103 1336 283 1053 255 1028
is_linear=0
shrinkage=0.0435066


Tree=45
num_leaves=25
num_cat=0
split_feature=4 5 0 6 4 0 6 3 6 27 4 18 2 3 6 3 10 7 10 22 8 8 5 10
split_gain=14.0702 9.94256 8.54515 9.61497 6.35364 4.96326 4.26547 3.85792 4.62502 3.06816 4.03154 3.057 2.47411 2.58869 1.83896 1.69222 1.55303 1.09776 0.955661 0.960398 0.91961 0.815391 0.199018 0.0188292
threshold=36.550000000000004 34.550000000000004 1650.0000000000002 109.25000000000001 38.050000000000004 2200.0000000000005 71.15000000000002 54.500000000000007 107.35000000000001 3.5000000000000004 35.250000000000007 8.5000000000000018 6.5000000000000009 56.500000000000007 122.95000000000002 56.500000000000007 0.11437908496732026 2.5000000000000004 0.094588550983899775 1.5000000000000002 2019.0000000000002 2021.5000000000002 100.95000000000002 0.25873937103522743
decision_type=2 2 2 2 2 2 2 2 2 2 2 2 2 2 2 2 2 2 2 2 2 2 2 2
left_child=1 11 17 7 14 -6 9 16 -9 22 -11 18 13 -8 -5 23 -4 20 -1 -20 -2 -14 -3 -13
right_child=2 6 3 4 5 -7 12 8 -10 10 -12 15 21 -15 -16 -17 -18 -19 19 -21 -22 -23 -24 -25
leaf_value=0.00083221962318157127 -0.0051211542032376786 -0.016267034936656346 0.00055897366038257549 -0.014002649341383518 0.022093007952967834 -0.0058363625255084079 -0.0093753444292941218 -0.017734836548032474 0.012968725707318511 0.0024486532447438249 0.027626564485233724 -0.012222855543529303 -0.021560508524398361 0.013593110660848638 0.0039255601059295956 0.013935671746448264 -0.028002341145302735 0.02863740079262183 -0.030511965990374108 0.00058061041441282053 0.012503481362062812 -0.0031321685071596518 -0.00043465236581238022 -0.00035146839519773366
leaf_weight=1.0241272384300817 3.7493128208443505 4.125654235482215 3.1659133844077614 14.031083771493288 58.615843234583735 11.231360570527611 15.101834087632598 9.6453456743620354 15.309662931598721 49.749332346022129 10.575966034084557 2.9823705703020078 19.218935591168705 9.729096074588595 17.055394641123712 2.8467192798852921 16.568109520711005 30.891597544774413 36.556908208876848 1.0544805424287904 7.3402515593916178 10.302505360916255 3.7837561666965485 2.5900013335049152
leaf_count=20 39 39 28 124 278 90 111 162 127 248 31 42 133 35 114 15 269 129 945 30 43 69 23 25
internal_value=0.000599305 -0.00828515 0.00869344 0.00319139 0.0105177 0.0173553 -0.0012942 -0.0123915 0 0.00564965 0.00927654 -0.023937 -0.00984864 0.000257687 -0.00492294 0 -0.0240353 0.0245777 -0.0284248 -0.029455 0.00628266 -0.0171382 -0.013009 -0.0107021
internal_weight=357.246 169.642 187.604 145.623 100.934 69.8472 122.587 44.689 24.955 68.2347 60.3253 47.0546 54.3524 24.8309 31.0865 8.41909 19.734 41.9812 38.6355 37.6114 11.0896 29.5214 7.90941 5.57237
internal_count=3169 1766 1403 1192 606 368 689 586 289 341 279 1077 348 146 238 82 297 211 995 975 82 202 62 67
is_linear=0
shrinkage=0.0435066


Tree=46
num_leaves=27
num_cat=0
split_feature=4 5 6 4 16 6 10 16 7 6 5 7 16 3 2 10 17 16 7 18 7 4 9 10 17 10
split_gain=11.6653 9.32021 7.43515 8.19449 5.8199 5.36484 6.54774 5.11269 3.80404 3.16335 3.47134 2.9789 2.43137 2.19338 2.07721 1.60822 1.3896 1.35165 1.20811 0.718231 0.682233 0.653018 0.230605 0.131486 0.0822696 0.032972
threshold=36.550000000000004 34.550000000000004 98.350000000000009 39.350000000000001 12.500000000000002 108.05000000000001 0.12372448979591837 13.500000000000002 2.5000000000000004 71.15000000000002 37.550000000000004 4.5000000000000009 12.500000000000002 50.500000000000007 9.5000000000000018 0.15504807692307693 34.43571428571429 11.500000000000002 2.5000000000000004 7.5000000000000009 5.5000000000000009 36.150000000000013 0.041213921901527957 0.24638060352346061 42.70515151515152 0.16064516129032258
decision_type=2 2 2 2 2 2 2 2 2 2 2 2 2 2 2 2 2 2 2 2 2 2 2 2 2 2
left_child=1 11 12 5 17 20 -7 15 -6 10 -9 13 18 -1 -11 24 22 -5 25 -18 -4 -15 -13 -20 -3 -2
right_child=2 7 3 4 8 6 -8 9 -10 14 -12 16 -14 21 -16 -17 19 -19 23 -21 -22 -23 -24 -25 -26 -27
leaf_value=0.0052914809759102002 0 -0.0033553059925580031 -0.025901470896709737 0.0049862348248910105 -0.0070919094895470491 -0.025394555226156738 0.0077070173252045274 -0.0016762347446748532 0.02306451051682841 0.0019514754238398476 0.01792360720359866 0 0.031017223896523494 -0.032800444765715545 -0.016027807881959674 -0.024674712995466676 -0.003176576694773732 -0.014772304702902509 0.0024620200031620137 0.015246368260235984 -0.00018614571345830616 -0.0057227560113900728 -0.014459279556206201 0.017024731423821021 0.0017181296108842751 -0.0054165835865698066
leaf_weight=1.1914834063500155 2.8058874905109432 5.3798923622816819 16.110305494861681 5.7636171579360935 5.6258629048243156 7.8151722820475689 46.930906299035996 26.972230777144432 48.620278500951827 26.562855302356184 32.737286092713475 1.4174738870933632 23.488684358075261 28.455613353755325 13.198456378653644 12.151631805114446 2.3700874182395637 9.7437292411923409 6.3319927696138603 3.4520079605281353 3.1146790012717238 6.0919501841999582 3.1644354313611984 5.0399054381996393 3.9120163405314088 4.3130035605281591
leaf_count=15 23 37 327 52 32 63 375 170 239 138 107 24 80 733 94 118 64 78 41 23 26 156 62 22 25 45
internal_value=0.000702522 -0.00745642 0.00809858 0.00290536 0.013066 -0.00683299 0.000618576 -0.000679869 0.019346 0.00364126 0.00962408 -0.0227409 0.0228912 -0.0278891 -0.00521556 -0.0172615 -0.000530825 -0.00766886 0.0067731 0.00921363 -0.0232284 -0.0299369 -0.01196 0.01333 -0.000754439 -0.00432725
internal_weight=352.761 167.057 185.704 143.725 69.7535 73.9711 54.7461 120.914 54.2461 99.4708 59.7095 46.1431 41.9795 35.739 39.7613 21.4435 10.404 15.5073 18.4908 5.8221 19.225 34.5476 4.58191 11.3719 9.29191 7.11889
internal_count=3169 1766 1403 1192 401 791 438 689 271 509 277 1077 211 904 232 180 173 130 131 87 353 889 86 63 62 68
is_linear=0
shrinkage=0.0435066


Tree=47
num_leaves=25
num_cat=0
split_feature=4 5 0 6 4 16 16 6 5 4 18 4 7 7 16 10 4 22 7 8 10 6 10 17
split_gain=11.9662 8.80737 6.37703 8.07337 6.14984 7.62104 4.7004 2.77426 2.88448 2.54082 2.50489 2.43021 2.72305 1.86593 1.84919 1.43534 1.31919 0.827852 0.674519 0.596461 0.575835 0.557034 0.115074 0.0852438
threshold=36.550000000000004 34.550000000000004 1650.0000000000002 109.25000000000001 37.350000000000001 13.500000000000002 13.500000000000002 71.15000000000002 37.550000000000004 36.250000000000007 8.5000000000000018 39.150000000000013 3.5000000000000004 4.5000000000000009 12.500000000000002 0.15504807692307693 36.95000000000001 1.5000000000000002 2.5000000000000004 2019.0000000000002 0.11437908496732026 92.550000000000011 0.24638060352346061 42.70515151515152
decision_type=2 2 2 2 2 2 2 2 2 2 2 2 2 2 2 2 2 2 2 2 2 2 2 2
left_child=1 10 14 11 13 -6 15 8 -8 -9 17 16 -13 -5 18 23 -4 20 21 -12 -1 -2 -20 -3
right_child=2 6 3 4 5 -7 7 9 -10 -11 19 12 -14 -15 -16 -17 -18 -19 22 -21 -22 -23 -24 -25
leaf_value=0 -0.0088819470841419584 -0.0035895207688281037 0.0030141826022092861 -0.017293535890961831 -0.0019121279425364757 0.024581932299183588 -0.0016922951445954818 -0.010500522452455575 0.016148143704547566 0.011402564098567101 0.0075539177104104261 -0.010397550803180692 0.014763197389987083 0.0051367756683293585 0.029309708548880372 -0.024054304904594422 -0.02212161239648661 0.0004658958973722076 0.0019831952051273562 -0.0071343581028751202 -0.028985489287225993 0.0055145351088745796 0.015145809010907887 0.0015611672143579513
leaf_weight=1.3726939382031549 3.5552775096148279 5.378582715988161 2.1553363259881761 12.164699444547297 29.9481898592785 49.692073254846036 26.826790319755673 32.701904159039259 32.736489020287991 7.1938219126313916 3.4229016155004492 12.88592271693051 7.5075279930606476 6.5322865443304172 22.718932739458978 12.271175934933124 20.814309739507735 1.0748990215361107 6.2899592313915473 4.5210764929652214 34.333134602056816 3.4652759488672018 4.9837593287229538 3.8480177167803049
leaf_count=32 50 37 28 123 230 219 170 196 107 36 23 145 41 34 80 118 372 30 41 59 933 18 22 25
internal_value=0.00048968 -0.00778831 0.00805895 0.00318937 0.00997468 0.0151111 -0.00122762 0.00294301 0.00858607 -0.00528754 -0.0229223 -0.011289 0 -0.00975525 0.0219273 -0.0170786 -0.0192765 -0.0270433 0.00706309 0 -0.0280541 -0.00179805 0.0117847 -0.00104458
internal_weight=348.395 165.681 182.714 141.7 98.3372 79.6403 120.957 99.459 59.5633 39.8957 44.7247 43.3631 20.3935 18.697 41.0132 21.4978 22.9696 36.7807 18.2943 7.94398 35.7058 7.02055 11.2737 9.2266
internal_count=3169 1766 1403 1192 606 449 689 509 277 232 1077 586 186 157 211 180 400 995 131 82 965 68 63 62
is_linear=0
shrinkage=0.0435066


Tree=48
num_leaves=26
num_cat=0
split_feature=4 5 16 6 6 4 16 3 6 6 5 7 3 9 4 7 16 10 3 17 23 18 17 9 2
split_gain=11.5111 7.60216 4.70129 4.69648 7.61784 5.48542 5.93566 2.98551 3.92153 2.7384 2.73729 2.18849 1.95941 1.91157 1.77753 1.74685 1.59753 1.29173 1.2736 1.25984 0.745645 0.610291 0.559656 0.18414 0.113627
threshold=36.550000000000004 34.550000000000004 13.500000000000002 98.350000000000009 109.25000000000001 37.350000000000001 13.500000000000002 54.500000000000007 107.35000000000001 71.15000000000002 37.550000000000004 4.5000000000000009 50.500000000000007 0.017148526077097454 35.050000000000004 4.5000000000000009 12.500000000000002 0.15504807692307693 53.500000000000007 34.43571428571429 1.0000000180025095e-35 7.5000000000000009 29.188383838383839 0.041213921901527957 4.5000000000000009
decision_type=2 2 2 2 2 2 2 2 2 2 2 2 2 2 2 2 2 2 2 2 2 2 2 2 2
left_child=1 11 17 16 7 15 -7 13 -9 10 -4 12 -1 -5 -11 -6 18 24 -2 23 -20 -21 -14 -13 -3
right_child=3 2 9 4 5 6 -8 8 -10 14 -12 19 22 -15 -16 -17 -18 -19 20 21 -22 -23 -24 -25 -26
leaf_value=0.005017050085051834 0.014848165186969128 0.0015449158445198154 -0.0017264447005813112 0.0025374973266723338 -0.015979935020592539 -0.00034587665729867188 0.023418650429018879 -0.016207800560161634 0.012398599364704357 0.0039800300546779036 0.015679795655188795 0 -0.003897773603915018 -0.026079482909941415 -0.012355321980309968 0.0054725371087798007 0.026907923955722043 -0.024421172323442743 -0.010660300169689703 -0.0030665486668001963 0.0049588468178296628 0.013792872140260553 -0.030586324327040958 -0.014351332620640356 -0.0044683600055700204
leaf_weight=1.1529093300923694 7.935818248428407 3.9491155613213795 26.740456584841013 3.4328230083920088 12.010789594613017 29.299029175192118 49.438509630039334 9.250764077529313 14.824720152653752 16.726794598158449 32.403967196121812 1.3451717523857931 4.6770966681651762 15.075723638758062 22.471739375963807 6.6443189969286314 22.078035531565547 11.704561758786438 4.824718736112116 2.3110775812529027 5.2373033780604601 3.3201860720291734 28.51126450789161 3.0475071463733912 5.1597996428608894
leaf_count=15 46 25 170 33 123 230 219 162 127 93 107 24 132 264 139 34 80 118 49 64 36 23 757 62 37
internal_value=0.000433278 -0.0077327 -0.00154204 0.00791457 0.00365248 0.0102387 0.015107 -0.0105651 0 0.00264285 0.00826638 -0.0218346 -0.0263481 -0.0210907 -0.00559069 -0.00850046 0.0199919 -0.0175993 0.00619947 -0.00147433 -0.0031694 0.00811133 -0.0283359 -0.0121908 -0.0016597
internal_weight=343.574 163.522 119.156 180.053 139.977 97.3926 78.7375 42.584 24.0755 98.343 59.1444 44.3652 34.3413 18.5085 39.1985 18.6551 40.0759 20.8135 17.9978 10.0239 10.062 5.63126 33.1884 4.39268 9.10892
internal_count=3169 1766 689 1403 1192 606 449 586 289 509 277 1077 904 297 232 157 211 180 131 173 85 87 889 86 62
is_linear=0
shrinkage=0.0435066


Tree=49
num_leaves=26
num_cat=0
split_feature=4 5 16 27 6 16 16 0 1 2 9 6 3 10 4 18 23 11 3 10 9 16 3 2 4
split_gain=11.015 8.97348 4.48098 4.04023 5.93031 2.99551 2.97144 2.72741 2.6656 6.10607 3.28593 2.52654 2.51252 2.41667 1.89045 1.86732 1.82767 1.48806 1.44832 0.890217 0.745094 0.486034 0.482589 0.177803 0.0492942
threshold=36.650000000000013 34.550000000000004 13.500000000000002 1.5000000000000002 109.25000000000001 12.500000000000002 11.500000000000002 1650.0000000000002 2.5000000000000004 10.500000000000002 0.049515639589168957 125.65000000000002 54.500000000000007 0.10818713450292396 39.150000000000013 8.5000000000000018 1.5000000000000002 0.043055555555555507 56.500000000000007 0.10818713450292396 0.04016129032258061 9.5000000000000018 53.500000000000007 9.5000000000000018 42.45000000000001
decision_type=2 2 2 2 2 2 2 2 2 2 2 2 2 2 2 2 2 2 2 2 2 2 2 2 2
left_child=1 15 13 4 7 20 17 22 9 -4 -10 16 -9 -3 -13 19 -8 -5 -17 -1 -6 -19 -2 -15 -7
right_child=3 2 8 6 5 24 11 12 10 -11 -12 14 -14 23 -16 18 -18 21 -20 -21 -22 -23 -24 -25 -26
leaf_value=0.0007015926694106362 0.01213157126236538 0.0068499906001981649 0.01620974286636136 -0.016956884331911809 -0.012206894875193391 0.01045604875191153 0.025085679146813863 -0.023833766354629152 0.0056034304917652201 -0.0087345476141696323 -0.018096393311972082 -0.0069410173652267888 -0.0019789520512223675 -0.023795005391582164 0.013759628013604934 -0.011423233593073279 0.00050150567440485896 -0.0033653464881665263 0.011492821149448461 -0.02757369157420202 0.0029561124022499355 0.010611611686363782 -0.0012870489262581633 -0.0022903777491391406 0.026036454296650087
leaf_weight=1.1581571772694577 5.7894869819283468 3.2278707325458553 45.549828142859042 3.0497318021953088 4.0354902707040301 22.880989603698257 43.69541828148067 16.395806217566133 17.117339868098497 23.17216198798269 15.064387261867521 11.807692714966835 21.885150692425668 14.850533216260375 8.7564100511372072 5.2279420625418407 7.7172698136419049 2.6414801417849958 2.7883110474795103 35.74649693001993 8.433210847899316 4.450249932706356 4.6909447824582458 3.4345067646354428 7.4656273871660224
leaf_count=25 34 18 210 37 29 107 205 285 88 143 80 90 270 145 42 70 45 50 17 995 73 35 30 23 23
internal_value=0.000164739 -0.00762197 -0.0010697 0.00772668 0.00111443 0.0120995 0.0143628 -0.00863817 0.00294623 0.00763695 -0.00640947 0.0173235 -0.0136697 -0.0165709 0.0026916 -0.0228844 0.0220409 -0.004602 -0.00117998 -0.0264823 -0.0039264 0.00554689 0.00734222 -0.021825 0.0184874
internal_weight=341.032 167.338 122.417 173.695 91.5767 42.8153 82.1183 48.7614 100.904 68.722 32.1817 71.9768 38.281 21.5129 20.5641 44.9209 51.4127 10.1415 8.01625 36.9047 12.4687 7.09173 10.4804 18.285 30.3466
internal_count=3169 1814 707 1355 851 232 504 619 521 353 168 382 555 186 132 1107 250 122 87 1020 102 85 64 168 130
is_linear=0
shrinkage=0.0435066


Tree=50
num_leaves=18
num_cat=0
split_feature=13 4 5 6 16 17 16 6 2 11 3 11 4 11 25 2 18
split_gain=9.36981 7.71705 3.94065 4.83042 3.8681 3.92387 3.29421 3.10848 4.51248 3.82453 2.91475 2.80868 2.65124 2.31936 2.2139 1.42852 0.492609
threshold=1.0000000180025095e-35 36.250000000000007 36.550000000000004 145.45000000000002 12.500000000000002 35.361888111888113 10.500000000000002 91.350000000000009 12.500000000000002 0.025978407557354904 53.500000000000007 0.06030303030303031 39.250000000000007 0.13873626373626372 2.5000000000000004 2.5000000000000004 14.500000000000002
decision_type=2 2 2 2 2 2 2 2 2 2 2 2 2 2 2 2 2
left_child=1 2 3 14 5 6 -3 9 -9 -4 -7 15 16 -13 -1 -6 -2
right_child=12 4 7 -5 11 10 -8 8 -10 -11 -12 13 -14 -15 -16 -17 -18
leaf_value=-0.023359657176087453 -0.029326236790467863 -0.0097117001144937671 -0.011525036818648218 0.012849592058693207 0.00095331485254096114 0.0043504368280225204 0.018232128604778228 -0.019226315827574815 0.012383423317274428 0.01253487188224231 -0.022303484387614605 -0.0016255485268552535 0.0052004059303514434 0.01522277415716425 -0.00062243760799879193 0.018880343473089395 0
leaf_weight=36.948717287741601 19.574280041269965 7.0459600696340212 10.946713380515574 5.7636234099045387 11.759945098310707 8.3373102173209208 15.008752312511206 20.331670859828595 6.868711043149232 40.425883207470179 15.430264593567697 46.527764674276114 2.6171506620012215 15.357389573939143 11.547801505774258 62.856022553518414 0.71883560344576736
leaf_count=489 823 99 59 34 70 61 97 121 25 178 146 312 40 97 173 347 4
internal_value=-0.000330637 0.00179611 -0.00597109 -0.0142947 0.00751907 -0.00294355 0.00877332 0.000313102 -0.0100947 0.00651381 -0.0136969 0.0110758 -0.0238476 0.00346024 -0.0188437 0.0164826 -0.028323
internal_weight=338.067 315.157 132.833 54.2601 182.323 45.8223 22.0547 78.573 27.2004 51.3726 23.7676 136.501 22.9103 61.8852 48.4965 74.616 20.2931
internal_count=3175 2308 1079 696 1229 403 196 383 146 237 207 826 867 409 662 417 827
is_linear=0
shrinkage=0.0435066


Tree=51
num_leaves=20
num_cat=0
split_feature=4 9 18 4 27 3 18 25 7 22 7 7 1 11 9 18 21 3 10
split_gain=9.09785 6.00895 4.51258 4.62721 3.86654 3.31948 2.80021 2.4988 1.99799 1.8437 1.64838 1.64072 1.44971 0.86748 0.737763 0.663253 0.60738 0.487167 0.221202
threshold=36.250000000000007 0.060024009603841501 11.500000000000002 40.45000000000001 1.5000000000000002 53.500000000000007 13.500000000000002 1.5000000000000002 2.5000000000000004 1.0000000180025095e-35 2.5000000000000004 3.5000000000000004 2.5000000000000004 0.063392857142857112 0.039736842105263161 14.500000000000002 1.0000000180025095e-35 57.500000000000007 0.16987179487179482
decision_type=2 2 2 2 2 2 2 2 2 2 2 2 2 2 2 2 2 2 2
left_child=1 6 3 4 11 16 7 -1 -5 -6 -9 -2 18 -14 -10 17 -4 -3 -7
right_child=2 15 5 8 9 12 -8 10 14 -11 -12 -13 13 -15 -16 -17 -18 -19 -20
leaf_value=-0.02378287894642658 -0.018280885437292668 -0.026230869398457545 0.0042078839027875365 -0.0032197893633673725 0.0085814399300861936 0.0077725858892561898 0.011896315333507814 -0.019422971328722668 0.00097229741184621686 -0.0066759885660381251 -0.000815163847647951 -0.00033885761978457671 0.027965344334658141 0.0039798954213905975 0.022032133531559306 0 -0.00830221700224292 -0.00054741537629886066 -0.00036911230112575622
leaf_weight=6.6531653408892444 27.024187406059355 26.978002416202806 9.741579972207548 7.181209382601085 37.764435040298849 6.9864124506711942 13.577137567102907 3.82512995135039 5.4822977334260967 16.238895602524281 87.808102404233068 15.531818964518605 25.592622401192784 6.9304769653826943 18.835448786616325 1.6421475633978833 6.5620289891958228 2.5981123670935622 6.7901046946644783
leaf_count=93 462 557 45 46 327 29 50 80 28 189 732 201 94 37 85 9 50 33 28
internal_value=-0.000307276 -0.0084195 0.00580652 0.000842885 -0.00390607 0.0147774 -0.00305802 -0.00583118 0.0138397 0.00360223 -0.00293259 -0.0128524 0.0200995 0.0246297 0.0188199 -0.0235183 -0.00131889 -0.02476 0.00443352
internal_weight=333.743 143.082 190.662 128.058 96.5593 62.6032 111.864 98.2864 31.499 54.0033 91.6332 42.556 46.2996 32.5231 24.3177 31.2183 16.3036 29.5761 13.7765
internal_count=3175 1554 1621 1338 1179 283 955 905 159 516 812 663 188 131 113 599 95 590 57
is_linear=0
shrinkage=0.0435066


Tree=52
num_leaves=14
num_cat=0
split_feature=13 4 5 9 6 9 16 4 27 4 23 17 4
split_gain=8.73254 7.45266 5.55483 4.66082 3.54542 3.38974 3.24478 2.4792 2.10834 4.21589 2.93022 1.70858 1.14324
threshold=0.45000000000000007 36.650000000000013 36.550000000000004 0.060024009603841501 145.45000000000002 0.03608470181503886 9.5000000000000018 42.150000000000013 1.5000000000000002 40.45000000000001 1.5000000000000002 29.188383838383839 36.250000000000007
decision_type=2 2 2 2 2 2 2 2 2 2 2 2 2
left_child=1 2 4 5 11 -4 -3 -2 9 -8 -10 -1 -5
right_child=7 6 3 12 -6 -7 8 -9 10 -11 -12 -13 -14
leaf_value=0.00079963140199222713 -0.029838951698619085 -0.015224797045791374 -0.0071476406088007826 -0.020517085640725449 0.0089845982778617769 0.011657569218364945 -0.0040151147957990024 0.0067225783402229643 0.017769348574422191 0.014398160914194056 -0.0047102367275223744 -0.020723495930364034 0.00091881836178318117
leaf_weight=6.4519360531121484 15.912415913189763 4.7339553460478774 19.758029653690755 12.017194690182807 6.1233340213075271 56.143544403836131 48.658560219220817 1.1837744340300549 63.813806913793087 34.724798258394003 9.3994898162782174 47.586273005697876 4.4322084579616776
leaf_count=94 773 84 124 90 39 236 462 5 320 157 60 708 23
internal_value=-0.000167415 0.00168828 -0.00505984 0.00164248 -0.0146543 0.00646205 0.00807634 -0.0257242 0.00942262 0.00402886 0.0146079 -0.0181779 -0.0156809
internal_weight=330.939 313.843 152.513 92.351 60.1615 75.9016 161.331 17.0962 156.597 83.3834 73.2133 54.0382 16.4494
internal_count=3175 2397 1314 473 841 360 1083 778 999 619 380 802 113
is_linear=0
shrinkage=0.0435066


Tree=53
num_leaves=17
num_cat=0
split_feature=13 18 9 24 5 16 17 5 5 18 6 17 18 27 5 14
split_gain=7.9123 5.71563 3.06901 3.51116 2.62026 3.39093 2.11226 2.0063 1.42954 3.60739 2.4858 1.09391 1.05113 0.763966 0.72143 0.651612
threshold=0.45000000000000007 11.500000000000002 0.053342816500711203 1.0000000180025095e-35 28.550000000000004 12.500000000000002 44.94583333333334 60.45000000000001 38.45000000000001 7.5000000000000009 145.45000000000002 33.665476190476198 13.500000000000002 1.0000000180025095e-35 117.00000000000001 2.5000000000000004
decision_type=2 2 2 2 2 2 2 2 2 2 2 2 2 2 2 2
left_child=1 4 7 14 5 11 -7 -3 10 -10 -6 -1 -9 -2 -4 -15
right_child=13 2 3 -5 8 6 -8 12 9 -11 -12 -13 -14 15 -16 -17
leaf_value=0 0.00051173186718489992 -0.003680180768984733 0.016552849610406088 -0.015469133941499956 -0.013226337266741769 0.016228713245766035 0 0.008628066406438286 0.01475290341524226 -0.0061163789340220208 0.0083528355258966607 -0.016638971113695597 0.023410103617936263 -0.029001065500357956 -2.8313345645598492e-05 0
leaf_weight=12.675054823979737 1.0966972811147577 6.8648617807775727 6.9566202871501446 12.101431380957365 57.270554811693728 29.305492705665529 28.065745588392019 33.47993541136384 13.800898732617496 61.472373057156801 6.8284636363387099 9.0452143922448141 27.863903816789389 13.489918104722163 5.9569737464189529 1.9150190968066461
leaf_count=179 33 35 30 70 510 259 374 156 55 397 30 177 96 678 29 67
internal_value=-0.000136463 0.00161831 0.0102796 -0.00207211 -0.00222361 0.00383013 0.00922459 0.01473 -0.00574568 -0.00129637 -0.0102262 -0.00890239 0.0170942 -0.0247932 0.0109415 -0.0266707
internal_weight=328.189 311.688 93.2237 25.015 218.464 79.0915 57.3712 68.2087 139.372 75.2733 64.099 21.7203 61.3438 16.5016 12.9136 15.4049
internal_count=3175 2397 416 129 1981 989 633 287 992 452 540 356 252 778 59 745
is_linear=0
shrinkage=0.0435066


Tree=54
num_leaves=23
num_cat=0
split_feature=4 5 4 5 7 6 7 21 11 10 6 11 2 10 6 6 25 6 18 0 2 6
split_gain=8.14474 7.29587 3.9205 3.74352 4.35557 3.96013 2.91696 3.37822 3.72868 2.48897 2.17993 1.82042 2.45663 2.04409 1.72108 1.68176 1.05997 1.15026 1.03121 0.947951 0.884059 0.162357
threshold=36.650000000000013 35.95000000000001 42.150000000000013 94.350000000000009 3.5000000000000004 91.15000000000002 3.5000000000000004 1.0000000180025095e-35 0.025978407557354904 0.13809523809523808 122.25000000000001 0.04880952380952381 6.5000000000000009 0.21182053494391712 107.35000000000001 145.45000000000002 2.5000000000000004 69.050000000000011 9.5000000000000018 1550.0000000000002 8.5000000000000018 70.950000000000017
decision_type=2 2 2 2 2 2 2 2 2 2 2 2 2 2 2 2 2 2 2 2 2 2
left_child=1 15 3 4 5 -2 9 8 -8 21 -11 12 -5 -13 -6 16 18 -18 -1 -17 -9 -3
right_child=2 6 -4 11 14 -7 7 20 -10 10 -12 13 -14 -15 -16 19 17 -19 -20 -21 -22 -23
leaf_value=-0.025731695212693226 0.010253578313718247 0.0086946821324658721 0.023055244094878993 0.00013644502092341213 -0.0021565294519719598 -0.01285714474353904 -0.0086794816379547179 0 0.01636363580455057 -0.021803981217467416 0.0029895644209238671 -0.0075348963460653883 0.02709902147918581 0.013300636888247331 0.015886037582365054 0.011277752703875335 -0.014195394066142977 0.0035303721821463921 0.00029148139558024359 -0.0083087920578696853 -0.018101612519058584 0
leaf_weight=35.844628721592017 12.587393567897378 5.0237360280007106 17.45692452788353 9.9873996693640965 11.780725973658262 52.485818048706278 9.665179403498767 10.196434609591959 40.684736729599535 17.356695706956092 6.4445307701826087 12.956106279045345 16.585090909153223 9.8069997578859311 22.466909133829176 2.8277304321527472 7.761203638277947 8.1666445592418295 2.1214976403862229 2.6859813022892922 4.4939281111583105 5.8257959485054016
leaf_count=766 80 23 64 52 139 702 64 60 178 137 37 77 62 47 146 7 216 176 18 50 40 34
internal_value=-3.86424e-05 -0.00696007 0.00654466 0.00365406 -0.00124407 -0.0077196 0.000344567 0.00571915 0.0109355 -0.00880737 -0.0155589 0.0126898 0.0192921 0.00206006 0.01008 -0.018193 -0.0203322 -0.00627195 -0.0242215 0.00156677 -0.00955088 0.0057045
internal_weight=325.212 159.099 166.113 148.656 99.3208 65.0732 99.691 65.0403 50.3499 34.6508 23.8012 49.3356 26.5725 22.7631 34.2476 59.4077 53.894 15.9278 37.9661 5.51371 14.6904 10.8495
internal_count=3175 1806 1369 1305 1067 782 573 342 242 231 174 238 114 124 285 1233 1176 392 784 57 100 57
is_linear=0
shrinkage=0.0435066


Tree=55
num_leaves=13
num_cat=0
split_feature=4 13 16 7 10 4 4 16 10 5 5 10
split_gain=8.78417 7.50974 5.48554 4.13028 2.83985 2.72767 2.69073 1.98157 1.74504 1.27827 0.414433 0.0133412
threshold=41.45000000000001 0.45000000000000007 14.500000000000002 3.5000000000000004 0.13118961352657002 36.550000000000004 36.45000000000001 12.500000000000002 0.27126436781609192 57.000000000000007 154.15000000000003 0.11437908496732026
decision_type=2 2 2 2 2 2 2 2 2 2 2 2
left_child=1 2 3 5 -5 -1 8 -2 -4 -8 11 -3
right_child=7 10 6 4 -6 -7 9 -9 -10 -11 -12 -13
leaf_value=-0.022529466818134437 0 0 -0.004261694154392235 -0.015830239364186014 0.0034583424995098936 -0.0053333907165358319 0.0029384293641025318 0.026073366385492208 0.01320763169695454 0.024615429559875248 0 -0.029119360931370977
leaf_weight=21.613223639316857 7.3115314580500153 0.650777895934877 27.68606917373836 9.8621504548937065 113.29101954447106 69.470514596905559 10.614550068974497 20.491486698389053 9.2130844881758076 16.894425146281719 0.57149133086204607 13.452095784130504
leaf_count=338 41 22 203 71 869 640 75 66 76 58 8 743
internal_value=-0.000188315 -0.00260101 -0.00064977 -0.00404996 0.00111808 -0.0107489 0.009851 0.0206326 0.00119588 0.018712 -0.027583 -0.0286348
internal_weight=321.122 293.319 278.645 214.237 123.153 91.0837 64.4081 27.803 36.8992 27.509 14.6744 14.1029
internal_count=3210 3103 2330 1918 940 978 412 107 279 133 773 765
is_linear=0
shrinkage=0.0435066


Tree=56
num_leaves=19
num_cat=0
split_feature=16 13 9 11 2 10 5 11 5 11 2 10 16 10 10 7 23 23
split_gain=7.16782 3.4101 2.12049 3.25361 3.82466 2.56412 2.44776 2.23212 1.78764 3.2801 1.85544 1.78093 1.34299 1.10519 1.1007 0.886994 0.293426 0.236797
threshold=13.500000000000002 1.0000000180025095e-35 0.049515639589168957 0.024725274725274703 12.500000000000002 0.28708791208791212 35.550000000000004 0.061862244897959155 18.550000000000004 0.057189542483660101 11.500000000000002 0.41070163004961019 10.500000000000002 0.10818713450292396 0.28708791208791212 6.5000000000000009 1.5000000000000002 1.5000000000000002
decision_type=2 2 2 2 2 2 2 2 2 2 2 2 2 2 2 2 2 2
left_child=8 2 3 4 -2 6 -4 -5 16 10 13 -7 -11 -10 -14 17 -1 -3
right_child=1 15 5 7 -6 11 -8 -9 9 12 -12 -13 14 -15 -16 -17 -18 -19
leaf_value=-0.019453451870403319 -0.0088029889389612728 -0.018824542278566007 -0.010079901610653757 0.021957421129975303 0.018748825471146126 0.01606124566382354 0.0031516336298054869 -0.0028527184474863121 5.1754941966359073e-05 -0.010175368279789539 0.007088657972001801 -0.0057508642209922424 0.00051262904351539746 -0.019350265505628846 0.016013010458327325 0.0042672796554764541 0 0
leaf_weight=24.347931994125251 22.903906627558175 9.4592098073335311 33.09547014394775 35.452966183423996 7.591997116804122 25.527612525969747 72.438683102838695 5.7254742030054322 5.3611718080937854 4.4642220912501207 3.098515913821756 4.7153102331794789 23.563403357751667 27.908550567924976 9.2148155840113741 0.84415552765131074 1.5642277197912324 0.79315557563677508
leaf_count=672 172 389 372 191 38 189 368 42 41 77 22 57 179 268 64 6 42 21
internal_value=-0.000291869 0.00407642 0.00552285 0.0112811 0 0.00203493 -0.00125279 0.0183782 -0.00964043 -0.00513624 -0.0134597 0.0119698 0.0035557 -0.0164742 0.00705949 -0.0144314 -0.0185218 -0.0176316
internal_weight=318.071 218.548 207.451 71.6743 30.4959 135.777 105.534 41.1784 99.5228 73.6107 36.3682 30.2429 37.2424 33.2697 32.7782 11.0965 25.9122 10.2524
internal_count=3210 1845 1429 443 210 986 740 233 1365 651 331 246 320 309 243 416 714 410
is_linear=0
shrinkage=0.0435066


Tree=57
num_leaves=15
num_cat=0
split_feature=4 13 16 11 4 18 16 7 10 17 4 4 4 5
split_gain=8.64771 6.41504 5.15584 4.09201 2.66154 2.18595 2.09084 2.04559 1.83647 1.33152 0.658335 0.688278 0.469298 0.371918
threshold=40.45000000000001 0.45000000000000007 14.500000000000002 0.043055555555555507 35.250000000000007 12.500000000000002 12.500000000000002 3.5000000000000004 0.11834733893557421 35.735267857142865 42.350000000000001 41.650000000000013 42.150000000000013 154.15000000000003
decision_type=2 2 2 2 2 2 2 2 2 2 2 2 2 2
left_child=1 2 3 5 9 -1 12 -5 -6 -4 11 -8 -2 -3
right_child=6 13 4 7 8 -7 10 -9 -10 -11 -12 -13 -14 -15
leaf_value=-0.018532429874328109 -0.0074461122681687385 -0.027797622341934853 0.0080814899625719916 -0.0074477047209316593 -0.0052781160002693091 0.0028052303445186342 0.014255413640957532 0.002808845580406452 0.016233405258223716 -0.011596024400356598 0.029903830405347144 -8.0472221733079243e-05 0.0050905236568738318 0
leaf_weight=41.145979043561965 4.2045584637671691 13.294375101104375 4.0813195239752522 51.030603115446866 4.8818827010691157 8.3344539236277324 16.582291651051495 94.674064143095165 43.334147023037076 11.156431028619407 10.566657595336435 6.7461604475975028 5.0987773016095161 0.55733630806207735
leaf_count=468 44 757 20 582 24 46 89 724 267 100 34 22 25 8
internal_value=-0.000227097 -0.00323154 -0.00130544 -0.00483853 0.00885692 -0.0148503 0.0164613 -0.00088223 0.0135022 -0.00502048 0.0207632 0.0106599 -0.00067198 -0.0267769
internal_weight=315.689 272.491 258.639 195.185 63.4538 49.4804 43.1984 145.705 48.216 15.2378 33.8951 23.3285 9.30334 13.8517
internal_count=3210 2996 2231 1820 411 514 214 1306 291 120 145 111 69 765
is_linear=0
shrinkage=0.0435066


Tree=58
num_leaves=17
num_cat=0
split_feature=4 18 6 6 6 5 10 16 3 16 4 6 2 10 16 4
split_gain=7.98509 5.78646 3.92315 5.35037 3.70958 3.69608 4.6067 3.76564 3.17493 2.07036 1.08751 3.27729 0.973665 0.499376 0.465905 0.426042
threshold=40.45000000000001 6.5000000000000009 74.450000000000003 122.95000000000002 156.85000000000005 36.550000000000004 0.24454200284765068 12.500000000000002 57.500000000000007 12.500000000000002 36.850000000000001 91.15000000000002 9.5000000000000018 0.094588550983899775 15.500000000000002 42.150000000000013
decision_type=2 2 2 2 2 2 2 2 2 2 2 2 2 2 2 2
left_child=1 10 5 8 -5 6 -3 -7 -4 15 13 -12 -11 -1 -13 -2
right_child=9 2 3 4 -6 7 -8 -9 -10 12 11 14 -14 -15 -16 -17
leaf_value=0 -0.0073350307427512817 -0.013218347939057346 -0.013446131377350727 0.013209278076312952 -0.010330841919684215 -0.0045304713840661317 0.016317669608202728 0.018168054056491727 0.0094607906632691845 0.024461209181070538 0.013430368547887681 -0.017110684950975116 0.0036516710460159502 -0.024760510620320628 0.00054629537889849453 0.0046052847035692873
leaf_weight=0.83698627445847051 4.1637502722442132 25.767215162981302 82.719283598475158 34.588104274589568 12.252108272165058 15.036671986803411 8.0368838957510871 44.634107965976 7.922793408855795 23.424173323437572 5.1578809637576368 14.230245042126622 9.4267792589962465 18.933116010040976 1.5722577297128744 5.0749377682805061
leaf_count=18 44 284 768 201 83 110 67 177 49 102 38 412 43 768 21 25
internal_value=-0.000282355 -0.00314961 -0.00025992 -0.00488982 0.00635334 0.00632386 -0.00444402 0.0124131 -0.01084 0.0159593 -0.0170261 -0.00631932 0.0203386 -0.0236136 -0.0152561 -0.000944855
internal_weight=313.777 271.688 230.957 137.482 46.8402 93.4749 33.8041 59.6708 90.6421 42.0896 40.7305 20.9604 32.851 19.7701 15.8025 9.23869
internal_count=3210 2996 1739 1101 284 638 351 287 817 214 1257 471 145 786 433 69
is_linear=0
shrinkage=0.0435066


Tree=59
num_leaves=11
num_cat=0
split_feature=4 13 16 6 6 3 16 2 4 5
split_gain=7.00279 6.55882 4.29242 3.68569 4.51847 2.66339 1.44521 1.28641 0.455793 0.42871
threshold=41.250000000000007 0.45000000000000007 11.500000000000002 74.450000000000003 71.65000000000002 54.500000000000007 12.500000000000002 7.5000000000000009 38.550000000000004 177.50000000000003
decision_type=2 2 2 2 2 2 2 2 2 2
left_child=1 2 7 4 -4 -5 -2 -1 -9 -3
right_child=6 9 3 5 -6 -7 -8 8 -10 -11
leaf_value=-0.021855570943800154 0 -0.027672357374545934 0.0030710279091376081 -0.0092275457961610123 0.028350985080348199 0.0019123697886069863 0.02241620323153944 -0.0062273038165054327 0.0066029672706883419 0
leaf_weight=15.311789994593711 7.090478993952277 13.108359235571694 83.850645432947204 66.032420767005533 10.27035961858928 85.74148745695129 21.485971868038177 5.2464940417557937 2.8121061064302921 0.48669030889868814
leaf_count=243 43 766 648 625 37 665 78 78 20 7
internal_value=-0.00035275 -0.00260195 -0.000754772 0.00107169 0.00758687 -0.00305101 0.0179725 -0.0163525 -0.000108597 -0.0265872
internal_weight=311.437 282.86 269.265 245.895 94.121 151.774 28.5765 23.3704 8.0586 13.595
internal_count=3210 3089 2316 1975 685 1290 121 341 98 773
is_linear=0
shrinkage=0.0435066


Tree=60
num_leaves=16
num_cat=0
split_feature=13 16 0 5 4 27 4 10 6 6 6 5 5 4 11
split_gain=8.75415 4.99639 2.69965 2.48347 5.70778 3.84027 2.25732 2.02515 1.94331 3.85951 1.76117 1.26704 0.757625 0.509892 0.440512
threshold=1.0000000180025095e-35 12.500000000000002 2500.0000000000005 37.050000000000004 35.350000000000001 1.5000000000000002 37.150000000000013 0.10818713450292396 110.05000000000001 72.65000000000002 163.45000000000002 32.250000000000007 102.2 40.750000000000007 0.16025641025641021
decision_type=2 2 2 2 2 2 2 2 2 2 2 2 2 2 2
left_child=1 6 3 4 -3 -5 7 -1 9 -8 -4 -10 13 -2 -9
right_child=12 2 10 5 -6 -7 8 14 11 -11 -12 -13 -14 -15 -16
leaf_value=0.0058241202132283598 -0.027064272740689729 -0.0088153179355498421 -0.021928965851688621 -0.0011924924682463552 0.011228481768269174 0.015528186406190209 0.010614982258445559 -0.019692327128990338 -0.00361991854057255 -0.023521094644797326 0.0023872401838616595 0.01687868977297129 0 0.00010551860762156804 0
leaf_weight=4.2416624296456602 15.40886740561109 44.142406547442079 4.04481635428965 32.374347698874772 50.630727381445467 94.39975668489933 6.2225843854248541 24.373377011157576 4.7306268252432337 6.5592091865837574 8.3511779941618425 9.7883810084313136 2.0708776423707596 0.55890393629670221 2.5936049548909059
leaf_count=33 809 442 41 205 517 399 36 346 56 92 48 58 27 7 40
internal_value=0.00136992 0.00342353 0.00627793 0.00747906 0.00182674 0.0113331 -0.00731997 -0.014265 0.0015403 -0.00840794 -0.00983672 0.0106686 -0.0235866 -0.0259104 -0.0182441
internal_weight=310.491 292.453 233.943 221.547 94.7731 126.774 58.5094 31.2086 27.3008 12.7818 12.396 14.519 18.0386 15.9678 26.967
internal_count=3156 2313 1652 1563 959 604 661 419 242 128 89 114 843 816 386
is_linear=0
shrinkage=0.0435066


Tree=61
num_leaves=18
num_cat=0
split_feature=13 16 0 5 5 10 1 3 5 23 17 4 5 4 17 2 4
split_gain=8.02519 4.66349 2.86256 2.34216 2.31841 5.00579 3.452 1.83256 1.35292 1.14044 0.965269 0.668618 0.621544 0.550983 0.506544 0.471755 0.369005
threshold=1.0000000180025095e-35 12.500000000000002 2500.0000000000005 69.15000000000002 37.550000000000004 0.27126436781609192 1.0000000180025095e-35 52.500000000000007 123.35000000000001 1.5000000000000002 43.766666666666673 37.150000000000013 102.2 41.150000000000013 57.451602564102572 4.5000000000000009 37.45000000000001
decision_type=2 2 2 2 2 2 2 2 2 2 2 2 2 2 2 2 2
left_child=1 3 4 7 5 -3 -6 11 16 -9 15 -1 13 -2 -12 -5 -4
right_child=12 2 8 10 6 -7 -8 9 -10 -11 14 -13 -14 -15 -16 -17 -18
leaf_value=-0.0054371238294674013 -0.026128282772910513 -0.0037261015844607739 -0.02151411344140329 -0.00077146596445399403 0.025741585999436895 0.01699333848834883 0.0069036011287837255 -0.019760739935200035 0.0050773366797678852 0.0024447526482411271 -0.011421345919515498 0.010406116816177634 0 0.00050325476509309485 0.0026167546607372724 0.012632049719391795 -0.0015650023758230329
leaf_weight=3.2438240153715006 15.078633995493874 73.902477774070576 4.3342219665646535 4.2517395075410631 19.769869465380907 23.839471795596182 102.84731953497976 26.382188871968541 3.6797600835561743 2.6190160326659671 3.8474822640418997 3.879154521971941 2.016439849510788 0.53269660100340921 3.8411767724901438 9.5107136061415058 4.8374509494751692
leaf_count=49 811 748 40 32 47 230 538 400 16 32 33 31 27 5 26 58 33
internal_value=0.00132933 0.00329174 0.00604196 -0.00717259 0.00730771 0.00197712 0.0111647 -0.0131936 -0.0102977 -0.0173912 0.00331847 0.00330207 -0.0227764 -0.0248838 -0.00571594 0.00907728 -0.016655
internal_weight=308.414 290.786 233.211 57.5753 220.359 97.7419 122.617 36.1242 12.8514 29.0012 21.4511 7.12298 17.6278 15.6113 7.68866 13.7625 9.17167
internal_count=3156 2313 1652 661 1563 978 585 512 89 432 149 80 843 816 59 90 73
is_linear=0
shrinkage=0.0435066


Tree=62
num_leaves=14
num_cat=0
split_feature=13 16 0 5 5 27 6 18 17 16 3 5 3
split_gain=7.24146 4.10432 2.48277 2.60598 4.05982 3.32667 2.09977 1.91963 1.72143 2.64601 1.73418 0.514396 0.248964
threshold=1.0000000180025095e-35 12.500000000000002 2500.0000000000005 37.050000000000004 28.550000000000004 1.5000000000000002 163.45000000000002 11.500000000000002 35.074404761904766 10.500000000000002 52.500000000000007 102.2 52.500000000000007
decision_type=2 2 2 2 2 2 2 2 2 2 2 2 2
left_child=1 7 3 4 -3 -5 -4 8 9 -1 -10 12 -2
right_child=11 2 6 5 -6 -7 -8 -9 10 -11 -12 -13 -14
leaf_value=-0.014530365288677027 -0.00085224142404056991 0.00938277187440178 -0.02261209970989507 -0.00076958671859747097 -0.0075320451539453125 0.014937914007346708 0.0035079402505012289 0.0097658452779100739 0.00061276291761358699 0.0077624582990536671 -0.022698834164312252 0 -0.025377621502217864
leaf_weight=10.350708866491916 2.2077633487060693 49.859371143393219 4.2280148291029027 31.832181503996253 44.58624924137257 93.543717157095671 8.3999721519649011 5.8610451593995085 6.6638426445424583 18.335768798366189 16.110223833937198 1.9738213578239072 12.989420239580793
leaf_count=159 103 555 41 205 404 399 48 34 57 172 239 27 713
internal_value=0.00146233 0.00331359 0.00589426 0.00706537 0.00132705 0.0110325 -0.00943147 -0.00652711 -0.00944563 -0.00119596 -0.0169151 -0.0216704 -0.0236036
internal_weight=306.942 289.771 232.45 219.822 94.4456 125.376 12.628 57.3216 51.4605 28.6865 22.7741 17.171 15.1972
internal_count=3156 2313 1652 1563 959 604 89 661 627 331 296 843 816
is_linear=0
shrinkage=0.0435066


Tree=63
num_leaves=11
num_cat=0
split_feature=13 16 4 27 4 6 4 4 5 6
split_gain=6.8382 3.95716 3.04399 4.11331 3.76368 1.34838 0.835981 0.578773 0.601492 0.403229
threshold=1.0000000180025095e-35 10.500000000000002 41.150000000000013 1.5000000000000002 36.250000000000007 108.65000000000002 39.350000000000001 41.45000000000001 102.2 110.75000000000001
decision_type=2 2 2 2 2 2 2 2 2 2
left_child=1 6 3 5 -5 -3 -1 8 -2 -4
right_child=7 2 9 4 -6 -7 -8 -9 -10 -11
leaf_value=-0.018975343567960577 -0.024762448893911156 -0.010645296586188025 0.0038295219608178751 0.00074958401738625755 0.013237901668156931 0.0025303929228219614 0.0011759873819637413 0.0012216476051501437 0 0.020231239288266901
leaf_weight=11.162120801862327 14.321970401448203 41.47228726092726 9.2302708588540572 117.18515869928524 71.296832697466016 16.5399055108428 2.9170362576842299 0.55205526947975059 1.9826587513089169 18.267485488206148
leaf_count=193 813 454 41 943 432 150 28 4 26 72
internal_value=0.00138423 0.00318366 0.00449981 0.0026891 0.00580971 -0.0068565 -0.0152601 -0.0212498 -0.0225836 0.0168102
internal_weight=304.928 288.071 273.992 246.494 188.482 58.0122 14.0792 16.8567 16.3046 27.4978
internal_count=3156 2313 2092 1979 1375 604 221 843 839 113
is_linear=0
shrinkage=0.0435066


Tree=64
num_leaves=16
num_cat=0
split_feature=13 7 4 27 5 11 10 0 5 10 10 2 4 18 1
split_gain=6.36097 3.71509 4.70386 4.82792 3.39563 1.96212 1.81695 1.58648 1.47131 1.30968 1.22118 0.797055 0.581385 0.408916 0.335129
threshold=1.0000000180025095e-35 2.5000000000000004 39.45000000000001 1.5000000000000002 36.850000000000001 0.16025641025641021 0.32188438438438444 2200.0000000000005 73.250000000000014 0.25873937103522743 0.11834733893557421 5.5000000000000009 42.250000000000007 13.500000000000002 7.5000000000000009
decision_type=2 2 2 2 2 2 2 2 2 2 2 2 2 2 2
left_child=1 6 3 5 -5 -3 8 9 10 -4 -1 -10 13 14 -2
right_child=12 2 7 4 -6 -7 -8 -9 11 -11 -12 -13 -14 -15 -16
leaf_value=0.0022209077322735337 -0.024496744955431807 -0.014207941400889627 0.023247560588755586 -0.001930196368228867 0.010049176729155521 0.0074271743044195659 0.0074461597405839335 -0.0016971516862033323 -0.0099943294476092098 0.002279319905469548 -0.025448364439568539 0.0054846797857194957 0.0014037336858442448 0 0
leaf_weight=1.6853824816644252 14.031106528243978 34.946283828932792 29.891732536256313 72.255834965500981 99.671301316469908 4.8476245207712045 4.3604420814663163 5.7825477290898553 4.4446279592812044 9.8030717559158784 11.264097784180192 7.9507373254746199 0.51295673847198564 0.9985994044691332 0.9056121092289694
leaf_count=16 793 410 159 810 462 49 46 43 36 61 178 43 3 12 35
internal_value=0.00133714 0.00306617 0.00482752 0.00183417 0.00507153 -0.0106806 -0.010031 0.0165929 -0.0142619 0.0193389 -0.0217918 -0.0010644 -0.0206951 -0.022056 -0.0233493
internal_weight=303.352 286.904 257.198 211.721 171.927 39.7939 29.7053 45.4774 25.3448 39.6948 12.9495 12.3954 16.4483 15.9353 14.9367
internal_count=3156 2313 1994 1731 1272 459 319 263 273 220 194 79 843 840 828
is_linear=0
shrinkage=0.0435066


Tree=65
num_leaves=18
num_cat=0
split_feature=18 4 0 4 5 1 0 16 10 17 5 28 17 10 17 27 18
split_gain=5.48272 4.28421 4.62104 3.6324 3.22494 3.94337 3.24132 3.1401 2.53088 2.45611 2.28563 2.03404 1.77236 1.73761 1.56684 1.30365 0.810955
threshold=13.500000000000002 36.750000000000007 1650.0000000000002 39.150000000000013 35.550000000000004 1.5000000000000002 1350.0000000000002 12.500000000000002 0.28708791208791212 36.134375000000013 39.350000000000001 0.76666666666666672 39.942857142857157 0.10070850202429146 26.106250000000006 3.5000000000000004 9.5000000000000018
decision_type=2 2 2 2 2 2 2 2 2 2 2 2 2 2 2 2 2
left_child=1 4 11 9 6 10 8 -5 -1 -4 -6 16 -2 -7 -8 -14 -3
right_child=12 2 3 7 5 13 14 -9 -10 -11 -12 -13 15 -15 -16 -17 -18
leaf_value=-0.01103361066693795 -0.0023661206950719529 -0.010228518016766986 0.0030101950730130347 -0.009751927322946349 -0.0016278670455491973 0.0052411760477710494 2.9449658441700416e-05 0.011014270403256518 0.013208722522167253 -0.015539714416593501 0.016345102953661109 0.022485922873556739 0.0013456064853247704 -0.015925744886420783 -0.02824828432578072 0.022569648351317487 0.0070879691150929113
leaf_weight=16.419532282743607 8.3290897198021394 3.469762067776176 15.944139404688029 13.238304649479685 32.013076085131615 4.9161665774881831 3.384256660006943 40.778476182371378 6.0908256564289323 35.763150518992916 14.432106268592177 18.2546027880162 9.40278258174658 32.424355966970325 25.153392658685334 19.225839840248227 3.7708792090415955
leaf_count=330 37 50 186 138 179 21 75 285 136 493 71 93 46 274 696 75 16
internal_value=-0.00128348 -0.00357575 0.00193591 -0.00223681 -0.00885288 -0.00299529 -0.0168646 0.00525659 -0.00263435 -0.00995008 0.00509079 0.0164869 0.013049 -0.0125446 -0.0252255 0.0174275 -0.00139246
internal_weight=303.011 266.053 131.219 105.724 134.834 83.7857 51.048 54.0168 22.5104 51.7073 46.4452 25.4952 36.9577 37.3405 28.5376 28.6286 7.24064
internal_count=3201 3043 1261 1102 1782 545 1237 423 466 679 250 159 158 295 771 121 66
is_linear=0
shrinkage=0.0435066


Tree=66
num_leaves=15
num_cat=0
split_feature=4 16 4 18 18 17 11 27 10 3 11 17 7 6
split_gain=4.39735 5.20676 5.49687 4.54439 1.80808 3.00439 2.50337 1.65281 1.09809 0.741737 0.549094 0.462452 0.421618 0.158695
threshold=42.150000000000013 15.500000000000002 35.150000000000013 6.5000000000000009 11.500000000000002 43.921428571428571 0.025978407557354904 3.5000000000000004 0.16987179487179482 53.500000000000007 0.10607196401799096 34.727380952380962 5.5000000000000009 119.65000000000002
decision_type=2 2 2 2 2 2 2 2 2 2 2 2 2 2
left_child=1 3 10 9 6 -6 -5 8 -4 11 -3 -1 -11 -9
right_child=-2 2 7 4 5 -7 -8 13 -10 12 -12 -13 -14 -15
leaf_value=0.0048821230592785503 0.017452734538474717 -0.017282244543838012 0.0093443718502531341 -0.016928056688913711 0.013673505389629196 -0.004925825644879628 -0.0020830054807337911 0.025415025069446675 -0.010332421835435647 -0.021879896398082306 0.00024471179815344204 -0.00800231707468212 0 0.009113669062804107
leaf_weight=3.1798027935437849 15.571436792612074 6.9656746357213688 4.2521487309131754 20.961304255295545 24.33298403210938 28.925549043342471 121.89581990870647 14.874211392365398 4.1443015006370842 28.121864317334261 2.8112580690067261 4.6582014067098498 1.3974133753217746 16.14083721768111
leaf_count=67 63 75 25 231 131 179 1028 78 46 911 50 156 24 137
internal_value=-0.00123448 -0.00266887 0.00933429 -0.00542448 -0.00244514 0.00396768 -0.00497214 0.0163449 0 -0.0181493 -0.0135422 -0.00223017 -0.0209289 0.0202553
internal_weight=298.233 282.661 49.1884 233.473 196.116 53.2585 142.857 39.4115 8.39645 37.3573 9.77693 7.838 29.5193 31.015
internal_count=3201 3138 411 2727 1569 310 1259 286 71 1158 125 223 935 215
is_linear=0
shrinkage=0.0435066


Tree=67
num_leaves=22
num_cat=0
split_feature=7 4 5 10 0 6 4 6 2 6 1 7 18 11 4 2 5 11 10 4 2
split_gain=4.588 4.49919 4.81063 4.63845 4.58039 8.18097 3.22631 2.69449 2.53265 2.269 2.11641 2.03376 1.79002 1.5014 1.40596 1.1474 0.644033 0.336243 0.31929 0.165928 0.0226899
threshold=2.5000000000000004 35.350000000000001 36.650000000000013 0.2069580731489741 1650.0000000000002 107.75000000000001 37.150000000000013 60.95000000000001 11.500000000000002 145.45000000000002 5.5000000000000009 4.5000000000000009 7.5000000000000009 0.13397435897435897 39.45000000000001 6.5000000000000009 54.650000000000013 0.15139116202945987 0.11437908496732026 39.750000000000007 12.500000000000002
decision_type=2 2 2 2 2 2 2 2 2 2 2 2 2 2 2 2 2 2 2 2 2
left_child=10 2 9 15 7 14 -7 18 -5 12 13 -9 -2 -1 -6 -4 19 -15 -3 -12 -19
right_child=1 4 3 8 5 6 -8 11 -10 -11 16 -13 -14 17 -16 -17 -18 20 -20 -21 -22
leaf_value=-0.024903192401248022 -0.023833324938211657 0.0036298718106888357 -0.024379937375635621 0.017565808421628252 -0.025951693110867244 -0.0057872983288779932 0.0093278404817656434 0.02103391348293927 -0.0065027325421992905 0.0049164402102659585 -0.0090596622120387368 -0.0028443491253431889 0.00057396015634472958 0.0071596736802924752 0.0028256888861527005 -0.00064168791349210135 0.0094065154609568134 -0.0057452352252726673 -0.0073005507117581388 0.00072737087859666035 0
leaf_weight=18.883770959801048 30.368610645644367 1.5915709808468799 4.2192660085856906 23.15558171551675 16.616313322680075 33.166610619984567 77.164010120788589 41.195519077591598 6.8518569804728022 4.6285694921389213 1.5529086729511612 5.3583392808213821 5.4277890254743388 1.8585042576305562 1.64560649357736 8.0139822177588922 4.2125828303396702 1.2128570005297663 7.8172560220118612 1.2709464859217403 0.832331021898426
leaf_count=293 536 17 31 93 382 392 582 286 37 37 47 42 69 23 15 50 24 60 165 14 6
internal_value=-0.00121148 0.000708086 -0.0073359 0.0027278 0.00449116 -0.000120684 0.00462851 0.0141569 0.0116146 -0.016985 -0.0157306 0.018084 -0.020376 -0.020994 -0.0228909 -0.0149942 0.00247039 0.000697525 -0.00409038 -0.00614218 -0.00497824
internal_weight=297.045 267.221 82.6657 42.2407 184.555 128.593 110.331 55.9627 30.0074 40.425 29.8239 46.5539 35.7964 22.7875 18.2619 12.2332 7.03644 3.90369 9.40883 2.82386 2.04519
internal_count=3201 2734 853 211 1881 1371 974 510 130 642 467 328 605 382 397 81 85 89 182 61 66
is_linear=0
shrinkage=0.0435066


Tree=68
num_leaves=21
num_cat=0
split_feature=5 16 4 6 4 6 2 2 6 0 2 4 4 18 6 6 5 17 4 5
split_gain=4.25331 3.09091 3.43431 2.71943 4.2639 3.3065 2.26452 1.74671 1.77141 1.5666 1.83575 2.26861 1.33328 1.19641 0.575007 0.660757 0.985046 0.530831 0.40358 0.141475
threshold=67.000000000000014 12.500000000000002 38.850000000000001 91.15000000000002 35.350000000000001 122.35000000000001 13.500000000000002 8.5000000000000018 111.95000000000002 1650.0000000000002 11.500000000000002 36.750000000000007 35.750000000000007 14.500000000000002 161.25000000000003 61.150000000000013 18.550000000000004 39.750000000000007 42.150000000000013 134.55000000000004
decision_type=2 2 2 2 2 2 2 2 2 2 2 2 2 2 2 2 2 2 2 2
left_child=1 14 3 4 -3 -5 9 17 -9 12 11 -11 13 -2 15 16 -1 -4 -17 -14
right_child=6 2 7 5 -6 -7 -8 8 -10 10 -12 -13 19 -15 -16 18 -18 -19 -20 -21
leaf_value=-0.01230164870780572 -0.0070937233609520934 -0.0063646868252029854 0.00086595428202523069 -0.01996989132259475 0.015363678925074391 -1.0072141470709768e-05 -0.010960450596274528 -0.014140683823765876 0.010033614178112752 -0.014347945586718511 0.015182494181358124 0.0039965577424160787 0.023689777506010298 0.011468922701221193 0.0015643701095735278 -0.021024126522020507 0.005685460097937343 0.018726016455536308 -0.00043235215624986276 0.0063869575071559331
leaf_weight=4.0210252695251238 7.7999494802206737 44.061470234300941 5.8912116559222403 31.075149446027353 19.241903835674748 28.746238230960444 7.7787328474223605 5.7368947705253941 4.2681179754436016 11.405035933479665 10.056243986822663 37.246953390538692 12.440108488313856 5.4818398170173168 1.4705103416927148 23.486593681387607 6.0928729812148958 15.145498060621319 3.2901113703846923 9.8021869668737036
leaf_count=151 59 434 42 596 183 293 43 84 23 80 47 241 63 19 19 576 66 109 18 55
internal_value=-0.00127608 -0.00505606 -0.00196552 -0.00530155 0.000913224 -0.0114736 0.00564036 0.00962236 -0.00332843 0.00773103 0.0025969 -0.00130808 0.0142585 0.00131222 -0.0151629 -0.0161965 -0.00287833 0.0154777 -0.0193764 0.0195898
internal_weight=294.539 192.528 154.166 123.125 63.3034 59.8214 102.011 31.0417 10.005 94.2323 58.7082 48.652 35.5241 13.2818 38.3611 36.8906 10.1139 21.0367 26.7767 22.2423
internal_count=3201 2594 1764 1506 617 889 607 258 107 564 368 321 196 78 830 811 217 151 594 118
is_linear=0
shrinkage=0.0435066


Tree=69
num_leaves=13
num_cat=0
split_feature=4 5 18 27 4 6 5 4 17 6 17 6
split_gain=4.41234 3.95082 3.12403 2.40362 6.03953 2.35468 2.33268 2.78744 2.05597 2.01747 0.492679 0.651896
threshold=42.150000000000013 39.750000000000007 7.5000000000000009 1.5000000000000002 36.750000000000007 70.950000000000017 67.000000000000014 38.650000000000013 46.082142857142863 125.65000000000002 21.123232323232326 108.75000000000001
decision_type=2 2 2 2 2 2 2 2 2 2 2 2
left_child=1 3 -3 10 5 -5 7 -4 -8 -6 -1 -12
right_child=-2 2 6 4 9 -7 8 -9 -10 -11 11 -13
leaf_value=0 0.017511505558224241 0.021370454043606747 -0.014633189811754687 -0.0021721640327310339 0.017752273831130892 -0.017266194704477253 0.011051823352081975 0.0090855856981410191 -0.0012579559313435852 -0.0048513229550759297 -0.021683766029211321 -0.0041191719582503727
leaf_weight=2.1896001859568051 15.541527405381201 8.3762940214946848 26.492809768766165 44.566920850425959 20.193878024350855 34.896298851119354 36.569434931501746 7.4978795144706956 57.718661835417151 6.2759934174828222 22.054237545467913 10.721265815664081
leaf_count=49 63 39 219 463 192 792 212 55 361 74 570 112
internal_value=-0.00120873 -0.0026701 0.0025001 -0.00764178 -0.00377028 -0.00972413 0.000219588 -0.00853254 0.00382227 0.012188 -0.0166934 -0.0178306
internal_weight=293.095 277.553 136.655 140.898 105.933 79.4632 128.279 33.9907 94.2881 26.4699 34.9651 32.7755
internal_count=3201 3138 886 2252 1521 1255 847 274 573 266 731 682
is_linear=0
shrinkage=0.0435066


Tree=70
num_leaves=15
num_cat=0
split_feature=4 5 5 3 5 1 16 16 4 10 5 7 9 17
split_gain=3.79791 4.12705 2.34823 2.62257 2.03766 3.17922 2.86503 1.36478 1.89792 0.909603 0.70878 0.527587 0.388598 0.222276
threshold=42.150000000000013 19.650000000000002 24.950000000000003 54.500000000000007 35.850000000000001 1.0000000180025095e-35 13.500000000000002 15.500000000000002 36.650000000000013 0.29669386002576215 2.9500000000000006 4.5000000000000009 0.17515516611902152 46.578671328671341
decision_type=2 2 2 2 2 2 2 2 2 2 2 2 2 2
left_child=1 7 3 9 6 -6 -4 10 12 -3 13 -12 -9 -1
right_child=-2 2 4 -5 5 -7 -8 8 -10 -11 11 -13 -14 -15
leaf_value=0.0055003383966378688 0.017490542506116938 -0.013475751397846106 0.0081481018819952802 0.024297142343964493 0.012680053245765302 -0.00095974271743562217 -0.013617460594978519 -0.01369328050603642 0.015410236447181801 0.0066292754960271425 -0.01803674427883218 -0.0012702596266597522 0.0016798954013313968 -0.0044379621865465518
leaf_weight=2.5369069932494308 15.490364748984573 2.9337745674420139 10.469786337576805 9.4741493361070734 35.055142934899777 137.75759614212438 33.135284080402926 3.771762711927293 3.745201182551682 1.6881958255544303 32.586720941704698 6.5134927025064817 1.1544290271122006 1.1102590442169455
leaf_count=79 63 68 121 84 165 937 368 121 31 13 930 136 26 64
internal_value=3.89811e-05 -0.00125844 0.00127701 0.0153095 -1.26122e-05 0.00211117 -0.00781056 -0.011664 0.00198461 -0.00564588 -0.0145334 -0.016045 -0.0103054 0.000578275
internal_weight=297.423 281.933 230.514 14.0961 216.418 172.813 43.6051 51.4188 8.67139 4.62197 42.7474 39.1002 4.92619 3.64717
internal_count=3206 3143 1756 165 1591 1102 489 1387 178 81 1209 1066 147 143
is_linear=0
shrinkage=0.0435066


Tree=71
num_leaves=14
num_cat=0
split_feature=13 4 17 10 16 11 16 4 3 0 24 17 4
split_gain=4.68357 3.02704 3.02013 4.12491 2.4948 2.18993 2.31977 1.75316 2.12576 1.44984 1.144 1.04516 0.502267
threshold=0.70833333333333337 37.650000000000013 45.547355769230784 0.28708791208791212 14.500000000000002 0.025978407557354904 14.500000000000002 42.550000000000004 54.500000000000007 1350.0000000000002 1.0000000180025095e-35 58.246428571428574 35.250000000000007
decision_type=2 2 2 2 2 2 2 2 2 2 2 2 2
left_child=1 2 5 9 7 12 -7 8 -3 -4 -6 -5 -1
right_child=-2 4 3 11 10 6 -8 -9 -10 -11 -12 -13 -14
leaf_value=-0.017500890189094488 -0.025532764165656148 -0.0056997625616677606 -0.0026487190140021019 -0.0040764138533675312 0.028707984723539554 0.001067201210391265 0.01708745119914358 0.015967843514227219 0.0077335679755078648 -0.019790125259540894 0.0022173425737670909 0.014934394534636321 -0.0022674617138398467
leaf_weight=4.3759626038372543 6.4930503955110899 41.753751656971872 17.313818655442446 3.9717102521099141 6.8390404954552633 93.885024729184806 15.189695899374781 10.70543449372053 34.773991006426513 31.725123692303896 6.7174976607784629 8.5737285220529866 13.407338019926099
leaf_count=50 490 443 167 69 27 890 107 45 304 333 33 103 145
internal_value=0 0.0011391 -0.00207811 -0.00950634 0.00700895 0.00174077 0.00422289 0.00340477 0.00041089 -0.01494 0.0210646 0.00905141 -0.0101186
internal_weight=295.725 289.232 188.442 61.5844 100.79 126.858 109.075 87.2332 76.5277 49.0389 13.5565 12.5454 17.7833
internal_count=3206 2716 1864 672 852 1192 997 792 747 500 60 172 195
is_linear=0
shrinkage=0.0435066


Tree=72
num_leaves=14
num_cat=0
split_feature=13 6 25 6 7 6 1 4 6 20 6 6 10
split_gain=4.48986 3.47166 4.65719 4.11023 2.61081 1.99095 2.33189 1.58853 1.35033 1.31702 0.902988 0.898737 0.681153
threshold=0.70833333333333337 123.25000000000001 1.5000000000000002 144.15000000000001 2.5000000000000004 145.75000000000003 1.0000000180025095e-35 35.250000000000007 114.2 5.5000000000000009 122.25000000000001 125.65000000000002 0.21182053494391712
decision_type=2 2 2 2 2 2 2 2 2 2 2 2 2
left_child=1 2 10 9 8 -5 -7 -6 -4 11 -1 -3 -12
right_child=-2 3 4 5 7 6 -8 -9 -10 -11 12 -13 -14
leaf_value=-0.027087657866215791 -0.025139319811532834 0.030638934566562796 -0.014760425862770685 -0.016717972181333036 -0.0026477356322034992 0.018879339844667629 -0.0037452414207520125 0.0054005593264271007 0.005511556561115993 0 0.0029381181433781678 0.0031377506252155923 -0.01173883947910344
leaf_weight=7.4234835901297656 6.3378098036628208 13.144622868392622 20.675126937218014 4.3899123333394554 63.969009649241343 6.9505147822201279 18.102166442200541 128.44295978709124 3.5278268083930007 5.0591218001209191 6.2851130580529553 5.3588330522179595 5.4837963250465691
leaf_count=117 490 64 322 59 570 21 162 1201 22 41 47 36 54
internal_value=0 0.00112621 -0.00117464 0.0105393 0.000834283 -0.000564194 0.00481408 0.00267512 -0.0109353 0.0218647 -0.0187042 0.0259686 -0.00509618
internal_weight=295.15 288.812 235.807 53.0052 216.615 29.4426 25.0527 192.412 24.203 23.5626 19.1924 18.5035 11.7689
internal_count=3206 2716 2333 383 2115 242 183 1771 344 141 218 100 101
is_linear=0
shrinkage=0.0435066


Tree=73
num_leaves=13
num_cat=0
split_feature=13 6 25 6 9 16 6 6 6 17 6 10
split_gain=4.11635 3.69966 4.0002 3.53833 2.36916 2.16968 2.53611 1.60945 1.53311 1.3927 0.894483 0.585741
threshold=0.70833333333333337 123.25000000000001 1.5000000000000002 125.65000000000002 0.060024009603841501 14.500000000000002 69.550000000000011 108.15000000000002 163.05000000000004 60.576682692307699 122.25000000000001 0.21182053494391712
decision_type=2 2 2 2 2 2 2 2 2 2 2 2
left_child=1 2 10 -3 9 7 -7 -4 -6 -5 -1 -12
right_child=-2 3 5 4 8 6 -8 -9 -10 -11 11 -13
leaf_value=-0.026135534458366722 -0.024341742809554732 0.023927644462034062 -0.004185670342517378 0.00082584896175877604 -0.02061118302606536 -0.009038359870332453 0.015474360207251171 0.0040110992728424437 0.004584679992656401 0.02036854587308223 0.0027715970601518924 -0.010810264496568989
leaf_weight=7.0288465493358698 6.0942393257282665 17.04691016767174 122.73636749130674 21.724323163274679 5.534538980573414 5.3240099083632257 25.499299799790606 62.789526614127681 3.3347203675657511 4.9941870896145693 6.2627621963620168 5.3971756747923791
leaf_count=117 490 95 1310 172 66 63 175 567 23 27 47 54
internal_value=0 0.00104167 -0.00133306 0.0107948 0.00153501 0.000517434 0.0101321 -0.00131713 -0.0125538 0.00805943 -0.0177499 -0.00458285
internal_weight=293.767 287.673 235.038 52.6347 35.5878 216.349 30.8233 185.526 8.86926 26.7185 18.6888 11.6599
internal_count=3206 2716 2333 383 288 2115 238 1877 89 199 218 101
is_linear=0
shrinkage=0.0435066


Tree=74
num_leaves=14
num_cat=0
split_feature=13 6 6 6 4 4 5 6 1 7 4 20 2
split_gain=3.92009 3.29435 3.60364 2.82898 3.79341 2.95151 3.06146 1.72082 2.00052 1.71595 1.60126 1.445 0.722217
threshold=0.70833333333333337 123.25000000000001 144.15000000000001 74.450000000000003 38.350000000000001 36.650000000000013 36.550000000000004 145.75000000000003 1.0000000180025095e-35 3.5000000000000004 33.750000000000007 5.5000000000000009 9.5000000000000018
decision_type=2 2 2 2 2 2 2 2 2 2 2 2 2
left_child=1 3 11 5 10 6 -1 -4 -9 -6 -5 -3 -7
right_child=-2 2 7 4 9 12 -8 8 -10 -11 -12 -13 -14
leaf_value=-0.00898543061337948 -0.023942794549465928 0.025265096214859457 -0.01540716120284838 0.0045865974005644483 -0.0018508204770630982 0.021068039845761322 0.0070954657211993403 0.017777783480428851 -0.0033013038424030737 0.012422108488970069 -0.013348009600371812 0 0
leaf_weight=33.098244661698118 5.9532896562013766 18.032076072413478 4.3181747775524881 6.6406382555142036 46.836351947626099 13.308891864493491 45.053805709816515 6.8030052371323135 17.816547545138747 16.11879147682339 68.723156984779052 5.0831211972981682 4.4676959170028558
leaf_count=499 490 100 59 38 434 78 228 21 162 110 919 41 27
internal_value=-2.17231e-05 0.000963081 0.0102196 -0.00127296 -0.00518828 0.00424513 0 -0.000295347 0.00470167 0.00248104 -0.0114054 0.0208931 0.0174918
internal_weight=292.254 286.301 52.0529 234.248 138.319 95.9286 78.1521 28.9377 24.6196 62.9551 75.3638 23.1152 17.7766
internal_count=3206 2716 383 2333 1501 832 727 242 183 544 957 141 105
is_linear=0
shrinkage=0.0435066


end of trees

feature_importances:
popularity=202
odds=154
time_seconds=136
field_size=107
popularity_rank=86
jockey_top3_rate=80
race_avg_odds=57
jockey_track_win_rate=51
age=46
weight=45
horse_top3_rate=45
horse_number=40
distance=35
jockey_win_rate=33
track_combined_encoded=23
venue_code=22
track_type_encoded=18
weather_encoded=13
track_condition_encoded=9
distance_category_encoded=9
year=8
horse_race_count=4
sex_encoded=3
day_of_week=2
time_weight=1

parameters:
[boosting: gbdt]
[objective: lambdarank]
[metric: ndcg]
[tree_learner: serial]
[device_type: cpu]
[data_sample_strategy: bagging]
[data: ]
[valid: ]
[num_iterations: 5000]
[learning_rate: 0.0435066]
[num_leaves: 101]
[num_threads: 0]
[seed: 42]
[deterministic: 0]
[force_col_wise: 1]
[force_row_wise: 0]
[histogram_pool_size: -1]
[max_depth: 5]
[min_data_in_leaf: 27]
[min_sum_hessian_in_leaf: 0.001]
[bagging_fraction: 0.772374]
[pos_bagging_fraction: 1]
[neg_bagging_fraction: 1]
[bagging_freq: 5]
[bagging_seed: 400]
[bagging_by_query: 0]
[feature_fraction: 0.800155]
[feature_fraction_bynode: 1]
[feature_fraction_seed: 30056]
[extra_trees: 0]
[extra_seed: 12879]
[early_stopping_round: 0]
[early_stopping_min_delta: 0]
[first_metric_only: 0]
[max_delta_step: 0]
[lambda_l1: 0.231512]
[lambda_l2: 6.51682]
[linear_lambda: 0]
[min_gain_to_split: 0]
[drop_rate: 0.1]
[max_drop: 50]
[skip_drop: 0.5]
[xgboost_dart_mode: 0]
[uniform_drop: 0]
[drop_seed: 17869]
[top_rate: 0.2]
[other_rate: 0.1]
[min_data_per_group: 100]
[max_cat_threshold: 32]
[cat_l2: 10]
[cat_smooth: 10]
[max_cat_to_onehot: 4]
[top_k: 20]
[monotone_constraints: ]
[monotone_constraints_method: basic]
[monotone_penalty: 0]
[feature_contri: ]
[forcedsplits_filename: ]
[refit_decay_rate: 0.9]
[cegb_tradeoff: 1]
[cegb_penalty_split: 0]
[cegb_penalty_feature_lazy: ]
[cegb_penalty_feature_coupled: ]
[path_smooth: 0]
[interaction_constraints: ]
[verbosity: -1]
[saved_feature_importance_type: 0]
[use_quantized_grad: 0]
[num_grad_quant_bins: 4]
[quant_train_renew_leaf: 0]
[stochastic_rounding: 1]
[linear_tree: 0]
[max_bin: 255]
[max_bin_by_feature: ]
[min_data_in_bin: 3]
[bin_construct_sample_cnt: 200000]
[data_random_seed: 175]
[is_enable_sparse: 1]
[enable_bundle: 1]
[use_missing: 1]
[zero_as_missing: 0]
[feature_pre_filter: 1]
[pre_partition: 0]
[two_round: 0]
[header: 0]
[label_column: ]
[weight_column: ]
[group_column: ]
[ignore_column: ]
[categorical_feature: ]
[forcedbins_filename: ]
[precise_float_parser: 0]
[parser_config_file: ]
[objective_seed: 16083]
[num_class: 1]
[is_unbalance: 0]
[scale_pos_weight: 1]
[sigmoid: 1]
[boost_from_average: 1]
[reg_sqrt: 0]
[alpha: 0.9]
[fair_c: 1]
[poisson_max_delta_step: 0.7]
[tweedie_variance_power: 1.5]
[lambdarank_truncation_level: 30]
[lambdarank_norm: 1]
[label_gain: ]
[lambdarank_position_bias_regularization: 0]
[eval_at: 1,3,5]
[multi_error_top_k: 1]
[auc_mu_weights: ]
[num_machines: 1]
[local_listen_port: 12400]
[time_out: 120]
[machine_list_filename: ]
[machines: ]
[gpu_platform_id: -1]
[gpu_device_id: -1]
[gpu_use_dp: 0]
[num_gpu: 1]

end of parameters

pandas_categorical:[]
