tree
version=v4
num_class=1
num_tree_per_iteration=1
label_index=0
max_feature_idx=28
objective=lambdarank
feature_names=distance venue_code horse_number weight popularity odds time_seconds age year jockey_win_rate jockey_top3_rate jockey_track_win_rate horse_win_rate horse_top3_rate horse_race_count horse_dist_win_rate field_size race_avg_odds popularity_rank month day_of_week track_type_encoded track_condition_encoded weather_encoded sex_encoded distance_category_encoded season_encoded track_combined_encoded time_weight
feature_infos=[1000:2600] [0:8] [1:18] [48:59] [0:51.899999999999999] [1.2:564.70000000000005] [0:179.90000000000001] [2:9] [2016:2023] [0:0.5] [0:1] [0:1] [0:1] [0:1] [1:5] [0:1] [5:16] [12.48:127.28571428571428] [1:16] none [5:6] [0:1] [0:2] [0:2] [0:2] [0:3] none [0:5] [0.41666666666666657:1.6900000000000002]
tree_sizes=1793 1501 1825 1495 1939 1841 1929 1717 1814 2426 2251 2044 2557 2041 1930 1413 2124 1722 1632 1721 2142 2111 1948 1713 1803 1868 1514 1501 1511 1395 1521 1311 1205 1596 2215 2550 1713 2241 2371 2427 2357 2415 2253 2224 1874 1681 1602 2249 2358 1688 1509 1503 1832 1934 1741 2016 2017 1820 2749 1812 1942 2539 2028 2713 1915 2514 1738 1101 1202 1727 2684 2468 1850 1963 1207 2465 2225 2110 2548 2348 2004 1890 1538 1881 1599 2926 1693 1560 1177 2467 2247 1745 2133 2372 2558 2245 1794 2225 2138 2206 2337 2471 1525 2615 2401 1823 1730 2329 2425 2436 2259 1900 1940 2933 1717 2045 2310 1603 1910 2386 2483 1853 1928 1606 2454 2419 1400 1483 1587 2427 1739 2490 2564 2936 1615 2836 2334 2021 2658 2604 2225 2680 1939 2449 2289 2349 1814 2451 2450 2684 1619 1212 1218 1826 1313 1527 1643 1501

Tree=0
num_leaves=16
num_cat=0
split_feature=13 18 5 4 16 18 4 6 5 6 16 5 7 5 5
split_gain=109.058 42.3701 8.9276 12.3954 6.24706 6.06606 5.97586 3.31853 2.23821 1.62566 1.105 0.92138 0.699893 0.650246 0.60109
threshold=0.36666666666666675 8.5000000000000018 35.95000000000001 39.650000000000013 12.500000000000002 7.5000000000000009 36.350000000000001 70.950000000000017 85.40000000000002 69.65000000000002 12.500000000000002 55.150000000000013 3.5000000000000004 37.350000000000001 46.750000000000007
decision_type=2 2 2 2 2 2 2 2 2 2 2 2 2 2 2
left_child=1 2 3 5 -4 -1 7 9 -2 -3 -5 14 -9 -6 -8
right_child=8 6 4 10 13 -7 11 12 -10 -11 -12 -13 -14 -15 -16
leaf_value=-0.024463182253916756 -0.064954738414575774 0.0015670234851638848 -0.015055068045151955 -0.00017826409422082491 0.0066027497102077431 0.010360988908244327 0.018410526474559818 -0.010253166393417669 0 0.031761737545954793 0.025664120955338904 0.046694393160611726 0.0041505609701258887 0.031680383373851345 -0.00058591570761579181
leaf_weight=59.168630559928715 35.450475920224562 6.2658188843634006 4.9365024548023966 2.8786435173824421 8.4750766998622584 6.9111986830830565 9.5580870802514237 5.1929348818957788 1.3308264091610897 8.1486786943860334 8.587162366602568 45.57289166143164 7.3315918501466513 9.9618880189955217 2.1992652821354559
leaf_count=998 764 90 78 41 92 92 116 85 23 75 90 415 89 78 33
internal_value=-0.000796726 0.0132674 -0.00570609 -0.0127491 0.0150085 -0.0200791 0.034879 0.012952 -0.063179 0.023692 0.0209026 0.042651 -0.00275774 0.0252912 0.0153642
internal_weight=221.97 185.188 100.919 77.5456 23.3735 66.0798 84.2693 26.939 36.7813 14.4145 11.4658 57.3302 12.5245 18.437 11.7574
internal_count=3159 2372 1469 1221 248 1090 903 339 787 165 131 564 174 170 149
is_linear=0
shrinkage=0.0435066


Tree=1
num_leaves=13
num_cat=0
split_feature=13 4 5 21 18 6 9 10 16 16 18 4
split_gain=183.967 105.49 80.6211 28.4503 23.2519 21.4586 16.1983 10.6924 9.39302 8.72541 6.79218 1.39846
threshold=0.36666666666666675 40.45000000000001 35.95000000000001 1.0000000180025095e-35 7.5000000000000009 102.85000000000001 1.0000000180025095e-35 0.25873937103522743 12.500000000000002 15.500000000000002 12.500000000000002 40.850000000000001
decision_type=2 2 2 2 2 2 2 2 2 2 2 2
left_child=1 2 4 6 9 -5 -4 -6 -3 -1 -2 -10
right_child=10 8 3 5 7 -7 -8 -9 11 -11 -12 -13
leaf_value=-0.032272034344962154 -0.068361524371584201 0.01532243645883017 -0.01481167376388505 0.015507343341472647 -0.012694373569351462 -0.017608437086587839 0.024204420964041299 0.020638175161607906 0.025320426905251041 0.0010392681554958036 0 0.059614808232106749
leaf_weight=145.7634917460382 63.860660256817937 22.398355059325695 17.502096071839333 58.074738875031471 35.080780869349837 80.356304097920656 218.29221007414162 25.848466411232948 18.654530722647905 15.407776186242698 3.0300297643989316 58.003335915505886
leaf_count=948 769 53 51 149 146 185 523 82 40 99 18 96
internal_value=-6.99438e-05 0.00677128 -0.000305348 0.0119437 -0.0207405 -0.00357359 0.0209464 0.00192498 0.0468576 -0.0291108 -0.0656145 0.0540282
internal_weight=762.273 695.382 596.326 374.225 222.101 138.431 235.794 60.9292 99.0562 161.171 66.8907 76.6579
internal_count=3159 2372 2183 908 1275 334 574 228 189 1047 787 136
is_linear=0
shrinkage=0.0435066


Tree=2
num_leaves=16
num_cat=0
split_feature=5 4 5 1 18 13 9 17 4 2 5 10 6 9 17
split_gain=145.178 59.6039 21.9104 28.6484 20.1865 20.1187 14.7287 12.0936 11.1949 9.6246 8.24524 7.29048 5.92628 5.42969 2.7145
threshold=16.150000000000002 39.45000000000001 38.45000000000001 1.0000000180025095e-35 10.500000000000002 0.36666666666666675 0.060024009603841501 41.416428571428575 40.45000000000001 10.500000000000002 34.550000000000004 0.11437908496732026 110.75000000000001 0.14651229273870783 35.350606060606069
decision_type=2 2 2 2 2 2 2 2 2 2 2 2 2 2 2
left_child=5 2 6 -4 -5 8 10 14 11 -8 -2 -1 -9 -13 -3
right_child=1 7 3 4 -6 -7 9 12 -10 -11 -12 13 -14 -15 -16
leaf_value=0.0065946045633959215 -0.031544449449451395 0.017615659564088466 0.050822565925466544 -0.013990111577833973 0.012289998721483012 -0.06384212388826177 -0.0049833223662416682 0.023610381243466393 0.00479114078213285 0.030874408682564226 -0.0074104420182011478 -0.040149474562149109 0.055266436189186689 -0.006574924433518964 -0.0054475119410021125
leaf_weight=6.3009727001190177 46.587900154292583 19.62748105823994 22.194628462195396 71.599390974268317 183.92913481779397 40.2801215313375 33.194565385580063 36.043247811496258 17.019931245595217 16.059015424922109 68.080043071880937 63.780719976872206 49.106331899762154 14.648854326456783 10.557956665754316
leaf_count=35 350 50 29 247 487 590 176 97 47 59 293 504 72 94 29
internal_value=-0.000449666 0.00962662 0.00213748 0.00952335 0.00472305 -0.0387209 -0.0102026 0.0365736 -0.0254389 0.00876896 -0.0184679 -0.0315302 0.0446077 -0.0349826 0.0097395
internal_weight=699.01 556.98 441.645 277.723 255.529 142.031 163.922 115.335 101.75 49.2536 114.668 84.7305 85.1496 78.4296 30.1854
internal_count=3159 1889 1641 763 734 1270 878 248 680 235 643 633 169 598 79
is_linear=0
shrinkage=0.0435066


Tree=3
num_leaves=13
num_cat=0
split_feature=13 4 18 7 0 4 5 4 3 18 5 1
split_gain=123.586 53.3896 50.9573 23.5978 15.8187 34.4569 14.6945 6.72407 4.91407 3.73794 3.28519 0.667926
threshold=0.36666666666666675 40.45000000000001 6.5000000000000009 2.5000000000000004 1550.0000000000002 36.650000000000013 205.75000000000003 41.45000000000001 53.500000000000007 12.500000000000002 10.65 3.5000000000000004
decision_type=2 2 2 2 2 2 2 2 2 2 2 2
left_child=1 2 8 -3 5 -4 -6 11 10 -2 -1 -5
right_child=9 3 4 7 6 -7 -8 -9 -10 -11 -12 -13
leaf_value=-0.021638862464283919 -0.062695804337305608 -0.011597793223619533 0.0027455245848400783 0.0094915827599903347 -0.0057393581056570326 0.042648204853999505 0.024458406708994299 0.053996532200561928 -0.037131633343670499 -0.0033518543166786538 0.0056260772249032091 0.02828157422138259
leaf_weight=10.482464935630562 49.995069354772568 15.009462103247641 136.88565982878208 18.78068632632494 213.98416176345199 52.945463478565216 28.857803750783205 46.593255341053009 57.87667722441256 3.2474916670471421 11.477420099079607 16.576057717204094
leaf_count=94 769 43 483 43 832 112 75 68 519 18 68 35
internal_value=-0.000257939 0.00552475 -0.000208374 0.0340309 0.00578205 0.0149721 -0.00156503 0.0427406 -0.0307764 -0.060005 -0.00900862 0.0215718
internal_weight=662.712 609.469 512.51 96.9595 432.673 189.831 242.842 81.95 79.8366 53.2426 21.9599 35.3567
internal_count=3159 2372 2183 189 1502 595 907 146 681 787 162 78
is_linear=0
shrinkage=0.0435066


Tree=4
num_leaves=17
num_cat=0
split_feature=13 5 16 5 17 1 11 5 1 11 18 10 10 2 10 18
split_gain=103.801 46.289 21.5075 14.704 13.2748 11.859 9.62611 7.17741 6.6915 6.06901 5.64383 4.95993 6.83387 5.0901 4.06167 3.18819
threshold=0.36666666666666675 39.250000000000007 11.500000000000002 16.150000000000002 49.301339285714285 1.5000000000000002 0.063392857142857112 28.550000000000004 5.5000000000000009 0.063392857142857112 8.5000000000000018 0.34761152783260957 0.11437908496732026 2.5000000000000004 0.18734335839598995 12.500000000000002
decision_type=2 2 2 2 2 2 2 2 2 2 2 2 2 2 2 2
left_child=1 3 10 11 7 9 -7 -5 -6 -4 -3 12 -1 -13 -12 -2
right_child=15 2 5 4 8 6 -8 -9 -10 -11 14 13 -14 -15 -16 -17
leaf_value=0.0070379190559642785 -0.05975849900887837 -0.034590429679215336 0.01611380586564681 0.0069043194714232016 0.023940320129086635 0.020640858626543728 0.0012453379862064642 -0.013749912023936177 -0.01340259019026345 0.047675256349827007 -0.013135029938430354 0.018944706131170573 -0.032852059377565045 -0.01579974158959821 0.016124970280304539 -0.0040044456770704766
leaf_weight=6.5271906219422808 46.114792212843895 9.5668808370828611 31.369994908571243 39.715206949040294 39.970230815932155 142.08322323858738 74.855345346033573 101.63987579848617 6.4480284824967375 35.170485019683838 14.672954171895983 6.5257865525782135 56.007425865158439 13.988663014024494 9.029897712171076 3.4369979314506045
leaf_count=37 769 56 75 190 162 362 208 470 41 53 51 30 503 110 24 18
internal_value=-0.000388869 0.00493993 0.0160942 -0.00814115 -0.00112574 0.019989 0.0142249 -0.00783024 0.0175513 0.0356984 -0.0146778 -0.0226545 -0.0282713 -0.00247198 -0.000581266 -0.0569859
internal_weight=637.123 587.571 316.749 270.822 187.773 283.479 216.939 141.355 46.4183 66.5405 33.2697 83.0491 62.5346 20.5144 23.7029 49.5518
internal_count=3159 2372 829 1543 863 698 570 660 203 128 131 680 540 140 75 787
is_linear=0
shrinkage=0.0435066


Tree=5
num_leaves=16
num_cat=0
split_feature=4 5 18 5 7 21 6 0 10 10 21 4 16 4 2
split_gain=85.7742 92.3743 25.8424 25.0081 19.4993 15.4022 15.8571 8.9835 6.11141 6.08236 4.76495 4.58762 4.06895 3.94715 2.58888
threshold=40.45000000000001 34.550000000000004 7.5000000000000009 186.60000000000005 2.5000000000000004 1.0000000180025095e-35 71.350000000000009 1550.0000000000002 0.25873937103522743 0.15007309941520466 1.0000000180025095e-35 39.650000000000013 12.500000000000002 36.650000000000013 12.500000000000002
decision_type=2 2 2 2 2 2 2 2 2 2 2 2 2 2 2
left_child=1 2 9 5 -2 6 -3 -7 14 11 -5 -1 -6 -10 -4
right_child=4 3 8 10 12 7 -8 -9 13 -11 -12 -13 -14 -15 -16
leaf_value=-0.021902166528755436 -0.0088943350654568307 0.020630001523953931 -0.023168438727058229 0.035396038446332191 0.014541352242001437 0.0041761033670596488 -0.0041158752760996949 -0.024813556928851281 -0.0062943414728023582 -0.045542677630831398 0.0071296875030176059 0.01471111501295822 0.048834692918987795 0.021698690197220847 0.0060843348278709162
leaf_weight=18.230994001030925 13.045353472232817 79.056475326418877 20.608852995559577 46.836894355714321 16.011252135038376 27.101755801588297 109.49669896624982 53.925022625364363 13.262001797556879 113.29274803958833 20.530202478170395 3.3518578093498936 64.537507202476263 13.274080080911515 3.6970368511974803
leaf_count=186 51 223 152 95 36 86 407 257 64 1364 54 13 120 43 24
internal_value=-0.000724337 -0.00771887 -0.0318084 0.00588102 0.036195 -0.000222495 0.00655051 -0.015413 -0.00438121 -0.0413976 0.0283068 -0.0137645 0.0437323 0.00892114 -0.0180465
internal_weight=616.259 522.665 185.718 336.947 93.5941 269.58 188.553 81.0268 50.842 134.876 67.3671 21.5829 80.5488 26.5361 24.3059
internal_count=3175 2968 1846 1122 207 973 630 343 283 1563 149 199 156 107 176
is_linear=0
shrinkage=0.0435066


Tree=6
num_leaves=17
num_cat=0
split_feature=13 4 5 7 21 5 6 25 4 25 5 6 16 3 4 11
split_gain=84.9247 54.622 36.4233 15.8732 14.2614 10.4517 9.22598 8.05203 9.37726 6.93749 6.76756 5.82029 5.11372 4.62421 1.2281 0.240943
threshold=0.36666666666666675 39.750000000000007 35.350000000000001 2.5000000000000004 1.0000000180025095e-35 205.75000000000003 109.45000000000002 2.5000000000000004 36.650000000000013 2.5000000000000004 142.20000000000002 108.75000000000001 12.500000000000002 57.500000000000007 39.750000000000007 0.052177858439201405
decision_type=2 2 2 2 2 2 2 2 2 2 2 2 2 2 2 2
left_child=1 2 7 15 5 -4 11 13 -9 -6 14 -5 -8 -1 -2 -3
right_child=10 3 4 6 9 -7 12 8 -10 -11 -12 -13 -14 -15 -16 -17
leaf_value=-0.0277786452445693 -0.056627111306689661 -0.00029650544117399102 0.0072423946636991088 0.023124387070193538 -0.017086246028277321 0.031381805026367345 0.012320496064213031 -0.014433708410394307 0.024558861884798444 0.0071387717502280007 0.0067860088711663956 -0.013428997790817899 0.049497961764508783 0.0054910746155066971 -0.0015657910848506258 -0.011980326803250174
leaf_weight=99.10604114132002 44.359135820530355 7.4617884382605535 164.63113662973046 12.165076922625305 51.716570829041302 39.30839815735817 14.562602538615463 31.120016606524587 10.391501676291226 30.919885598123074 1.8130469378083933 8.7257360704243165 60.549056649208069 5.9039865359663954 1.54534751176834 6.5360632315278053
leaf_count=833 774 23 517 42 238 75 37 256 53 81 7 40 111 35 21 32
internal_value=-0.000359549 0.00475281 -0.00230604 0.0312062 0.00668707 0.0127707 0.0372293 -0.0194969 -0.00245517 -0.0080498 -0.052311 0.00792636 0.0439725 -0.0256062 -0.0553907 -0.00831575
internal_weight=590.815 543.098 433.098 110 286.576 203.94 96.0025 146.522 41.5115 82.6365 47.7175 20.8908 75.1117 105.01 45.9045 13.9979
internal_count=3175 2373 2088 285 911 592 230 1177 309 319 802 82 148 868 795 55
is_linear=0
shrinkage=0.0435066


Tree=7
num_leaves=15
num_cat=0
split_feature=13 18 2 3 0 16 18 9 3 5 5 9 9 10
split_gain=71.8238 42.3946 10.5171 8.20164 9.7647 7.42033 7.03124 7.16034 7.54235 7.0212 4.71261 4.63438 4.06141 2.227
threshold=0.36666666666666675 9.5000000000000018 17.500000000000004 53.500000000000007 1750.0000000000002 12.500000000000002 12.500000000000002 0.03608470181503886 53.500000000000007 142.20000000000002 111.45 0.07669789227166271 0.012896825396825353 0.12074829931972787
decision_type=2 2 2 2 2 2 2 2 2 2 2 2 2 2
left_child=1 2 3 4 -1 -5 7 10 -9 13 -3 12 -8 -2
right_child=9 6 -4 5 -6 -7 11 8 -10 -11 -12 -13 -14 -15
leaf_value=0.015650578570542164 -1.0027078822763838e-05 -0.016984910223445344 0.030118514165337652 -0.025872474067720471 -0.023178604757680969 -0.0072598590305679384 0.0026437940582811001 -0.0049109717306663921 0.021576387469506825 0.0078449333235706548 0.0092214683326699784 0.0027723974373462788 0.032546242086853965 -0.054392874811511227
leaf_weight=40.715871348977089 1.8543575387448061 20.875222861766815 7.2972805313765994 54.148311605677009 10.159049715846775 156.55568968085572 11.725151494145392 22.839740868657827 83.173151608556509 1.9384414553642262 18.443263679742813 16.990381315350533 79.904391042888165 41.160545755177736
leaf_count=228 25 94 15 389 79 933 37 85 239 7 56 49 169 770
internal_value=-1.66874e-05 0.00473681 -0.00720674 -0.00899237 0.00596991 -0.0127221 0.0172849 0.0101803 0.0158264 -0.0490976 -0.00490911 0.025589 0.0292521 -0.0525616
internal_weight=567.781 522.828 268.876 261.579 50.8749 210.704 253.951 145.331 106.013 44.9533 39.3185 108.62 91.6295 43.0149
internal_count=3175 2373 1644 1629 307 1322 729 474 324 802 150 255 206 795
is_linear=0
shrinkage=0.0435066


Tree=8
num_leaves=16
num_cat=0
split_feature=13 4 5 1 18 18 16 9 18 22 2 4 4 4 5
split_gain=64.6333 48.2743 35.2234 16.0739 16.7341 15.5969 12.5704 8.46272 5.00124 3.24874 2.92413 1.71827 0.900231 0.952752 0.262317
threshold=0.36666666666666675 40.45000000000001 36.850000000000001 1.5000000000000002 9.5000000000000018 7.5000000000000009 12.500000000000002 0.063220940550133067 12.500000000000002 1.0000000180025095e-35 16.500000000000004 39.95000000000001 41.45000000000001 40.850000000000001 65.450000000000017
decision_type=2 2 2 2 2 2 2 2 2 2 2 2 2 2 2
left_child=1 2 5 9 -5 10 14 -7 11 -4 -1 -2 13 -8 -3
right_child=8 6 3 4 -6 7 12 -9 -10 -11 -12 -13 -14 -15 -16
leaf_value=-0.024909240523542112 -0.053066334165896935 0.0063828657876203064 0.028423840148584033 -0.03011692566898639 0.0066792727558110665 -0.015161528032277796 0.029075971865445402 0.018189788566696778 0.0013047859906574835 0.0010175671252255129 0.0025222713098404419 0 0.050468433232861772 0.0056362024889869584 -0.0012081787246453826
leaf_weight=124.43023700872436 37.75712263584137 11.275627050548794 63.211229098960757 20.757768660783768 157.34727225825191 18.001004377380013 14.433245442807676 28.636762827634811 2.9172392245382062 10.710720412433146 5.8886652924120417 1.3921274915337551 36.495940968394279 9.8709175214171392 9.9232617095112783
leaf_count=1090 766 38 169 116 491 140 38 113 18 34 24 18 62 33 25
internal_value=-1.12498e-05 0.00447543 -0.00151559 0.00882871 0.0014245 -0.0160934 0.0337357 0.00484692 -0.0480082 0.0249822 -0.023535 -0.0515652 0.0429675 0.0230875 0.00301749
internal_weight=553.049 510.983 428.984 252.027 178.105 176.957 81.999 46.6378 42.0665 73.9219 130.319 39.1493 60.8001 24.3042 21.1989
internal_count=3175 2373 2177 810 607 1367 196 253 802 203 1114 784 133 71 63
is_linear=0
shrinkage=0.0435066


Tree=9
num_leaves=22
num_cat=0
split_feature=4 5 18 7 6 5 6 17 21 16 3 10 10 6 5 10 6 4 6 5 5
split_gain=58.8799 55.6568 19.2109 13.9553 12.8601 11.5008 12.0631 13.3434 11.9346 9.35545 3.50422 3.29813 3.21961 3.62344 3.184 2.46588 2.34481 1.90817 1.54022 1.50927 0.730044
threshold=39.350000000000001 35.350000000000001 7.5000000000000009 2.5000000000000004 110.35000000000001 186.60000000000005 74.200000000000003 46.249450549450557 1.0000000180025095e-35 12.500000000000002 52.500000000000007 0.12372448979591837 0.25873937103522743 106.15000000000002 34.650000000000013 1.0000000180025095e-35 108.15000000000002 40.150000000000013 90.550000000000011 58.400000000000006 34.850000000000001
decision_type=2 2 2 2 2 2 2 2 2 2 2 2 2 2 2 2 2 2 2 2 2
left_child=1 2 14 19 11 6 8 -8 -3 -6 -7 -5 16 -14 15 -1 -4 -13 -12 -2 -16
right_child=3 5 12 4 9 10 7 -9 -10 -11 18 17 13 -15 20 -17 -18 -19 -20 -21 -22
leaf_value=0.0014903479955871476 -0.018894511193472824 0.018770048813139959 -0.021212591666852392 -0.01183096047603069 0.0056764285911614027 0 0.0021065546179734346 -0.02936686224805404 -0.0095139281871363061 0.050926202546654517 0.0087165400796132188 0 0.019812773098175702 -0.0093522091831000232 0.0033546747658391696 -0.039072486856691339 0.0037204602667966547 0.021055502351630982 0.03158877717732516 0.0028050671886092875 -0.012609821125960196
leaf_weight=1.9399229139089573 6.7457387894391996 73.858240192756057 11.554349669255318 5.8516594022512427 12.894183363765476 11.599787473678587 57.202850067988038 37.626845147460699 38.018751611933112 50.601746395230293 16.060869589447975 11.183454221114518 13.51527456007898 7.9219412673264733 4.2441003769636136 105.75160058308393 8.0599381588399392 19.993246100842953 28.814326908439398 7.2559438347816467 6.4168051965534687
leaf_count=15 52 217 112 25 41 29 246 214 154 99 34 77 57 48 20 1471 58 66 66 27 47
internal_value=-0.000140108 -0.00771609 -0.027472 0.0266414 0.0321064 0.00458699 -0.000314806 -0.0113675 0.00907871 0.0432648 0.0208646 0.00912956 -0.00120195 0.0090071 -0.035965 -0.0382103 -0.0122089 0.0146962 0.0257421 -0.00983911 -0.00680643
internal_weight=537.112 422.586 159.404 114.526 100.524 263.182 206.707 94.8297 111.877 63.4959 56.475 37.0284 41.0515 21.4372 118.352 107.692 19.6143 31.1767 44.8752 14.0017 10.6609
internal_count=3175 2788 1828 387 308 960 831 460 371 140 129 168 275 105 1553 1486 170 143 100 79 67
is_linear=0
shrinkage=0.0435066


Tree=10
num_leaves=20
num_cat=0
split_feature=5 4 13 4 1 21 25 4 9 4 6 10 5 6 3 10 3 2 5
split_gain=65.7781 34.4524 15.7945 13.7104 17.2119 14.746 8.83286 8.28213 7.86482 7.44827 7.31998 5.54163 5.41457 5.15426 4.33034 3.20689 1.54514 1.07903 0.112593
threshold=35.95000000000001 40.45000000000001 1.0000000180025095e-35 38.050000000000004 2.5000000000000004 1.0000000180025095e-35 2.5000000000000004 36.850000000000001 0.025167084377610654 35.350000000000001 108.25000000000001 0.17349498327759191 37.750000000000007 109.75000000000001 57.500000000000007 0.17846085802742148 54.500000000000007 5.5000000000000009 32.350000000000001
decision_type=2 2 2 2 2 2 2 2 2 2 2 2 2 2 2 2 2 2 2
left_child=1 2 6 4 8 -5 14 -8 -2 17 16 -11 -10 -3 -1 -12 -7 -6 -4
right_child=3 13 18 5 9 10 7 -9 12 11 15 -13 -14 -15 -16 -17 -18 -19 -20
leaf_value=-0.025058110819945786 -0.013179669539553261 -0.0049368294493762665 -0.048553972598203349 0.044426240179345419 -0.035609119740130153 -0.024352250193816632 -0.01019614783377404 0.028246923354308631 0.0042923758216203596 0.009046651783227418 0.023799684112575006 -0.012733017319486156 0.027056856361963338 0.030110281714369119 0.0077015423867790866 0.0016227723380674596 0.00029850780144681456 -0.0098485444446304651 -0.0026872158581192789
leaf_weight=94.830084439367056 9.5716770216822606 8.0369310677051562 38.540226389653981 40.568336047232151 7.9464715141803053 4.8864707760512811 29.565701767802238 8.4886000379919988 31.406316969543695 50.103758944198489 38.387316547334194 29.717402804642916 74.162579350173473 22.672327555716038 4.88946584239602 19.816309513524175 6.7068489566445351 15.22611730545759 1.3647618368268002
leaf_count=888 41 33 761 93 33 33 253 39 117 168 116 141 194 68 28 72 37 62 19
internal_value=0.00106219 -0.0177179 -0.0250533 0.0131186 0.00638866 0.0252361 -0.0165339 0.00102941 0.0175384 -0.00628595 0.0111089 0.000472369 0.0210177 0.021409 -0.0229831 0.0173285 -0.0145596 -0.0248989 -0.0477997
internal_weight=536.888 208.388 177.679 328.5 218.134 110.365 137.774 38.0543 115.141 102.994 69.7969 79.8212 105.569 30.7093 99.7196 58.2036 11.5933 23.1726 39.905
internal_count=3196 2089 1988 1107 756 351 1208 292 352 404 258 309 311 101 916 188 70 95 780
is_linear=0
shrinkage=0.0435066


Tree=11
num_leaves=18
num_cat=0
split_feature=13 4 18 21 4 6 4 18 18 6 18 6 4 7 9 9 6
split_gain=57.4521 25.4008 16.3549 14.2699 14.6391 9.86458 14.0578 9.22576 7.73704 6.09384 5.85543 4.76098 3.21743 3.14861 2.30476 1.95141 1.2987
threshold=1.0000000180025095e-35 38.050000000000004 6.5000000000000009 1.0000000180025095e-35 40.550000000000004 93.15000000000002 36.650000000000013 12.500000000000002 12.500000000000002 108.85000000000001 9.5000000000000018 109.75000000000001 40.45000000000001 2.5000000000000004 0.14651229273870783 0.21704464918497518 91.15000000000002
decision_type=2 2 2 2 2 2 2 2 2 2 2 2 2 2 2 2 2
left_child=1 2 14 10 8 6 -4 12 -5 -7 13 -6 -2 -3 16 -16 -1
right_child=7 3 5 4 11 9 -8 -9 -10 -11 -12 -13 -14 -15 15 -17 -18
leaf_value=-0.012468194367255712 -0.047879364622178386 -0.009381582501160772 0.0022524644369561996 -0.01626996284744189 -0.0013607963014684 -0.026666710644079428 0.032071751740752497 0.0082541104828569925 0.016321555411507611 -0.0016044562182289494 0.046134894726918695 0.028140017322460065 0.00077192841079905836 0.020523504221044691 0.010606857097557192 -0.015724561865463744 -0.037966802340868556
leaf_weight=18.034209340810776 43.652638766914606 6.1424958519637576 146.68021852895617 38.557871641591191 11.135718066245316 19.510304404422641 31.767920218408108 4.3981766924262038 13.623701568692921 68.988785289227962 35.572635136544704 51.029178112745285 2.0686425343155852 8.7838810533285123 5.1242983881384117 3.2305494900792837 16.041097830981016
leaf_count=199 853 36 622 295 41 112 87 19 45 333 71 130 15 47 36 39 216
internal_value=0.00108819 0.00597613 -0.00140776 0.0194193 0.00976817 0.00273401 0.00855839 -0.040349 -0.00672193 -0.00868566 0.0374817 0.0230811 -0.0456636 0.00863618 -0.0245659 -0.00132636 -0.0288881
internal_weight=524.342 474.223 309.377 164.845 114.346 266.947 178.448 50.1195 52.1816 88.4991 50.499 62.1649 45.7213 14.9264 42.4302 8.35485 34.0753
internal_count=3196 2309 1644 665 511 1154 709 887 340 445 154 171 868 83 490 75 415
is_linear=0
shrinkage=0.0435066


Tree=12
num_leaves=23
num_cat=0
split_feature=5 4 18 16 4 6 6 1 18 5 17 4 6 10 7 4 10 16 5 4 4 5
split_gain=55.8307 29.6872 15.7784 11.4863 12.6426 6.68933 9.57126 5.99166 6.87975 4.7705 4.19261 4.02459 3.53774 3.63606 3.14694 1.99556 1.9774 1.95315 1.63489 1.44836 1.70916 0.675124
threshold=35.95000000000001 40.45000000000001 7.5000000000000009 13.500000000000002 36.550000000000004 122.95000000000002 119.55000000000001 1.5000000000000002 9.5000000000000018 183.35000000000005 73.641071428571436 39.650000000000013 70.950000000000017 0.25873937103522743 3.5000000000000004 41.250000000000007 0.15504807692307693 15.500000000000002 131.95000000000002 38.050000000000004 35.550000000000004 49.650000000000013
decision_type=2 2 2 2 2 2 2 2 2 2 2 2 2 2 2 2 2 2 2 2 2 2
left_child=1 2 11 4 9 6 10 -6 -9 21 -5 17 13 -4 -14 -3 -13 -1 -8 20 -7 -2
right_child=3 15 12 5 7 19 18 8 -10 -11 -12 16 14 -15 -16 -17 -18 -19 -20 -21 -22 -23
leaf_value=-0.03482161682522153 -0.0063441565172964532 0.0026636673831872877 -0.0082535224251832403 0.019106604862577588 0.02960299827952367 0.026472497812392158 -0.0253927532589267 -0.020891187616640206 0.011533888675902795 0.0043422385710616416 -6.3681315991479621e-05 0.014803687438512301 -0.019536078598691036 0.024734584239558422 0.0053393187619478963 0.027463662630469603 -0.012692405933562441 -0.0092046376389372242 6.3966016006107944e-06 0.043610596144936078 0.0027972719421140366 -0.030851978614484063
leaf_weight=106.9315889608115 8.0395777784287947 11.532118767499925 5.6722439695149651 135.78105643391609 16.990884717553854 9.9411112815141696 6.7053929250687343 11.005546284839509 35.578812411054969 10.343980222940443 24.174990877509117 3.0568136014044276 15.291278074495496 9.5823563411831838 12.372330700047312 17.99197556450963 3.6952395848929882 13.07172144204378 6.2974536716938019 18.179352071136236 13.237041231244801 18.540565095841885
leaf_count=1457 44 50 53 439 51 24 36 72 118 24 94 12 118 34 90 51 47 177 18 35 47 105
internal_value=0.00109005 -0.0166006 -0.0235899 0.0124247 0.000122273 0.0179742 0.0132115 0.0116327 0.00206005 -0.0182364 0.0162597 -0.0309796 -0.000354273 0.0132068 -0.00921923 0.0202894 0.000153531 -0.0327287 -0.0166803 0.0331722 0.0168719 -0.0264523
internal_weight=514.013 199.198 169.674 314.816 100.499 214.316 172.959 63.5752 46.5844 36.9241 159.956 126.755 42.9182 15.2546 27.6636 29.5241 6.75205 120.003 13.0028 41.3575 23.1782 26.5801
internal_count=3196 2089 1988 1107 414 693 587 241 190 173 533 1693 295 87 208 101 59 1634 54 106 71 149
is_linear=0
shrinkage=0.0435066


Tree=13
num_leaves=18
num_cat=0
split_feature=13 4 5 16 1 21 4 18 18 16 5 0 4 2 1 9 18
split_gain=49.4158 22.8997 22.4579 17.3055 14.2167 13.773 13.5969 7.99569 7.54633 5.54275 4.71708 3.96772 2.8797 2.33796 2.26778 1.6537 1.32781
threshold=1.0000000180025095e-35 36.650000000000013 35.95000000000001 11.500000000000002 2.5000000000000004 1.0000000180025095e-35 40.550000000000004 12.500000000000002 8.5000000000000018 13.500000000000002 160.30000000000004 1900.0000000000002 40.45000000000001 5.5000000000000009 5.5000000000000009 0.10818713450292396 8.5000000000000018
decision_type=2 2 2 2 2 2 2 2 2 2 2 2 2 2 2 2 2
left_child=1 2 8 13 9 11 -7 12 14 -4 -6 -5 -2 -3 -1 -10 -15
right_child=7 3 4 5 10 6 -8 -9 15 -11 -12 -13 -14 16 -16 -17 -18
leaf_value=-0.030990273000172031 -0.045452495542360499 -0.027277973712055103 -0.0043623743746732668 0.043157543809878615 -0.017489019465288445 -0.004048849758610416 0.023631523805816703 0.0070847814931160099 -0.0058875496723340163 0.021446437349299824 0.0065217150847960538 0.018975274136427963 0.0003970607716268705 -0.01138469376748927 -0.0030001854424039323 0.016810622959538037 0.0080946022180060084
leaf_weight=55.19136668369174 41.385408017784357 10.591277450323107 16.56756741553545 37.696075703948736 40.686263447627425 68.05314941611141 56.013023365288973 4.5112616568803778 6.6764628849923593 70.571266125887632 18.143464110791683 48.446113932877779 2.1638813428580752 6.3355445023626071 8.5457391794770938 5.2869455590844154 6.9789325371384621
leaf_count=588 853 91 71 102 180 447 150 19 54 203 55 190 15 58 82 15 23
internal_value=0.00111363 0.00574081 -0.00420276 0.0150565 0.0057565 0.0190881 0.00892674 -0.0380296 -0.0224632 0.0164698 -0.0100179 0.0319573 -0.043218 -0.0165585 -0.0280072 0.00598912 -0.00136175
internal_weight=503.844 455.783 221.669 234.114 145.969 210.208 124.066 48.0606 75.7005 87.1388 58.8297 86.1422 43.5493 23.9058 63.7371 11.9634 13.3145
internal_count=3196 2309 1248 1061 509 889 597 887 739 274 235 292 868 172 670 69 81
is_linear=0
shrinkage=0.0435066


Tree=14
num_leaves=17
num_cat=0
split_feature=13 5 4 18 9 4 17 18 9 9 2 4 10 27 4 5
split_gain=45.2835 20.0147 18.216 13.6562 8.08856 9.78845 7.80411 7.27809 6.13051 4.69643 4.36676 4.21478 3.9652 3.07431 2.71201 1.27044
threshold=1.0000000180025095e-35 36.45000000000001 40.45000000000001 7.5000000000000009 0.066081498999454216 36.550000000000004 38.681250000000013 12.500000000000002 0.063220940550133067 0.03608470181503886 14.500000000000002 34.95000000000001 0.07032115171650051 1.5000000000000002 40.45000000000001 16.150000000000002
decision_type=2 2 2 2 2 2 2 2 2 2 2 2 2 2 2 2
left_child=1 2 3 10 6 11 9 14 -5 -3 -1 -6 -8 -7 -2 -4
right_child=7 4 15 8 5 13 12 -9 -10 -11 -12 -13 -14 -15 -16 -17
leaf_value=-0.023532730032874927 -0.044341407871706526 -0.016856005240312975 0.0066698271955509753 -0.012581610250221005 0.003834328289944271 -0.0011154821547474357 -0.0047391138987367999 0.0061175197341563643 0.018439844294023143 0.0097010851737647195 0.0047043818237152632 -0.031617416241429108 0.021260410506083648 0.022283200817543241 0.00033626812538478998 0.030134459681428392
leaf_weight=91.18619310669601 39.491102659143507 14.7335880510509 13.142185460776092 12.852991746738551 6.5878561884164837 17.331712398678064 8.8784764036536199 4.6192074939608565 27.024511992931366 24.339672306552529 8.7587834745645505 14.4891553632915 176.94480271078646 16.32918743416667 2.1483762897551051 14.621522940695284
leaf_count=982 853 72 51 111 26 75 37 19 105 88 60 74 538 51 15 39
internal_value=0.00120782 0.00564831 -0.00605522 -0.0125905 0.0126757 -0.00198116 0.0162419 -0.0369276 0.00786133 -0.00107004 -0.020827 -0.021883 0.0198473 0.0117579 -0.0420936 0.0227006
internal_weight=493.479 447.221 167.586 139.822 279.634 54.7379 224.897 46.2587 39.8775 39.0733 99.945 21.077 185.823 33.6609 41.6395 27.7637
internal_count=3196 2309 1348 1258 961 226 735 887 216 160 1042 100 575 126 868 90
is_linear=0
shrinkage=0.0435066


Tree=15
num_leaves=12
num_cat=0
split_feature=13 4 18 4 10 5 5 17 11 5 10
split_gain=37.4355 28.2388 21.2011 9.63366 8.61942 11.2636 5.85891 4.13738 3.6847 3.68076 0.89804
threshold=0.36666666666666675 42.350000000000001 11.500000000000002 35.150000000000013 0.20169491525423733 37.750000000000007 67.450000000000017 36.600000000000009 0.063392857142857112 142.20000000000002 0.12074829931972787
decision_type=2 2 2 2 2 2 2 2 2 2 2
left_child=1 2 4 7 6 -6 -1 -4 -5 10 -2
right_child=9 -3 3 8 5 -7 -8 -9 -10 -11 -12
leaf_value=-0.022063509546102544 -0.0010042053346644251 0.041513543872405599 0.0081906602144543612 0.024244752213472706 -0.0071989120719760571 0.014328199809362667 -6.6995641104124667e-05 -0.024369511874834146 0.0050074323531612355 0.0056788921927425975 -0.043036971338296703
leaf_weight=68.674030073918402 1.8177972603589285 28.675707876682281 8.2433857172727603 82.929853728041053 130.85279381647706 62.655402764678001 34.355432525277138 10.056449890136717 30.787870552390814 1.4120610207319249 32.247039789799601
leaf_count=571 30 59 23 233 1027 210 145 38 105 6 758
internal_value=0.000465098 0.00404074 0.000925924 0.0150324 -0.00550918 0 -0.015261 -0.0109972 0.0196739 -0.0388539 -0.0415636
internal_weight=492.708 457.231 428.555 132.018 296.538 193.508 103.029 18.2998 113.718 35.4769 34.0648
internal_count=3205 2411 2352 399 1953 1237 716 61 338 794 788
is_linear=0
shrinkage=0.0435066


Tree=16
num_leaves=19
num_cat=0
split_feature=4 5 1 18 18 4 5 16 6 4 21 7 6 10 10 4 6 3
split_gain=33.7585 38.3026 12.8491 14.2394 8.52609 8.33865 6.11673 6.01207 5.4891 5.31957 4.82904 3.73383 3.62077 3.23658 3.12266 2.71774 2.04411 1.34998
threshold=40.45000000000001 35.650000000000013 1.5000000000000002 11.500000000000002 7.5000000000000009 35.150000000000013 37.750000000000007 14.500000000000002 70.65000000000002 42.350000000000001 1.0000000180025095e-35 2.5000000000000004 70.050000000000011 0.07032115171650051 0.25873937103522743 36.850000000000001 109.45000000000002 57.500000000000007
decision_type=2 2 2 2 2 2 2 2 2 2 2 2 2 2 2 2 2 2
left_child=1 4 6 7 13 -5 10 -4 -8 11 -3 -2 14 -1 -6 -14 -13 -15
right_child=9 2 3 5 12 -7 8 -9 -10 -11 -12 16 15 17 -16 -17 -18 -19
leaf_value=0.0052387985904545032 -0.0078625111007515243 0.012539707125975361 -0.022967105790412227 -0.016287995075584424 -0.0083918125191556267 0.014068474101639635 0.037219232445106457 0.0064737376606880297 0.0098711816917644059 0.03947485379028369 -0.017889498423837174 0.00051759317382989102 -0.023410728624851305 -0.029137295697684123 0.023379830932826154 0.0009837310787676524 0.023457640544189046 0
leaf_weight=3.2022233791649333 8.2817985638976079 18.49746910110116 51.48908144235611 15.199985230341552 4.8230947088450185 81.829807545989752 29.534073956310749 13.190039735287426 35.380794558674097 28.629466004669666 9.7673842087388056 10.695332974195479 10.736590015701951 108.22932703141123 8.0964243449270707 14.832699488848446 30.372960582375526 2.7594038164243093
leaf_count=27 38 67 332 61 50 263 63 49 129 60 66 42 109 1587 29 112 79 42
internal_value=0.000434033 -0.00466504 0.00563233 -0.00181541 -0.0214459 0.00848996 0.0179324 -0.0167787 0.0247151 0.0255084 0.000353155 0.0135662 -0.00280737 -0.027154 0.0121638 -0.01162 0.0185841 -0.028413
internal_weight=485.548 407.568 254.889 161.709 152.68 97.0298 93.1797 64.6791 64.9149 77.9796 28.2649 49.3501 38.4888 114.191 12.9195 25.5693 41.0683 110.989
internal_count=3205 2986 1030 705 1956 324 325 381 192 219 133 159 300 1656 79 221 121 1629
is_linear=0
shrinkage=0.0435066


Tree=17
num_leaves=15
num_cat=0
split_feature=13 4 5 1 4 0 4 0 5 4 9 11 11 10
split_gain=32.7325 24.7399 18.5461 12.1688 8.07905 6.37582 9.83916 4.92669 4.57095 4.3959 2.5897 2.37739 2.78666 0.662211
threshold=0.36666666666666675 40.45000000000001 35.95000000000001 2.5000000000000004 36.550000000000004 1550.0000000000002 36.850000000000001 1350.0000000000002 142.20000000000002 42.45000000000001 0.14651229273870783 0.12931995540691191 0.061862244897959155 0.12074829931972787
decision_type=2 2 2 2 2 2 2 2 2 2 2 2 2 2
left_child=1 2 5 7 -5 6 -1 -4 13 11 -7 12 -3 -2
right_child=8 9 3 4 -6 10 -8 -9 -10 -11 -12 -13 -14 -15
leaf_value=-0.011936686704420833 -0.0012644904345105227 0.013780141190763959 0.027906543396917022 -0.014969520674270867 0.0063005364886383614 -0.024266087660472377 0.025395140235416044 0.0083736024231991241 0.0079512651646950552 0.038954080738782121 0.001932430747616769 0.029537288235958439 -0.0073852493280600678 -0.041629417398385896
leaf_weight=44.030597437173128 1.7414233367890108 27.598081149160862 38.182043395936489 53.870234029367566 70.261666793376207 65.179110279306769 11.63079654611647 79.097959630191326 1.6040236502885807 27.076646350324154 6.1328708883374921 8.9993288367986661 12.256776597350834 30.549348025582731
leaf_count=437 30 82 109 237 279 713 72 300 6 52 55 23 52 758
internal_value=0.000651563 0.00402548 -0.000756332 0.00626853 -0.00313931 -0.013842 -0.00212993 0.0159484 -0.0368437 0.0255731 -0.0219104 0.0142632 0.0069307 -0.04029
internal_weight=478.211 444.316 368.385 241.412 124.132 126.973 55.6614 117.28 33.8948 75.9308 71.312 48.8542 39.8549 32.2908
internal_count=3205 2411 2202 925 516 1277 509 409 794 209 768 157 134 788
is_linear=0
shrinkage=0.0435066


Tree=18
num_leaves=14
num_cat=0
split_feature=13 16 5 5 10 11 10 10 5 11 11 5 3
split_gain=29.3545 13.8849 10.2775 5.57042 5.16401 4.59183 4.31172 4.71104 3.7767 3.59211 3.2148 2.98789 1.32784
threshold=0.36666666666666675 11.500000000000002 61.150000000000013 142.20000000000002 0.2137002341920374 0.043055555555555507 0.17846085802742148 0.24638060352346061 35.95000000000001 0.072478991596638606 0.060915275200989459 72.950000000000017 55.250000000000007
decision_type=2 2 2 2 2 2 2 2 2 2 2 2 2
left_child=1 5 4 -2 10 -1 9 -8 -6 -4 -3 12 -7
right_child=3 2 6 -5 8 11 7 -9 -10 -11 -12 -13 -14
leaf_value=-0.03550347755870157 -0.039704572671026173 -0.0025760598672854842 0.021703218257223645 0.0096323130464339834 -0.0012237350834582265 -0.019327573744055349 -0.0092590224756802821 0.014370795753328221 0.011740985665160986 -0.001172396639782384 -0.022368495953273559 0.0089827955546024473 0.0027336293234184318
leaf_weight=12.521725889295338 31.307773447129875 54.967143323272467 98.267117427662015 2.012389510869979 90.536669544875622 14.608446141704922 24.360018957406282 26.554495956748724 70.006439659744501 13.151042424142359 17.306976782158017 10.632328264415262 3.9235569052398196
leaf_count=114 788 409 285 6 747 148 101 93 239 48 150 45 32
internal_value=0.000372051 0.0036021 0.0062207 -0.0353837 0.000243112 -0.0184963 0.0143938 0.00312198 0.00460684 0.0190021 -0.00890155 -0.00576125 -0.0147587
internal_weight=470.156 436.836 395.15 33.3202 232.817 41.6861 162.333 50.9145 160.543 111.418 72.2741 29.1643 18.532
internal_count=3205 2411 2072 794 1545 339 527 194 986 333 559 225 180
is_linear=0
shrinkage=0.0435066


Tree=19
num_leaves=15
num_cat=0
split_feature=4 5 25 13 25 21 16 2 5 4 3 16 3 5
split_gain=29.9003 30.2626 9.33487 7.5651 8.15697 6.52994 8.12216 5.85451 4.83503 2.24097 1.02838 0.661752 0.217467 0.351277
threshold=40.45000000000001 35.650000000000013 1.0000000180025095e-35 1.0000000180025095e-35 2.5000000000000004 1.0000000180025095e-35 13.500000000000002 2.5000000000000004 24.450000000000003 42.350000000000001 57.500000000000007 12.500000000000002 51.500000000000007 31.850000000000005
decision_type=2 2 2 2 2 2 2 2 2 2 2 2 2 2
left_child=1 3 -3 4 10 6 -4 -7 -6 11 -1 -2 -5 -14
right_child=9 2 5 12 8 7 -8 -9 -10 -11 -12 -13 13 -15
leaf_value=-0.020899868245791875 0.0025499437300425354 -0.026100204838166052 -0.0054454877482363676 -0.0022465544714025273 -0.00702102242754478 0.016124150412095962 0.016974593633704339 -0.0097420520578330259 0.022243480748793131 0.035198958190986555 0 0.017672954876558976 -0.039649175657360113 -0.00042134674635478956
leaf_weight=77.726022723130882 11.118089389055966 10.585404731333254 35.486481957137585 1.7528582504019166 21.391159390099347 15.777647895738481 126.31297459453344 57.938390413299203 10.921593707054852 28.065058313310146 4.3600265681743613 33.774526286870241 26.922325911000375 1.1096163503825653
leaf_count=868 45 64 193 35 232 62 400 311 55 60 32 114 715 19
internal_value=0.000728729 -0.00413816 0.00511065 -0.0195297 -0.0129454 0.00722005 0.011977 -0.00322031 0.00468396 0.0250952 -0.0198328 0.0149215 -0.037678 -0.0387603
internal_weight=463.242 390.285 246.101 144.184 114.399 235.515 161.799 73.716 32.3128 72.9577 82.086 44.8926 29.7848 28.0319
internal_count=3205 2986 1030 1956 1187 966 593 373 287 219 900 159 769 734
is_linear=0
shrinkage=0.0435066


Tree=20
num_leaves=19
num_cat=0
split_feature=4 5 21 4 25 18 4 5 17 17 16 7 17 7 6 6 3 3
split_gain=30.23 19.3045 12.1372 16.9216 8.89055 8.01966 6.96886 6.0796 9.12695 4.03722 3.39868 3.11156 2.39465 1.77494 1.70447 0.714646 0.649175 0.118232
threshold=38.050000000000004 17.150000000000002 1.0000000180025095e-35 40.45000000000001 2.5000000000000004 11.500000000000002 36.650000000000013 186.60000000000005 44.94583333333334 58.26250000000001 12.500000000000002 3.5000000000000004 69.64471153846155 2.5000000000000004 105.95000000000002 109.55000000000001 51.500000000000007 57.500000000000007
decision_type=2 2 2 2 2 2 2 2 2 2 2 2 2 2 2 2 2 2
left_child=1 16 10 5 7 14 9 8 -3 -6 -2 -7 -9 -5 -4 -15 -1 -18
right_child=2 4 3 13 6 11 -8 12 -10 -11 -12 -13 -14 15 -16 -17 17 -19
leaf_value=-0.0025978965490676196 0.0019847413807766029 -0.0050393338923108866 0.0031274867189820502 0.002848922337689208 -0.0068425351601884938 -0.0038661551983022562 0.026534051323692496 0.019088668923412697 -0.029721811371589472 0.014185136004750841 0.03863828150423694 0.023557586677377718 -0.0042220410696286398 0.0075824273039448538 -0.024236903050365004 0.028561219480461142 -0.032506726939828597 -0.0029776347033373218
leaf_weight=3.5213753124698988 6.9417258109897366 110.09530224464834 2.5920204110443583 10.88665810599923 44.864921048283577 12.871311083436014 20.708528384566307 12.979141045361759 34.25820530205965 19.508850632235408 33.491830952465534 7.7743040397763243 10.160428084433077 11.265740919858215 31.260920905508101 35.943629279732704 47.711414333432913 2.4240626515820614
leaf_count=56 40 676 22 44 240 54 64 33 284 83 114 26 33 45 388 95 920 36
internal_value=-0.00044842 -0.00832463 0.0149462 0.00664808 -0.0029249 -0.0100851 0.00807863 -0.00866553 -0.0119946 0.000106135 0.033709 0.00926406 0.0098349 0.021935 -0.0217256 0.0252694 -0.0305055 -0.0317635
internal_weight=459.26 306.232 153.028 112.595 252.575 54.4986 85.0823 167.493 144.354 64.3738 40.4336 20.6456 23.1396 58.096 33.8529 47.2094 53.6569 50.1355
internal_count=3253 2425 828 674 1413 490 387 1026 960 323 154 80 66 184 410 140 1012 956
is_linear=0
shrinkage=0.0435066


Tree=21
num_leaves=19
num_cat=0
split_feature=4 5 0 4 18 4 21 21 5 1 3 7 3 10 4 17 3 4
split_gain=28.2525 19.8202 9.28037 8.03236 7.98465 8.0641 10.151 7.35255 6.81416 4.06765 3.46855 1.99034 1.36938 1.21739 0.503945 0.252031 0.173207 0.0853645
threshold=38.350000000000001 17.150000000000002 1350.0000000000002 36.650000000000013 11.500000000000002 40.45000000000001 1.0000000180025095e-35 1.0000000180025095e-35 160.30000000000004 5.5000000000000009 53.500000000000007 2.5000000000000004 56.500000000000007 0.07032115171650051 36.95000000000001 55.723958333333336 57.500000000000007 41.550000000000004
decision_type=2 2 2 2 2 2 2 2 2 2 2 2 2 2 2 2 2 2
left_child=1 13 3 9 5 6 15 8 -4 -3 -6 -7 -8 -1 -9 -2 -15 -13
right_child=4 2 7 -5 10 11 12 14 -10 -11 -12 17 -14 16 -16 -17 -18 -19
leaf_value=0 0.004056861202187941 0.0049668722189816087 -0.0092875064483908722 0.02717832535238977 0.0043292611914910488 0 -0.022866197183947723 -0.0126980765921497 0.012749114594774329 -0.017445087504796696 0.034930408072905608 0.011606671385993387 0.0014878201608036852 -0.031790589110158841 -0.037089949740499534 0.023511108268067297 -0.0027060765768951063 0.027873712649659935
leaf_weight=1.8460428733378638 6.6423637028783542 68.889697140082717 101.55969719588757 22.390108942985535 11.782883953303097 9.5787393935024721 25.18037940654904 16.200878806412224 28.773933127522469 12.701541960239409 35.910871086642146 20.868644345551729 3.3059372063726178 50.194620202295482 9.3548469422385079 6.9549097530543804 2.4517070334404698 16.709230285137892
leaf_count=18 46 352 691 68 47 45 317 106 83 77 95 71 33 1002 94 25 38 45
internal_value=-0.000425111 -0.0076158 -0.00227516 0.00746538 0.0156086 0.0068682 -0.00637531 -0.00887317 -0.00397341 0.000331369 0.0289854 0.0182137 -0.0200013 -0.0299563 -0.027663 0.0189018 -0.0310537 0.0221188
internal_weight=451.297 314.363 259.871 103.981 136.934 89.2402 42.0836 155.889 130.334 81.5912 47.6938 47.1566 28.4863 54.4924 25.5557 13.5973 52.6463 37.5779
internal_count=3253 2529 1471 497 724 582 421 974 774 429 142 161 350 1058 200 71 1040 116
is_linear=0
shrinkage=0.0435066


Tree=22
num_leaves=17
num_cat=0
split_feature=4 5 25 0 4 4 21 17 7 4 5 16 7 10 4 9
split_gain=25.9992 20.9228 8.02312 7.65197 9.07769 6.95951 8.33964 5.8886 5.03604 5.50938 4.64075 2.30092 3.1388 0.510404 0.447188 0.245667
threshold=39.850000000000001 35.350000000000001 1.0000000180025095e-35 1550.0000000000002 36.650000000000013 37.750000000000007 1.0000000180025095e-35 44.94583333333334 2.5000000000000004 42.850000000000001 18.550000000000004 15.500000000000002 4.5000000000000009 0.12074829931972787 38.050000000000004 0.10818713450292396
decision_type=2 2 2 2 2 2 2 2 2 2 2 2 2 2 2 2
left_child=1 3 -3 4 10 7 -7 -4 9 -2 -1 12 -5 -10 -13 -6
right_child=8 2 5 11 15 6 -8 -9 13 -11 -12 14 -14 -15 -16 -17
leaf_value=-0.026245389405810525 -0.019605335253794785 -0.030816874428083545 0.0059786083207866037 -0.034661825773310867 0.022529957833377946 0.03508616859252716 0.00037480142717686584 -0.0098055621315309462 0.0063666114246363854 0.019340692652425797 -0.00030902286082596747 -0.0069798338297797097 -0.0051516914544291826 0.027501070959416819 0.006070044754851775 0.002305329191696169
leaf_weight=24.470819423440844 8.071787925437091 6.513312976807355 113.75827523134649 52.419397406745702 8.9444542303681356 20.418080061674118 26.949762709438801 64.701880490407348 8.4177374318242055 6.4513158798217765 24.22255639731884 4.6819251589477053 11.532281085848807 56.993696993216872 2.1403851248323917 4.2864388255402437
leaf_count=454 61 44 485 882 67 61 149 306 33 13 220 78 159 196 13 32
internal_value=-0.000459726 -0.00547479 0.00241472 -0.0188273 -0.00642104 0.00425401 0.0179579 5.76613e-05 0.0210125 -0.00119437 -0.0150852 -0.0280953 -0.0304518 0.0257446 -0.00116525 0.0194108
internal_weight=444.974 365.04 232.341 132.698 61.9243 225.828 47.3678 178.46 79.9345 14.5231 48.6934 70.774 63.9517 65.4114 6.82231 13.2309
internal_count=3253 2950 1045 1905 773 1001 210 791 303 74 674 1132 1041 229 91 99
is_linear=0
shrinkage=0.0435066


Tree=23
num_leaves=15
num_cat=0
split_feature=13 4 0 16 27 4 5 4 6 2 7 18 4 5
split_gain=25.7392 19.963 8.09794 7.68835 7.46662 8.95191 6.58236 6.29468 5.04819 4.88664 3.75999 2.4659 1.7843 1.54723
threshold=0.36666666666666675 38.050000000000004 1350.0000000000002 11.500000000000002 2.5000000000000004 40.45000000000001 186.60000000000005 36.650000000000013 69.65000000000002 16.500000000000004 6.5000000000000009 13.500000000000002 36.95000000000001 72.950000000000017
decision_type=2 2 2 2 2 2 2 2 2 2 2 2 2 2
left_child=1 2 7 13 5 -5 9 8 -1 -4 -2 -8 -9 -3
right_child=10 3 6 4 -6 -7 11 12 -10 -11 -12 -13 -14 -15
leaf_value=-0.012453305951265849 -0.039087745504005421 -0.019913734755310088 -0.016149095451558244 -0.0028441240187417477 0.035418007193407708 0.022752971371761431 -0.0055710413560385204 0.029950255712221811 0.006996166015469229 0.014057738868742075 0.0070405718208785923 0.018608710288892476 0.0034926574303877685 0.0028876094332738458
leaf_weight=37.17028110101819 28.050596934277568 7.1396607644855958 128.26457559131086 44.719210088253021 32.633743725717068 49.168090462684631 8.765079930424692 12.61730143800378 53.148345955647528 5.7130080796778193 1.3153166193515051 12.691008895635603 10.318668182007967 6.0050919055938721
leaf_count=263 800 65 1023 329 111 152 33 36 289 25 13 33 57 24
internal_value=-0.000474385 0.00256739 -0.00434915 0.015543 0.0188511 0.0110673 -0.0106348 0.00430256 -0.00120358 -0.014197 -0.0358375 0.00937423 0.0217957 -0.0114803
internal_weight=437.72 408.354 268.688 139.666 126.521 93.8873 155.434 113.255 90.3186 133.978 29.3659 21.4561 22.936 13.1448
internal_count=3253 2440 1759 681 592 481 1114 645 552 1048 813 66 93 89
is_linear=0
shrinkage=0.0435066


Tree=24
num_leaves=16
num_cat=0
split_feature=13 4 16 21 4 18 3 1 5 7 9 4 5 6 5
split_gain=23.5487 17.9576 6.8077 6.33769 8.71211 6.15558 4.92411 7.58075 6.75377 3.59459 1.9276 1.47964 1.23335 0.845573 0.569022
threshold=0.36666666666666675 38.050000000000004 11.500000000000002 1.0000000180025095e-35 40.45000000000001 6.5000000000000009 53.500000000000007 2.5000000000000004 186.60000000000005 6.5000000000000009 0.14651229273870783 36.150000000000013 66.550000000000026 125.25000000000001 3.6500000000000008
decision_type=2 2 2 2 2 2 2 2 2 2 2 2 2 2 2
left_child=1 5 12 13 -5 10 7 -7 -8 -2 14 -12 -3 -4 -1
right_child=9 2 3 4 -6 6 8 -9 -10 -11 11 -13 -14 -15 -16
leaf_value=0 -0.038031576124145892 -0.018820113451861548 0.041367983794445118 -0.0031549743276527422 0.022246920540238614 0.025704520188682051 -0.0076443085449045692 -0.0055242531916985579 0.015967937515079172 0.0069383656693108387 -0.011636007710543437 0.011659901858872375 0.0017340508977202931 0.014324714606608991 -0.024953544376119061
leaf_weight=2.0199738014489439 27.039930867496881 6.3210809938609582 17.104845218360424 43.971215302124619 48.456048548221588 22.506819501519203 162.16744207218289 25.214272638782859 20.115815006196499 1.3155324328690756 3.6258596293628207 3.9823920130729675 6.5403599925339222 15.591257363557814 26.592986192554235
leaf_count=24 800 62 51 329 152 74 954 147 60 13 49 31 27 60 420
internal_value=-0.000411547 0.0024859 0.0148695 0.0179856 0.0106486 -0.00409752 -0.00119814 0.0103373 -0.00452401 -0.0347497 -0.0192828 0 -0.0107799 0.0332529 -0.0235842
internal_weight=432.566 404.21 137.985 125.123 92.4273 266.226 230.004 47.7211 182.283 28.3555 36.2212 7.60825 12.8614 32.6961 28.613
internal_count=3253 2440 681 592 481 1759 1235 221 1014 813 524 80 89 111 444
is_linear=0
shrinkage=0.0435066


Tree=25
num_leaves=17
num_cat=0
split_feature=5 18 16 13 5 13 3 18 7 8 2 16 2 5 9 11
split_gain=21.9443 13.4385 7.44206 5.69688 5.06701 3.03976 2.47464 2.25901 2.13796 1.19322 0.929169 0.71312 0.650991 0.473134 0.361151 0.107969
threshold=16.150000000000002 13.500000000000002 10.500000000000002 1.0000000180025095e-35 27.850000000000005 0.36666666666666675 53.500000000000007 8.5000000000000018 3.5000000000000004 2022.5000000000002 1.5000000000000002 13.500000000000002 5.5000000000000009 85.40000000000002 0.056438791732909353 0.075498575498575457
decision_type=2 2 2 2 2 2 2 2 2 2 2 2 2 2 2 2
left_child=5 2 7 4 -4 6 11 -2 10 -3 -8 14 -10 -5 -1 -13
right_child=1 9 3 13 -6 -7 8 -9 12 -11 -12 15 -14 -15 -16 -17
leaf_value=-0.010427066824970523 -0.029972174790846115 0.029514598742825478 0.018464216998624137 -0.023064860849006257 0.0025637503922154212 -0.034144236123473039 0 0 0.0060188503545173001 0.0066109672456260982 -0.025281593461559788 0 -0.0075352590766509971 0 0.0017731378340127655 0.011306948478270941
leaf_weight=2.6949789151549322 10.400299451313915 35.813549693673849 40.104917740449309 8.7824612259864789 234.08444537222385 17.475656595546752 3.0680098086595562 7.0328823849558821 6.004654183983801 11.22405721619725 23.1607626369223 4.03050940297544 7.5723263574764132 1.8556808382272709 3.8354340232908726 3.7822177037596703
leaf_count=40 124 109 254 196 1141 599 30 36 70 41 311 47 113 19 39 33
internal_value=0.00100185 0.00559407 0.00195501 0.00386199 0.00530002 -0.0198634 -0.0119157 -0.0213542 -0.0168708 0.0257069 -0.0229252 0.00232765 -0.00103157 -0.0205484 -0.005183 0.00881052
internal_weight=420.923 349.298 302.261 284.828 274.189 71.6245 54.1489 17.4332 39.8058 47.0376 26.2288 14.3431 13.577 10.6381 6.53041 7.81273
internal_count=3202 1920 1770 1610 1395 1282 683 160 524 150 341 159 183 215 79 80
is_linear=0
shrinkage=0.0435066


Tree=26
num_leaves=13
num_cat=0
split_feature=4 5 21 4 6 9 0 6 4 3 6 4
split_gain=23.2067 19.5939 9.04315 10.114 10.9047 7.67449 3.52521 7.15965 5.83805 1.29063 0.331836 0.012404
threshold=41.45000000000001 11.750000000000002 1.0000000180025095e-35 36.550000000000004 74.200000000000003 0.029513888888888853 1550.0000000000002 60.650000000000013 40.45000000000001 51.500000000000007 162.05000000000004 36.550000000000004
decision_type=2 2 2 2 2 2 2 2 2 2 2 2
left_child=1 9 3 4 -3 -5 7 -4 -8 11 -11 -1
right_child=-2 2 6 5 -6 -7 8 -9 -10 10 -12 -13
leaf_value=-0.0014171922913028389 0.030658614165350245 0.0093323815332322282 -0.017143311553358253 -0.0074505219109957249 -0.013504345786037779 0.024990254307650089 -0.019519071329422783 0.01785619075934514 0.0066377947905632293 -0.029161838774059944 -0.00050102117779750354 0.00091258798520283996
leaf_weight=1.7274946216493838 38.49666815623641 88.294566033408046 12.940254185348747 13.591278262436388 61.403409499675035 61.201655268669128 57.871064267121255 19.107612386345863 17.243376180529594 42.243933134246618 1.7418853063136328 1.7927479660138486
leaf_count=33 107 465 108 72 506 283 510 75 66 927 28 22
internal_value=0.00109559 -0.0023472 0.00155227 0.00649334 -0.000142944 0.0188466 -0.00848888 0.0029541 -0.0133405 -0.0266603 -0.0284374 0
internal_weight=417.656 379.159 331.653 224.491 149.698 74.7929 107.162 32.0479 75.1144 47.5061 43.9858 3.52024
internal_count=3202 3095 2085 1326 971 355 759 183 576 1010 955 55
is_linear=0
shrinkage=0.0435066


Tree=27
num_leaves=13
num_cat=0
split_feature=4 5 21 4 6 0 0 6 4 3 6 4
split_gain=20.8355 17.8888 8.10438 8.82698 8.50055 5.89796 2.88805 6.42182 5.0235 0.831701 0.314974 0.0103496
threshold=41.45000000000001 11.750000000000002 1.0000000180025095e-35 36.550000000000004 74.200000000000003 2500.0000000000005 1550.0000000000002 60.650000000000013 40.45000000000001 51.500000000000007 162.05000000000004 36.550000000000004
decision_type=2 2 2 2 2 2 2 2 2 2 2 2
left_child=1 9 3 4 -3 -5 7 -4 -8 11 -11 -1
right_child=-2 2 6 5 -6 -7 8 -9 -10 10 -12 -13
leaf_value=-0.001668310264805061 0.029184283409819677 0.0082476916361615988 -0.016864988558929182 0.021921394563443223 -0.012025070342080935 -0.010820631707903912 -0.018391486675821758 0.01637927122402975 0.0060954136502400615 -0.027984355809656358 -0.00032006032814447621 0
leaf_weight=1.7365350322797888 38.055451054126024 88.428627075627446 12.679398722946646 66.11058899294585 60.092273030430079 7.6887843813747159 56.405155643820763 19.17530433088541 16.883702207356691 41.018551717046648 1.6995302475988854 1.6925453208386896
leaf_count=33 107 465 108 300 506 55 510 75 66 927 28 22
internal_value=0.00103993 -0.0022515 0.00147581 0.00616338 -5.04778e-05 0.0177836 -0.00812684 0.00226736 -0.0125871 -0.0258017 -0.0272764 -0.000583069
internal_weight=411.666 373.611 327.464 222.32 148.521 73.7994 105.144 31.8547 73.2889 46.1472 42.7181 3.42908
internal_count=3202 3095 2085 1326 971 355 759 183 576 1010 955 55
is_linear=0
shrinkage=0.0435066


Tree=28
num_leaves=13
num_cat=0
split_feature=13 4 16 5 16 4 7 4 4 1 10 6
split_gain=19.7232 14.2297 7.63192 6.96236 5.99193 3.89933 2.69185 1.38268 0.895129 0.825039 0.310287 0.0453537
threshold=0.36666666666666675 41.550000000000004 10.500000000000002 81.800000000000026 15.500000000000002 35.250000000000007 6.5000000000000009 34.95000000000001 40.550000000000004 1.5000000000000002 0.11437908496732026 161.25000000000003
decision_type=2 2 2 2 2 2 2 2 2 2 2 2
left_child=1 2 7 4 -4 -5 8 -1 10 -9 -2 -12
right_child=6 -3 3 5 -6 -7 -8 9 -10 -11 11 -13
leaf_value=0.0020199029133223852 -0.00048736616042243243 0.028327578989717495 -0.0048372886574458932 -0.0091702220608345375 0.012619386307758535 0.014916720010760913 0.0055300366275132544 -0.0022029947129529035 0 -0.028274416293742548 -0.037405838008172251 -0.00043031783181085077
leaf_weight=2.5532685630023506 1.2039675312116838 33.318237990140915 188.56699954904616 9.7124299481511098 39.397688185796142 87.970508936792612 1.2428183183073986 4.9016282111406353 0.9598742425441732 14.00251219421625 21.825430053286258 0.77269410714507003
leaf_count=18 23 93 1466 37 235 348 13 47 11 140 749 22
internal_value=0.000945867 0.00368973 0.000817824 0.00266819 -0.00151053 0.0120014 -0.0315802 -0.0209838 -0.0345289 -0.0242083 -0.0358591 -0.0368668
internal_weight=406.428 380.423 347.105 325.648 227.965 97.6829 26.0048 21.4574 24.762 18.9041 23.8021 22.5981
internal_count=3202 2384 2291 2086 1701 385 818 205 805 187 794 771
is_linear=0
shrinkage=0.0435066


Tree=29
num_leaves=12
num_cat=0
split_feature=13 4 5 27 16 11 10 5 14 5 4
split_gain=17.5201 11.792 7.74798 7.61613 5.3609 4.3283 4.19312 4.09536 2.32103 1.88438 1.94503
threshold=0.36666666666666675 41.850000000000001 37.750000000000007 2.5000000000000004 15.500000000000002 1.0000000180025095e-35 0.24893162393162391 83.15000000000002 1.5000000000000002 85.40000000000002 40.750000000000007
decision_type=2 2 2 2 2 2 2 2 2 2 2
left_child=1 2 4 7 6 -5 -1 -4 -6 10 -2
right_child=9 -3 3 5 8 -7 -8 -9 -10 -11 -12
leaf_value=-0.013849161699830966 -0.035715706972952461 0.027872415468014371 -0.020021795458360258 -0.0012986728844074458 0.019571274009137659 0.016365845840411074 0.0019454177255113373 0.0022333522197370138 -0.0065947977875745892 0 0.0038637515517807933
leaf_weight=94.575814077630639 21.509303235914565 28.017041087150574 17.759405307471752 31.814243169501424 14.462869613431396 104.94262005202472 42.783434226177633 39.113449266180396 4.7594433221966019 2.9655303470790377 0.77721285074949165
leaf_count=867 785 76 125 144 112 379 451 180 50 26 7
internal_value=0.00102778 0.00359937 0.00115558 0.0068956 -0.00587272 0.012314 -0.00899431 -0.00590116 0.0126718 -0.0300099 -0.0334238
internal_weight=403.48 378.228 350.211 193.63 156.582 136.757 137.359 56.8729 19.2223 25.252 22.2865
internal_count=3202 2384 2308 828 1480 523 1318 305 162 818 792
is_linear=0
shrinkage=0.0435066


Tree=30
num_leaves=13
num_cat=0
split_feature=13 16 5 9 10 9 6 6 1 5 18 7
split_gain=16.7546 12.6108 4.33974 8.10699 8.2467 6.21046 5.74004 4.6935 4.30328 2.02829 1.24996 0.0881557
threshold=0.36666666666666675 10.500000000000002 38.45000000000001 0.10281902844198336 0.21825396825396823 0.090097402597402565 145.45000000000002 125.75000000000001 2.5000000000000004 183.35000000000005 8.5000000000000018 5.5000000000000009
decision_type=2 2 2 2 2 2 2 2 2 2 2 2
left_child=1 10 5 4 -4 6 -3 -7 -5 11 -1 -2
right_child=9 2 3 8 -6 7 -8 -9 -10 -11 -12 -13
leaf_value=-0.03004719492571532 -0.033458587745414776 -0.0086327571463426615 0.0071358571606480251 0.0095529860029329693 0.029438132820947923 0.016640768178037613 0.017445244480160497 -0.015890946718144987 -0.021665448188688916 0.0047583360439634841 -0.0035616291798657362 -0.00025306455099780581
leaf_weight=14.901199748739602 21.639580987859524 106.31919034849852 129.97676976770163 7.9483222216367748 38.96236146427691 46.451372975483537 12.219450062140821 4.3355317451059809 16.376685060560703 0.82318087294697662 7.4255526512861243 0.87159706000238557
leaf_count=187 779 938 545 30 121 363 58 44 88 4 35 26
internal_value=0.000950865 0.00335556 0.00549118 0.00983617 0.0132392 0.000293888 -0.00509498 0.0121965 -0.011275 -0.0304516 -0.0243826 -0.0328654
internal_weight=408.251 384.916 362.59 193.264 168.939 169.326 118.539 50.7869 24.325 23.3344 22.3268 22.5112
internal_count=3218 2409 2187 784 666 1403 996 407 118 809 222 805
is_linear=0
shrinkage=0.0435066


Tree=31
num_leaves=11
num_cat=0
split_feature=16 4 5 6 4 11 4 10 18 8
split_gain=14.6692 11.0294 9.93199 5.86159 4.07187 3.73558 2.82818 1.86063 1.33803 0.361008
threshold=10.500000000000002 42.150000000000013 16.450000000000003 155.95000000000002 35.350000000000001 0.13873626373626372 36.150000000000013 0.07032115171650051 8.5000000000000018 2019.0000000000002
decision_type=2 2 2 2 2 2 2 2 2 2
left_child=8 2 5 4 -4 7 -7 -2 -1 -5
right_child=1 -3 3 9 -6 6 -8 -9 -10 -11
leaf_value=-0.032675121342507767 0.0043905099516181332 0.028590824942250997 -0.0010097886152368731 -0.0015552465699073018 0.009420103777889861 -0.015612353490865474 0.012136346665560092 -0.023552515761717265 -0.004637601813845457 -0.025415913713342148
leaf_weight=18.284954438917342 2.31430316902697 23.208752110600471 109.68655735161155 3.3793584732338768 180.19804521091282 4.6130503672175136 11.864316535182295 37.005000662058592 7.5473804324865332 6.032674640417099
leaf_count=329 21 58 641 24 1008 128 151 769 38 51
internal_value=0.000740751 0.00311825 0.000940264 0.00417564 0.00550423 -0.0148746 0.0017067 -0.0212977 -0.0273793 -0.0216224
internal_weight=404.134 378.302 355.093 299.297 289.885 55.7967 16.4774 39.3193 25.8323 9.41203
internal_count=3218 2851 2793 1724 1649 1069 279 790 367 75
is_linear=0
shrinkage=0.0435066


Tree=32
num_leaves=10
num_cat=0
split_feature=13 4 16 6 4 18 18 4 8
split_gain=15.4129 10.3123 8.19009 7.12429 4.18794 1.6166 1.61168 1.262 0.358026
threshold=0.36666666666666675 42.150000000000013 10.500000000000002 155.95000000000002 36.650000000000013 8.5000000000000018 12.500000000000002 40.750000000000007 2019.0000000000002
decision_type=2 2 2 2 2 2 2 2 2
left_child=1 2 5 4 -4 -1 7 -2 -5
right_child=6 -3 3 8 -6 -7 -8 -9 -10
leaf_value=-0.028084566653579539 -0.034308764218044234 0.027836761609800368 2.933492244165904e-07 -0.0026865584897181674 0.0099004946864449887 -0.00096217539584178547 0.0011624128697919371 0.0015917560970187764 -0.027730406968809539
leaf_weight=13.726566527038814 19.659490649588413 23.406135611236095 184.76370737981051 3.8767610732465965 140.20665317680687 6.8329631090164176 1.877758927643298 0.82399755716323753 7.4201220199465752
leaf_count=186 783 59 1190 32 839 33 17 9 70
internal_value=0.000985482 0.00328309 0.00117438 0.00299961 0.00441273 -0.0218436 -0.0296588 -0.0324559 -0.0238284
internal_weight=402.594 380.233 356.827 336.267 324.97 20.5595 22.3612 20.4835 11.2969
internal_count=3218 2409 2350 2131 2029 219 809 792 102
is_linear=0
shrinkage=0.0435066


Tree=33
num_leaves=14
num_cat=0
split_feature=13 4 0 4 7 5 6 7 6 7 5 7 4
split_gain=13.7363 8.89888 7.45735 9.50615 8.21069 6.68633 5.30473 3.7268 3.04734 2.91854 2.25634 2.16796 1.22829
threshold=0.36666666666666675 40.45000000000001 1550.0000000000002 36.650000000000013 3.5000000000000004 36.45000000000001 145.45000000000002 2.5000000000000004 109.65000000000002 2.5000000000000004 125.75000000000001 6.5000000000000009 40.750000000000007
decision_type=2 2 2 2 2 2 2 2 2 2 2 2 2
left_child=1 2 3 6 10 -6 -1 -3 -9 -5 -4 12 -2
right_child=11 7 4 9 5 -7 -8 8 -10 -11 -12 -13 -14
leaf_value=-0.0029673173709880863 -0.033128023056585652 -0.0029263923738447662 -0.021238615740647372 0.0001902562683443442 -0.010458657505839219 0.010418211754272941 0.024858658910202586 0 0.027858946841979124 0.030278887047245861 -0.0028156134033763673 0.0052834829317726425 0.0016950074269951871
leaf_weight=100.34719351585954 19.819218007847674 10.650038527324794 49.462192344479263 8.3416319303214532 42.674062612466514 64.157976205460727 8.2310499548912031 9.137659974396227 36.194636464118958 27.921127234585583 20.832153936848044 1.0278899706900109 0.82321126013994117
leaf_count=698 786 43 553 53 414 266 20 41 111 115 95 14 9
internal_value=0.000916216 0.00307489 0.000124583 0.0073016 -0.00574025 0.00186823 0.000342677 0.0180994 0.0229803 0.0246763 -0.0166121 -0.0283822 -0.0312949
internal_weight=399.62 377.95 321.967 144.841 177.126 106.832 108.578 55.9823 45.3323 36.2628 70.2943 21.6703 20.6424
internal_count=3218 2409 2214 886 1328 680 718 195 152 168 648 809 795
is_linear=0
shrinkage=0.0435066


Tree=34
num_leaves=20
num_cat=0
split_feature=4 18 0 4 6 0 6 6 8 16 4 11 9 3 4 17 2 10 10
split_gain=10.8968 14.5802 4.75155 5.87218 4.93004 4.24746 4.88714 3.80888 2.55903 1.95796 1.82839 1.38145 3.14732 1.11717 0.8948 0.857334 0.684099 0.354255 0.0763687
threshold=40.45000000000001 6.5000000000000009 1550.0000000000002 36.550000000000004 146.15000000000001 1750.0000000000002 150.10000000000002 107.85000000000001 2016.5000000000002 15.500000000000002 42.150000000000013 0.061862244897959155 0.11324786324786322 51.500000000000007 37.850000000000001 44.94583333333334 12.500000000000002 0.14511278195488717 0.15677668539325842
decision_type=2 2 2 2 2 2 2 2 2 2 2 2 2 2 2 2 2 2 2
left_child=1 9 3 4 -3 7 -7 -4 -5 13 11 17 -13 18 15 -11 -15 -2 -1
right_child=10 2 5 8 -6 6 -8 -9 -10 14 -12 12 -14 16 -16 -17 -18 -19 -20
leaf_value=0.0028742672451967195 0.0020715294885079983 -0.0013712526436048197 -0.021158827421909436 0 0.029071249396298269 0.0055710018902115476 -0.020373933508065628 0.0010322974072263522 0.027542468839804751 0.004536306056729388 0.026217488349630422 -0.015237409901729806 0.013641587678915689 -0.026899539576255013 0.011414184409269326 -0.014655623595092307 -0.0012067112550048762 0.018327217715096204 -0.003013503604162803
leaf_weight=1.6979226497933262 6.9714296050369766 88.59670611936599 29.711515423376113 7.5368649642914525 4.7245494425296775 94.322606926551089 9.3661404661834222 22.20692235743627 25.483405359089375 2.7340473989024749 22.920221041887999 8.1569678355008346 7.3352748416364184 42.095554839121178 1.4202849343419073 3.2232389841228724 3.5666809305548659 10.516583584249018 1.9277707217261193
leaf_count=24 33 541 261 28 7 544 83 166 94 50 61 46 31 998 8 89 75 37 42
internal_value=0.000847104 -0.00216617 0.00199038 0.00807534 0.00186606 -0.00301403 0.00206982 -0.0124381 0.0221691 -0.0210793 0.0175817 0.00798952 -0.00111562 -0.023864 0 -0.00727183 -0.0254871 0.0145882 0
internal_weight=394.515 338.614 281.949 126.342 93.3213 155.607 103.689 51.9184 33.0203 56.6655 55.9005 32.9803 15.4922 49.2879 7.37757 5.95729 45.6622 17.488 3.62569
internal_count=3218 3010 1724 670 548 1054 627 427 122 1286 208 147 77 1139 147 139 1073 70 66
is_linear=0
shrinkage=0.0435066


Tree=35
num_leaves=23
num_cat=0
split_feature=4 0 16 6 21 6 1 3 6 7 7 4 4 2 5 11 11 6 4 5 5 6
split_gain=13.8627 12.579 8.01972 9.22696 7.79686 7.00758 5.33244 4.97622 4.68667 4.6134 4.57564 8.47664 3.88371 3.21331 2.82674 2.61337 1.41513 1.321 1.12218 0.776237 0.52071 0.478096
threshold=39.150000000000013 1350.0000000000002 12.500000000000002 111.25000000000001 1.0000000180025095e-35 70.450000000000017 2.5000000000000004 54.500000000000007 108.25000000000001 2.5000000000000004 3.5000000000000004 36.550000000000004 37.650000000000013 14.500000000000002 186.60000000000005 0.04880952380952381 0.040833333333333312 107.95000000000002 39.850000000000001 72.950000000000017 7.1500000000000012 108.85000000000001
decision_type=2 2 2 2 2 2 2 2 2 2 2 2 2 2 2 2 2 2 2 2 2 2
left_child=1 5 16 15 10 6 7 -1 -6 -7 11 -3 -8 -11 -12 18 -2 -17 -4 20 -18 -10
right_child=2 4 3 -5 8 9 12 -9 21 13 14 -13 -14 -15 -16 17 19 -19 -20 -21 -22 -23
leaf_value=0.019992063033240255 -0.020425505991257465 -0.031521831326451567 -0.0012297446270776661 0.036450262595102687 -0.035002469468608494 -0.010965335893438864 -0.018976717718634781 -0.010620669445859873 0.0064787724461597713 0.025230022046875401 -0.0041953129268242906 -0.00081481022347138497 0.013735225098185104 -0.0032256618859421251 0.017271099535631867 0.0083219818134070665 0.0029473237736132181 -0.010048405687274083 0.019733176415679642 0.0087330107118965914 -0.011508645342121902 -0.0065317959615841534
leaf_weight=17.466229695826772 6.1870216503739384 28.777123730629683 4.4669565577059975 25.271985236555338 36.471111544175074 6.0231470372527829 36.340502311009914 11.441436756867914 4.614360998850314 34.365871676709503 68.529105478897691 34.890099462121725 2.9808035716414443 6.7949811052530995 7.1818739958107463 4.3470875020138946 2.9080341616645438 18.397733021527529 11.206282133236526 4.5998905189335346 4.9985559703782201 3.7429138533771038
leaf_count=123 44 459 42 74 473 53 345 124 50 174 566 288 10 28 22 39 25 125 48 19 44 48
internal_value=-0.00313876 -0.00750446 0.0120117 0.0190151 -0.0143886 0.00358227 -0.00513775 0.00786658 -0.0292059 0.0154724 -0.00846218 -0.0164758 -0.014677 0.0205224 -0.000829128 0.00369894 -0.0101973 -0.00512172 0.0146982 0 -0.00656405 0
internal_weight=382.003 299.62 82.3835 63.69 184.207 115.413 68.229 28.9077 44.8284 47.184 139.378 63.6672 39.3213 41.1609 75.711 38.4181 18.6935 22.7448 15.6732 12.5065 7.90659 8.35727
internal_count=3223 2763 460 328 1906 857 602 247 571 255 1335 747 355 202 588 254 132 164 90 88 69 98
is_linear=0
shrinkage=0.0435066


Tree=36
num_leaves=15
num_cat=0
split_feature=13 18 16 6 0 25 9 5 3 2 6 10 6 0
split_gain=10.132 8.41688 5.23946 5.73336 8.52932 6.14353 1.84943 3.22181 1.26821 1.55976 0.9107 0.793551 0.701108 0.486572
threshold=0.45000000000000007 13.500000000000002 11.500000000000002 109.45000000000002 1550.0000000000002 1.5000000000000002 0.053342816500711203 83.15000000000002 54.500000000000007 8.5000000000000018 70.950000000000017 0.12771739130434781 161.55000000000004 1750.0000000000002
decision_type=2 2 2 2 2 2 2 2 2 2 2 2 2 2
left_child=1 2 6 4 -4 -5 10 -8 13 -10 -1 -2 -13 -3
right_child=11 8 3 5 -6 -7 7 -9 9 -11 -12 12 -14 -15
leaf_value=-0.00010178614389638044 0 0.023540661108635747 0.0032889490365801922 -0.0044427334809851744 -0.014829603231378788 0.016935669696289082 -0.014727292484051047 0.015365681851392261 -0.0081923463836799867 0.011709823685796178 -0.028769917874993171 -0.032315046004505972 0.00016874434791924725 0.0049799471663595704
leaf_weight=3.1477827616035965 2.0185871482826796 19.697980180382729 92.57588170375675 42.914569800719619 92.375169580802321 47.526808882132173 11.221617387607692 4.3667850699275723 7.017650559544566 10.030604131519793 16.073721268214285 17.643875955836851 0.60993387643247743 9.4547776915133017
leaf_count=23 45 55 627 315 737 254 151 19 30 35 159 724 18 31
internal_value=-0.00309246 -0.00110291 -0.0037887 -0.00154266 -0.00590462 0.00707091 -0.0182688 -0.00379697 0.0149781 0.00309 -0.0256809 -0.0289171 -0.0310642 0.0198131
internal_weight=376.676 356.403 310.202 275.392 184.951 90.4414 34.8099 15.5884 46.201 17.0483 19.2215 20.2724 18.2538 29.1528
internal_count=3223 2436 2285 1933 1364 569 352 170 151 65 182 787 742 86
is_linear=0
shrinkage=0.0435066


Tree=37
num_leaves=20
num_cat=0
split_feature=18 13 7 5 6 6 9 5 7 5 10 10 6 5 1 6 6 9 6
split_gain=9.85849 6.68947 5.69497 3.55055 3.48964 6.32865 6.09464 2.23395 3.8875 3.15794 2.83829 3.57695 2.75434 2.5278 1.5639 0.760697 0.436591 0.169094 0.102781
threshold=11.500000000000002 0.45000000000000007 2.5000000000000004 58.400000000000006 108.55000000000001 102.85000000000001 0.033520599250936305 324.95000000000005 3.5000000000000004 186.60000000000005 0.17846085802742148 0.26206005414718198 109.75000000000001 103.05000000000001 2.5000000000000004 161.85000000000005 70.050000000000011 0.012896825396825353 112.85000000000001
decision_type=2 2 2 2 2 2 2 2 2 2 2 2 2 2 2 2 2 2 2
left_child=1 2 3 18 5 -4 -6 8 9 13 16 -12 -11 -2 -5 17 -10 -3 -1
right_child=7 15 4 14 6 -7 -8 -9 10 12 11 -13 -14 -15 -16 -17 -18 -19 -20
leaf_value=-0.032627051123541063 -0.0081759819527121025 0 -0.0016209777762265735 0.010947298702243336 -0.018075091876519778 -0.024381748408277611 0.0095604678138044383 0.021845425484698752 0.0040298786229882701 -0.026424533279622905 -0.016836885309264558 0.013572107880828629 0.0022847288687233252 0.011897031146000193 -0.010461574835028851 0.00067639917233468304 0.022560595804390508 -0.031939702442562834 -0.0029836793928075152
leaf_weight=15.392268647439783 13.766010567545889 0.93645600695163622 109.19155158055946 4.6206991486251345 12.336319729685782 23.618626866023988 70.499698859639466 11.685136139392851 7.8022194504737881 9.4117493405938166 7.7900504432618645 8.4114860109984857 7.9272954240441313 22.370926009491086 8.6675598472356779 0.57633655797690053 22.391434226185083 16.119184894254431 2.4319982314482322
leaf_count=187 71 30 786 23 106 307 512 38 22 47 49 31 27 87 57 16 80 718 29
internal_value=-0.00306932 -0.00761628 -0.0052727 -0.0209551 -0.00241645 -0.00669208 0.00431401 0.00744736 0.00443313 -0.00333349 0.0128834 -0.00124139 -0.0158381 0.00393339 -0.00135594 -0.0297236 0.0196119 -0.0310812 -0.0308779
internal_weight=375.947 264.391 246.759 31.1125 215.646 132.81 82.836 111.556 99.8712 53.476 46.3952 16.2015 17.339 36.1369 13.2883 17.632 30.1937 17.0556 17.8243
internal_count=3223 2771 2007 296 1711 1093 618 452 414 232 182 80 74 158 80 764 102 748 216
is_linear=0
shrinkage=0.0435066


Tree=38
num_leaves=21
num_cat=0
split_feature=18 13 16 1 2 6 10 10 6 6 5 10 11 5 17 6 6 6 2 11
split_gain=9.21384 5.96264 4.34525 3.12809 7.02254 4.67196 2.27291 7.82731 4.54974 4.89532 3.84805 2.81471 2.22208 2.20902 2.01022 1.37584 1.07008 0.833082 0.578358 0.576268
threshold=10.500000000000002 0.45000000000000007 15.500000000000002 2.5000000000000004 6.5000000000000009 108.55000000000001 0.17846085802742148 0.24638060352346061 109.25000000000001 104.35000000000001 131.95000000000002 0.11834733893557421 0.12931995540691191 191.25000000000003 62.832291666666677 105.55000000000001 69.750000000000014 161.85000000000005 6.5000000000000009 0.025978407557354904
decision_type=2 2 2 2 2 2 2 2 2 2 2 2 2 2 2 2 2 2 2 2
left_child=1 2 3 4 -1 -5 8 13 9 10 -2 -10 15 -8 16 -9 -4 -3 -16 -11
right_child=6 17 14 5 -6 -7 7 12 11 19 -12 -13 -14 -15 18 -17 -18 -19 -20 -21
leaf_value=0.0081043486993613491 0.018556232578317025 -0.031380989646777963 -0.00074778845327874894 -0.023884144916884734 -0.012219866590831917 -0.0031019777980698529 -0.023739160258542481 0.02586238379403091 -0.00095824577529256966 -0.00017669858824511433 -0.0062991843789842062 0.026046145023644218 -0.0055701429192329243 0.0012706903835920714 0.003780164775772098 0.002440739305154988 0.02171759675930806 0.00095321984953965243 -0.011818173930150309 -0.020892788994951381
leaf_weight=53.214919212274253 22.39981728233397 15.592725357972085 3.5386836975812939 39.217263737693429 63.199581298977137 43.457739666104317 17.028353355824951 11.647168537601834 7.8757832627743474 4.3594027515500775 14.800123427063225 26.848710032179952 5.6128658782690755 7.4235732257366172 2.6340362802147856 9.8568807961419207 11.526356425136326 0.57645628601312715 3.3478187415748835 9.2154830042272788
leaf_count=382 78 724 32 439 486 385 100 41 39 28 61 95 31 29 27 58 70 16 39 63
internal_value=-0.00313816 -0.0082775 -0.00583669 -0.00790467 -0.00291029 -0.0140978 0.00562547 -0.00135869 0.00974531 0.000723913 0.00897212 0.0204935 0.0131464 -0.0171514 0.0106035 0.0185505 0.0173415 -0.0298416 -0.00575405 -0.0169565
internal_weight=373.374 236.306 220.136 199.09 116.415 82.675 137.068 51.5688 85.4993 50.7748 37.1999 34.7245 27.1169 24.4519 21.0469 21.504 15.065 16.1692 5.98186 13.5749
internal_count=3223 2600 1860 1692 868 824 623 259 364 230 139 134 130 129 168 99 102 740 66 91
is_linear=0
shrinkage=0.0435066


Tree=39
num_leaves=22
num_cat=0
split_feature=4 0 7 21 6 6 6 7 4 4 7 17 27 4 0 6 5 7 17 3 6
split_gain=13.2777 10.7411 7.23826 6.1192 5.44814 4.91207 4.72534 4.16043 5.46599 3.66649 3.99584 3.08905 3.01307 2.58362 2.28708 1.89476 1.617 1.039 0.550891 0.545704 0.270449
threshold=39.150000000000013 1350.0000000000002 2.5000000000000004 1.0000000180025095e-35 60.650000000000013 108.15000000000002 109.75000000000001 2.5000000000000004 35.150000000000013 37.650000000000013 3.5000000000000004 55.723958333333336 1.5000000000000002 42.850000000000001 2200.0000000000005 107.05000000000001 213.00000000000003 4.5000000000000009 58.494642857142871 57.500000000000007 71.850000000000009
decision_type=2 2 2 2 2 2 2 2 2 2 2 2 2 2 2 2 2 2 2 2 2
left_child=1 4 13 9 12 19 15 20 -9 10 -3 -11 17 -2 -8 -4 -17 -1 -7 -5 -6
right_child=2 3 6 5 7 18 14 8 -10 11 -12 -13 -14 -15 -16 16 -18 -19 -20 -21 -22
leaf_value=-0.027181927729804142 -0.023037339865883841 -0.020846684922026654 0.017850511966208824 -0.035901695101963484 -0.019039342708867795 0.006190679709147032 0.030848136072998914 -0.00086301073384309425 0.0198553285647124 -0.0072898397502562731 -0.0040798679432550392 0.019479470584449429 0.008022155393717768 0.0068476195268049374 0.0029866622280420637 -0.0093346350243462741 0.011420444942381449 0 -0.0075080379730395903 -0.0025651735881670567 -2.99520395389375e-05
leaf_weight=11.14333470631391 8.0790904145687801 45.498702427372336 3.6706668138504055 30.57697114860639 4.3406235082074991 6.180784482508896 30.738768666982651 43.350622122175992 44.069208835251629 10.819942068308594 68.224102960899472 9.4785839570686203 3.842799453996121 4.3011087924242011 9.311431519687174 18.852930454537276 3.4185268133878699 2.8826150931417933 3.3484236216172576 2.7133455313742152 2.9049250595271587
leaf_count=175 85 646 23 433 65 57 108 325 215 87 555 47 35 12 51 169 12 21 51 30 21
internal_value=-0.00326477 -0.00758713 0.0119333 -0.0140991 0.00277301 -0.027585 0.0175865 0.00715688 0.010127 -0.00863934 -0.0116381 0.00653087 -0.0157448 -0.0133408 0.0259113 0.00180229 -0.0039349 -0.023226 0 -0.0343024 -0.0157729
internal_weight=367.748 289.375 78.3725 176.841 112.534 42.8195 65.9923 94.6654 87.4198 134.021 113.723 20.2985 17.8687 12.3802 40.0502 25.9421 22.2715 14.0259 9.52921 33.2903 7.24555
internal_count=3223 2763 460 1906 857 571 363 626 540 1335 1201 134 231 97 159 204 181 196 108 463 86
is_linear=0
shrinkage=0.0435066


Tree=40
num_leaves=21
num_cat=0
split_feature=16 6 21 6 5 9 6 6 5 13 17 17 18 5 2 3 5 2 6 2
split_gain=13.105 4.92282 6.31616 4.62587 4.54496 5.0852 4.41788 11.8782 4.20358 3.4462 3.03256 2.78323 2.41678 1.66932 0.786893 0.77357 0.767736 0.703759 0.650917 0.14603
threshold=12.500000000000002 109.55000000000001 1.0000000180025095e-35 107.85000000000001 83.15000000000002 0.13893653516295021 115.45000000000002 122.95000000000002 35.95000000000001 1.0000000180025095e-35 34.32083333333334 79.634065934065944 7.5000000000000009 131.95000000000002 11.500000000000002 56.500000000000007 175.05000000000004 7.5000000000000009 122.35000000000001 6.5000000000000009
decision_type=2 2 2 2 2 2 2 2 2 2 2 2 2 2 2 2 2 2 2 2
left_child=4 2 9 10 5 14 -3 18 -9 11 -4 -2 -5 -6 -1 -11 -15 19 -8 -7
right_child=1 6 3 12 13 17 7 8 -10 15 -12 -13 -14 16 -16 -17 -18 -19 -20 -21
leaf_value=-0.025358718393514335 0.010299241538072445 0.023139412123118708 0.00602521861470899 -0.011786951727466164 0.011458451258314444 0.00091556221112570869 -0.029185054291096097 -0.00137924707952492 0.022713728906219272 -0.019993293435239336 -0.023637013070180325 -0.010915423932861041 0.010404759279602428 -0.014292980634328508 -0.0006345886530223627 0.0026045023093383183 0.00096651405427833955 -0.0053271197023951802 -0.0039011027016630827 0.014792646133692926
leaf_weight=50.99314429378137 105.98296676483005 36.710306022316217 4.5164774889126411 7.7762012963648912 10.734540432691576 4.8661485351622087 8.6843267604708654 19.006285695359111 32.01202361099422 4.9214404767844817 30.828288203570992 7.296553596854209 19.903930431231856 5.2188399359583846 3.7785973614081731 1.0756916459649799 9.3774748891592008 1.9835301050916312 6.0154219307005397 2.4515192657709122
leaf_count=725 609 170 59 98 55 80 128 198 126 171 395 53 129 35 38 22 37 45 48 16
internal_value=0.000249161 0.0048641 0.000418811 -0.0100622 -0.0136752 -0.0193669 0.012185 0.00439093 0.0144235 0.00627137 -0.0192581 0.00832923 0.00281774 0.00142234 -0.0240662 -0.0158896 -0.00674003 0.00618313 -0.0236894 0.0110709
internal_weight=374.134 284.73 182.302 63.0249 89.4038 64.0729 102.428 65.7181 51.0183 119.277 35.3448 113.28 27.6801 25.3309 54.7717 5.99713 14.5963 9.3012 14.6997 7.31767
internal_count=3237 2206 1536 681 1031 904 670 500 324 855 454 662 227 127 763 193 72 141 176 96
is_linear=0
shrinkage=0.0435066


Tree=41
num_leaves=22
num_cat=0
split_feature=4 16 21 16 4 17 3 5 5 18 0 22 7 23 4 4 16 7 4 17 17
split_gain=12.0233 10.9954 6.96902 8.71647 6.57607 4.90573 5.93903 6.47926 3.37827 3.2718 3.56085 3.14799 2.84999 2.48306 2.48236 1.85534 1.58157 1.54558 1.02173 0.785138 0.230822
threshold=36.650000000000013 13.500000000000002 1.0000000180025095e-35 10.500000000000002 40.45000000000001 73.951904761904771 52.500000000000007 35.95000000000001 165.75000000000003 11.500000000000002 1650.0000000000002 1.5000000000000002 2.5000000000000004 1.0000000180025095e-35 37.150000000000013 39.650000000000013 12.500000000000002 3.5000000000000004 34.750000000000007 42.844047619047622 28.296428571428574
decision_type=2 2 2 2 2 2 2 2 2 2 2 2 2 2 2 2 2 2 2 2 2
left_child=1 8 3 20 9 6 -3 -8 18 10 -4 14 -6 -7 -5 -13 -14 -11 19 -1 -2
right_child=2 5 4 11 12 13 7 -9 -10 17 -12 15 16 -15 -16 -17 -18 -19 -20 -21 -22
leaf_value=0.0044199329365982925 0 0.023341034393334056 0.0044849520155933039 0.0075679470607923046 -0.0064544985069960913 -0.030069884296267457 -0.013411174863777495 0.0063747942609312658 0.00044843468969557002 -0.0042700943104343981 -0.020797534615099211 -0.011831012928877933 0 0.0041519062914610995 0.032183244913644278 0.01295939022938912 0.020968870774254814 0.014672757706917989 -0.031730488675872547 -0.013291601288488792 -0.019400827829974994
leaf_weight=4.1671152422204605 2.3676796387881032 14.400621881708501 11.04498742893338 16.69937093462795 8.1594856735318881 8.304675634019075 46.392753063701093 70.046263305470347 7.9477384053170672 11.733127202838661 31.088569044834003 5.3964540334418398 8.9054676629602891 2.911158151458948 39.556457177735865 4.464691985398531 29.768060531467199 8.6538776122033578 32.185951836640015 2.2479845993220806 4.7631881823763251
leaf_count=50 33 96 71 102 45 100 582 297 33 67 583 53 34 16 193 18 117 44 591 43 69
internal_value=0.000326131 -0.0072289 0.00816299 0.0179511 0.000878892 -0.000805419 0.00194187 -0.00171959 -0.0241357 -0.00794637 -0.0142499 0.022991 0.0123807 -0.0223579 0.026581 0 0.0169352 0.00500281 -0.0287543 -0.00457811 -0.0167057
internal_weight=371.206 188.604 182.601 73.2478 109.354 142.055 130.84 116.439 46.5488 62.5206 42.1336 66.117 46.833 11.2158 56.2558 9.86115 38.6735 20.387 38.6011 6.4151 7.13087
internal_count=3237 1808 1429 468 961 1091 975 879 717 765 654 366 196 116 295 71 151 111 684 93 102
is_linear=0
shrinkage=0.0435066


Tree=42
num_leaves=20
num_cat=0
split_feature=4 13 21 16 18 10 6 16 25 18 4 6 6 18 16 3 18 4 10
split_gain=11.1961 7.63601 5.36763 4.79994 4.67508 4.58208 4.30584 6.63588 4.07246 2.7382 2.5422 2.18159 4.48018 1.87168 1.35065 1.72007 1.04024 0.141459 0.0832363
threshold=38.050000000000004 1.0000000180025095e-35 1.0000000180025095e-35 12.500000000000002 11.500000000000002 0.12372448979591837 109.75000000000001 12.500000000000002 1.5000000000000002 13.500000000000002 42.150000000000013 61.650000000000013 60.750000000000007 9.5000000000000018 13.500000000000002 56.500000000000007 7.5000000000000009 37.850000000000001 0.27126436781609192
decision_type=2 2 2 2 2 2 2 2 2 2 2 2 2 2 2 2 2 2 2
left_child=1 2 3 13 6 -6 14 10 -5 17 -8 12 -4 -1 16 -16 -2 -3 -13
right_child=4 9 11 8 5 -7 7 -9 -10 -11 -12 18 -14 -15 15 -17 -18 -19 -20
leaf_value=-0.019914256578854719 -0.0078008511560030604 -0.032314778690861877 -0.015110179643657878 -0.0091276629675753219 -0.0047937635187907434 0.027197906493241567 -0.018327121287779032 0.023304016025499003 0.0076777322825667717 0.0053473703982299062 0.0082637257046908157 -0.030849189681875756 0.012598633974867983 0.0025336342364356153 -0.018601995025800063 0.0069517339108976549 0.0085788404304906803 0 -0.00237463447243534
leaf_weight=18.279769932851199 6.4443754926323917 17.105362862115733 28.326817085966468 28.009080650284886 7.7846076693385831 35.548544760793447 9.5309527721256 27.234664583578706 126.47397918812931 1.9517142064869393 6.1725617274641982 7.3439837330952269 10.061090883798895 6.9149556793272486 14.827733071055265 2.1378372702747575 10.09996683616191 0.71008661575615306 2.1984779238700867
leaf_count=241 121 697 221 214 41 138 98 132 756 11 20 93 51 41 222 16 65 27 32
internal_value=0.000300363 -0.00494335 -0.00226308 0.00126792 0.0109058 0.0213733 0.00363835 0.0120776 0.00432208 -0.027209 -0.00806359 -0.0142523 -0.00684922 -0.014181 -0.00712948 -0.0139174 0.00136039 -0.0316665 -0.0285419
internal_weight=367.157 247.375 227.608 179.678 119.781 43.3332 76.4481 42.9382 154.483 19.7672 15.7035 47.9304 38.3879 25.1947 33.5099 16.9656 16.5443 17.8154 9.54246
internal_count=3237 2384 1649 1252 853 179 674 250 970 735 118 397 272 282 424 238 186 724 125
is_linear=0
shrinkage=0.0435066


Tree=43
num_leaves=20
num_cat=0
split_feature=4 16 16 27 4 17 3 5 23 18 17 7 23 4 4 2 2 0 3
split_gain=9.71172 9.40871 5.94398 8.27941 6.45936 5.01801 4.75901 6.75666 2.95467 2.90656 2.89089 2.77162 2.55485 2.10221 0.885476 1.48268 1.02325 0.87908 0.5378
threshold=36.650000000000013 13.500000000000002 10.500000000000002 2.5000000000000004 40.45000000000001 73.951904761904771 52.500000000000007 34.850000000000001 1.5000000000000002 12.500000000000002 58.494642857142871 2.5000000000000004 1.0000000180025095e-35 38.850000000000001 34.750000000000007 4.5000000000000009 11.500000000000002 1900.0000000000002 52.500000000000007
decision_type=2 2 2 2 2 2 2 2 2 2 2 2 2 2 2 2 2 2 2
left_child=1 9 18 4 10 6 -3 -8 17 14 -4 -6 -7 -10 15 -1 -16 -5 -2
right_child=2 5 3 8 11 12 7 -9 13 -11 -12 -13 -14 -15 16 -17 -18 -19 -20
leaf_value=0.0088206733558510615 0 0.021446088001182247 -9.5248483533421084e-06 0.032297951128619815 -0.0065691749161597536 -0.030518978475338264 -0.016014162080653323 0.0055827481332509279 -0.013073201019008204 0.0071640015633412978 -0.019135427965676143 0.017756711448485406 0.0042901888232144709 0.013428431802945895 -0.029299566103129573 -0.015105692253300598 0 0.013952296847288556 -0.021027345145149427
leaf_weight=3.4445958305150262 2.4929478578269464 14.302559747826306 40.616537119727582 23.996540510561317 6.8438939135521641 7.9733587363734824 33.065407929476351 82.399146527051926 5.4472881918773037 2.6052345037460318 18.196296088863164 36.613035647198558 2.8880846798419952 4.2120714597404003 33.266241320408881 3.1651189378462732 2.4958289561327538 31.367680827155709 7.6034882133826613
leaf_count=36 28 96 460 95 37 100 474 405 56 10 259 150 16 14 574 58 39 201 129
internal_value=0.000402746 -0.00641683 0.00756748 0.00976017 0.00160418 -0.000494195 0.00226742 -0.00104449 0.0211325 -0.0223333 -0.00739966 0.0133671 -0.0225457 -0.000140003 -0.0250661 -0.00368061 -0.0276039 0.0246306 -0.0177349
internal_weight=362.995 185.606 177.39 167.293 102.27 140.629 129.767 115.465 65.0236 44.977 58.8128 43.4569 10.8614 9.65936 42.3718 6.60971 35.7621 55.3642 10.0964
internal_count=3237 1808 1429 1272 906 1091 975 879 366 717 719 187 116 70 707 94 613 296 157
is_linear=0
shrinkage=0.0435066


Tree=44
num_leaves=17
num_cat=0
split_feature=7 4 5 9 6 4 18 18 17 0 6 6 6 2 27 6
split_gain=9.41525 10.0988 5.95434 5.77174 5.75875 2.98313 2.37087 1.06771 1.75436 0.95932 1.6986 1.71144 0.663045 0.525326 0.481931 0.228331
threshold=2.5000000000000004 39.45000000000001 9.9500000000000011 0.032291666666666656 113.05000000000001 36.650000000000013 14.500000000000002 11.500000000000002 62.74262820512822 2200.0000000000005 109.75000000000001 108.25000000000001 162.05000000000004 1.5000000000000002 1.5000000000000002 115.45000000000002
decision_type=2 2 2 2 2 2 2 2 2 2 2 2 2 2 2 2
left_child=4 2 12 6 7 -5 -4 8 -1 10 11 -3 13 -2 -11 -6
right_child=1 9 3 5 15 -7 -8 -9 -10 14 -12 -13 -14 -15 -16 -17
leaf_value=-0.034143178473612271 0 0.018411138270912786 -0.017025648345553635 0.0004207270263374617 0 0.011435287213117661 0.0075795705451991331 -0.0011295104380368167 0 -0.0036049456230548009 0.026881350073147164 -0.0022683952266307206 0.0013867541904743212 -0.022268752091521713 0.0087201527651703924 0.010211307385581613
leaf_weight=19.935161849949516 2.295547270216054 6.4138178620487478 32.782288814894855 139.77292387420312 4.1282589044421893 65.245610912330449 4.5589043833315364 3.9216959103941909 3.3983742462005457 5.4393871352076513 28.048749748617411 13.676118116825817 1.0709425685927261 20.470554278464988 5.3707659244537354 4.836960225366056
leaf_count=330 53 45 297 990 36 475 17 22 40 27 107 96 20 618 28 36
internal_value=0.000236774 0.00273585 -0.00097003 0.00123395 -0.0189577 0.00421794 -0.0131121 -0.0274828 -0.0303611 0.0180551 0.0205182 0.0068475 -0.0191644 -0.0205686 0.00291383 0.0069679
internal_weight=361.366 325.146 266.197 242.36 36.2205 205.019 37.3412 27.2552 23.3335 58.9488 48.1387 20.0899 23.837 22.7661 10.8102 8.96522
internal_count=3237 2773 2470 1779 464 1465 314 392 370 303 248 141 691 671 55 72
is_linear=0
shrinkage=0.0435066


Tree=45
num_leaves=15
num_cat=0
split_feature=7 4 0 4 6 5 7 5 0 6 2 1 2 18
split_gain=6.99806 7.88386 7.10154 10.9027 8.73988 3.80627 2.9107 2.52323 1.17857 2.07947 1.08044 1.06242 0.783795 0.0285996
threshold=2.5000000000000004 39.45000000000001 1550.0000000000002 36.650000000000013 69.65000000000002 324.95000000000005 3.5000000000000004 54.350000000000001 2200.0000000000005 111.15000000000002 8.5000000000000018 2.5000000000000004 10.500000000000002 10.500000000000002
decision_type=2 2 2 2 2 2 2 2 2 2 2 2 2 2
left_child=7 2 3 4 -2 6 -4 12 9 10 -3 -9 -1 -13
right_child=1 8 5 -5 -6 -7 -8 11 -10 -11 -12 13 -14 -15
leaf_value=-0.031053757819941994 -0.01883812777297085 0.012718399546466671 -0.018900283883636276 0.027013214276475787 0.0073765794720763731 0.015129258699062816 -0.0053477325995350041 0.0076029695855618943 0 0.028338340592342484 -0.0019927788432103351 -0.011606524336276614 0 -0.0012724685644331774
leaf_weight=14.101027378346773 31.161121585872024 16.95370866172016 45.1716413134709 25.948657555971295 60.000280511565506 6.0555281788110724 98.893126603681594 4.677184620872139 9.5974703673273307 15.512750674039124 11.506989430636166 5.5018243398517352 1.8415198877919454 5.0156777519732714
leaf_count=311 377 101 662 116 439 21 834 28 53 53 78 47 27 30
internal_value=-0.00141965 0.000620225 -0.00249305 0.00532153 -0.0021401 -0.00862133 -0.0102981 -0.0191736 0.014904 0.0175652 0.00721943 -0.00318088 -0.0286219 -0.00964181
internal_weight=351.939 320.801 267.23 117.11 91.1614 150.12 144.065 31.1372 53.5709 43.9734 28.4607 15.1947 15.9425 10.5175
internal_count=3177 2734 2449 932 816 1517 1496 443 285 232 179 105 338 77
is_linear=0
shrinkage=0.0435066


Tree=46
num_leaves=14
num_cat=0
split_feature=16 4 5 3 6 7 27 4 2 4 6 23 2
split_gain=7.69732 6.55133 4.67949 4.36643 4.65564 4.13374 2.7648 1.50566 1.35852 1.35227 0.709614 0.539835 0.679167
threshold=11.500000000000002 41.050000000000004 160.30000000000004 52.500000000000007 90.950000000000017 3.5000000000000004 3.5000000000000004 35.650000000000013 4.5000000000000009 34.650000000000013 111.15000000000002 1.5000000000000002 9.5000000000000018
decision_type=2 2 2 2 2 2 2 2 2 2 2 2 2
left_child=9 2 3 4 -2 -5 8 -8 -4 -1 -3 12 -11
right_child=1 10 6 5 -6 -7 7 -9 -10 11 -12 -13 -14
leaf_value=0.0022503270328640824 0.019210324682147447 0.0035353784327442975 0.0081091619514412471 -0.013977134644482985 -0.0091665446863323594 -0.0013903440704786812 0.0018383523517395742 0.024052641141169576 -0.010055049384456883 -0.026220730751411195 0.022751351681870847 0 -0.0014045660455592182
leaf_weight=2.687041912693533 22.637112108059227 9.0550445653498191 7.4966916106641319 75.298577844398096 12.032302536070345 134.05700278747827 10.56062785536051 17.077730614691973 10.824137551710008 22.486578023992486 18.936867911368608 2.0711398832499972 4.023244538344442
leaf_count=40 151 47 28 955 162 1089 37 61 65 418 66 20 38
internal_value=-0.00144158 0.000719412 -0.00135148 -0.00382786 0.00922524 -0.00624935 0.0104477 0.0178297 -0.00203941 -0.0200179 0.0186686 -0.0224276 -0.0237798
internal_weight=349.244 317.976 289.984 244.025 34.6694 209.356 45.9592 27.6384 18.3208 31.268 27.9919 28.581 26.5098
internal_count=3177 2661 2548 2357 313 2044 191 98 93 516 113 476 456
is_linear=0
shrinkage=0.0435066


Tree=47
num_leaves=20
num_cat=0
split_feature=16 4 21 4 5 16 17 23 17 17 6 0 6 11 16 4 11 23 5
split_gain=7.22037 5.89196 5.09242 6.00418 4.19825 4.5928 4.16498 3.6864 3.59257 3.62728 2.98434 2.31926 2.28375 1.53023 1.11336 1.00922 0.684544 0.382307 0.0528175
threshold=11.500000000000002 36.350000000000001 1.0000000180025095e-35 40.45000000000001 35.95000000000001 14.500000000000002 52.467857142857149 1.5000000000000002 59.663571428571437 42.41564102564103 145.45000000000002 2500.0000000000005 69.450000000000017 1.0000000180025095e-35 12.500000000000002 34.650000000000013 0.071067821067821071 1.5000000000000002 186.60000000000005
decision_type=2 2 2 2 2 2 2 2 2 2 2 2 2 2 2 2 2 2 2
left_child=15 4 7 6 5 10 -4 11 9 -6 -2 -3 -7 -10 -5 -1 -9 18 -17
right_child=1 2 3 14 8 12 -8 16 13 -11 -12 -13 -14 -15 -16 17 -18 -19 -20
leaf_value=0.0010191452724559312 -0.023008853115394159 0.021791928349244864 0.0015274445364943869 -0.0008642854485470012 -0.01024934498484611 -0.011481388601396556 -0.020609425304342961 -0.014122961912867481 0.0009552862968848616 0.010090865518642488 0.0067366338267612477 -0.00014826380444193677 0.012712449485886936 -0.020621415871294044 0.015954056394610703 -0.023429102534018822 0.0027389500283320086 0 -0.0013058877369459426
leaf_weight=2.6522686854004887 41.815052086720243 50.820078427437693 31.248050610069185 7.3384854346513739 15.895759608596562 5.48824842181057 23.49363925261423 3.9671592861413947 7.4477232862263945 59.863027750514448 3.8598754918202749 9.6622671540826541 12.83834191970527 11.118004532530902 26.952889073640108 24.224871215410538 3.5311500309035182 2.1122195003554216 2.0018605887889853
leaf_count=40 653 285 360 34 95 82 329 37 35 246 34 79 173 69 123 445 27 20 11
internal_value=-0.00137543 0.000725526 0.00658993 -0.000300781 -0.00505977 -0.0131011 -0.00899046 0.0149866 0.000790635 0.00522687 -0.0197749 0.0184631 0.00395052 -0.0135649 0.0125448 -0.0194333 -0.00788231 -0.0214691 -0.0226441
internal_weight=346.331 315.34 157.014 89.0331 158.326 64.0015 54.7417 67.9807 94.3245 75.7588 45.6749 60.4823 18.3266 18.5657 34.2914 30.9912 7.49831 28.339 26.2267
internal_count=3177 2661 1274 846 1387 942 689 428 445 341 687 364 255 104 157 516 64 476 456
is_linear=0
shrinkage=0.0435066


Tree=48
num_leaves=21
num_cat=0
split_feature=16 4 5 6 6 16 6 4 17 17 6 3 6 17 4 6 6 10 10 2
split_gain=7.20487 5.60396 4.78768 4.37763 10.501 4.28967 4.10021 3.30798 2.63147 3.57456 2.38363 2.21162 2.14331 2.129 0.791029 0.650972 2.21007 0.395322 0.32927 0.165398
threshold=11.500000000000002 36.350000000000001 35.95000000000001 94.40000000000002 108.15000000000002 14.500000000000002 150.10000000000002 36.650000000000013 59.663571428571437 42.41564102564103 145.45000000000002 52.500000000000007 69.450000000000017 34.218636363636371 34.650000000000013 105.35000000000001 92.850000000000009 0.17349498327759191 0.2069580731489741 5.5000000000000009
decision_type=2 2 2 2 2 2 2 2 2 2 2 2 2 2 2 2 2 2 2 2
left_child=14 2 5 7 13 10 -6 18 9 -4 -2 -10 -7 -5 -1 16 19 -9 -3 -16
right_child=1 3 8 4 6 12 -8 17 11 -11 -12 -13 -14 -15 15 -17 -18 -19 -20 -21
leaf_value=7.7415697143027297e-05 -0.022862905813855916 -0.0091388701450247217 -0.010084024188561609 0.0025104046748365303 0.012682961088830762 -0.011630448496054782 -0.0084066805471949731 0.0092246600638789637 0.0066468116526606528 0.010002162092552322 0.0044224076267068198 -0.018701043689286229 0.011696417943022997 -0.025100414485922849 -0.01875511941895466 -0.025943143175283335 0.011603743569891401 0.030283724423507009 0.0023842762704953235 -0.0012925541449175992
leaf_weight=2.6328432857990292 40.905284662730992 3.4338734289631239 16.198463073000312 4.4490984226577011 81.885136418044567 5.5431423662230399 16.300527045503259 12.468862347304823 5.1123029030859497 59.889798674732447 4.0910727633163324 12.573947556316851 12.972768879495559 19.560268515255302 4.4266134183853882 17.254631648305804 3.0265935445204368 15.132690270896999 2.9873635852709413 3.763261002022773
leaf_count=40 653 35 95 63 543 82 133 60 27 246 34 77 173 349 90 304 19 68 23 63
internal_value=-0.00123309 0.000877289 -0.00478682 0.00660537 0.0022709 -0.0134162 0.00878019 0.0190569 0.00144933 0.00514588 -0.019941 -0.0111411 0.00310087 -0.0202103 -0.0192391 -0.020995 -0.0060786 0.0246447 -0.00449876 -0.0155443
internal_weight=344.609 313.505 157.287 156.218 122.195 63.5123 98.1857 34.0228 93.7745 76.0883 44.9964 17.6863 18.5159 24.0094 31.1039 28.4711 11.2165 27.6016 6.42124 8.18987
internal_count=3177 2661 1387 1274 1088 942 676 186 445 341 687 104 255 412 516 476 172 128 58 153
is_linear=0
shrinkage=0.0435066


Tree=49
num_leaves=15
num_cat=0
split_feature=16 4 5 3 6 27 7 4 7 3 4 2 23 5
split_gain=7.53608 5.14999 4.98008 6.45191 2.91005 2.6315 2.33989 2.23015 3.08973 1.98016 0.847576 0.716734 0.507046 0.298303
threshold=11.500000000000002 38.050000000000004 186.60000000000005 52.500000000000007 90.950000000000017 1.5000000000000002 2.5000000000000004 41.45000000000001 3.5000000000000004 53.500000000000007 34.650000000000013 10.500000000000002 1.5000000000000002 186.60000000000005
decision_type=2 2 2 2 2 2 2 2 2 2 2 2 2 2
left_child=10 2 3 4 -2 -5 -3 8 -8 -4 -1 12 13 -12
right_child=1 6 9 5 -6 -7 7 -9 -10 -11 11 -13 -14 -15
leaf_value=0.00028844827086207855 0.018122797371296937 -0.010399424590794475 -0.002722321473519054 -0.021228048394987358 -0.0077606951479470467 -0.0057677503863531893 -0.0003182257143584681 0.022388146146588732 0.017945682999129214 0.020320479822020347 -0.025496713395031918 0 0 -0.00021178795543668497
leaf_weight=2.5727274375967708 23.042781412601474 5.1176681881770483 7.1933467648923424 21.207466771360487 6.5411721295677117 145.08224733476527 48.081538712605834 19.499866764992476 19.989960243925452 16.264327418059111 22.800207039807002 1.8903209762647737 2.1690531391650429 1.8596445433795441
leaf_count=40 152 49 32 352 97 1278 445 72 128 56 428 18 19 11
internal_value=-0.00127387 0.000899769 -0.00271433 -0.0051318 0.011753 -0.00852393 0.00916991 0.0110617 0.00600946 0.0138627 -0.0196335 -0.0214273 -0.0229312 -0.0243558
internal_weight=343.312 312.02 219.331 195.874 29.584 166.29 92.689 87.5714 68.0715 23.4577 31.292 28.7192 26.8289 24.6599
internal_count=3177 2661 1967 1879 249 1630 694 645 573 88 516 476 458 439
is_linear=0
shrinkage=0.0435066


Tree=50
num_leaves=13
num_cat=0
split_feature=13 5 1 4 6 4 18 16 11 4 5 6
split_gain=6.33325 3.75261 11.2259 7.00822 4.85415 3.69077 4.38921 2.89747 2.79495 2.72951 2.58228 0.734067
threshold=0.70833333333333337 37.750000000000007 1.0000000180025095e-35 34.45000000000001 145.75000000000003 35.250000000000007 12.500000000000002 15.500000000000002 0.084219858156028365 36.750000000000007 35.350000000000001 116.40000000000002
decision_type=2 2 2 2 2 2 2 2 2 2 2 2
left_child=1 3 -3 4 10 8 -7 9 -4 -5 -1 -9
right_child=-2 2 5 7 -6 6 -8 11 -10 -11 -12 -13
leaf_value=-0.031515179075753401 -0.029406279725767578 0.029971521976233713 -0.024163321408088492 -0.011429655726909571 0.013031515563792791 -0.0040861175773339543 0.011131736856313884 0.019046311269289674 0.0044186948225259934 0.0036070744958884176 -0.0089865313217515879 0
leaf_weight=20.818785789422691 8.6436721268109959 19.797013275325298 13.195977477356793 30.216238571330905 4.3344708718359461 82.816443592309952 53.263241780921817 11.891600437462332 6.2526726499199858 53.528764092130587 29.254651390016079 5.6030223397538057
leaf_count=250 486 45 83 533 12 546 232 93 30 635 177 65
internal_value=-0.00189233 -0.000589982 0.00368008 -0.00541659 -0.0170955 -0.000675121 0.00203622 0.00142069 -0.0157836 -0.00214027 -0.0210817 0.0148407
internal_weight=339.617 330.973 175.325 155.648 54.4079 155.528 136.08 101.24 19.4487 83.745 50.0734 17.4946
internal_count=3187 2701 936 1765 439 891 778 1326 113 1168 427 158
is_linear=0
shrinkage=0.0435066


Tree=51
num_leaves=13
num_cat=0
split_feature=13 3 16 27 4 8 9 9 10 4 1 8
split_gain=6.02079 2.8832 2.46716 2.45292 8.4949 2.25863 2.22452 1.54644 1.39352 1.99622 0.730132 0.296299
threshold=0.70833333333333337 52.500000000000007 10.500000000000002 1.5000000000000002 36.45000000000001 2021.5000000000002 0.13893653516295021 0.063220940550133067 0.15894736842105264 35.550000000000004 5.5000000000000009 2022.5000000000002
decision_type=2 2 2 2 2 2 2 2 2 2 2 2
left_child=1 5 11 6 -5 8 -4 10 -1 -10 -7 -3
right_child=-2 2 3 4 -6 7 -8 -9 9 -11 -12 -13
leaf_value=0.019789319134820835 -0.029095885134607497 -0.019685298238287699 -0.0102326633120006 -0.0047243459363236527 0.014544440680356313 -0.015559069131798805 0.0098212170394790695 0.0096061715609932694 -0.014054913736670109 0.010342458430061041 0.0019315346602841055 0
leaf_weight=19.763811334036291 8.445458247791974 10.516462242696432 68.691194253508002 133.86538154399022 56.027020744979382 8.3531760806217807 6.3816336113959542 4.4218871500343075 3.4711969643831244 10.708526572212575 3.291803900152444 2.3803159818053237
leaf_count=119 486 192 650 1017 364 88 62 38 33 82 24 32
internal_value=-0.00208156 -0.000802112 -0.00259819 -0.00142321 0.0012035 0.00814796 -0.00775622 -0.00386093 0.0137875 0.00133836 -0.0111413 -0.0176383
internal_weight=336.318 327.872 277.862 264.965 189.892 50.0104 75.0728 16.0669 33.9435 14.1797 11.645 12.8968
internal_count=3187 2701 2317 2093 1381 384 712 150 234 115 112 224
is_linear=0
shrinkage=0.0435066


Tree=52
num_leaves=16
num_cat=0
split_feature=13 4 6 6 1 17 27 27 2 24 7 10 22 6 2
split_gain=5.46112 2.61054 4.31112 5.47595 4.47753 4.02364 3.61801 2.97395 2.45119 2.34999 2.20612 1.97091 1.83005 1.46163 0.707699
threshold=0.70833333333333337 38.350000000000001 74.200000000000003 70.750000000000014 2.5000000000000004 29.047857142857143 2.5000000000000004 2.5000000000000004 9.5000000000000018 1.0000000180025095e-35 2.5000000000000004 0.13809523809523808 1.0000000180025095e-35 121.15000000000002 7.5000000000000009
decision_type=2 2 2 2 2 2 2 2 2 2 2 2 2 2 2
left_child=1 2 3 4 -1 13 8 -7 10 -10 -3 -8 -5 -4 -13
right_child=-2 6 5 12 -6 7 11 -9 9 -11 -12 14 -14 -15 -16
leaf_value=0.003969002542097669 -0.028106597294169405 -0.012784491500188882 0.016624102501086317 0.028276769623136765 -0.013848305683434753 -0.030724827283855321 -0.0017365154652130377 -0.008244647443960855 -0.02056832311945641 0.0042609942988320005 0.0088957472426895254 0.003077599101126744 0.0022505025668631872 -0.0055640802024560379 0.029839701420642028
leaf_weight=73.105338614899665 8.0551467582117748 4.5574407977983347 9.1651067933998984 10.948093401268126 33.546209977474064 8.9536321193445456 4.9813463464379337 91.749990597832948 10.806292249821126 8.2079172236844897 42.230542957782745 5.000658217817544 10.252034568227826 3.9248168356716624 9.749400941655038
leaf_count=483 486 51 110 48 307 164 31 824 105 68 308 38 64 56 44
internal_value=-0.0020197 -0.0008109 -0.00314321 0.00225408 -0.00202099 -0.00908463 0.00542484 -0.0120833 0 -0.0111039 0.0052902 0.0190816 0.0195426 0.00981946 0.0249636
internal_weight=335.234 327.179 241.645 127.852 106.652 113.794 85.5336 100.704 65.8022 19.0142 46.788 19.7314 21.2001 13.0899 14.7501
internal_count=3187 2701 2056 902 790 1154 645 988 532 173 359 113 112 166 82
is_linear=0
shrinkage=0.0435066


Tree=53
num_leaves=17
num_cat=0
split_feature=13 0 6 9 6 9 23 27 6 6 5 7 0 6 17 16
split_gain=5.15652 2.40542 3.28172 3.23097 3.32853 2.30889 2.29313 2.08948 1.97257 6.35365 11.7058 2.48817 4.41655 2.17085 1.55872 1.01809
threshold=0.70833333333333337 1550.0000000000002 69.65000000000002 0.051064754454584908 145.75000000000003 0.049515639589168957 1.0000000180025095e-35 3.5000000000000004 108.15000000000002 102.85000000000001 37.550000000000004 2.5000000000000004 1900.0000000000002 113.05000000000001 34.218636363636371 15.500000000000002
decision_type=2 2 2 2 2 2 2 2 2 2 2 2 2 2 2 2
left_child=1 2 5 7 -5 6 -1 -4 9 10 -3 13 -13 -10 -11 -7
right_child=-2 8 3 4 -6 15 -8 -9 11 14 -12 12 -14 -15 -16 -17
leaf_value=-0.024021275856410878 -0.027592755799681946 -0.01335932825011237 -0.0033462332056019665 -0.0050313207728442041 0.019932321364472715 0.0079231846406920027 0.0027626629452683731 0.020087600483243616 -0.025215697929720202 0 0.026859265250379408 0.0098800998043455553 -0.0062504554553091934 0.0025061697905240281 -0.029210982578363309 -0.0076923782927101007
leaf_weight=10.818782645277681 7.8543108217418185 33.506322671659291 5.8679657457396379 41.511893607210368 6.2814345322549334 16.999945029616359 6.4813205394893876 33.81414124974981 6.6254531033337098 4.376200842671099 14.300194643437861 57.608786619734019 57.640948036685586 6.214348953217268 18.94112374051474 5.3383143274113527
leaf_count=112 486 251 46 342 14 155 54 199 111 67 35 409 501 51 306 48
internal_value=-0.00205662 -0.000883524 0.00364219 0.00821439 6.22119e-05 -0.00596483 -0.0155537 0.0164211 -0.00384414 -0.00932402 0.000264621 -0.000422422 0.0018271 -0.0149516 -0.0250844 0.00294788
internal_weight=334.181 326.327 127.114 87.4754 47.7933 39.6384 17.3001 39.6821 199.213 71.1238 47.8065 128.09 115.25 12.8398 23.3173 22.3383
internal_count=3187 2701 970 601 356 369 166 245 1731 659 286 1072 910 162 373 203
is_linear=0
shrinkage=0.0435066


Tree=54
num_leaves=15
num_cat=0
split_feature=13 4 6 4 5 6 21 6 0 6 7 7 17 10
split_gain=4.91868 2.74782 4.32934 4.02916 6.51321 4.02787 4.02553 3.6657 3.34956 2.05881 3.09395 2.04577 2.00462 1.7961
threshold=0.70833333333333337 38.350000000000001 102.85000000000001 34.45000000000001 34.650000000000013 60.150000000000013 1.0000000180025095e-35 108.05000000000001 1900.0000000000002 109.75000000000001 2.5000000000000004 3.5000000000000004 26.793831168831172 0.13809523809523808
decision_type=2 2 2 2 2 2 2 2 2 2 2 2 2 2
left_child=1 2 3 4 -1 -5 13 12 -9 11 -11 -8 -4 -3
right_child=-2 6 7 5 -6 -7 9 8 -10 10 -12 -13 -14 -15
leaf_value=-0.031158368409269423 -0.027177827109756209 -0.001001765271993596 0.0027569366754741551 -0.015927115147197694 7.6827939773013601e-05 0.0096395536865303989 -0.013586817032315061 0.0038381688656877761 -0.013582693695429025 -0.013831631930174967 0.012538913400232929 0.0062569939142727146 -0.034496857459488592 0.025295657966266691
leaf_weight=9.6979868360795063 7.659641846548765 4.8194548189640072 1.6320094550028432 7.1346143847331396 54.251766472123563 85.208468889351934 22.557218667119745 32.933430724078789 39.348077798262239 4.9493287312798193 28.104593381285667 9.3920855196192843 9.2109260302968305 15.018875245004891
leaf_count=130 486 31 20 104 287 635 271 307 403 46 130 85 170 82
internal_value=-0.00206032 -0.000912782 -0.00331539 0.000958988 -0.00696055 0.00664264 0.00550982 -0.01095 -0.00585647 -0.000138284 0.00670817 -0.00741976 -0.0293794 0.0198569
internal_weight=331.918 324.259 239.417 156.293 63.9498 92.3431 84.8416 83.1244 72.2815 65.0032 33.0539 31.9493 10.8429 19.8383
internal_count=3187 2701 2056 1156 417 739 645 900 710 532 176 356 190 113
is_linear=0
shrinkage=0.0435066


Tree=55
num_leaves=18
num_cat=0
split_feature=16 4 13 0 6 7 17 5 6 0 23 4 7 2 1 17 10
split_gain=7.07496 6.06069 5.80487 3.43132 3.57335 4.37411 3.31608 5.21725 1.76055 1.6248 1.2603 1.43864 1.08635 0.952432 0.950392 0.442676 0.312762
threshold=11.500000000000002 38.050000000000004 1.0000000180025095e-35 2200.0000000000005 110.65000000000002 3.5000000000000004 44.94583333333334 36.45000000000001 164.45000000000002 1650.0000000000002 1.5000000000000002 34.650000000000013 6.5000000000000009 10.500000000000002 7.5000000000000009 26.438461538461542 0.17846085802742148
decision_type=2 2 2 2 2 2 2 2 2 2 2 2 2 2 2 2 2
left_child=10 2 6 4 5 -3 7 -2 -5 -8 11 -1 15 14 -13 -4 -6
right_child=1 3 12 8 16 -7 9 -9 -10 -11 -12 13 -14 -15 -16 -17 -18
leaf_value=0.0018929301765543223 -0.0048307179283936241 -0.002789508212301312 0 -0.017108855649560353 0.030151889807915281 0.021433744431002787 -0.001189673151658423 0.011490124758629908 0.0076138102407427846 -0.014738981061608898 0.0040488492893111109 -0.026164257109577975 0.0025476669893175581 0.001042121513009563 0.00081867578135593952 -0.028652566584145563 0.010139192605569808
leaf_weight=3.3014945418108317 61.896349495276809 36.971788701368496 0.77277324022724947 6.730779040604828 16.527218423783783 14.664170100353656 42.542246521450579 74.894357850775123 3.6959600653499365 24.909177980385721 1.7630855003371824 23.392908628098674 0.77786358539015132 1.6688068127259601 1.4930900344625104 11.246951798442749 14.146394833922384
leaf_count=37 605 388 25 55 66 99 297 289 26 243 15 444 8 20 23 493 69
internal_value=0 0.00213486 -0.00184684 0.0110645 0.0140395 0.00554752 0.000252286 0.00415099 -0.00819313 -0.00718719 -0.0177018 -0.0197584 -0.0246508 -0.0225974 -0.0243907 -0.0272313 0.024587
internal_weight=341.395 309.776 217.04 92.7363 82.3096 51.636 204.242 136.791 10.4267 67.4514 31.6194 29.8563 12.7976 26.5548 24.886 12.0197 30.6736
internal_count=3202 2663 1960 703 622 487 1434 894 81 540 539 524 526 487 467 518 135
is_linear=0
shrinkage=0.0435066


Tree=56
num_leaves=18
num_cat=0
split_feature=16 5 11 6 2 9 2 13 2 11 5 22 23 2 1 11 5
split_gain=6.09019 4.29023 6.64387 5.3951 3.65342 5.82837 3.37385 3.32137 3.14987 2.53929 1.95372 1.16183 1.08548 0.586252 0.709649 0.341599 0.261021
threshold=11.500000000000002 36.45000000000001 0.10172413793103446 60.150000000000013 9.5000000000000018 0.03608470181503886 14.500000000000002 1.0000000180025095e-35 10.500000000000002 0.15139116202945987 83.15000000000002 1.5000000000000002 1.5000000000000002 10.500000000000002 7.5000000000000009 0.21000000000000005 31.250000000000004
decision_type=2 2 2 2 2 2 2 2 2 2 2 2 2 2 2 2 2
left_child=12 3 4 6 5 -3 11 9 -6 -5 -4 -2 13 14 15 -1 -9
right_child=1 2 10 7 8 -7 -8 16 -10 -11 -12 -13 -14 -15 -16 -17 -18
leaf_value=-0.022294321774124277 -0.027506592897519087 -0.0020716096406061956 -0.024421102439355618 0.00023187967579187281 -0.015503297188848563 0.01995663308689493 0.005982723704269036 -0.018550178366537721 0.0055132247354436831 0.01760686870941823 0.0008849129978764803 0.00048600827219065203 0.0036464961784334229 0.00038903080920458838 0.00090631659153578997 0 0
leaf_weight=24.537799578625723 20.473956991918392 29.150446494109929 9.482559044845404 78.918748573865741 11.370744526386259 72.902773838490248 5.1777655109763137 9.0103820222429896 48.298511551693082 13.893197621218858 7.1967526450753203 2.1031306823715559 1.7257257169112552 1.6310186586342741 1.4828556366264809 1.6770347887650121 0.80658998154103834
leaf_count=440 276 166 73 810 53 340 39 476 236 111 44 21 15 20 23 41 18
internal_value=-5.21764e-05 0.00189312 0.00620431 -0.00394676 0.0090697 0.0138251 -0.0189114 0.000895484 0.000223925 0.0039187 -0.0158869 -0.025028 -0.0166364 -0.0185568 -0.0198285 -0.021256 -0.0172299
internal_weight=339.84 308.786 178.402 130.384 161.722 102.053 27.7549 102.629 59.6693 92.8119 16.6793 22.5771 31.0544 29.3287 27.6977 26.2148 9.81697
internal_count=3202 2663 912 1751 795 506 336 1415 289 921 117 297 539 524 504 481 494
is_linear=0
shrinkage=0.0435066


Tree=57
num_leaves=16
num_cat=0
split_feature=13 25 4 17 5 4 10 5 7 4 7 9 5 10 5
split_gain=5.92928 4.56225 4.35169 3.40447 5.09728 3.11841 2.66237 3.08484 1.99027 1.59989 1.19473 0.898199 0.197062 0.170146 0.0149988
threshold=1.0000000180025095e-35 1.0000000180025095e-35 38.050000000000004 44.94583333333334 36.45000000000001 38.750000000000007 0.11834733893557421 91.65000000000002 3.5000000000000004 41.550000000000004 6.5000000000000009 0.043961352657004807 31.250000000000004 0.11437908496732026 4.2500000000000009
decision_type=2 2 2 2 2 2 2 2 2 2 2 2 2 2 2
left_child=1 9 3 4 -3 10 11 -8 -5 -1 13 -4 14 -2 -7
right_child=5 2 6 8 -6 12 7 -9 -10 -11 -12 -13 -14 -15 -16
leaf_value=-0.023067732271409076 0 -0.0051911554738476714 -0.014211999949364488 -0.012349917652252108 0.010527280593834577 2.528302431666357e-05 0.0053396174822641466 0.023769384997871242 0.0024033536341167426 0.0026625258751239657 0.0025001210742634844 0.003822451196140054 0.0096392629769882152 -0.028798099214829394 -0.0020292498063308345
leaf_weight=11.657859245315192 0.86540398001671803 65.484869297128171 4.7943359762430173 47.980966499075294 78.935936745256186 0.72291530994698305 48.15611578617245 28.1761719211936 21.136655414476991 3.5888517498970023 0.93526377342641254 4.5004298835992813 2.0801757900044322 15.599518735543823 1.235900529194623
leaf_count=130 25 689 39 422 341 23 391 131 150 14 11 31 21 736 48
internal_value=0 0.00166667 0.0030333 -0.000321268 0.00341691 -0.0192241 0.0109394 0.0135986 -0.00788675 -0.0175647 -0.0257064 -0.00686642 0.00637749 -0.0280016 -0.00064619
internal_weight=335.851 314.412 299.165 213.538 144.421 21.4392 85.6271 76.3323 69.1176 15.2467 17.4002 9.29477 4.03899 16.4649 1.95882
internal_count=3202 2338 2194 1602 1030 864 592 522 572 144 772 70 92 761 71
is_linear=0
shrinkage=0.0435066


Tree=58
num_leaves=25
num_cat=0
split_feature=4 16 5 17 4 6 6 4 3 5 16 6 7 18 5 3 18 6 10 16 17 2 22 11
split_gain=5.5447 4.98596 3.67465 5.22373 4.30358 6.93028 3.90343 3.08957 2.83734 2.63388 2.46706 4.28258 3.63422 2.45091 2.38889 2.17628 1.27413 1.57973 1.25422 1.09685 1.06638 0.959131 0.630815 0.567794
threshold=38.050000000000004 13.500000000000002 35.95000000000001 44.94583333333334 34.150000000000013 145.75000000000003 91.15000000000002 36.45000000000001 53.500000000000007 186.60000000000005 12.500000000000002 110.65000000000002 3.5000000000000004 13.500000000000002 98.700000000000003 55.250000000000007 8.5000000000000018 119.95000000000002 0.20169491525423733 13.500000000000002 49.858333333333341 10.500000000000002 1.0000000180025095e-35 0.071067821067821071
decision_type=2 2 2 2 2 2 2 2 2 2 2 2 2 2 2 2 2 2 2 2 2 2 2 2
left_child=1 7 4 14 5 -3 -6 9 20 21 15 12 19 -5 -4 16 17 -2 -10 -12 -9 -1 -13 -14
right_child=10 2 3 13 6 -7 -8 8 18 -11 11 22 23 -15 -16 -17 -18 -19 -20 -21 -22 -23 -24 -25
leaf_value=-0.026369210705004899 -0.013860428429538432 -0.02721547386811278 0.014791598437392526 -0.016015212996964099 0.012855966930993744 0.018641078097324612 -0.011944590632870249 0.017761139084160577 -0.019191274101605378 0.0045725189340019021 0.0049542194340963085 0.025493892222556783 0.021389224375374841 0.0041236936421273065 -0.005842870234979025 -0.018350188078447644 0.012223719645779988 0.010049717043281762 0 -0.010129464899772933 -0.002649738176662632 -0.00071003285230384749 0.0037298453779455953 0.00082159265561674796
leaf_weight=29.410649899858981 6.5420253961347097 22.685166355222467 61.413201779127121 18.820767550729215 21.252065567299724 2.7413823306560507 14.589085481246 7.4094011178240198 8.0850356668233889 4.3279553800821295 7.4854620257392552 25.095194272696975 8.413352314848451 15.820961851626633 8.2126402854919416 5.0786458426155141 10.049629065208135 2.4366616709157825 10.403422068804501 23.373134574387223 3.9887415412813425 4.2699005502508944 6.719157454557716 4.9942589569836846
leaf_count=553 92 284 243 145 257 6 356 48 96 20 73 115 53 64 34 64 52 14 166 270 38 78 42 39
internal_value=0 -0.00367703 0.000451711 0.00537067 -0.00748248 -0.0191617 0.00223859 -0.0130367 -0.00149879 -0.0203356 0.00824339 0.0118757 0.00207699 -0.00737636 0.0119336 -0.00297887 0.00436413 -0.00522403 -0.0109605 -0.00597523 0.0116906 -0.0240093 0.0225757 0.017008
internal_weight=333.618 233.43 165.535 104.268 61.2677 25.4265 35.8412 67.8951 29.8866 38.0085 100.188 76.0806 44.2662 34.6417 69.6258 24.107 19.0283 8.97869 18.4885 30.8586 11.3981 33.6806 31.8144 13.4076
internal_count=3202 2388 1389 486 903 290 613 999 348 651 814 592 435 209 277 222 158 106 262 343 86 631 157 92
is_linear=0
shrinkage=0.0435066


Tree=59
num_leaves=16
num_cat=0
split_feature=13 25 4 6 6 4 16 27 6 5 3 6 10 4 5
split_gain=5.91983 4.32831 4.01404 3.99581 5.5417 2.58607 2.42319 2.61842 2.01509 1.40869 0.406674 0.217822 0.167842 0.17075 0.0137721
threshold=1.0000000180025095e-35 1.0000000180025095e-35 36.350000000000001 145.75000000000003 71.350000000000009 38.750000000000007 9.5000000000000018 4.5000000000000009 164.45000000000002 304.95000000000005 53.500000000000007 108.55000000000001 0.11437908496732026 38.050000000000004 38.250000000000007
decision_type=2 2 2 2 2 2 2 2 2 2 2 2 2 2 2
left_child=1 8 3 4 -3 9 10 -8 -1 12 -4 14 -2 -14 -7
right_child=5 2 6 -5 -6 11 7 -9 -10 -11 -12 -13 13 -15 -16
leaf_value=-0.023795455397970743 0 0.0020524677879416408 0.00090720647183426732 0.020683951829759666 -0.015437248936273115 -0.0027287350257659397 0.010914354492434466 -0.010548957474286627 0.0036930357779004896 0.0042213004735483584 -0.015158312198884073 0.0084288056685555522 -0.029668134859051724 -0.00073494228785782757 0
leaf_weight=10.929739865474401 0.85914837196470273 97.665354864671826 1.6924189049750555 7.2276287823915473 44.7190355299972 0.67315649939700894 134.11927454825491 6.1005481835454693 4.107800079509615 0.60726132243871589 3.6625899961218238 2.5987105779349804 13.860647899331523 1.4778216565027822 0.56638406403362751
leaf_count=107 25 636 19 15 457 46 952 48 37 2 67 36 687 58 10
internal_value=0.000153284 0.00185093 0.00318914 -0.00174648 -0.00380815 -0.0193107 0.00818536 0.00948488 -0.0169729 -0.0251574 -0.0115216 0.00503756 -0.0275974 -0.0283917 -0.00188186
internal_weight=330.868 310.224 295.187 149.612 142.384 20.6431 145.575 140.22 15.0375 16.8049 5.35501 3.83825 16.1976 15.3385 1.23954
internal_count=3202 2338 2194 1108 1093 864 1086 1000 144 772 86 92 770 745 56
is_linear=0
shrinkage=0.0435066


Tree=60
num_leaves=17
num_cat=0
split_feature=7 4 9 16 5 4 5 9 6 10 11 9 2 9 9 4
split_gain=7.07801 5.18952 7.16197 4.95662 4.11125 3.63518 3.56409 7.8515 2.32652 2.14728 0.869257 1.37575 0.83489 0.419653 0.247204 0.127274
threshold=2.5000000000000004 39.45000000000001 0.049515639589168957 14.500000000000002 68.90000000000002 36.45000000000001 38.45000000000001 0.066081498999454216 145.75000000000003 0.11834733893557421 0.067496392496392457 0.14651229273870783 5.5000000000000009 0.012896825396825353 0.066081498999454216 35.150000000000013
decision_type=2 2 2 2 2 2 2 2 2 2 2 2 2 2 2 2
left_child=4 2 3 9 15 -5 8 -8 -4 -2 13 14 -6 -3 -12 -1
right_child=1 10 6 5 12 -7 7 -9 -10 -11 11 -13 -14 -15 -16 -17
leaf_value=-0.00039373783562727393 -0.0016230647512299782 0.0015908313396150397 -0.0034876764231548561 -0.0085425123625652542 -0.0084852865921424513 0.017096554526123242 0.023090158190587178 -0.0064042521724059116 0.014504675293635184 -0.023457230952367222 0.0023069616098474765 0.015189836900622851 0.007199139306241711 0.020319736151496234 -0.0061443357438204071 -0.031607446125537814
leaf_weight=1.0870294654741908 13.039874048903583 5.0533856526017216 95.164242040948011 18.723526567686353 5.2216189457103592 11.30703613348305 36.077117449603975 23.968346887268126 9.1291670757345837 38.527778491843492 4.2020914074964848 5.675029180943965 7.6673381496220827 21.984711781609803 10.228555284440516 14.763352916110305
leaf_count=29 115 31 1241 140 43 61 141 165 89 489 28 24 45 119 75 330
internal_value=-0.000935601 0.00122132 -0.00138144 -0.0114546 -0.0193773 0.00216262 0.00380732 0.0116912 -0.00106144 -0.018911 0.0135057 0.00402033 0 0.0181083 -0.00325046 -0.0306555
internal_weight=321.82 293.081 245.937 81.5982 28.7393 30.0306 164.339 60.0455 104.293 51.5677 47.1438 20.1057 12.889 27.0381 14.4306 15.8504
internal_count=3165 2718 2441 805 447 201 1636 306 1330 604 277 127 88 150 103 359
is_linear=0
shrinkage=0.0435066


Tree=61
num_leaves=23
num_cat=0
split_feature=16 4 1 10 27 4 4 7 0 7 5 27 5 10 10 7 17 17 16 17 1 18
split_gain=6.57017 6.77424 3.44678 3.96632 2.92554 6.7447 4.5202 2.8544 2.27339 3.44773 3.21404 2.2669 1.71844 1.44531 1.70538 1.16668 1.1327 1.04932 0.82155 0.792161 0.774059 0.410242
threshold=13.500000000000002 36.150000000000013 1.5000000000000002 0.16568627450980386 1.5000000000000002 37.150000000000013 40.150000000000013 2.5000000000000004 1350.0000000000002 4.5000000000000009 36.45000000000001 4.5000000000000009 183.35000000000005 0.17846085802742148 0.31123737373737376 3.5000000000000004 37.462987012987021 17.288333333333338 12.500000000000002 100.61785714285715 5.5000000000000009 7.5000000000000009
decision_type=2 2 2 2 2 2 2 2 2 2 2 2 2 2 2 2 2 2 2 2 2 2
left_child=1 12 15 18 6 8 16 -5 9 -6 -10 -7 17 -8 -15 21 20 -1 -4 -18 -2 -3
right_child=4 2 3 7 5 11 13 -9 10 -11 -12 -13 -14 14 -16 -17 19 -19 -20 -21 -22 -23
leaf_value=0.00092042356661997942 -0.0089666089462828898 0.001302396802899386 -0.02340368563283942 -0.013410283612918419 0.012380589447169143 0.027693213439892325 0.015011766491231874 0.010467032209049978 -0.011875878258880757 -0.010911463173029245 0.0040784635217015665 -0.0013078342972712949 0.0018491666326257905 -0.013324978721124585 0.0099765010264613197 -0.0036220408138627988 -0.023884771877447572 -0.029425528810741623 -0.0031835716663099821 0 0.0092281666789175258 0.019719885413571076
leaf_weight=1.2147153737023533 1.8994805337861205 5.2522056298330453 15.1157465451397 7.4661497925408211 49.778974945656955 23.412157285958532 10.989081252366306 22.816618813201785 35.040403073653579 9.4323551100678724 49.602068137377501 4.6828345088288179 2.5718414187431327 6.5113802552223188 4.3962845695205033 3.923696932848542 15.538173143868336 25.738441694062203 8.9906638599932194 2.0617254939861587 2.7421461045742035 9.7398971505463106
leaf_count=21 35 90 154 127 336 126 53 247 492 80 231 41 13 46 21 54 285 540 68 19 34 52
internal_value=-0.000889995 -0.00963149 -0.00172935 -0.00732612 0.00338478 0.005953 -0.00590006 0.00297411 0.00165075 0.00780296 -0.00279267 0.0232322 -0.0251114 0.00697092 -0.0031366 0.0117209 -0.01763 -0.027844 -0.0184737 -0.0214369 0 0.0160855
internal_weight=318.917 102.83 73.305 54.3892 216.087 171.949 44.1383 30.2828 143.854 59.2113 84.6425 28.095 29.525 21.8967 10.9077 18.9158 22.2415 26.9532 24.1064 17.5999 4.64163 14.9921
internal_count=3165 1366 792 596 1799 1306 493 374 1139 416 723 167 574 120 67 196 373 561 222 304 69 142
is_linear=0
shrinkage=0.0435066


Tree=62
num_leaves=18
num_cat=0
split_feature=7 9 13 5 16 5 14 3 5 5 9 6 8 16 11 6 5
split_gain=6.16747 3.78568 3.63918 3.23764 2.17043 3.09081 2.66128 1.68528 0.887079 1.82006 0.887366 0.623172 0.476662 0.447928 0.258177 0.240077 0.121255
threshold=2.5000000000000004 0.03608470181503886 0.36666666666666675 66.550000000000026 14.500000000000002 35.550000000000004 1.5000000000000002 52.500000000000007 101.05000000000001 40.100000000000009 1.0000000180025095e-35 162.25000000000003 2021.5000000000002 15.500000000000002 0.038181818181818157 108.45000000000002 125.75000000000001
decision_type=2 2 2 2 2 2 2 2 2 2 2 2 2 2 2 2 2
left_child=3 7 4 -1 5 -3 -6 13 9 -9 -10 14 16 15 -4 -2 -5
right_child=1 2 11 12 6 -7 -8 8 10 -11 -12 -13 -14 -15 -16 -17 -18
leaf_value=-0.028777296850918021 -0.0064780357901605377 -0.0043542726442084689 0 0 0.017358737963683816 0.0069787380771886556 -0.0033473385126875296 -0.0023334956261509715 -0.011234518088023808 -0.02594241573615521 0.0043537554782945203 0.0022309713245542259 0.0059275826163140404 0.0091843408296567522 -0.020695114027984182 0.0024596955089667945 -0.0081943337619948733
leaf_weight=14.796397466212513 4.4059659363701922 70.788894615601748 1.0500484993681274 3.4597949199378473 38.481747899204493 103.83661242667586 12.369097535498438 13.021939639933409 5.0945273004472247 11.841247677803038 10.225621310994027 0.65642539551481682 5.1808887310326099 4.8593692332506171 7.5577133550541475 4.6191929983906448 4.2305002380162477
leaf_count=355 52 806 45 31 213 564 92 205 32 97 54 16 31 25 481 36 30
internal_value=-0.000860692 0.00114973 0.00359742 -0.0183597 0.00491974 0.00233764 0.0123385 -0.00855473 -0.0126225 -0.0169509 -0.00217444 -0.0166891 -0.000216928 0.00299567 -0.0191375 -0.00214224 -0.00588559
internal_weight=316.476 288.808 234.741 27.6676 225.476 174.626 50.8508 54.0679 40.1833 24.8632 15.3201 9.26419 12.8712 13.8845 8.60776 9.02516 7.6903
internal_count=3165 2718 2217 447 1675 1370 305 501 388 302 86 542 92 113 526 88 61
is_linear=0
shrinkage=0.0435066


Tree=63
num_leaves=25
num_cat=0
split_feature=16 4 6 6 6 10 24 5 11 7 4 0 6 5 4 5 9 17 17 5 5 6 17 6
split_gain=5.85669 5.82046 4.63383 4.14378 4.28947 3.4677 3.44226 3.13077 4.72645 3.6077 2.95565 2.51582 2.28306 2.09337 1.82699 1.3521 1.2539 0.930934 0.885733 0.807333 2.906 0.671411 0.590938 0.286183
threshold=13.500000000000002 36.150000000000013 122.95000000000002 105.55000000000001 108.45000000000002 0.16374829001367988 1.0000000180025095e-35 38.45000000000001 0.093073593073593072 4.5000000000000009 40.150000000000013 2200.0000000000005 114.85000000000001 10.65 39.95000000000001 183.35000000000005 0.033520599250936305 17.288333333333338 34.218636363636371 35.95000000000001 33.750000000000007 162.25000000000003 62.353461538461552 158.25000000000003
decision_type=2 2 2 2 2 2 2 2 2 2 2 2 2 2 2 2 2 2 2 2 2 2 2 2
left_child=1 15 3 7 10 16 14 8 -2 -9 -5 19 -6 -8 -7 17 18 -1 -3 20 -4 23 -18 -13
right_child=2 5 11 4 12 6 13 9 -10 -11 -12 21 -14 -15 -16 -17 22 -19 -20 -21 -22 -23 -24 -25
leaf_value=0.00082452232832985577 -0.0072856860242390105 -0.0098977893866364561 0.01779543028528726 -0.030317248962831552 0.004928404993063646 -0.013290005917324266 -0.0058682570671673229 0.01811223437812674 0.017532734509306876 -0.0080195814029640679 0.0073840808215036528 0 -0.012974443897982439 0.021429529984166678 0.0066667263651812927 0.0009713283382670688 -0.01956930030984692 -0.027646878972278396 0.0074394183375232877 0.025144996097113965 -0.012516267174011062 0.0051635525807876247 0 -0.014001239119604389
leaf_weight=1.2083212621510089 52.647872581146657 2.7898820219561475 7.1226853863336164 13.271493840031324 34.44424988841638 13.588367919437589 3.125900472514334 37.953596875071526 12.691216644831 8.2109405323863012 1.6904644514434028 2.0904909260570985 13.492202426772563 17.333885448053479 9.2039755648002011 2.6009690016508094 16.239261600188915 25.025759260170162 7.3022483303211629 19.830173032358289 4.3436934314668179 3.8263255562633276 3.4207331356592467 2.1175966253504157
leaf_count=21 495 35 57 278 247 260 76 148 149 41 9 15 163 121 61 13 152 540 64 71 53 32 23 41
internal_value=-0.000845062 -0.00913515 0.00321268 0 -0.00845614 -0.00179945 0.00566738 0.00493974 -0.00117198 0.0128561 -0.0246407 0.0155206 -0.000875262 0.0164754 -0.00519699 -0.0236673 -0.012 -0.0261248 3.7195e-05 0.0203442 0.0053781 -0.00327279 -0.0170348 -0.0103593
internal_weight=315.572 101.839 213.733 174.402 62.8984 73.0043 43.2521 111.504 65.3391 46.1645 14.962 39.331 47.9365 20.4598 22.7923 28.835 29.7521 26.2341 10.0921 31.2966 11.4664 8.03441 19.66 4.20809
internal_count=3165 1366 1799 1530 697 792 518 833 644 189 287 269 410 197 321 574 274 561 99 181 110 88 175 56
is_linear=0
shrinkage=0.0435066


Tree=64
num_leaves=17
num_cat=0
split_feature=7 4 9 27 4 5 5 1 0 17 17 1 8 2 10 4
split_gain=6.5164 4.27708 5.83475 3.66867 3.85518 3.17043 3.05633 2.95755 2.57041 2.24306 3.11572 1.35289 0.472162 0.152092 0.141914 0.0203851
threshold=2.5000000000000004 39.45000000000001 0.049515639589168957 2.5000000000000004 36.250000000000007 10.65 66.550000000000026 1.5000000000000002 1350.0000000000002 41.416428571428575 37.462987012987021 4.5000000000000009 2021.5000000000002 5.5000000000000009 0.12372448979591837 35.150000000000013
decision_type=2 2 2 2 2 2 2 2 2 2 2 2 2 2 2 2
left_child=6 2 3 7 -5 11 15 -2 -7 10 -3 -4 13 -8 -11 -1
right_child=1 9 5 4 -6 8 12 -9 -10 14 -12 -13 -14 -15 -16 -17
leaf_value=-0.00048377114746452635 0.0010123457393875538 0.012080045449803581 -0.018605303242330853 -0.012468116025614978 0.0086104689253340746 0.01300266802475118 -0.0090263750657623102 -0.029249070972879775 0.0011653074856677144 0.0032550497118182457 -0.019461385237340485 0.0023617721549617152 0.0055811140069396015 0 0.018820333492548268 -0.029831688439092729
leaf_weight=0.97211859049275773 6.7210846501402584 6.3256795499473792 9.7185518367914465 28.810036966810003 24.126880687661469 51.428042763378471 3.6930630533024651 18.236966605298221 95.706084352452308 6.0821696557104579 4.4653337989002466 5.8429606431163839 4.9977651704102755 3.8211172372102737 29.068738992791623 13.459637590451164
leaf_count=29 69 41 348 289 174 327 34 273 792 33 30 169 31 27 173 326
internal_value=-0.00071197 0.00134731 -0.00104134 -0.0103914 -0.00280101 0.00360351 -0.0189096 -0.0222575 0.00574439 0.0126237 -0.00280322 -0.0119031 -0.000684623 -0.0062265 0.0172991 -0.0291011
internal_weight=313.476 286.533 240.591 77.895 52.9369 162.696 26.9437 24.9581 147.134 45.9419 10.791 15.5615 12.5119 7.51418 35.1509 14.4318
internal_count=3165 2718 2441 805 463 1636 447 342 1119 277 71 517 92 61 206 355
is_linear=0
shrinkage=0.0435066


Tree=65
num_leaves=23
num_cat=0
split_feature=16 9 5 5 4 27 17 0 4 4 23 9 10 10 5 4 5 0 5 10 0 17
split_gain=4.30898 3.5501 3.47131 3.51676 3.0381 3.26875 3.50653 3.06336 2.74417 1.72721 1.42049 1.09463 1.33906 1.22908 1.0713 0.816738 0.743928 0.697701 0.641231 0.630454 0.520416 0.393297
threshold=12.500000000000002 0.14651229273870783 71.350000000000009 131.95000000000002 39.45000000000001 1.5000000000000002 37.462987012987021 2500.0000000000005 35.350000000000001 42.150000000000013 1.5000000000000002 0.066081498999454216 0.12074829931972787 0.29128959276018102 263.30000000000007 38.350000000000001 186.60000000000005 1750.0000000000002 27.850000000000005 0.16374829001367988 1100.0000000000002 42.170879120879128
decision_type=2 2 2 2 2 2 2 2 2 2 2 2 2 2 2 2 2 2 2 2 2 2
left_child=1 2 9 19 5 6 15 8 -7 10 -1 12 -6 -13 -8 -2 -5 20 -9 -4 -3 -14
right_child=4 17 3 16 11 7 14 18 -10 -11 -12 13 21 -15 -16 -17 -18 -19 -20 -21 -22 -23
leaf_value=-0.022682490952776645 -0.0041642929694158193 0.0065292918914009301 0 -0.01785434972098817 -0.00024789985879705072 -0.00024941707893067232 -0.023476248428368304 0 0.01053425911236206 0.0046270702784263276 0.00086412544096236285 -0.009252437149303256 0.0026917527277458284 0.0098535823764833302 0.0014332019922378256 0.014262814033848404 0 0.017942401054783109 -0.022243707885167704 0.018632697265743809 -0.0088771828077541977 0.022798835520394918
leaf_weight=36.638753167586401 2.6956680295988944 1.7157033961266273 5.3814815403893608 6.9021313451230508 6.062624596059325 96.54411448771134 15.850127082783731 2.9664999935775986 73.446624319301918 2.7811194472014895 4.0217518000863484 5.5330444816499931 5.3369867028668549 6.8787653166800737 2.1210906691849223 4.6676781000569463 6.3344074469059706 4.623982063960284 3.7835406186059117 7.8891475554555655 1.6207268470898268 19.690073015168309
leaf_count=703 66 19 43 48 36 774 330 52 597 13 50 41 32 50 11 31 33 59 41 42 40 100
internal_value=0.000442632 -0.00803901 -0.01138 0.000797891 0.00331164 0.000853301 -0.0119769 0.00310789 0.00456965 -0.0181471 -0.0203423 0.0129309 0.0166534 0.000551102 -0.0205259 0.00800326 -0.0120527 0.0125305 -0.0171074 0.0138726 -0.000853896 0.0202723
internal_weight=323.486 77.9092 69.9488 26.5072 245.577 202.075 25.3346 176.741 169.991 43.4416 40.6605 43.5015 31.0897 12.4118 17.9712 7.36335 13.2365 7.96041 6.75004 13.2706 3.33643 25.0271
internal_count=3211 1050 932 166 2161 1902 438 1464 1371 766 753 259 168 91 341 97 81 118 93 85 59 132
is_linear=0
shrinkage=0.0435066


Tree=66
num_leaves=15
num_cat=0
split_feature=4 16 7 6 9 10 5 9 4 5 5 9 5 5
split_gain=4.22218 4.18025 5.67604 3.88915 3.73716 2.65977 3.21937 2.39001 2.24863 2.15211 1.40311 1.12753 0.85445 0.234462
threshold=42.150000000000013 14.500000000000002 3.5000000000000004 69.750000000000014 0.021482277121374852 0.12771739130434781 36.650000000000013 0.14651229273870783 34.850000000000001 78.850000000000009 19.050000000000004 0.21704464918497518 160.30000000000004 101.05000000000001
decision_type=2 2 2 2 2 2 2 2 2 2 2 2 2 2
left_child=1 2 7 8 -5 12 -7 9 13 -1 -6 -9 -4 -3
right_child=-2 3 5 4 10 6 -8 11 -10 -11 -12 -13 -14 -15
leaf_value=-0.017330874436274745 0.019528264425740908 -0.021582302865394493 -0.020116091784896841 -0.012614253012939745 -0.00066951468434868922 -0.0027182243964011684 0.010911759342006914 0.013222476906968338 0.0088757260462021849 -0.0031204096275681604 0.018326780925084208 -0.0077772790150483564 0.0017077001856133484 -0.00023180230714452179
leaf_weight=63.265107173705474 13.736492380499838 6.3760333629325014 5.7875289162620884 4.7886567488312712 6.8443025692831716 58.215380487265065 60.729673122055829 6.7944643967784923 3.1467022560536853 35.818615470081568 46.94332654774189 1.7162857361836357 2.2963186763226986 2.2654345668852329
leaf_count=1101 60 91 77 50 139 723 311 81 26 239 224 65 13 11
internal_value=0.000260558 -0.0009653 -0.00379126 0.00784921 0.0124138 0.00236087 0.00436586 -0.0108629 -0.0106267 -0.0127988 0.0159314 0.00678118 -0.0152317 -0.0191556
internal_weight=318.724 304.988 234.623 70.3645 58.5763 127.029 118.945 107.594 11.7882 99.0837 53.7876 8.51075 8.08385 8.64147
internal_count=3211 3151 2610 541 413 1124 1034 1486 128 1340 363 146 90 102
is_linear=0
shrinkage=0.0435066


Tree=67
num_leaves=9
num_cat=0
split_feature=13 4 6 6 6 11 6 5
split_gain=4.61284 3.23268 2.89716 3.62585 5.02446 1.9064 1.05916 0.370161
threshold=0.70833333333333337 42.150000000000013 150.10000000000002 122.95000000000002 105.55000000000001 0.061862244897959155 162.05000000000004 28.950000000000003
decision_type=2 2 2 2 2 2 2 2
left_child=1 2 3 4 -1 -5 -4 -8
right_child=-2 -3 6 5 -6 -7 7 -9
leaf_value=0.0038767044808503868 -0.025003538940977829 0.018257423535231077 -0.023024711304010785 0.022174105012963512 -0.0087114345530266268 0.0022887638846252408 0.0053218213021878364 -0.0063042114697214949
leaf_weight=157.62436274357606 6.6245017206529146 13.421059615910051 6.7238839850760979 15.192329267039893 87.921788400970399 20.891465728636831 3.095570046454668 4.3596525751054287
leaf_count=1237 496 60 77 88 1012 160 40 41
internal_value=0.00021994 0.0012971 0.000117316 0.00127649 -0.000699415 0.0130088 -0.0155719 -0.000525326
internal_weight=315.855 309.23 295.809 281.63 245.546 36.0838 14.1791 7.45522
internal_count=3211 2715 2655 2497 2249 248 158 81
is_linear=0
shrinkage=0.0435066


Tree=68
num_leaves=10
num_cat=0
split_feature=13 4 16 7 6 1 2 9 4
split_gain=4.37219 2.83975 3.50127 4.7645 3.96644 3.56378 3.14579 3.07925 2.11511
threshold=0.70833333333333337 42.150000000000013 14.500000000000002 3.5000000000000004 69.750000000000014 1.5000000000000002 7.5000000000000009 0.021482277121374852 34.850000000000001
decision_type=2 2 2 2 2 2 2 2 2
left_child=1 2 3 5 8 -1 -5 -6 -4
right_child=-2 -3 4 6 7 -7 -8 -9 -10
leaf_value=0.0046228709202262895 -0.02453714747314133 0.017233782848328136 -0.019332543652638416 0.0095757016369943781 -0.010616748352507477 -0.013322727592211757 -0.0035813595160811606 0.015986983004587372 0.0082905231248521141
leaf_weight=23.06664870865643 6.439224522211588 13.204820316284893 7.9634866407141072 63.102286993991584 4.4850421892479053 79.353675761725754 61.4813203192316 53.155082296580076 3.0645445212721825
leaf_count=239 496 60 78 514 48 934 505 313 24
internal_value=0.000200173 0.00124416 0.000140469 -0.00245833 0.00833399 -0.00915387 0.00315067 0.0128918 -0.0108541
internal_weight=315.316 308.877 295.672 227.004 68.6682 102.42 124.584 57.6401 11.028
internal_count=3211 2715 2655 2192 463 1173 1019 361 102
is_linear=0
shrinkage=0.0435066


Tree=69
num_leaves=15
num_cat=0
split_feature=13 4 27 6 4 27 5 4 7 2 2 4 1 6
split_gain=4.09727 3.34602 3.14675 3.09307 2.21756 3.37482 2.94761 2.20522 2.48338 2.10662 2.06673 2.20271 1.27953 0.991246
threshold=0.70833333333333337 38.050000000000004 2.5000000000000004 102.85000000000001 36.750000000000007 1.5000000000000002 34.850000000000001 42.150000000000013 3.5000000000000004 8.5000000000000018 11.500000000000002 33.95000000000001 3.5000000000000004 112.45000000000002
decision_type=2 2 2 2 2 2 2 2 2 2 2 2 2 2
left_child=1 3 7 4 6 -6 -1 8 -3 13 11 -5 -12 -4
right_child=-2 2 9 10 5 -7 -8 -9 -10 -11 12 -13 -14 -15
leaf_value=-0.010172104338311587 -0.023947763795222357 -0.0074083139094801628 0.012475881755393936 0.0045163705240196519 -0.0067213302961053869 0.023207561529470955 0.0035499219463045349 0.015522038985780123 0.010343508261744129 0.027910560875609291 -0.0055215331430336382 -0.016594347975458289 0.012950222241998276 -0.0048989870097459502
leaf_weight=35.829314972739667 6.2309814365580669 40.584561734227464 4.0252173990011242 7.7217747904360285 6.898423122242094 12.790858549997211 91.618424792774022 11.231984388083218 15.210639733821152 13.517016660422085 9.1202133195474726 43.042285240022466 6.4720376618206492 8.4167767204344255
leaf_count=532 496 423 25 54 52 74 503 52 121 70 85 598 59 67
internal_value=0.000196859 0.00120831 0.00782774 -0.00177544 0.00172769 0.0132734 -0.000539729 0.00205719 -0.00183161 0.0190147 -0.00914128 -0.0130588 0.00324735 0.00254707
internal_weight=312.711 306.48 92.9862 213.493 147.137 19.6893 127.448 67.0272 55.7952 25.959 66.3563 50.7641 15.5923 12.442
internal_count=3211 2715 758 1957 1161 126 1035 596 544 162 796 652 144 92
is_linear=0
shrinkage=0.0435066


Tree=70
num_leaves=24
num_cat=0
split_feature=4 17 5 16 5 4 27 17 9 4 8 1 22 1 4 23 5 10 5 4 1 16 16
split_gain=5.05476 3.26736 6.53267 6.03036 3.29404 2.93062 2.9283 2.45374 2.41453 2.39207 2.20326 2.20584 2.10708 1.77243 1.93675 1.76894 1.47695 1.17613 0.985435 0.967804 0.640045 0.365532 0.2583
threshold=38.050000000000004 44.94583333333334 39.250000000000007 13.500000000000002 87.250000000000014 36.850000000000001 2.5000000000000004 62.353461538461552 1.0000000180025095e-35 42.150000000000013 2022.5000000000002 1.5000000000000002 1.5000000000000002 4.5000000000000009 35.150000000000013 1.0000000180025095e-35 34.650000000000013 0.24638060352346061 80.100000000000009 37.45000000000001 5.5000000000000009 13.500000000000002 11.500000000000002
decision_type=2 2 2 2 2 2 2 2 2 2 2 2 2 2 2 2 2 2 2 2 2 2 2
left_child=1 2 5 18 -5 16 9 8 -3 10 11 -2 21 14 -9 -12 -1 -15 -4 -7 -10 22 -8
right_child=6 7 3 4 -6 19 12 13 20 -11 15 -13 -14 17 -16 -17 -18 -19 -20 -21 -22 -23 -24
leaf_value=-0.016830578139989932 0.0072241747258440696 0.0059501151924617147 -0.014056072256818508 0.026478813826248115 -0.0021935477888562183 0.014676596375738047 -0.00087563443385144828 -0.011299462195259942 -0.025564141594982374 0.01502627052106985 -0.0074088790777837865 -0.012056014240287941 -0.003361919292639562 -0.020168293863870774 0.0095156372435207977 0.018892721553716685 -0.0040780450546619379 0.0013136202303928456 0.0021378578479522531 -0.0050583225888340185 -0.0030824526274270472 0.027714348183281525 0.0094916034757872286
leaf_weight=33.46023126761429 10.009498292114584 3.1465293355286112 9.5158868506550807 26.552744789980352 7.8114599622786036 8.3077059786301088 3.4595976863056483 5.7865320215933052 24.406612203456465 12.92072721198201 2.4806995233520848 32.987655949080363 4.4586751144379368 7.2284993496723455 20.610105572617613 7.4214686397463083 44.97214516159147 5.0161734218709171 8.4649422261863929 2.1261954880319527 5.886612899368628 12.59728332608938 4.2528104223310947
leaf_count=741 101 23 97 97 43 98 34 88 376 57 42 380 44 80 204 63 290 68 61 54 81 55 27
internal_value=-0.00085111 -0.00451502 -0.00046128 0.0108867 0.0204041 -0.00753833 0.00739598 -0.0116317 -0.0193026 0.00182296 -0.00252683 -0.00700419 0.0184192 -0.00294274 0.00331282 0.0113648 -0.0105108 -0.0134316 -0.00748054 0.00966225 -0.0227882 0.0232315 0.00586209
internal_weight=303.881 213.292 141.211 52.345 34.3642 88.8663 90.5884 72.0811 33.4398 65.82 52.8993 42.9972 24.7684 38.6413 26.3966 9.90217 78.4324 12.2447 17.9808 10.4339 30.2932 20.3097 7.71241
internal_count=3204 2401 1481 298 140 1183 803 920 480 643 586 481 160 440 292 105 1031 148 158 152 457 116 61
is_linear=0
shrinkage=0.0435066


Tree=71
num_leaves=22
num_cat=0
split_feature=4 27 21 2 2 22 17 4 17 14 4 2 4 4 11 11 10 11 16 16 3
split_gain=4.19894 3.04029 2.63501 3.53645 2.15994 1.9226 1.82738 2.85323 1.76412 1.5759 1.27743 0.911374 0.829956 0.785227 0.764341 0.660327 0.459107 0.446229 0.439281 0.329548 0.140744
threshold=38.050000000000004 1.5000000000000002 1.0000000180025095e-35 9.5000000000000018 17.500000000000004 1.5000000000000002 29.156944444444445 34.45000000000001 20.523076923076925 1.5000000000000002 35.150000000000013 12.500000000000002 39.750000000000007 36.150000000000013 0.038181818181818157 0.16025641025641021 0.16568627450980386 0.026671408250355601 13.500000000000002 11.500000000000002 53.500000000000007
decision_type=2 2 2 2 2 2 2 2 2 2 2 2 2 2 2 2 2 2 2 2 2
left_child=1 8 5 9 6 18 7 -3 -1 14 -8 20 -11 17 -4 -15 -13 -10 19 -2 -5
right_child=2 4 3 11 -6 -7 10 -9 13 12 -12 16 -14 15 -16 -17 -18 -19 -20 -21 -22
leaf_value=0.0067557024795504225 -0.0018411381693106408 -0.013547661458150548 0.00032154055740739079 -0.0015396567142903171 0.017199319607427523 -0.0035336828583424447 -0.008450764402426791 0.015551411492377952 0.0046657782493038109 -0.01326818109229682 -0.00070189890744391673 0.0069316110719942342 0.0035694947488787254 -0.026191846542308921 0.015034781585355091 0 -0.006215625287238351 -0.0080987796201534602 0.026176774045064889 0.0094498346858938841 -0.018849817956701379
leaf_weight=1.76005981047638 3.5797328110784354 3.0047059291973737 10.605696510523556 3.699699021875861 3.9277848731726399 4.4198752152733496 78.08725845371373 15.153469519689677 2.3984827063977736 3.5661516236141306 85.246538531384431 3.9416844500228754 6.3519537672400475 14.801150783430787 25.651404249016196 1.7779481993056823 2.9910778300836682 5.7912163846194744 12.384118873625992 4.2698215693235397 9.1569774409290385
leaf_count=24 34 45 87 29 14 44 717 213 27 80 932 34 53 275 215 47 40 107 55 27 105
internal_value=-0.000992288 -0.00434705 0.00651576 0.00128925 -0.00204093 0.0169837 -0.00309263 0.00802176 -0.0165795 0.00780711 -0.00464791 -0.0117027 -0.00473232 -0.0196214 0.0116711 -0.0240642 0.00024718 -0.0032646 0.0216111 0.00510014 -0.016582
internal_weight=302.567 211.949 90.6182 65.9646 185.42 24.6535 181.492 18.1582 26.5289 46.1752 163.334 19.7894 9.91811 24.7688 36.2571 16.5791 6.93276 8.1897 20.2337 7.84955 12.8567
internal_count=3204 2401 803 643 1921 160 1907 258 480 435 1649 208 133 456 302 322 74 134 116 61 134
is_linear=0
shrinkage=0.0435066


Tree=72
num_leaves=16
num_cat=0
split_feature=13 4 17 21 17 22 4 10 17 16 4 10 8 1 6
split_gain=4.45187 2.76023 3.28715 3.16308 2.5867 2.57907 2.2997 2.15125 2.38513 1.98778 1.70658 1.56503 1.41636 1.13556 1.04378
threshold=0.36666666666666675 37.650000000000013 44.94583333333334 1.0000000180025095e-35 62.353461538461552 1.5000000000000002 42.150000000000013 0.27126436781609192 38.297916666666673 11.500000000000002 36.150000000000013 0.22653958944281524 2022.5000000000002 4.5000000000000009 164.75000000000003
decision_type=2 2 2 2 2 2 2 2 2 2 2 2 2 2 2
left_child=1 2 7 5 10 9 12 11 -9 -3 -4 -1 -5 -6 -2
right_child=14 3 4 6 13 -7 -8 8 -10 -11 -12 -13 -14 -15 -16
leaf_value=0.00069636534912419017 -0.02375463666681471 -0.0012396463345767145 -0.0046228040852629004 -0.0072002155548691292 0.0037301931607607061 -0.0052957362708101518 0.013579763423812546 0.019778409845357635 -0.005782506146038595 0.026631779884976461 -0.027663496823876147 -0.013960400435327255 0.0075124908621560542 -0.010143277835489142 0.0037172519412327124
leaf_weight=101.15452619129792 12.117217404884283 4.4466031184420052 15.328242312651129 42.737747491337359 24.021093043498695 4.9304545046761623 12.763628844171761 14.661596429068597 5.9268036084249607 19.236610615625978 12.861617067828773 9.209082533605395 10.124562672339378 10.893998122774063 0.49910714942962009
leaf_count=773 772 48 149 410 202 46 56 120 67 100 139 121 103 92 6
internal_value=-0.000911375 0.000394272 -0.00253006 0.00629015 -0.0101954 0.0168373 0.000446318 0.00139876 0.0124274 0.021927 -0.0186458 -0.00115065 -0.00369748 -0.00126999 -0.0212455
internal_weight=300.913 288.297 194.057 94.2396 63.105 28.6137 65.6259 130.952 20.5884 23.6832 28.1899 110.364 52.8623 34.9151 12.6163
internal_count=3204 2426 1663 763 582 194 569 1081 187 148 288 894 513 294 778
is_linear=0
shrinkage=0.0435066


Tree=73
num_leaves=17
num_cat=0
split_feature=13 18 10 6 17 16 11 17 22 11 6 22 17 11 9 8
split_gain=4.2694 2.20101 2.89966 2.59245 1.65412 1.63494 2.64629 2.03878 1.51695 1.18438 1.00517 0.983154 1.38675 1.15393 0.46778 0.274838
threshold=0.36666666666666675 11.500000000000002 0.12372448979591837 70.450000000000017 36.600000000000009 12.500000000000002 0.040833333333333312 35.074404761904766 1.0000000180025095e-35 0.040833333333333312 164.75000000000003 1.0000000180025095e-35 64.956250000000026 0.044949494949494906 0.025167084377610654 2022.5000000000002
decision_type=2 2 2 2 2 2 2 2 2 2 2 2 2 2 2 2
left_child=1 5 9 4 -4 6 15 -8 -5 14 -2 13 -13 -7 -3 -1
right_child=10 2 3 8 -6 11 7 -9 -10 -11 -12 12 -14 -15 -16 -17
leaf_value=-0.020695190878580443 -0.023470369027079576 -0.0048436637818680094 0.0075860185342083155 0.017699781832719245 -0.015005463387119266 0.009043604152492557 0.0084726793660330046 -0.0089573981577524484 -0.00020992015299317607 -0.01700151848737004 0.0035966017162192502 -0.012555903532456838 0.0079342464592168007 -0.00022045494515817628 0.0068793128734981569 -0.00037524265748518616
leaf_weight=15.483717234339567 11.813162622856904 5.8215617807582039 5.4356906414031965 41.113638734444976 6.46907814219594 26.003147787414491 18.161572154145688 19.558606456499547 9.4815695621073228 5.4634434357285491 0.49424194078892547 15.211924102157356 3.075082190334796 106.94678154168651 6.5163926929235458 2.6860854458063832
leaf_count=200 772 40 22 213 38 247 205 221 53 31 6 166 23 909 26 32
internal_value=-0.000895643 0.000376117 0.006238 0.0105109 -0.00510896 -0.0019703 -0.0079047 -0.0003256 0.0145262 -0.00714633 -0.0209795 0.000394871 -0.00752494 0.00185716 0.00105142 -0.0189913
internal_weight=299.736 287.428 80.3014 62.5 11.9048 207.127 55.89 37.7202 50.5952 17.8014 12.3074 151.237 18.287 132.95 12.338 18.1698
internal_count=3204 2426 423 326 60 2003 658 426 266 97 778 1345 189 1156 66 232
is_linear=0
shrinkage=0.0435066


Tree=74
num_leaves=10
num_cat=0
split_feature=13 4 6 5 17 9 6 6 2
split_gain=3.79481 2.47188 2.69837 3.14613 6.52997 2.8055 0.972659 0.809669 0.128979
threshold=0.36666666666666675 42.150000000000013 155.95000000000002 39.250000000000007 44.94583333333334 0.090097402597402565 164.75000000000003 164.45000000000002 10.500000000000002
decision_type=2 2 2 2 2 2 2 2 2
left_child=1 2 3 5 -5 -1 -2 8 -4
right_child=6 -3 7 4 -6 -7 -8 -9 -10
leaf_value=-0.0081762797041633958 -0.022688077593447424 0.014869880246814375 -0.023456995683525085 0.014569120991523488 -0.0041606283936903559 0.0052768906343519948 0.0036066156477200981 0.00018620918154959082 -0.0011120687450750953
leaf_weight=96.51739138038829 11.576346936053593 13.520255770534275 6.4198941262438876 60.84803169965744 68.02857502643019 34.90551832318306 0.50789226498454887 2.9417918175458899 2.241902494803071
leaf_count=1043 772 61 85 337 440 408 6 32 20
internal_value=-0.00112209 8.17865e-05 -0.000948207 0.000140034 0.00488368 -0.00444965 -0.0201651 -0.017187 -0.0212977
internal_weight=297.508 285.423 271.903 260.3 128.877 131.423 12.0842 11.6036 8.6618
internal_count=3204 2426 2365 2228 777 1451 778 137 105
is_linear=0
shrinkage=0.0435066


Tree=75
num_leaves=22
num_cat=0
split_feature=4 5 16 4 2 22 10 16 0 1 4 3 4 21 4 4 11 4 10 10 4
split_gain=7.01851 3.78808 2.79823 4.89477 2.88474 2.43784 2.19519 2.32144 1.91956 1.88348 1.02278 0.88598 0.872763 0.661785 1.20978 0.614035 0.838078 0.469201 0.354275 0.264509 0.00522288
threshold=38.750000000000007 17.150000000000002 14.500000000000002 34.750000000000007 16.500000000000004 1.0000000180025095e-35 0.11834733893557421 12.500000000000002 1550.0000000000002 4.5000000000000009 40.45000000000001 57.500000000000007 37.150000000000013 1.0000000180025095e-35 39.550000000000004 35.45000000000001 0.10172413793103446 40.650000000000013 0.16064516129032258 0.17846085802742148 42.250000000000007
decision_type=2 2 2 2 2 2 2 2 2 2 2 2 2 2 2 2 2 2 2 2 2
left_child=1 9 4 18 8 -5 10 17 -3 11 -2 12 -1 -9 -15 19 -17 -8 -4 -11 -19
right_child=6 2 3 5 -6 -7 7 13 -10 15 -12 -13 -14 14 -16 16 -18 20 -20 -21 -22
leaf_value=-0.027357616741266664 -0.014823922250768966 0.00016204621713167215 -0.00037568651778689183 0.018173862022587441 0.015752596413654452 -0.0032876465978668896 -0.0072444804861563983 0.027309807346176156 -0.010052917493315348 0.0011851789410419957 0.0049897541617749249 0.0010355137069095943 -0.0030445471605990413 -0.00084689577740031617 0.015040725823200067 -0.0042402228104695691 0.013100243813655576 0.0048872998899677101 -0.019708571617180072 -0.012031106703782062 0
leaf_weight=15.954782598884782 3.5259271720424286 56.240876152412966 3.7747169053181988 33.027049475349486 6.3178518116474143 10.057857047766445 5.1158550353720775 12.401624875143169 76.712428849656135 0.88710069283842985 3.9829016365110874 1.7431151685304929 6.3805931240785858 9.8917578773107362 27.436307558789849 4.7908404448535276 3.899304416263476 5.5742866862565261 4.4663997916504741 2.1049343906342983 4.8842202238738537
leaf_count=579 37 461 18 180 29 62 90 63 729 14 23 32 164 140 169 154 94 36 47 79 21
internal_value=0.000160025 -0.00361786 -0.000915737 0.00715086 -0.0041444 0.0131871 0.0113639 0.0138954 -0.00585398 -0.0154203 -0.00616083 -0.0210974 -0.0230176 0.0180179 0.0111007 0 0.0051578 -0.000244034 -0.0156121 -0.00892662 0.00405349
internal_weight=299.171 226.358 190.597 51.326 139.271 43.0849 72.8129 65.3041 132.953 35.7607 7.50883 24.0785 22.3354 49.7297 37.3281 11.6822 8.69014 15.5744 8.24112 2.99204 10.4585
internal_count=3221 2642 1526 307 1219 242 579 519 1190 1116 60 775 743 372 309 341 248 147 65 93 57
is_linear=0
shrinkage=0.0435066


Tree=76
num_leaves=20
num_cat=0
split_feature=4 16 0 6 5 4 4 6 0 6 4 16 8 5 17 5 2 4 17
split_gain=6.70957 5.57124 5.41762 7.55314 4.57922 4.20229 3.82113 5.0022 3.65693 5.0769 3.53825 2.30371 1.8639 1.46994 1.4668 1.31674 1.11309 0.833416 0.334259
threshold=36.650000000000013 13.500000000000002 1650.0000000000002 108.15000000000002 35.650000000000013 37.650000000000013 34.550000000000004 145.45000000000002 2200.0000000000005 70.050000000000011 39.45000000000001 11.500000000000002 2019.0000000000002 168.55000000000004 26.438461538461542 277.55000000000001 2.5000000000000004 34.650000000000013 20.883333333333336
decision_type=2 2 2 2 2 2 2 2 2 2 2 2 2 2 2 2 2 2 2
left_child=1 15 16 10 6 13 7 -3 9 -6 14 -7 -8 -5 -4 17 -2 18 -1
right_child=2 4 3 5 8 11 12 -9 -10 -11 -12 -13 -14 -15 -16 -17 -18 -19 -20
leaf_value=0.0056465377067593421 0 -0.02868641358140548 0.003322116065809544 -0.015165171842432537 -0.015773852827325324 -0.006585273362061491 0.014184692843305615 0.012146672684897712 0.018720150707433058 0.0082362666007291772 0.0085793690170762049 0.014181138144665534 -0.0064750347442701604 0.0074264788899658781 -0.028760213567842481 0.0029920664257428401 0.024646601496450878 -0.02374495414866103 -0.006376418583257242
leaf_weight=1.5332625685259689 4.4760678515303907 20.012556543573741 1.0348894563503623 12.99358481611125 20.136978439986706 7.119722723029553 7.0421038130298284 2.9150947742164126 19.470436481758952 37.843308142852038 3.4534904016181818 67.804766220040619 14.420421816874294 2.4137585386633864 15.186817528679965 2.2008159309625617 24.494778398657218 29.296112231328152 2.7616851758211851
leaf_count=15 35 298 16 173 128 94 90 10 73 205 33 463 309 11 380 11 160 655 62
internal_value=5.09314e-05 -0.0059467 0.00688451 0.0018969 -0.00107627 0.00748112 -0.0113861 -0.0216134 0.00513787 -0.000697689 -0.0188389 0.0117151 0.00166864 -0.010011 -0.025905 -0.0195688 0.0217133 -0.021544 -0.000336323
internal_weight=296.611 157.633 138.978 110.007 121.841 90.3318 44.3902 22.9277 77.4507 57.9803 19.6752 74.9245 21.4625 15.4073 16.2217 35.7919 28.9708 33.5911 4.29495
internal_count=3221 1856 1365 1170 1113 741 707 308 406 333 429 557 399 184 396 743 195 732 77
is_linear=0
shrinkage=0.0435066


Tree=77
num_leaves=19
num_cat=0
split_feature=4 16 0 6 4 5 4 6 0 6 4 16 18 17 5 5 2 17
split_gain=5.94813 4.79931 4.50649 6.75055 4.29052 4.17669 3.53253 4.26388 3.31264 4.56914 3.26455 2.20311 1.71675 1.71644 1.49278 1.47254 1.15737 0.725974
threshold=36.650000000000013 13.500000000000002 1650.0000000000002 108.15000000000002 37.650000000000013 35.650000000000013 34.550000000000004 145.45000000000002 2200.0000000000005 69.750000000000014 39.45000000000001 11.500000000000002 8.5000000000000018 21.123232323232326 277.55000000000001 168.55000000000004 2.5000000000000004 19.878571428571433
decision_type=2 2 2 2 2 2 2 2 2 2 2 2 2 2 2 2 2 2
left_child=1 14 16 10 15 6 7 -3 9 -7 13 -6 -8 -4 17 -5 -2 -1
right_child=2 5 3 4 11 8 12 -9 -10 -11 -12 -13 -14 -15 -16 -17 -18 -19
leaf_value=0 0 -0.027658771199195274 0.0051136939475089748 -0.015606836062575775 -0.006434203348239873 -0.016099396242133843 -0.0064750721218597021 0.010519837428129633 0.017774810306627052 0.0071070616950514309 0.0083031951355897696 0.013821412268070283 0.013395916123786438 -0.028002962938495975 0.0042651749792888402 0.0071856293249703326 0.022971889192788579 -0.022248568046646381
leaf_weight=2.6346969683654597 4.5994959988165673 19.395833853166554 0.78855512291193264 13.002002062974496 7.1679456429556003 17.836922309361398 13.764471406349914 2.9173395261168471 19.215905280783772 40.447910949587822 3.4159847483970216 67.643620647024363 7.2210848536342374 14.979497765423728 2.1634299308061591 2.3877389430999747 24.44119421672076 30.264291213476099
leaf_count=56 35 298 6 173 94 111 344 10 73 222 33 463 55 390 11 11 160 676
internal_value=1.25015e-06 -0.00568442 0.00644031 0.00184794 0.00709523 -0.00114296 -0.0111348 -0.0210681 0.00475014 -0.000744225 -0.0179755 0.0113967 0.00155029 -0.0248837 -0.0184573 -0.0105252 0.0199458 -0.0206652
internal_weight=294.288 155.862 138.426 109.385 90.2013 120.799 43.2987 22.3132 77.5007 58.2848 19.184 74.8116 20.9856 15.7681 35.0624 15.3897 29.0407 32.899
internal_count=3221 1856 1365 1170 741 1113 707 308 406 333 429 557 399 396 743 184 195 732
is_linear=0
shrinkage=0.0435066


Tree=78
num_leaves=23
num_cat=0
split_feature=4 6 6 6 6 4 0 0 22 7 4 1 2 7 6 3 9 7 10 10 10 2
split_gain=5.6894 3.88155 3.41144 4.66048 3.50981 3.60143 3.36822 2.79321 1.98223 1.77925 2.63867 1.95668 1.67259 1.45307 1.5064 1.40573 1.20632 1.54165 0.790545 0.94363 0.909277 0.722611
threshold=37.650000000000013 110.55000000000001 102.85000000000001 70.450000000000017 70.950000000000017 36.750000000000007 2200.0000000000005 1650.0000000000002 1.5000000000000002 3.5000000000000004 38.750000000000007 1.5000000000000002 11.500000000000002 4.5000000000000009 145.75000000000003 54.500000000000007 0.025167084377610654 2.5000000000000004 0.13809523809523808 0.33780760626398215 0.12074829931972787 16.500000000000004
decision_type=2 2 2 2 2 2 2 2 2 2 2 2 2 2 2 2 2 2 2 2 2 2
left_child=2 7 3 6 -5 -6 15 -2 16 11 -11 -9 18 14 -14 -1 -3 -18 20 -20 -4 -8
right_child=1 8 12 4 5 -7 21 9 -10 10 -12 -13 13 -15 -16 -17 17 -19 19 -21 -22 -23
leaf_value=-0.0024134182210172822 0.016484708869930094 0.00052332557963232439 -0.0099529939321519791 0.025258528237828523 -0.0075593461882142001 0.016670489580315976 0.00039169850321955717 0.0056429268636526489 -0.0038928719821169507 -0.010689564365622494 0.016613314511353429 -0.015683824684680891 -0.014766302595150963 0.013228034217920388 0.0087946703405186073 -0.016826891174329065 0.00037062728702445818 0.026038145376756531 -0.020157072071517668 0 0.0083474722693435126 0.014666023647458037
leaf_weight=25.329910147702321 8.4841690948232991 6.816520493477582 3.730992184020578 12.214766046497969 24.558222655556165 11.954216811805962 21.721475025638942 6.621496808947998 4.8846425670199087 5.5736900446936479 8.9652917962521297 22.768169106217101 7.5871554857585561 4.0773827969096592 2.2293805247172713 33.15057923970744 6.2187888324260703 28.142029431648552 33.595615322468802 5.6147372184786937 3.6638910919427872 4.6638556066900483
leaf_count=319 57 46 55 72 331 69 154 86 40 91 62 360 115 36 13 360 57 149 537 159 33 20
internal_value=0.000147432 0.00838164 -0.00411664 -2.14868e-05 0.00988607 0.00146277 -0.00611964 0 0.0167337 -0.00489881 0.00559915 -0.0104463 -0.0121277 0.000430991 -0.00742477 -0.0116068 0.0195893 0.0224388 -0.0156549 -0.0178145 -0.000498927 0.00562605
internal_weight=292.567 98.4748 194.092 133.593 48.7272 36.5124 84.8658 52.4128 46.062 43.9286 14.539 29.3897 60.4992 13.8939 9.81654 58.4805 41.1773 34.3608 46.6052 39.2104 7.39488 26.3853
internal_count=3221 948 2273 1325 472 400 853 656 292 599 153 446 948 164 128 679 252 206 784 696 88 174
is_linear=0
shrinkage=0.0435066


Tree=79
num_leaves=21
num_cat=0
split_feature=4 6 4 5 5 2 10 21 17 5 10 6 6 3 17 4 2 2 5 2
split_gain=5.15576 3.6707 4.12891 4.39698 5.39136 3.58603 2.67479 2.72363 2.05083 2.00805 1.76456 1.55468 2.06891 0.912498 0.906822 0.874588 0.709143 0.45443 0.169972 0.168021
threshold=38.350000000000001 102.85000000000001 36.650000000000013 37.750000000000007 42.250000000000007 11.500000000000002 0.11834733893557421 1.0000000180025095e-35 63.135714285714293 380.75000000000006 0.15007309941520466 150.10000000000002 109.75000000000001 55.250000000000007 47.00416666666667 36.050000000000004 2.5000000000000004 10.500000000000002 34.850000000000001 7.5000000000000009
decision_type=2 2 2 2 2 2 2 2 2 2 2 2 2 2 2 2 2 2 2 2
left_child=1 2 3 8 -5 9 14 19 -1 10 -3 12 -9 15 -2 -7 -4 -18 -15 -8
right_child=6 5 16 4 -6 13 7 11 -10 -11 -12 -13 -14 18 -16 -17 17 -19 -20 -21
leaf_value=-0.013349438886683588 0.0040316644551031955 -0.0016546638809604101 0 0.021660009099806928 -0.0042951944100806877 -0.012305755891299786 0.005447397454685388 -3.4975906264246647e-05 0.0064668241514066497 0.0079184679125120436 -0.021407536121273343 -0.009739241322663364 0.016354205610101227 0.00041598553427556792 -0.014829790547327006 0.0053411826499524589 0.020143072574373574 0.00045573380067347473 0.014444871318505375 0.027475794960638608
leaf_weight=53.049635747913271 3.1773597998544556 13.170178166124968 4.0482123189140138 17.922535547986627 34.302198942285031 3.6742667034268397 6.0501976194791522 27.949224201729521 7.0490327606676138 2.2299982607364646 42.310598113108426 5.0746338078752151 21.378702374640852 4.198103297967462 5.8099988019093871 4.6816461642738432 15.913499556947501 3.9905708502046755 4.8822809122502804 12.492231630720196
leaf_count=802 26 160 32 57 230 57 48 369 98 8 801 34 120 60 51 53 106 28 22 59
internal_value=3.11217e-05 -0.00353186 0.000736168 -0.00288915 0.00585546 -0.0108362 0.00892193 0.0117397 -0.0104687 -0.0157034 -0.0175478 0.00528513 0.00796729 0.00474227 -0.00862014 -0.00373325 0.0150493 0.0176632 0.0114885 0.0239759
internal_weight=293.355 211.423 136.276 112.323 52.2247 75.1471 81.9323 72.945 60.0987 57.7108 55.4808 54.4026 49.3279 17.4363 8.98736 8.35591 23.9523 19.9041 9.08038 18.5424
internal_count=3221 2514 1353 1187 287 1161 707 630 900 969 961 523 489 192 77 110 166 134 82 107
is_linear=0
shrinkage=0.0435066


Tree=80
num_leaves=18
num_cat=0
split_feature=7 6 4 0 6 27 5 17 4 0 6 7 18 2 17 28 4
split_gain=3.52233 4.64258 2.79004 3.14405 3.30751 2.73284 3.09778 2.9986 2.5223 1.6563 1.65065 2.32921 1.04732 1.01688 0.534513 0.420411 0.0788736
threshold=2.5000000000000004 113.05000000000001 38.350000000000001 1350.0000000000002 60.150000000000013 2.5000000000000004 186.60000000000005 21.123232323232326 34.350000000000001 2200.0000000000005 111.35000000000001 3.5000000000000004 6.5000000000000009 10.500000000000002 71.471978021978032 0.47500000000000003 39.350000000000001
decision_type=2 2 2 2 2 2 2 2 2 2 2 2 2 2 2 2 2
left_child=1 13 3 4 15 7 -7 -5 -6 10 11 -4 -11 14 -1 -2 -3
right_child=2 16 9 5 8 6 -8 -9 -10 12 -12 -13 -14 -15 -16 -17 -18
leaf_value=-0.027042616203302446 0.00020200798633045086 0.00021208500243394615 -0.00087590267557535891 0.0091784365342777799 -0.002610407714104443 -0.0050284394658910107 0.014249271356953511 -0.028688024860114521 0.013675165918678282 0.0073260555840017347 0.022749714868628798 0.01809074710159243 -0.011164125862443853 0 0 -0.016623725140310078 0.012770435784750331
leaf_weight=14.897468321956703 1.9360555866733173 3.1773377712815991 31.579279485391453 1.4090492036193598 21.887103663524613 98.234171492047608 12.009847320616243 8.8870268365135399 52.604179738555104 3.6583067867904884 14.281036883592604 12.107363432180135 7.1402546186000109 3.7431323647033414 2.1500892606563857 6.2728710749652237 3.895943745970726
leaf_count=337 31 43 359 13 172 1073 56 276 404 32 70 102 47 39 32 137 19
internal_value=0.000476403 -0.0126314 0.00211944 -0.000469067 0.00575413 -0.0048941 -0.002164 -0.0213578 0.00894073 0.00928199 0.0120448 0.0058459 -0.00391868 -0.0215858 -0.0249327 -0.0136382 0.0106772
internal_weight=299.871 27.864 272.007 203.24 82.7002 120.54 110.244 10.2961 74.4913 68.7662 57.9677 43.6866 10.7986 20.7907 17.0476 8.20893 7.07328
internal_count=3242 470 2772 2162 744 1418 1129 289 576 610 531 461 79 408 369 168 62
is_linear=0
shrinkage=0.0435066


Tree=81
num_leaves=17
num_cat=0
split_feature=4 24 27 7 0 7 6 16 2 6 9 10 6 6 6 2
split_gain=2.76366 2.43498 2.30138 2.49301 1.93399 1.14606 2.33604 1.04672 1.25469 0.752602 0.742453 0.668731 0.50449 0.341877 0.18691 0.0797428
threshold=39.150000000000013 1.5000000000000002 4.5000000000000009 2.5000000000000004 1350.0000000000002 2.5000000000000004 115.45000000000002 12.500000000000002 3.5000000000000004 92.15000000000002 0.056438791732909353 0.12372448979591837 107.35000000000001 122.85000000000001 109.45000000000002 7.5000000000000009
decision_type=2 2 2 2 2 2 2 2 2 2 2 2 2 2 2 2
left_child=1 2 3 9 -5 6 12 8 -7 -1 -4 -9 -2 -3 -13 -10
right_child=5 13 10 4 -6 7 -8 11 15 -11 -12 14 -14 -15 -16 -17
leaf_value=-0.019779906366048695 0.00048705165006306187 -0.020759432422182873 0 0.0072180986754869902 -0.0011703071294685021 0.010776082154703199 0.014272980305470995 0 -0.012022476990377116 -0.0013745601502623515 -0.023608730039710264 0.0059098102975175112 -0.017276815255092143 0 0.019052662013888607 -0.00012647191105484589
leaf_weight=6.9149279452394721 2.1778889745473844 6.9551460901275259 2.3985001295804969 78.324843155685812 126.69915937655605 3.3589836703613383 3.0153875108808279 5.8697355547919861 3.0655458932742476 9.5420876892749202 3.7238109759055078 14.105623898562042 5.3831315543502569 1.8064365279860792 20.152486836537719 3.3886611922644079
leaf_count=182 13 98 27 704 1512 20 12 42 27 176 42 146 81 21 105 34
internal_value=0.000590606 -0.00154567 -0.000361355 0.00060756 0.00211032 0.00842371 -0.00264203 0.0109801 -0.000614456 -0.0129637 -0.0184503 0.0137211 -0.0135878 -0.0183751 0.0156976 -0.00975473
internal_weight=296.882 236.365 227.603 221.481 205.024 60.5174 10.5764 49.941 9.81319 16.457 6.12231 40.1278 7.56102 8.76158 34.2581 6.45421
internal_count=3242 2762 2643 2574 2216 480 106 374 81 358 69 293 94 119 251 61
is_linear=0
shrinkage=0.0435066


Tree=82
num_leaves=13
num_cat=0
split_feature=13 9 5 16 6 4 4 6 23 4 17 14
split_gain=3.64528 2.47774 3.02024 2.57509 2.29733 1.96167 1.80212 0.762548 0.657357 0.576737 0.402438 0.193302
threshold=0.36666666666666675 0.14651229273870783 9.6500000000000004 13.500000000000002 122.95000000000002 35.550000000000004 35.650000000000013 122.65000000000002 1.0000000180025095e-35 40.750000000000007 38.883928571428577 1.5000000000000002
decision_type=2 2 2 2 2 2 2 2 2 2 2 2
left_child=1 2 8 6 -5 -3 -4 9 -1 -2 -10 -9
right_child=7 5 3 4 -6 -7 -8 11 10 -11 -12 -13
leaf_value=-0.019545991072820578 -0.023745203141586044 -0.0062501588061307563 -0.016662319776787365 0.0019542234044884433 0.013663676216627216 0.021129955413305122 -0.00076461198253393442 -0.0042142741774680676 0.0054760870062595998 0.0010734089378546298 -0.0068932608556070314 0.0054281373333282612
leaf_weight=9.2891186084598285 8.6354447900084743 2.6403335216455188 11.261102916672824 138.31353961629793 37.061208589933813 13.532889392226933 65.598162533715367 0.77764237602241282 2.8876034012064329 0.54029215499758798 3.7062151087448001 1.5365544734522698
leaf_count=195 695 38 127 1020 228 108 601 58 45 9 80 38
internal_value=0.000682174 0.00187569 0.000651951 0.00199819 0.00488499 0.0157048 -0.00433498 -0.0182805 -0.0146391 -0.0218031 -0.00067871 0.000328577
internal_weight=295.78 284.29 268.117 252.234 175.375 16.1732 76.8593 11.4899 15.8829 9.17574 6.59382 2.3142
internal_count=3242 2442 2296 1976 1248 146 728 800 320 704 125 96
is_linear=0
shrinkage=0.0435066


Tree=83
num_leaves=17
num_cat=0
split_feature=13 16 4 6 6 5 6 6 6 4 3 4 5 14 6 5
split_gain=3.24574 1.99037 2.12997 3.31259 4.73671 2.73671 2.19449 3.5788 1.02875 0.524543 0.520383 0.313542 0.303905 0.252323 0.183713 0.0717661
threshold=0.36666666666666675 10.500000000000002 36.650000000000013 105.55000000000001 107.85000000000001 136.05000000000004 145.75000000000003 71.350000000000009 162.25000000000003 40.750000000000007 53.500000000000007 35.150000000000013 94.050000000000011 2.5000000000000004 70.950000000000017 106.25000000000001
decision_type=2 2 2 2 2 2 2 2 2 2 2 2 2 2 2 2
left_child=1 10 6 5 -5 -4 7 -3 9 13 12 -12 -1 -2 -13 -15
right_child=8 2 3 4 -6 -7 -8 -9 -10 -11 11 14 -14 15 -16 -17
leaf_value=-0.0052659858803559998 -0.023793763747758594 0.0028371005289036565 0.023338531617661671 -0.018164810204110628 0.0061648239420231199 -0.0045091609302773021 0.015253172887640045 -0.01112804829813728 0.0043626219780594075 0.0010480662545907854 0 0 0.0059705044440203879 -0.0033606220844959174 -0.018428854076104548 0.0027225282279614866
leaf_weight=2.6180062694475046 8.7448085446958377 83.856548876035959 24.071650810539726 11.536710182204841 86.74807383841835 5.4383584521710864 7.8581104669719926 49.7785784448497 0.68866822728887278 0.53560923784971315 1.742267827503382 1.27229704800993 2.514068678021431 0.89679856621660181 6.7816194142214954 0.51390175521373749
leaf_count=45 704 640 147 187 653 26 33 523 12 9 22 19 14 72 133 3
internal_value=0.000630374 0.00175573 0.00274182 0.006678 0.00226094 0.0180396 -0.000882722 -0.00256855 -0.017318 -0.0204232 -0.0109902 -0.0148042 0 -0.0221268 -0.0169145 0
internal_weight=295.596 284.216 269.288 127.795 98.2848 29.51 141.493 133.635 11.3798 10.6911 14.9283 9.79618 5.13207 10.1555 8.05392 1.4107
internal_count=3242 2442 2209 1013 840 173 1196 1163 800 788 233 174 59 779 152 75
is_linear=0
shrinkage=0.0435066


Tree=84
num_leaves=14
num_cat=0
split_feature=13 7 6 6 2 6 2 6 2 17 2 2 13
split_gain=3.07031 2.27011 2.9633 2.18814 2.10562 2.63997 1.60068 0.9738 0.91626 0.660779 0.605824 1.32261 0.25606
threshold=0.36666666666666675 2.5000000000000004 113.05000000000001 155.95000000000002 5.5000000000000009 122.95000000000002 1.5000000000000002 122.65000000000002 10.500000000000002 71.471978021978032 8.5000000000000018 2.5000000000000004 0.87500000000000011
decision_type=2 2 2 2 2 2 2 2 2 2 2 2 2
left_child=1 2 8 4 6 -6 -3 -2 9 -1 11 -5 -9
right_child=7 3 -4 10 5 -7 -8 12 -10 -11 -12 -13 -14
leaf_value=-0.022865272811599269 -0.021139862983217336 -0.0022610124001892838 0.0090879007759260156 0.0034970305405138745 -0.0018557767280598179 0.011424166982074513 0.01188681595220302 0.0069044898913241072 0.00017043895129950157 0 0.00016458478109929883 -0.021641609170062859 -0.0041520609886679591
leaf_weight=12.911276102997368 8.8133686879300495 15.02529887203127 6.9058444630354634 2.5939770080149156 125.52604996808805 29.43561583943665 72.260639198124409 1.5813842439092689 3.753487196750938 1.9704470457509149 5.177266656421124 5.967756605707109 0.78120727324858297
leaf_count=211 704 134 49 24 1120 177 562 34 32 24 43 66 62
internal_value=0.000687427 0.00178525 -0.00912996 0.0031123 0.004194 0.000963672 0.00935616 -0.0168694 -0.016887 -0.0204017 -0.0106763 -0.0151376 0.0017501
internal_weight=292.704 281.528 25.5411 255.987 242.248 154.962 87.2859 11.176 18.6352 14.8817 13.739 8.56173 2.36259
internal_count=3242 2442 316 2126 1993 1297 696 800 267 235 133 90 96
is_linear=0
shrinkage=0.0435066


Tree=85
num_leaves=27
num_cat=0
split_feature=4 9 27 4 6 1 7 2 16 6 6 10 5 5 5 2 23 5 5 6 6 11 5 3 10 6
split_gain=3.58754 3.2038 2.75099 3.2483 3.1595 2.28451 2.30842 2.08127 2.02841 1.91977 2.96461 2.86168 2.82009 2.66658 1.55414 1.45744 1.4535 1.33109 1.12723 0.736572 0.573381 0.468811 0.328518 0.222103 0.158712 0.0935874
threshold=36.350000000000001 0.042791762013729959 2.5000000000000004 40.45000000000001 125.55000000000001 1.5000000000000002 4.5000000000000009 10.500000000000002 10.500000000000002 71.350000000000009 145.75000000000003 0.26206005414718198 36.650000000000013 72.950000000000017 21.450000000000003 10.500000000000002 1.5000000000000002 160.30000000000004 147.10000000000005 164.75000000000003 108.65000000000002 0.067496392496392457 37.550000000000004 52.500000000000007 0.11834733893557421 70.65000000000002
decision_type=2 2 2 2 2 2 2 2 2 2 2 2 2 2 2 2 2 2 2 2 2 2 2 2 2 2
left_child=1 7 3 5 8 20 -7 23 24 11 13 12 -3 -11 -13 19 -10 25 21 -6 -2 -5 -12 -1 -4 -9
right_child=2 9 4 18 15 6 -8 17 16 10 22 14 -14 -15 -16 -17 -18 -19 -20 -21 -22 -23 -24 -25 -26 -27
leaf_value=-0.003693610473450857 0.010801169120473367 -0.0099364025129101523 0.0013018546772735162 0.016746227520597127 -0.017132472430044184 -0.016851482935419004 0.0056487257750164463 0 0.020861965489895908 -0.019584561355847532 0.013676913466600856 -0.0016775596992876611 0.0071380258915077609 0.003933051019685216 0.023445442079516231 0.0077460834866349146 0 0.013759888658404926 -0.0042481633793784914 0.0016755222190719976 -0.0036658916281892945 0.0029513608092426391 0 -0.025194262273598188 -0.0071725864241825935 -0.010352047379355928
leaf_weight=4.8714458653703394 8.7525108535774034 29.055268119322136 1.4853192381560791 14.959301397204401 6.611874152440576 29.426954457478132 7.0327059561386696 2.4495590971782795 42.918006739579141 23.891661831876263 4.685826759785412 4.3448004089295855 31.001692051999271 9.4183593699708563 10.213985190726815 5.3784110695123664 6.2276383670978239 2.632554866373539 5.3330696523189536 2.8335481360554695 2.6605312721803775 12.90069695189595 3.9387206863611937 13.523702240781857 3.614431023132056 2.7058075065724552
leaf_count=56 115 353 12 80 74 538 86 33 293 537 47 126 142 55 43 40 55 9 31 25 44 85 12 219 91 41
internal_value=0.000694541 -0.00411038 0.00530784 -0.000127063 0.011281 -0.00713028 -0.0120786 -0.0161607 0.0157949 -0.000609015 -0.00749905 0.0034304 -0.00113525 -0.0131266 0.0172696 -0.00454411 0.0183603 0.00129441 0.00923226 -0.0124787 0.0067603 0.0124219 0.00986562 -0.0223604 -0.00449163 -0.00833657
internal_weight=292.868 142.733 150.135 81.0658 69.0692 47.8727 36.4597 26.1831 54.2454 116.55 41.9346 74.6157 60.057 33.31 14.5588 14.8238 49.1456 7.78792 33.1931 9.44542 11.413 27.86 8.62455 18.3951 5.09975 5.15537
internal_count=3242 1673 1569 979 590 783 624 358 451 1315 651 664 495 592 169 139 348 83 196 99 159 165 59 275 103 74
is_linear=0
shrinkage=0.0435066


Tree=86
num_leaves=15
num_cat=0
split_feature=13 10 4 16 2 5 6 6 16 4 17 3 17 9
split_gain=3.17574 3.30852 2.88287 3.40416 2.78384 2.17434 2.12904 1.95011 1.34245 1.07283 0.880312 0.281252 0.111358 0.0371316
threshold=0.36666666666666675 0.26568627450980392 36.350000000000001 14.500000000000002 17.500000000000004 85.40000000000002 125.95000000000002 145.75000000000003 10.500000000000002 40.750000000000007 70.947836538461544 57.500000000000007 23.988888888888891 0.049515639589168957
decision_type=2 2 2 2 2 2 2 2 2 2 2 2 2 2
left_child=1 2 4 5 7 -4 8 -1 12 11 -10 -2 -3 -5
right_child=9 6 3 13 -6 -7 -8 -9 10 -11 -12 -13 -14 -15
leaf_value=-0.0089265857209899976 -0.022199803081598773 0.00035739772825022165 -0.0050382220381643703 0.021094674090685456 0.015637049434975271 0.0075427418214782469 -0.0082216736835434932 0.0085348035816936955 0.017351682813452417 0.0043626168277809537 0 0 -0.0074749236686634688 0.0041471331854175024
leaf_weight=101.1343404292129 9.0138933583511918 1.2581809698604041 53.945873611606658 12.368055781349542 4.7588118221610776 38.990933414548635 4.9075056742876759 7.8751125875860444 41.093684100080281 0.74364788830280382 5.6055908510461441 0.51876276987604875 1.6358142849057911 5.8440555855631819
leaf_count=930 762 19 592 63 18 241 52 42 336 7 77 27 40 36
internal_value=0.00070617 0.00180315 -0.000575789 0.00423516 -0.00533452 0.000287133 0.0107987 -0.00716766 0.0135967 -0.0176462 0.015429 -0.0210649 -0.00511 0.0185898
internal_weight=289.694 279.418 224.917 111.149 113.768 92.9368 54.5008 109.009 49.5933 10.2763 46.6993 9.53266 2.894 18.2121
internal_count=3242 2446 1922 932 990 833 524 972 472 796 413 789 59 99
is_linear=0
shrinkage=0.0435066


Tree=87
num_leaves=14
num_cat=0
split_feature=13 10 4 16 2 6 6 6 16 4 17 3 17
split_gain=2.82323 2.66541 2.39283 3.45442 2.3956 1.85294 1.77681 1.61551 1.16201 1.02126 0.735489 0.271724 0.0869207
threshold=0.36666666666666675 0.26568627450980392 36.350000000000001 14.500000000000002 17.500000000000004 94.40000000000002 145.75000000000003 126.25000000000001 10.500000000000002 40.750000000000007 70.947836538461544 57.500000000000007 24.908571428571431
decision_type=2 2 2 2 2 2 2 2 2 2 2 2 2
left_child=1 2 4 5 6 -4 -1 8 12 11 -10 -2 -3
right_child=9 7 3 -5 -6 -7 -8 -9 10 -11 -12 -13 -14
leaf_value=-0.0082996398944991043 -0.021483980535647897 0 0.0096665065712556921 0.018278001637171439 0.01465856591455021 -0.0034699246653440425 0.0082963530805924852 -0.0071505846936477831 0.015498713147736048 0.0043175741605380805 0 0 -0.0070484300975819439
leaf_weight=101.08241204963997 8.7441643812926433 1.3096198290586465 20.988561664940789 18.166224977001548 4.6081675477325907 71.316754386294633 7.9187462236732236 4.6520616151392451 41.36587761156261 0.74042861908674318 5.5690205572172991 0.52139658550731915 1.5929140523076055
leaf_count=930 762 21 161 99 18 672 42 50 338 7 77 27 38
internal_value=0.000525059 0.00155961 -0.000576841 0.00382056 -0.00491193 0 -0.00660676 0.00963368 0.0120248 -0.0169227 0.0137527 -0.0203402 -0.00503054
internal_weight=288.576 278.57 224.081 110.472 113.609 92.3053 109.001 54.4895 49.8374 10.006 46.9349 9.26556 2.90253
internal_count=3242 2446 1922 932 990 833 972 524 474 796 415 789 59
is_linear=0
shrinkage=0.0435066


Tree=88
num_leaves=10
num_cat=0
split_feature=4 13 6 21 4 2 6 3 6
split_gain=2.8892 3.05387 2.86269 2.7593 4.29206 1.69539 1.17575 0.257621 0.0691231
threshold=41.350000000000001 0.36666666666666675 155.95000000000002 1.0000000180025095e-35 36.550000000000004 9.5000000000000018 111.35000000000001 57.500000000000007 164.95000000000002
decision_type=2 2 2 2 2 2 2 2 2
left_child=1 2 3 4 -1 -5 -2 -3 -4
right_child=6 7 8 5 -6 -7 -8 -9 -10
leaf_value=-2.2994567507653808e-07 0 -0.020505693325700198 -0.018781414150822122 -0.00031395115681724195 0.014539799405469726 -0.01345144919026231 0.018956404909602993 0 -0.00063744392308027196
leaf_weight=116.35242760973051 7.4367489106953171 8.6810280344798194 7.6582112405449134 58.180273133330047 49.864831593818963 22.26051636878401 14.776134259998797 0.52117769652977664 2.1225844863802195
leaf_count=1024 45 765 102 572 348 261 73 27 25
internal_value=0.000613049 -0.000750634 0.000343196 0.00150933 0.00468742 -0.00480097 0.0137428 -0.0193783 -0.0172913
internal_weight=287.854 265.641 256.439 246.658 166.217 80.4408 22.2129 9.20221 9.7808
internal_count=3242 3124 2332 2205 1372 833 118 792 127
is_linear=0
shrinkage=0.0435066


Tree=89
num_leaves=22
num_cat=0
split_feature=4 21 4 22 5 5 9 10 9 9 5 9 5 3 16 11 11 9 9 10 2
split_gain=2.6187 3.5488 2.69112 2.97418 2.97208 3.14665 2.49463 1.12278 1.55622 1.53704 1.49495 1.01947 0.778654 0.733434 0.578282 0.602739 1.38719 0.404143 0.379457 0.201947 0.0414921
threshold=40.250000000000007 1.0000000180025095e-35 36.550000000000004 1.5000000000000002 18.550000000000004 29.500000000000004 0.021482277121374852 0.25873937103522743 0.012896825396825353 0.10281902844198336 36.850000000000001 0.13893653516295021 22.750000000000004 57.500000000000007 11.500000000000002 0.063392857142857112 0.13873626373626372 0.066081498999454216 0.050633812847172707 0.17349498327759191 4.5000000000000009
decision_type=2 2 2 2 2 2 2 2 2 2 2 2 2 2 2 2 2 2 2 2 2
left_child=1 2 4 6 13 -6 -4 8 20 12 -10 -11 -9 -1 -2 19 17 -17 -5 -16 -3
right_child=14 7 3 18 5 -7 -8 9 10 11 -12 -13 -14 -15 15 16 -18 -19 -20 -21 -22
leaf_value=-0.018209650425111988 -0.0013734844411573198 0 -0.0059982555726248946 3.7785551519621271e-05 0.017275069133993119 -0.0016577176907262364 0.017186967874540764 -0.0030636999118139482 -0.022523488349807341 -0.015924019290597453 -0.0056156208164104757 0.0037331614094089521 0.016865316558424173 0.0020031993095871265 0.018411784293261811 0.0018976918990019718 0.013273235580741026 -0.010367895857063351 -0.014442935543769181 0.0021036536332413791 0.00545504986678044
leaf_weight=14.49699408269953 4.3317041024565688 2.1769597604870787 6.5864627650007597 3.111646579578518 13.387261381139977 92.500873068114743 41.741179577773437 1.8713024030439545 18.275211933301762 4.8212487015407515 30.299960084026679 4.2052155430428684 4.8010454759933054 1.6069914600811905 14.665184482932093 3.8663795664906484 6.1035162135958663 5.5948981009423733 3.5723421848379076 5.1353213209658852 4.1509535280056298
leaf_count=582 44 30 58 22 158 688 337 65 421 124 236 93 37 30 78 24 34 47 44 32 58
internal_value=0.000663459 -0.00104799 0.00222703 0.0096766 -0.00137428 0.00150909 0.0135062 -0.00888365 -0.0115558 0.000656649 -0.0140715 -0.00839258 0.0117603 -0.0157514 0.0101988 0.0118499 0.00279163 -0.0059955 -0.0102479 0.0161332 0.00431275
internal_weight=287.303 247.606 177.004 55.0116 121.992 105.888 48.3276 70.6019 54.9031 15.6988 48.5752 9.02646 6.67235 16.104 39.697 35.3653 15.5648 9.46128 6.68399 19.8005 6.32791
internal_count=3242 2983 1919 461 1458 846 395 1064 745 319 657 217 102 612 259 215 105 71 66 110 88
is_linear=0
shrinkage=0.0435066


Tree=90
num_leaves=20
num_cat=0
split_feature=4 21 5 7 5 5 4 3 1 11 4 7 10 10 2 2 3 3 2
split_gain=2.71153 3.53438 2.80272 2.84643 3.20017 3.76291 3.75717 2.45176 1.88208 1.78718 2.44867 1.43394 1.14404 0.938551 0.826771 0.63807 0.545002 0.36404 0.244281
threshold=38.050000000000004 1.0000000180025095e-35 293.90000000000003 3.5000000000000004 36.45000000000001 46.750000000000007 35.850000000000001 53.500000000000007 2.5000000000000004 0.04880952380952381 42.350000000000001 3.5000000000000004 0.12372448979591837 0.12771739130434781 7.5000000000000009 9.5000000000000018 54.500000000000007 52.500000000000007 4.5000000000000009
decision_type=2 2 2 2 2 2 2 2 2 2 2 2 2 2 2 2 2 2 2
left_child=2 12 3 7 6 -6 -5 8 -1 15 11 -11 -2 -9 18 16 -3 -17 -14
right_child=1 9 -4 4 5 -7 -8 13 -10 10 -12 -13 14 -15 -16 17 -18 -19 -20
leaf_value=0.0093974979513907122 -0.0011482003732229036 0.00062972013817253218 0.013886071959370833 -0.015593734063102674 0.012927880081576099 -0.0064435877349792899 0.0080370111377386921 0 -0.0093308266004853684 -0.017045445419778749 0.010825419101308383 0.00097370619756419121 -0.0028702232617743018 -0.021318982076278668 0.024245987813511956 0.0039644915374489895 0.015677272269303773 -0.0081542875185230054 0.0067048313081972226
leaf_weight=9.9356892872601765 4.2517147138714817 9.8877570889890247 7.6313248872756949 38.446919933427125 35.792842981405556 28.209293959662318 12.471030591987072 4.514489992754533 19.7727626550477 21.890398385934535 5.5318733360618344 9.4543412779457849 3.3996418826282051 34.847407144552562 13.296935632824896 2.2941279569640747 7.2698995172977439 3.272992498241365 3.1034856657497585
leaf_count=119 31 92 35 582 154 203 228 54 291 314 30 81 31 721 68 17 62 51 25
internal_value=-0.00218461 0.00407635 -0.00501286 -0.00629779 -0.00177262 0.00444053 -0.00937541 -0.0128916 -0.00222549 -0.00176004 -0.00733027 -0.0121123 0.0161606 -0.0192628 0.0196241 0.00655377 0.00999138 -0.00288198 0.00199446
internal_weight=275.275 83.6532 191.622 183.99 114.92 64.0021 50.918 69.0703 29.7085 59.6014 36.8766 31.3447 24.0518 39.3619 19.8001 22.7248 17.1577 5.56712 6.50313
internal_count=3189 802 2387 2352 1167 357 810 1185 410 647 425 395 155 775 124 222 154 68 56
is_linear=0
shrinkage=0.0435066


Tree=91
num_leaves=15
num_cat=0
split_feature=13 5 5 11 18 5 6 0 6 22 5 2 5 5
split_gain=1.62831 2.36324 2.88693 4.07637 4.06793 3.43544 3.30211 2.95692 1.9353 1.92161 2.02413 1.03891 0.924409 0.0319501
threshold=0.70833333333333337 30.150000000000002 35.350000000000001 0.046256684491978554 7.5000000000000009 62.350000000000009 145.45000000000002 1900.0000000000002 69.450000000000017 1.0000000180025095e-35 9.6500000000000004 5.5000000000000009 21.150000000000002 5.8500000000000005
decision_type=2 2 2 2 2 2 2 2 2 2 2 2 2 2
left_child=1 8 3 -3 7 -6 -5 -4 12 10 -10 -11 13 -1
right_child=-2 2 4 6 5 -7 -8 -9 9 11 -12 -13 -14 -15
leaf_value=-3.6106191252162703e-05 -0.018929489634825297 0.011391311743072098 -0.0014557015248960784 -0.02980876090683654 -0.016710027722025227 -0.0011158618919463875 0.0073689485362585204 0.018691823022531879 -0.0017199593470754793 0.0044782281829588008 0.015098597734797707 -0.014646898139158093 0.0045539206458485651 -0.015332657034869412
leaf_weight=1.6801206981763224 4.3695346522144964 3.40097557473928 25.143507005181164 16.503481536870826 32.606675643939525 92.953929941169918 2.3691014833748332 20.039598106406629 15.864249801263211 4.6505915923044068 40.59198185976129 5.0210913550108671 2.7447893600910902 6.1022577781695873
leaf_count=39 504 34 166 242 284 602 13 90 385 70 489 104 32 135
internal_value=-0.00230335 -0.00155719 -0.0041206 -0.0169364 -0.00183077 -0.00586643 -0.0240515 0.00851505 0.0045935 0.00748472 0.0105237 -0.00672774 -0.00889483 -0.0142562
internal_weight=274.042 269.672 193.017 22.2736 170.744 125.561 18.8726 45.1831 76.6551 66.1279 56.4562 9.67168 10.5272 7.78238
internal_count=3189 2685 1431 289 1142 886 255 256 1254 1048 874 174 206 174
is_linear=0
shrinkage=0.0435066


Tree=92
num_leaves=19
num_cat=0
split_feature=4 21 5 6 6 5 16 3 10 6 8 3 18 3 6 2 2 5
split_gain=2.50993 3.50958 2.63863 1.56961 3.95477 3.54305 2.33448 1.66215 1.72585 1.56402 1.42631 1.29838 1.13897 0.993895 0.732309 0.393474 0.33775 0.284404
threshold=38.050000000000004 1.0000000180025095e-35 293.90000000000003 74.200000000000003 69.65000000000002 34.650000000000013 13.500000000000002 57.500000000000007 0.15504807692307693 110.55000000000001 2021.5000000000002 56.500000000000007 9.5000000000000018 54.500000000000007 155.95000000000002 7.5000000000000009 9.5000000000000018 40.100000000000009
decision_type=2 2 2 2 2 2 2 2 2 2 2 2 2 2 2 2 2 2
left_child=2 10 3 4 5 -1 -6 8 -5 11 15 12 -3 -12 16 -2 -11 -9
right_child=1 9 -4 7 6 -7 -8 17 -10 14 13 -13 -14 -15 -16 -17 -18 -19
leaf_value=-0.020954265028299182 0.0037492500832958771 -0.00046199070662940317 0.013475638904373151 -1.9518837246122324e-05 -0.0085209675194743793 -0.00071904069221124969 0.015168977846020525 0.0077319295792920868 -0.015889498518840424 0.012981525465255621 -0.0097694897034253728 0.0070263767828823206 -0.016286096786128686 0.0094226318282087905 -0.0043673416636234291 0.025183692446366063 0 -0.0023475335456470559
leaf_weight=19.072644320200197 6.0567936021834674 16.322343850741163 7.3866071030497542 17.91066559846513 5.3186654748860773 49.968876433558762 23.822021763538942 5.9486771477386338 57.197751678526402 10.48343661054969 3.8543792003765693 4.8785501406528047 17.070282101631165 3.5231555397622287 4.1798441391438237 10.628583410754798 5.4267173008993259 3.125870612449944
leaf_count=421 45 309 35 222 96 323 167 63 1034 78 29 49 143 29 32 52 36 26
internal_value=-0.00231446 0.00375844 -0.00504092 -0.00628331 -0.00217325 -0.00776746 0.00979561 -0.0104652 -0.0125322 -0.00212597 0.0157712 -0.00702476 -0.0101421 0 0.00626246 0.0210755 0.00996177 0.0040839
internal_weight=272.176 82.4241 189.752 182.365 98.1822 69.0415 29.1407 84.183 75.1084 58.3612 24.0629 38.2712 33.3926 7.37753 20.09 16.6854 15.9102 9.07455
internal_count=3189 802 2387 2352 1007 744 263 1345 1256 647 155 501 452 58 146 97 114 89
is_linear=0
shrinkage=0.0435066


Tree=93
num_leaves=21
num_cat=0
split_feature=16 6 2 22 10 7 1 6 10 1 24 2 10 2 10 2 10 6 9 10
split_gain=1.57117 5.61517 1.6714 1.98232 1.91227 1.3139 1.89965 2.91355 1.56812 1.46703 1.62155 1.30914 1.1852 0.848366 0.826235 0.821661 0.641811 0.595149 0.448265 0.481405
threshold=14.500000000000002 69.65000000000002 1.5000000000000002 1.0000000180025095e-35 0.18301435406698563 3.5000000000000004 1.5000000000000002 110.55000000000001 0.12771739130434781 2.5000000000000004 1.5000000000000002 6.5000000000000009 0.10070850202429146 6.5000000000000009 0.31123737373737376 6.5000000000000009 0.17846085802742148 104.85000000000001 0.10818713450292396 0.14511278195488717
decision_type=2 2 2 2 2 2 2 2 2 2 2 2 2 2 2 2 2 2 2 2
left_child=5 18 -3 14 -5 6 15 12 -7 13 -11 -9 -8 -10 -4 16 -1 -17 19 -2
right_child=1 2 3 4 -6 8 7 11 9 10 -12 -13 -14 -15 -16 17 -18 -19 -20 -21
leaf_value=0.014370034330651482 -0.00021404265783242033 -0.0084896882793537836 0.018425056335309244 0.010094192833213413 -0.013398999946710679 -0.015405127929917273 0.00041628718472577373 -0.0078575353879837342 0.0024694977640298435 0.011410018046832764 -0.008661064539203343 0.0073615741414496567 -0.018480736897269038 -0.0062427335449476117 -0.00035185161787361244 0.0038276780315525281 -0.0014903461877134214 -0.010808818905406773 0 -0.026891725161174135
leaf_weight=6.7636336700525153 2.4510145727545005 3.5390844251960507 31.767466715537012 6.6718259407207352 6.4164219405502081 5.797763764858245 5.6808988263364872 13.269808620214464 31.042683688690886 29.363762854598463 3.9685800271108738 16.679657498141751 43.539476754434872 41.216443794546649 3.5678556000348172 4.0766965618822706 4.2189894884359092 4.3665454830043018 2.0992937770206481 4.4473054865375161
leaf_count=57 17 28 214 47 65 84 58 189 264 350 52 153 844 380 58 52 97 77 38 65
internal_value=-0.00229414 0.00350796 0.00951038 0.0118602 -0.00153488 -0.00407995 -0.00758127 -0.0104408 -0.000647611 0.000921236 0.00774197 0.000143041 -0.0163253 -0.00247741 0.0165289 0.00337978 0.00941563 -0.00447962 -0.0199416 -0.0228724
internal_weight=270.945 60.9603 51.9627 48.4236 13.0882 209.985 98.5957 79.1698 111.389 105.591 33.3323 29.9495 49.2204 72.2591 35.3353 19.4259 10.9826 8.44324 8.99761 6.89832
internal_count=3189 532 412 384 112 2657 1527 1244 1130 1046 402 342 902 644 272 283 154 129 120 82
is_linear=0
shrinkage=0.0435066


Tree=94
num_leaves=23
num_cat=0
split_feature=4 21 6 6 5 6 4 16 5 5 5 5 7 5 2 17 2 2 2 5 9 9
split_gain=2.5465 3.65031 2.0359 3.50559 3.23602 4.02297 3.56634 2.15569 1.64972 1.61795 1.89248 1.57005 1.5455 1.44028 1.24794 1.06765 1.62211 0.763552 0.756155 0.736825 0.245482 0.201685
threshold=38.350000000000001 1.0000000180025095e-35 74.200000000000003 69.65000000000002 36.45000000000001 61.650000000000013 36.850000000000001 13.500000000000002 191.25000000000003 33.750000000000007 12.050000000000002 71.350000000000009 2.5000000000000004 119.65000000000002 2.5000000000000004 37.462987012987021 5.5000000000000009 10.500000000000002 8.5000000000000018 6.6500000000000012 0.048115079365079354 0.039736842105263161
decision_type=2 2 2 2 2 2 2 2 2 2 2 2 2 2 2 2 2 2 2 2 2 2
left_child=2 12 3 4 6 -6 -1 21 9 10 -4 17 -2 -9 -11 -13 -17 19 -10 -3 -19 -5
right_child=1 11 8 7 5 -7 -8 13 18 14 -12 15 -14 -15 -16 16 -18 20 -20 -21 -22 -23
leaf_value=-0.019662778845338156 -0.00087047720805322128 -0.0042691539342165049 -0.013698048230964681 0.00062077542140058972 0.0096578568407935019 -0.018689557408016505 0.011795496259944489 0.019580116862999458 0.010581021036636985 0 0.0041951026336603872 0.0045835908030817862 0.023285085765626334 -0.0015132051245371489 -0.018563292433458112 0.001154047469799344 -0.020289778529105258 0.0021543826606368601 -0.004975539291227838 0.010383194798785909 -0.0079361832615095322 -0.010152074835359917
leaf_weight=29.020722837653011 5.0036357711069313 3.4358542712871047 11.618122132727875 1.4418402789160634 31.237576602958143 6.1169783640652886 3.4365275856107464 20.026776515180249 6.4138879533857089 7.5226978748105457 22.566887759137899 4.2774150706827667 13.960302408784626 5.7138602435588828 41.598386995960027 8.2886057095602172 11.26310688164085 1.7797753433696915 4.5933617614209652 21.358753244858235 5.3686374914832413 3.804294761037454
leaf_count=527 38 80 559 17 155 37 30 149 38 69 367 24 83 28 405 50 88 29 29 224 84 79
internal_value=-0.00228899 0.00422252 -0.00488899 -0.00038582 -0.00580101 0.00269958 -0.0146582 0.0104338 -0.00926591 -0.0113092 -0.00285815 -0.00166236 0.0179238 0.0152258 -0.0159859 -0.00903065 -0.0127967 0.00417122 0.00407831 0.00756515 -0.0048575 -0.00763141
internal_weight=269.848 74.7361 195.112 100.799 69.8118 37.3546 32.4573 30.9868 94.3133 83.3061 34.185 55.7721 18.9639 25.7406 49.1211 23.8291 19.5517 31.943 11.0072 24.7946 7.14841 5.24614
internal_count=3189 700 2489 1022 749 192 557 273 1467 1400 926 579 121 177 474 162 138 417 67 304 113 96
is_linear=0
shrinkage=0.0435066


Tree=95
num_leaves=20
num_cat=0
split_feature=16 5 25 6 0 5 9 9 5 5 3 6 16 17 1 10 6 6 9
split_gain=3.96487 2.19917 2.15616 3.60869 3.02636 3.5903 2.66798 2.64158 2.10817 1.8705 1.52321 1.45495 1.39309 1.19433 0.948058 0.92619 0.16045 0.123409 0.0470653
threshold=14.500000000000002 19.050000000000004 1.5000000000000002 108.55000000000001 2200.0000000000005 34.850000000000001 0.17515516611902152 0.012896825396825353 41.650000000000013 62.350000000000009 51.500000000000007 164.95000000000002 11.500000000000002 82.564583333333346 5.5000000000000009 0.11834733893557421 114.05000000000001 71.550000000000011 0.04016129032258061
decision_type=2 2 2 2 2 2 2 2 2 2 2 2 2 2 2 2 2 2 2
left_child=2 14 6 4 7 -6 10 -4 -3 -10 -1 -12 16 -11 18 -14 -5 -16 -2
right_child=1 8 3 12 5 -7 -8 -9 9 13 11 -13 15 -15 17 -17 -18 -19 -20
leaf_value=0.0042516293969361591 0 0.022876895841665242 0.0092097835895643965 -0.0079516267477276002 -0.013787178030492314 0.014963184343649497 0.010962541875717045 -0.010012350938135604 -0.0095987504378914519 0.01349775943643775 -0.023758726908773568 0.0014789063072716498 -0.0036786351657645145 -0.003600290264133576 -0.0001901212587088427 0.01223616224565788 0.00055668416601280398 0.0079090598617164668 -0.013963629089742378
leaf_weight=2.6623266078531804 1.3191486559808234 18.66063867858611 9.8903221534565073 4.8972906088456503 5.5053101703524616 21.583618842065334 2.9560714857652775 94.468729032436386 6.9127193158492437 22.887164376676086 19.151278545381505 3.4441365748643866 3.9152507651597253 6.2304171752184621 1.8769305460155012 47.632007646607235 2.246566747315228 1.840035445988178 4.6056560024153441
leaf_count=22 26 121 109 145 78 104 38 1409 46 104 277 37 39 38 40 394 23 18 146
internal_value=0.000631111 0.00961998 -0.0021745 -0.000289275 -0.00431417 0.00727996 -0.0121512 -0.00766555 0.0128741 0.00474633 -0.0168669 -0.0200959 0.00810091 0.00956721 -0.00596302 0.0105767 -0.00554951 0.00531834 -0.0129286
internal_weight=282.686 64.3327 218.353 190.139 131.448 27.0889 28.2138 104.359 54.6909 36.0303 25.2577 22.5954 58.6911 29.1176 9.64177 51.5473 7.14386 3.71697 5.9248
internal_count=3214 539 2675 2301 1700 182 374 1518 309 188 336 314 601 142 230 433 168 58 172
is_linear=0
shrinkage=0.0435066


Tree=96
num_leaves=16
num_cat=0
split_feature=25 4 5 5 6 18 4 13 7 2 2 7 6 9 2
split_gain=2.67639 2.69963 2.6711 1.93543 2.28302 2.52386 1.69381 1.32906 1.07425 0.397327 0.313959 0.282699 0.205977 0.14459 0.0177347
threshold=1.0000000180025095e-35 41.050000000000004 8.5500000000000025 29.500000000000004 146.15000000000001 13.500000000000002 39.45000000000001 0.45000000000000007 2.5000000000000004 12.500000000000002 11.500000000000002 4.5000000000000009 164.95000000000002 0.13893653516295021 13.500000000000002
decision_type=2 2 2 2 2 2 2 2 2 2 2 2 2 2 2
left_child=1 10 6 7 5 -5 9 8 -4 11 12 -2 -1 -8 -11
right_child=2 -3 3 4 -6 -7 13 -9 -10 14 -12 -13 -14 -15 -16
leaf_value=-0.025533265319110418 -0.020412871196084405 0.0073525215353418679 -0.002687734538362377 -0.0024852270803352532 0.020895068662436747 0.010021449303717208 -0.0002323763258404041 -0.007983210695998921 0.013659526316527459 0.0017697326480346804 0 0 -0.00066564458922924261 0.0079337078851800177 -0.0011789882206359582
leaf_weight=8.3798023450654018 11.588791997754017 4.5105336084961882 5.4750227727927259 153.81856263498776 3.8282211497426024 31.196277106646448 2.9856706387363365 2.1283197773154816 47.491882365196943 0.87696032103849464 1.8689634022302914 1.4546643798239518 1.9231033017858852 2.2993734907358885 0.97347249765880406
leaf_count=153 573 22 93 1253 8 151 47 219 506 28 28 51 26 18 38
internal_value=0.000664127 -0.0134833 0.0018981 0.0032822 0.00100138 -5.46002e-05 -0.0111734 0.0100036 0.0116911 -0.0170952 -0.0216149 -0.0189299 -0.0235467 0.00488606 0
internal_weight=280.8 16.6824 264.117 243.938 188.843 185.015 20.1789 55.0952 52.9669 14.8939 12.1719 13.0435 10.3029 5.28504 1.85043
internal_count=3214 229 2985 2230 1412 1404 755 818 599 690 207 624 179 65 66
is_linear=0
shrinkage=0.0435066


Tree=97
num_leaves=20
num_cat=0
split_feature=16 4 4 2 10 9 11 11 9 2 10 2 7 2 9 10 10 6 10
split_gain=2.876 3.3278 3.28533 3.27941 2.73038 2.05931 2.4295 2.0264 1.77428 1.70065 1.76691 1.39384 0.801952 0.842777 1.29896 0.773874 0.683182 0.201524 0.0571349
threshold=14.500000000000002 34.45000000000001 40.250000000000007 14.500000000000002 0.2137002341920374 0.10404971932638325 0.067496392496392457 0.21000000000000005 0.012896825396825353 1.5000000000000002 0.13263888888888889 12.500000000000002 2.5000000000000004 5.5000000000000009 0.042791762013729959 0.11834733893557421 0.28708791208791212 112.45000000000002 0.15504807692307693
decision_type=2 2 2 2 2 2 2 2 2 2 2 2 2 2 2 2 2 2 2
left_child=2 16 4 9 8 6 -6 -7 15 -3 -11 -10 17 -14 -15 -1 18 -4 -2
right_child=1 3 12 -5 5 7 -8 -9 11 10 -12 -13 13 14 -16 -17 -18 -19 -20
leaf_value=-0.006671059081056069 -0.00082646669394862034 -0.0052986728619874813 -0.0055502426011615489 -0.011637271037361849 0 -0.01495668725584952 0.017258445930764983 0.0068157537913321022 -0.015427745778212154 0 0.020895886994362893 0.0027639234368559201 0.018508106049900028 0.012521520990490885 -0.0063854897290433086 0.0081567531310355393 0.0021812968715006196 0.0029547250111589545 -0.018720215895377024
leaf_weight=4.7081230552867046 2.3089109798893324 3.3113699867390087 4.0534470276907077 4.5981077011674634 69.188930220087059 19.810442682122815 13.110498200869186 6.4680969906039527 53.176436457200907 8.7933819219470006 39.824081658618525 6.0888794425409278 12.764700284227731 5.9799816664308301 8.6116008851677162 9.5099504259414953 2.1822895659133792 3.1851756004616618 2.939995376393199
leaf_count=59 14 32 45 48 668 445 190 157 752 61 305 72 69 37 64 95 33 22 46
internal_value=0.000669468 0.00834334 -0.00172825 0.0121094 -0.00414953 0.000239725 0.00374771 -0.0090011 -0.0102522 0.0154475 0.0175025 -0.013317 0.00940705 0.012303 0.00235945 0.00220748 -0.0118549 -0.00144877 -0.0165226
internal_weight=280.614 63.9581 216.656 56.5269 182.061 108.578 82.2994 26.2785 73.4834 51.9288 48.6175 59.2653 34.5949 27.3563 14.5916 14.2181 7.4312 7.23862 5.24891
internal_count=3214 539 2675 446 2438 1460 858 602 978 398 366 824 237 170 101 154 93 67 60
is_linear=0
shrinkage=0.0435066


Tree=98
num_leaves=19
num_cat=0
split_feature=16 4 4 10 2 5 17 4 5 0 11 10 7 2 9 11 7 16
split_gain=2.5635 2.98478 2.86468 3.03806 2.75399 2.4617 3.48259 2.70302 1.63918 1.5475 2.59623 1.89421 1.33685 0.858527 1.01529 0.83534 0.791761 0.611186
threshold=14.500000000000002 34.45000000000001 40.250000000000007 0.2137002341920374 14.500000000000002 39.250000000000007 45.062500000000007 36.150000000000013 247.70000000000002 1900.0000000000002 0.081666666666666665 0.13263888888888889 4.5000000000000009 9.5000000000000018 0.042791762013729959 0.11173533083645441 2.5000000000000004 12.500000000000002
decision_type=2 2 2 2 2 2 2 2 2 2 2 2 2 2 2 2 2 2
left_child=2 15 3 8 9 7 -7 -5 12 11 -11 -3 -1 16 -15 -2 -4 -18
right_child=1 4 13 5 -6 6 -8 -9 -10 10 -12 -13 -14 14 -16 -17 17 -19
leaf_value=-0.015735259146754128 -0.016704356962445006 -0.00058012147571279496 -0.00066273733453641088 -0.0078161016503350521 -0.010629570977696519 0.020093915594110362 -0.0077611959398121034 0.0079477915117191506 0.005009749648848108 0.012603569101470011 -0.011254506841582577 0.024906995492576151 -0.0005150465924206206 0.0087916967820240617 -0.0091652884293028578 0.0033880999939464649 0 0.01917335255615548
leaf_weight=50.181620424264111 5.2625837915111324 5.5116495154798057 4.9909675098024335 60.074117947660852 4.4398901583626857 17.180367381079126 8.2541786162182671 23.270790517912246 7.1583496211096636 16.238803318701688 7.4650050655473015 22.631343666929752 15.815277614165096 4.5038631241768581 6.2952505564317107 2.0205350844189525 4.7745564151555309 13.465504974126816
leaf_count=760 65 39 50 783 48 101 90 486 44 115 96 148 174 26 49 28 32 80
internal_value=0.000488866 0.00776192 -0.00177136 -0.00401888 0.0113345 0.000587361 0.0109997 -0.00304538 -0.0104824 0.0143649 0.00394999 0.0204543 -0.0126009 0.00871085 -0.000604272 -0.0114326 0.0125634 0.0158111
internal_weight=279.535 63.5698 215.965 181.935 56.2867 108.779 25.4345 83.3449 73.1552 51.8468 23.7038 28.143 65.9969 34.0301 10.7991 7.28312 23.231 18.2401
internal_count=3214 539 2675 2438 446 1460 191 1269 978 398 211 187 934 237 75 93 162 112
is_linear=0
shrinkage=0.0435066


Tree=99
num_leaves=20
num_cat=0
split_feature=25 5 2 6 25 16 9 6 6 5 10 10 9 2 1 22 7 10 5
split_gain=2.61442 2.55775 2.00363 2.31351 2.96321 1.91581 2.14416 0.842507 0.815224 1.08941 0.727301 0.979751 0.53728 0.447807 0.391632 0.279016 0.262147 0.0450583 0.00769013
threshold=1.0000000180025095e-35 9.9500000000000011 8.5000000000000018 123.15000000000002 1.5000000000000002 14.500000000000002 0.050633812847172707 69.750000000000014 164.95000000000002 7.0500000000000007 0.34761152783260957 0.41070163004961019 0.051064754454584908 2.5000000000000004 1.5000000000000002 1.5000000000000002 4.5000000000000009 0.29669386002576215 6.1500000000000012
decision_type=2 2 2 2 2 2 2 2 2 2 2 2 2 2 2 2 2 2 2
left_child=8 10 5 4 -4 6 -3 -7 9 17 14 -12 -5 -11 18 -13 -16 -1 -2
right_child=1 2 3 12 -6 7 -8 -9 -10 13 11 15 -14 -15 16 -17 -18 -19 -20
leaf_value=0.0041762390337720086 0.0012957824649278082 -0.0043864803919814472 -0.023396666342316491 0 -0.00099619504403879156 -0.00010763520816243039 0.0077506063242625449 0.017925614488823953 0.0011274858733120775 0 0.0099542696623992986 -0.011546335375120695 0.015000313006098375 -0.024052705591867684 -0.018440319106917714 0.0015847399834925872 0 -0.00017063769014761238 -0.00045516055657911735
leaf_weight=1.1025097032543301 1.2501273758243798 38.296700776554644 6.737825092393904 6.0311629511415985 83.50513701827731 4.4233319871127632 65.03389668581076 24.690868426579982 3.6229536812752476 2.0139166973531237 3.5639530846383414 3.7265175781212747 10.563997815363107 8.4739263434894365 10.744949387037193 0.69996042829006899 1.183178158244117 1.1207595658488569 0.79576750402338792
leaf_count=23 52 419 57 32 756 46 615 162 39 22 77 163 69 112 448 13 39 33 37
internal_value=0.000402908 0.00163313 0.00305888 -0.0012722 -0.00423591 0.0065209 0.00316726 0.0153845 -0.0136868 -0.0173841 -0.0106915 0 0.0110585 -0.0214515 -0.0150355 -0.00884231 -0.0170684 0.00233917 0
internal_weight=277.581 261.247 239.283 106.838 90.243 132.445 103.331 29.1142 16.3341 12.7111 21.9645 7.99043 16.5952 10.4878 13.974 4.42648 11.9281 2.22327 2.04589
internal_count=3214 2985 2156 914 813 1242 1034 208 229 190 829 253 101 134 576 176 487 56 89
is_linear=0
shrinkage=0.0435066


Tree=100
num_leaves=21
num_cat=0
split_feature=4 6 6 5 17 1 22 3 2 18 7 6 4 8 17 2 6 10 6 17
split_gain=3.15949 4.42932 4.40908 3.73427 2.41823 2.29332 2.07894 1.97143 1.64127 1.60604 1.45393 2.41976 1.17299 1.01689 0.645361 0.731913 0.549167 0.361897 0.33639 0.0108961
threshold=39.150000000000013 74.200000000000003 70.450000000000017 186.60000000000005 46.578671328671341 2.5000000000000004 1.0000000180025095e-35 54.500000000000007 11.500000000000002 9.5000000000000018 2.5000000000000004 115.45000000000002 36.250000000000007 2021.5000000000002 73.641071428571436 6.5000000000000009 127.35000000000001 0.18301435406698563 160.25000000000003 31.444405594405598
decision_type=2 2 2 2 2 2 2 2 2 2 2 2 2 2 2 2 2 2 2 2
left_child=1 2 5 4 12 7 -4 -1 -6 -7 11 19 -3 -5 16 -16 -12 -8 -18 -2
right_child=10 3 6 13 8 9 17 -9 -10 -11 14 -13 -14 -15 15 -17 18 -19 -20 -21
leaf_value=0.016881789453670103 -0.00055401943485558817 -0.0096176299585662185 0.027226919279735591 -0.0021763964022160367 -0.022562898384398528 -0.018692036160204796 0.0066429022974821084 0 -0.00022532001506180032 0.000272221397233984 0.016810320876628683 0.013810944760187347 0.0015894381993770256 0.016516423853264378 0.0089974714031208162 -0.0074173274155642311 -0.0038181752146992983 -0.0042572455766756159 0.0068146519386837606 -0.016530200203672948
leaf_weight=10.898442969541064 1.9356969045475105 27.189629811909981 13.46727157616988 5.293983018025755 28.523797641857527 11.087542145513 4.4810994490981084 49.048056483268738 8.8521103503881005 13.956293192226438 31.262741711456329 2.9237409457564354 31.278343800513539 8.2410221574828011 3.1306700566783539 4.4684655480086803 4.0236144410446268 5.1199252989608794 4.971086174249649 4.4267894034273922
leaf_count=107 30 432 90 38 591 269 33 412 134 98 234 13 453 41 22 41 36 44 29 56
internal_value=0.00107893 -0.00133875 0.00471587 -0.00733603 -0.0104362 -0.000188264 0.0191861 0.00430487 -0.0183209 -0.00993059 0.00963211 -0.00349299 -0.00390908 0.0103716 0.0124776 0 0.014391 0.000834189 0.00180308 -0.0151914
internal_weight=274.58 217.438 108.059 109.379 95.8439 84.9903 23.0683 59.9465 37.3759 25.0438 57.1428 9.28623 58.468 13.535 47.8566 7.59914 40.2574 9.60102 8.9947 6.36249
internal_count=3203 2742 1053 1689 1610 886 167 519 725 367 461 99 885 79 362 63 299 77 65 86
is_linear=0
shrinkage=0.0435066


Tree=101
num_leaves=22
num_cat=0
split_feature=4 6 6 6 1 3 3 25 9 22 4 7 6 10 16 10 6 4 8 10 17
split_gain=2.73006 3.90026 3.83595 2.36205 1.96234 1.8846 1.85367 1.80912 2.9278 1.60082 1.55547 1.40243 2.01863 1.38274 1.20673 0.818564 1.2157 0.700707 0.390584 0.318848 0.0140588
threshold=39.150000000000013 74.200000000000003 70.450000000000017 108.55000000000001 2.5000000000000004 57.500000000000007 53.500000000000007 1.5000000000000002 0.12625838926174496 1.0000000180025095e-35 35.750000000000007 2.5000000000000004 115.45000000000002 0.12074829931972787 10.500000000000002 0.12074829931972787 127.35000000000001 41.050000000000004 2021.5000000000002 0.18301435406698563 31.444405594405598
decision_type=2 2 2 2 2 2 2 2 2 2 2 2 2 2 2 2 2 2 2 2 2
left_child=1 2 4 5 6 13 -1 8 -5 -4 -6 12 20 -3 -9 -13 18 -18 -17 -11 -2
right_child=11 3 9 7 10 -7 -8 14 -10 19 -12 15 -14 -15 -16 16 17 -19 -20 -21 -22
leaf_value=0.017998706655779774 -0.00042193627922731497 0.00075683025245730008 0.025370728886420314 -0.012928229124369582 -0.016483928047885909 0.0055792114504260486 0.00013365003410111453 -0.0089524908322948082 0.010401076954733553 0.0066484856001068132 0.0020109463369245325 -0.00062898016489789483 0.012261536579258884 -0.019960888031644586 0.0094461607584540169 0.020971354447131815 -0.008459919257258957 0.0074076473464928629 0.0056055074677245527 -0.0035696386262829595 -0.015667227587366252
leaf_weight=7.8739462157245717 1.931370182428507 5.593532803002744 13.18482631177176 30.126197481993586 13.473847027053127 4.3376310705207279 52.038911559386179 2.4789662784896818 8.1214331025257689 4.4852147747296822 11.391003393568097 6.4278118908405295 2.8464476820081472 32.234673973056488 26.159263660432771 20.062978956848383 4.1049173390492788 3.8133831657469273 13.093827963341026 5.0247178794816136 4.304075971012935
leaf_count=63 30 75 90 383 227 44 456 95 128 33 140 46 13 689 275 138 39 20 119 44 56
internal_value=0.00116504 -0.00108345 0.00460803 -0.00672321 0 -0.0140429 0.00416852 -0.00113449 -0.00695649 0.0182049 -0.00903205 0.00915192 -0.00373685 -0.0170093 0.00620271 0.0119561 0.0139536 -0.000226132 0.0170747 0.00136493 -0.0143637
internal_weight=273.109 216.524 107.472 109.052 84.7777 42.1658 59.9129 66.8859 38.2476 22.6948 24.8649 56.5848 9.08189 37.8282 28.6382 47.5029 41.0751 7.9183 33.1568 9.50993 6.23545
internal_count=3203 2742 1053 1689 886 808 519 881 511 167 367 461 99 764 370 362 316 59 257 77 86
is_linear=0
shrinkage=0.0435066


Tree=102
num_leaves=13
num_cat=0
split_feature=13 9 10 6 6 5 6 5 27 3 6 8
split_gain=1.89701 1.72324 1.72432 1.35378 3.6841 2.29189 2.1387 1.55235 1.24292 0.503732 0.285206 0.217316
threshold=0.70833333333333337 0.13484848484848483 0.41070163004961019 74.200000000000003 70.450000000000017 34.650000000000013 90.15000000000002 94.050000000000011 3.5000000000000004 55.250000000000007 93.15000000000002 2019.0000000000002
decision_type=2 2 2 2 2 2 2 2 2 2 2 2
left_child=1 3 -3 4 5 -1 -5 -8 -6 10 -4 -11
right_child=-2 2 9 6 8 -7 7 -9 -10 11 -12 -13
leaf_value=-0.01138788766280188 -0.017288539461093766 0.020963644777540424 -0.0025355584228699225 -0.019015664684892734 0.0002829338778574474 0.0037895566987686071 -0.0035152046357187711 0.0057685890053187578 0.022917855306251567 -0.011744085040996988 0.0088961472580121742 0.00013388338465313544
leaf_weight=19.599144353996962 3.8297181014204389 9.8062244448810834 1.5597005489980782 6.433816267643123 7.2165917279198775 60.601118219550699 97.299181551323272 44.044565060175955 14.964543296955526 1.7244836390018465 2.9443637410877272 1.8570983777754007
leaf_count=331 478 90 34 85 49 388 1250 299 95 26 46 32
internal_value=0.000951663 0.00165311 0.0127092 0.00052051 0.00425357 -0.000380388 -0.00207092 -0.000427392 0.0176411 -0.00149999 0.00486506 -0.00847591
internal_weight=271.881 268.051 17.8919 250.159 102.381 80.2003 147.778 141.344 22.1811 8.08565 4.50406 3.58158
internal_count=3203 2725 228 2497 863 719 1634 1549 144 138 80 58
is_linear=0
shrinkage=0.0435066


Tree=103
num_leaves=24
num_cat=0
split_feature=4 0 4 17 16 10 16 8 4 11 14 27 16 16 23 2 10 11 11 11 10 4 4
split_gain=2.47258 1.96395 2.467 2.41315 2.18562 2.09499 1.90899 1.56001 1.90997 1.5091 1.03608 1.02765 0.93674 0.91928 0.907599 0.769838 0.539986 0.34867 0.348559 0.287227 0.205253 0.113656 0.0954047
threshold=39.45000000000001 1350.0000000000002 34.45000000000001 46.578671328671341 12.500000000000002 0.16374829001367988 15.500000000000002 2021.5000000000002 40.45000000000001 0.031372549019607808 1.5000000000000002 3.5000000000000004 10.500000000000002 12.500000000000002 1.5000000000000002 2.5000000000000004 0.13263888888888889 0.040833333333333312 0.081666666666666665 0.044949494949494906 0.15677668539325842 41.45000000000001 34.850000000000001
decision_type=2 2 2 2 2 2 2 2 2 2 2 2 2 2 2 2 2 2 2 2 2 2 2
left_child=1 2 15 12 5 -4 10 13 -9 -8 -5 -6 22 19 -14 -1 -15 -10 -19 -2 -17 -21 -3
right_child=7 3 4 6 11 -7 9 8 17 -11 -12 -13 14 16 -16 20 -18 18 -20 21 -22 -23 -24
leaf_value=0.0042838677334105157 -0.0042470159850910199 0 -0.01194399306022037 -0.01964531718468358 0 0.0080298762909770931 0.013233624036152886 -0.014384453991231373 0.013117011136465503 -0.0079229219140164783 -0.0029299060756529803 0.018604445663417048 0.0035789038282607638 0.0011138056098987542 -0.0078649328019130202 0 0.021991794375851029 -0.0041977409527255488 0.0065653132484304938 0 -0.012353960524403651 0.0078111471972351102 -0.011853674704328817
leaf_weight=3.6336997845210162 3.2900069281458872 0.93987401342019339 11.08245488908142 25.731517995649483 7.4847271300386664 16.190136156510562 5.6156760230660421 5.3722805061843273 4.0396602004766455 6.8247375057544559 14.312206742528359 24.515058792429045 75.958822972374037 4.6366834826767471 8.9181205118074995 2.4661461680661914 14.64710752898827 5.986716900020836 3.7079773116856813 3.2076754339504987 13.734109942102803 3.4181823153048754 5.319105459144339
leaf_count=29 31 18 152 480 69 256 31 69 21 83 254 170 845 33 80 21 92 41 28 36 168 20 176
internal_value=0.000815241 -0.00115039 0.00408652 -0.00415416 0.00842356 -0.000526771 -0.011013 0.00912136 -0.000305738 0.00236218 -0.0151336 0.0151117 0.000163959 0.0145022 0.00179121 -0.00737004 0.0189115 0.00756064 0.000281904 0.0012151 -0.0109064 0.0054547 -0.0107721
internal_weight=271.033 222.726 79.1063 143.62 59.2724 27.2726 52.4841 48.3063 19.1066 12.4404 40.0437 31.9998 91.1359 29.1997 84.8769 19.834 19.2838 13.7344 9.69469 9.91586 16.2003 6.62586 6.25898
internal_count=3203 2832 865 1967 647 408 848 371 159 114 734 239 1119 212 925 218 125 90 69 87 189 56 194
is_linear=0
shrinkage=0.0435066


Tree=104
num_leaves=22
num_cat=0
split_feature=4 6 6 5 16 16 17 27 17 14 7 6 5 7 18 17 9 16 17 8 6
split_gain=2.61786 2.87829 3.34063 2.63198 1.91392 1.78805 3.0037 1.78743 1.7588 1.66377 1.35609 1.71293 1.2662 1.22342 0.689902 0.614069 0.510035 0.654549 0.393145 0.0743588 0.0732336
threshold=39.150000000000013 74.200000000000003 70.450000000000017 186.60000000000005 13.500000000000002 15.500000000000002 36.600000000000009 3.5000000000000004 46.578671328671341 1.5000000000000002 2.5000000000000004 115.45000000000002 35.550000000000004 4.5000000000000009 13.500000000000002 73.641071428571436 0.029513888888888853 12.500000000000002 76.935714285714297 2021.5000000000002 109.45000000000002
decision_type=2 2 2 2 2 2 2 2 2 2 2 2 2 2 2 2 2 2 2 2 2
left_child=1 2 5 8 19 9 -7 -6 13 -1 11 20 -10 -3 -5 16 -12 -18 -17 -4 -2
right_child=10 3 4 14 7 6 -8 -9 12 -11 15 -13 -14 -15 -16 18 17 -19 -20 -21 -22
leaf_value=0.0046961054371886237 0 -0.0068706874807387842 -0.0062955517105142368 -0.001163120800142844 0 0.0084066432305690778 -0.022616588118881443 0.027861356339682269 -0.0038563125509213972 -0.013041393269062418 0.00024567968093969298 0.011172857440149411 -0.021996735825950232 0.0055189811375060231 0.014227478443820159 -0.005828539787509533 0.0003421730176596161 0.017925906705543958 0.006309256483716141 0 -0.015194005490967454
leaf_weight=65.580054363119416 1.9715467789210359 42.726194267394021 2.0718759659212114 5.8218037998303753 6.4604635518044242 4.6257766578346482 8.9496116824448091 12.225486990064383 16.950630595965777 5.0545897488482288 6.463558671064674 2.6312349326908588 19.400118618039414 15.247553462744689 7.349969367031008 4.0946071846410623 6.2138108983635894 26.117865483276546 3.1213672887533903 1.8387590243946759 4.1901258321013302
leaf_count=597 23 699 38 43 45 34 130 53 502 125 47 13 223 186 36 40 62 190 23 31 63
internal_value=0.000878927 -0.00131125 0.00358544 -0.00619171 0.0163077 -0.000643542 -0.0122462 0.0210482 -0.00881458 0.0023019 0.00883671 -0.00390007 -0.0156449 -0.00322751 0.00878 0.0116444 0.0135217 0.0154301 0 -0.00437575 -0.0135656
internal_weight=269.107 214.303 106.807 107.496 22.5966 84.21 13.5754 18.686 94.3245 70.6346 54.8041 8.79291 36.3507 57.9737 13.1718 46.0112 38.7952 32.3317 7.21597 3.91063 6.16167
internal_count=3203 2742 1053 1689 167 886 164 98 1610 722 461 99 725 885 79 362 299 252 63 69 86
is_linear=0
shrinkage=0.0435066


Tree=105
num_leaves=16
num_cat=0
split_feature=16 4 21 4 0 5 16 6 6 11 1 2 2 4 6
split_gain=2.82486 2.6539 2.71654 2.40006 3.45072 3.03667 2.35558 1.832 1.4419 0.671893 0.364687 0.258558 0.278405 0.256478 0.143936
threshold=11.500000000000002 41.45000000000001 1.0000000180025095e-35 35.150000000000013 1900.0000000000002 108.30000000000001 13.500000000000002 60.150000000000013 109.25000000000001 0.12931995540691191 7.5000000000000009 1.5000000000000002 9.5000000000000018 36.95000000000001 111.35000000000001
decision_type=2 2 2 2 2 2 2 2 2 2 2 2 2 2 2
left_child=9 2 3 5 -5 -2 7 -4 -8 10 11 -1 -13 -11 -3
right_child=1 14 6 4 -6 -7 8 -9 -10 13 -12 12 -14 -15 -16
leaf_value=0 0.00063738948960040669 0.0022559243038427139 -0.012357679836122713 0.014445225118243636 -0.0022110747076651972 -0.024410755506170986 -0.016525363762044713 0.0068991756818006155 0.0012446098620186407 -0.0045032264543202272 8.8146567810203159e-05 -0.020037578397651138 -0.0004097152531904345 0.006123239659314079 0.017921118768522076
leaf_weight=1.8560834813397473 63.516059034038335 5.1533517278730896 6.3009600224904707 50.692398609244265 35.836956997402012 4.0081727467477313 32.211394755053334 27.493448212509975 8.7022030949592573 1.4358678362332278 1.3176592523232091 13.1496994959889 2.9185355659574261 2.3006690798792988 11.117167599499224
leaf_count=44 632 32 150 489 383 27 513 332 71 79 20 314 37 39 57
internal_value=-0.000156699 0.00130423 -6.06561e-05 0.00317864 0.0077669 -0.00273109 -0.00658344 0.00164154 -0.0128817 -0.012923 -0.0155033 -0.0167795 -0.0180654 0.000790624 0.0154656
internal_weight=268.011 245.032 228.762 154.054 86.5294 67.5242 74.708 33.7944 40.9136 22.9785 19.242 17.9243 16.0682 3.73654 16.2705
internal_count=3219 2686 2597 1531 872 659 1066 482 584 533 415 395 351 118 89
is_linear=0
shrinkage=0.0435066


Tree=106
num_leaves=15
num_cat=0
split_feature=16 4 21 5 5 17 10 5 3 10 1 4 17 10
split_gain=2.54586 2.44208 2.38981 2.49291 3.13511 2.07711 2.15014 1.91626 1.05944 0.653682 0.448075 0.37571 0.0832559 0.0257993
threshold=11.500000000000002 41.45000000000001 1.0000000180025095e-35 33.150000000000013 35.650000000000013 35.074404761904766 0.18734335839598995 18.550000000000004 52.500000000000007 0.31123737373737376 7.5000000000000009 36.95000000000001 20.523076923076925 0.17846085802742148
decision_type=2 2 2 2 2 2 2 2 2 2 2 2 2 2
left_child=9 2 3 7 -5 6 -4 -2 -7 10 12 -11 -1 -3
right_child=1 13 5 4 -6 8 -8 -9 -10 11 -12 -13 -14 -15
leaf_value=0 0.00083889846939443817 0.017233176610152785 -0.0078526162899980167 -0.014799415098398367 0.0026489880915105987 0.0022181694945646959 0.01630078550745993 0.018709198288852535 -0.012134936699042795 -0.0058080132796684055 0.00078040326962870135 0.0069478893629060139 -0.017514244357679173 0.0034646433892413383
leaf_weight=1.5863116332329905 22.739823561860248 9.6103186160326022 7.0527854471001765 17.656802955083549 93.144111209083349 8.1881578110624087 8.3833251541946066 20.694935811450705 50.628461499291006 1.6555975840892632 1.2860423778183747 2.5636645024642348 15.630645010853184 6.5517763793468466
leaf_count=35 543 49 105 222 555 122 119 211 720 92 20 41 345 40
internal_value=-0.000314718 0.00107023 -0.000231457 0.00279915 -0.000713298 -0.00636919 0.00575116 0.0108851 -0.00996066 -0.0124859 -0.015216 0.000517172 -0.0167214 0.0146952
internal_weight=267.373 244.65 228.488 154.236 110.801 74.2527 15.4361 43.4348 58.8166 22.7223 18.503 4.21926 17.217 16.1621
internal_count=3219 2686 2597 1531 777 1066 224 754 842 533 400 133 380 89
is_linear=0
shrinkage=0.0435066


Tree=107
num_leaves=21
num_cat=0
split_feature=4 0 6 0 5 5 3 4 5 16 16 6 7 16 6 6 4 17 17 9
split_gain=2.88845 2.82495 3.07684 2.53236 2.30791 3.34944 2.08722 1.96056 1.94711 3.22969 1.79016 2.28568 3.77093 2.55072 1.72211 1.12815 0.492752 0.582303 0.316427 0.132222
threshold=38.350000000000001 1550.0000000000002 69.65000000000002 1750.0000000000002 41.650000000000013 205.75000000000003 54.500000000000007 34.550000000000004 219.15000000000003 15.500000000000002 12.500000000000002 110.65000000000002 3.5000000000000004 13.500000000000002 60.650000000000013 126.25000000000001 40.650000000000013 54.708333333333336 26.793831168831172 0.056438791732909353
decision_type=2 2 2 2 2 2 2 2 2 2 2 2 2 2 2 2 2 2 2 2
left_child=1 2 7 18 6 -6 -5 -1 9 -4 16 12 13 -12 -9 -13 17 -2 -3 -18
right_child=10 3 8 4 5 -7 -8 14 -10 -11 11 15 -14 -15 -16 -17 19 -19 -20 -21
leaf_value=-0.021325347972326394 -0.014001221517977294 0 0.0014079830239530253 -0.011675629670160479 -0.020730064078128291 0.0070532427598983182 0.0062043387995066191 -0.010917450350174563 -0.010137839417481592 0.021167264213860823 0.0093047882878153389 0.023744653673716636 0.018704616738407571 -0.014322352546439928 0.0081678659362235412 0 -0.0016592585866172524 0.0029200171166350966 -0.021554811114630021 0.0050127375789456368
leaf_weight=7.1117118853144374 5.588705087080597 1.3421740541234637 41.688893797225319 10.000883475993758 19.12782948627137 7.5316584445536128 41.798517068615183 9.5915948214242253 5.136232938617467 20.930544322822243 7.3701099227182594 16.28369791246951 10.428476826287804 18.07016394357197 13.565688903676344 4.6487318514846256 3.9323057495057565 1.6234006099402902 16.995076231949497 4.1492261476814747
leaf_count=124 114 29 527 284 180 36 477 207 30 133 71 86 73 259 134 44 29 16 338 28
internal_value=-0.000208131 -0.00299961 0.00208706 -0.00805505 -0.00371336 -0.0127337 0.00166056 -0.00822232 0.0071456 0.0095309 0.00683043 0.0102111 0.00221837 -0.00666069 -5.92868e-05 0.0197618 -0.00456304 -0.00988062 -0.0203819 0.00178486
internal_weight=266.916 194.821 98.0247 96.7961 78.4589 26.6595 51.7994 30.269 67.7557 62.6194 72.0948 56.8012 35.8688 25.4403 23.1573 20.9324 15.2936 7.21211 18.3373 8.08153
internal_count=3219 2499 1155 1344 977 216 761 465 690 660 720 533 403 330 341 130 187 130 367 57
is_linear=0
shrinkage=0.0435066


Tree=108
num_leaves=22
num_cat=0
split_feature=4 0 6 21 16 6 7 16 4 6 25 4 9 16 4 6 9 4 17 1 17
split_gain=2.63131 2.78949 3.45872 1.96478 1.63666 1.92233 2.62588 1.90144 1.61924 1.53467 1.41103 2.25483 1.99826 1.18939 1.13414 0.937178 0.570481 0.408399 0.378872 0.395383 0.235811
threshold=38.350000000000001 1350.0000000000002 69.65000000000002 1.0000000180025095e-35 12.500000000000002 110.65000000000002 3.5000000000000004 13.500000000000002 34.550000000000004 60.650000000000013 1.5000000000000002 35.95000000000001 0.13484848484848483 13.500000000000002 34.150000000000013 126.25000000000001 0.038967611336032361 42.150000000000013 53.665416666666673 1.5000000000000002 26.793831168831172
decision_type=2 2 2 2 2 2 2 2 2 2 2 2 2 2 2 2 2 2 2 2 2
left_child=1 2 8 10 17 6 7 -6 -1 -10 12 -12 -3 16 -15 -7 -4 18 19 -2 -5
right_child=4 3 13 20 5 15 -8 -9 9 -11 11 -13 -14 14 -16 -17 -18 -19 -20 -21 -22
leaf_value=-0.019358719107078454 9.341708831082674e-05 -0.014315754608534133 0.0056051711808856805 0 0.0084183982139966473 0.022238472614302951 0.01606957802174401 -0.012008354743161675 -0.010212276785960567 0.0078589394916027521 -0.0056064133900304135 0.0097968686132764871 0.0082997751791335558 0.0012034110912876618 0.017032556577940981 0 -0.0096420307996131788 0.0034425792922195058 0.0021516400554481858 -0.013940752461270607 -0.019551150664620921
leaf_weight=6.8651227650698301 3.3110271482728404 29.345431386609562 1.7127575383055944 1.2988453479483748 7.221731933765116 15.961816776543857 10.180062711704521 17.70286369882524 9.5269555872073415 13.424549025949089 42.683174891164526 21.838978917454369 4.143899035290814 14.917004333809016 26.658187496941537 4.6384668080136171 4.3075927041936666 3.4463253989815703 2.0264770518988362 6.3720003699418157 16.338072840939276
leaf_count=124 47 399 19 29 71 86 73 259 207 134 536 270 69 107 178 44 86 20 20 100 341
internal_value=-0.000307822 -0.00297592 0.00317441 -0.00712497 0.00646966 0.00974809 0.00223754 -0.00525134 -0.00732611 0 -0.00394992 0 -0.0103694 0.0100288 0.0124952 0.0185618 -0.00384208 -0.00442326 -0.0076941 -0.010413 -0.018526
internal_weight=263.921 193.061 77.4122 115.648 70.8608 55.7049 35.1047 24.9246 29.8166 22.9515 98.0115 64.5222 33.4893 47.5955 41.5752 20.6003 6.02035 15.1558 11.7095 9.68303 17.6369
internal_count=3219 2499 855 1644 720 533 403 330 465 341 1274 806 468 390 285 130 105 187 167 147 370
is_linear=0
shrinkage=0.0435066


Tree=109
num_leaves=22
num_cat=0
split_feature=16 6 6 0 6 6 6 16 22 10 2 2 1 8 6 6 6 23 2 14 3
split_gain=2.88755 1.79082 3.03981 2.18387 1.793 2.17657 1.72703 1.81124 0.67474 0.673916 0.619379 0.612091 0.457045 0.438591 0.415146 0.26138 0.252465 0.240083 0.124195 0.115065 0.0357888
threshold=11.500000000000002 69.65000000000002 74.200000000000003 2200.0000000000005 89.950000000000017 102.85000000000001 59.95000000000001 15.500000000000002 1.5000000000000002 0.31123737373737376 7.5000000000000009 12.500000000000002 7.5000000000000009 2016.5000000000002 94.40000000000002 114.05000000000001 90.850000000000009 1.5000000000000002 3.5000000000000004 1.5000000000000002 56.500000000000007
decision_type=2 2 2 2 2 2 2 2 2 2 2 2 2 2 2 2 2 2 2 2 2
left_child=9 3 13 6 18 -6 8 -8 -2 12 20 -12 14 -3 16 17 -1 -11 -4 -15 -5
right_child=1 2 4 10 5 -7 7 -9 -10 15 11 -13 -14 19 -16 -17 -18 -19 -20 -21 -22
leaf_value=-0.006516734816169184 -0.021946258104504755 0.000156954160662515 0 0.011707803758583756 0.013446393720803937 -0.0004109462533710348 0.0056623178350505531 -0.014432887531204249 0 -0.0082802354906253636 -0.0080823738516297532 0.0045123212061416295 0.00061503935361763968 0.018466600012209639 -0.021479497760391302 0.00626527063963901 0.0033804464796848097 0.0027648956817577465 -0.017141945682971803 0.0031481606310874576 0.00085715806974251396
leaf_weight=4.6731240943772816 13.256884064991025 4.9386128624901202 1.6460901332320634 6.6365518579259533 19.233414429472759 119.42958575324155 17.262524102581668 6.5944580570794633 2.3071738174185148 1.7876338150817894 6.5233948267996338 9.6373959947377426 1.299994762521236 19.503566778264943 10.741686024819499 1.7887972954194991 1.813687016488984 0.6311685312539338 4.1041989938821644 5.9579948966857037 4.0414983183145523
leaf_count=114 199 54 23 38 177 1480 187 96 27 98 55 63 20 111 241 29 25 6 79 63 34
internal_value=-0.000296335 0.00120076 0.00351838 -0.00454295 0.000571084 0.00195908 -0.0104774 -0.00146558 -0.0193254 -0.0132457 0.00421568 -0.000989107 -0.0159944 0.0146741 -0.0174967 0.000283237 -0.00266762 -0.00435639 -0.0153379 0.0165691 0.0100681
internal_weight=263.809 241.073 174.813 66.2599 144.413 138.663 39.421 23.857 15.5641 22.7361 26.8388 16.1608 18.5285 30.4002 17.2285 4.2076 6.48681 2.4188 5.75029 25.4616 10.6781
internal_count=3219 2686 1987 699 1759 1657 509 283 226 533 190 118 400 228 380 133 139 104 102 174 72
is_linear=0
shrinkage=0.0435066


Tree=110
num_leaves=20
num_cat=0
split_feature=5 4 21 7 5 5 11 23 11 16 5 4 11 0 5 1 0 5 5
split_gain=2.08438 2.59538 1.77157 1.67901 4.07305 3.09227 2.74887 1.84408 2.14744 1.38039 1.3324 1.04187 1.02145 0.648911 0.595981 0.45417 0.187441 0.171521 0.0312113
threshold=8.5500000000000025 37.650000000000013 1.0000000180025095e-35 3.5000000000000004 38.850000000000001 46.750000000000007 0.067496392496392457 1.0000000180025095e-35 0.054093567251461951 11.500000000000002 324.95000000000005 41.050000000000004 0.071067821067821071 2500.0000000000005 20.350000000000005 5.5000000000000009 1350.0000000000002 2.6500000000000008 7.5500000000000007
decision_type=2 2 2 2 2 2 2 2 2 2 2 2 2 2 2 2 2 2 2
left_child=11 3 9 7 6 -6 -5 10 -9 -3 -2 16 15 -11 -14 -4 17 -1 -19
right_child=1 2 12 4 5 -7 -8 8 -10 13 -12 -13 14 -15 -16 -17 -18 18 -20
leaf_value=0.003144282342792324 -0.015750824824700659 -0.0025528547088421298 0.0076066106116249397 -0.010108223613286768 0.023139356461984749 0.00080238346909556561 0.009780795481789839 0.01024066519754098 -0.010999459940896034 0.022149502808392559 0.0046256064003817512 0.0041156532059710262 0.0034142072054275086 0.00053331555350104266 -0.0099018159250540555 -0.00260017635791612 -0.018009539003099522 -0.0059580134362405539 0
leaf_weight=0.75398999149911716 33.943416259950027 4.3536824346520033 28.329640548210591 53.594393296167254 14.023459187243132 30.839019179809839 10.759938920382409 14.602183162700387 9.0980366587173176 15.521574746817352 3.3292899131774893 2.5849985443055621 4.3327871217625242 4.4649770427495232 11.896225791890172 5.5450568231753996 12.663955285097471 3.8134010500507429 0.76793261594139028
leaf_count=31 453 50 274 547 57 222 147 116 128 84 15 21 73 38 128 68 582 159 25
internal_value=-0.000843414 0.000375137 0.00685105 -0.00254873 0.000662708 0.01003 -0.0060471 -0.00795896 0.00113993 0.0151098 -0.0132832 -0.0123048 0.00138375 0.019019 -0.00594428 0.00553651 -0.015541 -0.00215119 -0.00526483
internal_weight=265.218 244.634 74.4439 170.19 109.217 44.8625 64.3543 60.9729 23.7002 24.3402 37.2727 20.5843 50.1037 19.9866 16.229 33.8747 17.9993 5.33532 4.58133
internal_count=3218 2400 715 1685 973 279 694 712 244 172 468 818 543 122 201 342 797 215 184
is_linear=0
shrinkage=0.0435066


Tree=111
num_leaves=17
num_cat=0
split_feature=5 4 16 21 7 5 9 4 5 5 4 11 25 5 3 4
split_gain=2.12052 2.14538 1.65614 2.40525 1.33718 3.38931 3.42648 1.93813 1.63464 2.18053 0.977854 0.801182 0.499855 0.144643 0.0567072 0.0089498
threshold=8.5500000000000025 37.650000000000013 10.500000000000002 1.0000000180025095e-35 3.5000000000000004 36.650000000000013 0.07669789227166271 36.850000000000001 324.95000000000005 36.850000000000001 41.050000000000004 0.04880952380952381 1.0000000180025095e-35 2.0500000000000003 53.500000000000007 40.350000000000001
decision_type=2 2 2 2 2 2 2 2 2 2 2 2 2 2 2 2
left_child=10 4 14 12 8 6 -6 -7 9 -2 13 -5 -4 -1 -3 -15
right_child=1 2 3 11 5 7 -8 -9 -10 -11 -12 -13 -14 15 -16 -17
leaf_value=0 0.00091788817584439021 0 0.00091312246343570652 0.0073141837353190653 -0.013010688480007176 0.0097785162366168608 0.010877546158389984 -0.010035207141180721 0.009137413310763353 -0.015394363188597375 0.003691408378503569 -0.0025923675603732629 0.021021025071436886 -0.016713721254223129 -0.012142387014947605 0
leaf_weight=0.87309775897302344 22.070932516711764 2.0025127362459889 4.474717170000079 21.000607066787779 38.583889311295934 55.552421906031668 9.2699775705113989 5.0932730045169583 4.6316155418753615 34.405723314965144 2.5470135081559411 27.937640691874549 17.068625709041953 15.686265142925551 2.1505105977412313 1.0178949909750361
leaf_count=57 387 21 38 208 489 314 121 49 20 305 21 311 94 726 43 14
internal_value=-0.000864637 0.000357269 0.00623549 0.00815404 -0.00230722 0.000567688 -0.00744882 0.00715225 -0.00712345 -0.00942421 -0.0125324 0.0018371 0.0183855 -0.0156639 -0.0104741 -0.016321
internal_weight=264.367 244.242 74.6346 70.4816 169.608 108.5 47.8539 60.6457 61.1083 56.4767 20.1243 48.9382 21.5433 17.5773 4.15302 16.7042
internal_count=3218 2400 715 651 1685 973 610 363 712 692 818 519 132 797 64 740
is_linear=0
shrinkage=0.0435066


Tree=112
num_leaves=17
num_cat=0
split_feature=18 3 7 4 5 4 5 5 17 5 2 4 2 2 4 4
split_gain=2.3423 1.60923 2.57902 3.08006 2.20071 1.66613 2.91068 2.86361 1.16124 1.19904 1.12277 1.98432 0.808402 0.764437 0.464719 0.067118
threshold=13.500000000000002 52.500000000000007 3.5000000000000004 42.150000000000013 247.70000000000002 35.750000000000007 68.90000000000002 34.650000000000013 35.735267857142865 13.450000000000001 7.5000000000000009 36.350000000000001 3.5000000000000004 10.500000000000002 36.95000000000001 36.850000000000001
decision_type=2 2 2 2 2 2 2 2 2 2 2 2 2 2 2 2
left_child=1 8 3 4 -3 7 -7 -4 9 -1 11 -2 15 -14 -12 -10
right_child=10 2 5 -5 -6 6 -8 -9 12 -11 14 -13 13 -15 -16 -17
leaf_value=0.0078959282424459747 -0.014144557804842566 -0.013822726744485805 -0.016489502799706571 0.010455135713490118 0.010859801358185215 0.013369452737981128 -0.0075788045149935111 0.0014283420798575932 -0.005090217980682832 -0.013594936097212214 0.018389493534049041 0.010902481347143519 0.015840654523247615 -0.00071268107711763514 0.00043416611639151171 0.00018373585114841884
leaf_weight=2.3647632182110092 4.7159985695034283 73.773502574302256 16.565150315291248 7.6546167470514765 2.2813156247138968 30.151151792728342 13.280362993478773 56.685498319100589 1.9803829481825257 5.1143301213160157 12.0991432312876 6.2227085176855326 17.106496367487129 4.65325679257512 4.9592955177649847 2.1802256966475397
leaf_count=51 30 1329 348 43 12 391 117 383 46 70 58 44 174 70 29 23
internal_value=-0.000790327 -0.00232836 -0.00384769 -0.00937617 -0.0121617 0.000322923 0.00660922 -0.0035135 0.005675 -0.00556763 0.00977582 -0.000568215 0.00969632 0.0125961 0.0151597 -0.00295786
internal_weight=261.788 233.791 200.392 83.7094 76.0548 116.682 43.4315 73.2506 33.3995 7.47909 27.9971 10.9387 25.9204 21.7598 17.0584 4.16061
internal_count=3218 3057 2623 1384 1341 1239 508 731 434 121 161 74 313 244 87 69
is_linear=0
shrinkage=0.0435066


Tree=113
num_leaves=27
num_cat=0
split_feature=4 5 7 4 3 5 5 1 5 4 5 17 27 11 10 5 10 9 6 7 9 6 4 6 6 17
split_gain=1.89382 3.07495 3.3907 3.12934 2.56283 2.2636 1.62729 3.77922 2.33967 2.02811 2.28956 1.91613 1.58393 1.70444 1.26758 0.996463 0.984267 1.23467 0.813025 0.739479 0.63663 0.491454 0.419579 0.324003 0.199333 0.381995
threshold=35.750000000000007 111.45 3.5000000000000004 39.550000000000004 53.500000000000007 68.90000000000002 34.650000000000013 2.5000000000000004 38.850000000000001 34.350000000000001 18.550000000000004 47.693452380952394 2.5000000000000004 0.031372549019607808 0.13118961352657002 34.95000000000001 0.27126436781609192 0.017148526077097454 109.25000000000001 2.5000000000000004 0.033520599250936305 106.55000000000001 34.650000000000013 70.050000000000011 145.05000000000004 35.735267857142865
decision_type=2 2 2 2 2 2 2 2 2 2 2 2 2 2 2 2 2 2 2 2 2 2 2 2 2 2
left_child=6 2 3 4 -2 14 9 8 15 24 22 -10 13 -3 -4 -8 17 -9 -15 -5 -14 -7 -11 -12 25 -1
right_child=1 12 5 19 -6 21 7 16 11 10 23 -13 20 18 -16 -17 -18 -19 -20 -21 -22 -23 -24 -25 -26 -27
leaf_value=0 0.00034066713044273957 0.012630288018401929 -0.0050310740260303688 -0.0053941309346336964 -0.019251028674439809 0.001651558093391916 0.0092424249949236929 0.00079241776945303255 0.020734080889861627 0 0.01342768121403771 -0.0030440109231646777 0.00085135405056006169 -0.013804770705418131 0.015260983411246294 -0.005352934130942265 0.00057121448193373197 -0.02460272764126482 0.0027186774590971336 0.0078784841405721579 0.020962215269515336 -0.013063310938680038 -0.016412402947290978 0 -0.00042424061896184667 -0.028334537803383415
leaf_weight=1.3096487456932662 17.116849592304789 7.0668710209429291 2.9022891107015338 5.0554348027799305 31.473178896412719 3.2242968734353772 4.7603788124397388 3.1451133992522982 13.987322288565339 2.4405424924334529 5.2722942316904646 6.1944274201523504 5.2886520978063372 6.7465167734771949 29.091524737537839 33.405271043535322 4.0305926373694083 10.659726812969891 5.2381201535463333 20.523122741375118 17.206645537167788 4.3849653787910938 7.3000912257120945 4.2530547436326742 1.6676215119659907 6.9424702096730471
leaf_count=38 285 42 51 64 695 23 38 27 56 64 39 43 41 63 361 245 29 107 40 172 103 48 320 68 15 141
internal_value=-0.00085588 0.00213142 -0.0016037 -0.0069729 -0.0129425 0.00779777 -0.005217 -0.00135181 0.00411471 -0.0129357 -0.00202976 0.014097 0.0113998 0.000798898 0.0126188 -0.00222457 -0.0159642 -0.0199226 -0.00762465 0.0043788 0.0178346 -0.00822968 -0.0134194 0.00970938 -0.0243015 -0.0261284
internal_weight=260.687 155.318 113.772 74.1686 48.59 39.6031 105.369 76.1828 58.3474 29.1857 19.266 20.1817 41.5468 19.0515 31.9938 38.1656 17.8354 13.8048 11.9846 25.5786 22.4953 7.60926 9.74063 9.52535 9.91974 8.25212
internal_count=3218 1988 1699 1216 980 483 1230 545 382 685 491 99 289 145 412 283 163 134 103 236 144 71 384 107 194 179
is_linear=0
shrinkage=0.0435066


Tree=114
num_leaves=15
num_cat=0
split_feature=18 4 6 4 7 6 2 11 2 9 17 17 6 0
split_gain=1.86577 1.37209 1.98367 2.18937 1.74885 1.87995 1.35211 1.00119 1.66157 0.651388 0.612815 0.590007 2.15896 1.01504
threshold=13.500000000000002 39.150000000000013 72.65000000000002 36.850000000000001 3.5000000000000004 107.95000000000002 17.500000000000004 0.071067821067821071 6.5000000000000009 0.13484848484848483 27.731190476190481 53.22403846153847 110.85000000000001 2200.0000000000005
decision_type=2 2 2 2 2 2 2 2 2 2 2 2 2 2
left_child=1 2 3 6 9 -6 -1 8 -2 -4 -3 13 -13 -12
right_child=7 10 4 -5 5 -7 -8 -9 -10 -11 11 12 -14 -15
leaf_value=-0.0040437256060471731 -0.0030889840144215082 -0.0060681253109636946 -0.015938900122405369 0.01475179926283952 -0.012092303680549312 0.0033390827242729716 0.013409692956215583 -0.0031167335150871275 0.01861966057532112 0 0.0130627079880544 -0.010900943213325897 0.012158092663175312 -0.004128674489385661
leaf_weight=77.764994816854596 6.4055874682962957 3.9578882078640154 38.388793716439977 10.330313994549213 16.646821475937031 35.169450469315052 2.7686181254684916 6.7792617846280327 14.089894184842704 4.9383208576473399 19.033321496332068 10.297166630625727 7.6126314848661414 4.2193880155682555
leaf_count=901 43 53 814 72 273 387 10 48 70 163 166 129 52 37
internal_value=-0.00118608 -0.00255203 -0.00421126 0.000330947 -0.00839138 -0.0022429 -0.00236903 0.00835084 0.0123537 -0.0142878 0.00376124 0.00561783 -5.84955e-05 0.00938394
internal_weight=258.402 231.128 186.007 90.8639 95.1434 51.8163 80.5336 27.2747 20.4955 43.3271 45.1204 41.1625 17.9098 23.2527
internal_count=3218 3057 2620 983 1637 660 911 161 113 977 437 384 181 203
is_linear=0
shrinkage=0.0435066


Tree=115
num_leaves=18
num_cat=0
split_feature=13 7 25 21 11 10 11 10 5 7 18 17 17 0 3 11 11
split_gain=2.21355 1.96431 2.07865 2.18553 1.73628 1.95375 1.89774 1.64025 1.24237 1.15618 0.442118 0.330913 0.386524 0.158023 0.120392 0.118234 0.0496899
threshold=1.0000000180025095e-35 2.5000000000000004 1.5000000000000002 1.0000000180025095e-35 0.046256684491978554 0.16204051012753187 0.21000000000000005 0.14511278195488717 34.650000000000013 4.5000000000000009 11.500000000000002 32.600000000000009 30.531818181818185 2500.0000000000005 51.500000000000007 0.072478991596638606 0.026671408250355601
decision_type=2 2 2 2 2 2 2 2 2 2 2 2 2 2 2 2 2
left_child=1 10 4 8 5 -3 -6 -5 -4 13 11 12 -1 14 -2 16 -11
right_child=9 2 3 7 6 -7 -8 -9 -10 15 -12 -13 -14 -15 -16 -17 -18
leaf_value=-0.0073382772772175656 0 0.011611564090089059 0.00064697791742592534 -0.010369488442313786 -0.017167494100113888 -0.010284452922200298 0.0080006250341005045 0.0024520752080067188 0.011198588755022228 0.00065085999911496301 0.00088194937562787519 -0.01682800275480574 0.0047341725411994759 0 -0.021776396645881671 0.005229678788385996 -0.0040096131936058653
leaf_weight=3.5734753436408964 0.69339053751900426 12.30033419840038 33.447389155626297 20.048345120623708 20.101456776726994 6.5215878235176197 2.4841060703620306 57.727506309282035 68.72875857912004 0.63940933253616028 2.7694021202623835 8.8507772670127434 3.0605940949171782 0.62952323700301427 7.7403586249565706 2.218013062607497 0.84464100061450154
leaf_count=79 39 92 410 208 224 66 21 600 412 20 19 145 32 29 678 67 42
internal_value=-0.000346542 0.000735239 0.00201901 0.00407917 -0.00606123 0.00293351 -0.0128815 -0.00127962 0.00808307 -0.0145604 -0.0108614 -0.0130586 -0.00141678 -0.020003 -0.020904 0.00203755 -0.00184813
internal_weight=252.379 239.614 221.359 179.952 41.4075 18.8219 22.5856 77.7759 102.176 12.7653 18.2542 15.4848 6.63407 9.06327 8.43375 3.70206 1.48405
internal_count=3183 2308 2033 1630 403 158 245 808 822 875 275 256 111 746 717 129 62
is_linear=0
shrinkage=0.0435066


Tree=116
num_leaves=21
num_cat=0
split_feature=5 14 10 4 18 3 5 18 10 5 4 21 23 4 10 4 5 7 4 4
split_gain=2.29062 1.57979 2.72414 2.23655 2.73681 1.60097 1.47716 1.56258 1.46962 1.22548 0.954748 1.56697 0.923012 0.603179 0.580086 0.363222 0.268819 0.231049 0.080046 0.0140937
threshold=9.9500000000000011 1.5000000000000002 0.20169491525423733 35.650000000000013 12.500000000000002 52.500000000000007 223.60000000000002 4.5000000000000009 0.15677668539325842 4.3500000000000005 36.250000000000007 1.0000000180025095e-35 1.0000000180025095e-35 41.95000000000001 0.32882882882882886 37.050000000000004 3.3500000000000001 5.5000000000000009 38.750000000000007 35.550000000000004
decision_type=2 2 2 2 2 2 2 2 2 2 2 2 2 2 2 2 2 2 2 2
left_child=9 2 3 5 -5 -2 7 -3 -9 12 11 -4 16 17 -12 19 -1 -11 -18 -14
right_child=1 6 10 4 -6 -7 -8 8 -10 13 14 -13 15 -15 -16 -17 18 -19 -20 -21
leaf_value=-0.011776493289445432 0.0014816804378301237 0.010016133324129661 0.0067065629881129943 -0.0058049436880107438 0.011782467251560368 -0.024524441560395051 0.0079629243793956778 0 -0.017354949970266587 -0.020218267599040923 0.014682197994965172 -0.006975058433380683 -0.0025318462572403609 0.0016801134848385322 0 0.013188947758607648 -0.0019572568371480576 0 0.0041178952276359091 0
leaf_weight=2.3401115839369613 4.6400921200402063 1.9109314552042622 60.860883087851107 39.260975355282426 19.816834351979196 6.9309849122073501 6.5769104324281207 15.158724254462866 21.480017802910879 12.779837400710671 29.985074639320374 14.298133147647603 0.57862801628652938 0.87235973030328828 5.9758296648506066 3.2364452974870801 1.1265538681764158 0.6453770021907993 0.90146049694158126 0.69451100926380605
leaf_count=119 44 29 504 439 127 83 42 177 356 542 272 119 47 8 72 58 73 21 9 42
internal_value=-0.000218232 0.00119602 0.00304983 -0.00335199 0.000525433 -0.0167624 -0.00551864 -0.00886109 -0.0114429 -0.0116271 0.00716588 0.00363161 0.00049829 -0.0174388 0.012625 0.00965493 -0.00815033 -0.0193292 0.000645462 -0.00155377
internal_weight=250.071 226.895 181.769 70.6489 59.0778 11.5711 45.1266 38.5497 36.6387 23.1753 111.12 75.159 8.87771 14.2976 35.9609 4.50958 4.36813 13.4252 2.02801 1.27314
internal_count=3183 2264 1660 693 566 127 604 562 533 919 967 623 348 571 344 147 201 563 82 89
is_linear=0
shrinkage=0.0435066


Tree=117
num_leaves=14
num_cat=0
split_feature=7 13 25 21 4 6 4 4 4 7 18 11 11
split_gain=2.41173 1.75557 1.81352 1.35078 2.25889 1.7996 1.0502 0.98662 0.908827 0.520232 0.502824 0.424097 0.0396099
threshold=2.5000000000000004 1.0000000180025095e-35 1.0000000180025095e-35 1.0000000180025095e-35 36.750000000000007 108.55000000000001 41.550000000000004 43.350000000000001 38.750000000000007 6.5000000000000009 11.500000000000002 0.24019607843137253 0.072478991596638606
decision_type=2 2 2 2 2 2 2 2 2 2 2 2 2
left_child=7 2 6 4 -4 -5 -2 10 9 11 -1 -3 -10
right_child=1 8 3 5 -6 -7 -8 -9 12 -11 -12 -13 -14
leaf_value=-0.017981441058239154 -0.016025152640031712 -0.020843282088898542 0.0020417760189118659 -0.0062482669758473853 0.015123026884889651 0.0064010678258486064 0.0043389506931889033 0.0047154819397874862 0 0.0016668691425813769 0 0.00022050705630968125 0.0048649410939057896
leaf_weight=15.464892961375886 9.5011995323002321 7.4443069351837003 100.54375901538879 48.818582845153287 29.183480405248702 27.829648298211396 2.623178429901599 1.4776364862918843 0.91493274760432486 0.5907122455537327 2.5409957058727732 0.8607826952356844 1.1892134544905273
leaf_count=415 135 584 874 578 200 230 16 6 40 13 18 46 28
internal_value=-0.000516628 0.00084183 0.00189156 0.00301874 0.00564107 -0.0013927 -0.0111023 -0.0131059 -0.012381 -0.0166991 -0.0158435 -0.0188435 0.00352974
internal_weight=248.983 229.5 218.5 206.375 129.727 76.6482 12.1244 19.4835 10.9999 8.8958 18.0059 8.30509 2.10415
internal_count=3183 2744 2033 1882 1074 808 151 439 711 643 433 630 68
is_linear=0
shrinkage=0.0435066


Tree=118
num_leaves=17
num_cat=0
split_feature=13 6 4 6 1 17 25 6 11 4 2 4 10 4 10 11
split_gain=1.84412 1.63078 4.39442 2.89054 1.5698 1.31453 1.19515 1.83918 1.15112 0.963242 0.867835 0.726493 0.681202 0.281343 0.268021 0.0377197
threshold=1.0000000180025095e-35 105.55000000000001 36.650000000000013 107.85000000000001 4.5000000000000009 34.218636363636371 1.0000000180025095e-35 122.95000000000002 0.12748284579270497 41.550000000000004 2.5000000000000004 38.750000000000007 0.31123737373737376 39.550000000000004 0.51797385620915037 0.072478991596638606
decision_type=2 2 2 2 2 2 2 2 2 2 2 2 2 2 2 2
left_child=1 2 4 5 8 -3 9 -8 -1 -5 -4 14 -6 -7 -2 -13
right_child=11 3 10 6 12 13 7 -9 -10 -11 -12 15 -14 -15 -16 -17
leaf_value=0.0038077444927972115 -0.018808885290172658 0.0014098663988238046 0 -0.01525764047835741 -0.013840793846304067 -0.026958254544700404 -0.0026819253530052756 0.0093445417429777154 -0.010897324040231934 0.0042093315977392949 0.020790082764604423 -0.00031885946420752176 0.0023919738800436859 0 0 0.003490556063609449
leaf_weight=74.022864914033562 8.7778197083389351 2.9331927271559826 4.3591245398856726 9.4200543365441245 13.866293529048564 6.8319659107364696 62.209608150646091 30.270585822872818 4.9143174036871633 2.5857836827635756 20.777541468851268 1.0331179590430104 2.9282792485319069 1.3410510830581186 0.996312797127758 1.3479922243859617
leaf_count=625 718 31 33 135 150 148 690 216 68 16 157 48 25 14 67 42
internal_value=-0.000615612 0.000372281 0.00384291 -0.00318569 -0.000658669 -0.0194972 -0.000318268 0.00150883 0.00201317 -0.0105153 0.0179111 -0.0137955 -0.0107009 -0.024983 -0.0173493 0.00168274
internal_weight=248.616 236.461 120.868 115.592 95.7318 11.1062 104.486 92.4802 78.9372 12.0058 25.1367 12.1552 16.7946 8.17302 9.77413 2.38111
internal_count=3183 2308 1058 1250 868 193 1057 906 693 151 190 875 175 162 785 90
is_linear=0
shrinkage=0.0435066


Tree=119
num_leaves=21
num_cat=0
split_feature=13 14 10 4 18 23 2 18 11 27 3 10 4 11 23 4 18 10 25 18
split_gain=1.82074 1.24 1.77236 1.64984 2.16056 1.29747 1.43281 1.30896 1.28527 1.3998 1.15248 0.905282 0.683961 0.665678 0.583801 0.428512 0.293595 0.288218 0.0346559 0.0555984
threshold=1.0000000180025095e-35 1.5000000000000002 0.20169491525423733 35.650000000000013 12.500000000000002 1.0000000180025095e-35 13.500000000000002 3.5000000000000004 0.04880952380952381 3.5000000000000004 52.500000000000007 0.15759905381431102 38.750000000000007 0.034848484848484802 1.0000000180025095e-35 38.750000000000007 14.500000000000002 0.51797385620915037 1.5000000000000002 9.5000000000000018
decision_type=2 2 2 2 2 2 2 2 2 2 2 2 2 2 2 2 2 2 2 2
left_child=1 2 3 10 -5 7 -7 -4 9 13 -1 -11 16 -3 15 -10 17 -2 -14 -20
right_child=12 8 5 4 -6 6 -8 -9 14 11 -12 -13 18 -15 -16 -17 -18 -19 19 -21
leaf_value=0.00083416343288331737 -0.020010829167822312 -0.014029140140533986 -0.013211618924742475 -0.0051970929148436725 0.010346345100923979 0.01354966453218296 -0.0044982027282186466 0.0031932399470157385 -0.0071221619708592117 0.014889899454070772 -0.021299766973425165 -0.0033268037118350528 0.0033988130717068389 0.0025596607463114632 -0.018797127329495806 0.0039511360913370144 0.00020568261984651068 0 -0.0033365730549838072 0.0017977037764596059
leaf_weight=4.7091832906007749 8.1595369954593426 4.7611252223141491 3.8255632375366977 42.187780457083136 19.400943221524358 37.518151632044464 5.9751598536968222 72.856721992371604 10.393635072279723 8.3711665170267207 6.9044121711049229 3.6814115219749519 0.80605545174330395 3.4178351256996393 7.3097669128328553 4.3014222644269458 0.45766200870275575 0.9982862990000293 0.88414682552684098 0.66453655529767275
leaf_count=39 714 67 93 488 124 340 43 633 124 68 82 47 12 28 94 38 4 67 67 11
internal_value=-0.000595377 0.000384243 0.00192972 -0.00315358 7.28206e-05 0.00510855 0.0106058 0.00128303 -0.0057972 0.00167824 -0.0146953 0.00956847 -0.0137607 -0.00835058 -0.0118364 -0.00318795 -0.017206 -0.0184425 0.00147721 -0.000212215
internal_weight=247.585 235.614 193.378 73.2023 61.5887 120.176 43.4933 76.6823 42.2364 20.2315 11.6136 12.0526 11.9702 8.17896 22.0048 14.6951 9.61549 9.15782 2.35474 1.54868
internal_count=3183 2308 1842 733 612 1109 383 726 466 210 121 115 875 95 256 162 785 781 90 78
is_linear=0
shrinkage=0.0435066


Tree=120
num_leaves=22
num_cat=0
split_feature=21 4 4 16 22 10 1 5 17 11 9 9 9 5 9 17 5 9 4 1 4
split_gain=1.59888 2.60402 2.08545 2.04802 2.10377 1.87114 1.92393 4.58019 1.57154 1.35335 2.06985 1.25854 0.991613 0.923788 0.917756 0.666158 0.571092 0.409817 0.278985 0.265977 0.173506
threshold=1.0000000180025095e-35 41.550000000000004 36.650000000000013 9.5000000000000018 1.5000000000000002 0.15759905381431102 1.0000000180025095e-35 34.650000000000013 36.848579545454555 0.089572192513368967 0.043961352657004807 0.021482277121374852 0.025167084377610654 22.350000000000005 0.10818713450292396 64.761538461538478 64.600000000000009 0.17515516611902152 38.95000000000001 3.5000000000000004 36.050000000000004
decision_type=2 2 2 2 2 2 2 2 2 2 2 2 2 2 2 2 2 2 2 2 2
left_child=2 8 5 -4 12 13 7 -7 9 10 -2 18 -5 20 -8 -15 -6 -13 -10 -11 -1
right_child=1 -3 3 4 16 6 14 -9 11 19 -12 17 -14 15 -16 -17 -18 -19 -20 -21 -22
leaf_value=-0.0078932234247949574 -0.0066180847139851546 0.010278843021954224 -0.010602175896755515 0 -0.012362703531146105 -0.019189811840003634 -0.012965004858454926 0.010513413927753373 -0.0028524153507496035 -0.012763049794560525 0.017760640119338821 -0.014115440916179632 0.018235247208696237 0.015295898576652981 -0.00017974022138529398 -1.9082891911879688e-05 0.0032906252137069481 0.00024125968117878749 0.0070678395959440313 2.7986983132928494e-05 0.001492766500226009
leaf_weight=2.2548745197709681 6.1406467447523054 12.514314876869319 3.0617386242374769 5.5036285258829585 2.8818060837220392 6.738430473022162 31.415528589626774 31.409437086433172 3.7762769791297606 3.6217841962352386 8.9324779185699281 48.057818696950562 32.853550638305023 14.810187859227883 17.28237639128929 5.4379646936431518 2.9175252057611942 2.3413370832859064 4.1976141245104373 2.2129744424019009 1.009660458192229
leaf_count=66 112 81 78 52 45 110 532 187 61 64 109 746 256 103 364 51 17 52 39 39 27
internal_value=-0.000100726 -0.00452245 0.00249105 0.00953986 0.0123191 -0.000802466 -0.00387494 0.00300677 -0.00757948 0.001874 0.00836264 -0.0109689 0.0158087 0.00858867 -0.00916681 0.0118033 -0.00609567 -0.0133203 0.00250474 -0.00964111 -0.00490008
internal_weight=249.372 91.7952 157.577 47.2182 44.1565 110.358 86.8458 38.1479 79.2809 20.9079 15.0731 58.373 38.3572 23.5127 48.6979 20.2482 5.79933 50.3992 7.97389 5.83476 3.26453
internal_count=3191 1303 1888 448 370 1440 1193 297 1222 324 221 898 308 247 896 154 62 798 100 103 93
is_linear=0
shrinkage=0.0435066


Tree=121
num_leaves=16
num_cat=0
split_feature=4 21 2 17 4 22 11 9 2 9 16 9 3 24 22
split_gain=1.54638 2.241 1.76826 1.50049 1.39908 2.00083 1.38984 1.45706 1.28849 0.734148 0.640762 0.532782 0.377155 0.264771 0.20283
threshold=41.350000000000001 1.0000000180025095e-35 1.5000000000000002 36.848579545454555 36.550000000000004 1.5000000000000002 0.089572192513368967 0.043961352657004807 17.500000000000004 0.021482277121374852 12.500000000000002 0.051956815114709808 54.500000000000007 1.0000000180025095e-35 1.0000000180025095e-35
decision_type=2 2 2 2 2 2 2 2 2 2 2 2 2 2 2
left_child=1 2 14 6 8 -6 7 -3 -4 13 -2 -11 -8 -5 -1
right_child=10 3 4 9 5 -7 12 -9 -10 11 -12 -13 -14 -15 -16
leaf_value=-0.014374629976791771 -0.00077828188874461189 -0.0044987438490948287 -0.0013420465803450393 -0.0041479829698164517 0.012342409032028845 -0.0086096810306397625 0.00069050536830316705 0.016578248603717431 0.014636128778750424 -0.017937863189564321 0.014525205005364758 -0.0060892277053537676 -0.013864749051609376 0.0055735519217112077 0
leaf_weight=6.6731201914371905 4.7334161028265962 5.7312792014563483 97.058192596770823 3.4800841441610819 39.814219604013488 5.1446939504239699 2.4455178405623874 8.6816103481687588 3.9984858296811572 17.749338670517318 11.337257979437709 31.661360284982948 2.9431624400895089 4.2391138281673193 1.8546965096611527
leaf_count=113 34 108 1288 53 371 62 42 108 17 299 73 495 59 46 23
internal_value=-0.000190135 -0.00125586 0.00172918 -0.00703979 0.00312237 0.00896272 0.00234886 0.00892463 4.48862e-05 -0.0103595 0.0106478 -0.0121198 -0.00965095 0.000590718 -0.0124755
internal_weight=247.546 231.475 154.543 76.9315 146.016 44.9589 19.8016 14.4129 101.057 57.1299 16.0707 49.4107 5.38868 7.7192 8.52782
internal_count=3191 3084 1874 1210 1738 433 317 216 1305 893 107 794 101 99 136
is_linear=0
shrinkage=0.0435066


Tree=122
num_leaves=17
num_cat=0
split_feature=4 21 2 17 11 9 4 10 22 6 9 10 9 22 7 5
split_gain=1.41584 2.05222 1.52568 1.36753 1.36429 1.43267 1.1438 1.87501 1.84002 0.772971 1.37052 0.665177 0.176127 0.165204 0.0600946 0.0425871
threshold=41.350000000000001 1.0000000180025095e-35 1.5000000000000002 36.848579545454555 0.089572192513368967 0.043961352657004807 36.650000000000013 0.15759905381431102 1.5000000000000002 108.15000000000002 0.029513888888888853 0.13263888888888889 0.13893653516295021 1.0000000180025095e-35 2.5000000000000004 72.950000000000017
decision_type=2 2 2 2 2 2 2 2 2 2 2 2 2 2 2 2
left_child=1 2 13 4 5 -3 7 -4 -8 10 -5 -11 -6 -1 -2 -16
right_child=14 3 6 9 12 -7 8 -9 -10 11 -12 -13 -14 -15 15 -17
leaf_value=-0.013321633356649249 0.00058559436485283657 -0.0044590077757706041 0.01007229498798083 0.0031380815519673564 -0.01192072851180553 0.01639796209834532 0.011781001018989301 -0.0028138988231660852 -0.008428751241316661 -0.01029833772740682 -0.016490245745583186 0.0024242672422078292 0 0 0.013368464149535906 0.0013451450802723342
leaf_weight=6.5314747660886479 3.9146615266799918 5.8007060025120181 21.651478564948775 4.9670306912157676 3.6348722656257442 8.6192156206816417 37.839127118466422 81.562588323722593 5.0168099091388276 5.0663156355731216 30.502843902911991 16.33707767224405 1.7077101042959837 1.7752271629869936 7.6142296735197288 4.3908538520336151
leaf_count=113 29 108 226 75 68 108 344 1107 61 58 557 203 33 23 45 33
internal_value=-0.000161703 -0.00118256 0.00167044 -0.00673132 0.00222372 0.00875035 0.00295664 0.000235126 0.00841094 -0.00991065 -0.0134413 -0.00192731 -0.00967112 -0.011624 0.0102438 0.0115353
internal_weight=246.932 231.012 154.377 76.6358 19.7625 14.4199 146.07 103.214 42.8559 56.8733 35.4699 21.4034 5.34258 8.3067 15.9197 12.0051
internal_count=3191 3084 1874 1210 317 216 1738 1333 405 893 632 261 101 136 107 78
is_linear=0
shrinkage=0.0435066


Tree=123
num_leaves=14
num_cat=0
split_feature=4 21 2 9 4 2 9 5 1 2 7 22 7
split_gain=1.42734 1.91906 1.51836 1.10859 1.33322 0.784402 1.03943 1.75401 0.818897 0.706399 0.401279 0.161663 0.0372693
threshold=41.350000000000001 1.0000000180025095e-35 1.5000000000000002 0.025167084377610654 36.550000000000004 10.500000000000002 0.050633812847172707 38.250000000000007 1.5000000000000002 4.5000000000000009 4.5000000000000009 1.0000000180025095e-35 2.5000000000000004
decision_type=2 2 2 2 2 2 2 2 2 2 2 2 2
left_child=1 2 11 9 -5 6 8 -8 -3 -4 -7 -1 -2
right_child=12 5 3 4 -6 10 7 -9 -10 -11 -12 -13 -14
leaf_value=-0.013424810736994541 0.00078490281532676051 0.0021454540314556664 0.004398853621751294 0.0010246759164459051 0.010413883525849344 -0.015952898721040418 -0.0065860528567936658 0.010045928455437345 -0.012616288562246787 -0.010462579181361285 0 0 0.011423812726764401
leaf_weight=6.4974040897795913 3.9330755695700637 6.0193524586502489 3.5305384774692348 92.036038494668901 38.274575454648584 13.56164926569909 18.385346458031563 16.445060275960714 19.448940915288404 11.879506149794905 2.5049082778859875 1.761214285623282 12.003165473230181
leaf_count=113 29 69 48 1174 365 250 403 124 329 151 35 23 78
internal_value=-0.000205357 -0.00123207 0.00153006 0.0028195 0.00422071 -0.00660541 -0.00335187 0.00136875 -0.00908621 -0.00630295 -0.0138793 -0.0117487 0.0102366
internal_weight=246.281 230.345 153.979 145.721 130.311 76.3653 60.2987 34.8304 25.4683 15.41 16.0666 8.25862 15.9362
internal_count=3191 3084 1874 1738 1539 1210 925 527 398 199 285 136 107
is_linear=0
shrinkage=0.0435066


Tree=124
num_leaves=22
num_cat=0
split_feature=4 21 25 6 6 0 10 3 1 1 3 9 11 2 11 2 4 22 10 9 6
split_gain=1.52921 1.86963 1.48605 1.51827 2.08311 1.26553 1.49364 1.09981 1.10966 0.995295 0.989261 2.17015 1.18684 0.865097 0.691211 0.55043 0.542795 0.338787 0.246927 0.0830642 0.0362335
threshold=38.350000000000001 1.0000000180025095e-35 1.5000000000000002 122.95000000000002 125.55000000000001 2200.0000000000005 0.11834733893557421 53.500000000000007 5.5000000000000009 2.5000000000000004 56.500000000000007 0.049515639589168957 0.046256684491978554 1.5000000000000002 0.14589665653495437 13.500000000000002 41.550000000000004 1.5000000000000002 0.094588550983899775 0.051956815114709808 61.150000000000013
decision_type=2 2 2 2 2 2 2 2 2 2 2 2 2 2 2 2 2 2 2 2 2
left_child=1 2 3 14 -5 6 18 9 17 -3 11 -4 -12 -8 -1 -15 -7 -9 -2 -10 -11
right_child=5 7 10 4 -6 16 13 8 19 20 12 -13 -14 15 -16 -17 -18 -19 -20 -21 -22
leaf_value=-0.019747492095987119 0.00020906028254891811 0.011648609429487778 0.0080603562740412561 0.009392349737791756 -0.012924829786485445 -0.012824191390951209 -0.0036730060076211012 -0.017184585458160484 -0.00072144570998537705 -0.0086532611064349015 -0.0069240401280587565 -0.0057119995064365469 0.011059401663800717 0.01256605079308235 0.0006851878464071415 -0.00094827041926198654 0.0027367141373224901 0 -0.011169242748255667 0.0051852131100536356 0
leaf_weight=9.5050059075001645 2.8663388509303322 3.7561659339116877 29.19425568182487 13.462087557185443 6.5529381553642443 4.055570467375218 4.1625269963406017 24.827264039980953 1.6624060894828279 1.9788540484150874 3.2152594402432433 48.360026615671813 29.372977978084236 44.986078927642666 2.2232742867199695 3.9073436036705962 2.4901803880929947 2.5840594578767186 2.7875669035129249 2.3621247562114149 1.8271083820145575
leaf_count=179 31 49 314 113 140 60 46 419 44 53 50 691 240 496 47 38 16 38 34 43 50
internal_value=-0.00027714 -0.0023753 1.46346e-05 -0.00736029 0.000326106 0.00508606 0.0072972 -0.010049 -0.0131875 0.00234753 0.00251887 -0.000184846 0.00816933 0.0097013 -0.0164609 0.0113198 -0.00772133 -0.0159348 -0.00755 0.0028522 -0.00741496
internal_weight=246.139 180.884 141.886 31.7433 20.015 65.2556 58.7099 38.998 31.4359 7.56213 110.143 77.5543 32.5882 53.0559 11.7283 48.8934 6.54575 27.4113 5.65391 4.02453 3.80596
internal_count=3191 2470 1774 479 253 721 645 696 544 152 1295 1005 290 580 226 534 76 457 65 87 103
is_linear=0
shrinkage=0.0435066


Tree=125
num_leaves=22
num_cat=0
split_feature=4 5 1 10 6 5 2 5 4 6 10 2 0 10 23 4 2 16 11 14 2
split_gain=1.90286 1.99656 4.49954 3.469 2.96167 2.48134 1.744 1.63576 1.56809 2.39393 1.39006 1.29621 1.17776 1.16096 0.977492 0.868945 0.782049 0.675433 0.568396 0.360021 0.229742
threshold=38.350000000000001 36.650000000000013 1.0000000180025095e-35 0.24454200284765068 145.45000000000002 20.050000000000004 13.500000000000002 37.750000000000007 35.150000000000013 74.200000000000003 0.11834733893557421 6.5000000000000009 2200.0000000000005 0.2069580731489741 1.0000000180025095e-35 41.45000000000001 3.5000000000000004 11.500000000000002 0.086670838548185206 1.5000000000000002 4.5000000000000009
decision_type=2 2 2 2 2 2 2 2 2 2 2 2 2 2 2 2 2 2 2 2 2
left_child=1 3 7 4 6 14 -1 -3 18 -10 20 13 17 19 -5 -15 -7 -13 -4 -12 -2
right_child=10 2 8 5 -6 16 -8 -9 9 -11 11 12 -14 15 -16 -17 -18 -19 -20 -21 -22
leaf_value=-0.021061613920363847 0.00018850217404818378 0 -0.01897789507496235 -0.012469829727743366 0.0089319526657569686 -0.0020809175017696248 0 0.02208654621898138 0.0089460913956608563 -0.0067548331337675127 0.0097028220954551523 -0.00044176986988371726 -0.0042132114744913999 -0.013708323311378875 0.0032078650090039411 0.0043779415888646608 0.017568443938847843 0.017223675935068246 0 -0.001368594346931367 -0.010784472852564965
leaf_weight=35.719103789655492 2.5966223776340476 8.8269886616617459 7.8326929407194239 10.439172866404988 4.9225122195202848 2.1679145705420515 8.7978944759815914 15.557350389659403 24.370623604394495 38.732384745031595 11.654394369572403 3.046507517341527 3.0967348637059322 7.3857625910313782 8.2788539330940694 2.9392814412713051 11.683505799621342 27.696313809952699 3.9919416345655918 3.8675480261445037 3.8912031664513052
leaf_count=755 24 51 84 445 52 33 101 47 164 389 101 38 36 124 280 20 126 285 27 36 45
internal_value=-6.7287e-05 -0.00241675 0.00163974 -0.00720198 -0.0138548 0.00326537 -0.0173907 0.0157567 -0.00372396 -0.000276597 0.00587131 0.0081162 0.0129943 8.79053e-05 -0.00609885 -0.00825981 0.0143167 0.0154317 -0.014937 0.0068982 -0.00772454
internal_weight=247.495 181.321 99.312 82.009 49.4395 32.5694 44.517 24.3843 74.9276 63.103 66.1744 59.6865 33.8396 25.847 18.718 10.325 13.8514 30.7428 11.8246 15.5219 6.48783
internal_count=3263 2554 762 1792 908 884 856 98 664 553 709 640 359 281 725 144 159 323 111 137 69
is_linear=0
shrinkage=0.0435066


Tree=126
num_leaves=12
num_cat=0
split_feature=2 2 5 6 1 7 5 17 3 10 5
split_gain=1.42925 1.85198 1.14548 4.72987 3.29891 2.24902 1.59776 1.41637 0.961763 0.853102 0.52928
threshold=17.500000000000004 14.500000000000002 36.650000000000013 59.95000000000001 1.5000000000000002 2.5000000000000004 67.450000000000017 48.828571428571429 56.500000000000007 0.16204051012753187 36.45000000000001
decision_type=2 2 2 2 2 2 2 2 2 2 2
left_child=1 2 3 10 7 -5 -6 -4 9 -3 -1
right_child=-2 8 4 5 6 -7 -8 -9 -10 -11 -12
leaf_value=-0.022735376777875068 0.015886416221289886 0.00012064591154123588 0.016798652990186524 -0.014069830269560719 -0.0093580822458989021 0.0041815051701277533 0.0021702368374259058 -0.0012673387718444174 0.00035081823397284818 -0.024028514548379957 0
leaf_weight=14.350917775183916 3.5417166631668797 2.4408907894976419 28.320963004603982 8.4954281082609651 26.968234553234652 77.355566268000985 63.372879672446288 8.3103946484625322 5.169248702004551 5.7793567862827331 1.8140956964343793
leaf_count=275 14 19 154 311 285 1495 514 77 46 63 10
internal_value=-0.000147312 -0.000831891 0.000225083 -0.00305535 0.00295668 0.00140115 -0.00156524 0.0128943 -0.0135703 -0.0192919 -0.0207699
internal_weight=245.92 242.378 228.988 102.016 126.972 85.851 90.3411 36.6314 13.3895 8.22025 16.165
internal_count=3263 3249 3121 2091 1030 1806 799 231 128 82 285
is_linear=0
shrinkage=0.0435066


Tree=127
num_leaves=13
num_cat=0
split_feature=13 16 10 5 18 6 3 17 6 3 5 7
split_gain=1.42148 1.13932 1.42095 3.04784 4.80425 2.88197 2.21518 1.41504 0.476559 0.265104 0.23434 0.0953538
threshold=0.70833333333333337 10.500000000000002 0.24893162393162391 37.750000000000007 7.5000000000000009 108.15000000000002 53.500000000000007 35.350606060606069 69.750000000000014 52.500000000000007 19.650000000000002 3.5000000000000004
decision_type=2 2 2 2 2 2 2 2 2 2 2 2
left_child=1 9 3 5 -5 -3 8 -8 -4 -1 11 -11
right_child=-2 2 6 4 -6 -7 7 -9 -10 10 -12 -13
leaf_value=0 -0.016210266434901362 -0.013317317204680873 0 0.022322201237955815 -0.00049897988975200849 0.0035267510943885281 0.010926413033728686 -0.0028941622016735126 0.023232763695995248 -0.0037175042172610628 -0.014521531277793674 0.002737027747737051
leaf_weight=2.6465757451951495 3.4684826048323876 44.773032565368339 1.9954698467627157 15.304387550801037 82.145241475198418 25.888185252901167 14.360181016614659 35.452962305746041 8.2952744285576028 1.949771055253221 6.3707821244606748 1.9571145265363155
leaf_count=44 496 668 23 50 668 319 153 517 76 77 126 46
internal_value=-8.54944e-05 0.000526224 0.00138889 -0.000663296 0.00416273 -0.00723893 0.00678346 0.00171438 0.0205429 -0.00954795 -0.0116365 0
internal_weight=244.607 241.139 228.215 168.111 97.4496 70.6612 60.1039 49.8131 10.2907 12.9242 10.2777 3.90689
internal_count=3263 2767 2474 1705 718 987 769 670 99 293 249 123
is_linear=0
shrinkage=0.0435066


Tree=128
num_leaves=14
num_cat=0
split_feature=13 16 17 5 10 17 11 5 6 3 17 5 5
split_gain=1.3632 0.941607 1.39094 1.97644 3.00709 1.92651 1.86801 1.21809 0.96826 0.332341 0.208958 0.228401 0.117697
threshold=0.70833333333333337 10.500000000000002 43.766666666666673 35.95000000000001 0.26206005414718198 48.828571428571429 0.022321428571428555 13.850000000000003 156.85000000000005 53.500000000000007 20.523076923076925 5.4500000000000011 94.050000000000011
decision_type=2 2 2 2 2 2 2 2 2 2 2 2 2
left_child=1 9 6 4 -4 -5 7 -3 -8 12 -11 -12 -1
right_child=-2 2 3 5 -6 -7 8 -9 -10 10 11 -13 -14
leaf_value=-0.0030457978739689235 -0.015888035867573078 0.00847159510858847 -0.01327294207726561 0.0092071916338023283 0.006404194632679351 -0.0023099644739948111 0.01083935456407896 -0.011044195353611208 -0.0059929926728772634 0 0 -0.015296219643666795 0.0040439795470834702
leaf_weight=1.9458024031482626 3.4002349125221363 2.768173989839851 38.506086422828957 40.843923373846337 16.30757157492917 58.635652316268533 55.591267774259904 12.335950884269549 2.307577170431613 1.8902698496822248 0.85143773304298509 5.8458166156196967 2.3051717113703489
leaf_count=49 496 40 639 235 258 491 637 146 28 37 34 155 18
internal_value=-3.7642e-05 0.000559809 0.00134657 -0.000968738 -0.00719613 0.00259902 0.00604503 -0.00552625 0.0094737 -0.00861235 -0.0116917 -0.0136448 0
internal_weight=243.535 240.135 227.296 154.293 54.8137 99.4796 73.003 15.1041 57.8988 12.8385 8.58752 6.69725 4.25097
internal_count=3263 2767 2474 1623 897 726 851 186 665 293 226 189 67
is_linear=0
shrinkage=0.0435066


Tree=129
num_leaves=22
num_cat=0
split_feature=4 21 25 5 5 4 17 2 5 17 9 7 4 17 9 4 25 17 2 9 3
split_gain=2.08547 2.15578 1.52932 2.15709 1.92275 2.8642 2.18808 1.52386 1.19747 1.4443 1.16746 0.916659 0.949734 0.87015 1.10228 0.765592 0.722783 0.722135 0.328 0.182527 0.0577813
threshold=38.350000000000001 1.0000000180025095e-35 1.5000000000000002 160.30000000000004 35.95000000000001 34.95000000000001 48.828571428571429 2.5000000000000004 81.800000000000026 24.534166666666671 0.17515516611902152 2.5000000000000004 42.850000000000001 72.732142857142861 1.0000000180025095e-35 36.750000000000007 1.0000000180025095e-35 84.320416666666674 7.5000000000000009 0.042791762013729959 54.500000000000007
decision_type=2 2 2 2 2 2 2 2 2 2 2 2 2 2 2 2 2 2 2 2 2
left_child=1 2 3 10 5 -4 -6 15 9 -9 -1 12 19 14 -13 -3 -16 20 -10 -2 -15
right_child=11 7 4 -5 6 -7 -8 8 18 -11 -12 13 -14 17 16 -17 -18 -19 -20 -21 -22
leaf_value=-0.01619878354378846 0 0.0091438139394451872 -0.012812871553169498 0.0082339318897904721 0.01251688520643807 0.0062700054496243581 -0.0031173763616395159 0.0021289567739805923 -0.0049443708468895941 -0.022425470541528145 0.0045445889412189929 -0.0057347033526524123 0.0081494733216361734 -0.0099533160447707724 0 -0.0073085036444409937 0.014412251249270749 0.0074241289953108844 0.0064014586189165877 -0.012604049250136588 0
leaf_weight=21.127081734477549 2.462536661885677 6.3451256561093015 23.667826558230445 6.9257708713412276 42.377851655241102 22.95845849905163 21.231967244762927 3.3532692531589481 2.6258698692545286 18.983040448249085 2.4735166003229088 2.6042755893431595 2.2380264438688755 3.8937048572115582 6.2692662347108117 2.5496778786182404 37.713830416905694 2.652648916002363 3.2897598929703236 4.6574259975459427 2.4178494131192565
leaf_count=390 25 54 421 41 266 527 177 51 35 458 53 35 11 49 64 54 385 30 27 79 31
internal_value=5.01724e-05 -0.00235576 0.000185423 -0.00745374 0.00268508 -0.00361043 0.00735004 -0.0108064 -0.0150477 -0.0187419 -0.0131774 0.00639883 -0.00366675 0.00846368 0.0106584 0.00267801 0.0124433 -0.00197707 0.000603202 -0.0102391 -0.00847766
internal_weight=242.819 177.909 140.762 30.5264 110.236 46.6263 63.6098 37.1467 28.2519 22.3363 23.6006 64.9096 9.35799 55.5516 46.5874 8.8948 43.9831 8.9642 5.91563 7.11996 6.31155
internal_count=3263 2554 1875 484 1391 948 443 679 571 509 443 709 115 594 484 108 449 110 62 104 80
is_linear=0
shrinkage=0.0435066


Tree=130
num_leaves=15
num_cat=0
split_feature=4 0 4 4 4 5 21 18 16 5 11 10 18 5
split_gain=1.61153 1.92134 2.24852 1.43279 3.43195 3.2515 2.62579 1.40966 1.54889 1.20534 0.855698 0.795946 0.785517 2.30105
threshold=41.050000000000004 1350.0000000000002 34.750000000000007 33.750000000000007 36.350000000000001 37.750000000000007 1.0000000180025095e-35 14.500000000000002 13.500000000000002 34.650000000000013 0.081666666666666665 0.14511278195488717 9.5000000000000018 39.250000000000007
decision_type=2 2 2 2 2 2 2 2 2 2 2 2 2 2
left_child=1 2 12 5 11 9 -6 8 -4 -3 -2 -5 13 -1
right_child=10 3 7 4 6 -7 -8 -9 -10 -11 -12 -13 -14 -15
leaf_value=-0.0083109908451147307 0.014367794582247906 -0.017347242175472045 0.0019495611109161025 -0.00088857410573877954 0.0045875760143845685 0.018334869284753499 -0.0096090200766905994 -0.0066040387550387498 0.018339481543317597 4.3804495852038929e-05 -0.0022308299963369844 -0.021899865040237176 -0.013893701733118985 0.016929893527689067
leaf_weight=13.788220458198344 13.943764470517637 4.1169388289563384 22.857870264560916 5.7455133348703411 48.926982761360705 10.079434605315326 37.652236450114287 4.5166444554924956 22.257773288991302 22.003702903166413 4.7237729262560597 20.051187781558838 6.1642775197979054 3.7858658581972113
leaf_count=204 94 80 389 89 530 31 726 26 178 170 42 557 56 8
internal_value=-0.000126392 -0.0013137 0.00414986 -0.0041377 -0.00650059 0.00283431 -0.00171862 0.0091206 0.0115247 -0.00530509 0.0102772 -0.0186549 -0.00563603 0
internal_weight=240.614 221.947 73.3707 148.576 112.376 36.2001 86.5792 49.6323 45.1156 26.1206 18.6675 25.7967 23.7384 17.5741
internal_count=3180 3044 861 2183 1902 281 1256 593 567 250 136 646 268 212
is_linear=0
shrinkage=0.0435066


Tree=131
num_leaves=22
num_cat=0
split_feature=6 4 6 4 27 22 0 5 6 5 16 23 11 10 10 5 17 10 10 17 10
split_gain=1.87448 3.07626 1.76405 1.59673 2.46436 2.93193 1.74532 2.12479 1.47232 1.65553 2.37438 1.35545 1.85738 1.15292 1.00572 0.633608 0.617615 0.549329 0.187976 0.0596504 0.0149304
threshold=74.200000000000003 41.050000000000004 110.85000000000001 36.350000000000001 2.5000000000000004 1.5000000000000002 1350.0000000000002 39.250000000000007 70.450000000000017 36.45000000000001 14.500000000000002 1.0000000180025095e-35 0.067496392496392457 0.25873937103522743 0.13809523809523808 34.750000000000007 43.333012820512828 0.14511278195488717 0.17846085802742148 41.74821428571429 0.29128959276018102
decision_type=2 2 2 2 2 2 2 2 2 2 2 2 2 2 2 2 2 2 2 2 2
left_child=8 3 -3 6 13 -6 7 -2 9 11 16 12 -1 -5 -10 -13 -11 -8 -4 -12 -16
right_child=1 2 18 4 5 -7 17 -9 14 10 19 15 -14 -15 20 -17 -18 -19 -20 -21 -22
leaf_value=-0.017301179347705548 -0.0095067107975758056 -0.0054013128206777646 0.020451462652338225 -0.014173761936952455 0.0080419106255297679 -0.01723853351506853 -0.0014841493920301073 0.016518671308399246 -0.0016423963803634701 -0.00037255594069745754 -0.00051190973936712434 0.01000454771230783 0.0036492233960145038 0.00044434768082820874 0.018802971620875863 -0.0051944899724332546 0.013600010981035155 -0.020526618800168171 0.0030130952936668377 -0.011397978408002761 0.0023768725935055792
leaf_weight=15.553377647767777 8.3210800290107709 5.3417718382552293 8.058558236807583 25.258666414418258 44.810041540767998 3.9798714495263985 5.7303759881760952 3.3350973427295676 4.4942701924592283 5.1606627199798814 4.0666407905518991 7.7587706998456252 8.4792777920374629 12.569499701843595 11.787524998886509 2.1965586114674807 28.224363045301288 20.770745556219481 5.792123024351894 4.053916766308248 3.7490539518184951
leaf_count=282 88 47 42 471 468 65 89 6 37 52 26 152 143 255 100 28 136 574 47 33 39
internal_value=-0.000172685 -0.00329317 0.0105458 -0.00591633 -0.00214749 0.00400939 -0.012685 0.000638786 0.00434156 0.0010054 0.00649718 -0.00541873 -0.0103781 -0.00973785 0.0132024 0.00531121 0.0114796 -0.0178197 0.0169509 -0.00928958 0.0171696
internal_weight=239.492 143.968 19.1925 124.775 86.6181 48.7899 38.1573 11.6562 95.5244 75.4936 41.5056 33.988 24.0327 37.8282 20.0308 9.95533 33.385 26.5011 13.8507 8.12056 15.5366
internal_count=3180 2152 136 2016 1259 533 757 94 1028 852 247 605 425 726 176 180 188 663 89 59 139
is_linear=0
shrinkage=0.0435066


Tree=132
num_leaves=23
num_cat=0
split_feature=6 4 6 4 22 0 0 5 14 6 16 5 8 18 16 6 16 1 9 10 9 10
split_gain=1.90635 2.48434 1.44081 1.31184 1.57515 1.77293 1.55997 1.94551 1.31017 1.45977 1.02332 1.40159 0.897048 0.862614 0.581632 0.460877 0.348011 0.310937 0.136619 0.198074 0.0920934 0.0729527
threshold=74.200000000000003 41.050000000000004 110.85000000000001 36.250000000000007 1.5000000000000002 1650.0000000000002 1350.0000000000002 39.250000000000007 1.5000000000000002 70.050000000000011 15.500000000000002 37.750000000000007 2021.5000000000002 14.500000000000002 13.500000000000002 69.65000000000002 15.500000000000002 3.5000000000000004 0.049515639589168957 0.24638060352346061 0.038967611336032361 0.17846085802742148
decision_type=2 2 2 2 2 2 2 2 2 2 2 2 2 2 2 2 2 2 2 2 2 2
left_child=8 3 -3 6 5 -5 7 -2 9 10 11 -1 17 14 -11 -12 -8 20 -14 -20 -10 -4
right_child=1 2 21 4 -6 -7 16 -9 12 13 15 -13 18 -15 -16 -17 -18 -19 19 -21 -22 -23
leaf_value=-0.00077376206891057115 -0.0091490809306872811 -0.0049815962171021839 0.018045267901585071 0.012279706180977715 -0.017719088934379915 -0.0030095305259160232 -0.019188139967709076 0.015823964354665737 0.0031279850348959813 0 -0.013505373345969855 0.012141537087131685 -0.00096487808570584212 -0.0012815037530717591 0.020755485706247453 0.0012936377412390173 -0.0012012489375189319 -0.016628924419982358 0.0098677388187734475 -0.00067983335392262701 -0.0034483566093692717 0.0029766183948560098
leaf_weight=34.546127410372719 8.2908557839691621 5.3430239465087679 7.6381520405411703 11.064551689662038 4.5446116912644348 71.380866141989827 20.091115134826399 3.2581222504377356 1.5495137709658577 3.3477174899308055 3.6755280062789089 20.074942392297089 2.4773695133626461 3.2217346504330626 13.987487309379503 3.0453483306337148 4.5320387021638444 3.7728045659605414 1.5820222292095425 1.7753363399533553 1.5053758362773804 5.7671830002218485
leaf_count=442 88 47 42 105 83 1108 565 6 19 57 58 108 33 20 92 21 61 83 19 38 38 47
internal_value=-0.000171308 -0.0033439 0.00921878 -0.00570109 -0.00229438 -9.5199e-05 -0.012057 0.000505342 0.00439885 0.00647744 0.00229503 0.00459649 -0.0061529 0.0150292 0.0180047 -0.00870311 -0.0171452 -0.0130044 0.00368027 0.00650258 0 0.0151624
internal_weight=236.472 141.911 18.7484 123.162 86.99 82.4454 36.1721 11.549 94.5613 81.8989 61.3419 54.6211 12.6624 20.5569 17.3352 6.72088 24.6232 6.82769 5.83473 3.35736 3.05489 13.4053
internal_count=3180 2152 136 2016 1296 1213 720 94 1028 798 629 550 230 169 149 79 626 140 90 57 57 89
is_linear=0
shrinkage=0.0435066


Tree=133
num_leaves=27
num_cat=0
split_feature=6 4 6 22 14 4 6 6 17 10 5 5 1 17 0 5 6 4 7 4 10 10 5 6 10 4
split_gain=1.67068 2.59502 2.32566 1.36457 1.18674 1.1976 1.24572 1.12106 0.97083 0.962859 0.957299 0.91554 0.911651 0.867251 1.12255 1.79241 0.763119 0.647219 0.894467 0.547625 0.363949 0.321863 0.281893 0.136264 0.0606706 0.0150723
threshold=74.200000000000003 37.850000000000001 110.75000000000001 1.5000000000000002 1.5000000000000002 35.350000000000001 60.650000000000013 105.55000000000001 39.485476190476199 0.21825396825396823 66.550000000000026 37.750000000000007 5.5000000000000009 32.600000000000009 1350.0000000000002 39.250000000000007 122.95000000000002 36.250000000000007 6.5000000000000009 34.850000000000001 0.14511278195488717 0.16374829001367988 131.95000000000002 69.350000000000009 0.15677668539325842 34.45000000000001
decision_type=2 2 2 2 2 2 2 2 2 2 2 2 2 2 2 2 2 2 2 2 2 2 2 2 2 2
left_child=4 13 7 8 5 9 21 -3 -4 23 -9 -11 19 17 15 -15 -16 24 -19 25 -21 -7 -8 -1 -2 -6
right_child=1 2 3 -5 12 6 22 10 -10 11 -12 -13 -14 14 16 -17 -18 18 -20 20 -22 -23 -24 -25 -26 -27
leaf_value=-0.012344994716323089 0 0.0083945775806402567 0 -0.0061783109692887406 -0.0068975970694878964 -0.0084284819655781815 0.017915157444592694 -0.00019656724345737048 0.016902198908474227 -0.00024875190525771077 -0.014463992259188707 0.011456997369262851 -0.01534559158834165 -0.0088151677579563874 -0.016845051962954941 0.015213953904740755 -0.0024141134737287744 0.011457537309295752 -0.006492586962154932 -0.0021538052307107217 0.011226097203441511 0.002998928119004493 0.0024598391069176632 0 -0.0088649624299748219 0
leaf_weight=2.4794861727859816 0.8872534865513434 4.3339826615992925 7.2069202824495759 3.6285148651804766 1.4421383115695774 2.3048124914057579 18.685817666933875 19.679867611150257 21.798758205492049 31.407036375836469 12.708576132543383 12.762914717197416 3.4956867853179565 8.2662475146353227 32.327955656975973 3.1906721889972678 13.58096874062903 7.8995929278898966 2.3116738721728325 1.5437055549118666 4.5430269888602197 3.1397891339147463 6.8005605600774279 3.8166991695761681 3.2700732601806521 1.406574740540236
leaf_count=49 27 42 70 47 36 46 174 408 162 330 134 50 71 88 710 6 188 129 10 23 82 70 40 39 131 18
internal_value=-0.000241337 -0.00321789 0.00258703 0.0101784 0.00405247 0.00603891 0.0119886 -0.00444359 0.0132662 0.00126152 -0.00753877 0.00397307 -0.0060263 -0.00870714 -0.0108881 0.000406249 -0.0135989 0.000198322 0.00584553 0.00190195 0.00767449 -0.00295293 0.0154466 -0.00932056 -0.00782922 -0.00611435
internal_weight=234.919 141.091 69.3566 32.6342 93.8282 81.3971 30.931 36.7224 29.0057 50.4661 32.3884 44.17 12.4311 71.7344 57.3658 11.4569 45.9089 14.3686 10.2113 8.93545 6.08673 5.4446 25.4864 6.29619 4.15733 2.84871
internal_count=3180 2152 863 279 1028 798 330 584 232 468 542 380 230 1289 992 94 898 297 139 159 105 116 214 88 158 54
is_linear=0
shrinkage=0.0435066


Tree=134
num_leaves=14
num_cat=0
split_feature=16 4 10 23 27 16 18 4 14 10 17 17 4
split_gain=1.31635 1.66185 1.591 1.75031 2.28461 1.09888 1.59653 1.35446 0.80815 0.74344 0.324629 0.11997 0.0426749
threshold=10.500000000000002 41.050000000000004 0.2137002341920374 1.0000000180025095e-35 4.5000000000000009 15.500000000000002 11.500000000000002 36.550000000000004 1.5000000000000002 0.17846085802742148 62.010833333333345 53.665416666666673 34.650000000000013
decision_type=2 2 2 2 2 2 2 2 2 2 2 2 2
left_child=10 2 5 8 -5 6 -2 -7 -4 -3 12 -11 -1
right_child=1 9 3 4 -6 7 -8 -9 -10 11 -12 -13 -14
leaf_value=0 -0.012336904292045713 0.016819001453956189 0.00065394666263007969 0.012418005611258087 -0.01226095355822804 -0.0042866521460911636 0.00068719950783478637 0.013032881292105825 -0.010059802010753863 -0.0030633336017660902 0.0012166193039312972 0.0036036860084000702 -0.013519400074718527
leaf_weight=0.98255402105860135 40.365435517509468 9.5801207721233386 65.19538277212996 38.708051070687361 2.6507299931254229 15.694040364585819 25.421314373612404 7.2845527618192127 9.6522555127157812 4.3333568293601266 0.94087797775864679 3.1288450062274933 10.543827048153615
leaf_count=21 757 62 755 492 44 150 206 49 238 39 18 24 325
internal_value=-0.000294468 0.000586013 -0.000606474 0.00263492 0.00917226 -0.00484561 -0.0075565 0.00252884 -0.00129896 0.0115563 -0.0113232 0 -0.0129748
internal_weight=234.481 222.014 204.972 116.206 41.3588 88.7653 65.7867 22.9786 74.8476 17.0423 12.4673 7.4622 11.5264
internal_count=3180 2816 2691 1529 536 1162 963 199 993 125 364 63 346
is_linear=0
shrinkage=0.0435066


Tree=135
num_leaves=26
num_cat=0
split_feature=16 10 5 5 5 4 4 17 22 2 23 4 20 5 4 5 10 2 1 6 5 5 2 24 4
split_gain=1.69869 1.27668 1.82011 2.30478 1.89759 2.30172 1.11691 1.0579 1.37474 1.45776 1.04588 1.5384 0.871101 0.789887 0.753262 0.706322 0.683041 0.522055 0.496563 0.483775 0.3056 0.27013 0.135917 0.125495 0.0214045
threshold=12.500000000000002 0.17846085802742148 46.750000000000007 183.35000000000005 38.45000000000001 37.650000000000013 36.850000000000001 64.482967032967039 1.5000000000000002 4.5000000000000009 1.0000000180025095e-35 38.250000000000007 5.5000000000000009 116.55000000000001 42.250000000000007 39.550000000000004 0.29669386002576215 8.5000000000000018 2.5000000000000004 68.950000000000017 11.750000000000002 85.40000000000002 9.5000000000000018 1.0000000180025095e-35 34.350000000000001
decision_type=2 2 2 2 2 2 2 2 2 2 2 2 2 2 2 2 2 2 2 2 2 2 2 2 2
left_child=6 7 4 16 5 -3 12 8 9 -2 14 23 22 18 21 24 -4 -15 -9 -6 -13 -8 -1 -12 -14
right_child=1 2 3 -5 19 -7 10 13 -10 -11 11 20 15 17 -16 -17 -18 -19 -20 -21 -22 -23 -24 -25 -26
leaf_value=-0.01908956997345828 -0.0017100841518620413 -0.0046441752748190351 -0.018947801900028319 0.0082875269408384904 0.020307063755036679 0.010885459371514332 -0.014249916133553413 0.0025365078354403262 -0.0071425539203436627 0.015935809303287814 0.00052407227003673927 0.0021978064060241571 0 0.00981792131719713 0.004859357547297603 0.0067672500503755638 0 -0.0032747289592022209 -0.012714723773518241 0.0022448755911169665 -0.0094998212733508804 0 -0.00053868938989067245 0.01786293802445239 -0.009068256438318904
leaf_weight=11.089876197045667 8.6515339473262411 62.724104355263989 15.203957146499311 5.3855793084949246 5.445044592022894 17.854620624391828 6.9493961817352119 1.8674065894447291 2.9966239251662037 32.831827841117047 2.6280264072120172 1.8593257386237381 0.6437757045496254 6.8383462680503708 2.7451887130737296 5.1870815111324191 5.0262592099606982 4.3016524091362953 5.8695277405204251 7.9662388629512861 4.0799350468441844 4.6418580869212747 2.3857547680381694 5.0544839350041002 3.7291224085493013
leaf_count=331 115 908 161 41 14 285 149 24 35 312 47 31 18 44 17 45 40 39 100 59 54 42 62 39 152
internal_value=4.88223e-05 0.00207566 -0.00054805 -0.00959823 0.00228067 -0.000530456 -0.00645936 0.00676203 0.0100598 0.0123133 0 0.00691728 -0.0123585 -0.00119941 -0.00698027 -0.000260029 -0.0155954 0.00484912 -0.0088503 0.0143263 -0.00579523 -0.0110802 -0.0175552 0.0156037 -0.00858204
internal_weight=233.957 182.963 119.606 25.6158 93.99 80.5787 50.9938 63.3569 44.48 41.4834 27.9582 13.6218 23.0356 18.8769 14.3364 9.55998 20.2302 11.14 7.73693 13.4113 5.93926 11.5913 13.4756 7.68251 4.3729
internal_count=3164 2177 1508 242 1266 1193 987 669 462 427 379 171 608 207 208 215 201 83 124 73 85 191 393 86 170
is_linear=0
shrinkage=0.0435066


Tree=136
num_leaves=21
num_cat=0
split_feature=16 11 9 10 3 25 4 6 17 6 6 17 17 18 11 8 10 11 9 6
split_gain=1.6821 1.0491 1.59851 1.27132 1.34546 1.05988 1.53023 1.48607 1.68193 0.70016 1.23027 0.452515 0.412379 0.313741 0.300058 0.208445 0.1682 0.104436 0.0313847 0.235805
threshold=11.500000000000002 0.061862244897959155 0.032291666666666656 0.15504807692307693 54.500000000000007 1.5000000000000002 37.650000000000013 146.15000000000001 44.24807692307693 155.95000000000002 109.55000000000001 55.723958333333336 87.75437500000001 13.500000000000002 0.086670838548185206 2021.5000000000002 0.29128959276018102 0.16025641025641021 0.07669789227166271 127.35000000000001
decision_type=2 2 2 2 2 2 2 2 2 2 2 2 2 2 2 2 2 2 2 2
left_child=14 2 3 4 -2 6 12 8 -7 10 -4 -8 -3 -5 18 17 -17 -16 19 -1
right_child=1 5 9 13 -6 7 11 -9 -10 -11 -12 -13 -14 -15 15 16 -18 -19 -20 -21
leaf_value=-0.015185166245731329 0.010578202623849705 -0.021060146824585957 0.0033173778152555664 -0.01443546228503923 -0.0067903461188747174 0.0072240538491946732 -0.0042293376101679983 0.016481630101624217 -0.0042727120162314161 -0.0040205837970762525 0.017412155562158325 0.0084789408320650166 0 0 0.0060092308488742608 0.0010448592492516996 -0.0081952662299764716 -0.00090857392494168301 -0.00023434383168241147 0
leaf_weight=10.544909248361366 12.939796931808816 6.5204178348649311 32.499210999405477 7.4883995511336234 8.4194895760156196 26.944076932995813 3.7107769721187642 3.5043774247169486 78.153034817543812 2.8889790317043653 19.708188569871709 4.2232341300696135 1.6619344064965842 3.2165932971984148 2.2779127678368236 1.4890723588177937 2.1356869732262567 1.2857468251604585 2.130488578695803 1.0935945163946588
leaf_count=248 131 154 429 148 109 385 46 8 935 39 165 28 28 25 53 31 84 48 40 30
internal_value=-2.58712e-05 0.00121001 0.00472349 -0.00248025 0.00338358 -0.0012813 -0.00986794 0.000391936 -0.00098531 0.00889822 0.0101515 0.00261134 -0.0184467 -0.0116181 -0.0102105 -0.000489733 -0.00517397 0.00354032 -0.0130013 -0.0138606
internal_weight=232.836 211.879 87.1607 32.0643 21.3593 124.718 16.1164 108.601 105.097 55.0964 52.2074 7.93401 8.18235 10.705 20.9574 7.18842 3.62476 3.56366 13.769 11.6385
internal_count=3164 2630 1046 413 240 1584 256 1328 1320 633 594 74 182 173 534 216 115 101 318 278
is_linear=0
shrinkage=0.0435066


Tree=137
num_leaves=18
num_cat=0
split_feature=7 6 4 0 6 3 6 17 6 5 6 5 0 5 8 5 17
split_gain=1.1216 1.15533 1.11718 1.53315 1.58222 1.68848 1.2125 0.992999 2.10945 1.22902 0.886195 0.843029 0.577312 0.291812 0.264783 0.143544 0.094582
threshold=2.5000000000000004 112.85000000000001 39.45000000000001 1350.0000000000002 70.450000000000017 54.500000000000007 110.55000000000001 46.578671328671341 122.25000000000001 37.750000000000007 108.25000000000001 39.250000000000007 2200.0000000000005 61.150000000000013 2021.5000000000002 106.25000000000001 45.642857142857146
decision_type=2 2 2 2 2 2 2 2 2 2 2 2 2 2 2 2 2
left_child=1 13 3 4 5 -2 10 9 -9 -5 -4 -6 -8 -1 -12 -15 -3
right_child=2 16 6 7 11 -7 12 8 -10 -11 14 -13 -14 15 -16 -17 -18
leaf_value=-0.017039014105964929 0.0062406025691335229 0.0061413708603807069 0.0094546350959325617 -0.0045691638730469622 0.001985432333196755 -0.0096211508457036497 0.01798960861930949 -0.015400584815977787 0.0025261024789664643 0.0059671763230273681 0 0.017891648876533967 0 0.0022851944677996041 -0.0099717994892690662 -0.0051103842676287099 -0.00027152221934827073
leaf_weight=8.8620028997829667 20.480720061110333 3.5894091874361029 3.9126363494433489 44.935395282926038 14.851546303601937 17.268221291014925 10.874031311832367 23.844785345427226 16.900001935660839 28.724451409187168 6.7540172766894084 11.959185190498827 4.9353306670673183 2.9218565714545539 6.0778548792004585 2.795681431889534 2.0582286157878116
leaf_count=305 274 44 46 740 151 262 72 541 189 209 62 59 48 35 65 33 29
internal_value=-9.42302e-05 -0.00853737 0.000898019 -0.000487305 0.00454025 -0.00113601 0.00758261 -0.00349949 -0.00842885 -0.000183725 -0.00051072 0.0114939 0.0142528 -0.0136545 -0.00623086 -0.00130362 0.00408284
internal_weight=231.745 20.2272 211.518 178.964 64.5597 37.7489 32.5539 114.405 40.7448 73.6598 16.7445 26.8107 15.8094 14.5795 12.8319 5.71754 5.64764
internal_count=3164 446 2718 2425 746 536 293 1679 730 949 173 210 120 373 127 68 73
is_linear=0
shrinkage=0.0435066


Tree=138
num_leaves=24
num_cat=0
split_feature=16 4 3 17 2 6 6 10 3 5 5 0 11 7 17 23 10 10 16 4 2 5 2
split_gain=1.6294 1.08379 1.14326 1.01621 1.33027 2.95746 1.72096 1.67115 1.43411 1.41715 1.10888 1.40986 0.94212 1.02402 0.818735 1.08756 0.669632 0.644213 0.400514 0.313364 0.343676 0.213237 0.0317755
threshold=12.500000000000002 36.550000000000004 52.500000000000007 37.952857142857148 9.5000000000000018 123.15000000000002 104.35000000000001 0.16064516129032258 51.500000000000007 36.250000000000007 25.750000000000004 1900.0000000000002 0.084219858156028365 3.5000000000000004 51.927777777777784 1.0000000180025095e-35 0.15331196581196582 1.0000000180025095e-35 11.500000000000002 34.750000000000007 10.500000000000002 12.250000000000002 3.5000000000000004
decision_type=2 2 2 2 2 2 2 2 2 2 2 2 2 2 2 2 2 2 2 2 2 2 2
left_child=1 17 18 10 6 8 9 -8 -6 -5 11 21 13 -12 15 -4 -7 -1 -3 22 -21 -2 -19
right_child=3 2 14 4 5 16 7 -9 -10 -11 12 -13 -14 -15 -16 -17 -18 19 -20 20 -22 -23 -24
leaf_value=0.0031281007901709126 0.0020000049838566087 -0.00075268328103252828 -0.0079117289004875767 -0.0005318246717416589 0.0077864811723081257 -0.0031921482275746207 0.0066776677136055097 -0.0079059104718656181 -0.012481575983896064 0.01411054264390247 -0.0063808439003748465 -0.0054428240505122504 -0.01021859026378844 0.012039109545101076 -0.014800867646272734 0.0082972486424904481 0.012376648149057173 0.0016939214024492739 0.013356182109375947 -0.01839336030872395 0 0.02306555800840273 -0.0021702647195417958
leaf_weight=1.0093807913363004 3.6112147632520664 2.8719471583608565 9.3970032196957654 16.863801017403603 2.5797900373581788 2.8581532649695864 18.425883621326648 29.916662681964226 40.388401408708887 28.129056030884385 3.2448633750900653 1.5884048389270891 4.1673900014720848 8.7203014097176474 4.7231236923835231 8.9155050124973059 12.821258416166527 1.4093005640897929 4.7810057606548071 13.745907520409672 1.7718434785492707 7.5109334399458021 1.424149776343256
leaf_count=13 106 42 159 250 26 21 209 471 565 165 37 32 40 65 73 128 112 19 37 429 46 78 41
internal_value=-3.78477e-05 -0.00654829 -0.000548089 0.00187545 0.000250337 -0.00452907 0.00345395 -0.0020308 -0.010196 0.00905394 0.0085295 0.0155871 0 0.00601025 -0.00555693 0 0.00898089 -0.0131368 0.00943958 -0.0150217 -0.0167806 0.0200628 0
internal_weight=230.875 50.0492 30.6886 180.826 151.983 58.6476 93.3354 48.3425 42.9682 44.9929 28.8431 12.7106 16.1326 11.9652 23.0356 18.3125 15.6794 19.3606 7.65295 18.3512 15.5178 11.1221 2.83345
internal_count=3164 987 439 2177 1819 724 1095 680 591 415 358 216 142 102 360 287 133 548 79 535 475 184 60
is_linear=0
shrinkage=0.0435066


Tree=139
num_leaves=24
num_cat=0
split_feature=16 4 3 5 5 9 9 5 2 10 3 11 20 2 10 4 4 3 9 4 2 2 5
split_gain=1.4793 1.13003 1.2178 0.993461 2.61272 2.64713 2.07266 2.05397 0.954161 1.06608 1.40185 0.868613 0.722376 0.681505 0.612071 0.446287 0.391175 0.339839 0.279225 0.196504 0.159476 0.0892445 0.074797
threshold=12.500000000000002 36.850000000000001 52.500000000000007 33.150000000000013 34.850000000000001 0.066081498999454216 0.033520599250936305 223.60000000000002 4.5000000000000009 0.41070163004961019 55.250000000000007 1.0000000180025095e-35 5.5000000000000009 2.5000000000000004 0.22653958944281524 38.45000000000001 41.250000000000007 54.500000000000007 0.049515639589168957 39.150000000000013 9.5000000000000018 8.5000000000000018 29.500000000000004
decision_type=2 2 2 2 2 2 2 2 2 2 2 2 2 2 2 2 2 2 2 2 2 2 2
left_child=1 12 18 8 -5 6 -6 -7 11 10 -10 -2 20 22 17 -15 -13 -14 -3 -11 -1 -16 -4
right_child=3 2 13 4 5 7 -8 -9 9 19 -12 16 14 15 21 -17 -18 -19 -20 -21 -22 -23 -24
leaf_value=-0.018475769377012289 0.0078518430599790693 0 0.0065202677046542062 -0.017402067775609556 -0.0069390962144572962 -0.015678732879727188 0.0078591889166883117 0.0092387464741511896 0.0025491556547488745 -0.008603479633847529 0.01955758393930045 -0.011313702437624897 0.010009946039888914 0 -0.010121415659072621 -0.013535717478302855 0.0021040493450881891 -0.0022567521915676783 0.014622462011928048 0.0014324474646662615 -0.00032241927602308092 0 0
leaf_weight=10.966278478270395 3.466003934852778 3.2439637128263739 2.3955667294212644 8.599325327202676 16.507413919316605 17.696999278152365 79.579583433573134 3.0995314903557292 22.487983748083934 2.2552290007879487 15.404923044727182 7.9154504475300183 3.4057248799363151 8.2802505943691376 2.630640893708915 7.7418405449716365 1.7173280119895933 2.2629340649582446 3.3916001359466463 1.262903274502605 2.435281688813121 1.0964394537732003 1.9725367669016121
leaf_count=331 43 32 38 143 170 177 577 18 434 92 246 250 52 132 86 120 13 50 31 14 62 27 26
internal_value=0 -0.00620046 0 0.00184374 -0.000280081 0.00175048 0.00493947 -0.010278 0.00640571 0.00935615 0.0115458 -0.00241793 -0.0121185 -0.00515497 -0.000577989 -0.00885592 -0.00841415 0.00569843 0.0109952 -0.00540648 -0.0168675 -0.00865956 0.00466936
internal_weight=229.816 49.8231 27.0258 179.993 125.483 116.884 96.087 20.7965 54.5098 41.411 37.8929 13.0988 22.7973 20.3902 9.39574 16.0221 9.63278 5.66866 6.63556 3.51813 13.4016 3.72708 4.3681
internal_count=3164 987 379 2177 1085 942 747 195 1092 786 680 306 608 316 215 252 263 102 63 106 393 113 64
is_linear=0
shrinkage=0.0435066


Tree=140
num_leaves=20
num_cat=0
split_feature=4 16 6 5 5 9 5 6 5 2 3 3 4 9 16 2 16 6 5
split_gain=2.41149 1.93706 1.64258 1.76213 1.55796 1.86698 1.85143 1.56862 1.49091 1.41263 1.33662 0.905175 1.15847 0.843084 0.708012 0.660968 0.340388 0.213761 0.116026
threshold=38.350000000000001 14.500000000000002 74.200000000000003 160.30000000000004 36.650000000000013 0.07669789227166271 131.95000000000002 69.450000000000017 40.100000000000009 11.500000000000002 55.250000000000007 56.500000000000007 42.150000000000013 0.03608470181503886 13.500000000000002 5.5000000000000009 12.500000000000002 153.70000000000002 213.00000000000003
decision_type=2 2 2 2 2 2 2 2 2 2 2 2 2 2 2 2 2 2 2
left_child=2 11 4 8 7 6 -6 10 9 -4 -1 12 15 -5 -9 -2 -7 -10 -15
right_child=1 -3 3 13 5 16 -8 14 17 -11 -12 -13 -14 18 -16 -17 -18 -19 -20
leaf_value=-0.016605057692563659 0.0026590579868640066 0.022704854442595734 -0.0082232964704562119 -0.0053234103421394719 0.014468070373731276 -0.012887996808670846 -0.0044595100628854406 -0.0048770794848678085 -0.01870228450930745 0.0069569831360883688 0 0.013357736355140083 0.010431730066200408 0.013847880103128431 0.011314504343057096 -0.0070026101344830734 0.0001355899559305377 0 0.00051011171868169038
leaf_weight=13.874180222977886 16.841132005094551 6.0521487332880488 29.017443475575419 3.6545775346457949 31.271545347757638 3.4105885950848451 8.7904993975535017 2.261277488549239 20.831752654397864 10.77140432820306 16.566950588254258 6.2851402091328046 9.5264029717072827 4.3847608966752869 8.5742662937846017 24.780592308146879 3.5801945999264717 2.1243133693933478 3.8646906083449721
leaf_count=301 223 29 863 29 182 34 56 80 271 182 231 57 60 24 111 348 26 27 33
internal_value=0.000124782 0.00695451 -0.0026413 -0.00713814 0.00128221 0.00638074 0.0100558 -0.00439659 -0.00998471 -0.00349552 -0.00914729 0.00299269 0.000178707 0.00554334 0.00679241 -0.00305329 -0.008625 -0.0176306 0.0112643
internal_weight=226.464 63.4854 162.978 74.6489 88.3295 47.0528 40.062 41.2767 62.7449 39.7888 30.4411 57.4333 51.1481 11.904 10.8355 41.6217 6.99078 22.9561 8.24945
internal_count=3167 717 2450 1429 1021 298 238 723 1343 1045 532 688 631 86 191 571 60 298 57
is_linear=0
shrinkage=0.0435066


Tree=141
num_leaves=24
num_cat=0
split_feature=4 21 6 6 7 5 9 3 5 5 2 22 5 1 7 6 1 11 9 9 6 6 2
split_gain=2.20482 1.80236 1.66163 1.53239 1.39232 1.38226 2.31738 1.54043 1.33602 1.27297 1.27378 1.00846 0.934199 1.06302 0.857212 0.844568 0.813808 0.747975 0.738552 0.21099 0.136288 0.0800012 0.049363
threshold=38.350000000000001 1.0000000180025095e-35 74.200000000000003 70.450000000000017 2.5000000000000004 36.650000000000013 0.069187089061566009 55.250000000000007 160.30000000000004 40.100000000000009 11.500000000000002 1.0000000180025095e-35 60.050000000000004 5.5000000000000009 2.5000000000000004 108.15000000000002 1.5000000000000002 0.043055555555555507 0.03608470181503886 0.025167084377610654 126.25000000000001 112.15000000000002 6.5000000000000009
decision_type=2 2 2 2 2 2 2 2 2 2 2 2 2 2 2 2 2 2 2 2 2 2 2
left_child=2 4 3 5 -2 7 -7 -1 9 10 -4 -5 14 16 21 -16 -14 -13 -10 -11 -6 -3 -20
right_child=1 12 8 11 20 6 -8 -9 18 19 -12 17 13 -15 15 -17 -18 -19 22 -21 -22 -23 -24
leaf_value=-0.014603978282753671 -0.0020837976231012317 -0.0079101824021985713 -0.0080116916142635459 0.016857987148555603 0.025576370188390304 0.0091038560377599363 -0.013359916095899016 0.0012964874842482424 -0.005644714868170188 -0.0011966456180180162 0.0063972046735483214 -0.010090164992599607 0.0033252586312049318 0.0077801806177237179 -0.0020571384834882941 0.013097507246168018 -0.012742071855848476 0.0065506368501493054 0.011909537104099777 -0.018349027491675308 0.0034388410327862401 0 0.0007815812921159929
leaf_weight=17.148064300301485 3.5958553152158848 1.6109879140276491 28.917548989673378 10.195683450205253 7.2522307708859426 29.545705843484029 4.999642106704413 18.573706446564756 3.6061765179038039 3.816941600758585 10.829056615941225 2.7147517888806751 4.0292792618274751 4.1181859690695992 6.0722247664816704 17.830903835827485 13.900102717452681 4.7228375656995922 3.8345356397330743 19.049233967554756 4.1655705338343978 1.532091869972646 4.1887455452233553
leaf_count=377 40 49 863 87 36 176 45 255 29 56 182 33 33 39 161 190 117 48 24 242 39 13 33
internal_value=1.47844e-05 0.0065097 -0.00264574 0.00130903 0.0170839 -0.00167418 0.00400312 -0.00717353 -0.00718058 -0.00961201 -0.0035201 0.0108578 0.00147177 -0.004278 0.00637954 0.00930063 -0.00879536 -0.000677124 0.00410584 -0.0167291 0.0222458 -0.00608038 0.0097468
internal_weight=226.25 64.1074 162.143 87.9004 15.0137 70.2671 34.5453 35.7218 74.2422 62.6128 39.7466 17.6333 49.0938 22.0476 27.0462 23.9031 17.9294 7.43759 11.6295 22.8662 11.4178 3.14308 8.02328
internal_count=3167 717 2450 1021 115 853 221 632 1429 1343 1045 168 602 189 413 351 150 81 86 298 75 62 57
is_linear=0
shrinkage=0.0435066


Tree=142
num_leaves=17
num_cat=0
split_feature=4 16 6 17 6 17 3 4 6 6 6 4 6 3 17 1
split_gain=1.79145 1.58098 1.46474 1.17367 1.17586 0.902606 0.895167 1.04071 0.887278 0.929702 1.26269 0.810173 0.612745 0.484817 0.472426 0.351199
threshold=38.350000000000001 14.500000000000002 91.15000000000002 67.223076923076931 122.25000000000001 30.896212121212127 56.500000000000007 42.350000000000001 90.550000000000011 74.200000000000003 70.450000000000017 33.850000000000001 108.15000000000002 52.500000000000007 72.532142857142873 5.5000000000000009
decision_type=2 2 2 2 2 2 2 2 2 2 2 2 2 2 2 2
left_child=2 6 8 5 14 15 7 12 9 10 -1 -7 -2 -11 -5 -4
right_child=1 -3 3 4 -6 11 -8 -9 -10 13 -12 -13 -14 -15 -16 -17
leaf_value=-0.0017404718227444801 -0.010148623791519875 0.019897711815649262 -0.0037268856103961842 0.0029120046578499357 0.011940254055259926 -0.0007639367121101638 0.01251184685477108 0.0099714040386498851 0.013143287926700442 0.0017405783331475931 0.0096320720066902909 -0.015951591068152114 0 -0.014995308086520302 -0.01126781078303416 0.007056084215096424
leaf_weight=70.368079998530447 10.02153237571474 5.9181030243635169 7.3950618744129297 2.3903779554238991 6.0411528666736558 10.736722843721507 6.1629263965878627 7.8517945641651741 3.3254342048894605 1.5086117517203081 17.631518312031403 29.688880028697895 33.512596260057762 5.0229165488854051 4.4637776719173416 2.9850069293752313
leaf_count=853 204 29 189 43 62 100 57 50 42 20 168 675 377 130 118 50
internal_value=-0.000171329 0.00563677 -0.00264302 -0.00745346 0.00268677 -0.0102158 0.00213817 -0.000200185 0.00066175 -0.000496974 0.000938569 -0.0127985 -0.00329542 -0.0114191 -0.00656027 0.000303334
internal_weight=225.024 63.467 161.558 63.701 12.8953 50.8057 57.5488 51.3859 97.8566 94.5311 87.9996 40.4256 43.5341 6.53153 6.85416 10.3801
internal_count=3167 717 2450 1237 223 1014 688 631 1213 1171 1021 775 581 150 161 239
is_linear=0
shrinkage=0.0435066


Tree=143
num_leaves=22
num_cat=0
split_feature=4 7 27 8 4 27 17 6 6 9 10 17 11 9 11 6 6 6 6 10 9
split_gain=1.79314 1.42394 1.38341 1.25046 1.36811 1.0938 1.09346 1.57474 1.0327 0.929012 0.920769 0.910541 1.01169 1.07359 1.06454 0.818041 0.697286 0.563755 0.44744 0.433067 0.06813
threshold=38.350000000000001 2.5000000000000004 3.5000000000000004 2022.5000000000002 35.150000000000013 2.5000000000000004 58.494642857142871 110.45000000000002 109.25000000000001 0.043961352657004807 0.17519181585677748 61.49687500000001 0.086670838548185206 0.13893653516295021 0.040833333333333312 108.15000000000002 145.45000000000002 126.25000000000001 69.15000000000002 0.31123737373737376 0.099481987285142459
decision_type=2 2 2 2 2 2 2 2 2 2 2 2 2 2 2 2 2 2 2 2 2
left_child=2 9 11 8 18 6 15 -8 10 -2 -4 12 14 -14 -1 -3 -10 -7 -5 -13 -11
right_child=1 5 3 4 -6 17 7 -9 16 20 -12 19 13 -15 -16 -17 -18 -19 -20 -21 -22
leaf_value=-0.0065153960043065635 0.0048341421543708664 -0.0018966625803204097 0.0075304918439451814 0.0036228834001256561 0.015310177071026738 0.022612916549621859 -0.012957890040339023 0.0086433098225294474 -0.01073016138952192 -0.015013350209086939 -0.0020865500479005823 -0.022015270661132257 -0.01884057889221926 0.003573783726428862 0.0085039809871420916 0.011714296566044349 0.0018576850701631897 0.00035219087123330946 -0.010446117909601295 0 0
leaf_weight=10.434394647018058 3.8943664571270329 7.9381606295937699 20.349314282764681 1.9848750280216361 11.452647123835048 6.7840465493500215 8.8249567330349219 4.6258167251944533 25.092543133185245 3.6045289130415767 55.164388691191562 5.2394321461906648 5.6084667399991286 2.4333221364649944 12.066649630200116 21.674789502751082 7.2902887398377052 3.947513148188591 2.8218188345199451 1.1073509623529387 1.9720130558125673
leaf_count=185 35 136 200 30 137 36 158 38 434 49 695 131 139 65 224 188 106 39 69 35 38
internal_value=-2.99529e-05 0.00578739 -0.00251159 -8.72532e-05 0.00914833 0.00853676 0.00383757 -0.00462827 -0.00200884 -0.00631334 0.000774614 -0.0092008 -0.0037453 -0.0128027 0.0012929 0.00810291 -0.00780089 0.0182353 -0.00500548 -0.0194737 -0.013341
internal_weight=224.312 63.2662 161.045 124.156 16.2593 53.7953 43.0637 13.4508 107.897 9.47091 75.5137 36.8896 30.5428 8.04179 22.501 29.613 32.3828 10.7316 4.80669 6.34678 5.57654
internal_count=3167 717 2450 1671 236 595 520 196 1435 122 895 779 613 204 409 324 540 75 99 166 87
is_linear=0
shrinkage=0.0435066


Tree=144
num_leaves=21
num_cat=0
split_feature=4 27 8 4 16 5 6 6 7 5 6 22 10 5 4 6 5 6 7 10
split_gain=1.90087 1.96505 1.36532 1.4503 1.62311 1.57414 1.31813 2.60311 1.85215 1.52787 1.05226 0.879777 1.02235 1.06055 0.853602 0.517465 0.840772 0.383506 0.173762 0.0458853
threshold=38.050000000000004 3.5000000000000004 2019.0000000000002 35.150000000000013 15.500000000000002 34.650000000000013 105.55000000000001 108.15000000000002 2.5000000000000004 59.250000000000007 115.45000000000002 1.5000000000000002 0.32882882882882886 304.95000000000005 39.650000000000013 70.950000000000017 24.450000000000003 123.25000000000001 4.5000000000000009 0.42976939203354297
decision_type=2 2 2 2 2 2 2 2 2 2 2 2 2 2 2 2 2 2 2 2
left_child=1 11 15 5 -5 -4 -2 14 10 -10 -9 12 13 -1 18 16 -3 -17 -8 -14
right_child=6 2 3 4 -6 -7 7 8 9 -11 -12 -13 19 -15 -16 17 -18 -19 -20 -21
leaf_value=-0.017574558677517085 0.018586992990361189 -0.0099613754816334499 -0.012422150228784829 0.00044522370778325135 0.017078885579721502 0.0019304237998081651 -0.018870017752205152 -0.015783517848724074 0.015636825253329708 0 0.004824079543190616 0.0045132707438397352 0.0044017502544861416 0.004175955406662055 0.003159549856278331 -0.015232631671448477 0.0077428173714458896 3.648244406496028e-05 0 0
leaf_weight=26.494465000403586 6.1469819126650682 2.3168916720896986 13.412506400840355 27.685086156998295 14.10866367490962 45.354129834682681 6.3183315977221337 4.3582901367917648 26.685254574287683 19.870394909754395 3.1474375324323773 2.0963806670624754 2.5224859537556763 1.5391426123678673 2.0198485942091784 9.8389641186222416 5.4074102041777223 2.2165371507871887 1.9809151967056093 0.97675520658958692
leaf_count=560 45 65 325 500 118 342 197 80 258 161 22 34 61 9 31 207 39 46 28 39
internal_value=-8.02137e-05 -0.00281632 0 0.00214918 0.00781527 -0.00210405 0.00549526 0.00250961 0.00663 0.00992341 -0.0081978 -0.0111515 -0.0130523 -0.0155264 -0.0126893 -0.00891443 0 -0.0128552 -0.0169195 0.00296894
internal_weight=224.497 153.969 120.34 100.56 41.7937 58.7666 70.5275 64.3805 54.0614 46.5556 7.50573 33.6292 31.5328 28.0336 10.3191 19.7798 7.7243 12.0555 8.29925 3.49924
internal_count=3167 2345 1642 1285 618 667 822 777 521 419 102 703 669 569 256 357 104 253 225 100
is_linear=0
shrinkage=0.0435066


Tree=145
num_leaves=21
num_cat=0
split_feature=6 4 6 16 5 7 6 5 1 4 17 9 3 4 16 11 6 18 9 9
split_gain=2.13878 3.44838 2.34564 1.7271 1.50535 1.24105 2.42074 1.1465 3.97399 1.98976 1.10699 0.834407 0.7994 0.790204 1.07507 0.778375 0.657829 0.55151 0.517764 0.289191
threshold=102.85000000000001 36.850000000000001 108.55000000000001 13.500000000000002 80.100000000000009 3.5000000000000004 125.55000000000001 37.750000000000007 2.5000000000000004 34.350000000000001 21.123232323232326 0.13484848484848483 54.500000000000007 42.850000000000001 15.500000000000002 0.022321428571428555 145.75000000000003 13.500000000000002 0.012896825396825353 0.025167084377610654
decision_type=2 2 2 2 2 2 2 2 2 2 2 2 2 2 2 2 2 2 2 2
left_child=1 3 10 4 11 13 15 9 -9 -5 -2 -1 -6 14 -4 -7 -8 18 -12 -3
right_child=2 19 5 7 12 6 16 8 -10 -11 17 -13 -14 -15 -16 -17 -18 -19 -20 -21
leaf_value=-0.018595792301983133 0.0057398854319607642 0.0011438305083829544 -0.0086204215795640752 -0.0076798726077328561 -0.0048703518605803364 -0.00047370942036437292 -0.013315884611888687 0.019557235046978268 -0.0068594318861919462 0.009362491062836098 0 0.0020193645870477455 0.012323506392759514 0.0069176202673352514 0.0045530795026831744 0.016269734263043928 0.00092389930989848182 0.0011069643821432133 -0.01953277805816056 0.020549717315160605
leaf_weight=11.230839773896152 1.0329085662961031 3.6136080436408546 40.980845098441932 25.45134852186311 4.3456740290857843 4.7430860882159349 5.1637908974662414 19.90415670350194 13.08721655490808 15.190282442374153 1.991844953270635 2.1648835088126352 3.331556080840528 4.9395881704986087 9.9097159438533691 18.702877884206828 8.8539707562886161 1.3566817604005326 18.49252055955003 17.085151021834463
leaf_count=343 11 29 645 322 44 60 75 94 104 245 41 63 22 33 117 186 109 13 547 126
internal_value=0.000849389 0.00494257 -0.00318135 0.000848224 -0.00848016 8.25538e-05 0.00576562 0.00411601 0.00942023 -0.000682945 -0.0139028 -0.0151878 0.0041137 -0.00377345 -0.00565409 0.0131801 -0.00639235 -0.0162925 -0.017807 0.018617
internal_weight=231.573 115.405 116.168 94.706 21.073 93.2939 37.4637 73.633 32.9914 40.6416 22.874 13.3957 7.67723 55.8301 50.8906 23.446 14.0178 21.841 20.4844 20.6988
internal_count=3229 1392 1837 1237 472 1225 430 765 198 567 612 406 66 795 762 246 184 601 588 155
is_linear=0
shrinkage=0.0435066


Tree=146
num_leaves=16
num_cat=0
split_feature=10 1 24 7 5 5 10 16 10 2 8 2 5 23 17
split_gain=1.66511 1.80522 1.74811 1.46323 1.94275 2.76333 1.92161 1.49002 1.16535 0.978556 0.891108 0.714383 0.550113 0.507551 0.168223
threshold=0.13118961352657002 1.5000000000000002 1.5000000000000002 3.5000000000000004 38.45000000000001 24.850000000000005 0.22653958944281524 15.500000000000002 0.24454200284765068 3.5000000000000004 2019.0000000000002 12.500000000000002 14.65 1.0000000180025095e-35 49.301339285714285
decision_type=2 2 2 2 2 2 2 2 2 2 2 2 2 2 2
left_child=1 -1 3 7 5 -5 -6 8 -2 14 -9 12 -11 -4 -3
right_child=2 9 13 4 6 -7 -8 10 -10 11 -12 -13 -14 -15 -16
leaf_value=0.0082153436566619643 -0.0087394466991354107 0.004644853157284367 -0.016774979475361319 0.012397073258578103 0.01800103004606908 -0.0048981055724757038 -0.00210347634738468 -0.0054900618560143524 0.0016358103152674726 0 0.01097766142722032 0.00033940071359663286 -0.02196343075810581 0.00050804928311150559 -0.0033106248501572127
leaf_weight=4.9067862632218775 36.060241887695156 3.6031026458367732 4.8447662300895891 20.808293057547417 30.361047339159995 41.652935964055359 9.1151115999091399 2.9129188391380039 33.593760245217709 2.284400723641741 19.306288119871169 2.657737302593886 12.414498738013206 2.4673361007589847 2.8588152988813818
leaf_count=56 600 42 78 424 191 461 86 45 754 49 186 32 149 37 39
internal_value=0.0007259 -0.00798028 0.0022293 0.00323928 0.00667283 0.00134447 0.0134996 -0.000657657 -0.00389144 -0.0126968 0.0077128 -0.0168023 -0.0195287 -0.0127236 0.000454131
internal_weight=229.848 28.7253 201.123 193.811 101.937 62.4612 39.4762 91.8732 69.654 23.8186 22.2192 17.3566 14.6989 7.3121 6.46192
internal_count=3229 367 2862 2747 1162 885 277 1585 1354 311 231 230 198 115 81
is_linear=0
shrinkage=0.0435066


Tree=147
num_leaves=22
num_cat=0
split_feature=10 27 3 18 17 2 5 17 11 10 7 6 10 7 17 6 9 2 5 11 2
split_gain=2.12266 1.88313 1.80705 1.57296 1.15057 1.31371 1.03879 1.818 2.05566 1.43736 1.2285 1.10385 1.03513 0.875171 0.523384 0.334592 0.161529 0.118218 0.0930454 0.0743327 0.0473683
threshold=0.13118961352657002 2.5000000000000004 52.500000000000007 13.500000000000002 49.858333333333341 12.500000000000002 38.45000000000001 46.578671328671341 0.025978407557354904 0.22653958944281524 2.5000000000000004 124.65000000000002 0.15759905381431102 4.5000000000000009 34.218636363636371 89.550000000000011 0.056438791732909353 2.5000000000000004 39.550000000000004 0.089572192513368967 5.5000000000000009
decision_type=2 2 2 2 2 2 2 2 2 2 2 2 2 2 2 2 2 2 2 2 2
left_child=4 2 16 13 14 17 9 8 -8 12 -11 -9 -3 -4 -1 -16 18 -6 -2 -18 -17
right_child=1 6 3 -5 5 -7 7 11 -10 10 -12 -13 -14 -15 15 20 19 -19 -20 -21 -22
leaf_value=-0.0072491795226320042 -0.0032046570581036058 0.0086813707537878333 -0.012160480333036641 0.0097423345641005892 -0.0010721308760991417 0.0039267088628956431 -0.0046068430858324594 -0.0035124356035404073 0.019960835565356293 -0.0074692073036851311 0.010897511439191241 0.012760181156358076 -0.0053574634801627592 0.001108529329774536 -0.0018905571070483606 0.010394544940898339 0.013787641594259928 -0.021913541783736699 0.0033858818927995282 2.0756396230013602e-05 0
leaf_weight=4.6300367920193848 1.4125093700131386 5.7528025475330642 37.845560777117498 3.4496955201029769 2.346653134096413 2.3352924287319174 4.6463456125929978 24.079877177951861 25.307337725593243 2.9980250162770963 29.738166010240093 4.0501741021871558 44.948594950488769 8.9437904540682194 4.1295600601006281 3.5698582604527473 3.4211543895071372 9.4539209625218046 1.742436957079917 2.4677097832318395 2.635809242259711
leaf_count=87 44 96 728 22 30 24 51 220 155 167 567 28 569 118 39 35 33 118 23 41 34
internal_value=0.00070921 0.00241493 -0.00372618 -0.00713737 -0.00906623 -0.0157228 0.00510625 0.00930496 0.0157315 0.00160905 0.00799807 0.000499194 -0.00278119 -0.00960971 0 0.00490171 0.00962905 -0.0201748 0 0.011872 0.00886648
internal_weight=229.905 200.804 59.2829 50.239 29.1011 14.1359 141.521 58.0837 29.9537 83.4376 32.7362 28.1301 50.7014 46.7894 14.9653 10.3352 9.04381 11.8006 3.15495 5.88886 6.20567
internal_count=3229 2862 1009 868 367 172 1853 454 206 1399 734 248 665 846 195 108 141 148 67 74 69
is_linear=0
shrinkage=0.0435066


Tree=148
num_leaves=22
num_cat=0
split_feature=27 9 23 3 8 6 1 3 5 5 24 8 1 16 9 17 6 16 5 9 17
split_gain=1.49032 1.79763 1.2796 2.01924 2.83291 1.01633 0.89662 0.86911 1.6315 1.34856 0.845191 0.802385 0.797678 0.587971 0.524481 0.485546 0.475304 0.313317 0.144582 0.00668533 0.00272562
threshold=2.5000000000000004 0.025167084377610654 1.0000000180025095e-35 55.250000000000007 2021.5000000000002 127.35000000000001 5.5000000000000009 52.500000000000007 136.05000000000004 111.45 1.0000000180025095e-35 2022.5000000000002 2.5000000000000004 13.500000000000002 0.13263888888888889 63.584615384615397 107.45000000000002 13.500000000000002 35.95000000000001 0.045478036175710557 65.469642857142873
decision_type=2 2 2 2 2 2 2 2 2 2 2 2 2 2 2 2 2 2 2 2 2
left_child=7 6 3 4 -3 13 20 8 17 11 -5 14 -11 -4 -9 -14 -13 -1 -7 -19 -2
right_child=1 2 5 10 -6 18 -8 9 -10 12 -12 16 15 -15 -16 -17 -18 19 -20 -21 -22
leaf_value=0.014014037595220942 -0.014468501299613397 -0.011306777279540122 0.0010804662719742584 0.010008156241839863 0.0080753149803919275 -0.0064409469143982545 0.0037757849187613018 -0.014170512291813677 -0.011592333597309858 -0.0060074708500068852 -0.005017494805065306 -0.0059999226086967054 0.013404292561017706 0.014169021310320598 0 -0.00083631696584109214 0.0069113261281446622 0.00051237859392769974 0.0011452132209670159 -0.0011448107740726719 -0.0012232656713002683
leaf_weight=7.8691828262526524 8.3176926181185973 31.74693794088671 11.02554373355815 36.459703925880603 16.451553876628168 3.0828451702836892 4.1353592041414222 30.257577555603348 2.4286779705435029 4.5706558898091307 3.4115979706402859 3.2554887121077609 6.1984827099367958 36.655460633570328 5.23022810628754 4.0153666557744145 5.153342675184831 1.31848771404475 2.7677360214293003 1.568945142556913 3.1226338027045122
leaf_count=98 139 508 232 353 246 64 49 584 27 42 58 126 43 339 83 45 76 21 22 40 34
internal_value=0.000839759 0.00321574 0.00487904 0.00130108 -0.00433317 0.0098177 -0.0084284 -0.00406351 0.00419206 -0.00630658 0.00798109 -0.00984117 0.00351523 0.0118222 -0.0123356 0.00905876 0.000800696 0.011368 -0.00332534 0 -0.0131701
internal_weight=229.044 157.177 141.601 88.0698 48.1985 53.5316 15.5757 71.8664 13.1853 58.6811 39.8713 43.8966 14.7845 47.681 35.4878 10.2138 8.40883 10.7566 5.85058 2.88743 11.4403
internal_count=3229 2044 1822 1165 754 657 222 1185 186 999 411 869 130 571 667 88 202 159 86 61 173
is_linear=0
shrinkage=0.0435066


Tree=149
num_leaves=24
num_cat=0
split_feature=10 6 4 16 1 17 9 17 11 1 6 0 4 4 17 16 9 4 3 4 17 4 10
split_gain=1.57096 1.35089 4.07082 1.30413 1.26921 1.24062 0.978348 1.36777 0.802843 0.780042 0.652507 0.903349 1.67493 1.21763 0.604997 0.568122 0.511557 0.495261 0.457784 0.467371 0.451195 0.334217 0.0620461
threshold=0.16374829001367988 102.85000000000001 36.750000000000007 13.500000000000002 1.5000000000000002 73.641071428571436 0.029513888888888853 38.444155844155851 0.031372549019607808 5.5000000000000009 108.55000000000001 1900.0000000000002 39.250000000000007 39.95000000000001 21.795833333333338 13.500000000000002 0.13048835125448027 39.95000000000001 52.500000000000007 39.250000000000007 86.496666666666684 36.550000000000004 0.11834733893557421
decision_type=2 2 2 2 2 2 2 2 2 2 2 2 2 2 2 2 2 2 2 2 2 2 2
left_child=3 2 9 4 21 6 7 -5 -8 15 14 13 -13 -12 -3 -2 -11 -16 19 -6 -7 -1 -23
right_child=1 10 -4 5 18 20 8 -9 -10 16 11 12 -14 -15 17 -17 -18 -19 -20 -21 -22 22 -24
leaf_value=-0.0040175875214208314 -0.003848689067682902 0.0051609943567313714 0.024294392143288358 0.0083646989130937415 -0.0073116969578156778 -0.014359247953544822 0.01509811933258794 -0.013742199164231706 0.00027120527984832079 -0.012082988105294068 0.011134743350230869 -0.0094646123049854491 0.0091541415987904575 -0.0037458476335147563 -0.012823465264312342 0.0052254136420238706 0.0031788449843458367 0.0023700997188642555 -0.018578044489369342 0.006321030157317155 0.00030840955302482059 0.0089348401981112959 0
leaf_weight=2.1723346594953936 10.280189332494045 0.92799459444358845 13.154667128808795 3.1148710635025036 4.1316691883839693 5.0998583343462069 10.139723471365871 5.6620426296722144 14.698919825954361 5.4021763962809919 20.152511766005777 22.149934444285467 6.9994550566188982 11.572248242795466 12.19423505666782 53.392177551984787 1.6900419660378245 1.5954833135474462 14.065715088974683 1.8293750304728744 3.6799425960052758 2.3132687811739743 2.165418918710202
leaf_count=36 249 9 97 29 82 65 88 67 169 98 304 405 49 119 409 560 31 21 232 12 40 24 34
internal_value=0.000734131 0.00311857 0.00672719 -0.00443316 -0.0109061 0.000344463 0.00449788 -0.00501682 0.0085251 0.00155797 -0.000980882 0.00106149 -0.00385568 0.00573002 -0.00763598 0.00339554 -0.00792535 -0.0103731 -0.0153516 -0.00120451 -0.0100408 0.0026876 0.00730949
internal_weight=228.584 159.511 83.9193 69.0731 26.6778 42.3954 33.6156 8.77691 24.8386 70.7646 75.5919 60.8741 29.1494 31.7248 14.7177 63.6724 7.09222 13.7897 20.0268 5.96104 8.7798 6.65102 4.47869
internal_count=3229 2351 1035 878 420 458 353 96 257 938 1316 877 454 423 439 809 129 430 326 94 105 94 58
is_linear=0
shrinkage=0.0435066


Tree=150
num_leaves=14
num_cat=0
split_feature=13 16 4 6 27 27 0 4 6 18 1 4 4
split_gain=1.28827 0.880199 1.03363 1.79514 1.29769 1.77066 1.04361 0.994463 0.279322 0.334587 0.164175 0.0596965 0.02533
threshold=0.70833333333333337 11.500000000000002 35.350000000000001 145.75000000000003 1.5000000000000002 4.5000000000000009 2200.0000000000005 40.45000000000001 120.95000000000002 9.5000000000000018 1.5000000000000002 37.850000000000001 36.45000000000001
decision_type=2 2 2 2 2 2 2 2 2 2 2 2 2
left_child=1 8 3 6 7 -6 -3 -4 9 10 -1 12 -10
right_child=-2 2 4 -5 5 -7 -8 -9 11 -11 -12 -13 -14
leaf_value=0 -0.014647247148458482 -0.0075307275161705578 -0.0039645167939791745 0.014758737559217144 0.010539445038357268 -0.007558037762694249 0.002918348764796417 0.0068052761017730118 0.00030211711537897327 0.00082011643991427836 -0.012607459266780245 0.0039050791974899459 -0.0026651247315798042
leaf_weight=3.3529069373616975 3.038712316134478 44.439696197630838 39.462859905819641 4.5770111065357915 67.237181195669109 6.460661608260124 21.977857552468777 18.524585138075054 1.1569722506683318 3.3171043302863827 8.3609075400745478 1.4696079073473809 1.1886381418444214
leaf_count=76 484 515 661 21 678 66 191 148 43 37 223 14 27
internal_value=0.000943734 0.00161423 0.00253597 -0.00150567 0.00475605 0.00834224 -0.00398317 -2.79246e-05 -0.00600604 -0.00813882 -0.0106146 0.00125532 -0.000919085
internal_weight=224.565 221.526 202.68 70.9946 131.685 73.6978 66.4176 57.9874 18.8461 15.0309 11.7138 3.81522 2.34561
internal_count=3184 2700 2280 727 1553 744 706 809 420 336 299 84 70
is_linear=0
shrinkage=0.0435066


Tree=151
num_leaves=10
num_cat=0
split_feature=13 4 7 4 9 6 5 9 0
split_gain=1.21132 0.862754 1.0926 0.818398 2.41031 1.04457 0.808539 0.563462 0.12409
threshold=0.70833333333333337 43.750000000000007 2.5000000000000004 35.350000000000001 0.051956815114709808 127.35000000000001 85.40000000000002 0.038967611336032361 1650.0000000000002
decision_type=2 2 2 2 2 2 2 2 2
left_child=1 2 6 4 -4 -5 7 -1 -8
right_child=-2 -3 3 5 -6 -7 8 -9 -10
leaf_value=0.00075254828480182255 -0.01430414686506659 0.01417784885716083 -0.015968606678030607 0.0053112454603170198 0.0021004521077711666 -0.0058966537235091198 0.0050531630593554609 -0.016467182635110909 -0.0016436907124330992
leaf_weight=2.6191141912713674 2.968364479544106 3.3743679821491233 10.974791561835444 115.6626027743041 61.800783761311322 11.769019742263479 3.9655074747279278 8.298640922730554 2.7516059037297964
leaf_count=55 484 16 164 1397 605 159 35 238 31
internal_value=0.000868688 0.00152001 0.000872929 0.00191177 -0.00158586 0.00396442 -0.00783742 -0.0130213 0.00209025
internal_weight=224.185 221.216 217.842 200.207 72.7756 127.432 17.6349 10.9178 6.71711
internal_count=3184 2700 2684 2325 769 1556 359 293 66
is_linear=0
shrinkage=0.0435066


Tree=152
num_leaves=10
num_cat=0
split_feature=13 4 21 1 6 16 2 24 27
split_gain=1.15573 0.880342 1.2345 1.49177 1.47071 1.35902 1.06594 1.66264 0.936064
threshold=0.70833333333333337 43.750000000000007 1.0000000180025095e-35 5.5000000000000009 71.65000000000002 10.500000000000002 4.5000000000000009 1.0000000180025095e-35 1.5000000000000002
decision_type=2 2 2 2 2 2 2 2 2
left_child=1 2 3 5 -5 -1 8 -8 -4
right_child=-2 -3 6 4 -6 -7 7 -9 -10
leaf_value=-0.0074848984140511617 -0.014042030964301577 0.01424007608031924 -0.0018708721162088355 -0.016377138617022249 0.0019363826169893062 0.0066592913146814019 -0.013295874627670939 0.0013812658825857751 0.012365427527643084
leaf_weight=8.3793823635205609 2.9084364116424686 3.3712686523795119 21.266072536818687 7.0241143114399192 16.41785861342214 109.51728430381627 26.352483006412513 22.275654540280811 6.1649942849762729
leaf_count=189 484 16 288 83 192 1159 422 313 38
internal_value=0.000824624 0.0014618 0.00080998 0.00320438 -0.00558364 0.00523365 -0.00341922 -0.0070212 0.0027915
internal_weight=223.678 220.769 217.398 141.339 23.442 117.897 76.0592 48.6281 27.4311
internal_count=3184 2700 2684 1623 275 1348 1061 735 326
is_linear=0
shrinkage=0.0435066


Tree=153
num_leaves=16
num_cat=0
split_feature=4 5 6 11 18 16 3 7 8 6 4 6 6 17 5
split_gain=1.13678 1.09109 1.19825 1.40833 1.61969 1.58688 0.962696 1.14871 1.26356 0.955387 1.8298 1.25767 0.907825 0.300553 0.12216
threshold=43.750000000000007 17.150000000000002 122.25000000000001 0.067496392496392457 8.5000000000000018 13.500000000000002 53.500000000000007 3.5000000000000004 2021.5000000000002 102.85000000000001 36.650000000000013 108.15000000000002 69.250000000000014 95.967857142857156 4.1500000000000012
decision_type=2 2 2 2 2 2 2 2 2 2 2 2 2 2 2
left_child=1 6 9 5 -5 -4 12 13 -9 10 -3 -11 -1 -8 -14
right_child=-2 2 3 4 -6 -7 7 8 -10 11 -12 -13 14 -15 -16
leaf_value=-0.0083875158195569153 0.015288959649687083 -0.00080507625439736586 -0.0043734056020735068 0.010199656923334988 -0.013451717139692081 0.016144710865269373 -0.016606685456140274 -0.0088208719460116432 0.01083181284329552 -0.015108037504235403 0.01278900638005819 -0.00020652658722383258 0 0.00012022972363623193 0.010379950274905535
leaf_weight=2.2432798211229956 3.4499939009547225 79.631338549777865 5.3258836570894372 3.0897921640425903 6.3855570806190372 24.073659323621541 14.953777005590382 6.243183338607194 5.4272600655676797 9.699275710503569 17.320390360429883 36.454277387703769 1.1392069545108805 0.84419289068318981 7.5248802880523726
leaf_count=79 16 752 73 27 59 176 660 184 139 220 134 436 46 26 157
internal_value=0.000901077 0.000198719 0.00168661 0.00785241 -0.00409592 0.0120282 -0.00585316 -0.0096741 0.000371105 -0.000190092 0.00217869 -0.00501117 0.0032105 -0.0154874 0.0091884
internal_weight=223.806 220.356 181.98 38.8749 9.47535 29.3995 38.3758 27.4684 11.6704 143.105 96.9517 46.1536 10.9074 15.798 8.66409
internal_count=3184 3168 1877 335 86 249 1291 1009 323 1542 886 656 282 686 203
is_linear=0
shrinkage=0.0435066


Tree=154
num_leaves=11
num_cat=0
split_feature=13 27 6 0 6 1 3 0 18 10
split_gain=1.11346 0.80136 0.947285 1.34585 2.74643 1.19861 1.34226 1.23735 0.47981 0.09409
threshold=0.70833333333333337 4.5000000000000009 70.750000000000014 1350.0000000000002 90.15000000000002 2.5000000000000004 53.500000000000007 1100.0000000000002 11.500000000000002 0.13263888888888889
decision_type=2 2 2 2 2 2 2 2 2 2
left_child=1 2 5 9 -5 6 -1 -7 -3 -4
right_child=-2 8 3 4 -6 7 -8 -9 -10 -11
leaf_value=0.014921219060185512 -0.013825853092656517 -0.013423744079725949 0.00020649705289020728 -0.01909788811084202 0.0037649710406937446 0.0022803469887963373 -0.0010692248077728249 -0.01466774754753008 0.0017499238583826319 0.013599522025963104
leaf_weight=5.6646518544293931 2.8426160039380184 4.1829317994415751 2.8624120894819525 4.3169834066648027 110.61101638450054 9.3349228602601215 45.780608716187999 14.513951519387774 2.5304038794711232 19.53135199774988
leaf_count=54 484 62 26 80 1550 140 433 177 17 161
internal_value=0.000815855 0.00144369 0.00207112 0.00417365 0.00184452 -0.00166738 0.00199738 -0.00863653 -0.00889834 0.0126684
internal_weight=222.172 219.329 212.616 137.322 114.928 75.2941 51.4453 23.8489 6.71334 22.3938
internal_count=3184 2700 2621 1817 1630 804 487 317 79 187
is_linear=0
shrinkage=0.0435066


Tree=155
num_leaves=13
num_cat=0
split_feature=24 4 7 6 9 16 5 0 18 2 5 9
split_gain=1.05033 1.22278 2.30442 2.27527 1.93339 2.49715 1.39821 2.6749 1.77137 1.05024 1.06361 0.817117
threshold=1.5000000000000002 34.750000000000007 3.5000000000000004 145.75000000000003 0.025167084377610654 13.500000000000002 35.350000000000001 2200.0000000000005 8.5000000000000018 13.500000000000002 81.800000000000026 1.0000000180025095e-35
decision_type=2 2 2 2 2 2 2 2 2 2 2 2
left_child=1 3 9 6 11 -6 8 -8 -1 10 -3 -4
right_child=-2 2 4 -5 5 -7 7 -9 -10 -11 -12 -13
leaf_value=-0.020742436075927958 -0.012801006924045674 -0.0029715337986872979 0.0037902491691735761 0.013744290474641471 -0.00090559757289636821 0.019187588455261018 -0.010440019422694903 0.0099375735127655521 0.0056922223797494995 -0.013328265677818857 0.0061572952167634806 -0.013601271889379091
leaf_weight=14.800376366474667 5.5893669122597194 64.371052493224852 4.61800644895993 4.6771393157541743 15.319212848786263 28.648693060153164 21.837864804314449 14.7613905724138 2.4502421461511394 5.8629166391910976 30.080485665705055 3.7529761718469672
leaf_count=346 115 1358 59 17 280 316 193 77 20 94 274 49
internal_value=-0.000311857 0.000345735 0.0024316 -0.00463841 0.00930098 0.0127741 -0.00771328 -0.00172783 -0.0160327 -0.00140694 4.57808e-05 -0.005871
internal_weight=216.77 211.18 152.653 58.527 52.3389 43.9679 53.8499 36.5993 17.2506 100.314 94.4515 8.37098
internal_count=3198 3083 2430 653 704 596 636 270 366 1726 1632 108
is_linear=0
shrinkage=0.0435066


Tree=156
num_leaves=14
num_cat=0
split_feature=24 4 7 10 5 1 5 4 17 18 25 2 2
split_gain=1.06811 1.13172 2.35685 2.28859 1.71124 1.62901 1.45186 1.13934 1.08733 1.07389 1.00007 0.660515 0.169047
threshold=1.5000000000000002 34.750000000000007 3.5000000000000004 0.13263888888888889 35.650000000000013 1.0000000180025095e-35 38.850000000000001 43.150000000000013 87.75437500000001 8.5000000000000018 1.5000000000000002 13.500000000000002 10.500000000000002
decision_type=2 2 2 2 2 2 2 2 2 2 2 2 2
left_child=1 4 7 12 9 6 -6 8 -3 11 -5 -1 -4
right_child=-2 2 3 10 5 -7 -8 -9 -10 -11 -12 -13 -14
leaf_value=-0.019895162786350531 -0.012846402138571519 -0.0044913992327657252 -0.0087046266268082668 0.00020885547256409165 -4.9325269972790644e-05 -0.011686581963883509 0.017605881420935443 0.012369057550566496 0.0081200592003179972 0.0041897155359337428 0.016609368560228387 -0.00029258168801614046 0.0003959896453603419
leaf_weight=12.680565699120057 5.7273207084508604 88.446578896662686 6.7521414130460453 10.355899370566474 23.71742225531489 7.0128846028819671 6.5172347649931899 3.6275371871888629 8.4221615437418205 2.4274693226907393 32.040177593531553 5.4385372038232154 1.908410884439945
leaf_count=302 115 1584 106 162 162 69 21 25 117 22 417 77 19
internal_value=-0.000330707 0.000342526 0.00235449 0.00941126 -0.00448077 0.00113618 0.00592935 -0.00149134 -0.00285476 -0.0128572 0.0133708 -0.016054 -0.00672664
internal_weight=215.074 209.347 151.553 51.0566 57.7941 37.2475 30.2347 100.496 96.8687 20.5466 42.3961 18.1191 8.66055
internal_count=3198 3083 2430 704 653 252 183 1726 1701 401 579 379 125
is_linear=0
shrinkage=0.0435066


Tree=157
num_leaves=13
num_cat=0
split_feature=24 7 6 5 6 6 21 11 6 17 5 17
split_gain=0.795287 0.891362 1.10296 2.00159 1.78924 2.66029 1.65361 0.750861 0.716711 0.379264 0.1109 0.0790052
threshold=1.5000000000000002 2.5000000000000004 60.150000000000013 34.850000000000001 94.40000000000002 107.85000000000001 1.0000000180025095e-35 0.040833333333333312 113.55000000000001 62.74262820512822 72.950000000000017 33.665476190476198
decision_type=2 2 2 2 2 2 2 2 2 2 2 2
left_child=1 8 3 11 7 -6 -5 -4 9 -1 -10 -3
right_child=-2 2 4 6 5 -7 -8 -9 10 -11 -12 -13
leaf_value=-0.014348368367343113 -0.011143288999075577 0 0.0007750332965516507 0.0083336605224502373 -0.01463891951528855 0.0025924215406821815 -0.0088354264491026322 0.011911767609779349 -0.00093979152191652632 0 0.005892864779410375 -0.019602270664587071
leaf_weight=9.7621876660268772 5.5956975176231927 0.80009853601222758 19.633233804255724 18.303923799656332 14.345829772937575 83.153266822628211 11.900840511545541 36.857605118246283 2.1396295559825367 2.7783868677215642 2.3066265285015106 6.2843920203740709
leaf_count=330 115 34 219 111 446 1097 115 443 39 46 18 185
internal_value=-0.000280094 0.00029413 0.0012812 -0.00480696 0.00295353 -0.000604443 0.000927179 0.00868157 -0.00766557 -0.0117555 0.00308197 -0.0187257
internal_weight=213.862 208.266 191.279 37.2893 153.99 97.4991 30.2048 56.4908 16.9868 12.5406 4.44626 7.08449
internal_count=3198 3083 2650 445 2205 1543 226 662 433 376 57 219
is_linear=0
shrinkage=0.0435066


end of trees

feature_importances:
popularity=389
time_seconds=347
odds=333
jockey_top3_rate=172
field_size=153
horse_number=148
race_avg_odds=146
jockey_win_rate=131
age=117
weight=95
popularity_rank=89
jockey_track_win_rate=88
distance=76
venue_code=74
horse_top3_rate=66
track_type_encoded=51
track_combined_encoded=40
track_condition_encoded=32
year=28
weather_encoded=27
distance_category_encoded=27
horse_race_count=14
sex_encoded=12
day_of_week=2
time_weight=1

parameters:
[boosting: gbdt]
[objective: lambdarank]
[metric: ndcg]
[tree_learner: serial]
[device_type: cpu]
[data_sample_strategy: bagging]
[data: ]
[valid: ]
[num_iterations: 5000]
[learning_rate: 0.0435066]
[num_leaves: 101]
[num_threads: 0]
[seed: 42]
[deterministic: 0]
[force_col_wise: 1]
[force_row_wise: 0]
[histogram_pool_size: -1]
[max_depth: 5]
[min_data_in_leaf: 27]
[min_sum_hessian_in_leaf: 0.001]
[bagging_fraction: 0.772374]
[pos_bagging_fraction: 1]
[neg_bagging_fraction: 1]
[bagging_freq: 5]
[bagging_seed: 400]
[bagging_by_query: 0]
[feature_fraction: 0.800155]
[feature_fraction_bynode: 1]
[feature_fraction_seed: 30056]
[extra_trees: 0]
[extra_seed: 12879]
[early_stopping_round: 0]
[early_stopping_min_delta: 0]
[first_metric_only: 0]
[max_delta_step: 0]
[lambda_l1: 0.231512]
[lambda_l2: 6.51682]
[linear_lambda: 0]
[min_gain_to_split: 0]
[drop_rate: 0.1]
[max_drop: 50]
[skip_drop: 0.5]
[xgboost_dart_mode: 0]
[uniform_drop: 0]
[drop_seed: 17869]
[top_rate: 0.2]
[other_rate: 0.1]
[min_data_per_group: 100]
[max_cat_threshold: 32]
[cat_l2: 10]
[cat_smooth: 10]
[max_cat_to_onehot: 4]
[top_k: 20]
[monotone_constraints: ]
[monotone_constraints_method: basic]
[monotone_penalty: 0]
[feature_contri: ]
[forcedsplits_filename: ]
[refit_decay_rate: 0.9]
[cegb_tradeoff: 1]
[cegb_penalty_split: 0]
[cegb_penalty_feature_lazy: ]
[cegb_penalty_feature_coupled: ]
[path_smooth: 0]
[interaction_constraints: ]
[verbosity: -1]
[saved_feature_importance_type: 0]
[use_quantized_grad: 0]
[num_grad_quant_bins: 4]
[quant_train_renew_leaf: 0]
[stochastic_rounding: 1]
[linear_tree: 0]
[max_bin: 255]
[max_bin_by_feature: ]
[min_data_in_bin: 3]
[bin_construct_sample_cnt: 200000]
[data_random_seed: 175]
[is_enable_sparse: 1]
[enable_bundle: 1]
[use_missing: 1]
[zero_as_missing: 0]
[feature_pre_filter: 1]
[pre_partition: 0]
[two_round: 0]
[header: 0]
[label_column: ]
[weight_column: ]
[group_column: ]
[ignore_column: ]
[categorical_feature: ]
[forcedbins_filename: ]
[precise_float_parser: 0]
[parser_config_file: ]
[objective_seed: 16083]
[num_class: 1]
[is_unbalance: 0]
[scale_pos_weight: 1]
[sigmoid: 1]
[boost_from_average: 1]
[reg_sqrt: 0]
[alpha: 0.9]
[fair_c: 1]
[poisson_max_delta_step: 0.7]
[tweedie_variance_power: 1.5]
[lambdarank_truncation_level: 30]
[lambdarank_norm: 1]
[label_gain: ]
[lambdarank_position_bias_regularization: 0]
[eval_at: 1,3,5]
[multi_error_top_k: 1]
[auc_mu_weights: ]
[num_machines: 1]
[local_listen_port: 12400]
[time_out: 120]
[machine_list_filename: ]
[machines: ]
[gpu_platform_id: -1]
[gpu_device_id: -1]
[gpu_use_dp: 0]
[num_gpu: 1]

end of parameters

pandas_categorical:[]
